代码,名称,公告标题,公告类型,公告日期,网址
000589,贵州轮胎,贵州轮胎:2026年5月11日贵州轮胎股份有限公司投资者关系活动记录表（2025年度业绩说明会）,调研活动,2026-05-11,https://data.eastmoney.com/notices/detail/000589/AN202605121822199660.html
601969,海南矿业,海南矿业:海南矿业股份有限公司董事会关于本次交易采取的保密措施及保密制度的说明,专项说明/独立意见,2026-05-11,https://data.eastmoney.com/notices/detail/601969/AN202605101822124695.html
301571,国科天成,国科天成:第二届董事会第十八次会议决议公告,董事会决议公告,2026-05-11,https://data.eastmoney.com/notices/detail/301571/AN202605111822155958.html
920284,灵鸽科技,灵鸽科技:关于注销部分募集资金专项账户的公告,募集资金使用情况报告,2026-05-11,https://data.eastmoney.com/notices/detail/920284/AN202605111822170301.html
920061,西磁科技,西磁科技:关于召开2026年第二次临时股东会通知公告(提供网络投票),召开股东大会通知,2026-05-11,https://data.eastmoney.com/notices/detail/920061/AN202605111822168635.html
002555,三七互娱,三七互娱:2026年5月11日投资者关系活动记录表,调研活动,2026-05-11,https://data.eastmoney.com/notices/detail/002555/AN202605111822166568.html
300528,幸福蓝海,幸福蓝海:2025年度股东会法律意见书,法律意见书,2026-05-11,https://data.eastmoney.com/notices/detail/300528/AN202605111822166542.html
301223,中荣股份,中荣股份:2026年5月11日投资者关系活动记录表,调研活动,2026-05-11,https://data.eastmoney.com/notices/detail/301223/AN202605111822165674.html
920964,润农节水,润农节水:董事长、副董事长、高级管理人员及证券事务代表换届公告,高管人员任职变动,2026-05-11,https://data.eastmoney.com/notices/detail/920964/AN202605111822164921.html
000516,国际医学,国际医学:000516国际医学投资者关系管理信息20260511,调研活动,2026-05-11,https://data.eastmoney.com/notices/detail/000516/AN202605111822164144.html
301297,富乐德,富乐德:2026年05月08日投资者关系活动记录表,调研活动,2026-05-11,https://data.eastmoney.com/notices/detail/301297/AN202605111822161662.html
301366,一博科技,一博科技:一博科技2025年度业绩说明会投资者关系活动记录表,调研活动,2026-05-11,https://data.eastmoney.com/notices/detail/301366/AN202605111822161394.html
300135,宝利国际,关于对江苏宝利国际投资股份有限公司及相关当事人给予通报批评处分的决定,深交所股票通报批评,2026-05-11,https://data.eastmoney.com/notices/detail/300135/AN202605111822159206.html
920091,大鹏工业,大鹏工业:对外投资设立全资子公司并取得营业执照的公告,投资设立公司,2026-05-11,https://data.eastmoney.com/notices/detail/920091/AN202605111822160140.html
002046,国机精工,国机精工:002046国机精工投资者关系管理信息20260511,调研活动,2026-05-11,https://data.eastmoney.com/notices/detail/002046/AN202605111822151832.html
301631,壹连科技,壹连科技:关于2025年年度股东会增加临时提案暨召开股东会补充通知的公告,增加股东大会议案,2026-05-11,https://data.eastmoney.com/notices/detail/301631/AN202605191822442912.html
688484,南芯科技,关于同意上海南芯半导体科技股份有限公司向不特定对象发行可转换公司债券注册的批复,科创板再融资审核注册结果通知,2026-05-11,https://data.eastmoney.com/notices/detail/688484/AN202605181822410564.html
A26022,一诺生物,关于山东一诺生物质材料股份有限公司向不特定合格投资者公开发行股票并在北京证券交易所上市辅导工作完成报告,辅导工作总结报告,2026-05-11,https://data.eastmoney.com/notices/detail/A26022/AN202605131822263909.html
A26035,昌誉股份,关于莱阳市昌誉密封科技股份有限公司向不特定合格投资者公开发行股票并在北京证券交易所上市辅导工作完成报告,辅导工作总结报告,2026-05-11,https://data.eastmoney.com/notices/detail/A26035/AN202605131822263910.html
688012,中微公司,关于同意中微半导体设备(上海)股份有限公司发行股份购买资产并募集配套资金注册的批复,科创板并购重组审核注册结果通知,2026-05-11,https://data.eastmoney.com/notices/detail/688012/AN202605121822215669.html
002025,航天电器,航天电器:航天电器投资者关系活动记录表20260511,调研活动,2026-05-11,https://data.eastmoney.com/notices/detail/002025/AN202605121822196054.html
603319,美湖股份,关于湖南美湖智造股份有限公司签署日常经营合同事项的监管工作函,其他,2026-05-11,https://data.eastmoney.com/notices/detail/603319/AN202605111822176618.html
600683,京投发展,关于京投发展股份有限公司股价波动及收购资产事项的问询函,问询函,2026-05-11,https://data.eastmoney.com/notices/detail/600683/AN202605111822176409.html
300932,三友联众,三友联众:2026年5月11日投资者关系活动记录表,调研活动,2026-05-11,https://data.eastmoney.com/notices/detail/300932/AN202605111822174371.html
003027,同兴科技,同兴科技:同兴科技投资者关系管理信息20260511,调研活动,2026-05-11,https://data.eastmoney.com/notices/detail/003027/AN202605111822173304.html
000750,国海证券,国海证券:国海证券股份有限公司2026年面向专业投资者公开发行公司债券(第一期)票面利率公告,其他,2026-05-11,https://data.eastmoney.com/notices/detail/000750/AN202605111822172805.html
000155,川能动力,川能动力:2026年05月11日投资者关系活动记录表,调研活动,2026-05-11,https://data.eastmoney.com/notices/detail/000155/AN202605111822172573.html
300418,昆仑万维,昆仑万维:2025年度业绩说明会活动记录表,调研活动,2026-05-11,https://data.eastmoney.com/notices/detail/300418/AN202605111822172147.html
002444,巨星科技,巨星科技:002444巨星科技投资者关系管理信息20260511,调研活动,2026-05-11,https://data.eastmoney.com/notices/detail/002444/AN202605111822171700.html
301379,天山电子,天山电子:2026年05月11日投资者关系活动记录表,调研活动,2026-05-11,https://data.eastmoney.com/notices/detail/301379/AN202605111822171421.html
300395,菲利华,菲利华:300395菲利华投资者关系管理信息20260511,调研活动,2026-05-11,https://data.eastmoney.com/notices/detail/300395/AN202605111822171355.html
301319,唯特偶,唯特偶:2026年5月7日投资者关系活动记录表,调研活动,2026-05-11,https://data.eastmoney.com/notices/detail/301319/AN202605111822171343.html
300341,麦克奥迪,麦克奥迪:麦克奥迪:投资者关系活动记录表（2026年05月11日）,调研活动,2026-05-11,https://data.eastmoney.com/notices/detail/300341/AN202605111822171356.html
688287,退市观典,关于终止观典防务技术股份有限公司股票上市的公告,终止上市,2026-05-11,https://data.eastmoney.com/notices/detail/688287/AN202605111822170971.html
300860,锋尚文化,锋尚文化:300860锋尚文化投资者关系管理信息20260511,调研活动,2026-05-11,https://data.eastmoney.com/notices/detail/300860/AN202605111822171295.html
301421,波长光电,波长光电:2025年年度股东会决议公告,分配方案决议公告,2026-05-11,https://data.eastmoney.com/notices/detail/301421/AN202605111822171320.html
301421,波长光电,波长光电:关于董事会完成换届选举并聘任高级管理人员及证券事务代表暨变更法定代表人的公告,法定代表人变更,2026-05-11,https://data.eastmoney.com/notices/detail/301421/AN202605111822171314.html
301421,波长光电,波长光电:第五届董事会第一次会议决议公告,高管人员任职变动,2026-05-11,https://data.eastmoney.com/notices/detail/301421/AN202605111822171310.html
301421,波长光电,波长光电:关于聘任高级顾问暨关联交易的公告,高管人员任职变动,2026-05-11,https://data.eastmoney.com/notices/detail/301421/AN202605111822171315.html
301421,波长光电,波长光电:江苏世纪同仁律师事务所关于南京波长光电科技股份有限公司2025年年度股东会的法律意见书,法律意见书,2026-05-11,https://data.eastmoney.com/notices/detail/301421/AN202605111822171318.html
301421,波长光电,波长光电:华泰联合证券有限责任公司关于南京波长光电科技股份有限公司聘任高级顾问暨关联交易的核查意见,保荐/核查意见,2026-05-11,https://data.eastmoney.com/notices/detail/301421/AN202605111822171311.html
301421,波长光电,波长光电:华泰联合证券有限责任公司关于南京波长光电科技股份有限公司2025年年度跟踪报告,保荐/核查意见,2026-05-11,https://data.eastmoney.com/notices/detail/301421/AN202605111822171317.html
301305,朗坤科技,朗坤科技:301305朗坤科技投资者关系管理信息20260511,调研活动,2026-05-11,https://data.eastmoney.com/notices/detail/301305/AN202605111822171228.html
600690,海尔智家,海尔智家:2026年5月8日投资者关系活动记录,调研活动,2026-05-11,https://data.eastmoney.com/notices/detail/600690/AN202605111822171136.html
688139,海尔生物,海尔生物:5月8日投资者关系活动记录表,调研活动,2026-05-11,https://data.eastmoney.com/notices/detail/688139/AN202605111822171096.html
605001,威奥股份,威奥股份:青岛威奥轨道股份有限公司投资者关系活动记录表,调研活动,2026-05-11,https://data.eastmoney.com/notices/detail/605001/AN202605111822171094.html
688480,赛恩斯,赛恩斯:赛恩斯环保股份有限公司投资者关系活动记录表(2026.5.9),调研活动,2026-05-11,https://data.eastmoney.com/notices/detail/688480/AN202605111822171095.html
601615,明阳智能,明阳智能:投资者关系活动记录表(编号:2026-002),调研活动,2026-05-11,https://data.eastmoney.com/notices/detail/601615/AN202605111822171066.html
688262,国芯科技,国芯科技:2026年5月6日至5月9日投资者关系活动记录表,调研活动,2026-05-11,https://data.eastmoney.com/notices/detail/688262/AN202605111822171067.html
688160,步科股份,步科股份:投资者关系活动记录表(2026年5月6日-8日),调研活动,2026-05-11,https://data.eastmoney.com/notices/detail/688160/AN202605111822171068.html
002773,康弘药业,康弘药业:2026年5月11日投资者关系活动记录表,调研活动,2026-05-11,https://data.eastmoney.com/notices/detail/002773/AN202605111822170875.html
301002,崧盛股份,崧盛股份:2026年5月11日投资者关系活动记录表,调研活动,2026-05-11,https://data.eastmoney.com/notices/detail/301002/AN202605111822170939.html
300760,迈瑞医疗,迈瑞医疗:关于发行H股并上市的进展公告,其他,2026-05-11,https://data.eastmoney.com/notices/detail/300760/AN202605111822170830.html
300001,特锐德,特锐德:关于2026年限制性股票激励计划内幕信息知情人及激励对象买卖公司股票情况的自查报告,自查报告,2026-05-11,https://data.eastmoney.com/notices/detail/300001/AN202605111822170800.html
300001,特锐德,特锐德:上海段和段(青岛)律师事务所关于青岛特锐德电气股份有限公司2024年限制性股票激励计划第一个归属期符合归属条件及调整授予价格相关事宜的法律意见书,法律意见书,2026-05-11,https://data.eastmoney.com/notices/detail/300001/AN202605111822170805.html
300001,特锐德,特锐德:2025年度股东会决议公告,分配方案决议公告,2026-05-11,https://data.eastmoney.com/notices/detail/300001/AN202605111822170801.html
300001,特锐德,特锐德:关于发行H股备案申请材料获中国证监会接收的公告,其他,2026-05-11,https://data.eastmoney.com/notices/detail/300001/AN202605111822170799.html
300001,特锐德,特锐德:关于调整2024年限制性股票激励计划授予价格的公告,股权激励行权价（数量）调整,2026-05-11,https://data.eastmoney.com/notices/detail/300001/AN202605111822170804.html
300001,特锐德,特锐德:董事会薪酬与考核委员会关于2024年限制性股票激励计划相关事项的核查意见,专项说明/独立意见,2026-05-11,https://data.eastmoney.com/notices/detail/300001/AN202605111822170802.html
300001,特锐德,特锐德:关于2024年限制性股票激励计划第一个归属期符合归属条件的公告,股权激励进展公告,2026-05-11,https://data.eastmoney.com/notices/detail/300001/AN202605111822170797.html
300001,特锐德,特锐德:北京大成(青岛)律师事务所关于青岛特锐德电气股份有限公司2025年度股东会的法律意见书,法律意见书,2026-05-11,https://data.eastmoney.com/notices/detail/300001/AN202605111822170806.html
300001,特锐德,特锐德:北京大成(上海)律师事务所关于公司2026年限制性股票激励计划授予事项的法律意见书,法律意见书,2026-05-11,https://data.eastmoney.com/notices/detail/300001/AN202605111822170798.html
300001,特锐德,特锐德:关于向2026年限制性股票激励计划激励对象授予限制性股票的公告,股权激励进展公告,2026-05-11,https://data.eastmoney.com/notices/detail/300001/AN202605111822170803.html
300001,特锐德,特锐德:董事会薪酬与考核委员会关于2026年限制性股票激励计划授予事项的核查意见,专项说明/独立意见,2026-05-11,https://data.eastmoney.com/notices/detail/300001/AN202605111822170747.html
300926,博俊科技,博俊科技:关于实施权益分派期间博俊转债暂停转股的公告,其他,2026-05-11,https://data.eastmoney.com/notices/detail/300926/AN202605111822170746.html
300001,特锐德,特锐德:关于回购注销2023年限制性股票激励计划部分限制性股票减少注册资本暨通知债权人的公告,公司注册资本变更,2026-05-11,https://data.eastmoney.com/notices/detail/300001/AN202605111822170748.html
300001,特锐德,特锐德:第六届董事会第十一次会议决议公告,董事会决议公告,2026-05-11,https://data.eastmoney.com/notices/detail/300001/AN202605111822170745.html
300893,松原安全,松原安全:浙江天册律师事务所关于公司2025年度股东会的法律意见书,法律意见书,2026-05-11,https://data.eastmoney.com/notices/detail/300893/AN202605111822170507.html
300893,松原安全,松原安全:2025年度股东会决议公告,分配方案决议公告,2026-05-11,https://data.eastmoney.com/notices/detail/300893/AN202605111822170506.html
002540,亚太科技,亚太科技:2026年5月11日投资者关系活动记录表,调研活动,2026-05-11,https://data.eastmoney.com/notices/detail/002540/AN202605111822170432.html
A26105,微纳星空,国泰海通证券股份有限公司关于北京微纳星空科技股份有限公司首次公开发行股票并在科创板上市的上市保荐书(申报稿)(北京微纳星空科技股份有限公司),科创板发行上市上市保荐书,2026-05-11,https://data.eastmoney.com/notices/detail/A26105/AN202605111822169984.html
A26105,微纳星空,3-2-1中汇会计师事务所(特殊普通合伙)关于北京微纳星空科技股份有限公司首次公开发行股票并在科创板上市的财务报告及审计报告(申报稿)(北京微纳星空科技股份有限公司),科创板发行上市审计报告,2026-05-11,https://data.eastmoney.com/notices/detail/A26105/AN202605111822169986.html
A26105,微纳星空,3-3-1北京市中伦律师事务所关于北京微纳星空科技股份有限公司首次公开发行股票并在科创板上市的法律意见书(申报稿)(北京微纳星空科技股份有限公司),科创板发行上市法律意见书,2026-05-11,https://data.eastmoney.com/notices/detail/A26105/AN202605111822169985.html
300716,*ST泉为,*ST泉为:关于公司及控股子公司涉及诉讼的公告,诉讼仲裁,2026-05-11,https://data.eastmoney.com/notices/detail/300716/AN202605111822170273.html
A26105,微纳星空,国泰海通证券股份有限公司关于北京微纳星空科技股份有限公司首次公开发行股票并在科创板上市的发行保荐书(申报稿)(北京微纳星空科技股份有限公司),科创板发行上市发行保荐书,2026-05-11,https://data.eastmoney.com/notices/detail/A26105/AN202605111822169987.html
A26105,微纳星空,北京微纳星空科技股份有限公司科创板首次公开发行股票招股说明书(申报稿),科创板发行上市招股说明书申报稿,2026-05-11,https://data.eastmoney.com/notices/detail/A26105/AN202605111822169950.html
300958,建工修复,建工修复:关于召开2025年度网上业绩说明会的公告,其他,2026-05-11,https://data.eastmoney.com/notices/detail/300958/AN202605111822170198.html
920184,国源科技,国源科技:投资者关系活动记录表,调研活动,2026-05-11,https://data.eastmoney.com/notices/detail/920184/AN202605111822170139.html
603843,*ST正平,关于对正平路桥建设股份有限公司2025年年报有关事项的问询函,定期报告信息披露监管问询函,2026-05-11,https://data.eastmoney.com/notices/detail/603843/AN202605111822169802.html
300593,新雷能,新雷能:2026年5月11日投资者关系活动记录表,调研活动,2026-05-11,https://data.eastmoney.com/notices/detail/300593/AN202605111822169853.html
300589,江龙船艇,江龙船艇:简式权益变动报告书(赵盛华),权益变动报告书,2026-05-11,https://data.eastmoney.com/notices/detail/300589/AN202605111822169864.html
300589,江龙船艇,江龙船艇:关于董事及其一致行动人减持股份变动触及1%及5%的整数倍暨披露简式权益变动报告书的提示性公告,股本变动,2026-05-11,https://data.eastmoney.com/notices/detail/300589/AN202605111822169865.html
300825,阿尔特,阿尔特:董事会薪酬与考核委员会关于公司2026年限制性股票激励计划激励对象名单(授予日)的核查意见,专项说明/独立意见,2026-05-11,https://data.eastmoney.com/notices/detail/300825/AN202605111822169839.html
300825,阿尔特,阿尔特:北京德恒律师事务所关于阿尔特汽车技术股份有限公司2026年第三次临时股东会的法律意见,法律意见书,2026-05-11,https://data.eastmoney.com/notices/detail/300825/AN202605111822169841.html
300825,阿尔特,阿尔特:2026年第三次临时股东会决议公告,股东大会决议公告,2026-05-11,https://data.eastmoney.com/notices/detail/300825/AN202605111822169838.html
300825,阿尔特,阿尔特:第五届董事会第三十次会议决议公告,董事会决议公告,2026-05-11,https://data.eastmoney.com/notices/detail/300825/AN202605111822169843.html
300222,科大智能,科大智能:第六届董事会第十三次会议决议公告,董事会决议公告,2026-05-11,https://data.eastmoney.com/notices/detail/300222/AN202605111822169840.html
300222,科大智能,科大智能:关于收购浙江江山源光电气有限公司70%股权的公告,收购出售资产/股权,2026-05-11,https://data.eastmoney.com/notices/detail/300222/AN202605111822169837.html
300825,阿尔特,阿尔特:上海君澜律师事务所关于阿尔特汽车技术股份有限公司2026年限制性股票激励计划向激励对象授予限制性股票相关事项之法律意见书,法律意见书,2026-05-11,https://data.eastmoney.com/notices/detail/300825/AN202605111822169844.html
688456,有研粉材,有研粉材:2025年年度股东会会议资料,股东大会资料,2026-05-11,https://data.eastmoney.com/notices/detail/688456/AN202605111822169831.html
300825,阿尔特,阿尔特:关于向2026年限制性股票激励计划激励对象授予限制性股票的公告,股权激励进展公告,2026-05-11,https://data.eastmoney.com/notices/detail/300825/AN202605111822169789.html
300222,科大智能,科大智能:科大智能科技股份有限公司拟收购股权涉及的浙江江山源光电气有限公司股东全部权益价值项目资产评估报告(中水致远评报字[2026]第020489号),其他,2026-05-11,https://data.eastmoney.com/notices/detail/300222/AN202605111822169791.html
300560,中富通,中富通:关于公司股东减持计划期限届满的公告,股东/实际控制人股份减持,2026-05-11,https://data.eastmoney.com/notices/detail/300560/AN202605111822169790.html
300977,深圳瑞捷,深圳瑞捷:关于董事股份减持计划实施完毕的公告,股东/实际控制人股份减持,2026-05-11,https://data.eastmoney.com/notices/detail/300977/AN202605111822169747.html
301136,招标股份,招标股份:关于举办2025年度网上业绩说明会的公告,其他,2026-05-11,https://data.eastmoney.com/notices/detail/301136/AN202605111822169746.html
301136,招标股份,招标股份:关于变更持续督导保荐代表人的公告,保荐代表人（机构）变更,2026-05-11,https://data.eastmoney.com/notices/detail/301136/AN202605111822169748.html
920176,维琪科技,维琪科技:2025年年度报告(更正公告),年度报告更正公告,2026-05-11,https://data.eastmoney.com/notices/detail/920176/AN202605111822169664.html
920176,维琪科技,维琪科技:2025年年度报告(更正后),年度报告全文,2026-05-11,https://data.eastmoney.com/notices/detail/920176/AN202605111822169663.html
301363,美好医疗,美好医疗:关于2025年年度股东会增加临时提案暨补充通知的公告,增加股东大会议案,2026-05-11,https://data.eastmoney.com/notices/detail/301363/AN202605111822169636.html
301363,美好医疗,美好医疗:第二届董事会第二十四次会议决议公告,高管人员任职变动,2026-05-11,https://data.eastmoney.com/notices/detail/301363/AN202605111822169644.html
301363,美好医疗,美好医疗:上市公司独立董事提名人声明与承诺(王建新),独立董事提名人声明,2026-05-11,https://data.eastmoney.com/notices/detail/301363/AN202605111822169641.html
301363,美好医疗,美好医疗:关于董事会换届选举的公告,高管人员任职变动,2026-05-11,https://data.eastmoney.com/notices/detail/301363/AN202605111822169640.html
301363,美好医疗,美好医疗:关于选举职工代表董事的公告,高管人员任职变动,2026-05-11,https://data.eastmoney.com/notices/detail/301363/AN202605111822169643.html
301363,美好医疗,美好医疗:独立董事候选人声明与承诺(王建新),独立董事候选人声明,2026-05-11,https://data.eastmoney.com/notices/detail/301363/AN202605111822169648.html
301136,招标股份,招标股份:关于股东减持计划时间届满的公告,股东/实际控制人股份减持,2026-05-11,https://data.eastmoney.com/notices/detail/301136/AN202605111822169645.html
300977,深圳瑞捷,深圳瑞捷:关于使用暂时闲置超募资金进行现金管理的进展公告,募集资金使用进展情况,2026-05-11,https://data.eastmoney.com/notices/detail/300977/AN202605111822169637.html
301363,美好医疗,美好医疗:独立董事候选人声明与承诺(梁永晔),独立董事候选人声明,2026-05-11,https://data.eastmoney.com/notices/detail/301363/AN202605111822169639.html
301363,美好医疗,美好医疗:上市公司独立董事提名人声明与承诺(蔡元庆),独立董事提名人声明,2026-05-11,https://data.eastmoney.com/notices/detail/301363/AN202605111822169646.html
301363,美好医疗,美好医疗:独立董事候选人声明与承诺(蔡元庆),独立董事候选人声明,2026-05-11,https://data.eastmoney.com/notices/detail/301363/AN202605111822169647.html
301363,美好医疗,美好医疗:关于举行2025年度网上业绩说明会的公告,其他,2026-05-11,https://data.eastmoney.com/notices/detail/301363/AN202605111822169642.html
301363,美好医疗,美好医疗:上市公司独立董事提名人声明与承诺(梁永晔),独立董事提名人声明,2026-05-11,https://data.eastmoney.com/notices/detail/301363/AN202605111822169635.html
301363,美好医疗,美好医疗:关于董事、高级管理人员2026年度薪酬方案的公告,其他,2026-05-11,https://data.eastmoney.com/notices/detail/301363/AN202605111822169638.html
002939,长城证券,长城证券:长城证券股份有限公司2026年面向专业投资者公开发行次级债券(第一期)票面利率公告,其他,2026-05-11,https://data.eastmoney.com/notices/detail/002939/AN202605111822169489.html
001309,德明利,德明利:001309德明利投资者关系管理信息20260511,调研活动,2026-05-11,https://data.eastmoney.com/notices/detail/001309/AN202605111822169206.html
300825,阿尔特,阿尔特:关于2026年限制性股票激励计划内幕信息知情人买卖公司股票情况的自查报告,自查报告,2026-05-11,https://data.eastmoney.com/notices/detail/300825/AN202605111822169367.html
920176,维琪科技,维琪科技:独立董事关于第二届董事会第十次会议相关事宜的独立意见的公告,专项说明/独立意见,2026-05-11,https://data.eastmoney.com/notices/detail/920176/AN202605111822169342.html
300430,*ST益通,*ST益通:关于股票交易异常波动的公告,股票交易异常波动,2026-05-11,https://data.eastmoney.com/notices/detail/300430/AN202605111822169121.html
301526,国际复材,国际复材:关于举行2025年年度暨2026年一季度网上业绩说明会的公告,其他,2026-05-11,https://data.eastmoney.com/notices/detail/301526/AN202605111822169120.html
301248,杰创智能,杰创智能:杰创智能2025年度业绩说明会投资者关系活动记录表,调研活动,2026-05-11,https://data.eastmoney.com/notices/detail/301248/AN202605111822169003.html
920703,广厦环能,广厦环能:关于竞价回购股份方案公告,回购预案,2026-05-11,https://data.eastmoney.com/notices/detail/920703/AN202605111822169064.html
920703,广厦环能,广厦环能:2025年年度报告业绩说明会预告公告,其他,2026-05-11,https://data.eastmoney.com/notices/detail/920703/AN202605111822169065.html
920703,广厦环能,广厦环能:关于召开2026年第一次临时股东会通知公告(提供网络投票),召开股东大会通知,2026-05-11,https://data.eastmoney.com/notices/detail/920703/AN202605111822169066.html
920703,广厦环能,广厦环能:第四届董事会第十四次会议决议公告,董事会决议公告,2026-05-11,https://data.eastmoney.com/notices/detail/920703/AN202605111822169063.html
920062,科润智控,科润智控:投资者关系活动记录表,调研活动,2026-05-11,https://data.eastmoney.com/notices/detail/920062/AN202605111822168960.html
301172,君逸数码,君逸数码:华林证券股份有限公司关于四川君逸数码科技股份有限公司2025年年度跟踪报告,保荐/核查意见,2026-05-11,https://data.eastmoney.com/notices/detail/301172/AN202605111822168949.html
300458,全志科技,全志科技:董事会薪酬与考核委员会关于2023年限制性股票激励计划第二类限制性股票首次授予部分第三个归属期归属名单的核查意见,专项说明/独立意见,2026-05-11,https://data.eastmoney.com/notices/detail/300458/AN202605111822168913.html
300458,全志科技,全志科技:第五届董事会第二十四次会议决议公告,董事会决议公告,2026-05-11,https://data.eastmoney.com/notices/detail/300458/AN202605111822168915.html
300458,全志科技,全志科技:关于2023年限制性股票激励计划第二类限制性股票首次授予部分第三个归属期归属条件成就的公告,股权激励进展公告,2026-05-11,https://data.eastmoney.com/notices/detail/300458/AN202605111822168916.html
300458,全志科技,全志科技:关于作废2023年限制性股票激励计划部分已授予尚未归属的第二类限制性股票的公告,股权激励进展公告,2026-05-11,https://data.eastmoney.com/notices/detail/300458/AN202605111822168918.html
300458,全志科技,全志科技:关于调整2023年限制性股票激励计划第二类限制性股票的首次授予价格及授予数量的公告,股权激励行权价（数量）调整,2026-05-11,https://data.eastmoney.com/notices/detail/300458/AN202605111822168914.html
300458,全志科技,全志科技:广东信达律师事务所关于珠海全志科技股份有限公司2023年限制性股票激励计划首次授予价格及授予数量调整暨第三个归属期归属条件成就并作废部分限制性股票相关事宜的法律意见书,法律意见书,2026-05-11,https://data.eastmoney.com/notices/detail/300458/AN202605111822168917.html
301392,汇成真空,汇成真空:2025年度股东会决议公告,分配方案决议公告,2026-05-11,https://data.eastmoney.com/notices/detail/301392/AN202605111822168894.html
301392,汇成真空,汇成真空:关于广东汇成真空科技股份有限公司2025年度股东会法律意见书,法律意见书,2026-05-11,https://data.eastmoney.com/notices/detail/301392/AN202605111822168891.html
001201,东瑞股份,东瑞股份:001201东瑞股份投资者关系管理信息20260511,调研活动,2026-05-11,https://data.eastmoney.com/notices/detail/001201/AN202605111822168740.html
300576,容大感光,容大感光:2026年05月11日投资者关系活动记录表,调研活动,2026-05-11,https://data.eastmoney.com/notices/detail/300576/AN202605111822168741.html
300456,赛微电子,赛微电子:股东询价转让定价情况提示性公告,询价转让定价情况提示性公告,2026-05-11,https://data.eastmoney.com/notices/detail/300456/AN202605111822168839.html
300250,初灵信息,初灵信息:初灵信息2025年度业绩说明会,调研活动,2026-05-11,https://data.eastmoney.com/notices/detail/300250/AN202605111822168753.html
300537,广信材料,广信材料:300537广信材料投资者关系管理信息2026-001,调研活动,2026-05-11,https://data.eastmoney.com/notices/detail/300537/AN202605111822168738.html
000609,*ST中迪,*ST中迪:000609*ST中迪投资者关系管理信息20260511,调研活动,2026-05-11,https://data.eastmoney.com/notices/detail/000609/AN202605111822168739.html
002602,世纪华通,世纪华通:002602世纪华通投资者关系管理信息20260511,调研活动,2026-05-11,https://data.eastmoney.com/notices/detail/002602/AN202605111822168529.html
920061,西磁科技,西磁科技:关于使用部分闲置募集资金进行现金管理的进展公告,募集资金使用进展情况,2026-05-11,https://data.eastmoney.com/notices/detail/920061/AN202605111822168638.html
920061,西磁科技,西磁科技:北京炜衡(宁波)律师事务所关于宁波西磁科技发展股份有限公司2025年年度股东会的法律意见书,法律意见书,2026-05-11,https://data.eastmoney.com/notices/detail/920061/AN202605111822168639.html
920061,西磁科技,西磁科技:第四届董事会第六次会议决议公告,董事会决议公告,2026-05-11,https://data.eastmoney.com/notices/detail/920061/AN202605111822168641.html
920061,西磁科技,西磁科技:2025年年度股东会决议公告,分配方案决议公告,2026-05-11,https://data.eastmoney.com/notices/detail/920061/AN202605111822168637.html
920061,西磁科技,西磁科技:改变募集资金用途暨新增募投项目的公告,变更募集资金投资项目,2026-05-11,https://data.eastmoney.com/notices/detail/920061/AN202605111822168640.html
920061,西磁科技,西磁科技:平安证券股份有限公司关于宁波西磁科技发展股份有限公司改变募集资金用途暨新增募投项目的核查意见,保荐/核查意见,2026-05-11,https://data.eastmoney.com/notices/detail/920061/AN202605111822168636.html
300129,泰胜风能,泰胜风能:2026年5月11日2025年度业绩说明会记录,调研活动,2026-05-11,https://data.eastmoney.com/notices/detail/300129/AN202605111822168389.html
300456,赛微电子,赛微电子:关于为子公司提供担保的进展公告,提供/对外担保公告,2026-05-11,https://data.eastmoney.com/notices/detail/300456/AN202605111822168460.html
300434,金石亚药,金石亚药:关于董事减持股份的预披露公告,股东/实际控制人股份减持,2026-05-11,https://data.eastmoney.com/notices/detail/300434/AN202605111822168454.html
301359,东南电子,东南电子:2025年年度股东会决议公告,分配方案决议公告,2026-05-11,https://data.eastmoney.com/notices/detail/301359/AN202605111822168458.html
920706,铁拓机械,铁拓机械:福建天衡联合(福州)律师事务所关于福建省铁拓机械股份有限公司2025年年度股东会的法律意见书,法律意见书,2026-05-11,https://data.eastmoney.com/notices/detail/920706/AN202605111822168446.html
920706,铁拓机械,铁拓机械:2025年年度股东会决议公告,分配方案决议公告,2026-05-11,https://data.eastmoney.com/notices/detail/920706/AN202605111822168445.html
920425,乐创技术,乐创技术:2025年年度报告说明会预告公告,其他,2026-05-11,https://data.eastmoney.com/notices/detail/920425/AN202605111822168404.html
300738,奥飞数据,奥飞数据:国浩律师(广州)事务所关于广东奥飞数据科技股份有限公司2025年度股东会的法律意见,法律意见书,2026-05-11,https://data.eastmoney.com/notices/detail/300738/AN202605111822168347.html
301359,东南电子,东南电子:北京市天元律师事务所关于东南电子股份有限公司2025年年度股东会的法律意见,法律意见书,2026-05-11,https://data.eastmoney.com/notices/detail/301359/AN202605111822168349.html
920171,志晟信息,志晟信息:投资者关系活动记录表,调研活动,2026-05-11,https://data.eastmoney.com/notices/detail/920171/AN202605111822168346.html
300738,奥飞数据,奥飞数据:2025年度股东会决议公告,分配方案决议公告,2026-05-11,https://data.eastmoney.com/notices/detail/300738/AN202605111822168348.html
920171,志晟信息,志晟信息:关于获得发明专利证书的公告,获得认证,2026-05-11,https://data.eastmoney.com/notices/detail/920171/AN202605111822168345.html
002318,久立特材,久立特材:2026年5月11日投资者关系活动记录表,调研活动,2026-05-11,https://data.eastmoney.com/notices/detail/002318/AN202605111822168099.html
000920,沃顿科技,沃顿科技:2026年5月11日投资者关系活动记录表,调研活动,2026-05-11,https://data.eastmoney.com/notices/detail/000920/AN202605111822168100.html
300919,中伟新材,中伟新材:300919中伟新材投资者关系管理信息20260511,调研活动,2026-05-11,https://data.eastmoney.com/notices/detail/300919/AN202605111822168101.html
301389,隆扬电子,隆扬电子:东吴证券股份有限公司关于隆扬电子(昆山)股份有限公司重大资产购买之2025年度持续督导意见,保荐/核查意见,2026-05-11,https://data.eastmoney.com/notices/detail/301389/AN202605111822168181.html
301160,翔楼新材,翔楼新材:华泰联合证券有限责任公司关于苏州翔楼新材料股份有限公司首次公开发行股票并在创业板上市之保荐总结报告书,保荐/核查意见,2026-05-11,https://data.eastmoney.com/notices/detail/301160/AN202605111822168189.html
301389,隆扬电子,隆扬电子:东吴证券股份有限公司关于隆扬电子(昆山)股份有限公司2025年度跟踪报告,保荐/核查意见,2026-05-11,https://data.eastmoney.com/notices/detail/301389/AN202605111822168165.html
301160,翔楼新材,翔楼新材:华泰联合证券有限责任公司关于苏州翔楼新材料股份有限公司2025年度现场检查报告,保荐/核查意见,2026-05-11,https://data.eastmoney.com/notices/detail/301160/AN202605111822168173.html
301117,佳缘科技,佳缘科技:中信证券股份有限公司关于佳缘科技股份有限公司2025年持续督导工作现场检查结果及提请公司注意事项,保荐/核查意见,2026-05-11,https://data.eastmoney.com/notices/detail/301117/AN202605111822168156.html
301117,佳缘科技,佳缘科技:中信证券股份有限公司关于佳缘科技股份有限公司首次公开发行股票并在创业板上市持续督导保荐总结报告书,保荐/核查意见,2026-05-11,https://data.eastmoney.com/notices/detail/301117/AN202605111822168169.html
301618,长联科技,长联科技:东莞证券股份有限公司关于东莞长联新材料科技股份有限公司持续督导定期现场检查报告,保荐/核查意见,2026-05-11,https://data.eastmoney.com/notices/detail/301618/AN202605111822168177.html
300779,惠城环保,惠城环保:中德证券有限责任公司关于青岛惠城环保科技集团股份有限公司2025年度持续督导培训工作报告,保荐/核查意见,2026-05-11,https://data.eastmoney.com/notices/detail/300779/AN202605111822168154.html
302132,中航成飞,中航成飞:关于参加“2026年陕西辖区上市公司投资者集体接待日暨2025年度业绩说明会”的公告,调研活动,2026-05-11,https://data.eastmoney.com/notices/detail/302132/AN202605111822168164.html
300494,盛天网络,盛天网络:关于召开2025年度股东会的提示性公告,召开股东大会提示性公告,2026-05-11,https://data.eastmoney.com/notices/detail/300494/AN202605111822168168.html
301618,长联科技,长联科技:关于举行2025年度网上业绩说明会的公告,其他,2026-05-11,https://data.eastmoney.com/notices/detail/301618/AN202605111822168155.html
301117,佳缘科技,佳缘科技:中信证券股份有限公司关于佳缘科技股份有限公司2025年度持续督导定期现场检查报告,保荐/核查意见,2026-05-11,https://data.eastmoney.com/notices/detail/301117/AN202605111822168158.html
301208,中亦科技,中亦科技:中信建投证券股份有限公司关于北京中亦安图科技股份有限公司首次公开发行股票并在创业板上市之保荐总结报告书,保荐/核查意见,2026-05-11,https://data.eastmoney.com/notices/detail/301208/AN202605111822168171.html
301208,中亦科技,中亦科技:中信建投证券股份有限公司关于北京中亦安图科技股份有限公司2025年度跟踪报告,保荐/核查意见,2026-05-11,https://data.eastmoney.com/notices/detail/301208/AN202605111822168157.html
302132,中航成飞,中航成飞:中信证券股份有限公司关于中航成飞股份有限公司发行股份购买资产暨关联交易2025年度持续督导意见,保荐/核查意见,2026-05-11,https://data.eastmoney.com/notices/detail/302132/AN202605111822168170.html
300779,惠城环保,惠城环保:中德证券有限责任公司关于青岛惠城环保科技集团股份有限公司向特定对象发行A股股票持续督导之保荐工作总结报告书,保荐/核查意见,2026-05-11,https://data.eastmoney.com/notices/detail/300779/AN202605111822168162.html
300779,惠城环保,惠城环保:中德证券有限责任公司关于青岛惠城环保科技集团股份有限公司2025年度跟踪报告,保荐/核查意见,2026-05-11,https://data.eastmoney.com/notices/detail/300779/AN202605111822168160.html
301248,杰创智能,杰创智能:国泰海通证券股份有限公司关于杰创智能科技股份有限公司首次公开发行股票并在创业板上市之保荐总结报告书,保荐/核查意见,2026-05-11,https://data.eastmoney.com/notices/detail/301248/AN202605111822168167.html
300858,科拓生物,科拓生物:第一创业证券承销保荐有限责任公司关于北京科拓恒通生物技术股份有限公司2022年向特定对象发行股票并在创业板上市之保荐总结报告书,保荐/核查意见,2026-05-11,https://data.eastmoney.com/notices/detail/300858/AN202605111822168163.html
301117,佳缘科技,佳缘科技:中信证券股份有限公司关于佳缘科技股份有限公司2025年度跟踪报告,保荐/核查意见,2026-05-11,https://data.eastmoney.com/notices/detail/301117/AN202605111822168174.html
301160,翔楼新材,翔楼新材:华泰联合证券有限责任公司关于苏州翔楼新材料股份有限公司2025年度跟踪报告,保荐/核查意见,2026-05-11,https://data.eastmoney.com/notices/detail/301160/AN202605111822168176.html
301618,长联科技,长联科技:东莞证券股份有限公司关于东莞长联新材料科技股份有限公司2025年年度持续督导跟踪报告,保荐/核查意见,2026-05-11,https://data.eastmoney.com/notices/detail/301618/AN202605111822168159.html
300858,科拓生物,科拓生物:第一创业证券承销保荐有限责任公司关于北京科拓恒通生物技术股份有限公司2025年度持续督导跟踪报告,保荐/核查意见,2026-05-11,https://data.eastmoney.com/notices/detail/300858/AN202605111822168175.html
300779,惠城环保,惠城环保:中德证券有限责任公司关于青岛惠城环保科技集团股份有限公司2025年持续督导定期现场检查报告,保荐/核查意见,2026-05-11,https://data.eastmoney.com/notices/detail/300779/AN202605111822168172.html
301389,隆扬电子,隆扬电子:东吴证券股份有限公司关于隆扬电子(昆山)股份有限公司持续督导保荐总结报告书,保荐/核查意见,2026-05-11,https://data.eastmoney.com/notices/detail/301389/AN202605111822168166.html
300272,开能健康,开能健康:长江证券承销保荐有限公司关于开能健康科技集团股份有限公司向不特定对象发行可转换公司债券之持续督导保荐总结报告书,保荐/核查意见,2026-05-11,https://data.eastmoney.com/notices/detail/300272/AN202605111822168123.html
301193,家联科技,家联科技:中证鹏元关于关注宁波家联科技股份有限公司总经理辞任事项的公告,高管人员任职变动,2026-05-11,https://data.eastmoney.com/notices/detail/301193/AN202605111822168089.html
301193,家联科技,家联科技:关于为控股子公司提供担保的进展公告,提供/对外担保公告,2026-05-11,https://data.eastmoney.com/notices/detail/301193/AN202605111822168090.html
301413,安培龙,安培龙:广东信达律师事务所关于深圳安培龙科技股份有限公司2026年度向特定对象发行股票的补充法律意见书(二)(豁免版),法律意见书,2026-05-11,https://data.eastmoney.com/notices/detail/301413/AN202605111822168091.html
301413,安培龙,安培龙:深圳安培龙科技股份有限公司向特定对象发行股票并在创业板上市募集说明书(修订稿),再融资修订稿,2026-05-11,https://data.eastmoney.com/notices/detail/301413/AN202605111822168092.html
301413,安培龙,安培龙:关于深圳安培龙科技股份有限公司申请向特定对象发行股票的审核问询函的回复,回复问询函公告,2026-05-11,https://data.eastmoney.com/notices/detail/301413/AN202605111822168087.html
301413,安培龙,安培龙:华泰联合证券有限责任公司关于深圳安培龙科技股份有限公司向特定对象发行股票并在创业板上市之上市保荐书,上市保荐书,2026-05-11,https://data.eastmoney.com/notices/detail/301413/AN202605111822168086.html
301413,安培龙,安培龙:关于深圳安培龙科技股份有限公司申请向特定对象发行股票的审核问询函的回复【众环专字(2026)0101390号】,回复问询函公告,2026-05-11,https://data.eastmoney.com/notices/detail/301413/AN202605111822168088.html
920176,维琪科技,维琪科技:2026年1-3月财务报表审阅报告,保荐/核查意见,2026-05-11,https://data.eastmoney.com/notices/detail/920176/AN202605111822168052.html
301413,安培龙,安培龙:关于公司2026年向特定对象发行股票的审核问询函回复及募集说明书等申请文件更新的提示性公告,回复问询函公告,2026-05-11,https://data.eastmoney.com/notices/detail/301413/AN202605111822168028.html
301413,安培龙,安培龙:关于深圳安培龙科技股份有限公司向特定对象发行股票并在创业板上市之发行保荐书,发行保荐书,2026-05-11,https://data.eastmoney.com/notices/detail/301413/AN202605111822168041.html
301236,软通动力,软通动力:中信建投证券股份有限公司关于软通动力信息技术(集团)股份有限公司2025年度跟踪报告,保荐/核查意见,2026-05-11,https://data.eastmoney.com/notices/detail/301236/AN202605111822168037.html
300720,海川智能,海川智能:关于公司股东减持股份的预披露公告,股东/实际控制人股份减持,2026-05-11,https://data.eastmoney.com/notices/detail/300720/AN202605111822168031.html
301236,软通动力,软通动力:中信建投证券股份有限公司关于软通动力信息技术(集团)股份有限公司首次公开发行股票并在创业板上市之保荐总结报告书,保荐/核查意见,2026-05-11,https://data.eastmoney.com/notices/detail/301236/AN202605111822168036.html
301355,南王科技,南王科技:关于公司董事股份减持计划的预披露公告,股东/实际控制人股份减持,2026-05-11,https://data.eastmoney.com/notices/detail/301355/AN202605111822167992.html
001322,箭牌家居,箭牌家居:001322箭牌家居投资者关系管理信息20260511,调研活动,2026-05-11,https://data.eastmoney.com/notices/detail/001322/AN202605111822167757.html
300959,线上线下,线上线下:关于股东协议转让部分股份暨权益变动的提示性公告,权益变动报告书,2026-05-11,https://data.eastmoney.com/notices/detail/300959/AN202605111822167946.html
300959,线上线下,线上线下:详式权益变动报告书,权益变动报告书,2026-05-11,https://data.eastmoney.com/notices/detail/300959/AN202605111822167942.html
300959,线上线下,线上线下:中银国际证券股份有限公司关于无锡线上线下通讯信息技术股份有限公司详式权益变动报告书之财务顾问核查意见,保荐/核查意见,2026-05-11,https://data.eastmoney.com/notices/detail/300959/AN202605111822167944.html
300959,线上线下,线上线下:简式权益变动报告书,权益变动报告书,2026-05-11,https://data.eastmoney.com/notices/detail/300959/AN202605111822167945.html
920208,青矩技术,青矩技术:第四届董事会第六次决议公告,董事会决议公告,2026-05-11,https://data.eastmoney.com/notices/detail/920208/AN202605111822167923.html
920208,青矩技术,青矩技术:北京德恒律师事务所关于青矩技术股份有限公司回购注销2024年股权激励计划部分限制性股票的法律意见,法律意见书,2026-05-11,https://data.eastmoney.com/notices/detail/920208/AN202605111822167927.html
920208,青矩技术,青矩技术:关于回购注销部分限制性股票方案的公告,回购预案,2026-05-11,https://data.eastmoney.com/notices/detail/920208/AN202605111822167924.html
920208,青矩技术,青矩技术:关于拟变更公司注册资本并修订《公司章程》的公告,公司注册资本变更,2026-05-11,https://data.eastmoney.com/notices/detail/920208/AN202605111822167926.html
920208,青矩技术,青矩技术:关于2025年年度股东会增加临时提案暨股东会补充通知的公告,增加股东大会议案,2026-05-11,https://data.eastmoney.com/notices/detail/920208/AN202605111822167925.html
920176,维琪科技,维琪科技:第二届董事会第十次会议决议公告,董事会决议公告,2026-05-11,https://data.eastmoney.com/notices/detail/920176/AN202605111822167877.html
920208,青矩技术,青矩技术:关于投资者关系活动记录表的公告,调研活动,2026-05-11,https://data.eastmoney.com/notices/detail/920208/AN202605111822167872.html
300025,华星创业,华星创业:300025华星创业投资者关系管理信息20260511,调研活动,2026-05-11,https://data.eastmoney.com/notices/detail/300025/AN202605111822167758.html
300250,初灵信息,初灵信息:300250初灵信息投资者关系管理信息20260509,调研活动,2026-05-11,https://data.eastmoney.com/notices/detail/300250/AN202605111822167789.html
300740,水羊股份,水羊股份:华泰联合证券有限责任公司关于水羊集团股份有限公司向不特定对象发行可转换公司债券之保荐总结报告书,保荐/核查意见,2026-05-11,https://data.eastmoney.com/notices/detail/300740/AN202605111822167806.html
688192,迪哲医药,迪哲医药:2026-05-11迪哲医药:投资者关系活动记录表_十五五·科创惠民——科创板企业成果转化与民生赋能之2025年度制药行业集体业绩说明会暨2026年第一季度业绩说明会,调研活动,2026-05-11,https://data.eastmoney.com/notices/detail/688192/AN202605111822165492.html
688708,佳驰科技,佳驰科技:2026-005佳驰科技2025年度暨2026年一季度业绩说明会投资者关系活动记录表,调研活动,2026-05-11,https://data.eastmoney.com/notices/detail/688708/AN202605111822164925.html
920220,朗信电气,朗信电气:关于向不特定合格投资者公开发行股票并在北京证券交易所上市所涉代码变更相关事宜的提示性公告,其他,2026-05-11,https://data.eastmoney.com/notices/detail/920220/AN202605111822167787.html
600299,安迪苏,安迪苏:2026年一季度线上投资者沟通会会议记录,调研活动,2026-05-11,https://data.eastmoney.com/notices/detail/600299/AN202605111822162533.html
300687,赛意信息,赛意信息:2026年5月11日投资者关系活动记录表,调研活动,2026-05-11,https://data.eastmoney.com/notices/detail/300687/AN202605111822167365.html
002615,哈尔斯,哈尔斯:2026-004浙江哈尔斯真空器皿股份有限公司投资者关系活动记录表,调研活动,2026-05-11,https://data.eastmoney.com/notices/detail/002615/AN202605111822166585.html
300491,通合科技,通合科技:关于控股股东、实际控制人之一持股比例变动触及1%及5%整数倍暨披露简式权益变动报告书的提示性公告,权益变动报告书,2026-05-11,https://data.eastmoney.com/notices/detail/300491/AN202605111822167664.html
301266,宇邦新材,宇邦新材:2025年年度股东会决议公告,分配方案决议公告,2026-05-11,https://data.eastmoney.com/notices/detail/301266/AN202605111822167670.html
300337,银邦股份,银邦股份:关于公司持股5%以上股东减持股份的预披露公告,股东/实际控制人股份减持,2026-05-11,https://data.eastmoney.com/notices/detail/300337/AN202605111822167669.html
300417,南华仪器,南华仪器:关于控股股东、实际控制人及其一致行动人、持股5%以上股东、部分高级管理人员减持股份的预披露公告,股东/实际控制人股份减持,2026-05-11,https://data.eastmoney.com/notices/detail/300417/AN202605111822167667.html
300671,富满微,富满微:2025年年度股东会决议公告,分配方案决议公告,2026-05-11,https://data.eastmoney.com/notices/detail/300671/AN202605111822167657.html
300671,富满微,富满微:北京德恒(深圳)律师事务所关于富满微电子集团股份有限公司2025年年度股东会的法律意见,法律意见书,2026-05-11,https://data.eastmoney.com/notices/detail/300671/AN202605111822167672.html
300672,国科微,国科微:关于举办2025年度业绩说明会的公告,其他,2026-05-11,https://data.eastmoney.com/notices/detail/300672/AN202605111822167666.html
300491,通合科技,通合科技:简式权益变动报告书,权益变动报告书,2026-05-11,https://data.eastmoney.com/notices/detail/300491/AN202605111822167655.html
002926,华西证券,华西证券:华西证券股份有限公司2026年面向专业投资者公开发行公司债券(第三期)更名公告,其他,2026-05-11,https://data.eastmoney.com/notices/detail/002926/AN202605111822167648.html
002926,华西证券,华西证券:华西证券股份有限公司2026年面向专业投资者公开发行公司债券(第三期)信用评级报告,其他,2026-05-11,https://data.eastmoney.com/notices/detail/002926/AN202605111822167649.html
002926,华西证券,华西证券:华西证券股份有限公司2026年面向专业投资者公开发行公司债券(第三期)募集说明书摘要,其他,2026-05-11,https://data.eastmoney.com/notices/detail/002926/AN202605111822167646.html
300618,寒锐钴业,寒锐钴业:关于控股股东减持股份预披露的公告,股东/实际控制人股份减持,2026-05-11,https://data.eastmoney.com/notices/detail/300618/AN202605111822167647.html
300747,锐科激光,锐科激光:关于公司部分董事、高级管理人员减持计划实施完毕的公告,股东/实际控制人股份减持,2026-05-11,https://data.eastmoney.com/notices/detail/300747/AN202605111822167651.html
002926,华西证券,华西证券:华西证券股份有限公司2026年面向专业投资者公开发行公司债券(第三期)发行公告,其他,2026-05-11,https://data.eastmoney.com/notices/detail/002926/AN202605111822167650.html
002926,华西证券,华西证券:华西证券股份有限公司2026年面向专业投资者公开发行公司债券(第三期)募集说明书,其他,2026-05-11,https://data.eastmoney.com/notices/detail/002926/AN202605111822167653.html
002864,盘龙药业,盘龙药业:002864盘龙药业投资者关系管理信息20260511,调研活动,2026-05-11,https://data.eastmoney.com/notices/detail/002864/AN202605111822167447.html
300005,探路者,探路者:立信会计师事务所(特殊普通合伙)关于探路者控股集团股份有限公司向特定对象发行股票的审核问询函的回复,会计师事务所问询函回复公告,2026-05-11,https://data.eastmoney.com/notices/detail/300005/AN202605111822167586.html
301266,宇邦新材,宇邦新材:上海市协力(苏州)律师事务所关于苏州宇邦新型材料股份有限公司2025年年度股东会的法律意见书,法律意见书,2026-05-11,https://data.eastmoney.com/notices/detail/301266/AN202605111822167584.html
300005,探路者,探路者:国泰海通证券股份有限公司关于探路者控股集团股份有限公司创业板向特定对象发行股票之发行保荐书,发行保荐书,2026-05-11,https://data.eastmoney.com/notices/detail/300005/AN202605111822167585.html
300005,探路者,探路者:探路者控股集团股份有限公司向特定对象发行A股股票募集说明书(申报稿),创业板再融资募集说明书申报稿,2026-05-11,https://data.eastmoney.com/notices/detail/300005/AN202605111822167588.html
300005,探路者,探路者:北京市天元律师事务所关于探路者控股集团股份有限公司向特定对象发行A股股票的补充法律意见(一),法律意见书,2026-05-11,https://data.eastmoney.com/notices/detail/300005/AN202605111822167591.html
300005,探路者,探路者:国泰海通证券股份有限公司关于探路者控股集团股份有限公司创业板向特定对象发行股票之上市保荐书,上市保荐书,2026-05-11,https://data.eastmoney.com/notices/detail/300005/AN202605111822167581.html
920077,吉林碳谷,吉林碳谷:关于变更回购股份用途并注销暨减少注册资本的公告,公司注册资本变更,2026-05-11,https://data.eastmoney.com/notices/detail/920077/AN202605111822167468.html
920077,吉林碳谷,吉林碳谷:董事任命公告,高管人员任职变动,2026-05-11,https://data.eastmoney.com/notices/detail/920077/AN202605111822167466.html
920077,吉林碳谷,吉林碳谷:第四届董事会第十一次会议决议公告,高管人员任职变动,2026-05-11,https://data.eastmoney.com/notices/detail/920077/AN202605111822167470.html
920077,吉林碳谷,吉林碳谷:关于减少注册资本并修订《公司章程》公告,公司注册资本变更,2026-05-11,https://data.eastmoney.com/notices/detail/920077/AN202605111822167471.html
920077,吉林碳谷,吉林碳谷:关于召开2026年第一次临时股东会通知公告(提供网络投票),召开股东大会通知,2026-05-11,https://data.eastmoney.com/notices/detail/920077/AN202605111822167467.html
920077,吉林碳谷,吉林碳谷:关于参加2026年吉林辖区上市公司投资者网上集体说明会预告公告,其他,2026-05-11,https://data.eastmoney.com/notices/detail/920077/AN202605111822167469.html
002390,信邦制药,信邦制药:002390信邦制药投资者关系管理信息20260511,调研活动,2026-05-11,https://data.eastmoney.com/notices/detail/002390/AN202605111822166914.html
002833,弘亚数控,弘亚数控:2026年5月11日投资者关系活动记录表,调研活动,2026-05-11,https://data.eastmoney.com/notices/detail/002833/AN202605111822167256.html
300328,宜安科技,宜安科技:300328宜安科技投资者关系管理信息20260511,调研活动,2026-05-11,https://data.eastmoney.com/notices/detail/300328/AN202605111822167237.html
300343,联创股份,ST联创:国浩律师(上海)事务所关于山东联创产业发展集团股份有限公司2025年度股东会之见证法律意见书,法律意见书,2026-05-11,https://data.eastmoney.com/notices/detail/300343/AN202605111822167295.html
300343,联创股份,ST联创:关于使用公积金弥补亏损通知债权人的公告,通知债权人公告,2026-05-11,https://data.eastmoney.com/notices/detail/300343/AN202605111822167286.html
301148,嘉戎技术,嘉戎技术:2026年第二次临时股东会决议公告,股东大会决议公告,2026-05-11,https://data.eastmoney.com/notices/detail/301148/AN202605111822167293.html
300801,泰和科技,泰和科技:2025年年度股东会决议公告,分配方案决议公告,2026-05-11,https://data.eastmoney.com/notices/detail/300801/AN202605111822167309.html
300780,德恩精工,德恩精工:2026年5月11日投资者活动记录表(2025年度业绩说明会),调研活动,2026-05-11,https://data.eastmoney.com/notices/detail/300780/AN202605111822167303.html
300115,长盈精密,长盈精密:关于向香港联交所递交境外上市外资股(H股)发行上市的申请并刊发申请资料的公告(2026-54),其他,2026-05-11,https://data.eastmoney.com/notices/detail/300115/AN202605111822167298.html
300801,泰和科技,泰和科技:2025年年度股东会法律意见书,法律意见书,2026-05-11,https://data.eastmoney.com/notices/detail/300801/AN202605111822167290.html
300414,中光防雷,中光防雷:关于公司实际控制人及董事、高管减持股份预披露公告,股东/实际控制人股份减持,2026-05-11,https://data.eastmoney.com/notices/detail/300414/AN202605111822167296.html
300343,联创股份,ST联创:2025年度股东会决议公告,分配方案决议公告,2026-05-11,https://data.eastmoney.com/notices/detail/300343/AN202605111822167291.html
301148,嘉戎技术,嘉戎技术:福建天衡联合律师事务所关于厦门嘉戎技术股份有限公司2026年第二次临时股东会法律意见书,法律意见书,2026-05-11,https://data.eastmoney.com/notices/detail/301148/AN202605111822167312.html
300343,联创股份,ST联创:关于参加2026年山东辖区上市公司投资者网上集体接待日活动的公告,调研活动,2026-05-11,https://data.eastmoney.com/notices/detail/300343/AN202605111822167297.html
300005,探路者,探路者:探路者控股集团股份有限公司与国泰海通证券股份有限公司关于探路者控股集团股份有限公司向特定对象发行股票的审核问询函的回复,回复问询函公告,2026-05-11,https://data.eastmoney.com/notices/detail/300005/AN202605111822167306.html
300005,探路者,探路者:关于向特定对象发行股票的审核问询函回复及募集说明书等申请文件更新的提示性公告,回复问询函公告,2026-05-11,https://data.eastmoney.com/notices/detail/300005/AN202605111822167305.html
002039,黔源电力,黔源电力:2026年贵州辖区上市公司投资者集体接待日活动暨2025年度业绩说明会及2026年第一季度业绩说明会,调研活动,2026-05-11,https://data.eastmoney.com/notices/detail/002039/AN202605111822167020.html
300096,ST易联众,ST易联众:关于收到股东临时提案的公告,其他,2026-05-11,https://data.eastmoney.com/notices/detail/300096/AN202605111822167200.html
300801,泰和科技,泰和科技:关于参加2026年山东辖区上市公司投资者网上集体接待日活动暨召开2025年度业绩说明会的公告,调研活动,2026-05-11,https://data.eastmoney.com/notices/detail/300801/AN202605111822167203.html
300096,ST易联众,ST易联众:关于有关当事人因非本公司事项受到行政处罚及纪律处分的公告,处罚,2026-05-11,https://data.eastmoney.com/notices/detail/300096/AN202605111822167195.html
301308,江波龙,江波龙:关于为子公司提供担保的进展公告,提供/对外担保公告,2026-05-11,https://data.eastmoney.com/notices/detail/301308/AN202605111822167193.html
301201,诚达药业,诚达药业:关于持股5%以上股东减持股份的预披露公告,股东/实际控制人股份减持,2026-05-11,https://data.eastmoney.com/notices/detail/301201/AN202605111822167198.html
301128,强瑞技术,强瑞技术:2025年度权益分派实施公告,分配方案实施,2026-05-11,https://data.eastmoney.com/notices/detail/301128/AN202605111822167192.html
300096,ST易联众,ST易联众:第六届董事会第八次会议决议公告,高管人员任职变动,2026-05-11,https://data.eastmoney.com/notices/detail/300096/AN202605111822167194.html
300661,圣邦股份,圣邦股份:第五届董事会第十七次会议决议的公告,董事会决议公告,2026-05-11,https://data.eastmoney.com/notices/detail/300661/AN202605111822167134.html
300661,圣邦股份,圣邦股份:北京市君合律师事务所关于圣邦微电子(北京)股份有限公司调整股权激励计划相关事项等事宜的法律意见书,法律意见书,2026-05-11,https://data.eastmoney.com/notices/detail/300661/AN202605111822167137.html
300661,圣邦股份,圣邦股份:董事会薪酬与考核委员会关于2021年限制性股票激励计划预留授予部分第四个归属期归属事项及2025年股票期权激励计划首次授予部分第一个行权期行权事项的核查意见,专项说明/独立意见,2026-05-11,https://data.eastmoney.com/notices/detail/300661/AN202605111822167135.html
300661,圣邦股份,圣邦股份:关于2021年限制性股票激励计划预留授予部分第四个归属期归属条件成就的公告,股权激励进展公告,2026-05-11,https://data.eastmoney.com/notices/detail/300661/AN202605111822167136.html
300661,圣邦股份,圣邦股份:关于调整公司股权激励计划相关事项的公告,股权激励进展公告,2026-05-11,https://data.eastmoney.com/notices/detail/300661/AN202605111822167132.html
300661,圣邦股份,圣邦股份:关于公司2025年股票期权激励计划首次授予部分第一个行权期可行权的公告,股权激励进展公告,2026-05-11,https://data.eastmoney.com/notices/detail/300661/AN202605111822167133.html
920407,驰诚股份,驰诚股份:关于拟增加经营范围并修订《公司章程》的公告,公司经营范围变更,2026-05-11,https://data.eastmoney.com/notices/detail/920407/AN202605111822167117.html
920407,驰诚股份,驰诚股份:关于2025年年度股东会增加临时提案的公告,增加股东大会议案,2026-05-11,https://data.eastmoney.com/notices/detail/920407/AN202605111822167118.html
301308,江波龙,江波龙:董事会薪酬与考核委员会关于2026年限制性股票激励计划首次授予激励对象名单的公示情况说明及核查意见,专项说明/独立意见,2026-05-11,https://data.eastmoney.com/notices/detail/301308/AN202605111822167109.html
300096,ST易联众,ST易联众:关于2025年年度股东会增加临时提案暨补充通知的公告,增加股东大会议案,2026-05-11,https://data.eastmoney.com/notices/detail/300096/AN202605111822167110.html
301128,强瑞技术,强瑞技术:关于为子公司提供担保的进展公告,提供/对外担保公告,2026-05-11,https://data.eastmoney.com/notices/detail/301128/AN202605111822167108.html
300681,英搏尔,英搏尔:2025年年度股东会决议公告,分配方案决议公告,2026-05-11,https://data.eastmoney.com/notices/detail/300681/AN202605111822167035.html
300681,英搏尔,英搏尔:北京市竞天公诚(深圳)律师事务所关于公司2025年年度股东会的法律意见书,法律意见书,2026-05-11,https://data.eastmoney.com/notices/detail/300681/AN202605111822167036.html
002028,思源电气,思源电气:2026年5月11日2025年年度报告网上业绩说明会投资者关系活动记录表,调研活动,2026-05-11,https://data.eastmoney.com/notices/detail/002028/AN202605111822166913.html
000415,渤海租赁,渤海租赁:长城证券股份有限公司关于渤海租赁股份有限公司面向合格投资者公开发行公司债券临时受托管理事务报告,其他,2026-05-11,https://data.eastmoney.com/notices/detail/000415/AN202605111822166959.html
300808,久量股份,久量股份:300808久量股份投资者关系管理信息20260511（2025年度网上业绩说明会）,调研活动,2026-05-11,https://data.eastmoney.com/notices/detail/300808/AN202605111822166766.html
300750,宁德时代,宁德时代:关于控股股东无偿捐赠部分公司股份的进展公告,其他,2026-05-11,https://data.eastmoney.com/notices/detail/300750/AN202605111822166778.html
300300,海峡创新,海峡创新:关于持股5%以上股东被司法拍卖股份完成过户暨权益变动触及1%整数倍的提示性公告,权益变动报告书,2026-05-11,https://data.eastmoney.com/notices/detail/300300/AN202605111822166779.html
300790,宇瞳光学,宇瞳光学:关于持股5%以上股东及其一致行动人权益变动触及1%整数倍的公告,权益变动报告书,2026-05-11,https://data.eastmoney.com/notices/detail/300790/AN202605111822166777.html
300841,康华生物,康华生物:2025年年度股东会决议公告,分配方案决议公告,2026-05-11,https://data.eastmoney.com/notices/detail/300841/AN202605111822166736.html
300841,康华生物,康华生物:北京中伦(成都)律师事务所关于成都康华生物制品股份有限公司2025年年度股东会的法律意见书,法律意见书,2026-05-11,https://data.eastmoney.com/notices/detail/300841/AN202605111822166735.html
301487,盟固利,盟固利:2025年年度股东会决议公告,分配方案决议公告,2026-05-11,https://data.eastmoney.com/notices/detail/301487/AN202605111822166697.html
300674,宇信科技,宇信科技:2025年年度股东会决议公告,分配方案决议公告,2026-05-11,https://data.eastmoney.com/notices/detail/300674/AN202605111822166696.html
300674,宇信科技,宇信科技:北京市竞天公诚律师事务所关于北京宇信科技集团股份有限公司2025年年度股东会的法律意见书,法律意见书,2026-05-11,https://data.eastmoney.com/notices/detail/300674/AN202605111822166698.html
002685,华东重机,华东重机:2026年5月11日投资者关系活动记录表,调研活动,2026-05-11,https://data.eastmoney.com/notices/detail/002685/AN202605111822166584.html
920220,朗信电气,朗信电气:招股说明书,首发招股说明书,2026-05-11,https://data.eastmoney.com/notices/detail/920220/AN202605111822166311.html
301487,盟固利,盟固利:北京德恒(济南)律师事务所关于天津国安盟固利新材料科技股份有限公司2025年年度股东会的法律意见,法律意见书,2026-05-11,https://data.eastmoney.com/notices/detail/301487/AN202605111822166545.html
300034,钢研高纳,钢研高纳:2026年第二次临时股东会决议公告,股东大会决议公告,2026-05-11,https://data.eastmoney.com/notices/detail/300034/AN202605111822166548.html
300528,幸福蓝海,幸福蓝海:2025年度股东会决议公告,分配方案决议公告,2026-05-11,https://data.eastmoney.com/notices/detail/300528/AN202605111822166544.html
301030,*ST仕净,*ST仕净:关于被债权人申请预重整的专项自查报告,自查报告,2026-05-11,https://data.eastmoney.com/notices/detail/301030/AN202605111822166541.html
300249,依米康,依米康:2025年度股东会的法律意见书,法律意见书,2026-05-11,https://data.eastmoney.com/notices/detail/300249/AN202605111822166547.html
300034,钢研高纳,钢研高纳:北京市通商律师事务所关于北京钢研高纳科技股份有限公司2026年第二次临时股东会的法律意见书,法律意见书,2026-05-11,https://data.eastmoney.com/notices/detail/300034/AN202605111822166546.html
301030,*ST仕净,*ST仕净:关于公司被债权人申请预重整进展暨收到法院送达预重整证据材料等文件的公告,重组进展公告,2026-05-11,https://data.eastmoney.com/notices/detail/301030/AN202605111822166543.html
920914,远航精密,远航精密:2025年年度报告业绩说明会预告公告,其他,2026-05-11,https://data.eastmoney.com/notices/detail/920914/AN202605111822166518.html
920190,雷神科技,雷神科技:投资者关系活动记录表,调研活动,2026-05-11,https://data.eastmoney.com/notices/detail/920190/AN202605111822166519.html
920220,朗信电气,朗信电气:经注册会计师鉴证的非经常性损益明细表,保荐/核查意见,2026-05-11,https://data.eastmoney.com/notices/detail/920220/AN202605111822166315.html
920220,朗信电气,朗信电气:最近三年及一期的财务报告和审计报告,审计报告,2026-05-11,https://data.eastmoney.com/notices/detail/920220/AN202605111822166309.html
920220,朗信电气,朗信电气:向不特定合格投资者公开发行股票并在北京证券交易所上市网上路演公告,首发网上路演公告,2026-05-11,https://data.eastmoney.com/notices/detail/920220/AN202605111822166319.html
920220,朗信电气,朗信电气:主承销商关于战略投资者的专项核查报告,保荐/核查意见,2026-05-11,https://data.eastmoney.com/notices/detail/920220/AN202605111822166310.html
300306,远方信息,远方信息:2025年度权益分派实施公告,分配方案实施,2026-05-11,https://data.eastmoney.com/notices/detail/300306/AN202605111822166459.html
301077,星华新材,星华新材:2025年年度权益分派实施公告,分配方案实施,2026-05-11,https://data.eastmoney.com/notices/detail/301077/AN202605111822166464.html
300385,ST雪浪,ST雪浪:2025年年度股东会法律意见书,法律意见书,2026-05-11,https://data.eastmoney.com/notices/detail/300385/AN202605111822166462.html
301666,大普微,大普微:关于签订募集资金四方监管协议的公告,签订协议,2026-05-11,https://data.eastmoney.com/notices/detail/301666/AN202605111822166458.html
300249,依米康,依米康:2025年度股东会决议公告,分配方案决议公告,2026-05-11,https://data.eastmoney.com/notices/detail/300249/AN202605111822166460.html
920220,朗信电气,朗信电气:法律意见书,法律意见书,2026-05-11,https://data.eastmoney.com/notices/detail/920220/AN202605111822166314.html
920220,朗信电气,朗信电气:内部控制鉴证报告,保荐/核查意见,2026-05-11,https://data.eastmoney.com/notices/detail/920220/AN202605111822166317.html
002426,胜利精密,胜利精密:2026年5月11日投资者关系活动记录表,调研活动,2026-05-11,https://data.eastmoney.com/notices/detail/002426/AN202605111822166343.html
920220,朗信电气,朗信电气:向不特定合格投资者公开发行股票并在北京证券交易所上市投资风险特别公告,首发投资风险特别公告,2026-05-11,https://data.eastmoney.com/notices/detail/920220/AN202605111822166316.html
920220,朗信电气,朗信电气:向不特定合格投资者公开发行股票并在北京证券交易所上市发行公告,网上发行公告,2026-05-11,https://data.eastmoney.com/notices/detail/920220/AN202605111822166313.html
920220,朗信电气,朗信电气:发行保荐书,发行保荐书,2026-05-11,https://data.eastmoney.com/notices/detail/920220/AN202605111822166312.html
920220,朗信电气,朗信电气:发行人公司章程(草案),公司章程,2026-05-11,https://data.eastmoney.com/notices/detail/920220/AN202605111822166320.html
920220,朗信电气,朗信电气:上市保荐书,上市保荐书,2026-05-11,https://data.eastmoney.com/notices/detail/920220/AN202605111822166318.html
002629,仁智股份,仁智股份:002629仁智股份投资者关系管理信息20260511,调研活动,2026-05-11,https://data.eastmoney.com/notices/detail/002629/AN202605111822165961.html
300154,瑞凌股份,瑞凌股份:300154瑞凌股份业绩说明会、路演活动信息20260511,调研活动,2026-05-11,https://data.eastmoney.com/notices/detail/300154/AN202605111822166328.html
300165,天瑞仪器,天瑞仪器:300165天瑞仪器投资者关系管理信息20260511,调研活动,2026-05-11,https://data.eastmoney.com/notices/detail/300165/AN202605111822166329.html
300385,ST雪浪,ST雪浪:2025年年度股东会决议公告,分配方案决议公告,2026-05-11,https://data.eastmoney.com/notices/detail/300385/AN202605111822166365.html
300179,四方达,四方达:关于公司股东、高级管理人员减持计划期限届满暨实施结果的公告,股东/实际控制人股份减持,2026-05-11,https://data.eastmoney.com/notices/detail/300179/AN202605111822166360.html
920566,梓橦宫,梓橦宫:2025年年度报告业绩说明会预告公告,其他,2026-05-11,https://data.eastmoney.com/notices/detail/920566/AN202605111822166289.html
920351,华光源海,华光源海:国泰海通证券股份有限公司关于华光源海国际物流集团股份有限公司2025年度持续督导跟踪报告,保荐/核查意见,2026-05-11,https://data.eastmoney.com/notices/detail/920351/AN202605111822166287.html
920351,华光源海,华光源海:国泰海通证券股份有限公司关于华光源海国际物流集团股份有限公司2025年度持续督导工作现场检查报告,保荐/核查意见,2026-05-11,https://data.eastmoney.com/notices/detail/920351/AN202605111822166286.html
920351,华光源海,华光源海:国泰海通证券股份有限公司关于华光源海国际物流集团股份有限公司向不特定合格投资者公开发行股票之保荐总结报告书,保荐/核查意见,2026-05-11,https://data.eastmoney.com/notices/detail/920351/AN202605111822166288.html
301584,建发致新,建发致新:2025年年度股东会决议公告,分配方案决议公告,2026-05-11,https://data.eastmoney.com/notices/detail/301584/AN202605111822166266.html
300198,*ST纳川,*ST纳川:关于公司股票可能被终止上市的风险提示公告,终止上市风险提示,2026-05-11,https://data.eastmoney.com/notices/detail/300198/AN202605111822166182.html
301608,博实结,博实结:北京市中伦(深圳)律师事务所关于深圳市博实结科技股份有限公司2025年年度股东会法律意见书,法律意见书,2026-05-11,https://data.eastmoney.com/notices/detail/301608/AN202605111822166180.html
301399,英特科技,英特科技:浙江天册律师事务所关于浙江英特科技股份有限公司2025年年度股东会的法律意见书,法律意见书,2026-05-11,https://data.eastmoney.com/notices/detail/301399/AN202605111822166183.html
301608,博实结,博实结:2025年年度股东会决议公告,分配方案决议公告,2026-05-11,https://data.eastmoney.com/notices/detail/301608/AN202605111822166181.html
300246,宝莱特,宝莱特:关于不向下修正宝莱转债转股价格的公告,其他,2026-05-11,https://data.eastmoney.com/notices/detail/300246/AN202605111822166186.html
300246,宝莱特,宝莱特:第九届董事会第九次会议决议公告,董事会决议公告,2026-05-11,https://data.eastmoney.com/notices/detail/300246/AN202605111822166185.html
301584,建发致新,建发致新:北京国枫律师事务所关于上海建发致新医疗科技集团股份有限公司2025年年度股东会的法律意见书,法律意见书,2026-05-11,https://data.eastmoney.com/notices/detail/301584/AN202605111822166187.html
301139,*ST元道,元道通信:关于副总经理兼财务总监辞职的公告,高管人员任职变动,2026-05-11,https://data.eastmoney.com/notices/detail/301139/AN202605111822166051.html
301585,蓝宇股份,蓝宇股份:关于持股5%以上股东减持计划实施完成的公告,股东/实际控制人股份减持,2026-05-11,https://data.eastmoney.com/notices/detail/301585/AN202605111822166044.html
301631,壹连科技,壹连科技:第五届董事会第二十八次会议决议公告,董事会决议公告,2026-05-11,https://data.eastmoney.com/notices/detail/301631/AN202605111822166063.html
301399,英特科技,英特科技:关于2025年度股东会决议公告,分配方案决议公告,2026-05-11,https://data.eastmoney.com/notices/detail/301399/AN202605111822166054.html
300082,奥克股份,奥克股份:关于举行2025年度业绩说明会的公告,其他,2026-05-11,https://data.eastmoney.com/notices/detail/300082/AN202605111822166062.html
301259,艾布鲁,艾布鲁:董事会薪酬与考核委员会关于2026年限制性股票激励计划激励对象名单的公示情况说明及核查意见,专项说明/独立意见,2026-05-11,https://data.eastmoney.com/notices/detail/301259/AN202605111822166056.html
300928,华安鑫创,华安鑫创:关于持股5%以上股东部分股份质押的公告,股份质押、冻结,2026-05-11,https://data.eastmoney.com/notices/detail/300928/AN202605111822166058.html
301585,蓝宇股份,蓝宇股份:关于持股5%以上股东减持计划期限届满暨实施情况的公告,股东/实际控制人股份减持,2026-05-11,https://data.eastmoney.com/notices/detail/301585/AN202605111822166047.html
301631,壹连科技,壹连科技:前次募集资金使用情况鉴证报告,保荐/核查意见,2026-05-11,https://data.eastmoney.com/notices/detail/301631/AN202605111822166061.html
301631,壹连科技,壹连科技:前次募集资金使用情况专项报告,募集资金使用情况报告,2026-05-11,https://data.eastmoney.com/notices/detail/301631/AN202605111822166065.html
920020,泰凯英,泰凯英:股票解除限售公告,限售股份上市流通,2026-05-11,https://data.eastmoney.com/notices/detail/920020/AN202605111822165987.html
920020,泰凯英,泰凯英:投资者关系活动记录表,调研活动,2026-05-11,https://data.eastmoney.com/notices/detail/920020/AN202605111822165986.html
000404,长虹华意,长虹华意:2025年度业绩说明会投资者关系活动记录表（2026-01）,调研活动,2026-05-11,https://data.eastmoney.com/notices/detail/000404/AN202605111822165543.html
920339,恒太照明,恒太照明:2025年年度股东会决议公告,分配方案决议公告,2026-05-11,https://data.eastmoney.com/notices/detail/920339/AN202605111822165931.html
920575,*ST康乐,*ST康乐:2025年年度报告业绩说明会预告公告,其他,2026-05-11,https://data.eastmoney.com/notices/detail/920575/AN202605111822165934.html
920339,恒太照明,恒太照明:公司章程,公司章程,2026-05-11,https://data.eastmoney.com/notices/detail/920339/AN202605111822165932.html
920339,恒太照明,恒太照明:上海市联合律师事务所关于江苏恒太照明股份有限公司2025年年度股东会的法律意见书,法律意见书,2026-05-11,https://data.eastmoney.com/notices/detail/920339/AN202605111822165935.html
920339,恒太照明,恒太照明:关于减少注册资本通知债权人公告,公司注册资本变更,2026-05-11,https://data.eastmoney.com/notices/detail/920339/AN202605111822165933.html
001287,中电港,中电港:2026年5月11日投资者关系活动记录表,调研活动,2026-05-11,https://data.eastmoney.com/notices/detail/001287/AN202605111822165675.html
688186,广大特材,广大特材:2026年5月8日投资者关系活动记录表,调研活动,2026-05-11,https://data.eastmoney.com/notices/detail/688186/AN202605111822165676.html
920414,欧普泰,欧普泰:上海市锦天城律师事务所关于上海欧普泰科技创业股份有限公司2025年年度股东会的法律意见书,法律意见书,2026-05-11,https://data.eastmoney.com/notices/detail/920414/AN202605111822165829.html
920414,欧普泰,欧普泰:投资者关系活动记录表,调研活动,2026-05-11,https://data.eastmoney.com/notices/detail/920414/AN202605111822165827.html
920414,欧普泰,欧普泰:2025年年度股东会决议,分配方案决议公告,2026-05-11,https://data.eastmoney.com/notices/detail/920414/AN202605111822165828.html
920045,蘅东光,蘅东光:投资者关系活动记录表,调研活动,2026-05-11,https://data.eastmoney.com/notices/detail/920045/AN202605111822165717.html
920076,国亮新材,国亮新材:关于投资者关系活动记录表的公告,调研活动,2026-05-11,https://data.eastmoney.com/notices/detail/920076/AN202605111822165716.html
920799,艾融软件,艾融软件:2025年年度报告业绩说明会预告公告,其他,2026-05-11,https://data.eastmoney.com/notices/detail/920799/AN202605111822165718.html
601083,锦江航运,锦江航运:投资者关系活动记录表(2025年年度业绩说明会),调研活动,2026-05-11,https://data.eastmoney.com/notices/detail/601083/AN202605111822165493.html
603266,天龙股份,天龙股份:投资者关系活动记录表(2026年5月8日),调研活动,2026-05-11,https://data.eastmoney.com/notices/detail/603266/AN202605111822165494.html
920438,戈碧迦,戈碧迦:关于投资者关系活动记录表的公告,调研活动,2026-05-11,https://data.eastmoney.com/notices/detail/920438/AN202605111822165593.html
920258,聚仁新材,北京证券交易所上市委员会2026年第48次审议会议结果公告,北交所上市审核会议结果,2026-05-11,https://data.eastmoney.com/notices/detail/920258/AN202605111822165479.html
300097,智云股份,智云股份:关于重大仲裁事项的进展公告,诉讼仲裁,2026-05-11,https://data.eastmoney.com/notices/detail/300097/AN202605111822165571.html
300724,捷佳伟创,捷佳伟创:关于公司银行基本账户部分资金被冻结及诉讼事项的进展公告,股份质押、冻结,2026-05-11,https://data.eastmoney.com/notices/detail/300724/AN202605111822165572.html
920706,铁拓机械,铁拓机械:薪酬与考核委员会关于2026年股权激励计划授予激励对象名单的核查意见及公示情况说明的公告,保荐/核查意见,2026-05-11,https://data.eastmoney.com/notices/detail/920706/AN202605111822165491.html
920706,铁拓机械,铁拓机械:薪酬与考核委员会关于拟认定核心员工的核查意见公告,保荐/核查意见,2026-05-11,https://data.eastmoney.com/notices/detail/920706/AN202605111822165489.html
920642,通易航天,通易航天:2025年年度报告暨2026年第一季度报告说明会预告公告,其他,2026-05-11,https://data.eastmoney.com/notices/detail/920642/AN202605111822165490.html
688981,中芯国际,上海证券交易所并购重组审核委员会2026年第5次审议会议结果公告,上交所并购重组委会议结果公告,2026-05-11,https://data.eastmoney.com/notices/detail/688981/AN202605111822164197.html
301512,智信精密,智信精密:关于特定股东减持股份计划期限届满暨实施情况的公告,股东/实际控制人股份减持,2026-05-11,https://data.eastmoney.com/notices/detail/301512/AN202605111822165482.html
920299,灿能电力,灿能电力:投资者关系活动记录表,调研活动,2026-05-11,https://data.eastmoney.com/notices/detail/920299/AN202605111822165448.html
920299,灿能电力,灿能电力:关于开立募集资金现金管理专用结算账户的公告,投资理财,2026-05-11,https://data.eastmoney.com/notices/detail/920299/AN202605111822165449.html
300288,朗玛信息,朗玛信息:300288朗玛信息投资者关系管理信息20260511,调研活动,2026-05-11,https://data.eastmoney.com/notices/detail/300288/AN202605111822164956.html
920087,秋乐种业,秋乐种业:2025年年度报告业绩说明会预告公告,其他,2026-05-11,https://data.eastmoney.com/notices/detail/920087/AN202605111822165369.html
920455,汇隆活塞,汇隆活塞:2025年年度权益分派实施公告,分配方案实施,2026-05-11,https://data.eastmoney.com/notices/detail/920455/AN202605111822165279.html
920378,泰德股份,泰德股份:投资者关系活动记录表,调研活动,2026-05-11,https://data.eastmoney.com/notices/detail/920378/AN202605111822165278.html
300027,ST华谊,ST华谊:关于举办2025年年度报告网上说明会的公告,其他,2026-05-11,https://data.eastmoney.com/notices/detail/300027/AN202605111822165198.html
300518,新迅达,新迅达:关于公司持股5%以上股东减持计划实施完毕的公告,股东/实际控制人股份减持,2026-05-11,https://data.eastmoney.com/notices/detail/300518/AN202605111822165209.html
000789,万年青,万年青:关于江西万年青水泥股份有限公司收到江西证监局行政监管措施决定书及深圳证券交易所监管函的临时受托管理事务报告,其他,2026-05-11,https://data.eastmoney.com/notices/detail/000789/AN202605111822165207.html
300239,东宝生物,东宝生物:第十届董事会第二次会议决议公告,董事会决议公告,2026-05-11,https://data.eastmoney.com/notices/detail/300239/AN202605111822165199.html
300027,ST华谊,ST华谊:关于控股股东所持部分公司股份拟被司法拍卖的提示性公告,诉讼仲裁,2026-05-11,https://data.eastmoney.com/notices/detail/300027/AN202605111822165208.html
300027,ST华谊,ST华谊:关于控股股东所持部分公司股份被司法拍卖的进展公告,诉讼仲裁,2026-05-11,https://data.eastmoney.com/notices/detail/300027/AN202605111822165206.html
300266,兴源环境,兴源环境:关于收到深圳证券交易所《关于终止对兴源环境科技股份有限公司申请向特定对象发行股票审核的决定》的公告,增发终止,2026-05-11,https://data.eastmoney.com/notices/detail/300266/AN202605111822165201.html
000831,中国稀土,中国稀土:2026年5月11日投资者关系活动记录表,调研活动,2026-05-11,https://data.eastmoney.com/notices/detail/000831/AN202605111822165015.html
688343,云天励飞,云天励飞:投资者关系活动记录表(2026年5月7日),调研活动,2026-05-11,https://data.eastmoney.com/notices/detail/688343/AN202605111822165014.html
688520,神州细胞,神州细胞:投资者关系活动记录表(十五五·科创惠民——科创板企业成果转化与民生赋能之2025年度制药行业集体业绩说明会暨2026年第一季度业绩说明会),调研活动,2026-05-11,https://data.eastmoney.com/notices/detail/688520/AN202605111822165013.html
000403,派林生物,派林生物:2026年5月11日投资者关系活动记录表,调研活动,2026-05-11,https://data.eastmoney.com/notices/detail/000403/AN202605111822164799.html
920152,昆工科技,昆工科技:2025年度报告暨2026年第一季度报告业绩说明会预告公告,其他,2026-05-11,https://data.eastmoney.com/notices/detail/920152/AN202605111822165096.html
300239,东宝生物,东宝生物:包头东宝生物技术股份有限公司关于不向下修正“东宝转债”转股价格的公告,其他,2026-05-11,https://data.eastmoney.com/notices/detail/300239/AN202605111822165054.html
920363,莱赛激光,莱赛激光:关于投资者关系活动记录表的公告,调研活动,2026-05-11,https://data.eastmoney.com/notices/detail/920363/AN202605111822164981.html
920017,星昊医药,星昊医药:投资者关系活动记录表,调研活动,2026-05-11,https://data.eastmoney.com/notices/detail/920017/AN202605111822164980.html
300433,蓝思科技,蓝思科技:关于提前归还部分临时补充流动资金的闲置募集资金的公告,归还募集资金,2026-05-11,https://data.eastmoney.com/notices/detail/300433/AN202605111822164910.html
688557,兰剑智能,兰剑智能:投资者关系活动记录表2026005,调研活动,2026-05-11,https://data.eastmoney.com/notices/detail/688557/AN202605111822164903.html
A26103,纽氏达特,3-1-2发行保荐书(申报稿)(纽氏达特行星传动系统技术(淄博)股份有限公司),创业板IPO发行保荐书申报稿,2026-05-11,https://data.eastmoney.com/notices/detail/A26103/AN202605111822164404.html
920964,润农节水,润农节水:第五届董事会第一次会议决议公告,高管人员任职变动,2026-05-11,https://data.eastmoney.com/notices/detail/920964/AN202605111822164919.html
920964,润农节水,润农节水:第五届董事会专门委员会换届公告,高管人员任职变动,2026-05-11,https://data.eastmoney.com/notices/detail/920964/AN202605111822164920.html
920964,润农节水,润农节水:北京市康达律师事务所关于河北润农节水科技股份有限公司2025年年度股东会的法律意见书,法律意见书,2026-05-11,https://data.eastmoney.com/notices/detail/920964/AN202605111822164922.html
920964,润农节水,润农节水:2025年年度股东会决议公告,分配方案决议公告,2026-05-11,https://data.eastmoney.com/notices/detail/920964/AN202605111822164923.html
A26103,纽氏达特,3-1-3上市保荐书(申报稿)(纽氏达特行星传动系统技术(淄博)股份有限公司),创业板IPO上市保荐书申报稿,2026-05-11,https://data.eastmoney.com/notices/detail/A26103/AN202605111822164406.html
A26103,纽氏达特,3-3-1法律意见书(申报稿)(纽氏达特行星传动系统技术(淄博)股份有限公司),创业板IPO法律意见书申报稿,2026-05-11,https://data.eastmoney.com/notices/detail/A26103/AN202605111822164407.html
300467,迅游科技,迅游科技:关于公司重大仲裁的进展公告,诉讼仲裁,2026-05-11,https://data.eastmoney.com/notices/detail/300467/AN202605111822164912.html
300131,英唐智控,英唐智控:2026年05月11日投资者关系活动记录表,调研活动,2026-05-11,https://data.eastmoney.com/notices/detail/300131/AN202605111822164460.html
A26103,纽氏达特,3-2-1财务报告及审计报告(申报稿)(纽氏达特行星传动系统技术(淄博)股份有限公司),创业板IPO审计报告申报稿,2026-05-11,https://data.eastmoney.com/notices/detail/A26103/AN202605111822164405.html
A26103,纽氏达特,1-1招股说明书(申报稿)(纽氏达特行星传动系统技术(淄博)股份有限公司),创业板IPO招股说明书申报稿,2026-05-11,https://data.eastmoney.com/notices/detail/A26103/AN202605111822164403.html
603210,泰鸿万立,泰鸿万立:浙江泰鸿万立科技股份有限公司投资者关系活动记录表(2026年5月11日),调研活动,2026-05-11,https://data.eastmoney.com/notices/detail/603210/AN202605111822164713.html
600166,福田汽车,福田汽车:北汽福田汽车股份有限公司2026年4月29日-30日投资者关系活动记录表,调研活动,2026-05-11,https://data.eastmoney.com/notices/detail/600166/AN202605111822164702.html
688176,亚虹医药,亚虹医药:江苏亚虹医药科技股份有限公司投资者关系活动记录表_十五五·科创惠民——科创板企业成果转化与民生赋能之2025年度制药行业集体业绩说明会暨2026年第一季度业绩说明会,调研活动,2026-05-11,https://data.eastmoney.com/notices/detail/688176/AN202605111822164704.html
605151,西上海,西上海:投资者关系活动记录表(2025年度暨2026年第一季度业绩说明会),调研活动,2026-05-11,https://data.eastmoney.com/notices/detail/605151/AN202605111822164703.html
300084,海默科技,海默科技:2026年5月11日投资者关系活动记录表,调研活动,2026-05-11,https://data.eastmoney.com/notices/detail/300084/AN202605111822164544.html
A23121,株洲科能,株洲科能新材料股份有限公司科创板首次公开发行股票招股说明书(申报稿),科创板发行上市招股说明书申报稿,2026-05-11,https://data.eastmoney.com/notices/detail/A23121/AN202605111822164442.html
300140,节能环境,节能环境:2026-31关于参加“2026年陕西辖区上市公司投资者集体接待日暨2025年度业绩说明会”的公告,调研活动,2026-05-11,https://data.eastmoney.com/notices/detail/300140/AN202605111822164730.html
002328,新朋股份,新朋股份:002328新朋股份投资者关系管理信息20260511,调研活动,2026-05-11,https://data.eastmoney.com/notices/detail/002328/AN202605111822164433.html
920245,威博液压,威博液压:投资者关系活动记录表,调研活动,2026-05-11,https://data.eastmoney.com/notices/detail/920245/AN202605111822164682.html
920541,铁大科技,铁大科技:投资者关系活动记录表,调研活动,2026-05-11,https://data.eastmoney.com/notices/detail/920541/AN202605111822164636.html
300603,立昂技术,立昂技术:关于举行2025年度网上业绩说明会的公告,其他,2026-05-11,https://data.eastmoney.com/notices/detail/300603/AN202605111822164624.html
300115,长盈精密,长盈精密:2025年度股东会决议公告,分配方案决议公告,2026-05-11,https://data.eastmoney.com/notices/detail/300115/AN202605111822164621.html
300241,瑞丰光电,瑞丰光电:关于2024年股票期权与限制性股票激励计划部分股票期权注销完成的公告,股本变动,2026-05-11,https://data.eastmoney.com/notices/detail/300241/AN202605111822164622.html
300210,森远股份,森远股份:北京博星证券投资顾问有限公司关于鞍山森远路桥股份有限公司详式权益变动报告书之财务顾问核查意见,保荐/核查意见,2026-05-11,https://data.eastmoney.com/notices/detail/300210/AN202605111822164623.html
301237,和顺科技,和顺科技:2026年第一次临时股东会决议公告,股东大会决议公告,2026-05-11,https://data.eastmoney.com/notices/detail/301237/AN202605111822164620.html
300115,长盈精密,长盈精密:2025年度股东会的法律意见书,法律意见书,2026-05-11,https://data.eastmoney.com/notices/detail/300115/AN202605111822164619.html
A23121,株洲科能,申港证券股份有限公司关于株洲科能新材料股份有限公司首次公开发行股票并在科创板上市的发行保荐书(申报稿)(株洲科能新材料股份有限公司),科创板发行上市发行保荐书,2026-05-11,https://data.eastmoney.com/notices/detail/A23121/AN202605111822164536.html
A23121,株洲科能,申港证券股份有限公司关于株洲科能新材料股份有限公司首次公开发行股票并在科创板上市的上市保荐书(申报稿)(株洲科能新材料股份有限公司),科创板发行上市上市保荐书,2026-05-11,https://data.eastmoney.com/notices/detail/A23121/AN202605111822164535.html
A23121,株洲科能,湖南启元律师事务所关于株洲科能新材料股份有限公司首次公开发行股票并在科创板上市的法律意见书(申报稿)(株洲科能新材料股份有限公司),科创板发行上市法律意见书,2026-05-11,https://data.eastmoney.com/notices/detail/A23121/AN202605111822164533.html
002836,新宏泽,新宏泽:002836新宏泽投资者关系管理信息20260511,调研活动,2026-05-11,https://data.eastmoney.com/notices/detail/002836/AN202605111822164292.html
301513,尚水智能,尚水智能:2026年5月11日投资者关系活动记录表,调研活动,2026-05-11,https://data.eastmoney.com/notices/detail/301513/AN202605111822164171.html
A23121,株洲科能,信永中和会计师事务所(特殊普通合伙)关于株洲科能新材料股份有限公司首次公开发行股票并在科创板上市的财务报告及审计报告(申报稿)(株洲科能新材料股份有限公司),科创板发行上市审计报告,2026-05-11,https://data.eastmoney.com/notices/detail/A23121/AN202605111822164534.html
920022,世昌股份,世昌股份:2025年年度权益分派实施公告,分配方案实施,2026-05-11,https://data.eastmoney.com/notices/detail/920022/AN202605111822164538.html
301237,和顺科技,和顺科技:北京市天元律师事务所关于杭州和顺科技股份有限公司2026年第一次临时股东会法律意见,法律意见书,2026-05-11,https://data.eastmoney.com/notices/detail/301237/AN202605111822164499.html
301239,普瑞眼科,普瑞眼科:301239普瑞眼科投资者关系管理信息20260511,调研活动,2026-05-11,https://data.eastmoney.com/notices/detail/301239/AN202605111822164164.html
920166,海圣医疗,海圣医疗:浙江天册律师事务所关于浙江海圣医疗器械股份有限公司2025年年度股东会的法律意见书,法律意见书,2026-05-11,https://data.eastmoney.com/notices/detail/920166/AN202605111822164401.html
920166,海圣医疗,海圣医疗:2025年年度股东会决议公告,分配方案决议公告,2026-05-11,https://data.eastmoney.com/notices/detail/920166/AN202605111822164400.html
301428,世纪恒通,世纪恒通:2026年5月11日投资者关系活动记录表,调研活动,2026-05-11,https://data.eastmoney.com/notices/detail/301428/AN202605111822164143.html
301002,崧盛股份,崧盛股份:关于实际控制人减持股份触及1%整数倍的公告,股东/实际控制人股份减持,2026-05-11,https://data.eastmoney.com/notices/detail/301002/AN202605111822164282.html
301288,清研环境,*ST清研:2025年年度股东会决议公告,分配方案决议公告,2026-05-11,https://data.eastmoney.com/notices/detail/301288/AN202605111822164283.html
301288,清研环境,*ST清研:国浩律师(深圳)事务所关于清研环境科技股份有限公司2025年年度股东会的法律意见书,法律意见书,2026-05-11,https://data.eastmoney.com/notices/detail/301288/AN202605111822164281.html
001280,中国铀业,中国铀业:2026年5月11日投资者关系活动记录表,调研活动,2026-05-11,https://data.eastmoney.com/notices/detail/001280/AN202605111822163742.html
301419,阿莱德,阿莱德:2026年05月11日投资者关系活动记录表,调研活动,2026-05-11,https://data.eastmoney.com/notices/detail/301419/AN202605111822164165.html
002177,御银股份,御银股份:2025年度网上业绩说明会投资者关系活动记录表20260511,调研活动,2026-05-11,https://data.eastmoney.com/notices/detail/002177/AN202605111822163740.html
300134,大富科技,大富科技:300134大富科技2026年5月11日投资者关系活动记录表,调研活动,2026-05-11,https://data.eastmoney.com/notices/detail/300134/AN202605111822164145.html
002518,科士达,科士达:2026年5月11日投资者关系活动记录表,调研活动,2026-05-11,https://data.eastmoney.com/notices/detail/002518/AN202605111822163719.html
603201,常润股份,常润股份:常熟通润汽车零部件股份有限公司投资者关系活动记录表,调研活动,2026-05-11,https://data.eastmoney.com/notices/detail/603201/AN202605111822164038.html
603235,天新药业,天新药业:2025年年度暨2026年第一季度业绩说明会投资者关系活动记录表,调研活动,2026-05-11,https://data.eastmoney.com/notices/detail/603235/AN202605111822164039.html
001222,源飞宠物,源飞宠物:2026年5月11日投资者关系活动记录表,调研活动,2026-05-11,https://data.eastmoney.com/notices/detail/001222/AN202605111822163802.html
920839,万通液压,万通液压:2025年年度报告业绩说明会预告公告,其他,2026-05-11,https://data.eastmoney.com/notices/detail/920839/AN202605111822164120.html
000776,广发证券,广发证券:广发证券股份有限公司2026年面向专业投资者公开发行公司债券(第三期)发行结果公告,其他,2026-05-11,https://data.eastmoney.com/notices/detail/000776/AN202605111822164116.html
002428,云南锗业,云南锗业:2026年5月11日投资者关系活动记录表,调研活动,2026-05-11,https://data.eastmoney.com/notices/detail/002428/AN202605111822163880.html
002928,华夏航空,华夏航空:002928华夏航空投资者关系管理信息20260511,调研活动,2026-05-11,https://data.eastmoney.com/notices/detail/002928/AN202605111822163741.html
300853,申昊科技,申昊科技:第五届董事会第四次会议决议公告,其他增发事项公告,2026-05-11,https://data.eastmoney.com/notices/detail/300853/AN202605111822163958.html
300853,申昊科技,申昊科技:关于2025年度股东会增加临时提案暨股东会补充通知的公告,增加股东大会议案,2026-05-11,https://data.eastmoney.com/notices/detail/300853/AN202605111822163956.html
301021,英诺激光,英诺激光:关于举办2025年年度暨2026年第一季度网络业绩说明会的公告,其他,2026-05-11,https://data.eastmoney.com/notices/detail/301021/AN202605111822163957.html
300853,申昊科技,申昊科技:关于提请股东会授权董事会办理以简易程序向特定对象发行股票相关事宜的公告,其他增发事项公告,2026-05-11,https://data.eastmoney.com/notices/detail/300853/AN202605111822163955.html
002873,新天药业,新天药业:002873新天药业投资者关系管理信息20260511,调研活动,2026-05-11,https://data.eastmoney.com/notices/detail/002873/AN202605111822163803.html
920564,天润科技,天润科技:开源证券股份有限公司关于陕西天润科技股份有限公司向不特定合格投资者公开发行股票之保荐工作总结报告书,保荐/核查意见,2026-05-11,https://data.eastmoney.com/notices/detail/920564/AN202605111822163943.html
920564,天润科技,天润科技:2025年年度报告业绩说明会预告公告,其他,2026-05-11,https://data.eastmoney.com/notices/detail/920564/AN202605111822163944.html
920564,天润科技,天润科技:开源证券股份有限公司关于陕西天润科技股份有限公司的2025年度持续督导跟踪报告,保荐/核查意见,2026-05-11,https://data.eastmoney.com/notices/detail/920564/AN202605111822163942.html
300853,申昊科技,申昊科技:关于公司取得发明专利证书的公告,获得认证,2026-05-11,https://data.eastmoney.com/notices/detail/300853/AN202605111822163807.html
002701,奥瑞金,奥瑞金:2026年5月11日业绩说明会投资者关系活动记录表,调研活动,2026-05-11,https://data.eastmoney.com/notices/detail/002701/AN202605111822163512.html
002939,长城证券,长城证券:关于延长长城证券股份有限公司2026年面向专业投资者公开发行次级债券(第一期)簿记建档时间的公告,其他,2026-05-11,https://data.eastmoney.com/notices/detail/002939/AN202605111822163624.html
301056,森赫股份,森赫股份:关于召开2025年年度股东会的提示性公告,召开股东大会提示性公告,2026-05-11,https://data.eastmoney.com/notices/detail/301056/AN202605111822163628.html
002948,青岛银行,青岛银行:2026年5月11日投资者关系活动记录表,调研活动,2026-05-11,https://data.eastmoney.com/notices/detail/002948/AN202605111822163220.html
605259,绿田机械,绿田机械:2026年05月11日投资者关系活动记录表,调研活动,2026-05-11,https://data.eastmoney.com/notices/detail/605259/AN202605111822163455.html
688455,科捷智能,科捷智能:投资者关系活动记录表(2026年青岛辖区上市公司投资者网上集体接待日暨2025年度业绩说明会),调研活动,2026-05-11,https://data.eastmoney.com/notices/detail/688455/AN202605111822155822.html
688135,利扬芯片,利扬芯片:投资者关系活动记录表(十五五·科技自立自强——科创板集成电路核心技术攻关之2025年度半导体制造、封测行业集体业绩说明会),调研活动,2026-05-11,https://data.eastmoney.com/notices/detail/688135/AN202605111822154928.html
920083,金戈新材,金戈新材:关于认定核心员工的公告,获得认证,2026-05-11,https://data.eastmoney.com/notices/detail/920083/AN202605111822163447.html
000301,东方盛虹,东方盛虹:000301东方盛虹投资者关系管理信息20260511,调研活动,2026-05-11,https://data.eastmoney.com/notices/detail/000301/AN202605111822163222.html
002734,利民股份,利民股份:002734利民股份投资者关系管理信息,调研活动,2026-05-11,https://data.eastmoney.com/notices/detail/002734/AN202605111822163221.html
920222,益坤电气,益坤电气:关于召开2026年第一次临时股东会会议通知公告,召开股东大会通知,2026-05-11,https://data.eastmoney.com/notices/detail/920222/AN202605111822163371.html
300160,秀强股份,秀强股份:北京国枫(南京)律师事务所关于江苏秀强玻璃工艺股份有限公司2025年年度股东会的法律意见书,法律意见书,2026-05-11,https://data.eastmoney.com/notices/detail/300160/AN202605111822163342.html
300160,秀强股份,秀强股份:2025年年度股东会决议公告,分配方案决议公告,2026-05-11,https://data.eastmoney.com/notices/detail/300160/AN202605111822163347.html
300255,常山药业,深交所:常山药业_监管函,深交所股票监管函,2026-05-11,https://data.eastmoney.com/notices/detail/300255/AN202605111822163204.html
300853,申昊科技,申昊科技:关于对外投资设立全资子公司的公告,投资设立公司,2026-05-11,https://data.eastmoney.com/notices/detail/300853/AN202605111822163191.html
920222,益坤电气,益坤电气:关于拟设立专项资产管理计划参与向不特定合格投资者公开发行股票并在北交所上市战略配售的公告,增发方案修订,2026-05-11,https://data.eastmoney.com/notices/detail/920222/AN202605111822163186.html
301388,欣灵电气,欣灵电气:301388欣灵电气投资者关系管理信息20260511,调研活动,2026-05-11,https://data.eastmoney.com/notices/detail/301388/AN202605111822162785.html
003036,泰坦股份,泰坦股份:泰坦股份投资者关系活动记录表（2025年度业绩说明会）,调研活动,2026-05-11,https://data.eastmoney.com/notices/detail/003036/AN202605111822162783.html
002392,北京利尔,北京利尔:002392北京利尔投资者关系管理信息20260511,调研活动,2026-05-11,https://data.eastmoney.com/notices/detail/002392/AN202605111822163051.html
300542,新晨科技,新晨科技:2026年5月11日投资者关系活动记录表,调研活动,2026-05-11,https://data.eastmoney.com/notices/detail/300542/AN202605111822162823.html
920222,益坤电气,益坤电气:关于对拟认定核心员工进行公示并征求意见的公告,其他,2026-05-11,https://data.eastmoney.com/notices/detail/920222/AN202605111822163084.html
920083,金戈新材,金戈新材:2026年第一次临时股东会会议决议公告,股东大会决议公告,2026-05-11,https://data.eastmoney.com/notices/detail/920083/AN202605111822163082.html
300827,上能电气,上能电气:300827上能电气投资者关系管理信息20260511,调研活动,2026-05-11,https://data.eastmoney.com/notices/detail/300827/AN202605111822162505.html
300506,名家汇,ST名家汇:关于全资子公司签订日常经营框架合同的公告,重大合同,2026-05-11,https://data.eastmoney.com/notices/detail/300506/AN202605111822163024.html
301486,致尚科技,致尚科技:2025年度股东会决议公告,分配方案决议公告,2026-05-11,https://data.eastmoney.com/notices/detail/301486/AN202605111822163019.html
301486,致尚科技,致尚科技:北京市竞天公诚(深圳)律师事务所关于深圳市致尚科技股份有限公司2025年度股东会的法律意见书,法律意见书,2026-05-11,https://data.eastmoney.com/notices/detail/301486/AN202605111822163023.html
300284,苏交科,苏交科:关于为子公司提供担保的进展公告,提供/对外担保公告,2026-05-11,https://data.eastmoney.com/notices/detail/300284/AN202605111822163017.html
300245,ST天玑,ST天玑:第六届董事会第十二次临时会议决议公告,高管人员任职变动,2026-05-11,https://data.eastmoney.com/notices/detail/300245/AN202605111822163015.html
300245,ST天玑,ST天玑:关于变更董事会秘书的公告,高管人员任职变动,2026-05-11,https://data.eastmoney.com/notices/detail/300245/AN202605111822163016.html
920222,益坤电气,益坤电气:第三届董事会第八次会议决议公告,高管人员任职变动,2026-05-11,https://data.eastmoney.com/notices/detail/920222/AN202605111822162948.html
920222,益坤电气,益坤电气:独立董事关于第三届董事会第八次会议相关事项的独立意见,专项说明/独立意见,2026-05-11,https://data.eastmoney.com/notices/detail/920222/AN202605111822162947.html
000830,鲁西化工,鲁西化工:2026年5月11日投资者关系活动记录表,调研活动,2026-05-11,https://data.eastmoney.com/notices/detail/000830/AN202605111822162784.html
300112,万讯自控,万讯自控:2026年5月11日投资者关系活动记录表,调研活动,2026-05-11,https://data.eastmoney.com/notices/detail/300112/AN202605111822162786.html
300911,亿田智能,亿田智能:300911亿田智能投资者关系管理信息20260511,调研活动,2026-05-11,https://data.eastmoney.com/notices/detail/300911/AN202605111822162592.html
920083,金戈新材,金戈新材:2026年1-3月审阅报告,保荐/核查意见,2026-05-11,https://data.eastmoney.com/notices/detail/920083/AN202605111822162789.html
920179,凯德石英,凯德石英:关于投资者关系活动记录表的公告,调研活动,2026-05-11,https://data.eastmoney.com/notices/detail/920179/AN202605111822162782.html
300832,新产业,新产业:关于获得医疗器械注册证的公告,获得认证,2026-05-11,https://data.eastmoney.com/notices/detail/300832/AN202605111822162721.html
920083,金戈新材,金戈新材:关于第二届董事会第十七次会议相关事项的独立意见,专项说明/独立意见,2026-05-11,https://data.eastmoney.com/notices/detail/920083/AN202605111822162716.html
688019,安集科技,安集科技:投资者关系活动记录表2026-004,调研活动,2026-05-11,https://data.eastmoney.com/notices/detail/688019/AN202605111822162548.html
688110,东芯股份,东芯股份:东芯半导体股份有限公司投资者关系活动记录表(2026年5月11日),调研活动,2026-05-11,https://data.eastmoney.com/notices/detail/688110/AN202605111822162511.html
601888,中国中免,中国中免:投资者关系活动记录-2026年第一次经营跟踪交流会,调研活动,2026-05-11,https://data.eastmoney.com/notices/detail/601888/AN202605111822162512.html
300707,威唐工业,威唐工业:威唐工业2025年年度网上业绩说明会投资者关系活动记录表,调研活动,2026-05-11,https://data.eastmoney.com/notices/detail/300707/AN202605111822162506.html
301577,美信科技,美信科技:投关活动记录表2026-007,调研活动,2026-05-11,https://data.eastmoney.com/notices/detail/301577/AN202605111822162490.html
300197,节能铁汉,节能铁汉:关于累计诉讼、仲裁情况的公告,诉讼仲裁,2026-05-11,https://data.eastmoney.com/notices/detail/300197/AN202605111822162619.html
300645,正元智慧,正元智慧:关于不向下修正“正元转02”转股价格的公告,其他,2026-05-11,https://data.eastmoney.com/notices/detail/300645/AN202605111822162620.html
300645,正元智慧,正元智慧:第五届董事会第十五次会议决议公告,董事会决议公告,2026-05-11,https://data.eastmoney.com/notices/detail/300645/AN202605111822162618.html
000750,国海证券,国海证券:关于延长国海证券股份有限公司2026年面向专业投资者公开发行公司债券(第一期)簿记建档时间的公告,其他,2026-05-11,https://data.eastmoney.com/notices/detail/000750/AN202605111822162509.html
301107,瑜欣电子,瑜欣电子:2026年5月11日投资者活动记录表,调研活动,2026-05-11,https://data.eastmoney.com/notices/detail/301107/AN202605111822162275.html
920593,鼎智科技,鼎智科技:委托理财进展的公告,委托（受托）事项,2026-05-11,https://data.eastmoney.com/notices/detail/920593/AN202605111822162491.html
002939,长城证券,长城证券:长城证券股份有限公司2025年面向专业投资者公开发行科技创新公司债券(第一期)2026年付息公告,其他,2026-05-11,https://data.eastmoney.com/notices/detail/002939/AN202605111822162415.html
300797,钢研纳克,钢研纳克:300797钢研纳克投资者关系管理信息20260511,调研活动,2026-05-11,https://data.eastmoney.com/notices/detail/300797/AN202605111822162276.html
300937,药易购,深交所:药易购_监管函,深交所股票监管函,2026-05-11,https://data.eastmoney.com/notices/detail/300937/AN202605111822162353.html
300707,威唐工业,威唐工业:关于使用暂时闲置募集资金进行现金管理的进展公告,募集资金使用进展情况,2026-05-11,https://data.eastmoney.com/notices/detail/300707/AN202605111822162295.html
300399,天利科技,天利科技:2025年年度股东会决议公告,分配方案决议公告,2026-05-11,https://data.eastmoney.com/notices/detail/300399/AN202605111822162294.html
300888,稳健医疗,稳健医疗:关于回购股份事项前十名股东及前十名无限售条件股东持股情况的公告,回购进展情况,2026-05-11,https://data.eastmoney.com/notices/detail/300888/AN202605111822162293.html
300399,天利科技,天利科技:上海市锦天城律师事务所关于江西天利科技股份有限公司2025年年度股东会的法律意见书,法律意见书,2026-05-11,https://data.eastmoney.com/notices/detail/300399/AN202605111822162297.html
300897,山科智能,山科智能:300897山科智能投资者关系管理信息20260511,调研活动,2026-05-11,https://data.eastmoney.com/notices/detail/300897/AN202605111822162175.html
002590,万安科技,万安科技:002590万安科技投资者关系管理信息20260511,调研活动,2026-05-11,https://data.eastmoney.com/notices/detail/002590/AN202605111822162143.html
301228,实朴检测,实朴检测:301228实朴检测投资者关系管理信息20260511,调研活动,2026-05-11,https://data.eastmoney.com/notices/detail/301228/AN202605111822162144.html
002368,太极股份,深交所:太极股份(002368)_监管函,深交所股票监管函,2026-05-11,https://data.eastmoney.com/notices/detail/002368/AN202605111822162194.html
920072,科莱瑞迪,科莱瑞迪:2026年第一季度审阅报告,保荐/核查意见,2026-05-11,https://data.eastmoney.com/notices/detail/920072/AN202605111822162219.html
300124,汇川技术,汇川技术:国泰海通证券股份有限公司关于深圳市汇川技术股份有限公司分拆所属子公司苏州汇川联合动力系统股份有限公司至创业板上市2025年持续督导核查意见,保荐/核查意见,2026-05-11,https://data.eastmoney.com/notices/detail/300124/AN202605111822162189.html
300321,同大股份,同大股份:山东同大海岛新材料股份有限公司2025年年度权益分派实施公告,分配方案实施,2026-05-11,https://data.eastmoney.com/notices/detail/300321/AN202605111822162191.html
301133,金钟股份,金钟股份:关于变更办公地址的公告,公司办公地址变更,2026-05-11,https://data.eastmoney.com/notices/detail/301133/AN202605111822162192.html
301122,采纳股份,采纳股份:关于使用部分闲置自有资金进行现金管理的公告,投资理财,2026-05-11,https://data.eastmoney.com/notices/detail/301122/AN202605111822162190.html
300983,尤安设计,尤安设计:2025年度股东会决议公告,分配方案决议公告,2026-05-11,https://data.eastmoney.com/notices/detail/300983/AN202605111822162188.html
920108,宏海科技,宏海科技:2025年年度报告业绩说明会预告公告,其他,2026-05-11,https://data.eastmoney.com/notices/detail/920108/AN202605111822162168.html
603398,*ST沐邦,*ST沐邦:国金证券股份有限公司关于江西沐邦高科股份有限公司向特定对象发行股票之保荐总结报告书,保荐/核查意见,2026-05-11,https://data.eastmoney.com/notices/detail/603398/AN202605111822162155.html
603398,*ST沐邦,*ST沐邦:国金证券股份有限公司关于江西沐邦高科股份有限公司2025年度持续督导现场检查报告,保荐/核查意见,2026-05-11,https://data.eastmoney.com/notices/detail/603398/AN202605111822162154.html
603398,*ST沐邦,*ST沐邦:国金证券股份有限公司关于江西沐邦高科股份有限公司2025年度持续督导报告书,保荐/核查意见,2026-05-11,https://data.eastmoney.com/notices/detail/603398/AN202605111822162156.html
002334,英威腾,英威腾:2026年5月7日至5月8日投资者关系活动记录表,调研活动,2026-05-11,https://data.eastmoney.com/notices/detail/002334/AN202605111822161875.html
300596,利安隆,利安隆:关于控股股东部分股份办理股票质押式回购交易业务的公告,股份质押、冻结,2026-05-11,https://data.eastmoney.com/notices/detail/300596/AN202605111822162108.html
300983,尤安设计,尤安设计:国浩律师(上海)事务所关于上海尤安建筑设计股份有限公司2025年度股东会的法律意见书,法律意见书,2026-05-11,https://data.eastmoney.com/notices/detail/300983/AN202605111822162109.html
603170,宝立食品,宝立食品:投资者关系活动记录表(2026-02),调研活动,2026-05-11,https://data.eastmoney.com/notices/detail/603170/AN202605111822162040.html
603936,博敏电子,博敏电子:投资者关系活动记录表,调研活动,2026-05-11,https://data.eastmoney.com/notices/detail/603936/AN202605111822162041.html
920099,瑞华技术,瑞华技术:中信建投证券股份有限公司关于常州瑞华化工工程技术股份有限公司2025年度持续督导跟踪报告,保荐/核查意见,2026-05-11,https://data.eastmoney.com/notices/detail/920099/AN202605111822162101.html
920121,江天科技,江天科技:投资者关系活动记录表,调研活动,2026-05-11,https://data.eastmoney.com/notices/detail/920121/AN202605111822162100.html
920072,科莱瑞迪,科莱瑞迪:独立董事关于第四届董事会第十一次会议相关事项的独立意见,专项说明/独立意见,2026-05-11,https://data.eastmoney.com/notices/detail/920072/AN202605111822162095.html
A25309,锐石创芯,8-1发行人及中介机构关于审核问询函的回复(锐石创芯(重庆)科技股份有限公司),科创板发行上市问询与回复,2026-05-11,https://data.eastmoney.com/notices/detail/A25309/AN202605111822161937.html
001325,元创股份,元创股份:001325元创股份投资者关系管理信息20260511,调研活动,2026-05-11,https://data.eastmoney.com/notices/detail/001325/AN202605111822161874.html
920522,纳科诺尔,纳科诺尔:投资者关系活动记录表,调研活动,2026-05-11,https://data.eastmoney.com/notices/detail/920522/AN202605111822161952.html
920242,建邦科技,建邦科技:投资者关系活动记录表,调研活动,2026-05-11,https://data.eastmoney.com/notices/detail/920242/AN202605111822161953.html
001366,播恩集团,播恩集团:001366播恩集团投资者关系管理信息20260511,调研活动,2026-05-11,https://data.eastmoney.com/notices/detail/001366/AN202605111822161673.html
920072,科莱瑞迪,科莱瑞迪:第四届董事会第十一次会议决议公告,董事会决议公告,2026-05-11,https://data.eastmoney.com/notices/detail/920072/AN202605111822161888.html
301322,绿通科技,绿通科技:关于完成工商变更登记并换发营业执照的公告,公司注册资本变更,2026-05-11,https://data.eastmoney.com/notices/detail/301322/AN202605111822161842.html
301206,三元生物,三元生物:关于继续使用暂时闲置超募资金进行现金管理的进展公告,募集资金使用进展情况,2026-05-11,https://data.eastmoney.com/notices/detail/301206/AN202605111822161847.html
301356,天振股份,天振股份:国投证券股份有限公司关于浙江天振科技股份有限公司首次公开发行前已发行股份上市流通的核查意见,保荐/核查意见,2026-05-11,https://data.eastmoney.com/notices/detail/301356/AN202605111822161843.html
300213,佳讯飞鸿,佳讯飞鸿:2025年度业绩说明会投资者活动记录表,调研活动,2026-05-11,https://data.eastmoney.com/notices/detail/300213/AN202605111822161661.html
920083,金戈新材,金戈新材:第二届董事会第十七次会议决议公告,董事会决议公告,2026-05-11,https://data.eastmoney.com/notices/detail/920083/AN202605111822161832.html
920106,林泰新材,林泰新材:2025年年度权益分派实施公告,分配方案实施,2026-05-11,https://data.eastmoney.com/notices/detail/920106/AN202605111822161815.html
920195,三祥科技,三祥科技:投资者关系活动记录表,调研活动,2026-05-11,https://data.eastmoney.com/notices/detail/920195/AN202605111822161813.html
920195,三祥科技,三祥科技:投资者关系活动记录表,调研活动,2026-05-11,https://data.eastmoney.com/notices/detail/920195/AN202605111822161814.html
300252,金信诺,金信诺:深圳金信诺高新技术股份有限公司2025年度以简易程序向特定对象发行股票募集说明书(注册稿),创业板再融资募集说明书注册稿,2026-05-11,https://data.eastmoney.com/notices/detail/300252/AN202605111822161782.html
300326,ST凯利,ST凯利:信息披露暂缓与豁免业务管理制度(2026年5月),管理办法/制度,2026-05-11,https://data.eastmoney.com/notices/detail/300326/AN202605111822161779.html
301356,天振股份,天振股份:关于首次公开发行前已发行股份上市流通的提示性公告,限售股份上市流通,2026-05-11,https://data.eastmoney.com/notices/detail/301356/AN202605111822161783.html
300588,熙菱信息,熙菱信息:董事会薪酬与考核委员会关于2026年限制性股票激励计划首次授予激励对象名单的公示情况说明及核查意见,专项说明/独立意见,2026-05-11,https://data.eastmoney.com/notices/detail/300588/AN202605111822161781.html
300326,ST凯利,ST凯利:第六届董事会第十七次会议决议公告,董事会决议公告,2026-05-11,https://data.eastmoney.com/notices/detail/300326/AN202605111822161780.html
920260,中寰股份,中寰股份:股票解除限售公告,限售股份上市流通,2026-05-11,https://data.eastmoney.com/notices/detail/920260/AN202605111822161765.html
920260,中寰股份,中寰股份:关于使用闲置自有资金购买理财产品的进展公告,投资理财,2026-05-11,https://data.eastmoney.com/notices/detail/920260/AN202605111822161764.html
920185,贝特瑞,贝特瑞:投资者关系活动记录表,调研活动,2026-05-11,https://data.eastmoney.com/notices/detail/920185/AN202605111822161766.html
000700,模塑科技,模塑科技:000700模塑科技投资者关系管理信息20260511,调研活动,2026-05-11,https://data.eastmoney.com/notices/detail/000700/AN202605111822161585.html
300498,温氏股份,温氏股份:2026年5月7日投资者关系活动记录表,调研活动,2026-05-11,https://data.eastmoney.com/notices/detail/300498/AN202605111822161672.html
300482,万孚生物,万孚生物:300482万孚生物投资者关系管理信息20260511,调研活动,2026-05-11,https://data.eastmoney.com/notices/detail/300482/AN202605111822161674.html
301298,东利机械,东利机械:2025年度权益分派实施公告,分配方案实施,2026-05-11,https://data.eastmoney.com/notices/detail/301298/AN202605111822161728.html
688828,国仪公司,上海证券交易所上市审核委员会2026年第21次审议会议结果公告,沪主板发行上市审核委会议结果公告,2026-05-11,https://data.eastmoney.com/notices/detail/688828/AN202605111822161608.html
920422,润普食品,润普食品:股东拟减持股份的预披露公告,股东/实际控制人股份减持,2026-05-11,https://data.eastmoney.com/notices/detail/920422/AN202605111822161686.html
301031,中熔电气,中熔电气:301031中熔电气投资者关系管理信息20260511,调研活动,2026-05-11,https://data.eastmoney.com/notices/detail/301031/AN202605111822161395.html
003006,百亚股份,百亚股份:投资者关系活动记录表,调研活动,2026-05-11,https://data.eastmoney.com/notices/detail/003006/AN202605111822161586.html
000937,冀中能源,冀中能源:000937冀中能源投资者关系管理信息20260511,调研活动,2026-05-11,https://data.eastmoney.com/notices/detail/000937/AN202605111822161584.html
300590,移为通信,移为通信:关于2026年员工持股计划完成股票非交易过户的公告,员工持股计划,2026-05-11,https://data.eastmoney.com/notices/detail/300590/AN202605111822161572.html
300056,中创环保,中创环保:关于公司为全资子公司提供担保的公告,提供/对外担保公告,2026-05-11,https://data.eastmoney.com/notices/detail/300056/AN202605111822161568.html
300302,同有科技,同有科技:股票交易异常波动公告,股票交易异常波动,2026-05-11,https://data.eastmoney.com/notices/detail/300302/AN202605111822161570.html
301633,港迪技术,港迪技术:关于部分股东减持股份的预披露公告,股东/实际控制人股份减持,2026-05-11,https://data.eastmoney.com/notices/detail/301633/AN202605111822161562.html
300296,利亚德,利亚德:2025年年度权益分派实施公告,分配方案实施,2026-05-11,https://data.eastmoney.com/notices/detail/300296/AN202605111822161561.html
301131,聚赛龙,聚赛龙:2025年度业绩说明会投资者关系活动记录表,调研活动,2026-05-11,https://data.eastmoney.com/notices/detail/301131/AN202605111822161393.html
600477,杭萧钢构,杭萧钢构:杭萧钢构2025年年度股东会会议资料,股东大会资料,2026-05-11,https://data.eastmoney.com/notices/detail/600477/AN202605111822161527.html
920405,海希通讯,海希通讯:中信证券股份有限公司关于退出为上海海希工业通讯股份有限公司股票提供做市服务的公告,做市商变动,2026-05-11,https://data.eastmoney.com/notices/detail/920405/AN202605111822161475.html
920627,力王股份,力王股份:2025年年度股东会决议公告,分配方案决议公告,2026-05-11,https://data.eastmoney.com/notices/detail/920627/AN202605111822161473.html
920627,力王股份,力王股份:广东莞泰律师事务所关于广东力王新能源股份有限公司2025年年度股东会的法律意见书,法律意见书,2026-05-11,https://data.eastmoney.com/notices/detail/920627/AN202605111822161474.html
301498,乖宝宠物,乖宝宠物:关于回购股份事项前十名股东和前十名无限售条件股东持股情况的公告,回购进展情况,2026-05-11,https://data.eastmoney.com/notices/detail/301498/AN202605111822161467.html
301187,欧圣电气,欧圣电气:欧圣电气2025年度业绩说明会投资者活动记录表,调研活动,2026-05-11,https://data.eastmoney.com/notices/detail/301187/AN202605111822160992.html
300386,飞天诚信,飞天诚信:2025年年度权益分派实施公告,分配方案实施,2026-05-11,https://data.eastmoney.com/notices/detail/300386/AN202605111822161310.html
920238,长鹰硬科,长鹰硬科:2025年年度报告(更正后),年度报告全文,2026-05-11,https://data.eastmoney.com/notices/detail/920238/AN202605111822161264.html
920238,长鹰硬科,长鹰硬科:2025年年度报告(更正公告),年度报告更正公告,2026-05-11,https://data.eastmoney.com/notices/detail/920238/AN202605111822161269.html
920212,智新电子,智新电子:2025年年度报告暨2026年一季度报告业绩说明会预告公告,其他,2026-05-11,https://data.eastmoney.com/notices/detail/920212/AN202605111822161258.html
920504,博迅生物,博迅生物:股东拟减持股份的预披露公告(再次披露),股东/实际控制人股份减持,2026-05-11,https://data.eastmoney.com/notices/detail/920504/AN202605111822161259.html
920112,巴兰仕,巴兰仕:上海市锦天城律师事务所关于上海巴兰仕汽车检测设备股份有限公司2025年年度股东会的法律意见书,法律意见书,2026-05-11,https://data.eastmoney.com/notices/detail/920112/AN202605111822161199.html
920112,巴兰仕,巴兰仕:2025年年度股东会决议公告,分配方案决议公告,2026-05-11,https://data.eastmoney.com/notices/detail/920112/AN202605111822161201.html
920112,巴兰仕,巴兰仕:公司章程,公司章程,2026-05-11,https://data.eastmoney.com/notices/detail/920112/AN202605111822161200.html
000811,冰轮环境,冰轮环境:000811冰轮环境投资者关系管理信息20260511,调研活动,2026-05-11,https://data.eastmoney.com/notices/detail/000811/AN202605111822160991.html
920238,长鹰硬科,长鹰硬科:关于申请公开发行股票并在北交所上市暨停牌进展公告,停牌公告,2026-05-11,https://data.eastmoney.com/notices/detail/920238/AN202605111822161160.html
920238,长鹰硬科,长鹰硬科:关于召开2026年第三次临时股东会会议通知公告,召开股东大会通知,2026-05-11,https://data.eastmoney.com/notices/detail/920238/AN202605111822161158.html
920238,长鹰硬科,长鹰硬科:第三届董事会第六次会议决议公告,董事会决议公告,2026-05-11,https://data.eastmoney.com/notices/detail/920238/AN202605111822161154.html
603538,美诺华,美诺华:宁波美诺华药业股份有限公司2025年年度股东会会议资料,股东大会资料,2026-05-11,https://data.eastmoney.com/notices/detail/603538/AN202605111822161174.html
920819,颖泰生物,颖泰生物:投资者关系活动记录表,调研活动,2026-05-11,https://data.eastmoney.com/notices/detail/920819/AN202605111822161141.html
920177,恒道科技,恒道科技:关于使用闲置募集资金进行现金管理的进展公告,募集资金使用进展情况,2026-05-11,https://data.eastmoney.com/notices/detail/920177/AN202605111822161140.html
301636,泽润新能,泽润新能:关于调整2023年股票期权激励计划行权价格及行权方式的公告,股权激励行权价（数量）调整,2026-05-11,https://data.eastmoney.com/notices/detail/301636/AN202605111822161127.html
301636,泽润新能,泽润新能:第二届董事会第三次会议决议公告,董事会决议公告,2026-05-11,https://data.eastmoney.com/notices/detail/301636/AN202605111822161124.html
301322,绿通科技,绿通科技:关于2025年限制性股票激励计划首次授予部分第一个归属期归属结果暨股份上市的公告,限售股份上市流通,2026-05-11,https://data.eastmoney.com/notices/detail/301322/AN202605111822161122.html
301636,泽润新能,泽润新能:广东信达律师事务所关于江苏泽润新能科技股份有限公司2023年股票期权激励计划调整行权价格的法律意见书,法律意见书,2026-05-11,https://data.eastmoney.com/notices/detail/301636/AN202605111822161118.html
301153,中科江南,中科江南:关于独立董事任期届满辞职的公告,高管人员任职变动,2026-05-11,https://data.eastmoney.com/notices/detail/301153/AN202605111822161120.html
920227,美登科技,美登科技:2025年年度报告业绩说明会预告公告,其他,2026-05-11,https://data.eastmoney.com/notices/detail/920227/AN202605111822161095.html
002780,三夫户外,三夫户外:2026-005：2026年5月11日投资者关系活动记录表,调研活动,2026-05-11,https://data.eastmoney.com/notices/detail/002780/AN202605111822160993.html
920809,安达科技,安达科技:投资者关系活动记录表,调研活动,2026-05-11,https://data.eastmoney.com/notices/detail/920809/AN202605111822161052.html
300855,图南股份,图南股份:股东询价转让定价情况提示性公告,询价转让定价情况提示性公告,2026-05-11,https://data.eastmoney.com/notices/detail/300855/AN202605111822161048.html
300562,乐心医疗,乐心医疗:关于使用闲置募集资金进行现金管理的进展公告,募集资金使用进展情况,2026-05-11,https://data.eastmoney.com/notices/detail/300562/AN202605111822161047.html
688319,欧林生物,欧林生物:投资者关系活动记录表-20260511,调研活动,2026-05-11,https://data.eastmoney.com/notices/detail/688319/AN202605111822160920.html
603159,上海亚虹,上海亚虹:上海亚虹模具股份有限公司投资者关系活动记录表2026001,调研活动,2026-05-11,https://data.eastmoney.com/notices/detail/603159/AN202605111822160919.html
601016,节能风电,7-1关于中节能风力发电股份有限公司向特定对象发行股票申请文件的审核问询函的回复报告(中节能风力发电股份有限公司),沪主板再融资问询与回复,2026-05-11,https://data.eastmoney.com/notices/detail/601016/AN202605111822160948.html
601016,节能风电,7-2致同会计师事务所(特殊普通合伙)关于上海证券交易所《关于中节能风力发电股份有限公司向特定对象发行股票申请文件的审核问询函》的回复(中节能风力发电股份有限公司),沪主板再融资问询与回复,2026-05-11,https://data.eastmoney.com/notices/detail/601016/AN202605111822160953.html
920016,中草香料,中草香料:上海市锦天城律师事务所关于安徽中草香料股份有限公司2025年年度股东会的法律意见书,法律意见书,2026-05-11,https://data.eastmoney.com/notices/detail/920016/AN202605111822160980.html
920016,中草香料,中草香料:2025年年度股东会决议公告,分配方案决议公告,2026-05-11,https://data.eastmoney.com/notices/detail/920016/AN202605111822160979.html
300482,万孚生物,万孚生物:华泰联合证券有限责任公司关于广州万孚生物技术股份有限公司2025年度跟踪报告,保荐/核查意见,2026-05-11,https://data.eastmoney.com/notices/detail/300482/AN202605111822160927.html
300192,科德教育,科德教育:关于公司油墨业务2025年度业绩完成情况的专项说明,专项说明/独立意见,2026-05-11,https://data.eastmoney.com/notices/detail/300192/AN202605111822160931.html
300192,科德教育,科德教育:关于变更持续督导财务顾问主办人的公告,高管人员任职变动,2026-05-11,https://data.eastmoney.com/notices/detail/300192/AN202605111822160929.html
300192,科德教育,科德教育:天风证券股份有限公司关于苏州科德教育科技股份有限公司详式权益变动报告书之2026年第一季度持续督导意见,保荐/核查意见,2026-05-11,https://data.eastmoney.com/notices/detail/300192/AN202605111822160926.html
300482,万孚生物,万孚生物:关于更换持续督导保荐代表人的公告,保荐代表人（机构）变更,2026-05-11,https://data.eastmoney.com/notices/detail/300482/AN202605111822160930.html
300192,科德教育,科德教育:第六届董事会第三次临时会议决议公告,董事会决议公告,2026-05-11,https://data.eastmoney.com/notices/detail/300192/AN202605111822160928.html
300533,冰川网络,冰川网络:关于召开2025年年度股东会的提示性公告,召开股东大会提示性公告,2026-05-11,https://data.eastmoney.com/notices/detail/300533/AN202605111822160893.html
301062,上海艾录,上海艾录:301062上海艾录投资者关系管理信息20260511,调研活动,2026-05-11,https://data.eastmoney.com/notices/detail/301062/AN202605111822159816.html
920753,天纺标,天纺标:投资者关系活动记录表,调研活动,2026-05-11,https://data.eastmoney.com/notices/detail/920753/AN202605111822160831.html
920735,德源药业,德源药业:关于巴瑞替尼片获国家药监局签发药品注册证书的公告,获得认证,2026-05-11,https://data.eastmoney.com/notices/detail/920735/AN202605111822160830.html
920047,诺思兰德,诺思兰德:投资者关系活动记录表,调研活动,2026-05-11,https://data.eastmoney.com/notices/detail/920047/AN202605111822160832.html
920578,巨能股份,巨能股份:关于参加宁夏辖区上市公司投资者集体接待日暨2025年度业绩说明会预告公告,调研活动,2026-05-11,https://data.eastmoney.com/notices/detail/920578/AN202605111822160779.html
300943,春晖智控,春晖智控:第九届董事会第十六次会议决议公告,董事会决议公告,2026-05-11,https://data.eastmoney.com/notices/detail/300943/AN202605111822160641.html
300298,三诺生物,三诺生物:关于控股股东部分股份质押展期的公告,股份质押、冻结,2026-05-11,https://data.eastmoney.com/notices/detail/300298/AN202605111822160649.html
300184,力源信息,力源信息:关于回购股份事项前十名股东及前十名无限售条件股东持股情况的公告,回购进展情况,2026-05-11,https://data.eastmoney.com/notices/detail/300184/AN202605111822160643.html
301135,瑞德智能,瑞德智能:关于部分回购股份注销完成暨股份变动的公告,股本变动,2026-05-11,https://data.eastmoney.com/notices/detail/301135/AN202605111822160647.html
300592,华凯易佰,华凯易佰:关于举办2025年度暨2026年一季度业绩说明会的公告,其他,2026-05-11,https://data.eastmoney.com/notices/detail/300592/AN202605111822160638.html
300943,春晖智控,春晖智控:浙江春晖智能控制股份有限公司拟发行股份及支付现金购买资产涉及的浙江春晖仪表股份有限公司股东全部权益价值评估项目资产评估报告,其他,2026-05-11,https://data.eastmoney.com/notices/detail/300943/AN202605111822160646.html
300943,春晖智控,春晖智控:浙江春晖智能控制股份有限公司发行股份及支付现金购买资产暨关联交易报告书(草案)(修订稿),其他增发事项公告,2026-05-11,https://data.eastmoney.com/notices/detail/300943/AN202605111822160639.html
300943,春晖智控,春晖智控:浙江春晖智能控制股份有限公司发行股份及支付现金购买资产暨关联交易报告书(草案)摘要(修订稿),其他增发事项公告,2026-05-11,https://data.eastmoney.com/notices/detail/300943/AN202605111822160648.html
300514,友讯达,友讯达:关于收到中标通知书的公告,重大合同,2026-05-11,https://data.eastmoney.com/notices/detail/300514/AN202605111822160650.html
300943,春晖智控,春晖智控:国金证券股份有限公司关于浙江春晖智能控制股份有限公司发行股份及支付现金购买资产暨关联交易之独立财务顾问报告(修订稿),保荐/核查意见,2026-05-11,https://data.eastmoney.com/notices/detail/300943/AN202605111822160645.html
300848,美瑞新材,美瑞新材:2025年度分红派息实施公告,分配方案实施,2026-05-11,https://data.eastmoney.com/notices/detail/300848/AN202605111822160640.html
300943,春晖智控,春晖智控:关于向深圳证券交易所申请恢复审核发行股份及支付现金购买资产暨关联交易事项的公告,关联交易,2026-05-11,https://data.eastmoney.com/notices/detail/300943/AN202605111822160644.html
300943,春晖智控,春晖智控:关于发行股份及支付现金购买资产暨关联交易报告书(草案)修订说明的公告,其他,2026-05-11,https://data.eastmoney.com/notices/detail/300943/AN202605111822160642.html
300731,科创新源,科创新源:关于为控股子公司提供担保的进展公告,提供/对外担保公告,2026-05-11,https://data.eastmoney.com/notices/detail/300731/AN202605111822160651.html
301003,江苏博云,江苏博云:关于使用闲置募集资金及自有资金进行现金管理的进展公告,募集资金使用进展情况,2026-05-11,https://data.eastmoney.com/notices/detail/301003/AN202605111822160593.html
300346,南大光电,南大光电:2025年度权益分派实施公告,分配方案实施,2026-05-11,https://data.eastmoney.com/notices/detail/300346/AN202605111822160482.html
002567,唐人神,唐人神:2026年5月9日投资者关系活动记录表,调研活动,2026-05-11,https://data.eastmoney.com/notices/detail/002567/AN202605111822160327.html
920855,浙江大农,浙江大农:委托理财进展的公告,委托（受托）事项,2026-05-11,https://data.eastmoney.com/notices/detail/920855/AN202605111822160340.html
920770,艾能聚,艾能聚:股东减持股份结果公告,股东/实际控制人股份减持,2026-05-11,https://data.eastmoney.com/notices/detail/920770/AN202605111822160297.html
920091,大鹏工业,大鹏工业:2025年年度报告业绩说明会预告公告,其他,2026-05-11,https://data.eastmoney.com/notices/detail/920091/AN202605111822160260.html
920091,大鹏工业,大鹏工业:关于参加黑龙江辖区上市公司2026年投资者网上集体接待日活动的公告,调研活动,2026-05-11,https://data.eastmoney.com/notices/detail/920091/AN202605111822160259.html
300784,利安科技,利安科技:300784利安科技投资者关系管理信息20260511,调研活动,2026-05-11,https://data.eastmoney.com/notices/detail/300784/AN202605111822159802.html
603668,天马科技,天马科技:福建天马科技集团股份有限公司投资者关系活动记录表(2026-001),调研活动,2026-05-11,https://data.eastmoney.com/notices/detail/603668/AN202605111822159958.html
601226,华电科工,华电科工:投资者关系活动记录表(2026-002),调研活动,2026-05-11,https://data.eastmoney.com/notices/detail/601226/AN202605111822159957.html
920547,无锡晶海,无锡晶海:2025年年度报告业绩说明会预告公告,其他,2026-05-11,https://data.eastmoney.com/notices/detail/920547/AN202605111822160142.html
920395,朗鸿科技,朗鸿科技:关于拟注销全资子公司的公告,公司关联方基本资料变更,2026-05-11,https://data.eastmoney.com/notices/detail/920395/AN202605111822160141.html
301228,实朴检测,实朴检测:国泰海通证券股份有限公司关于实朴检测技术(上海)股份有限公司2025年度持续督导工作现场检查报告,保荐/核查意见,2026-05-11,https://data.eastmoney.com/notices/detail/301228/AN202605111822160072.html
301228,实朴检测,实朴检测:国泰海通证券股份有限公司关于实朴检测技术(上海)股份有限公司首次公开发行股票并在创业板上市之保荐总结报告书,保荐/核查意见,2026-05-11,https://data.eastmoney.com/notices/detail/301228/AN202605111822160069.html
301228,实朴检测,实朴检测:国泰海通证券股份有限公司关于实朴检测技术(上海)股份有限公司2025年度持续督导跟踪报告,保荐/核查意见,2026-05-11,https://data.eastmoney.com/notices/detail/301228/AN202605111822160071.html
301228,实朴检测,实朴检测:国泰海通证券股份有限公司关于实朴检测技术(上海)股份有限公司2025年度内部控制自我评价报告的核查意见,保荐/核查意见,2026-05-11,https://data.eastmoney.com/notices/detail/301228/AN202605111822160070.html
300990,同飞股份,同飞股份:关于调整第二期限制性股票激励计划相关事项的公告,股权激励进展公告,2026-05-11,https://data.eastmoney.com/notices/detail/300990/AN202605111822159988.html
300990,同飞股份,同飞股份:关于调整第一期限制性股票激励计划相关事项的公告,股权激励进展公告,2026-05-11,https://data.eastmoney.com/notices/detail/300990/AN202605111822159986.html
300477,ST合纵,ST合纵:关于公司股票被叠加实施其他风险警示相关事项的进展公告,其它风险提示公告,2026-05-11,https://data.eastmoney.com/notices/detail/300477/AN202605111822159977.html
300539,横河精密,横河精密:2025年年度权益分派实施公告,分配方案实施,2026-05-11,https://data.eastmoney.com/notices/detail/300539/AN202605111822159990.html
300990,同飞股份,同飞股份:关于作废第一期限制性股票激励计划首次授予部分已授予但尚未归属的限制性股票的公告,股权激励进展公告,2026-05-11,https://data.eastmoney.com/notices/detail/300990/AN202605111822159982.html
301377,鼎泰高科,鼎泰高科:关于变更职工代表董事的公告,高管人员任职变动,2026-05-11,https://data.eastmoney.com/notices/detail/301377/AN202605111822159978.html
300339,润和软件,润和软件:关于召开2025年年度股东会的提示性公告,召开股东大会提示性公告,2026-05-11,https://data.eastmoney.com/notices/detail/300339/AN202605111822159985.html
300339,润和软件,润和软件:关于控股股东及实际控制人部分股份解除质押及再质押的公告,股份质押、冻结,2026-05-11,https://data.eastmoney.com/notices/detail/300339/AN202605111822159984.html
300141,和顺电气,和顺电气:苏州工业园区和顺电气股份有限公司关于控股股东减持实施进展暨权益变动触及1%整数倍的公告,权益变动报告书,2026-05-11,https://data.eastmoney.com/notices/detail/300141/AN202605111822159980.html
300135,宝利国际,宝利国际:关于收到江苏证监局警示函的公告,警示函公告,2026-05-11,https://data.eastmoney.com/notices/detail/300135/AN202605111822159989.html
300015,爱尔眼科,爱尔眼科:关于更换持续督导保荐代表人的公告,保荐代表人（机构）变更,2026-05-11,https://data.eastmoney.com/notices/detail/300015/AN202605111822159976.html
300990,同飞股份,同飞股份:第三届董事会第二十八次(临时)会议决议公告,董事会决议公告,2026-05-11,https://data.eastmoney.com/notices/detail/300990/AN202605111822159987.html
300990,同飞股份,同飞股份:董事会薪酬与考核委员会关于第一期限制性股票激励计划首次授予部分第三个归属期归属名单的核查意见,专项说明/独立意见,2026-05-11,https://data.eastmoney.com/notices/detail/300990/AN202605111822159983.html
300990,同飞股份,同飞股份:北京市环球律师事务所关于三河同飞制冷股份有限公司限制性股票激励计划调整、归属及作废相关事项之法律意见书,法律意见书,2026-05-11,https://data.eastmoney.com/notices/detail/300990/AN202605111822159979.html
920526,凯华材料,凯华材料:投资者关系活动记录表,调研活动,2026-05-11,https://data.eastmoney.com/notices/detail/920526/AN202605111822159814.html
920122,中纺标,中纺标:投资者关系活动记录表,调研活动,2026-05-11,https://data.eastmoney.com/notices/detail/920122/AN202605111822159812.html
920088,科力股份,科力股份:2025年年度报告业绩说明会预告公告,其他,2026-05-11,https://data.eastmoney.com/notices/detail/920088/AN202605111822159811.html
920779,武汉蓝电,武汉蓝电:关于使用闲置募集资金进行现金管理的进展公告,募集资金使用进展情况,2026-05-11,https://data.eastmoney.com/notices/detail/920779/AN202605111822159813.html
300990,同飞股份,同飞股份:关于第一期限制性股票激励计划首次授予部分第三个归属期归属条件成就的公告,股权激励进展公告,2026-05-11,https://data.eastmoney.com/notices/detail/300990/AN202605111822159775.html
301130,西点药业,西点药业:关于持股5%以上股东及其一致行动人减持股份触及1%整数倍的公告,股东/实际控制人股份减持,2026-05-11,https://data.eastmoney.com/notices/detail/301130/AN202605111822159777.html
300141,和顺电气,和顺电气:苏州工业园区和顺电气股份有限公司关于持股5%以上股东减持实施进展暨权益变动触及1%整数倍的公告,权益变动报告书,2026-05-11,https://data.eastmoney.com/notices/detail/300141/AN202605111822159776.html
300449,汉邦高科,汉邦高科:300449汉邦高科投资者关系管理信息20260511,调研活动,2026-05-11,https://data.eastmoney.com/notices/detail/300449/AN202605111822159597.html
920008,成电光信,成电光信:广发证券股份有限公司关于成都成电光信科技股份有限公司的2025年度持续督导跟踪报告,保荐/核查意见,2026-05-11,https://data.eastmoney.com/notices/detail/920008/AN202605111822159607.html
301116,益客食品,益客食品:中信证券股份有限公司关于江苏益客食品集团股份有限公司2025年度跟踪报告,保荐/核查意见,2026-05-11,https://data.eastmoney.com/notices/detail/301116/AN202605111822159548.html
301116,益客食品,益客食品:中信证券股份有限公司关于江苏益客食品集团股份有限公司2025年度持续督导定期现场检查报告,保荐/核查意见,2026-05-11,https://data.eastmoney.com/notices/detail/301116/AN202605111822159553.html
300137,先河环保,先河环保:关于公司以公开摘牌方式收购邢台顺科智慧城市建设有限公司100%股权和邢台智算科技有限公司100%股权的进展公告,收购出售资产/股权,2026-05-11,https://data.eastmoney.com/notices/detail/300137/AN202605111822159547.html
300013,新宁物流,新宁物流:关于独立董事取得独立董事培训证明的公告,其他,2026-05-11,https://data.eastmoney.com/notices/detail/300013/AN202605111822159549.html
301116,益客食品,益客食品:中信证券股份有限公司关于江苏益客食品集团股份有限公司2025年持续督导工作现场检查结果及提请公司注意事项,保荐/核查意见,2026-05-11,https://data.eastmoney.com/notices/detail/301116/AN202605111822159558.html
301116,益客食品,益客食品:中信证券股份有限公司关于江苏益客食品集团股份有限公司首次公开发行股票并在创业板上市持续督导保荐总结报告书,保荐/核查意见,2026-05-11,https://data.eastmoney.com/notices/detail/301116/AN202605111822159550.html
300878,维康药业,维康药业:关于控股股东、实际控制人部分股份质押的公告,股份质押、冻结,2026-05-11,https://data.eastmoney.com/notices/detail/300878/AN202605111822159557.html
301098,金埔园林,金埔园林:董事会提名与薪酬考核委员会关于2026年股票期权与限制性股票激励计划激励对象名单的审核意见及公示情况说明,专项说明/独立意见,2026-05-11,https://data.eastmoney.com/notices/detail/301098/AN202605111822159543.html
920781,瑞奇智造,瑞奇智造:2025年年度报告业绩说明会预告公告,其他,2026-05-11,https://data.eastmoney.com/notices/detail/920781/AN202605111822159417.html
301357,北方长龙,北方长龙:关于参加2026年陕西辖区上市公司投资者集体接待日暨2025年度业绩说明会的公告,调研活动,2026-05-11,https://data.eastmoney.com/notices/detail/301357/AN202605111822159359.html
301095,广立微,广立微:中国国际金融股份有限公司关于杭州广立微电子股份有限公司2025年年度跟踪报告,保荐/核查意见,2026-05-11,https://data.eastmoney.com/notices/detail/301095/AN202605111822159340.html
301448,开创电气,开创电气:国金证券股份有限公司关于浙江开创电气股份有限公司2025年度持续督导跟踪报告,保荐/核查意见,2026-05-11,https://data.eastmoney.com/notices/detail/301448/AN202605111822159339.html
301355,南王科技,南王科技:申万宏源证券承销保荐有限责任公司关于福建南王环保科技股份有限公司2025年度跟踪报告,保荐/核查意见,2026-05-11,https://data.eastmoney.com/notices/detail/301355/AN202605111822159341.html
301095,广立微,广立微:中国国际金融股份有限公司关于杭州广立微电子股份有限公司持续督导保荐总结报告书,保荐/核查意见,2026-05-11,https://data.eastmoney.com/notices/detail/301095/AN202605111822159338.html
920130,立方控股,立方控股:2025年年度报告业绩说明会预告公告,其他,2026-05-11,https://data.eastmoney.com/notices/detail/920130/AN202605111822159327.html
301326,捷邦科技,捷邦科技:中信建投证券股份有限公司关于捷邦精密科技股份有限公司首次公开发行股票并在创业板上市之保荐总结报告书,保荐/核查意见,2026-05-11,https://data.eastmoney.com/notices/detail/301326/AN202605111822159288.html
300078,思创智联,思创智联:国金证券股份有限公司关于思创智联科技股份有限公司重大资产出售暨关联交易之2025年度持续督导意见,保荐/核查意见,2026-05-11,https://data.eastmoney.com/notices/detail/300078/AN202605111822159302.html
301234,五洲医疗,五洲医疗:光大证券股份有限公司关于安徽宏宇五洲医疗器械股份有限公司首次公开发行股票并在创业板上市持续督导保荐总结报告书,保荐/核查意见,2026-05-11,https://data.eastmoney.com/notices/detail/301234/AN202605111822159289.html
301209,联合化学,联合化学:中德证券有限责任公司关于龙口联合化学股份有限公司首次公开发行股票并在创业板上市持续督导保荐总结报告书,保荐/核查意见,2026-05-11,https://data.eastmoney.com/notices/detail/301209/AN202605111822159293.html
301367,瑞迈特,瑞迈特:中国国际金融股份有限公司关于北京瑞迈特医疗科技股份有限公司2025年度持续督导跟踪报告,保荐/核查意见,2026-05-11,https://data.eastmoney.com/notices/detail/301367/AN202605111822159299.html
300973,立高食品,立高食品:中信建投证券股份有限公司关于立高食品股份有限公司2025年度定期现场检查报告,保荐/核查意见,2026-05-11,https://data.eastmoney.com/notices/detail/300973/AN202605111822159286.html
301255,通力科技,通力科技:国投证券股份有限公司关于浙江通力传动科技股份有限公司2025年度跟踪报告,保荐/核查意见,2026-05-11,https://data.eastmoney.com/notices/detail/301255/AN202605111822159296.html
300793,佳禾智能,佳禾智能:招商证券股份有限公司关于佳禾智能科技股份有限公司2025年年度跟踪报告,保荐/核查意见,2026-05-11,https://data.eastmoney.com/notices/detail/300793/AN202605111822159295.html
301209,联合化学,联合化学:龙口联合化学股份有限公司关于参加2026年山东辖区上市公司投资者网上集体接待日活动的公告,调研活动,2026-05-11,https://data.eastmoney.com/notices/detail/301209/AN202605111822159292.html
300973,立高食品,立高食品:中信建投证券股份有限公司关于立高食品股份有限公司向不特定对象发行可转换公司债券之保荐总结报告书,保荐/核查意见,2026-05-11,https://data.eastmoney.com/notices/detail/300973/AN202605111822159300.html
301367,瑞迈特,瑞迈特:中国国际金融股份有限公司关于北京瑞迈特医疗科技股份有限公司持续督导保荐总结报告书,保荐/核查意见,2026-05-11,https://data.eastmoney.com/notices/detail/301367/AN202605111822159304.html
301255,通力科技,通力科技:国投证券股份有限公司关于浙江通力传动科技股份有限公司首次公开发行股票并在创业板上市持续督导保荐总结报告书,保荐/核查意见,2026-05-11,https://data.eastmoney.com/notices/detail/301255/AN202605111822159291.html
301007,德迈仕,德迈仕:国信证券股份有限公司关于大连德迈仕精密科技股份有限公司详式权益变动报告书之2026年第1季度持续督导意见,保荐/核查意见,2026-05-11,https://data.eastmoney.com/notices/detail/301007/AN202605111822159301.html
300973,立高食品,立高食品:中信建投证券股份有限公司关于立高食品股份有限公司2025年度跟踪报告,保荐/核查意见,2026-05-11,https://data.eastmoney.com/notices/detail/300973/AN202605111822159290.html
301326,捷邦科技,捷邦科技:中信建投证券股份有限公司关于捷邦精密科技股份有限公司2025年度定期现场检查报告,保荐/核查意见,2026-05-11,https://data.eastmoney.com/notices/detail/301326/AN202605111822159303.html
301326,捷邦科技,捷邦科技:中信建投证券股份有限公司关于捷邦精密科技股份有限公司2025年度持续督导跟踪报告,保荐/核查意见,2026-05-11,https://data.eastmoney.com/notices/detail/301326/AN202605111822159287.html
920207,众诚科技,众诚科技:2025年年度报告业绩说明会预告公告,其他,2026-05-11,https://data.eastmoney.com/notices/detail/920207/AN202605111822159265.html
300595,欧普康视,欧普康视:关于控股子公司为其子公司提供担保的公告,提供/对外担保公告,2026-05-11,https://data.eastmoney.com/notices/detail/300595/AN202605111822159238.html
300915,海融科技,海融科技:关于2025年度股东会延期召开的公告,变更股东大会时间,2026-05-11,https://data.eastmoney.com/notices/detail/300915/AN202605111822159237.html
920252,天宏锂电,天宏锂电:申万宏源证券承销保荐有限责任公司关于浙江天宏锂电股份有限公司2025年年度持续督导跟踪报告,保荐/核查意见,2026-05-11,https://data.eastmoney.com/notices/detail/920252/AN202605111822159230.html
603206,嘉环科技,嘉环科技:2025年年度股东会会议资料,股东大会资料,2026-05-11,https://data.eastmoney.com/notices/detail/603206/AN202605111822159197.html
300915,海融科技,海融科技:关于使用闲置募集资金进行现金管理的进展公告,募集资金使用进展情况,2026-05-11,https://data.eastmoney.com/notices/detail/300915/AN202605111822159194.html
920926,鸿智科技,鸿智科技:2025年年度报告业绩说明会预告公告,其他,2026-05-11,https://data.eastmoney.com/notices/detail/920926/AN202605111822159168.html
920267,鑫汇科,鑫汇科:2025年年度报告业绩说明会预告公告,其他,2026-05-11,https://data.eastmoney.com/notices/detail/920267/AN202605111822159169.html
920237,力佳科技,力佳科技:投资者关系活动记录表,调研活动,2026-05-11,https://data.eastmoney.com/notices/detail/920237/AN202605111822158974.html
920592,华信永道,华信永道:2025年年度报告业绩说明会预告公告,其他,2026-05-11,https://data.eastmoney.com/notices/detail/920592/AN202605111822158975.html
300529,健帆生物,健帆生物:关于新产品取得医疗器械注册证的公告,获得认证,2026-05-11,https://data.eastmoney.com/notices/detail/300529/AN202605111822158948.html
301070,开勒股份,开勒股份:关于参加2026年上海辖区上市公司年报集体业绩说明会的公告,其他,2026-05-11,https://data.eastmoney.com/notices/detail/301070/AN202605111822158952.html
300668,杰恩股份,杰恩股份:关于使用闲置自有资金进行现金管理的进展公告,投资理财,2026-05-11,https://data.eastmoney.com/notices/detail/300668/AN202605111822158942.html
300073,当升科技,当升科技:关于为芬兰子公司提供担保的进展公告,提供/对外担保公告,2026-05-11,https://data.eastmoney.com/notices/detail/300073/AN202605111822158939.html
300668,杰恩股份,杰恩股份:关于持股5%以上股东协议转让股份过户完成的公告,股权转让,2026-05-11,https://data.eastmoney.com/notices/detail/300668/AN202605111822158944.html
301152,天力锂能,天力锂能:天力锂能集团股份有限公司关于举办2025年度业绩说明会的公告,其他,2026-05-11,https://data.eastmoney.com/notices/detail/301152/AN202605111822158950.html
301557,常友科技,常友科技:关于举行2025年度业绩说明会的公告,其他,2026-05-11,https://data.eastmoney.com/notices/detail/301557/AN202605111822158941.html
301109,军信股份,军信股份:关于使用闲置自有资金进行现金管理到期赎回并继续进行现金管理的公告,投资理财,2026-05-11,https://data.eastmoney.com/notices/detail/301109/AN202605111822158945.html
920371,欧福蛋业,欧福蛋业:投资者关系活动记录表,调研活动,2026-05-11,https://data.eastmoney.com/notices/detail/920371/AN202605111822158813.html
300164,通源石油,通源石油:关于参加2026年陕西辖区上市公司投资者集体接待日暨2025年度业绩说明会的公告,调研活动,2026-05-11,https://data.eastmoney.com/notices/detail/300164/AN202605111822158752.html
920010,凯添燃气,凯添燃气:2025年年度报告业绩说明会预告公告,其他,2026-05-11,https://data.eastmoney.com/notices/detail/920010/AN202605111822158687.html
300187,永清环保,永清环保:关于召开2025年年度股东会的提示公告,召开股东大会提示性公告,2026-05-11,https://data.eastmoney.com/notices/detail/300187/AN202605111822158532.html
301123,奕东电子,奕东电子:奕东电子关于举办2025年度业绩说明会的公告,其他,2026-05-11,https://data.eastmoney.com/notices/detail/301123/AN202605111822158539.html
300204,舒泰神,舒泰神:关于全资子公司完成工商变更登记的公告,公司关联方基本资料变更,2026-05-11,https://data.eastmoney.com/notices/detail/300204/AN202605111822158541.html
300765,石药创新,新诺威:关于控股子公司SYS6010再次纳入突破性治疗品种名单用于治疗局部晚期或转移性食管鳞状细胞癌患者的公告,其他,2026-05-11,https://data.eastmoney.com/notices/detail/300765/AN202605111822158542.html
300762,上海瀚讯,上海瀚讯:第四届董事会第六次临时会议决议公告,董事会决议公告,2026-05-11,https://data.eastmoney.com/notices/detail/300762/AN202605111822158533.html
300816,艾可蓝,艾可蓝:2026-020关于举办2025年度暨2026年第一季度网上业绩说明会的公告,其他,2026-05-11,https://data.eastmoney.com/notices/detail/300816/AN202605111822158538.html
300762,上海瀚讯,上海瀚讯:截至2025年12月31日止前次募集资金使用情况报告,募集资金使用情况报告,2026-05-11,https://data.eastmoney.com/notices/detail/300762/AN202605111822158537.html
920351,华光源海,华光源海:2025年年度报告业绩说明会预告公告,其他,2026-05-11,https://data.eastmoney.com/notices/detail/920351/AN202605111822158482.html
301665,泰禾股份,泰禾股份:关于取消2025年年度股东会部分议案并增加临时提案暨股东会补充通知的公告,增加股东大会议案,2026-05-11,https://data.eastmoney.com/notices/detail/301665/AN202605111822158464.html
301017,漱玉平民,漱玉平民:关于参加2026年山东辖区上市公司投资者网上集体接待日活动暨2025年度网上业绩说明会的公告,调研活动,2026-05-11,https://data.eastmoney.com/notices/detail/301017/AN202605111822158461.html
300762,上海瀚讯,上海瀚讯:上海瀚讯截至2025年12月31日止前次募集资金使用情况报告及鉴证报告,保荐/核查意见,2026-05-11,https://data.eastmoney.com/notices/detail/300762/AN202605111822158458.html
301665,泰禾股份,泰禾股份:董事及高级管理人员薪酬管理办法(2026年5月--调整后),管理办法/制度,2026-05-11,https://data.eastmoney.com/notices/detail/301665/AN202605111822158462.html
301665,泰禾股份,泰禾股份:关于举行2025年度暨2026年第一季度业绩说明会的公告,其他,2026-05-11,https://data.eastmoney.com/notices/detail/301665/AN202605111822158460.html
300051,琏升科技,琏升科技:关于召开2025年年度股东会通知的更正公告,股东大会通知更正公告,2026-05-11,https://data.eastmoney.com/notices/detail/300051/AN202605111822158459.html
603577,汇金通,汇金通:2026年青岛辖区上市公司投资者网上集体接待日活动暨2026年第一季度业绩说明会召开情况,调研活动,2026-05-11,https://data.eastmoney.com/notices/detail/603577/AN202605111822158312.html
301516,中远通,中远通:关于开立现金管理专用结算账户的公告,投资理财,2026-05-11,https://data.eastmoney.com/notices/detail/301516/AN202605111822158417.html
920942,恒立钻具,恒立钻具:2025年年度报告业绩说明会预告公告,其他,2026-05-11,https://data.eastmoney.com/notices/detail/920942/AN202605111822158375.html
920976,视声智能,视声智能:关于使用闲置自有资金进行现金管理的进展公告,投资理财,2026-05-11,https://data.eastmoney.com/notices/detail/920976/AN202605111822158377.html
920976,视声智能,视声智能:北京市康达(广州)律师事务所关于广州视声智能股份有限公司2025年年度股东会的法律意见书,法律意见书,2026-05-11,https://data.eastmoney.com/notices/detail/920976/AN202605111822158374.html
920976,视声智能,视声智能:2025年年度股东会决议公告,分配方案决议公告,2026-05-11,https://data.eastmoney.com/notices/detail/920976/AN202605111822158376.html
301665,泰禾股份,泰禾股份:第四届董事会第八次会议决议公告,董事会决议公告,2026-05-11,https://data.eastmoney.com/notices/detail/301665/AN202605111822158342.html
300051,琏升科技,琏升科技:关于召开2025年年度股东会的通知(更正后),召开股东大会通知,2026-05-11,https://data.eastmoney.com/notices/detail/300051/AN202605111822158343.html
920082,方正阀门,方正阀门:投资者关系活动记录表,调研活动,2026-05-11,https://data.eastmoney.com/notices/detail/920082/AN202605111822158273.html
920055,隆源股份,隆源股份:投资者关系活动记录表,调研活动,2026-05-11,https://data.eastmoney.com/notices/detail/920055/AN202605111822158226.html
301089,拓新药业,拓新药业:关于全资子公司单磷酸阿糖腺苷原料药获得补充申请批准通知书的公告,其他,2026-05-11,https://data.eastmoney.com/notices/detail/301089/AN202605111822158134.html
300818,耐普矿机,耐普矿机:关于参加江西辖区上市公司2026年投资者网上集体接待日活动的公告,调研活动,2026-05-11,https://data.eastmoney.com/notices/detail/300818/AN202605111822158135.html
920970,大禹生物,大禹生物:2025年年度报告业绩说明会预告公告,其他,2026-05-11,https://data.eastmoney.com/notices/detail/920970/AN202605111822158099.html
002628,成都路桥,成都路桥:2025年度网上业绩说明会投资者关系活动记录表,调研活动,2026-05-11,https://data.eastmoney.com/notices/detail/002628/AN202605111822157693.html
301311,昆船智能,昆船智能:关于举行2025年度暨2026年第一季度网上业绩说明会的公告,其他,2026-05-11,https://data.eastmoney.com/notices/detail/301311/AN202605111822157836.html
300975,商络电子,商络电子:关于公司担保情况的进展公告,其他担保公告,2026-05-11,https://data.eastmoney.com/notices/detail/300975/AN202605111822157837.html
300376,易事特,易事特:关于选举职工代表董事的公告,高管人员任职变动,2026-05-11,https://data.eastmoney.com/notices/detail/300376/AN202605111822157840.html
002225,濮耐股份,濮耐股份:002225濮耐股份投资者关系管理信息20260511,调研活动,2026-05-11,https://data.eastmoney.com/notices/detail/002225/AN202605111822157708.html
300845,捷安高科,捷安高科:关于更换持续督导保荐代表人的公告,保荐代表人（机构）变更,2026-05-11,https://data.eastmoney.com/notices/detail/300845/AN202605111822157738.html
920651,天罡股份,天罡股份:2025年年度报告业绩说明会预告公告,其他,2026-05-11,https://data.eastmoney.com/notices/detail/920651/AN202605111822157707.html
920471,美邦科技,美邦科技:2025年年度报告暨2026年第一季度报告业绩说明会预告公告,其他,2026-05-11,https://data.eastmoney.com/notices/detail/920471/AN202605111822157662.html
300278,华昌达,华昌达:华昌达2025年度业绩说明会记录表,调研活动,2026-05-11,https://data.eastmoney.com/notices/detail/300278/AN202605111822157387.html
301658,首航新能,首航新能:关于举行2025年度网上业绩说明会的公告,其他,2026-05-11,https://data.eastmoney.com/notices/detail/301658/AN202605111822157545.html
920058,华洋赛车,华洋赛车:2025年度报告说明会预告公告,其他,2026-05-11,https://data.eastmoney.com/notices/detail/920058/AN202605111822157503.html
601366,利群股份,利群股份:利群商业集团股份有限公司投资者关系活动记录表(2026年5月8日),调研活动,2026-05-11,https://data.eastmoney.com/notices/detail/601366/AN202605111822157411.html
920931,无锡鼎邦,无锡鼎邦:东吴证券股份有限公司关于无锡鼎邦换热设备股份有限公司2025年度持续督导跟踪报告,保荐/核查意见,2026-05-11,https://data.eastmoney.com/notices/detail/920931/AN202605111822157292.html
603520,司太立,司太立:2025年年度股东会资料,股东大会资料,2026-05-11,https://data.eastmoney.com/notices/detail/603520/AN202605111822157288.html
603520,司太立,司太立:国泰海通证券股份有限公司关于浙江司太立制药股份有限公司2025年度持续督导工作现场检查报告,保荐/核查意见,2026-05-11,https://data.eastmoney.com/notices/detail/603520/AN202605111822157286.html
603520,司太立,司太立:国泰海通证券股份有限公司关于浙江司太立制药股份有限公司向特定对象发行股票之保荐总结报告书,保荐/核查意见,2026-05-11,https://data.eastmoney.com/notices/detail/603520/AN202605111822157289.html
603520,司太立,司太立:国泰海通证券股份有限公司关于浙江司太立制药股份有限公司2025年度持续督导年度报告书,保荐/核查意见,2026-05-11,https://data.eastmoney.com/notices/detail/603520/AN202605111822157287.html
300573,兴齐眼药,兴齐眼药:关于盐酸利多卡因眼用凝胶Ⅲ期临床试验取得临床试验总结报告的提示性公告,保荐/核查意见,2026-05-11,https://data.eastmoney.com/notices/detail/300573/AN202605111822157281.html
301085,亚康股份,亚康股份:关于为全资子公司申请综合授信提供担保的进展公告,提供/对外担保公告,2026-05-11,https://data.eastmoney.com/notices/detail/301085/AN202605111822157280.html
301282,金禄电子,金禄电子:关于注销部分募集资金专户及现金管理专用结算账户的公告(三),投资理财,2026-05-11,https://data.eastmoney.com/notices/detail/301282/AN202605111822157279.html
920491,奥迪威,奥迪威:关于完成工商变更登记并取得营业执照的公告,公司经营范围变更,2026-05-11,https://data.eastmoney.com/notices/detail/920491/AN202605111822157087.html
301045,天禄科技,天禄科技:关于使用部分闲置募集资金进行现金管理的进展公告,募集资金使用进展情况,2026-05-11,https://data.eastmoney.com/notices/detail/301045/AN202605111822157074.html
301020,密封科技,密封科技:关于参加2026年山东辖区上市公司投资者网上集体接待日活动的公告,调研活动,2026-05-11,https://data.eastmoney.com/notices/detail/301020/AN202605111822157079.html
301125,腾亚精工,腾亚精工:关于投资建设越南生产基地的进展公告,对外项目投资,2026-05-11,https://data.eastmoney.com/notices/detail/301125/AN202605111822157073.html
688247,宣泰医药,宣泰医药:投资者关系活动记录表(2025年度及2026年一季度业绩电话会),调研活动,2026-05-11,https://data.eastmoney.com/notices/detail/688247/AN202605111822156978.html
300643,万通智控,万通智控:关于使用自有资金进行现金管理的进展公告,投资理财,2026-05-11,https://data.eastmoney.com/notices/detail/300643/AN202605111822156849.html
301226,祥明智能,祥明智能:关于控股股东协议转让部分公司股份完成过户登记的公告,股权转让,2026-05-11,https://data.eastmoney.com/notices/detail/301226/AN202605111822156851.html
688531,日联科技,日联科技:投资者关系活动记录表(2025年年度暨2026年第一季度业绩说明会),调研活动,2026-05-11,https://data.eastmoney.com/notices/detail/688531/AN202605111822156351.html
300698,万马科技,万马科技:关于召开2025年年度股东会的提示性公告,召开股东大会提示性公告,2026-05-11,https://data.eastmoney.com/notices/detail/300698/AN202605111822156417.html
300923,研奥股份,研奥股份:关于举办2025年度网上业绩说明会的公告,其他,2026-05-11,https://data.eastmoney.com/notices/detail/300923/AN202605111822156416.html
301607,富特科技,富特科技:关于召开2025年度业绩说明会的公告,其他,2026-05-11,https://data.eastmoney.com/notices/detail/301607/AN202605111822156418.html
300233,金城医药,金城医药:关于参加2026年山东辖区上市公司投资者网上集体接待日活动的公告,调研活动,2026-05-11,https://data.eastmoney.com/notices/detail/300233/AN202605111822156419.html
300670,大烨智能,大烨智能:关于举行2025年度网上业绩说明会的公告,其他,2026-05-11,https://data.eastmoney.com/notices/detail/300670/AN202605111822156420.html
002309,中利集团,中利集团:002309中利集团投资者关系管理信息20260511,调研活动,2026-05-11,https://data.eastmoney.com/notices/detail/002309/AN202605111822156305.html
300188,国投智能,国投智能:关于召开公司2025年年度股东会的提示性公告,召开股东大会提示性公告,2026-05-11,https://data.eastmoney.com/notices/detail/300188/AN202605111822156270.html
300427,红相股份,红相股份:关于参加厦门辖区上市公司2025年年报业绩说明会暨投资者网上集体接待日活动的公告,调研活动,2026-05-11,https://data.eastmoney.com/notices/detail/300427/AN202605111822156273.html
300736,百邦科技,百邦科技:关于公司股价异动的公告,股票交易异常波动,2026-05-11,https://data.eastmoney.com/notices/detail/300736/AN202605111822156267.html
300016,北陆药业,北陆药业:关于获得碘佛醇注射液《药品注册证书》的公告,获得认证,2026-05-11,https://data.eastmoney.com/notices/detail/300016/AN202605111822156274.html
301446,福事特,福事特:关于参加江西辖区上市公司2026年投资者网上集体接待日活动的公告,调研活动,2026-05-11,https://data.eastmoney.com/notices/detail/301446/AN202605111822156266.html
300848,美瑞新材,美瑞新材:关于参加2026年山东辖区上市公司投资者网上集体接待日活动的公告,调研活动,2026-05-11,https://data.eastmoney.com/notices/detail/300848/AN202605111822156272.html
688531,日联科技,日联科技:投资者关系活动记录表(2026年4月28日-5月8日),调研活动,2026-05-11,https://data.eastmoney.com/notices/detail/688531/AN202605111822155878.html
688603,天承科技,天承科技:投资者关系活动记录表(2025年5月9日),调研活动,2026-05-11,https://data.eastmoney.com/notices/detail/688603/AN202605111822155823.html
301252,同星科技,同星科技:关于举行2025年度网上业绩说明会的公告,其他,2026-05-11,https://data.eastmoney.com/notices/detail/301252/AN202605111822155967.html
300996,普联软件,普联软件:关于参加2026年山东辖区上市公司投资者网上集体接待日活动的公告,调研活动,2026-05-11,https://data.eastmoney.com/notices/detail/300996/AN202605111822155960.html
301571,国科天成,国科天成:关于延期召开2025年年度股东会并增加临时提案暨股东会补充通知的公告,增加股东大会议案,2026-05-11,https://data.eastmoney.com/notices/detail/301571/AN202605111822155956.html
300066,三川智慧,三川智慧:关于参加江西辖区上市公司2026年投资者网上集体接待日活动的公告,调研活动,2026-05-11,https://data.eastmoney.com/notices/detail/300066/AN202605111822155963.html
300861,美畅股份,美畅股份:关于参加2026年陕西辖区上市公司投资者集体接待日暨2025年度业绩说明会的公告,调研活动,2026-05-11,https://data.eastmoney.com/notices/detail/300861/AN202605111822155964.html
301592,六九一二,六九一二:关于召开2025年年度股东会的提示性公告,召开股东大会提示性公告,2026-05-11,https://data.eastmoney.com/notices/detail/301592/AN202605111822155962.html
300264,佳创视讯,佳创视讯:关于举办2025年度网上业绩说明会的公告,其他,2026-05-11,https://data.eastmoney.com/notices/detail/300264/AN202605111822155965.html
300568,星源材质,星源材质:关于公司为子公司提供担保的进展公告,提供/对外担保公告,2026-05-11,https://data.eastmoney.com/notices/detail/300568/AN202605111822155959.html
300102,乾照光电,乾照光电:关于参加厦门辖区上市公司2025年年报业绩说明会暨投资者网上集体接待日活动的公告,调研活动,2026-05-11,https://data.eastmoney.com/notices/detail/300102/AN202605111822155957.html
300844,山水比德,山水比德:关于2025年股票期权激励计划部分股票期权注销完成的公告,股权激励进展公告,2026-05-11,https://data.eastmoney.com/notices/detail/300844/AN202605111822155968.html
300708,聚灿光电,聚灿光电:关于股东股份解除质押的公告,股份质押、冻结,2026-05-11,https://data.eastmoney.com/notices/detail/300708/AN202605111822155961.html
300230,永利股份,永利股份:关于公司及控股子公司提供担保的进展公告,提供/对外担保公告,2026-05-11,https://data.eastmoney.com/notices/detail/300230/AN202605111822155969.html
300905,宝丽迪,宝丽迪:关于召开2025年度股东会提示性公告,召开股东大会提示性公告,2026-05-11,https://data.eastmoney.com/notices/detail/300905/AN202605111822155863.html
600522,中天科技,中天科技:江苏中天科技股份有限公司投资者关系活动记录表,调研活动,2026-05-11,https://data.eastmoney.com/notices/detail/600522/AN202605111822155772.html
920038,森合高科,森合高科:关于申请公开发行股票并在北交所上市暨停牌进展公告,停牌公告,2026-05-11,https://data.eastmoney.com/notices/detail/920038/AN202605111822155825.html
300813,泰林生物,泰林生物:关于取得专利证书的公告,获得认证,2026-05-11,https://data.eastmoney.com/notices/detail/300813/AN202605111822155790.html
300040,九洲集团,九洲集团:关于参加黑龙江辖区上市公司2026年投资者网上集体接待日活动的公告,调研活动,2026-05-11,https://data.eastmoney.com/notices/detail/300040/AN202605111822155791.html
920037,广信科技,广信科技:关于使用部分闲置募集资金进行现金管理的进展公告,募集资金使用进展情况,2026-05-11,https://data.eastmoney.com/notices/detail/920037/AN202605111822155397.html
920221,易实精密,易实精密:2025年年度报告业绩说明会预告公告,其他,2026-05-11,https://data.eastmoney.com/notices/detail/920221/AN202605111822155398.html
301139,*ST元道,关于将元道通信股份有限公司股票调出融资融券标的证券名单的公告,深交所融资融券公告,2026-05-11,https://data.eastmoney.com/notices/detail/301139/AN202605111822154989.html
601298,青岛港,青岛港:青岛港国际股份有限公司投资者关系活动记录表(2026年青岛辖区上市公司投资者网上集体接待日活动),调研活动,2026-05-11,https://data.eastmoney.com/notices/detail/601298/AN202605111822154921.html
688330,宏力达,宏力达:投资者关系活动记录表(2025年度暨2026年第一季度业绩暨现金分红说明会),调研活动,2026-05-11,https://data.eastmoney.com/notices/detail/688330/AN202605111822154923.html
603337,杰克科技,杰克科技:投资者关系活动记录表(2026年5月8日),调研活动,2026-05-11,https://data.eastmoney.com/notices/detail/603337/AN202605111822154922.html
688450,光格科技,光格科技:投资者关系活动记录表(2026-003),调研活动,2026-05-11,https://data.eastmoney.com/notices/detail/688450/AN202605111822154926.html
600268,国电南自,国电南自:投资者关系活动记录表20260508,调研活动,2026-05-11,https://data.eastmoney.com/notices/detail/600268/AN202605111822154927.html
603982,泉峰汽车,泉峰汽车:关于2025年度暨2026年第一季度业绩说明会召开情况的总结报告,调研活动,2026-05-11,https://data.eastmoney.com/notices/detail/603982/AN202605111822154920.html
600009,上海机场,上海机场:2026年4月投资者调研报告,调研活动,2026-05-11,https://data.eastmoney.com/notices/detail/600009/AN202605111822154917.html
600211,西藏药业,西藏药业:投资者关系活动记录表(4月),调研活动,2026-05-11,https://data.eastmoney.com/notices/detail/600211/AN202605111822154877.html
600335,国机汽车,国机汽车:国机汽车股份有限公司2026年5月8日投资者关系活动记录表,调研活动,2026-05-11,https://data.eastmoney.com/notices/detail/600335/AN202605111822154918.html
603118,共进股份,共进股份:2026年05月08日投资者关系活动记录表,调研活动,2026-05-11,https://data.eastmoney.com/notices/detail/603118/AN202605111822154924.html
688661,和林微纳,和林微纳:投资者关系活动记录表2026-001,调研活动,2026-05-11,https://data.eastmoney.com/notices/detail/688661/AN202605111822154916.html
688345,博力威,博力威:广东博力威科技股份有限公司投资者关系活动记录表20260508,调研活动,2026-05-11,https://data.eastmoney.com/notices/detail/688345/AN202605111822154925.html
603194,中力股份,中力股份:浙江中力机械股份有限公司投资者关系活动记录表-2026-002,调研活动,2026-05-11,https://data.eastmoney.com/notices/detail/603194/AN202605111822154919.html
688351,微电生理,微电生理:2026年5月7日投资者关系活动记录表,调研活动,2026-05-11,https://data.eastmoney.com/notices/detail/688351/AN202605111822154865.html
688275,万润新能,万润新能:投资者关系活动记录表(2026年5月8日),调研活动,2026-05-11,https://data.eastmoney.com/notices/detail/688275/AN202605111822154839.html
600623,华谊集团,华谊集团:投资者关系活动记录表-26.4.30-5.8,调研活动,2026-05-11,https://data.eastmoney.com/notices/detail/600623/AN202605111822154872.html
688515,裕太微,裕太微:裕太微电子股份有限公司投资者关系活动记录表_(2026年4月29日-2026年5月8日),调研活动,2026-05-11,https://data.eastmoney.com/notices/detail/688515/AN202605111822154851.html
603871,嘉友国际,嘉友国际:投资者调研会议记录(2026年4月28日至2026年5月8日),调研活动,2026-05-11,https://data.eastmoney.com/notices/detail/603871/AN202605111822154875.html
688712,北芯生命,北芯生命:投资者关系活动记录表(2026年5月7日),调研活动,2026-05-11,https://data.eastmoney.com/notices/detail/688712/AN202605111822154859.html
603711,香飘飘,香飘飘:投资者关系活动记录表,调研活动,2026-05-11,https://data.eastmoney.com/notices/detail/603711/AN202605111822154880.html
600882,妙可蓝多,妙可蓝多:投资者关系活动记录表(编号:2026-011),调研活动,2026-05-11,https://data.eastmoney.com/notices/detail/600882/AN202605111822154852.html
600073,光明肉业,光明肉业:投资者关系活动记录表(2026-001),调研活动,2026-05-11,https://data.eastmoney.com/notices/detail/600073/AN202605111822154840.html
603345,安井食品,安井食品:投资者调研记录表-2026年4月,调研活动,2026-05-11,https://data.eastmoney.com/notices/detail/603345/AN202605111822154866.html
600215,派斯林,派斯林:投资者关系活动记录表(2025年年度暨2026年第一季度业绩说明会),调研活动,2026-05-11,https://data.eastmoney.com/notices/detail/600215/AN202605111822154846.html
600717,天津港,天津港:天津港股份有限公司投资者关系活动记录表,调研活动,2026-05-11,https://data.eastmoney.com/notices/detail/600717/AN202605111822154858.html
601128,常熟银行,常熟银行:江苏常熟农村商业银行股份有限公司投资者关系活动记录表(2026-01),调研活动,2026-05-11,https://data.eastmoney.com/notices/detail/601128/AN202605111822154862.html
603639,海利尔,海利尔:投资者活动记录表-20260508,调研活动,2026-05-11,https://data.eastmoney.com/notices/detail/603639/AN202605111822154873.html
600223,福瑞达,福瑞达:鲁商福瑞达医药股份有限公司2025年度业绩说明会会议纪要,调研活动,2026-05-11,https://data.eastmoney.com/notices/detail/600223/AN202605111822154874.html
600734,*ST实达,*ST实达:福建实达集团股份有限公司投资者关系活动记录表(2025年度及2026年第一季度业绩说明会),调研活动,2026-05-11,https://data.eastmoney.com/notices/detail/600734/AN202605111822154856.html
600982,宁波能源,宁波能源:2025年度暨2026年一季度业绩说明会投资者关系活动记录表,调研活动,2026-05-11,https://data.eastmoney.com/notices/detail/600982/AN202605111822154871.html
600995,南网储能,南网储能:南方电网储能股份有限公司2026年5月8日投资者关系活动记录表,调研活动,2026-05-11,https://data.eastmoney.com/notices/detail/600995/AN202605111822154854.html
688379,华光新材,华光新材:4月27日-5月8日投资者关系活动记录表,调研活动,2026-05-11,https://data.eastmoney.com/notices/detail/688379/AN202605111822154864.html
601179,中国西电,中国西电:2026年5月8日投资者关系活动记录表,调研活动,2026-05-11,https://data.eastmoney.com/notices/detail/601179/AN202605111822154842.html
688655,迅捷兴,迅捷兴:2026年4月17日-5月7日投资者关系活动记录表(编号:202603),调研活动,2026-05-11,https://data.eastmoney.com/notices/detail/688655/AN202605111822154847.html
688788,科思科技,科思科技:投资者关系活动记录表2026-008,调研活动,2026-05-11,https://data.eastmoney.com/notices/detail/688788/AN202605111822154857.html
603187,海容冷链,海容冷链:青岛海容商用冷链股份有限公司2026年青岛辖区上市公司投资者网上集体接待日暨2025年度业绩说明会活动记录,调研活动,2026-05-11,https://data.eastmoney.com/notices/detail/603187/AN202605111822154843.html
603931,格林达,格林达:杭州格林达电子材料股份有限公司投资者关系活动记录表(2026-001),调研活动,2026-05-11,https://data.eastmoney.com/notices/detail/603931/AN202605111822154844.html
600862,中航高科,中航高科:投资者活动关系记录表(策略会),调研活动,2026-05-11,https://data.eastmoney.com/notices/detail/600862/AN202605111822154868.html
688202,美迪西,美迪西:投资者关系活动记录表(2026-05-001),调研活动,2026-05-11,https://data.eastmoney.com/notices/detail/688202/AN202605111822154869.html
601088,中国神华,中国神华:投资者关系活动记录表(2026年第一季度业绩说明会),调研活动,2026-05-11,https://data.eastmoney.com/notices/detail/601088/AN202605111822154876.html
600973,宝胜股份,宝胜股份:-宝胜股份:2025年年度业绩说明会投资者关系活动记录表,调研活动,2026-05-11,https://data.eastmoney.com/notices/detail/600973/AN202605111822154860.html
688131,皓元医药,皓元医药:投资者关系活动记录表(2026年4月30日),调研活动,2026-05-11,https://data.eastmoney.com/notices/detail/688131/AN202605111822154879.html
688372,伟测科技,伟测科技:2026年5月8日投资者关系活动记录表,调研活动,2026-05-11,https://data.eastmoney.com/notices/detail/688372/AN202605111822154837.html
605116,奥锐特,奥锐特:奥锐特药业股份有限公司2025年年度暨2026年第一季度业绩说明会投资者关系活动记录表,调研活动,2026-05-11,https://data.eastmoney.com/notices/detail/605116/AN202605111822154855.html
688320,禾川科技,禾川科技:2025年度暨2026第一季度业绩说明会投资者关系活动记录表,调研活动,2026-05-11,https://data.eastmoney.com/notices/detail/688320/AN202605111822154861.html
688559,海目星,海目星:海目星激光科技集团股份有限公司2026年5月投资者关系活动记录表【调】202605-01,调研活动,2026-05-11,https://data.eastmoney.com/notices/detail/688559/AN202605111822154870.html
600179,安通控股,安通控股:2026年第一季度业绩说明会召开情况,调研活动,2026-05-11,https://data.eastmoney.com/notices/detail/600179/AN202605111822154845.html
688721,龙图光罩,龙图光罩:投资者关系活动记录表(2026年5月7日),调研活动,2026-05-11,https://data.eastmoney.com/notices/detail/688721/AN202605111822154853.html
600987,航民股份,航民股份:2026年第一季度业绩说明会记录表(2026.5.11),调研活动,2026-05-11,https://data.eastmoney.com/notices/detail/600987/AN202605111822154863.html
600600,青岛啤酒,青岛啤酒:2026年5月8日投资者关系活动记录,调研活动,2026-05-11,https://data.eastmoney.com/notices/detail/600600/AN202605111822154867.html
688150,莱特光电,莱特光电:陕西莱特光电材料股份有限公司投资者关系活动记录表(2026年5月8日),调研活动,2026-05-11,https://data.eastmoney.com/notices/detail/688150/AN202605111822154878.html
600004,白云机场,白云机场:2026-002投资者关系活动记录表(2026年5月7日),调研活动,2026-05-11,https://data.eastmoney.com/notices/detail/600004/AN202605111822154850.html
600579,中化装备,中化装备:中化装备科技(青岛)股份有限公司投资者关系活动记录表,调研活动,2026-05-11,https://data.eastmoney.com/notices/detail/600579/AN202605111822154848.html
600336,澳柯玛,澳柯玛:澳柯玛股份有限公司投资者关系活动记录表,调研活动,2026-05-11,https://data.eastmoney.com/notices/detail/600336/AN202605111822154881.html
688610,埃科光电,埃科光电:投资者关系活动记录表-2026-005,调研活动,2026-05-11,https://data.eastmoney.com/notices/detail/688610/AN202605111822154849.html
920119,美德乐,美德乐:2025年年度股东会决议公告,分配方案决议公告,2026-05-11,https://data.eastmoney.com/notices/detail/920119/AN202605111822155021.html
920119,美德乐,美德乐:北京市中伦律师事务所关于大连美德乐工业自动化股份有限公司2025年年度股东会的法律意见书,法律意见书,2026-05-11,https://data.eastmoney.com/notices/detail/920119/AN202605111822155020.html
920924,广脉科技,广脉科技:2025年年度报告业绩说明会预告公告,其他,2026-05-11,https://data.eastmoney.com/notices/detail/920924/AN202605111822154982.html
920725,惠丰钻石,惠丰钻石:2025年年度报告业绩说明会预告公告,其他,2026-05-11,https://data.eastmoney.com/notices/detail/920725/AN202605111822154983.html
920167,同享科技,同享科技:2025年年度报告业绩说明会预告公告,其他,2026-05-11,https://data.eastmoney.com/notices/detail/920167/AN202605111822154830.html
002263,大东南,大东南:002263大东南投资者关系管理信息20260511,调研活动,2026-05-11,https://data.eastmoney.com/notices/detail/002263/AN202605111822154478.html
002507,涪陵榨菜,涪陵榨菜:002507涪陵榨菜投资者关系管理信息20260511,调研活动,2026-05-11,https://data.eastmoney.com/notices/detail/002507/AN202605111822153828.html
301328,维峰电子,维峰电子:投资者关系活动记录表（2025年5月8日）,调研活动,2026-05-11,https://data.eastmoney.com/notices/detail/301328/AN202605111822153711.html
002692,远程股份,关于终止对远程股份再融资审核的决定,深主板发行上市审核终止审核通知,2026-05-11,https://data.eastmoney.com/notices/detail/002692/AN202605111822153634.html
002031,巨轮智能,巨轮智能:002031巨轮智能投资者关系管理信息20260511,调研活动,2026-05-11,https://data.eastmoney.com/notices/detail/002031/AN202605111822153628.html
301000,肇民科技,6-1发行人最近三年的财务报告及其审计报告以及最近一期的财务报告(申报稿)(上海肇民新材料科技股份有限公司),创业板再融资审计报告申报稿,2026-05-11,https://data.eastmoney.com/notices/detail/301000/AN202605111822153562.html
301583,托伦斯,关于同意托伦斯首次公开发行股票注册的批复,创业板发行上市审核注册结果通知,2026-05-11,https://data.eastmoney.com/notices/detail/301583/AN202605111822153633.html
301000,肇民科技,4-1法律意见书(申报稿)(上海肇民新材料科技股份有限公司),创业板再融资法律意见书申报稿,2026-05-11,https://data.eastmoney.com/notices/detail/301000/AN202605111822153558.html
000635,英力特,英力特:关于参加宁夏辖区上市公司投资者集体接待日暨2025年度业绩说明会的公告,调研活动,2026-05-11,https://data.eastmoney.com/notices/detail/000635/AN202605111822147027.html
000905,厦门港务,厦门港务:厦门港务关于举办2026年第一季度业绩说明会并参加厦门辖区上市公司2025年年报业绩说明会暨投资者网上集体接待日活动的公告,调研活动,2026-05-11,https://data.eastmoney.com/notices/detail/000905/AN202605111822147029.html
300469,信息发展,信息发展:关于为全资子公司提供担保的公告,提供/对外担保公告,2026-05-11,https://data.eastmoney.com/notices/detail/300469/AN202605111822147025.html
300703,创源股份,创源股份:关于公司对外投资的进展公告,对外项目投资,2026-05-11,https://data.eastmoney.com/notices/detail/300703/AN202605111822147032.html
300656,民德电子,民德电子:第四届董事会第二十一次会议决议公告,董事会决议公告,2026-05-11,https://data.eastmoney.com/notices/detail/300656/AN202605111822147030.html
000736,中交发展,*ST中地:关于完成工商变更登记并换发营业执照的公告,公司名称变更,2026-05-11,https://data.eastmoney.com/notices/detail/000736/AN202605111822147031.html
300469,信息发展,信息发展:第六届董事会第三十一次会议决议公告,董事会决议公告,2026-05-11,https://data.eastmoney.com/notices/detail/300469/AN202605111822147026.html
300656,民德电子,民德电子:关于控股子公司增资暨公司放弃优先认购权的公告,增资扩股,2026-05-11,https://data.eastmoney.com/notices/detail/300656/AN202605111822147028.html
603407,长裕集团,关于N长裕(603407)盘中临时停牌的公告,交易所停复牌公告,2026-05-11,https://data.eastmoney.com/notices/detail/603407/AN202605111822144953.html
603407,长裕集团,关于N长裕(603407)盘中临时停牌的公告,交易所停复牌公告,2026-05-11,https://data.eastmoney.com/notices/detail/603407/AN202605111822144677.html
001338,永顺泰,永顺泰:2026年5月8日投资者关系活动记录表（2025年度业绩说明会）,调研活动,2026-05-11,https://data.eastmoney.com/notices/detail/001338/AN202605111822143931.html
002708,光洋股份,光洋股份:2026年5月8日投资者关系活动记录表,调研活动,2026-05-11,https://data.eastmoney.com/notices/detail/002708/AN202605111822143414.html
301217,铜冠铜箔,铜冠铜箔:301217铜冠铜箔投资者关系管理信息20260511,调研活动,2026-05-11,https://data.eastmoney.com/notices/detail/301217/AN202605111822143322.html
300741,华宝股份,华宝股份:300741华宝股份投资者关系管理信息20260511,调研活动,2026-05-11,https://data.eastmoney.com/notices/detail/300741/AN202605111822143141.html
002520,日发精机,日发精机:2026年4月29日至5月8日投资者关系活动记录表,调研活动,2026-05-11,https://data.eastmoney.com/notices/detail/002520/AN202605111822142879.html
002625,光启技术,光启技术:002625光启技术投资者关系管理信息20260511,调研活动,2026-05-11,https://data.eastmoney.com/notices/detail/002625/AN202605111822142778.html
300217,东方电热,东方电热:300217东方电热投资者关系管理信息20260511,调研活动,2026-05-11,https://data.eastmoney.com/notices/detail/300217/AN202605111822142462.html
301510,固高科技,固高科技:301510固高科技投资者关系管理信息20260508,调研活动,2026-05-11,https://data.eastmoney.com/notices/detail/301510/AN202605111822132234.html
300872,天阳科技,天阳科技:2026年5月10日投资者关系活动记录表,调研活动,2026-05-11,https://data.eastmoney.com/notices/detail/300872/AN202605111822129669.html
001237,惠康科技,惠康科技:首次公开发行股票并在主板上市网上路演公告,首发网上路演公告,2026-05-11,https://data.eastmoney.com/notices/detail/001237/AN202605101822127423.html
001365,天海电子,天海电子:首次公开发行股票并在主板上市网下发行初步配售结果公告,网下中签及配售结果公告,2026-05-11,https://data.eastmoney.com/notices/detail/001365/AN202605101822127424.html
001365,天海电子,天海电子:首次公开发行股票并在主板上市网上摇号中签结果公告,网上摇号中签结果公告,2026-05-11,https://data.eastmoney.com/notices/detail/001365/AN202605101822127421.html
688580,伟思医疗,伟思医疗:南京伟思医疗科技股份有限公司关于股东减持股份计划时间届满暨减持结果公告,股东/实际控制人股份减持,2026-05-11,https://data.eastmoney.com/notices/detail/688580/AN202605101822125539.html
603379,三美股份,三美股份:浙江三美化工股份有限公司关于参加浙江辖区上市公司2026年投资者网上集体接待日暨2025年度业绩说明会的公告,调研活动,2026-05-11,https://data.eastmoney.com/notices/detail/603379/AN202605101822125474.html
603379,三美股份,三美股份:浙江三美化工股份有限公司关于2025年年度股东会增加临时提案的公告,增加股东大会议案,2026-05-11,https://data.eastmoney.com/notices/detail/603379/AN202605101822125473.html
603379,三美股份,三美股份:浙江三美化工股份有限公司关于为参股公司提供担保暨关联交易的公告,提供/对外担保公告,2026-05-11,https://data.eastmoney.com/notices/detail/603379/AN202605101822125472.html
603379,三美股份,三美股份:浙江三美化工股份有限公司2025年年度股东会会议资料,股东大会资料,2026-05-11,https://data.eastmoney.com/notices/detail/603379/AN202605101822125471.html
603680,今创集团,今创集团:关于公司子公司与专业机构共同投资的变更公告,对外项目投资,2026-05-11,https://data.eastmoney.com/notices/detail/603680/AN202605101822125077.html
688196,卓越新能,卓越新能:卓越新能关于召开十五五·绿色科创——科创板企业低碳转型与绿色发展之2025年度新能源行业集体业绩说明会暨2026年第一季度业绩说明会的公告,其他,2026-05-11,https://data.eastmoney.com/notices/detail/688196/AN202605101822124873.html
688196,卓越新能,卓越新能:龙岩卓越新能源股份有限公司2025年年度股东会会议资料,股东大会资料,2026-05-11,https://data.eastmoney.com/notices/detail/688196/AN202605101822124838.html
601969,海南矿业,海南矿业:海南矿业股份有限公司董事会关于批准公司本次交易相关的审计报告、备考审阅报告、评估报告的说明,专项说明/独立意见,2026-05-11,https://data.eastmoney.com/notices/detail/601969/AN202605101822124733.html
601969,海南矿业,海南矿业:海南矿业股份有限公司董事会关于评估机构的独立性、评估假设前提的合理性、评估方法与评估目的的相关性以及本次交易定价公允性的说明,专项说明/独立意见,2026-05-11,https://data.eastmoney.com/notices/detail/601969/AN202605101822124700.html
601969,海南矿业,海南矿业:国泰海通证券股份有限公司关于海南矿业股份有限公司本次重组前12个月内购买、出售资产的核查意见,保荐/核查意见,2026-05-11,https://data.eastmoney.com/notices/detail/601969/AN202605101822124715.html
601969,海南矿业,海南矿业:关于海南矿业股份有限公司前次募集资金使用情况的鉴证报告,保荐/核查意见,2026-05-11,https://data.eastmoney.com/notices/detail/601969/AN202605101822124721.html
601969,海南矿业,海南矿业:海南矿业股份有限公司关于发行股份及支付现金购买资产并募集配套资金暨关联交易的一般风险提示性公告,其他增发事项公告,2026-05-11,https://data.eastmoney.com/notices/detail/601969/AN202605101822124731.html
601969,海南矿业,海南矿业:国泰海通证券股份有限公司关于本次交易符合《关于加强证券公司在投资银行类业务中聘请第三方等廉洁从业风险防控的意见》相关规定的核查意见,保荐/核查意见,2026-05-11,https://data.eastmoney.com/notices/detail/601969/AN202605101822124706.html
601969,海南矿业,海南矿业:海南矿业股份有限公司备考审阅报告,保荐/核查意见,2026-05-11,https://data.eastmoney.com/notices/detail/601969/AN202605101822124705.html
601969,海南矿业,海南矿业:洛阳丰瑞氟业有限公司栾川县杨山萤石矿采矿权评估报告书,其他,2026-05-11,https://data.eastmoney.com/notices/detail/601969/AN202605101822124709.html
601969,海南矿业,海南矿业:上海市锦天城律师事务所关于海南矿业股份有限公司发行股份及支付现金购买资产并募集配套资金暨关联交易之法律意见书,法律意见书,2026-05-11,https://data.eastmoney.com/notices/detail/601969/AN202605101822124714.html
601969,海南矿业,海南矿业:海南矿业股份有限公司董事会关于本次交易符合《上市公司监管指引第9号——上市公司筹划和实施重大资产重组的监管要求》第四条规定的说明,专项说明/独立意见,2026-05-11,https://data.eastmoney.com/notices/detail/601969/AN202605101822124703.html
601969,海南矿业,海南矿业:海南矿业股份有限公司前次募集资金使用情况的专项报告,募集资金使用情况报告,2026-05-11,https://data.eastmoney.com/notices/detail/601969/AN202605101822124707.html
601969,海南矿业,海南矿业:国泰海通证券股份有限公司关于海南矿业股份有限公司本次交易产业政策和交易类型的核查意见,保荐/核查意见,2026-05-11,https://data.eastmoney.com/notices/detail/601969/AN202605101822124704.html
601969,海南矿业,海南矿业:海南矿业股份有限公司关于签署丰瑞氟业《股东协议之补充协议》的公告,签订协议,2026-05-11,https://data.eastmoney.com/notices/detail/601969/AN202605101822124697.html
601969,海南矿业,海南矿业:海南矿业股份有限公司简式权益变动报告书(王中喜、王琛、上海柏帝投资管理有限公司),权益变动报告书,2026-05-11,https://data.eastmoney.com/notices/detail/601969/AN202605101822124729.html
601969,海南矿业,海南矿业:国泰海通证券股份有限公司关于海南矿业股份有限公司本次交易信息发布前上市公司股票价格波动情况的核查意见,保荐/核查意见,2026-05-11,https://data.eastmoney.com/notices/detail/601969/AN202605101822124722.html
601969,海南矿业,海南矿业:国泰海通证券股份有限公司关于本次交易相关主体不存在不得参与任何上市公司重大资产重组情形的核查意见,保荐/核查意见,2026-05-11,https://data.eastmoney.com/notices/detail/601969/AN202605101822124691.html
601969,海南矿业,海南矿业:洛阳丰瑞氟业有限公司栾川县砭上萤石矿采矿权评估报告书,其他,2026-05-11,https://data.eastmoney.com/notices/detail/601969/AN202605101822124701.html
601969,海南矿业,海南矿业:海南矿业股份有限公司董事会关于本次交易摊薄即期回报情况及填补措施的说明,专项说明/独立意见,2026-05-11,https://data.eastmoney.com/notices/detail/601969/AN202605101822124689.html
601969,海南矿业,海南矿业:洛阳丰瑞氟业有限公司审计报告,其他,2026-05-11,https://data.eastmoney.com/notices/detail/601969/AN202605101822124718.html
601969,海南矿业,海南矿业:海南矿业股份有限公司董事会关于本次交易前12个月内购买、出售资产的说明,专项说明/独立意见,2026-05-11,https://data.eastmoney.com/notices/detail/601969/AN202605101822124690.html
601969,海南矿业,海南矿业:洛阳丰瑞氟业有限公司栾川县合峪镇马丢萤石矿采矿权评估报告书,其他,2026-05-11,https://data.eastmoney.com/notices/detail/601969/AN202605101822124728.html
601969,海南矿业,海南矿业:国泰海通证券股份有限公司关于海南矿业股份有限公司本次交易不构成重组上市之独立财务顾问核查意见,保荐/核查意见,2026-05-11,https://data.eastmoney.com/notices/detail/601969/AN202605101822124725.html
601969,海南矿业,海南矿业:洛阳丰瑞氟业有限公司栾川县合峪镇马丢下马丢萤石矿采矿权评估报告书,其他,2026-05-11,https://data.eastmoney.com/notices/detail/601969/AN202605101822124698.html
601969,海南矿业,海南矿业:国泰海通证券股份有限公司关于海南矿业股份有限公司本次重组摊薄即期回报情况及采取填补措施的核查意见,保荐/核查意见,2026-05-11,https://data.eastmoney.com/notices/detail/601969/AN202605101822124699.html
601969,海南矿业,海南矿业:上海市锦天城律师事务所关于海南矿业股份有限公司内幕信息知情人登记制度的制定和执行情况之专项核查意见,保荐/核查意见,2026-05-11,https://data.eastmoney.com/notices/detail/601969/AN202605101822124727.html
601969,海南矿业,海南矿业:国泰海通证券股份有限公司关于海南矿业股份有限公司发行股份及支付现金购买资产并募集配套资金暨关联交易之独立财务顾问报告,保荐/核查意见,2026-05-11,https://data.eastmoney.com/notices/detail/601969/AN202605101822124712.html
601969,海南矿业,海南矿业:海南矿业股份有限公司董事会关于本次交易信息发布前公司股票价格波动情况的说明,专项说明/独立意见,2026-05-11,https://data.eastmoney.com/notices/detail/601969/AN202605101822124694.html
601969,海南矿业,海南矿业:海南矿业股份有限公司董事会关于发行股份及支付现金购买资产并募集配套资金暨关联交易报告书(草案)与预案差异对比说明,关联交易,2026-05-11,https://data.eastmoney.com/notices/detail/601969/AN202605101822124716.html
601969,海南矿业,海南矿业:国泰海通证券股份有限公司关于海南矿业股份有限公司发行股份及支付现金购买资产并募集配套资金暨关联交易之《上市公司并购重组财务顾问专业意见附表第3号——发行股份购买资产》,其他增发事项公告,2026-05-11,https://data.eastmoney.com/notices/detail/601969/AN202605101822124720.html
601969,海南矿业,海南矿业:海南矿业股份有限公司董事会关于本次交易符合《上市公司重大资产重组管理办法》第十一条、第四十三条和第四十四条规定的说明,专项说明/独立意见,2026-05-11,https://data.eastmoney.com/notices/detail/601969/AN202605101822124711.html
601969,海南矿业,海南矿业:海南矿业股份有限公司拟股权收购涉及的洛阳丰瑞氟业有限公司股东全部权益价值资产评估报告,其他,2026-05-11,https://data.eastmoney.com/notices/detail/601969/AN202605101822124723.html
601969,海南矿业,海南矿业:海南矿业股份有限公司董事会关于本次发行股份及支付现金购买资产并募集配套资金暨关联交易不构成重大资产重组且不构成重组上市的说明,关联交易,2026-05-11,https://data.eastmoney.com/notices/detail/601969/AN202605101822124717.html
601969,海南矿业,海南矿业:海南矿业股份有限公司董事会关于本次交易中是否存在直接或间接有偿聘请其他第三方机构或个人的说明,专项说明/独立意见,2026-05-11,https://data.eastmoney.com/notices/detail/601969/AN202605101822124724.html
601969,海南矿业,海南矿业:海南矿业股份有限公司关于股东权益变动的提示性公告,权益变动报告书,2026-05-11,https://data.eastmoney.com/notices/detail/601969/AN202605101822124692.html
601969,海南矿业,海南矿业:海南矿业股份有限公司董事会关于本次交易履行法定程序的完备性、合规性及提交法律文件有效性的说明,专项说明/独立意见,2026-05-11,https://data.eastmoney.com/notices/detail/601969/AN202605101822124702.html
601969,海南矿业,海南矿业:国泰海通证券股份有限公司作为海南矿业股份有限公司独立财务顾问在充分尽职调查和内部核查的基础上出具的承诺函,其他,2026-05-11,https://data.eastmoney.com/notices/detail/601969/AN202605101822124726.html
601969,海南矿业,海南矿业:海南矿业股份有限公司第六届董事会第四次独立董事专门会议关于公司发行股份及支付现金购买资产并募集配套资金暨关联交易审核意见,专项说明/独立意见,2026-05-11,https://data.eastmoney.com/notices/detail/601969/AN202605101822124710.html
601969,海南矿业,海南矿业:海南矿业股份有限公司关于召开2026年第二次临时股东会的通知,召开股东大会通知,2026-05-11,https://data.eastmoney.com/notices/detail/601969/AN202605101822124732.html
601969,海南矿业,海南矿业:海南矿业股份有限公司董事会关于公司不存在《上市公司证券发行注册管理办法》第十一条规定的不得向特定对象发行股票情形的说明,专项说明/独立意见,2026-05-11,https://data.eastmoney.com/notices/detail/601969/AN202605101822124730.html
601969,海南矿业,海南矿业:海南矿业股份有限公司第六届董事会第七次会议决议公告,董事会决议公告,2026-05-11,https://data.eastmoney.com/notices/detail/601969/AN202605101822124693.html
601969,海南矿业,海南矿业:海南矿业股份有限公司发行股份及支付现金购买资产并募集配套资金暨关联交易报告书(草案)摘要,其他增发事项公告,2026-05-11,https://data.eastmoney.com/notices/detail/601969/AN202605101822124696.html
601969,海南矿业,海南矿业:国泰海通证券股份有限公司关于海南矿业股份有限公司内幕信息知情人登记制度的制定和执行情况的核查意见,保荐/核查意见,2026-05-11,https://data.eastmoney.com/notices/detail/601969/AN202605101822124713.html
601969,海南矿业,海南矿业:海南矿业股份有限公司董事会关于本次交易相关主体不存在不得参与任何上市公司重大资产重组情形的说明,专项说明/独立意见,2026-05-11,https://data.eastmoney.com/notices/detail/601969/AN202605101822124719.html
601969,海南矿业,海南矿业:海南矿业股份有限公司发行股份及支付现金购买资产并募集配套资金暨关联交易报告书(草案),其他增发事项公告,2026-05-11,https://data.eastmoney.com/notices/detail/601969/AN202605101822124708.html
300763,锦浪科技,锦浪科技:国泰海通证券股份有限公司关于锦浪科技股份有限公司2025年度持续督导工作现场检查报告,保荐/核查意见,2026-05-11,https://data.eastmoney.com/notices/detail/300763/AN202605101822124531.html
301383,天键股份,天键股份:国联民生证券承销保荐有限公司关于天键电声股份有限公司2025年度持续督导现场检查报告,保荐/核查意见,2026-05-11,https://data.eastmoney.com/notices/detail/301383/AN202605101822124530.html
301383,天键股份,天键股份:国联民生证券承销保荐有限公司关于天键电声股份有限公司2025年年度持续督导跟踪报告,保荐/核查意见,2026-05-11,https://data.eastmoney.com/notices/detail/301383/AN202605101822124532.html
300243,瑞丰高材,瑞丰高材:关于提前赎回瑞丰转债的第一次提示性公告,其他,2026-05-11,https://data.eastmoney.com/notices/detail/300243/AN202605101822124337.html
300523,辰安科技,辰安科技:发行人最近一年的财务报告及其审计报告以及最近一期的财务报告,审计报告,2026-05-11,https://data.eastmoney.com/notices/detail/300523/AN202605101822124339.html
300523,辰安科技,辰安科技:北京辰安科技股份有限公司向特定对象发行A股股票募集说明书,增发预案,2026-05-11,https://data.eastmoney.com/notices/detail/300523/AN202605101822124336.html
300523,辰安科技,辰安科技:中信建投证券股份有限公司关于北京辰安科技股份有限公司向特定对象发行股票之发行保荐书,发行保荐书,2026-05-11,https://data.eastmoney.com/notices/detail/300523/AN202605101822124338.html
300523,辰安科技,辰安科技:中信建投证券股份有限公司关于北京辰安科技股份有限公司向特定对象发行股票之上市保荐书,上市保荐书,2026-05-11,https://data.eastmoney.com/notices/detail/300523/AN202605101822124321.html
300523,辰安科技,辰安科技:上海市锦天城律师事务所关于北京辰安科技股份有限公司2025年度向特定对象发行股票的法律意见书,法律意见书,2026-05-11,https://data.eastmoney.com/notices/detail/300523/AN202605101822124320.html
300523,辰安科技,辰安科技:关于向特定对象发行股票申请获得深圳证券交易所受理的公告,其他增发事项公告,2026-05-11,https://data.eastmoney.com/notices/detail/300523/AN202605101822124319.html
300009,安科生物,安科生物:关于公司第2期员工持股计划所持公司股票出售完毕的公告,员工持股计划,2026-05-11,https://data.eastmoney.com/notices/detail/300009/AN202605101822124298.html
300846,首都在线,首都在线:关于向特定对象发行股票申请获得深圳证券交易所受理的公告,其他增发事项公告,2026-05-11,https://data.eastmoney.com/notices/detail/300846/AN202605101822124299.html
300778,新城市,新城市:第四届董事会第四次会议决议公告,董事会决议公告,2026-05-11,https://data.eastmoney.com/notices/detail/300778/AN202605101822124229.html
300546,雄帝科技,雄帝科技:关于设立海外办事处的公告,投资设立公司,2026-05-11,https://data.eastmoney.com/notices/detail/300546/AN202605101822124227.html
300778,新城市,新城市:董事、高级管理人员薪酬管理制度(2026年5月),管理办法/制度,2026-05-11,https://data.eastmoney.com/notices/detail/300778/AN202605101822124228.html
300778,新城市,新城市:关于2025年年度股东会增加临时提案暨2025年年度股东会补充通知的公告,增加股东大会议案,2026-05-11,https://data.eastmoney.com/notices/detail/300778/AN202605101822124217.html
300546,雄帝科技,雄帝科技:第六届董事会第十二次会议决议公告,董事会决议公告,2026-05-11,https://data.eastmoney.com/notices/detail/300546/AN202605101822124218.html
002949,华阳国际,华阳国际:关于举行2025年度业绩说明会的公告,其他,2026-05-11,https://data.eastmoney.com/notices/detail/002949/AN202605101822124186.html
000663,永安林业,永安林业:关于举办2025年度暨2026年一季度业绩说明会的公告,其他,2026-05-11,https://data.eastmoney.com/notices/detail/000663/AN202605101822124158.html
000680,山推股份,山推股份:关于召开2026年第二次临时股东会的通知,召开股东大会通知,2026-05-11,https://data.eastmoney.com/notices/detail/000680/AN202605101822124137.html
300756,金马游乐,金马游乐:关于召开2025年年度股东会的提示性公告,召开股东大会提示性公告,2026-05-11,https://data.eastmoney.com/notices/detail/300756/AN202605101822124140.html
000680,山推股份,山推股份:独立董事候选人声明与承诺(潘林),独立董事候选人声明,2026-05-11,https://data.eastmoney.com/notices/detail/000680/AN202605101822124135.html
300449,汉邦高科,汉邦高科:北京君嘉律师事务所关于北京汉邦高科数字技术股份有限公司签署重大合同的法律意见书,法律意见书,2026-05-11,https://data.eastmoney.com/notices/detail/300449/AN202605101822124134.html
301215,中汽股份,中汽股份:第二届董事会第三十次会议决议公告,高管人员任职变动,2026-05-11,https://data.eastmoney.com/notices/detail/301215/AN202605101822124132.html
300449,汉邦高科,汉邦高科:信达证券股份有限公司关于北京汉邦高科数字技术股份有限公司签订日常经营重大合同事项的核查意见,保荐/核查意见,2026-05-11,https://data.eastmoney.com/notices/detail/300449/AN202605101822124138.html
000680,山推股份,山推股份:独立董事提名人声明与承诺(潘林),独立董事提名人声明,2026-05-11,https://data.eastmoney.com/notices/detail/000680/AN202605101822124139.html
000680,山推股份,山推股份:关于董事会换届选举的公告,高管人员任职变动,2026-05-11,https://data.eastmoney.com/notices/detail/000680/AN202605101822124133.html
301215,中汽股份,中汽股份:关于公司董事会换届选举的公告,高管人员任职变动,2026-05-11,https://data.eastmoney.com/notices/detail/301215/AN202605101822124141.html
000680,山推股份,山推股份:独立董事提名人声明与承诺(吕莹),独立董事提名人声明,2026-05-11,https://data.eastmoney.com/notices/detail/000680/AN202605101822124136.html
000680,山推股份,山推股份:第十一届董事会第二十四次会议决议公告,高管人员任职变动,2026-05-11,https://data.eastmoney.com/notices/detail/000680/AN202605101822124111.html
000680,山推股份,山推股份:独立董事候选人声明与承诺(韩菲),独立董事候选人声明,2026-05-11,https://data.eastmoney.com/notices/detail/000680/AN202605101822124114.html
000680,山推股份,山推股份:独立董事候选人声明与承诺(吕莹),独立董事候选人声明,2026-05-11,https://data.eastmoney.com/notices/detail/000680/AN202605101822124116.html
300449,汉邦高科,汉邦高科:关于日常经营重大合同的公告,重大合同,2026-05-11,https://data.eastmoney.com/notices/detail/300449/AN202605101822124115.html
301215,中汽股份,中汽股份:关于公司2025年年度股东会增加临时提案暨股东会补充通知的公告,增加股东大会议案,2026-05-11,https://data.eastmoney.com/notices/detail/301215/AN202605101822124112.html
000680,山推股份,山推股份:独立董事提名人声明与承诺(韩菲),独立董事提名人声明,2026-05-11,https://data.eastmoney.com/notices/detail/000680/AN202605101822124113.html
002144,宏达高科,宏达高科:关于举办投资者接待日活动的公告,其他,2026-05-11,https://data.eastmoney.com/notices/detail/002144/AN202605101822124087.html
002210,飞马国际,飞马国际:关于为子公司提供担保的进展公告,提供/对外担保公告,2026-05-11,https://data.eastmoney.com/notices/detail/002210/AN202605101822124089.html
002081,金螳螂,金螳螂:关于工程中标的自愿性披露公告,重大合同,2026-05-11,https://data.eastmoney.com/notices/detail/002081/AN202605101822124088.html
001211,双枪科技,双枪科技:关于参加浙江辖区上市公司2026年投资者网上集体接待日暨2025年度及2026年第一季度业绩说明会的公告,调研活动,2026-05-11,https://data.eastmoney.com/notices/detail/001211/AN202605101822124090.html
300537,广信材料,广信材料:关于募投项目部分试生产的公告,其他,2026-05-11,https://data.eastmoney.com/notices/detail/300537/AN202605101822124064.html
002011,盾安环境,盾安环境:关于参加浙江辖区上市公司2026年投资者网上集体接待日暨2025年度业绩说明会的公告,调研活动,2026-05-11,https://data.eastmoney.com/notices/detail/002011/AN202605101822124065.html
300147,*ST香雪,*ST香雪:关于选举第九届董事会职工董事的公告,高管人员任职变动,2026-05-11,https://data.eastmoney.com/notices/detail/300147/AN202605101822124063.html
002294,信立泰,信立泰:关于JK07(SAL007)治疗慢性心力衰竭的RENEU-HF临床研究进展的公告,其他,2026-05-11,https://data.eastmoney.com/notices/detail/002294/AN202605101822124026.html
002480,新筑股份,新筑股份:关于下属公司涉及诉讼的进展公告,诉讼仲裁,2026-05-11,https://data.eastmoney.com/notices/detail/002480/AN202605101822124025.html
605111,新洁能,新洁能:关于调整2024年股票期权激励计划行权价格的公告,股权激励行权价（数量）调整,2026-05-11,https://data.eastmoney.com/notices/detail/605111/AN202605101822123989.html
605111,新洁能,新洁能:关于公司2024年股票期权激励计划行权价格调整事项之法律意见书,法律意见书,2026-05-11,https://data.eastmoney.com/notices/detail/605111/AN202605101822123990.html
603895,天永智能,天永智能:关于召开2025年度暨2026年第一季度业绩说明会的公告,其他,2026-05-11,https://data.eastmoney.com/notices/detail/603895/AN202605101822123927.html
603341,龙旗科技,龙旗科技:H股公告-(更新)建议截至二零二五年十二月三十一日止年度之末期股息,其他,2026-05-11,https://data.eastmoney.com/notices/detail/603341/AN202605101822123920.html
603799,华友钴业,华友钴业:华友钴业关于子公司受让权利义务暨收购AtlanticLithiumLimited股权的进展公告,收购出售资产/股权,2026-05-11,https://data.eastmoney.com/notices/detail/603799/AN202605101822123771.html
002491,通鼎互联,通鼎互联:股票交易异常波动公告,股票交易异常波动,2026-05-11,https://data.eastmoney.com/notices/detail/002491/AN202605101822123535.html
000833,粤桂股份,粤桂股份:股票交易异常波动公告,股票交易异常波动,2026-05-11,https://data.eastmoney.com/notices/detail/000833/AN202605101822123568.html
301285,鸿日达,鸿日达:关于使用部分闲置募集资金进行现金管理到期赎回并继续进行现金管理的进展公告,募集资金使用进展情况,2026-05-11,https://data.eastmoney.com/notices/detail/301285/AN202605101822123569.html
002605,姚记科技,姚记科技:关于2022年股权激励计划股票期权第三个行权期采用自主行权模式的公告,股权激励进展公告,2026-05-11,https://data.eastmoney.com/notices/detail/002605/AN202605101822123542.html
000668,荣丰控股,*ST荣控:股票交易异常波动公告,股票交易异常波动,2026-05-11,https://data.eastmoney.com/notices/detail/000668/AN202605101822123575.html
002310,东方新能,东方新能:关于部分重整投资人限售股份上市流通的提示性公告,限售股份上市流通,2026-05-11,https://data.eastmoney.com/notices/detail/002310/AN202605101822123555.html
002222,福晶科技,福晶科技:股票交易异常波动公告,股票交易异常波动,2026-05-11,https://data.eastmoney.com/notices/detail/002222/AN202605101822123550.html
002656,摩登大道,*ST摩登:关于公司持股5%以上股东减持股份预披露的公告(更新前),股东/实际控制人股份减持,2026-05-11,https://data.eastmoney.com/notices/detail/002656/AN202605101822123577.html
300674,宇信科技,宇信科技:关于特定股东股份减持计划的提示性公告,股东/实际控制人股份减持,2026-05-11,https://data.eastmoney.com/notices/detail/300674/AN202605101822123571.html
002031,巨轮智能,巨轮智能:股票交易异常波动公告,股票交易异常波动,2026-05-11,https://data.eastmoney.com/notices/detail/002031/AN202605101822123561.html
002479,富春环保,富春环保:关于浙江富春江环保热电股份有限公司2025年年度股东会的法律意见书,法律意见书,2026-05-11,https://data.eastmoney.com/notices/detail/002479/AN202605101822123537.html
002402,和而泰,和而泰:北京君合(杭州)律师事务所关于和而泰2022年限制性股票激励计划第三个限售期解除限售条件成就相关的法律意见书,法律意见书,2026-05-11,https://data.eastmoney.com/notices/detail/002402/AN202605101822123543.html
002587,奥拓电子,奥拓电子:关于2026年限制性股票激励计划授予登记完成的公告,股本变动,2026-05-11,https://data.eastmoney.com/notices/detail/002587/AN202605101822123566.html
301285,鸿日达,鸿日达:关于实际控制人的一致行动人股份减持计划实施完毕的公告,股东/实际控制人股份减持,2026-05-11,https://data.eastmoney.com/notices/detail/301285/AN202605101822123545.html
000697,炼石航空,炼石航空:股票交易异常波动公告,股票交易异常波动,2026-05-11,https://data.eastmoney.com/notices/detail/000697/AN202605101822123576.html
001696,宗申动力,宗申动力:董事减持股份预披露公告,股东/实际控制人股份减持,2026-05-11,https://data.eastmoney.com/notices/detail/001696/AN202605101822123572.html
002713,东易日盛,*ST东易:关于持股5%以上股东签署《＜股份转让协议书＞之补充协议》的公告,签订协议,2026-05-11,https://data.eastmoney.com/notices/detail/002713/AN202605101822123552.html
002903,宇环数控,宇环数控:股票交易异常波动公告,股票交易异常波动,2026-05-11,https://data.eastmoney.com/notices/detail/002903/AN202605101822123554.html
301193,家联科技,家联科技:关于提前赎回“家联转债”的第十二次提示性公告,其他,2026-05-11,https://data.eastmoney.com/notices/detail/301193/AN202605101822123548.html
301325,曼恩斯特,曼恩斯特:首次公开发行前已发行股份上市流通的提示性公告,限售股份上市流通,2026-05-11,https://data.eastmoney.com/notices/detail/301325/AN202605101822123549.html
002752,昇兴股份,昇兴股份:2025年度分红派息实施公告,分配方案实施,2026-05-11,https://data.eastmoney.com/notices/detail/002752/AN202605101822123546.html
002987,京北方,京北方:关于公司董事减持股份的预披露公告,股东/实际控制人股份减持,2026-05-11,https://data.eastmoney.com/notices/detail/002987/AN202605101822123558.html
003004,声迅股份,*ST声迅:可转换公司债券交易异常波动公告,股票交易异常波动,2026-05-11,https://data.eastmoney.com/notices/detail/003004/AN202605101822123563.html
002552,宝鼎科技,宝鼎科技:股票交易异常波动公告,股票交易异常波动,2026-05-11,https://data.eastmoney.com/notices/detail/002552/AN202605101822123536.html
002655,共达电声,共达电声:共达电声股份有限公司关于股票交易异常波动的公告,股票交易异常波动,2026-05-11,https://data.eastmoney.com/notices/detail/002655/AN202605101822123557.html
300969,恒帅股份,恒帅股份:关于提前赎回恒帅转债暨即将停止转股的重要提示和控股股东、实际控制人及其一致行动人持股比例被动稀释触及1%及5%整数倍公告,其他,2026-05-11,https://data.eastmoney.com/notices/detail/300969/AN202605101822123556.html
003004,声迅股份,*ST声迅:股票交易异常波动公告,股票交易异常波动,2026-05-11,https://data.eastmoney.com/notices/detail/003004/AN202605101822123562.html
002402,和而泰,和而泰:关于2022年限制性股票激励计划第三个限售期解除限售股份上市流通的提示性公告,限售股份上市流通,2026-05-11,https://data.eastmoney.com/notices/detail/002402/AN202605101822123570.html
002479,富春环保,富春环保:2025年年度股东会决议的公告,分配方案决议公告,2026-05-11,https://data.eastmoney.com/notices/detail/002479/AN202605101822123534.html
001366,播恩集团,播恩集团:关于参加江西辖区上市公司2026年投资者网上集体接待日活动的公告,调研活动,2026-05-11,https://data.eastmoney.com/notices/detail/001366/AN202605101822123560.html
002310,东方新能,东方新能:国信证券股份有限公司关于北京东方生态新能源股份有限公司部分限售股份解除限售并上市流通的核查意见,保荐/核查意见,2026-05-11,https://data.eastmoney.com/notices/detail/002310/AN202605101822123574.html
003036,泰坦股份,泰坦股份:股票交易异常波动公告,股票交易异常波动,2026-05-11,https://data.eastmoney.com/notices/detail/003036/AN202605101822123553.html
301325,曼恩斯特,曼恩斯特:国联民生证券承销保荐有限公司关于深圳市曼恩斯特科技股份有限公司首次公开发行前已发行股份上市流通的核查意见,保荐/核查意见,2026-05-11,https://data.eastmoney.com/notices/detail/301325/AN202605101822123559.html
002757,南兴股份,南兴股份:股票交易异常波动公告,股票交易异常波动,2026-05-11,https://data.eastmoney.com/notices/detail/002757/AN202605101822123539.html
000070,特发信息,特发信息:关于回购股份注销完成暨控股股东及其一致行动人持股比例被动增加触及1%整数倍的公告,回购实施公告,2026-05-11,https://data.eastmoney.com/notices/detail/000070/AN202605101822123565.html
300057,万顺新材,万顺新材:关于控股股东、实际控制人因可转债转股持股比例被动稀释触及1%整数倍的公告,其他,2026-05-11,https://data.eastmoney.com/notices/detail/300057/AN202605101822123547.html
300057,万顺新材,万顺新材:关于提前赎回万顺转2暨即将停止交易的重要提示性公告,其他,2026-05-11,https://data.eastmoney.com/notices/detail/300057/AN202605101822123541.html
002034,旺能环境,旺能环境:关于提前赎回旺能转债的第八次提示性公告,其他,2026-05-11,https://data.eastmoney.com/notices/detail/002034/AN202605101822123551.html
000720,新能泰山,新能泰山:股票交易异常波动公告,股票交易异常波动,2026-05-11,https://data.eastmoney.com/notices/detail/000720/AN202605101822123564.html
002969,嘉美包装,嘉美包装:关于苏州逐越鸿智科技发展合伙企业(有限合伙)要约收购公司股份的第一次提示性公告,要约收购报告书,2026-05-11,https://data.eastmoney.com/notices/detail/002969/AN202605101822123540.html
300608,思特奇,思特奇:关于提前赎回思特转债的第二次提示性公告,其他,2026-05-11,https://data.eastmoney.com/notices/detail/300608/AN202605101822123544.html
002049,紫光国微,紫光国微:关于发行股份及支付现金购买资产并募集配套资金暨关联交易事项的进展公告,关联交易,2026-05-11,https://data.eastmoney.com/notices/detail/002049/AN202605101822123573.html
002769,普路通,普路通:关于担保事项的进展公告,其他担保公告,2026-05-11,https://data.eastmoney.com/notices/detail/002769/AN202605101822123567.html
002713,东易日盛,*ST东易:关于持股5%以上股东减持股份预披露的公告,股东/实际控制人股份减持,2026-05-11,https://data.eastmoney.com/notices/detail/002713/AN202605101822123538.html
600196,复星医药,复星医药:复星医药关于控股子公司药品获美国FDA临床试验批准的公告,其他,2026-05-11,https://data.eastmoney.com/notices/detail/600196/AN202605101822123488.html
600196,复星医药,复星医药:复星医药关于控股子公司药品新增适应症获欧盟批准的提示性公告,其他,2026-05-11,https://data.eastmoney.com/notices/detail/600196/AN202605101822123485.html
600818,ST中路,ST中路:关于第一大股东被动减持股份计划公告,股东/实际控制人股份减持,2026-05-11,https://data.eastmoney.com/notices/detail/600818/AN202605101822123491.html
601800,中国交建,中国交建:中国交建H股公告-翌日披露报表,其他,2026-05-11,https://data.eastmoney.com/notices/detail/601800/AN202605101822123495.html
603130,云中马,云中马:浙江云中马股份有限公司关于向特定对象发行A股股票预案(二次修订稿)披露的提示性公告,增发提示性公告,2026-05-11,https://data.eastmoney.com/notices/detail/603130/AN202605101822123507.html
600975,新五丰,新五丰:湖南新五丰股份有限公司2025年年度股东会会议资料,股东大会资料,2026-05-11,https://data.eastmoney.com/notices/detail/600975/AN202605101822123500.html
600797,浙大网新,浙大网新:浙大网新科技股份有限公司关于召开2025年年度暨2026年第一季度业绩说明会的公告,其他,2026-05-11,https://data.eastmoney.com/notices/detail/600797/AN202605101822123479.html
601700,风范股份,风范股份:关于项目中标的公告,重大合同,2026-05-11,https://data.eastmoney.com/notices/detail/601700/AN202605101822123481.html
600538,国发股份,国发股份:董事及高级管理人员薪酬管理办法(2026年修订),管理办法/制度,2026-05-11,https://data.eastmoney.com/notices/detail/600538/AN202605101822123473.html
603459,红板科技,红板科技:关于股票交易异常波动的公告,股票交易异常波动,2026-05-11,https://data.eastmoney.com/notices/detail/603459/AN202605101822123468.html
600538,国发股份,国发股份:第十二届董事会第一次会议决议公告,高管人员任职变动,2026-05-11,https://data.eastmoney.com/notices/detail/600538/AN202605101822123475.html
600340,*ST华幸,*ST华幸:华夏幸福基业股份有限公司关于董事长及核心管理层增持公司股份计划的公告,股东/实际控制人股份增持,2026-05-11,https://data.eastmoney.com/notices/detail/600340/AN202605101822123487.html
605589,圣泉集团,圣泉集团:圣泉集团关于召开2025年度暨2026年第一季度业绩暨现金分红说明会的公告,其他,2026-05-11,https://data.eastmoney.com/notices/detail/605589/AN202605101822123483.html
600778,友好集团,友好集团:友好集团关于召开2025年度业绩说明会的公告,其他,2026-05-11,https://data.eastmoney.com/notices/detail/600778/AN202605101822123472.html
603130,云中马,云中马:浙江云中马股份有限公司关于2025年度向特定对象发行A股股票预案及相关文件修订说明的公告,增发方案修订,2026-05-11,https://data.eastmoney.com/notices/detail/603130/AN202605101822123510.html
603939,益丰药房,益丰药房:益丰药房关于公司高级管理人员离任的公告,高管人员任职变动,2026-05-11,https://data.eastmoney.com/notices/detail/603939/AN202605101822123467.html
600644,乐山电力,乐山电力:乐山电力股份有限公司关于参股公司诉讼进展情况的公告,诉讼仲裁,2026-05-11,https://data.eastmoney.com/notices/detail/600644/AN202605101822123503.html
603208,江山欧派,江山欧派:江山欧派关于“江山转债”可选择回售的第二次提示性公告,其他,2026-05-11,https://data.eastmoney.com/notices/detail/603208/AN202605101822123505.html
603681,永冠新材,永冠新材:上海永冠众诚新材料科技(集团)股份有限公司2025年年度股东会会议资料,股东大会资料,2026-05-11,https://data.eastmoney.com/notices/detail/603681/AN202605101822123478.html
600409,三友化工,三友化工:2026年度第一期中期票据发行结果公告,其他,2026-05-11,https://data.eastmoney.com/notices/detail/600409/AN202605101822123494.html
600642,申能股份,申能股份:申能股份有限公司关于召开2025年度暨2026第一季度业绩说明会的公告,其他,2026-05-11,https://data.eastmoney.com/notices/detail/600642/AN202605101822123501.html
603130,云中马,云中马:浙江云中马股份有限公司关于向特定对象发行A股股票摊薄即期回报、采取填补措施及相关主体承诺(二次修订稿)的公告,其他,2026-05-11,https://data.eastmoney.com/notices/detail/603130/AN202605101822123512.html
603130,云中马,云中马:浙江云中马股份有限公司2025年度向特定对象发行A股股票预案(二次修订稿),增发方案修订,2026-05-11,https://data.eastmoney.com/notices/detail/603130/AN202605101822123508.html
600058,五矿发展,五矿发展:五矿发展股份有限公司关于重大资产置换、发行股份及支付现金购买资产并募集配套资金暨关联交易事项的进展公告,关联交易,2026-05-11,https://data.eastmoney.com/notices/detail/600058/AN202605101822123484.html
603130,云中马,云中马:浙江云中马股份有限公司关于调整2025年度向特定对象发行A股股票方案的公告,增发方案修订,2026-05-11,https://data.eastmoney.com/notices/detail/603130/AN202605101822123513.html
601012,隆基绿能,隆基绿能:关于提供担保的进展公告,提供/对外担保公告,2026-05-11,https://data.eastmoney.com/notices/detail/601012/AN202605101822123502.html
600363,联创光电,联创光电:关于控股股东部分股份质押的公告,股份质押、冻结,2026-05-11,https://data.eastmoney.com/notices/detail/600363/AN202605101822123497.html
600157,永泰能源,永泰能源:永泰能源集团股份有限公司关于召开2025年度业绩说明会的公告,其他,2026-05-11,https://data.eastmoney.com/notices/detail/600157/AN202605101822123486.html
603130,云中马,云中马:浙江云中马股份有限公司2025年度向特定对象发行A股股票方案论证分析报告(二次修订稿),其他,2026-05-11,https://data.eastmoney.com/notices/detail/603130/AN202605101822123511.html
603130,云中马,云中马:浙江云中马股份有限公司2025年度向特定对象发行A股股票募集资金使用的可行性分析报告(二次修订稿),其他,2026-05-11,https://data.eastmoney.com/notices/detail/603130/AN202605101822123506.html
603130,云中马,云中马:浙江云中马股份有限公司第四届董事会第五次会议决议公告,增发预案,2026-05-11,https://data.eastmoney.com/notices/detail/603130/AN202605101822123509.html
688766,普冉股份,普冉股份:普冉半导体(上海)股份有限公司关于发行股份、可转换公司债券及支付现金购买资产并募集配套资金申请文件获得上海证券交易所受理的公告,其他增发事项公告,2026-05-11,https://data.eastmoney.com/notices/detail/688766/AN202605101822123504.html
688418,震有科技,震有科技:2025年年度股东会会议资料,股东大会资料,2026-05-11,https://data.eastmoney.com/notices/detail/688418/AN202605101822123492.html
688686,奥普特,奥普特:兴业证券股份有限公司关于广东奥普特科技股份有限公司差异化权益分派事项的核查意见,保荐/核查意见,2026-05-11,https://data.eastmoney.com/notices/detail/688686/AN202605101822123490.html
688072,拓荆科技,拓荆科技:关于2025年度利润分配方案的公告,分配预案,2026-05-11,https://data.eastmoney.com/notices/detail/688072/AN202605101822123476.html
688418,震有科技,震有科技:关于延长公司2025年度向特定对象发行A股股票股东会决议有效期及相关授权有效期的公告,增发方案修订,2026-05-11,https://data.eastmoney.com/notices/detail/688418/AN202605101822123480.html
688686,奥普特,奥普特:2025年年度权益分派实施公告,分配方案实施,2026-05-11,https://data.eastmoney.com/notices/detail/688686/AN202605101822123489.html
688071,华依科技,华依科技:上海华依科技集团股份有限公司关于参加十五五·未来产业——科创企业产业迭代与创新赋能之2025年度机器人行业集体业绩说明会的公告,其他,2026-05-11,https://data.eastmoney.com/notices/detail/688071/AN202605101822123471.html
688072,拓荆科技,拓荆科技:关于2025年年度股东会取消部分议案并增加临时提案的公告,增加股东大会议案,2026-05-11,https://data.eastmoney.com/notices/detail/688072/AN202605101822123482.html
688166,博瑞医药,博瑞医药:关于公司控股股东、实际控制人及其一致行动人持股比例被动稀释触及1%刻度的提示性公告,股东/实际控制人股份减持,2026-05-11,https://data.eastmoney.com/notices/detail/688166/AN202605101822123465.html
688418,震有科技,震有科技:第四届董事会第十一次会议决议公告,其他增发事项公告,2026-05-11,https://data.eastmoney.com/notices/detail/688418/AN202605101822123498.html
688004,博汇科技,博汇科技:博汇科技2025年年度股东会决议公告,股东大会决议公告,2026-05-11,https://data.eastmoney.com/notices/detail/688004/AN202605101822123474.html
688418,震有科技,震有科技:关于2025年年度股东会增加临时提案暨延期召开的公告,增加股东大会议案,2026-05-11,https://data.eastmoney.com/notices/detail/688418/AN202605101822123499.html
688418,震有科技,震有科技:关于召开“十五五·未来产业——科创企业产业迭代与创新赋能”之2025年度航空航天行业集体业绩说明会暨2026年第一季度业绩说明会的公告,其他,2026-05-11,https://data.eastmoney.com/notices/detail/688418/AN202605101822123493.html
688004,博汇科技,博汇科技:博汇科技关于参加十五五·未来产业——科创企业产业迭代与创新赋能之2025年度人工智能行业集体业绩说明会暨召开2026年第一季度业绩说明会的公告,其他,2026-05-11,https://data.eastmoney.com/notices/detail/688004/AN202605101822123466.html
688004,博汇科技,博汇科技:北京海润天睿律师事务所关于北京市博汇科技股份有限公司2025年年度股东会的法律意见书,法律意见书,2026-05-11,https://data.eastmoney.com/notices/detail/688004/AN202605101822123470.html
603435,嘉德利,嘉德利:嘉德利首次公开发行股票并在主板上市网上路演公告,首发网上路演公告,2026-05-11,https://data.eastmoney.com/notices/detail/603435/AN202605101822123457.html
