代码,名称,公告标题,公告类型,公告日期,网址
000908,石药景峰,*ST景峰:中诚信国际关于终止湖南景峰医药股份有限公司主体和相关债项信用评级的公告,其他,2024-06-25,https://data.eastmoney.com/notices/detail/000908/AN202406251636881354.html
603322,超讯科技,超讯通信:第五届董事会第五次会议决议公告,董事会决议公告,2024-06-25,https://data.eastmoney.com/notices/detail/603322/AN202406241636832800.html
600141,兴发集团,兴发集团:湖北兴发化工集团股份有限公司关于持股5%以上股东股份质押的公告,股份质押、冻结,2024-06-25,https://data.eastmoney.com/notices/detail/600141/AN202406241636825288.html
920187,通领科技,关于上海通领汽车科技股份有限公司首次公开发行股票并上市辅导工作完成报告,辅导工作进展报告,2024-06-25,https://data.eastmoney.com/notices/detail/920187/AN202407131637854752.html
300002,神州泰岳,神州泰岳:2024年6月25日投资者关系活动记录表,调研活动,2024-06-25,https://data.eastmoney.com/notices/detail/300002/AN202406251636886473.html
000878,云南铜业,云南铜业:2024年6月25日云南铜业反向路演活动记录表,调研活动,2024-06-25,https://data.eastmoney.com/notices/detail/000878/AN202406251636886458.html
002275,桂林三金,桂林三金:002275桂林三金投资者关系管理信息20240624,调研活动,2024-06-25,https://data.eastmoney.com/notices/detail/002275/AN202406251636885035.html
A23246,品胜电子,关于终止对品胜电子首次公开发行股票并在主板上市审核的决定,创业板发行上市审核终止审核通知,2024-06-25,https://data.eastmoney.com/notices/detail/A23246/AN202406251636885676.html
002460,赣锋锂业,赣锋锂业:2023年年度股东大会会议活动记录表,调研活动,2024-06-25,https://data.eastmoney.com/notices/detail/002460/AN202406251636885011.html
A22267,华平智控,关于终止对华平智控首次公开发行股票并在创业板上市审核的决定,创业板发行上市审核终止审核通知,2024-06-25,https://data.eastmoney.com/notices/detail/A22267/AN202406251636885675.html
920056,能之光,能之光:最近三年及一期的财务报告和审计报告(申报稿),北交所发行上市审计报告,2024-06-25,https://data.eastmoney.com/notices/detail/920056/AN202406251636885213.html
A23190,亚通新材,关于终止对浙江亚通新材料股份有限公司首次公开发行股票并在科创板上市审核的决定,科创板发行上市审核终止审核通知,2024-06-25,https://data.eastmoney.com/notices/detail/A23190/AN202406251636884985.html
920056,能之光,能之光:发行保荐书(申报稿),北交所发行上市发行保荐书,2024-06-25,https://data.eastmoney.com/notices/detail/920056/AN202406251636885219.html
920056,能之光,能之光:招股说明书(申报稿),北交所发行上市招股说明书申报稿,2024-06-25,https://data.eastmoney.com/notices/detail/920056/AN202406251636885221.html
A21054,欣诺通信,关于终止对上海欣诺通信技术股份有限公司首次公开发行股票并在科创板上市审核的决定,科创板发行上市审核终止审核通知,2024-06-25,https://data.eastmoney.com/notices/detail/A21054/AN202406251636884975.html
920056,能之光,能之光:上市保荐书(申报稿),北交所发行上市上市保荐书,2024-06-25,https://data.eastmoney.com/notices/detail/920056/AN202406251636885220.html
920056,能之光,能之光:法律意见书(申报稿),北交所发行上市法律意见书,2024-06-25,https://data.eastmoney.com/notices/detail/920056/AN202406251636885214.html
300817,双飞集团,双飞集团:关于公司股东减持股份预披露公告,股东/实际控制人股份减持,2024-06-25,https://data.eastmoney.com/notices/detail/300817/AN202406251636884920.html
300862,蓝盾光电,蓝盾光电:关于再次延期回复深圳证券交易所年报问询函的公告,延期回复问询函公告,2024-06-25,https://data.eastmoney.com/notices/detail/300862/AN202406251636884323.html
300760,迈瑞医疗,迈瑞医疗:关于控股股东部分股份解除质押的公告,股份质押、冻结,2024-06-25,https://data.eastmoney.com/notices/detail/300760/AN202406251636884261.html
300116,*ST保力,*ST保力:关于部分募集资金投资项目结项的公告,其他,2024-06-25,https://data.eastmoney.com/notices/detail/300116/AN202406251636884112.html
300406,九强生物,九强生物:关于持股5%以上股东持股比例变动超过1%的公告,股东/实际控制人股份增持,2024-06-25,https://data.eastmoney.com/notices/detail/300406/AN202406251636884115.html
300116,*ST保力,*ST保力:第六届监事会第五次会议决议公告,监事会决议公告,2024-06-25,https://data.eastmoney.com/notices/detail/300116/AN202406251636884113.html
300116,*ST保力,*ST保力:华源证券股份有限公司关于保力新能源科技股份有限公司部分募投项目结项的核查意见,保荐/核查意见,2024-06-25,https://data.eastmoney.com/notices/detail/300116/AN202406251636884111.html
300116,*ST保力,*ST保力:第六届董事会第六次会议决议公告,董事会决议公告,2024-06-25,https://data.eastmoney.com/notices/detail/300116/AN202406251636884110.html
300158,振东制药,振东制药:关于股东股份解押及质押的公告,股份质押、冻结,2024-06-25,https://data.eastmoney.com/notices/detail/300158/AN202406251636884109.html
300406,九强生物,九强生物:关于公司持股5%以上股东增持公司股份计划的公告,股东/实际控制人股份增持,2024-06-25,https://data.eastmoney.com/notices/detail/300406/AN202406251636884114.html
300250,初灵信息,初灵信息:关于董事、高级管理人员减持股份的预披露公告,高管人员持股变动,2024-06-25,https://data.eastmoney.com/notices/detail/300250/AN202406251636883959.html
300212,*ST易录,易华录:2023年度股东大会决议公告,分配方案决议公告,2024-06-25,https://data.eastmoney.com/notices/detail/300212/AN202406251636883507.html
300212,*ST易录,易华录:关于完成监事会换届选举的公告,高管人员任职变动,2024-06-25,https://data.eastmoney.com/notices/detail/300212/AN202406251636883508.html
300212,*ST易录,易华录:关于完成董事会换届选举的公告,高管人员任职变动,2024-06-25,https://data.eastmoney.com/notices/detail/300212/AN202406251636883510.html
300212,*ST易录,易华录:北京市中伦律师事务所关于公司2023年年度股东大会的法律意见书,法律意见书,2024-06-25,https://data.eastmoney.com/notices/detail/300212/AN202406251636883509.html
300212,*ST易录,易华录:关于选举产生职工代表董事和职工代表监事的公告,高管人员任职变动,2024-06-25,https://data.eastmoney.com/notices/detail/300212/AN202406251636883511.html
000709,河钢股份,河钢股份:河钢股份有限公司2024年面向专业投资者公开发行可续期公司债券(第二期)票面利率公告,其他,2024-06-25,https://data.eastmoney.com/notices/detail/000709/AN202406251636883386.html
000402,金融街,金融街:金融街控股股份有限公司2024年面向专业投资者公开发行公司债券(第二期)票面利率公告,其他,2024-06-25,https://data.eastmoney.com/notices/detail/000402/AN202406251636883387.html
300393,中来股份,中来股份:关于为控股子公司提供担保的进展公告,提供/对外担保公告,2024-06-25,https://data.eastmoney.com/notices/detail/300393/AN202406251636883385.html
920249,利尔达,【2024年】第032号利尔达科技集团股份有限公司关于年报问询函的回复(公司回复),年报问询函的回复公告,2024-06-25,https://data.eastmoney.com/notices/detail/920249/AN202406251636881839.html
301232,飞沃科技,飞沃科技:关于持股5%以上股东减持股份预披露公告,股东/实际控制人股份减持,2024-06-25,https://data.eastmoney.com/notices/detail/301232/AN202406251636882587.html
300301,ST长方,*ST长方:关于股东股份减持计划到期的公告,股东/实际控制人股份减持,2024-06-25,https://data.eastmoney.com/notices/detail/300301/AN202406251636882252.html
300301,ST长方,*ST长方:关于股东股份减持计划到期的公告,股东/实际控制人股份减持,2024-06-25,https://data.eastmoney.com/notices/detail/300301/AN202406251636882251.html
300301,ST长方,*ST长方:关于延期回复深圳证券交易所2023年年报问询函的公告,延期回复问询函公告,2024-06-25,https://data.eastmoney.com/notices/detail/300301/AN202406251636882250.html
300015,爱尔眼科,爱尔眼科:关于公司实际控制人部分股份提前解除质押的公告,股份质押、冻结,2024-06-25,https://data.eastmoney.com/notices/detail/300015/AN202406251636882192.html
300769,德方纳米,德方纳米:关于持股5%以上股东部分股份质押的公告,股份质押、冻结,2024-06-25,https://data.eastmoney.com/notices/detail/300769/AN202406251636882191.html
300358,楚天科技,楚天科技:上海荣正企业咨询服务(集团)股份有限公司关于楚天科技股份有限公司作废部分限制性股票相关事项之独立财务顾问报告,保荐/核查意见,2024-06-25,https://data.eastmoney.com/notices/detail/300358/AN202406251636882060.html
300358,楚天科技,楚天科技:国金证券股份有限公司关于楚天科技股份有限公司部分募投项目增加投资额及内部投资结构调整的核查意见,保荐/核查意见,2024-06-25,https://data.eastmoney.com/notices/detail/300358/AN202406251636881955.html
300358,楚天科技,楚天科技:关于新增副董事长及聘任公司高级管理人员的公告,高管人员任职变动,2024-06-25,https://data.eastmoney.com/notices/detail/300358/AN202406251636882057.html
300358,楚天科技,楚天科技:湖南启元律师事务所关于楚天科技股份有限公司2021年限制性股票激励计划部分限制性股票作废相关事项的法律意见书,法律意见书,2024-06-25,https://data.eastmoney.com/notices/detail/300358/AN202406251636882058.html
300358,楚天科技,楚天科技:第五届监事会第二十次会议决议公告,监事会决议公告,2024-06-25,https://data.eastmoney.com/notices/detail/300358/AN202406251636881956.html
300358,楚天科技,楚天科技:湖南启元律师事务所关于楚天科技股份有限公司2024年第一次临时股东大会的法律意见书,法律意见书,2024-06-25,https://data.eastmoney.com/notices/detail/300358/AN202406251636881954.html
300358,楚天科技,楚天科技:第五届董事会第二十四次会议决议公告,高管人员任职变动,2024-06-25,https://data.eastmoney.com/notices/detail/300358/AN202406251636882059.html
300358,楚天科技,楚天科技:关于部分募投项目增加投资额及内部投资结构调整的公告,其他,2024-06-25,https://data.eastmoney.com/notices/detail/300358/AN202406251636881952.html
300358,楚天科技,楚天科技:关于作废部分2021年限制性股票激励计划已授予尚未归属的限制性股票的公告,股权激励进展公告,2024-06-25,https://data.eastmoney.com/notices/detail/300358/AN202406251636881951.html
300358,楚天科技,楚天科技:关于向下修正可转换公司债券转股价格的公告,其他,2024-06-25,https://data.eastmoney.com/notices/detail/300358/AN202406251636881950.html
300358,楚天科技,楚天科技:2024年第一次临时股东大会决议公告,股东大会决议公告,2024-06-25,https://data.eastmoney.com/notices/detail/300358/AN202406251636881953.html
300845,捷安高科,捷安高科:第五届监事会第八次会议决议公告,监事会决议公告,2024-06-25,https://data.eastmoney.com/notices/detail/300845/AN202406251636881923.html
300845,捷安高科,捷安高科:监事会关于2022年限制性股票激励计划首次授予部分第二个归属期归属激励对象名单的核查意见,专项说明/独立意见,2024-06-25,https://data.eastmoney.com/notices/detail/300845/AN202406251636881922.html
300845,捷安高科,捷安高科:北京市君致律师事务所关于郑州捷安高科股份有限公司2022年限制性股票激励计划及2022年第二期限制性股票激励计划相关事项的法律意见书,法律意见书,2024-06-25,https://data.eastmoney.com/notices/detail/300845/AN202406251636881921.html
300845,捷安高科,捷安高科:关于调整2022年限制性股票激励计划及2022年第二期限制性股票激励计划相关事项的公告,股权激励进展公告,2024-06-25,https://data.eastmoney.com/notices/detail/300845/AN202406251636881920.html
300845,捷安高科,捷安高科:关于作废部分2022年限制性股票激励计划首次授予部分限制性股票的公告,股权激励进展公告,2024-06-25,https://data.eastmoney.com/notices/detail/300845/AN202406251636881919.html
300845,捷安高科,捷安高科:关于2022年限制性股票激励计划首次授部分第二归属期归属条件成就的公告,股权激励进展公告,2024-06-25,https://data.eastmoney.com/notices/detail/300845/AN202406251636881918.html
300845,捷安高科,捷安高科:第五届董事会第八次会议决议公告,董事会决议公告,2024-06-25,https://data.eastmoney.com/notices/detail/300845/AN202406251636881917.html
300464,星徽股份,星徽股份:东莞证券股份有限公司关于广东星徽精密制造股份有限公司转让子公司股权暨关联交易的核查意见,保荐/核查意见,2024-06-25,https://data.eastmoney.com/notices/detail/300464/AN202406251636881916.html
300464,星徽股份,星徽股份:第五届董事会第八次会议决议公告,董事会决议公告,2024-06-25,https://data.eastmoney.com/notices/detail/300464/AN202406251636881915.html
300464,星徽股份,星徽股份:关于转让子公司股权暨关联交易的公告,股权转让,2024-06-25,https://data.eastmoney.com/notices/detail/300464/AN202406251636881914.html
300137,先河环保,先河环保:关于独立董事辞职的公告,高管人员任职变动,2024-06-25,https://data.eastmoney.com/notices/detail/300137/AN202406251636881913.html
300137,先河环保,先河环保:第四届监事会第十七次会议决议公告,高管人员任职变动,2024-06-25,https://data.eastmoney.com/notices/detail/300137/AN202406251636881912.html
300137,先河环保,先河环保:第四届董事会第二十七次会议决议公告,高管人员任职变动,2024-06-25,https://data.eastmoney.com/notices/detail/300137/AN202406251636881911.html
300003,乐普医疗,乐普医疗:关于乐普转2恢复转股的提示性公告,其他,2024-06-25,https://data.eastmoney.com/notices/detail/300003/AN202406251636881910.html
002500,山西证券,山西证券:山西证券股份有限公司2024年度公开发行公司债券跟踪评级报告,其他,2024-06-25,https://data.eastmoney.com/notices/detail/002500/AN202406251636881867.html
920249,利尔达,利尔达:天健会计师事务所对利尔达科技集团股份有限公司年报问询回复的核查意见,会计师事务所问询函回复公告,2024-06-25,https://data.eastmoney.com/notices/detail/920249/AN202406251636881858.html
920249,利尔达,利尔达:关于对北京证券交易所年报问询函回复的公告,回复问询函公告,2024-06-25,https://data.eastmoney.com/notices/detail/920249/AN202406251636881857.html
301055,张小泉,张小泉:301055张小泉调研活动信息20240625,调研活动,2024-06-25,https://data.eastmoney.com/notices/detail/301055/AN202406251636881562.html
301348,蓝箭电子,蓝箭电子:关于第五届监事会第一次会议决议公告,高管人员任职变动,2024-06-25,https://data.eastmoney.com/notices/detail/301348/AN202406251636881664.html
301348,蓝箭电子,蓝箭电子:关于第五届董事会第一次会议决议公告,高管人员任职变动,2024-06-25,https://data.eastmoney.com/notices/detail/301348/AN202406251636881665.html
301348,蓝箭电子,蓝箭电子:关于完成董事会、监事会换届选举并聘任高级管理人员及其他相关人员的公告,高管人员任职变动,2024-06-25,https://data.eastmoney.com/notices/detail/301348/AN202406251636881551.html
301348,蓝箭电子,蓝箭电子:北京市康达律师事务所关于佛山市蓝箭电子股份有限公司2023年年度股东大会的法律意见书,法律意见书,2024-06-25,https://data.eastmoney.com/notices/detail/301348/AN202406251636881549.html
301348,蓝箭电子,蓝箭电子:2023年年度股东大会决议公告,分配方案决议公告,2024-06-25,https://data.eastmoney.com/notices/detail/301348/AN202406251636881550.html
300593,新雷能,新雷能:关于使用部分闲置募集资金进行现金管理的进展公告,募集资金使用进展情况,2024-06-25,https://data.eastmoney.com/notices/detail/300593/AN202406251636881302.html
300593,新雷能,新雷能:关于使用部分闲置自有资金进行现金管理的进展公告,投资理财,2024-06-25,https://data.eastmoney.com/notices/detail/300593/AN202406251636881303.html
300282,三盛退,*ST三盛:第六届董事会第二十三次会议决议公告,高管人员任职变动,2024-06-25,https://data.eastmoney.com/notices/detail/300282/AN202406251636881265.html
300065,海兰信,海兰信:2023年年度股东大会决议公告,分配方案决议公告,2024-06-25,https://data.eastmoney.com/notices/detail/300065/AN202406251636881262.html
300065,海兰信,海兰信:中伦:2023年年度股东大会法律意见书,法律意见书,2024-06-25,https://data.eastmoney.com/notices/detail/300065/AN202406251636881263.html
300282,三盛退,*ST三盛:关于控股子公司天雄新材账户被冻结的公告,股份质押、冻结,2024-06-25,https://data.eastmoney.com/notices/detail/300282/AN202406251636881264.html
301508,中机认检,中机认检:2024年6月25日中机寰宇认证检验有限公司投资者关系活动记录表,调研活动,2024-06-25,https://data.eastmoney.com/notices/detail/301508/AN202406251636880770.html
920022,世昌股份,世昌股份:申请公开发行股票并在北交所上市辅导验收完成的公告,上市辅导公告,2024-06-25,https://data.eastmoney.com/notices/detail/920022/AN202406251636880538.html
301040,中环海陆,中环海陆:2022年张家港中环海陆高端装备股份有限公司向不特定对象发行可转换公司债券2024年跟踪评级报告,其他,2024-06-25,https://data.eastmoney.com/notices/detail/301040/AN202406251636880453.html
301040,中环海陆,中环海陆:关于可转换公司债券2024年跟踪评级结果的公告,其他,2024-06-25,https://data.eastmoney.com/notices/detail/301040/AN202406251636880454.html
300696,爱乐达,爱乐达:股票交易异常波动公告,股票交易异常波动,2024-06-25,https://data.eastmoney.com/notices/detail/300696/AN202406251636880452.html
300740,水羊股份,水羊股份:关于公司为子公司提供担保的进展公告,提供/对外担保公告,2024-06-25,https://data.eastmoney.com/notices/detail/300740/AN202406251636880171.html
920436,大地电气,大地电气:2024年股票期权激励计划首次授予结果公告,股权激励进展公告,2024-06-25,https://data.eastmoney.com/notices/detail/920436/AN202406251636879845.html
300305,裕兴股份,裕兴股份:2023年年度权益分派实施公告,分配方案实施,2024-06-25,https://data.eastmoney.com/notices/detail/300305/AN202406251636879838.html
300961,深水海纳,深水海纳:关于举办2023年度网上业绩说明会的公告,其他,2024-06-25,https://data.eastmoney.com/notices/detail/300961/AN202406251636879837.html
300305,裕兴股份,裕兴股份:关于可转换公司债券转股价格调整的公告,其他,2024-06-25,https://data.eastmoney.com/notices/detail/300305/AN202406251636879839.html
300218,安利股份,安利股份:2024年6月25日投资者关系活动记录表,调研活动,2024-06-25,https://data.eastmoney.com/notices/detail/300218/AN202406251636879683.html
300409,道氏技术,道氏技术:300409道氏技术投资者关系管理信息20240624,调研活动,2024-06-25,https://data.eastmoney.com/notices/detail/300409/AN202406251636879684.html
301269,华大九天,华大九天:北京市金杜律师事务所关于北京华大九天科技股份有限公司2024年第一次临时股东大会之法律意见书,法律意见书,2024-06-25,https://data.eastmoney.com/notices/detail/301269/AN202406251636879787.html
301269,华大九天,华大九天:北京华大九天科技股份有限公司2024年第一次临时股东大会决议公告,股东大会决议公告,2024-06-25,https://data.eastmoney.com/notices/detail/301269/AN202406251636879786.html
301011,华立科技,华立科技:关于持股5%以上股东与其一致行动人之间终止协议转让股份的公告,股权转让,2024-06-25,https://data.eastmoney.com/notices/detail/301011/AN202406251636879345.html
301193,家联科技,家联科技:关于“家联转债”开始转股的提示性公告,其他,2024-06-25,https://data.eastmoney.com/notices/detail/301193/AN202406251636879344.html
002792,通宇通讯,通宇通讯:002792通宇通讯投资者关系管理信息20240625,调研活动,2024-06-25,https://data.eastmoney.com/notices/detail/002792/AN202406251636878877.html
300343,联创股份,联创股份:关于注销部分限制性股票的减资公告,公司注册资本变更,2024-06-25,https://data.eastmoney.com/notices/detail/300343/AN202406251636878814.html
300795,米奥会展,米奥会展:2024年半年度业绩预告,业绩预告,2024-06-25,https://data.eastmoney.com/notices/detail/300795/AN202406251636878813.html
301322,绿通科技,绿通科技:简式权益变动报告书(一),权益变动报告书,2024-06-25,https://data.eastmoney.com/notices/detail/301322/AN202406251636878676.html
300422,博世科,博世科:安徽博世科环保科技股份有限公司公开发行可转换公司债券2024年跟踪评级报告,其他,2024-06-25,https://data.eastmoney.com/notices/detail/300422/AN202406251636878681.html
300422,博世科,博世科:关于与国能生物发电集团有限公司签署《战略合作框架协议》的公告,签订协议,2024-06-25,https://data.eastmoney.com/notices/detail/300422/AN202406251636878680.html
300003,乐普医疗,乐普医疗:关于持股5%以上股东非公开发行科技创新可交换公司债券(第一期)换股价格调整的公告,产品价格调整,2024-06-25,https://data.eastmoney.com/notices/detail/300003/AN202406251636878679.html
301498,乖宝宠物,乖宝宠物:北京德恒(济南)律师事务所关于乖宝宠物食品集团股份有限公司2023年年度股东大会的法律意见,法律意见书,2024-06-25,https://data.eastmoney.com/notices/detail/301498/AN202406251636878678.html
301498,乖宝宠物,乖宝宠物:关于2023年年度股东大会决议公告,分配方案决议公告,2024-06-25,https://data.eastmoney.com/notices/detail/301498/AN202406251636878677.html
301322,绿通科技,绿通科技:简式权益变动报告书(二),权益变动报告书,2024-06-25,https://data.eastmoney.com/notices/detail/301322/AN202406251636878675.html
301322,绿通科技,绿通科技:关于股东拟协议转让公司股份且受让方6个月内不减持公司股份暨权益变动的提示性公告,权益变动报告书,2024-06-25,https://data.eastmoney.com/notices/detail/301322/AN202406251636878674.html
300205,*ST天喻,ST天喻:关于再次延期回复深圳证券交易所2023年报问询函的公告,延期回复问询函公告,2024-06-25,https://data.eastmoney.com/notices/detail/300205/AN202406251636878462.html
300239,东宝生物,东宝生物:包头东宝生物技术股份有限公司向不特定对象发行可转换公司债券受托管理事务报告(2023年度),其他,2024-06-25,https://data.eastmoney.com/notices/detail/300239/AN202406251636878398.html
920091,大鹏工业,大鹏工业:第三届监事会第十四次会议(临时会议)决议公告,监事会决议公告,2024-06-25,https://data.eastmoney.com/notices/detail/920091/AN202406251636878376.html
300235,方直科技,方直科技:关于转让参股公司股权的公告,股权转让,2024-06-25,https://data.eastmoney.com/notices/detail/300235/AN202406251636878361.html
300235,方直科技,方直科技:第五届监事会第十八次会议决议公告,监事会决议公告,2024-06-25,https://data.eastmoney.com/notices/detail/300235/AN202406251636878362.html
300235,方直科技,方直科技:第五届董事会第十八次会议决议公告,董事会决议公告,2024-06-25,https://data.eastmoney.com/notices/detail/300235/AN202406251636878363.html
920091,大鹏工业,大鹏工业:关于召开2024年第三次临时股东大会通知公告,召开股东大会通知,2024-06-25,https://data.eastmoney.com/notices/detail/920091/AN202406251636878238.html
920091,大鹏工业,大鹏工业:股东减持股份管理制度(北交所上市后适用),管理办法/制度,2024-06-25,https://data.eastmoney.com/notices/detail/920091/AN202406251636878218.html
920802,保丽洁,保丽洁:2023年年度权益分派实施公告,分配方案实施,2024-06-25,https://data.eastmoney.com/notices/detail/920802/AN202406251636878201.html
920091,大鹏工业,大鹏工业:董事、监事和高级管理人员持股变动管理制度(北交所上市后适用),管理办法/制度,2024-06-25,https://data.eastmoney.com/notices/detail/920091/AN202406251636877853.html
920139,华岭股份,华岭股份:2023年股票期权激励计划部分股票期权注销完成公告,股权激励进展公告,2024-06-25,https://data.eastmoney.com/notices/detail/920139/AN202406251636877847.html
300114,中航电测,中航电测:中航电测关于发行股份购买资产暨关联交易收到深圳证券交易所恢复审核通知的公告,关联交易,2024-06-25,https://data.eastmoney.com/notices/detail/300114/AN202406251636878157.html
920091,大鹏工业,大鹏工业:2024年一季度审阅报告,保荐/核查意见,2024-06-25,https://data.eastmoney.com/notices/detail/920091/AN202406251636877821.html
300039,上海凯宝,上海凯宝:关于获得国家科学技术进步奖二等奖的公告,其他,2024-06-25,https://data.eastmoney.com/notices/detail/300039/AN202406251636877816.html
300813,泰林生物,泰林生物:浙江泰林生物技术股份有限公司向不特定对象发行可转换公司债券受托管理事务报告(2023年度),其他,2024-06-25,https://data.eastmoney.com/notices/detail/300813/AN202406251636877815.html
300838,浙江力诺,浙江力诺:北京德恒(杭州)律师事务所关于浙江力诺流体控制科技股份有限公司2024年第一次临时股东大会的法律意见书(修正稿),法律意见书,2024-06-25,https://data.eastmoney.com/notices/detail/300838/AN202406251636877799.html
300838,浙江力诺,浙江力诺:2024年第一次临时股东大会决议公告(更正后),股东大会决议公告,2024-06-25,https://data.eastmoney.com/notices/detail/300838/AN202406251636877798.html
300838,浙江力诺,浙江力诺:关于2024年第一次临时股东大会决议公告的更正公告,其他,2024-06-25,https://data.eastmoney.com/notices/detail/300838/AN202406251636877797.html
000709,河钢股份,河钢股份:关于延长河钢股份有限公司2024年面向专业投资者公开发行可续期公司债券(第二期)簿记建档时间的公告,其他,2024-06-25,https://data.eastmoney.com/notices/detail/000709/AN202406251636877765.html
000402,金融街,金融街:关于延长金融街控股股份有限公司2024年面向专业投资者公开发行公司债券(第二期)簿记建档时间的公告,其他,2024-06-25,https://data.eastmoney.com/notices/detail/000402/AN202406251636877766.html
920579,机科股份,机科股份:2023年年度权益分派实施公告,分配方案实施,2024-06-25,https://data.eastmoney.com/notices/detail/920579/AN202406251636877753.html
688538,和辉光电,和辉光电:-投资者关系活动记录表-2024年6月25日,调研活动,2024-06-25,https://data.eastmoney.com/notices/detail/688538/AN202406251636877130.html
920405,海希通讯,海希通讯:关于收购控股子公司少数股权的进展暨完成工商变更登记的公告,收购出售资产/股权,2024-06-25,https://data.eastmoney.com/notices/detail/920405/AN202406251636877702.html
920091,大鹏工业,大鹏工业:控股股东及其他关联方资金占用情况的专项说明,专项说明/独立意见,2024-06-25,https://data.eastmoney.com/notices/detail/920091/AN202406251636877695.html
920091,大鹏工业,大鹏工业:前次募集资金使用情况鉴证报告,保荐/核查意见,2024-06-25,https://data.eastmoney.com/notices/detail/920091/AN202406251636877673.html
300469,信息发展,信息发展:关于召开2024年第一次临时股东大会的提示性公告,召开股东大会提示性公告,2024-06-25,https://data.eastmoney.com/notices/detail/300469/AN202406251636877657.html
300017,网宿科技,网宿科技:关于使用自有资金购买理财产品的进展公告,投资理财,2024-06-25,https://data.eastmoney.com/notices/detail/300017/AN202406251636877556.html
920091,大鹏工业,大鹏工业:非经常性损益明细表审核报告,保荐/核查意见,2024-06-25,https://data.eastmoney.com/notices/detail/920091/AN202406251636877509.html
920091,大鹏工业,大鹏工业:内部控制鉴证报告,保荐/核查意见,2024-06-25,https://data.eastmoney.com/notices/detail/920091/AN202406251636877464.html
301376,致欧科技,致欧科技:广发证券关于致欧家居科技股份有限公司部分首次公开发行前已发行股份及首次公开发行战略配售股份上市流通的核查意见,保荐/核查意见,2024-06-25,https://data.eastmoney.com/notices/detail/301376/AN202406251636877441.html
301376,致欧科技,致欧科技:部分首次公开发行前已发行股份及首次公开发行战略配售股份上市流通提示性公告,限售股份上市流通,2024-06-25,https://data.eastmoney.com/notices/detail/301376/AN202406251636877440.html
301370,国科恒泰,国科恒泰:关于为下属子公司提供担保的进展公告,提供/对外担保公告,2024-06-25,https://data.eastmoney.com/notices/detail/301370/AN202406251636877438.html
300587,天铁科技,天铁股份:浙江天铁实业股份有限公司关于使用部分闲置募集资金购买理财产品的公告,投资理财,2024-06-25,https://data.eastmoney.com/notices/detail/300587/AN202406251636877439.html
920091,大鹏工业,大鹏工业:审计报告,审计报告,2024-06-25,https://data.eastmoney.com/notices/detail/920091/AN202406251636877413.html
300702,天宇股份,天宇股份:关于全资子公司药品获得批准的公告,其他,2024-06-25,https://data.eastmoney.com/notices/detail/300702/AN202406251636877366.html
301355,南王科技,南王科技:2024年第三次临时股东大会法律意见书,法律意见书,2024-06-25,https://data.eastmoney.com/notices/detail/301355/AN202406251636877365.html
301355,南王科技,南王科技:2024年第三次临时股东大会决议公告,股东大会决议公告,2024-06-25,https://data.eastmoney.com/notices/detail/301355/AN202406251636877364.html
300882,万胜智能,万胜智能:关于董事会、监事会完成换届选举暨聘任高级管理人员、证券事务代表的公告,高管人员任职变动,2024-06-25,https://data.eastmoney.com/notices/detail/300882/AN202406251636877363.html
300882,万胜智能,万胜智能:第四届董事会第一次会议决议公告,高管人员任职变动,2024-06-25,https://data.eastmoney.com/notices/detail/300882/AN202406251636877362.html
300882,万胜智能,万胜智能:2024年第三次临时股东大会决议公告,股东大会决议公告,2024-06-25,https://data.eastmoney.com/notices/detail/300882/AN202406251636877361.html
300882,万胜智能,万胜智能:第四届监事会第一次会议决议公告,高管人员任职变动,2024-06-25,https://data.eastmoney.com/notices/detail/300882/AN202406251636877349.html
300882,万胜智能,万胜智能:国浩律师(杭州)事务所关于浙江万胜智能科技股份有限公司2024年第三次临时股东大会的法律意见书,法律意见书,2024-06-25,https://data.eastmoney.com/notices/detail/300882/AN202406251636877348.html
920091,大鹏工业,大鹏工业:第三届董事会第十九次会议(临时会议)决议公告,董事会决议公告,2024-06-25,https://data.eastmoney.com/notices/detail/920091/AN202406251636877336.html
920570,坤博精工,坤博精工:2023年年度权益分派实施公告,分配方案实施,2024-06-25,https://data.eastmoney.com/notices/detail/920570/AN202406251636877264.html
300318,博晖创新,博晖创新:2024年6月25日投资者关系活动记录表,调研活动,2024-06-25,https://data.eastmoney.com/notices/detail/300318/AN202406251636877106.html
002023,海特高新,海特高新:002023海特高新投资者关系管理信息20240625,调研活动,2024-06-25,https://data.eastmoney.com/notices/detail/002023/AN202406251636877107.html
300650,太龙股份,太龙股份:关于2024年度为子公司提供担保的进展公告,提供/对外担保公告,2024-06-25,https://data.eastmoney.com/notices/detail/300650/AN202406251636877222.html
920978,开特股份,开特股份:2023年年度权益分派实施公告,分配方案实施,2024-06-25,https://data.eastmoney.com/notices/detail/920978/AN202406251636877177.html
300671,富满微,富满微:中信证券股份有限公司关于富满微电子集团股份有限公司调整募集资金投资项目计划进度的核查意见,保荐/核查意见,2024-06-25,https://data.eastmoney.com/notices/detail/300671/AN202406251636877162.html
300671,富满微,富满微:关于独立董事取得独立董事培训证明的公告,其他,2024-06-25,https://data.eastmoney.com/notices/detail/300671/AN202406251636877164.html
300671,富满微,富满微:关于聘任公司证券事务代表的公告,高管人员任职变动,2024-06-25,https://data.eastmoney.com/notices/detail/300671/AN202406251636877161.html
300671,富满微,富满微:关于调整募集资金投资项目计划进度的公告,变更募集资金投资项目,2024-06-25,https://data.eastmoney.com/notices/detail/300671/AN202406251636877163.html
300671,富满微,富满微:关于使用承兑汇票等方式支付募投项目部分款项并以募集资金等额置换的公告,募集资金使用情况报告,2024-06-25,https://data.eastmoney.com/notices/detail/300671/AN202406251636877035.html
300671,富满微,富满微:第四届董事会第二次会议决议公告,高管人员任职变动,2024-06-25,https://data.eastmoney.com/notices/detail/300671/AN202406251636877032.html
300671,富满微,富满微:中信证券股份有限公司关于富满微电子集团股份有限公司使用承兑汇票支付募投项目部分款项并以募集资金等额置换的核查意见,保荐/核查意见,2024-06-25,https://data.eastmoney.com/notices/detail/300671/AN202406251636877034.html
300671,富满微,富满微:第四届监事会第二次会议决议公告,监事会决议公告,2024-06-25,https://data.eastmoney.com/notices/detail/300671/AN202406251636877033.html
300863,卡倍亿,卡倍亿:2024年宁波卡倍亿电气技术股份有限公司向不特定对象发行可转换公司债券2024年跟踪评级报告,其他,2024-06-25,https://data.eastmoney.com/notices/detail/300863/AN202406251636877007.html
300614,百川畅银,百川畅银:2023年河南百川畅银环保能源股份有限公司向不特定对象发行可转换公司债券2024年跟踪评级报告,其他,2024-06-25,https://data.eastmoney.com/notices/detail/300614/AN202406251636877006.html
300614,百川畅银,百川畅银:关于预计触发可转债转股价格向下修正条件的提示性公告,其他,2024-06-25,https://data.eastmoney.com/notices/detail/300614/AN202406251636877005.html
301049,超越科技,超越科技:关于再次延期回复深圳证券交易所年报问询函的公告,延期回复问询函公告,2024-06-25,https://data.eastmoney.com/notices/detail/301049/AN202406251636877004.html
600567,山鹰国际,山鹰国际:控股股份公司投资者关系活动记录表,调研活动,2024-06-25,https://data.eastmoney.com/notices/detail/600567/AN202406251636876761.html
300739,明阳电路,明阳电路:关于使用部分闲置募集资金进行现金管理的进展公告,募集资金使用进展情况,2024-06-25,https://data.eastmoney.com/notices/detail/300739/AN202406251636876888.html
300266,兴源环境,兴源环境:第五届监事会第二十三次会议决议公告,监事会决议公告,2024-06-25,https://data.eastmoney.com/notices/detail/300266/AN202406251636876887.html
300266,兴源环境,兴源环境:第五届董事会第二十四次会议决议公告,董事会决议公告,2024-06-25,https://data.eastmoney.com/notices/detail/300266/AN202406251636876886.html
300266,兴源环境,兴源环境:关于公司控股子公司借款及关联方为其提供担保的公告,提供/对外担保公告,2024-06-25,https://data.eastmoney.com/notices/detail/300266/AN202406251636876885.html
300539,横河精密,横河精密:关于横河转债到期的第二次提示性公告,其他,2024-06-25,https://data.eastmoney.com/notices/detail/300539/AN202406251636876724.html
300634,彩讯股份,彩讯股份:关于取得发明专利证书的公告,获得认证,2024-06-25,https://data.eastmoney.com/notices/detail/300634/AN202406251636876723.html
920132,泰鹏智能,泰鹏智能:关于泰国子公司进展情况的公告,其他,2024-06-25,https://data.eastmoney.com/notices/detail/920132/AN202406251636876699.html
920351,华光源海,华光源海:关于使用部分闲置募集资金购买理财产品的进展公告,募集资金使用进展情况,2024-06-25,https://data.eastmoney.com/notices/detail/920351/AN202406251636876641.html
301288,清研环境,清研环境:第二届监事会第五次会议决议公告,监事会决议公告,2024-06-25,https://data.eastmoney.com/notices/detail/301288/AN202406251636876635.html
301288,清研环境,清研环境:关于部分募集资金投资项目延期的公告,募集资金使用情况报告,2024-06-25,https://data.eastmoney.com/notices/detail/301288/AN202406251636876634.html
301288,清研环境,清研环境:中信建投证券股份有限公司关于清研环境科技股份有限公司部分募集资金投资项目延期的核查意见,保荐/核查意见,2024-06-25,https://data.eastmoney.com/notices/detail/301288/AN202406251636876618.html
301288,清研环境,清研环境:第二届董事会第六次会议决议公告,董事会决议公告,2024-06-25,https://data.eastmoney.com/notices/detail/301288/AN202406251636876617.html
600970,中材国际,中材国际:2024年6月17日至6月21日投资者沟通情况,调研活动,2024-06-25,https://data.eastmoney.com/notices/detail/600970/AN202406251636876320.html
301038,深水规院,深水规院:关于举办2023年度网上业绩说明会的公告,其他,2024-06-25,https://data.eastmoney.com/notices/detail/301038/AN202406251636876513.html
301511,德福科技,德福科技:关于为子公司提供担保的进展公告,提供/对外担保公告,2024-06-25,https://data.eastmoney.com/notices/detail/301511/AN202406251636876512.html
000333,美的集团,美的集团:2024年6月25日投资者关系活动记录表,调研活动,2024-06-25,https://data.eastmoney.com/notices/detail/000333/AN202406251636875952.html
300926,博俊科技,博俊科技:300926博俊科技投资者关系管理信息20240625,调研活动,2024-06-25,https://data.eastmoney.com/notices/detail/300926/AN202406251636875954.html
688439,振华风光,振华风光:投资者关系活动记录表(2024年6月21日),调研活动,2024-06-25,https://data.eastmoney.com/notices/detail/688439/AN202406251636875953.html
920027,交大铁发,交大铁发:股票停牌公告,停牌公告,2024-06-25,https://data.eastmoney.com/notices/detail/920027/AN202406251636876221.html
300311,任子行,任子行:2024年6月25日投资者关系活动记录表,调研活动,2024-06-25,https://data.eastmoney.com/notices/detail/300311/AN202406251636875944.html
301307,美利信,美利信:关于对外担保的进展公告,提供/对外担保公告,2024-06-25,https://data.eastmoney.com/notices/detail/301307/AN202406251636876128.html
300307,慈星股份,慈星股份:关于为客户提供买方信贷担保、融资租赁业务担保的进展公告,提供/对外担保公告,2024-06-25,https://data.eastmoney.com/notices/detail/300307/AN202406251636876127.html
920510,丰光精密,丰光精密:前十大股东和前十大无限售条件股东情况公告,其他,2024-06-25,https://data.eastmoney.com/notices/detail/920510/AN202406251636876093.html
920926,鸿智科技,鸿智科技:2024年第二次临时股东大会决议公告,股东大会决议公告,2024-06-25,https://data.eastmoney.com/notices/detail/920926/AN202406251636876054.html
920926,鸿智科技,鸿智科技:公司章程,公司章程,2024-06-25,https://data.eastmoney.com/notices/detail/920926/AN202406251636876053.html
920926,鸿智科技,鸿智科技:北京市君合(广州)律师事务所关于广东鸿智智能科技股份有限公司2024年第二次临时股东大会的法律意见书,法律意见书,2024-06-25,https://data.eastmoney.com/notices/detail/920926/AN202406251636876052.html
300096,ST易联众,ST易联众:关于董事、高级管理人员辞职的公告,高管人员任职变动,2024-06-25,https://data.eastmoney.com/notices/detail/300096/AN202406251636875980.html
300790,宇瞳光学,宇瞳光学:关于首次回购公司股份及回购完成暨股份变动的公告,股本变动,2024-06-25,https://data.eastmoney.com/notices/detail/300790/AN202406251636875979.html
920171,志晟信息,志晟信息:关于控股孙公司完成工商注册登记并取得营业执照的公告,公司关联方基本资料变更,2024-06-25,https://data.eastmoney.com/notices/detail/920171/AN202406251636875807.html
920171,志晟信息,志晟信息:关于转让部分同望科技股份有限公司股份的公告,股权转让,2024-06-25,https://data.eastmoney.com/notices/detail/920171/AN202406251636875809.html
920171,志晟信息,志晟信息:关于控股孙公司完成工商注册登记并取得营业执照的公告,公司关联方基本资料变更,2024-06-25,https://data.eastmoney.com/notices/detail/920171/AN202406251636875808.html
688657,浩辰软件,浩辰软件:投资者关系活动记录表(2024-007),调研活动,2024-06-25,https://data.eastmoney.com/notices/detail/688657/AN202406251636875428.html
300115,长盈精密,长盈精密:关于签订募集资金三方监管协议公告的更正公告,签订协议,2024-06-25,https://data.eastmoney.com/notices/detail/300115/AN202406251636875518.html
920943,优机股份,优机股份:第六届董事会第六次会议决议公告,董事会决议公告,2024-06-25,https://data.eastmoney.com/notices/detail/920943/AN202406251636875506.html
920943,优机股份,优机股份:子公司对外投资暨关联交易的公告,其他,2024-06-25,https://data.eastmoney.com/notices/detail/920943/AN202406251636875505.html
920943,优机股份,优机股份:东莞证券股份有限公司关于四川优机实业股份有限公司子公司对外投资暨关联交易的核查意见,保荐/核查意见,2024-06-25,https://data.eastmoney.com/notices/detail/920943/AN202406251636875504.html
301260,格力博,格力博:关于开立募集资金现金管理专用结算账户的公告,投资理财,2024-06-25,https://data.eastmoney.com/notices/detail/301260/AN202406251636875465.html
300975,商络电子,商络电子:商络电子2024年第一次临时股东大会见证法律意见书,法律意见书,2024-06-25,https://data.eastmoney.com/notices/detail/300975/AN202406251636875464.html
300975,商络电子,商络电子:2024年第一次临时股东大会决议公告,股东大会决议公告,2024-06-25,https://data.eastmoney.com/notices/detail/300975/AN202406251636875463.html
001389,广合科技,广合科技:2024年6月25日投资者关系活动记录表,调研活动,2024-06-25,https://data.eastmoney.com/notices/detail/001389/AN202406251636875105.html
000999,华润三九,华润三九:2024年6月18日-6月21日投资者关系活动记录表,调研活动,2024-06-25,https://data.eastmoney.com/notices/detail/000999/AN202406251636875085.html
000922,佳电股份,佳电股份:佳电股份投资者关系活动记录表,调研活动,2024-06-25,https://data.eastmoney.com/notices/detail/000922/AN202406251636875086.html
688165,埃夫特,埃夫特:投资者关系活动记录表-2024年6月21日,调研活动,2024-06-25,https://data.eastmoney.com/notices/detail/688165/AN202406251636874858.html
688575,亚辉龙,亚辉龙:深圳市亚辉龙生物科技股份有限公司投资者关系活动记录表(2024年6月15日-19日),调研活动,2024-06-25,https://data.eastmoney.com/notices/detail/688575/AN202406251636874859.html
300086,康芝药业,康芝药业:关于召开2023年度股东大会通知的提示性公告,召开股东大会提示性公告,2024-06-25,https://data.eastmoney.com/notices/detail/300086/AN202406251636875022.html
300986,志特新材,志特新材:关于首次回购股份的公告,回购实施公告,2024-06-25,https://data.eastmoney.com/notices/detail/300986/AN202406251636875023.html
920493,并行科技,并行科技:2024年第五次临时股东大会决议公告,股东大会决议公告,2024-06-25,https://data.eastmoney.com/notices/detail/920493/AN202406251636874982.html
920493,并行科技,并行科技:北京国枫律师事务所关于北京并行科技股份有限公司2024年第五次临时股东大会的法律意见书,法律意见书,2024-06-25,https://data.eastmoney.com/notices/detail/920493/AN202406251636874981.html
603133,退市碳元,关于对碳元科技股份有限公司及有关责任人予以通报批评的决定,上交所股票通报批评,2024-06-25,https://data.eastmoney.com/notices/detail/603133/AN202406251636874825.html
300880,迦南智能,迦南智能:关于控股子公司完成工商变更登记并换发营业执照的公告,公司关联方基本资料变更,2024-06-25,https://data.eastmoney.com/notices/detail/300880/AN202406251636874665.html
603668,天马科技,天马科技:福建天马科技集团股份有限公司投资者关系活动记录表(2024-003),调研活动,2024-06-25,https://data.eastmoney.com/notices/detail/603668/AN202406251636873854.html
301587,中瑞股份,中瑞股份:关于对外投资设立境外控股子公司的自愿性披露公告,投资设立公司,2024-06-25,https://data.eastmoney.com/notices/detail/301587/AN202406251636874185.html
301178,天亿马,天亿马:关于使用部分闲置募集资金(含超募资金)进行现金管理的进展公告,募集资金使用进展情况,2024-06-25,https://data.eastmoney.com/notices/detail/301178/AN202406251636874096.html
300715,凯伦股份,凯伦股份:关于实际控制人部分股份质押的公告,股份质押、冻结,2024-06-25,https://data.eastmoney.com/notices/detail/300715/AN202406251636874095.html
920092,汉鑫科技,汉鑫科技:关于闲置募集资金暂时补充流动资金归还的公告,募集资金补充流动资金,2024-06-25,https://data.eastmoney.com/notices/detail/920092/AN202406251636874078.html
300630,普利退,普利制药:关于钆特酸葡胺注射液获得国家药品监督管理局(NMPA)上市许可的公告,其他,2024-06-25,https://data.eastmoney.com/notices/detail/300630/AN202406251636874061.html
300776,帝尔激光,帝尔激光:2021年武汉帝尔激光科技股份有限公司创业板向不特定对象发行可转换公司债券2024年跟踪评级报告,其他,2024-06-25,https://data.eastmoney.com/notices/detail/300776/AN202406251636874060.html
300776,帝尔激光,帝尔激光:关于与专业投资机构共同投资的进展公告,对外项目投资,2024-06-25,https://data.eastmoney.com/notices/detail/300776/AN202406251636874059.html
300776,帝尔激光,帝尔激光:关于帝尔转债预计触发转股价格向下修正条款的提示性公告,其他,2024-06-25,https://data.eastmoney.com/notices/detail/300776/AN202406251636874058.html
301152,天力锂能,天力锂能:新乡天力锂能股份有限公司关于聘任公司高级管理人员及证券事务代表的公告,高管人员任职变动,2024-06-25,https://data.eastmoney.com/notices/detail/301152/AN202406251636873999.html
301152,天力锂能,天力锂能:新乡天力锂能股份有限公司第四届董事会第一次会议决议公告,高管人员任职变动,2024-06-25,https://data.eastmoney.com/notices/detail/301152/AN202406251636873998.html
301152,天力锂能,天力锂能:新乡天力锂股份有限公司第四届监事会第一次会议决议公告,高管人员任职变动,2024-06-25,https://data.eastmoney.com/notices/detail/301152/AN202406251636874000.html
301106,骏成科技,骏成科技:301106骏成科技投资者关系管理信息20240625,调研活动,2024-06-25,https://data.eastmoney.com/notices/detail/301106/AN202406251636873788.html
300623,捷捷微电,捷捷微电:江苏捷捷微电子股份有限公司关于公司为子公司提供担保的进展公告,提供/对外担保公告,2024-06-25,https://data.eastmoney.com/notices/detail/300623/AN202406251636873935.html
920971,天马新材,天马新材:关于减少注册资本通知债权人的公告,公司注册资本变更,2024-06-25,https://data.eastmoney.com/notices/detail/920971/AN202406251636873883.html
301028,鼎熔岩,东亚机械:关于调整2023年限制性股票激励计划首次授予及预留授予限制性股票授予价格的公告,股权激励行权价（数量）调整,2024-06-25,https://data.eastmoney.com/notices/detail/301028/AN202406251636873875.html
301028,鼎熔岩,东亚机械:监事会关于公司2023年限制性股票激励计划首次授予部分第一个归属期归属名单的核查意见,专项说明/独立意见,2024-06-25,https://data.eastmoney.com/notices/detail/301028/AN202406251636873871.html
301028,鼎熔岩,东亚机械:关于厦门东亚机械工业股份有限公司2023年限制性股票激励计划授予价格调整、作废部分已授予尚未归属限制性股票及首次授予部分第一个归属期归属条件成就的法律意见书,产品价格调整,2024-06-25,https://data.eastmoney.com/notices/detail/301028/AN202406251636873873.html
300401,花园生物,花园生物:关于子公司取得药品注册证书的公告,其他,2024-06-25,https://data.eastmoney.com/notices/detail/300401/AN202406251636873874.html
301028,鼎熔岩,东亚机械:关于作废部分已授予尚未归属的限制性股票的公告,股权激励进展公告,2024-06-25,https://data.eastmoney.com/notices/detail/301028/AN202406251636873870.html
301028,鼎熔岩,东亚机械:第三届监事会第十二次会议决议公告,监事会决议公告,2024-06-25,https://data.eastmoney.com/notices/detail/301028/AN202406251636873868.html
301028,鼎熔岩,东亚机械:监事会关于作废2023年限制性股票激励计划部分已授予尚未归属的限制性股票的核查意见,专项说明/独立意见,2024-06-25,https://data.eastmoney.com/notices/detail/301028/AN202406251636873869.html
301028,鼎熔岩,东亚机械:关于2023年限制性股票激励计划首次授予部分第一个归属期归属条件成就的公告,股权激励进展公告,2024-06-25,https://data.eastmoney.com/notices/detail/301028/AN202406251636873872.html
301028,鼎熔岩,东亚机械:第三届董事会第十二次会议决议公告,董事会决议公告,2024-06-25,https://data.eastmoney.com/notices/detail/301028/AN202406251636873867.html
300808,久量股份,久量股份:关于实际控制人部分股份解除质押的公告,股份质押、冻结,2024-06-25,https://data.eastmoney.com/notices/detail/300808/AN202406251636873866.html
A21223,阜康医疗,关于终止对西藏阜康医疗股份有限公司首次公开发行股票并在沪市主板上市审核的决定,沪主板发行上市审核终止审核通知,2024-06-25,https://data.eastmoney.com/notices/detail/A21223/AN202406251636873733.html
920128,胜业电气,胜业电气:关于申请公开发行股票并在北京证券交易所上市暨停牌进展公告,停牌公告,2024-06-25,https://data.eastmoney.com/notices/detail/920128/AN202406251636873727.html
301296,新巨丰,新巨丰:关于召开2024年第三次临时股东大会的提示性公告,召开股东大会提示性公告,2024-06-25,https://data.eastmoney.com/notices/detail/301296/AN202406251636873633.html
920547,无锡晶海,无锡晶海:2024年第四次临时股东大会决议公告,股东大会决议公告,2024-06-25,https://data.eastmoney.com/notices/detail/920547/AN202406251636873632.html
920547,无锡晶海,无锡晶海:上海市广发律师事务所关于无锡晶海氨基酸股份有限公司2024年第四次临时股东大会的法律意见书,法律意见书,2024-06-25,https://data.eastmoney.com/notices/detail/920547/AN202406251636873631.html
000539,粤电力A,粤电力Ａ:000539粤电力Ａ投资者关系管理信息20240625,调研活动,2024-06-25,https://data.eastmoney.com/notices/detail/000539/AN202406251636873490.html
920395,朗鸿科技,朗鸿科技:关于竞拍取得土地使用权的公告,其他,2024-06-25,https://data.eastmoney.com/notices/detail/920395/AN202406251636873559.html
920491,奥迪威,奥迪威:回购股份注销完成暨股份变动公告,股本变动,2024-06-25,https://data.eastmoney.com/notices/detail/920491/AN202406251636873558.html
300933,中辰股份,中辰股份:关于完成工商变更登记并换发营业执照的公告,公司经营范围变更,2024-06-25,https://data.eastmoney.com/notices/detail/300933/AN202406251636873344.html
688352,颀中科技,颀中科技:合肥颀中科技股份有限公司投资者关系活动记录表 (2024年6月25日),调研活动,2024-06-25,https://data.eastmoney.com/notices/detail/688352/AN202406251636873163.html
301290,东星医疗,东星医疗:关于回购股份实施完成暨股份变动的公告,股本变动,2024-06-25,https://data.eastmoney.com/notices/detail/301290/AN202406251636873118.html
300525,博思软件,博思软件:关于控股股东、实际控制人、董事长提议公司回购股份的提示性公告,其他,2024-06-25,https://data.eastmoney.com/notices/detail/300525/AN202406251636873127.html
920007,酉立智能,酉立智能:关于申请公开发行股票并在北京证券交易所上市暨停牌进展公告,停牌公告,2024-06-25,https://data.eastmoney.com/notices/detail/920007/AN202406251636873047.html
300109,新开源,新开源:北京大成律师事务所关于博爱新开源医疗科技集团股份有限公司2024年第二次临时股东大会之法律意见书,法律意见书,2024-06-25,https://data.eastmoney.com/notices/detail/300109/AN202406251636873017.html
300109,新开源,新开源:2024年第二次临时股东大会决议公告,股东大会决议公告,2024-06-25,https://data.eastmoney.com/notices/detail/300109/AN202406251636873019.html
300109,新开源,新开源:关于回购注销2021年限制性股票激励计划部分限制性股票通知债权人的公告,通知债权人公告,2024-06-25,https://data.eastmoney.com/notices/detail/300109/AN202406251636873018.html
002135,东南网架,东南网架:2024年6月24日投资者关系活动记录表,调研活动,2024-06-25,https://data.eastmoney.com/notices/detail/002135/AN202406251636872694.html
300753,爱朋医疗,爱朋医疗:300753爱朋医疗投资者关系管理信息20240625,调研活动,2024-06-25,https://data.eastmoney.com/notices/detail/300753/AN202406251636872692.html
002135,东南网架,东南网架:2024年6月25日投资者关系活动记录表,调研活动,2024-06-25,https://data.eastmoney.com/notices/detail/002135/AN202406251636872693.html
300333,兆日科技,兆日科技:兆日科技股票交易异常波动公告,股票交易异常波动,2024-06-25,https://data.eastmoney.com/notices/detail/300333/AN202406251636872981.html
920642,通易航天,通易航天:关于注销子公司的公告,公司关联方基本资料变更,2024-06-25,https://data.eastmoney.com/notices/detail/920642/AN202406251636872854.html
300376,易事特,易事特:关于全资子公司开展融资业务并为其提供担保的进展公告,提供/对外担保公告,2024-06-25,https://data.eastmoney.com/notices/detail/300376/AN202406251636872842.html
300173,ST福能,福能东方:关于公开挂牌转让深圳大宇精雕科技有限公司100%股权的进展公告,股权转让,2024-06-25,https://data.eastmoney.com/notices/detail/300173/AN202406251636872841.html
301045,天禄科技,天禄科技:关于变更独立董事的公告,高管人员任职变动,2024-06-25,https://data.eastmoney.com/notices/detail/301045/AN202406251636872840.html
301045,天禄科技,天禄科技:关于完成工商备案登记的公告,公司章程修订,2024-06-25,https://data.eastmoney.com/notices/detail/301045/AN202406251636872839.html
300562,乐心医疗,乐心医疗:关于获得医疗器械注册证的公告,获得认证,2024-06-25,https://data.eastmoney.com/notices/detail/300562/AN202406251636872838.html
301266,宇邦新材,宇邦新材:苏州宇邦新型材料股份有限公司向不特定对象发行可转换公司债券受托管理事务报告(2023年度),其他,2024-06-25,https://data.eastmoney.com/notices/detail/301266/AN202406251636872837.html
300605,恒锋信息,恒锋信息:恒锋信息科技股份有限公司主体及恒锋转债2024年度跟踪评级报告,其他,2024-06-25,https://data.eastmoney.com/notices/detail/300605/AN202406251636872836.html
300605,恒锋信息,恒锋信息:恒锋信息科技股份有限公司向不特定对象发行可转换公司债券受托管理事务报告(2023年度),其他,2024-06-25,https://data.eastmoney.com/notices/detail/300605/AN202406251636872835.html
920071,金钛股份,金钛股份:全国股份转让系统公司同意挂牌的函,首发获准公告,2024-06-25,https://data.eastmoney.com/notices/detail/920071/AN202406251636872789.html
920071,金钛股份,金钛股份:公开转让说明书,公开转让说明书,2024-06-25,https://data.eastmoney.com/notices/detail/920071/AN202406251636872796.html
920071,金钛股份,金钛股份:公司章程,公司章程,2024-06-25,https://data.eastmoney.com/notices/detail/920071/AN202406251636872791.html
920071,金钛股份,金钛股份:补充申请人律师关于公开转让并挂牌的法律意见书2,法律意见书,2024-06-25,https://data.eastmoney.com/notices/detail/920071/AN202406251636872792.html
920071,金钛股份,金钛股份:主办券商关于股票公开转让并挂牌的推荐报告,主办券商推荐报告,2024-06-25,https://data.eastmoney.com/notices/detail/920071/AN202406251636872795.html
920071,金钛股份,金钛股份:申请人律师关于公开转让并挂牌的法律意见书,法律意见书,2024-06-25,https://data.eastmoney.com/notices/detail/920071/AN202406251636872793.html
920071,金钛股份,金钛股份:申请人设立以来股本演变情况及董事、监事、高级管理人员确认意见,其他,2024-06-25,https://data.eastmoney.com/notices/detail/920071/AN202406251636872790.html
920071,金钛股份,金钛股份:财务报表及审计报告,审计报告,2024-06-25,https://data.eastmoney.com/notices/detail/920071/AN202406251636872794.html
920879,基康技术,基康仪器:涉及诉讼进展暨结果公告,诉讼仲裁,2024-06-25,https://data.eastmoney.com/notices/detail/920879/AN202406251636872508.html
301158,德石股份,德石股份:关于使用部分自有资金进行现金管理的公告,投资理财,2024-06-25,https://data.eastmoney.com/notices/detail/301158/AN202406251636872362.html
920225,利通科技,利通科技:公司章程,公司章程,2024-06-25,https://data.eastmoney.com/notices/detail/920225/AN202406251636872250.html
920225,利通科技,利通科技:2024年第一次临时股东大会决议公告,股东大会决议公告,2024-06-25,https://data.eastmoney.com/notices/detail/920225/AN202406251636872249.html
920225,利通科技,利通科技:北京海润天睿律师事务所关于漯河利通液压科技股份有限公司2024年第一次临时股东大会的法律意见书,法律意见书,2024-06-25,https://data.eastmoney.com/notices/detail/920225/AN202406251636872248.html
300302,同有科技,同有科技:关于部分限制性股票回购注销完成的公告,股本变动,2024-06-25,https://data.eastmoney.com/notices/detail/300302/AN202406251636872233.html
000030,富奥股份,富奥股份:000030富奥股份投资者关系管理信息20240625,调研活动,2024-06-25,https://data.eastmoney.com/notices/detail/000030/AN202406251636871976.html
001201,东瑞股份,东瑞股份:001201东瑞股份调研活动信息20240625,调研活动,2024-06-25,https://data.eastmoney.com/notices/detail/001201/AN202406251636871410.html
000425,徐工机械,徐工机械:徐工集团工程机械股份有限公司2024年度跟踪评级报告,其他,2024-06-25,https://data.eastmoney.com/notices/detail/000425/AN202406251636871685.html
000006,深振业A,深振业Ａ:深圳市振业(集团)股份有限公司2023年面向专业投资者公开发行公司债券(第一期)2024年度跟踪评级报告,其他,2024-06-25,https://data.eastmoney.com/notices/detail/000006/AN202406251636871684.html
000006,深振业A,深振业Ａ:深圳市振业(集团)股份有限公司2023年面向专业投资者公开发行公司债券(第二期)2024年度跟踪评级报告,其他,2024-06-25,https://data.eastmoney.com/notices/detail/000006/AN202406251636871683.html
000968,蓝焰控股,蓝焰控股:山西蓝焰控股股份有限公司2020年面向合格投资者公开发行公司债券(第一期)2024年跟踪评级报告,其他,2024-06-25,https://data.eastmoney.com/notices/detail/000968/AN202406251636871682.html
000514,渝开发,渝开发:重庆渝开发股份有限公司2019年公开发行公司债券受托管理报告(2023年度),其他,2024-06-25,https://data.eastmoney.com/notices/detail/000514/AN202406251636871681.html
300859,西域旅游,西域旅游:关于公司控股股东协议转让公司部分股份的进展公告,股权转让,2024-06-25,https://data.eastmoney.com/notices/detail/300859/AN202406251636871680.html
920726,朱老六,朱老六:回购股份注销完成暨股份变动公告,股本变动,2024-06-25,https://data.eastmoney.com/notices/detail/920726/AN202406251636871653.html
300984,金沃股份,金沃股份:首次公开发行前已发行股份上市流通提示性公告,限售股份上市流通,2024-06-25,https://data.eastmoney.com/notices/detail/300984/AN202406251636871662.html
300217,东方电热,东方电热:关于董事长代行董事会秘书职责的公告,高管人员任职变动,2024-06-25,https://data.eastmoney.com/notices/detail/300217/AN202406251636871661.html
300984,金沃股份,金沃股份:华泰联合证券有限责任公司关于浙江金沃精工股份有限公司限售股份上市流通事项的核查意见,保荐/核查意见,2024-06-25,https://data.eastmoney.com/notices/detail/300984/AN202406251636871649.html
300869,康泰医学,康泰医学:康泰医学系统(秦皇岛)股份有限公司向不特定对象发行可转换公司债券2024年跟踪评级报告,其他,2024-06-25,https://data.eastmoney.com/notices/detail/300869/AN202406251636871509.html
301335,天元宠物,天元宠物:301335天元宠物投资者关系管理信息20240625,调研活动,2024-06-25,https://data.eastmoney.com/notices/detail/301335/AN202406251636870897.html
920576,天力复合,天力复合:中信证券股份有限公司关于加入为西安天力金属复合材料股份有限公司股票提供做市服务的公告,做市商变动,2024-06-25,https://data.eastmoney.com/notices/detail/920576/AN202406251636871347.html
920438,戈碧迦,戈碧迦:关于完成工商变更登记及公司章程备案并取得营业执照的公告,公司章程,2024-06-25,https://data.eastmoney.com/notices/detail/920438/AN202406251636871321.html
300900,广联航空,广联航空:广联航空工业股份有限公司向不特定对象发行可转换公司债券受托管理事务报告(2023年度),其他,2024-06-25,https://data.eastmoney.com/notices/detail/300900/AN202406251636871140.html
000530,冰山冷热,冰山冷热:000530冰山冷热投资者关系管理信息20240625,调研活动,2024-06-25,https://data.eastmoney.com/notices/detail/000530/AN202406251636870865.html
300204,舒泰神,舒泰神:关于STSP-0902注射液(用于治疗少弱精子症)取得新药临床试验通知书的公告,其他,2024-06-25,https://data.eastmoney.com/notices/detail/300204/AN202406251636870845.html
920541,铁大科技,铁大科技:中信证券股份有限公司关于加入为上海铁大电信科技股份有限公司股票提供做市服务的公告,做市商变动,2024-06-25,https://data.eastmoney.com/notices/detail/920541/AN202406251636870820.html
300966,共同药业,共同药业:湖北共同药业股份有限公司主体及共同转债2024年度跟踪评级报告,其他,2024-06-25,https://data.eastmoney.com/notices/detail/300966/AN202406251636870618.html
300422,博世科,博世科:2024年第三次临时股东大会法律意见书,法律意见书,2024-06-25,https://data.eastmoney.com/notices/detail/300422/AN202406251636870574.html
300422,博世科,博世科:2024年第三次临时股东大会决议公告,股东大会决议公告,2024-06-25,https://data.eastmoney.com/notices/detail/300422/AN202406251636870573.html
300422,博世科,博世科:关于“博世转债”到期的第五次提示性公告,其他,2024-06-25,https://data.eastmoney.com/notices/detail/300422/AN202406251636870515.html
301150,中一科技,中一科技:关于为子公司提供担保的进展公告,提供/对外担保公告,2024-06-25,https://data.eastmoney.com/notices/detail/301150/AN202406251636870517.html
301150,中一科技,中一科技:关于触发稳定股价措施启动条件的提示性公告,其他,2024-06-25,https://data.eastmoney.com/notices/detail/301150/AN202406251636870516.html
300268,佳沃食品,ST佳沃:关于智利子公司重大诉讼事项进展的公告,诉讼仲裁,2024-06-25,https://data.eastmoney.com/notices/detail/300268/AN202406251636870518.html
300102,乾照光电,乾照光电:关于召开2024年第一次临时股东大会通知的提示性公告,召开股东大会提示性公告,2024-06-25,https://data.eastmoney.com/notices/detail/300102/AN202406251636870458.html
300409,道氏技术,道氏技术:广东道氏技术股份有限公司公开发行可转换公司债券2024年跟踪评级报告,其他,2024-06-25,https://data.eastmoney.com/notices/detail/300409/AN202406251636870383.html
301085,亚康股份,亚康股份:第二届董事会第十七次会议决议公告,董事会决议公告,2024-06-25,https://data.eastmoney.com/notices/detail/301085/AN202406251636870382.html
301085,亚康股份,亚康股份:北京亚康万玮信息技术股份有限公司会计师事务所选聘制度,管理办法/制度,2024-06-25,https://data.eastmoney.com/notices/detail/301085/AN202406251636870365.html
301085,亚康股份,亚康股份:北京亚康万玮信息技术股份有限公司舆情管理制度,管理办法/制度,2024-06-25,https://data.eastmoney.com/notices/detail/301085/AN202406251636870366.html
300194,福安药业,福安药业:关于子公司收到药品注册证书的公告,获得认证,2024-06-25,https://data.eastmoney.com/notices/detail/300194/AN202406251636870244.html
300871,回盛生物,回盛生物:2021年武汉回盛生物科技股份有限公司创业板向不特定对象发行可转换公司债券2024年跟踪评级报告,其他,2024-06-25,https://data.eastmoney.com/notices/detail/300871/AN202406251636870243.html
300429,强力新材,强力新材:2020年常州强力电子新材料股份有限公司可转换公司债券2024年跟踪评级报告,其他,2024-06-25,https://data.eastmoney.com/notices/detail/300429/AN202406251636870242.html
301093,华兰股份,华兰股份:华泰联合证券有限责任公司关于江苏华兰药用新材料股份有限公司部分募集资金投资项目延期的核查意见,保荐/核查意见,2024-06-25,https://data.eastmoney.com/notices/detail/301093/AN202406251636870239.html
301093,华兰股份,华兰股份:关于公司对全资子公司提供担保的公告,提供/对外担保公告,2024-06-25,https://data.eastmoney.com/notices/detail/301093/AN202406251636870240.html
301093,华兰股份,华兰股份:关于部分募集资金投资项目延期的公告,募集资金使用情况报告,2024-06-25,https://data.eastmoney.com/notices/detail/301093/AN202406251636870238.html
301093,华兰股份,华兰股份:第五届监事会第二十一次会议决议公告,监事会决议公告,2024-06-25,https://data.eastmoney.com/notices/detail/301093/AN202406251636870237.html
301093,华兰股份,华兰股份:第五届董事会第二十四次会议决议公告,董事会决议公告,2024-06-25,https://data.eastmoney.com/notices/detail/301093/AN202406251636870236.html
300980,祥源新材,祥源新材:湖北祥源新材科技股份有限公司公开发行可转换公司债券2024年跟踪评级报告,其他,2024-06-25,https://data.eastmoney.com/notices/detail/300980/AN202406251636870241.html
301290,东星医疗,东星医疗:关于选举第四届监事会职工代表监事的公告,高管人员任职变动,2024-06-25,https://data.eastmoney.com/notices/detail/301290/AN202406251636870235.html
301305,朗坤科技,朗坤环境:关于中标候选人公示的提示性公告,重大合同,2024-06-25,https://data.eastmoney.com/notices/detail/301305/AN202406251636870194.html
920028,新恒泰,浙江新恒泰新材料股份有限公司审核问询回复,回复问询函公告,2024-06-25,https://data.eastmoney.com/notices/detail/920028/AN202406251636870147.html
300973,立高食品,立高食品:关于可转债持有比例变动达10%的公告,其他,2024-06-25,https://data.eastmoney.com/notices/detail/300973/AN202406251636870121.html
301109,军信股份,军信股份:关于使用闲置自有资金进行现金管理到期赎回的公告,投资理财,2024-06-25,https://data.eastmoney.com/notices/detail/301109/AN202406251636870120.html
920161,龙辰科技,龙辰科技:2024年第二次临时股东大会决议公告,股东大会决议公告,2024-06-25,https://data.eastmoney.com/notices/detail/920161/AN202406251636869945.html
301310,鑫宏业,鑫宏业:关于取得发明专利的公告,获得认证,2024-06-25,https://data.eastmoney.com/notices/detail/301310/AN202406251636869939.html
300245,ST天玑,天玑科技:关于使用部分闲置募集资金进行现金管理的进展公告,募集资金使用进展情况,2024-06-25,https://data.eastmoney.com/notices/detail/300245/AN202406251636869938.html
688312,燕麦科技,燕麦科技:投资者关系活动表-20240624,调研活动,2024-06-25,https://data.eastmoney.com/notices/detail/688312/AN202406251636869685.html
688799,华纳药厂,华纳药厂:投资者关系活动记录表(2024年6月24日),调研活动,2024-06-25,https://data.eastmoney.com/notices/detail/688799/AN202406251636869681.html
601992,金隅集团,金隅集团:北京金隅集团股份有限公司投资者关系活动记录表(机构调研),调研活动,2024-06-25,https://data.eastmoney.com/notices/detail/601992/AN202406251636869683.html
601992,金隅集团,金隅集团:北京金隅集团股份有限公司投资者关系活动记录表(2024年6月20日机构调研),调研活动,2024-06-25,https://data.eastmoney.com/notices/detail/601992/AN202406251636869686.html
688158,优刻得,优刻得:2024年6月19日投资者关系活动记录表,调研活动,2024-06-25,https://data.eastmoney.com/notices/detail/688158/AN202406251636869682.html
688392,骄成超声,骄成超声:投资者关系活动记录表(2024.6.18、6.20),调研活动,2024-06-25,https://data.eastmoney.com/notices/detail/688392/AN202406251636869684.html
688093,世华科技,世华科技:-投资者关系活动记录表2024-017,调研活动,2024-06-25,https://data.eastmoney.com/notices/detail/688093/AN202406251636869680.html
920022,世昌股份,世昌股份:独立董事关于公司第一届董事会第二十次会议相关事项的独立意见,专项说明/独立意见,2024-06-25,https://data.eastmoney.com/notices/detail/920022/AN202406251636869591.html
920022,世昌股份,世昌股份:第一届监事会第十四次会议决议公告,监事会决议公告,2024-06-25,https://data.eastmoney.com/notices/detail/920022/AN202406251636869577.html
920022,世昌股份,世昌股份:第一届董事会第二十次会议决议公告,董事会决议公告,2024-06-25,https://data.eastmoney.com/notices/detail/920022/AN202406251636869550.html
920191,瑞尔竞达,瑞尔竞达:2024年1-3月审阅报告(盖章版),保荐/核查意见,2024-06-25,https://data.eastmoney.com/notices/detail/920191/AN202406251636869526.html
920035,精创电气,精创电气:关于申请公开发行股票并在北交所上市受理暨停牌进展公告,停牌公告,2024-06-25,https://data.eastmoney.com/notices/detail/920035/AN202406251636869488.html
002507,涪陵榨菜,涪陵榨菜:002507涪陵榨菜投资者关系管理信息20240625,调研活动,2024-06-25,https://data.eastmoney.com/notices/detail/002507/AN202406251636869177.html
300114,中航电测,2-1重大资产重组报告书(申报稿)(中航电测仪器股份有限公司),创业板重大资产重组报告书申报稿,2024-06-25,https://data.eastmoney.com/notices/detail/300114/AN202406251636867250.html
300114,中航电测,3-2法律意见书(申报稿)(中航电测仪器股份有限公司),创业板重大资产重组法律意见书申报稿,2024-06-25,https://data.eastmoney.com/notices/detail/300114/AN202406251636867247.html
300114,中航电测,3-1独立财务顾问报告(申报稿)(中航电测仪器股份有限公司),创业板重大资产重组独立财务顾问报告申报稿,2024-06-25,https://data.eastmoney.com/notices/detail/300114/AN202406251636867251.html
300114,中航电测,4-1本次重大资产重组涉及的拟购买资产最近两年及一期的财务报告和审计报告(确实无法提供的，应当说明原因及相关资产的财务状况和经营成果)(申报稿)(中航电测仪器股份有限公司),创业板重大资产重组审计报告申报稿,2024-06-25,https://data.eastmoney.com/notices/detail/300114/AN202406251636867252.html
300114,中航电测,4北京市嘉源律师事务所关于中航电测仪器股份有限公司发行股份购买资产暨关联交易的补充法律意见书(七),创业板重大资产重组问询与回复,2024-06-25,https://data.eastmoney.com/notices/detail/300114/AN202406251636867249.html
300114,中航电测,3大信会计师事务所(特殊普通合伙)关于深圳证券交易所《关于中航电测仪器股份有限公司发行股份购买资产申请的审核问询函》相关问题之核查意见(修订稿),创业板重大资产重组问询与回复,2024-06-25,https://data.eastmoney.com/notices/detail/300114/AN202406251636867248.html
300114,中航电测,5北京国融兴华资产评估有限责任公司关于深圳证券交易所《关于中航电测仪器股份有限公司发行股份购买资产申请的审核问询函》之回复(修订稿),创业板重大资产重组问询与回复,2024-06-25,https://data.eastmoney.com/notices/detail/300114/AN202406251636867246.html
300114,中航电测,1中航电测仪器股份有限公司关于深圳证券交易所《关于中航电测仪器股份有限公司发行股份购买资产申请的审核问询函》的回复(修订稿),创业板重大资产重组问询与回复,2024-06-25,https://data.eastmoney.com/notices/detail/300114/AN202406251636867245.html
300114,中航电测,2中信证券股份有限公司关于深圳证券交易所《关于中航电测仪器股份有限公司发行股份购买资产申请的审核问询函》相关问题之核查意见(修订稿),创业板重大资产重组问询与回复,2024-06-25,https://data.eastmoney.com/notices/detail/300114/AN202406251636867244.html
920136,永励精密,浙江永励精密制造股份有限公司申请人设立以来股本演变情况及董事、监事、高级管理人员确认意见,其他,2024-06-25,https://data.eastmoney.com/notices/detail/920136/AN202406251636863607.html
920136,永励精密,浙江永励精密制造股份有限公司申请人律师关于公开转让并挂牌的法律意见书,法律意见书,2024-06-25,https://data.eastmoney.com/notices/detail/920136/AN202406251636863574.html
920136,永励精密,浙江永励精密制造股份有限公司主办券商关于股票公开转让并挂牌的推荐报告,主办券商推荐报告,2024-06-25,https://data.eastmoney.com/notices/detail/920136/AN202406251636863608.html
920136,永励精密,浙江永励精密制造股份有限公司财务报表及审计报告,审计报告,2024-06-25,https://data.eastmoney.com/notices/detail/920136/AN202406251636863575.html
920136,永励精密,浙江永励精密制造股份有限公司公开转让说明书(申报稿),公开转让说明书(申报稿),2024-06-25,https://data.eastmoney.com/notices/detail/920136/AN202406251636863576.html
920166,海圣医疗,浙江海圣医疗器械股份有限公司财务报表及审计报告,审计报告,2024-06-25,https://data.eastmoney.com/notices/detail/920166/AN202406251636864584.html
920166,海圣医疗,浙江海圣医疗器械股份有限公司申请人律师关于公开转让并挂牌的法律意见书,法律意见书,2024-06-25,https://data.eastmoney.com/notices/detail/920166/AN202406251636864583.html
920166,海圣医疗,浙江海圣医疗器械股份有限公司申请人设立以来股本演变情况及董事、监事、高级管理人员确认意见,专项说明/独立意见,2024-06-25,https://data.eastmoney.com/notices/detail/920166/AN202406251636864582.html
920166,海圣医疗,浙江海圣医疗器械股份有限公司公开转让说明书(申报稿),公开转让说明书(申报稿),2024-06-25,https://data.eastmoney.com/notices/detail/920166/AN202406251636864586.html
920166,海圣医疗,浙江海圣医疗器械股份有限公司主办券商关于股票公开转让并挂牌的推荐报告,主办券商推荐报告,2024-06-25,https://data.eastmoney.com/notices/detail/920166/AN202406251636864585.html
301129,瑞纳智能,瑞纳智能:关于全资子公司项目中标的提示性公告,重大合同,2024-06-25,https://data.eastmoney.com/notices/detail/301129/AN202406251636863834.html
300645,正元智慧,正元智慧:浙商证券股份有限公司关于正元智慧集团股份有限公司可转换公司债券受托管理事务报告(2023年度),其他,2024-06-25,https://data.eastmoney.com/notices/detail/300645/AN202406251636863835.html
002677,浙江美大,浙江美大:关于全资子公司完成注销的公告,公司关联方基本资料变更,2024-06-25,https://data.eastmoney.com/notices/detail/002677/AN202406251636863836.html
002653,海思科,海思科:关于获得1类创新药考格列汀片《药品注册证书》的公告,获得认证,2024-06-25,https://data.eastmoney.com/notices/detail/002653/AN202406251636863799.html
603381,永臻股份,关于永臻科技股份有限公司人民币普通股股票上市交易的公告,首发提示性公告,2024-06-25,https://data.eastmoney.com/notices/detail/603381/AN202406251636857633.html
920101,志高机械,志高机械:股票停牌公告,停牌公告,2024-06-25,https://data.eastmoney.com/notices/detail/920101/AN202406251636857724.html
920050,爱舍伦,爱舍伦:股票停牌公告,停牌公告,2024-06-25,https://data.eastmoney.com/notices/detail/920050/AN202406251636857726.html
920076,国亮新材,国亮新材:股票停牌公告,停牌公告,2024-06-25,https://data.eastmoney.com/notices/detail/920076/AN202406251636857725.html
301580,爱迪特,关于爱迪特(秦皇岛)科技股份有限公司股票上市交易的公告,首发提示性公告,2024-06-25,https://data.eastmoney.com/notices/detail/301580/AN202406251636857490.html
002158,汉钟精机,汉钟精机:2024年6月18日-6月19日投资者关系活动记录表,调研活动,2024-06-25,https://data.eastmoney.com/notices/detail/002158/AN202406251636855355.html
002761,浙江建投,浙江建投:2023年度浙江省建设投资集团股份有限公司向不特定对象发行可转换公司债券2024年度跟踪评级报告,其他,2024-06-25,https://data.eastmoney.com/notices/detail/002761/AN202406251636855128.html
300422,博世科,博世科:关于提前归还暂时补充流动资金的闲置募集资金的公告,归还募集资金,2024-06-25,https://data.eastmoney.com/notices/detail/300422/AN202406251636854776.html
300926,博俊科技,博俊科技:关于股东持股情况说明的公告,其他,2024-06-25,https://data.eastmoney.com/notices/detail/300926/AN202406251636848301.html
002470,金正大,金正大:关于金正大生态工程集团股份有限公司2024年第一次临时股东大会的法律意见书,法律意见书,2024-06-25,https://data.eastmoney.com/notices/detail/002470/AN202406241636841923.html
002470,金正大,金正大:关于获得国家技术发明奖的公告,其他,2024-06-25,https://data.eastmoney.com/notices/detail/002470/AN202406241636841924.html
002470,金正大,金正大:2024年第一次临时股东大会决议公告,股东大会决议公告,2024-06-25,https://data.eastmoney.com/notices/detail/002470/AN202406241636841922.html
603117,万林物流,ST万林:江苏万林现代物流股份有限公司关于股票交易风险提示公告,风险提示性公告,2024-06-25,https://data.eastmoney.com/notices/detail/603117/AN202406241636841725.html
300406,九强生物,九强生物:创业板向不特定对象发行可转换公司债券2024年付息公告,其他,2024-06-25,https://data.eastmoney.com/notices/detail/300406/AN202406241636841374.html
002145,钛能化学,中核钛白:关于拟续聘会计师事务所的公告,审计机构变更,2024-06-25,https://data.eastmoney.com/notices/detail/002145/AN202406241636841375.html
002145,钛能化学,中核钛白:第七届监事会第十三次(临时)会议决议公告,监事会决议公告,2024-06-25,https://data.eastmoney.com/notices/detail/002145/AN202406241636841315.html
002145,钛能化学,中核钛白:关于延长回购公司股份方案实施期限的公告,回购实施公告,2024-06-25,https://data.eastmoney.com/notices/detail/002145/AN202406241636841314.html
002145,钛能化学,中核钛白:关于召开2024年第二次临时股东大会的通知公告,召开股东大会通知,2024-06-25,https://data.eastmoney.com/notices/detail/002145/AN202406241636841316.html
002145,钛能化学,中核钛白:第七届董事会第二十四次(临时)会议决议公告,高管人员任职变动,2024-06-25,https://data.eastmoney.com/notices/detail/002145/AN202406241636841317.html
000668,荣丰控股,荣丰控股:中审亚太会计师事务所关于荣丰控股2023年年报问询函的回复,会计师事务所问询函回复公告,2024-06-25,https://data.eastmoney.com/notices/detail/000668/AN202406241636841313.html
000668,荣丰控股,荣丰控股:荣丰控股集团关于深圳证券交易所年报问询函的回复公告,回复问询函公告,2024-06-25,https://data.eastmoney.com/notices/detail/000668/AN202406241636841312.html
600196,复星医药,复星医药:复星医药关于为控股子公司提供担保的公告,提供/对外担保公告,2024-06-25,https://data.eastmoney.com/notices/detail/600196/AN202406241636841009.html
600196,复星医药,复星医药:复星医药关于对控股子公司上海复宏汉霖生物技术股份有限公司实施吸收合并及私有化的公告,吸收合并,2024-06-25,https://data.eastmoney.com/notices/detail/600196/AN202406241636841010.html
688259,创耀科技,创耀科技:湖南启元律师事务所关于创耀(苏州)通信科技股份有限公司2023年年度股东大会的法律意见书,法律意见书,2024-06-25,https://data.eastmoney.com/notices/detail/688259/AN202406241636840847.html
688259,创耀科技,创耀科技:创耀(苏州)通信科技股份有限公司2023年年度股东大会决议公告,分配方案决议公告,2024-06-25,https://data.eastmoney.com/notices/detail/688259/AN202406241636840848.html
002442,龙星科技,龙星化工:龙星化工2024年限制性股票激励计划(草案),股权激励计划,2024-06-25,https://data.eastmoney.com/notices/detail/002442/AN202406241636840723.html
002442,龙星科技,龙星化工:独立董事公开征集投票权报告书,其他,2024-06-25,https://data.eastmoney.com/notices/detail/002442/AN202406241636840716.html
002442,龙星科技,龙星化工:龙星化工召开2024年第一次临时股东大会的通知,召开股东大会通知,2024-06-25,https://data.eastmoney.com/notices/detail/002442/AN202406241636840710.html
002442,龙星科技,龙星化工:天元关于龙星化工2024年限制性股票激励计划的法律意见,法律意见书,2024-06-25,https://data.eastmoney.com/notices/detail/002442/AN202406241636840718.html
002442,龙星科技,龙星化工:龙星化工监事会关于公司2021年限制性股票激励计划首次授予股票第三个解除限售期解除限售激励对象名单的核查意见,股权激励进展公告,2024-06-25,https://data.eastmoney.com/notices/detail/002442/AN202406241636840721.html
002442,龙星科技,龙星化工:龙星化工关于公司2021年限制性股票激励计划首次授予股票第三个解除限售期解除限售条件成就的公告,限售股份上市流通,2024-06-25,https://data.eastmoney.com/notices/detail/002442/AN202406241636840709.html
002442,龙星科技,龙星化工:龙星化工监事会关于2024年限制性股票激励计划的核查意见,专项说明/独立意见,2024-06-25,https://data.eastmoney.com/notices/detail/002442/AN202406241636840719.html
002442,龙星科技,龙星化工:龙星化工关于回购注销部分限制性股票通知债权人的公告,通知债权人公告,2024-06-25,https://data.eastmoney.com/notices/detail/002442/AN202406241636840708.html
002442,龙星科技,龙星化工:天元关于龙星化工激励计划首次授予部分第三期解锁及回购注销部分限制性股票事宜的法律意见,法律意见书,2024-06-25,https://data.eastmoney.com/notices/detail/002442/AN202406241636840714.html
002442,龙星科技,龙星化工:龙星化工2024年限制性股票激励计划(草案)摘要,股权激励计划摘要,2024-06-25,https://data.eastmoney.com/notices/detail/002442/AN202406241636840720.html
002442,龙星科技,龙星化工:龙星化工关于回购注销2021年限制性股票激励计划部分首次授予限制性股票的公告,股权激励进展公告,2024-06-25,https://data.eastmoney.com/notices/detail/002442/AN202406241636840711.html
002442,龙星科技,龙星化工:龙星化工关于提请股东大会授权董事会办理股权激励相关事宜的公告,其他,2024-06-25,https://data.eastmoney.com/notices/detail/002442/AN202406241636840707.html
002442,龙星科技,龙星化工:龙星化工2024年限制性股票激励计划授予激励对象名单,股权激励对象名单,2024-06-25,https://data.eastmoney.com/notices/detail/002442/AN202406241636840717.html
002442,龙星科技,龙星化工:龙星化工第六届董事会2024年第六次临时会议公告,董事会决议公告,2024-06-25,https://data.eastmoney.com/notices/detail/002442/AN202406241636840713.html
002442,龙星科技,龙星化工:龙星化工股份有限公司2024年限制性股票激励计划实施考核管理办法,管理办法/制度,2024-06-25,https://data.eastmoney.com/notices/detail/002442/AN202406241636840715.html
002442,龙星科技,龙星化工:龙星化工第六届监事会2024年第四次临时会议公告,监事会决议公告,2024-06-25,https://data.eastmoney.com/notices/detail/002442/AN202406241636840712.html
002442,龙星科技,龙星化工:龙星化工股权激励计划自查表,股权激励计划,2024-06-25,https://data.eastmoney.com/notices/detail/002442/AN202406241636840722.html
688273,麦澜德,麦澜德:关于收到控股股东提议回购公司股份、实施2024年度中期分红暨落实“提质增效重回报”行动方案的公告,其他,2024-06-25,https://data.eastmoney.com/notices/detail/688273/AN202406241636840464.html
600482,中国动力,中国动力:中国船舶重工集团动力股份有限公司关于开展外汇衍生品交易业务的可行性分析报告,其他,2024-06-25,https://data.eastmoney.com/notices/detail/600482/AN202406241636840417.html
600482,中国动力,中国动力:北京市金杜律师事务所关于中国动力2023年年度股东大会的法律意见书,法律意见书,2024-06-25,https://data.eastmoney.com/notices/detail/600482/AN202406241636840419.html
600482,中国动力,中国动力:中国船舶重工集团动力股份有限公司第八届董事会第三次会议决议公告,董事会决议公告,2024-06-25,https://data.eastmoney.com/notices/detail/600482/AN202406241636840416.html
600482,中国动力,中国动力:中国船舶重工集团动力股份有限公司关于聘任2024年度财务报告审计机构及内控审计机构的公告,审计机构变更,2024-06-25,https://data.eastmoney.com/notices/detail/600482/AN202406241636840415.html
600482,中国动力,中国动力:中国船舶重工集团动力股份有限公司关于开展2024年度外汇衍生品交易业务的公告,其他,2024-06-25,https://data.eastmoney.com/notices/detail/600482/AN202406241636840414.html
600482,中国动力,中国动力:中国船舶重工集团动力股份有限公司2023年年度股东大会决议公告,分配方案决议公告,2024-06-25,https://data.eastmoney.com/notices/detail/600482/AN202406241636840418.html
600482,中国动力,中国动力:中国船舶重工集团动力股份有限公司第八届监事会第三次会议决议公告,监事会决议公告,2024-06-25,https://data.eastmoney.com/notices/detail/600482/AN202406241636840420.html
002038,双鹭药业,双鹭药业:北京双鹭药业股份有限公司关于高级管理人员减持股份预披露公告,高管人员持股变动,2024-06-25,https://data.eastmoney.com/notices/detail/002038/AN202406241636840337.html
600732,爱旭股份,爱旭股份:2024年度“提质增效重回报”行动方案,其他,2024-06-25,https://data.eastmoney.com/notices/detail/600732/AN202406241636840017.html
600732,爱旭股份,爱旭股份:北京市中伦(深圳)律师事务所关于上海爱旭新能源股份有限公司2023年限制性股票与股票期权激励计划股票期权第一个行权期行权条件成就的法律意见书,法律意见书,2024-06-25,https://data.eastmoney.com/notices/detail/600732/AN202406241636840020.html
600732,爱旭股份,爱旭股份:关于延长公司2023年度向特定对象发行A股股票股东大会决议有效期及相关授权有效期的公告,增发预案,2024-06-25,https://data.eastmoney.com/notices/detail/600732/AN202406241636840021.html
600732,爱旭股份,爱旭股份:北京市中伦(深圳)律师事务所关于上海爱旭新能源股份有限公司注销部分限制性股票与股票期权的法律意见书,法律意见书,2024-06-25,https://data.eastmoney.com/notices/detail/600732/AN202406241636840016.html
600732,爱旭股份,爱旭股份:关于召开2024年第二次临时股东大会的通知,召开股东大会通知,2024-06-25,https://data.eastmoney.com/notices/detail/600732/AN202406241636840015.html
600732,爱旭股份,爱旭股份:关于注销部分限制性股票与股票期权的公告,股权激励进展公告,2024-06-25,https://data.eastmoney.com/notices/detail/600732/AN202406241636840013.html
600732,爱旭股份,爱旭股份:第九届监事会第二十二次会议决议公告,监事会决议公告,2024-06-25,https://data.eastmoney.com/notices/detail/600732/AN202406241636840019.html
600732,爱旭股份,爱旭股份:第九届董事会第二十七次会议决议公告,其他增发事项公告,2024-06-25,https://data.eastmoney.com/notices/detail/600732/AN202406241636840014.html
600732,爱旭股份,爱旭股份:关于2023年限制性股票与股票期权激励计划股票期权第一个行权期行权条件成就的公告,股权激励进展公告,2024-06-25,https://data.eastmoney.com/notices/detail/600732/AN202406241636840018.html
301580,爱迪特,爱迪特:北京市中伦律师事务所关于公司首次公开发行股票并在创业板上市的法律意见书,法律意见书,2024-06-25,https://data.eastmoney.com/notices/detail/301580/AN202406241636840012.html
301580,爱迪特,爱迪特:首次公开发行股票并在创业板上市之上市公告书提示性公告,首发提示性公告,2024-06-25,https://data.eastmoney.com/notices/detail/301580/AN202406241636840011.html
301580,爱迪特,爱迪特:首次公开发行股票并在创业板上市之上市公告书,首发上市公告书,2024-06-25,https://data.eastmoney.com/notices/detail/301580/AN202406241636840010.html
301580,爱迪特,爱迪特:中信建投证券股份有限公司关于公司首次公开发行股票并在创业板上市的上市保荐书,上市保荐书,2024-06-25,https://data.eastmoney.com/notices/detail/301580/AN202406241636840009.html
000982,中银绒业,中银绒业:宁夏中银绒业股份有限公司关于全资子公司土地收储及后续重新供地事宜的进展公告,其他,2024-06-25,https://data.eastmoney.com/notices/detail/000982/AN202406241636839973.html
000982,中银绒业,中银绒业:宁夏中银绒业股份有限公司第九届董事会第五次会议决议的公告,董事会决议公告,2024-06-25,https://data.eastmoney.com/notices/detail/000982/AN202406241636839923.html
600977,中国电影,中国电影:中国电影2023年年度股东大会决议公告,分配方案决议公告,2024-06-25,https://data.eastmoney.com/notices/detail/600977/AN202406241636839883.html
600977,中国电影,中国电影:中国电影2023年年度股东大会之法律意见书,法律意见书,2024-06-25,https://data.eastmoney.com/notices/detail/600977/AN202406241636839881.html
600977,中国电影,中国电影:中国电影股份有限公司章程(经2023年年度股东大会审议通过),公司章程,2024-06-25,https://data.eastmoney.com/notices/detail/600977/AN202406241636839882.html
600070,*ST富润,*ST富润:关于回购股份事项前十名股东和前十名无限售条件股东持股情况的公告,其他,2024-06-25,https://data.eastmoney.com/notices/detail/600070/AN202406241636839509.html
600070,*ST富润,*ST富润:关于股票异常交易波动的公告,股票交易异常波动,2024-06-25,https://data.eastmoney.com/notices/detail/600070/AN202406241636839510.html
600070,*ST富润,*ST富润:关于以集中竞价交易方式回购公司股份的回购报告书,回购报告书,2024-06-25,https://data.eastmoney.com/notices/detail/600070/AN202406241636839511.html
002986,宇新股份,宇新股份:关于股东减持股份计划期限届满的公告,股东/实际控制人股份减持,2024-06-25,https://data.eastmoney.com/notices/detail/002986/AN202406241636839508.html
600565,ST迪马,ST迪马:北京德恒(重庆)律师事务所关于重庆市迪马实业股份有限公司控股股东或其一致行动人增持公司股份的专项核查意见,股东/实际控制人股份增持,2024-06-25,https://data.eastmoney.com/notices/detail/600565/AN202406241636839298.html
600565,ST迪马,ST迪马:ST迪马关于控股股东或其一致行动人增持计划实施完成的公告,股东/实际控制人股份增持,2024-06-25,https://data.eastmoney.com/notices/detail/600565/AN202406241636839297.html
600683,京投发展,京投发展:京投发展股份有限公司第十二届董事会第二次会议决议公告,董事会决议公告,2024-06-25,https://data.eastmoney.com/notices/detail/600683/AN202406241636839296.html
000656,金科股份,*ST金科:关于管理人公开招募和遴选公司及全资子公司重整投资人的公告,其他,2024-06-25,https://data.eastmoney.com/notices/detail/000656/AN202406241636839270.html
301315,威士顿,威士顿:关于公司实际控制人、董事长被留置的公告,其他,2024-06-25,https://data.eastmoney.com/notices/detail/301315/AN202406241636839165.html
600297,广汇汽车,广汇汽车:广汇汽车服务集团股份公司关于公司股票交易异常波动的公告,股票交易异常波动,2024-06-25,https://data.eastmoney.com/notices/detail/600297/AN202406241636839109.html
600297,广汇汽车,广汇汽车:广汇汽车服务集团股份公司关于可转换公司债券交易异常波动的公告,股票交易异常波动,2024-06-25,https://data.eastmoney.com/notices/detail/600297/AN202406241636839108.html
600297,广汇汽车,广汇汽车:《广汇汽车服务集团股份公司股票交易异常波动问询函》的回函,回复问询函公告,2024-06-25,https://data.eastmoney.com/notices/detail/600297/AN202406241636839107.html
600297,广汇汽车,广汇汽车:《广汇汽车服务集团股份公司可转换公司债券交易异常波动问询函》的回函,回复问询函公告,2024-06-25,https://data.eastmoney.com/notices/detail/600297/AN202406241636839110.html
000882,华联股份,华联股份:关于公司股票存在可能因股价低于面值被终止上市的风险提示公告,终止上市风险提示,2024-06-25,https://data.eastmoney.com/notices/detail/000882/AN202406241636838443.html
000882,华联股份,华联股份:第九届董事会第四次会议决议公告,董事会决议公告,2024-06-25,https://data.eastmoney.com/notices/detail/000882/AN202406241636838445.html
000023,*ST深天,*ST深天:关于公司股票可能被终止上市的第六次风险提示公告,终止上市风险提示,2024-06-25,https://data.eastmoney.com/notices/detail/000023/AN202406241636838449.html
002717,*ST岭南,岭南股份:关于公司股东之关联方增持计划的公告,股东/实际控制人股份增持,2024-06-25,https://data.eastmoney.com/notices/detail/002717/AN202406241636838447.html
000882,华联股份,华联股份:关于控股股东增持公司股份计划的进展公告,股东/实际控制人股份增持,2024-06-25,https://data.eastmoney.com/notices/detail/000882/AN202406241636838444.html
000023,*ST深天,*ST深天:鹏盛会计师事务所(特殊普通合伙)关于对深圳市天地(集团)股份有限公司2023年年报的问询函的回复函,会计师事务所问询函回复公告,2024-06-25,https://data.eastmoney.com/notices/detail/000023/AN202406241636838450.html
000882,华联股份,华联股份:关于股份回购方案的公告,回购预案,2024-06-25,https://data.eastmoney.com/notices/detail/000882/AN202406241636838446.html
000023,*ST深天,*ST深天:关于2023年年报问询函回复的公告,回复问询函公告,2024-06-25,https://data.eastmoney.com/notices/detail/000023/AN202406241636838448.html
603276,恒兴新材,恒兴新材:2023年年度权益分派实施结果暨股份上市公告,分配方案实施,2024-06-25,https://data.eastmoney.com/notices/detail/603276/AN202406241636838417.html
000034,神州数码,神州数码:关于神码转债开始转股的提示性公告,其他,2024-06-25,https://data.eastmoney.com/notices/detail/000034/AN202406241636838224.html
688779,五矿新能,长远锂科:湖南长远锂科股份有限公司关于“锂科转债”跟踪信用评级结果的公告,其他,2024-06-25,https://data.eastmoney.com/notices/detail/688779/AN202406241636838043.html
688779,五矿新能,长远锂科:湖南长远锂科股份有限公司2024年度跟踪评级报告,其他,2024-06-25,https://data.eastmoney.com/notices/detail/688779/AN202406241636838044.html
603228,景旺电子,景旺电子:景旺电子股票交易异常波动公告,股票交易异常波动,2024-06-25,https://data.eastmoney.com/notices/detail/603228/AN202406241636838003.html
603228,景旺电子,景旺电子:控股股东、实际控制人及其一致行动人关于深圳市景旺电子股份有限公司股票交易异常波动问询函的回复,回复问询函公告,2024-06-25,https://data.eastmoney.com/notices/detail/603228/AN202406241636837988.html
603557,*ST起步,ST起步:关于实际控制人、控股股东增持公司股份计划的公告,股东/实际控制人股份增持,2024-06-25,https://data.eastmoney.com/notices/detail/603557/AN202406241636837943.html
600435,北方导航,北方导航:北方导航关于2024年度“提质增效重回报”行动方案的公告,其他,2024-06-25,https://data.eastmoney.com/notices/detail/600435/AN202406241636837897.html
300508,维宏股份,维宏股份:2024年限制性股票激励计划首次授予部分激励对象名单,股权激励对象名单,2024-06-25,https://data.eastmoney.com/notices/detail/300508/AN202406241636837579.html
300508,维宏股份,维宏股份:独立董事公开征集委托投票权报告书,其他,2024-06-25,https://data.eastmoney.com/notices/detail/300508/AN202406241636837578.html
300508,维宏股份,维宏股份:第五届董事会第四次(临时)会议决议公告,董事会决议公告,2024-06-25,https://data.eastmoney.com/notices/detail/300508/AN202406241636837575.html
003001,中岩大地,中岩大地:关于获得国家技术发明奖二等奖的公告,其他,2024-06-25,https://data.eastmoney.com/notices/detail/003001/AN202406241636837581.html
002282,博深股份,博深股份:博深股份有限公司关于公司发行股份及支付现金购买资产并募集配套资金暨关联交易之部分限售股份上市流通的提示性公告,限售股份上市流通,2024-06-25,https://data.eastmoney.com/notices/detail/002282/AN202406241636837582.html
300508,维宏股份,维宏股份:第五届监事会第三次(临时)会议决议公告,监事会决议公告,2024-06-25,https://data.eastmoney.com/notices/detail/300508/AN202406241636837573.html
300508,维宏股份,维宏股份:2024年限制性股票激励计划(草案)摘要,股权激励计划摘要,2024-06-25,https://data.eastmoney.com/notices/detail/300508/AN202406241636837571.html
300508,维宏股份,维宏股份:2024年限制性股票激励计划实施考核管理办法,管理办法/制度,2024-06-25,https://data.eastmoney.com/notices/detail/300508/AN202406241636837580.html
300508,维宏股份,维宏股份:关于召开公司2024年第一次临时股东大会的通知,召开股东大会通知,2024-06-25,https://data.eastmoney.com/notices/detail/300508/AN202406241636837577.html
300508,维宏股份,维宏股份:监事会关于公司2024年限制性股票激励计划相关事项的核查意见,专项说明/独立意见,2024-06-25,https://data.eastmoney.com/notices/detail/300508/AN202406241636837576.html
300508,维宏股份,维宏股份:2024年限制性股票激励计划(草案),股权激励计划,2024-06-25,https://data.eastmoney.com/notices/detail/300508/AN202406241636837570.html
300508,维宏股份,维宏股份:2024年限制性股票激励计划自查表,股权激励计划,2024-06-25,https://data.eastmoney.com/notices/detail/300508/AN202406241636837574.html
002282,博深股份,博深股份:东方证券承销保荐有限公司关于博深股份有限公司发行股份及支付现金购买资产并募集配套资金暨关联交易之部分限售股份解除限售上市流通的核查意见,保荐/核查意见,2024-06-25,https://data.eastmoney.com/notices/detail/002282/AN202406241636837583.html
300508,维宏股份,维宏股份:君合律师事务所上海分所关于上海维宏电子科技股份有限公司2024年限制性股票激励计划(草案)的法律意见书,法律意见书,2024-06-25,https://data.eastmoney.com/notices/detail/300508/AN202406241636837572.html
688103,国力电子,国力股份:昆山国力电子科技股份有限公司关于向不特定对象发行可转换公司债券2024年跟踪评级报告的公告,其他,2024-06-25,https://data.eastmoney.com/notices/detail/688103/AN202406241636837419.html
688103,国力电子,国力股份:2023年昆山国力电子科技股份有限公司向不特定对象发行可转换公司债券2024年跟踪评级报告,其他,2024-06-25,https://data.eastmoney.com/notices/detail/688103/AN202406241636837420.html
688143,长盈通,长盈通:武汉长盈通光电技术股份有限公司2023年年度股东大会决议公告,分配方案决议公告,2024-06-25,https://data.eastmoney.com/notices/detail/688143/AN202406241636837377.html
688143,长盈通,长盈通:北京国枫律师事务所关于武汉长盈通光电技术股份有限公司2023年年度股东大会的法律意见书,法律意见书,2024-06-25,https://data.eastmoney.com/notices/detail/688143/AN202406241636837378.html
300738,奥飞数据,奥飞数据:关于可转换公司债券转股价格调整的公告,其他,2024-06-25,https://data.eastmoney.com/notices/detail/300738/AN202406241636837156.html
300738,奥飞数据,奥飞数据:2023年年度权益分派实施公告,分配方案实施,2024-06-25,https://data.eastmoney.com/notices/detail/300738/AN202406241636837155.html
002936,郑州银行,郑州银行:郑州银行股份有限公司关于中证中小投资者服务中心《股东质询函》的回复公告,其他,2024-06-25,https://data.eastmoney.com/notices/detail/002936/AN202406241636837154.html
600136,ST明诚,*ST明诚:武汉当代明诚文化体育集团股份有限公司关于撤销退市风险警示并继续实施其他风险警示暨临时停牌的公告,撤销退市风险警示,2024-06-25,https://data.eastmoney.com/notices/detail/600136/AN202406241636837122.html
600654,中安科,ST中安:关于撤销其他风险警示暨停牌的公告,撤销其他特别处理,2024-06-25,https://data.eastmoney.com/notices/detail/600654/AN202406241636837050.html
301017,漱玉平民,漱玉平民:2022年漱玉平民大药房连锁股份有限公司向不特定对象发行可转换公司债券2024年跟踪评级报告,其他,2024-06-25,https://data.eastmoney.com/notices/detail/301017/AN202406241636836944.html
000778,新兴铸管,新兴铸管:关于公司高级管理人员变动的公告,高管人员任职变动,2024-06-25,https://data.eastmoney.com/notices/detail/000778/AN202406241636836942.html
000778,新兴铸管,新兴铸管:第十届董事会第四次会议决议公告,高管人员任职变动,2024-06-25,https://data.eastmoney.com/notices/detail/000778/AN202406241636836943.html
301017,漱玉平民,漱玉平民:募集资金管理制度,管理办法/制度,2024-06-25,https://data.eastmoney.com/notices/detail/301017/AN202406241636836888.html
301017,漱玉平民,漱玉平民:关于取消部分担保额度并追加2024年度担保额度的公告,追加担保公告,2024-06-25,https://data.eastmoney.com/notices/detail/301017/AN202406241636836890.html
301017,漱玉平民,漱玉平民:关于召开2024年第三次临时股东大会的通知,召开股东大会通知,2024-06-25,https://data.eastmoney.com/notices/detail/301017/AN202406241636836889.html
301017,漱玉平民,漱玉平民:第三届董事会第三十二次会议决议公告,董事会决议公告,2024-06-25,https://data.eastmoney.com/notices/detail/301017/AN202406241636836887.html
603388,*ST元成,ST元成:关于对《关于元成环境股份有限公司股票交易异常波动情况的问询函》的回复,回复问询函公告,2024-06-25,https://data.eastmoney.com/notices/detail/603388/AN202406241636836719.html
603388,*ST元成,ST元成:元成环境股份有限公司关于控股股东股份被轮候冻结的公告,股份质押、冻结,2024-06-25,https://data.eastmoney.com/notices/detail/603388/AN202406241636836720.html
603388,*ST元成,ST元成:元成环境股份有限公司股票交易异常波动公告,股票交易异常波动,2024-06-25,https://data.eastmoney.com/notices/detail/603388/AN202406241636836721.html
300450,先导智能,先导智能:2023年度权益分派实施公告,分配方案实施,2024-06-25,https://data.eastmoney.com/notices/detail/300450/AN202406241636836728.html
000034,神州数码,神州数码:关于变更注册地址并完成工商变更登记的公告,公司注册地址变更,2024-06-25,https://data.eastmoney.com/notices/detail/000034/AN202406241636836727.html
000691,亚太实业,亚太实业:关于公司股东股票将被司法拍卖进展情况的提示性公告,诉讼仲裁,2024-06-25,https://data.eastmoney.com/notices/detail/000691/AN202406241636836540.html
000661,长春高新,长春高新:关于日常关联交易额度预计的公告,关联交易,2024-06-25,https://data.eastmoney.com/notices/detail/000661/AN202406241636836459.html
000661,长春高新,长春高新:北京大成(长春)律师事务所关于长春高新技术产业(集团)股份有限公司2024年第二次临时股东大会的法律意见书,法律意见书,2024-06-25,https://data.eastmoney.com/notices/detail/000661/AN202406241636836462.html
000800,一汽解放,一汽解放:关于向特定对象发行股票申请获得中国证券监督管理委员会同意注册批复的公告,增发获准公告,2024-06-25,https://data.eastmoney.com/notices/detail/000800/AN202406241636836463.html
000661,长春高新,长春高新:第十一届董事会第一次会议决议公告,高管人员任职变动,2024-06-25,https://data.eastmoney.com/notices/detail/000661/AN202406241636836460.html
000661,长春高新,长春高新:独立董事专门会议2024年第一次会议审核意见,专项说明/独立意见,2024-06-25,https://data.eastmoney.com/notices/detail/000661/AN202406241636836458.html
000800,一汽解放,一汽解放:2023年度向特定对象发行A股股票募集说明书(注册稿),深主板再融资募集说明书注册稿,2024-06-25,https://data.eastmoney.com/notices/detail/000800/AN202406241636836464.html
000661,长春高新,长春高新:2024年第二次临时股东大会决议公告,股东大会决议公告,2024-06-25,https://data.eastmoney.com/notices/detail/000661/AN202406241636836457.html
000661,长春高新,长春高新:关于董事会、监事会完成换届选举及聘任高级管理人员、证券事务代表的公告,高管人员任职变动,2024-06-25,https://data.eastmoney.com/notices/detail/000661/AN202406241636836456.html
000661,长春高新,长春高新:第十一届监事会第一次会议决议公告,高管人员任职变动,2024-06-25,https://data.eastmoney.com/notices/detail/000661/AN202406241636836461.html
000661,长春高新,长春高新:关于自愿承诺未来六个月内不减持子公司股份的公告,其他,2024-06-25,https://data.eastmoney.com/notices/detail/000661/AN202406241636836455.html
002495,佳隆股份,佳隆股份:第八届董事会第四次会议决议公告,董事会决议公告,2024-06-25,https://data.eastmoney.com/notices/detail/002495/AN202406241636836454.html
002495,佳隆股份,佳隆股份:关于回购公司股份方案的公告,回购预案,2024-06-25,https://data.eastmoney.com/notices/detail/002495/AN202406241636836453.html
000921,海信家电,海信家电:《公司章程》(2024年6月),公司章程,2024-06-25,https://data.eastmoney.com/notices/detail/000921/AN202406241636836291.html
000921,海信家电,海信家电:北京德和衡律师事务所关于海信家电集团股份有限公司2023年度股东周年大会的法律意见书,法律意见书,2024-06-25,https://data.eastmoney.com/notices/detail/000921/AN202406241636836290.html
000921,海信家电,海信家电:关于聘任公司高级管理人员的公告,高管人员任职变动,2024-06-25,https://data.eastmoney.com/notices/detail/000921/AN202406241636836289.html
000921,海信家电,海信家电:2023年度股东周年大会决议公告,分配方案决议公告,2024-06-25,https://data.eastmoney.com/notices/detail/000921/AN202406241636836288.html
000921,海信家电,海信家电:关于职工代表监事换届选举的公告,高管人员任职变动,2024-06-25,https://data.eastmoney.com/notices/detail/000921/AN202406241636836287.html
000921,海信家电,海信家电:第十二届董事会2024年第一次临时会议决议公告,高管人员任职变动,2024-06-25,https://data.eastmoney.com/notices/detail/000921/AN202406241636836286.html
000921,海信家电,海信家电:关于召开2023年度业绩说明会的公告,其他,2024-06-25,https://data.eastmoney.com/notices/detail/000921/AN202406241636836285.html
000921,海信家电,海信家电:第十二届监事会2024年第一次会议决议公告,高管人员任职变动,2024-06-25,https://data.eastmoney.com/notices/detail/000921/AN202406241636836284.html
001258,立新能源,立新能源:新疆立新能源股份有限公司关于公司持股5%以上股东减持股份计划期限届满的公告,股东/实际控制人股份减持,2024-06-25,https://data.eastmoney.com/notices/detail/001258/AN202406241636836283.html
002127,南极电商,南极电商:关于公司实际控制人部分股权补充质押的公告,股份质押、冻结,2024-06-25,https://data.eastmoney.com/notices/detail/002127/AN202406241636836137.html
002961,瑞达期货,瑞达期货:可转换公司债券2024年付息公告,其他,2024-06-25,https://data.eastmoney.com/notices/detail/002961/AN202406241636836134.html
000908,石药景峰,*ST景峰:关于公司控股股东、实际控制人拟增持公司股份计划的公告,股东/实际控制人股份增持,2024-06-25,https://data.eastmoney.com/notices/detail/000908/AN202406241636836131.html
002965,祥鑫科技,祥鑫科技:关于回购注销部分限制性股票减少注册资本暨通知债权人的公告,公司注册资本变更,2024-06-25,https://data.eastmoney.com/notices/detail/002965/AN202406241636836135.html
002847,盐津铺子,盐津铺子:关于2021年限制性股票激励计划第三个解除限售期解除限售股份上市流通的提示性公告,限售股份上市流通,2024-06-25,https://data.eastmoney.com/notices/detail/002847/AN202406241636836130.html
000908,石药景峰,*ST景峰:关于公司股票可能被终止上市的风险提示公告,终止上市风险提示,2024-06-25,https://data.eastmoney.com/notices/detail/000908/AN202406241636836132.html
002620,*ST瑞和,瑞和股份:关于对深圳证券交易所2023年年报问询函的回复公告,回复问询函公告,2024-06-25,https://data.eastmoney.com/notices/detail/002620/AN202406241636836133.html
002276,万马股份,万马股份:北京中伦(杭州)律师事务所关于浙江万马股份有限公司2024年第二次临时股东大会的法律意见书,法律意见书,2024-06-25,https://data.eastmoney.com/notices/detail/002276/AN202406241636836140.html
002276,万马股份,万马股份:关于注销公司回购专户剩余股份减少注册资本暨通知债权人的公告,公司注册资本变更,2024-06-25,https://data.eastmoney.com/notices/detail/002276/AN202406241636836139.html
002276,万马股份,万马股份:2024年第二次临时股东大会决议公告,股东大会决议公告,2024-06-25,https://data.eastmoney.com/notices/detail/002276/AN202406241636836138.html
001288,运机集团,运机集团:四川省自贡运输机械集团股份有限公司向不特定对象发行可转换公司债券受托管理事务报告(2023年度),其他,2024-06-25,https://data.eastmoney.com/notices/detail/001288/AN202406241636836136.html
000422,湖北宜化,湖北宜化:华泰联合证券有限责任公司关于湖北宜化化工股份有限公司新增2024年度对外担保额度预计的核查意见,保荐/核查意见,2024-06-25,https://data.eastmoney.com/notices/detail/000422/AN202406241636836049.html
000422,湖北宜化,湖北宜化:华泰联合证券有限责任公司关于湖北宜化化工股份有限公司公开挂牌转让湖北宜化降解新材料有限公司100%股权或构成关联交易的核查意见,保荐/核查意见,2024-06-25,https://data.eastmoney.com/notices/detail/000422/AN202406241636836048.html
000422,湖北宜化,湖北宜化:2024年第四次独立董事专门会议决议,其他,2024-06-25,https://data.eastmoney.com/notices/detail/000422/AN202406241636836047.html
000422,湖北宜化,湖北宜化:关于新增2024年度对外担保额度预计的公告,担保年度额度预计,2024-06-25,https://data.eastmoney.com/notices/detail/000422/AN202406241636836045.html
000422,湖北宜化,湖北宜化:第十届监事会第二十五次会议决议公告,监事会决议公告,2024-06-25,https://data.eastmoney.com/notices/detail/000422/AN202406241636836043.html
000422,湖北宜化,湖北宜化:关于公开挂牌转让湖北宜化降解新材料有限公司100%股权或构成关联交易的公告,关联交易,2024-06-25,https://data.eastmoney.com/notices/detail/000422/AN202406241636836042.html
000422,湖北宜化,湖北宜化:第十届董事会第三十六次会议决议公告,董事会决议公告,2024-06-25,https://data.eastmoney.com/notices/detail/000422/AN202406241636836046.html
000422,湖北宜化,湖北宜化:关于召开2024年第四次临时股东大会的通知,召开股东大会通知,2024-06-25,https://data.eastmoney.com/notices/detail/000422/AN202406241636836044.html
003028,振邦智能,振邦智能:关于部分募投项目延期的公告,其他,2024-06-25,https://data.eastmoney.com/notices/detail/003028/AN202406241636835973.html
003028,振邦智能,振邦智能:关于2021年限制性股票和股票期权激励计划首次授予第三个解除限售期及行权期的解除限售及行权条件成就的公告,限售股份上市流通,2024-06-25,https://data.eastmoney.com/notices/detail/003028/AN202406241636835975.html
003028,振邦智能,振邦智能:第三届董事会独立董事第一次专门会议决议,董事会决议公告,2024-06-25,https://data.eastmoney.com/notices/detail/003028/AN202406241636835978.html
003028,振邦智能,振邦智能:中国国际金融股份有限公司关于深圳市振邦智能科技股份有限公司部分募集资金投资项目延期的核查意见,保荐/核查意见,2024-06-25,https://data.eastmoney.com/notices/detail/003028/AN202406241636835979.html
003028,振邦智能,振邦智能:第三届监事会第十三次(临时)会议决议公告,监事会决议公告,2024-06-25,https://data.eastmoney.com/notices/detail/003028/AN202406241636835974.html
003028,振邦智能,振邦智能:内部审计管理制度(2024年6月),管理办法/制度,2024-06-25,https://data.eastmoney.com/notices/detail/003028/AN202406241636835980.html
003028,振邦智能,振邦智能:广东华商律师事务所关于深圳市振邦智能科技股份有限公司2021年限制性股票和股票期权激励计划首次授予第三个解除限售期及行权期的解除限售及行权条件成就的法律意见书,法律意见书,2024-06-25,https://data.eastmoney.com/notices/detail/003028/AN202406241636835981.html
003028,振邦智能,振邦智能:监事会关于2021年限制性股票和股票期权激励计划首次授予第三个解除限售期及行权期的解除限售及行权条件成就的核查意见,股权激励进展公告,2024-06-25,https://data.eastmoney.com/notices/detail/003028/AN202406241636835977.html
003028,振邦智能,振邦智能:第三届董事会第十三次(临时)会议决议公告,董事会决议公告,2024-06-25,https://data.eastmoney.com/notices/detail/003028/AN202406241636835976.html
003028,振邦智能,振邦智能:关于向越南孙公司增资的公告,增资扩股,2024-06-25,https://data.eastmoney.com/notices/detail/003028/AN202406241636835972.html
300699,光威复材,光威复材:2023年年度权益分派实施公告,分配方案实施,2024-06-25,https://data.eastmoney.com/notices/detail/300699/AN202406241636835971.html
301295,美硕科技,美硕科技:财通证券股份有限公司关于浙江美硕电气科技股份有限公司首次公开发行前部分已发行股份上市流通的核查意见,保荐/核查意见,2024-06-25,https://data.eastmoney.com/notices/detail/301295/AN202406241636835970.html
301295,美硕科技,美硕科技:关于首次公开发行前部分已发行股份上市流通的提示性公告,限售股份上市流通,2024-06-25,https://data.eastmoney.com/notices/detail/301295/AN202406241636835969.html
002596,海南瑞泽,海南瑞泽:2024年第三次临时股东大会决议公告,股东大会决议公告,2024-06-25,https://data.eastmoney.com/notices/detail/002596/AN202406241636835907.html
002596,海南瑞泽,海南瑞泽:融资担保进展公告,其他担保公告,2024-06-25,https://data.eastmoney.com/notices/detail/002596/AN202406241636835908.html
002596,海南瑞泽,海南瑞泽:上海柏年律师事务所关于海南瑞泽新型建材股份有限公司2024年第三次临时股东大会的法律意见书,法律意见书,2024-06-25,https://data.eastmoney.com/notices/detail/002596/AN202406241636835909.html
600039,四川路桥,四川路桥:四川路桥关于2024年度“提质增效重回报”行动方案的公告,其他,2024-06-25,https://data.eastmoney.com/notices/detail/600039/AN202406241636835865.html
688108,赛诺医疗,赛诺医疗:赛诺医疗科学技术股份有限公司关于公司2022年限制性股票激励计划首次授予部分第二个归属期归属结果暨归属股份上市流通的公告,限售股份上市流通,2024-06-25,https://data.eastmoney.com/notices/detail/688108/AN202406241636835830.html
605208,永茂泰,永茂泰:关于调整2023年度利润分配总额的公告,分配方案调整,2024-06-25,https://data.eastmoney.com/notices/detail/605208/AN202406241636835815.html
605208,永茂泰,永茂泰:关于实施2023年度权益分派后调整回购价格上限和回购股份数量的公告,回购方案修订,2024-06-25,https://data.eastmoney.com/notices/detail/605208/AN202406241636835816.html
605208,永茂泰,永茂泰:2023年年度权益分派实施公告,分配方案实施,2024-06-25,https://data.eastmoney.com/notices/detail/605208/AN202406241636835813.html
605208,永茂泰,永茂泰:上海市通力律师事务所关于上海永茂泰汽车科技股份有限公司差异化分红事项之专项法律意见书,法律意见书,2024-06-25,https://data.eastmoney.com/notices/detail/605208/AN202406241636835814.html
605081,退市太和,太和水:上海市通力律师事务所关于上海太和水科技发展股份有限公司2024年第一次临时股东大会法律意见书,法律意见书,2024-06-25,https://data.eastmoney.com/notices/detail/605081/AN202406241636835801.html
605081,退市太和,太和水:上海太和水科技发展股份有限公司第三届董事会第一次会议决议公告,高管人员任职变动,2024-06-25,https://data.eastmoney.com/notices/detail/605081/AN202406241636835800.html
605081,退市太和,太和水:上海太和水科技发展股份有限公司2024年第一次临时股东大会决议公告,股东大会决议公告,2024-06-25,https://data.eastmoney.com/notices/detail/605081/AN202406241636835802.html
605081,退市太和,太和水:上海太和水科技发展股份有限公司第三届监事会第一次会议决议公告,高管人员任职变动,2024-06-25,https://data.eastmoney.com/notices/detail/605081/AN202406241636835799.html
000048,京基智农,京基智农:关于为下属公司提供担保的进展公告,提供/对外担保公告,2024-06-25,https://data.eastmoney.com/notices/detail/000048/AN202406241636835791.html
600106,重庆路桥,重庆路桥:重庆路桥股份有限公司股东减持股份计划公告,股东/实际控制人股份减持,2024-06-25,https://data.eastmoney.com/notices/detail/600106/AN202406241636835775.html
688026,洁特生物,洁特生物:关于调整2023年度利润分配方案每股现金分红金额的公告,分配方案调整,2024-06-25,https://data.eastmoney.com/notices/detail/688026/AN202406241636835758.html
300675,建科院,建科院:独立董事提名人声明与承诺(提名周俊祥),独立董事提名人声明,2024-06-25,https://data.eastmoney.com/notices/detail/300675/AN202406241636835669.html
300675,建科院,建科院:独立董事提名人声明与承诺(提名谢兰军),独立董事提名人声明,2024-06-25,https://data.eastmoney.com/notices/detail/300675/AN202406241636835668.html
300675,建科院,建科院:独立董事候选人声明与承诺(周俊祥),独立董事候选人声明,2024-06-25,https://data.eastmoney.com/notices/detail/300675/AN202406241636835667.html
300675,建科院,建科院:独立董事提名人声明与承诺(提名张燕平),独立董事提名人声明,2024-06-25,https://data.eastmoney.com/notices/detail/300675/AN202406241636835666.html
300675,建科院,建科院:独立董事候选人声明与承诺(张燕平),独立董事候选人声明,2024-06-25,https://data.eastmoney.com/notices/detail/300675/AN202406241636835665.html
300675,建科院,建科院:独立董事候选人声明与承诺(谢兰军),独立董事候选人声明,2024-06-25,https://data.eastmoney.com/notices/detail/300675/AN202406241636835664.html
300675,建科院,建科院:第三届监事会第十七次临时会议决议公告,高管人员任职变动,2024-06-25,https://data.eastmoney.com/notices/detail/300675/AN202406241636835663.html
300675,建科院,建科院:第三届董事会第二十二次临时会议决议公告,高管人员任职变动,2024-06-25,https://data.eastmoney.com/notices/detail/300675/AN202406241636835662.html
300675,建科院,建科院:关于董事会、监事会换届选举的公告,高管人员任职变动,2024-06-25,https://data.eastmoney.com/notices/detail/300675/AN202406241636835661.html
300675,建科院,建科院:关于召开2024年第二次临时股东大会的通知,召开股东大会通知,2024-06-25,https://data.eastmoney.com/notices/detail/300675/AN202406241636835660.html
688768,容知日新,容知日新:容知日新关于使用暂时闲置募集资金及自有资金进行现金管理的公告,投资理财,2024-06-25,https://data.eastmoney.com/notices/detail/688768/AN202406241636835579.html
688768,容知日新,容知日新:容知日新关于调整2024年限制性股票激励计划相关事项的公告,股权激励进展公告,2024-06-25,https://data.eastmoney.com/notices/detail/688768/AN202406241636835584.html
688768,容知日新,容知日新:上海荣正企业咨询服务(集团)股份有限公司关于安徽容知日新科技股份有限公司2024年限制性股票激励计划授予相关事项之独立财务顾问报告,保荐/核查意见,2024-06-25,https://data.eastmoney.com/notices/detail/688768/AN202406241636835576.html
688768,容知日新,容知日新:北京市康达律师事务所关于安徽容知日新科技股份有限公司2024年限制性股票激励计划调整及授予相关事项的法律意见书,法律意见书,2024-06-25,https://data.eastmoney.com/notices/detail/688768/AN202406241636835582.html
688768,容知日新,容知日新:容知日新监事会关于公司2024年限制性股票激励计划授予激励对象名单的核查意见(截至授予日),股权激励进展公告,2024-06-25,https://data.eastmoney.com/notices/detail/688768/AN202406241636835578.html
688768,容知日新,容知日新:容知日新第三届董事会第十七次会议决议公告,董事会决议公告,2024-06-25,https://data.eastmoney.com/notices/detail/688768/AN202406241636835577.html
688768,容知日新,容知日新:容知日新2024年限制性股票激励计划激励对象名单,股权激励对象名单,2024-06-25,https://data.eastmoney.com/notices/detail/688768/AN202406241636835581.html
688768,容知日新,容知日新:国元证券股份有限公司关于安徽容知日新科技股份有限公司使用暂时闲置募集资金及自有资金进行现金管理的核查意见,保荐/核查意见,2024-06-25,https://data.eastmoney.com/notices/detail/688768/AN202406241636835583.html
688768,容知日新,容知日新:容知日新第三届监事会第十五次会议决议公告,监事会决议公告,2024-06-25,https://data.eastmoney.com/notices/detail/688768/AN202406241636835575.html
688768,容知日新,容知日新:容知日新关于向激励对象授予限制性股票的公告,股权激励进展公告,2024-06-25,https://data.eastmoney.com/notices/detail/688768/AN202406241636835580.html
002789,*ST建艺,建艺集团:关于重大诉讼事项的进展公告,诉讼仲裁,2024-06-25,https://data.eastmoney.com/notices/detail/002789/AN202406241636835221.html
002460,赣锋锂业,赣锋锂业:关于控股子公司涉及仲裁事项的公告,其他,2024-06-25,https://data.eastmoney.com/notices/detail/002460/AN202406241636835166.html
688020,方邦股份,方邦股份:第三届监事会第二十次会议决议公告,监事会决议公告,2024-06-25,https://data.eastmoney.com/notices/detail/688020/AN202406241636835190.html
688020,方邦股份,方邦股份:信达关于公司2020年激励计划作废部分已授予尚未归属的限制性股票、2022年激励计划调整行权价格、注销部分预留已获授但尚未行权的股票期权及预留授予第一个行权期行权条件成就相关事项的法律意见书,法律意见书,2024-06-25,https://data.eastmoney.com/notices/detail/688020/AN202406241636835192.html
688020,方邦股份,方邦股份:第三届董事会第二十五次会议决议公告,董事会决议公告,2024-06-25,https://data.eastmoney.com/notices/detail/688020/AN202406241636835187.html
688020,方邦股份,方邦股份:上海荣正企业咨询服务(集团)股份有限公司关于公司2022年股票期权激励计划预留授予第一个行权期行权条件成就相关事项之独立财务顾问报告,保荐/核查意见,2024-06-25,https://data.eastmoney.com/notices/detail/688020/AN202406241636835193.html
688020,方邦股份,方邦股份:关于调整2022年股票期权激励计划首次及预留授予股票期权行权价格的公告,股权激励行权价（数量）调整,2024-06-25,https://data.eastmoney.com/notices/detail/688020/AN202406241636835194.html
688020,方邦股份,方邦股份:关于注销部分股票期权的公告,股权激励进展公告,2024-06-25,https://data.eastmoney.com/notices/detail/688020/AN202406241636835189.html
688020,方邦股份,方邦股份:关于作废部分已授予尚未归属的限制性股票的公告,股权激励进展公告,2024-06-25,https://data.eastmoney.com/notices/detail/688020/AN202406241636835188.html
688020,方邦股份,方邦股份:关于2022年股票期权激励计划预留授予第一个行权期采用自主行权的提示性公告,股权激励进展公告,2024-06-25,https://data.eastmoney.com/notices/detail/688020/AN202406241636835195.html
688020,方邦股份,方邦股份:关于2022年股票期权激励计划预留授予第一个行权期行权条件成就的公告,股权激励进展公告,2024-06-25,https://data.eastmoney.com/notices/detail/688020/AN202406241636835191.html
601666,平煤股份,平煤股份:平煤股份关于开展“提质增效重回报”行动的公告,其他,2024-06-25,https://data.eastmoney.com/notices/detail/601666/AN202406241636835142.html
601138,工业富联,工业富联:富士康工业互联网股份有限公司2023年年度股东大会决议公告,分配方案决议公告,2024-06-25,https://data.eastmoney.com/notices/detail/601138/AN202406241636835107.html
601138,工业富联,工业富联:工业富联2023年年度股东大会法律意见书,法律意见书,2024-06-25,https://data.eastmoney.com/notices/detail/601138/AN202406241636835106.html
603327,福蓉科技,福蓉科技:关于2024年度“提质增效重回报”行动方案的公告,其他,2024-06-25,https://data.eastmoney.com/notices/detail/603327/AN202406241636835076.html
603387,基蛋生物,基蛋生物:公证天业会计师事务所(特殊普通合伙)关于基蛋生物科技股份有限公司2023年年度报告的信息披露监管工作函的回复,会计师事务所问询函回复公告,2024-06-25,https://data.eastmoney.com/notices/detail/603387/AN202406241636835055.html
603387,基蛋生物,基蛋生物:关于上海证券交易所对公司2023年年度报告的信息披露监管工作函的回复公告,其他,2024-06-25,https://data.eastmoney.com/notices/detail/603387/AN202406241636835056.html
000712,锦龙股份,锦龙股份:第十届董事会第一次会议决议公告,高管人员任职变动,2024-06-25,https://data.eastmoney.com/notices/detail/000712/AN202406241636835039.html
000712,锦龙股份,锦龙股份:2023年度股东大会决议公告,分配方案决议公告,2024-06-25,https://data.eastmoney.com/notices/detail/000712/AN202406241636835038.html
000712,锦龙股份,锦龙股份:第十届监事会第一次会议决议公告,高管人员任职变动,2024-06-25,https://data.eastmoney.com/notices/detail/000712/AN202406241636835037.html
600810,神马股份,神马股份:平顶山神马工程塑料有限责任公司净资产专项审计报告2024年1-4月,保荐/核查意见,2024-06-25,https://data.eastmoney.com/notices/detail/600810/AN202406241636835025.html
600810,神马股份,神马股份:神马股份关于使用外汇支付募投项目境外采购所需资金并以募集资金等额置换的公告,募集资金使用情况报告,2024-06-25,https://data.eastmoney.com/notices/detail/600810/AN202406241636835027.html
600810,神马股份,神马股份:河南神马尼龙化工有限责任公司拟收购股权所涉及的平顶山神马工程塑料有限责任公司股东全部权益价值资产评估报告,其他,2024-06-25,https://data.eastmoney.com/notices/detail/600810/AN202406241636835024.html
600810,神马股份,神马股份:神马股份十一届三十八次董事会决议公告,董事会决议公告,2024-06-25,https://data.eastmoney.com/notices/detail/600810/AN202406241636835021.html
600810,神马股份,神马股份:神马股份十一届十四次监事会决议公告,监事会决议公告,2024-06-25,https://data.eastmoney.com/notices/detail/600810/AN202406241636835022.html
600810,神马股份,神马股份:神马股份关于控股子公司河南神马尼龙化工有限责任公司收购平顶山神马工程塑料有限责任公司100%股权并进行吸收合并的公告,其他,2024-06-25,https://data.eastmoney.com/notices/detail/600810/AN202406241636835023.html
600277,ST亿利,ST亿利:关于控股股东股份被司法轮候冻结的公告,股份质押、冻结,2024-06-25,https://data.eastmoney.com/notices/detail/600277/AN202406241636834998.html
601238,广汽集团,广汽集团:广汽集团关于“提质增效重回报”行动方案的公告,其他,2024-06-25,https://data.eastmoney.com/notices/detail/601238/AN202406241636834803.html
688387,信科移动,信科移动:关于董事会、监事会换届完成并聘任高级管理人员和证券事务代表的公告,高管人员任职变动,2024-06-25,https://data.eastmoney.com/notices/detail/688387/AN202406241636834806.html
688387,信科移动,信科移动:关于第二届高级管理人员薪酬方案的公告,其他,2024-06-25,https://data.eastmoney.com/notices/detail/688387/AN202406241636834807.html
688387,信科移动,信科移动:2024年第一次临时股东大会决议公告,股东大会决议公告,2024-06-25,https://data.eastmoney.com/notices/detail/688387/AN202406241636834809.html
688387,信科移动,信科移动:第二届监事会第一次会议决议公告,高管人员任职变动,2024-06-25,https://data.eastmoney.com/notices/detail/688387/AN202406241636834810.html
688387,信科移动,信科移动:北京市中伦律师事务所关于信科移动2024年第一次临时股东大会的法律意见书,法律意见书,2024-06-25,https://data.eastmoney.com/notices/detail/688387/AN202406241636834808.html
000712,锦龙股份,锦龙股份:2023年度股东大会之法律意见书,法律意见书,2024-06-25,https://data.eastmoney.com/notices/detail/000712/AN202406241636834791.html
600031,三一重工,三一重工:三一重工股份有限公司关于调整2022年限制性股票激励计划回购价格的公告,股权激励行权价（数量）调整,2024-06-25,https://data.eastmoney.com/notices/detail/600031/AN202406241636834780.html
600031,三一重工,三一重工:湖南启元律师事务所关于三一重工股份有限公司调整2022年限制性股票激励计划回购价格相关事项的法律意见书,法律意见书,2024-06-25,https://data.eastmoney.com/notices/detail/600031/AN202406241636834776.html
600499,科达制造,科达制造:科达制造股份有限公司关于股东拍卖股份完成过户登记的公告,其他,2024-06-25,https://data.eastmoney.com/notices/detail/600499/AN202406241636834724.html
601279,英利汽车,英利汽车:长春英利汽车工业股份有限公司关于职工代表监事换届选举的公告,高管人员任职变动,2024-06-25,https://data.eastmoney.com/notices/detail/601279/AN202406241636834733.html
601279,英利汽车,英利汽车:长春英利汽车工业股份有限公司关于召开2024年第二次临时股东大会的通知,召开股东大会通知,2024-06-25,https://data.eastmoney.com/notices/detail/601279/AN202406241636834732.html
601279,英利汽车,英利汽车:独立董事提名人声明与承诺(周立),独立董事提名人声明,2024-06-25,https://data.eastmoney.com/notices/detail/601279/AN202406241636834725.html
601279,英利汽车,英利汽车:长春英利汽车工业股份有限公司第四届董事会第二十五次会议决议公告,高管人员任职变动,2024-06-25,https://data.eastmoney.com/notices/detail/601279/AN202406241636834728.html
601279,英利汽车,英利汽车:独立董事候选人声明与承诺(刘志东),独立董事候选人声明,2024-06-25,https://data.eastmoney.com/notices/detail/601279/AN202406241636834736.html
601279,英利汽车,英利汽车:长春英利汽车工业股份有限公司关于董事会、监事会换届选举的公告,高管人员任职变动,2024-06-25,https://data.eastmoney.com/notices/detail/601279/AN202406241636834731.html
601279,英利汽车,英利汽车:独立董事候选人声明与承诺(宋健),独立董事候选人声明,2024-06-25,https://data.eastmoney.com/notices/detail/601279/AN202406241636834734.html
601279,英利汽车,英利汽车:独立董事提名人声明与承诺(宋健),独立董事提名人声明,2024-06-25,https://data.eastmoney.com/notices/detail/601279/AN202406241636834723.html
601279,英利汽车,英利汽车:独立董事提名人声明与承诺(刘志东),独立董事提名人声明,2024-06-25,https://data.eastmoney.com/notices/detail/601279/AN202406241636834729.html
600761,安徽合力,安徽合力:安徽合力股份有限公司关于实施“合力转债”赎回暨摘牌的第四次提示性公告,其他,2024-06-25,https://data.eastmoney.com/notices/detail/600761/AN202406241636834735.html
601279,英利汽车,英利汽车:长春英利汽车工业股份有限公司关于为全资及控股子公司申请综合授信提供担保的公告,提供/对外担保公告,2024-06-25,https://data.eastmoney.com/notices/detail/601279/AN202406241636834727.html
601279,英利汽车,英利汽车:独立董事候选人声明与承诺(周立),独立董事候选人声明,2024-06-25,https://data.eastmoney.com/notices/detail/601279/AN202406241636834726.html
601279,英利汽车,英利汽车:长春英利汽车工业股份有限公司第二届监事会第二十四次会议决议公告,高管人员任职变动,2024-06-25,https://data.eastmoney.com/notices/detail/601279/AN202406241636834730.html
002861,瀛通通讯,瀛通通讯:可转换公司债券2024年付息公告,其他,2024-06-25,https://data.eastmoney.com/notices/detail/002861/AN202406241636834709.html
603657,春光科技,春光科技:天健会计师事务所(特殊普通合伙)关于春光科技2023年年度报告信息披露监管工作函的专项说明,专项说明/独立意见,2024-06-25,https://data.eastmoney.com/notices/detail/603657/AN202406241636834701.html
603657,春光科技,春光科技:春光科技独立董事对上海证券交易所《关于金华春光橡塑科技股份有限公司2023年年度报告的信息披露监管工作函》相关事项的独立意见,专项说明/独立意见,2024-06-25,https://data.eastmoney.com/notices/detail/603657/AN202406241636834703.html
603657,春光科技,春光科技:春光科技关于回复上海证券交易所《2023年年度报告信息披露监管工作函》的公告,其他,2024-06-25,https://data.eastmoney.com/notices/detail/603657/AN202406241636834702.html
603358,华达科技,华达科技:华达汽车科技股份有限公司2024年第三次临时股东大会决议公告,分配方案决议公告,2024-06-25,https://data.eastmoney.com/notices/detail/603358/AN202406241636834642.html
603358,华达科技,华达科技:北京市金杜律师事务所上海分所关于华达汽车科技股份有限公司2024年第三次临时股东大会之法律意见书,法律意见书,2024-06-25,https://data.eastmoney.com/notices/detail/603358/AN202406241636834643.html
600567,山鹰国际,山鹰国际:关于“山鹰转债”和“鹰19转债”评级调整的公告,其他,2024-06-25,https://data.eastmoney.com/notices/detail/600567/AN202406241636834612.html
600567,山鹰国际,山鹰国际:山鹰国际控股股份公司公开发行可转换公司债券2024年跟踪评级报告,其他,2024-06-25,https://data.eastmoney.com/notices/detail/600567/AN202406241636834613.html
601882,海天精工,海天精工:宁波海天精工股份有限公司关于2024年度“提质增效重回报”行动方案的公告,其他,2024-06-25,https://data.eastmoney.com/notices/detail/601882/AN202406241636834591.html
603938,三孚股份,三孚股份:关于2024年度“提质增效重回报”行动方案的公告,其他,2024-06-25,https://data.eastmoney.com/notices/detail/603938/AN202406241636834590.html
002718,友邦吊顶,友邦吊顶:关于实际控制人所持部分股份质押的公告,股份质押、冻结,2024-06-25,https://data.eastmoney.com/notices/detail/002718/AN202406241636834551.html
000002,万科A,万科A:关于控股子公司为公司从银行获得的贷款提供担保的公告,提供/对外担保公告,2024-06-25,https://data.eastmoney.com/notices/detail/000002/AN202406241636834502.html
600567,山鹰国际,山鹰国际:关于提供担保的进展公告,提供/对外担保公告,2024-06-25,https://data.eastmoney.com/notices/detail/600567/AN202406241636834533.html
600567,山鹰国际,山鹰国际:关于获得政府补助的公告,获得补贴（资助）,2024-06-25,https://data.eastmoney.com/notices/detail/600567/AN202406241636834534.html
000966,长源电力,长源电力:关于所属子公司长源电力汉川公司粉煤灰粗灰磨细及储存输送系统EPC项目关联交易的进展公告,关联交易,2024-06-25,https://data.eastmoney.com/notices/detail/000966/AN202406241636834501.html
605337,李子园,李子园:浙江李子园食品股份有限公司关于2024年度“提质增效重回报”行动方案的公告,其他,2024-06-25,https://data.eastmoney.com/notices/detail/605337/AN202406241636834500.html
600112,*ST天成,*ST天成:2023年年度股东大会决议公告,分配方案决议公告,2024-06-25,https://data.eastmoney.com/notices/detail/600112/AN202406241636834475.html
600112,*ST天成,*ST天成:股票交易异常波动暨风险提示公告,股票交易异常波动,2024-06-25,https://data.eastmoney.com/notices/detail/600112/AN202406241636834471.html
600112,*ST天成,*ST天成:2023年年度股东大会的法律意见书,法律意见书,2024-06-25,https://data.eastmoney.com/notices/detail/600112/AN202406241636834474.html
600112,*ST天成,*ST天成:关于公司股票可能存在因股价低于1元而终止上市的风险提示公告,终止上市风险提示,2024-06-25,https://data.eastmoney.com/notices/detail/600112/AN202406241636834473.html
600112,*ST天成,*ST天成:广西铁路发展投资基金(有限合伙)关于股价异常波动问询的回函,股票交易异常波动,2024-06-25,https://data.eastmoney.com/notices/detail/600112/AN202406241636834472.html
601900,南方传媒,南方传媒:广东胜伦律师事务所关于南方出版传媒股份有限公司2023年度利润分配方案涉及差异化权益分派事项的法律意见书,法律意见书,2024-06-25,https://data.eastmoney.com/notices/detail/601900/AN202406241636834465.html
601900,南方传媒,南方传媒:南方传媒2023年年度权益分派实施公告,分配方案实施,2024-06-25,https://data.eastmoney.com/notices/detail/601900/AN202406241636834466.html
300173,ST福能,福能东方:关于签署《股权收购意向书》的公告,收购出售资产/股权,2024-06-25,https://data.eastmoney.com/notices/detail/300173/AN202406241636834451.html
001227,兰州银行,兰州银行:兰州银行股份有限公司关于2024年二级资本债券(第一期)发行完毕的公告,其他,2024-06-25,https://data.eastmoney.com/notices/detail/001227/AN202406241636834436.html
603233,大参林,大参林:大参林医药集团股份有限公司关于2024年度“提质增效重回报”行动方案的提示性公告,其他,2024-06-25,https://data.eastmoney.com/notices/detail/603233/AN202406241636834435.html
603518,锦泓集团,锦泓集团:锦泓时装集团股份有限公司主体及“维格转债”2024年度跟踪评级报告,其他,2024-06-25,https://data.eastmoney.com/notices/detail/603518/AN202406241636834429.html
603518,锦泓集团,锦泓集团:锦泓时装集团股份有限公司关于“维格转债”2024年跟踪评级结果的公告,其他,2024-06-25,https://data.eastmoney.com/notices/detail/603518/AN202406241636834428.html
000961,ST中南,ST中南:关于收到股票终止上市决定的公告,终止上市,2024-06-25,https://data.eastmoney.com/notices/detail/000961/AN202406241636834414.html
688516,奥特维,奥特维:无锡奥特维科技股份有限公司关于回购注销2023年限制性股票激励计划部分股票减少注册资本暨通知债权人的公告,公司注册资本变更,2024-06-25,https://data.eastmoney.com/notices/detail/688516/AN202406241636834391.html
688516,奥特维,奥特维:无锡奥特维科技股份有限公司关于调整2023年限制性股票激励计划回购数量及价格的公告,股权激励行权价（数量）调整,2024-06-25,https://data.eastmoney.com/notices/detail/688516/AN202406241636834392.html
605336,*ST帅电,帅丰电器:浙江帅丰电器股份有限公司2023年年度股东大会决议公告,分配方案决议公告,2024-06-25,https://data.eastmoney.com/notices/detail/605336/AN202406241636834389.html
605336,*ST帅电,帅丰电器:国浩律师(杭州)事务所关于浙江帅丰电器股份有限公司2023年年度股东大会法律意见书,法律意见书,2024-06-25,https://data.eastmoney.com/notices/detail/605336/AN202406241636834390.html
603399,永杉锂业,吉翔股份:北京市海勤律师事务所关于吉翔股份实施部分股权激励限制性股票回购注销的法律意见,法律意见书,2024-06-25,https://data.eastmoney.com/notices/detail/603399/AN202406241636834254.html
603399,永杉锂业,吉翔股份:吉翔股份关于部分股权激励限制性股票回购注销实施的公告,回购实施公告,2024-06-25,https://data.eastmoney.com/notices/detail/603399/AN202406241636834255.html
688516,奥特维,奥特维:无锡奥特维科技股份有限公司第三届监事会第四十八次会议决议公告,监事会决议公告,2024-06-25,https://data.eastmoney.com/notices/detail/688516/AN202406241636834237.html
688516,奥特维,奥特维:关于无锡奥特维科技股份有限公司2023年限制性股票激励计划调整回购数量及价格、回购注销部分限制性股票相关事项之法律意见书,法律意见书,2024-06-25,https://data.eastmoney.com/notices/detail/688516/AN202406241636834239.html
688516,奥特维,奥特维:无锡奥特维科技股份有限公司关于回购注销2023年限制性股票激励计划部分限制性股票的公告,回购进展情况,2024-06-25,https://data.eastmoney.com/notices/detail/688516/AN202406241636834238.html
688516,奥特维,奥特维:无锡奥特维科技股份有限公司第三届董事会第五十四次会议决议公告,董事会决议公告,2024-06-25,https://data.eastmoney.com/notices/detail/688516/AN202406241636834236.html
600706,曲江文旅,曲江文旅:西安曲江文化旅游股份有限公司关于控股股东部分股份冻结公告,股份质押、冻结,2024-06-25,https://data.eastmoney.com/notices/detail/600706/AN202406241636834226.html
002819,东方中科,东方中科:2023年年度分红派息实施公告,分配方案实施,2024-06-25,https://data.eastmoney.com/notices/detail/002819/AN202406241636834208.html
002651,利君股份,利君股份:第六届董事会独立董事专门会议2024年第一次会议审核意见,专项说明/独立意见,2024-06-25,https://data.eastmoney.com/notices/detail/002651/AN202406241636834217.html
002651,利君股份,利君股份:关于成都利君实业股份有限公司2024年第三次临时股东大会的法律意见书,法律意见书,2024-06-25,https://data.eastmoney.com/notices/detail/002651/AN202406241636834216.html
002651,利君股份,利君股份:第六届监事会第01次会议决议公告,高管人员任职变动,2024-06-25,https://data.eastmoney.com/notices/detail/002651/AN202406241636834215.html
002651,利君股份,利君股份:2024年第三次临时股东大会决议公告,股东大会决议公告,2024-06-25,https://data.eastmoney.com/notices/detail/002651/AN202406241636834214.html
002651,利君股份,利君股份:第六届董事会第01次会议决议公告,高管人员任职变动,2024-06-25,https://data.eastmoney.com/notices/detail/002651/AN202406241636834213.html
002471,中超控股,中超控股:关于控股孙公司获得国家技术发明二等奖的公告,其他,2024-06-25,https://data.eastmoney.com/notices/detail/002471/AN202406241636834225.html
002445,中南文化,中南文化:第六届监事会第八次会议决议公告,监事会决议公告,2024-06-25,https://data.eastmoney.com/notices/detail/002445/AN202406241636834211.html
002445,中南文化,中南文化:关于召开2024年第二次临时股东大会的通知,召开股东大会通知,2024-06-25,https://data.eastmoney.com/notices/detail/002445/AN202406241636834212.html
002445,中南文化,中南文化:关于回购公司股份方案的公告,回购预案,2024-06-25,https://data.eastmoney.com/notices/detail/002445/AN202406241636834210.html
002445,中南文化,中南文化:第六届董事会第九次会议决议公告,董事会决议公告,2024-06-25,https://data.eastmoney.com/notices/detail/002445/AN202406241636834209.html
001308,康冠科技,康冠科技:关于控股股东、实际控制人、董事长增持公司股份计划的公告,股东/实际控制人股份增持,2024-06-25,https://data.eastmoney.com/notices/detail/001308/AN202406241636834207.html
002847,盐津铺子,盐津铺子:监事会关于2023年第一期限制性股票激励计划第一个解除限售期可解除限售的核查意见,专项说明/独立意见,2024-06-25,https://data.eastmoney.com/notices/detail/002847/AN202406241636834165.html
002847,盐津铺子,盐津铺子:董事会薪酬与考核委员会关于2023年第一期限制性股票激励计划第一个解除限售期解除限售条件成就的核查意见,专项说明/独立意见,2024-06-25,https://data.eastmoney.com/notices/detail/002847/AN202406241636834163.html
002847,盐津铺子,盐津铺子:湖南启元律师事务所关于公司2023年第一期限制性股票激励计划第一个解除限售期解除限售条件成就的法律意见,法律意见书,2024-06-25,https://data.eastmoney.com/notices/detail/002847/AN202406241636834164.html
002847,盐津铺子,盐津铺子:第四届监事会第九次会议决议公告,监事会决议公告,2024-06-25,https://data.eastmoney.com/notices/detail/002847/AN202406241636834166.html
002847,盐津铺子,盐津铺子:第四届董事会第十次会议决议公告,董事会决议公告,2024-06-25,https://data.eastmoney.com/notices/detail/002847/AN202406241636834162.html
002847,盐津铺子,盐津铺子:关于2023年第一期限制性股票激励计划第一个解除限售期解除限售条件成就的公告,限售股份上市流通,2024-06-25,https://data.eastmoney.com/notices/detail/002847/AN202406241636834161.html
002812,恩捷股份,恩捷股份:国浩律师(上海)事务所关于云南恩捷新材料股份有限公司2024年第五次临时股东大会法律意见书,法律意见书,2024-06-25,https://data.eastmoney.com/notices/detail/002812/AN202406241636834157.html
002812,恩捷股份,恩捷股份:关于股东部分股份补充质押的公告,股份质押、冻结,2024-06-25,https://data.eastmoney.com/notices/detail/002812/AN202406241636834156.html
002812,恩捷股份,恩捷股份:关于2024年第五次临时股东大会决议的公告,股东大会决议公告,2024-06-25,https://data.eastmoney.com/notices/detail/002812/AN202406241636834155.html
002812,恩捷股份,恩捷股份:关于回购注销部分限制性股票的减资暨通知债权人的公告,通知债权人公告,2024-06-25,https://data.eastmoney.com/notices/detail/002812/AN202406241636834154.html
000609,*ST中迪,*ST中迪:中迪投资关于公司股票交易严重异常波动的公告,股票交易异常波动,2024-06-25,https://data.eastmoney.com/notices/detail/000609/AN202406241636834153.html
601019,山东出版,山东出版:山东出版关于开展“提质增效重回报”专项行动的公告,其他,2024-06-25,https://data.eastmoney.com/notices/detail/601019/AN202406241636834117.html
600103,青山纸业,青山纸业:关于注销部分回购股份并减少注册资本通知债权人的公告,公司注册资本变更,2024-06-25,https://data.eastmoney.com/notices/detail/600103/AN202406241636834119.html
600103,青山纸业,青山纸业:福建至理律师事务所关于福建省青山纸业股份有限公司2024年第二次临时股东大会的法律意见书,法律意见书,2024-06-25,https://data.eastmoney.com/notices/detail/600103/AN202406241636834120.html
600103,青山纸业,青山纸业:十届十六次董事会决议公告,高管人员任职变动,2024-06-25,https://data.eastmoney.com/notices/detail/600103/AN202406241636834121.html
600103,青山纸业,青山纸业:2024年第二次临时股东大会决议公告,股东大会决议公告,2024-06-25,https://data.eastmoney.com/notices/detail/600103/AN202406241636834118.html
688004,博汇科技,博汇科技:博汇科技关于2024年度“提质增效重回报”行动方案的公告,其他,2024-06-25,https://data.eastmoney.com/notices/detail/688004/AN202406241636834116.html
000665,湖北广电,湖北广电:关于湖广转债到期兑付暨摘牌的公告,其他,2024-06-25,https://data.eastmoney.com/notices/detail/000665/AN202406241636834115.html
600503,华丽家族,华丽家族:华丽家族股份有限公司2024年第一次临时股东大会决议公告,股东大会决议公告,2024-06-25,https://data.eastmoney.com/notices/detail/600503/AN202406241636834110.html
603489,八方股份,八方股份:关于调整2023年度利润分配方案现金分红总额及资本公积转增股本总额的公告,分配方案调整,2024-06-25,https://data.eastmoney.com/notices/detail/603489/AN202406241636834108.html
600503,华丽家族,华丽家族:北京市金杜律师事务所关于华丽家族股份有限公司2024年第一次临时股东大会之法律意见书,法律意见书,2024-06-25,https://data.eastmoney.com/notices/detail/600503/AN202406241636834109.html
600503,华丽家族,华丽家族:华丽家族股份有限公司第七届董事会第三十一次会议决议公告,高管人员任职变动,2024-06-25,https://data.eastmoney.com/notices/detail/600503/AN202406241636834111.html
688238,和元生物,和元生物:2023年年度报告的信息披露监管问询函的回复公告,回复问询函公告,2024-06-25,https://data.eastmoney.com/notices/detail/688238/AN202406241636834087.html
688238,和元生物,和元生物:2023年年度报告(更新版),年度报告全文,2024-06-25,https://data.eastmoney.com/notices/detail/688238/AN202406241636834085.html
688238,和元生物,和元生物:海通证券股份有限公司关于和元生物技术(上海)股份有限公司2023年年度报告的信息披露监管问询函的核查意见,保荐/核查意见,2024-06-25,https://data.eastmoney.com/notices/detail/688238/AN202406241636834088.html
688238,和元生物,和元生物:问询函专项说明,专项说明/独立意见,2024-06-25,https://data.eastmoney.com/notices/detail/688238/AN202406241636834086.html
600626,申达股份,申达股份:申达股份2023年年度股东大会决议公告,分配方案决议公告,2024-06-25,https://data.eastmoney.com/notices/detail/600626/AN202406241636834012.html
600626,申达股份,申达股份:国浩律师(上海)事务所关于上海申达股份有限公司2023年年度股东大会的法律意见书,法律意见书,2024-06-25,https://data.eastmoney.com/notices/detail/600626/AN202406241636834013.html
600696,退市岩石,岩石股份:上海贵酒股份有限公司关于上海证监局监管问询函的专项自查报告,自查报告,2024-06-25,https://data.eastmoney.com/notices/detail/600696/AN202406241636833962.html
600696,退市岩石,岩石股份:第十届董事会第十二次会议决议公告,董事会决议公告,2024-06-25,https://data.eastmoney.com/notices/detail/600696/AN202406241636833963.html
601033,永兴股份,永兴股份:永兴股份关于召开2024年第二次临时股东大会的通知,召开股东大会通知,2024-06-25,https://data.eastmoney.com/notices/detail/601033/AN202406241636833916.html
601033,永兴股份,永兴股份:永兴股份关联交易决策制度,管理办法/制度,2024-06-25,https://data.eastmoney.com/notices/detail/601033/AN202406241636833921.html
601033,永兴股份,永兴股份:永兴股份董事会秘书工作细则,议事规则/实施细则,2024-06-25,https://data.eastmoney.com/notices/detail/601033/AN202406241636833913.html
601033,永兴股份,永兴股份:永兴股份股东大会议事规则,议事规则/实施细则,2024-06-25,https://data.eastmoney.com/notices/detail/601033/AN202406241636833910.html
601033,永兴股份,永兴股份:永兴股份关于变更注册资本、公司类型及修订《公司章程》并办理工商变更登记的公告,公司注册资本变更,2024-06-25,https://data.eastmoney.com/notices/detail/601033/AN202406241636833922.html
601033,永兴股份,永兴股份:永兴股份董事会审计委员会实施细则,议事规则/实施细则,2024-06-25,https://data.eastmoney.com/notices/detail/601033/AN202406241636833924.html
601033,永兴股份,永兴股份:永兴股份投资者关系工作管理制度,管理办法/制度,2024-06-25,https://data.eastmoney.com/notices/detail/601033/AN202406241636833923.html
601033,永兴股份,永兴股份:永兴股份董事会战略委员会实施细则,议事规则/实施细则,2024-06-25,https://data.eastmoney.com/notices/detail/601033/AN202406241636833918.html
601033,永兴股份,永兴股份:永兴股份信息披露事务管理制度,管理办法/制度,2024-06-25,https://data.eastmoney.com/notices/detail/601033/AN202406241636833903.html
601033,永兴股份,永兴股份:永兴股份董事会提名委员会实施细则,议事规则/实施细则,2024-06-25,https://data.eastmoney.com/notices/detail/601033/AN202406241636833911.html
601033,永兴股份,永兴股份:永兴股份内幕信息知情人管理制度,管理办法/制度,2024-06-25,https://data.eastmoney.com/notices/detail/601033/AN202406241636833919.html
601033,永兴股份,永兴股份:永兴股份监事会议事规则,议事规则/实施细则,2024-06-25,https://data.eastmoney.com/notices/detail/601033/AN202406241636833906.html
601033,永兴股份,永兴股份:永兴股份募集资金管理制度,管理办法/制度,2024-06-25,https://data.eastmoney.com/notices/detail/601033/AN202406241636833920.html
601033,永兴股份,永兴股份:永兴股份董事会议事规则,议事规则/实施细则,2024-06-25,https://data.eastmoney.com/notices/detail/601033/AN202406241636833905.html
601033,永兴股份,永兴股份:永兴股份累积投票制实施细则,议事规则/实施细则,2024-06-25,https://data.eastmoney.com/notices/detail/601033/AN202406241636833917.html
601033,永兴股份,永兴股份:永兴股份重大信息内部报告制度,管理办法/制度,2024-06-25,https://data.eastmoney.com/notices/detail/601033/AN202406241636833909.html
601033,永兴股份,永兴股份:永兴股份第一届董事会第二十一次会议决议公告,董事会决议公告,2024-06-25,https://data.eastmoney.com/notices/detail/601033/AN202406241636833914.html
601033,永兴股份,永兴股份:永兴股份独立董事工作制度,管理办法/制度,2024-06-25,https://data.eastmoney.com/notices/detail/601033/AN202406241636833915.html
601033,永兴股份,永兴股份:永兴股份第一届监事会第十七次会议决议公告,监事会决议公告,2024-06-25,https://data.eastmoney.com/notices/detail/601033/AN202406241636833912.html
601033,永兴股份,永兴股份:永兴股份股东大会网络投票实施细则,议事规则/实施细则,2024-06-25,https://data.eastmoney.com/notices/detail/601033/AN202406241636833908.html
601033,永兴股份,永兴股份:永兴股份董事会薪酬和考核委员会实施细则,议事规则/实施细则,2024-06-25,https://data.eastmoney.com/notices/detail/601033/AN202406241636833904.html
601033,永兴股份,永兴股份:永兴股份公司章程,公司章程,2024-06-25,https://data.eastmoney.com/notices/detail/601033/AN202406241636833907.html
603116,红蜻蜓,红蜻蜓:北京植德律师事务所关于红蜻蜓差异化分红事项之法律意见书,法律意见书,2024-06-25,https://data.eastmoney.com/notices/detail/603116/AN202406241636833891.html
603116,红蜻蜓,红蜻蜓:2023年年度权益分派实施公告,分配方案实施,2024-06-25,https://data.eastmoney.com/notices/detail/603116/AN202406241636833892.html
688611,杭州柯林,杭州柯林:杭州柯林电气股份有限公司关于签订日常经营重大合同的公告,重大合同,2024-06-25,https://data.eastmoney.com/notices/detail/688611/AN202406241636833842.html
002230,科大讯飞,科大讯飞:关于获得国家科学技术进步一等奖的公告,获得认证,2024-06-25,https://data.eastmoney.com/notices/detail/002230/AN202406241636833820.html
002230,科大讯飞,科大讯飞:关于讯飞星火大模型升级发布会的提示性公告,其他,2024-06-25,https://data.eastmoney.com/notices/detail/002230/AN202406241636833819.html
603730,岱美股份,岱美股份:上海岱美汽车内饰件股份有限公司2024年度“提质增效重回报”行动方案,其他,2024-06-25,https://data.eastmoney.com/notices/detail/603730/AN202406241636833791.html
600446,金证股份,金证股份:金证股份关于2024年度“提质增效重回报”行动方案的公告,其他,2024-06-25,https://data.eastmoney.com/notices/detail/600446/AN202406241636833773.html
600929,雪天盐业,雪天盐业:湖南湘军麓和律师事务所关于雪天盐业集团股份有限公司2023年年度股东大会的法律意见书,法律意见书,2024-06-25,https://data.eastmoney.com/notices/detail/600929/AN202406241636833645.html
600929,雪天盐业,雪天盐业:2023年年度股东大会决议公告,分配方案决议公告,2024-06-25,https://data.eastmoney.com/notices/detail/600929/AN202406241636833644.html
002262,恩华药业,恩华药业:关于召开2024年第一次临时股东大会的提示性公告,召开股东大会提示性公告,2024-06-25,https://data.eastmoney.com/notices/detail/002262/AN202406241636833759.html
603977,国泰集团,国泰集团:江西国泰集团股份有限公司2023年年度权益分派实施公告,分配方案实施,2024-06-25,https://data.eastmoney.com/notices/detail/603977/AN202406241636833606.html
600060,海信视像,海信视像:海信视像关于股份回购实施结果暨股份变动的公告,股本变动,2024-06-25,https://data.eastmoney.com/notices/detail/600060/AN202406241636833596.html
601118,海南橡胶,海南橡胶:关于重新签订2024年橡胶保险项目相关协议的公告,签订协议,2024-06-25,https://data.eastmoney.com/notices/detail/601118/AN202406241636833573.html
601118,海南橡胶,海南橡胶:关于与海南省财金集团有限公司签订战略合作框架协议的公告,签订协议,2024-06-25,https://data.eastmoney.com/notices/detail/601118/AN202406241636833574.html
601567,三星电气,三星医疗:三星医疗第六届董事会第十五次会议决议公告,董事会决议公告,2024-06-25,https://data.eastmoney.com/notices/detail/601567/AN202406241636833548.html
603313,梦百合,梦百合:关于公司控股股东增持公司股份的进展暨增持达到1%的提示性公告,股东/实际控制人股份增持,2024-06-25,https://data.eastmoney.com/notices/detail/603313/AN202406241636833549.html
601567,三星电气,三星医疗:三星医疗关于2024年度“提质增效重回报”行动方案公告,其他,2024-06-25,https://data.eastmoney.com/notices/detail/601567/AN202406241636833550.html
603003,退市龙宇,*ST龙宇:国浩律师(上海)事务所关于上海龙宇数据股份有限公司2023年年度股东大会的法律意见书,法律意见书,2024-06-25,https://data.eastmoney.com/notices/detail/603003/AN202406241636833441.html
603003,退市龙宇,*ST龙宇:上海龙宇数据股份有限公司关于2023年年度股东大会决议的公告,分配方案决议公告,2024-06-25,https://data.eastmoney.com/notices/detail/603003/AN202406241636833440.html
603990,麦迪科技,麦迪科技:麦迪科技2024年第三次临时股东大会决议公告,股东大会决议公告,2024-06-25,https://data.eastmoney.com/notices/detail/603990/AN202406241636833430.html
603026,石大胜华,石大胜华:石大胜华2023年年度权益分派实施公告,分配方案实施,2024-06-25,https://data.eastmoney.com/notices/detail/603026/AN202406241636833429.html
603990,麦迪科技,麦迪科技:上海汉盛律师事务所关于苏州麦迪斯顿医疗科技股份有限公司2024年第三次临时股东大会的法律意见书,法律意见书,2024-06-25,https://data.eastmoney.com/notices/detail/603990/AN202406241636833431.html
603218,日月股份,日月股份:日月重工股份有限公司股权激励限制性股票回购注销实施公告,回购实施公告,2024-06-25,https://data.eastmoney.com/notices/detail/603218/AN202406241636833416.html
603381,永臻股份,永臻股份:永臻股份首次公开发行股票主板上市公告书,首发上市公告书,2024-06-25,https://data.eastmoney.com/notices/detail/603381/AN202406241636833394.html
603285,键邦股份,键邦股份:键邦股份首次公开发行股票并在主板上市发行公告,网下发行公告,2024-06-25,https://data.eastmoney.com/notices/detail/603285/AN202406241636833396.html
603381,永臻股份,永臻股份:永臻股份公司章程,公司章程,2024-06-25,https://data.eastmoney.com/notices/detail/603381/AN202406241636833399.html
603381,永臻股份,永臻股份:永臻股份首次公开发行股票主板上市公告书提示性公告,首发提示性公告,2024-06-25,https://data.eastmoney.com/notices/detail/603381/AN202406241636833397.html
603285,键邦股份,键邦股份:键邦股份首次公开发行股票并在主板上市投资风险特别公告,首发投资风险特别公告,2024-06-25,https://data.eastmoney.com/notices/detail/603285/AN202406241636833395.html
603350,安乃达,安乃达:安乃达首次公开发行股票并在主板上市网上发行申购情况及中签率公告,网上申购及中签率公告,2024-06-25,https://data.eastmoney.com/notices/detail/603350/AN202406241636833398.html
603195,公牛集团,公牛集团:公牛集团股份有限公司关于调整2024年特别人才持股计划购买价格的公告,其他,2024-06-25,https://data.eastmoney.com/notices/detail/603195/AN202406241636833386.html
603195,公牛集团,公牛集团:关于公牛集团股份有限公司2024年特别人才持股计划相关调整的法律意见书,法律意见书,2024-06-25,https://data.eastmoney.com/notices/detail/603195/AN202406241636833387.html
603195,公牛集团,公牛集团:公牛集团股份有限公司关于股份回购实施结果暨股份变动的公告,股本变动,2024-06-25,https://data.eastmoney.com/notices/detail/603195/AN202406241636833384.html
603195,公牛集团,公牛集团:公牛集团股份有限公司第三届董事会第四次会议决议公告,董事会决议公告,2024-06-25,https://data.eastmoney.com/notices/detail/603195/AN202406241636833385.html
600848,上海临港,上海临港:国浩律师(上海)事务所关于上海临港控股股份有限公司2023年年度股东大会的法律意见书,法律意见书,2024-06-25,https://data.eastmoney.com/notices/detail/600848/AN202406241636833316.html
002419,天虹股份,天虹股份:公司章程(2024年6月),公司章程,2024-06-25,https://data.eastmoney.com/notices/detail/002419/AN202406241636833352.html
002419,天虹股份,天虹股份:第六届董事会第二十三次会议决议公告,董事会决议公告,2024-06-25,https://data.eastmoney.com/notices/detail/002419/AN202406241636833351.html
002712,思美传媒,思美传媒:思美传媒股份有限公司关于相关股东收到中国证券监督管理委员会《立案告知书》的公告,其他,2024-06-25,https://data.eastmoney.com/notices/detail/002712/AN202406241636833350.html
600848,上海临港,上海临港:2023年年度股东大会决议公告,分配方案决议公告,2024-06-25,https://data.eastmoney.com/notices/detail/600848/AN202406241636833315.html
603843,*ST正平,正平股份:青海树人律师事务所关于正平路桥建设股份有限公司2023年年度股东大会之法律意见书,法律意见书,2024-06-25,https://data.eastmoney.com/notices/detail/603843/AN202406241636833340.html
603843,*ST正平,正平股份:正平股份2023年年度股东大会决议公告,分配方案决议公告,2024-06-25,https://data.eastmoney.com/notices/detail/603843/AN202406241636833339.html
603801,志邦家居,志邦家居:关于2023年限制性股票激励计划第一个解除限售期解除限售暨上市的公告,限售股份上市流通,2024-06-25,https://data.eastmoney.com/notices/detail/603801/AN202406241636833317.html
002810,山东赫达,山东赫达:山东赫达集团股份有限公司公开发行可转换公司债券2024年跟踪评级报告,其他,2024-06-25,https://data.eastmoney.com/notices/detail/002810/AN202406241636833308.html
002810,山东赫达,山东赫达:山东赫达可转换公司债券受托管理事务报告(2023年度),其他,2024-06-25,https://data.eastmoney.com/notices/detail/002810/AN202406241636833307.html
000622,恒立退,*ST恒立:关于成立全资子公司的公告,投资设立公司,2024-06-25,https://data.eastmoney.com/notices/detail/000622/AN202406241636833282.html
000622,恒立退,*ST恒立:关于公司股票交易异常波动的公告,股票交易异常波动,2024-06-25,https://data.eastmoney.com/notices/detail/000622/AN202406241636833281.html
000622,恒立退,*ST恒立:第九届董事会2024年度第一次临时会议决议公告,董事会决议公告,2024-06-25,https://data.eastmoney.com/notices/detail/000622/AN202406241636833280.html
000548,湖南投资,湖南投资:湖南崇民律师事务所关于《湖南投资集团股份有限公司收购报告书》之法律意见书,保荐/核查意见,2024-06-25,https://data.eastmoney.com/notices/detail/000548/AN202406241636833279.html
000548,湖南投资,湖南投资:湖南崇民律师事务所关于长沙市交通投资控股集团有限公司免于发出要约事宜之法律意见书,法律意见书,2024-06-25,https://data.eastmoney.com/notices/detail/000548/AN202406241636833278.html
002663,普邦股份,普邦股份:关于回购公司股份的进展公告,回购进展情况,2024-06-25,https://data.eastmoney.com/notices/detail/002663/AN202406241636833277.html
300227,光韵达,光韵达:第六届监事会第三次会议决议公告,监事会决议公告,2024-06-25,https://data.eastmoney.com/notices/detail/300227/AN202406241636833288.html
300227,光韵达,光韵达:关于召开2024年第二次临时股东大会的通知,召开股东大会通知,2024-06-25,https://data.eastmoney.com/notices/detail/300227/AN202406241636833287.html
300227,光韵达,光韵达:关于变更回购股份用途并注销的公告,回购方案修订,2024-06-25,https://data.eastmoney.com/notices/detail/300227/AN202406241636833286.html
300227,光韵达,光韵达:关于变更注册资本及修订公司《章程》的公告,公司注册资本变更,2024-06-25,https://data.eastmoney.com/notices/detail/300227/AN202406241636833285.html
300227,光韵达,光韵达:章程,公司章程,2024-06-25,https://data.eastmoney.com/notices/detail/300227/AN202406241636833284.html
300227,光韵达,光韵达:第六届董事会第四次会议决议公告,董事会决议公告,2024-06-25,https://data.eastmoney.com/notices/detail/300227/AN202406241636833283.html
300520,科大国创,科大国创:关于为下属公司提供担保的进展公告,提供/对外担保公告,2024-06-25,https://data.eastmoney.com/notices/detail/300520/AN202406241636833276.html
601012,隆基绿能,隆基绿能:关于公司以集中竞价交易方式回购股份的进展公告,回购进展情况,2024-06-25,https://data.eastmoney.com/notices/detail/601012/AN202406241636833268.html
601012,隆基绿能,隆基绿能:关于控股股东股份质押及解除质押的公告,股份质押、冻结,2024-06-25,https://data.eastmoney.com/notices/detail/601012/AN202406241636833269.html
603180,金牌家居,金牌家居:金牌家居关于实施2023年年度权益分派时“金23转债”停止转股的提示性公告,其他,2024-06-25,https://data.eastmoney.com/notices/detail/603180/AN202406241636833270.html
603707,健友股份,健友股份:健友股份关于获得政府补助的公告,获得补贴（资助）,2024-06-25,https://data.eastmoney.com/notices/detail/603707/AN202406241636833247.html
603707,健友股份,健友股份:健友股份关于实施权益分派时“健友转债”转股连续停牌的提示性公告,停牌公告,2024-06-25,https://data.eastmoney.com/notices/detail/603707/AN202406241636833246.html
600459,贵研铂业,贵研铂业:云南省贵金属新材料控股集团股份有限公司关于完成工商变更登记的公告,公司注册资本变更,2024-06-25,https://data.eastmoney.com/notices/detail/600459/AN202406241636833233.html
603601,再升科技,再升科技:再升科技关于使用部分暂时闲置自有资金进行现金管理的进展公告,投资理财,2024-06-25,https://data.eastmoney.com/notices/detail/603601/AN202406241636833214.html
603896,寿仙谷,寿仙谷:寿仙谷高质量发展研讨会暨投资者交流会召开情况,其他,2024-06-25,https://data.eastmoney.com/notices/detail/603896/AN202406241636833216.html
600671,天目药业,ST目药:杭州天目山药业股份有限公司2024年第四次临时股东大会会议资料,股东大会资料,2024-06-25,https://data.eastmoney.com/notices/detail/600671/AN202406241636833213.html
603601,再升科技,再升科技:再升科技关于公开发行可转换公司债券跟踪评级结果公告,其他,2024-06-25,https://data.eastmoney.com/notices/detail/603601/AN202406241636833215.html
603601,再升科技,再升科技:重庆再升科技股份有限公司公开发行可转换公司债券2024年跟踪评级报告,其他,2024-06-25,https://data.eastmoney.com/notices/detail/603601/AN202406241636833217.html
603311,金海高科,金海高科:金海高科2023年年度权益分派实施公告,分配方案实施,2024-06-25,https://data.eastmoney.com/notices/detail/603311/AN202406241636833201.html
605336,*ST帅电,帅丰电器:国浩律师(杭州)事务所关于浙江帅丰电器股份有限公司2021年限制性股票激励计划回购注销部分限制性股票相关事宜之法律意见书,法律意见书,2024-06-25,https://data.eastmoney.com/notices/detail/605336/AN202406241636833203.html
605336,*ST帅电,帅丰电器:国浩律师(杭州)事务所关于浙江帅丰电器股份有限公司2021年限制性股票激励计划回购注销部分限制性股票相关事宜之法律意见书,法律意见书,2024-06-25,https://data.eastmoney.com/notices/detail/605336/AN202406241636833202.html
605336,*ST帅电,帅丰电器:浙江帅丰电器股份有限公司关于股权激励限制性股票回购注销实施公告,回购实施公告,2024-06-25,https://data.eastmoney.com/notices/detail/605336/AN202406241636833204.html
300266,兴源环境,兴源环境:关于公司部分董事、高级管理人员增持公司股份计划的公告,股东/实际控制人股份增持,2024-06-25,https://data.eastmoney.com/notices/detail/300266/AN202406241636833168.html
002765,蓝黛科技,蓝黛科技:关于子公司收到客户定点意向书的公告,其他,2024-06-25,https://data.eastmoney.com/notices/detail/002765/AN202406241636833167.html
002547,*ST春兴,春兴精工:关于子公司债务人被申请破产重整的公告,其他,2024-06-25,https://data.eastmoney.com/notices/detail/002547/AN202406241636833166.html
002087,新纺退,新纺退:关于公司股票进入退市整理期交易第六次风险提示公告,实施退市风险警示,2024-06-25,https://data.eastmoney.com/notices/detail/002087/AN202406241636833165.html
000548,湖南投资,湖南投资:湖南投资集团股份有限公司收购报告书,要约收购报告书,2024-06-25,https://data.eastmoney.com/notices/detail/000548/AN202406241636833164.html
605296,神农集团,神农集团:云南神农农业产业集团股份有限公司2024年第一次临时股东大会决议公告,股东大会决议公告,2024-06-25,https://data.eastmoney.com/notices/detail/605296/AN202406241636833135.html
605296,神农集团,神农集团:云南神农农业产业集团股份有限公司2024年第二次临时股东大会通知,召开股东大会通知,2024-06-25,https://data.eastmoney.com/notices/detail/605296/AN202406241636833128.html
605296,神农集团,神农集团:北京德恒(昆明)律师事务所关于云南神农农业产业集团股份有限公司2022年限制性股票激励计划预留授予第一个解除限售期解除限售条件成就、回购注销部分限制性股票的法律意见,股权激励进展公告,2024-06-25,https://data.eastmoney.com/notices/detail/605296/AN202406241636833124.html
605296,神农集团,神农集团:云南神农农业产业集团股份有限公司关于回购注销部分限制性股票的公告,回购进展情况,2024-06-25,https://data.eastmoney.com/notices/detail/605296/AN202406241636833130.html
605296,神农集团,神农集团:云南神农农业产业集团股份有限公司关于变更注册资本、经营范围并修订《公司章程》的公告,公司经营范围变更,2024-06-25,https://data.eastmoney.com/notices/detail/605296/AN202406241636833129.html
605296,神农集团,神农集团:云南神农农业产业集团股份有限公司监事会关于2022年限制性股票激励计划首次授予第二个解除限售期解除限售条件成就的核查意见,专项说明/独立意见,2024-06-25,https://data.eastmoney.com/notices/detail/605296/AN202406241636833126.html
605296,神农集团,神农集团:云南神农农业产业集团股份有限公司公司章程,公司章程,2024-06-25,https://data.eastmoney.com/notices/detail/605296/AN202406241636833131.html
605296,神农集团,神农集团:北京德恒(昆明)律师事务所关于云南神农农业产业集团股份有限公司2024年第一次临时股东大会的法律意见,法律意见书,2024-06-25,https://data.eastmoney.com/notices/detail/605296/AN202406241636833134.html
605296,神农集团,神农集团:云南神农农业产业集团股份有限公司第四届董事会第二十次会议决议公告,董事会决议公告,2024-06-25,https://data.eastmoney.com/notices/detail/605296/AN202406241636833133.html
605296,神农集团,神农集团:云南神农农业产业集团股份有限公司关于2022年限制性股票激励计划首次授予第二个解除限售期解除限售条件成就的公告,限售股份上市流通,2024-06-25,https://data.eastmoney.com/notices/detail/605296/AN202406241636833132.html
605296,神农集团,神农集团:云南神农农业产业集团股份有限公司第四届监事会第十七次会议决议公告,监事会决议公告,2024-06-25,https://data.eastmoney.com/notices/detail/605296/AN202406241636833125.html
605296,神农集团,神农集团:上海荣正企业咨询服务(集团)股份有限公司关于云南神农农业产业集团股份有限公司2022年限制性股票激励计划首次授予部分第二个解除限售期解除限售事项之独立财务顾问报告,限售股份上市流通,2024-06-25,https://data.eastmoney.com/notices/detail/605296/AN202406241636833127.html
601636,旗滨集团,旗滨集团:2021年株洲旗滨集团股份有限公司公开发行可转换公司债券定期跟踪评级报告,其他,2024-06-25,https://data.eastmoney.com/notices/detail/601636/AN202406241636833118.html
601636,旗滨集团,旗滨集团:旗滨集团关于公开发行可转换公司债券2024年跟踪评级结果的公告,其他,2024-06-25,https://data.eastmoney.com/notices/detail/601636/AN202406241636833117.html
600221,海航控股,海航控股:第十届董事会第二十五次会议决议公告,董事会决议公告,2024-06-25,https://data.eastmoney.com/notices/detail/600221/AN202406241636832934.html
600221,海航控股,海航控股:2024年度“提质增效重回报”行动方案,其他,2024-06-25,https://data.eastmoney.com/notices/detail/600221/AN202406241636832937.html
605368,蓝天燃气,蓝天燃气:蓝天燃气关于“蓝天转债”跟踪信用评级结果的公告,其他,2024-06-25,https://data.eastmoney.com/notices/detail/605368/AN202406241636833094.html
605368,蓝天燃气,蓝天燃气:2023年河南蓝天燃气股份有限公司向不特定对象发行可转换公司债券2024年跟踪评级报告,其他,2024-06-25,https://data.eastmoney.com/notices/detail/605368/AN202406241636833095.html
000663,永安林业,永安林业:关于收到《民事裁定书》暨重大诉讼进展公告,诉讼仲裁,2024-06-25,https://data.eastmoney.com/notices/detail/000663/AN202406241636833064.html
001323,慕思股份,慕思股份:关于实际控制人部分股份质押的公告,股份质押、冻结,2024-06-25,https://data.eastmoney.com/notices/detail/001323/AN202406241636832954.html
002431,ST棕榈,棕榈股份:棕榈股份2024年第一次临时股东大会法律意见书,法律意见书,2024-06-25,https://data.eastmoney.com/notices/detail/002431/AN202406241636833058.html
002528,*ST英飞,ST英飞拓:关于公司银行账户部分资金被冻结的公告,其他,2024-06-25,https://data.eastmoney.com/notices/detail/002528/AN202406241636832955.html
002431,ST棕榈,棕榈股份:2024年第一次临时股东大会决议公告,股东大会决议公告,2024-06-25,https://data.eastmoney.com/notices/detail/002431/AN202406241636833057.html
002701,奥瑞金,奥瑞金:关于2024年第二次临时股东大会决议的公告,股东大会决议公告,2024-06-25,https://data.eastmoney.com/notices/detail/002701/AN202406241636833059.html
002557,洽洽食品,洽洽食品:洽洽食品股份有限公司关于回购股份事项前十名股东及前十名无限售条件股东持股情况的公告,其他,2024-06-25,https://data.eastmoney.com/notices/detail/002557/AN202406241636832956.html
002765,蓝黛科技,蓝黛科技:关于已授予但尚未解除限售的限制性股票回购注销完成的公告,限售股份上市流通,2024-06-25,https://data.eastmoney.com/notices/detail/002765/AN202406241636833061.html
000962,东方钽业,东方钽业:关于注销部分募集资金专项账户的公告,募集资金使用情况报告,2024-06-25,https://data.eastmoney.com/notices/detail/000962/AN202406241636833063.html
002701,奥瑞金,奥瑞金:北京市金杜律师事务所关于奥瑞金科技股份有限公司2024年第二次临时股东大会之法律意见书,法律意见书,2024-06-25,https://data.eastmoney.com/notices/detail/002701/AN202406241636833060.html
000962,东方钽业,东方钽业:关于公司安全总监辞职的公告,高管人员任职变动,2024-06-25,https://data.eastmoney.com/notices/detail/000962/AN202406241636833062.html
600269,赣粤高速,赣粤高速:上海市锦天城律师事务所关于江西赣粤高速公路股份有限公司2024年第一次临时股东大会的法律意见书,法律意见书,2024-06-25,https://data.eastmoney.com/notices/detail/600269/AN202406241636832947.html
600269,赣粤高速,赣粤高速:赣粤高速第九届董事会第一次会议决议公告,高管人员任职变动,2024-06-25,https://data.eastmoney.com/notices/detail/600269/AN202406241636832949.html
600269,赣粤高速,赣粤高速:赣粤高速第九届监事会第一次会议决议公告,高管人员任职变动,2024-06-25,https://data.eastmoney.com/notices/detail/600269/AN202406241636832948.html
600269,赣粤高速,赣粤高速:赣粤高速2024年第一次临时股东大会决议公告,股东大会决议公告,2024-06-25,https://data.eastmoney.com/notices/detail/600269/AN202406241636832946.html
603239,浙江仙通,浙江仙通:浙江仙通-2024年第一次临时股东大会的法律意见书,法律意见书,2024-06-25,https://data.eastmoney.com/notices/detail/603239/AN202406241636832943.html
688625,呈和科技,呈和科技:中信证券股份有限公司关于呈和科技股份有限公司差异化分红事项的核查意见,保荐/核查意见,2024-06-25,https://data.eastmoney.com/notices/detail/688625/AN202406241636832938.html
688625,呈和科技,呈和科技:2023年年度权益分派实施公告,分配方案实施,2024-06-25,https://data.eastmoney.com/notices/detail/688625/AN202406241636832939.html
600298,安琪酵母,安琪酵母:安琪酵母股份有限公司关于2024年度“提质增效重回报”行动方案的提示性公告,其他,2024-06-25,https://data.eastmoney.com/notices/detail/600298/AN202406241636832936.html
603239,浙江仙通,浙江仙通:浙江仙通-2024年第一次临时股东大会决议公告,股东大会决议公告,2024-06-25,https://data.eastmoney.com/notices/detail/603239/AN202406241636832935.html
600812,华北制药,华北制药:关于公司下属子公司收到政府补助的公告,其他,2024-06-25,https://data.eastmoney.com/notices/detail/600812/AN202406241636832927.html
603900,莱绅通灵,莱绅通灵:莱绅通灵控股股东关于股票交易异常波动询证函的回函,股票交易异常波动,2024-06-25,https://data.eastmoney.com/notices/detail/603900/AN202406241636832902.html
688082,盛美上海,盛美上海:关于调整2023年度利润分配方案每股分红金额的公告,分配方案调整,2024-06-25,https://data.eastmoney.com/notices/detail/688082/AN202406241636832903.html
603900,莱绅通灵,莱绅通灵:莱绅通灵关于股票交易异常波动的公告,股票交易异常波动,2024-06-25,https://data.eastmoney.com/notices/detail/603900/AN202406241636832889.html
300221,银禧科技,银禧科技:第六届董事会第九次会议决议公告,高管人员任职变动,2024-06-25,https://data.eastmoney.com/notices/detail/300221/AN202406241636832883.html
301139,*ST元道,元道通信:关于董事会换届选举的公告,高管人员任职变动,2024-06-25,https://data.eastmoney.com/notices/detail/301139/AN202406241636832868.html
301139,*ST元道,元道通信:独立董事候选人声明与承诺(郑洪涛),独立董事候选人声明,2024-06-25,https://data.eastmoney.com/notices/detail/301139/AN202406241636832870.html
301139,*ST元道,元道通信:关于召开2024年第二次临时股东大会的通知,召开股东大会通知,2024-06-25,https://data.eastmoney.com/notices/detail/301139/AN202406241636832875.html
300221,银禧科技,银禧科技:2024年限制性股票激励计划实施考核管理办法,管理办法/制度,2024-06-25,https://data.eastmoney.com/notices/detail/300221/AN202406241636832878.html
301139,*ST元道,元道通信:关于监事会换届选举的公告,高管人员任职变动,2024-06-25,https://data.eastmoney.com/notices/detail/301139/AN202406241636832864.html
301139,*ST元道,元道通信:独立董事提名人声明与承诺(李刚),独立董事提名人声明,2024-06-25,https://data.eastmoney.com/notices/detail/301139/AN202406241636832873.html
301139,*ST元道,元道通信:第三届董事会第三十次会议决议公告,高管人员任职变动,2024-06-25,https://data.eastmoney.com/notices/detail/301139/AN202406241636832863.html
300900,广联航空,广联航空:广联航空工业股份有限公司关于广联转债恢复转股的提示性公告,其他,2024-06-25,https://data.eastmoney.com/notices/detail/300900/AN202406241636832862.html
300221,银禧科技,银禧科技:关于召开2024年第三次临时股东大会的通知,召开股东大会通知,2024-06-25,https://data.eastmoney.com/notices/detail/300221/AN202406241636832877.html
301139,*ST元道,元道通信:国新证券股份有限公司关于元道通信股份有限公司向金融机构申请综合授信额度接受关联方提供连带责任担保的核查意见,保荐/核查意见,2024-06-25,https://data.eastmoney.com/notices/detail/301139/AN202406241636832865.html
301139,*ST元道,元道通信:独立董事提名人声明与承诺(韩卫东),独立董事提名人声明,2024-06-25,https://data.eastmoney.com/notices/detail/301139/AN202406241636832874.html
301139,*ST元道,元道通信:独立董事候选人声明与承诺(李刚),独立董事候选人声明,2024-06-25,https://data.eastmoney.com/notices/detail/301139/AN202406241636832872.html
301139,*ST元道,元道通信:独立董事提名人声明与承诺(郑洪涛),独立董事提名人声明,2024-06-25,https://data.eastmoney.com/notices/detail/301139/AN202406241636832867.html
301139,*ST元道,元道通信:独立董事候选人声明与承诺(韩卫东),独立董事候选人声明,2024-06-25,https://data.eastmoney.com/notices/detail/301139/AN202406241636832866.html
301139,*ST元道,元道通信:第三届监事会第二十五次会议决议公告,高管人员任职变动,2024-06-25,https://data.eastmoney.com/notices/detail/301139/AN202406241636832876.html
301139,*ST元道,元道通信:关于向金融机构申请综合授信额度并接受关联方提供连带责任担保的公告,提供/对外担保公告,2024-06-25,https://data.eastmoney.com/notices/detail/301139/AN202406241636832871.html
301139,*ST元道,元道通信:关于为全资子公司向金融机构申请综合授信提供抵押担保的公告,提供/对外担保公告,2024-06-25,https://data.eastmoney.com/notices/detail/301139/AN202406241636832869.html
300221,银禧科技,银禧科技:2024年限制性股票激励计划首次授予激励对象名单,股权激励对象名单,2024-06-25,https://data.eastmoney.com/notices/detail/300221/AN202406241636832885.html
300221,银禧科技,银禧科技:第六届监事会第九次会议决议公告,监事会决议公告,2024-06-25,https://data.eastmoney.com/notices/detail/300221/AN202406241636832884.html
300221,银禧科技,银禧科技:北京国枫律师事务所关于广东银禧科技股份有限公司2024年限制性股票激励计划的法律意见书,法律意见书,2024-06-25,https://data.eastmoney.com/notices/detail/300221/AN202406241636832882.html
300221,银禧科技,银禧科技:2024年限制性股票激励计划(草案)摘要,股权激励计划摘要,2024-06-25,https://data.eastmoney.com/notices/detail/300221/AN202406241636832881.html
300221,银禧科技,银禧科技:2024年限制性股票激励计划自查表,股权激励计划,2024-06-25,https://data.eastmoney.com/notices/detail/300221/AN202406241636832880.html
300221,银禧科技,银禧科技:上海信公轶禾企业管理咨询有限公司关于广东银禧科技股份有限公司2024年限制性股票激励计划(草案)之独立财务顾问报告,保荐/核查意见,2024-06-25,https://data.eastmoney.com/notices/detail/300221/AN202406241636832879.html
001283,豪鹏科技,豪鹏科技:深圳市豪鹏科技股份有限公司向不特定对象发行可转换公司债券受托管理事务报告(2023年度),其他,2024-06-25,https://data.eastmoney.com/notices/detail/001283/AN202406241636832861.html
688368,晶丰明源,晶丰明源:上海晶丰明源半导体股份有限公司关于收到上海证券交易所《关于终止对上海晶丰明源半导体股份有限公司向不特定对象发行可转换公司债券审核的决定》的公告,其他,2024-06-25,https://data.eastmoney.com/notices/detail/688368/AN202406241636832814.html
688368,晶丰明源,晶丰明源:关于终止对上海晶丰明源半导体股份有限公司向不特定对象发行可转换公司债券审核的决定,其他,2024-06-25,https://data.eastmoney.com/notices/detail/688368/AN202406241636832815.html
603322,超讯科技,超讯通信:2024年第一次临时股东大会通知,召开股东大会通知,2024-06-25,https://data.eastmoney.com/notices/detail/603322/AN202406241636832794.html
603322,超讯科技,超讯通信:第五届监事会第四次会议决议公告,监事会决议公告,2024-06-25,https://data.eastmoney.com/notices/detail/603322/AN202406241636832795.html
603177,德创环保,德创环保:德创环保关于上海证券交易所对公司2023年年度报告信息披露监管工作函的回复公告,其他,2024-06-25,https://data.eastmoney.com/notices/detail/603177/AN202406241636832796.html
603322,超讯科技,超讯通信:关于调整公司组织架构的公告,其他,2024-06-25,https://data.eastmoney.com/notices/detail/603322/AN202406241636832801.html
603322,超讯科技,超讯通信:独立董事工作制度(2024年6月修订),管理办法/制度,2024-06-25,https://data.eastmoney.com/notices/detail/603322/AN202406241636832797.html
603322,超讯科技,超讯通信:关于延长公司向特定对象发行A股股票股东大会决议有效期的公告,增发预案,2024-06-25,https://data.eastmoney.com/notices/detail/603322/AN202406241636832798.html
603322,超讯科技,超讯通信:关于提请股东大会延长授权董事会及其授权人士全权办理2023年度向特定对象发行股票具体事宜有效期的公告,其他增发事项公告,2024-06-25,https://data.eastmoney.com/notices/detail/603322/AN202406241636832793.html
603177,德创环保,德创环保:天健会计师事务所(特殊普通合伙)关于上海证券交易所对浙江德创环保科技股份有限公司2023年年度报告信息披露监管工作函的回复,会计师事务所问询函回复公告,2024-06-25,https://data.eastmoney.com/notices/detail/603177/AN202406241636832799.html
301266,宇邦新材,宇邦新材:中信建投证券股份有限公司关于苏州宇邦新型材料股份有限公司商品期权套期保值的核查意见,保荐/核查意见,2024-06-25,https://data.eastmoney.com/notices/detail/301266/AN202406241636832809.html
301266,宇邦新材,宇邦新材:关于开展商品期权套期保值业务的可行性分析报告,其他,2024-06-25,https://data.eastmoney.com/notices/detail/301266/AN202406241636832807.html
301266,宇邦新材,宇邦新材:第四届监事会第三次会议决议公告,监事会决议公告,2024-06-25,https://data.eastmoney.com/notices/detail/301266/AN202406241636832808.html
301266,宇邦新材,宇邦新材:关于召开2024年第三次临时股东大会的通知,召开股东大会通知,2024-06-25,https://data.eastmoney.com/notices/detail/301266/AN202406241636832810.html
300221,银禧科技,银禧科技:独立董事关于公开征集表决权的公告,其他,2024-06-25,https://data.eastmoney.com/notices/detail/300221/AN202406241636832805.html
300221,银禧科技,银禧科技:2024年限制性股票激励计划(草案),股权激励计划,2024-06-25,https://data.eastmoney.com/notices/detail/300221/AN202406241636832806.html
002289,宇顺电子,ST宇顺:关于修订《公司章程》的公告,公司章程修订,2024-06-25,https://data.eastmoney.com/notices/detail/002289/AN202406241636832804.html
002289,宇顺电子,ST宇顺:关于召开2024年第二次临时股东大会的通知,召开股东大会通知,2024-06-25,https://data.eastmoney.com/notices/detail/002289/AN202406241636832803.html
002288,*ST超华,*ST超华:关于公司股票存在可能因股价低于面值被终止上市的第十次风险提示公告,终止上市风险提示,2024-06-25,https://data.eastmoney.com/notices/detail/002288/AN202406241636832802.html
002289,宇顺电子,ST宇顺:第六届董事会第七次会议决议公告,高管人员任职变动,2024-06-25,https://data.eastmoney.com/notices/detail/002289/AN202406241636832772.html
301266,宇邦新材,宇邦新材:关于开展商品期权套期保值业务的公告,其他,2024-06-25,https://data.eastmoney.com/notices/detail/301266/AN202406241636832766.html
300483,首华燃气,首华燃气:关于持股5%以上股东减持股份比例超过1%的公告,股东/实际控制人股份减持,2024-06-25,https://data.eastmoney.com/notices/detail/300483/AN202406241636832771.html
301266,宇邦新材,宇邦新材:第四届董事会第五次会议决议公告,董事会决议公告,2024-06-25,https://data.eastmoney.com/notices/detail/301266/AN202406241636832768.html
002289,宇顺电子,ST宇顺:关于为全资子公司提供担保的公告,提供/对外担保公告,2024-06-25,https://data.eastmoney.com/notices/detail/002289/AN202406241636832774.html
301266,宇邦新材,宇邦新材:商品套期保值业务管理制度(2024年6月),管理办法/制度,2024-06-25,https://data.eastmoney.com/notices/detail/301266/AN202406241636832769.html
002289,宇顺电子,ST宇顺:深圳市宇顺电子股份有限公司章程,公司章程,2024-06-25,https://data.eastmoney.com/notices/detail/002289/AN202406241636832773.html
301266,宇邦新材,宇邦新材:舆情管理制度(2024年6月),管理办法/制度,2024-06-25,https://data.eastmoney.com/notices/detail/301266/AN202406241636832770.html
301266,宇邦新材,宇邦新材:中信建投证券股份有限公司关于苏州宇邦新型材料股份有限公司首次公开发行募投项目结项并将节余募集资金永久补充流动资金的核查意见,保荐/核查意见,2024-06-25,https://data.eastmoney.com/notices/detail/301266/AN202406241636832767.html
301266,宇邦新材,宇邦新材:关于首次公开发行募投项目结项并将节余募集资金永久补充流动资金的公告,募集资金补充流动资金,2024-06-25,https://data.eastmoney.com/notices/detail/301266/AN202406241636832765.html
002289,宇顺电子,ST宇顺:关于董事辞职的公告,高管人员任职变动,2024-06-25,https://data.eastmoney.com/notices/detail/002289/AN202406241636832775.html
002892,科力尔,科力尔:关于使用闲置募集资金进行现金管理的进展公告,募集资金使用进展情况,2024-06-25,https://data.eastmoney.com/notices/detail/002892/AN202406241636832637.html
002798,帝欧水华,帝欧家居:关于子公司对经销商提供担保的进展公告,提供/对外担保公告,2024-06-25,https://data.eastmoney.com/notices/detail/002798/AN202406241636832638.html
002486,嘉麟杰,嘉麟杰:第六届董事会2024年第二次独立董事专门会议决议,董事会决议公告,2024-06-25,https://data.eastmoney.com/notices/detail/002486/AN202406241636832643.html
002486,嘉麟杰,嘉麟杰:第六届监事会第六次会议决议公告,监事会决议公告,2024-06-25,https://data.eastmoney.com/notices/detail/002486/AN202406241636832641.html
002486,嘉麟杰,嘉麟杰:关于回购公司股份方案的公告,回购预案,2024-06-25,https://data.eastmoney.com/notices/detail/002486/AN202406241636832642.html
002486,嘉麟杰,嘉麟杰:关于召开2024年第二次临时股东大会的通知,召开股东大会通知,2024-06-25,https://data.eastmoney.com/notices/detail/002486/AN202406241636832640.html
002486,嘉麟杰,嘉麟杰:第六届董事会第六次会议决议公告,高管人员任职变动,2024-06-25,https://data.eastmoney.com/notices/detail/002486/AN202406241636832639.html
000593,德龙汇能,德龙汇能:担保进展公告,其他担保公告,2024-06-25,https://data.eastmoney.com/notices/detail/000593/AN202406241636832644.html
600166,福田汽车,福田汽车:北汽福田汽车股份有限公司2024年度“提质增效重回报”行动方案,其他,2024-06-25,https://data.eastmoney.com/notices/detail/600166/AN202406241636832613.html
600166,福田汽车,福田汽车:董事会决议公告,高管人员任职变动,2024-06-25,https://data.eastmoney.com/notices/detail/600166/AN202406241636832614.html
688058,宝兰德,宝兰德:北京宝兰德软件股份有限公司持股5%以上股东减持股份计划公告,股东/实际控制人股份减持,2024-06-25,https://data.eastmoney.com/notices/detail/688058/AN202406241636832593.html
000016,*ST康佳A,深康佳Ａ:关于康佳集团股份有限公司2023年年度股东大会的法律意见书,法律意见书,2024-06-25,https://data.eastmoney.com/notices/detail/000016/AN202406241636832548.html
000016,*ST康佳A,深康佳Ａ:2023年年度股东大会决议公告,分配方案决议公告,2024-06-25,https://data.eastmoney.com/notices/detail/000016/AN202406241636832547.html
300577,开润股份,开润股份:关于增加对外担保额度预计的公告,提供/对外担保公告,2024-06-25,https://data.eastmoney.com/notices/detail/300577/AN202406241636832512.html
300577,开润股份,开润股份:第四届董事会第十六次会议决议公告,董事会决议公告,2024-06-25,https://data.eastmoney.com/notices/detail/300577/AN202406241636832511.html
300577,开润股份,开润股份:关于召开2024年第二次临时股东大会的通知,召开股东大会通知,2024-06-25,https://data.eastmoney.com/notices/detail/300577/AN202406241636832510.html
002728,特一药业,特一药业:关于首次回购公司股份的公告,回购实施公告,2024-06-25,https://data.eastmoney.com/notices/detail/002728/AN202406241636832509.html
001212,中旗新材,中旗新材:民生证券股份有限公司关于广东中旗新材料股份有限公司部分首发募集资金投资项目变更的核查意见,保荐/核查意见,2024-06-25,https://data.eastmoney.com/notices/detail/001212/AN202406241636832518.html
001212,中旗新材,中旗新材:关于董事会提议向下修正可转换公司债券转股价格的公告,其他,2024-06-25,https://data.eastmoney.com/notices/detail/001212/AN202406241636832517.html
001212,中旗新材,中旗新材:第二届监事会第十六次会议决议公告,监事会决议公告,2024-06-25,https://data.eastmoney.com/notices/detail/001212/AN202406241636832516.html
001212,中旗新材,中旗新材:关于部分首发募集资金投资项目变更的公告,变更募集资金投资项目,2024-06-25,https://data.eastmoney.com/notices/detail/001212/AN202406241636832513.html
001212,中旗新材,中旗新材:关于召开2024年第三次临时股东大会的通知,召开股东大会通知,2024-06-25,https://data.eastmoney.com/notices/detail/001212/AN202406241636832515.html
001212,中旗新材,中旗新材:第二届董事会第二十次会议决议公告,董事会决议公告,2024-06-25,https://data.eastmoney.com/notices/detail/001212/AN202406241636832514.html
001203,大中矿业,大中矿业:关于公司为全资子公司提供担保的进展公告,提供/对外担保公告,2024-06-25,https://data.eastmoney.com/notices/detail/001203/AN202406241636832508.html
001203,大中矿业,大中矿业:第六届董事会第二次会议决议公告,董事会决议公告,2024-06-25,https://data.eastmoney.com/notices/detail/001203/AN202406241636832507.html
603357,设计总院,设计总院:设计总院2024年度“提质增效重回报”行动方案,其他,2024-06-25,https://data.eastmoney.com/notices/detail/603357/AN202406241636832461.html
601169,北京银行,北京银行:北京银行股份有限公司董事会决议公告,高管人员任职变动,2024-06-25,https://data.eastmoney.com/notices/detail/601169/AN202406241636832460.html
600525,ST长园,长园集团:关于以集中竞价交易方式回购股份的进展公告,回购进展情况,2024-06-25,https://data.eastmoney.com/notices/detail/600525/AN202406241636832462.html
688401,路维光电,路维光电:北京观韬中茂(深圳)律师事务所关于深圳市路维光电股份有限公司2024年第二次临时股东大会的法律意见书,法律意见书,2024-06-25,https://data.eastmoney.com/notices/detail/688401/AN202406241636832334.html
688401,路维光电,路维光电:路维光电2024年第二次临时股东大会决议公告,股东大会决议公告,2024-06-25,https://data.eastmoney.com/notices/detail/688401/AN202406241636832313.html
600207,安彩高科,安彩高科:安彩高科关于出售资产暨关联交易的进展公告,收购出售资产/股权,2024-06-25,https://data.eastmoney.com/notices/detail/600207/AN202406241636832296.html
600860,京城股份,京城股份:京城股份2024年第一次临时股东大会决议公告,股东大会决议公告,2024-06-25,https://data.eastmoney.com/notices/detail/600860/AN202406241636832259.html
600860,京城股份,京城股份:北京市康达律师事务所对京城股份2024年第一次临时股东大会见证法律意见书,法律意见书,2024-06-25,https://data.eastmoney.com/notices/detail/600860/AN202406241636832257.html
300381,溢多利,溢多利:广东溢多利生物科技股份有限公司2018年公开发行可转换公司债券定期跟踪评级报告,其他,2024-06-25,https://data.eastmoney.com/notices/detail/300381/AN202406241636832300.html
000333,美的集团,美的集团:关于自主行权模式下第五期股票期权预留授予第四个行权期符合行权条件开始行权的提示性公告,股权激励进展公告,2024-06-25,https://data.eastmoney.com/notices/detail/000333/AN202406241636832299.html
000333,美的集团,美的集团:关于2024年持股计划非交易过户完成的公告,其他,2024-06-25,https://data.eastmoney.com/notices/detail/000333/AN202406241636832298.html
605189,富春染织,富春染织:富春染织关于“富春转债”2024年跟踪评级结果的公告,其他,2024-06-25,https://data.eastmoney.com/notices/detail/605189/AN202406241636832258.html
605189,富春染织,富春染织:2022年芜湖富春染织股份有限公司公开发行可转换公司债券2024年跟踪评级报告,其他,2024-06-25,https://data.eastmoney.com/notices/detail/605189/AN202406241636831956.html
301380,挖金客,挖金客:东吴证券股份有限公司关于北京挖金客信息科技股份有限公司增加募集资金投资项目实施主体及调整部分募集资金投资项目内部投资结构的核查意见,保荐/核查意见,2024-06-25,https://data.eastmoney.com/notices/detail/301380/AN202406241636831948.html
301380,挖金客,挖金客:关于完成以参与竞拍方式购置房产的公告,收购出售资产/股权,2024-06-25,https://data.eastmoney.com/notices/detail/301380/AN202406241636831947.html
301380,挖金客,挖金客:关于聘任证券事务代表的公告,高管人员任职变动,2024-06-25,https://data.eastmoney.com/notices/detail/301380/AN202406241636831944.html
301380,挖金客,挖金客:关于增加全资子公司作为募集资金投资项目实施主体及调整部分募集资金投资项目内部投资结构的公告,变更募集资金投资项目,2024-06-25,https://data.eastmoney.com/notices/detail/301380/AN202406241636831950.html
301380,挖金客,挖金客:第三届监事会第二十六次会议决议公告,监事会决议公告,2024-06-25,https://data.eastmoney.com/notices/detail/301380/AN202406241636831949.html
301380,挖金客,挖金客:关于召开2024年第一次临时股东大会的通知,召开股东大会通知,2024-06-25,https://data.eastmoney.com/notices/detail/301380/AN202406241636831946.html
301380,挖金客,挖金客:第三届董事会第三十次会议决议公告,高管人员任职变动,2024-06-25,https://data.eastmoney.com/notices/detail/301380/AN202406241636831945.html
003020,立方制药,立方制药:2024-027关于持股5%以上股东部分股份质押的公告,股份质押、冻结,2024-06-25,https://data.eastmoney.com/notices/detail/003020/AN202406241636831936.html
002908,德生科技,德生科技:关于重庆分公司完成工商注册登记的公告,公司关联方基本资料变更,2024-06-25,https://data.eastmoney.com/notices/detail/002908/AN202406241636831937.html
002823,凯中精密,凯中精密:2024年半年度业绩预告,业绩预告,2024-06-25,https://data.eastmoney.com/notices/detail/002823/AN202406241636831935.html
000514,渝开发,渝开发:公司监事会对延长公司向特定对象发行股票股东大会决议有效期及相关授权有效期的书面审核意见的书面审核意见,专项说明/独立意见,2024-06-25,https://data.eastmoney.com/notices/detail/000514/AN202406241636831942.html
000514,渝开发,渝开发:第十届监事会第七次会议决议公告,监事会决议公告,2024-06-25,https://data.eastmoney.com/notices/detail/000514/AN202406241636831939.html
000514,渝开发,渝开发:关于召开公司2024年第三次临时股东大会的通知,召开股东大会通知,2024-06-25,https://data.eastmoney.com/notices/detail/000514/AN202406241636831940.html
000514,渝开发,渝开发:第十届董事会第二十次会议决议公告,其他增发事项公告,2024-06-25,https://data.eastmoney.com/notices/detail/000514/AN202406241636831943.html
000514,渝开发,渝开发:关于延长公司向特定对象发行股票有关的股东大会决议有效期及相关授权有效期的公告,其他增发事项公告,2024-06-25,https://data.eastmoney.com/notices/detail/000514/AN202406241636831941.html
603355,莱克电气,莱克电气:莱克电气关于“莱克转债”预计满足转股价格修正条件的提示性公告,其他,2024-06-25,https://data.eastmoney.com/notices/detail/603355/AN202406241636831930.html
002922,伊戈尔,伊戈尔:关于2024年股票期权与限制性股票激励计划股票期权首次授予登记完成的公告,股本变动,2024-06-25,https://data.eastmoney.com/notices/detail/002922/AN202406241636831874.html
002922,伊戈尔,伊戈尔:关于2024年股票期权与限制性股票激励计划限制性股票首次授予登记完成的公告,股本变动,2024-06-25,https://data.eastmoney.com/notices/detail/002922/AN202406241636831873.html
002600,领益智造,领益智造:关于为子公司提供担保的进展公告,提供/对外担保公告,2024-06-25,https://data.eastmoney.com/notices/detail/002600/AN202406241636831872.html
000601,韶能股份,韶能股份:广东韶能集团股份有限公司2023年度报告全文(更新稿),年度报告全文,2024-06-25,https://data.eastmoney.com/notices/detail/000601/AN202406241636831897.html
000601,韶能股份,韶能股份:关于为全资子公司韶能集团绿洲生态(新丰)科技有限公司申请银行授信暨由公司提供担保的公告,提供/对外担保公告,2024-06-25,https://data.eastmoney.com/notices/detail/000601/AN202406241636831894.html
000601,韶能股份,韶能股份:第十一届董事会第三次临时会议决议公告,董事会决议公告,2024-06-25,https://data.eastmoney.com/notices/detail/000601/AN202406241636831898.html
000601,韶能股份,韶能股份:广东韶能集团股份有限公司关于召开2024年第二次临时股东大会的通知,召开股东大会通知,2024-06-25,https://data.eastmoney.com/notices/detail/000601/AN202406241636831896.html
000601,韶能股份,韶能股份:关于2023年度报告补充披露的公告,年度报告补充公告,2024-06-25,https://data.eastmoney.com/notices/detail/000601/AN202406241636831895.html
603787,新日股份,新日股份:关于使用自有闲置资金进行委托理财到期赎回的公告,委托（受托）事项,2024-06-25,https://data.eastmoney.com/notices/detail/603787/AN202406241636831727.html
600759,ST洲际,ST洲际:洲际油气股份有限公司关于公司股票撤销其他风险警示暨停牌的公告,撤销其他特别处理,2024-06-25,https://data.eastmoney.com/notices/detail/600759/AN202406241636831728.html
600282,南钢股份,南钢股份:北京市金杜律师事务所关于《南京钢铁股份有限公司收购报告书》之法律意见书,保荐/核查意见,2024-06-25,https://data.eastmoney.com/notices/detail/600282/AN202406241636831721.html
600282,南钢股份,南钢股份:中信证券股份有限公司关于南京钢铁股份有限公司收购报告书之财务顾问报告,保荐/核查意见,2024-06-25,https://data.eastmoney.com/notices/detail/600282/AN202406241636831720.html
600282,南钢股份,南钢股份:南京钢铁股份有限公司收购报告书,要约收购报告书,2024-06-25,https://data.eastmoney.com/notices/detail/600282/AN202406241636831722.html
600282,南钢股份,南钢股份:北京市金杜律师事务所关于泰富特钢(江苏)有限公司及其一致行动人免于以要约方式增持股份的法律意见书,股东/实际控制人股份增持,2024-06-25,https://data.eastmoney.com/notices/detail/600282/AN202406241636831723.html
603456,九洲药业,九洲药业:浙江九洲药业股份有限公司关于2024年度“提质增效重回报”行动方案的公告,其他,2024-06-25,https://data.eastmoney.com/notices/detail/603456/AN202406241636831698.html
600196,复星医药,复星医药:复星医药关于召开2023年度股东大会、2024年第一次A股类别股东会及2024年第一次H股类别股东会的提示性公告,召开股东大会提示性公告,2024-06-25,https://data.eastmoney.com/notices/detail/600196/AN202406241636831668.html
001328,登康口腔,登康口腔:2023年年度权益分派实施公告,分配方案实施,2024-06-25,https://data.eastmoney.com/notices/detail/001328/AN202406241636831683.html
002193,ST如意,如意集团:关于延期回复深圳证券交易所年报问询函的公告,延期回复问询函公告,2024-06-25,https://data.eastmoney.com/notices/detail/002193/AN202406241636831676.html
000723,美锦能源,美锦能源:关于公司董事、高级管理人员股份增持计划的公告,股东/实际控制人股份增持,2024-06-25,https://data.eastmoney.com/notices/detail/000723/AN202406241636831675.html
603081,大丰实业,大丰实业:浙江大丰实业股份有限公司关于可转换公司债券2024年跟踪评级结果的公告,其他,2024-06-25,https://data.eastmoney.com/notices/detail/603081/AN202406241636831628.html
603081,大丰实业,大丰实业:浙江大丰实业股份有限公司公开发行可转换公司债券2024年度跟踪评级报告,其他,2024-06-25,https://data.eastmoney.com/notices/detail/603081/AN202406241636831627.html
002325,*ST洪涛,*ST洪涛:关于公司股票可能被终止上市的第八次风险提示公告,终止上市风险提示,2024-06-25,https://data.eastmoney.com/notices/detail/002325/AN202406241636831578.html
688627,精智达,精智达:中信建投证券股份有限公司关于深圳精智达技术股份有限公司差异化分红事项的核查意见,保荐/核查意见,2024-06-25,https://data.eastmoney.com/notices/detail/688627/AN202406241636831541.html
002505,鹏都农牧,鹏都农牧:关于公司股票可能被终止上市的第六次风险提示公告,终止上市风险提示,2024-06-25,https://data.eastmoney.com/notices/detail/002505/AN202406241636831483.html
002612,朗姿股份,朗姿股份:关于接受关联方担保的公告,其他担保公告,2024-06-25,https://data.eastmoney.com/notices/detail/002612/AN202406241636831479.html
002589,瑞康医药,瑞康医药:关于公司董事、监事及高管团队增持计划实施完成的公告,股东/实际控制人股份增持,2024-06-25,https://data.eastmoney.com/notices/detail/002589/AN202406241636831480.html
002766,索菱股份,索菱股份:关于三旗(惠州)电子科技有限公司与某日系合资品牌汽车有限公司签订《先期选点目标协议书》的自愿性信息披露公告,签订协议,2024-06-25,https://data.eastmoney.com/notices/detail/002766/AN202406241636831478.html
002271,东方雨虹,东方雨虹:关于公司控股股东进行股票质押式回购交易的公告,股份质押、冻结,2024-06-25,https://data.eastmoney.com/notices/detail/002271/AN202406241636831477.html
002505,鹏都农牧,鹏都农牧:关于公司控股股东及其一致行动人增持公司股份计划的进展公告,股东/实际控制人股份增持,2024-06-25,https://data.eastmoney.com/notices/detail/002505/AN202406241636831482.html
002212,天融信,天融信:关于回购股份的进展公告,回购进展情况,2024-06-25,https://data.eastmoney.com/notices/detail/002212/AN202406241636831481.html
603169,兰石重装,兰石重装:兰石重装关于副总经理辞职的公告,高管人员任职变动,2024-06-25,https://data.eastmoney.com/notices/detail/603169/AN202406241636831460.html
603689,皖天然气,皖天然气:关于注销部分募集资金专用账户的公告,募集资金使用情况报告,2024-06-25,https://data.eastmoney.com/notices/detail/603689/AN202406241636831431.html
601005,重庆钢铁,重庆钢铁:关于2024年“提质增效重回报”行动方案的公告,其他,2024-06-25,https://data.eastmoney.com/notices/detail/601005/AN202406241636831349.html
601005,重庆钢铁,重庆钢铁:关于以集中竞价交易方式回购股份的进展公告,回购进展情况,2024-06-25,https://data.eastmoney.com/notices/detail/601005/AN202406241636831350.html
300512,中亚股份,中亚股份:2024年第一次临时股东大会决议公告,股东大会决议公告,2024-06-25,https://data.eastmoney.com/notices/detail/300512/AN202406241636831394.html
300512,中亚股份,中亚股份:关于回购注销部分限制性股票减资暨通知债权人的公告,通知债权人公告,2024-06-25,https://data.eastmoney.com/notices/detail/300512/AN202406241636831393.html
300512,中亚股份,中亚股份:浙江天册律师事务所关于杭州中亚机械股份有限公司2024年第一次临时股东大会的法律意见书,法律意见书,2024-06-25,https://data.eastmoney.com/notices/detail/300512/AN202406241636831395.html
600239,ST云城,云南城投:云南城投置业股份有限公司关于收到《裁决书》的公告,其他,2024-06-25,https://data.eastmoney.com/notices/detail/600239/AN202406241636831351.html
600239,ST云城,云南城投:云南城投置业股份有限公司2024年度“提质增效重回报”行动方案,其他,2024-06-25,https://data.eastmoney.com/notices/detail/600239/AN202406241636831346.html
002535,林州重机,林州重机:关于公司控股股东部分股份补充质押的公告,股份质押、冻结,2024-06-25,https://data.eastmoney.com/notices/detail/002535/AN202406241636831319.html
002451,摩恩电气,摩恩电气:关于控股子公司购买资产暨关联交易的进展公告,其他,2024-06-25,https://data.eastmoney.com/notices/detail/002451/AN202406241636831316.html
002535,林州重机,林州重机:关于公司签订《回购协议》的公告,签订协议,2024-06-25,https://data.eastmoney.com/notices/detail/002535/AN202406241636831320.html
002535,林州重机,林州重机:关于全资子公司为公司提供担保的公告,提供/对外担保公告,2024-06-25,https://data.eastmoney.com/notices/detail/002535/AN202406241636831317.html
002535,林州重机,林州重机:第六届监事会第十一次(临时)会议决议公告,监事会决议公告,2024-06-25,https://data.eastmoney.com/notices/detail/002535/AN202406241636831322.html
002535,林州重机,林州重机:第六届董事会第十二次(临时)会议决议公告,董事会决议公告,2024-06-25,https://data.eastmoney.com/notices/detail/002535/AN202406241636831318.html
002535,林州重机,林州重机:关于召开2024年第三次临时股东大会的通知,召开股东大会通知,2024-06-25,https://data.eastmoney.com/notices/detail/002535/AN202406241636831321.html
300863,卡倍亿,卡倍亿:关于首次回购公司股份的公告,回购实施公告,2024-06-25,https://data.eastmoney.com/notices/detail/300863/AN202406241636831324.html
301216,万凯新材,万凯新材:关于向不特定对象发行可转换公司债券申请获得中国证券监督管理委员会同意注册批复的公告,其他,2024-06-25,https://data.eastmoney.com/notices/detail/301216/AN202406241636831323.html
688573,信宇人,信宇人:关于荣获国家科学技术进步奖二等奖的公告,其他,2024-06-25,https://data.eastmoney.com/notices/detail/688573/AN202406241636831307.html
688573,信宇人,信宇人:关于2023年年度权益分派实施后调整回购股份价格上限的公告,回购方案修订,2024-06-25,https://data.eastmoney.com/notices/detail/688573/AN202406241636831306.html
600998,九州通,九州通:九州通章程(2024年6月修订),公司章程修订,2024-06-25,https://data.eastmoney.com/notices/detail/600998/AN202406241636831272.html
600998,九州通,九州通:九州通关于完成注册资本工商变更登记及章程备案的公告,公司注册资本变更,2024-06-25,https://data.eastmoney.com/notices/detail/600998/AN202406241636831271.html
300972,万辰集团,万辰集团:第四届监事会第十五次会议决议公告,监事会决议公告,2024-06-25,https://data.eastmoney.com/notices/detail/300972/AN202406241636831249.html
002377,国创高新,国创高新:2024年第一次临时股东大会法律意见书,法律意见书,2024-06-25,https://data.eastmoney.com/notices/detail/002377/AN202406241636831245.html
300972,万辰集团,万辰集团:福建万辰生物科技集团股份有限公司信息披露管理制度,管理办法/制度,2024-06-25,https://data.eastmoney.com/notices/detail/300972/AN202406241636831252.html
300972,万辰集团,万辰集团:关于向控股子公司提供财务资助的公告,获得补贴（资助）,2024-06-25,https://data.eastmoney.com/notices/detail/300972/AN202406241636831250.html
000516,国际医学,国际医学:关于控股股东进行股票质押式回购交易的进展公告,股份质押、冻结,2024-06-25,https://data.eastmoney.com/notices/detail/000516/AN202406241636831242.html
300972,万辰集团,万辰集团:关于召开公司2024年第四次临时股东大会的通知,召开股东大会通知,2024-06-25,https://data.eastmoney.com/notices/detail/300972/AN202406241636831248.html
002377,国创高新,国创高新:2024年第一次临时股东大会决议公告,股东大会决议公告,2024-06-25,https://data.eastmoney.com/notices/detail/002377/AN202406241636831244.html
300972,万辰集团,万辰集团:第四届董事会独立董事第五次专门会议审核意见,董事会决议公告,2024-06-25,https://data.eastmoney.com/notices/detail/300972/AN202406241636831247.html
300972,万辰集团,万辰集团:第四届董事会第十四次会议决议公告,董事会决议公告,2024-06-25,https://data.eastmoney.com/notices/detail/300972/AN202406241636831246.html
300972,万辰集团,万辰集团:华兴证券有限公司关于福建万辰生物科技集团股份有限公司向控股子公司提供财务资助的核查意见,保荐/核查意见,2024-06-25,https://data.eastmoney.com/notices/detail/300972/AN202406241636831251.html
300682,朗新科技,朗新集团:第四届董事会第二十二次会议决议公告,高管人员任职变动,2024-06-25,https://data.eastmoney.com/notices/detail/300682/AN202406241636831243.html
688627,精智达,精智达:2023年年度权益分派实施公告,分配方案实施,2024-06-25,https://data.eastmoney.com/notices/detail/688627/AN202406241636831232.html
600496,精工钢构,精工钢构:精工钢构2023年年度权益分派实施公告,分配方案实施,2024-06-25,https://data.eastmoney.com/notices/detail/600496/AN202406241636831229.html
600496,精工钢构,精工钢构:精工钢构关于“精工转债”转股价格调整的公告,其他,2024-06-25,https://data.eastmoney.com/notices/detail/600496/AN202406241636831231.html
600496,精工钢构,精工钢构:国泰君安证券股份有限公司关于长江精工钢结构(集团)股份有限公司差异化分红事项的核查意见,保荐/核查意见,2024-06-25,https://data.eastmoney.com/notices/detail/600496/AN202406241636831230.html
300682,朗新科技,朗新集团:独立董事关于第四届董事会第二十二次会议之独立董事专门会议审核意见,董事会决议公告,2024-06-25,https://data.eastmoney.com/notices/detail/300682/AN202406241636831186.html
300682,朗新科技,朗新集团:第四届监事会第十七次会议决议公告,高管人员任职变动,2024-06-25,https://data.eastmoney.com/notices/detail/300682/AN202406241636831185.html
300682,朗新科技,朗新集团:关于召开2024年第三次临时股东大会的通知,召开股东大会通知,2024-06-25,https://data.eastmoney.com/notices/detail/300682/AN202406241636831184.html
300682,朗新科技,朗新集团:关于回购公司股份用于股份注销并减少注册资本方案的公告,公司注册资本变更,2024-06-25,https://data.eastmoney.com/notices/detail/300682/AN202406241636831183.html
301180,万祥科技,万祥科技:2023年年度权益分派实施公告,分配方案实施,2024-06-25,https://data.eastmoney.com/notices/detail/301180/AN202406241636831182.html
002102,ST能特,能特科技:关于公开挂牌转让全资子公司上海五天实业有限公司100%股权的公告,股权转让,2024-06-25,https://data.eastmoney.com/notices/detail/002102/AN202406241636831033.html
000615,*ST美谷,*ST美谷:关于重大诉讼进展暨收到《民事判决书》的公告,诉讼仲裁,2024-06-25,https://data.eastmoney.com/notices/detail/000615/AN202406241636831032.html
000422,湖北宜化,湖北宜化:关于控股股东增持公司股份计划实施完成的公告,股东/实际控制人股份增持,2024-06-25,https://data.eastmoney.com/notices/detail/000422/AN202406241636831031.html
688698,伟创电气,伟创电气:苏州伟创电气科技股份有限公司关于2022年限制性股票激励计划预留授予部分第一个归属期符合归属条件的公告,股权激励进展公告,2024-06-25,https://data.eastmoney.com/notices/detail/688698/AN202406241636831014.html
688698,伟创电气,伟创电气:北京市康达(深圳)律师事务所关于苏州伟创电气科技股份有限公司2022年限制性股票激励计划首次授予部分第二个归属期、预留授予部分第一个归属期归属条件成就及部分限制性股票作废事项的法律意见书,法律意见书,2024-06-25,https://data.eastmoney.com/notices/detail/688698/AN202406241636831020.html
688698,伟创电气,伟创电气:苏州伟创电气科技股份有限公司关于作废部分已授予尚未归属的限制性股票的公告,股权激励进展公告,2024-06-25,https://data.eastmoney.com/notices/detail/688698/AN202406241636831016.html
688698,伟创电气,伟创电气:苏州伟创电气科技股份有限公司关于2022年限制性股票激励计划首次授予部分第二个归属期符合归属条件的公告,股权激励进展公告,2024-06-25,https://data.eastmoney.com/notices/detail/688698/AN202406241636831017.html
688698,伟创电气,伟创电气:苏州伟创电气科技股份有限公司第二届监事会第二十二次会议决议公告,监事会决议公告,2024-06-25,https://data.eastmoney.com/notices/detail/688698/AN202406241636831015.html
688698,伟创电气,伟创电气:苏州伟创电气科技股份有限公司独立董事关于第二届董事会第二十六次会议相关事项的独立意见,专项说明/独立意见,2024-06-25,https://data.eastmoney.com/notices/detail/688698/AN202406241636831019.html
688698,伟创电气,伟创电气:苏州伟创电气科技股份有限公司第二届董事会第二十六次会议决议公告,董事会决议公告,2024-06-25,https://data.eastmoney.com/notices/detail/688698/AN202406241636831013.html
688698,伟创电气,伟创电气:苏州伟创电气科技股份有限公司监事会关于2022年限制性股票激励计划首次授予部分第二个归属期、预留授予部分第一个归属期归属名单的核查意见,专项说明/独立意见,2024-06-25,https://data.eastmoney.com/notices/detail/688698/AN202406241636831018.html
688176,亚虹医药,亚虹医药:江苏亚虹医药科技股份有限公司自愿披露关于APL-1202临床试验申请获得国家药品监督管理局批准的公告,其他,2024-06-25,https://data.eastmoney.com/notices/detail/688176/AN202406241636830981.html
300245,ST天玑,天玑科技:华泰联合证券有限责任公司关于上海天玑科技股份有限公司拟使用部分闲置募集资金进行现金管理事项的核查意见,保荐/核查意见,2024-06-25,https://data.eastmoney.com/notices/detail/300245/AN202406241636830972.html
300245,ST天玑,天玑科技:关于使用部分闲置募集资金进行现金管理的公告,投资理财,2024-06-25,https://data.eastmoney.com/notices/detail/300245/AN202406241636830975.html
300245,ST天玑,天玑科技:2024年限制性股票激励计划实施考核管理办法,管理办法/制度,2024-06-25,https://data.eastmoney.com/notices/detail/300245/AN202406241636830977.html
300245,ST天玑,天玑科技:关于使用部分闲置自有资金进行现金管理的公告,投资理财,2024-06-25,https://data.eastmoney.com/notices/detail/300245/AN202406241636830976.html
300245,ST天玑,天玑科技:关于独立董事公开征集委托投票权的公告,其他,2024-06-25,https://data.eastmoney.com/notices/detail/300245/AN202406241636830974.html
300245,ST天玑,天玑科技:2024年限制性股票激励计划(草案)摘要,股权激励计划摘要,2024-06-25,https://data.eastmoney.com/notices/detail/300245/AN202406241636830971.html
300245,ST天玑,天玑科技:2024年限制性股票激励计划(草案),股权激励计划,2024-06-25,https://data.eastmoney.com/notices/detail/300245/AN202406241636830970.html
300245,ST天玑,天玑科技:北京大成律师事务所关于上海天玑科技股份有限公司2024年限制性股票激励计划(草案)的法律意见书,法律意见书,2024-06-25,https://data.eastmoney.com/notices/detail/300245/AN202406241636830969.html
300245,ST天玑,天玑科技:2024年限制性股票激励对象名单,股权激励对象名单,2024-06-25,https://data.eastmoney.com/notices/detail/300245/AN202406241636830968.html
300245,ST天玑,天玑科技:监事会关于公司2024年限制性股票激励计划相关事项的审核意见,专项说明/独立意见,2024-06-25,https://data.eastmoney.com/notices/detail/300245/AN202406241636830967.html
300245,ST天玑,天玑科技:2024年限制性股票激励计划自查表,股权激励计划,2024-06-25,https://data.eastmoney.com/notices/detail/300245/AN202406241636830966.html
300245,ST天玑,天玑科技:第五届监事会第十八次临时会议决议公告,监事会决议公告,2024-06-25,https://data.eastmoney.com/notices/detail/300245/AN202406241636830965.html
300245,ST天玑,天玑科技:关于召开2024年第一次临时股东大会的通知,召开股东大会通知,2024-06-25,https://data.eastmoney.com/notices/detail/300245/AN202406241636830973.html
300245,ST天玑,天玑科技:第五届董事会第十九次临时会议决议公告,高管人员任职变动,2024-06-25,https://data.eastmoney.com/notices/detail/300245/AN202406241636830964.html
600107,*ST尔雅,美尔雅:关于延期回复上海证券交易所对公司2023年年度报告的信息披露监管问询函的公告,延期回复问询函公告,2024-06-25,https://data.eastmoney.com/notices/detail/600107/AN202406241636830918.html
688173,希荻微,希荻微:希荻微关于持股5%以上股东权益变动至5%的提示性公告,权益变动报告书,2024-06-25,https://data.eastmoney.com/notices/detail/688173/AN202406241636830916.html
688173,希荻微,希荻微:希荻微简式权益变动报告书,权益变动报告书,2024-06-25,https://data.eastmoney.com/notices/detail/688173/AN202406241636830888.html
688235,百济神州,百济神州:港股公告:翌日披露报表,其他,2024-06-25,https://data.eastmoney.com/notices/detail/688235/AN202406241636830861.html
000679,大连友谊,大连友谊:第十届董事会第六次会议决议公告,董事会决议公告,2024-06-25,https://data.eastmoney.com/notices/detail/000679/AN202406241636830872.html
688323,瑞华泰,瑞华泰:瑞华泰关于对外投资设立全资子公司并取得营业执照的公告,投资设立公司,2024-06-25,https://data.eastmoney.com/notices/detail/688323/AN202406241636830860.html
002906,华阳集团,华阳集团:关于为控股子公司担保的进展公告,提供/对外担保公告,2024-06-25,https://data.eastmoney.com/notices/detail/002906/AN202406241636830848.html
000679,大连友谊,大连友谊:关于向关联方借款暨关联交易的公告,借贷,2024-06-25,https://data.eastmoney.com/notices/detail/000679/AN202406241636830854.html
000679,大连友谊,大连友谊:关于全资子公司对外投资设立子公司的公告,投资设立公司,2024-06-25,https://data.eastmoney.com/notices/detail/000679/AN202406241636830847.html
000679,大连友谊,大连友谊:关于召开2024年第三次临时股东大会的通知,召开股东大会通知,2024-06-25,https://data.eastmoney.com/notices/detail/000679/AN202406241636830846.html
000498,山东路桥,山东路桥:关于子公司2024年度第三期中期票据(科创票据)发行结果的公告,其他,2024-06-25,https://data.eastmoney.com/notices/detail/000498/AN202406241636830853.html
600984,建设机械,建设机械:建设机械2024年第四次临时股东大会决议公告,股东大会决议公告,2024-06-25,https://data.eastmoney.com/notices/detail/600984/AN202406241636830804.html
600811,*ST东方,东方集团:东方集团关于公司股票可能存在因股价低于1元而终止上市的风险提示公告,终止上市风险提示,2024-06-25,https://data.eastmoney.com/notices/detail/600811/AN202406241636830803.html
600984,建设机械,建设机械:建设机械2024年第四次临时股东大会法律意见书,法律意见书,2024-06-25,https://data.eastmoney.com/notices/detail/600984/AN202406241636830805.html
600345,长江通信,长江通信:长江通信直接和间接控股股东关于长江通信股票交易异常波动情况征询函的回函,股票交易异常波动,2024-06-25,https://data.eastmoney.com/notices/detail/600345/AN202406241636830782.html
600345,长江通信,长江通信:长江通信股票交易异常波动公告,股票交易异常波动,2024-06-25,https://data.eastmoney.com/notices/detail/600345/AN202406241636830781.html
600227,赤天化,赤天化:贵州赤天化股份有限公司关于控股股东渔阳公司对贵州证监局行政监管措施决定的整改报告,整改报告,2024-06-25,https://data.eastmoney.com/notices/detail/600227/AN202406241636830727.html
600884,杉杉股份,杉杉股份:北京市天元律师事务所关于宁波杉杉股份有限公司2022年股票期权与限制性股票激励计划部分限制性股票回购注销实施的法律意见,法律意见书,2024-06-25,https://data.eastmoney.com/notices/detail/600884/AN202406241636830692.html
603879,永悦科技,ST永悦:永悦科技股份有限公司股票交易异常波动公告,股票交易异常波动,2024-06-25,https://data.eastmoney.com/notices/detail/603879/AN202406241636830695.html
603879,永悦科技,ST永悦:控股股东及实际控制人关于公司股票交易异常波动问询函的回函,回复问询函公告,2024-06-25,https://data.eastmoney.com/notices/detail/603879/AN202406241636830691.html
600884,杉杉股份,杉杉股份:杉杉股份关于股权激励部分限制性股票回购注销实施公告,回购实施公告,2024-06-25,https://data.eastmoney.com/notices/detail/600884/AN202406241636830693.html
600382,广东明珠,广东明珠:广东明珠集团股份有限公司关于控股股东一致行动人部分股份解除质押及部分股份质押的公告,股份质押、冻结,2024-06-25,https://data.eastmoney.com/notices/detail/600382/AN202406241636830694.html
300262,*ST巴安,*ST巴安:关于重大诉讼的公告,诉讼仲裁,2024-06-25,https://data.eastmoney.com/notices/detail/300262/AN202406241636830698.html
600340,*ST华幸,华夏幸福:华夏幸福关于部分董事和高级管理人员增持公司股份计划的进展公告,股东/实际控制人股份增持,2024-06-25,https://data.eastmoney.com/notices/detail/600340/AN202406241636830671.html
601229,上海银行,上海银行:上海银行关于A股可转换公司债券2024年跟踪评级结果的公告,其他,2024-06-25,https://data.eastmoney.com/notices/detail/601229/AN202406241636830653.html
601838,成都银行,成都银行:成都银行股份有限公司关于A股可转换公司债券2024年跟踪评级结果的公告,其他,2024-06-25,https://data.eastmoney.com/notices/detail/601838/AN202406241636830652.html
601229,上海银行,上海银行:上海银行股份有限公司公开发行A股可转换公司债券定期跟踪评级报告,其他,2024-06-25,https://data.eastmoney.com/notices/detail/601229/AN202406241636830655.html
601838,成都银行,成都银行:成都银行股份有限公司公开发行A股可转换公司债券2024年跟踪评级报告,其他,2024-06-25,https://data.eastmoney.com/notices/detail/601838/AN202406241636830654.html
003007,直真科技,直真科技:北京植德律师事务所关于北京直真科技股份有限公司2024年第一次临时股东大会的法律意见书,法律意见书,2024-06-25,https://data.eastmoney.com/notices/detail/003007/AN202406241636830628.html
003007,直真科技,直真科技:2024年第一次临时股东大会决议公告,增发预案,2024-06-25,https://data.eastmoney.com/notices/detail/003007/AN202406241636830627.html
002341,ST新纶,ST新纶:北京国枫律师事务所关于新纶新材料股份有限公司2024年第三次临时股东大会的法律意见书,法律意见书,2024-06-25,https://data.eastmoney.com/notices/detail/002341/AN202406241636830626.html
002341,ST新纶,ST新纶:关于公司股票存在可能因股价低于面值被终止上市的第六次风险提示公告,终止上市风险提示,2024-06-25,https://data.eastmoney.com/notices/detail/002341/AN202406241636830624.html
002341,ST新纶,ST新纶:2024年第三次临时股东大会决议公告,股东大会决议公告,2024-06-25,https://data.eastmoney.com/notices/detail/002341/AN202406241636830625.html
603018,华设集团,华设集团:关于实施2023年度权益分派时“华设转债”停止转股暨转股价格调整的提示性公告,其他,2024-06-25,https://data.eastmoney.com/notices/detail/603018/AN202406241636830613.html
603956,威派格,威派格:威派格关于以集中竞价交易方式首次回购公司股份的公告,回购实施公告,2024-06-25,https://data.eastmoney.com/notices/detail/603956/AN202406241636830578.html
603956,威派格,威派格:威派格关于不向下修正“威派转债”转股价格的公告,其他,2024-06-25,https://data.eastmoney.com/notices/detail/603956/AN202406241636830580.html
603209,兴通股份,兴通股份:兴通海运股份有限公司关于向特定对象发行A股股票申请获得中国证券监督管理委员会同意注册批复的公告,增发获准公告,2024-06-25,https://data.eastmoney.com/notices/detail/603209/AN202406241636830579.html
603669,灵康药业,灵康药业:第四届董事会第十五次会议决议公告,董事会决议公告,2024-06-25,https://data.eastmoney.com/notices/detail/603669/AN202406241636830436.html
603669,灵康药业,灵康药业:关于董事会提议向下修正“灵康转债”转股价格的公告,其他,2024-06-25,https://data.eastmoney.com/notices/detail/603669/AN202406241636830435.html
603669,灵康药业,灵康药业:关于召开2024年第二次临时股东大会的通知,召开股东大会通知,2024-06-25,https://data.eastmoney.com/notices/detail/603669/AN202406241636830437.html
688255,凯尔达,凯尔达:2024年第三次临时股东大会决议公告,股东大会决议公告,2024-06-25,https://data.eastmoney.com/notices/detail/688255/AN202406241636830434.html
688255,凯尔达,凯尔达:国浩律师(杭州)事务所关于杭州凯尔达焊接机器人股份有限公司2024年第三次临时股东大会的法律意见书,法律意见书,2024-06-25,https://data.eastmoney.com/notices/detail/688255/AN202406241636830433.html
002244,滨江集团,滨江集团:关于为控股子公司提供担保的公告,提供/对外担保公告,2024-06-25,https://data.eastmoney.com/notices/detail/002244/AN202406241636830391.html
002702,海欣食品,海欣食品:回购股份报告书,回购报告书,2024-06-25,https://data.eastmoney.com/notices/detail/002702/AN202406241636830387.html
300482,万孚生物,万孚生物:关于2020年限制性股票激励计划预留授予部分第二类限制性股票第二个归属期归属结果暨股份上市的公告,限售股份上市流通,2024-06-25,https://data.eastmoney.com/notices/detail/300482/AN202406241636830389.html
300412,迦南科技,迦南科技:关于公司实际控制人增持公司股份计划的公告,股东/实际控制人股份增持,2024-06-25,https://data.eastmoney.com/notices/detail/300412/AN202406241636830392.html
300061,旗天科技,旗天科技:关于为子公司提供担保的公告,提供/对外担保公告,2024-06-25,https://data.eastmoney.com/notices/detail/300061/AN202406241636830388.html
002244,滨江集团,滨江集团:2024年度第四期短期融资券发行结果公告,其他,2024-06-25,https://data.eastmoney.com/notices/detail/002244/AN202406241636830390.html
605116,奥锐特,奥锐特:奥锐特药业股份有限公司关于向不特定对象发行可转换公司债券申请获得中国证券监督管理委员会同意注册批复的公告,其他,2024-06-25,https://data.eastmoney.com/notices/detail/605116/AN202406241636830360.html
600039,四川路桥,四川路桥:四川路桥2024年度第二期中期票据发行结果公告,其他,2024-06-25,https://data.eastmoney.com/notices/detail/600039/AN202406241636830357.html
600039,四川路桥,四川路桥:四川路桥关于股权激励限制性股票回购注销实施公告,回购实施公告,2024-06-25,https://data.eastmoney.com/notices/detail/600039/AN202406241636830342.html
600039,四川路桥,四川路桥:北京康达(成都)律师事务所关于四川路桥建设集团股份有限公司2019年限制性股票激励计划、2021年限制性股票激励计划之部分限制性股票回购注销相关事项的法律意见书,法律意见书,2024-06-25,https://data.eastmoney.com/notices/detail/600039/AN202406241636830341.html
605133,嵘泰股份,嵘泰股份:北京市环球律师事务所关于江苏嵘泰工业股份有限公司差异化分红事项之专项法律意见书,法律意见书,2024-06-25,https://data.eastmoney.com/notices/detail/605133/AN202406241636830329.html
605133,嵘泰股份,嵘泰股份:嵘泰股份2023年年度权益分派实施公告,分配方案实施,2024-06-25,https://data.eastmoney.com/notices/detail/605133/AN202406241636830328.html
603001,奥康国际,ST奥康:关于公司股票撤销其他风险警示暨停牌的公告,撤销其他特别处理,2024-06-25,https://data.eastmoney.com/notices/detail/603001/AN202406241636830321.html
605077,华康股份,华康股份:华康股份关于“华康转债”开始转股的公告,其他,2024-06-25,https://data.eastmoney.com/notices/detail/605077/AN202406241636830318.html
601689,拓普集团,拓普集团:拓普集团2023年年度股东大会决议公告,分配方案决议公告,2024-06-25,https://data.eastmoney.com/notices/detail/601689/AN202406241636830320.html
601689,拓普集团,拓普集团:国浩律师(上海)事务所关于宁波拓普集团股份有限公司2023年年度股东大会的法律意见书,法律意见书,2024-06-25,https://data.eastmoney.com/notices/detail/601689/AN202406241636830319.html
688513,苑东生物,苑东生物:中信证券股份有限公司关于成都苑东生物制药股份有限公司差异化权益分派特殊除权除息事项的核查意见,保荐/核查意见,2024-06-25,https://data.eastmoney.com/notices/detail/688513/AN202406241636830297.html
688513,苑东生物,苑东生物:2023年年度权益分派实施公告,分配方案实施,2024-06-25,https://data.eastmoney.com/notices/detail/688513/AN202406241636830298.html
600392,盛和资源,盛和资源:盛和资源控股股份有限公司2023年年度权益分派实施公告,分配方案实施,2024-06-25,https://data.eastmoney.com/notices/detail/600392/AN202406241636830288.html
603878,武进不锈,武进不锈:武进不锈关于向不特定对象发行可转换公司债券2024年跟踪评级结果的公告,其他,2024-06-25,https://data.eastmoney.com/notices/detail/603878/AN202406241636830218.html
601958,金钼股份,金钼股份:金钼股份2023年年度权益分派实施公告,分配方案实施,2024-06-25,https://data.eastmoney.com/notices/detail/601958/AN202406241636830217.html
600231,凌钢股份,凌钢股份:凌源钢铁股份有限公司2024年度跟踪评级报告,其他,2024-06-25,https://data.eastmoney.com/notices/detail/600231/AN202406241636830220.html
603878,武进不锈,武进不锈:2023年江苏武进不锈股份有限公司向不特定对象发行可转换公司债券2024年跟踪评级报告,其他,2024-06-25,https://data.eastmoney.com/notices/detail/603878/AN202406241636830216.html
600231,凌钢股份,凌钢股份:凌源钢铁股份有限公司关于可转换公司债券2024年跟踪评级结果的公告,其他,2024-06-25,https://data.eastmoney.com/notices/detail/600231/AN202406241636830219.html
603979,金诚信,金诚信:金诚信矿业管理股份有限公司公开发行可转换公司债券2024年跟踪评级报告,其他,2024-06-25,https://data.eastmoney.com/notices/detail/603979/AN202406241636830194.html
603979,金诚信,金诚信:金诚信关于公开发行可转换公司债券2024年跟踪评级结果的公告,其他,2024-06-25,https://data.eastmoney.com/notices/detail/603979/AN202406241636830192.html
605259,绿田机械,绿田机械:绿田机械2023年年度权益分派实施公告,分配方案实施,2024-06-25,https://data.eastmoney.com/notices/detail/605259/AN202406241636830193.html
300556,丝路视觉,丝路视觉:关于第三期股票期权与限制性股票激励计划股票期权授予登记完成的公告,股本变动,2024-06-25,https://data.eastmoney.com/notices/detail/300556/AN202406241636830174.html
300301,ST长方,*ST长方:关于拟公开挂牌转让公司部分资产的进展公告,股权转让,2024-06-25,https://data.eastmoney.com/notices/detail/300301/AN202406241636830175.html
600644,乐山电力,乐山电力:乐山电力股份有限公司关于对外投资成立子公司的进展公告,投资设立公司,2024-06-25,https://data.eastmoney.com/notices/detail/600644/AN202406241636830168.html
605488,福莱新材,福莱新材:福莱新材第三届董事会第二次会议决议公告,董事会决议公告,2024-06-25,https://data.eastmoney.com/notices/detail/605488/AN202406241636830097.html
605488,福莱新材,福莱新材:福莱新材关于使用部分闲置自有资金进行现金管理的公告,投资理财,2024-06-25,https://data.eastmoney.com/notices/detail/605488/AN202406241636830100.html
605488,福莱新材,福莱新材:福莱新材第三届监事会第二次会议决议公告,监事会决议公告,2024-06-25,https://data.eastmoney.com/notices/detail/605488/AN202406241636830096.html
603115,海星股份,海星股份:关于完成工商变更登记并换发营业执照的公告,公司章程修订,2024-06-25,https://data.eastmoney.com/notices/detail/603115/AN202406241636830098.html
605488,福莱新材,福莱新材:北京君合(杭州)律师事务所关于浙江福莱新材料股份有限公司调整2021年限制性股票激励计划回购价格及数量的法律意见书,法律意见书,2024-06-25,https://data.eastmoney.com/notices/detail/605488/AN202406241636830099.html
605488,福莱新材,福莱新材:福莱新材关于调整2021年限制性股票激励计划回购价格及数量的公告,股权激励行权价（数量）调整,2024-06-25,https://data.eastmoney.com/notices/detail/605488/AN202406241636830101.html
605158,华达新材,华达新材:浙江华达新型材料股份有限公司2024年第一次临时股东大会决议公告,股东大会决议公告,2024-06-25,https://data.eastmoney.com/notices/detail/605158/AN202406241636830092.html
605158,华达新材,华达新材:国浩律师(杭州)事务所关于浙江华达新型材料股份有限公司2024年第一次临时股东大会法律意见书,法律意见书,2024-06-25,https://data.eastmoney.com/notices/detail/605158/AN202406241636830091.html
601901,方正证券,方正证券:第五届董事会第七次会议决议公告,董事会决议公告,2024-06-25,https://data.eastmoney.com/notices/detail/601901/AN202406241636830051.html
601901,方正证券,方正证券:关于出售瑞信证券49%股权的公告,收购出售资产/股权,2024-06-25,https://data.eastmoney.com/notices/detail/601901/AN202406241636830053.html
605366,宏柏新材,宏柏新材:江西宏柏新材料股份有限公司关于2022年员工持股计划第二个锁定期届满的提示性公告,员工持股计划,2024-06-25,https://data.eastmoney.com/notices/detail/605366/AN202406241636830052.html
600753,ST海钦,庚星股份:庚星股份2024年第二次临时股东大会决议公告,股东大会决议公告,2024-06-25,https://data.eastmoney.com/notices/detail/600753/AN202406241636830044.html
600753,ST海钦,庚星股份:庚星股份2024年第二次临时股东大会法律意见书,法律意见书,2024-06-25,https://data.eastmoney.com/notices/detail/600753/AN202406241636830045.html
300112,万讯自控,万讯自控:关于股东股份解除质押的公告,股份质押、冻结,2024-06-25,https://data.eastmoney.com/notices/detail/300112/AN202406241636830026.html
002886,沃特股份,沃特股份:北京市君泽君(深圳)律师事务所关于深圳市沃特新材料股份有限公司2024年第三次临时股东大会的法律意见书,法律意见书,2024-06-25,https://data.eastmoney.com/notices/detail/002886/AN202406241636830031.html
002886,沃特股份,沃特股份:2024年第三次临时股东大会决议公告,股东大会决议公告,2024-06-25,https://data.eastmoney.com/notices/detail/002886/AN202406241636830030.html
002824,和胜股份,和胜股份:关于取得发明专利证书的公告,获得认证,2024-06-25,https://data.eastmoney.com/notices/detail/002824/AN202406241636830027.html
002295,精艺股份,精艺股份:关于延期回复深圳证券交易所《年报问询函》的公告,延期回复问询函公告,2024-06-25,https://data.eastmoney.com/notices/detail/002295/AN202406241636830029.html
001389,广合科技,广合科技:2023年年度权益分派实施公告,分配方案实施,2024-06-25,https://data.eastmoney.com/notices/detail/001389/AN202406241636830028.html
688201,ST信安,信安世纪:关于调整2023年度利润分配及资本公积金转增股本预案现金分红总额及转增股本总额的公告,分配预案,2024-06-25,https://data.eastmoney.com/notices/detail/688201/AN202406241636830012.html
600855,航天长峰,航天长峰:北京航天长峰股份有限公司关于变更部分监事的公告,高管人员任职变动,2024-06-25,https://data.eastmoney.com/notices/detail/600855/AN202406241636830002.html
600212,绿能慧充,绿能慧充:绿能慧充拟股权收购涉及的嘉兴中创航空技术有限公司股东全部权益价值资产评估报告,其他,2024-06-25,https://data.eastmoney.com/notices/detail/600212/AN202406241636830005.html
600212,绿能慧充,绿能慧充:嘉兴中创航空技术有限公司2023年度及2024年1-4月财务报表审计报告,审计报告,2024-06-25,https://data.eastmoney.com/notices/detail/600212/AN202406241636830004.html
600855,航天长峰,航天长峰:北京航天长峰股份有限公司十届九次监事会决议公告,高管人员任职变动,2024-06-25,https://data.eastmoney.com/notices/detail/600855/AN202406241636830007.html
600855,航天长峰,航天长峰:北京航天长峰股份有限公司关于召开2024年第二次临时股东大会的通知,召开股东大会通知,2024-06-25,https://data.eastmoney.com/notices/detail/600855/AN202406241636830001.html
600212,绿能慧充,绿能慧充:绿能慧充关于对外投资暨签署《增资及股权转让协议》的公告,签订协议,2024-06-25,https://data.eastmoney.com/notices/detail/600212/AN202406241636830006.html
600855,航天长峰,航天长峰:北京航天长峰股份有限公司十二届十次董事会决议公告,董事会决议公告,2024-06-25,https://data.eastmoney.com/notices/detail/600855/AN202406241636830003.html
600321,正源股份,正源股份:关于为子公司提供担保的进展公告,提供/对外担保公告,2024-06-25,https://data.eastmoney.com/notices/detail/600321/AN202406241636829998.html
002657,中科金财,中科金财:2024年第一次临时股东大会法律意见书,法律意见书,2024-06-25,https://data.eastmoney.com/notices/detail/002657/AN202406241636829982.html
002657,中科金财,中科金财:2024年第一次临时股东大会决议公告,股东大会决议公告,2024-06-25,https://data.eastmoney.com/notices/detail/002657/AN202406241636829981.html
603353,和顺石油,和顺石油:北京市中伦(深圳)律师事务所关于湖南和顺石油股份有限公司差异化分红事项的专项核查意见,保荐/核查意见,2024-06-25,https://data.eastmoney.com/notices/detail/603353/AN202406241636829955.html
603353,和顺石油,和顺石油:和顺石油2023年年度权益分派实施公告,分配方案实施,2024-06-25,https://data.eastmoney.com/notices/detail/603353/AN202406241636829954.html
600502,安徽建工,安徽建工:安徽建工关于项目中标的公告,重大合同,2024-06-25,https://data.eastmoney.com/notices/detail/600502/AN202406241636829908.html
600301,华锡有色,华锡有色:国浩律师(南宁)事务所关于广西华锡有色金属股份有限公司2024年第三次临时股东大会的法律意见书,法律意见书,2024-06-25,https://data.eastmoney.com/notices/detail/600301/AN202406241636829910.html
603069,海汽集团,海汽集团:海汽集团关于公开挂牌转让乐东利国车站资产的进展公告,股权转让,2024-06-25,https://data.eastmoney.com/notices/detail/603069/AN202406241636829911.html
600301,华锡有色,华锡有色:广西华锡有色金属股份有限公司2024年第三次临时股东大会决议公告,股东大会决议公告,2024-06-25,https://data.eastmoney.com/notices/detail/600301/AN202406241636829909.html
002971,和远气体,和远气体:2024年第一次临时股东大会见证法律意见书,法律意见书,2024-06-25,https://data.eastmoney.com/notices/detail/002971/AN202406241636829925.html
002971,和远气体,和远气体:2024年第一次临时股东大会决议公告,股东大会决议公告,2024-06-25,https://data.eastmoney.com/notices/detail/002971/AN202406241636829924.html
002030,达安基因,达安基因:2024年第二次临时股东大会法律意见书,法律意见书,2024-06-25,https://data.eastmoney.com/notices/detail/002030/AN202406241636829927.html
002030,达安基因,达安基因:关于下属子公司取得一个医疗器械注册证的提示性公告,其他,2024-06-25,https://data.eastmoney.com/notices/detail/002030/AN202406241636829926.html
605166,聚合顺,聚合顺:2022年杭州聚合顺新材料股份有限公司公开发行可转换公司债券2024年跟踪评级报告,其他,2024-06-25,https://data.eastmoney.com/notices/detail/605166/AN202406241636829890.html
688228,开普云,开普云:上海市锦天城(深圳)律师事务所关于开普云信息科技股份有限公司2023年度差异化权益分派事项之法律意见书,法律意见书,2024-06-25,https://data.eastmoney.com/notices/detail/688228/AN202406241636829883.html
688228,开普云,开普云:2023年年度权益分派实施公告,分配方案实施,2024-06-25,https://data.eastmoney.com/notices/detail/688228/AN202406241636829882.html
002030,达安基因,达安基因:2024年第二次临时股东大会决议公告,股东大会决议公告,2024-06-25,https://data.eastmoney.com/notices/detail/002030/AN202406241636829745.html
605268,王力安防,王力安防:王力安防2024年限制性股票激励计划(草案)之法律意见书,法律意见书,2024-06-25,https://data.eastmoney.com/notices/detail/605268/AN202406241636829731.html
605268,王力安防,王力安防:王力安防2024年限制性股票激励计划(草案),股权激励计划,2024-06-25,https://data.eastmoney.com/notices/detail/605268/AN202406241636829732.html
605268,王力安防,王力安防:王力安防2024年限制性股票激励计划(草案)摘要,股权激励计划摘要,2024-06-25,https://data.eastmoney.com/notices/detail/605268/AN202406241636829730.html
605268,王力安防,王力安防:王力安防关于回购注销部分已获授但不符合解除限售条件的限制性股票及调整回购价格的公告,限售股份上市流通,2024-06-25,https://data.eastmoney.com/notices/detail/605268/AN202406241636829740.html
605268,王力安防,王力安防:《王力安防公司章程》(2024年6月修订),公司章程修订,2024-06-25,https://data.eastmoney.com/notices/detail/605268/AN202406241636829736.html
605268,王力安防,王力安防:国浩律师(杭州)事务所关于王力安防2022年限制性股票激励计划第二个解除限售期解除限售条件未成就及回购注销部分限制性股票并调整回购价格之法律意见书,法律意见书,2024-06-25,https://data.eastmoney.com/notices/detail/605268/AN202406241636829737.html
605268,王力安防,王力安防:王力安防关于回购注销部分限制性股票减少注册资本暨通知债权人的公告,公司注册资本变更,2024-06-25,https://data.eastmoney.com/notices/detail/605268/AN202406241636829729.html
603683,晶华新材,晶华新材:光大证券股份有限公司关于上海晶华胶粘新材料股份有限公司使用募集资金及自有资金向全资子公司增资的核查意见,保荐/核查意见,2024-06-25,https://data.eastmoney.com/notices/detail/603683/AN202406241636829723.html
605268,王力安防,王力安防:王力安防2024年限制性股票激励计划首次授予激励对象名单,股权激励对象名单,2024-06-25,https://data.eastmoney.com/notices/detail/605268/AN202406241636829739.html
605268,王力安防,王力安防:王力安防第三届董事会第十三次会议决议公告,董事会决议公告,2024-06-25,https://data.eastmoney.com/notices/detail/605268/AN202406241636829733.html
605268,王力安防,王力安防:王力安防关于召开2024年第一次临时股东大会的通知,召开股东大会通知,2024-06-25,https://data.eastmoney.com/notices/detail/605268/AN202406241636829734.html
603683,晶华新材,晶华新材:晶华新材关于使用募集资金及自有资金向全资子公司增资的公告,增资扩股,2024-06-25,https://data.eastmoney.com/notices/detail/603683/AN202406241636829724.html
603683,晶华新材,晶华新材:晶华新材第四届监事会第六次会议决议公告,监事会决议公告,2024-06-25,https://data.eastmoney.com/notices/detail/603683/AN202406241636829728.html
605268,王力安防,王力安防:王力安防关于减少注册资本及修订《公司章程》相应条款的公告,公司注册资本变更,2024-06-25,https://data.eastmoney.com/notices/detail/605268/AN202406241636829741.html
605268,王力安防,王力安防:王力安防第三届监事会第十三次会议决议公告,监事会决议公告,2024-06-25,https://data.eastmoney.com/notices/detail/605268/AN202406241636829725.html
605268,王力安防,王力安防:王力安防2024年限制性股票激励计划实施考核管理办法,管理办法/制度,2024-06-25,https://data.eastmoney.com/notices/detail/605268/AN202406241636829738.html
605268,王力安防,王力安防:王力安防监事会关于2024年限制性股票激励计划相关事项的核查意见,专项说明/独立意见,2024-06-25,https://data.eastmoney.com/notices/detail/605268/AN202406241636829726.html
605268,王力安防,王力安防:上海荣正企业咨询服务(集团)股份有限公司关于王力安防2024年限制性股票激励计划(草案)之独立财务顾问报告,保荐/核查意见,2024-06-25,https://data.eastmoney.com/notices/detail/605268/AN202406241636829735.html
605268,王力安防,王力安防:王力安防关于独立董事公开征集委托投票权的公告,其他,2024-06-25,https://data.eastmoney.com/notices/detail/605268/AN202406241636829727.html
688585,上纬新材,上纬新材:上纬新材关于2022年限制性股票激励计划首次授予第二个归属期归属结果暨股份上市的公告,限售股份上市流通,2024-06-25,https://data.eastmoney.com/notices/detail/688585/AN202406241636829690.html
601686,友发集团,友发集团:关于董事会提议向下修正“友发转债”转股价格的公告,其他,2024-06-25,https://data.eastmoney.com/notices/detail/601686/AN202406241636829681.html
601686,友发集团,友发集团:关于第五届董事会第八次会议决议公告,董事会决议公告,2024-06-25,https://data.eastmoney.com/notices/detail/601686/AN202406241636829682.html
601686,友发集团,友发集团:关于新增2024年度日常关联交易的公告,关联交易,2024-06-25,https://data.eastmoney.com/notices/detail/601686/AN202406241636829686.html
601686,友发集团,友发集团:关于“友发转债”变更转股来源的公告,其他,2024-06-25,https://data.eastmoney.com/notices/detail/601686/AN202406241636829684.html
600869,远东股份,远东股份:关于为远东电缆有限公司提供担保的公告,提供/对外担保公告,2024-06-25,https://data.eastmoney.com/notices/detail/600869/AN202406241636829680.html
601686,友发集团,友发集团:关于第五届监事会第八次会议决议公告,监事会决议公告,2024-06-25,https://data.eastmoney.com/notices/detail/601686/AN202406241636829683.html
601686,友发集团,友发集团:2024年第四次临时股东大会通知,召开股东大会通知,2024-06-25,https://data.eastmoney.com/notices/detail/601686/AN202406241636829685.html
688603,天承科技,天承科技:关于转让子公司股权的进展公告,股权转让,2024-06-25,https://data.eastmoney.com/notices/detail/688603/AN202406241636829669.html
688231,隆达股份,隆达股份:关于2023年年度权益分派实施后调整回购股份价格上限的公告,回购方案修订,2024-06-25,https://data.eastmoney.com/notices/detail/688231/AN202406241636829625.html
688231,隆达股份,隆达股份:2023年年度权益分派实施公告,分配方案实施,2024-06-25,https://data.eastmoney.com/notices/detail/688231/AN202406241636829627.html
688231,隆达股份,隆达股份:华英证券有限责任公司关于江苏隆达超合金股份有限公司差异化分红事项的核查意见,保荐/核查意见,2024-06-25,https://data.eastmoney.com/notices/detail/688231/AN202406241636829628.html
688231,隆达股份,隆达股份:国信证券股份有限公司关于江苏隆达超合金股份有限公司差异化分红事项的核查意见,保荐/核查意见,2024-06-25,https://data.eastmoney.com/notices/detail/688231/AN202406241636829626.html
603933,睿能科技,睿能科技:睿能科技关于部分闲置募集资金现金管理到期赎回的公告,投资理财,2024-06-25,https://data.eastmoney.com/notices/detail/603933/AN202406241636829611.html
603933,睿能科技,睿能科技:睿能科技关于推动公司“提质增效重回报”及公司董事王开伟先生增持股份进展的公告,股东/实际控制人股份增持,2024-06-25,https://data.eastmoney.com/notices/detail/603933/AN202406241636829618.html
603690,至纯科技,至纯科技:2023年年度股东大会决议公告,分配方案决议公告,2024-06-25,https://data.eastmoney.com/notices/detail/603690/AN202406241636829613.html
605118,力鼎光电,力鼎光电:力鼎光电公司章程(2024年6月),公司章程,2024-06-25,https://data.eastmoney.com/notices/detail/605118/AN202406241636829619.html
603933,睿能科技,睿能科技:睿能科技获得政府补助的公告,获得补贴（资助）,2024-06-25,https://data.eastmoney.com/notices/detail/603933/AN202406241636829615.html
601058,赛轮轮胎,赛轮轮胎:轮轮胎关于持股5%以上股东权益变动超过1%暨股份拍卖过户的提示性公告,权益变动报告书,2024-06-25,https://data.eastmoney.com/notices/detail/601058/AN202406241636829614.html
603690,至纯科技,至纯科技:上海市锦天城律师事务所关于至纯科技2023年年度股东大会的法律意见书,法律意见书,2024-06-25,https://data.eastmoney.com/notices/detail/603690/AN202406241636829612.html
605118,力鼎光电,力鼎光电:力鼎光电第三届董事会第二次会议决议公告,董事会决议公告,2024-06-25,https://data.eastmoney.com/notices/detail/605118/AN202406241636829616.html
605118,力鼎光电,力鼎光电:力鼎光电关于变更注册资本及修订《公司章程》部分条款的公告,公司章程修订,2024-06-25,https://data.eastmoney.com/notices/detail/605118/AN202406241636829617.html
601698,中国卫通,中国卫通:中国卫通关于中星6C卫星保险赔付进展公告,其他,2024-06-25,https://data.eastmoney.com/notices/detail/601698/AN202406241636829560.html
603377,ST东时,ST东时:东方时尚投资有限公司关于对东方时尚驾驶学校股份有限公司股票异常波动问询函的回复,回复问询函公告,2024-06-25,https://data.eastmoney.com/notices/detail/603377/AN202406241636829536.html
603773,沃格光电,沃格光电:江西沃格光电股份有限公司关于向2023年股票期权与限制性股票激励计划激励对象授予预留部分股票期权与限制性股票的公告,股权激励进展公告,2024-06-25,https://data.eastmoney.com/notices/detail/603773/AN202406241636829531.html
603773,沃格光电,沃格光电:江西沃格光电股份有限公司第四届监事会第十四次会议决议公告,监事会决议公告,2024-06-25,https://data.eastmoney.com/notices/detail/603773/AN202406241636829534.html
603773,沃格光电,沃格光电:国浩律师(上海)事务所关于江西沃格光电股份有限公司2023年股票期权与限制性股票激励计划调整限制性股票回购价格及数量、回购注销部分限制性股票的法律意见书,法律意见书,2024-06-25,https://data.eastmoney.com/notices/detail/603773/AN202406241636829525.html
603773,沃格光电,沃格光电:江西沃格光电股份有限公司关于调整2023年股票期权与限制性股票激励计划限制性股票回购价格及数量并回购注销部分限制性股票的公告,股权激励行权价（数量）调整,2024-06-25,https://data.eastmoney.com/notices/detail/603773/AN202406241636829529.html
603773,沃格光电,沃格光电:江西沃格光电股份有限公司第四届董事会第十五次会议决议公告,董事会决议公告,2024-06-25,https://data.eastmoney.com/notices/detail/603773/AN202406241636829528.html
603773,沃格光电,沃格光电:江西沃格光电股份有限公司2023年股票期权与限制性股票激励计划预留授予激励对象名单(截止授予日),股权激励对象名单,2024-06-25,https://data.eastmoney.com/notices/detail/603773/AN202406241636829524.html
603773,沃格光电,沃格光电:江西沃格光电股份有限公司监事会关于2023年股票期权与限制性股票激励计划相关事项的核查意见,专项说明/独立意见,2024-06-25,https://data.eastmoney.com/notices/detail/603773/AN202406241636829530.html
603773,沃格光电,沃格光电:深圳价值在线咨询顾问有限公司关于江西沃格光电股份有限公司2023年股票期权与限制性股票激励计划预留授予相关事项之独立财务顾问报告,保荐/核查意见,2024-06-25,https://data.eastmoney.com/notices/detail/603773/AN202406241636829527.html
603773,沃格光电,沃格光电:江西沃格光电股份有限公司关于回购注销部分限性股票通知债权人的公告,通知债权人公告,2024-06-25,https://data.eastmoney.com/notices/detail/603773/AN202406241636829533.html
603377,ST东时,ST东时:关于股票交易异常波动公告,股票交易异常波动,2024-06-25,https://data.eastmoney.com/notices/detail/603377/AN202406241636829532.html
603773,沃格光电,沃格光电:国浩律师(上海)事务所关于江西沃格光电股份有限公司向2023年股票期权与限制性股票激励计划激励对象授予预留部分股票期权与限制性股票的法律意见书,法律意见书,2024-06-25,https://data.eastmoney.com/notices/detail/603773/AN202406241636829526.html
603213,镇洋发展,镇洋发展:2023年浙江镇洋发展股份有限公司向不特定对象发行可转换公司债券2024年跟踪评级报告,其他,2024-06-25,https://data.eastmoney.com/notices/detail/603213/AN202406241636829500.html
603213,镇洋发展,镇洋发展:浙江镇洋发展股份有限公司关于向不特定对象发行可转换公司债券跟踪评级结果的公告,其他,2024-06-25,https://data.eastmoney.com/notices/detail/603213/AN202406241636829499.html
688565,力源科技,力源科技:上海市锦天城律师事务所关于浙江海盐力源环保科技股份有限公司2022年限制性股票激励计划回购注销部分限制性股票实施情况的法律意见书,法律意见书,2024-06-25,https://data.eastmoney.com/notices/detail/688565/AN202406241636829478.html
688565,力源科技,力源科技:2022年限制性股票激励计划部分第一类限制性股票回购注销实施公告,回购实施公告,2024-06-25,https://data.eastmoney.com/notices/detail/688565/AN202406241636829479.html
002665,ST航高,ST航高:关于公司股票存在可能因股价低于面值被终止上市的第九次风险提示公告,终止上市风险提示,2024-06-25,https://data.eastmoney.com/notices/detail/002665/AN202406241636829487.html
002624,完美世界,完美世界:关于2023年员工持股计划非交易过户完成的公告,员工持股计划,2024-06-25,https://data.eastmoney.com/notices/detail/002624/AN202406241636829486.html
002586,ST围海,*ST围海:关于立案调查事项进展暨风险提示公告,违法违规,2024-06-25,https://data.eastmoney.com/notices/detail/002586/AN202406241636829483.html
002586,ST围海,*ST围海:关于工程项目中标的公告,重大合同,2024-06-25,https://data.eastmoney.com/notices/detail/002586/AN202406241636829485.html
002586,ST围海,*ST围海:关于公司股票被实行其他风险警示相关事项的进展公告,风险提示性公告,2024-06-25,https://data.eastmoney.com/notices/detail/002586/AN202406241636829484.html
002508,老板电器,老板电器:2024年股票期权激励计划授予登记完成的公告,股权激励进展公告,2024-06-25,https://data.eastmoney.com/notices/detail/002508/AN202406241636829482.html
600653,申华控股,申华控股:申华控股关于控股股东增持计划进展暨增持达1%的提示性公告,股东/实际控制人股份增持,2024-06-25,https://data.eastmoney.com/notices/detail/600653/AN202406241636829452.html
601086,国芳集团,国芳集团:关于控股股东一致行动人、实际控制人进行股票质押式回购交易展期暨补充质押的公告,股份质押、冻结,2024-06-25,https://data.eastmoney.com/notices/detail/601086/AN202406241636829454.html
600986,浙文互联,浙文互联:浙文互联关于使用闲置募集资金进行现金管理的进展公告,募集资金使用进展情况,2024-06-25,https://data.eastmoney.com/notices/detail/600986/AN202406241636829451.html
601086,国芳集团,国芳集团:关于与专业机构共同投资设立有限合伙企业的公告,投资设立公司,2024-06-25,https://data.eastmoney.com/notices/detail/601086/AN202406241636829453.html
688518,联赢激光,联赢激光:深圳市联赢激光股份有限公司关于开立募集资金现管理专用结算账户的公告,其他,2024-06-25,https://data.eastmoney.com/notices/detail/688518/AN202406241636829450.html
002650,ST加加,ST加加:关于公司控股股东及实际控制人新增被列入失信被执行人的公告,其他,2024-06-25,https://data.eastmoney.com/notices/detail/002650/AN202406241636829392.html
600721,百花医药,百花医药:新疆百花村医药集团股份有限公司关于控股股东股份质押进展情况的公告,股份质押、冻结,2024-06-25,https://data.eastmoney.com/notices/detail/600721/AN202406241636829391.html
600080,ST金花,金花股份:金花企业(集团)股份有限公司关于更换持续督导保荐代表人的公告,保荐代表人（机构）变更,2024-06-25,https://data.eastmoney.com/notices/detail/600080/AN202406241636829195.html
603868,飞科电器,飞科电器:上海飞科电器股份有限公司关于联营企业回购公司所持部分股权暨对联营企业减资的公告,回购进展情况,2024-06-25,https://data.eastmoney.com/notices/detail/603868/AN202406241636829185.html
603868,飞科电器,飞科电器:上海飞科电器股份有限公司第四届董事会独立董事专门会议第二次会议决议,董事会决议公告,2024-06-25,https://data.eastmoney.com/notices/detail/603868/AN202406241636829186.html
301290,东星医疗,东星医疗:关于董事会换届选举的公告,高管人员任职变动,2024-06-25,https://data.eastmoney.com/notices/detail/301290/AN202406241636829044.html
301290,东星医疗,东星医疗:第三届监事会第十八次会议决议公告,高管人员任职变动,2024-06-25,https://data.eastmoney.com/notices/detail/301290/AN202406241636829040.html
301290,东星医疗,东星医疗:独立董事候选人声明与承诺(沈世娟),独立董事候选人声明,2024-06-25,https://data.eastmoney.com/notices/detail/301290/AN202406241636829048.html
301290,东星医疗,东星医疗:独立董事提名人声明与承诺(上官俊杰),独立董事提名人声明,2024-06-25,https://data.eastmoney.com/notices/detail/301290/AN202406241636829047.html
301290,东星医疗,东星医疗:独立董事候选人声明与承诺(上官俊杰),独立董事候选人声明,2024-06-25,https://data.eastmoney.com/notices/detail/301290/AN202406241636829046.html
301290,东星医疗,东星医疗:独立董事提名人声明与承诺(朱旗),独立董事提名人声明,2024-06-25,https://data.eastmoney.com/notices/detail/301290/AN202406241636829045.html
301290,东星医疗,东星医疗:独立董事提名人声明与承诺(沈世娟),独立董事提名人声明,2024-06-25,https://data.eastmoney.com/notices/detail/301290/AN202406241636829042.html
301290,东星医疗,东星医疗:关于监事会换届选举的公告,高管人员任职变动,2024-06-25,https://data.eastmoney.com/notices/detail/301290/AN202406241636829041.html
301290,东星医疗,东星医疗:独立董事候选人声明与承诺(朱旗),独立董事候选人声明,2024-06-25,https://data.eastmoney.com/notices/detail/301290/AN202406241636829039.html
301290,东星医疗,东星医疗:关于召开公司2024年第二次临时股东大会的通知,召开股东大会通知,2024-06-25,https://data.eastmoney.com/notices/detail/301290/AN202406241636829043.html
301290,东星医疗,东星医疗:第三届董事会第二十次会议决议公告,高管人员任职变动,2024-06-25,https://data.eastmoney.com/notices/detail/301290/AN202406241636829038.html
688080,映翰通,映翰通:光大证券股份有限公司关于北京映翰通网络技术股份有限公司2023年度持续督导现场检查报告,保荐/核查意见,2024-06-25,https://data.eastmoney.com/notices/detail/688080/AN202406241636829026.html
603880,南卫股份,ST南卫:南卫股份关于撤销其他风险警示暨停牌的公告,撤销其他特别处理,2024-06-25,https://data.eastmoney.com/notices/detail/603880/AN202406241636829005.html
600835,上海机电,上海机电:上海机电2024年第一次临时股东大会法律意见书,法律意见书,2024-06-25,https://data.eastmoney.com/notices/detail/600835/AN202406241636828994.html
600835,上海机电,上海机电:上海机电2024年第一次临时股东大会决议公告,股东大会决议公告,2024-06-25,https://data.eastmoney.com/notices/detail/600835/AN202406241636828993.html
002420,毅昌科技,毅昌科技:关于对外投资设立子公司的公告,投资设立公司,2024-06-25,https://data.eastmoney.com/notices/detail/002420/AN202406241636828989.html
002420,毅昌科技,毅昌科技:第六届董事会第十三次会议决议公告,董事会决议公告,2024-06-25,https://data.eastmoney.com/notices/detail/002420/AN202406241636828988.html
002148,北纬科技,北纬科技:关于2021年度限制性股票激励计划预留授予股票第二个解除限售期股份上市流通的提示性公告,限售股份上市流通,2024-06-25,https://data.eastmoney.com/notices/detail/002148/AN202406241636828987.html
002131,利欧股份,利欧股份:关于回购股份事项前十名股东和前十名无限售条件股东持股情况的公告,其他,2024-06-25,https://data.eastmoney.com/notices/detail/002131/AN202406241636828986.html
002131,利欧股份,利欧股份:回购报告书,回购报告书,2024-06-25,https://data.eastmoney.com/notices/detail/002131/AN202406241636828985.html
000878,云南铜业,云南铜业:关于中铝集团增持公司股份达到1%的公告,股东/实际控制人股份增持,2024-06-25,https://data.eastmoney.com/notices/detail/000878/AN202406241636828984.html
600337,ST美克,美克家居:美克国际家居用品股份有限公司关于担保的进展公告,其他担保公告,2024-06-25,https://data.eastmoney.com/notices/detail/600337/AN202406241636828974.html
002407,多氟多,多氟多:关于回购股份注销完成暨股份变动公告,股本变动,2024-06-25,https://data.eastmoney.com/notices/detail/002407/AN202406241636828983.html
000731,四川美丰,四川美丰:关于2023年度权益分派实施后调整股份回购价格上限的公告,回购方案修订,2024-06-25,https://data.eastmoney.com/notices/detail/000731/AN202406241636828982.html
002404,嘉欣丝绸,嘉欣丝绸:关于持股5%以上股东的一致行动人增持股份计划时间过半的进展公告,股东/实际控制人股份增持,2024-06-25,https://data.eastmoney.com/notices/detail/002404/AN202406241636828981.html
002593,日上集团,日上集团:股票交易异常波动公告,股票交易异常波动,2024-06-25,https://data.eastmoney.com/notices/detail/002593/AN202406241636828980.html
600048,保利发展,保利发展:保利发展控股集团股份有限公司2024年度第五期绿色中期票据发行结果公告,其他,2024-06-25,https://data.eastmoney.com/notices/detail/600048/AN202406241636828944.html
688265,南模生物,南模生物:关于调整2023年度利润分配方案每股分配金额的公告,分配方案调整,2024-06-25,https://data.eastmoney.com/notices/detail/688265/AN202406241636828938.html
603201,常润股份,常润股份:常熟通润汽车零部件股份有限公司2023年年度权益分派实施公告,分配方案实施,2024-06-25,https://data.eastmoney.com/notices/detail/603201/AN202406241636828924.html
600083,*ST博信,*ST博信:*ST博信股票交易异常波动公告,股票交易异常波动,2024-06-25,https://data.eastmoney.com/notices/detail/600083/AN202406241636828922.html
600083,*ST博信,*ST博信:关于江苏博信投资控股股份有限公司查询股价异常波动相关情况的回函,股票交易异常波动,2024-06-25,https://data.eastmoney.com/notices/detail/600083/AN202406241636828923.html
600537,*ST亿晶,亿晶光电:亿晶光电科技股份有限公司关于部分股票期权注销完成的公告,股权激励进展公告,2024-06-25,https://data.eastmoney.com/notices/detail/600537/AN202406241636828740.html
600537,*ST亿晶,亿晶光电:亿晶光电科技股份有限公司股权激励限制性股票回购注销实施公告,回购实施公告,2024-06-25,https://data.eastmoney.com/notices/detail/600537/AN202406241636828742.html
600537,*ST亿晶,亿晶光电:上海兰迪律师事务所关于亿晶光电科技股份有限公司2022年股票期权与限制性股票激励计划部分限制性股票回购注销实施的法律意见书,法律意见书,2024-06-25,https://data.eastmoney.com/notices/detail/600537/AN202406241636828741.html
000060,中金岭南,中金岭南:深圳市中金岭南有色金属股份有限公司2024年度跟踪评级报告,其他,2024-06-25,https://data.eastmoney.com/notices/detail/000060/AN202406241636828726.html
000060,中金岭南,中金岭南:关于中金转债跟踪评级结果的公告,其他,2024-06-25,https://data.eastmoney.com/notices/detail/000060/AN202406241636828725.html
601860,紫金银行,紫金银行:江苏紫金农村商业银行股份有限公司公开发行A股可转换公司债券2024年跟踪评级报告,其他,2024-06-25,https://data.eastmoney.com/notices/detail/601860/AN202406241636828712.html
601860,紫金银行,紫金银行:江苏紫金农村商业银行股份有限公司关于A股可转换公司债券2024年跟踪评级结果的公告,其他,2024-06-25,https://data.eastmoney.com/notices/detail/601860/AN202406241636828711.html
603319,美湖股份,湘油泵:关于主体及“湘泵转债”2024年跟踪评级结果的公告,其他,2024-06-25,https://data.eastmoney.com/notices/detail/603319/AN202406241636828694.html
603319,美湖股份,湘油泵:2024年湖南机油泵股份有限公司向不特定对象发行可转换公司债券2024年跟踪评级报告,其他,2024-06-25,https://data.eastmoney.com/notices/detail/603319/AN202406241636828695.html
605319,无锡振华,无锡振华:国泰君安证券股份有限公司关于无锡市振华汽车部件股份有限公司首次公开发行限售股解禁上市流通的核查意见,保荐/核查意见,2024-06-25,https://data.eastmoney.com/notices/detail/605319/AN202406241636828679.html
605319,无锡振华,无锡振华:关于首次公开发行限售股解禁上市流通的公告,限售股份上市流通,2024-06-25,https://data.eastmoney.com/notices/detail/605319/AN202406241636828680.html
600248,陕建股份,陕建股份:北京市嘉源律师事务所关于陕西建工集团股份有限公司回购注销2023年限制性股票激励计划部分限制性股票实施的法律意见书,法律意见书,2024-06-25,https://data.eastmoney.com/notices/detail/600248/AN202406241636828681.html
600170,上海建工,上海建工:上海建工关于荣获国家科学技术进步奖的公告,其他,2024-06-25,https://data.eastmoney.com/notices/detail/600170/AN202406241636828682.html
603259,药明康德,药明康德:H股公告(根据2022年H股奖励信托计划进一步授予奖励),其他,2024-06-25,https://data.eastmoney.com/notices/detail/603259/AN202406241636828677.html
600076,康欣新材,康欣新材:关于管理层增持公司股份计划的公告,股东/实际控制人股份增持,2024-06-25,https://data.eastmoney.com/notices/detail/600076/AN202406241636828678.html
600248,陕建股份,陕建股份:陕西建工集团股份有限公司关于2023年限制性股票激励计划部分限制性股票回购注销实施公告,回购实施公告,2024-06-25,https://data.eastmoney.com/notices/detail/600248/AN202406241636828683.html
600603,广汇物流,广汇物流:广汇物流股份有限公司关于为全资子公司提供担保的公告,提供/对外担保公告,2024-06-25,https://data.eastmoney.com/notices/detail/600603/AN202406241636828642.html
301285,鸿日达,鸿日达:关于使用部分闲置募集资金进行现金管理到期赎回的公告,投资理财,2024-06-25,https://data.eastmoney.com/notices/detail/301285/AN202406241636828662.html
002753,永东股份,永东股份:第六届监事会第一次临时会议决议公告,高管人员任职变动,2024-06-25,https://data.eastmoney.com/notices/detail/002753/AN202406241636828661.html
002753,永东股份,永东股份:第六届董事会第一次临时会议决议公告,高管人员任职变动,2024-06-25,https://data.eastmoney.com/notices/detail/002753/AN202406241636828660.html
002540,亚太科技,亚太科技:中信建投证券股份有限公司关于公司向不特定对象发行可转换公司债券受托管理事务报告(2023年度),其他,2024-06-25,https://data.eastmoney.com/notices/detail/002540/AN202406241636828658.html
002540,亚太科技,亚太科技:关于公司总经理取保候审的公告,违法违规,2024-06-25,https://data.eastmoney.com/notices/detail/002540/AN202406241636828659.html
000779,甘咨询,甘咨询:甘肃工程咨询集团股份有限公司关于召开2023年年度股东大会的提示性公告,召开股东大会提示性公告,2024-06-25,https://data.eastmoney.com/notices/detail/000779/AN202406241636828657.html
603118,共进股份,共进股份:广东晟典律师事务所关于共进股份2021年限制性股票与股票期权激励计划限制性股票回购注销实施事宜的法律意见书,法律意见书,2024-06-25,https://data.eastmoney.com/notices/detail/603118/AN202406241636828637.html
603118,共进股份,共进股份:关于2021年限制性股票与股票期权激励计划限制性股票回购注销实施公告,回购实施公告,2024-06-25,https://data.eastmoney.com/notices/detail/603118/AN202406241636828639.html
600711,盛屯矿业,盛屯矿业:盛屯矿业集团股份有限公司关于控股股东部分股份质押及部分股份质押式回购交易延期购回的公告,股份质押、冻结,2024-06-25,https://data.eastmoney.com/notices/detail/600711/AN202406241636828638.html
688410,山外山,山外山:关于2024年员工持股计划完成非交易过户的公告,员工持股计划,2024-06-25,https://data.eastmoney.com/notices/detail/688410/AN202406241636828627.html
688410,山外山,山外山:关于调整2023年年度利润分配现金分红总额及资本公积金转增股本总额的公告,分配方案调整,2024-06-25,https://data.eastmoney.com/notices/detail/688410/AN202406241636828619.html
688200,华峰测控,华峰测控:华峰测控关于2021年限制性股票激励计划部分归属结果暨股份上市公告,限售股份上市流通,2024-06-25,https://data.eastmoney.com/notices/detail/688200/AN202406241636828599.html
603066,音飞储存,音飞储存:音飞储存2024年第二次临时股东大会法律意见书,法律意见书,2024-06-25,https://data.eastmoney.com/notices/detail/603066/AN202406241636828570.html
603066,音飞储存,音飞储存:音飞储存2024年第二次临时股东大会决议公告,股东大会决议公告,2024-06-25,https://data.eastmoney.com/notices/detail/603066/AN202406241636828569.html
688659,元琛科技,元琛科技:2024年第二次临时股东大会决议公告,股东大会决议公告,2024-06-25,https://data.eastmoney.com/notices/detail/688659/AN202406241636828442.html
688659,元琛科技,元琛科技:2024年第二次临时股东大会的法律意见书,法律意见书,2024-06-25,https://data.eastmoney.com/notices/detail/688659/AN202406241636828441.html
600167,联美控股,联美控股:联美量子股份有限公司关于重新签署部分募集资金专户存储三方监管协议的公告,签订协议,2024-06-25,https://data.eastmoney.com/notices/detail/600167/AN202406241636828432.html
603586,金麒麟,金麒麟:山东金麒麟股份有限公司关于股票交易风险提示性公告,风险提示性公告,2024-06-25,https://data.eastmoney.com/notices/detail/603586/AN202406241636828433.html
688068,热景生物,热景生物:北京热景生物技术股份有限公司2023年年度权益分派实施公告,分配方案实施,2024-06-25,https://data.eastmoney.com/notices/detail/688068/AN202406241636828423.html
603882,金域医学,金域医学:广州金域医学检验集团股份有限公司关于股东部分股份质押的公告,股份质押、冻结,2024-06-25,https://data.eastmoney.com/notices/detail/603882/AN202406241636828367.html
603171,税友股份,税友股份:首次公开发行部分限售股上市流通公告,限售股份上市流通,2024-06-25,https://data.eastmoney.com/notices/detail/603171/AN202406241636828359.html
603171,税友股份,税友股份:国金证券股份有限公司关于税友软件集团股份有限公司首次公开发行限售股上市流通的核查意见,保荐/核查意见,2024-06-25,https://data.eastmoney.com/notices/detail/603171/AN202406241636828361.html
603171,税友股份,税友股份:关于实际控制人承诺特定期间不减持公司股份的公告,其他,2024-06-25,https://data.eastmoney.com/notices/detail/603171/AN202406241636828360.html
603585,苏利股份,苏利股份:关于”苏利转债“预计触发转股价格向下修正的提示性公告,其他,2024-06-25,https://data.eastmoney.com/notices/detail/603585/AN202406241636828355.html
603588,高能环境,高能环境:高能环境2024年第二次临时股东大会决议公告,股东大会决议公告,2024-06-25,https://data.eastmoney.com/notices/detail/603588/AN202406241636828320.html
603588,高能环境,高能环境:2024年第二次临时股东大会的法律意见书,法律意见书,2024-06-25,https://data.eastmoney.com/notices/detail/603588/AN202406241636828319.html
003035,南网能源,南网能源:关于拟放弃优先购买权的公告,其他,2024-06-25,https://data.eastmoney.com/notices/detail/003035/AN202406241636828274.html
688236,春立医疗,春立医疗:关于回购股份事项前十大股东和前十大无限售条件股东持股情况的公告,其他,2024-06-25,https://data.eastmoney.com/notices/detail/688236/AN202406241636828207.html
601211,国泰海通,国泰君安:国泰君安证券股份有限公司关于董事会、监事会延期换届选举的提示性公告,高管人员任职变动,2024-06-25,https://data.eastmoney.com/notices/detail/601211/AN202406241636828262.html
603330,天洋新材,天洋新材:关于回购完成暨回购实施结果的公告,回购实施公告,2024-06-25,https://data.eastmoney.com/notices/detail/603330/AN202406241636828235.html
002965,祥鑫科技,祥鑫科技:北京市环球(深圳)律师事务所关于祥鑫科技股份有限公司2024年第二次临时股东大会之法律意见书,法律意见书,2024-06-25,https://data.eastmoney.com/notices/detail/002965/AN202406241636828196.html
002965,祥鑫科技,祥鑫科技:2024年第二次临时股东大会决议公告,股东大会决议公告,2024-06-25,https://data.eastmoney.com/notices/detail/002965/AN202406241636828195.html
000659,珠海中富,珠海中富:2024年第二次临时股东大会决议公告,股东大会决议公告,2024-06-25,https://data.eastmoney.com/notices/detail/000659/AN202406241636828194.html
000659,珠海中富,珠海中富:2024年第二次临时股东大会的法律意见书,法律意见书,2024-06-25,https://data.eastmoney.com/notices/detail/000659/AN202406241636828193.html
002037,保利联合,保利联合:关于下属公司新疆哈密生产点年产15000吨现场混装多孔粒状铵油炸药生产系统通过试生产安全条件考核的公告,其他,2024-06-25,https://data.eastmoney.com/notices/detail/002037/AN202406241636828192.html
002298,中电鑫龙,中电兴发:关于控股子公司收到中标通知书并签订合同的公告,其他,2024-06-25,https://data.eastmoney.com/notices/detail/002298/AN202406241636828191.html
688352,颀中科技,颀中科技:中信建投证券股份有限公司关于合肥颀中科技股份有限公司调整2024年度日常关联交易预计情况的核查意见,保荐/核查意见,2024-06-25,https://data.eastmoney.com/notices/detail/688352/AN202406241636828158.html
688352,颀中科技,颀中科技:合肥颀中科技股份有限公司第一届监事会第十八次会议决议公告,监事会决议公告,2024-06-25,https://data.eastmoney.com/notices/detail/688352/AN202406241636828156.html
688711,宏微科技,宏微科技:江苏宏微科技股份有限公司可转换公司债券受托管理事务报告(2023年度),其他,2024-06-25,https://data.eastmoney.com/notices/detail/688711/AN202406241636828157.html
688352,颀中科技,颀中科技:合肥颀中科技股份有限公司关于调整2024年度日常关联交易预计情况的公告,关联交易,2024-06-25,https://data.eastmoney.com/notices/detail/688352/AN202406241636828155.html
600872,中炬高新,中炬高新:中炬高新关于持股5%以上股东所持部分公司股份司法拍卖流拍的公告,诉讼仲裁,2024-06-25,https://data.eastmoney.com/notices/detail/600872/AN202406241636828120.html
688576,西山科技,西山科技:重庆西山科技股份有限公司关于回购股份事项前十大股东和前十大无限售条件股东持股情况的公告,其他,2024-06-25,https://data.eastmoney.com/notices/detail/688576/AN202406241636828097.html
688350,富淼科技,富淼科技:江苏富淼科技股份有限公司向不特定对象发行可转换公司债券受托管理事务报告(2023年度),其他,2024-06-25,https://data.eastmoney.com/notices/detail/688350/AN202406241636828080.html
603255,鼎际得,鼎际得:辽宁鼎际得石化股份有限公司2023年年度权益分派实施公告,分配方案实施,2024-06-25,https://data.eastmoney.com/notices/detail/603255/AN202406241636827947.html
003010,若羽臣,若羽臣:关于控股股东股份解除质押的公告,股份质押、冻结,2024-06-25,https://data.eastmoney.com/notices/detail/003010/AN202406241636827881.html
002203,海亮股份,海亮股份:关于为控股子公司提供担保的进展公告,提供/对外担保公告,2024-06-25,https://data.eastmoney.com/notices/detail/002203/AN202406241636827880.html
000996,中期退,中期退:关于公司股票进入退市整理期交易第六次风险提示公告,实施退市风险警示,2024-06-25,https://data.eastmoney.com/notices/detail/000996/AN202406241636827879.html
600693,东百集团,东百集团:东百集团关于为子公司提供担保的进展公告,提供/对外担保公告,2024-06-25,https://data.eastmoney.com/notices/detail/600693/AN202406241636827853.html
601228,广州港,广州港:广州港股份有限公司关于2023年年度报告的补充公告,年度报告补充公告,2024-06-25,https://data.eastmoney.com/notices/detail/601228/AN202406241636827835.html
600548,深高速,深高速:关于湾区发展为其子公司提供担保的公告,提供/对外担保公告,2024-06-25,https://data.eastmoney.com/notices/detail/600548/AN202406241636827713.html
002996,顺博合金,顺博合金:关于部分控股股东股份解除质押的公告,股份质押、冻结,2024-06-25,https://data.eastmoney.com/notices/detail/002996/AN202406241636827753.html
002228,合兴包装,合兴包装:关于合兴转债预计触发转股价格向下修正条件的提示性公告,其他,2024-06-25,https://data.eastmoney.com/notices/detail/002228/AN202406241636827752.html
603922,ST金鸿顺,金鸿顺:金鸿顺关于2024年员工持股计划完成非交易过户的公告,员工持股计划,2024-06-25,https://data.eastmoney.com/notices/detail/603922/AN202406241636827740.html
600874,创业环保,创业环保:创业环保关于2020年股票期权激励计划首次授予股票期权第二个行权期及预留股票期权第一个行权期限制行权期间的提示性公告,股权激励进展公告,2024-06-25,https://data.eastmoney.com/notices/detail/600874/AN202406241636827627.html
300511,雪榕生物,雪榕生物:上海雪榕生物科技股份有限公司关于陆勇先生代行董事长及郑伟东先生代行总经理职责的公告,高管人员任职变动,2024-06-25,https://data.eastmoney.com/notices/detail/300511/AN202406241636827686.html
300511,雪榕生物,雪榕生物:上海雪榕生物科技股份有限公司第五届董事会第十次会议决议公告,高管人员任职变动,2024-06-25,https://data.eastmoney.com/notices/detail/300511/AN202406241636827685.html
300511,雪榕生物,雪榕生物:上海雪榕生物科技股份有限公司关于董事会提议向下修正可转换公司债券转股价格的公告,其他,2024-06-25,https://data.eastmoney.com/notices/detail/300511/AN202406241636827684.html
300511,雪榕生物,雪榕生物:上海雪榕生物科技股份有限公司2024年度跟踪评级报告,其他,2024-06-25,https://data.eastmoney.com/notices/detail/300511/AN202406241636827683.html
300511,雪榕生物,雪榕生物:上海雪榕生物科技股份有限公司关于召开2024年第二次临时股东大会通知的公告,召开股东大会通知,2024-06-25,https://data.eastmoney.com/notices/detail/300511/AN202406241636827682.html
688066,*ST航图,航天宏图:航天宏图信息技术股份有限公司向不特定对象发行可转换公司债券受托管理事务报告(2023年度),其他,2024-06-25,https://data.eastmoney.com/notices/detail/688066/AN202406241636827636.html
603002,宏昌电子,宏昌电子:宏昌电子关于全资子公司获得发明专利证书的公告,其他,2024-06-25,https://data.eastmoney.com/notices/detail/603002/AN202406241636827628.html
600590,泰豪科技,泰豪科技:第八届董事会第二十二次会议决议公告,董事会决议公告,2024-06-25,https://data.eastmoney.com/notices/detail/600590/AN202406241636827614.html
600590,泰豪科技,泰豪科技:关于召开2024年第一次临时股东大会的通知,召开股东大会通知,2024-06-25,https://data.eastmoney.com/notices/detail/600590/AN202406241636827613.html
600590,泰豪科技,泰豪科技:关于拟出售股票资产的公告,收购出售资产/股权,2024-06-25,https://data.eastmoney.com/notices/detail/600590/AN202406241636827615.html
688403,汇成股份,汇成股份:2024年第一次临时股东大会会议资料,股东大会资料,2024-06-25,https://data.eastmoney.com/notices/detail/688403/AN202406241636827612.html
300698,万马科技,万马科技:关于召开2024年第一次临时股东大会通知的公告,召开股东大会通知,2024-06-25,https://data.eastmoney.com/notices/detail/300698/AN202406241636827583.html
300698,万马科技,万马科技:关于对全资子公司增资的公告,增资扩股,2024-06-25,https://data.eastmoney.com/notices/detail/300698/AN202406241636827588.html
300698,万马科技,万马科技:关于项目投资的公告,对外项目投资,2024-06-25,https://data.eastmoney.com/notices/detail/300698/AN202406241636827582.html
300698,万马科技,万马科技:关于2024年第一季度利润分配预案的公告,分配预案,2024-06-25,https://data.eastmoney.com/notices/detail/300698/AN202406241636827584.html
300698,万马科技,万马科技:第三届监事会第十六次会议决议公告,监事会决议公告,2024-06-25,https://data.eastmoney.com/notices/detail/300698/AN202406241636827586.html
300698,万马科技,万马科技:关于全资子公司签订合作框架协议的公告,签订协议,2024-06-25,https://data.eastmoney.com/notices/detail/300698/AN202406241636827587.html
300698,万马科技,万马科技:第三届董事会第十八次会议决议公告,董事会决议公告,2024-06-25,https://data.eastmoney.com/notices/detail/300698/AN202406241636827585.html
603082,北自科技,北自科技:关于获得国家科学技术进步奖二等奖的公告,获得认证,2024-06-25,https://data.eastmoney.com/notices/detail/603082/AN202406241636827453.html
002531,天顺风能,天顺风能:关于为全资子公司提供担保的公告,提供/对外担保公告,2024-06-25,https://data.eastmoney.com/notices/detail/002531/AN202406241636827394.html
002284,亚太股份,亚太股份:关于收到项目定点通知的公告,其他,2024-06-25,https://data.eastmoney.com/notices/detail/002284/AN202406241636827395.html
002141,贤丰控股,*ST贤丰:关于回购公司股份比例达到总股本5%暨回购进展公告,回购进展情况,2024-06-25,https://data.eastmoney.com/notices/detail/002141/AN202406241636827388.html
002141,贤丰控股,*ST贤丰:股票可能被终止上市的第五次风险提示公告,终止上市风险提示,2024-06-25,https://data.eastmoney.com/notices/detail/002141/AN202406241636827387.html
002061,浙江交科,浙江交科:关于2024年度对外捐赠预算的公告,其他,2024-06-25,https://data.eastmoney.com/notices/detail/002061/AN202406241636827389.html
002061,浙江交科,浙江交科:第九届董事会第二次会议决议公告,董事会决议公告,2024-06-25,https://data.eastmoney.com/notices/detail/002061/AN202406241636827391.html
002061,浙江交科,浙江交科:关于召开公司2024年第一次临时股东大会的通知,召开股东大会通知,2024-06-25,https://data.eastmoney.com/notices/detail/002061/AN202406241636827390.html
000922,佳电股份,佳电股份:关于召开2024年度第三次临时股东大会的通知,召开股东大会通知,2024-06-25,https://data.eastmoney.com/notices/detail/000922/AN202406241636827393.html
000922,佳电股份,佳电股份:第九届董事会第三十次会议决议公告,董事会决议公告,2024-06-25,https://data.eastmoney.com/notices/detail/000922/AN202406241636827392.html
000761,本钢板材,本钢板材:本钢板材股份有限公司可转换公司债券2024年付息公告,其他,2024-06-25,https://data.eastmoney.com/notices/detail/000761/AN202406241636827396.html
000584,工智退,*ST工智:江苏哈工智能机器人股份有限公司独立董事专门会议2024年第二次会议决议,其他,2024-06-25,https://data.eastmoney.com/notices/detail/000584/AN202406241636827401.html
000584,工智退,*ST工智:关于签署和解协议暨诉讼进展的公告,签订协议,2024-06-25,https://data.eastmoney.com/notices/detail/000584/AN202406241636827400.html
000584,工智退,*ST工智:关于公司提起诉讼的进展公告,诉讼仲裁,2024-06-25,https://data.eastmoney.com/notices/detail/000584/AN202406241636827399.html
000584,工智退,*ST工智:关于签署和解意向协议暨关联交易的公告,签订协议,2024-06-25,https://data.eastmoney.com/notices/detail/000584/AN202406241636827397.html
000584,工智退,*ST工智:公司第十二届董事会第二十次会议决议公告,董事会决议公告,2024-06-25,https://data.eastmoney.com/notices/detail/000584/AN202406241636827398.html
688160,步科股份,步科股份:关于2023年股票期权激励计划首次授予部分期权注销完成的公告,股权激励进展公告,2024-06-25,https://data.eastmoney.com/notices/detail/688160/AN202406241636827338.html
688251,井松智能,井松智能:华安证券股份有限公司关于合肥井松智能科技股份有限公司差异化权益分派特殊除权除息事项的核查意见,保荐/核查意见,2024-06-25,https://data.eastmoney.com/notices/detail/688251/AN202406241636827336.html
688059,华锐精密,华锐精密:2022年株洲华锐精密工具股份有限公司向不特定对象发行可转换公司债券2024年跟踪评级报告,其他,2024-06-25,https://data.eastmoney.com/notices/detail/688059/AN202406241636827340.html
688059,华锐精密,华锐精密:关于“华锐转债”跟踪信用评级结果的公告,其他,2024-06-25,https://data.eastmoney.com/notices/detail/688059/AN202406241636827339.html
688251,井松智能,井松智能:井松智能2023年年度权益分派实施公告,分配方案实施,2024-06-25,https://data.eastmoney.com/notices/detail/688251/AN202406241636827337.html
603916,苏博特,苏博特:关于“博22转债”付息公告,其他,2024-06-25,https://data.eastmoney.com/notices/detail/603916/AN202406241636827333.html
601607,上海医药,上海医药:上海医药集团股份有限公司关于华法林钠原料药上市申请获得批准的公告,其他,2024-06-25,https://data.eastmoney.com/notices/detail/601607/AN202406241636827291.html
688602,康鹏科技,康鹏科技:中信建投证券股份有限公司关于上海康鹏科技股份有限公2023年年度报告信息披露监管问询函回复的核查意见,回复问询函公告,2024-06-25,https://data.eastmoney.com/notices/detail/688602/AN202406241636827316.html
688602,康鹏科技,康鹏科技:毕马威华振会计师事务所(特殊普通合伙)关于上海康鹏科技股份有限公司2023年年度报告的信息披露监管问询函回复的专项说明,会计师事务所问询函回复公告,2024-06-25,https://data.eastmoney.com/notices/detail/688602/AN202406241636827314.html
688602,康鹏科技,康鹏科技:关于2023年年度报告的信息披露监管问询函的回复公告,回复问询函公告,2024-06-25,https://data.eastmoney.com/notices/detail/688602/AN202406241636827315.html
600549,厦门钨业,厦门钨业:厦门钨业关于参股基金合伙人变更的公告,其他,2024-06-25,https://data.eastmoney.com/notices/detail/600549/AN202406241636827272.html
603687,大胜达,大胜达:东兴证券股份有限公司关于浙江大胜达包装股份有限公司部分募集资金投资项目延期的核查意见,保荐/核查意见,2024-06-25,https://data.eastmoney.com/notices/detail/603687/AN202406241636827275.html
603687,大胜达,大胜达:浙江大胜达包装股份有限公司第三届监事会第十六次会议决议公告,监事会决议公告,2024-06-25,https://data.eastmoney.com/notices/detail/603687/AN202406241636827274.html
600549,厦门钨业,厦门钨业:厦门钨业关于间接控股股东增持公司股份计划实施完毕暨增持结果的公告,股东/实际控制人股份增持,2024-06-25,https://data.eastmoney.com/notices/detail/600549/AN202406241636827276.html
603687,大胜达,大胜达:浙江大胜达包装股份有限公司关于部分募集资金投资项目延期的公告,募集资金使用情况报告,2024-06-25,https://data.eastmoney.com/notices/detail/603687/AN202406241636827273.html
000722,湖南发展,湖南发展:关于全资子公司设立分公司并完成工商注册登记的公告,投资设立公司,2024-06-25,https://data.eastmoney.com/notices/detail/000722/AN202406241636827260.html
301397,溯联股份,溯联股份:关于部分首次公开发行前已发行股份上市流通的提示性公告,限售股份上市流通,2024-06-25,https://data.eastmoney.com/notices/detail/301397/AN202406241636827261.html
301397,溯联股份,溯联股份:中银国际证券股份有限公司中银国际证券股份有限公司关于重庆溯联塑胶股份有限公司部分首次公开发行前已发行股份上市流通的核查意见,保荐/核查意见,2024-06-25,https://data.eastmoney.com/notices/detail/301397/AN202406241636827262.html
688526,科前生物,科前生物:武汉科前生物股份有限公司2024年第二次临时股东大会通知,召开股东大会通知,2024-06-25,https://data.eastmoney.com/notices/detail/688526/AN202406241636827201.html
688526,科前生物,科前生物:武汉科前生物股份有限公司独立董事候选人声明与承诺(王晖),独立董事候选人声明,2024-06-25,https://data.eastmoney.com/notices/detail/688526/AN202406241636827203.html
688526,科前生物,科前生物:武汉科前生物股份有限公司独立董事候选人声明与承诺(王宏林),独立董事候选人声明,2024-06-25,https://data.eastmoney.com/notices/detail/688526/AN202406241636827204.html
688526,科前生物,科前生物:武汉科前生物股份有限公司独立董事候选人声明与承诺(罗飞),独立董事候选人声明,2024-06-25,https://data.eastmoney.com/notices/detail/688526/AN202406241636827199.html
688526,科前生物,科前生物:武汉科前生物股份有限公司独立董事提名人声明与承诺(罗飞),独立董事提名人声明,2024-06-25,https://data.eastmoney.com/notices/detail/688526/AN202406241636827196.html
688526,科前生物,科前生物:武汉科前生物股份有限公司关于选举职工代表监事的公告,高管人员任职变动,2024-06-25,https://data.eastmoney.com/notices/detail/688526/AN202406241636827202.html
688526,科前生物,科前生物:武汉科前生物股份有限公司独立董事提名人声明与承诺(王晖),独立董事提名人声明,2024-06-25,https://data.eastmoney.com/notices/detail/688526/AN202406241636827206.html
688526,科前生物,科前生物:武汉科前生物股份有限公司关于董事会、监事会换届选举的公告,高管人员任职变动,2024-06-25,https://data.eastmoney.com/notices/detail/688526/AN202406241636827205.html
688526,科前生物,科前生物:武汉科前生物股份有限公司独立董事提名人声明与承诺(王宏林),独立董事提名人声明,2024-06-25,https://data.eastmoney.com/notices/detail/688526/AN202406241636827198.html
688526,科前生物,科前生物:武汉科前生物股份有限公司第三届监事会第三十三次会议决议公告,高管人员任职变动,2024-06-25,https://data.eastmoney.com/notices/detail/688526/AN202406241636827200.html
688526,科前生物,科前生物:武汉科前生物股份有限公司董事会提名委员会关于独立董事候选人任职资格的审核意见,专项说明/独立意见,2024-06-25,https://data.eastmoney.com/notices/detail/688526/AN202406241636827197.html
600373,中文传媒,中文传媒:浙商证券股份有限公司关于中文天地出版传媒集团股份有限公司实施2023年年度权益分派后调整发行股份及支付现金购买资产暨关联交易的股份发行价格和发行数量之独立财务顾问核查意见,保荐/核查意见,2024-06-25,https://data.eastmoney.com/notices/detail/600373/AN202406241636827187.html
600373,中文传媒,中文传媒:中文传媒关于实施2023年年度权益分派后调整发行股份及支付现金购买资产暨关联交易事项的股份发行价格和发行数量的公告,其他增发事项公告,2024-06-25,https://data.eastmoney.com/notices/detail/600373/AN202406241636827188.html
600251,冠农股份,冠农股份:新疆冠农股份有限公司2024年第一次临时股东大会会议资料,股东大会资料,2024-06-25,https://data.eastmoney.com/notices/detail/600251/AN202406241636827164.html
002808,恒久退,ST恒久:关于延期披露会计差错更正后相关财务信息的提示性公告,其他,2024-06-25,https://data.eastmoney.com/notices/detail/002808/AN202406241636827036.html
002128,电投能源,电投能源:关于监事辞职的公告,高管人员任职变动,2024-06-25,https://data.eastmoney.com/notices/detail/002128/AN202406241636827037.html
601010,ST文峰,文峰股份:文峰股份第七届董事会第七次会议决议公告,董事会决议公告,2024-06-25,https://data.eastmoney.com/notices/detail/601010/AN202406241636827006.html
603609,禾丰股份,禾丰股份:禾丰股份关于以集中竞价交易方式回购公司股份暨推动落实“提质增效重回报”行动方案的公告,回购预案,2024-06-25,https://data.eastmoney.com/notices/detail/603609/AN202406241636826992.html
600328,中盐化工,中盐化工:中盐化工关于2021年限制性股票激励计划首次授予限制性股票第一个解除限售期解除限售暨上市流通的公告,限售股份上市流通,2024-06-25,https://data.eastmoney.com/notices/detail/600328/AN202406241636826985.html
600328,中盐化工,中盐化工:中盐化工关于董事辞职的公告,高管人员任职变动,2024-06-25,https://data.eastmoney.com/notices/detail/600328/AN202406241636826984.html
600328,中盐化工,中盐化工:关于中盐化工股权激励解锁事项、调整对标企业、回购注销及调整回购价格之法律意见书,法律意见书,2024-06-25,https://data.eastmoney.com/notices/detail/600328/AN202406241636826983.html
000681,视觉中国,视觉中国:关于全资子公司为公司提供担保的公告,提供/对外担保公告,2024-06-25,https://data.eastmoney.com/notices/detail/000681/AN202406241636826958.html
002484,江海股份,江海股份:江苏世纪同仁律师事务所关于南通江海电容器股份有限公司2018年股票期权激励计划之调整行权价格的法律意见书,法律意见书,2024-06-25,https://data.eastmoney.com/notices/detail/002484/AN202406241636826957.html
002484,江海股份,江海股份:南通江海电容器股份有限公司六届四次监事会决议公告,监事会决议公告,2024-06-25,https://data.eastmoney.com/notices/detail/002484/AN202406241636826956.html
002484,江海股份,江海股份:南通江海电容器股份有限公司关于调整公司2018年股票期权激励计划行权价格的公告,股权激励行权价（数量）调整,2024-06-25,https://data.eastmoney.com/notices/detail/002484/AN202406241636826955.html
002484,江海股份,江海股份:南通江海电容器股份有限公司六届五次董事会决议公告,董事会决议公告,2024-06-25,https://data.eastmoney.com/notices/detail/002484/AN202406241636826954.html
002098,浔兴股份,浔兴股份:关于持股5%以上股东增持计划实施完毕暨增持结果的公告,股东/实际控制人股份增持,2024-06-25,https://data.eastmoney.com/notices/detail/002098/AN202406241636826953.html
688193,仁度生物,仁度生物:2024-036第二届监事会第五次会议决议公告,监事会决议公告,2024-06-25,https://data.eastmoney.com/notices/detail/688193/AN202406241636826863.html
688193,仁度生物,仁度生物:关于增加2024年度日常关联交易预计的公告,关联交易,2024-06-25,https://data.eastmoney.com/notices/detail/688193/AN202406241636826862.html
688193,仁度生物,仁度生物:中国国际金融股份有限公司关于上海仁度生物科技股份有限公司关于增加2024年度日常关联交易预计的核查意见,保荐/核查意见,2024-06-25,https://data.eastmoney.com/notices/detail/688193/AN202406241636826861.html
688566,吉贝尔,吉贝尔:吉贝尔关于以简易程序向特定对象发行股票发行结果暨股本变动的公告,增发发行结果公告,2024-06-25,https://data.eastmoney.com/notices/detail/688566/AN202406241636826825.html
688566,吉贝尔,吉贝尔:国金证券股份有限公司关于江苏吉贝尔药业股份有限公司向特定对象发行股票之上市保荐书,上市保荐书,2024-06-25,https://data.eastmoney.com/notices/detail/688566/AN202406241636826824.html
688566,吉贝尔,吉贝尔:江苏吉贝尔药业股份有限公司以简易程序向特定对象发行股票并在科创板上市之上市公告书,增发上市公告书,2024-06-25,https://data.eastmoney.com/notices/detail/688566/AN202406241636826827.html
688566,吉贝尔,吉贝尔:吉贝尔关于公司控股股东、实际控制人及其一致行动人持股比例被动稀释超过1%的提示性公告,其他,2024-06-25,https://data.eastmoney.com/notices/detail/688566/AN202406241636826826.html
000698,ST沈化,沈阳化工:沈阳化工股份有限公司关于全资子公司被债权人申请破产清算的提示性公告,其他,2024-06-25,https://data.eastmoney.com/notices/detail/000698/AN202406241636826818.html
603606,东方电缆,东方电缆:东方电缆关于全资子公司注册地址变更的提示性公告,公司关联方基本资料变更,2024-06-25,https://data.eastmoney.com/notices/detail/603606/AN202406241636826766.html
603681,永冠新材,永冠新材:上海永冠众诚新材料科技(集团)股份有限公司关于完成工商变更登记并换发营业执照的公告,公司注册资本变更,2024-06-25,https://data.eastmoney.com/notices/detail/603681/AN202406241636826764.html
603681,永冠新材,永冠新材:上海永冠众诚新材料科技(集团)股份有限公司关于“永22转债”预计触发转股价格修正条件的提示性的公告,其他,2024-06-25,https://data.eastmoney.com/notices/detail/603681/AN202406241636826765.html
301345,涛涛车业,涛涛车业:2024年半年度业绩预告,业绩预告,2024-06-25,https://data.eastmoney.com/notices/detail/301345/AN202406241636826647.html
002171,楚江新材,楚江新材:关于楚江转债2024年度跟踪评级结果的公告,其他,2024-06-25,https://data.eastmoney.com/notices/detail/002171/AN202406241636826648.html
002171,楚江新材,楚江新材:安徽楚江科技新材料股份有限公司2024年度跟踪评级报告,其他,2024-06-25,https://data.eastmoney.com/notices/detail/002171/AN202406241636826649.html
688420,美腾科技,美腾科技:天津美腾科技股份有限公司2023年年度权益分派实施公告,分配方案实施,2024-06-25,https://data.eastmoney.com/notices/detail/688420/AN202406241636826566.html
688420,美腾科技,美腾科技:华泰联合证券有限责任公司关于天津美腾科技股份有限公司差异化权益分派特殊除权除息事项的核查意见,保荐/核查意见,2024-06-25,https://data.eastmoney.com/notices/detail/688420/AN202406241636826567.html
688420,美腾科技,美腾科技:天津美腾科技股份有限公司关于实施2023年度权益分派后调整回购股份价格上限的公告,回购方案修订,2024-06-25,https://data.eastmoney.com/notices/detail/688420/AN202406241636826565.html
600477,杭萧钢构,杭萧钢构:杭萧钢构关于控股股东部分股份补充质押的公告,股份质押、冻结,2024-06-25,https://data.eastmoney.com/notices/detail/600477/AN202406241636826555.html
300201,海伦哲,海伦哲:关于公司董事长、监事会主席增持公司股份计划的公告,股东/实际控制人股份增持,2024-06-25,https://data.eastmoney.com/notices/detail/300201/AN202406241636826486.html
002724,海洋王,海洋王:关于使用闲置自有资金进行现金管理的进展公告,投资理财,2024-06-25,https://data.eastmoney.com/notices/detail/002724/AN202406241636826485.html
002724,海洋王,海洋王:关于召开2024年第二次临时股东大会的提示性公告,召开股东大会提示性公告,2024-06-25,https://data.eastmoney.com/notices/detail/002724/AN202406241636826484.html
002090,金智科技,金智科技:关于中标项目的公告,重大合同,2024-06-25,https://data.eastmoney.com/notices/detail/002090/AN202406241636826483.html
688276,百克生物,百克生物:长春百克生物科技股份公司关于控股股东和持股5%以上股东、董事、总经理自愿承诺未来六个月内不减持公司股份的公告,其他,2024-06-25,https://data.eastmoney.com/notices/detail/688276/AN202406241636826469.html
603959,ST百利,ST百利:大华会计师事务所(特殊普通合伙)关于百利科技2023年年度报告的信息披露监管问询函中有关财务事项的说明,其他,2024-06-25,https://data.eastmoney.com/notices/detail/603959/AN202406241636826443.html
603959,ST百利,ST百利:百利科技关于上海证券交易所关于公司2023年年度报告的信息披露的监管问询函回复的公告,回复问询函公告,2024-06-25,https://data.eastmoney.com/notices/detail/603959/AN202406241636826444.html
688106,金宏气体,金宏气体:关于实际控制人之一致行动人增持公司股份进展的公告,股东/实际控制人股份增持,2024-06-25,https://data.eastmoney.com/notices/detail/688106/AN202406241636826418.html
688106,金宏气体,金宏气体:关于实际控制人之一致行动人增持股份计划的公告,股东/实际控制人股份增持,2024-06-25,https://data.eastmoney.com/notices/detail/688106/AN202406241636826419.html
601038,一拖股份,一拖股份:一拖股份关于重大资产出售的进展公告,收购出售资产/股权,2024-06-25,https://data.eastmoney.com/notices/detail/601038/AN202406241636826406.html
002439,启明星辰,启明星辰:2023年度权益分派实施公告,分配方案实施,2024-06-25,https://data.eastmoney.com/notices/detail/002439/AN202406241636826409.html
605339,南侨食品,南侨食品:南侨食品集团(上海)股份有限公司关于以集中竞价方式回购公司股份的回购报告书,回购报告书,2024-06-25,https://data.eastmoney.com/notices/detail/605339/AN202406241636826386.html
600981,苏豪汇鸿,汇鸿集团:2024年度“提质增效重回报”行动方案,其他,2024-06-25,https://data.eastmoney.com/notices/detail/600981/AN202406241636826385.html
301167,建研设计,建研设计:安徽省建筑设计研究院股份有限公司内部审计制度,管理办法/制度,2024-06-25,https://data.eastmoney.com/notices/detail/301167/AN202406241636826375.html
301167,建研设计,建研设计:安徽省建筑设计研究总院股份有限公司内部控制评价管理办法(试行),管理办法/制度,2024-06-25,https://data.eastmoney.com/notices/detail/301167/AN202406241636826373.html
301167,建研设计,建研设计:关于修订公司相关制度的公告,管理办法/制度,2024-06-25,https://data.eastmoney.com/notices/detail/301167/AN202406241636826374.html
301167,建研设计,建研设计:关于取得发明专利证书的公告,获得认证,2024-06-25,https://data.eastmoney.com/notices/detail/301167/AN202406241636826378.html
301167,建研设计,建研设计:第三届监事会第六次会议决议公告,监事会决议公告,2024-06-25,https://data.eastmoney.com/notices/detail/301167/AN202406241636826372.html
301167,建研设计,建研设计:关于拟续聘会计师事务所的公告,审计机构变更,2024-06-25,https://data.eastmoney.com/notices/detail/301167/AN202406241636826376.html
301167,建研设计,建研设计:第三届董事会第八次会议决议公告,高管人员任职变动,2024-06-25,https://data.eastmoney.com/notices/detail/301167/AN202406241636826377.html
301167,建研设计,建研设计:关于召开2024年第二次临时股东大会的通知,召开股东大会通知,2024-06-25,https://data.eastmoney.com/notices/detail/301167/AN202406241636826379.html
688268,华特气体,华特气体:广东华特气体股份有限公司向不特定对象发行可转换公司债券受托管理事务报告(2023年度),其他,2024-06-25,https://data.eastmoney.com/notices/detail/688268/AN202406241636826253.html
002976,瑞玛精密,瑞玛精密:关于对子公司提供担保的进展公告,提供/对外担保公告,2024-06-25,https://data.eastmoney.com/notices/detail/002976/AN202406241636826191.html
002303,美盈森,美盈森:关于股东股份解除司法冻结及轮候冻结生效的公告,股份质押、冻结,2024-06-25,https://data.eastmoney.com/notices/detail/002303/AN202406241636826190.html
000655,金岭矿业,金岭矿业:关于子公司金钢矿业采矿权延续完成的公告,其他,2024-06-25,https://data.eastmoney.com/notices/detail/000655/AN202406241636826189.html
002280,ST联络,ST联络:关于公司股票存在可能因股价低于面值被终止上市的第十次风险提示公告,终止上市风险提示,2024-06-25,https://data.eastmoney.com/notices/detail/002280/AN202406241636826161.html
603181,皇马科技,皇马科技:皇马科技关于为全资子公司提供担保的进展公告,提供/对外担保公告,2024-06-25,https://data.eastmoney.com/notices/detail/603181/AN202406241636826107.html
002806,华锋股份,华锋股份:关于股票交易异常波动的公告,股票交易异常波动,2024-06-25,https://data.eastmoney.com/notices/detail/002806/AN202406241636826067.html
002095,生意宝,生意宝:上海锦天城(杭州)律师事务所关于浙江网盛生意宝股份有限公司2024年第一次临时股东大会的法律意见书,法律意见书,2024-06-25,https://data.eastmoney.com/notices/detail/002095/AN202406241636826066.html
002095,生意宝,生意宝:2024年第一次临时股东大会决议公告,股东大会决议公告,2024-06-25,https://data.eastmoney.com/notices/detail/002095/AN202406241636826065.html
600097,开创国际,开创国际:开创国际第十届董事会第六次(临时)会议决议公告,董事会决议公告,2024-06-25,https://data.eastmoney.com/notices/detail/600097/AN202406241636826041.html
600097,开创国际,开创国际:开创国际关于全资子公司上海开创远洋渔业有限公司执行收购FCS公司剩余30%股权的公告,其他,2024-06-25,https://data.eastmoney.com/notices/detail/600097/AN202406241636826040.html
603051,鹿山新材,鹿山新材:广州鹿山新材料股份有限公司公开发行A股可转换公司债券受托管理事务报告(2023年度),其他,2024-06-25,https://data.eastmoney.com/notices/detail/603051/AN202406241636826008.html
300873,海晨股份,海晨股份:关于更换持续督导保荐代表人的公告,保荐代表人（机构）变更,2024-06-25,https://data.eastmoney.com/notices/detail/300873/AN202406241636825996.html
002693,双成药业,双成药业:海南双成药业股份有限公司关于控股股东股份解除质押的公告,股份质押、冻结,2024-06-25,https://data.eastmoney.com/notices/detail/002693/AN202406241636825995.html
002682,龙洲股份,龙洲股份:第七届董事会第三十次会议决议公告,董事会决议公告,2024-06-25,https://data.eastmoney.com/notices/detail/002682/AN202406241636825994.html
002396,星网锐捷,星网锐捷:国浩律师(上海)事务所关于福建星网锐捷通讯股份有限公司2024年第二次临时股东大会的法律意见书,法律意见书,2024-06-25,https://data.eastmoney.com/notices/detail/002396/AN202406241636825991.html
002396,星网锐捷,星网锐捷:关于回购注销部分限制性股票减少注册资本暨通知债权人的公告,公司注册资本变更,2024-06-25,https://data.eastmoney.com/notices/detail/002396/AN202406241636825992.html
002396,星网锐捷,星网锐捷:2024年第二次临时股东大会决议公告,股东大会决议公告,2024-06-25,https://data.eastmoney.com/notices/detail/002396/AN202406241636825993.html
600867,通化东宝,通化东宝:通化东宝2024年第二次临时股东大会决议公告,股东大会决议公告,2024-06-25,https://data.eastmoney.com/notices/detail/600867/AN202406241636825988.html
600867,通化东宝,通化东宝:吉林秉责律师事务所关于通化东宝2024年第二次临时股东大会的法律意见书,法律意见书,2024-06-25,https://data.eastmoney.com/notices/detail/600867/AN202406241636825974.html
300341,麦克奥迪,麦克奥迪:第五届董事会第九次会议决议公告,董事会决议公告,2024-06-25,https://data.eastmoney.com/notices/detail/300341/AN202406241636825736.html
300341,麦克奥迪,麦克奥迪:上海市通力律师事务所关于麦克奥迪(厦门)电气股份有限公司作废2020年限制性股票激励计划部分已授予尚未归属的限制性股票之法律意见书,法律意见书,2024-06-25,https://data.eastmoney.com/notices/detail/300341/AN202406241636825735.html
300341,麦克奥迪,麦克奥迪:第五届监事会第七次会议决议公告,监事会决议公告,2024-06-25,https://data.eastmoney.com/notices/detail/300341/AN202406241636825734.html
300341,麦克奥迪,麦克奥迪:关于作废2020年限制性股票激励计划部分已授予尚未归属的限制性股票的公告,股权激励进展公告,2024-06-25,https://data.eastmoney.com/notices/detail/300341/AN202406241636825733.html
300341,麦克奥迪,麦克奥迪:关于新增2024年度日常关联交易预计的公告,关联交易,2024-06-25,https://data.eastmoney.com/notices/detail/300341/AN202406241636825732.html
002091,江苏国泰,江苏国泰:江苏国泰国际集团股份有限公司公开发行可转换公司债券2024年跟踪评级报告,其他,2024-06-25,https://data.eastmoney.com/notices/detail/002091/AN202406241636825738.html
002091,江苏国泰,江苏国泰:关于可转换公司债券跟踪评级结果的公告,其他,2024-06-25,https://data.eastmoney.com/notices/detail/002091/AN202406241636825737.html
002093,国脉科技,国脉科技:国脉科技股份有限公司股东股份质押的公告,股份质押、冻结,2024-06-25,https://data.eastmoney.com/notices/detail/002093/AN202406241636825731.html
002036,联创电子,联创电子:关于预计触发联创转债转股价格向下修正条件的提示性公告,其他,2024-06-25,https://data.eastmoney.com/notices/detail/002036/AN202406241636825730.html
002035,华帝股份,华帝股份:关于2023年年度权益分派实施后调整回购股份价格上限的公告,回购方案修订,2024-06-25,https://data.eastmoney.com/notices/detail/002035/AN202406241636825729.html
002353,杰瑞股份,杰瑞股份:关于奋斗者9号员工持股计划非交易过户完成的公告,员工持股计划,2024-06-25,https://data.eastmoney.com/notices/detail/002353/AN202406241636825663.html
000691,亚太实业,亚太实业:第九届监事会第四次会议决议公告,监事会决议公告,2024-06-25,https://data.eastmoney.com/notices/detail/000691/AN202406241636825660.html
000691,亚太实业,亚太实业:第九届董事会第六次会议决议公告,其他增发事项公告,2024-06-25,https://data.eastmoney.com/notices/detail/000691/AN202406241636825661.html
002353,杰瑞股份,杰瑞股份:关于2023年度回购股份处理完成的公告,回购实施公告,2024-06-25,https://data.eastmoney.com/notices/detail/002353/AN202406241636825664.html
000691,亚太实业,亚太实业:关于延长公司向特定对象发行股票股东大会决议有效期和授权有效期的公告,其他增发事项公告,2024-06-25,https://data.eastmoney.com/notices/detail/000691/AN202406241636825659.html
300057,万顺新材,万顺新材:关于万顺转2预计触发转股价格向下修正条件的提示性公告,其他,2024-06-25,https://data.eastmoney.com/notices/detail/300057/AN202406241636825665.html
000691,亚太实业,亚太实业:关于召开2024年第三次临时股东大会的通知,召开股东大会通知,2024-06-25,https://data.eastmoney.com/notices/detail/000691/AN202406241636825662.html
688052,纳芯微,纳芯微:2023年度环境、社会及公司治理(ESG)报告(英文版),ESG公告,2024-06-25,https://data.eastmoney.com/notices/detail/688052/AN202406241636825627.html
688052,纳芯微,纳芯微:苏州纳芯微电子股份有限公司2024年第一次临时股东大会会议资料,股东大会资料,2024-06-25,https://data.eastmoney.com/notices/detail/688052/AN202406241636825628.html
688719,爱科赛博,爱科赛博:西安爱科赛博电气股份有限公司关于实施2023年年度权益分派后调整回购股份价格上限的公告,回购方案修订,2024-06-25,https://data.eastmoney.com/notices/detail/688719/AN202406241636825616.html
601137,博威合金,博威合金:博威合金关于注销部分可转债募集资金专项账户的公告,募集资金使用情况报告,2024-06-25,https://data.eastmoney.com/notices/detail/601137/AN202406241636825612.html
300199,翰宇药业,翰宇药业:关于利拉鲁肽注射液获得美国FDA暂定批准的公告,其他,2024-06-25,https://data.eastmoney.com/notices/detail/300199/AN202406241636825611.html
600903,贵州燃气,贵州燃气:贵州燃气集团股份有限公司关于持股5%以上股东部分股份解除质押的公告,股份质押、冻结,2024-06-25,https://data.eastmoney.com/notices/detail/600903/AN202406241636825608.html
603713,密尔克卫,密尔克卫:密尔克卫智能供应链服务集团股份有限公司对外担保进展公告,提供/对外担保公告,2024-06-25,https://data.eastmoney.com/notices/detail/603713/AN202406241636825590.html
600745,*ST闻泰,闻泰科技:关于“闻泰转债”预计满足转股价格修正条件的提示性公告,其他,2024-06-25,https://data.eastmoney.com/notices/detail/600745/AN202406241636825589.html
301378,通达海,通达海:第二届董事会第十二次会议决议公告,董事会决议公告,2024-06-25,https://data.eastmoney.com/notices/detail/301378/AN202406241636825558.html
300673,佩蒂股份,佩蒂股份:关于预计触发佩蒂转债转股价格向下修正条件的提示性公告,其他,2024-06-25,https://data.eastmoney.com/notices/detail/300673/AN202406241636825557.html
002809,红墙股份,红墙股份:关于2021年股票期权激励计划部分股票期权注销完成的公告,股权激励进展公告,2024-06-25,https://data.eastmoney.com/notices/detail/002809/AN202406241636825556.html
002809,红墙股份,红墙股份:关于2022年股票期权激励计划部分股票期权注销完成的公告,股权激励进展公告,2024-06-25,https://data.eastmoney.com/notices/detail/002809/AN202406241636825555.html
002697,红旗连锁,红旗连锁:关于公司实际控制人协议转让公司部分股份调整转让价格的公告,股权转让,2024-06-25,https://data.eastmoney.com/notices/detail/002697/AN202406241636825554.html
002506,协鑫集成,协鑫集成:关于首次回购公司股份的公告,回购实施公告,2024-06-25,https://data.eastmoney.com/notices/detail/002506/AN202406241636825553.html
002435,ST长康,ST长康:关于公司股票存在可能因股价低于面值被终止上市的第七次风险提示公告,终止上市风险提示,2024-06-25,https://data.eastmoney.com/notices/detail/002435/AN202406241636825552.html
002255,海陆重工,海陆重工:关于召开2024年第一次临时股东大会的通知,召开股东大会通知,2024-06-25,https://data.eastmoney.com/notices/detail/002255/AN202406241636825550.html
002255,海陆重工,海陆重工:第六届董事会第十五次会议决议公告,董事会决议公告,2024-06-25,https://data.eastmoney.com/notices/detail/002255/AN202406241636825551.html
002255,海陆重工,海陆重工:关于回购公司股份方案的公告,回购预案,2024-06-25,https://data.eastmoney.com/notices/detail/002255/AN202406241636825549.html
002167,东方锆业,东方锆业:关于回购注销部分限制性股票完成的公告,股本变动,2024-06-25,https://data.eastmoney.com/notices/detail/002167/AN202406241636825548.html
000789,万年青,万年青:关于控股股东增持公司股份计划的公告,股东/实际控制人股份增持,2024-06-25,https://data.eastmoney.com/notices/detail/000789/AN202406241636825547.html
000525,红太阳,ST红太阳:关于被江苏证监局责令改正的进展暨风险提示公告,风险提示性公告,2024-06-25,https://data.eastmoney.com/notices/detail/000525/AN202406241636825546.html
301378,通达海,通达海:第二届监事会第十次会议决议公告,高管人员任职变动,2024-06-25,https://data.eastmoney.com/notices/detail/301378/AN202406241636825349.html
002309,中利集团,*ST中利:关于实施其他风险警示期间所采取的措施暨被江苏证监局责令改正的进展公告,其他,2024-06-25,https://data.eastmoney.com/notices/detail/002309/AN202406241636825347.html
301378,通达海,通达海:关于召开2024年第一次临时股东大会的通知,召开股东大会通知,2024-06-25,https://data.eastmoney.com/notices/detail/301378/AN202406241636825348.html
301378,通达海,通达海:关于补选非职工代表监事的公告,高管人员任职变动,2024-06-25,https://data.eastmoney.com/notices/detail/301378/AN202406241636825351.html
301378,通达海,通达海:关于变更注册资本暨修改《公司章程》的公告,公司注册资本变更,2024-06-25,https://data.eastmoney.com/notices/detail/301378/AN202406241636825350.html
603733,仙鹤股份,仙鹤股份:仙鹤股份关于为全资子公司提供担保的公告,提供/对外担保公告,2024-06-25,https://data.eastmoney.com/notices/detail/603733/AN202406241636825346.html
600130,波导股份,波导股份:波导股份关于以集中竞价方式首次回购股份的公告,回购实施公告,2024-06-25,https://data.eastmoney.com/notices/detail/600130/AN202406241636825282.html
600313,农发种业,农发种业:安徽华成种业资产评估报告,其他,2024-06-25,https://data.eastmoney.com/notices/detail/600313/AN202406241636825268.html
600313,农发种业,农发种业:中农发种业集团股份有限公司第七届董事会第三十七次会议决议公告,高管人员任职变动,2024-06-25,https://data.eastmoney.com/notices/detail/600313/AN202406241636825270.html
600313,农发种业,农发种业:中农发种业集团股份有限公司关于收购安徽华成种业股份有限公司部分股权的公告,收购出售资产/股权,2024-06-25,https://data.eastmoney.com/notices/detail/600313/AN202406241636825269.html
688377,迪威尔,迪威尔:迪威尔关于披露2023年年度报告补充信息及发布《2023年年度报告(修订稿)》的公告,年度报告补充公告,2024-06-25,https://data.eastmoney.com/notices/detail/688377/AN202406241636825228.html
688377,迪威尔,迪威尔:迪威尔2023年年度报告(修订稿),年度报告全文,2024-06-25,https://data.eastmoney.com/notices/detail/688377/AN202406241636825227.html
688120,华海清科,华海清科:关于“集成电路化学机械抛光关键技术与装备”项目荣获2023年度国家技术发明奖一等奖的自愿性披露公告,其他,2024-06-25,https://data.eastmoney.com/notices/detail/688120/AN202406241636825220.html
603866,桃李面包,桃李面包:桃李面包关于控股股东及实际控制人股票质押的公告,股份质押、冻结,2024-06-25,https://data.eastmoney.com/notices/detail/603866/AN202406241636825010.html
600298,安琪酵母,安琪酵母:安琪酵母股份有限公司第九届董事会第三十次会议决议公告,董事会决议公告,2024-06-25,https://data.eastmoney.com/notices/detail/600298/AN202406241636824975.html
600298,安琪酵母,安琪酵母:安琪酵母股份有限公司关于修改公司《对外担保管理制度》有关条款的公告,管理办法/制度,2024-06-25,https://data.eastmoney.com/notices/detail/600298/AN202406241636824973.html
600298,安琪酵母,安琪酵母:安琪酵母股份有限公司对外担保管理制度(2024年6月修订),管理办法/制度,2024-06-25,https://data.eastmoney.com/notices/detail/600298/AN202406241636824972.html
600298,安琪酵母,安琪酵母:安琪酵母股份有限公司第九届监事会第二十九次会议决议公告,监事会决议公告,2024-06-25,https://data.eastmoney.com/notices/detail/600298/AN202406241636824974.html
002877,智能自控,智能自控:第五届董事会第三次会议决议公告,董事会决议公告,2024-06-25,https://data.eastmoney.com/notices/detail/002877/AN202406241636824977.html
002877,智能自控,智能自控:关于向银行申请综合授信额度的公告,借贷,2024-06-25,https://data.eastmoney.com/notices/detail/002877/AN202406241636824978.html
000626,远大控股,远大控股:关于召开2023年度股东大会的提示性公告,召开股东大会提示性公告,2024-06-25,https://data.eastmoney.com/notices/detail/000626/AN202406241636824976.html
688066,*ST航图,航天宏图:关于自愿披露公司中标公告,重大合同,2024-06-25,https://data.eastmoney.com/notices/detail/688066/AN202406241636824922.html
603876,鼎胜新材,鼎胜新材:江苏鼎胜新能源材料股份有限公司关于为全资子公司提供担保的公告,提供/对外担保公告,2024-06-25,https://data.eastmoney.com/notices/detail/603876/AN202406241636824909.html
603717,天域生物,天域生态:2024年第二次临时股东大会会议资料,股东大会资料,2024-06-25,https://data.eastmoney.com/notices/detail/603717/AN202406241636824747.html
603815,交建股份,交建股份:安徽省交通建设股份有限公司关于在全资子公司之间调剂融资类担保额度的公告,其他担保公告,2024-06-25,https://data.eastmoney.com/notices/detail/603815/AN202406241636824726.html
300956,英力股份,英力股份:关于英力转债赎回实施的第四次提示性公告,其他,2024-06-25,https://data.eastmoney.com/notices/detail/300956/AN202406241636824728.html
300196,长海股份,长海股份:关于公司董事增持股份计划的公告,股东/实际控制人股份增持,2024-06-25,https://data.eastmoney.com/notices/detail/300196/AN202406241636824700.html
002715,登云股份,登云股份:关于披露重大资产重组预案后的进展公告,重组进展公告,2024-06-25,https://data.eastmoney.com/notices/detail/002715/AN202406241636824698.html
002715,登云股份,登云股份:关于持股5%以上股东部分股份解除质押的公告,股份质押、冻结,2024-06-25,https://data.eastmoney.com/notices/detail/002715/AN202406241636824699.html
002172,澳洋健康,澳洋健康:澳洋健康2024年第一次临时股东大会法律意见书,法律意见书,2024-06-25,https://data.eastmoney.com/notices/detail/002172/AN202406241636824696.html
002172,澳洋健康,澳洋健康:江苏澳洋健康产业股份有限公司2024年第一次临时股东大会决议公告,股东大会决议公告,2024-06-25,https://data.eastmoney.com/notices/detail/002172/AN202406241636824697.html
603477,巨星农牧,巨星农牧:乐山巨星农牧股份有限公司向不特定对象发行可转换公司债券受托管理事务报告(2023年),其他,2024-06-25,https://data.eastmoney.com/notices/detail/603477/AN202406241636824484.html
600255,鑫科材料,鑫科材料:鑫科材料2024年度“提质增效重回报”行动方案,其他,2024-06-25,https://data.eastmoney.com/notices/detail/600255/AN202406241636824461.html
600255,鑫科材料,鑫科材料:鑫科材料九届十九次董事会决议公告,董事会决议公告,2024-06-25,https://data.eastmoney.com/notices/detail/600255/AN202406241636824460.html
001260,坤泰股份,坤泰股份:关于部分募投项目结项并注销募集资金专户的公告,募集资金使用情况报告,2024-06-25,https://data.eastmoney.com/notices/detail/001260/AN202406241636824485.html
603300,海南华铁,华铁应急:浙江华铁应急设备科技股份有限公司第四届监事会第五十九次会议决议公告,监事会决议公告,2024-06-25,https://data.eastmoney.com/notices/detail/603300/AN202406241636824456.html
600500,中化国际,中化国际:中化国际第九届董事会第二十一次会议决议公告,高管人员任职变动,2024-06-25,https://data.eastmoney.com/notices/detail/600500/AN202406241636824454.html
603300,海南华铁,华铁应急:浙江华铁应急设备科技股份有限公司第四届董事会第六十一次会议决议公告,董事会决议公告,2024-06-25,https://data.eastmoney.com/notices/detail/603300/AN202406241636824455.html
603300,海南华铁,华铁应急:浙江华铁应急设备科技股份有限公司关于调整2023年度利润分配方案每股分配比例的公告,分配方案调整,2024-06-25,https://data.eastmoney.com/notices/detail/603300/AN202406241636824445.html
603300,海南华铁,华铁应急:浙江华铁应急设备科技股份有限公司关于召开2024年第七次临时股东大会的通知,召开股东大会通知,2024-06-25,https://data.eastmoney.com/notices/detail/603300/AN202406241636824447.html
603300,海南华铁,华铁应急:浙江华铁应急设备科技股份有限公司对外担保进展公告,提供/对外担保公告,2024-06-25,https://data.eastmoney.com/notices/detail/603300/AN202406241636824446.html
603300,海南华铁,华铁应急:国浩律师(杭州)事务所关于浙江华铁应急设备科技股份有限公司2021年股票期权激励计划相关事项之法律意见书,法律意见书,2024-06-25,https://data.eastmoney.com/notices/detail/603300/AN202406241636824444.html
603300,海南华铁,华铁应急:浙江华铁应急设备科技股份有限公司关于调整2021年股票期权激励计划行权价格及注销部分股票期权的公告,股权激励行权价（数量）调整,2024-06-25,https://data.eastmoney.com/notices/detail/603300/AN202406241636824443.html
603300,海南华铁,华铁应急:浙江华铁应急设备科技股份有限公司关于2021年股票期权激励计划首次及预留授予的股票期权第三个行权期行权条件成就的公告,股权激励进展公告,2024-06-25,https://data.eastmoney.com/notices/detail/603300/AN202406241636824442.html
603300,海南华铁,华铁应急:浙江华铁应急设备科技股份有限公司关于子公司投资高空作业平台并办理融资租赁及对其提供担保的公告,提供/对外担保公告,2024-06-25,https://data.eastmoney.com/notices/detail/603300/AN202406241636824448.html
600075,新疆天业,新疆天业:新疆天业股份有限公司关于“天业转债”预计触发转股价格修正条件的提示性公告,其他,2024-06-25,https://data.eastmoney.com/notices/detail/600075/AN202406241636824019.html
600352,浙江龙盛,浙江龙盛:浙江龙盛关于为全资子公司提供担保的公告,提供/对外担保公告,2024-06-25,https://data.eastmoney.com/notices/detail/600352/AN202406241636823993.html
603368,柳药集团,柳药集团:广西柳药集团股份有限公司关于控股股东部分股份解除质押的公告,股份质押、冻结,2024-06-25,https://data.eastmoney.com/notices/detail/603368/AN202406241636823992.html
600162,香江控股,香江控股:香江控股关于为全资子公司提供贷款担保的公告,提供/对外担保公告,2024-06-25,https://data.eastmoney.com/notices/detail/600162/AN202406241636823952.html
300199,翰宇药业,翰宇药业:关于控股股东、实际控制人办理股票质押业务的公告,股份质押、冻结,2024-06-25,https://data.eastmoney.com/notices/detail/300199/AN202406241636823936.html
002907,华森制药,华森制药:关于公司药品生产许可证变更的公告,其他,2024-06-25,https://data.eastmoney.com/notices/detail/002907/AN202406241636823935.html
002662,峰璟股份,京威股份:关于全资子公司之间吸收合并的公告,其他,2024-06-25,https://data.eastmoney.com/notices/detail/002662/AN202406241636823934.html
002662,峰璟股份,京威股份:第六届董事会第九次会议决议公告,董事会决议公告,2024-06-25,https://data.eastmoney.com/notices/detail/002662/AN202406241636823933.html
600996,贵广网络,贵广网络:关于选举陈彧先生为公司董事长的公告,高管人员任职变动,2024-06-25,https://data.eastmoney.com/notices/detail/600996/AN202406241636823916.html
600784,鲁银投资,鲁银投资:鲁银投资关于银行账户资金解除冻结的公告,其他,2024-06-25,https://data.eastmoney.com/notices/detail/600784/AN202406241636823854.html
601677,明泰铝业,明泰铝业:明泰铝业投资者关系活动记录表2024年6月18日-21日,调研活动,2024-06-25,https://data.eastmoney.com/notices/detail/601677/AN202406241636823807.html
688403,汇成股份,汇成股份:监事会关于公司2023年限制性股票激励计划预留授予激励对象名单的核查意见及公示情况说明,专项说明/独立意见,2024-06-25,https://data.eastmoney.com/notices/detail/688403/AN202406241636823788.html
688334,西高院,西高院:关于获评2023年度“科改企业”标杆的公告,获得认证,2024-06-25,https://data.eastmoney.com/notices/detail/688334/AN202406241636823786.html
688360,德马科技,德马科技:德马科技关于高级管理人员辞职及聘任高级管理人员的公告,高管人员任职变动,2024-06-25,https://data.eastmoney.com/notices/detail/688360/AN202406241636823787.html
688360,德马科技,德马科技:德马科技2024年第二次临时股东大会会议资料,股东大会资料,2024-06-25,https://data.eastmoney.com/notices/detail/688360/AN202406241636823789.html
603095,越剑智能,越剑智能:关于以集中竞价交易方式首次回购股份的公告,回购实施公告,2024-06-25,https://data.eastmoney.com/notices/detail/603095/AN202406241636823773.html
600126,杭钢股份,杭钢股份:杭州钢铁股份有限公司持股5%以上股东减持股份计划公告,股东/实际控制人股份减持,2024-06-25,https://data.eastmoney.com/notices/detail/600126/AN202406241636823758.html
603133,退市碳元,退市碳元:碳元科技股份有限公司关于公司股票进入退市整理期交易的第七次风险提示公告,实施退市风险警示,2024-06-25,https://data.eastmoney.com/notices/detail/603133/AN202406241636823620.html
603598,引力传媒,引力传媒:关于控股股东部分股份解除质押的公告,股份质押、冻结,2024-06-25,https://data.eastmoney.com/notices/detail/603598/AN202406241636823621.html
600729,重百集团,重庆百货:重庆百货大楼股份有限公司2024年第二次临时股东大会会议材料,股东大会资料,2024-06-25,https://data.eastmoney.com/notices/detail/600729/AN202406241636823598.html
000408,藏格矿业,藏格矿业:关于高级管理人员辞职的公告,高管人员任职变动,2024-06-25,https://data.eastmoney.com/notices/detail/000408/AN202406241636823576.html
002749,国光股份,国光股份:关于提前赎回国光转债的第六次提示性公告,其他,2024-06-25,https://data.eastmoney.com/notices/detail/002749/AN202406241636823580.html
001301,尚太科技,尚太科技:关于召开2024年第一次临时股东大会的通知(更正公告),股东大会通知更正公告,2024-06-25,https://data.eastmoney.com/notices/detail/001301/AN202406241636823578.html
001301,尚太科技,尚太科技:关于2024年第一次临时股东大会的通知的更正公告,股东大会通知更正公告,2024-06-25,https://data.eastmoney.com/notices/detail/001301/AN202406241636823579.html
300657,弘信电子,弘信电子:关于为子公司提供担保的进展公告,提供/对外担保公告,2024-06-25,https://data.eastmoney.com/notices/detail/300657/AN202406241636823577.html
603338,浙江鼎力,浙江鼎力:浙江鼎力机械股份有限公司关于归还暂时补充流动资金的闲置募集资金的公告,归还募集资金,2024-06-25,https://data.eastmoney.com/notices/detail/603338/AN202406241636823566.html
600346,恒力石化,恒力石化:恒力石化关于短期融资券注册申请获准的公告,其他,2024-06-25,https://data.eastmoney.com/notices/detail/600346/AN202406241636823560.html
600135,乐凯胶片,乐凯胶片:乐凯胶片股份有限公司九届十七次董事会决议公告,董事会决议公告,2024-06-25,https://data.eastmoney.com/notices/detail/600135/AN202406241636823554.html
600372,中航机载,中航机载:中航机载关于聘任高级管理人员的公告,高管人员任职变动,2024-06-25,https://data.eastmoney.com/notices/detail/600372/AN202406241636823489.html
600372,中航机载,中航机载:中航机载第八届董事会2024年度第四次会议(临时)决议公告,高管人员任职变动,2024-06-25,https://data.eastmoney.com/notices/detail/600372/AN202406241636823488.html
600372,中航机载,中航机载:中航机载关于召开2024年第一次临时股东大会的通知,召开股东大会通知,2024-06-25,https://data.eastmoney.com/notices/detail/600372/AN202406241636823490.html
600372,中航机载,中航机载:中航机载关于补选公司非独立董事的公告,高管人员任职变动,2024-06-25,https://data.eastmoney.com/notices/detail/600372/AN202406241636823487.html
600561,江西长运,江西长运:江西长运关于为二级子公司金溪长运公共交通有限公司借款提供担保的实施公告,提供/对外担保公告,2024-06-25,https://data.eastmoney.com/notices/detail/600561/AN202406241636823462.html
600766,退市园城,退市园城:烟台园城黄金股份有限公司关于公司股票进入退市整理期交易的第六次风险提示公告,实施退市风险警示,2024-06-25,https://data.eastmoney.com/notices/detail/600766/AN202406241636823424.html
600887,伊利股份,伊利股份:内蒙古伊利实业集团股份有限公司关于2024年度第八、九期超短期融资券兑付完成的公告,其他,2024-06-25,https://data.eastmoney.com/notices/detail/600887/AN202406241636823375.html
600833,第一医药,第一医药:上海第一医药股份有限公司董事、监事和高级管理人员所持本公司股份及其变动管理规则(2024年修订),高管人员任职变动,2024-06-25,https://data.eastmoney.com/notices/detail/600833/AN202406241636823358.html
600833,第一医药,第一医药:上海第一医药股份有限公司第十届董事会第二十五次(临时)会议决议公告,高管人员任职变动,2024-06-25,https://data.eastmoney.com/notices/detail/600833/AN202406241636823255.html
600201,生物股份,生物股份:金宇生物技术股份有限公司关于向特定对象发行股票申请获得上海证券交易所审核通过的公告,增发获准公告,2024-06-25,https://data.eastmoney.com/notices/detail/600201/AN202406241636823236.html
600997,开滦股份,开滦股份:开滦能源化工股份有限公司关于为子公司提供担保的公告,提供/对外担保公告,2024-06-25,https://data.eastmoney.com/notices/detail/600997/AN202406241636823212.html
002381,双箭股份,双箭股份:浙江双箭橡胶股份有限公司向不特定对象发行可转换公司债券受托管理事务报告(2023年度),其他,2024-06-25,https://data.eastmoney.com/notices/detail/002381/AN202406241636823138.html
002181,粤传媒,粤传媒:关于收到深圳证券交易所监管函的公告,其他,2024-06-25,https://data.eastmoney.com/notices/detail/002181/AN202406241636823139.html
002774,快意电梯,快意电梯:关于部分募集资金专用账户销户的公告,募集资金使用情况报告,2024-06-25,https://data.eastmoney.com/notices/detail/002774/AN202406241636823073.html
002559,亚威股份,亚威股份:关于继续以自有资产抵押向银行申请贷款的公告,借贷,2024-06-25,https://data.eastmoney.com/notices/detail/002559/AN202406241636823072.html
002097,山河智能,山河智能:关于控股子公司增资及股权转让事项预挂牌的提示性公告,公司关联方基本资料变更,2024-06-25,https://data.eastmoney.com/notices/detail/002097/AN202406241636823071.html
001322,箭牌家居,箭牌家居:第二届董事会第十二次会议决议公告,董事会决议公告,2024-06-25,https://data.eastmoney.com/notices/detail/001322/AN202406241636823070.html
000509,华塑控股,华塑控股:关于对外投资设立全资子公司的公告,投资设立公司,2024-06-25,https://data.eastmoney.com/notices/detail/000509/AN202406241636823067.html
000509,华塑控股,华塑控股:十二届董事会第十一次临时会议决议公告,董事会决议公告,2024-06-25,https://data.eastmoney.com/notices/detail/000509/AN202406241636823069.html
000509,华塑控股,华塑控股:关于召开2024年第四次临时股东大会的通知,召开股东大会通知,2024-06-25,https://data.eastmoney.com/notices/detail/000509/AN202406241636823068.html
002559,亚威股份,亚威股份:第六届董事会第十次会议决议公告,董事会决议公告,2024-06-25,https://data.eastmoney.com/notices/detail/002559/AN202406241636823039.html
001282,三联锻造,三联锻造:关于归还暂时补充流动资金的闲置募集资金的公告,归还募集资金,2024-06-25,https://data.eastmoney.com/notices/detail/001282/AN202406241636823038.html
603396,金辰股份,金辰股份:营口金辰机械股份有限公司关于使用部分闲置募集资金购买理财产品到期赎回的公告,投资理财,2024-06-25,https://data.eastmoney.com/notices/detail/603396/AN202406241636823022.html
600131,国网信通,国网信通:国网信息通信股份有限公司关于举办“走进上市公司”活动情况的公告,其他,2024-06-25,https://data.eastmoney.com/notices/detail/600131/AN202406241636823009.html
603068,博通集成,博通集成:博通集成关于召开2023年度业绩说明会的公告,其他,2024-06-25,https://data.eastmoney.com/notices/detail/603068/AN202406241636822657.html
600764,中国海防,中国海防:中国海防关于为所属子公司提供担保的进展公告,提供/对外担保公告,2024-06-25,https://data.eastmoney.com/notices/detail/600764/AN202406241636822553.html
603897,长城科技,长城科技:长城科技2024年第一次临时股东大会会议资料,股东大会资料,2024-06-25,https://data.eastmoney.com/notices/detail/603897/AN202406241636822488.html
603108,润达医疗,润达医疗:关于归还用于暂时补充流动资金的闲置募集资金的公告,归还募集资金,2024-06-25,https://data.eastmoney.com/notices/detail/603108/AN202406241636822459.html
600797,浙大网新,浙大网新:浙大网新科技股份有限公司关于为全资子公司北京晓通智能系统科技有限公司提供担保的公告,提供/对外担保公告,2024-06-25,https://data.eastmoney.com/notices/detail/600797/AN202406241636822352.html
603183,建研院,建研院:关于子公司新建检验检测基地的公告,其他,2024-06-25,https://data.eastmoney.com/notices/detail/603183/AN202406241636821837.html
603969,银龙股份,银龙股份:天津银龙预应力材料股份有限公司关于对控股子公司提供担保的公告,提供/对外担保公告,2024-06-25,https://data.eastmoney.com/notices/detail/603969/AN202406241636821839.html
600908,无锡银行,无锡银行:关于外部监事任期届满辞职的公告,高管人员任职变动,2024-06-25,https://data.eastmoney.com/notices/detail/600908/AN202406241636821834.html
601500,通用股份,通用股份:江苏通用科技股份有限公司2024年第三次临时股东大会会议资料,股东大会资料,2024-06-25,https://data.eastmoney.com/notices/detail/601500/AN202406241636821836.html
603183,建研院,建研院:第四届董事会第四次会议决议公告,董事会决议公告,2024-06-25,https://data.eastmoney.com/notices/detail/603183/AN202406241636821841.html
603610,麒盛科技,麒盛科技:麒盛科技关于实际控制人部分股份解除质押的公告,股份质押、冻结,2024-06-25,https://data.eastmoney.com/notices/detail/603610/AN202406241636821840.html
603183,建研院,建研院:第四届监事会第四次会议决议公告,监事会决议公告,2024-06-25,https://data.eastmoney.com/notices/detail/603183/AN202406241636821833.html
603915,国茂股份,国茂股份:国茂股份关于使用部分闲置募集资金委托理财赎回的公告,委托（受托）事项,2024-06-25,https://data.eastmoney.com/notices/detail/603915/AN202406241636821831.html
603083,剑桥科技,剑桥科技:关于完成工商变更登记的公告,公司注册资本变更,2024-06-25,https://data.eastmoney.com/notices/detail/603083/AN202406241636821838.html
600123,兰花科创,兰花科创:兰花科创关于董事直系亲属短线交易及致歉公告,致歉公告,2024-06-25,https://data.eastmoney.com/notices/detail/600123/AN202406241636821835.html
600908,无锡银行,无锡银行:关于独立董事任期届满辞职的公告,高管人员任职变动,2024-06-25,https://data.eastmoney.com/notices/detail/600908/AN202406241636821832.html
600647,退市同达,退市同达:退市同达关于公司股票进入退市整理期交易的第七次风险提示公告,实施退市风险警示,2024-06-25,https://data.eastmoney.com/notices/detail/600647/AN202406241636821826.html
