代码,名称,公告标题,公告类型,公告日期,网址
300159,新研股份,新研股份:第五届董事会第十七次会议决议公告,董事会决议公告,2024-07-10,https://data.eastmoney.com/notices/detail/300159/AN202407101637758960.html
300159,新研股份,新研股份:关于向银行申请重组贷款暨子公司为母公司提供保证担保的公告,提供/对外担保公告,2024-07-10,https://data.eastmoney.com/notices/detail/300159/AN202407101637758959.html
600165,ST宁科,*ST宁科:关于《宁夏中科生物科技股份有限公司股票交易异常波动询证函》的回函,股票交易异常波动,2024-07-10,https://data.eastmoney.com/notices/detail/600165/AN202407091637727888.html
600165,ST宁科,*ST宁科:*ST宁科股票交易异常波动暨风险提示性公告,股票交易异常波动,2024-07-10,https://data.eastmoney.com/notices/detail/600165/AN202407091637727886.html
002306,ST云网,中科云网:2024年半年度业绩预告,业绩预告,2024-07-10,https://data.eastmoney.com/notices/detail/002306/AN202407091637723292.html
002742,冀衡医药,ST三圣:关于被重庆证监局责令改正的进展暨风险提示公告,风险提示性公告,2024-07-10,https://data.eastmoney.com/notices/detail/002742/AN202407091637722068.html
000672,上峰材料,上峰水泥:2024年半年度业绩预告,业绩预告,2024-07-10,https://data.eastmoney.com/notices/detail/000672/AN202407091637718724.html
A11035,朝歌数码,关于北京朝歌数码科技股份有限公司首次公开发行股票并上市辅导工作进展报告(第三期),辅导工作进展报告,2024-07-10,https://data.eastmoney.com/notices/detail/A11035/AN202409261640044300.html
A19047,世纪空间,关于二十一世纪空间技术应用股份有限公司首次公开发行股票并上市辅导工作进展报告(第十期),辅导工作进展报告,2024-07-10,https://data.eastmoney.com/notices/detail/A19047/AN202407201638116266.html
688385,复旦微电,关于同意上海复旦微电子集团股份有限公司向不特定对象发行可转换公司债券注册的批复,科创板再融资审核注册结果通知,2024-07-10,https://data.eastmoney.com/notices/detail/688385/AN202407191638103082.html
A21047,小鸟科技,关于北京小鸟科技股份有限公司首次公开发行股票并上市辅导工作进展报告(第三期),辅导工作进展报告,2024-07-10,https://data.eastmoney.com/notices/detail/A21047/AN202407191638068601.html
A20347,贝尔生物,关于北京贝尔生物工程股份有限公司首次公开发行股票并上市辅导工作进展报告(第二期),辅导工作进展报告,2024-07-10,https://data.eastmoney.com/notices/detail/A20347/AN202407191638068600.html
A22035,三峰透平,关于湖北三峰透平装备股份有限公司首次公开发行股票并上市辅导工作进展报告(第四期),辅导工作进展报告,2024-07-10,https://data.eastmoney.com/notices/detail/A22035/AN202407181638024737.html
920124,南特科技,关于珠海市南特金属科技股份有限公司首次公开发行股票并上市辅导工作进展报告(第四期),辅导工作进展报告,2024-07-10,https://data.eastmoney.com/notices/detail/920124/AN202407151637891327.html
920183,海菲曼,关于昆山海菲曼科技集团股份有限公司首次公开发行股票并上市辅导工作进展报告(第二期),辅导工作进展报告,2024-07-10,https://data.eastmoney.com/notices/detail/920183/AN202407121637815058.html
920121,江天科技,关于苏州江天包装科技股份有限公司首次公开发行股票并上市辅导工作进展报告(第二期),辅导工作进展报告,2024-07-10,https://data.eastmoney.com/notices/detail/920121/AN202407121637814749.html
920200,振宏股份,关于振宏重工(江苏)股份有限公司首次公开发行股票并上市辅导工作进展报告(第八期),辅导工作进展报告,2024-07-10,https://data.eastmoney.com/notices/detail/920200/AN202407121637815024.html
920125,鸿仕达,关于昆山鸿仕达智能科技股份有限公司首次公开发行股票并上市辅导工作进展报告(第六期),辅导工作进展报告,2024-07-10,https://data.eastmoney.com/notices/detail/920125/AN202407111637776746.html
000893,亚钾国际,亚钾国际:2024年7月10日投资者关系活动记录表,调研活动,2024-07-10,https://data.eastmoney.com/notices/detail/000893/AN202407101637768716.html
000691,亚太实业,3-1证券发行保荐书(申报稿)(甘肃亚太实业发展股份有限公司),深主板再融资发行保荐书,2024-07-10,https://data.eastmoney.com/notices/detail/000691/AN202407101637768432.html
000691,亚太实业,3-3上市保荐书(申报稿)(甘肃亚太实业发展股份有限公司),深主板再融资上市保荐书,2024-07-10,https://data.eastmoney.com/notices/detail/000691/AN202407101637768430.html
000691,亚太实业,6-1发行人最近一年的财务报告及其审计报告以及最近一期的财务报告(申报稿)(甘肃亚太实业发展股份有限公司),深主板再融资审计报告,2024-07-10,https://data.eastmoney.com/notices/detail/000691/AN202407101637768433.html
000691,亚太实业,1-1募集说明书(申报稿)(甘肃亚太实业发展股份有限公司),深主板再融资募集说明书申报稿,2024-07-10,https://data.eastmoney.com/notices/detail/000691/AN202407101637768431.html
002226,江南化工,江南化工:002226江南化工投资者关系管理信息20240710,调研活动,2024-07-10,https://data.eastmoney.com/notices/detail/002226/AN202407101637767395.html
A21310,欧冶云商,关于终止对欧冶云商首次公开发行股票并在创业板上市审核的决定,创业板发行上市审核终止审核通知,2024-07-10,https://data.eastmoney.com/notices/detail/A21310/AN202407101637767518.html
300905,宝丽迪,宝丽迪:关于公司高级管理人员减持股份的预披露公告,高管人员持股变动,2024-07-10,https://data.eastmoney.com/notices/detail/300905/AN202407101637767344.html
A19392,新视云,关于终止对新视云首次公开发行股票并在创业板上市审核的决定,创业板发行上市审核终止审核通知,2024-07-10,https://data.eastmoney.com/notices/detail/A19392/AN202407101637767240.html
002916,深南电路,深南电路:2024年7月10日投资者关系活动记录表,调研活动,2024-07-10,https://data.eastmoney.com/notices/detail/002916/AN202407101637766484.html
300682,朗新科技,朗新集团:2024年第三次临时股东大会决议公告,股东大会决议公告,2024-07-10,https://data.eastmoney.com/notices/detail/300682/AN202407101637766661.html
300682,朗新科技,朗新集团:北京市君合律师事务所关于朗新科技集团股份有限公司2024年第三次临时股东大会的法律意见书,法律意见书,2024-07-10,https://data.eastmoney.com/notices/detail/300682/AN202407101637766663.html
300682,朗新科技,朗新集团:回购报告书,回购报告书,2024-07-10,https://data.eastmoney.com/notices/detail/300682/AN202407101637766662.html
002339,积成电子,积成电子:2024年7月9日投资者关系活动记录表,调研活动,2024-07-10,https://data.eastmoney.com/notices/detail/002339/AN202407101637766457.html
301049,超越科技,超越科技:中信证券股份有限公司关于深圳证券交易所《关于对安徽超越环保科技股份有限公司年报问询函》之核查意见,保荐/核查意见,2024-07-10,https://data.eastmoney.com/notices/detail/301049/AN202407101637766420.html
301049,超越科技,超越科技:关于深圳证券交易所《关于对安徽超越环保科技股份有限公司的年报问询函》相关事项的核查意见,保荐/核查意见,2024-07-10,https://data.eastmoney.com/notices/detail/301049/AN202407101637766421.html
301049,超越科技,超越科技:关于对深圳证券交易所年报问询函回复的公告,回复问询函公告,2024-07-10,https://data.eastmoney.com/notices/detail/301049/AN202407101637766419.html
000686,东北证券,东北证券:东北证券股份有限公司2024年面向专业投资者公开发行公司债券(第二期)票面利率公告,其他,2024-07-10,https://data.eastmoney.com/notices/detail/000686/AN202407101637766336.html
300117,*ST嘉寓,*ST嘉寓:关于再次延期回复深圳证券交易所年报问询函的公告,延期回复问询函公告,2024-07-10,https://data.eastmoney.com/notices/detail/300117/AN202407101637766247.html
300959,线上线下,线上线下:关于持股5%以上股东减持股份的预披露公告,股东/实际控制人股份减持,2024-07-10,https://data.eastmoney.com/notices/detail/300959/AN202407101637766170.html
300364,中文在线,中文在线:关于使用闲置自有资金进行风险投资的公告,其他,2024-07-10,https://data.eastmoney.com/notices/detail/300364/AN202407101637765903.html
300364,中文在线,中文在线:第五届董事会第七次会议决议公告,董事会决议公告,2024-07-10,https://data.eastmoney.com/notices/detail/300364/AN202407101637765904.html
300007,汉威科技,汉威科技:300007汉威科技投资者关系管理信息20240710,调研活动,2024-07-10,https://data.eastmoney.com/notices/detail/300007/AN202407101637765496.html
301070,开勒股份,开勒股份:关于股东股份减持计划期限届满的公告,股东/实际控制人股份减持,2024-07-10,https://data.eastmoney.com/notices/detail/301070/AN202407101637765573.html
300942,易瑞生物,易瑞生物:股票交易异常波动公告,股票交易异常波动,2024-07-10,https://data.eastmoney.com/notices/detail/300942/AN202407101637765378.html
300527,ST应急,中船应急:北京盈科(武汉)律师事务所关于中国船舶重工集团应急预警与救援装备股份有限公司应急转债2024年第一次债券持有人会议的法律意见书,其他,2024-07-10,https://data.eastmoney.com/notices/detail/300527/AN202407101637765158.html
300527,ST应急,中船应急:2024年第一次债券持有人会议决议公告,其他,2024-07-10,https://data.eastmoney.com/notices/detail/300527/AN202407101637765157.html
920719,宁新新材,宁新新材:国浩律师(北京)事务所关于江西宁新新材料股份有限公司2024年第一次临时股东大会之法律意见书,法律意见书,2024-07-10,https://data.eastmoney.com/notices/detail/920719/AN202407101637764968.html
920719,宁新新材,宁新新材:2024年第一次临时股东大会决议公告,股东大会决议公告,2024-07-10,https://data.eastmoney.com/notices/detail/920719/AN202407101637764969.html
920719,宁新新材,宁新新材:首次回购股份暨回购进展情况公告,回购进展情况,2024-07-10,https://data.eastmoney.com/notices/detail/920719/AN202407101637764967.html
002276,万马股份,万马股份:关于“21万马01”票面利率调整和回售实施办法第一次提示性公告,利率变动,2024-07-10,https://data.eastmoney.com/notices/detail/002276/AN202407101637764447.html
301067,显盈科技,显盈科技:第三届监事会第十五次会议决议公告,监事会决议公告,2024-07-10,https://data.eastmoney.com/notices/detail/301067/AN202407101637764416.html
301067,显盈科技,显盈科技:向不特定对象发行可转换公司债券方案的论证分析报告(二次修订稿),其他,2024-07-10,https://data.eastmoney.com/notices/detail/301067/AN202407101637764417.html
301067,显盈科技,显盈科技:向不特定对象发行可转换公司债券预案(二次修订稿),其他,2024-07-10,https://data.eastmoney.com/notices/detail/301067/AN202407101637764413.html
301067,显盈科技,显盈科技:关于向不特定对象发行可转换公司债券预案(第二次)修订情况说明的公告,其他,2024-07-10,https://data.eastmoney.com/notices/detail/301067/AN202407101637764420.html
301067,显盈科技,显盈科技:第三届董事会第十七次会议决议公告,董事会决议公告,2024-07-10,https://data.eastmoney.com/notices/detail/301067/AN202407101637764414.html
301067,显盈科技,显盈科技:关于向不特定对象发行可转换公司债券摊薄即期回报与填补措施及相关主体承诺(二次修订稿)的公告,其他,2024-07-10,https://data.eastmoney.com/notices/detail/301067/AN202407101637764415.html
300629,新劲刚,新劲刚:关于以简易程序向特定对象发行股票解除限售的提示性公告,限售股份上市流通,2024-07-10,https://data.eastmoney.com/notices/detail/300629/AN202407101637764411.html
300782,卓胜微,卓胜微:关于实际控制人部分股份补充质押的公告,股份质押、冻结,2024-07-10,https://data.eastmoney.com/notices/detail/300782/AN202407101637764421.html
301067,显盈科技,显盈科技:向不特定对象发行可转换公司债券募集资金运用的可行性分析报告(二次修订稿),其他,2024-07-10,https://data.eastmoney.com/notices/detail/301067/AN202407101637764418.html
300629,新劲刚,新劲刚:民生证券股份有限公司关于广东新劲刚科技股份有限公司2023年以简易程序向特定对象发行股票限售股份解除限售并上市流通的核查意见,保荐/核查意见,2024-07-10,https://data.eastmoney.com/notices/detail/300629/AN202407101637764412.html
301067,显盈科技,显盈科技:关于再次调整公司向不特定对象发行可转换公司债券方案的公告,其他,2024-07-10,https://data.eastmoney.com/notices/detail/301067/AN202407101637764419.html
920065,千岸科技,深圳千岸科技股份有限公司审核问询函,审查信息公开,2024-07-10,https://data.eastmoney.com/notices/detail/920065/AN202407101637764382.html
920491,奥迪威,奥迪威:第四届董事会第九次会议决议公告,董事会决议公告,2024-07-10,https://data.eastmoney.com/notices/detail/920491/AN202407101637764198.html
920491,奥迪威,奥迪威:民生证券股份有限公司关于广东奥迪威传感科技股份有限公司增加部分募投项目实施主体及实施地点的核查意见,保荐/核查意见,2024-07-10,https://data.eastmoney.com/notices/detail/920491/AN202407101637764195.html
920491,奥迪威,奥迪威:关于新增部分募投项目实施主体和实施地点的公告,募集资金使用情况报告,2024-07-10,https://data.eastmoney.com/notices/detail/920491/AN202407101637764194.html
920491,奥迪威,奥迪威:第四届监事会第八次会议决议公告,监事会决议公告,2024-07-10,https://data.eastmoney.com/notices/detail/920491/AN202407101637764197.html
920491,奥迪威,奥迪威:关于受让参股公司部分股权的公告,股权转让,2024-07-10,https://data.eastmoney.com/notices/detail/920491/AN202407101637764196.html
300963,中洲特材,中洲特材:2023年年度权益分派实施公告,分配方案实施,2024-07-10,https://data.eastmoney.com/notices/detail/300963/AN202407101637764189.html
000656,金科股份,*ST金科:000656*ST金科投资者关系管理信息20240710,调研活动,2024-07-10,https://data.eastmoney.com/notices/detail/000656/AN202407101637764097.html
300698,万马科技,万马科技:2024年第一次临时股东大会决议公告,分配方案决议公告,2024-07-10,https://data.eastmoney.com/notices/detail/300698/AN202407101637764046.html
300698,万马科技,万马科技:浙江天册律师事务所关于万马科技股份有限公司2024年第一次临时股东大会见证法律意见书,法律意见书,2024-07-10,https://data.eastmoney.com/notices/detail/300698/AN202407101637764047.html
300675,建科院,建科院:关于持股5%以上股东自愿承诺不减持公司股份的公告,其他,2024-07-10,https://data.eastmoney.com/notices/detail/300675/AN202407101637764028.html
000598,兴蓉环境,兴蓉环境:2024年7月10日投资者关系活动记录表,调研活动,2024-07-10,https://data.eastmoney.com/notices/detail/000598/AN202407101637763727.html
300567,精测电子,精测电子:武汉精测电子集团股份有限公司关于精测转债转股价格调整的公告,其他,2024-07-10,https://data.eastmoney.com/notices/detail/300567/AN202407101637763574.html
300567,精测电子,精测电子:武汉精测电子集团股份有限公司关于精测转2转股价格调整的公告,其他,2024-07-10,https://data.eastmoney.com/notices/detail/300567/AN202407101637763572.html
300567,精测电子,精测电子:武汉精测电子集团股份有限公司关于回购股份注销完成暨股份变动的公告,股本变动,2024-07-10,https://data.eastmoney.com/notices/detail/300567/AN202407101637763573.html
300540,蜀道装备,蜀道装备:投资者活动记录表（2024年07月10日）,调研活动,2024-07-10,https://data.eastmoney.com/notices/detail/300540/AN202407101637762900.html
300613,富瀚微,富瀚微:2024年7月8日投资者关系活动记录表,调研活动,2024-07-10,https://data.eastmoney.com/notices/detail/300613/AN202407101637762901.html
300926,博俊科技,博俊科技:江苏博俊工业科技股份有限公司向不特定对象发行可转换公司债券受托管理事务报告(2023年度),其他,2024-07-10,https://data.eastmoney.com/notices/detail/300926/AN202407101637763355.html
300922,天秦装备,天秦装备:2024年半年度业绩预告,业绩预告,2024-07-10,https://data.eastmoney.com/notices/detail/300922/AN202407101637763354.html
300797,钢研纳克,钢研纳克:关于首期限制性股票激励计划首次授予第一个解除限售期解除限售股份上市流通的提示性公告,限售股份上市流通,2024-07-10,https://data.eastmoney.com/notices/detail/300797/AN202407101637763284.html
301526,国际复材,国际复材:2023年年度权益分派实施公告,分配方案实施,2024-07-10,https://data.eastmoney.com/notices/detail/301526/AN202407101637763252.html
920081,欧伦电气,浙江欧伦电气股份有限公司审核问询函,审查信息公开,2024-07-10,https://data.eastmoney.com/notices/detail/920081/AN202407101637763198.html
920178,锐翔智能,珠海锐翔智能科技股份有限公司审核问询函,审查信息公开,2024-07-10,https://data.eastmoney.com/notices/detail/920178/AN202407101637763197.html
300715,凯伦股份,凯伦股份:关于控股股东解除质押及再质押的公告,股份质押、冻结,2024-07-10,https://data.eastmoney.com/notices/detail/300715/AN202407101637763203.html
300233,金城医药,金城医药:关于子公司收到药品补充申请批准通知书的公告,其他,2024-07-10,https://data.eastmoney.com/notices/detail/300233/AN202407101637762802.html
920169,七丰精工,七丰精工:关于公司签订完成土地使用权出让合同并取得不动产权证书的公告,获得认证,2024-07-10,https://data.eastmoney.com/notices/detail/920169/AN202407101637762776.html
301220,亚香股份,亚香股份:关于持股5%以上股东股份减持计划预披露的公告,股东/实际控制人股份减持,2024-07-10,https://data.eastmoney.com/notices/detail/301220/AN202407101637762705.html
300630,普利退,普利制药:海通证券股份有限公司关于海南普利制药股份有限公司专项现场检查报告,保荐/核查意见,2024-07-10,https://data.eastmoney.com/notices/detail/300630/AN202407101637762616.html
300630,普利退,普利制药:海通证券股份有限公司关于海南普利制药股份有限公司2023年度跟踪报告,保荐/核查意见,2024-07-10,https://data.eastmoney.com/notices/detail/300630/AN202407101637762613.html
300630,普利退,普利制药:关于不向下修正普利转债转股价格的公告,其他,2024-07-10,https://data.eastmoney.com/notices/detail/300630/AN202407101637762615.html
300630,普利退,普利制药:海通证券股份有限公司关于海南普利制药股份有限公司向不特定对象发行可转换公司债券并上市之保荐总结报告书,保荐/核查意见,2024-07-10,https://data.eastmoney.com/notices/detail/300630/AN202407101637762614.html
300630,普利退,普利制药:第四届董事会第二十八次会议决议公告,董事会决议公告,2024-07-10,https://data.eastmoney.com/notices/detail/300630/AN202407101637762612.html
301139,*ST元道,元道通信:关于选举产生第四届监事会职工代表监事的公告,高管人员任职变动,2024-07-10,https://data.eastmoney.com/notices/detail/301139/AN202407101637762611.html
301139,*ST元道,元道通信:关于董事会、监事会完成换届选举及聘任高级管理人员、证券事务代表的公告,高管人员任职变动,2024-07-10,https://data.eastmoney.com/notices/detail/301139/AN202407101637762609.html
301139,*ST元道,元道通信:北京国枫律师事务所关于元道通信股份有限公司2024年第二次临时股东大会的法律意见书,法律意见书,2024-07-10,https://data.eastmoney.com/notices/detail/301139/AN202407101637762608.html
301139,*ST元道,元道通信:第四届监事会第一次会议决议公告,高管人员任职变动,2024-07-10,https://data.eastmoney.com/notices/detail/301139/AN202407101637762607.html
301139,*ST元道,元道通信:第四届董事会第一次会议决议公告,高管人员任职变动,2024-07-10,https://data.eastmoney.com/notices/detail/301139/AN202407101637762610.html
301139,*ST元道,元道通信:2024年第二次临时股东大会决议公告,股东大会决议公告,2024-07-10,https://data.eastmoney.com/notices/detail/301139/AN202407101637762606.html
300788,中信出版,中信出版:2024年7月10日投资者关系活动记录表,调研活动,2024-07-10,https://data.eastmoney.com/notices/detail/300788/AN202407101637762263.html
920158,长江能科,长江能科2023年年报问询函回复(公司回复),年报问询函回复公告,2024-07-10,https://data.eastmoney.com/notices/detail/920158/AN202407101637762224.html
000736,中交发展,中交地产:国新证券股份有限公司关于中交地产股份有限公司涉及重大诉讼(仲裁)的临时受托管理事务报告,诉讼仲裁,2024-07-10,https://data.eastmoney.com/notices/detail/000736/AN202407101637762249.html
300675,建科院,建科院:董事会战略及可持续发展(ESG)委员会议事规则(2024年7月),议事规则/实施细则,2024-07-10,https://data.eastmoney.com/notices/detail/300675/AN202407101637762168.html
300675,建科院,建科院:关于变更董事会专门委员会名称并配套修订议事规则的公告,公司名称变更,2024-07-10,https://data.eastmoney.com/notices/detail/300675/AN202407101637762169.html
300675,建科院,建科院:广东信达律师事务所关于深圳市建筑科学研究院股份有限公司2024年第二次临时股东大会的法律意见书,法律意见书,2024-07-10,https://data.eastmoney.com/notices/detail/300675/AN202407101637762171.html
300675,建科院,建科院:2024年第二次临时股东大会决议公告,股东大会决议公告,2024-07-10,https://data.eastmoney.com/notices/detail/300675/AN202407101637762167.html
300675,建科院,建科院:关于董事会、监事会完成换届选举暨选举产生董事长、监事会主席及董事会各专门委员会委员的公告,高管人员任职变动,2024-07-10,https://data.eastmoney.com/notices/detail/300675/AN202407101637762170.html
300675,建科院,建科院:第四届监事会第一次临时会议决议公告,高管人员任职变动,2024-07-10,https://data.eastmoney.com/notices/detail/300675/AN202407101637762172.html
300675,建科院,建科院:第四届董事会第一次临时会议决议公告,高管人员任职变动,2024-07-10,https://data.eastmoney.com/notices/detail/300675/AN202407101637762166.html
300498,温氏股份,温氏股份:2024年6月主产品销售情况简报,月度经营情况,2024-07-10,https://data.eastmoney.com/notices/detail/300498/AN202407101637762135.html
300866,安克创新,安克创新:关于公司2024年限制性股票激励计划激励对象名单的核查意见及公示情况的说明,保荐/核查意见,2024-07-10,https://data.eastmoney.com/notices/detail/300866/AN202407101637762134.html
920510,丰光精密,丰光精密:回购股份报告书,回购报告书,2024-07-10,https://data.eastmoney.com/notices/detail/920510/AN202407101637762080.html
920575,*ST康乐,康乐卫士:关于发行境外上市外资股(H股)获中国证监会备案的公告,增发获准公告,2024-07-10,https://data.eastmoney.com/notices/detail/920575/AN202407101637761938.html
301393,昊帆生物,昊帆生物:部分首次公开发行前已发行股份及首次公开发行战略配售股份上市流通提示性公告,限售股份上市流通,2024-07-10,https://data.eastmoney.com/notices/detail/301393/AN202407101637761786.html
300363,博腾股份,博腾股份:关于实际控制人部分股份质押及解除质押的公告,股份质押、冻结,2024-07-10,https://data.eastmoney.com/notices/detail/300363/AN202407101637761784.html
301393,昊帆生物,昊帆生物:民生证券股份有限公司关于苏州昊帆生物股份有限公司部分首次公开发行前已发行股份及首次公开发行战略配售股份上市流通的核查意见,保荐/核查意见,2024-07-10,https://data.eastmoney.com/notices/detail/301393/AN202407101637761787.html
300363,博腾股份,博腾股份:关于部分高级管理人员增持股份计划的公告,高管人员持股变动,2024-07-10,https://data.eastmoney.com/notices/detail/300363/AN202407101637761785.html
300681,英搏尔,英搏尔:发行人最近三年的财务报告及其审计报告以及最近一期的财务报告,审计报告,2024-07-10,https://data.eastmoney.com/notices/detail/300681/AN202407101637761746.html
300681,英搏尔,英搏尔:创业板向不特定对象发行可转换公司债券募集说明书(2024年一季度财务数据更新稿),其他,2024-07-10,https://data.eastmoney.com/notices/detail/300681/AN202407101637761747.html
300681,英搏尔,英搏尔:关于公司部分募投项目结项并将节余募集资金永久补充流动资金的公告,募集资金补充流动资金,2024-07-10,https://data.eastmoney.com/notices/detail/300681/AN202407101637761748.html
300681,英搏尔,英搏尔:东北证券股份有限公司关于公司向不特定对象发行可转换公司债券之发行保荐书,发行保荐书,2024-07-10,https://data.eastmoney.com/notices/detail/300681/AN202407101637761745.html
300681,英搏尔,英搏尔:东北证券股份有限公司关于公司部分募投项目结项并将节余募集资金永久补充流动资金的核查意见,保荐/核查意见,2024-07-10,https://data.eastmoney.com/notices/detail/300681/AN202407101637761743.html
300681,英搏尔,英搏尔:第三届监事会第二十七次会议决议公告,监事会决议公告,2024-07-10,https://data.eastmoney.com/notices/detail/300681/AN202407101637761744.html
300681,英搏尔,英搏尔:关于公司申请向不特定对象发行可转换公司债券第三轮审核问询函的回复报告(2024年一季度财务数据更新版),回复问询函公告,2024-07-10,https://data.eastmoney.com/notices/detail/300681/AN202407101637761741.html
300681,英搏尔,英搏尔:东北证券股份有限公司关于公司向不特定对象发行可转换公司债券之上市保荐书,上市保荐书,2024-07-10,https://data.eastmoney.com/notices/detail/300681/AN202407101637761740.html
300681,英搏尔,英搏尔:第三届董事会第三十二次会议决议公告,董事会决议公告,2024-07-10,https://data.eastmoney.com/notices/detail/300681/AN202407101637761738.html
300681,英搏尔,英搏尔:立信会计师事务所(特殊普通合伙)关于公司申请向不特定对象发行可转换公司债券审核问询函的回复,会计师事务所问询函回复公告,2024-07-10,https://data.eastmoney.com/notices/detail/300681/AN202407101637761742.html
300681,英搏尔,英搏尔:关于申请向不特定对象发行可转换公司债劵募集说明书、审核问询函回复等相关申请文件财务数据更新的提示性公告,回复问询函公告,2024-07-10,https://data.eastmoney.com/notices/detail/300681/AN202407101637761739.html
300565,科信技术,科信技术:关于使用部分闲置募集资金暂时补充流动资金的公告,募集资金补充流动资金,2024-07-10,https://data.eastmoney.com/notices/detail/300565/AN202407101637761687.html
300565,科信技术,科信技术:关于公司2024年度日常关联交易预计的公告,关联交易,2024-07-10,https://data.eastmoney.com/notices/detail/300565/AN202407101637761689.html
300565,科信技术,科信技术:第四届董事会2024年第四次会议决议公告,董事会决议公告,2024-07-10,https://data.eastmoney.com/notices/detail/300565/AN202407101637761685.html
300565,科信技术,科信技术:国信证券股份有限公司关于深圳市科信通信技术股份有限公司使用部分闲置募集资金暂时补充流动资金的核查意见,保荐/核查意见,2024-07-10,https://data.eastmoney.com/notices/detail/300565/AN202407101637761688.html
300565,科信技术,科信技术:国信证券股份有限公司关于深圳市科信通信技术股份有限公司2024年度日常关联交易预计事项的核查意见,保荐/核查意见,2024-07-10,https://data.eastmoney.com/notices/detail/300565/AN202407101637761686.html
300565,科信技术,科信技术:第四届监事会2024年第四次会议决议公告,监事会决议公告,2024-07-10,https://data.eastmoney.com/notices/detail/300565/AN202407101637761690.html
300376,易事特,ST易事特:2023年年度分红派息实施公告,分配方案实施,2024-07-10,https://data.eastmoney.com/notices/detail/300376/AN202407101637761533.html
300376,易事特,ST易事特:关于公司股票交易异常波动公告,股票交易异常波动,2024-07-10,https://data.eastmoney.com/notices/detail/300376/AN202407101637761532.html
300376,易事特,ST易事特:关于公司及相关人员收到广东证监局警示函的公告,警示函公告,2024-07-10,https://data.eastmoney.com/notices/detail/300376/AN202407101637761531.html
920149,旭杰科技,旭杰科技:关于对外投资设立全资孙公司并完成工商注册登记取得营业执照的公告,投资设立公司,2024-07-10,https://data.eastmoney.com/notices/detail/920149/AN202407101637761451.html
920149,旭杰科技,旭杰科技:关于取得发明专利证书的公告,获得认证,2024-07-10,https://data.eastmoney.com/notices/detail/920149/AN202407101637761450.html
300972,万辰集团,万辰集团:国浩律师(北京)事务所关于福建万辰生物科技集团股份有限公司2024年第四次临时股东大会之法律意见书,法律意见书,2024-07-10,https://data.eastmoney.com/notices/detail/300972/AN202407101637761431.html
300972,万辰集团,万辰集团:2024年第四次临时股东大会决议公告,股东大会决议公告,2024-07-10,https://data.eastmoney.com/notices/detail/300972/AN202407101637761430.html
301133,金钟股份,金钟股份:关于债券持有人及其一致行动人可转债持有比例变动达到10%的公告,其他,2024-07-10,https://data.eastmoney.com/notices/detail/301133/AN202407101637761429.html
300181,佐力药业,佐力药业:2024年半年度业绩预告,业绩预告,2024-07-10,https://data.eastmoney.com/notices/detail/300181/AN202407101637761428.html
002939,长城证券,长城证券:长城证券股份有限公司2024年面向专业投资者公开发行公司债券(第三期)信用评级报告,其他,2024-07-10,https://data.eastmoney.com/notices/detail/002939/AN202407101637761377.html
002939,长城证券,长城证券:长城证券股份有限公司2024年面向专业投资者公开发行公司债券(第三期)募集说明书,其他,2024-07-10,https://data.eastmoney.com/notices/detail/002939/AN202407101637761378.html
002939,长城证券,长城证券:长城证券股份有限公司2023年面向专业投资者公开发行公司债券更名公告,其他,2024-07-10,https://data.eastmoney.com/notices/detail/002939/AN202407101637761376.html
002939,长城证券,长城证券:长城证券股份有限公司2024年面向专业投资者公开发行公司债券(第三期)发行公告,其他,2024-07-10,https://data.eastmoney.com/notices/detail/002939/AN202407101637761375.html
000625,长安汽车,长安汽车:2024年07月10日投资者关系活动记录表,调研活动,2024-07-10,https://data.eastmoney.com/notices/detail/000625/AN202407101637760651.html
300527,ST应急,中船应急:北京盈科(武汉)律师事务所关于中国船舶重工集团应急预警与救援装备股份有限公司2024年第一次临时股东大会的法律意见书,法律意见书,2024-07-10,https://data.eastmoney.com/notices/detail/300527/AN202407101637761289.html
300527,ST应急,中船应急:2024年第一次临时股东大会决议公告,股东大会决议公告,2024-07-10,https://data.eastmoney.com/notices/detail/300527/AN202407101637761288.html
301031,中熔电气,中熔电气:中原证券股份有限公司关于西安中熔电气股份有限公司部分首次公开发行前已发行股份上市流通的核查意见,保荐/核查意见,2024-07-10,https://data.eastmoney.com/notices/detail/301031/AN202407101637761290.html
301031,中熔电气,中熔电气:关于公司员工持股平台承诺不减持公司股份的公告,其他,2024-07-10,https://data.eastmoney.com/notices/detail/301031/AN202407101637761287.html
301031,中熔电气,中熔电气:首次公开发行前已发行股份上市流通提示性公告,限售股份上市流通,2024-07-10,https://data.eastmoney.com/notices/detail/301031/AN202407101637761333.html
920039,国义招标,国义招标:关于职工代表监事换届选举的公告,高管人员任职变动,2024-07-10,https://data.eastmoney.com/notices/detail/920039/AN202407101637761278.html
920039,国义招标,国义招标:第二届职工代表大会第八次会议决议暨选举职工代表监事的公告,高管人员任职变动,2024-07-10,https://data.eastmoney.com/notices/detail/920039/AN202407101637761277.html
000783,长江证券,长江证券:长江证券股份有限公司2023年面向专业投资者公开发行公司债券更名公告,其他,2024-07-10,https://data.eastmoney.com/notices/detail/000783/AN202407101637761092.html
000783,长江证券,长江证券:长江证券股份有限公司2024年面向专业投资者公开发行公司债券(第二期)发行公告,其他,2024-07-10,https://data.eastmoney.com/notices/detail/000783/AN202407101637761091.html
001979,招商蛇口,招商蛇口:2019年面向合格投资者公开发行公司债券(第二期)(品种一)2024年本息兑付暨摘牌公告,其他,2024-07-10,https://data.eastmoney.com/notices/detail/001979/AN202407101637761089.html
000783,长江证券,长江证券:长江证券股份有限公司2024年面向专业投资者公开发行公司债券(第二期)信用评级报告,其他,2024-07-10,https://data.eastmoney.com/notices/detail/000783/AN202407101637761094.html
000783,长江证券,长江证券:长江证券股份有限公司2024年面向专业投资者公开发行公司债券(第二期)募集说明书,其他,2024-07-10,https://data.eastmoney.com/notices/detail/000783/AN202407101637761093.html
000783,长江证券,长江证券:长江证券股份有限公司2021年面向专业投资者公开发行次级债券(第二期)2024年本息兑付及摘牌公告,其他,2024-07-10,https://data.eastmoney.com/notices/detail/000783/AN202407101637761090.html
000686,东北证券,东北证券:关于延长东北证券股份有限公司2024年面向专业投资者公开发行公司债券(第二期)簿记建档时间的公告,其他,2024-07-10,https://data.eastmoney.com/notices/detail/000686/AN202407101637760932.html
002244,滨江集团,滨江集团:杭州滨江房产集团股份有限公司关于行使“23滨房01”发行人赎回选择权的第二次提示性公告,其他,2024-07-10,https://data.eastmoney.com/notices/detail/002244/AN202407101637760931.html
920161,龙辰科技,龙辰科技:提供担保暨关联交易的公告,提供/对外担保公告,2024-07-10,https://data.eastmoney.com/notices/detail/920161/AN202407101637760905.html
000728,国元证券,国元证券:国元证券股份有限公司2022年面向专业投资者公开发行公司债券(第二期)2024年付息公告,其他,2024-07-10,https://data.eastmoney.com/notices/detail/000728/AN202407101637760911.html
920161,龙辰科技,龙辰科技:关于拟向银行申请授信及子公司向银行申请贷款并接受关联方提供担保的公告,提供/对外担保公告,2024-07-10,https://data.eastmoney.com/notices/detail/920161/AN202407101637760873.html
605296,神农集团,神农集团:云南神农农业产业集团股份有限公司投资者关系活动记录表(2024年7月10日),调研活动,2024-07-10,https://data.eastmoney.com/notices/detail/605296/AN202407101637760629.html
920161,龙辰科技,龙辰科技:独立董事关于第五届董事会第十次会议相关事项的独立意见,专项说明/独立意见,2024-07-10,https://data.eastmoney.com/notices/detail/920161/AN202407101637760840.html
920161,龙辰科技,龙辰科技:关于召开2024年第三次临时股东大会通知公告,召开股东大会通知,2024-07-10,https://data.eastmoney.com/notices/detail/920161/AN202407101637760805.html
920161,龙辰科技,龙辰科技:第五届董事会第十次会议决议公告,董事会决议公告,2024-07-10,https://data.eastmoney.com/notices/detail/920161/AN202407101637760752.html
301033,迈普医学,迈普医学:2024年7月10日投资者关系活动记录表,调研活动,2024-07-10,https://data.eastmoney.com/notices/detail/301033/AN202407101637760595.html
920438,戈碧迦,戈碧迦:2024年第三次临时股东大会决议公告,股东大会决议公告,2024-07-10,https://data.eastmoney.com/notices/detail/920438/AN202407101637760685.html
920438,戈碧迦,戈碧迦:湖北罡振律师事务所关于湖北戈碧迦光电科技股份有限公司2024年第三次临时股东大会法律意见书,法律意见书,2024-07-10,https://data.eastmoney.com/notices/detail/920438/AN202407101637760684.html
920693,阿为特,阿为特:关于全资子公司取得发明专利证书的公告,获得认证,2024-07-10,https://data.eastmoney.com/notices/detail/920693/AN202407101637760657.html
688682,霍莱沃,霍莱沃:上海霍莱沃电子系统技术股份有限公司投资者关系活动记录表-20240709,调研活动,2024-07-10,https://data.eastmoney.com/notices/detail/688682/AN202407101637760317.html
920493,并行科技,并行科技:2024年半年度业绩预告公告,业绩预告,2024-07-10,https://data.eastmoney.com/notices/detail/920493/AN202407101637760495.html
300577,开润股份,开润股份:国浩律师(上海)事务所关于安徽开润股份有限公司2024年第二次临时股东大会之法律意见书,法律意见书,2024-07-10,https://data.eastmoney.com/notices/detail/300577/AN202407101637760357.html
300577,开润股份,开润股份:2024年第二次临时股东大会决议公告,股东大会决议公告,2024-07-10,https://data.eastmoney.com/notices/detail/300577/AN202407101637760367.html
920932,科达自控,科达自控:关于投资者关系活动记录表的公告,调研活动,2024-07-10,https://data.eastmoney.com/notices/detail/920932/AN202407101637760252.html
920932,科达自控,科达自控:权益分派实施公告,分配方案实施,2024-07-10,https://data.eastmoney.com/notices/detail/920932/AN202407101637760251.html
002600,领益智造,领益智造:2024年7月10日投资者关系活动记录表,调研活动,2024-07-10,https://data.eastmoney.com/notices/detail/002600/AN202407101637759455.html
300036,超图软件,超图软件:关于全资子公司完成工商变更登记的公告,公司关联方基本资料变更,2024-07-10,https://data.eastmoney.com/notices/detail/300036/AN202407101637760192.html
300227,光韵达,光韵达:关于变更回购股份用途并注销暨通知债权人的公告,公司注册资本变更,2024-07-10,https://data.eastmoney.com/notices/detail/300227/AN202407101637760191.html
300227,光韵达,光韵达:关于深圳光韵达光电科技股份有限公司2024年第二次临时股东大会之法律意见书,法律意见书,2024-07-10,https://data.eastmoney.com/notices/detail/300227/AN202407101637760129.html
300227,光韵达,光韵达:2024年第二次临时股东大会决议公告,股东大会决议公告,2024-07-10,https://data.eastmoney.com/notices/detail/300227/AN202407101637760128.html
688056,莱伯泰科,莱伯泰科:2024年7月8日投资者关系活动记录表,调研活动,2024-07-10,https://data.eastmoney.com/notices/detail/688056/AN202407101637759439.html
600570,恒生电子,恒生电子:恒生电子股份有限公司投资者关系活动记录表(2024年7月10日)-final,调研活动,2024-07-10,https://data.eastmoney.com/notices/detail/600570/AN202407101637759440.html
300616,尚品宅配,尚品宅配:2024年7月10日投资者关系活动记录表,调研活动,2024-07-10,https://data.eastmoney.com/notices/detail/300616/AN202407101637759438.html
300250,初灵信息,初灵信息:关于回购股份注销完成暨股份变动公告,股本变动,2024-07-10,https://data.eastmoney.com/notices/detail/300250/AN202407101637759932.html
300001,特锐德,特锐德:关于预中标中国华能项目的提示性公告,重大合同,2024-07-10,https://data.eastmoney.com/notices/detail/300001/AN202407101637759898.html
300283,温州宏丰,温州宏丰:300283温州宏丰调研活动信息20240710,调研活动,2024-07-10,https://data.eastmoney.com/notices/detail/300283/AN202407101637759393.html
300807,天迈科技,天迈科技:股票交易异常波动公告,股票交易异常波动,2024-07-10,https://data.eastmoney.com/notices/detail/300807/AN202407101637759752.html
300692,中赋科技,中环环保:关于2022年向不特定对象发行可转换公司债券募集资金专户完成销户的公告,其他,2024-07-10,https://data.eastmoney.com/notices/detail/300692/AN202407101637759751.html
300854,中兰环保,中兰环保:关于公司使用闲置募集资金进行现金管理的进展公告,募集资金使用进展情况,2024-07-10,https://data.eastmoney.com/notices/detail/300854/AN202407101637759748.html
300854,中兰环保,中兰环保:关于拟中标项目的提示性公告,重大合同,2024-07-10,https://data.eastmoney.com/notices/detail/300854/AN202407101637759747.html
300854,中兰环保,中兰环保:关于公司使用闲置自有资金进行现金管理的进展公告,投资理财,2024-07-10,https://data.eastmoney.com/notices/detail/300854/AN202407101637759746.html
300853,申昊科技,申昊科技:关于不向下修正“申昊转债“转股价格的公告,其他,2024-07-10,https://data.eastmoney.com/notices/detail/300853/AN202407101637759750.html
300853,申昊科技,申昊科技:第四届董事会第十一次会议决议公告,董事会决议公告,2024-07-10,https://data.eastmoney.com/notices/detail/300853/AN202407101637759749.html
300197,节能铁汉,节能铁汉:关于献县泛区蓄滞洪区建设与管理工程(饶阳辖区)施工一标段中标的公告,重大合同,2024-07-10,https://data.eastmoney.com/notices/detail/300197/AN202407101637759745.html
300514,友讯达,友讯达:关于重大经营活动中标的公告,重大合同,2024-07-10,https://data.eastmoney.com/notices/detail/300514/AN202407101637759678.html
301162,国能日新,国能日新:关于完成工商变更登记的公告,公司注册资本变更,2024-07-10,https://data.eastmoney.com/notices/detail/301162/AN202407101637759548.html
003026,中晶科技,中晶科技:中晶科技:投资者关系活动记录表,调研活动,2024-07-10,https://data.eastmoney.com/notices/detail/003026/AN202407101637758852.html
002948,青岛银行,青岛银行:2024年7月10日投资者关系活动记录表,调研活动,2024-07-10,https://data.eastmoney.com/notices/detail/002948/AN202407101637758851.html
600256,广汇能源,广汇能源:600256.SH-广汇能源_2024年7月4日投资者关系活动记录表,调研活动,2024-07-10,https://data.eastmoney.com/notices/detail/600256/AN202407101637758850.html
688618,三旺通信,三旺通信:深圳市三旺通信股份有限公司投资者关系活动记录表(2024年7月9日),调研活动,2024-07-10,https://data.eastmoney.com/notices/detail/688618/AN202407101637758849.html
300246,宝莱特,宝莱特:300246宝莱特投资者关系管理信息20240710,调研活动,2024-07-10,https://data.eastmoney.com/notices/detail/300246/AN202407101637758836.html
000951,中国重汽,中国重汽:2024年7月10日投资者关系活动记录表,调研活动,2024-07-10,https://data.eastmoney.com/notices/detail/000951/AN202407101637758837.html
301122,采纳股份,采纳股份:关于使用部分闲置募集资金和自有资金进行现金管理的进展公告,募集资金使用进展情况,2024-07-10,https://data.eastmoney.com/notices/detail/301122/AN202407101637759125.html
300246,宝莱特,宝莱特:关于控股股东股份解除质押的公告,股份质押、冻结,2024-07-10,https://data.eastmoney.com/notices/detail/300246/AN202407101637759126.html
301033,迈普医学,迈普医学:监事会关于公司2024年限制性股票激励计划首次授予部分激励对象名单的核查意见及公示情况说明,股权激励进展公告,2024-07-10,https://data.eastmoney.com/notices/detail/301033/AN202407101637758963.html
301072,中捷精工,中捷精工:关于聘任公司高级管理人员的公告,高管人员任职变动,2024-07-10,https://data.eastmoney.com/notices/detail/301072/AN202407101637758962.html
301072,中捷精工,中捷精工:第三届第五次董事会会议决议公告,高管人员任职变动,2024-07-10,https://data.eastmoney.com/notices/detail/301072/AN202407101637758961.html
920519,万德股份,万德股份:第四届董事会第二十一次会议决议公告,董事会决议公告,2024-07-10,https://data.eastmoney.com/notices/detail/920519/AN202407101637758862.html
920519,万德股份,万德股份:第四届监事会第十四次会议决议公告,监事会决议公告,2024-07-10,https://data.eastmoney.com/notices/detail/920519/AN202407101637758861.html
920519,万德股份,万德股份:关于召开2024年第二次临时股东大会通知公告(提供网络投票),召开股东大会通知,2024-07-10,https://data.eastmoney.com/notices/detail/920519/AN202407101637758860.html
920519,万德股份,万德股份:竞价回购股份方案,回购预案,2024-07-10,https://data.eastmoney.com/notices/detail/920519/AN202407101637758859.html
002063,远光软件,远光软件:002063远光软件投资者关系管理信息20240710,调研活动,2024-07-10,https://data.eastmoney.com/notices/detail/002063/AN202407101637758121.html
301106,骏成科技,骏成科技:301106骏成科技投资者关系管理信息20240710,调研活动,2024-07-10,https://data.eastmoney.com/notices/detail/301106/AN202407101637758120.html
300237,ST美晨,美晨生态:关于累计诉讼、仲裁及进展情况的公告,诉讼仲裁,2024-07-10,https://data.eastmoney.com/notices/detail/300237/AN202407101637758562.html
603345,安井食品,安井食品:投资者调研记录表-2024年6月,调研活动,2024-07-10,https://data.eastmoney.com/notices/detail/603345/AN202407101637758107.html
300283,温州宏丰,温州宏丰:关于全资孙公司开设募集资金专用账户并签署募集资金监管协议的公告,签订协议,2024-07-10,https://data.eastmoney.com/notices/detail/300283/AN202407101637758424.html
300115,长盈精密,长盈精密:关于为子公司融资提供担保的进展公告,提供/对外担保公告,2024-07-10,https://data.eastmoney.com/notices/detail/300115/AN202407101637758418.html
002135,东南网架,东南网架:2024年7月10日投资者关系活动记录表,调研活动,2024-07-10,https://data.eastmoney.com/notices/detail/002135/AN202407101637758097.html
000066,中国长城,中国长城:000066 中国长城投资者关系管理信息 20240710,调研活动,2024-07-10,https://data.eastmoney.com/notices/detail/000066/AN202407101637758098.html
301019,宁波色母,宁波色母:关于使用部分闲置募集资金和自有资金进行现金管理到期赎回并继续进行现金管理的公告,投资理财,2024-07-10,https://data.eastmoney.com/notices/detail/301019/AN202407101637758198.html
300943,春晖智控,春晖智控:关于使用部分闲置募集资金和自有资金进行现金管理的进展公告,募集资金使用进展情况,2024-07-10,https://data.eastmoney.com/notices/detail/300943/AN202407101637758197.html
300417,南华仪器,南华仪器:关于部分回购股份注销完成暨股份变动的公告,股本变动,2024-07-10,https://data.eastmoney.com/notices/detail/300417/AN202407101637758196.html
300389,艾比森,艾比森:关于全资子公司变更注册资本并完成工商变更登记的公告,公司关联方基本资料变更,2024-07-10,https://data.eastmoney.com/notices/detail/300389/AN202407101637758195.html
600671,天目药业,关于对杭州天目山药业股份有限公司及有关责任人予以监管警示的决定,上交所股票监管关注,2024-07-10,https://data.eastmoney.com/notices/detail/600671/AN202407101637758015.html
920033,康普化学,康普化学:首次回购股份暨回购进展情况公告,回购进展情况,2024-07-10,https://data.eastmoney.com/notices/detail/920033/AN202407101637757972.html
301023,奕帆传动,江南奕帆:关于控股股东部分股份解除质押的公告,股份质押、冻结,2024-07-10,https://data.eastmoney.com/notices/detail/301023/AN202407101637757959.html
300652,雷迪克,雷迪克:关于全资子公司使用闲置募集资金购买理财产品的进展公告,募集资金使用进展情况,2024-07-10,https://data.eastmoney.com/notices/detail/300652/AN202407101637757958.html
300808,久量股份,久量股份:天风证券股份有限公司关于广东久量股份有限公司详式权益变动之财务顾问核查意见,权益变动报告书,2024-07-10,https://data.eastmoney.com/notices/detail/300808/AN202407101637757501.html
300515,三德科技,三德科技:投资者关系活动记录表20240710,调研活动,2024-07-10,https://data.eastmoney.com/notices/detail/300515/AN202407101637757002.html
301326,捷邦科技,捷邦科技:股票交易异常波动公告,股票交易异常波动,2024-07-10,https://data.eastmoney.com/notices/detail/301326/AN202407101637757347.html
301228,实朴检测,实朴检测:2024-034股票交易异常波动公告,股票交易异常波动,2024-07-10,https://data.eastmoney.com/notices/detail/301228/AN202407101637757148.html
300302,同有科技,同有科技:关于为全资子公司提供担保的进展公告,提供/对外担保公告,2024-07-10,https://data.eastmoney.com/notices/detail/300302/AN202407101637756892.html
301519,舜禹股份,舜禹股份:关于使用部分闲置募集资金(含超募资金)进行现金管理到期赎回的公告,投资理财,2024-07-10,https://data.eastmoney.com/notices/detail/301519/AN202407101637756891.html
920091,大鹏工业,大鹏工业:关于申请公开发行股票并在北交所上市暨停牌进展公告,停牌公告,2024-07-10,https://data.eastmoney.com/notices/detail/920091/AN202407101637756838.html
300700,岱勒新材,岱勒新材:关于实际控制人部分股份解除质押的公告,股份质押、冻结,2024-07-10,https://data.eastmoney.com/notices/detail/300700/AN202407101637756756.html
301381,赛维时代,赛维时代:东方证券承销保荐有限公司关于赛维时代科技股份有限公司首次公开发行股票募投项目延期的核查意见,保荐/核查意见,2024-07-10,https://data.eastmoney.com/notices/detail/301381/AN202407101637756753.html
301381,赛维时代,赛维时代:关于部分募投项目延期的公告,其他,2024-07-10,https://data.eastmoney.com/notices/detail/301381/AN202407101637756754.html
301381,赛维时代,赛维时代:第三届监事会第十六次会议决议公告,监事会决议公告,2024-07-10,https://data.eastmoney.com/notices/detail/301381/AN202407101637756755.html
301381,赛维时代,赛维时代:第三届董事会第十八次会议决议公告,董事会决议公告,2024-07-10,https://data.eastmoney.com/notices/detail/301381/AN202407101637756752.html
688026,洁特生物,洁特生物:投资者关系活动记录表(2024年7月9日),调研活动,2024-07-10,https://data.eastmoney.com/notices/detail/688026/AN202407101637756301.html
600741,华域汽车,华域汽车:2024年上半年投资者主要关心问题汇总,调研活动,2024-07-10,https://data.eastmoney.com/notices/detail/600741/AN202407101637756302.html
300070,碧水源,碧水源:2024年度第四期超短期融资券(科创票据)发行结果公告,其他,2024-07-10,https://data.eastmoney.com/notices/detail/300070/AN202407101637756598.html
002612,朗姿股份,朗姿股份:002612朗姿股份投资者关系管理信息20240710,调研活动,2024-07-10,https://data.eastmoney.com/notices/detail/002612/AN202407101637756291.html
688515,裕太微,裕太微:裕太微电子股份有限公司投资者关系活动记录表_(2024年7月3日-2024年7月5日),调研活动,2024-07-10,https://data.eastmoney.com/notices/detail/688515/AN202407101637755930.html
300360,炬华科技,炬华科技:关于重大经营合同预中标的提示性公告,重大合同,2024-07-10,https://data.eastmoney.com/notices/detail/300360/AN202407101637756055.html
002275,桂林三金,桂林三金:002275桂林三金投资者关系管理信息20240710,调研活动,2024-07-10,https://data.eastmoney.com/notices/detail/002275/AN202407101637755041.html
300551,古鳌科技,古鳌科技:关于工商变更登记完成的公告,公司经营范围变更,2024-07-10,https://data.eastmoney.com/notices/detail/300551/AN202407101637755757.html
301382,蜂助手,蜂助手:蜂助手股份有限公司关于控股子公司竞拍取得土地使用权的公告,其他,2024-07-10,https://data.eastmoney.com/notices/detail/301382/AN202407101637755620.html
301312,智立方,智立方:关于完成工商变更登记及备案的公告,公司注册资本变更,2024-07-10,https://data.eastmoney.com/notices/detail/301312/AN202407101637755222.html
301395,仁信新材,仁信新材:2024年7月10日投资者关系活动记录表,调研活动,2024-07-10,https://data.eastmoney.com/notices/detail/301395/AN202407101637754995.html
920505,九菱科技,九菱科技:2024年第二次临时股东大会决议公告,股东大会决议公告,2024-07-10,https://data.eastmoney.com/notices/detail/920505/AN202407101637754815.html
920505,九菱科技,九菱科技:湖北众勤律师事务所关于荆州九菱科技股份有限公司2024年第二次临时股东大会的法律意见书,法律意见书,2024-07-10,https://data.eastmoney.com/notices/detail/920505/AN202407101637754814.html
601918,新集能源,新集能源:投资者活动记录表(2024-投关-008),调研活动,2024-07-10,https://data.eastmoney.com/notices/detail/601918/AN202407101637754207.html
301328,维峰电子,维峰电子:关于变更证券事务代表的公告,高管人员任职变动,2024-07-10,https://data.eastmoney.com/notices/detail/301328/AN202407101637754610.html
301328,维峰电子,维峰电子:关于变更董事会秘书的公告,高管人员任职变动,2024-07-10,https://data.eastmoney.com/notices/detail/301328/AN202407101637754611.html
301328,维峰电子,维峰电子:第二届董事会第十一次会议决议的公告,高管人员任职变动,2024-07-10,https://data.eastmoney.com/notices/detail/301328/AN202407101637754609.html
300933,中辰股份,中辰股份:舆情管理制度,管理办法/制度,2024-07-10,https://data.eastmoney.com/notices/detail/300933/AN202407101637754543.html
300933,中辰股份,中辰股份:长城证券股份有限公司关于中辰电缆股份有限公司使用可转换公司债券部分闲置募集资金暂时补充流动资金的核查意见,保荐/核查意见,2024-07-10,https://data.eastmoney.com/notices/detail/300933/AN202407101637754545.html
300933,中辰股份,中辰股份:第三届监事会第十五次会议决议公告,监事会决议公告,2024-07-10,https://data.eastmoney.com/notices/detail/300933/AN202407101637754544.html
300933,中辰股份,中辰股份:第三届董事会第十七次会议决议公告,董事会决议公告,2024-07-10,https://data.eastmoney.com/notices/detail/300933/AN202407101637754547.html
300933,中辰股份,中辰股份:关于使用可转换公司债券部分闲置募集资金暂时补充流动资金的公告,募集资金补充流动资金,2024-07-10,https://data.eastmoney.com/notices/detail/300933/AN202407101637754546.html
301293,三博脑科,三博脑科:关于完成工商变更登记的公告,公司注册资本变更,2024-07-10,https://data.eastmoney.com/notices/detail/301293/AN202407101637754434.html
301293,三博脑科,三博脑科:公司章程,公司章程,2024-07-10,https://data.eastmoney.com/notices/detail/301293/AN202407101637754433.html
300284,苏交科,苏交科:关于为子公司提供担保的进展公告,提供/对外担保公告,2024-07-10,https://data.eastmoney.com/notices/detail/300284/AN202407101637754373.html
301446,福事特,福事特:关于签订募集资金四方监管协议的公告,签订协议,2024-07-10,https://data.eastmoney.com/notices/detail/301446/AN202407101637754326.html
300987,川网传媒,川网传媒:关于完成工商变更登记并换发营业执照的公告,法定代表人变更,2024-07-10,https://data.eastmoney.com/notices/detail/300987/AN202407101637754327.html
301211,亨迪药业,亨迪药业:关于公司获得化学原料药上市申请批准通知书的公告,其他,2024-07-10,https://data.eastmoney.com/notices/detail/301211/AN202407101637754325.html
301239,普瑞眼科,普瑞眼科:关于控股股东部分股份解除质押的公告,股份质押、冻结,2024-07-10,https://data.eastmoney.com/notices/detail/301239/AN202407101637754286.html
301005,超捷股份,超捷股份:2024年07月10日投资者关系活动记录表,调研活动,2024-07-10,https://data.eastmoney.com/notices/detail/301005/AN202407101637754158.html
300967,晓鸣股份,晓鸣股份:2024年6月鸡产品销售情况简报,月度经营情况,2024-07-10,https://data.eastmoney.com/notices/detail/300967/AN202407101637754106.html
300016,北陆药业,北陆药业:关于北陆转债预计触发转股价格向下修正条件的提示性公告,其他,2024-07-10,https://data.eastmoney.com/notices/detail/300016/AN202407101637754105.html
300242,佳云科技,佳云科技:关于公司为控股孙公司提供担保的进展公告,提供/对外担保公告,2024-07-10,https://data.eastmoney.com/notices/detail/300242/AN202407101637754104.html
300882,万胜智能,万胜智能:关于南方电网项目预中标的提示性公告,重大合同,2024-07-10,https://data.eastmoney.com/notices/detail/300882/AN202407101637754103.html
300708,聚灿光电,聚灿光电:关于使用部分闲置募集资金和闲置自有资金进行现金管理的进展公告,募集资金使用进展情况,2024-07-10,https://data.eastmoney.com/notices/detail/300708/AN202407101637754102.html
300953,震裕科技,震裕科技:监事会关于公司2024年限制性股票激励计划首次授予激励对象名单的核查意见及公示情况说明,专项说明/独立意见,2024-07-10,https://data.eastmoney.com/notices/detail/300953/AN202407101637754057.html
A21396,英科新创,3-1-2发行保荐书(注册稿)(英科新创(厦门)科技股份有限公司),创业板IPO发行保荐书注册稿,2024-07-10,https://data.eastmoney.com/notices/detail/A21396/AN202407101637753995.html
A21396,英科新创,1-1招股说明书(注册稿)(英科新创(厦门)科技股份有限公司),创业板IPO招股说明书注册稿,2024-07-10,https://data.eastmoney.com/notices/detail/A21396/AN202407101637753993.html
A21396,英科新创,3-2-1财务报表及审计报告(注册稿)(英科新创(厦门)科技股份有限公司),创业板IPO审计报告注册稿,2024-07-10,https://data.eastmoney.com/notices/detail/A21396/AN202407101637753991.html
A21396,英科新创,3-3-1法律意见书(注册稿)(英科新创(厦门)科技股份有限公司),创业板IPO法律意见书注册稿,2024-07-10,https://data.eastmoney.com/notices/detail/A21396/AN202407101637753992.html
A21396,英科新创,3-1-3上市保荐书(注册稿)(英科新创(厦门)科技股份有限公司),创业板IPO上市保荐书注册稿,2024-07-10,https://data.eastmoney.com/notices/detail/A21396/AN202407101637753994.html
920108,宏海科技,宏海科技:2024年第二次临时股东大会决议公告,股东大会决议公告,2024-07-10,https://data.eastmoney.com/notices/detail/920108/AN202407101637753786.html
920167,同享科技,中审众环会所关于同享科技第一轮问询的回复,北交所发行上市问询与回复,2024-07-10,https://data.eastmoney.com/notices/detail/920167/AN202407101637753623.html
920167,同享科技,上海市锦天城律所关于同享科技的补充法律意见书(一),北交所发行上市法律意见书,2024-07-10,https://data.eastmoney.com/notices/detail/920167/AN202407101637753622.html
920167,同享科技,同享科技及中信建投证券关于第一轮问询的回复,北交所发行上市问询与回复,2024-07-10,https://data.eastmoney.com/notices/detail/920167/AN202407101637753624.html
688352,颀中科技,颀中科技:合肥颀中科技股份有限公司投资者关系活动记录表 (2024年7月9日),调研活动,2024-07-10,https://data.eastmoney.com/notices/detail/688352/AN202407101637752879.html
601089,福元医药,福元医药:北京福元医药股份有限公司投资者关系活动记录表(2024-7),调研活动,2024-07-10,https://data.eastmoney.com/notices/detail/601089/AN202407101637752878.html
605305,中际联合,中际联合:投资者关系活动记录表(2024年7月9日),调研活动,2024-07-10,https://data.eastmoney.com/notices/detail/605305/AN202407101637752877.html
600166,福田汽车,福田汽车:北汽福田汽车股份有限公司2024年7月2日-3日投资者关系活动记录表,调研活动,2024-07-10,https://data.eastmoney.com/notices/detail/600166/AN202407101637752881.html
688072,拓荆科技,拓荆科技:投资者关系活动记录表,调研活动,2024-07-10,https://data.eastmoney.com/notices/detail/688072/AN202407101637752880.html
601089,福元医药,福元医药:北京福元医药股份有限公司投资者关系活动记录表(2024-6),调研活动,2024-07-10,https://data.eastmoney.com/notices/detail/601089/AN202407101637752882.html
920160,北矿检测,北矿检测:申请公开发行股票并在北交所上市辅导备案及其进展公告,上市辅导公告,2024-07-10,https://data.eastmoney.com/notices/detail/920160/AN202407101637753568.html
A21429,沃文特,3-3-1法律意见书(注册稿)(四川沃文特生物工程股份有限公司),创业板IPO法律意见书注册稿,2024-07-10,https://data.eastmoney.com/notices/detail/A21429/AN202407101637751489.html
A21429,沃文特,3-1-2发行保荐书(注册稿)(四川沃文特生物工程股份有限公司),创业板IPO发行保荐书注册稿,2024-07-10,https://data.eastmoney.com/notices/detail/A21429/AN202407101637751488.html
A21429,沃文特,3-2-1财务报表及审计报告(注册稿)(四川沃文特生物工程股份有限公司),创业板IPO审计报告注册稿,2024-07-10,https://data.eastmoney.com/notices/detail/A21429/AN202407101637751491.html
A21429,沃文特,1-1招股说明书(注册稿)(四川沃文特生物工程股份有限公司),创业板IPO招股说明书注册稿,2024-07-10,https://data.eastmoney.com/notices/detail/A21429/AN202407101637751490.html
301613,新铝时代,关于同意新铝时代首次公开发行股票注册的批复,创业板发行上市审核注册结果通知,2024-07-10,https://data.eastmoney.com/notices/detail/301613/AN202407101637751475.html
A21429,沃文特,3-1-3上市保荐书(注册稿)(四川沃文特生物工程股份有限公司),创业板IPO上市保荐书注册稿,2024-07-10,https://data.eastmoney.com/notices/detail/A21429/AN202407101637751492.html
001317,三羊马,三羊马:关于使用部分发行可转换公司债券闲置募集资金进行现金管理的进展公告,募集资金使用进展情况,2024-07-10,https://data.eastmoney.com/notices/detail/001317/AN202407101637747813.html
003038,鑫铂股份,鑫铂股份:关于公司为子公司向银行申请授信额度提供最高额担保的公告,提供/对外担保公告,2024-07-10,https://data.eastmoney.com/notices/detail/003038/AN202407101637747811.html
000683,博源化工,远兴能源:关于控股股东部分股份解除质押及再质押的更正公告,股份质押、冻结,2024-07-10,https://data.eastmoney.com/notices/detail/000683/AN202407101637747814.html
002545,东方铁塔,东方铁塔:关于国家电网项目中标的公告,重大合同,2024-07-10,https://data.eastmoney.com/notices/detail/002545/AN202407101637747812.html
000062,深圳华强,深圳华强:关于为控股子公司提供担保的公告,提供/对外担保公告,2024-07-10,https://data.eastmoney.com/notices/detail/000062/AN202407101637747778.html
300327,中颖电子,中颖电子:300327中颖电子调研活动信息20240710,调研活动,2024-07-10,https://data.eastmoney.com/notices/detail/300327/AN202407101637744103.html
301358,湖南裕能,湖南裕能:2024年7月9日投资者关系活动记录表,调研活动,2024-07-10,https://data.eastmoney.com/notices/detail/301358/AN202407101637741732.html
600213,*ST亚星,*ST亚星:扬州亚星客车股份有限公司关于银行账户资金被冻结的更正公告,其他,2024-07-10,https://data.eastmoney.com/notices/detail/600213/AN202407101637742736.html
601318,中国平安,中国平安:中国平安自愿公告,其他,2024-07-10,https://data.eastmoney.com/notices/detail/601318/AN202407101637742489.html
300763,锦浪科技,锦浪科技:投资者关系活动记录表20240709,调研活动,2024-07-10,https://data.eastmoney.com/notices/detail/300763/AN202407101637740822.html
A22006,天南电力,关于江苏天南电力股份有限公司首次公开发行股票并上市辅导工作进展报告(第四期),辅导工作进展报告,2024-07-10,https://data.eastmoney.com/notices/detail/A22006/AN202407101637738943.html
A22374,老娘舅,关于老娘舅餐饮股份有限公司首次公开发行股票并上市辅导工作进展报告(第二期),辅导工作进展报告,2024-07-10,https://data.eastmoney.com/notices/detail/A22374/AN202407101637739519.html
A21306,好达电子,关于无锡市好达电子股份有限公司首次公开发行股票并上市辅导工作进展报告(第五期),辅导工作进展报告,2024-07-10,https://data.eastmoney.com/notices/detail/A21306/AN202407101637738934.html
A19313,佳农股份,关于佳农食品控股(集团)股份有限公司首次公开发行股票并上市辅导工作进展报告(第三期),辅导工作进展报告,2024-07-10,https://data.eastmoney.com/notices/detail/A19313/AN202407101637739482.html
A21579,戈尔德,关于浙江戈尔德智能悬架股份有限公司首次公开发行股票并上市辅导工作进展报告(第六期),辅导工作进展报告,2024-07-10,https://data.eastmoney.com/notices/detail/A21579/AN202407101637739470.html
A22460,鹏孚隆,关于浙江鹏孚隆科技股份有限公司首次公开发行股票并上市辅导工作进展报告(第二期),辅导工作进展报告,2024-07-10,https://data.eastmoney.com/notices/detail/A22460/AN202407101637739464.html
002047,宝鹰股份,宝鹰股份:2024年半年度业绩预告,业绩预告,2024-07-10,https://data.eastmoney.com/notices/detail/002047/AN202407091637731418.html
002129,TCL中环,TCL中环:TCL中环新能源科技股份有限公司关于申请向不特定对象发行可转换公司债券的第四轮审核问询函回复的提示性公告,回复问询函公告,2024-07-10,https://data.eastmoney.com/notices/detail/002129/AN202407091637731408.html
002129,TCL中环,TCL中环:关于TCL中环新能源科技股份有限公司向不特定对象发行可转换公司债券申请文件的第四轮审核问询函的回复,回复问询函公告,2024-07-10,https://data.eastmoney.com/notices/detail/002129/AN202407091637731414.html
002047,宝鹰股份,宝鹰股份:深圳市宝鹰建设控股集团股份有限公司要约收购报告书摘要,要约收购报告书摘要,2024-07-10,https://data.eastmoney.com/notices/detail/002047/AN202407091637731419.html
002129,TCL中环,TCL中环:第七届监事会第三次会议决议的公告,监事会决议公告,2024-07-10,https://data.eastmoney.com/notices/detail/002129/AN202407091637731411.html
002129,TCL中环,TCL中环:关于对2021年股票期权激励计划第二个行权期到期未行权股票期权进行注销的公告,股权激励进展公告,2024-07-10,https://data.eastmoney.com/notices/detail/002129/AN202407091637731406.html
002129,TCL中环,TCL中环:北京海润天睿律师事务所关于TCL中环新能源科技股份有限公司对2021年股票期权激励计划第二个行权期到期未行权股票期权进行注销的法律意见书,法律意见书,2024-07-10,https://data.eastmoney.com/notices/detail/002129/AN202407091637731415.html
002047,宝鹰股份,宝鹰股份:关于收到要约收购报告书摘要的提示性公告,其他,2024-07-10,https://data.eastmoney.com/notices/detail/002047/AN202407091637731416.html
002129,TCL中环,TCL中环:普华永道就TCL中环对第四轮审核问询函需由申报会计师进行说明的问题所做回复的专项意见,回复问询函公告,2024-07-10,https://data.eastmoney.com/notices/detail/002129/AN202407091637731410.html
002347,泰尔股份,泰尔股份:泰尔重工股份有限公司2024年半年度业绩预告,业绩预告,2024-07-10,https://data.eastmoney.com/notices/detail/002347/AN202407091637731405.html
002129,TCL中环,TCL中环:2024年半年度业绩预告,业绩预告,2024-07-10,https://data.eastmoney.com/notices/detail/002129/AN202407091637731409.html
002129,TCL中环,TCL中环:监事会关于对2021年股票期权激励计划第二个行权期到期未行权股票期权进行注销的核查意见,保荐/核查意见,2024-07-10,https://data.eastmoney.com/notices/detail/002129/AN202407091637731413.html
002129,TCL中环,TCL中环:第七届董事会第四次会议决议的公告,董事会决议公告,2024-07-10,https://data.eastmoney.com/notices/detail/002129/AN202407091637731407.html
002129,TCL中环,TCL中环:TCL中环新能源科技股份有限公司向不特定对象发行可转换公司债券募集说明书(修订稿),其他,2024-07-10,https://data.eastmoney.com/notices/detail/002129/AN202407091637731412.html
002047,宝鹰股份,宝鹰股份:广东卓建律师事务所关于深圳市宝鹰建设控股集团股份有限公司控股股东一致行动人增持股份之专项核查意见,股东/实际控制人股份增持,2024-07-10,https://data.eastmoney.com/notices/detail/002047/AN202407091637731420.html
002047,宝鹰股份,宝鹰股份:关于控股股东增持公司股份达到总股本2%暨增持计划完成的公告,股东/实际控制人股份增持,2024-07-10,https://data.eastmoney.com/notices/detail/002047/AN202407091637731417.html
600537,*ST亿晶,亿晶光电:亿晶光电科技股份有限公司2024年半年度业绩预亏公告,业绩预告,2024-07-10,https://data.eastmoney.com/notices/detail/600537/AN202407091637730924.html
000100,TCL科技,TCL科技:2024年半年度业绩预告,业绩预告,2024-07-10,https://data.eastmoney.com/notices/detail/000100/AN202407091637730740.html
002647,仁东控股,仁东控股:2024年半年度业绩预告,业绩预告,2024-07-10,https://data.eastmoney.com/notices/detail/002647/AN202407091637730722.html
601012,隆基绿能,隆基绿能:普华永道中天会计师事务所(特殊普通合伙)关于隆基绿能就上海证券交易所2023年年报信息披露监管工作函相关问题回复的说明,会计师事务所问询函回复公告,2024-07-10,https://data.eastmoney.com/notices/detail/601012/AN202407091637730158.html
601012,隆基绿能,隆基绿能:关于2023年年度报告的信息披露监管工作函的回复公告,其他,2024-07-10,https://data.eastmoney.com/notices/detail/601012/AN202407091637730157.html
601012,隆基绿能,隆基绿能:2024年半年度业绩预告,业绩预告,2024-07-10,https://data.eastmoney.com/notices/detail/601012/AN202407091637730156.html
601828,美凯龙,美凯龙:2024年半年度业绩预告,业绩预告,2024-07-10,https://data.eastmoney.com/notices/detail/601828/AN202407091637729967.html
001336,楚环科技,楚环科技:关于高级管理人员提前终止减持计划暨减持结果公告,股东/实际控制人股份减持,2024-07-10,https://data.eastmoney.com/notices/detail/001336/AN202407091637729809.html
001336,楚环科技,楚环科技:关于持股5%以上股东减持计划期限届满暨减持结果公告,股东/实际控制人股份减持,2024-07-10,https://data.eastmoney.com/notices/detail/001336/AN202407091637729810.html
002439,启明星辰,启明星辰:2024年半年度业绩预告,业绩预告,2024-07-10,https://data.eastmoney.com/notices/detail/002439/AN202407091637729771.html
000972,中基健康,中基健康:2024年第二次临时股东大会法律意见书,法律意见书,2024-07-10,https://data.eastmoney.com/notices/detail/000972/AN202407091637729775.html
000972,中基健康,中基健康:第十届董事会提名委员会关于聘任公司高级管理人员的决议,高管人员任职变动,2024-07-10,https://data.eastmoney.com/notices/detail/000972/AN202407091637729777.html
000972,中基健康,中基健康:第十届董事会审计委员会关于聘任公司财务总监的决议,高管人员任职变动,2024-07-10,https://data.eastmoney.com/notices/detail/000972/AN202407091637729776.html
000972,中基健康,中基健康:第十届监事会第一次临时会议决议公告,高管人员任职变动,2024-07-10,https://data.eastmoney.com/notices/detail/000972/AN202407091637729773.html
000972,中基健康,中基健康:第十届董事会第一次临时会议决议公告,高管人员任职变动,2024-07-10,https://data.eastmoney.com/notices/detail/000972/AN202407091637729774.html
000972,中基健康,中基健康:2024年第二次临时股东大会决议公告,股东大会决议公告,2024-07-10,https://data.eastmoney.com/notices/detail/000972/AN202407091637729772.html
002840,华统股份,华统股份:2024年半年度业绩预告,业绩预告,2024-07-10,https://data.eastmoney.com/notices/detail/002840/AN202407091637729754.html
000636,风华高科,风华高科:公司财务基本管理制度,管理办法/制度,2024-07-10,https://data.eastmoney.com/notices/detail/000636/AN202407091637729626.html
000636,风华高科,风华高科:公司合规管理制度,管理办法/制度,2024-07-10,https://data.eastmoney.com/notices/detail/000636/AN202407091637729627.html
600022,山东钢铁,山东钢铁:山东钢铁股份有限公司2024年第二次临时股东大会决议公告,股东大会决议公告,2024-07-10,https://data.eastmoney.com/notices/detail/600022/AN202407091637729442.html
600022,山东钢铁,山东钢铁:山东钢铁股份有限公司关于与山东钢铁集团有限公司签订山东钢铁集团国际贸易有限公司《股权托管协议》暨关联交易的公告,签订协议,2024-07-10,https://data.eastmoney.com/notices/detail/600022/AN202407091637729443.html
600022,山东钢铁,山东钢铁:山东钢铁股份有限公司第八届监事会第一次会议决议公告,高管人员任职变动,2024-07-10,https://data.eastmoney.com/notices/detail/600022/AN202407091637729440.html
600022,山东钢铁,山东钢铁:北京大成(济南)律师事务所关于山东钢铁股份有限公司2024年第二次临时股东大会的法律意见书,法律意见书,2024-07-10,https://data.eastmoney.com/notices/detail/600022/AN202407091637729439.html
600022,山东钢铁,山东钢铁:山东钢铁股份有限公司关于董事会、监事会换届完成并聘任高级管理人员的公告,高管人员任职变动,2024-07-10,https://data.eastmoney.com/notices/detail/600022/AN202407091637729441.html
600022,山东钢铁,山东钢铁:山东钢铁股份有限公司第八届董事会第一次会议决议公告,高管人员任职变动,2024-07-10,https://data.eastmoney.com/notices/detail/600022/AN202407091637729438.html
002828,贝肯能源,贝肯能源:关于控股股东股份减持计划的预披露公告,股东/实际控制人股份减持,2024-07-10,https://data.eastmoney.com/notices/detail/002828/AN202407091637729424.html
002203,海亮股份,海亮股份:浙江海亮股份有限公司2023年年度权益分派实施公告,分配方案实施,2024-07-10,https://data.eastmoney.com/notices/detail/002203/AN202407091637729308.html
002203,海亮股份,海亮股份:关于海亮转债转股价格调整的公告,其他,2024-07-10,https://data.eastmoney.com/notices/detail/002203/AN202407091637729310.html
000668,荣丰控股,荣丰控股:荣丰控股集团2024年半年度业绩预告,业绩预告,2024-07-10,https://data.eastmoney.com/notices/detail/000668/AN202407091637729307.html
002505,鹏都农牧,鹏都农牧:2024年半年度业绩预告,业绩预告,2024-07-10,https://data.eastmoney.com/notices/detail/002505/AN202407091637729311.html
002203,海亮股份,海亮股份:关于实施权益分派调整股份回购价格上限的公告,分配方案调整,2024-07-10,https://data.eastmoney.com/notices/detail/002203/AN202407091637729309.html
301046,能辉科技,能辉科技:2024年半年度业绩预增公告,业绩预告,2024-07-10,https://data.eastmoney.com/notices/detail/301046/AN202407091637729312.html
688016,心脉医疗,心脉医疗:天职国际会计师事务所(特殊普通合伙)对《关于上海微创心脉医疗科技(集团)股份有限公司对外投资相关事项的问询函》的回复之专项意见,保荐/核查意见,2024-07-10,https://data.eastmoney.com/notices/detail/688016/AN202407091637729200.html
688016,心脉医疗,心脉医疗:关于对外投资相关事项的问询函的回复公告,对外项目投资,2024-07-10,https://data.eastmoney.com/notices/detail/688016/AN202407091637729201.html
688016,心脉医疗,心脉医疗:中国国际金融股份有限公司对《关于上海微创心脉医疗科技(集团)股份有限公司对外投资相关事项的问询函》中相关问题的说明,对外项目投资,2024-07-10,https://data.eastmoney.com/notices/detail/688016/AN202407091637729202.html
002067,景兴纸业,景兴纸业:关于实施权益分派期间景兴转债暂停转股的公告,其他,2024-07-10,https://data.eastmoney.com/notices/detail/002067/AN202407091637729164.html
002988,豪美新材,豪美新材:第四届董事会第十九次会议决议公告,董事会决议公告,2024-07-10,https://data.eastmoney.com/notices/detail/002988/AN202407091637729081.html
002988,豪美新材,豪美新材:关于以集中竞价方式回购公司股份的公告,回购实施公告,2024-07-10,https://data.eastmoney.com/notices/detail/002988/AN202407091637729080.html
002988,豪美新材,豪美新材:2024年半年度业绩预告,业绩预告,2024-07-10,https://data.eastmoney.com/notices/detail/002988/AN202407091637729079.html
000761,本钢板材,本钢板材:本钢板材股份有限公司2024年半年度业绩预告,业绩预告,2024-07-10,https://data.eastmoney.com/notices/detail/000761/AN202407091637729078.html
300427,红相股份,*ST红相:第五届监事会第二十四次会议决议公告,高管人员任职变动,2024-07-10,https://data.eastmoney.com/notices/detail/300427/AN202407091637729098.html
300427,红相股份,*ST红相:股东大会议事规则(2024年7月),议事规则/实施细则,2024-07-10,https://data.eastmoney.com/notices/detail/300427/AN202407091637729097.html
300427,红相股份,*ST红相:独立董事候选人声明与承诺(杨翼飞),独立董事候选人声明,2024-07-10,https://data.eastmoney.com/notices/detail/300427/AN202407091637729096.html
300427,红相股份,*ST红相:董事会议事规则(2024年7月),议事规则/实施细则,2024-07-10,https://data.eastmoney.com/notices/detail/300427/AN202407091637729095.html
300427,红相股份,*ST红相:第五届董事会第三十七次会议决议公告,高管人员任职变动,2024-07-10,https://data.eastmoney.com/notices/detail/300427/AN202407091637729094.html
300427,红相股份,*ST红相:独立董事提名人声明与承诺(黄悦),独立董事提名人声明,2024-07-10,https://data.eastmoney.com/notices/detail/300427/AN202407091637729093.html
300427,红相股份,*ST红相:独立董事提名人声明与承诺(刘洋),独立董事提名人声明,2024-07-10,https://data.eastmoney.com/notices/detail/300427/AN202407091637729092.html
300427,红相股份,*ST红相:董事、监事和高级管理人员持有和买卖本公司股票管理制度(2024年7月),管理办法/制度,2024-07-10,https://data.eastmoney.com/notices/detail/300427/AN202407091637729091.html
300427,红相股份,*ST红相:独立董事候选人声明与承诺(黄悦),独立董事候选人声明,2024-07-10,https://data.eastmoney.com/notices/detail/300427/AN202407091637729090.html
300427,红相股份,*ST红相:公司章程(2024年7月),公司章程,2024-07-10,https://data.eastmoney.com/notices/detail/300427/AN202407091637729089.html
300427,红相股份,*ST红相:独立董事候选人声明与承诺(刘洋),独立董事候选人声明,2024-07-10,https://data.eastmoney.com/notices/detail/300427/AN202407091637729088.html
300427,红相股份,*ST红相:独立董事提名人声明与承诺(杨翼飞),独立董事提名人声明,2024-07-10,https://data.eastmoney.com/notices/detail/300427/AN202407091637729087.html
300427,红相股份,*ST红相:关于召开2024年第二次临时股东大会的通知,召开股东大会通知,2024-07-10,https://data.eastmoney.com/notices/detail/300427/AN202407091637729086.html
300427,红相股份,*ST红相:关于变更注册资本暨修订《公司章程》的公告,公司章程修订,2024-07-10,https://data.eastmoney.com/notices/detail/300427/AN202407091637729085.html
300427,红相股份,*ST红相:关于选举产生第六届监事会职工代表监事的公告,高管人员任职变动,2024-07-10,https://data.eastmoney.com/notices/detail/300427/AN202407091637729084.html
300427,红相股份,*ST红相:关于监事会换届选举的公告,高管人员任职变动,2024-07-10,https://data.eastmoney.com/notices/detail/300427/AN202407091637729083.html
300427,红相股份,*ST红相:关于董事会换届选举的公告,高管人员任职变动,2024-07-10,https://data.eastmoney.com/notices/detail/300427/AN202407091637729082.html
002207,*ST准油,准油股份:2024年半年度业绩预告,业绩预告,2024-07-10,https://data.eastmoney.com/notices/detail/002207/AN202407091637729008.html
002379,宏桥控股,宏创控股:2024年半年度业绩预告,业绩预告,2024-07-10,https://data.eastmoney.com/notices/detail/002379/AN202407091637728985.html
002661,克明食品,克明食品:关于回购股份事项前十名股东及前十名无限售条件股东持股情况的公告,其他,2024-07-10,https://data.eastmoney.com/notices/detail/002661/AN202407091637728950.html
002661,克明食品,克明食品:回购报告书,回购报告书,2024-07-10,https://data.eastmoney.com/notices/detail/002661/AN202407091637728949.html
603557,*ST起步,ST起步:公司章程(2024年7月),公司章程,2024-07-10,https://data.eastmoney.com/notices/detail/603557/AN202407091637728902.html
603557,*ST起步,ST起步:关于出售部分资产的进展公告,收购出售资产/股权,2024-07-10,https://data.eastmoney.com/notices/detail/603557/AN202407091637728900.html
603557,*ST起步,ST起步:2024年半年度业绩预亏公告,业绩预告,2024-07-10,https://data.eastmoney.com/notices/detail/603557/AN202407091637728903.html
603557,*ST起步,ST起步:关于完成工商变更并换发营业执照的公告,公司其他基本信息变更,2024-07-10,https://data.eastmoney.com/notices/detail/603557/AN202407091637728901.html
000698,ST沈化,沈阳化工:沈阳化工股份有限公司2024年半年度业绩预告,业绩预告,2024-07-10,https://data.eastmoney.com/notices/detail/000698/AN202407091637728875.html
002460,赣锋锂业,赣锋锂业:2024年半年度业绩预告,业绩预告,2024-07-10,https://data.eastmoney.com/notices/detail/002460/AN202407091637728832.html
000898,鞍钢股份,鞍钢股份:鞍钢股份2024年半年度业绩预告,业绩预告,2024-07-10,https://data.eastmoney.com/notices/detail/000898/AN202407091637728835.html
000638,*ST万方,万方发展:关于全资子公司出售债权的进展公告,其他,2024-07-10,https://data.eastmoney.com/notices/detail/000638/AN202407091637728833.html
000638,*ST万方,万方发展:关于对外投资的进展暨签订《合同主体变更协议》的公告,签订协议,2024-07-10,https://data.eastmoney.com/notices/detail/000638/AN202407091637728834.html
600712,南宁百货,南宁百货:南宁百货大楼股份有限公司董事会提名委员会工作细则(2024年7月修订),议事规则/实施细则,2024-07-10,https://data.eastmoney.com/notices/detail/600712/AN202407091637728809.html
600712,南宁百货,南宁百货:南宁百货大楼股份有限公司关于补选董事的公告,高管人员任职变动,2024-07-10,https://data.eastmoney.com/notices/detail/600712/AN202407091637728811.html
600712,南宁百货,南宁百货:南宁百货大楼股份有限公司2024年半年度业绩预盈公告,业绩预告,2024-07-10,https://data.eastmoney.com/notices/detail/600712/AN202407091637728816.html
600712,南宁百货,南宁百货:南宁百货大楼股份有限公司关于召开2024年第一次临时股东大会的通知,召开股东大会通知,2024-07-10,https://data.eastmoney.com/notices/detail/600712/AN202407091637728818.html
600712,南宁百货,南宁百货:南宁百货大楼股份有限公司关于修订《公司章程》及股东大会议事规则监事会议事规则的公告,公司章程修订,2024-07-10,https://data.eastmoney.com/notices/detail/600712/AN202407091637728804.html
600712,南宁百货,南宁百货:南宁百货大楼股份有限公司监事会议事规则(2024年7月修订),议事规则/实施细则,2024-07-10,https://data.eastmoney.com/notices/detail/600712/AN202407091637728812.html
600712,南宁百货,南宁百货:南宁百货大楼股份有限公司股东大会议事规则(2024年7月修订),议事规则/实施细则,2024-07-10,https://data.eastmoney.com/notices/detail/600712/AN202407091637728803.html
600712,南宁百货,南宁百货:南宁百货公司章程(2024年7月修订),公司章程修订,2024-07-10,https://data.eastmoney.com/notices/detail/600712/AN202407091637728814.html
600712,南宁百货,南宁百货:南宁百货大楼股份有限公司关于增加2024年年度日常关联交易预计额的公告,关联交易,2024-07-10,https://data.eastmoney.com/notices/detail/600712/AN202407091637728810.html
600712,南宁百货,南宁百货:南宁百货大楼股份有限公司第九届监事会第八次会议决议公告,监事会决议公告,2024-07-10,https://data.eastmoney.com/notices/detail/600712/AN202407091637728807.html
600712,南宁百货,南宁百货:南宁百货大楼股份有限公司监事会议事规则(2024年7月修订),议事规则/实施细则,2024-07-10,https://data.eastmoney.com/notices/detail/600712/AN202407091637728817.html
600712,南宁百货,南宁百货:南宁百货大楼股份有限公司关联交易管理制度(2024年7月修订),管理办法/制度,2024-07-10,https://data.eastmoney.com/notices/detail/600712/AN202407091637728805.html
600712,南宁百货,南宁百货:南宁百货大楼股份有限公司章程(2024年7月修订),公司章程修订,2024-07-10,https://data.eastmoney.com/notices/detail/600712/AN202407091637728820.html
600712,南宁百货,南宁百货:南宁百货大楼股份有限公司股东大会议事规则(2024年7月修订),议事规则/实施细则,2024-07-10,https://data.eastmoney.com/notices/detail/600712/AN202407091637728806.html
600712,南宁百货,南宁百货:南宁百货大楼股份有限公司第九届董事会2024年第三次临时会议决议公告,高管人员任职变动,2024-07-10,https://data.eastmoney.com/notices/detail/600712/AN202407091637728819.html
600712,南宁百货,南宁百货:南宁百货大楼股份有限公司董事会审计委员会工作细则(2024年7月修订),议事规则/实施细则,2024-07-10,https://data.eastmoney.com/notices/detail/600712/AN202407091637728808.html
600712,南宁百货,南宁百货:南宁百货大楼股份有限公司总经理工作细则(2024年7月修订),议事规则/实施细则,2024-07-10,https://data.eastmoney.com/notices/detail/600712/AN202407091637728813.html
600712,南宁百货,南宁百货:南宁百货大楼股份有限公司董事会薪酬与考核委员会工作细则(2024年7月修订),议事规则/实施细则,2024-07-10,https://data.eastmoney.com/notices/detail/600712/AN202407091637728821.html
600712,南宁百货,南宁百货:南宁百货大楼股份有限公司董事会战略与投资委员会工作细则(2024年7月修订),议事规则/实施细则,2024-07-10,https://data.eastmoney.com/notices/detail/600712/AN202407091637728815.html
002868,绿康生化,绿康生化:2024年半年度业绩预告,业绩预告,2024-07-10,https://data.eastmoney.com/notices/detail/002868/AN202407091637728578.html
002806,华锋股份,华锋股份:关于向下修正“华锋转债”转股价格的公告,其他,2024-07-10,https://data.eastmoney.com/notices/detail/002806/AN202407091637728575.html
002806,华锋股份,华锋股份:北京市竞天公诚律师事务所关于广东华锋新能源科技股份有限公司2024年第二次临时股东大会的法律意见书,法律意见书,2024-07-10,https://data.eastmoney.com/notices/detail/002806/AN202407091637728577.html
002806,华锋股份,华锋股份:第六届董事会第十一次会议决议公告,董事会决议公告,2024-07-10,https://data.eastmoney.com/notices/detail/002806/AN202407091637728576.html
002806,华锋股份,华锋股份:2024年第二次临时股东大会决议公告,股东大会决议公告,2024-07-10,https://data.eastmoney.com/notices/detail/002806/AN202407091637728574.html
000971,*ST高升,*ST高升:2024年半年度业绩预告,业绩预告,2024-07-10,https://data.eastmoney.com/notices/detail/000971/AN202407091637728573.html
000506,招金黄金,*ST中润:关于延期回复深圳证券交易所2023年年报问询函的公告,延期回复问询函公告,2024-07-10,https://data.eastmoney.com/notices/detail/000506/AN202407091637728572.html
000506,招金黄金,*ST中润:关于公司股票可能被终止上市的第一次风险提示公告,终止上市风险提示,2024-07-10,https://data.eastmoney.com/notices/detail/000506/AN202407091637728571.html
002786,银宝山新,银宝山新:2024年半年度业绩预告,业绩预告,2024-07-10,https://data.eastmoney.com/notices/detail/002786/AN202407091637728481.html
002466,天齐锂业,天齐锂业:2024年半年度业绩预告,业绩预告,2024-07-10,https://data.eastmoney.com/notices/detail/002466/AN202407091637728480.html
600568,ST中珠,ST中珠:中珠医疗控股股份有限公司2024年半年度业绩预亏公告,业绩预告,2024-07-10,https://data.eastmoney.com/notices/detail/600568/AN202407091637728474.html
600383,金地集团,金地集团:关于公司2024年6月份销售情况的公告,月度经营情况,2024-07-10,https://data.eastmoney.com/notices/detail/600383/AN202407091637728285.html
600383,金地集团,金地集团:2024年半年度业绩预告,业绩预告,2024-07-10,https://data.eastmoney.com/notices/detail/600383/AN202407091637728284.html
002456,欧菲光,欧菲光:2024年半年度业绩预告,业绩预告,2024-07-10,https://data.eastmoney.com/notices/detail/002456/AN202407091637728273.html
600335,国机汽车,国机汽车:国机汽车关于召开2024年第二次临时股东大会的通知,召开股东大会通知,2024-07-10,https://data.eastmoney.com/notices/detail/600335/AN202407091637728192.html
600335,国机汽车,国机汽车:国机汽车关于2024年度为下属公司增加担保额度的公告,提供/对外担保公告,2024-07-10,https://data.eastmoney.com/notices/detail/600335/AN202407091637728191.html
600335,国机汽车,国机汽车:《国机汽车股份有限公司章程》(2024年7月修订),公司章程修订,2024-07-10,https://data.eastmoney.com/notices/detail/600335/AN202407091637728196.html
600335,国机汽车,国机汽车:国机汽车关于聘任董事会秘书的公告,高管人员任职变动,2024-07-10,https://data.eastmoney.com/notices/detail/600335/AN202407091637728194.html
600335,国机汽车,国机汽车:国机汽车关于修订《公司章程》的公告,公司章程修订,2024-07-10,https://data.eastmoney.com/notices/detail/600335/AN202407091637728195.html
600335,国机汽车,国机汽车:国机汽车第九届董事会第四次会议决议公告,高管人员任职变动,2024-07-10,https://data.eastmoney.com/notices/detail/600335/AN202407091637728193.html
600525,ST长园,长园集团:2024年半年度业绩预告,业绩预告,2024-07-10,https://data.eastmoney.com/notices/detail/600525/AN202407091637728172.html
688273,麦澜德,麦澜德:关于回购股份事项前十大股东和前十大无限售条件股东持股情况的公告,其他,2024-07-10,https://data.eastmoney.com/notices/detail/688273/AN202407091637728118.html
688212,澳华内镜,澳华内镜:2024年第一次临时股东大会会议资料,股东大会资料,2024-07-10,https://data.eastmoney.com/notices/detail/688212/AN202407091637728119.html
603716,塞力医疗,塞力医疗:2024年半年度业绩预亏公告,业绩预告,2024-07-10,https://data.eastmoney.com/notices/detail/603716/AN202407091637728112.html
002773,康弘药业,康弘药业:关于子公司收到化学原料药上市申请批准通知书的公告,其他,2024-07-10,https://data.eastmoney.com/notices/detail/002773/AN202407091637728062.html
002569,*ST步森,ST步森:2024年半年度业绩预告,业绩预告,2024-07-10,https://data.eastmoney.com/notices/detail/002569/AN202407091637727990.html
603906,龙蟠科技,龙蟠科技:江苏龙蟠科技股份有限公司2024年半年度业绩预告,业绩预告,2024-07-10,https://data.eastmoney.com/notices/detail/603906/AN202407091637727938.html
301552,科力装备,科力装备:上海市锦天城律师事务所关于参与战略配售投资者核查事项的法律意见书,法律意见书,2024-07-10,https://data.eastmoney.com/notices/detail/301552/AN202407091637727931.html
301552,科力装备,科力装备:长江证券承销保荐有限公司关于参与战略配售投资者的专项核查报告,保荐/核查意见,2024-07-10,https://data.eastmoney.com/notices/detail/301552/AN202407091637727930.html
301552,科力装备,科力装备:首次公开发行股票并在创业板上市投资风险特别公告,首发投资风险特别公告,2024-07-10,https://data.eastmoney.com/notices/detail/301552/AN202407091637727929.html
301552,科力装备,科力装备:首次公开发行股票并在创业板上市发行公告,网下发行公告,2024-07-10,https://data.eastmoney.com/notices/detail/301552/AN202407091637727932.html
600165,ST宁科,*ST宁科:*ST宁科2024年半年度业绩预亏公告,业绩预告,2024-07-10,https://data.eastmoney.com/notices/detail/600165/AN202407091637727887.html
002822,ST中装,ST中装:2024年半年度业绩预告,业绩预告,2024-07-10,https://data.eastmoney.com/notices/detail/002822/AN202407091637727803.html
600299,安迪苏,安迪苏:安迪苏2024年半年度业绩预增公告,业绩预告,2024-07-10,https://data.eastmoney.com/notices/detail/600299/AN202407091637727797.html
600112,*ST天成,*ST天成:2024年半年度业绩预亏公告,业绩预告,2024-07-10,https://data.eastmoney.com/notices/detail/600112/AN202407091637727781.html
600112,*ST天成,*ST天成:股票交易异常波动暨风险提示公告,股票交易异常波动,2024-07-10,https://data.eastmoney.com/notices/detail/600112/AN202407091637727782.html
600112,*ST天成,*ST天成:广西铁路发展投资基金(有限合伙)关于股价异常波动问询的回函,股票交易异常波动,2024-07-10,https://data.eastmoney.com/notices/detail/600112/AN202407091637727783.html
600112,*ST天成,*ST天成:关于公司股票可能存在因股价低于1元而终止上市的第四次风险提示公告,终止上市风险提示,2024-07-10,https://data.eastmoney.com/notices/detail/600112/AN202407091637727784.html
002362,汉王科技,汉王科技:2024年半年度业绩预告,业绩预告,2024-07-10,https://data.eastmoney.com/notices/detail/002362/AN202407091637727654.html
002093,国脉科技,国脉科技:2024年半年度业绩预告,业绩预告,2024-07-10,https://data.eastmoney.com/notices/detail/002093/AN202407091637727653.html
603399,永杉锂业,吉翔股份:吉翔股份2024年半年度业绩预增公告,业绩预告,2024-07-10,https://data.eastmoney.com/notices/detail/603399/AN202407091637727615.html
600228,返利科技,返利科技:返利网数字科技股份有限公司2024年半年度业绩预告,业绩预告,2024-07-10,https://data.eastmoney.com/notices/detail/600228/AN202407091637727601.html
600653,申华控股,申华控股:申华控股关于2024年度“提质增效重回报”行动方案的公告,其他,2024-07-10,https://data.eastmoney.com/notices/detail/600653/AN202407091637727549.html
600653,申华控股,申华控股:申华控股2024年半年度业绩预亏公告,业绩预告,2024-07-10,https://data.eastmoney.com/notices/detail/600653/AN202407091637727548.html
600653,申华控股,申华控股:申华控股关于控股股东增持计划进展公告,股东/实际控制人股份增持,2024-07-10,https://data.eastmoney.com/notices/detail/600653/AN202407091637727550.html
002766,索菱股份,索菱股份:2024年半年度业绩预告,业绩预告,2024-07-10,https://data.eastmoney.com/notices/detail/002766/AN202407091637727522.html
603721,中广天择,中广天择:容诚会计师事务所关于中广天择2023年度报告的信息披露监管工作函的专项说明,专项说明/独立意见,2024-07-10,https://data.eastmoney.com/notices/detail/603721/AN202407091637727493.html
603721,中广天择,中广天择:中广天择传2024年半年度业绩预亏公告,业绩预告,2024-07-10,https://data.eastmoney.com/notices/detail/603721/AN202407091637727491.html
603289,泰瑞机器,泰瑞机器:关于签署募集资金专户三方(四方)监管协议的公告,签订协议,2024-07-10,https://data.eastmoney.com/notices/detail/603289/AN202407091637727492.html
603721,中广天择,中广天择:中广天择关于上海证券交易所对公司2023年年度报告信息披露监管工作函的回复公告,其他,2024-07-10,https://data.eastmoney.com/notices/detail/603721/AN202407091637727490.html
605001,威奥股份,威奥股份:威奥股份2024年半年度业绩预盈公告,业绩预告,2024-07-10,https://data.eastmoney.com/notices/detail/605001/AN202407091637727480.html
600089,特变电工,特变电工:特变电工股份有限公司2024年半年度业绩预减公告,业绩预告,2024-07-10,https://data.eastmoney.com/notices/detail/600089/AN202407091637727475.html
603887,城地香江,城地香江:上海城地香江数据科技股份有限公司2024年半年度业绩预亏公告,业绩预告,2024-07-10,https://data.eastmoney.com/notices/detail/603887/AN202407091637727469.html
002772,众兴菌业,众兴菌业:2024年半年度业绩预告,业绩预告,2024-07-10,https://data.eastmoney.com/notices/detail/002772/AN202407091637727464.html
600297,广汇汽车,广汇汽车:广汇汽车服务集团股份公司关于公司股票及可转换公司债券可能被终止上市的第六次风险提示性公告,终止上市风险提示,2024-07-10,https://data.eastmoney.com/notices/detail/600297/AN202407091637727433.html
002482,广田集团,广田集团:关于公司办公地址变更的公告,公司办公地址变更,2024-07-10,https://data.eastmoney.com/notices/detail/002482/AN202407091637727411.html
002482,广田集团,广田集团:2024年半年度业绩预告,业绩预告,2024-07-10,https://data.eastmoney.com/notices/detail/002482/AN202407091637727412.html
601360,三六零,三六零:三六零安全科技股份有限公司2024年半年度业绩预告,业绩预告,2024-07-10,https://data.eastmoney.com/notices/detail/601360/AN202407091637727356.html
688019,安集科技,安集科技:上海市锦天城律师事务所关于安集微电子科技(上海)股份有限公司2024年第一次临时股东大会的法律意见书,法律意见书,2024-07-10,https://data.eastmoney.com/notices/detail/688019/AN202407091637727308.html
688019,安集科技,安集科技:关于向不特定对象发行可转换公司债券预案及相关文件修订情况说明的公告,其他,2024-07-10,https://data.eastmoney.com/notices/detail/688019/AN202407091637727302.html
688019,安集科技,安集科技:第三届董事会第十二次会议决议公告,董事会决议公告,2024-07-10,https://data.eastmoney.com/notices/detail/688019/AN202407091637727304.html
688019,安集科技,安集科技:2024年第一次临时股东大会决议公告,股东大会决议公告,2024-07-10,https://data.eastmoney.com/notices/detail/688019/AN202407091637727301.html
688019,安集科技,安集科技:向不特定对象发行可转换公司债券募集资金使用可行性分析报告(二次修订稿),其他,2024-07-10,https://data.eastmoney.com/notices/detail/688019/AN202407091637727306.html
688019,安集科技,安集科技:向不特定对象发行可转换公司债券方案的论证分析报告(二次修订稿),其他,2024-07-10,https://data.eastmoney.com/notices/detail/688019/AN202407091637727305.html
688019,安集科技,安集科技:关于向不特定对象发行可转换公司债券摊薄即期回报的风险提示与填补措施及相关主体承诺(二次修订稿)的公告,其他,2024-07-10,https://data.eastmoney.com/notices/detail/688019/AN202407091637727300.html
688019,安集科技,安集科技:安集科技-向不特定对象发行可转换公司债券预案(二次修订稿),其他,2024-07-10,https://data.eastmoney.com/notices/detail/688019/AN202407091637727307.html
688019,安集科技,安集科技:关于调整向不特定对象发行可转换公司债券方案的公告,其他,2024-07-10,https://data.eastmoney.com/notices/detail/688019/AN202407091637727303.html
688019,安集科技,安集科技:第三届监事会第十二次会议决议公告,监事会决议公告,2024-07-10,https://data.eastmoney.com/notices/detail/688019/AN202407091637727309.html
688013,天臣医疗,天臣医疗:天臣医疗第二届董事会第十五次会议决议公告,董事会决议公告,2024-07-10,https://data.eastmoney.com/notices/detail/688013/AN202407091637727275.html
688013,天臣医疗,天臣医疗:天臣医疗关于调整以集中竞价交易方式回购股份方案的公告,回购方案修订,2024-07-10,https://data.eastmoney.com/notices/detail/688013/AN202407091637727273.html
688013,天臣医疗,天臣医疗:天臣医疗关于以集中竞价交易方式回购公司股份的回购报告书(修订稿),回购报告书,2024-07-10,https://data.eastmoney.com/notices/detail/688013/AN202407091637727274.html
688410,山外山,山外山:关于2023年度权益分派实施后调整回购价格上限和回购数量的公告,回购方案修订,2024-07-10,https://data.eastmoney.com/notices/detail/688410/AN202407091637727272.html
605077,华康股份,华康股份:华康股份关于使用部分闲置募集资金进行现金管理到期赎回的公告,投资理财,2024-07-10,https://data.eastmoney.com/notices/detail/605077/AN202407091637727262.html
600338,西藏珠峰,西藏珠峰:2024年半年度业绩预告,业绩预告,2024-07-10,https://data.eastmoney.com/notices/detail/600338/AN202407091637727260.html
605077,华康股份,华康股份:天健会计师事务所(特殊普通合伙)关于华康股份2023年年度报告的信息披露监管工作函专项说明,专项说明/独立意见,2024-07-10,https://data.eastmoney.com/notices/detail/605077/AN202407091637727263.html
605077,华康股份,华康股份:华康股份关于上海证券交易所对公司2023年年度报告的信息披露监管工作函的回复公告,其他,2024-07-10,https://data.eastmoney.com/notices/detail/605077/AN202407091637727261.html
002195,岩山科技,岩山科技:2024年半年度业绩预告,业绩预告,2024-07-10,https://data.eastmoney.com/notices/detail/002195/AN202407091637727251.html
002628,成都路桥,成都路桥:关于公司部分董事增持公司股份计划的公告,股东/实际控制人股份增持,2024-07-10,https://data.eastmoney.com/notices/detail/002628/AN202407091637726932.html
002702,海欣食品,海欣食品:2024年半年度业绩预告,业绩预告,2024-07-10,https://data.eastmoney.com/notices/detail/002702/AN202407091637726882.html
000002,万科A,万科A:2024年半年度业绩预告,业绩预告,2024-07-10,https://data.eastmoney.com/notices/detail/000002/AN202407091637726700.html
002895,川恒股份,川恒股份:董事会换届选举完成的公告,高管人员任职变动,2024-07-10,https://data.eastmoney.com/notices/detail/002895/AN202407091637726726.html
002895,川恒股份,川恒股份:关于贵州川恒化工股份有限公司2024年第三次临时股东大会的法律意见书,法律意见书,2024-07-10,https://data.eastmoney.com/notices/detail/002895/AN202407091637726727.html
002459,晶澳科技,晶澳科技:2023年年度审计报告英文版(2023AuditReport),审计报告,2024-07-10,https://data.eastmoney.com/notices/detail/002459/AN202407091637726716.html
002459,晶澳科技,晶澳科技:中信证券股份有限公司关于晶澳太阳能科技股份有限公司部分募投项目延期的核查意见,保荐/核查意见,2024-07-10,https://data.eastmoney.com/notices/detail/002459/AN202407091637726719.html
002895,川恒股份,川恒股份:监事会换届选举完成的公告,高管人员任职变动,2024-07-10,https://data.eastmoney.com/notices/detail/002895/AN202407091637726724.html
002459,晶澳科技,晶澳科技:第六届监事会第十四次会议决议公告,监事会决议公告,2024-07-10,https://data.eastmoney.com/notices/detail/002459/AN202407091637726715.html
002895,川恒股份,川恒股份:2024年第三次临时股东大会决议公告,股东大会决议公告,2024-07-10,https://data.eastmoney.com/notices/detail/002895/AN202407091637726721.html
002459,晶澳科技,晶澳科技:2023年度可持续发展暨ESG报告英文版(JASOLARSUSTAINABILITYANDESGREPORT2023),ESG公告,2024-07-10,https://data.eastmoney.com/notices/detail/002459/AN202407091637726718.html
002895,川恒股份,川恒股份:聘任公司高级管理人员的公告,高管人员任职变动,2024-07-10,https://data.eastmoney.com/notices/detail/002895/AN202407091637726725.html
002459,晶澳科技,晶澳科技:2023年年度报告英文版(2023AnnualReport),年度报告全文（英文）,2024-07-10,https://data.eastmoney.com/notices/detail/002459/AN202407091637726717.html
002895,川恒股份,川恒股份:第四届监事会第一次会议决议公告,高管人员任职变动,2024-07-10,https://data.eastmoney.com/notices/detail/002895/AN202407091637726723.html
002895,川恒股份,川恒股份:第四届董事会第一次会议决议公告,高管人员任职变动,2024-07-10,https://data.eastmoney.com/notices/detail/002895/AN202407091637726722.html
002459,晶澳科技,晶澳科技:第六届董事会第二十四次会议决议公告,董事会决议公告,2024-07-10,https://data.eastmoney.com/notices/detail/002459/AN202407091637726714.html
002459,晶澳科技,晶澳科技:关于收购控股子公司部分股权的公告,收购出售资产/股权,2024-07-10,https://data.eastmoney.com/notices/detail/002459/AN202407091637726713.html
002459,晶澳科技,晶澳科技:关于部分募投项目延期的公告,募集资金使用情况报告,2024-07-10,https://data.eastmoney.com/notices/detail/002459/AN202407091637726712.html
300424,航新科技,航新科技:关于为子公司提供履约保证的公告,提供/对外担保公告,2024-07-10,https://data.eastmoney.com/notices/detail/300424/AN202407091637726720.html
600382,广东明珠,广东明珠:广东明珠集团股份有限公司关于2024年半年度业绩预告的公告,业绩预告,2024-07-10,https://data.eastmoney.com/notices/detail/600382/AN202407091637726706.html
000002,万科A,万科A:关于公司骨干管理人员拟通过信托计划增持公司A股股票的公告,股东/实际控制人股份增持,2024-07-10,https://data.eastmoney.com/notices/detail/000002/AN202407091637726701.html
300424,航新科技,航新科技:新世纪评级广州航新航空科技股份有限公司部分商业承兑汇票逾期的关注公告,其他,2024-07-10,https://data.eastmoney.com/notices/detail/300424/AN202407091637726648.html
300424,航新科技,航新科技:关于董事辞职的公告,高管人员任职变动,2024-07-10,https://data.eastmoney.com/notices/detail/300424/AN202407091637726650.html
300424,航新科技,航新科技:关于增加2024年度日常关联交易预测的公告,关联交易,2024-07-10,https://data.eastmoney.com/notices/detail/300424/AN202407091637726652.html
300424,航新科技,航新科技:关于向银行申请授信的公告,借贷,2024-07-10,https://data.eastmoney.com/notices/detail/300424/AN202407091637726651.html
300424,航新科技,航新科技:第五届监事会第三十二次会议决议公告,监事会决议公告,2024-07-10,https://data.eastmoney.com/notices/detail/300424/AN202407091637726649.html
300424,航新科技,航新科技:关于为子公司提供担保与履约保证的公告,提供/对外担保公告,2024-07-10,https://data.eastmoney.com/notices/detail/300424/AN202407091637726647.html
300424,航新科技,航新科技:关于召开2024年第三次临时股东大会的通知,召开股东大会通知,2024-07-10,https://data.eastmoney.com/notices/detail/300424/AN202407091637726646.html
300424,航新科技,航新科技:第五届董事会第四十三次会议决议公告,董事会决议公告,2024-07-10,https://data.eastmoney.com/notices/detail/300424/AN202407091637726645.html
300085,银之杰,银之杰:华英证券有限责任公司关于公司部分募集资金投资项目延期的核查意见,保荐/核查意见,2024-07-10,https://data.eastmoney.com/notices/detail/300085/AN202407091637726642.html
300085,银之杰,银之杰:北京中银律师事务所关于公司2022年限制性股票激励计划作废部分限制性股票相关事项的法律意见书,法律意见书,2024-07-10,https://data.eastmoney.com/notices/detail/300085/AN202407091637726643.html
300085,银之杰,银之杰:关于部分募集资金投资项目延期的公告,募集资金使用情况报告,2024-07-10,https://data.eastmoney.com/notices/detail/300085/AN202407091637726640.html
300085,银之杰,银之杰:第六届监事会第八次会议决议公告,监事会决议公告,2024-07-10,https://data.eastmoney.com/notices/detail/300085/AN202407091637726639.html
300085,银之杰,银之杰:关于作废部分已授予尚未归属的限制性股票的公告,股权激励进展公告,2024-07-10,https://data.eastmoney.com/notices/detail/300085/AN202407091637726638.html
300085,银之杰,银之杰:第六届董事会第九次会议决议公告,董事会决议公告,2024-07-10,https://data.eastmoney.com/notices/detail/300085/AN202407091637726641.html
002086,东方海洋,东方海洋:2024年半年度业绩预告,业绩预告,2024-07-10,https://data.eastmoney.com/notices/detail/002086/AN202407091637726644.html
601113,华鼎股份,华鼎股份:义乌华鼎锦纶股份有限公司2024年半年度业绩预增公告,业绩预告,2024-07-10,https://data.eastmoney.com/notices/detail/601113/AN202407091637726599.html
600515,海南机场,海南机场:海南机场设施股份有限公司2024年半年度业绩预减公告,业绩预告,2024-07-10,https://data.eastmoney.com/notices/detail/600515/AN202407091637726581.html
001201,东瑞股份,东瑞股份:2024年半年度业绩预告,业绩预告,2024-07-10,https://data.eastmoney.com/notices/detail/001201/AN202407091637726560.html
000995,皇台酒业,皇台酒业:2024年半年度业绩预告,业绩预告,2024-07-10,https://data.eastmoney.com/notices/detail/000995/AN202407091637726559.html
000799,酒鬼酒,酒鬼酒:2024年半年度业绩预告,业绩预告,2024-07-10,https://data.eastmoney.com/notices/detail/000799/AN202407091637726558.html
300280,紫天退,紫天科技:关于延期回复深圳证券交易所年报问询函的公告,延期回复问询函公告,2024-07-10,https://data.eastmoney.com/notices/detail/300280/AN202407091637726561.html
000762,西藏矿业,西藏矿业:2024年半年度业绩预告,业绩预告,2024-07-10,https://data.eastmoney.com/notices/detail/000762/AN202407091637726557.html
002569,*ST步森,ST步森:关于详式权益变动报告书的更正公告,权益变动报告书,2024-07-10,https://data.eastmoney.com/notices/detail/002569/AN202407091637726379.html
002569,*ST步森,ST步森:详式权益变动报告书(修订后),权益变动报告书,2024-07-10,https://data.eastmoney.com/notices/detail/002569/AN202407091637726378.html
000555,神州信息,神州信息:2024年半年度业绩预告公告,业绩预告,2024-07-10,https://data.eastmoney.com/notices/detail/000555/AN202407091637726377.html
601929,吉视传媒,吉视传媒:吉视传媒2024年半年度业绩预告,业绩预告,2024-07-10,https://data.eastmoney.com/notices/detail/601929/AN202407091637726367.html
001316,润贝航科,润贝航科:2023年限制性股票激励计划预留授予激励对象名单(预留授予日),股权激励对象名单,2024-07-10,https://data.eastmoney.com/notices/detail/001316/AN202407091637726353.html
001316,润贝航科,润贝航科:上海荣正企业咨询服务(集团)股份有限公司关于公司2023年限制性股票激励计划预留授予及回购注销相关事项之独立财务顾问报告,保荐/核查意见,2024-07-10,https://data.eastmoney.com/notices/detail/001316/AN202407091637726358.html
001316,润贝航科,润贝航科:北京市中伦(深圳)律师事务所关于润贝航空科技股份有限公司2023年限制性股票激励计划相关事项的法律意见书,法律意见书,2024-07-10,https://data.eastmoney.com/notices/detail/001316/AN202407091637726356.html
001316,润贝航科,润贝航科:监事会关于2023年限制性股票激励计划预留授予激励对象名单(授予日)的核查意见,股权激励进展公告,2024-07-10,https://data.eastmoney.com/notices/detail/001316/AN202407091637726350.html
001316,润贝航科,润贝航科:润贝航空科技股份有限公司关于续聘2024年度会计师事务所的公告,审计机构变更,2024-07-10,https://data.eastmoney.com/notices/detail/001316/AN202407091637726351.html
001316,润贝航科,润贝航科:润贝航空科技股份有限公司第二届监事会第八次会议决议公告,监事会决议公告,2024-07-10,https://data.eastmoney.com/notices/detail/001316/AN202407091637726348.html
001316,润贝航科,润贝航科:润贝航空科技股份有限公司关于向激励对象授予2023年限制性股票激励计划预留限制性股票的公告,股权激励进展公告,2024-07-10,https://data.eastmoney.com/notices/detail/001316/AN202407091637726352.html
001316,润贝航科,润贝航科:润贝航空科技股份有限公司关于调整2023年限制性股票激励计划回购价格及预留授予价格的公告,股权激励行权价（数量）调整,2024-07-10,https://data.eastmoney.com/notices/detail/001316/AN202407091637726349.html
001316,润贝航科,润贝航科:润贝航空科技股份有限公司关于回购注销2023年限制性股票激励计划部分限制性股票的公告,回购进展情况,2024-07-10,https://data.eastmoney.com/notices/detail/001316/AN202407091637726357.html
001316,润贝航科,润贝航科:润贝航空科技股份有限公司关于召开2024年第二次临时股东大会的通知,召开股东大会通知,2024-07-10,https://data.eastmoney.com/notices/detail/001316/AN202407091637726355.html
001316,润贝航科,润贝航科:润贝航空科技股份有限公司第二届董事会第九次会议决议公告,董事会决议公告,2024-07-10,https://data.eastmoney.com/notices/detail/001316/AN202407091637726354.html
688501,青达环保,青达环保:青达环保首次公开发行部分限售股上市流通公告,限售股份上市流通,2024-07-10,https://data.eastmoney.com/notices/detail/688501/AN202407091637726334.html
688501,青达环保,青达环保:中泰证券股份有限公司关于青岛达能环保设备股份有限公司首次公开发行部分限售股上市流通的核查意见,保荐/核查意见,2024-07-10,https://data.eastmoney.com/notices/detail/688501/AN202407091637726333.html
688160,步科股份,步科股份:天健会计师事务所(特殊普通合伙)关于上海步科自动化股份有限公司2023年度向特定对象发行A股股票之问询函专项说明(修订稿),专项说明/独立意见,2024-07-10,https://data.eastmoney.com/notices/detail/688160/AN202407091637726312.html
688160,步科股份,步科股份:关于2023年度向特定对象发行A股股票申请文件的审核问询函回复更新的提示性公告,回复问询函公告,2024-07-10,https://data.eastmoney.com/notices/detail/688160/AN202407091637726311.html
688160,步科股份,步科股份:关于上海步科自动化股份有限公司向特定对象发行股票申请文件审核问询函的回复(修订稿),回复问询函公告,2024-07-10,https://data.eastmoney.com/notices/detail/688160/AN202407091637726310.html
301392,汇成真空,汇成真空:广东汇成真空科技股份有限公司关于拟签署日常经营重大销售合同的公告,重大合同,2024-07-10,https://data.eastmoney.com/notices/detail/301392/AN202407091637726320.html
300398,飞凯材料,飞凯材料:关于“飞凯转债”转股价格调整的提示性公告,其他,2024-07-10,https://data.eastmoney.com/notices/detail/300398/AN202407091637726323.html
300398,飞凯材料,飞凯材料:关于使用暂时闲置募集资金进行现金管理的进展公告,募集资金使用进展情况,2024-07-10,https://data.eastmoney.com/notices/detail/300398/AN202407091637726321.html
300398,飞凯材料,飞凯材料:2023年年度权益分派实施公告,分配方案实施,2024-07-10,https://data.eastmoney.com/notices/detail/300398/AN202407091637726322.html
002977,*ST天箭,天箭科技:2024年半年度业绩预告,业绩预告,2024-07-10,https://data.eastmoney.com/notices/detail/002977/AN202407091637726318.html
002238,天威视讯,天威视讯:天威视讯2024年半年度业绩预告,业绩预告,2024-07-10,https://data.eastmoney.com/notices/detail/002238/AN202407091637726319.html
002157,正邦科技,正邦科技:2024年半年度业绩预告,业绩预告,2024-07-10,https://data.eastmoney.com/notices/detail/002157/AN202407091637726317.html
000796,凯撒旅业,ST凯撒:第十一届董事会第七次会议决议公告,高管人员任职变动,2024-07-10,https://data.eastmoney.com/notices/detail/000796/AN202407091637726316.html
002853,皮阿诺,皮阿诺:2024年半年度业绩预告,业绩预告,2024-07-10,https://data.eastmoney.com/notices/detail/002853/AN202407091637726242.html
000710,贝瑞基因,贝瑞基因:关于控股股东被动减持股份的预披露公告,股东/实际控制人股份减持,2024-07-10,https://data.eastmoney.com/notices/detail/000710/AN202407091637726204.html
002872,ST天圣,ST天圣:2024年半年度业绩预告,业绩预告,2024-07-10,https://data.eastmoney.com/notices/detail/002872/AN202407091637726202.html
002872,ST天圣,ST天圣:关于公司股票交易被实行其他风险警示相关事项的进展公告,风险提示性公告,2024-07-10,https://data.eastmoney.com/notices/detail/002872/AN202407091637726201.html
003007,直真科技,直真科技:2024年半年度业绩预告,业绩预告,2024-07-10,https://data.eastmoney.com/notices/detail/003007/AN202407091637726203.html
603777,来伊份,来伊份:2024年半年度业绩预告,业绩预告,2024-07-10,https://data.eastmoney.com/notices/detail/603777/AN202407091637726196.html
000505,京粮控股,京粮控股:2024年半年度业绩预告,业绩预告,2024-07-10,https://data.eastmoney.com/notices/detail/000505/AN202407091637726153.html
600185,珠免集团,格力地产:关于股票交易异常波动公告,股票交易异常波动,2024-07-10,https://data.eastmoney.com/notices/detail/600185/AN202407091637726162.html
600185,珠免集团,格力地产:控股股东和实际控制人回复函,其他,2024-07-10,https://data.eastmoney.com/notices/detail/600185/AN202407091637726160.html
600185,珠免集团,格力地产:2024年半年度业绩预告,业绩预告,2024-07-10,https://data.eastmoney.com/notices/detail/600185/AN202407091637726161.html
002926,华西证券,华西证券:2024年半年度业绩预告,业绩预告,2024-07-10,https://data.eastmoney.com/notices/detail/002926/AN202407091637726155.html
002859,洁美科技,洁美科技:2024年半年度业绩预告,业绩预告,2024-07-10,https://data.eastmoney.com/notices/detail/002859/AN202407091637726154.html
603669,灵康药业,灵康药业:2024年半年度业绩预告,业绩预告,2024-07-10,https://data.eastmoney.com/notices/detail/603669/AN202407091637726130.html
002892,科力尔,科力尔:关于2023年限制性股票激励计划部分限制性股票回购注销完成的公告,股本变动,2024-07-10,https://data.eastmoney.com/notices/detail/002892/AN202407091637726058.html
002852,道道全,道道全:2024年半年度业绩预告公告,业绩预告,2024-07-10,https://data.eastmoney.com/notices/detail/002852/AN202407091637726061.html
002657,中科金财,中科金财:2024年半年度业绩预告,业绩预告,2024-07-10,https://data.eastmoney.com/notices/detail/002657/AN202407091637726055.html
002453,华软科技,华软科技:2024年半年度业绩预告,业绩预告,2024-07-10,https://data.eastmoney.com/notices/detail/002453/AN202407091637726054.html
002123,梦网科技,梦网科技:2024年半年度业绩预告,业绩预告,2024-07-10,https://data.eastmoney.com/notices/detail/002123/AN202407091637726056.html
000972,中基健康,中基健康:中基健康2024年半年度业绩预告,业绩预告,2024-07-10,https://data.eastmoney.com/notices/detail/000972/AN202407091637726057.html
600303,曙光股份,ST曙光:ST曙光2024年半年度业绩预告,业绩预告,2024-07-10,https://data.eastmoney.com/notices/detail/600303/AN202407091637726049.html
600303,曙光股份,ST曙光:ST曙光2024年6月产销数据快报,月度经营情况,2024-07-10,https://data.eastmoney.com/notices/detail/600303/AN202407091637726048.html
002851,麦格米特,麦格米特:关于“麦米转2”调整转股价格的公告,其他,2024-07-10,https://data.eastmoney.com/notices/detail/002851/AN202407091637726031.html
002851,麦格米特,麦格米特:2023年年度权益分派实施公告,分配方案实施,2024-07-10,https://data.eastmoney.com/notices/detail/002851/AN202407091637726030.html
002812,恩捷股份,恩捷股份:关于回购注销部分限制性股票的减资暨通知债权人的公告,公司注册资本变更,2024-07-10,https://data.eastmoney.com/notices/detail/002812/AN202407091637726029.html
002421,达实智能,达实智能:2024年半年度业绩预告,业绩预告,2024-07-10,https://data.eastmoney.com/notices/detail/002421/AN202407091637726027.html
000004,国华退,国华网安:2024年半年度业绩预告,业绩预告,2024-07-10,https://data.eastmoney.com/notices/detail/000004/AN202407091637726028.html
002848,高斯贝尔,高斯贝尔:2024年半年度业绩预告,业绩预告,2024-07-10,https://data.eastmoney.com/notices/detail/002848/AN202407091637725938.html
002803,吉宏股份,吉宏股份:2024年半年度业绩预告,业绩预告,2024-07-10,https://data.eastmoney.com/notices/detail/002803/AN202407091637725937.html
002446,盛路通信,盛路通信:关于盛路转债到期兑付及摘牌的公告,其他,2024-07-10,https://data.eastmoney.com/notices/detail/002446/AN202407091637725936.html
002446,盛路通信,盛路通信:2024年半年度业绩预告,业绩预告,2024-07-10,https://data.eastmoney.com/notices/detail/002446/AN202407091637725935.html
001314,亿道信息,亿道信息:2024年半年度业绩预告,业绩预告,2024-07-10,https://data.eastmoney.com/notices/detail/001314/AN202407091637725934.html
000889,中嘉博创,ST中嘉:关于股东股份被司法拍卖的进展公告,诉讼仲裁,2024-07-10,https://data.eastmoney.com/notices/detail/000889/AN202407091637725932.html
000889,中嘉博创,ST中嘉:2024年半年度业绩预告,业绩预告,2024-07-10,https://data.eastmoney.com/notices/detail/000889/AN202407091637725933.html
000750,国海证券,国海证券:国海证券股份有限公司关于计提资产减值准备的公告,其他,2024-07-10,https://data.eastmoney.com/notices/detail/000750/AN202407091637725930.html
000750,国海证券,国海证券:国海证券股份有限公司2024年半年度业绩预告,业绩预告,2024-07-10,https://data.eastmoney.com/notices/detail/000750/AN202407091637725931.html
600666,奥瑞德,ST瑞德:中审亚太会计师事务所关于公司参与新疆克融云算信息产业发展合伙企业(有限合伙)的会计处理意见,其他,2024-07-10,https://data.eastmoney.com/notices/detail/600666/AN202407091637725907.html
600666,奥瑞德,ST瑞德:ST瑞德第十届董事会第十五次会议决议公告,董事会决议公告,2024-07-10,https://data.eastmoney.com/notices/detail/600666/AN202407091637725912.html
600666,奥瑞德,ST瑞德:ST瑞德关于召开2024年第二次临时股东大会的通知,召开股东大会通知,2024-07-10,https://data.eastmoney.com/notices/detail/600666/AN202407091637725906.html
600666,奥瑞德,ST瑞德:ST瑞德关于投资设立有限合伙企业并成立项目公司的进展暨签署变更协议的公告,签订协议,2024-07-10,https://data.eastmoney.com/notices/detail/600666/AN202407091637725909.html
600666,奥瑞德,ST瑞德:ST瑞德日常关联交易预计公告,关联交易,2024-07-10,https://data.eastmoney.com/notices/detail/600666/AN202407091637725908.html
600666,奥瑞德,ST瑞德:ST瑞德第十届监事会第十一次会议决议公告,监事会决议公告,2024-07-10,https://data.eastmoney.com/notices/detail/600666/AN202407091637725910.html
600666,奥瑞德,ST瑞德:ST瑞德关于为参股公司提供担保暨关联交易的公告,提供/对外担保公告,2024-07-10,https://data.eastmoney.com/notices/detail/600666/AN202407091637725911.html
002267,陕天然气,陕天然气:2023年度权益分派实施公告,分配方案实施,2024-07-10,https://data.eastmoney.com/notices/detail/002267/AN202407091637725893.html
600884,杉杉股份,杉杉股份:杉杉股份2024年半年度业绩预告,业绩预告,2024-07-10,https://data.eastmoney.com/notices/detail/600884/AN202407091637725873.html
600302,ST标准,标准股份:标准股份2024年半年度业绩预亏公告,业绩预告,2024-07-10,https://data.eastmoney.com/notices/detail/600302/AN202407091637725854.html
600136,ST明诚,ST明诚:关于公司2024年半年度业绩的预告,业绩预告,2024-07-10,https://data.eastmoney.com/notices/detail/600136/AN202407091637725837.html
002823,凯中精密,凯中精密:关于可转债交易异常波动的公告,股票交易异常波动,2024-07-10,https://data.eastmoney.com/notices/detail/002823/AN202407091637725820.html
002665,ST航高,ST航高:关于股东部分股份司法拍卖过户完成的公告,诉讼仲裁,2024-07-10,https://data.eastmoney.com/notices/detail/002665/AN202407091637725818.html
000066,中国长城,中国长城:2024年半年度业绩预告,业绩预告,2024-07-10,https://data.eastmoney.com/notices/detail/000066/AN202407091637725815.html
002823,凯中精密,凯中精密:关于股票交易异常波动的公告,股票交易异常波动,2024-07-10,https://data.eastmoney.com/notices/detail/002823/AN202407091637725819.html
000058,深赛格,深赛格:2024年半年度业绩预告,业绩预告,2024-07-10,https://data.eastmoney.com/notices/detail/000058/AN202407091637725813.html
002036,联创电子,联创电子:2024年半年度业绩预告,业绩预告,2024-07-10,https://data.eastmoney.com/notices/detail/002036/AN202407091637725817.html
000516,国际医学,国际医学:2024年半年度业绩预告,业绩预告,2024-07-10,https://data.eastmoney.com/notices/detail/000516/AN202407091637725816.html
000066,中国长城,中国长城:关于召开2024年半年度业绩情况说明会的公告,其他,2024-07-10,https://data.eastmoney.com/notices/detail/000066/AN202407091637725814.html
002989,中天精装,中天精装:深圳中天精装股份有限公司2024年半年度业绩预告,业绩预告,2024-07-10,https://data.eastmoney.com/notices/detail/002989/AN202407091637725822.html
002823,凯中精密,凯中精密:关于凯中转债即将到期及停止交易的第七次提示性公告,其他,2024-07-10,https://data.eastmoney.com/notices/detail/002823/AN202407091637725821.html
600438,通威股份,通威股份:通威股份有限公司2024年半年度业绩预告,业绩预告,2024-07-10,https://data.eastmoney.com/notices/detail/600438/AN202407091637725803.html
002719,ST麦趣,麦趣尔:2024年半年度业绩预告docx,业绩预告,2024-07-10,https://data.eastmoney.com/notices/detail/002719/AN202407091637725794.html
000908,石药景峰,*ST景峰:关于公司股票可能被终止上市的第四次风险提示公告,终止上市风险提示,2024-07-10,https://data.eastmoney.com/notices/detail/000908/AN202407091637725743.html
002531,天顺风能,天顺风能:关于子公司签署日常经营合同的自愿性公告,其他,2024-07-10,https://data.eastmoney.com/notices/detail/002531/AN202407091637725748.html
000908,石药景峰,*ST景峰:2024年半年度业绩预告,业绩预告,2024-07-10,https://data.eastmoney.com/notices/detail/000908/AN202407091637725745.html
000670,盈方微,盈方微:2024年半年度业绩预告,业绩预告,2024-07-10,https://data.eastmoney.com/notices/detail/000670/AN202407091637725746.html
000697,炼石航空,炼石航空:2024年第三次临时股东大会决议公告,股东大会决议公告,2024-07-10,https://data.eastmoney.com/notices/detail/000697/AN202407091637725750.html
002053,云南能投,云南能投:云南能源投资股份有限公司关于取得发明专利及外观设计专利证书的公告,获得认证,2024-07-10,https://data.eastmoney.com/notices/detail/002053/AN202407091637725755.html
000713,国投丰乐,丰乐种业:2024年半年度业绩预告,业绩预告,2024-07-10,https://data.eastmoney.com/notices/detail/000713/AN202407091637725740.html
301536,星宸科技,星宸科技:上市公司股权激励计划自查表,股权激励其他事项公告,2024-07-10,https://data.eastmoney.com/notices/detail/301536/AN202407091637725770.html
000697,炼石航空,炼石航空:2024年半年度业绩预告,业绩预告,2024-07-10,https://data.eastmoney.com/notices/detail/000697/AN202407091637725749.html
301536,星宸科技,星宸科技:2024年限制性股票激励计划(草案),股权激励计划,2024-07-10,https://data.eastmoney.com/notices/detail/301536/AN202407091637725771.html
002053,云南能投,云南能投:云南能源投资股份有限公司2024年半年度业绩预告,业绩预告,2024-07-10,https://data.eastmoney.com/notices/detail/002053/AN202407091637725753.html
002053,云南能投,云南能投:云南能源投资股份有限公司2024年第二次临时股东大会决议公告,股东大会决议公告,2024-07-10,https://data.eastmoney.com/notices/detail/002053/AN202407091637725754.html
000908,石药景峰,*ST景峰:股票交易异常波动公告,股票交易异常波动,2024-07-10,https://data.eastmoney.com/notices/detail/000908/AN202407091637725742.html
301536,星宸科技,星宸科技:2024年限制性股票激励计划实施考核管理办法,管理办法/制度,2024-07-10,https://data.eastmoney.com/notices/detail/301536/AN202407091637725766.html
002053,云南能投,云南能投:北京德恒(昆明)律师事务所关于云南能源投资股份有限公司2024年第二次临时股东会的法律意见,法律意见书,2024-07-10,https://data.eastmoney.com/notices/detail/002053/AN202407091637725756.html
301536,星宸科技,星宸科技:中国国际金融股份有限公司关于星宸科技股份有限公司使用募集资金向全资子公司提供借款以实施募投项目的核查意见,保荐/核查意见,2024-07-10,https://data.eastmoney.com/notices/detail/301536/AN202407091637725772.html
301536,星宸科技,星宸科技:会计师事务所选聘制度,管理办法/制度,2024-07-10,https://data.eastmoney.com/notices/detail/301536/AN202407091637725768.html
301536,星宸科技,星宸科技:关于使用募集资金向全资子公司提供借款以实施募投项目的公告,募集资金使用情况报告,2024-07-10,https://data.eastmoney.com/notices/detail/301536/AN202407091637725765.html
002053,云南能投,云南能投:云南能源投资股份有限公司关于公司控股股东增持公司股份达到1%的公告,股东/实际控制人股份增持,2024-07-10,https://data.eastmoney.com/notices/detail/002053/AN202407091637725752.html
301536,星宸科技,星宸科技:关于召开2024年第二次临时股东大会的通知,召开股东大会通知,2024-07-10,https://data.eastmoney.com/notices/detail/301536/AN202407091637725769.html
301536,星宸科技,星宸科技:2024年限制性股票激励计划激励对象名单,股权激励对象名单,2024-07-10,https://data.eastmoney.com/notices/detail/301536/AN202407091637725764.html
002531,天顺风能,天顺风能:2024年半年度业绩预告,业绩预告,2024-07-10,https://data.eastmoney.com/notices/detail/002531/AN202407091637725747.html
301536,星宸科技,星宸科技:第二届监事会第二次会议决议公告,监事会决议公告,2024-07-10,https://data.eastmoney.com/notices/detail/301536/AN202407091637725763.html
301536,星宸科技,星宸科技:监事会关于公司2024年限制性股票激励计划相关事项的核查意见,专项说明/独立意见,2024-07-10,https://data.eastmoney.com/notices/detail/301536/AN202407091637725762.html
000908,石药景峰,*ST景峰:关于变更2024年第一次临时股东大会现场会议召开地点的公告,变更股东大会地点,2024-07-10,https://data.eastmoney.com/notices/detail/000908/AN202407091637725744.html
301536,星宸科技,星宸科技:上海信公科技集团股份有限公司关于星宸科技股份有限公司2024年限制性股票激励计划(草案)之独立财务顾问报告,保荐/核查意见,2024-07-10,https://data.eastmoney.com/notices/detail/301536/AN202407091637725767.html
002173,创新医疗,创新医疗:2024年半年度业绩预告,业绩预告,2024-07-10,https://data.eastmoney.com/notices/detail/002173/AN202407091637725741.html
000697,炼石航空,炼石航空:北京市嘉源律师事务所关于炼石航空科技股份有限公司2024年第三次临时股东大会的法律意见书,法律意见书,2024-07-10,https://data.eastmoney.com/notices/detail/000697/AN202407091637725751.html
301536,星宸科技,星宸科技:北京市竞天公诚(深圳)律师事务所关于星宸科技股份有限公司2024年限制性股票激励计划(草案)的法律意见书,法律意见书,2024-07-10,https://data.eastmoney.com/notices/detail/301536/AN202407091637725761.html
301536,星宸科技,星宸科技:独立董事专门会议工作细则,议事规则/实施细则,2024-07-10,https://data.eastmoney.com/notices/detail/301536/AN202407091637725773.html
301536,星宸科技,星宸科技:2024年限制性股票激励计划(草案)摘要,股权激励计划摘要,2024-07-10,https://data.eastmoney.com/notices/detail/301536/AN202407091637725760.html
001319,铭科精技,铭科精技:关于公司所使用地块停止补办手续并被政府收储的公告,其他,2024-07-10,https://data.eastmoney.com/notices/detail/001319/AN202407091637725757.html
301536,星宸科技,星宸科技:独立董事关于公开征集表决权的公告,其他,2024-07-10,https://data.eastmoney.com/notices/detail/301536/AN202407091637725759.html
301536,星宸科技,星宸科技:第二届董事会第二次会议决议公告,董事会决议公告,2024-07-10,https://data.eastmoney.com/notices/detail/301536/AN202407091637725758.html
601718,ST际华,际华集团:际华集团2024年半年度业绩预告,业绩预告,2024-07-10,https://data.eastmoney.com/notices/detail/601718/AN202407091637725738.html
688401,路维光电,路维光电:路维光电关于持股5%以上股东减持股份计划公告,股东/实际控制人股份减持,2024-07-10,https://data.eastmoney.com/notices/detail/688401/AN202407091637725728.html
603017,中衡设计,中衡设计:中衡设计关于收到江苏证监局行政监管措施决定书的公告,其他,2024-07-10,https://data.eastmoney.com/notices/detail/603017/AN202407091637725715.html
600107,*ST尔雅,美尔雅:2024年半年度业绩预告,业绩预告,2024-07-10,https://data.eastmoney.com/notices/detail/600107/AN202407091637725714.html
002693,双成药业,双成药业:海南双成药业股份有限公司2024年半年度业绩预告,业绩预告,2024-07-10,https://data.eastmoney.com/notices/detail/002693/AN202407091637725679.html
000547,航天发展,航天发展:2024年半年度业绩预告,业绩预告,2024-07-10,https://data.eastmoney.com/notices/detail/000547/AN202407091637725680.html
601611,中国核建,中国核建:中国核建第四届监事会第十八次会议决议公告,高管人员任职变动,2024-07-10,https://data.eastmoney.com/notices/detail/601611/AN202407091637725672.html
601686,友发集团,友发集团:2024年半年度业绩预减公告,业绩预告,2024-07-10,https://data.eastmoney.com/notices/detail/601686/AN202407091637725671.html
600137,浪莎股份,浪莎股份:浪莎股份控股股东部分股权质押公告,股份质押、冻结,2024-07-10,https://data.eastmoney.com/notices/detail/600137/AN202407091637725670.html
601611,中国核建,中国核建:中国核建关于监事辞职的公告,高管人员任职变动,2024-07-10,https://data.eastmoney.com/notices/detail/601611/AN202407091637725661.html
600872,中炬高新,中炬高新:中炬高新2024年半年度业绩预盈公告,业绩预告,2024-07-10,https://data.eastmoney.com/notices/detail/600872/AN202407091637725662.html
600837,海通证券,海通证券:海通证券股份有限公司关于计提资产减值准备及核销资产的公告,其他,2024-07-10,https://data.eastmoney.com/notices/detail/600837/AN202407091637725590.html
600837,海通证券,海通证券:海通证券股份有限公司2024年半年度业绩预告,业绩预告,2024-07-10,https://data.eastmoney.com/notices/detail/600837/AN202407091637725588.html
600111,北方稀土,北方稀土:北方稀土关于2024年第三季度稀土精矿交易价格的公告,其他,2024-07-10,https://data.eastmoney.com/notices/detail/600111/AN202407091637725643.html
002313,日海智能,日海智能:2024年半年度业绩预告,业绩预告,2024-07-10,https://data.eastmoney.com/notices/detail/002313/AN202407091637725631.html
002115,三维通信,三维通信:2024年半年度业绩预告,业绩预告,2024-07-10,https://data.eastmoney.com/notices/detail/002115/AN202407091637725629.html
002900,哈三联,哈三联:2024年半年度业绩预告,业绩预告,2024-07-10,https://data.eastmoney.com/notices/detail/002900/AN202407091637725630.html
002670,国盛证券,国盛金控:2024年半年度业绩预告,业绩预告,2024-07-10,https://data.eastmoney.com/notices/detail/002670/AN202407091637725632.html
002756,永兴材料,永兴材料:2024年半年度业绩预告,业绩预告,2024-07-10,https://data.eastmoney.com/notices/detail/002756/AN202407091637725633.html
603843,*ST正平,正平股份:正平股份2024年半年度业绩预告,业绩预告,2024-07-10,https://data.eastmoney.com/notices/detail/603843/AN202407091637725618.html
600530,ST交昂,交大昂立:2024年半年度业绩预告,业绩预告,2024-07-10,https://data.eastmoney.com/notices/detail/600530/AN202407091637725616.html
603843,*ST正平,正平股份:希格玛会计师事务所(特殊普通合伙)关于对正平路桥建设股份有限公司2023年年报信息披露监管工作函的回复,会计师事务所问询函回复公告,2024-07-10,https://data.eastmoney.com/notices/detail/603843/AN202407091637725619.html
603843,*ST正平,正平股份:正平股份关于对上海证券交易所2023年年报监管工作函的回复公告,其他,2024-07-10,https://data.eastmoney.com/notices/detail/603843/AN202407091637725617.html
600579,中化装备,克劳斯:克劳斯玛菲股份有限公司关于全资子公司出售资产交易完成的公告,其他,2024-07-10,https://data.eastmoney.com/notices/detail/600579/AN202407091637725608.html
600487,亨通光电,亨通光电:申万宏源证券承销保荐有限责任公司关于江苏亨通光电股份有限公司差异化分红事项的核查意见,保荐/核查意见,2024-07-10,https://data.eastmoney.com/notices/detail/600487/AN202407091637725611.html
600579,中化装备,克劳斯:克劳斯玛菲股份有限公司2024年半年度业绩预亏公告,业绩预告,2024-07-10,https://data.eastmoney.com/notices/detail/600579/AN202407091637725607.html
600487,亨通光电,亨通光电:亨通光电关于2023年度权益分派实施后调整回购价格上限的公告,分配方案调整,2024-07-10,https://data.eastmoney.com/notices/detail/600487/AN202407091637725610.html
600487,亨通光电,亨通光电:亨通光电2023年年度权益分派实施公告,分配方案实施,2024-07-10,https://data.eastmoney.com/notices/detail/600487/AN202407091637725609.html
600095,湘财股份,湘财股份:简式权益变动报告书(新湖控股有限公司),权益变动报告书,2024-07-10,https://data.eastmoney.com/notices/detail/600095/AN202407091637725592.html
600010,包钢股份,包钢股份:包钢股份关于2024年第三季度稀土精矿关联交易价格调整的提示性公告,产品价格调整,2024-07-10,https://data.eastmoney.com/notices/detail/600010/AN202407091637725589.html
603559,中通国脉,*ST通脉:中通国脉通信股份有限公司2024年半年度业绩预告公告,业绩预告,2024-07-10,https://data.eastmoney.com/notices/detail/603559/AN202407091637725591.html
600095,湘财股份,湘财股份:简式权益变动报告书(浙江浙商特资科技有限公司、杭州金新企业管理咨询合伙企业(有限合伙)、浙江财商实业控股有限公司),权益变动报告书,2024-07-10,https://data.eastmoney.com/notices/detail/600095/AN202407091637725587.html
603803,瑞斯康达,瑞斯康达:公司2024年半年度业绩预告,业绩预告,2024-07-10,https://data.eastmoney.com/notices/detail/603803/AN202407091637725581.html
600155,华创云信,华创云信:华创云信2024年半年度业绩预告公告,业绩预告,2024-07-10,https://data.eastmoney.com/notices/detail/600155/AN202407091637725557.html
600345,长江通信,长江通信:长江通信2024年半年度业绩预减公告,业绩预告,2024-07-10,https://data.eastmoney.com/notices/detail/600345/AN202407091637725430.html
601818,光大银行,光大银行:中国光大银行股份有限公司H股公告(暫停辦理股份過戶登記手續),其他,2024-07-10,https://data.eastmoney.com/notices/detail/601818/AN202407091637725383.html
600246,万通发展,万通发展:2024年半年度业绩预告,业绩预告,2024-07-10,https://data.eastmoney.com/notices/detail/600246/AN202407091637725384.html
000816,智慧农业,智慧农业:关于公司间接控股股东申请重整的进展公告,重组进展公告,2024-07-10,https://data.eastmoney.com/notices/detail/000816/AN202407091637725344.html
002656,摩登大道,ST摩登:2024年半年度业绩预告,业绩预告,2024-07-10,https://data.eastmoney.com/notices/detail/002656/AN202407091637725343.html
002656,摩登大道,ST摩登:关于收到广东证监局责令改正措施决定后的进展暨风险提示的公告,风险提示性公告,2024-07-10,https://data.eastmoney.com/notices/detail/002656/AN202407091637725342.html
600340,*ST华幸,华夏幸福:华夏幸福关于债务重组进展等事项的公告,债务重组,2024-07-10,https://data.eastmoney.com/notices/detail/600340/AN202407091637725341.html
600340,*ST华幸,华夏幸福:华夏幸福2024年半年度业绩预告,业绩预告,2024-07-10,https://data.eastmoney.com/notices/detail/600340/AN202407091637725340.html
600732,爱旭股份,爱旭股份:关于公司控股股东及其一致行动人部分股份质押的公告,股份质押、冻结,2024-07-10,https://data.eastmoney.com/notices/detail/600732/AN202407091637725299.html
603585,苏利股份,苏利股份:苏利股份关于为控股子公司提供担保的公告,提供/对外担保公告,2024-07-10,https://data.eastmoney.com/notices/detail/603585/AN202407091637725301.html
603585,苏利股份,苏利股份:江苏苏利精细化工股份有限公司2024年半年度业绩预告,业绩预告,2024-07-10,https://data.eastmoney.com/notices/detail/603585/AN202407091637725302.html
600732,爱旭股份,爱旭股份:2024年半年度业绩预告,业绩预告,2024-07-10,https://data.eastmoney.com/notices/detail/600732/AN202407091637725300.html
603196,璞源材料,日播时尚:上海市通力律师事务所关于日播时尚集团股份有限公司部分限制性股票回购注销实施的法律意见书,法律意见书,2024-07-10,https://data.eastmoney.com/notices/detail/603196/AN202407091637725292.html
603196,璞源材料,日播时尚:日播时尚限制性股票回购注销实施公告,回购实施公告,2024-07-10,https://data.eastmoney.com/notices/detail/603196/AN202407091637725291.html
301168,通灵股份,通灵股份:上海市锦天城律师事务所关于江苏通灵电器股份有限公司2024年第三次临时股东大会的法律意见书,法律意见书,2024-07-10,https://data.eastmoney.com/notices/detail/301168/AN202407091637725273.html
301168,通灵股份,通灵股份:第五届监事会第一次会议决议公告,高管人员任职变动,2024-07-10,https://data.eastmoney.com/notices/detail/301168/AN202407091637725274.html
301168,通灵股份,通灵股份:2024年第三次临时股东大会决议公告,股东大会决议公告,2024-07-10,https://data.eastmoney.com/notices/detail/301168/AN202407091637725270.html
301168,通灵股份,通灵股份:第五届董事会第一次会议决议公告,高管人员任职变动,2024-07-10,https://data.eastmoney.com/notices/detail/301168/AN202407091637725272.html
301168,通灵股份,通灵股份:关于董事会、监事会换届完成及聘任高级管理人员、证券事务代表的公告,高管人员任职变动,2024-07-10,https://data.eastmoney.com/notices/detail/301168/AN202407091637725271.html
002795,永和智控,永和智控:永和智控关于2022年限制性股票激励计划第二个解除限售期解除限售股票上市流通的提示性公告,限售股份上市流通,2024-07-10,https://data.eastmoney.com/notices/detail/002795/AN202407091637725269.html
002092,中泰化学,ST中泰:2024年半年度业绩预告,业绩预告,2024-07-10,https://data.eastmoney.com/notices/detail/002092/AN202407091637725268.html
000501,武商集团,武商集团:武商集团关于申请发行中期票据、超短期融资券获准注册的公告,其他,2024-07-10,https://data.eastmoney.com/notices/detail/000501/AN202407091637725267.html
603135,中重科技,中重科技:中重科技2024年半年度业绩预告,业绩预告,2024-07-10,https://data.eastmoney.com/notices/detail/603135/AN202407091637725260.html
603135,中重科技,中重科技:中重科技关于权益分派后调整回购股份价格上限的公告,分配预案,2024-07-10,https://data.eastmoney.com/notices/detail/603135/AN202407091637725262.html
603135,中重科技,中重科技:中重科技2023年年度权益分派实施公告,分配方案实施,2024-07-10,https://data.eastmoney.com/notices/detail/603135/AN202407091637725259.html
603135,中重科技,中重科技:国泰君安证券股份有限公司关于中重科技差异化权益分派特殊除权除息的业务申请的核查意见,保荐/核查意见,2024-07-10,https://data.eastmoney.com/notices/detail/603135/AN202407091637725261.html
603860,中公高科,中公高科:中公高科2024年半年度业绩预亏公告,业绩预告,2024-07-10,https://data.eastmoney.com/notices/detail/603860/AN202407091637725234.html
002299,圣农发展,圣农发展:募集资金使用管理办法(2024年修订),管理办法/制度,2024-07-10,https://data.eastmoney.com/notices/detail/002299/AN202407091637725222.html
002299,圣农发展,圣农发展:第七届监事会第一次会议决议公告,高管人员任职变动,2024-07-10,https://data.eastmoney.com/notices/detail/002299/AN202407091637725221.html
002299,圣农发展,圣农发展:内幕信息知情人登记管理制度(2024年修订),管理办法/制度,2024-07-10,https://data.eastmoney.com/notices/detail/002299/AN202407091637725220.html
002299,圣农发展,圣农发展:外部信息报送和使用管理制度(2024年修订),管理办法/制度,2024-07-10,https://data.eastmoney.com/notices/detail/002299/AN202407091637725219.html
002299,圣农发展,圣农发展:关于福建圣农发展股份有限公司2024年第一次临时股东大会的法律意见书,法律意见书,2024-07-10,https://data.eastmoney.com/notices/detail/002299/AN202407091637725218.html
002299,圣农发展,圣农发展:第七届董事会第一次会议决议公告,高管人员任职变动,2024-07-10,https://data.eastmoney.com/notices/detail/002299/AN202407091637725217.html
002299,圣农发展,圣农发展:新媒体登记监控制度(2024年修订),管理办法/制度,2024-07-10,https://data.eastmoney.com/notices/detail/002299/AN202407091637725216.html
002299,圣农发展,圣农发展:2024年第一次临时股东大会决议公告,股东大会决议公告,2024-07-10,https://data.eastmoney.com/notices/detail/002299/AN202407091637725215.html
000955,欣龙控股,欣龙控股:2024年半年度业绩预告,业绩预告,2024-07-10,https://data.eastmoney.com/notices/detail/000955/AN202407091637725214.html
000564,供销大集,供销大集:2024年半年度业绩预告,业绩预告,2024-07-10,https://data.eastmoney.com/notices/detail/000564/AN202407091637725213.html
000659,珠海中富,珠海中富:2024年半年度业绩预告,业绩预告,2024-07-10,https://data.eastmoney.com/notices/detail/000659/AN202407091637725212.html
002609,捷顺科技,捷顺科技:关于公司董事长提议回购公司股份的提示性公告,其他,2024-07-10,https://data.eastmoney.com/notices/detail/002609/AN202407091637725211.html
002609,捷顺科技,捷顺科技:2024年半年度业绩预告,业绩预告,2024-07-10,https://data.eastmoney.com/notices/detail/002609/AN202407091637725210.html
002981,朝阳科技,朝阳科技:股票交易异常波动公告,股票交易异常波动,2024-07-10,https://data.eastmoney.com/notices/detail/002981/AN202407091637725209.html
601238,广汽集团,广汽集团:H股公告-翌日披露报表,其他,2024-07-10,https://data.eastmoney.com/notices/detail/601238/AN202407091637725195.html
603999,读者传媒,读者传媒:读者出版传媒股份有限公司第五届董事会第十一次会议决议公告,董事会决议公告,2024-07-10,https://data.eastmoney.com/notices/detail/603999/AN202407091637725166.html
603999,读者传媒,读者传媒:读者出版传媒股份有限公司商务印刷产业园项目可行性研究报告,其他,2024-07-10,https://data.eastmoney.com/notices/detail/603999/AN202407091637725168.html
603999,读者传媒,读者传媒:读者出版传媒股份有限公司关于投资建设读者商务印刷产业园并设立天水全资子公司的公告,投资设立公司,2024-07-10,https://data.eastmoney.com/notices/detail/603999/AN202407091637725167.html
688337,普源精电,普源精电:国泰君安证券股份有限公司关于普源精电科技股份有限公司发行股份购买资产并募集配套资金之独立财务顾问报告(注册稿),保荐/核查意见,2024-07-10,https://data.eastmoney.com/notices/detail/688337/AN202407091637725164.html
688337,普源精电,普源精电:普源精电科技股份有限公司发行股份购买资产并募集配套资金报告书(草案)(注册稿),其他增发事项公告,2024-07-10,https://data.eastmoney.com/notices/detail/688337/AN202407091637725165.html
688337,普源精电,普源精电:普源精电科技股份有限公司关于发行股份购买资产并募集配套资金报告书(草案)修订说明的公告,其他,2024-07-10,https://data.eastmoney.com/notices/detail/688337/AN202407091637725163.html
000636,风华高科,风华高科:公司内部审计制度,管理办法/制度,2024-07-10,https://data.eastmoney.com/notices/detail/000636/AN202407091637725152.html
000636,风华高科,风华高科:公司战略规划管理制度,管理办法/制度,2024-07-10,https://data.eastmoney.com/notices/detail/000636/AN202407091637725151.html
000636,风华高科,风华高科:关于调整公司组织架构的公告,其他,2024-07-10,https://data.eastmoney.com/notices/detail/000636/AN202407091637725149.html
000636,风华高科,风华高科:第九届董事会2024年第六次会议决议公告,高管人员任职变动,2024-07-10,https://data.eastmoney.com/notices/detail/000636/AN202407091637725150.html
600408,安泰集团,安泰集团:安泰集团二○二四年半年度业绩预亏公告,业绩预告,2024-07-10,https://data.eastmoney.com/notices/detail/600408/AN202407091637725146.html
600408,安泰集团,安泰集团:安泰集团关于签订“5G+工业互联网战略合作协议”的公告,签订协议,2024-07-10,https://data.eastmoney.com/notices/detail/600408/AN202407091637725145.html
603377,ST东时,ST东时:2024年半年度业绩预亏公告,业绩预告,2024-07-10,https://data.eastmoney.com/notices/detail/603377/AN202407091637725117.html
600589,大位科技,广东榕泰:2024年半年度业绩预告,业绩预告,2024-07-10,https://data.eastmoney.com/notices/detail/600589/AN202407091637725111.html
002774,快意电梯,快意电梯:第五届监事会第二次会议决议公告,监事会决议公告,2024-07-10,https://data.eastmoney.com/notices/detail/002774/AN202407091637725116.html
600079,ST人福,人福医药:人福医药关于盐酸艾司氯胺酮注射液获得药品注册证书的公告,获得认证,2024-07-10,https://data.eastmoney.com/notices/detail/600079/AN202407091637725102.html
002217,ST合力泰,*ST合泰:2024年半年度业绩预告,业绩预告,2024-07-10,https://data.eastmoney.com/notices/detail/002217/AN202407091637725091.html
000636,风华高科,风华高科:关于聘请财务负责人和总法律顾问的公告,高管人员任职变动,2024-07-10,https://data.eastmoney.com/notices/detail/000636/AN202407091637725093.html
002272,川润股份,川润股份:第六届董事会第二十次会议决议公告,高管人员任职变动,2024-07-10,https://data.eastmoney.com/notices/detail/002272/AN202407091637725096.html
000545,金浦钛业,金浦钛业:2024年半年度业绩预告,业绩预告,2024-07-10,https://data.eastmoney.com/notices/detail/000545/AN202407091637725092.html
002272,川润股份,川润股份:四川川润股份有限公司2023年年度权益分派实施公告,分配方案实施,2024-07-10,https://data.eastmoney.com/notices/detail/002272/AN202407091637725095.html
002272,川润股份,川润股份:2024年半年度业绩预告,业绩预告,2024-07-10,https://data.eastmoney.com/notices/detail/002272/AN202407091637725097.html
600671,天目药业,ST目药:杭州天目山药业股份有限公司2024年半年度业绩预告,业绩预告,2024-07-10,https://data.eastmoney.com/notices/detail/600671/AN202407091637725074.html
002774,快意电梯,快意电梯:关于拟续聘2024年度审计机构的公告,审计机构变更,2024-07-10,https://data.eastmoney.com/notices/detail/002774/AN202407091637725065.html
002774,快意电梯,快意电梯:东吴证券关于快意电梯部分募集资金投资项目结项暨结余募集资金永久补充流动资金的核查意见,保荐/核查意见,2024-07-10,https://data.eastmoney.com/notices/detail/002774/AN202407091637725068.html
002774,快意电梯,快意电梯:关于部分募集资金投资项目结项暨结余募集资金永久补充流动资金的公告,募集资金补充流动资金,2024-07-10,https://data.eastmoney.com/notices/detail/002774/AN202407091637725067.html
002774,快意电梯,快意电梯:关于召开2024年第二次临时股东大会的通知,召开股东大会通知,2024-07-10,https://data.eastmoney.com/notices/detail/002774/AN202407091637725066.html
002774,快意电梯,快意电梯:第五届董事会第二次会议决议公告,董事会决议公告,2024-07-10,https://data.eastmoney.com/notices/detail/002774/AN202407091637725064.html
600501,航天晨光,航天晨光:航天晨光股份有限公司2024年半年度业绩预告,业绩预告,2024-07-10,https://data.eastmoney.com/notices/detail/600501/AN202407091637725045.html
600501,航天晨光,航天晨光:航天晨光股份有限公司关于调整2023年度利润分配方案每股分红金额的公告,分配方案调整,2024-07-10,https://data.eastmoney.com/notices/detail/600501/AN202407091637725044.html
603356,华菱精工,华菱精工:2024年半年度业绩预告,业绩预告,2024-07-10,https://data.eastmoney.com/notices/detail/603356/AN202407091637725010.html
601068,中铝国际,中铝国际:中铝国际工程股份有限公司2024年半年度业绩预盈公告,业绩预告,2024-07-10,https://data.eastmoney.com/notices/detail/601068/AN202407091637724946.html
601068,中铝国际,中铝国际:中铝国际工程股份有限公司关于变更公司网址和电子邮箱的公告,公司其他基本信息变更,2024-07-10,https://data.eastmoney.com/notices/detail/601068/AN202407091637724947.html
600039,四川路桥,四川路桥:四川路桥关于董事长、副董事长辞任暨选举董事长、补选董事、聘任总经理的公告,高管人员任职变动,2024-07-10,https://data.eastmoney.com/notices/detail/600039/AN202407091637724966.html
600039,四川路桥,四川路桥:四川路桥第八届董事会第四十次会议决议的公告,高管人员任职变动,2024-07-10,https://data.eastmoney.com/notices/detail/600039/AN202407091637724965.html
600039,四川路桥,四川路桥:四川路桥关于召开2024年第五次临时股东大会的通知,召开股东大会通知,2024-07-10,https://data.eastmoney.com/notices/detail/600039/AN202407091637724962.html
600039,四川路桥,四川路桥:四川路桥第八届监事会第三十次会议决议的公告,监事会决议公告,2024-07-10,https://data.eastmoney.com/notices/detail/600039/AN202407091637724964.html
600039,四川路桥,四川路桥:四川路桥关于统一注册发行多品种债务融资工具的公告,其他,2024-07-10,https://data.eastmoney.com/notices/detail/600039/AN202407091637724963.html
002251,步步高,*ST步高:2024年半年度业绩预告,业绩预告,2024-07-10,https://data.eastmoney.com/notices/detail/002251/AN202407091637724951.html
002175,*ST东智,东方智造:关于为全资子公司提供担保的进展公告,提供/对外担保公告,2024-07-10,https://data.eastmoney.com/notices/detail/002175/AN202407091637724953.html
002175,*ST东智,东方智造:2024半年度业绩预告,业绩预告,2024-07-10,https://data.eastmoney.com/notices/detail/002175/AN202407091637724952.html
603915,国茂股份,国茂股份:上海君澜律师事务所关于江苏国茂减速机股份有限公司2020年限制性股票激励计划回购注销部分限制性股票实施相关事项之法律意见书,法律意见书,2024-07-10,https://data.eastmoney.com/notices/detail/603915/AN202407091637724948.html
603915,国茂股份,国茂股份:国茂股份关于股权激励限制性股票回购注销实施的公告,回购进展情况,2024-07-10,https://data.eastmoney.com/notices/detail/603915/AN202407091637724924.html
000686,东北证券,东北证券:2024年半年度业绩预告,业绩预告,2024-07-10,https://data.eastmoney.com/notices/detail/000686/AN202407091637724903.html
002387,维信诺,维信诺:关于2021年股票期权与限制性股票激励计划预留授予部分第一个行权期已届满但尚未行权的股票期权注销完成的公告,股本变动,2024-07-10,https://data.eastmoney.com/notices/detail/002387/AN202407091637724902.html
002387,维信诺,维信诺:2024年半年度业绩预告,业绩预告,2024-07-10,https://data.eastmoney.com/notices/detail/002387/AN202407091637724901.html
002793,罗欣药业,罗欣药业:2024年半年度业绩预告,业绩预告,2024-07-10,https://data.eastmoney.com/notices/detail/002793/AN202407091637724900.html
002559,亚威股份,亚威股份:关于完成工商变更登记的公告,公司注册资本变更,2024-07-10,https://data.eastmoney.com/notices/detail/002559/AN202407091637724899.html
001366,播恩集团,播恩集团:2024年半年度业绩预告,业绩预告,2024-07-10,https://data.eastmoney.com/notices/detail/001366/AN202407091637724868.html
603636,南威软件,南威软件:第五届董事会第二次会议决议公告,董事会决议公告,2024-07-10,https://data.eastmoney.com/notices/detail/603636/AN202407091637724761.html
603636,南威软件,南威软件:2024年半年度业绩预告,业绩预告,2024-07-10,https://data.eastmoney.com/notices/detail/603636/AN202407091637724763.html
600546,山煤国际,山煤国际:山煤国际2024年半年度业绩预减公告,业绩预告,2024-07-10,https://data.eastmoney.com/notices/detail/600546/AN202407091637724762.html
603636,南威软件,南威软件:关于为控股子公司新增银行授信提供担保的公告,提供/对外担保公告,2024-07-10,https://data.eastmoney.com/notices/detail/603636/AN202407091637724764.html
603636,南威软件,南威软件:第五届监事会第二次会议决议公告,监事会决议公告,2024-07-10,https://data.eastmoney.com/notices/detail/603636/AN202407091637724760.html
603185,弘元绿能,弘元绿能:2024年半年度业绩预告,业绩预告,2024-07-10,https://data.eastmoney.com/notices/detail/603185/AN202407091637724630.html
003030,祖名股份,祖名股份:2024年半年度业绩预告,业绩预告,2024-07-10,https://data.eastmoney.com/notices/detail/003030/AN202407091637724644.html
002861,瀛通通讯,瀛通通讯:2024年半年度业绩预告,业绩预告,2024-07-10,https://data.eastmoney.com/notices/detail/002861/AN202407091637724645.html
002385,大北农,大北农:2024年半年度业绩预告,业绩预告,2024-07-10,https://data.eastmoney.com/notices/detail/002385/AN202407091637724640.html
002317,众生药业,众生药业:2024年半年度业绩预告,业绩预告,2024-07-10,https://data.eastmoney.com/notices/detail/002317/AN202407091637724642.html
002151,北斗星通,北斗星通:2024半年度业绩预告,业绩预告,2024-07-10,https://data.eastmoney.com/notices/detail/002151/AN202407091637724641.html
001872,招商港口,招商港口:2023年度分红派息实施公告,分配方案实施,2024-07-10,https://data.eastmoney.com/notices/detail/001872/AN202407091637724643.html
000998,隆平高科,隆平高科:2023年年度权益分派实施公告,分配方案实施,2024-07-10,https://data.eastmoney.com/notices/detail/000998/AN202407091637724646.html
688189,ST南新,南新制药:关于持股5%以上股东减持计划时间届满未减持股份的结果公告,股东/实际控制人股份减持,2024-07-10,https://data.eastmoney.com/notices/detail/688189/AN202407091637724605.html
600745,*ST闻泰,闻泰科技:股东集中竞价减持股份结果公告,股东/实际控制人股份减持,2024-07-10,https://data.eastmoney.com/notices/detail/600745/AN202407091637724598.html
600745,*ST闻泰,闻泰科技:2024年半年度业绩预告,业绩预告,2024-07-10,https://data.eastmoney.com/notices/detail/600745/AN202407091637724597.html
600110,诺德股份,诺德股份:2024年第三次临时股东大会(材料汇编),股东大会资料,2024-07-10,https://data.eastmoney.com/notices/detail/600110/AN202407091637724574.html
002917,金奥博,金奥博:2024年半年度业绩预告,业绩预告,2024-07-10,https://data.eastmoney.com/notices/detail/002917/AN202407091637724559.html
002696,百洋股份,百洋股份:2024年半年度业绩预告,业绩预告,2024-07-10,https://data.eastmoney.com/notices/detail/002696/AN202407091637724558.html
002620,*ST瑞和,瑞和股份:2024年半年度业绩预告,业绩预告,2024-07-10,https://data.eastmoney.com/notices/detail/002620/AN202407091637724557.html
002445,中南文化,中南文化:2024年半年度业绩预告,业绩预告,2024-07-10,https://data.eastmoney.com/notices/detail/002445/AN202407091637724556.html
688219,会通股份,会通股份:会通新材料股份有限公司关于持股5%以上股东协议转让公司股份进展暨签署补充协议的公告,签订协议,2024-07-10,https://data.eastmoney.com/notices/detail/688219/AN202407091637724513.html
688180,君实生物,君实生物:君实生物自愿披露关于JS125获得药物临床试验申请受理通知书的公告,其他,2024-07-10,https://data.eastmoney.com/notices/detail/688180/AN202407091637724502.html
605266,健之佳,健之佳:2024年半年度业绩预减公告,业绩预告,2024-07-10,https://data.eastmoney.com/notices/detail/605266/AN202407091637724479.html
605266,健之佳,健之佳:关于公司实际控制人补充质押部分股份的公告,股份质押、冻结,2024-07-10,https://data.eastmoney.com/notices/detail/605266/AN202407091637724478.html
603586,金麒麟,金麒麟:山东金麒麟股份有限公司2024年半年度业绩预减公告,业绩预告,2024-07-10,https://data.eastmoney.com/notices/detail/603586/AN202407091637724469.html
000679,大连友谊,大连友谊:2024年半年度业绩预告,业绩预告,2024-07-10,https://data.eastmoney.com/notices/detail/000679/AN202407091637724459.html
002350,北京科锐,北京科锐:2024年第二次临时股东大会决议公告,股东大会决议公告,2024-07-10,https://data.eastmoney.com/notices/detail/002350/AN202407091637724460.html
002234,民和股份,民和股份:2024年半年度业绩预告,业绩预告,2024-07-10,https://data.eastmoney.com/notices/detail/002234/AN202407091637724456.html
000759,中百集团,中百集团:2024年半年度业绩预告,业绩预告,2024-07-10,https://data.eastmoney.com/notices/detail/000759/AN202407091637724457.html
002350,北京科锐,北京科锐:北京德恒律师事务所关于北京科锐配电自动化股份有限公司2024年第二次临时股东大会的法律意见,法律意见书,2024-07-10,https://data.eastmoney.com/notices/detail/002350/AN202407091637724461.html
002181,粤传媒,粤传媒:2024年半年度业绩预告,业绩预告,2024-07-10,https://data.eastmoney.com/notices/detail/002181/AN202407091637724454.html
300042,朗科科技,朗科科技:关于持股5%以上股东股份减持计划时间届满暨实施情况的公告,股东/实际控制人股份减持,2024-07-10,https://data.eastmoney.com/notices/detail/300042/AN202407091637724458.html
002199,东晶电子,东晶电子:2024年半年度业绩预告,业绩预告,2024-07-10,https://data.eastmoney.com/notices/detail/002199/AN202407091637724455.html
688510,航亚科技,航亚科技:无锡航亚科技股份有限公司关于持股5%以上股东减持股份结果暨权益变动超过1%的公告,权益变动报告书,2024-07-10,https://data.eastmoney.com/notices/detail/688510/AN202407091637724438.html
003016,欣贺股份,欣贺股份:2024年半年度业绩预告,业绩预告,2024-07-10,https://data.eastmoney.com/notices/detail/003016/AN202407091637724402.html
603067,振华股份,振华股份:振华股份向不特定对象发行可转换公司债券网上路演公告,其他,2024-07-10,https://data.eastmoney.com/notices/detail/603067/AN202407091637724363.html
603067,振华股份,振华股份:北京大成(上海)律师事务所关于振华股份2021年限制性股激励计划首次授予及暂缓授予部分第三个解除限售期解除限售条件成就以及预留授予部分第二个解除限售期解除限售条件成就的法律意见书,法律意见书,2024-07-10,https://data.eastmoney.com/notices/detail/603067/AN202407091637724364.html
603067,振华股份,振华股份:振华股份向不特定对象发行可转换公司债券募集说明书,其他,2024-07-10,https://data.eastmoney.com/notices/detail/603067/AN202407091637724358.html
603067,振华股份,振华股份:振华股份向不特定对象发行可转换公司债券募集说明书摘要,其他,2024-07-10,https://data.eastmoney.com/notices/detail/603067/AN202407091637724366.html
603067,振华股份,振华股份:振华股份向不特定对象发行可转换公司债券发行公告,其他,2024-07-10,https://data.eastmoney.com/notices/detail/603067/AN202407091637724361.html
603067,振华股份,振华股份:向不特定对象发行可转换公司债券信用评级报告,其他,2024-07-10,https://data.eastmoney.com/notices/detail/603067/AN202407091637724359.html
603067,振华股份,振华股份:振华股份第四届董事会第二十六次会议决议公告,董事会决议公告,2024-07-10,https://data.eastmoney.com/notices/detail/603067/AN202407091637724360.html
603067,振华股份,振华股份:振华股份关于2021年限制性股票激励计划首次授予部分第三个解除限售期、暂缓授予部分第三个解除限售期及预留授予部分第二个解除限售期解除限售条件成就的公告,限售股份上市流通,2024-07-10,https://data.eastmoney.com/notices/detail/603067/AN202407091637724365.html
603067,振华股份,振华股份:振华股份第四届监事会第二十二次会议决议公告,监事会决议公告,2024-07-10,https://data.eastmoney.com/notices/detail/603067/AN202407091637724362.html
600048,保利发展,保利发展:保利发展控股集团股份有限公司2024年6月份销售情况简报,月度经营情况,2024-07-10,https://data.eastmoney.com/notices/detail/600048/AN202407091637724350.html
600048,保利发展,保利发展:保利发展控股集团股份有限公司关于本公司获得房地产项目的公告,其他,2024-07-10,https://data.eastmoney.com/notices/detail/600048/AN202407091637724349.html
600939,重庆建工,重庆建工:重庆建工2024年半年度业绩预告,业绩预告,2024-07-10,https://data.eastmoney.com/notices/detail/600939/AN202407091637724347.html
002981,朝阳科技,朝阳科技:关于2022年股票期权激励计划首次授予第二个行权期采用自主行权模式的提示性公告,股权激励进展公告,2024-07-10,https://data.eastmoney.com/notices/detail/002981/AN202407091637724316.html
002650,ST加加,ST加加:2024年半年度业绩预告,业绩预告,2024-07-10,https://data.eastmoney.com/notices/detail/002650/AN202407091637724321.html
002291,遥望科技,遥望科技:2024年半年度业绩预告,业绩预告,2024-07-10,https://data.eastmoney.com/notices/detail/002291/AN202407091637724318.html
000850,华茂股份,华茂股份:2024半年度业绩预告,业绩预告,2024-07-10,https://data.eastmoney.com/notices/detail/000850/AN202407091637724319.html
000629,钒钛股份,钒钛股份:2024年半年度业绩预告,业绩预告,2024-07-10,https://data.eastmoney.com/notices/detail/000629/AN202407091637724320.html
601998,中信银行,中信银行:H股公告-倫敦分行在本行5000000000美元中期票據計劃下發行於2027年到期的300000000美元浮動利率票據,其他,2024-07-10,https://data.eastmoney.com/notices/detail/601998/AN202407091637724284.html
601003,柳钢股份,柳钢股份:柳钢股份2024年第三次临时股东大会决议公告,股东大会决议公告,2024-07-10,https://data.eastmoney.com/notices/detail/601003/AN202407091637724300.html
600177,雅戈尔,雅戈尔:雅戈尔时尚股份有限公司关于注销公司回购专用证券账户库存股的实施公告,其他,2024-07-10,https://data.eastmoney.com/notices/detail/600177/AN202407091637724293.html
603255,鼎际得,鼎际得:辽宁鼎际得石化股份有限公司2024年半年度业绩预告,业绩预告,2024-07-10,https://data.eastmoney.com/notices/detail/603255/AN202407091637724285.html
603388,*ST元成,ST元成:元成环境股份有限公司2024年半年度业绩预亏公告,业绩预告,2024-07-10,https://data.eastmoney.com/notices/detail/603388/AN202407091637724263.html
600281,华阳新材,华阳新材:华阳新材2024年半年度业绩预亏公告,业绩预告,2024-07-10,https://data.eastmoney.com/notices/detail/600281/AN202407091637724264.html
002168,ST惠程,惠程科技:2024年半年度业绩预告,业绩预告,2024-07-10,https://data.eastmoney.com/notices/detail/002168/AN202407091637724251.html
002875,安奈儿,安奈儿:2024年半年度业绩预告,业绩预告,2024-07-10,https://data.eastmoney.com/notices/detail/002875/AN202407091637724254.html
000509,华塑控股,华塑控股:2024年半年度业绩预告,业绩预告,2024-07-10,https://data.eastmoney.com/notices/detail/000509/AN202407091637724250.html
000023,*ST深天,*ST深天:关于公司股票交易被叠加实施其他风险警示相关事项的进展暨风险提示公告,实施退市风险警示,2024-07-10,https://data.eastmoney.com/notices/detail/000023/AN202407091637724253.html
000982,中银绒业,中银绒业:宁夏中银绒业股份有限公司2024年半年度业绩预告,业绩预告,2024-07-10,https://data.eastmoney.com/notices/detail/000982/AN202407091637724256.html
003011,海象新材,海象新材:浙江海象新材料股份有限公司2024年度半年度业绩预告,业绩预告,2024-07-10,https://data.eastmoney.com/notices/detail/003011/AN202407091637724255.html
301577,美信科技,美信科技:关于使用暂时闲置募集资金进行现金管理的进展公告,募集资金使用进展情况,2024-07-10,https://data.eastmoney.com/notices/detail/301577/AN202407091637724252.html
002268,电科网安,电科网安:2024年半年度业绩预告,业绩预告,2024-07-10,https://data.eastmoney.com/notices/detail/002268/AN202407091637724249.html
000669,ST金鸿,ST金鸿:2024年半年度业绩预告,业绩预告,2024-07-10,https://data.eastmoney.com/notices/detail/000669/AN202407091637724257.html
002307,北新路桥,北新路桥:工程中标公告,重大合同,2024-07-10,https://data.eastmoney.com/notices/detail/002307/AN202407091637724248.html
000703,恒逸石化,恒逸石化:关于不向下修正恒逸转2转股价格的公告,其他,2024-07-10,https://data.eastmoney.com/notices/detail/000703/AN202407091637724192.html
000703,恒逸石化,恒逸石化:关于部分闲置募集资金暂时补充流动资金归还的公告,募集资金补充流动资金,2024-07-10,https://data.eastmoney.com/notices/detail/000703/AN202407091637724193.html
002502,ST鼎龙,ST鼎龙:关于公司股票存在可能因股价低于面值被终止上市的第七次风险提示公告,终止上市风险提示,2024-07-10,https://data.eastmoney.com/notices/detail/002502/AN202407091637724182.html
000703,恒逸石化,恒逸石化:恒逸石化股份有限公司章程,公司章程,2024-07-10,https://data.eastmoney.com/notices/detail/000703/AN202407091637724197.html
000703,恒逸石化,恒逸石化:第十二届董事会第十一次会议决议公告,董事会决议公告,2024-07-10,https://data.eastmoney.com/notices/detail/000703/AN202407091637724191.html
000703,恒逸石化,恒逸石化:中信证券股份有限公司关于恒逸石化股份有限公司使用部分闲置募集资金暂时补充流动资金之核查意见,保荐/核查意见,2024-07-10,https://data.eastmoney.com/notices/detail/000703/AN202407091637724196.html
000703,恒逸石化,恒逸石化:关于修订《公司章程》的公告,公司章程修订,2024-07-10,https://data.eastmoney.com/notices/detail/000703/AN202407091637724187.html
000703,恒逸石化,恒逸石化:关于第四期员工持股计划延期的公告,员工持股计划,2024-07-10,https://data.eastmoney.com/notices/detail/000703/AN202407091637724186.html
000586,汇源通信,汇源通信:四川汇源光通信股份有限公司第十二届董事会第十九次会议决议的公告,董事会决议公告,2024-07-10,https://data.eastmoney.com/notices/detail/000586/AN202407091637724184.html
000703,恒逸石化,恒逸石化:第十二届监事会第八次会议决议公告,监事会决议公告,2024-07-10,https://data.eastmoney.com/notices/detail/000703/AN202407091637724188.html
000703,恒逸石化,恒逸石化:关于召开2024年第二次临时股东大会的通知,召开股东大会通知,2024-07-10,https://data.eastmoney.com/notices/detail/000703/AN202407091637724194.html
000703,恒逸石化,恒逸石化:关于使用部分闲置募集资金暂时补充流动资金的公告,募集资金补充流动资金,2024-07-10,https://data.eastmoney.com/notices/detail/000703/AN202407091637724189.html
000703,恒逸石化,恒逸石化:关于公司控股股东及附属企业之部分员工增持计划延期的公告,股东/实际控制人股份增持,2024-07-10,https://data.eastmoney.com/notices/detail/000703/AN202407091637724190.html
000586,汇源通信,汇源通信:四川汇源光通信股份有限公司关于拟与银行签署授信额度合同的公告,借贷,2024-07-10,https://data.eastmoney.com/notices/detail/000586/AN202407091637724183.html
000586,汇源通信,汇源通信:四川汇源光通信股份有限公司第十二届监事会第十八次会议决议的公告,监事会决议公告,2024-07-10,https://data.eastmoney.com/notices/detail/000586/AN202407091637724185.html
000703,恒逸石化,恒逸石化:2024年第三次独立董事专门会议决议,其他,2024-07-10,https://data.eastmoney.com/notices/detail/000703/AN202407091637724195.html
601988,中国银行,中国银行:中国银行股份有限公司2023年年度A股派息实施公告,分配方案实施,2024-07-10,https://data.eastmoney.com/notices/detail/601988/AN202407091637724074.html
600011,华能国际,华能国际:华能国际第十一届董事会第六次会议决议公告,高管人员任职变动,2024-07-10,https://data.eastmoney.com/notices/detail/600011/AN202407091637724062.html
600011,华能国际,华能国际:华能国际关于调整公司高级管理人员的公告,高管人员任职变动,2024-07-10,https://data.eastmoney.com/notices/detail/600011/AN202407091637724063.html
603758,秦安股份,秦安股份:秦安股份2024年半年度业绩预告,业绩预告,2024-07-10,https://data.eastmoney.com/notices/detail/603758/AN202407091637724151.html
600011,华能国际,华能国际:华能国际2024年度“提质增效重回报”行动方案,其他,2024-07-10,https://data.eastmoney.com/notices/detail/600011/AN202407091637724061.html
600006,东风股份,东风汽车:东风汽车股份有限公司第七届董事会独立董事专门会议2024年第二次会议的审核意见,专项说明/独立意见,2024-07-10,https://data.eastmoney.com/notices/detail/600006/AN202407091637724154.html
600006,东风股份,东风汽车:东风汽车股份有限公司关于向关联方采购专用工装暨关联交易的公告,关联交易,2024-07-10,https://data.eastmoney.com/notices/detail/600006/AN202407091637724148.html
600006,东风股份,东风汽车:东风汽车股份有限公司第七届董事会第四次会议决议公告,董事会决议公告,2024-07-10,https://data.eastmoney.com/notices/detail/600006/AN202407091637724153.html
600006,东风股份,东风汽车:东风汽车股份有限公司第七届监事会第四次会议决议公告,高管人员任职变动,2024-07-10,https://data.eastmoney.com/notices/detail/600006/AN202407091637724150.html
600006,东风股份,东风汽车:东风汽车股份有限公司关于召开2024年第一次临时股东大会的通知,召开股东大会通知,2024-07-10,https://data.eastmoney.com/notices/detail/600006/AN202407091637724149.html
600006,东风股份,东风汽车:东风汽车股份有限公司关于吸收合并全资子公司的公告,吸收合并报告书,2024-07-10,https://data.eastmoney.com/notices/detail/600006/AN202407091637724152.html
600006,东风股份,东风汽车:东风汽车股份有限公司关于拟变更公司证券简称的公告,证券简称变更,2024-07-10,https://data.eastmoney.com/notices/detail/600006/AN202407091637724147.html
603315,福鞍股份,福鞍股份:福鞍股份关于子公司变更经营范围等暨完成工商变更的公告,公司关联方基本资料变更,2024-07-10,https://data.eastmoney.com/notices/detail/603315/AN202407091637724137.html
601577,长沙银行,长沙银行:长沙银行股份有限公司2023年年度权益分派实施公告,分配方案实施,2024-07-10,https://data.eastmoney.com/notices/detail/601577/AN202407091637724136.html
603315,福鞍股份,福鞍股份:福鞍股份2024年半年度业绩预增公告,业绩预告,2024-07-10,https://data.eastmoney.com/notices/detail/603315/AN202407091637724135.html
601118,海南橡胶,海南橡胶:2024年半年度业绩预亏公告,业绩预告,2024-07-10,https://data.eastmoney.com/notices/detail/601118/AN202407091637724130.html
002310,东方新能,*ST东园:关于公司累计诉讼及进展的公告,诉讼仲裁,2024-07-10,https://data.eastmoney.com/notices/detail/002310/AN202407091637724083.html
002789,*ST建艺,建艺集团:2024年半年度业绩预告,业绩预告,2024-07-10,https://data.eastmoney.com/notices/detail/002789/AN202407091637724091.html
002602,世纪华通,世纪华通:关于首次回购公司股份的公告,回购实施公告,2024-07-10,https://data.eastmoney.com/notices/detail/002602/AN202407091637724087.html
002310,东方新能,*ST东园:关于为湖南瑞华再生资源有限公司提供担保的公告,提供/对外担保公告,2024-07-10,https://data.eastmoney.com/notices/detail/002310/AN202407091637724084.html
002529,海源复材,海源复材:2024年半年度业绩预告,业绩预告,2024-07-10,https://data.eastmoney.com/notices/detail/002529/AN202407091637724088.html
002310,东方新能,*ST东园:2024年半年度业绩预告,业绩预告,2024-07-10,https://data.eastmoney.com/notices/detail/002310/AN202407091637724085.html
000691,亚太实业,亚太实业:2024年半年度业绩预告,业绩预告,2024-07-10,https://data.eastmoney.com/notices/detail/000691/AN202407091637724089.html
002243,力合科创,力合科创:2024年半年度业绩预告,业绩预告,2024-07-10,https://data.eastmoney.com/notices/detail/002243/AN202407091637724090.html
002259,升达林业,ST升达:2024年半年度业绩预告,业绩预告,2024-07-10,https://data.eastmoney.com/notices/detail/002259/AN202407091637724092.html
002738,中矿资源,中矿资源:2024年半年度业绩预告,业绩预告,2024-07-10,https://data.eastmoney.com/notices/detail/002738/AN202407091637724093.html
002739,儒意电影,万达电影:2024年半年度业绩预告,业绩预告,2024-07-10,https://data.eastmoney.com/notices/detail/002739/AN202407091637724095.html
002634,*ST棒杰,棒杰股份:2024年半年度业绩预告,业绩预告,2024-07-10,https://data.eastmoney.com/notices/detail/002634/AN202407091637724086.html
605088,冠盛股份,冠盛股份:2024年第六次临时股东大会法律意见书,法律意见书,2024-07-10,https://data.eastmoney.com/notices/detail/605088/AN202407091637724079.html
605088,冠盛股份,冠盛股份:第六届监事会第一次会议决议公告,高管人员任职变动,2024-07-10,https://data.eastmoney.com/notices/detail/605088/AN202407091637724078.html
605088,冠盛股份,冠盛股份:关于董事会、监事会完成换届选举及聘任高级管理人员、证券事务代表的公告,高管人员任职变动,2024-07-10,https://data.eastmoney.com/notices/detail/605088/AN202407091637724073.html
605088,冠盛股份,冠盛股份:第六届董事会第一次会议决议公告,高管人员任职变动,2024-07-10,https://data.eastmoney.com/notices/detail/605088/AN202407091637724072.html
600053,*ST九鼎,九鼎投资:九鼎投资2024年上半年度房地产业务经营情况简报,月度经营情况,2024-07-10,https://data.eastmoney.com/notices/detail/600053/AN202407091637724076.html
600053,*ST九鼎,九鼎投资:九鼎投资2024年上半年度私募股权投资管理业务经营情况简报,月度经营情况,2024-07-10,https://data.eastmoney.com/notices/detail/600053/AN202407091637724077.html
605088,冠盛股份,冠盛股份:2024年第六次临时股东大会决议公告,股东大会决议公告,2024-07-10,https://data.eastmoney.com/notices/detail/605088/AN202407091637724071.html
600053,*ST九鼎,九鼎投资:九鼎投资2024年半年度业绩预减公告,业绩预告,2024-07-10,https://data.eastmoney.com/notices/detail/600053/AN202407091637724080.html
605088,冠盛股份,冠盛股份:关于职工代表监事换届选举的公告,高管人员任职变动,2024-07-10,https://data.eastmoney.com/notices/detail/605088/AN202407091637724075.html
300717,华信新材,华信新材:关于全资子公司取得专利证书的公告,获得认证,2024-07-10,https://data.eastmoney.com/notices/detail/300717/AN202407091637724094.html
601965,中国汽研,中国汽研:临2024-031中国汽研2023年年度权益分派实施公告,分配方案实施,2024-07-10,https://data.eastmoney.com/notices/detail/601965/AN202407091637723986.html
600551,时代出版,时代出版:时代出版关于2023年年度报告的信息披露监管工作函的回复公告,其他,2024-07-10,https://data.eastmoney.com/notices/detail/600551/AN202407091637723988.html
600551,时代出版,时代出版:容诚会计师事务所(特殊普通合伙)对《关于时代出版传媒股份有限公司2023年年度报告的信息披露监管工作函》的回复,会计师事务所问询函回复公告,2024-07-10,https://data.eastmoney.com/notices/detail/600551/AN202407091637723987.html
600381,*ST春天,ST春天:青海春天关于2024年半年度报告业绩预告的更正公告,半年报更正公告,2024-07-10,https://data.eastmoney.com/notices/detail/600381/AN202407091637723984.html
000816,智慧农业,智慧农业:2024年半年度业绩预告,业绩预告,2024-07-10,https://data.eastmoney.com/notices/detail/000816/AN202407091637723967.html
002069,獐子岛,獐子岛:2024年半年度业绩预告,业绩预告,2024-07-10,https://data.eastmoney.com/notices/detail/002069/AN202407091637723963.html
000757,浩物股份,浩物股份:二〇二四年半年度业绩预告,业绩预告,2024-07-10,https://data.eastmoney.com/notices/detail/000757/AN202407091637723964.html
000861,海印股份,海印股份:关于公司股票可能被终止上市的第三次风险提示公告,终止上市风险提示,2024-07-10,https://data.eastmoney.com/notices/detail/000861/AN202407091637723968.html
000903,ST云动,云内动力:2024年半年度业绩预告,业绩预告,2024-07-10,https://data.eastmoney.com/notices/detail/000903/AN202407091637723965.html
600481,双良节能,双良节能:双良节能系统股份有限公司2024年半年度业绩预告,业绩预告,2024-07-10,https://data.eastmoney.com/notices/detail/600481/AN202407091637723962.html
300214,日科化学,日科化学:2023年年度权益分派实施公告,分配方案实施,2024-07-10,https://data.eastmoney.com/notices/detail/300214/AN202407091637723966.html
600578,京能电力,京能电力:2024年上半年发电量完成情况公告,其他,2024-07-10,https://data.eastmoney.com/notices/detail/600578/AN202407091637723835.html
600649,城投控股,城投控股:上海城投控股股份有限公司2024年半年度业绩预告,业绩预告,2024-07-10,https://data.eastmoney.com/notices/detail/600649/AN202407091637723836.html
600807,济高发展,济南高新:济南高新2024年半年度业绩预告,业绩预告,2024-07-10,https://data.eastmoney.com/notices/detail/600807/AN202407091637723784.html
600470,六国化工,六国化工:六国化工2024年半年度业绩预增公告,业绩预告,2024-07-10,https://data.eastmoney.com/notices/detail/600470/AN202407091637723783.html
600499,科达制造,科达制造:科达制造股份有限公司2024年半年度业绩预告,业绩预告,2024-07-10,https://data.eastmoney.com/notices/detail/600499/AN202407091637723782.html
600715,文投控股,*ST文投:文投控股股份有限公司2024年半年度业绩预亏公告,业绩预告,2024-07-10,https://data.eastmoney.com/notices/detail/600715/AN202407091637723759.html
600272,开开实业,开开实业:关于全资子公司上海雷允上药业西区有限公司拟签订房屋征收补偿协议的公告,签订协议,2024-07-10,https://data.eastmoney.com/notices/detail/600272/AN202407091637723761.html
600272,开开实业,开开实业:关于全资子公司上海开开衬衫总厂有限公司拟对外捐赠的公告,其他,2024-07-10,https://data.eastmoney.com/notices/detail/600272/AN202407091637723760.html
600272,开开实业,开开实业:第十届董事会第十九次会议决议公告,董事会决议公告,2024-07-10,https://data.eastmoney.com/notices/detail/600272/AN202407091637723758.html
600272,开开实业,开开实业:2024年半年度业绩预增公告,业绩预告,2024-07-10,https://data.eastmoney.com/notices/detail/600272/AN202407091637723762.html
002999,天禾股份,天禾股份:2024年半年度业绩预告,业绩预告,2024-07-10,https://data.eastmoney.com/notices/detail/002999/AN202407091637723753.html
002600,领益智造,领益智造:第六届董事会第一次会议决议公告,高管人员任职变动,2024-07-10,https://data.eastmoney.com/notices/detail/002600/AN202407091637723749.html
002431,ST棕榈,棕榈股份:关于中标遂平县人民医院新区新院建设项目(二期)住院楼的公告,重大合同,2024-07-10,https://data.eastmoney.com/notices/detail/002431/AN202407091637723748.html
002916,深南电路,深南电路:2024年半年度业绩预告,业绩预告,2024-07-10,https://data.eastmoney.com/notices/detail/002916/AN202407091637723752.html
002600,领益智造,领益智造:关于董事会、监事会完成换届选举并聘任高级管理人员和证券事务代表的公告,高管人员任职变动,2024-07-10,https://data.eastmoney.com/notices/detail/002600/AN202407091637723751.html
002600,领益智造,领益智造:第六届监事会第一次会议决议公告,高管人员任职变动,2024-07-10,https://data.eastmoney.com/notices/detail/002600/AN202407091637723750.html
688103,国力电子,国力股份:昆山国力电子科技股份有限公司关于以集中竞价交易方式首次回购公司股份的公告,回购实施公告,2024-07-10,https://data.eastmoney.com/notices/detail/688103/AN202407091637723704.html
300506,名家汇,*ST名家:中天国富证券有限公司关于深圳市名家汇科技股份有限公司终止部分募集资金投资项目并将募集资金永久补充流动资金的核查意见,保荐/核查意见,2024-07-10,https://data.eastmoney.com/notices/detail/300506/AN202407091637723734.html
300506,名家汇,*ST名家:第四届监事会第二十九次会议决议公告,监事会决议公告,2024-07-10,https://data.eastmoney.com/notices/detail/300506/AN202407091637723736.html
300506,名家汇,*ST名家:关于终止部分募集资金投资项目并将募集资金永久补充流动资金的公告,募集资金补充流动资金,2024-07-10,https://data.eastmoney.com/notices/detail/300506/AN202407091637723737.html
300506,名家汇,*ST名家:第四届董事会第三十六次会议决议公告,董事会决议公告,2024-07-10,https://data.eastmoney.com/notices/detail/300506/AN202407091637723733.html
300506,名家汇,*ST名家:关于召开2024年第二次临时股东大会的通知,召开股东大会通知,2024-07-10,https://data.eastmoney.com/notices/detail/300506/AN202407091637723735.html
000504,南华生物,南华生物:2024年半年度业绩预告,业绩预告,2024-07-10,https://data.eastmoney.com/notices/detail/000504/AN202407091637723699.html
688388,嘉元科技,嘉元科技:广东嘉元科技股份有限公司关于向下修正“嘉元转债”转股价格暨转股停牌的公告,停牌公告,2024-07-10,https://data.eastmoney.com/notices/detail/688388/AN202407091637723697.html
688388,嘉元科技,嘉元科技:广东嘉元科技股份有限公司第五届董事会第二十七次会议决议公告,董事会决议公告,2024-07-10,https://data.eastmoney.com/notices/detail/688388/AN202407091637723698.html
688059,华锐精密,华锐精密:招商证券股份有限公司关于株洲华锐精密工具股份有限公司使用部分暂时闲置可转债募集资金进行现金管理的核查意见,保荐/核查意见,2024-07-10,https://data.eastmoney.com/notices/detail/688059/AN202407091637723685.html
688059,华锐精密,华锐精密:第三届董事会第四次会议决议公告,董事会决议公告,2024-07-10,https://data.eastmoney.com/notices/detail/688059/AN202407091637723686.html
688350,富淼科技,富淼科技:江苏富淼科技股份有限公司关于以集中竞价交易方式回购公司股份比例达到总股本3%暨回购进展公告,回购进展情况,2024-07-10,https://data.eastmoney.com/notices/detail/688350/AN202407091637723682.html
688059,华锐精密,华锐精密:第三届监事会第二次会议决议公告,监事会决议公告,2024-07-10,https://data.eastmoney.com/notices/detail/688059/AN202407091637723684.html
688059,华锐精密,华锐精密:关于使用部分暂时闲置可转债募集资金进行现金管理的公告,投资理财,2024-07-10,https://data.eastmoney.com/notices/detail/688059/AN202407091637723683.html
300790,宇瞳光学,宇瞳光学:关于宇瞳转债恢复转股的提示性公告,其他,2024-07-10,https://data.eastmoney.com/notices/detail/300790/AN202407091637723652.html
002984,森麒麟,森麒麟:2024年半年度业绩预告,业绩预告,2024-07-10,https://data.eastmoney.com/notices/detail/002984/AN202407091637723655.html
002908,德生科技,德生科技:2024年半年度业绩预告,业绩预告,2024-07-10,https://data.eastmoney.com/notices/detail/002908/AN202407091637723659.html
002856,*ST美芝,美芝股份:美芝股份2024年半年度业绩预告,业绩预告,2024-07-10,https://data.eastmoney.com/notices/detail/002856/AN202407091637723662.html
002637,赞宇科技,赞宇科技:2024年半年度业绩预告,业绩预告,2024-07-10,https://data.eastmoney.com/notices/detail/002637/AN202407091637723664.html
002631,德尔未来,德尔未来:2024年半年度业绩预告,业绩预告,2024-07-10,https://data.eastmoney.com/notices/detail/002631/AN202407091637723654.html
002624,完美世界,完美世界:2024年半年度业绩预告,业绩预告,2024-07-10,https://data.eastmoney.com/notices/detail/002624/AN202407091637723660.html
002420,毅昌科技,毅昌科技:2024年半年度业绩预告,业绩预告,2024-07-10,https://data.eastmoney.com/notices/detail/002420/AN202407091637723648.html
002356,鹏飞绿能,赫美集团:2024年半年度业绩预告,业绩预告,2024-07-10,https://data.eastmoney.com/notices/detail/002356/AN202407091637723658.html
002336,人乐退,*ST人乐:2024年半年度业绩预告,业绩预告,2024-07-10,https://data.eastmoney.com/notices/detail/002336/AN202407091637723650.html
002214,大立科技,大立科技:浙江大立科技股份有限公司2024年半年度业绩预告,业绩预告,2024-07-10,https://data.eastmoney.com/notices/detail/002214/AN202407091637723661.html
002059,云南旅游,云南旅游:云南旅游2024年半年度业绩预告,业绩预告,2024-07-10,https://data.eastmoney.com/notices/detail/002059/AN202407091637723653.html
002052,同洲电子,*ST同洲:2024年半年度业绩预告,业绩预告,2024-07-10,https://data.eastmoney.com/notices/detail/002052/AN202407091637723647.html
001979,招商蛇口,招商蛇口:2024年6月销售及近期购得土地使用权情况简报,月度经营情况,2024-07-10,https://data.eastmoney.com/notices/detail/001979/AN202407091637723649.html
000825,太钢不锈,太钢不锈:2024年半年度业绩预告,业绩预告,2024-07-10,https://data.eastmoney.com/notices/detail/000825/AN202407091637723643.html
000626,远大控股,远大控股:2024年半年度业绩预告,业绩预告,2024-07-10,https://data.eastmoney.com/notices/detail/000626/AN202407091637723645.html
000159,国际实业,国际实业:关于江苏中大杆塔科技发展有限公司业绩承诺补偿实施完成的公告,其他,2024-07-10,https://data.eastmoney.com/notices/detail/000159/AN202407091637723644.html
000056,*ST皇庭,皇庭国际:2024年半年度业绩预告,业绩预告,2024-07-10,https://data.eastmoney.com/notices/detail/000056/AN202407091637723656.html
600876,凯盛新能,凯盛新能:凯盛新能2024年半年度业绩预告,业绩预告,2024-07-10,https://data.eastmoney.com/notices/detail/600876/AN202407091637723562.html
300736,百邦科技,百邦科技:关于公司2022年限制性股票激励计划首次授予部分第一个归属期第二批次归属结果暨股份上市的公告,限售股份上市流通,2024-07-10,https://data.eastmoney.com/notices/detail/300736/AN202407091637723629.html
300462,ST华铭,华铭智能:关于“华铭定02”2024年付息的公告,其他,2024-07-10,https://data.eastmoney.com/notices/detail/300462/AN202407091637723623.html
300262,*ST巴安,*ST巴安:关于收到执行通知书的公告,其他,2024-07-10,https://data.eastmoney.com/notices/detail/300262/AN202407091637723628.html
300153,科泰电源,科泰电源:第六届监事会第四次会议决议公告,监事会决议公告,2024-07-10,https://data.eastmoney.com/notices/detail/300153/AN202407091637723622.html
300153,科泰电源,科泰电源:关于为全资子公司提供担保的公告,提供/对外担保公告,2024-07-10,https://data.eastmoney.com/notices/detail/300153/AN202407091637723621.html
300153,科泰电源,科泰电源:第六届董事会第四次会议决议公告,董事会决议公告,2024-07-10,https://data.eastmoney.com/notices/detail/300153/AN202407091637723620.html
002912,中新赛克,中新赛克:2024年半年度业绩预告,业绩预告,2024-07-10,https://data.eastmoney.com/notices/detail/002912/AN202407091637723606.html
002905,金逸影视,金逸影视:2024年半年度业绩预告,业绩预告,2024-07-10,https://data.eastmoney.com/notices/detail/002905/AN202407091637723615.html
002865,钧达股份,钧达股份:2024年半年度业绩预告,业绩预告,2024-07-10,https://data.eastmoney.com/notices/detail/002865/AN202407091637723614.html
002813,路畅科技,路畅科技:2024年半年度业绩预告,业绩预告,2024-07-10,https://data.eastmoney.com/notices/detail/002813/AN202407091637723616.html
002771,真视通,真视通:2024年半年度业绩预告,业绩预告,2024-07-10,https://data.eastmoney.com/notices/detail/002771/AN202407091637723612.html
002712,思美传媒,思美传媒:思美传媒股份有限公司2024年半年度业绩预告,业绩预告,2024-07-10,https://data.eastmoney.com/notices/detail/002712/AN202407091637723619.html
002672,东江环保,东江环保:2024年半年度业绩预告,业绩预告,2024-07-10,https://data.eastmoney.com/notices/detail/002672/AN202407091637723608.html
002413,雷科防务,雷科防务:2024年半年度业绩预告,业绩预告,2024-07-10,https://data.eastmoney.com/notices/detail/002413/AN202407091637723617.html
002329,皇氏集团,皇氏集团:2024年半年度业绩预告,业绩预告,2024-07-10,https://data.eastmoney.com/notices/detail/002329/AN202407091637723610.html
002190,成飞集成,成飞集成:2024年半年度业绩预告,业绩预告,2024-07-10,https://data.eastmoney.com/notices/detail/002190/AN202407091637723607.html
002184,海得控制,海得控制:2024年半年度业绩预告,业绩预告,2024-07-10,https://data.eastmoney.com/notices/detail/002184/AN202407091637723613.html
000788,北大医药,北大医药:2023年年度权益分派实施公告,分配方案实施,2024-07-10,https://data.eastmoney.com/notices/detail/000788/AN202407091637723605.html
000607,华媒控股,华媒控股:2024年半年度业绩预告,业绩预告,2024-07-10,https://data.eastmoney.com/notices/detail/000607/AN202407091637723618.html
000599,青岛双星,青岛双星:2024年半年度业绩预告,业绩预告,2024-07-10,https://data.eastmoney.com/notices/detail/000599/AN202407091637723611.html
000008,神州高铁,神州高铁:2024年半年度业绩预告,业绩预告,2024-07-10,https://data.eastmoney.com/notices/detail/000008/AN202407091637723609.html
600365,ST通葡,ST通葡:通化葡萄酒股份有限公司2024年半年度业绩预告,业绩预告,2024-07-10,https://data.eastmoney.com/notices/detail/600365/AN202407091637723581.html
603825,ST华扬,华扬联众:华扬联众数字技术股份有限公司2024年半年度业绩预告,业绩预告,2024-07-10,https://data.eastmoney.com/notices/detail/603825/AN202407091637723568.html
603818,曲美家居,曲美家居:2024年半年度业绩预告,业绩预告,2024-07-10,https://data.eastmoney.com/notices/detail/603818/AN202407091637723561.html
000635,英力特,英力特:2024年半年度业绩预告,业绩预告,2024-07-10,https://data.eastmoney.com/notices/detail/000635/AN202407091637723574.html
603126,中材节能,中材节能:中材节能股份有限公司2024年半年度业绩预告,业绩预告,2024-07-10,https://data.eastmoney.com/notices/detail/603126/AN202407091637723537.html
603599,广信股份,广信股份:2024年半年度业绩预减公告,业绩预告,2024-07-10,https://data.eastmoney.com/notices/detail/603599/AN202407091637723522.html
603990,麦迪科技,麦迪科技:麦迪科技2024年半年度业绩预告,业绩预告,2024-07-10,https://data.eastmoney.com/notices/detail/603990/AN202407091637723521.html
600507,方大特钢,方大特钢:方大特钢关于2024年第一次以集中竞价交易方式回购股份的回购报告书,回购报告书,2024-07-10,https://data.eastmoney.com/notices/detail/600507/AN202407091637723520.html
600490,鹏欣资源,鹏欣资源:2024年半年度业绩预告,业绩预告,2024-07-10,https://data.eastmoney.com/notices/detail/600490/AN202407091637723519.html
688173,希荻微,希荻微:立信会计师事务所(特殊普通合伙)对《关于希荻微电子集团股份有限公司2023年年度报告的信息披露监管问询函》的回复,会计师事务所问询函回复公告,2024-07-10,https://data.eastmoney.com/notices/detail/688173/AN202407091637723493.html
688173,希荻微,希荻微:希荻微电子集团股份有限公司2023年年度报告(更新版),年度报告全文,2024-07-10,https://data.eastmoney.com/notices/detail/688173/AN202407091637723490.html
688173,希荻微,希荻微:民生证券股份有限公司关于希荻微电子集团股份有限公司2023年年度报告的信息披露监管问询函回复的核查意见,回复问询函公告,2024-07-10,https://data.eastmoney.com/notices/detail/688173/AN202407091637723498.html
688173,希荻微,希荻微:希荻微电子集团股份有限公司关于2023年年度报告的信息披露监管问询函的回复公告,回复问询函公告,2024-07-10,https://data.eastmoney.com/notices/detail/688173/AN202407091637723495.html
688141,杰华特,杰华特:2023年年度报告(修订版),年度报告全文,2024-07-10,https://data.eastmoney.com/notices/detail/688141/AN202407091637723496.html
688141,杰华特,杰华特:中信证券股份有限公司关于杰华特微电子股份有限公司2023年年度报告的信息披露监管问询函回复的核查意见,回复问询函公告,2024-07-10,https://data.eastmoney.com/notices/detail/688141/AN202407091637723497.html
688173,希荻微,希荻微:希荻微电子集团股份有限公司关于定期报告的更正公告,年度报告更正公告,2024-07-10,https://data.eastmoney.com/notices/detail/688173/AN202407091637723494.html
688141,杰华特,杰华特:天健会计师事务所(特殊普通合伙)对《关于杰华特微电子股份有限公司2023年年度报告的信息披露监管问询函》的回复,会计师事务所问询函回复公告,2024-07-10,https://data.eastmoney.com/notices/detail/688141/AN202407091637723491.html
688141,杰华特,杰华特:关于2023年年度报告的信息披露监管问询函的回复公告,回复问询函公告,2024-07-10,https://data.eastmoney.com/notices/detail/688141/AN202407091637723499.html
688173,希荻微,希荻微:广东希荻微电子股份有限公司2022年年度报告(更正版),年度报告全文,2024-07-10,https://data.eastmoney.com/notices/detail/688173/AN202407091637723492.html
688173,希荻微,希荻微:中国国际金融股份有限公司关于希荻微电子集团股份有限公司2023年年度报告的信息披露监管问询函回复的核查意见,保荐/核查意见,2024-07-10,https://data.eastmoney.com/notices/detail/688173/AN202407091637723488.html
688173,希荻微,希荻微:希荻微电子集团股份有限公司2024年第一季度报告(更新版),一季度报告全文,2024-07-10,https://data.eastmoney.com/notices/detail/688173/AN202407091637723489.html
600196,复星医药,复星医药:复星医药第九届董事会第五十四次会议(临时会议)决议公告,董事会决议公告,2024-07-10,https://data.eastmoney.com/notices/detail/600196/AN202407091637723368.html
600196,复星医药,复星医药:复星医药第九届监事会2024年第六次会议(临时会议)决议公告,监事会决议公告,2024-07-10,https://data.eastmoney.com/notices/detail/600196/AN202407091637723372.html
600196,复星医药,复星医药:复星医药关于归还前次用于暂时补充流动资金的募集资金的公告,归还募集资金,2024-07-10,https://data.eastmoney.com/notices/detail/600196/AN202407091637723371.html
600196,复星医药,复星医药:中国国际金融股份有限公司关于上海复星医药(集团)股份有限公司使用部分闲置募集资金暂时补充流动资金的核查意见,保荐/核查意见,2024-07-10,https://data.eastmoney.com/notices/detail/600196/AN202407091637723370.html
301115,联检科技,建科股份:2023年年度权益分派实施公告,分配方案实施,2024-07-10,https://data.eastmoney.com/notices/detail/301115/AN202407091637723439.html
002192,融捷股份,融捷股份:2024年半年度业绩预告,业绩预告,2024-07-10,https://data.eastmoney.com/notices/detail/002192/AN202407091637723437.html
002163,海南发展,海南发展:2024年第二季度装修装饰业务主要经营情况简报,月度经营情况,2024-07-10,https://data.eastmoney.com/notices/detail/002163/AN202407091637723435.html
002163,海南发展,海南发展:2024年半年度业绩预告,业绩预告,2024-07-10,https://data.eastmoney.com/notices/detail/002163/AN202407091637723436.html
002157,正邦科技,正邦科技:关于2024年6月份生猪销售情况简报的公告,月度经营情况,2024-07-10,https://data.eastmoney.com/notices/detail/002157/AN202407091637723434.html
000829,天音控股,天音控股:2024年半年度业绩预告,业绩预告,2024-07-10,https://data.eastmoney.com/notices/detail/000829/AN202407091637723433.html
000421,南京公用,南京公用:2024年半年度业绩预告,业绩预告,2024-07-10,https://data.eastmoney.com/notices/detail/000421/AN202407091637723432.html
603000,人民网,人民网:人民网股份有限公司2024年半年度业绩预告,业绩预告,2024-07-10,https://data.eastmoney.com/notices/detail/603000/AN202407091637723427.html
600196,复星医药,复星医药:复星医药关于使用部分闲置募集资金暂时补充流动资金的公告,募集资金补充流动资金,2024-07-10,https://data.eastmoney.com/notices/detail/600196/AN202407091637723373.html
603458,勘设股份,勘设股份:勘设股份关于以集中竞价交易方式回购股份的预案,回购预案,2024-07-10,https://data.eastmoney.com/notices/detail/603458/AN202407091637723380.html
603458,勘设股份,勘设股份:勘设股份第五届监事会第十四次会议决议公告,监事会决议公告,2024-07-10,https://data.eastmoney.com/notices/detail/603458/AN202407091637723379.html
603458,勘设股份,勘设股份:勘设股份关于获悉公司独立董事被指定居所监视居住的公告,其他,2024-07-10,https://data.eastmoney.com/notices/detail/603458/AN202407091637723385.html
601665,齐鲁银行,齐鲁银行:齐鲁银行股份有限公司关于股东股份解除质押及再质押的公告,股份质押、冻结,2024-07-10,https://data.eastmoney.com/notices/detail/601665/AN202407091637723378.html
603458,勘设股份,勘设股份:勘设股份第五届董事会第十八次会议决议公告,董事会决议公告,2024-07-10,https://data.eastmoney.com/notices/detail/603458/AN202407091637723382.html
603458,勘设股份,勘设股份:勘设股份2024年半年度业绩预亏公告,业绩预告,2024-07-10,https://data.eastmoney.com/notices/detail/603458/AN202407091637723384.html
601665,齐鲁银行,齐鲁银行:齐鲁银行股份有限公司关于持股5%以上股东减持股份计划公告,股东/实际控制人股份减持,2024-07-10,https://data.eastmoney.com/notices/detail/601665/AN202407091637723381.html
603458,勘设股份,勘设股份:勘设股份关于召开2024年第二次临时股东大会的通知,召开股东大会通知,2024-07-10,https://data.eastmoney.com/notices/detail/603458/AN202407091637723383.html
601106,中国一重,中国一重:公告2024-022(中国第一重型机械股份公司2024年半年度业绩预亏公告),业绩预告,2024-07-10,https://data.eastmoney.com/notices/detail/601106/AN202407091637723369.html
300243,瑞丰高材,瑞丰高材:关于瑞丰转债恢复转股的提示性公告,其他,2024-07-10,https://data.eastmoney.com/notices/detail/300243/AN202407091637723416.html
002617,露笑科技,露笑科技:2024年半年度业绩预告,业绩预告,2024-07-10,https://data.eastmoney.com/notices/detail/002617/AN202407091637723415.html
002428,云南锗业,云南锗业:2024年半年度业绩预告,业绩预告,2024-07-10,https://data.eastmoney.com/notices/detail/002428/AN202407091637723413.html
000829,天音控股,天音控股:2024年第二次独立董事专门会议的审核意见,专项说明/独立意见,2024-07-10,https://data.eastmoney.com/notices/detail/000829/AN202407091637723402.html
000829,天音控股,天音控股:2023年度向特定对象发行A股股票的论证分析报告(修订稿),其他,2024-07-10,https://data.eastmoney.com/notices/detail/000829/AN202407091637723405.html
000829,天音控股,天音控股:2023年度向特定对象发行A股股票预案(修订稿),增发方案修订,2024-07-10,https://data.eastmoney.com/notices/detail/000829/AN202407091637723403.html
000829,天音控股,天音控股:2023年度向特定对象发行A股股票募集资金使用可行性分析报告(修订稿),其他,2024-07-10,https://data.eastmoney.com/notices/detail/000829/AN202407091637723400.html
000829,天音控股,天音控股:监事会关于调整公司2023年度向特定对象发行A股股票相关事项的书面审核意见,专项说明/独立意见,2024-07-10,https://data.eastmoney.com/notices/detail/000829/AN202407091637723404.html
000829,天音控股,天音控股:2024-034关于2023年度向特定对象发行股票预案及相关文件修订情况说明的公告,其他,2024-07-10,https://data.eastmoney.com/notices/detail/000829/AN202407091637723410.html
000829,天音控股,天音控股:第九届监事会第十九次会议决议公告,监事会决议公告,2024-07-10,https://data.eastmoney.com/notices/detail/000829/AN202407091637723412.html
000829,天音控股,天音控股:关于公司2023年度向特定对象发行A股股票预案(修订稿)披露的提示性公告,增发提示性公告,2024-07-10,https://data.eastmoney.com/notices/detail/000829/AN202407091637723407.html
000829,天音控股,天音控股:关于2023年度向特定对象发行A股股票摊薄即期回报、填补措施及相关主体承诺(修订稿)的公告,其他,2024-07-10,https://data.eastmoney.com/notices/detail/000829/AN202407091637723408.html
000829,天音控股,天音控股:第九届董事会第二十六次会议决议公告,增发方案修订,2024-07-10,https://data.eastmoney.com/notices/detail/000829/AN202407091637723401.html
688168,安博通,安博通:2023年年度权益分派实施公告,分配方案实施,2024-07-10,https://data.eastmoney.com/notices/detail/688168/AN202407091637723367.html
002229,鸿博股份,鸿博股份:2024年半年度业绩预告,业绩预告,2024-07-10,https://data.eastmoney.com/notices/detail/002229/AN202407091637723296.html
002323,*ST雅博,雅博股份:2024年半年度业绩预告,业绩预告,2024-07-10,https://data.eastmoney.com/notices/detail/002323/AN202407091637723300.html
002028,思源电气,思源电气:独立董事关于调整2023年股票期权激励计划期权行权价格的独立意见,专项说明/独立意见,2024-07-10,https://data.eastmoney.com/notices/detail/002028/AN202407091637723309.html
000802,北京文化,北京文化:2024年半年度业绩预告,业绩预告,2024-07-10,https://data.eastmoney.com/notices/detail/000802/AN202407091637723294.html
000983,山西焦煤,山西焦煤:山西焦煤能源集团股份有限公司2024年半年度业绩预告,业绩预告,2024-07-10,https://data.eastmoney.com/notices/detail/000983/AN202407091637723311.html
002028,思源电气,思源电气:第八届董事会第十一次会议决议公告,董事会决议公告,2024-07-10,https://data.eastmoney.com/notices/detail/002028/AN202407091637723307.html
301333,诺思格,诺思格:关于首次回购股份的公告,回购实施公告,2024-07-10,https://data.eastmoney.com/notices/detail/301333/AN202407091637723310.html
002727,一心堂,一心堂:2024年半年度业绩预告,业绩预告,2024-07-10,https://data.eastmoney.com/notices/detail/002727/AN202407091637723298.html
002792,通宇通讯,通宇通讯:关于公司独立董事辞职的公告,高管人员任职变动,2024-07-10,https://data.eastmoney.com/notices/detail/002792/AN202407091637723291.html
002028,思源电气,思源电气:关于调整2023年股票期权激励计划期权行权价格的公告,股权激励行权价（数量）调整,2024-07-10,https://data.eastmoney.com/notices/detail/002028/AN202407091637723306.html
002028,思源电气,思源电气:第八届监事会第八次会议决议公告,监事会决议公告,2024-07-10,https://data.eastmoney.com/notices/detail/002028/AN202407091637723305.html
002682,龙洲股份,龙洲股份:2024年半年度业绩预告,业绩预告,2024-07-10,https://data.eastmoney.com/notices/detail/002682/AN202407091637723293.html
002474,榕基软件,榕基软件:2024年半年度业绩预告,业绩预告,2024-07-10,https://data.eastmoney.com/notices/detail/002474/AN202407091637723289.html
002055,ST得润,得润电子:2024年半年度业绩预告,业绩预告,2024-07-10,https://data.eastmoney.com/notices/detail/002055/AN202407091637723290.html
000536,华映科技,华映科技:2024年半年度业绩预告,业绩预告,2024-07-10,https://data.eastmoney.com/notices/detail/000536/AN202407091637723301.html
002028,思源电气,思源电气:北京大成(上海)律师事务所关于公司2023年股票期权激励计划调整行权价格的法律意见书,法律意见书,2024-07-10,https://data.eastmoney.com/notices/detail/002028/AN202407091637723308.html
002659,凯文教育,凯文教育:2024年半年度业绩预告,业绩预告,2024-07-10,https://data.eastmoney.com/notices/detail/002659/AN202407091637723295.html
002629,仁智股份,仁智股份:2024年半年度业绩预告,业绩预告,2024-07-10,https://data.eastmoney.com/notices/detail/002629/AN202407091637723297.html
000586,汇源通信,汇源通信:四川汇源光通信股份有限公司2024年半年度业绩预告,业绩预告,2024-07-10,https://data.eastmoney.com/notices/detail/000586/AN202407091637723304.html
301099,雅创电子,雅创电子:关于雅创转债恢复转股的提示性公告,其他,2024-07-10,https://data.eastmoney.com/notices/detail/301099/AN202407091637723303.html
002021,中捷资源,中捷资源:关于公司重整事项的后续进展公告,重组进展公告,2024-07-10,https://data.eastmoney.com/notices/detail/002021/AN202407091637723312.html
002194,武汉凡谷,武汉凡谷:2024年半年度业绩预告,业绩预告,2024-07-10,https://data.eastmoney.com/notices/detail/002194/AN202407091637723299.html
000518,四环生物,四环生物:江苏四环生物股份有限公司2024年半年度业绩预告,业绩预告,2024-07-10,https://data.eastmoney.com/notices/detail/000518/AN202407091637723302.html
000970,中科三环,中科三环:中科三环2024年半年度业绩预告,业绩预告,2024-07-10,https://data.eastmoney.com/notices/detail/000970/AN202407091637723261.html
000931,中关村,中关村:2024年半年度业绩预告,业绩预告,2024-07-10,https://data.eastmoney.com/notices/detail/000931/AN202407091637723260.html
002178,延华智能,延华智能:2024年半年度业绩预告,业绩预告,2024-07-10,https://data.eastmoney.com/notices/detail/002178/AN202407091637723258.html
002761,浙江建投,浙江建投:浙江省建设投资集团股份有限公司2024年半年度业绩预告,业绩预告,2024-07-10,https://data.eastmoney.com/notices/detail/002761/AN202407091637723259.html
600196,复星医药,复星医药:复星医药H股公告-翌日披露报表,其他,2024-07-10,https://data.eastmoney.com/notices/detail/600196/AN202407091637723178.html
002198,ST嘉应,嘉应制药:关于持股5%以上股东协议转让公司股份暨权益变动的提示性公告,权益变动报告书,2024-07-10,https://data.eastmoney.com/notices/detail/002198/AN202407091637723198.html
000752,*ST西发,*ST西发:关于(2023)藏01民初41号案件的进展公告,其他,2024-07-10,https://data.eastmoney.com/notices/detail/000752/AN202407091637723192.html
002174,游族网络,游族网络:关于游族转债回售的提示性公告,其他,2024-07-10,https://data.eastmoney.com/notices/detail/002174/AN202407091637723197.html
002425,凯撒文化,凯撒文化:2024年半年度业绩预告,业绩预告,2024-07-10,https://data.eastmoney.com/notices/detail/002425/AN202407091637723195.html
000881,中广核技,中广核技:2024年半年度业绩预告,业绩预告,2024-07-10,https://data.eastmoney.com/notices/detail/000881/AN202407091637723186.html
300639,凯普生物,凯普生物:广东信达律师事务所关于公司2021年股票期权激励计划相关事项的法律意见书,法律意见书,2024-07-10,https://data.eastmoney.com/notices/detail/300639/AN202407091637723190.html
600323,瀚蓝环境,瀚蓝环境:2024年半年度业绩预增公告,业绩预告,2024-07-10,https://data.eastmoney.com/notices/detail/600323/AN202407091637723175.html
600121,郑州煤电,郑州煤电:郑州煤电股份有限公司关于全资子公司收到登封市自然资源和规划局行政处罚决定书的公告,其他,2024-07-10,https://data.eastmoney.com/notices/detail/600121/AN202407091637723177.html
603119,浙江荣泰,浙江荣泰:浙江荣泰电工器材股份有限公司2024年半年度业绩预告,业绩预告,2024-07-10,https://data.eastmoney.com/notices/detail/603119/AN202407091637723173.html
600121,郑州煤电,郑州煤电:郑州煤电股份有限公司2024年半年度业绩预减公告,业绩预告,2024-07-10,https://data.eastmoney.com/notices/detail/600121/AN202407091637723176.html
600121,郑州煤电,郑州煤电:郑州煤电股份有限公司2024年第二季度主要生产经营数据公告,月度经营情况,2024-07-10,https://data.eastmoney.com/notices/detail/600121/AN202407091637723174.html
603195,公牛集团,公牛集团:公牛集团股份有限公司关于2021年限制性股票激励计划第三个解除限售期解除限售暨上市的公告,限售股份上市流通,2024-07-10,https://data.eastmoney.com/notices/detail/603195/AN202407091637723165.html
300639,凯普生物,凯普生物:第五届监事会第十五次会议决议公告,监事会决议公告,2024-07-10,https://data.eastmoney.com/notices/detail/300639/AN202407091637723189.html
300639,凯普生物,凯普生物:关于注销部分股票期权的公告,股权激励进展公告,2024-07-10,https://data.eastmoney.com/notices/detail/300639/AN202407091637723188.html
300639,凯普生物,凯普生物:第五届董事会第二十次会议决议公告,董事会决议公告,2024-07-10,https://data.eastmoney.com/notices/detail/300639/AN202407091637723187.html
002910,庄园牧场,庄园牧场:兰州庄园牧场股份有限公司2024年半年度业绩预告,业绩预告,2024-07-10,https://data.eastmoney.com/notices/detail/002910/AN202407091637723191.html
002198,ST嘉应,嘉应制药:广东嘉应制药股份有限公司简式权益变动报告书(陈少彬),权益变动报告书,2024-07-10,https://data.eastmoney.com/notices/detail/002198/AN202407091637723200.html
002198,ST嘉应,嘉应制药:广东嘉应制药股份有限公司简式权益变动报告书(养天和),权益变动报告书,2024-07-10,https://data.eastmoney.com/notices/detail/002198/AN202407091637723199.html
002174,游族网络,游族网络:关于公司第一大股东部分股份质押的公告,股份质押、冻结,2024-07-10,https://data.eastmoney.com/notices/detail/002174/AN202407091637723196.html
000752,*ST西发,*ST西发:关于资金占用事项的进展公告,资金占用,2024-07-10,https://data.eastmoney.com/notices/detail/000752/AN202407091637723193.html
000752,*ST西发,*ST西发:关于会计差错更正的进展公告,会计差错更正公告,2024-07-10,https://data.eastmoney.com/notices/detail/000752/AN202407091637723194.html
603316,诚邦股份,诚邦股份:诚邦生态环境股份有限公司2024年半年度业绩预告,业绩预告,2024-07-10,https://data.eastmoney.com/notices/detail/603316/AN202407091637723152.html
002369,卓翼科技,卓翼科技:2024年半年度业绩预告,业绩预告,2024-07-10,https://data.eastmoney.com/notices/detail/002369/AN202407091637723123.html
002254,泰和新材,泰和新材:2024年半年度业绩预告,业绩预告,2024-07-10,https://data.eastmoney.com/notices/detail/002254/AN202407091637723122.html
002022,科华生物,科华生物:2024年半年度业绩预告,业绩预告,2024-07-10,https://data.eastmoney.com/notices/detail/002022/AN202407091637723121.html
000901,航天科技,航天科技:2024年半年度业绩预告,业绩预告,2024-07-10,https://data.eastmoney.com/notices/detail/000901/AN202407091637723120.html
002110,三钢闽光,三钢闽光:2024年半年度业绩预告,业绩预告,2024-07-10,https://data.eastmoney.com/notices/detail/002110/AN202407091637723119.html
002095,生意宝,生意宝:2024年半年度业绩预告,业绩预告,2024-07-10,https://data.eastmoney.com/notices/detail/002095/AN202407091637723118.html
000723,美锦能源,美锦能源:2024年半年度业绩预告,业绩预告,2024-07-10,https://data.eastmoney.com/notices/detail/000723/AN202407091637723117.html
000158,常山北明,常山北明:2024年半年度业绩预告,业绩预告,2024-07-10,https://data.eastmoney.com/notices/detail/000158/AN202407091637723116.html
000792,盐湖股份,盐湖股份:2024年半年度业绩预告,业绩预告,2024-07-10,https://data.eastmoney.com/notices/detail/000792/AN202407091637723115.html
002694,*ST顾地,顾地科技:2024年半年度业绩预告,业绩预告,2024-07-10,https://data.eastmoney.com/notices/detail/002694/AN202407091637723114.html
002573,清新环境,清新环境:2024年半年度业绩预告,业绩预告,2024-07-10,https://data.eastmoney.com/notices/detail/002573/AN202407091637723113.html
688049,炬芯科技,炬芯科技:关于向激励对象首次授予2024年限制性股票的公告,股权激励进展公告,2024-07-10,https://data.eastmoney.com/notices/detail/688049/AN202407091637722846.html
688049,炬芯科技,炬芯科技:第二届董事会第十二次会议决议公告,董事会决议公告,2024-07-10,https://data.eastmoney.com/notices/detail/688049/AN202407091637722842.html
688049,炬芯科技,炬芯科技:炬芯科技股份有限公司监事会关于公司2024年限制性股票激励计划首次授予激励对象名单的核查意见(截至授予日),股权激励进展公告,2024-07-10,https://data.eastmoney.com/notices/detail/688049/AN202407091637722844.html
688049,炬芯科技,炬芯科技:关于炬芯科技股份有限公司2024年限制性股票激励计划首次授予相关事项的法律意见书,法律意见书,2024-07-10,https://data.eastmoney.com/notices/detail/688049/AN202407091637722847.html
688049,炬芯科技,炬芯科技:炬芯科技股份有限公司2024年限制性股票激励计划首次授予激励对象名单(截至授予日),股权激励对象名单,2024-07-10,https://data.eastmoney.com/notices/detail/688049/AN202407091637722845.html
688049,炬芯科技,炬芯科技:第二届监事会第十次会议决议公告,监事会决议公告,2024-07-10,https://data.eastmoney.com/notices/detail/688049/AN202407091637722843.html
600773,西藏城投,西藏城投:西藏城市发展投资股份有限公司2024年半年度业绩预告,业绩预告,2024-07-10,https://data.eastmoney.com/notices/detail/600773/AN202407091637722837.html
002057,中钢天源,中钢天源:关于中钢天源股份有限公司首期限制性股票激励计划回购注销部分限制性股票及首次授予部分第一个解除限售期解除限售的法律意见书,法律意见书,2024-07-10,https://data.eastmoney.com/notices/detail/002057/AN202407091637723072.html
002057,中钢天源,中钢天源:中信建投证券股份有限公司关于中钢天源股份有限公司使用部分闲置募集资金暂时补充流动资金的核查意见,保荐/核查意见,2024-07-10,https://data.eastmoney.com/notices/detail/002057/AN202407091637723075.html
002057,中钢天源,中钢天源:第七届监事会第二十二次(临时)会议决议公告,监事会决议公告,2024-07-10,https://data.eastmoney.com/notices/detail/002057/AN202407091637723080.html
002057,中钢天源,中钢天源:第七届董事会第二十七次(临时)会议决议公告,董事会决议公告,2024-07-10,https://data.eastmoney.com/notices/detail/002057/AN202407091637723077.html
002057,中钢天源,中钢天源:关于回购注销部分限制性股票的公告,回购进展情况,2024-07-10,https://data.eastmoney.com/notices/detail/002057/AN202407091637723076.html
002057,中钢天源,中钢天源:关于首期限制性股票激励计划第一个解除限售期解除限售条件成就的公告,限售股份上市流通,2024-07-10,https://data.eastmoney.com/notices/detail/002057/AN202407091637723074.html
002057,中钢天源,中钢天源:关于使用部分闲置募集资金暂时补充流动资金提前归还的公告,募集资金补充流动资金,2024-07-10,https://data.eastmoney.com/notices/detail/002057/AN202407091637723079.html
002057,中钢天源,中钢天源:关于回购注销部分限制性股票减少注册资本暨通知债权人的公告,公司注册资本变更,2024-07-10,https://data.eastmoney.com/notices/detail/002057/AN202407091637723078.html
002057,中钢天源,中钢天源:关于吸收合并全资子公司的公告,吸收合并报告书,2024-07-10,https://data.eastmoney.com/notices/detail/002057/AN202407091637723071.html
002057,中钢天源,中钢天源:关于使用部分闲置募集资金暂时补充流动资金的公告,募集资金补充流动资金,2024-07-10,https://data.eastmoney.com/notices/detail/002057/AN202407091637723073.html
002215,诺普信,诺普信:国浩律师(深圳)事务所关于深圳诺普信作物科学股份有限公司2024年第二次临时股东大会的法律意见书,法律意见书,2024-07-10,https://data.eastmoney.com/notices/detail/002215/AN202407091637723084.html
002215,诺普信,诺普信:关于公司董事会、监事会完成换届选举的公告,高管人员任职变动,2024-07-10,https://data.eastmoney.com/notices/detail/002215/AN202407091637723086.html
002215,诺普信,诺普信:2024年第二次临时股东大会决议公告,股东大会决议公告,2024-07-10,https://data.eastmoney.com/notices/detail/002215/AN202407091637723082.html
002215,诺普信,诺普信:第七届监事会第一次会议(临时)决议公告,高管人员任职变动,2024-07-10,https://data.eastmoney.com/notices/detail/002215/AN202407091637723083.html
002215,诺普信,诺普信:第七届董事会第一次会议(临时)决议公告,高管人员任职变动,2024-07-10,https://data.eastmoney.com/notices/detail/002215/AN202407091637723081.html
002215,诺普信,诺普信:关于回购注销限制性股票暨减少注册资本的债权人通知公告,公司注册资本变更,2024-07-10,https://data.eastmoney.com/notices/detail/002215/AN202407091637723085.html
000886,海南高速,海南高速:2024-035:关于增补董事的公告,高管人员任职变动,2024-07-10,https://data.eastmoney.com/notices/detail/000886/AN202407091637723070.html
000886,海南高速,海南高速:关于全资子公司对其下属子公司以股东借款转增资本公积的公告,其他,2024-07-10,https://data.eastmoney.com/notices/detail/000886/AN202407091637723067.html
000886,海南高速,海南高速:关于向银行申请贷款额度的公告,借贷,2024-07-10,https://data.eastmoney.com/notices/detail/000886/AN202407091637723069.html
000886,海南高速,海南高速:2024年第五次临时董事会会议决议公告,高管人员任职变动,2024-07-10,https://data.eastmoney.com/notices/detail/000886/AN202407091637723066.html
000886,海南高速,海南高速:关于召开2024年第二次临时股东大会的通知,召开股东大会通知,2024-07-10,https://data.eastmoney.com/notices/detail/000886/AN202407091637723068.html
000410,沈阳机床,沈阳机床:沈阳机床股份有限公司2024年半年度业绩预告,业绩预告,2024-07-10,https://data.eastmoney.com/notices/detail/000410/AN202407091637722822.html
688608,恒玄科技,恒玄科技:中信证券股份有限公司关于恒玄科技(上海)股份有限公司股东向特定机构投资者询价转让股份的核查报告,询价转让核查报告/意见,2024-07-10,https://data.eastmoney.com/notices/detail/688608/AN202407091637722796.html
688608,恒玄科技,恒玄科技:恒玄科技(上海)股份有限公司股东询价转让结果报告书暨持股5%以上股东减持股份比例达到1%的提示性公告,股东/实际控制人股份减持,2024-07-10,https://data.eastmoney.com/notices/detail/688608/AN202407091637722797.html
600810,神马股份,神马股份:神马股份关于“神马转债”可选择回售的第二次提示性公告,其他,2024-07-10,https://data.eastmoney.com/notices/detail/600810/AN202407091637722795.html
603212,赛伍技术,赛伍技术:2024年半年度业绩预告,业绩预告,2024-07-10,https://data.eastmoney.com/notices/detail/603212/AN202407091637722790.html
688503,聚和材料,聚和材料:第三届监事会第二十次会议决议公告,监事会决议公告,2024-07-10,https://data.eastmoney.com/notices/detail/688503/AN202407091637722773.html
688503,聚和材料,聚和材料:监事会关于公司2024年限制性股票激励计划首次授予激励对象名单的核查意见(截至授予日),股权激励进展公告,2024-07-10,https://data.eastmoney.com/notices/detail/688503/AN202407091637722774.html
688503,聚和材料,聚和材料:第三届董事会第二十四次会议决议公告,董事会决议公告,2024-07-10,https://data.eastmoney.com/notices/detail/688503/AN202407091637722780.html
688503,聚和材料,聚和材料:上海市广发律师事务所关于常州聚和新材料股份有限公司2024年限制性股票激励计划相关事项的法律意见书,法律意见书,2024-07-10,https://data.eastmoney.com/notices/detail/688503/AN202407091637722779.html
688503,聚和材料,聚和材料:关于调整公司2024年限制性股票激励计划相关事项的公告,股权激励进展公告,2024-07-10,https://data.eastmoney.com/notices/detail/688503/AN202407091637722776.html
688503,聚和材料,聚和材料:关于向2024年限制性股票激励计划激励对象首次授予限制性股票的公告,股权激励进展公告,2024-07-10,https://data.eastmoney.com/notices/detail/688503/AN202407091637722775.html
688503,聚和材料,聚和材料:深圳价值在线咨询顾问有限公司关于常州聚和新材料股份有限公司2024年限制性股票激励计划调整及首次授予相关事项之独立财务顾问报告,保荐/核查意见,2024-07-10,https://data.eastmoney.com/notices/detail/688503/AN202407091637722778.html
688503,聚和材料,聚和材料:2024年限制性股票激励计划首次授予激励对象名单(截至授予日),股权激励对象名单,2024-07-10,https://data.eastmoney.com/notices/detail/688503/AN202407091637722777.html
002276,万马股份,万马股份:关于21万马01票面利率调整和回售实施办法第一次提示性公告,其他,2024-07-10,https://data.eastmoney.com/notices/detail/002276/AN202407091637722768.html
001373,翔腾新材,翔腾新材:2024年半年度业绩预告,业绩预告,2024-07-10,https://data.eastmoney.com/notices/detail/001373/AN202407091637722767.html
000852,石化机械,石化机械:2024年半年度业绩预告,业绩预告,2024-07-10,https://data.eastmoney.com/notices/detail/000852/AN202407091637722766.html
688590,新致软件,新致软件:2023年年度权益分派实施公告,分配方案实施,2024-07-10,https://data.eastmoney.com/notices/detail/688590/AN202407091637722726.html
688590,新致软件,新致软件:长江证券承销保荐有限公司关于上海新致软件股份有限公司差异化权益分派事项的核查意见,保荐/核查意见,2024-07-10,https://data.eastmoney.com/notices/detail/688590/AN202407091637722724.html
688590,新致软件,新致软件:关于实施2023年年度权益分派调整“新致转债”转股价格的公告,其他,2024-07-10,https://data.eastmoney.com/notices/detail/688590/AN202407091637722725.html
688590,新致软件,新致软件:关于实施2023年年度权益分派后调整回购股份价格上限的公告,回购方案修订,2024-07-10,https://data.eastmoney.com/notices/detail/688590/AN202407091637722723.html
688590,新致软件,新致软件:上海市锦天城律师事务所关于上海新致软件股份有限公司差异化分红事项的法律意见书,法律意见书,2024-07-10,https://data.eastmoney.com/notices/detail/688590/AN202407091637722722.html
603150,万朗磁塑,万朗磁塑:上海市锦天城律师事务所关于安徽万朗磁塑股份有限公司股权激励限制性股票回购注销实施的法律意见书,法律意见书,2024-07-10,https://data.eastmoney.com/notices/detail/603150/AN202407091637722713.html
603150,万朗磁塑,万朗磁塑:万朗磁塑关于部分股权激励限制性股票回购注销实施公告,回购实施公告,2024-07-10,https://data.eastmoney.com/notices/detail/603150/AN202407091637722714.html
688105,诺唯赞,诺唯赞:诺唯赞2024年半年度业绩预告的自愿性披露公告,业绩预告,2024-07-10,https://data.eastmoney.com/notices/detail/688105/AN202407091637722701.html
600191,华资实业,华资实业:华资实业关于收回部分信托利益暨债权重组的进展公告,重组进展公告,2024-07-10,https://data.eastmoney.com/notices/detail/600191/AN202407091637722699.html
600191,华资实业,华资实业:华资实业2024年半年度业绩预减公告,业绩预告,2024-07-10,https://data.eastmoney.com/notices/detail/600191/AN202407091637722700.html
002236,大华股份,大华股份:关于2022年股票期权与限制性股票激励计划第二个行权期自主行权的提示性公告,股权激励进展公告,2024-07-10,https://data.eastmoney.com/notices/detail/002236/AN202407091637722693.html
002026,山东威达,山东威达:2024年半年度业绩预告,业绩预告,2024-07-10,https://data.eastmoney.com/notices/detail/002026/AN202407091637722692.html
603506,南都物业,南都物业:南都物业服务集团股份有限公司2024年半年度业绩预告,业绩预告,2024-07-10,https://data.eastmoney.com/notices/detail/603506/AN202407091637722681.html
600648,外高桥,外高桥:2024年半年度业绩预告,业绩预告,2024-07-10,https://data.eastmoney.com/notices/detail/600648/AN202407091637722680.html
600683,京投发展,京投发展:京投发展股份有限公司2024年半年度业绩预告,业绩预告,2024-07-10,https://data.eastmoney.com/notices/detail/600683/AN202407091637722679.html
002520,日发精机,日发精机:2024年半年度业绩预告,业绩预告,2024-07-10,https://data.eastmoney.com/notices/detail/002520/AN202407091637722685.html
002253,川大智胜,川大智胜:四川川大智胜软件股份有限公司2024年半年度业绩预告,业绩预告,2024-07-10,https://data.eastmoney.com/notices/detail/002253/AN202407091637722684.html
002146,荣盛发展,荣盛发展:2024年半年度业绩预告,业绩预告,2024-07-10,https://data.eastmoney.com/notices/detail/002146/AN202407091637722683.html
000665,湖北广电,湖北广电:2024年半年度业绩预告,业绩预告,2024-07-10,https://data.eastmoney.com/notices/detail/000665/AN202407091637722682.html
605488,福莱新材,福莱新材:福莱新材关于部分限制性股票回购注销完成暨调整可转债转股价格的公告,回购实施公告,2024-07-10,https://data.eastmoney.com/notices/detail/605488/AN202407091637722661.html
600198,大唐电信,大唐电信:大唐电信科技股份有限公司2024年半年度业绩预亏公告,业绩预告,2024-07-10,https://data.eastmoney.com/notices/detail/600198/AN202407091637722660.html
600918,中泰证券,中泰证券:中泰证券股份有限公司2024年半年度业绩预告,业绩预告,2024-07-10,https://data.eastmoney.com/notices/detail/600918/AN202407091637722588.html
000969,安泰科技,安泰科技:安泰科技股份有限公司2024年半年度业绩预增公告,业绩预告,2024-07-10,https://data.eastmoney.com/notices/detail/000969/AN202407091637722654.html
000969,安泰科技,安泰科技:安泰科技股份有限公司关于公开挂牌转让控股子公司股权的进展公告,股权转让,2024-07-10,https://data.eastmoney.com/notices/detail/000969/AN202407091637722653.html
002314,南山控股,南山控股:2024年半年度业绩预告,业绩预告,2024-07-10,https://data.eastmoney.com/notices/detail/002314/AN202407091637722652.html
003009,中天火箭,中天火箭:陕西中天火箭技术股份有限公司2024年半年度业绩预告,业绩预告,2024-07-10,https://data.eastmoney.com/notices/detail/003009/AN202407091637722651.html
002557,洽洽食品,洽洽食品:洽洽食品股份有限公司关于股份回购完成暨股份变动的公告,股本变动,2024-07-10,https://data.eastmoney.com/notices/detail/002557/AN202407091637722650.html
000503,国新健康,国新健康:2024年半年度业绩预告,业绩预告,2024-07-10,https://data.eastmoney.com/notices/detail/000503/AN202407091637722575.html
000565,渝三峡A,渝三峡Ａ:2024年半年度业绩预告,业绩预告,2024-07-10,https://data.eastmoney.com/notices/detail/000565/AN202407091637722574.html
603725,天安新材,天安新材:天安新材关于股份回购实施结果暨股份变动的公告,股本变动,2024-07-10,https://data.eastmoney.com/notices/detail/603725/AN202407091637722569.html
603725,天安新材,天安新材:天安新材2024年半年度业绩预增公告,业绩预告,2024-07-10,https://data.eastmoney.com/notices/detail/603725/AN202407091637722568.html
601678,滨化股份,滨化股份:滨化股份2024年半年度业绩快报公告,业绩快报,2024-07-10,https://data.eastmoney.com/notices/detail/601678/AN202407091637722570.html
688596,正帆科技,正帆科技:上海正帆科技股份有限公司关于回购股份事项前十名股东和前十名无限售条件股东持股情况的公告,其他,2024-07-10,https://data.eastmoney.com/notices/detail/688596/AN202407091637722542.html
688210,统联精密,统联精密:《国浩律师(上海)事务所关于深圳市泛海统联精密制造股份有限公司调整2022年限制性股票激励计划并作废部分已授予尚未归属的限制性股票事项之法律意见书》,法律意见书,2024-07-10,https://data.eastmoney.com/notices/detail/688210/AN202407091637722540.html
688210,统联精密,统联精密:第二届监事会第九次会议决议公告,监事会决议公告,2024-07-10,https://data.eastmoney.com/notices/detail/688210/AN202407091637722543.html
688210,统联精密,统联精密:关于调整2022年限制性股票激励计划授予价格并作废部分已授予但尚未归属的2022年限制性股票的公告,股权激励行权价（数量）调整,2024-07-10,https://data.eastmoney.com/notices/detail/688210/AN202407091637722544.html
688210,统联精密,统联精密:第二届董事会第九次会议决议公告,董事会决议公告,2024-07-10,https://data.eastmoney.com/notices/detail/688210/AN202407091637722541.html
601139,深圳燃气,深圳燃气:上海市锦天城(深圳)律师事务所关于深圳燃气2024年第三次临时股东大会的法律意见书,法律意见书,2024-07-10,https://data.eastmoney.com/notices/detail/601139/AN202407091637722510.html
601139,深圳燃气,深圳燃气:深圳燃气关于职工监事变动的公告,高管人员任职变动,2024-07-10,https://data.eastmoney.com/notices/detail/601139/AN202407091637722508.html
600901,江苏金租,江苏金租:江苏世纪同仁律师事务所关于2019年限制性股票股权激励计划第三个解除限售期解除限售条件成就、回购注销部分限制性股票相关事项的法律意见书,法律意见书,2024-07-10,https://data.eastmoney.com/notices/detail/600901/AN202407091637722507.html
600812,华北制药,华北制药:关于下属子公司收到政府补助的公告,获得补贴（资助）,2024-07-10,https://data.eastmoney.com/notices/detail/600812/AN202407091637722509.html
603138,海量数据,海量数据:海量数据使用部分闲置募集资金进行现金管理到期赎回的公告,投资理财,2024-07-10,https://data.eastmoney.com/notices/detail/603138/AN202407091637722512.html
600901,江苏金租,江苏金租:关于2019年限制性股票股权激励计划第三个限售期解锁暨上市公告,限售股份上市流通,2024-07-10,https://data.eastmoney.com/notices/detail/600901/AN202407091637722511.html
603138,海量数据,海量数据:海量数据2024年半年度业绩预亏公告,业绩预告,2024-07-10,https://data.eastmoney.com/notices/detail/603138/AN202407091637722513.html
601139,深圳燃气,深圳燃气:深圳燃气2024年第三次临时股东大会决议公告,股东大会决议公告,2024-07-10,https://data.eastmoney.com/notices/detail/601139/AN202407091637722514.html
002881,美格智能,美格智能:独立董事候选人声明与承诺(杨政),独立董事候选人声明,2024-07-10,https://data.eastmoney.com/notices/detail/002881/AN202407091637722491.html
002881,美格智能,美格智能:独立董事候选人声明与承诺(马利军),独立董事候选人声明,2024-07-10,https://data.eastmoney.com/notices/detail/002881/AN202407091637722490.html
002881,美格智能,美格智能:独立董事提名人声明与承诺(杨政),独立董事提名人声明,2024-07-10,https://data.eastmoney.com/notices/detail/002881/AN202407091637722489.html
002881,美格智能,美格智能:独立董事提名人声明与承诺(马利军),独立董事提名人声明,2024-07-10,https://data.eastmoney.com/notices/detail/002881/AN202407091637722488.html
002881,美格智能,美格智能:关于监事会换届选举的公告,高管人员任职变动,2024-07-10,https://data.eastmoney.com/notices/detail/002881/AN202407091637722487.html
002881,美格智能,美格智能:关于董事会换届选举的公告,高管人员任职变动,2024-07-10,https://data.eastmoney.com/notices/detail/002881/AN202407091637722486.html
002881,美格智能,美格智能:关于调整独立董事津贴的公告,其他,2024-07-10,https://data.eastmoney.com/notices/detail/002881/AN202407091637722484.html
002881,美格智能,美格智能:关于选举职工代表监事的公告,高管人员任职变动,2024-07-10,https://data.eastmoney.com/notices/detail/002881/AN202407091637722483.html
002881,美格智能,美格智能:第三届监事会第二十三次会议决议公告,高管人员任职变动,2024-07-10,https://data.eastmoney.com/notices/detail/002881/AN202407091637722482.html
002881,美格智能,美格智能:关于召开2024年第三次临时股东大会的通知,召开股东大会通知,2024-07-10,https://data.eastmoney.com/notices/detail/002881/AN202407091637722485.html
002881,美格智能,美格智能:第三届董事会第二十六次会议决议公告,高管人员任职变动,2024-07-10,https://data.eastmoney.com/notices/detail/002881/AN202407091637722481.html
000830,鲁西化工,鲁西化工:关于公司高级管理人员张金林先生退休离任的公告,高管人员任职变动,2024-07-10,https://data.eastmoney.com/notices/detail/000830/AN202407091637722480.html
301272,英华特,英华特:国金证券股份有限公司关于苏州英华特涡旋技术股份有限公司部分首次公开发行前已发行股份上市流通的核查意见,保荐/核查意见,2024-07-10,https://data.eastmoney.com/notices/detail/301272/AN202407091637722453.html
301272,英华特,英华特:苏州英华特涡旋技术股份有限公司关于部分首次公开发行前已发行股份上市流通的提示性公告,限售股份上市流通,2024-07-10,https://data.eastmoney.com/notices/detail/301272/AN202407091637722454.html
600256,广汇能源,广汇能源:广汇能源股份有限公司2024年半年度业绩预告,业绩预告,2024-07-10,https://data.eastmoney.com/notices/detail/600256/AN202407091637722436.html
601608,中信重工,中信重工:中信重工关于向特定对象发行股票发行情况的提示性公告,增发提示性公告,2024-07-10,https://data.eastmoney.com/notices/detail/601608/AN202407091637722408.html
601608,中信重工,中信重工:中信建投证券股份有限公司向特定对象发行A股股票发行过程和认购对象合规性的报告,保荐/核查意见,2024-07-10,https://data.eastmoney.com/notices/detail/601608/AN202407091637722404.html
601608,中信重工,中信重工:北京市竞天公诚律师事务所关于中信重工机械股份有限公司向特定对象发行股票之发行过程和认购对象合规性的法律意见书,法律意见书,2024-07-10,https://data.eastmoney.com/notices/detail/601608/AN202407091637722409.html
601608,中信重工,中信重工:中信建投证券股份有限公司特定对象认购资金的实收情况验资报告,保荐/核查意见,2024-07-10,https://data.eastmoney.com/notices/detail/601608/AN202407091637722405.html
601608,中信重工,中信重工:中信重工机械股份有限公司向特定对象发行股票募集资金验资报告,保荐/核查意见,2024-07-10,https://data.eastmoney.com/notices/detail/601608/AN202407091637722407.html
601608,中信重工,中信重工:中信重工机械股份有限公司向特定对象发行A股股票发行情况报告书,其他增发事项公告,2024-07-10,https://data.eastmoney.com/notices/detail/601608/AN202407091637722406.html
605208,永茂泰,永茂泰:2024年半年度业绩预增公告,业绩预告,2024-07-10,https://data.eastmoney.com/notices/detail/605208/AN202407091637722397.html
688656,浩欧博,浩欧博:江苏浩欧博生物医药股份有限公司关于自愿披露控股子公司取得药物临床试验批准通知书暨新业务进展的公告,其他,2024-07-10,https://data.eastmoney.com/notices/detail/688656/AN202407091637722342.html
301456,盘古智能,盘古智能:国金证券股份有限公司关于青岛盘古智能制造股份有限公司部分首次公开发行前已发行股份及首次公开发行战略配售股份上市流通的核查意见,保荐/核查意见,2024-07-10,https://data.eastmoney.com/notices/detail/301456/AN202407091637722384.html
301456,盘古智能,盘古智能:关于部分首次公开发行前已发行股份及首次公开发行战略配售股份上市流通的提示性公告,限售股份上市流通,2024-07-10,https://data.eastmoney.com/notices/detail/301456/AN202407091637722383.html
301092,争光股份,争光股份:监事会关于公司2022年限制性股票激励计划首次授予部分第二个归属期归属名单的核查意见,股权激励进展公告,2024-07-10,https://data.eastmoney.com/notices/detail/301092/AN202407091637722376.html
301092,争光股份,争光股份:关于作废2022年限制性股票激励计划部分已授予尚未归属的第二类限制性股票的公告,股权激励进展公告,2024-07-10,https://data.eastmoney.com/notices/detail/301092/AN202407091637722381.html
301092,争光股份,争光股份:关于调整公司2022年限制性股票激励计划限制性股票授予价格的公告,股权激励行权价（数量）调整,2024-07-10,https://data.eastmoney.com/notices/detail/301092/AN202407091637722378.html
301092,争光股份,争光股份:国浩律师(杭州)事务所关于浙江争光实业股份有限公司2022年限制性股票激励计划授予价格调整、部分已授予尚未归属限制性股票作废及首次授予部分第二个归属期归属条件成就等相关事项之法律意见书,产品价格调整,2024-07-10,https://data.eastmoney.com/notices/detail/301092/AN202407091637722380.html
301092,争光股份,争光股份:第六届监事会第七次会议决议公告,监事会决议公告,2024-07-10,https://data.eastmoney.com/notices/detail/301092/AN202407091637722382.html
301092,争光股份,争光股份:关于2022年限制性股票激励计划首次授予部分第二个归属期归属条件成就的公告,股权激励进展公告,2024-07-10,https://data.eastmoney.com/notices/detail/301092/AN202407091637722377.html
301092,争光股份,争光股份:第六届董事会第八次会议决议公告,董事会决议公告,2024-07-10,https://data.eastmoney.com/notices/detail/301092/AN202407091637722379.html
301081,严牌股份,严牌股份:浙江严牌过滤技术股份有限公司向不特定对象发行可转换公司债券发行提示性公告,其他,2024-07-10,https://data.eastmoney.com/notices/detail/301081/AN202407091637722375.html
300930,屹通新材,屹通新材:中信证券股份有限公司关于杭州屹通新材料股份有限公司开展分布式屋顶光伏发电项目暨关联交易的核查意见,保荐/核查意见,2024-07-10,https://data.eastmoney.com/notices/detail/300930/AN202407091637722374.html
300930,屹通新材,屹通新材:中信证券股份有限公司关于杭州屹通新材料股份有限公司部分募集资金投资项目结项并将节余募集资金永久补充流动资金的核查意见,保荐/核查意见,2024-07-10,https://data.eastmoney.com/notices/detail/300930/AN202407091637722370.html
300930,屹通新材,屹通新材:第二届监事会第十六次会议决议公告,监事会决议公告,2024-07-10,https://data.eastmoney.com/notices/detail/300930/AN202407091637722373.html
300930,屹通新材,屹通新材:关于开展分布式屋顶光伏发电项目暨关联交易的公告,关联交易,2024-07-10,https://data.eastmoney.com/notices/detail/300930/AN202407091637722368.html
300930,屹通新材,屹通新材:第二届董事会第十六次会议决议公告,董事会决议公告,2024-07-10,https://data.eastmoney.com/notices/detail/300930/AN202407091637722369.html
300930,屹通新材,屹通新材:关于召开2024年第一次临时股东大会的通知,召开股东大会通知,2024-07-10,https://data.eastmoney.com/notices/detail/300930/AN202407091637722371.html
300930,屹通新材,屹通新材:关于部分募集资金投资项目结项并将节余募集资金永久补充流动资金的公告,募集资金补充流动资金,2024-07-10,https://data.eastmoney.com/notices/detail/300930/AN202407091637722372.html
000883,湖北能源,湖北能源:湖北能源集团股份有限公司关于2024年6月发电情况的自愿性信息披露公告,月度经营情况,2024-07-10,https://data.eastmoney.com/notices/detail/000883/AN202407091637722367.html
000883,湖北能源,湖北能源:湖北能源集团股份有限公司2024年半年度业绩预告,业绩预告,2024-07-10,https://data.eastmoney.com/notices/detail/000883/AN202407091637722366.html
603228,景旺电子,景旺电子:景旺电子关于“景20转债”预计满足赎回条件的提示性公告,其他,2024-07-10,https://data.eastmoney.com/notices/detail/603228/AN202407091637722328.html
600229,城市传媒,城市传媒:青岛城市传媒股份有限公司2023年年度权益分派实施公告,分配方案实施,2024-07-10,https://data.eastmoney.com/notices/detail/600229/AN202407091637722321.html
600229,城市传媒,城市传媒:上海锦天城(青岛)律师事务所关于青岛城市传媒股份有限公司差异化分红的法律意见书,法律意见书,2024-07-10,https://data.eastmoney.com/notices/detail/600229/AN202407091637722320.html
300301,ST长方,*ST长方:关于处置公司部分资产的进展公告,其他,2024-07-10,https://data.eastmoney.com/notices/detail/300301/AN202407091637722307.html
603612,索通发展,索通发展:索通发展股份有限公司2024年半年度业绩预告,业绩预告,2024-07-10,https://data.eastmoney.com/notices/detail/603612/AN202407091637722290.html
605122,四方新材,四方新材:重庆四方新材股份有限公司2024年第二季度产量快报,月度经营情况,2024-07-10,https://data.eastmoney.com/notices/detail/605122/AN202407091637722279.html
600112,*ST天成,*ST天成:中审亚太会计师事务所(特殊普通合伙)关于贵州长征天成控股股份有限公司2023年年度报告的信息披露工作函的回复,会计师事务所问询函回复公告,2024-07-10,https://data.eastmoney.com/notices/detail/600112/AN202407091637722278.html
605122,四方新材,四方新材:重庆四方新材股份有限公司2024年半年度业绩预告,业绩预告,2024-07-10,https://data.eastmoney.com/notices/detail/605122/AN202407091637722280.html
300063,天龙集团,天龙集团:高级管理人员薪酬与绩效考核方案(2024年7月修订),其他,2024-07-10,https://data.eastmoney.com/notices/detail/300063/AN202407091637722254.html
688211,中科微至,中科微至:中科微至关于以集中竞价交易方式回购股份的回购报告书,回购报告书,2024-07-10,https://data.eastmoney.com/notices/detail/688211/AN202407091637722241.html
300063,天龙集团,天龙集团:关于增加对子公司提供担保额度的公告,提供/对外担保公告,2024-07-10,https://data.eastmoney.com/notices/detail/300063/AN202407091637722251.html
688211,中科微至,中科微至:中科微至关于召开2024年第一次临时股东大会的通知,召开股东大会通知,2024-07-10,https://data.eastmoney.com/notices/detail/688211/AN202407091637722239.html
300063,天龙集团,天龙集团:关于召开2024年第二次临时股东大会通知的公告,召开股东大会通知,2024-07-10,https://data.eastmoney.com/notices/detail/300063/AN202407091637722253.html
688162,巨一科技,巨一科技:巨一科技关于2022年限制性股票激励计划首次授予部分第二个归属期及预留授予部分第一个归属期归属结果公告,股权激励进展公告,2024-07-10,https://data.eastmoney.com/notices/detail/688162/AN202407091637722245.html
688211,中科微至,中科微至:中科微至第二届监事会第十次会议决议公告,监事会决议公告,2024-07-10,https://data.eastmoney.com/notices/detail/688211/AN202407091637722242.html
688211,中科微至,中科微至:中科微至关于以集中竞价交易方式回购公司股份方案的公告,回购预案,2024-07-10,https://data.eastmoney.com/notices/detail/688211/AN202407091637722244.html
688211,中科微至,中科微至:中科微至第二届董事会第十二次会议决议公告,董事会决议公告,2024-07-10,https://data.eastmoney.com/notices/detail/688211/AN202407091637722243.html
300063,天龙集团,天龙集团:第六届董事会第二十二次会议决议公告,董事会决议公告,2024-07-10,https://data.eastmoney.com/notices/detail/300063/AN202407091637722252.html
688211,中科微至,中科微至:中科微至关于部分高级管理人员职务调整的公告,高管人员任职变动,2024-07-10,https://data.eastmoney.com/notices/detail/688211/AN202407091637722240.html
002617,露笑科技,露笑科技:关于召开2024年第四次临时股东大会的通知,召开股东大会通知,2024-07-10,https://data.eastmoney.com/notices/detail/002617/AN202407091637722249.html
002617,露笑科技,露笑科技:第六届董事会第七次会议决议公告,董事会决议公告,2024-07-10,https://data.eastmoney.com/notices/detail/002617/AN202407091637722248.html
002617,露笑科技,露笑科技:关于向客户提供融资租赁回购担保的公告,提供/对外担保公告,2024-07-10,https://data.eastmoney.com/notices/detail/002617/AN202407091637722250.html
002282,博深股份,博深股份:博深股份有限公司2024年半年度业绩预告,业绩预告,2024-07-10,https://data.eastmoney.com/notices/detail/002282/AN202407091637722247.html
600337,ST美克,美克家居:美克国际家居用品股份有限公司关于控股股东提议回购公司股份的提示性公告,其他,2024-07-10,https://data.eastmoney.com/notices/detail/600337/AN202407091637722237.html
600337,ST美克,美克家居:美克国际家居用品股份有限公司2024年半年度业绩预告,业绩预告,2024-07-10,https://data.eastmoney.com/notices/detail/600337/AN202407091637722238.html
603628,清源股份,清源股份:2024年半年度业绩预减公告,业绩预告,2024-07-10,https://data.eastmoney.com/notices/detail/603628/AN202407091637722229.html
600193,退市创兴,创兴资源:上海创兴资源开发股份有限公司2024年半年度业绩预告,业绩预告,2024-07-10,https://data.eastmoney.com/notices/detail/600193/AN202407091637722213.html
600661,昂立教育,昂立教育:昂立教育关于2024年半年度业绩预亏的公告,业绩预告,2024-07-10,https://data.eastmoney.com/notices/detail/600661/AN202407091637722196.html
603859,能科科技,能科科技:关于2024年第二次临时股东大会增加临时提案暨延期召开的通知公告,增加股东大会议案,2024-07-10,https://data.eastmoney.com/notices/detail/603859/AN202407091637722193.html
600605,汇通能源,汇通能源:2024年半年度业绩预告,业绩预告,2024-07-10,https://data.eastmoney.com/notices/detail/600605/AN202407091637722194.html
603859,能科科技,能科科技:关于收到控股股东提议变更2022年已回购部分股份用途为注销的提示性公告,其他,2024-07-10,https://data.eastmoney.com/notices/detail/603859/AN202407091637722195.html
300142,沃森生物,沃森生物:公司章程(2024年7月),公司章程,2024-07-10,https://data.eastmoney.com/notices/detail/300142/AN202407091637722216.html
300142,沃森生物,沃森生物:关于公司部分董事和高级管理人员辞职的公告,高管人员任职变动,2024-07-10,https://data.eastmoney.com/notices/detail/300142/AN202407091637722219.html
300142,沃森生物,沃森生物:第五届董事会第二十次会议决议公告,高管人员任职变动,2024-07-10,https://data.eastmoney.com/notices/detail/300142/AN202407091637722220.html
300142,沃森生物,沃森生物:关于聘任公司总裁及选举董事的公告,高管人员任职变动,2024-07-10,https://data.eastmoney.com/notices/detail/300142/AN202407091637722217.html
300142,沃森生物,沃森生物:关于修订《公司章程》的公告,公司章程修订,2024-07-10,https://data.eastmoney.com/notices/detail/300142/AN202407091637722218.html
300142,沃森生物,沃森生物:关于召开2024年第一次临时股东大会的通知,召开股东大会通知,2024-07-10,https://data.eastmoney.com/notices/detail/300142/AN202407091637722215.html
688366,昊海生科,昊海生科:H股公告:翌日披露报表,其他,2024-07-10,https://data.eastmoney.com/notices/detail/688366/AN202407091637722145.html
600547,山东黄金,山东黄金:山东黄金矿业股份有限公司关于延长公司向特定对象发行股票股东大会决议有效期及相关授权有效期的公告,其他增发事项公告,2024-07-10,https://data.eastmoney.com/notices/detail/600547/AN202407091637722099.html
600547,山东黄金,山东黄金:山东黄金矿业股份有限公司第六届监事会第三十七次会议决议公告,监事会决议公告,2024-07-10,https://data.eastmoney.com/notices/detail/600547/AN202407091637722098.html
600898,*ST美讯,*ST美讯:国美通讯设备股份有限公司关于公司股票可能存在因市值低于3亿元而终止上市的风险提示公告,终止上市风险提示,2024-07-10,https://data.eastmoney.com/notices/detail/600898/AN202407091637722101.html
600898,*ST美讯,*ST美讯:国美通讯设备股份有限公司关于公司部分募集资金被冻结的公告,其他,2024-07-10,https://data.eastmoney.com/notices/detail/600898/AN202407091637722102.html
600547,山东黄金,山东黄金:山东黄金矿业股份有限公司第六届董事会第六十二次会议决议公告,其他增发事项公告,2024-07-10,https://data.eastmoney.com/notices/detail/600547/AN202407091637722097.html
600547,山东黄金,山东黄金:山东黄金矿业股份有限公司关于注册多品种债务融资工具的公告,其他,2024-07-10,https://data.eastmoney.com/notices/detail/600547/AN202407091637722100.html
600898,*ST美讯,*ST美讯:国美通讯设备股份有限公司2024年半年度业绩预告,业绩预告,2024-07-10,https://data.eastmoney.com/notices/detail/600898/AN202407091637722096.html
688032,禾迈股份,禾迈股份:禾迈股份2024年第二次临时股东大会会议资料,股东大会资料,2024-07-10,https://data.eastmoney.com/notices/detail/688032/AN202407091637722085.html
600239,ST云城,云南城投:云南城投置业股份有限公司关于公司逾期担保的公告,其他担保公告,2024-07-10,https://data.eastmoney.com/notices/detail/600239/AN202407091637722081.html
600692,亚通股份,亚通股份:亚通股份2024年第一次临时股东大会资料,股东大会资料,2024-07-10,https://data.eastmoney.com/notices/detail/600692/AN202407091637722082.html
600239,ST云城,云南城投:云南城投置业股份有限公司2024年半年度业绩预告,业绩预告,2024-07-10,https://data.eastmoney.com/notices/detail/600239/AN202407091637722080.html
002838,道恩股份,道恩股份:关于公司股东股份质押的公告,股份质押、冻结,2024-07-10,https://data.eastmoney.com/notices/detail/002838/AN202407091637722065.html
002838,道恩股份,道恩股份:关于为子公司提供担保的进展公告,提供/对外担保公告,2024-07-10,https://data.eastmoney.com/notices/detail/002838/AN202407091637722064.html
002150,正泰电源,通润装备:国浩律师(上海)事务所关于江苏通润装备科技股份有限公司2024年第二次临时股东大会的法律意见书,法律意见书,2024-07-10,https://data.eastmoney.com/notices/detail/002150/AN202407091637722083.html
002150,正泰电源,通润装备:2024年第二次临时股东大会决议公告,股东大会决议公告,2024-07-10,https://data.eastmoney.com/notices/detail/002150/AN202407091637722084.html
000937,冀中能源,冀中能源:2024年半年度业绩预告,业绩预告,2024-07-10,https://data.eastmoney.com/notices/detail/000937/AN202407091637722066.html
000890,法尔胜,法尔胜:2024年半年度业绩预告,业绩预告,2024-07-10,https://data.eastmoney.com/notices/detail/000890/AN202407091637722067.html
603799,华友钴业,华友钴业:华友钴业2024年半年度业绩预告,业绩预告,2024-07-10,https://data.eastmoney.com/notices/detail/603799/AN202407091637721955.html
600036,招商银行,招商银行:招商银行股份有限公司监事会决议公告,高管人员任职变动,2024-07-10,https://data.eastmoney.com/notices/detail/600036/AN202407091637721892.html
601015,陕西黑猫,陕西黑猫:2024年半年度业绩预亏公告,业绩预告,2024-07-10,https://data.eastmoney.com/notices/detail/601015/AN202407091637721947.html
600266,城建发展,城建发展:城建发展第八届监事会第十八次会议决议公告,高管人员任职变动,2024-07-10,https://data.eastmoney.com/notices/detail/600266/AN202407091637721915.html
600266,城建发展,城建发展:独立董事候选人声明与承诺(宋建波),独立董事候选人声明,2024-07-10,https://data.eastmoney.com/notices/detail/600266/AN202407091637721911.html
600266,城建发展,城建发展:独立董事提名人声明与承诺,独立董事提名人声明,2024-07-10,https://data.eastmoney.com/notices/detail/600266/AN202407091637721918.html
600606,绿地控股,绿地控股:绿地控股2024年第二季度基建业务经营情况简报,月度经营情况,2024-07-10,https://data.eastmoney.com/notices/detail/600606/AN202407091637721917.html
600266,城建发展,城建发展:城建发展2024年半年度业绩预亏公告,业绩预告,2024-07-10,https://data.eastmoney.com/notices/detail/600266/AN202407091637721921.html
600795,国电电力,国电电力:国电电力2024年上半年电量情况公告,月度经营情况,2024-07-10,https://data.eastmoney.com/notices/detail/600795/AN202407091637721907.html
600266,城建发展,城建发展:城建发展第八届董事会第五十六次会议决议公告,高管人员任职变动,2024-07-10,https://data.eastmoney.com/notices/detail/600266/AN202407091637721914.html
600606,绿地控股,绿地控股:绿地控股基建产业重大项目公告,其他,2024-07-10,https://data.eastmoney.com/notices/detail/600606/AN202407091637721909.html
600266,城建发展,城建发展:城建发展关于召开2024年第一次临时股东大会的通知,召开股东大会通知,2024-07-10,https://data.eastmoney.com/notices/detail/600266/AN202407091637721910.html
600266,城建发展,城建发展:城建发展关于竞得上海市杨浦区长白社区H2-17地块国有建设用地使用权的公告,其他,2024-07-10,https://data.eastmoney.com/notices/detail/600266/AN202407091637721919.html
600266,城建发展,城建发展:独立董事候选人声明与承诺(周清杰),独立董事候选人声明,2024-07-10,https://data.eastmoney.com/notices/detail/600266/AN202407091637721908.html
600266,城建发展,城建发展:独立董事候选人声明与承诺(张成思),独立董事候选人声明,2024-07-10,https://data.eastmoney.com/notices/detail/600266/AN202407091637721920.html
600795,国电电力,国电电力:国电电力2024年半年度业绩预告,业绩预告,2024-07-10,https://data.eastmoney.com/notices/detail/600795/AN202407091637721913.html
600606,绿地控股,绿地控股:绿地控股2024年第二季度房地产经营情况简报,月度经营情况,2024-07-10,https://data.eastmoney.com/notices/detail/600606/AN202407091637721912.html
600606,绿地控股,绿地控股:绿地控股2024年半年度业绩预告,业绩预告,2024-07-10,https://data.eastmoney.com/notices/detail/600606/AN202407091637721916.html
600354,敦煌种业,敦煌种业:甘肃省敦煌种业集团股份有限公司2024年半年度业绩预增公告,业绩预告,2024-07-10,https://data.eastmoney.com/notices/detail/600354/AN202407091637721893.html
300282,三盛退,三盛退:关于公司股票进入退市整理期交易第三次风险提示公告,实施退市风险警示,2024-07-10,https://data.eastmoney.com/notices/detail/300282/AN202407091637721887.html
002903,宇环数控,宇环数控:2024年半年度业绩预告,业绩预告,2024-07-10,https://data.eastmoney.com/notices/detail/002903/AN202407091637721886.html
000068,华控赛格,华控赛格:2024年半年度业绩预告,业绩预告,2024-07-10,https://data.eastmoney.com/notices/detail/000068/AN202407091637721885.html
600965,*ST福成,福成股份:2024年半年度业绩预告的公告,业绩预告,2024-07-10,https://data.eastmoney.com/notices/detail/600965/AN202407091637721859.html
600675,中华企业,中华企业:中华企业股份有限公司2024半年度业绩预亏公告,业绩预告,2024-07-10,https://data.eastmoney.com/notices/detail/600675/AN202407091637721860.html
601991,大唐发电,大唐发电:大唐发电2024年半年度业绩预增公告,业绩预告,2024-07-10,https://data.eastmoney.com/notices/detail/601991/AN202407091637721793.html
603028,赛福天,赛福天:2024年半年度业绩预告,业绩预告,2024-07-10,https://data.eastmoney.com/notices/detail/603028/AN202407091637721829.html
603069,海汽集团,海汽集团:海汽集团2024年半年度业绩预告,业绩预告,2024-07-10,https://data.eastmoney.com/notices/detail/603069/AN202407091637721792.html
600588,用友网络,用友网络:用友网络2024年半年度业绩预告,业绩预告,2024-07-10,https://data.eastmoney.com/notices/detail/600588/AN202407091637721788.html
603809,豪能股份,豪能股份:2024年半年度业绩预增公告,业绩预告,2024-07-10,https://data.eastmoney.com/notices/detail/603809/AN202407091637721787.html
605069,正和生态,正和生态:2024年半年度业绩预告,业绩预告,2024-07-10,https://data.eastmoney.com/notices/detail/605069/AN202407091637721786.html
000557,西部创业,西部创业:第十届董事会第十一次会议(临时会议)决议公告,高管人员任职变动,2024-07-10,https://data.eastmoney.com/notices/detail/000557/AN202407091637721768.html
002667,*ST威领,威领股份:2024年半年度业绩预告,业绩预告,2024-07-10,https://data.eastmoney.com/notices/detail/002667/AN202407091637721767.html
000557,西部创业,西部创业:关于召开2024年第一次临时股东会的通知,召开股东大会通知,2024-07-10,https://data.eastmoney.com/notices/detail/000557/AN202407091637721769.html
000557,西部创业,西部创业:独立董事提名人声明与承诺,独立董事提名人声明,2024-07-10,https://data.eastmoney.com/notices/detail/000557/AN202407091637721771.html
000557,西部创业,西部创业:独立董事候选人声明与承诺,独立董事候选人声明,2024-07-10,https://data.eastmoney.com/notices/detail/000557/AN202407091637721770.html
600692,亚通股份,亚通股份:亚通股份2024年半年度业绩预盈公告,业绩预告,2024-07-10,https://data.eastmoney.com/notices/detail/600692/AN202407091637721760.html
603324,盛剑科技,盛剑环境:国浩律师(上海)事务所关于上海盛剑环境系统科技股份有限公司2024年第二次临时股东大会的法律意见书,法律意见书,2024-07-10,https://data.eastmoney.com/notices/detail/603324/AN202407091637721747.html
603324,盛剑科技,盛剑环境:盛剑环境2024年第二次临时股东大会决议公告,股东大会决议公告,2024-07-10,https://data.eastmoney.com/notices/detail/603324/AN202407091637721748.html
600213,*ST亚星,*ST亚星:独立董事候选人声明与承诺(滕晓梅),独立董事候选人声明,2024-07-10,https://data.eastmoney.com/notices/detail/600213/AN202407091637721660.html
600213,*ST亚星,*ST亚星:独立董事候选人声明与承诺(温德成),独立董事候选人声明,2024-07-10,https://data.eastmoney.com/notices/detail/600213/AN202407091637721653.html
600213,*ST亚星,*ST亚星:独立董事提名人声明与承诺(徐高彦),独立董事提名人声明,2024-07-10,https://data.eastmoney.com/notices/detail/600213/AN202407091637721659.html
600213,*ST亚星,*ST亚星:独立董事候选人声明与承诺(徐高彦),独立董事候选人声明,2024-07-10,https://data.eastmoney.com/notices/detail/600213/AN202407091637721655.html
600213,*ST亚星,*ST亚星:扬州亚星客车股份有限公司第八届监事会第二十次会议决议公告,高管人员任职变动,2024-07-10,https://data.eastmoney.com/notices/detail/600213/AN202407091637721657.html
600213,*ST亚星,*ST亚星:扬州亚星客车股份有限公司关于董事会、监事会换届选举的公告,高管人员任职变动,2024-07-10,https://data.eastmoney.com/notices/detail/600213/AN202407091637721654.html
600213,*ST亚星,*ST亚星:扬州亚星客车股份有限公司第八届董事会第四十一次会议决议公告,高管人员任职变动,2024-07-10,https://data.eastmoney.com/notices/detail/600213/AN202407091637721652.html
600213,*ST亚星,*ST亚星:扬州亚星客车股份有限公司关于银行账户资金被冻结的公告,其他,2024-07-10,https://data.eastmoney.com/notices/detail/600213/AN202407091637721656.html
600213,*ST亚星,*ST亚星:独立董事提名人声明与承诺(滕晓梅),独立董事提名人声明,2024-07-10,https://data.eastmoney.com/notices/detail/600213/AN202407091637721658.html
600213,*ST亚星,*ST亚星:独立董事提名人声明与承诺(温德成),独立董事提名人声明,2024-07-10,https://data.eastmoney.com/notices/detail/600213/AN202407091637721661.html
688181,八亿时空,八亿时空:八亿时空关于注销部分理财产品专用结算账户及募集资金专户的公告,募集资金使用情况报告,2024-07-10,https://data.eastmoney.com/notices/detail/688181/AN202407091637721626.html
603858,步长制药,步长制药:山东步长制药股份有限公司关于控股子公司获得药物临床试验批准通知书的公告,其他,2024-07-10,https://data.eastmoney.com/notices/detail/603858/AN202407091637721610.html
603858,步长制药,步长制药:山东步长制药股份有限公司2024年半年度业绩预告,业绩预告,2024-07-10,https://data.eastmoney.com/notices/detail/603858/AN202407091637721609.html
603858,步长制药,步长制药:山东步长制药股份有限公司关于控股子公司完成医疗器械经营许可证变更登记的公告,公司关联方基本资料变更,2024-07-10,https://data.eastmoney.com/notices/detail/603858/AN202407091637721608.html
300713,英可瑞,英可瑞:中信建投证券股份有限公司关于公司部分募集资金投资项目结项并将节余募集资金永久补充流动资金的核查意见,保荐/核查意见,2024-07-10,https://data.eastmoney.com/notices/detail/300713/AN202407091637721568.html
300713,英可瑞,英可瑞:第三届监事会第十八次会议决议公告,监事会决议公告,2024-07-10,https://data.eastmoney.com/notices/detail/300713/AN202407091637721570.html
300713,英可瑞,英可瑞:第三届董事会第二十一次会议决议公告,董事会决议公告,2024-07-10,https://data.eastmoney.com/notices/detail/300713/AN202407091637721571.html
300713,英可瑞,英可瑞:关于召开公司2024年第一次临时股东大会的通知,召开股东大会通知,2024-07-10,https://data.eastmoney.com/notices/detail/300713/AN202407091637721569.html
300713,英可瑞,英可瑞:关于部分募集资金投资项目结项并将节余募集资金永久补充流动资金的公告,募集资金补充流动资金,2024-07-10,https://data.eastmoney.com/notices/detail/300713/AN202407091637721567.html
002931,锋龙股份,锋龙股份:2024年半年度业绩预告,业绩预告,2024-07-10,https://data.eastmoney.com/notices/detail/002931/AN202407091637721573.html
002857,三晖电气,三晖电气:2024年半年度业绩预告,业绩预告,2024-07-10,https://data.eastmoney.com/notices/detail/002857/AN202407091637721576.html
002341,ST新纶,ST新纶:2024年半年度业绩预告,业绩预告,2024-07-10,https://data.eastmoney.com/notices/detail/002341/AN202407091637721572.html
002197,证通电子,ST证通:2024年半年度业绩预告,业绩预告,2024-07-10,https://data.eastmoney.com/notices/detail/002197/AN202407091637721575.html
002058,威尔泰,威尔泰:2024年半年度业绩预告,业绩预告,2024-07-10,https://data.eastmoney.com/notices/detail/002058/AN202407091637721574.html
600981,苏豪汇鸿,汇鸿集团:第十届董事会第二十三次会议决议公告,高管人员任职变动,2024-07-10,https://data.eastmoney.com/notices/detail/600981/AN202407091637721561.html
600981,苏豪汇鸿,汇鸿集团:2024年半年度业绩预亏公告,业绩预告,2024-07-10,https://data.eastmoney.com/notices/detail/600981/AN202407091637721557.html
600990,四创电子,四创电子:四创电子股份有限公司2024年半年度业绩预亏公告,业绩预告,2024-07-10,https://data.eastmoney.com/notices/detail/600990/AN202407091637721562.html
603155,新亚强,新亚强:实际控制人、控股股东关于股票交易异常波动问询函的回复,回复问询函公告,2024-07-10,https://data.eastmoney.com/notices/detail/603155/AN202407091637721559.html
600981,苏豪汇鸿,汇鸿集团:关于召开2024年第二次临时股东大会的通知,召开股东大会通知,2024-07-10,https://data.eastmoney.com/notices/detail/600981/AN202407091637721558.html
603155,新亚强,新亚强:关于股票交易异常波动的公告,股票交易异常波动,2024-07-10,https://data.eastmoney.com/notices/detail/603155/AN202407091637721556.html
600981,苏豪汇鸿,汇鸿集团:关于选举公司董事长、提名董事候选人及变更高级管理人员的公告,高管人员任职变动,2024-07-10,https://data.eastmoney.com/notices/detail/600981/AN202407091637721560.html
600990,四创电子,四创电子:四创电子2024年第一次临时股东大会会议资料,股东大会资料,2024-07-10,https://data.eastmoney.com/notices/detail/600990/AN202407091637721552.html
600199,金种子酒,金种子酒:2024年半年度业绩预盈公告,业绩预告,2024-07-10,https://data.eastmoney.com/notices/detail/600199/AN202407091637721542.html
600026,中远海能,中远海能:中远海能2023年年度权益分派实施公告,分配方案实施,2024-07-10,https://data.eastmoney.com/notices/detail/600026/AN202407091637721464.html
603668,天马科技,天马科技:天马科技2024年6月鳗鱼出池情况简报,月度经营情况,2024-07-10,https://data.eastmoney.com/notices/detail/603668/AN202407091637721499.html
603668,天马科技,天马科技:天马科技第四届董事会第三十七次会议决议公告,董事会决议公告,2024-07-10,https://data.eastmoney.com/notices/detail/603668/AN202407091637721497.html
603668,天马科技,天马科技:北京市天元(深圳)律师事务所关于福建天马科技集团股份有限公司2024年股票期权激励计划调整及向激励对象授予股票期权相关事项的法律意见,股权激励进展公告,2024-07-10,https://data.eastmoney.com/notices/detail/603668/AN202407091637721496.html
603668,天马科技,天马科技:天马科技第四届监事会第二十六次会议决议公告,监事会决议公告,2024-07-10,https://data.eastmoney.com/notices/detail/603668/AN202407091637721504.html
603668,天马科技,天马科技:天马科技监事会关于公司2024年股票期权激励计划激励对象名单(授权日)的核查意见,专项说明/独立意见,2024-07-10,https://data.eastmoney.com/notices/detail/603668/AN202407091637721503.html
603668,天马科技,天马科技:天马科技关于向2024年股票期权激励计划激励对象授予股票期权的公告,股权激励进展公告,2024-07-10,https://data.eastmoney.com/notices/detail/603668/AN202407091637721502.html
600230,沧州大化,沧州大化:028:沧州大化股份有限公司2024年半年度业绩预减公告,业绩预告,2024-07-10,https://data.eastmoney.com/notices/detail/600230/AN202407091637721501.html
603668,天马科技,天马科技:天马科技2024年股票期权激励计划激励对象名单(授权日),股权激励对象名单,2024-07-10,https://data.eastmoney.com/notices/detail/603668/AN202407091637721498.html
603668,天马科技,天马科技:天马科技关于调整2024年股票期权激励计划激励对象名单、授予数量及行权价格的公告,股权激励行权价（数量）调整,2024-07-10,https://data.eastmoney.com/notices/detail/603668/AN202407091637721500.html
688592,司南导航,司南导航:关于董事会秘书正式履职的公告,其他,2024-07-10,https://data.eastmoney.com/notices/detail/688592/AN202407091637721490.html
603668,天马科技,天马科技:上海信公轶禾企业管理咨询有限公司关于福建天马科技集团股份有限公司2024年股票期权激励计划授予相关事项之独立财务顾问报告,保荐/核查意见,2024-07-10,https://data.eastmoney.com/notices/detail/603668/AN202407091637721484.html
603398,*ST沐邦,沐邦高科:江西沐邦高科股份有限公司2024年半年度业绩预亏公告,业绩预告,2024-07-10,https://data.eastmoney.com/notices/detail/603398/AN202407091637721483.html
002652,扬子新材,扬子新材:2024年半年度业绩预告,业绩预告,2024-07-10,https://data.eastmoney.com/notices/detail/002652/AN202407091637721482.html
600115,中国东航,中国东航:中国东方航空股份有限公司关于职工董事离任的公告,高管人员任职变动,2024-07-10,https://data.eastmoney.com/notices/detail/600115/AN202407091637721425.html
600811,*ST东方,东方集团:东方集团关于公司股票可能存在因股价低于1元而终止上市的第四次风险提示公告,终止上市风险提示,2024-07-10,https://data.eastmoney.com/notices/detail/600811/AN202407091637721446.html
605289,罗曼股份,罗曼股份:2024年半年度业绩预减公告,业绩预告,2024-07-10,https://data.eastmoney.com/notices/detail/605289/AN202407091637721445.html
603616,韩建河山,韩建河山:韩建河山关于银行账户资金解除冻结的公告,其他,2024-07-10,https://data.eastmoney.com/notices/detail/603616/AN202407091637721397.html
605337,李子园,李子园:浙江李子园食品股份有限公司2024年第二次临时股东大会通知,召开股东大会通知,2024-07-10,https://data.eastmoney.com/notices/detail/605337/AN202407091637721399.html
605337,李子园,李子园:浙江李子园食品股份有限公司独立董事候选人声明与承诺-王根武,独立董事候选人声明,2024-07-10,https://data.eastmoney.com/notices/detail/605337/AN202407091637721401.html
605337,李子园,李子园:浙江李子园食品股份有限公司关于独立董事任期届满暨补选独立董事并调整董事会专门委员会成员的公告,高管人员任职变动,2024-07-10,https://data.eastmoney.com/notices/detail/605337/AN202407091637721400.html
605337,李子园,李子园:浙江李子园食品股份有限公司独立董事提名人声明与承诺-张灏,独立董事提名人声明,2024-07-10,https://data.eastmoney.com/notices/detail/605337/AN202407091637721406.html
605337,李子园,李子园:浙江李子园食品股份有限公司独立董事提名人声明与承诺-肖作平,独立董事提名人声明,2024-07-10,https://data.eastmoney.com/notices/detail/605337/AN202407091637721405.html
603616,韩建河山,韩建河山:韩建河山关于2024年半年度业绩预亏的公告,业绩预告,2024-07-10,https://data.eastmoney.com/notices/detail/603616/AN202407091637721398.html
605337,李子园,李子园:浙江李子园食品股份有限公司独立董事提名人声明与承诺-王根武,独立董事提名人声明,2024-07-10,https://data.eastmoney.com/notices/detail/605337/AN202407091637721404.html
605337,李子园,李子园:浙江李子园食品股份有限公司第三届董事会第十六次会议决议公告,高管人员任职变动,2024-07-10,https://data.eastmoney.com/notices/detail/605337/AN202407091637721407.html
605337,李子园,李子园:浙江李子园食品股份有限公司独立董事候选人声明与承诺-张灏,独立董事候选人声明,2024-07-10,https://data.eastmoney.com/notices/detail/605337/AN202407091637721403.html
605337,李子园,李子园:浙江李子园食品股份有限公司独立董事候选人声明与承诺-肖作平,独立董事候选人声明,2024-07-10,https://data.eastmoney.com/notices/detail/605337/AN202407091637721402.html
603408,建霖家居,建霖家居:厦门建霖健康家居股份有限公司2024年半年度业绩预告,业绩预告,2024-07-10,https://data.eastmoney.com/notices/detail/603408/AN202407091637721382.html
002130,沃尔核材,沃尔核材:2024年半年度业绩预告,业绩预告,2024-07-10,https://data.eastmoney.com/notices/detail/002130/AN202407091637721342.html
000622,恒立退,*ST恒立:2024年半年度业绩预告,业绩预告,2024-07-10,https://data.eastmoney.com/notices/detail/000622/AN202407091637721340.html
000620,盈新发展,新华联:关于子公司涉及诉讼进展和诉讼结果的公告,诉讼仲裁,2024-07-10,https://data.eastmoney.com/notices/detail/000620/AN202407091637721341.html
002553,南方精工,南方精工:2024年半年度业绩预告,业绩预告,2024-07-10,https://data.eastmoney.com/notices/detail/002553/AN202407091637721339.html
600706,曲江文旅,曲江文旅:西安曲江文化旅游股份有限公司2024年半年度业绩预亏公告,业绩预告,2024-07-10,https://data.eastmoney.com/notices/detail/600706/AN202407091637721329.html
688057,金达莱,金达莱:关于诉讼进展的公告,诉讼仲裁,2024-07-10,https://data.eastmoney.com/notices/detail/688057/AN202407091637721321.html
603863,松炀资源,松炀资源:广东松炀再生资源股份有限公司2024年半年度业绩预告,业绩预告,2024-07-10,https://data.eastmoney.com/notices/detail/603863/AN202407091637721287.html
600962,国投中鲁,国投中鲁:国投中鲁2024年半年度业绩预减公告,业绩预告,2024-07-10,https://data.eastmoney.com/notices/detail/600962/AN202407091637721288.html
600168,武汉控股,武汉控股:武汉三镇实业控股股份有限公司2024年半年度业绩预减公告,业绩预告,2024-07-10,https://data.eastmoney.com/notices/detail/600168/AN202407091637721239.html
603496,恒为科技,恒为科技:2024年半年度业绩预告,业绩预告,2024-07-10,https://data.eastmoney.com/notices/detail/603496/AN202407091637721241.html
603496,恒为科技,恒为科技:关于2024年二季度获得政府补助的公告,获得补贴（资助）,2024-07-10,https://data.eastmoney.com/notices/detail/603496/AN202407091637721240.html
002490,山东墨龙,ST墨龙:2024年半年度业绩预告,业绩预告,2024-07-10,https://data.eastmoney.com/notices/detail/002490/AN202407091637721238.html
000595,新能股份,宝塔实业:2024年半年度业绩预告,业绩预告,2024-07-10,https://data.eastmoney.com/notices/detail/000595/AN202407091637721237.html
603982,泉峰汽车,泉峰汽车:关于董事会提议向下修正“泉峰转债”转股价格的公告,其他,2024-07-10,https://data.eastmoney.com/notices/detail/603982/AN202407091637721226.html
603982,泉峰汽车,泉峰汽车:2024年半年度业绩预告,业绩预告,2024-07-10,https://data.eastmoney.com/notices/detail/603982/AN202407091637721225.html
603982,泉峰汽车,泉峰汽车:第三届董事会第二十次会议决议公告,董事会决议公告,2024-07-10,https://data.eastmoney.com/notices/detail/603982/AN202407091637721227.html
600348,华阳股份,华阳股份:山西华阳集团新能股份有限公司2024年半年度业绩预告,业绩预告,2024-07-10,https://data.eastmoney.com/notices/detail/600348/AN202407091637721214.html
600622,光大嘉宝,光大嘉宝:光大嘉宝股份有限公司2024年半年度业绩预告,业绩预告,2024-07-10,https://data.eastmoney.com/notices/detail/600622/AN202407091637721213.html
600348,华阳股份,华阳股份:山西华阳集团新能股份有限公司2023年年度权益分派实施公告,分配方案实施,2024-07-10,https://data.eastmoney.com/notices/detail/600348/AN202407091637721212.html
603938,三孚股份,三孚股份:2024年半年度业绩预告,业绩预告,2024-07-10,https://data.eastmoney.com/notices/detail/603938/AN202407091637721211.html
600376,首开股份,首开股份:首开股份2024年6月份销售情况简报,月度经营情况,2024-07-10,https://data.eastmoney.com/notices/detail/600376/AN202407091637721196.html
600637,东方明珠,东方明珠:东方明珠2023年年度权益分派实施公告,分配方案实施,2024-07-10,https://data.eastmoney.com/notices/detail/600637/AN202407091637721194.html
600376,首开股份,首开股份:首开股份2024年上半年业绩预告,业绩预告,2024-07-10,https://data.eastmoney.com/notices/detail/600376/AN202407091637721195.html
002678,珠江钢琴,珠江钢琴:关于2022年限制性股票激励计划部分限制性股票回购注销完成的公告,股本变动,2024-07-10,https://data.eastmoney.com/notices/detail/002678/AN202407091637721192.html
002480,新筑股份,新筑股份:2024年半年度业绩预告,业绩预告,2024-07-10,https://data.eastmoney.com/notices/detail/002480/AN202407091637721193.html
603086,先达股份,先达股份:2024年半年度业绩预告,业绩预告,2024-07-10,https://data.eastmoney.com/notices/detail/603086/AN202407091637721176.html
600887,伊利股份,伊利股份:内蒙古伊利实业集团股份有限公司关于2023年持股计划(第一期)实施进展的公告,股权激励进展公告,2024-07-10,https://data.eastmoney.com/notices/detail/600887/AN202407091637721025.html
600887,伊利股份,伊利股份:内蒙古伊利实业集团股份有限公司关于对2019年限制性股票回购价格进行调整的公告,产品价格调整,2024-07-10,https://data.eastmoney.com/notices/detail/600887/AN202407091637721026.html
600887,伊利股份,伊利股份:北京天驰君泰律师事务所关于内蒙古伊利实业集团股份有限公司对2019年限制性股票激励计划限制性股票回购价格进行调整的法律意见书,产品价格调整,2024-07-10,https://data.eastmoney.com/notices/detail/600887/AN202407091637721024.html
600326,西藏天路,西藏天路:西藏天路关于子公司对外提供担保的公告,提供/对外担保公告,2024-07-10,https://data.eastmoney.com/notices/detail/600326/AN202407091637721012.html
600326,西藏天路,西藏天路:西藏天路2024年半年度业绩预告,业绩预告,2024-07-10,https://data.eastmoney.com/notices/detail/600326/AN202407091637721014.html
603021,*ST华鹏,山东华鹏:山东华鹏2024年半年度业绩预告,业绩预告,2024-07-10,https://data.eastmoney.com/notices/detail/603021/AN202407091637721011.html
603128,华贸物流,华贸物流:港中旅华贸国际物流股份有限公司2023年年度权益分派实施公告,分配方案实施,2024-07-10,https://data.eastmoney.com/notices/detail/603128/AN202407091637721013.html
601298,青岛港,青岛港:青岛港国际股份有限公司关于拟调整资产重组方案的停牌公告,停牌公告,2024-07-10,https://data.eastmoney.com/notices/detail/601298/AN202407091637720913.html
600188,兖矿能源,兖矿能源:H股市场公告(通过增资方式收购物泊科技45%股权之须予披露的交易),其他,2024-07-10,https://data.eastmoney.com/notices/detail/600188/AN202407091637720909.html
603166,福达股份,福达股份:福达股份关于控股股东部分股份提前解除质押公告,股份质押、冻结,2024-07-10,https://data.eastmoney.com/notices/detail/603166/AN202407091637720999.html
600381,*ST春天,ST春天:青海春天关于控股股东部分股份提前解除质押的公告,股份质押、冻结,2024-07-10,https://data.eastmoney.com/notices/detail/600381/AN202407091637720915.html
600381,*ST春天,ST春天:青海春天2024年半年度业绩预告,业绩预告,2024-07-10,https://data.eastmoney.com/notices/detail/600381/AN202407091637720914.html
601137,博威合金,博威合金:博威合金关于2023年股票期权与限制性股票激励计划首次授予股票期权第一个行权期自主行权实施公告,股权激励进展公告,2024-07-10,https://data.eastmoney.com/notices/detail/601137/AN202407091637720910.html
600482,中国动力,中国动力:中国船舶重工集团动力股份有限公司2024年半年度业绩预增公告,业绩预告,2024-07-10,https://data.eastmoney.com/notices/detail/600482/AN202407091637720911.html
603023,威帝股份,*ST威帝:哈尔滨威帝电子股份有限公司2024半年度业绩预增公告,业绩预告,2024-07-10,https://data.eastmoney.com/notices/detail/603023/AN202407091637720912.html
603717,天域生物,天域生态:2024年半年度业绩预盈公告,业绩预告,2024-07-10,https://data.eastmoney.com/notices/detail/603717/AN202407091637720908.html
688478,晶升股份,晶升股份:南京晶升装备股份有限公司2024年半年度业绩预告的自愿性披露公告,业绩预告,2024-07-10,https://data.eastmoney.com/notices/detail/688478/AN202407091637720882.html
600293,三峡新材,三峡新材:湖北三峡新型建材股份有限公司2024年半年度业绩预盈公告,业绩预告,2024-07-10,https://data.eastmoney.com/notices/detail/600293/AN202407091637720881.html
603389,亚振家居,亚振家居:亚振家居股份有限公司关于2024年半年度业绩预亏公告,业绩预告,2024-07-10,https://data.eastmoney.com/notices/detail/603389/AN202407091637720859.html
600828,茂业商业,茂业商业:茂业商业关于为全资子公司提供担保的公告,提供/对外担保公告,2024-07-10,https://data.eastmoney.com/notices/detail/600828/AN202407091637720860.html
688786,悦安新材,悦安新材:江西悦安新材料股份有限公司关于持股5%以上股东权益变动超过1%的提示性公告,权益变动报告书,2024-07-10,https://data.eastmoney.com/notices/detail/688786/AN202407091637720854.html
002141,贤丰控股,*ST贤丰:股票可能被终止上市的风险提示公告,终止上市风险提示,2024-07-10,https://data.eastmoney.com/notices/detail/002141/AN202407091637720867.html
000800,一汽解放,一汽解放:关于2024年6月份产销快报的自愿性信息披露公告,月度经营情况,2024-07-10,https://data.eastmoney.com/notices/detail/000800/AN202407091637720866.html
000776,广发证券,广发证券:关于向专业投资者公开发行公司债券获得中国证监会注册批复的公告,其他,2024-07-10,https://data.eastmoney.com/notices/detail/000776/AN202407091637720865.html
605258,协和电子,协和电子:2024年半年度业绩预告,业绩预告,2024-07-10,https://data.eastmoney.com/notices/detail/605258/AN202407091637720841.html
605358,立昂微,立昂微:立昂微2024年半年度业绩预告,业绩预告,2024-07-10,https://data.eastmoney.com/notices/detail/605358/AN202407091637720821.html
603810,丰山集团,丰山集团:2024年半年度业绩预亏公告,业绩预告,2024-07-10,https://data.eastmoney.com/notices/detail/603810/AN202407091637720822.html
000953,中哲精化,河化股份:关于以集中竞价交易方式回购公司股份方案的公告,回购预案,2024-07-10,https://data.eastmoney.com/notices/detail/000953/AN202407091637720829.html
000953,中哲精化,河化股份:第十届董事会第十七次会议决议公告,董事会决议公告,2024-07-10,https://data.eastmoney.com/notices/detail/000953/AN202407091637720828.html
600565,ST迪马,ST迪马:ST迪马关于公司控股股东申请重整的进展公告,重组进展公告,2024-07-10,https://data.eastmoney.com/notices/detail/600565/AN202407091637720811.html
603115,海星股份,海星股份:关于公司2024年股票期权激励计划激励对象名单的核查意见及公示情况说明,保荐/核查意见,2024-07-10,https://data.eastmoney.com/notices/detail/603115/AN202407091637720812.html
600080,ST金花,金花股份:金花企业(集团)股份有限公司2024年半年度业绩预告,业绩预告,2024-07-10,https://data.eastmoney.com/notices/detail/600080/AN202407091637720787.html
688026,洁特生物,洁特生物:关于股份回购实施结果暨股份变动的公告,股本变动,2024-07-10,https://data.eastmoney.com/notices/detail/688026/AN202407091637720772.html
600133,东湖高新,东湖高新:2023年年度权益分派实施公告,分配方案实施,2024-07-10,https://data.eastmoney.com/notices/detail/600133/AN202407091637720768.html
600184,光电股份,光电股份:北方光电股份有限公司2024年半年度业绩预告,业绩预告,2024-07-10,https://data.eastmoney.com/notices/detail/600184/AN202407091637720763.html
688578,艾力斯,艾力斯:上海艾力斯医药科技股份有限公司关于收到仲裁通知的公告,诉讼仲裁,2024-07-10,https://data.eastmoney.com/notices/detail/688578/AN202407091637720718.html
002685,华东重机,华东重机:2024年半年度业绩预告,业绩预告,2024-07-10,https://data.eastmoney.com/notices/detail/002685/AN202407091637720705.html
600594,益佰制药,益佰制药:贵州益佰制药股份有限公司2024年半年度业绩预告,业绩预告,2024-07-10,https://data.eastmoney.com/notices/detail/600594/AN202407091637720678.html
603797,联泰环保,联泰环保:关于“联泰转债”可选择回售的第六次提示性公告,其他,2024-07-10,https://data.eastmoney.com/notices/detail/603797/AN202407091637720679.html
603176,汇通集团,汇通集团:汇通集团关于项目中标的公告,重大合同,2024-07-10,https://data.eastmoney.com/notices/detail/603176/AN202407091637720677.html
601212,白银有色,白银有色:白银有色集团股份有限公司2024年半年度业绩预告的公告,业绩预告,2024-07-10,https://data.eastmoney.com/notices/detail/601212/AN202407091637720675.html
601212,白银有色,白银有色:白银有色集团股份有限公司关于对外担保进展的公告,提供/对外担保公告,2024-07-10,https://data.eastmoney.com/notices/detail/601212/AN202407091637720676.html
601881,中国银河,中国银河:2023年度权益分派实施公告,分配方案实施,2024-07-10,https://data.eastmoney.com/notices/detail/601881/AN202407091637720606.html
600105,永鼎股份,永鼎股份:永鼎股份关于为子公司申请年度银行授信提供担保的进展公告,提供/对外担保公告,2024-07-10,https://data.eastmoney.com/notices/detail/600105/AN202407091637720648.html
600756,浪潮软件,浪潮软件:浪潮软件2024年半年度业绩预告,业绩预告,2024-07-10,https://data.eastmoney.com/notices/detail/600756/AN202407091637720647.html
601939,建设银行,建设银行:建设银行关于境内2024年二级资本债券(第二期)发行完毕的公告,其他,2024-07-10,https://data.eastmoney.com/notices/detail/601939/AN202407091637720595.html
601666,平煤股份,平煤股份:华泰联合证券关于平煤股份公开发行可转换公司债券2024年第一次临时受托管理事务报告,其他,2024-07-10,https://data.eastmoney.com/notices/detail/601666/AN202407091637720642.html
600728,佳都科技,佳都科技:佳都科技2024年半年度业绩预告公告,业绩预告,2024-07-10,https://data.eastmoney.com/notices/detail/600728/AN202407091637720630.html
600960,渤海汽车,渤海汽车:渤海汽车2024年半年度业绩预亏公告,业绩预告,2024-07-10,https://data.eastmoney.com/notices/detail/600960/AN202407091637720629.html
000767,晋控电力,晋控电力:2024年半年度业绩预告,业绩预告,2024-07-10,https://data.eastmoney.com/notices/detail/000767/AN202407091637720628.html
000692,惠天热电,惠天热电:2024年半年度业绩预告,业绩预告,2024-07-10,https://data.eastmoney.com/notices/detail/000692/AN202407091637720627.html
000692,惠天热电,惠天热电:关于累计新增诉讼事项的公告,诉讼仲裁,2024-07-10,https://data.eastmoney.com/notices/detail/000692/AN202407091637720626.html
002414,高德红外,高德红外:2024年半年度业绩预告,业绩预告,2024-07-10,https://data.eastmoney.com/notices/detail/002414/AN202407091637720625.html
002795,永和智控,永和智控:2024年半年度业绩预告,业绩预告,2024-07-10,https://data.eastmoney.com/notices/detail/002795/AN202407091637720624.html
002582,好想你,好想你:2024年半年度业绩预告,业绩预告,2024-07-10,https://data.eastmoney.com/notices/detail/002582/AN202407091637720623.html
002097,山河智能,山河智能:2023年年度权益分派实施公告,分配方案实施,2024-07-10,https://data.eastmoney.com/notices/detail/002097/AN202407091637720622.html
001358,兴欣新材,兴欣新材:2024年半年度业绩预告,业绩预告,2024-07-10,https://data.eastmoney.com/notices/detail/001358/AN202407091637720621.html
000856,冀东装备,冀东装备:2024年半年度业绩预告,业绩预告,2024-07-10,https://data.eastmoney.com/notices/detail/000856/AN202407091637720620.html
002405,四维图新,四维图新:2024年半年度业绩预告,业绩预告,2024-07-10,https://data.eastmoney.com/notices/detail/002405/AN202407091637720619.html
002430,杭氧股份,杭氧股份:关于“杭氧转债”预计触发转股价格向下修正条件的提示性公告,其他,2024-07-10,https://data.eastmoney.com/notices/detail/002430/AN202407091637720618.html
603439,三力制药,贵州三力:关于公司独立董事被指定居所监视居住的公告,其他,2024-07-10,https://data.eastmoney.com/notices/detail/603439/AN202407091637720605.html
603131,上海沪工,上海沪工:关于注册资本事项完成工商变更登记的公告,公司注册资本变更,2024-07-10,https://data.eastmoney.com/notices/detail/603131/AN202407091637720596.html
600869,远东股份,远东股份:2024年半年度业绩预亏公告,业绩预告,2024-07-10,https://data.eastmoney.com/notices/detail/600869/AN202407091637720594.html
605196,华通线缆,华通线缆:华通线缆2023年年度权益分派实施公告,分配方案实施,2024-07-10,https://data.eastmoney.com/notices/detail/605196/AN202407091637720584.html
603901,永创智能,永创智能:关于以集中竞价交易方式回购股份的回购报告书,回购报告书,2024-07-10,https://data.eastmoney.com/notices/detail/603901/AN202407091637720574.html
600319,亚星化学,亚星化学:潍坊亚星化学股份有限公司2024年半年度业绩预告,业绩预告,2024-07-10,https://data.eastmoney.com/notices/detail/600319/AN202407091637720575.html
603313,梦百合,梦百合:关于公司控股股东部分股权补充质押的公告,股份质押、冻结,2024-07-10,https://data.eastmoney.com/notices/detail/603313/AN202407091637720572.html
603901,永创智能,永创智能:关于公司前10大股东和前10大无限售条件股东持股情况的公告,其他,2024-07-10,https://data.eastmoney.com/notices/detail/603901/AN202407091637720573.html
603778,国晟科技,国晟科技:2024年半年度业绩预告公告,业绩预告,2024-07-10,https://data.eastmoney.com/notices/detail/603778/AN202407091637720561.html
603718,*ST海利,海利生物:海利生物关于2024年半年度业绩预告的公告,业绩预告,2024-07-10,https://data.eastmoney.com/notices/detail/603718/AN202407091637720549.html
301043,绿岛风,绿岛风:关于使用部分闲置募集资金及自有资金进行现金管理的进展公告,募集资金使用进展情况,2024-07-10,https://data.eastmoney.com/notices/detail/301043/AN202407091637720550.html
600300,维维股份,维维股份:维维食品饮料股份有限公司2024年半年度业绩预增公告,业绩预告,2024-07-10,https://data.eastmoney.com/notices/detail/600300/AN202407091637720548.html
600704,物产中大,物产中大:物产中大关于2021年限制性股票激励计划首次授予部分第二个解除限售期解除限售暨上市流通的提示性公告,限售股份上市流通,2024-07-10,https://data.eastmoney.com/notices/detail/600704/AN202407091637720505.html
600704,物产中大,物产中大:浙江京衡律师事务所关于物产中大集团股份有限公司2021年限制性股票激励计划首次授予部分第二个解除限售期解除限售条件成就相关事项的法律意见书,法律意见书,2024-07-10,https://data.eastmoney.com/notices/detail/600704/AN202407091637720504.html
600684,珠江股份,珠江股份:2024年半年度业绩预亏公告,业绩预告,2024-07-10,https://data.eastmoney.com/notices/detail/600684/AN202407091637720497.html
600072,中船科技,中船科技:中船科技有限公司关于子公司涉及诉讼的结果公告,其他,2024-07-10,https://data.eastmoney.com/notices/detail/600072/AN202407091637720473.html
600748,上实发展,上实发展:上实发展2024年半年度业绩预亏公告,业绩预告,2024-07-10,https://data.eastmoney.com/notices/detail/600748/AN202407091637720474.html
600072,中船科技,中船科技:中船科技有限公司2024年半年度业绩预亏公告,业绩预告,2024-07-10,https://data.eastmoney.com/notices/detail/600072/AN202407091637720475.html
600301,华锡有色,华锡有色:广西华锡有色金属股份有限公司2024年半年度业绩预告,业绩预告,2024-07-10,https://data.eastmoney.com/notices/detail/600301/AN202407091637720450.html
600882,妙可蓝多,妙可蓝多:2024年半年度业绩预增公告,业绩预告,2024-07-10,https://data.eastmoney.com/notices/detail/600882/AN202407091637720449.html
603375,盛景微,盛景微:2024年半年度业绩预告,业绩预告,2024-07-10,https://data.eastmoney.com/notices/detail/603375/AN202407091637720434.html
600881,亚泰集团,亚泰集团:吉林亚泰(集团)股份有限公司2024年半年度业绩预亏公告,业绩预告,2024-07-10,https://data.eastmoney.com/notices/detail/600881/AN202407091637720415.html
000961,ST中南,ST中南:关于股票终止上市暨摘牌的公告,终止上市,2024-07-10,https://data.eastmoney.com/notices/detail/000961/AN202407091637720410.html
601121,宝地矿业,宝地矿业:2024年半年度业绩预告,业绩预告,2024-07-10,https://data.eastmoney.com/notices/detail/601121/AN202407091637720405.html
603211,晋拓股份,晋拓股份:晋拓科技股份有限公司2023年年度权益分派实施公告,分配方案实施,2024-07-10,https://data.eastmoney.com/notices/detail/603211/AN202407091637720406.html
688425,铁建重工,铁建重工:中国铁建重工集团股份有限公司关于归还暂时补充流动资金的闲置募集资金的公告,归还募集资金,2024-07-10,https://data.eastmoney.com/notices/detail/688425/AN202407091637720389.html
600418,江淮汽车,江淮汽车:江淮汽车2024年半年度业绩预增公告,业绩预告,2024-07-10,https://data.eastmoney.com/notices/detail/600418/AN202407091637720370.html
603535,嘉诚国际,嘉诚国际:广州市嘉诚国际物流股份有限公司2024年第一次临时股东大会会议资料,股东大会资料,2024-07-10,https://data.eastmoney.com/notices/detail/603535/AN202407091637720371.html
688307,中润光学,中润光学:关于变更签字会计师的公告,公司关联方基本资料变更,2024-07-10,https://data.eastmoney.com/notices/detail/688307/AN202407091637720253.html
601588,北辰实业,北辰实业:北辰实业关于控股股东增持公司股份计划的公告,股东/实际控制人股份增持,2024-07-10,https://data.eastmoney.com/notices/detail/601588/AN202407091637720173.html
601588,北辰实业,北辰实业:北辰实业2024年半年度业绩预亏公告,业绩预告,2024-07-10,https://data.eastmoney.com/notices/detail/601588/AN202407091637720175.html
603773,沃格光电,沃格光电:江西沃格光电股份有限公司2024年半年度业绩预告,业绩预告,2024-07-10,https://data.eastmoney.com/notices/detail/603773/AN202407091637720219.html
600753,ST海钦,庚星股份:庚星股份2024年半年度业绩预亏公告,业绩预告,2024-07-10,https://data.eastmoney.com/notices/detail/600753/AN202407091637720220.html
688153,唯捷创芯,唯捷创芯:第四届董事会第三次会议决议公告,董事会决议公告,2024-07-10,https://data.eastmoney.com/notices/detail/688153/AN202407091637720216.html
688153,唯捷创芯,唯捷创芯:关于调整2020年股票期权激励计划行权价格的公告,股权激励行权价（数量）调整,2024-07-10,https://data.eastmoney.com/notices/detail/688153/AN202407091637720218.html
688153,唯捷创芯,唯捷创芯:第四届监事会第二次会议决议公告,监事会决议公告,2024-07-10,https://data.eastmoney.com/notices/detail/688153/AN202407091637720215.html
688153,唯捷创芯,唯捷创芯:上海市锦天城(深圳)律师事务所关于唯捷创芯(天津)电子技术股份有限公司2020年股票期权激励计划行权价格调整事项的法律意见书,产品价格调整,2024-07-10,https://data.eastmoney.com/notices/detail/688153/AN202407091637720217.html
600021,上海电力,上海电力:上海电力股份有限公司2024年第二次临时股东大会决议公告,股东大会决议公告,2024-07-10,https://data.eastmoney.com/notices/detail/600021/AN202407091637720207.html
600021,上海电力,上海电力:上海电力股份有限公司2024年上半年发电量完成情况公告,月度经营情况,2024-07-10,https://data.eastmoney.com/notices/detail/600021/AN202407091637720209.html
600021,上海电力,上海电力:上海电力2024年第二次临时股东大会的法律意见书,法律意见书,2024-07-10,https://data.eastmoney.com/notices/detail/600021/AN202407091637720210.html
600021,上海电力,上海电力:上海电力股份有限公司2024年半年度业绩预增公告,业绩预告,2024-07-10,https://data.eastmoney.com/notices/detail/600021/AN202407091637720208.html
600343,航天动力,航天动力:航天动力2024年半年度业绩预亏公告,业绩预告,2024-07-10,https://data.eastmoney.com/notices/detail/600343/AN202407091637720196.html
603839,安正时尚,安正时尚:安正时尚集团股份有限公司2024年半年度业绩预告,业绩预告,2024-07-10,https://data.eastmoney.com/notices/detail/603839/AN202407091637720174.html
603655,朗博科技,朗博科技:国浩律师(上海)事务所关于朗博科技差异化分红事项之专项法律意见书,法律意见书,2024-07-10,https://data.eastmoney.com/notices/detail/603655/AN202407091637720153.html
603655,朗博科技,朗博科技:2023年年度权益分派实施公告,分配方案实施,2024-07-10,https://data.eastmoney.com/notices/detail/603655/AN202407091637720152.html
600691,潞化科技,阳煤化工:阳煤化工股份有限公司2024半年度业绩预亏公告,业绩预告,2024-07-10,https://data.eastmoney.com/notices/detail/600691/AN202407091637720149.html
600521,华海药业,华海药业:浙江华海药业股份有限公司关于向子公司提供担保的进展公告,提供/对外担保公告,2024-07-10,https://data.eastmoney.com/notices/detail/600521/AN202407091637720150.html
600691,潞化科技,阳煤化工:阳煤化工股份有限公司关于为子公司提供担保的公告,提供/对外担保公告,2024-07-10,https://data.eastmoney.com/notices/detail/600691/AN202407091637720151.html
002431,ST棕榈,棕榈股份:2024年半年度业绩预告,业绩预告,2024-07-10,https://data.eastmoney.com/notices/detail/002431/AN202407091637720148.html
002036,联创电子,联创电子:关于募集资金账户注销完成的公告,募集资金使用情况报告,2024-07-10,https://data.eastmoney.com/notices/detail/002036/AN202407091637720147.html
002510,天汽模,天汽模:关于公司股票及可转换公司债券复牌的公告,复牌公告,2024-07-10,https://data.eastmoney.com/notices/detail/002510/AN202407091637720145.html
002510,天汽模,天汽模:关于控股股东、实际控制人签署《股份转让意向性协议》暨公司控制权拟发生变更的提示性公告,签订协议,2024-07-10,https://data.eastmoney.com/notices/detail/002510/AN202407091637720144.html
300774,倍杰特,倍杰特:关于中标候选人公示的提示性公告,重大合同,2024-07-10,https://data.eastmoney.com/notices/detail/300774/AN202407091637720146.html
603937,丽岛新材,丽岛新材:2024年半年度业绩预告,业绩预告,2024-07-10,https://data.eastmoney.com/notices/detail/603937/AN202407091637720137.html
600508,上海能源,上海能源:上海能源2024年半年度业绩预减公告,业绩预告,2024-07-10,https://data.eastmoney.com/notices/detail/600508/AN202407091637720117.html
603060,国检集团,国检集团:国检集团2024年半年度业绩快报公告,业绩快报,2024-07-10,https://data.eastmoney.com/notices/detail/603060/AN202407091637720115.html
600508,上海能源,上海能源:上海能源2023年年度权益分派实施公告,分配方案实施,2024-07-10,https://data.eastmoney.com/notices/detail/600508/AN202407091637720114.html
600711,盛屯矿业,盛屯矿业:盛屯矿业集团股份有限公司2024年半年度业绩预增公告,业绩预告,2024-07-10,https://data.eastmoney.com/notices/detail/600711/AN202407091637720116.html
600096,云天化,云天化:云天化第九届监事会第二十八次会议决议公告,监事会决议公告,2024-07-10,https://data.eastmoney.com/notices/detail/600096/AN202407091637720088.html
603729,ST龙韵,龙韵股份:上海龙韵文创科技集团股份有限公司关于全资子公司变更公司名称及经营范围并完成工商变更登记的公告,公司关联方基本资料变更,2024-07-10,https://data.eastmoney.com/notices/detail/603729/AN202407091637720089.html
603729,ST龙韵,龙韵股份:上海龙韵文创科技集团股份有限公司2024年半年度业绩预亏的公告,业绩预告,2024-07-10,https://data.eastmoney.com/notices/detail/603729/AN202407091637720074.html
601233,桐昆股份,桐昆股份:桐昆集团股份有限公司2023年年度权益分派实施公告,分配方案实施,2024-07-10,https://data.eastmoney.com/notices/detail/601233/AN202407091637720079.html
601233,桐昆股份,桐昆股份:国信证券股份有限公司关于桐昆集团股份有限公司差异化分红事项的核查意见,保荐/核查意见,2024-07-10,https://data.eastmoney.com/notices/detail/601233/AN202407091637720080.html
600439,ST瑞贝卡,瑞贝卡:2023年年度权益分派实施公告,分配方案实施,2024-07-10,https://data.eastmoney.com/notices/detail/600439/AN202407091637720078.html
600096,云天化,云天化:云天化第九届董事会提名委员会关于提名副总经理候选人的任职资格审查意见,专项说明/独立意见,2024-07-10,https://data.eastmoney.com/notices/detail/600096/AN202407091637720071.html
600096,云天化,云天化:云天化2024年半年度业绩预告,业绩预告,2024-07-10,https://data.eastmoney.com/notices/detail/600096/AN202407091637720072.html
600331,宏达股份,宏达股份:2024年半年度业绩预盈公告,业绩预告,2024-07-10,https://data.eastmoney.com/notices/detail/600331/AN202407091637720077.html
600096,云天化,云天化:云天化关于变更会计师事务所的公告,审计机构变更,2024-07-10,https://data.eastmoney.com/notices/detail/600096/AN202407091637720075.html
600096,云天化,云天化:云天化审计委员会关于第九届董事会第二十九次(临时)会议相关事项的审核意见,专项说明/独立意见,2024-07-10,https://data.eastmoney.com/notices/detail/600096/AN202407091637720073.html
600096,云天化,云天化:云天化关于召开2024年第二次临时股东大会的通知,召开股东大会通知,2024-07-10,https://data.eastmoney.com/notices/detail/600096/AN202407091637720070.html
600096,云天化,云天化:云天化第九届董事会第二十九次(临时)会议决议公告,高管人员任职变动,2024-07-10,https://data.eastmoney.com/notices/detail/600096/AN202407091637720076.html
600100,同方股份,同方股份:同方股份有限公司2024年半年度业绩预告,业绩预告,2024-07-10,https://data.eastmoney.com/notices/detail/600100/AN202407091637719938.html
603066,音飞储存,音飞储存:音飞储存2023年年度权益分派实施公告,分配方案实施,2024-07-10,https://data.eastmoney.com/notices/detail/603066/AN202407091637719929.html
603278,大业股份,大业股份:大业股份2024年半年度业绩预亏公告,业绩预告,2024-07-10,https://data.eastmoney.com/notices/detail/603278/AN202407091637719928.html
603066,音飞储存,音飞储存:江苏世纪同仁律师事务所关于音飞储存差异化分红事项之专项法律意见书,法律意见书,2024-07-10,https://data.eastmoney.com/notices/detail/603066/AN202407091637719930.html
600855,航天长峰,航天长峰:北京航天长峰股份有限公司2024年半年度业绩预亏公告,业绩预告,2024-07-10,https://data.eastmoney.com/notices/detail/600855/AN202407091637719913.html
600403,大有能源,大有能源:河南大有能源股份有限公司2024年半年度经营数据公告,月度经营情况,2024-07-10,https://data.eastmoney.com/notices/detail/600403/AN202407091637719908.html
603002,宏昌电子,宏昌电子:宏昌电子关于全资子公司获得发明专利证书的公告,其他,2024-07-10,https://data.eastmoney.com/notices/detail/603002/AN202407091637719905.html
601088,中国神华,中国神华:中国神华2024年上半年业绩预告,业绩预告,2024-07-10,https://data.eastmoney.com/notices/detail/601088/AN202407091637719907.html
600403,大有能源,大有能源:河南大有能源股份有限公司2024年半年度业绩预亏公告,业绩预告,2024-07-10,https://data.eastmoney.com/notices/detail/600403/AN202407091637719906.html
601992,金隅集团,金隅集团:北京金隅集团股份有限公司2024年半年度业绩预亏公告,业绩预告,2024-07-10,https://data.eastmoney.com/notices/detail/601992/AN202407091637719856.html
600665,天地源,天地源:天地源股份有限公司2024年半年度业绩预告,业绩预告,2024-07-10,https://data.eastmoney.com/notices/detail/600665/AN202407091637719889.html
600665,天地源,天地源:天地源股份有限公司2024年第二季度房地产项目经营情况简报,月度经营情况,2024-07-10,https://data.eastmoney.com/notices/detail/600665/AN202407091637719888.html
688557,兰剑智能,兰剑智能:兰剑智能科技股份有限公司关于自愿披露项目中标的公告,重大合同,2024-07-10,https://data.eastmoney.com/notices/detail/688557/AN202407091637719881.html
002801,微光股份,微光股份:关于继续开展外汇套期保值业务的可行性分析报告,其他,2024-07-10,https://data.eastmoney.com/notices/detail/002801/AN202407091637719878.html
002801,微光股份,微光股份:第五届董事会第十五次会议决议公告,董事会决议公告,2024-07-10,https://data.eastmoney.com/notices/detail/002801/AN202407091637719873.html
002153,石基信息,石基信息:第八届监事会第十次会议决议公告,监事会决议公告,2024-07-10,https://data.eastmoney.com/notices/detail/002153/AN202407091637719868.html
002801,微光股份,微光股份:关于继续开展商品期货套期保值业务的可行性分析报告,其他,2024-07-10,https://data.eastmoney.com/notices/detail/002801/AN202407091637719879.html
002801,微光股份,微光股份:关于继续开展外汇套期保值业务的公告,其他,2024-07-10,https://data.eastmoney.com/notices/detail/002801/AN202407091637719876.html
002153,石基信息,石基信息:第八届董事会2024年第三次临时会议决议公告,董事会决议公告,2024-07-10,https://data.eastmoney.com/notices/detail/002153/AN202407091637719867.html
002801,微光股份,微光股份:关于继续开展商品期货套期保值业务的公告,其他,2024-07-10,https://data.eastmoney.com/notices/detail/002801/AN202407091637719874.html
000032,深桑达A,深桑达Ａ:2024年半年度业绩预告,业绩预告,2024-07-10,https://data.eastmoney.com/notices/detail/000032/AN202407091637719880.html
002801,微光股份,微光股份:关于召开2024年第一次临时股东大会的通知,召开股东大会通知,2024-07-10,https://data.eastmoney.com/notices/detail/002801/AN202407091637719875.html
001205,盛航股份,盛航股份:关于为联营企业下属子公司提供担保的进展公告,提供/对外担保公告,2024-07-10,https://data.eastmoney.com/notices/detail/001205/AN202407091637719869.html
001301,尚太科技,尚太科技:关于完成工商登记并换发营业执照的公告,公司注册资本变更,2024-07-10,https://data.eastmoney.com/notices/detail/001301/AN202407091637719871.html
002801,微光股份,微光股份:关于使用部分闲置自有资金进行委托理财及证券投资的公告,委托（受托）事项,2024-07-10,https://data.eastmoney.com/notices/detail/002801/AN202407091637719872.html
003026,中晶科技,中晶科技:关于收购控股子公司少数股东股权进展暨完成工商变更登记的公告,公司关联方基本资料变更,2024-07-10,https://data.eastmoney.com/notices/detail/003026/AN202407091637719870.html
002801,微光股份,微光股份:第五届监事会第十四次会议决议公告,监事会决议公告,2024-07-10,https://data.eastmoney.com/notices/detail/002801/AN202407091637719877.html
600208,衢州发展,新湖中宝:2024年第四次临时股东大会会议资料,股东大会资料,2024-07-10,https://data.eastmoney.com/notices/detail/600208/AN202407091637719855.html
600158,中体产业,中体产业:中体产业2024年半年度业绩预增公告,业绩预告,2024-07-10,https://data.eastmoney.com/notices/detail/600158/AN202407091637719836.html
600158,中体产业,中体产业:中体产业2023年年度权益分派实施公告,分配方案实施,2024-07-10,https://data.eastmoney.com/notices/detail/600158/AN202407091637719835.html
600510,黑牡丹,黑牡丹:关于为子公司提供担保的进展公告,提供/对外担保公告,2024-07-10,https://data.eastmoney.com/notices/detail/600510/AN202407091637719805.html
600510,黑牡丹,黑牡丹:2024年第二季度房地产经营情况简报,月度经营情况,2024-07-10,https://data.eastmoney.com/notices/detail/600510/AN202407091637719808.html
603507,振江股份,振江股份:振江股份关于职工代表监事离职及补选职工代表监事的公告,高管人员任职变动,2024-07-10,https://data.eastmoney.com/notices/detail/603507/AN202407091637719807.html
603507,振江股份,振江股份:振江股份2024年半年度业绩预增公告,业绩预告,2024-07-10,https://data.eastmoney.com/notices/detail/603507/AN202407091637719802.html
600620,天宸股份,天宸股份:上海市天宸股份有限公司2024年半年度业绩预减公告,业绩预告,2024-07-10,https://data.eastmoney.com/notices/detail/600620/AN202407091637719803.html
603507,振江股份,振江股份:振江股份关于收到部分业绩补偿款的公告,其他,2024-07-10,https://data.eastmoney.com/notices/detail/603507/AN202407091637719806.html
600510,黑牡丹,黑牡丹:2024年半年度业绩预告,业绩预告,2024-07-10,https://data.eastmoney.com/notices/detail/600510/AN202407091637719804.html
003037,三和管桩,三和管桩:2024年半年度业绩预告,业绩预告,2024-07-10,https://data.eastmoney.com/notices/detail/003037/AN202407091637719787.html
002302,西部建设,西部建设:2024年半年度业绩预告,业绩预告,2024-07-10,https://data.eastmoney.com/notices/detail/002302/AN202407091637719786.html
600841,动力新科,动力新科:动力新科2024年半年度业绩预告,业绩预告,2024-07-10,https://data.eastmoney.com/notices/detail/600841/AN202407091637719612.html
600909,华安证券,华安证券:华安证券股份有限公司关于向专业投资者公开发行次级公司债券获中国证券监督管理委员会注册批复的公告,其他,2024-07-10,https://data.eastmoney.com/notices/detail/600909/AN202407091637719655.html
600866,星湖科技,星湖科技:2024年半年度业绩预告,业绩预告,2024-07-10,https://data.eastmoney.com/notices/detail/600866/AN202407091637719654.html
002976,瑞玛精密,瑞玛精密:2024年半年度业绩预告,业绩预告,2024-07-10,https://data.eastmoney.com/notices/detail/002976/AN202407091637719757.html
600183,生益科技,生益科技:生益科技2024年半年度业绩预增公告,业绩预告,2024-07-10,https://data.eastmoney.com/notices/detail/600183/AN202407091637719641.html
001376,百通能源,百通能源:2024年半年度业绩预告,业绩预告,2024-07-10,https://data.eastmoney.com/notices/detail/001376/AN202407091637719622.html
603688,石英股份,石英股份:江苏太平洋石英股份有限公司2024年半年度业绩预告,业绩预告,2024-07-10,https://data.eastmoney.com/notices/detail/603688/AN202407091637719614.html
600119,*ST长投,长江投资:关于选举第九届监事会职工监事的公告,高管人员任职变动,2024-07-10,https://data.eastmoney.com/notices/detail/600119/AN202407091637719613.html
603123,翠微股份,翠微股份:翠微股份2024年半年度业绩预亏公告,业绩预告,2024-07-10,https://data.eastmoney.com/notices/detail/603123/AN202407091637719609.html
600271,航天信息,航天信息:航天信息股份有限公司2024年半年度业绩预告,业绩预告,2024-07-10,https://data.eastmoney.com/notices/detail/600271/AN202407091637719610.html
600396,华电辽能,金山股份:2024年半年度业绩预盈公告,业绩预告,2024-07-10,https://data.eastmoney.com/notices/detail/600396/AN202407091637719611.html
300820,英杰电气,英杰电气:关于续聘会计师事务所的公告,审计机构变更,2024-07-10,https://data.eastmoney.com/notices/detail/300820/AN202407091637719580.html
300820,英杰电气,英杰电气:第五届监事会第十次会议决议公告,监事会决议公告,2024-07-10,https://data.eastmoney.com/notices/detail/300820/AN202407091637719578.html
300820,英杰电气,英杰电气:关于召开2024年第二次临时股东大会的通知,召开股东大会通知,2024-07-10,https://data.eastmoney.com/notices/detail/300820/AN202407091637719579.html
300820,英杰电气,英杰电气:关于回购公司股份方案的公告,回购预案,2024-07-10,https://data.eastmoney.com/notices/detail/300820/AN202407091637719555.html
300820,英杰电气,英杰电气:第五届董事会第十次会议决议公告,董事会决议公告,2024-07-10,https://data.eastmoney.com/notices/detail/300820/AN202407091637719554.html
002298,中电鑫龙,中电兴发:2024年半年度业绩预告,业绩预告,2024-07-10,https://data.eastmoney.com/notices/detail/002298/AN202407091637719553.html
603327,福蓉科技,福蓉科技:关于股份回购实施结果暨股份变动的公告,股本变动,2024-07-10,https://data.eastmoney.com/notices/detail/603327/AN202407091637719544.html
601069,西部黄金,西部黄金:西部黄金股份有限公司2024年半年度业绩预盈公告,业绩预告,2024-07-10,https://data.eastmoney.com/notices/detail/601069/AN202407091637719522.html
603813,原尚股份,原尚股份:原尚股份2024年半年度业绩预告,业绩预告,2024-07-10,https://data.eastmoney.com/notices/detail/603813/AN202407091637719516.html
600894,广日股份,广日股份:广州广日股份有限公司2023年股票期权与限制性股票激励计划授予结果公告,股权激励进展公告,2024-07-10,https://data.eastmoney.com/notices/detail/600894/AN202407091637719511.html
600405,动力源,动力源:动力源2024年半年度业绩预告,业绩预告,2024-07-10,https://data.eastmoney.com/notices/detail/600405/AN202407091637719510.html
600282,南钢股份,南钢股份:南京钢铁股份有限公司关于控股子公司终止上市辅导的提示性公告,其他,2024-07-10,https://data.eastmoney.com/notices/detail/600282/AN202407091637719500.html
000922,佳电股份,佳电股份:关于部分限制性股票回购注销完成的公告,股本变动,2024-07-10,https://data.eastmoney.com/notices/detail/000922/AN202407091637719523.html
603068,博通集成,博通集成:博通集成2024年半年度业绩预亏预告,业绩预告,2024-07-10,https://data.eastmoney.com/notices/detail/603068/AN202407091637719480.html
603519,立霸股份,立霸股份:公司股东减持股份结果公告,股东/实际控制人股份减持,2024-07-10,https://data.eastmoney.com/notices/detail/603519/AN202407091637719483.html
600633,浙数文化,浙数文化:浙数文化关于2024年中期分红安排的公告,分配预案,2024-07-10,https://data.eastmoney.com/notices/detail/600633/AN202407091637719482.html
603519,立霸股份,立霸股份:2024年半年度业绩预告,业绩预告,2024-07-10,https://data.eastmoney.com/notices/detail/603519/AN202407091637719484.html
600633,浙数文化,浙数文化:浙数文化关于第十届董事会第十三次会议决议的公告,分配预案,2024-07-10,https://data.eastmoney.com/notices/detail/600633/AN202407091637719479.html
600633,浙数文化,浙数文化:浙数文化关于第十届监事会第七次会议决议的公告,监事会决议公告,2024-07-10,https://data.eastmoney.com/notices/detail/600633/AN202407091637719477.html
600633,浙数文化,浙数文化:浙数文化关于公司控股股东继续增持公司股份计划的公告,股东/实际控制人股份增持,2024-07-10,https://data.eastmoney.com/notices/detail/600633/AN202407091637719478.html
600633,浙数文化,浙数文化:浙数文化2024年半年度业绩预告,业绩预告,2024-07-10,https://data.eastmoney.com/notices/detail/600633/AN202407091637719481.html
603595,ST东尼,东尼电子:东尼电子2024年半年度业绩预亏公告,业绩预告,2024-07-10,https://data.eastmoney.com/notices/detail/603595/AN202407091637719454.html
600803,新奥股份,新奥股份:北京国枫律师事务所关于新奥天然气股份有限公司2021年限制性股票激励计划首次授予及预留授予部分限制性股票回购注销实施情况的法律意见书,法律意见书,2024-07-10,https://data.eastmoney.com/notices/detail/600803/AN202407091637719455.html
603882,金域医学,金域医学:广州金域医学检验集团股份有限公司2024年半年度业绩预减公告,业绩预告,2024-07-10,https://data.eastmoney.com/notices/detail/603882/AN202407091637719452.html
600803,新奥股份,新奥股份:新奥股份关于2021年限制性股票激励计划首次授予及预留授予部分股票回购注销实施的公告,股权激励进展公告,2024-07-10,https://data.eastmoney.com/notices/detail/600803/AN202407091637719453.html
603113,金能科技,金能科技:金能科技股份有限公司关于“金能转债”可选择回售的第三次提示性公告,其他,2024-07-10,https://data.eastmoney.com/notices/detail/603113/AN202407091637719441.html
603789,ST星农,星光农机:星光农机2024年半年度业绩预亏公告,业绩预告,2024-07-10,https://data.eastmoney.com/notices/detail/603789/AN202407091637719417.html
603626,科森科技,科森科技:2024年半年度业绩预告,业绩预告,2024-07-10,https://data.eastmoney.com/notices/detail/603626/AN202407091637719409.html
600433,冠豪高新,冠豪高新:冠豪高新2024年半年度业绩预盈公告,业绩预告,2024-07-10,https://data.eastmoney.com/notices/detail/600433/AN202407091637719404.html
600062,华润双鹤,华润双鹤:华润双鹤关于公司及全资子公司部分产品获得药品补充申请批准通知书及化学原料药上市申请批准通知书的公告,其他,2024-07-10,https://data.eastmoney.com/notices/detail/600062/AN202407091637719403.html
603355,莱克电气,莱克电气:莱克电气关于对上海证券交易所《关于莱克电气股份有限公司2023年年度报告的信息披露监管工作函》的回复公告,其他,2024-07-10,https://data.eastmoney.com/notices/detail/603355/AN202407091637719384.html
603355,莱克电气,莱克电气:信永中和会计师事务所(特殊普通合伙)《关于莱克电气股份有限公司2023年年度报告的信息披露监管工作函》专项回复,会计师事务所问询函回复公告,2024-07-10,https://data.eastmoney.com/notices/detail/603355/AN202407091637719385.html
600400,红豆股份,红豆股份:红豆股份关于实施2023年度利润分配方案后调整回购股份价格上限的公告,回购方案修订,2024-07-10,https://data.eastmoney.com/notices/detail/600400/AN202407091637719378.html
603657,春光科技,春光科技:春光科技2024年半年度业绩预告,业绩预告,2024-07-10,https://data.eastmoney.com/notices/detail/603657/AN202407091637719379.html
600897,厦门空港,厦门空港:厦门空港2024年6月运输生产情况简报,月度经营情况,2024-07-10,https://data.eastmoney.com/notices/detail/600897/AN202407091637719376.html
600897,厦门空港,厦门空港:厦门空港2024年半年度业绩预增公告,业绩预告,2024-07-10,https://data.eastmoney.com/notices/detail/600897/AN202407091637719377.html
301008,宏昌科技,宏昌科技:关于回购公司股份比例达到1％暨回购进展公告,回购进展情况,2024-07-10,https://data.eastmoney.com/notices/detail/301008/AN202407091637719365.html
000736,中交发展,中交地产:第九届董事会第三十八次会议决议公告,董事会决议公告,2024-07-10,https://data.eastmoney.com/notices/detail/000736/AN202407091637719361.html
000736,中交发展,中交地产:关于为项目公司提供担保的公告,提供/对外担保公告,2024-07-10,https://data.eastmoney.com/notices/detail/000736/AN202407091637719364.html
002452,长高电气,长高电新:关于全资子公司在国家电网中标的公告,其他,2024-07-10,https://data.eastmoney.com/notices/detail/002452/AN202407091637719360.html
000736,中交发展,中交地产:关于为项目公司提供财务资助额度的公告,获得补贴（资助）,2024-07-10,https://data.eastmoney.com/notices/detail/000736/AN202407091637719362.html
300601,康泰生物,康泰生物:关于可转换公司债券2024年付息公告,其他,2024-07-10,https://data.eastmoney.com/notices/detail/300601/AN202407091637719359.html
000736,中交发展,中交地产:关于召开2024年第五次临时股东大会的公告,召开股东大会通知,2024-07-10,https://data.eastmoney.com/notices/detail/000736/AN202407091637719363.html
603885,吉祥航空,吉祥航空:上海吉祥航空股份有限公司2024年半年度业绩预增公告,业绩预告,2024-07-10,https://data.eastmoney.com/notices/detail/603885/AN202407091637719222.html
000736,中交发展,中交地产:关于为项目公司提供财务资助的公告,获得补贴（资助）,2024-07-10,https://data.eastmoney.com/notices/detail/000736/AN202407091637719186.html
002457,青龙管业,青龙管业:2024年半年度业绩预告,业绩预告,2024-07-10,https://data.eastmoney.com/notices/detail/002457/AN202407091637719185.html
605296,神农集团,神农集团:云南神农农业产业集团股份有限公司2024年半年度业绩预告,业绩预告,2024-07-10,https://data.eastmoney.com/notices/detail/605296/AN202407091637719183.html
605338,巴比食品,巴比食品:关于以集中竞价交易方式首次回购公司股份的公告,回购实施公告,2024-07-10,https://data.eastmoney.com/notices/detail/605338/AN202407091637719184.html
603322,超讯科技,超讯通信:2024年半年度业绩预盈公告,业绩预告,2024-07-10,https://data.eastmoney.com/notices/detail/603322/AN202407091637719177.html
600830,香溢融通,香溢融通:香溢融通控股集团股份有限公司2024年半年度业绩预增公告,业绩预告,2024-07-10,https://data.eastmoney.com/notices/detail/600830/AN202407091637719178.html
603118,共进股份,共进股份:2024年半年度业绩预告,业绩预告,2024-07-10,https://data.eastmoney.com/notices/detail/603118/AN202407091637719169.html
600329,达仁堂,达仁堂:达仁堂关于控股股东冻结股份全部解除冻结的公告,股份质押、冻结,2024-07-10,https://data.eastmoney.com/notices/detail/600329/AN202407091637719145.html
601519,大智慧,大智慧:2024年半年度业绩预告,业绩预告,2024-07-10,https://data.eastmoney.com/notices/detail/601519/AN202407091637719147.html
600533,栖霞建设,栖霞建设:栖霞建设2024年半年度业绩预亏公告,业绩预告,2024-07-10,https://data.eastmoney.com/notices/detail/600533/AN202407091637719146.html
600149,廊坊发展,廊坊发展:2024年半年度业绩预盈公告,业绩预告,2024-07-10,https://data.eastmoney.com/notices/detail/600149/AN202407091637719138.html
003026,中晶科技,中晶科技:关于2022年限制性股票激励计划部分限制性股票回购注销完成公告,股本变动,2024-07-10,https://data.eastmoney.com/notices/detail/003026/AN202407091637719099.html
002211,ST宏达,宏达新材:2024年半年度业绩预告,业绩预告,2024-07-10,https://data.eastmoney.com/notices/detail/002211/AN202407091637719097.html
000655,金岭矿业,金岭矿业:关于副总经理辞职的公告,高管人员任职变动,2024-07-10,https://data.eastmoney.com/notices/detail/000655/AN202407091637719098.html
600664,哈药股份,哈药股份:哈药集团股份有限公司2024年半年度业绩预增公告,业绩预告,2024-07-10,https://data.eastmoney.com/notices/detail/600664/AN202407091637719090.html
603679,华体科技,华体科技:四川华体照明科技股份有限公司2024年半年度业绩预亏公告,业绩预告,2024-07-10,https://data.eastmoney.com/notices/detail/603679/AN202407091637719078.html
605378,野马电池,野马电池:浙江野马电池股份有限公司2024年半年度业绩预告,业绩预告,2024-07-10,https://data.eastmoney.com/notices/detail/605378/AN202407091637719064.html
603348,文灿股份,文灿股份:关于获得客户项目定点的公告,其他,2024-07-10,https://data.eastmoney.com/notices/detail/603348/AN202407091637719045.html
600163,中闽能源,中闽能源:中闽能源2024年上半年发电量完成情况的公告,月度经营情况,2024-07-10,https://data.eastmoney.com/notices/detail/600163/AN202407091637719040.html
605066,天正电气,天正电气:2023年限制性股票激励计划首次授予部分第一个解除限售期限制性股票解除限售暨上市公告,限售股份上市流通,2024-07-10,https://data.eastmoney.com/notices/detail/605066/AN202407091637719034.html
600067,冠城新材,冠城大通:冠城大通2024年半年度业绩预亏公告,业绩预告,2024-07-10,https://data.eastmoney.com/notices/detail/600067/AN202407091637719010.html
600370,*ST三房,三房巷:江苏三房巷聚材股份有限公司关于为全资下属公司提供担保的公告,提供/对外担保公告,2024-07-10,https://data.eastmoney.com/notices/detail/600370/AN202407091637718993.html
600491,ST龙元,龙元建设:龙元建设关于2024年半年度度业绩预告的公告,业绩预告,2024-07-10,https://data.eastmoney.com/notices/detail/600491/AN202407091637718994.html
600370,*ST三房,三房巷:江苏三房巷聚材股份有限公司2024年半年度业绩预告,业绩预告,2024-07-10,https://data.eastmoney.com/notices/detail/600370/AN202407091637718991.html
601162,天风证券,天风证券:天风证券股份有限公司2024年半年度业绩预告,业绩预告,2024-07-10,https://data.eastmoney.com/notices/detail/601162/AN202407091637718992.html
603906,龙蟠科技,龙蟠科技:江苏龙蟠科技股份有限公司2024年第四次临时股东大会会议资料,股东大会资料,2024-07-10,https://data.eastmoney.com/notices/detail/603906/AN202407091637718979.html
600265,*ST景谷,景谷林业:2024年半年度业绩预告,业绩预告,2024-07-10,https://data.eastmoney.com/notices/detail/600265/AN202407091637718969.html
600284,浦东建设,浦东建设:浦东建设关于子公司涉及诉讼的进展公告(四),其他,2024-07-10,https://data.eastmoney.com/notices/detail/600284/AN202407091637718968.html
600419,天润乳业,天润乳业:2024-028新疆天润乳业股份有限公司2024年半年度业绩预亏公告,业绩预告,2024-07-10,https://data.eastmoney.com/notices/detail/600419/AN202407091637718948.html
600619,海立股份,海立股份:海立股份2024年半年度业绩预盈公告,业绩预告,2024-07-10,https://data.eastmoney.com/notices/detail/600619/AN202407091637718939.html
688466,金科环境,金科环境:关于公司监事去世的公告,高管人员任职变动,2024-07-10,https://data.eastmoney.com/notices/detail/688466/AN202407091637718938.html
605336,*ST帅电,帅丰电器:浙江帅丰电器股份有限公司2023年年度权益分派实施公告,分配方案实施,2024-07-10,https://data.eastmoney.com/notices/detail/605336/AN202407091637718931.html
605336,*ST帅电,帅丰电器:浙江帅丰电器股份有限公司2024年半年度业绩预告,业绩预告,2024-07-10,https://data.eastmoney.com/notices/detail/605336/AN202407091637718916.html
600397,江钨装备,安源煤业:安源煤业2024年上半年经营数据公告,月度经营情况,2024-07-10,https://data.eastmoney.com/notices/detail/600397/AN202407091637718901.html
600397,江钨装备,安源煤业:安源煤业2024年半年度业绩预亏公告,业绩预告,2024-07-10,https://data.eastmoney.com/notices/detail/600397/AN202407091637718900.html
001270,铖昌科技,铖昌科技:浙江铖昌科技股份有限公司第二届董事会第八次会议决议公告,董事会决议公告,2024-07-10,https://data.eastmoney.com/notices/detail/001270/AN202407091637718887.html
002054,德美化工,德美化工:关于股份回购结果暨股份变动的公告,股本变动,2024-07-10,https://data.eastmoney.com/notices/detail/002054/AN202407091637718891.html
001270,铖昌科技,铖昌科技:浙江铖昌科技股份有限公司章程,公司章程,2024-07-10,https://data.eastmoney.com/notices/detail/001270/AN202407091637718888.html
002513,蓝丰生化,蓝丰生化:监事会关于公司2024年股权激励计划激励对象名单的审核意见及公示情况说明,专项说明/独立意见,2024-07-10,https://data.eastmoney.com/notices/detail/002513/AN202407091637718890.html
002054,德美化工,德美化工:2024年半年度业绩预告,业绩预告,2024-07-10,https://data.eastmoney.com/notices/detail/002054/AN202407091637718892.html
001270,铖昌科技,铖昌科技:浙江铖昌科技股份有限公司关于变更注册资本并修订《公司章程》的公告,公司章程修订,2024-07-10,https://data.eastmoney.com/notices/detail/001270/AN202407091637718889.html
600936,北投科技,广西广电:广西广电2024年半年度业绩预亏公告,业绩预告,2024-07-10,https://data.eastmoney.com/notices/detail/600936/AN202407091637718882.html
603331,百达精工,百达精工:百达精工关于持股5%以上股东减持至5%以下的权益变动提示性公告,权益变动报告书,2024-07-10,https://data.eastmoney.com/notices/detail/603331/AN202407091637718883.html
603331,百达精工,百达精工:简式权益变动报告书(邵雨田),权益变动报告书,2024-07-10,https://data.eastmoney.com/notices/detail/603331/AN202407091637718881.html
601127,赛力斯,赛力斯:2024年半年度业绩预盈公告,业绩预告,2024-07-10,https://data.eastmoney.com/notices/detail/601127/AN202407091637718866.html
603051,鹿山新材,鹿山新材:广州鹿山新材料股份有限公司2024年半年度业绩预盈公告,业绩预告,2024-07-10,https://data.eastmoney.com/notices/detail/603051/AN202407091637718867.html
605196,华通线缆,华通线缆:华通线缆关于子公司向银行申请综合授信并接受公司担保的进展的公告,提供/对外担保公告,2024-07-10,https://data.eastmoney.com/notices/detail/605196/AN202407091637718852.html
600678,ST金顶,四川金顶:四川金顶(集团)股份有限公司2024年半年度业绩预亏公告,业绩预告,2024-07-10,https://data.eastmoney.com/notices/detail/600678/AN202407091637718837.html
603368,柳药集团,柳药集团:广西柳药集团股份有限公司关于股份性质变更暨2023年限制性股票激励计划预留授予的进展公告,股权激励进展公告,2024-07-10,https://data.eastmoney.com/notices/detail/603368/AN202407091637718835.html
600764,中国海防,中国海防:中国海防关于为所属子公司提供担保的进展公告,提供/对外担保公告,2024-07-10,https://data.eastmoney.com/notices/detail/600764/AN202407091637718836.html
601677,明泰铝业,明泰铝业:明泰铝业2024年半年度业绩预增公告,业绩预告,2024-07-10,https://data.eastmoney.com/notices/detail/601677/AN202407091637718834.html
603566,普莱柯,普莱柯:普莱柯2024年半年度业绩预告,业绩预告,2024-07-10,https://data.eastmoney.com/notices/detail/603566/AN202407091637718833.html
001309,德明利,德明利:德明利2024年半年度业绩预告,业绩预告,2024-07-10,https://data.eastmoney.com/notices/detail/001309/AN202407091637718808.html
002858,力盛体育,力盛体育:第四届董事会第三十一次会议决议公告,董事会决议公告,2024-07-10,https://data.eastmoney.com/notices/detail/002858/AN202407091637718807.html
000968,蓝焰控股,蓝焰控股:关于董事会、监事会延迟换届的提示性公告,高管人员任职变动,2024-07-10,https://data.eastmoney.com/notices/detail/000968/AN202407091637718803.html
002858,力盛体育,力盛体育:第四届监事会第二十六次会议决议公告,监事会决议公告,2024-07-10,https://data.eastmoney.com/notices/detail/002858/AN202407091637718806.html
002858,力盛体育,力盛体育:关于为子公司提供担保额度预计的公告,提供/对外担保公告,2024-07-10,https://data.eastmoney.com/notices/detail/002858/AN202407091637718805.html
002858,力盛体育,力盛体育:关于使用部分闲置自有资金进行现金管理的公告,投资理财,2024-07-10,https://data.eastmoney.com/notices/detail/002858/AN202407091637718804.html
605098,行动教育,行动教育:关于上海行动教育科技股份有限公司2022年股票期权激励计划调整行权价格事项的法律意见书,法律意见书,2024-07-10,https://data.eastmoney.com/notices/detail/605098/AN202407091637718799.html
600793,宜宾纸业,宜宾纸业:临2024-034宜宾纸业股份有限公司2024年半年度业绩预亏公告,业绩预告,2024-07-10,https://data.eastmoney.com/notices/detail/600793/AN202407091637718797.html
605098,行动教育,行动教育:关于调整2022年股票期权激励计划行权价格的公告,股权激励行权价（数量）调整,2024-07-10,https://data.eastmoney.com/notices/detail/605098/AN202407091637718801.html
600793,宜宾纸业,宜宾纸业:《公司章程》修订对照表,公司章程修订,2024-07-10,https://data.eastmoney.com/notices/detail/600793/AN202407091637718800.html
600793,宜宾纸业,宜宾纸业:宜宾纸业股份有限公司章程,公司章程,2024-07-10,https://data.eastmoney.com/notices/detail/600793/AN202407091637718798.html
600793,宜宾纸业,宜宾纸业:临2024-033第十一届董事会第二十三次会议决议公告,董事会决议公告,2024-07-10,https://data.eastmoney.com/notices/detail/600793/AN202407091637718802.html
605376,博迁新材,博迁新材:江苏博迁新材料股份有限公司2024年半年度业绩预告,业绩预告,2024-07-10,https://data.eastmoney.com/notices/detail/605376/AN202407091637718781.html
600178,东安动力,东安动力:东安动力2024年半年度业绩预告公告,业绩预告,2024-07-10,https://data.eastmoney.com/notices/detail/600178/AN202407091637718764.html
605366,宏柏新材,宏柏新材:江西宏柏新材料股份有限公司2024年半年度业绩预告,业绩预告,2024-07-10,https://data.eastmoney.com/notices/detail/605366/AN202407091637718763.html
600624,ST复华,复旦复华:上海复旦复华科技股份有限公司2024年半年度业绩预告,业绩预告,2024-07-10,https://data.eastmoney.com/notices/detail/600624/AN202407091637718732.html
600609,金杯汽车,金杯汽车:金杯汽车2024年半年度业绩预增公告,业绩预告,2024-07-10,https://data.eastmoney.com/notices/detail/600609/AN202407091637718733.html
002212,天融信,天融信:2024年半年度业绩预告,业绩预告,2024-07-10,https://data.eastmoney.com/notices/detail/002212/AN202407091637718726.html
300394,天孚通信,天孚通信:关于召开2024年第一次临时股东大会的通知,召开股东大会通知,2024-07-10,https://data.eastmoney.com/notices/detail/300394/AN202407091637718728.html
300394,天孚通信,天孚通信:关于变更公司经营范围并修订《公司章程》的公告,公司经营范围变更,2024-07-10,https://data.eastmoney.com/notices/detail/300394/AN202407091637718729.html
300394,天孚通信,天孚通信:第五届董事会第四次临时会议决议公告,董事会决议公告,2024-07-10,https://data.eastmoney.com/notices/detail/300394/AN202407091637718727.html
000523,红棉股份,红棉股份:关于控股股东增持股份比例达到2%暨增持计划实施进展的公告,股东/实际控制人股份增持,2024-07-10,https://data.eastmoney.com/notices/detail/000523/AN202407091637718725.html
603776,永安行,永安行:2024年半年度业绩预亏公告,业绩预告,2024-07-10,https://data.eastmoney.com/notices/detail/603776/AN202407091637718714.html
600802,福建水泥,福建水泥:福建水泥2024年半年度业绩预亏公告,业绩预告,2024-07-10,https://data.eastmoney.com/notices/detail/600802/AN202407091637718688.html
603518,锦泓集团,锦泓集团:锦泓时装集团股份有限公司关于“维格转债”预计满足转股价格修正条件的提示性公告,其他,2024-07-10,https://data.eastmoney.com/notices/detail/603518/AN202407091637718687.html
002666,德联集团,德联集团:华兴会计师事务所(特殊普通合伙)关于广东德联集团股份有限公司向特定对象发行股票并在主板上市会后事项的承诺函,其他,2024-07-10,https://data.eastmoney.com/notices/detail/002666/AN202407091637718665.html
002666,德联集团,德联集团:国信证券股份有限公司关于广东德联集团股份有限公司向特定对象发行股票并在主板上市会后事项的承诺函,其他,2024-07-10,https://data.eastmoney.com/notices/detail/002666/AN202407091637718663.html
002666,德联集团,德联集团:广东德联集团股份有限公司关于向特定对象发行股票并在主板上市会后事项的承诺函,其他,2024-07-10,https://data.eastmoney.com/notices/detail/002666/AN202407091637718666.html
000915,华特达因,华特达因:关于沂南华特卧龙学校诉讼的进展公告,诉讼仲裁,2024-07-10,https://data.eastmoney.com/notices/detail/000915/AN202407091637718661.html
000507,珠海港,珠海港:关于2024年二季度码头业务量数据的自愿性信息披露公告,月度经营情况,2024-07-10,https://data.eastmoney.com/notices/detail/000507/AN202407091637718657.html
002666,德联集团,德联集团:2023年度向特定对象发行A股股票募集说明书(2023年度财务数据更新版),增发预案,2024-07-10,https://data.eastmoney.com/notices/detail/002666/AN202407091637718664.html
000915,华特达因,华特达因:公司2024年半年度业绩快报,业绩快报,2024-07-10,https://data.eastmoney.com/notices/detail/000915/AN202407091637718660.html
002666,德联集团,德联集团:上海中因律师事务所关于广东德联集团股份有限公司向特定对象发行股票并在主板上市会后事项的承诺函,其他,2024-07-10,https://data.eastmoney.com/notices/detail/002666/AN202407091637718667.html
001313,粤海饲料,粤海饲料:关于使用部分闲置自有资金进行现金管理到期赎回的公告,投资理财,2024-07-10,https://data.eastmoney.com/notices/detail/001313/AN202407091637718658.html
002666,德联集团,德联集团:关于向特定对象发行股票会后事项相关文件披露的提示性公告,增发提示性公告,2024-07-10,https://data.eastmoney.com/notices/detail/002666/AN202407091637718662.html
000788,北大医药,北大医药:关于获得《药品注册证书》的公告,获得认证,2024-07-10,https://data.eastmoney.com/notices/detail/000788/AN202407091637718659.html
603213,镇洋发展,镇洋发展:浙江镇洋发展股份有限公司关于召开2024年第二次临时股东大会的通知,召开股东大会通知,2024-07-10,https://data.eastmoney.com/notices/detail/603213/AN202407091637718628.html
603213,镇洋发展,镇洋发展:浙江镇洋发展股份有限公司关于补选公司第二届董事会非独立董事的公告,高管人员任职变动,2024-07-10,https://data.eastmoney.com/notices/detail/603213/AN202407091637718630.html
603213,镇洋发展,镇洋发展:浙江镇洋发展股份有限公司关于换发安全生产许可证的公告,其他,2024-07-10,https://data.eastmoney.com/notices/detail/603213/AN202407091637718629.html
603213,镇洋发展,镇洋发展:浙江镇洋发展股份有限公司第二届董事会第十六次会议决议公告,高管人员任职变动,2024-07-10,https://data.eastmoney.com/notices/detail/603213/AN202407091637718627.html
603213,镇洋发展,镇洋发展:浙江镇洋发展股份有限公司2023年度环境、社会与治理(ESG)报告,ESG公告,2024-07-10,https://data.eastmoney.com/notices/detail/603213/AN202407091637718626.html
688114,华大智造,华大智造:2024年员工持股计划第一次持有人会议决议公告,员工持股计划,2024-07-10,https://data.eastmoney.com/notices/detail/688114/AN202407091637718625.html
603712,七一二,七一二:天津七一二通信广播股份有限公司半年度业绩预减公告,业绩预告,2024-07-10,https://data.eastmoney.com/notices/detail/603712/AN202407091637718624.html
002921,联诚精密,联诚精密:可转换公司债券2024年付息公告,其他,2024-07-10,https://data.eastmoney.com/notices/detail/002921/AN202407091637718609.html
002918,蒙娜丽莎,蒙娜丽莎:2024年半年度业绩预告,业绩预告,2024-07-10,https://data.eastmoney.com/notices/detail/002918/AN202407091637718608.html
002176,江特电机,江特电机:2024年半年度业绩预告,业绩预告,2024-07-10,https://data.eastmoney.com/notices/detail/002176/AN202407091637718607.html
600758,辽宁能源,辽宁能源:辽宁能源2024年半年度业绩预减公告,业绩预告,2024-07-10,https://data.eastmoney.com/notices/detail/600758/AN202407091637718598.html
605178,时空科技,时空科技:2024年半年度业绩预亏公告,业绩预告,2024-07-10,https://data.eastmoney.com/notices/detail/605178/AN202407091637718597.html
600538,国发股份,国发股份:2024年半年度业绩预亏公告,业绩预告,2024-07-10,https://data.eastmoney.com/notices/detail/600538/AN202407091637718596.html
301129,瑞纳智能,瑞纳智能:关于2024年限制性股票激励计划限制性股票(新增股份)授予登记完成的公告,股本变动,2024-07-10,https://data.eastmoney.com/notices/detail/301129/AN202407091637718578.html
600847,万里股份,万里股份:万里股份2024年半年度业绩预亏公告,业绩预告,2024-07-10,https://data.eastmoney.com/notices/detail/600847/AN202407091637718575.html
601908,京运通,京运通:2024年半年度业绩预告,业绩预告,2024-07-10,https://data.eastmoney.com/notices/detail/601908/AN202407091637718574.html
600685,中船防务,中船防务:中船防务2024年半年度业绩预增公告,业绩预告,2024-07-10,https://data.eastmoney.com/notices/detail/600685/AN202407091637718419.html
600234,科新发展,*ST科新:山西科新发展股份有限公司2024年半年度业绩预亏公告,业绩预告,2024-07-10,https://data.eastmoney.com/notices/detail/600234/AN202407091637718448.html
603871,嘉友国际,嘉友国际:2024年半年度业绩预增公告,业绩预告,2024-07-10,https://data.eastmoney.com/notices/detail/603871/AN202407091637718443.html
688485,九州一轨,九州一轨:北京九州一轨环境科技股份有限公司第二届董事会第二十次会议决议公告,董事会决议公告,2024-07-10,https://data.eastmoney.com/notices/detail/688485/AN202407091637718422.html
688485,九州一轨,九州一轨:北京九州一轨环境科技股份有限公司关于稳定股价措施暨第二期以集中竞价交易方式回购公司股份方案的公告,回购预案,2024-07-10,https://data.eastmoney.com/notices/detail/688485/AN202407091637718421.html
688485,九州一轨,九州一轨:北京九州一轨环境科技股份有限公司会计师事务所选聘制度,管理办法/制度,2024-07-10,https://data.eastmoney.com/notices/detail/688485/AN202407091637718423.html
600257,大湖股份,大湖股份:大湖水殖股份有限公司2024年半年度业绩预亏的公告,业绩预告,2024-07-10,https://data.eastmoney.com/notices/detail/600257/AN202407091637718420.html
603890,春秋电子,春秋电子:2024年半年度业绩预告,业绩预告,2024-07-10,https://data.eastmoney.com/notices/detail/603890/AN202407091637718410.html
603890,春秋电子,春秋电子:第三届监事会第十六次会议决议公告,监事会决议公告,2024-07-10,https://data.eastmoney.com/notices/detail/603890/AN202407091637718411.html
603890,春秋电子,春秋电子:华英证券有限责任公司关于苏州春秋电子科技股份有限公司募投项目结项并永久补流的核查意见,保荐/核查意见,2024-07-10,https://data.eastmoney.com/notices/detail/603890/AN202407091637718409.html
603890,春秋电子,春秋电子:关于募集资金投资项目结项并将节余募集资金永久补充流动资金的公告,募集资金补充流动资金,2024-07-10,https://data.eastmoney.com/notices/detail/603890/AN202407091637718408.html
603110,东方材料,东方材料:新东方新材料股份有限公司关于持股5%以上股东部分股份质押的公告,股份质押、冻结,2024-07-10,https://data.eastmoney.com/notices/detail/603110/AN202407091637718397.html
600375,汉马科技,*ST汉马:汉马科技集团股份有限公司关于债务逾期及担保逾期的公告,其他担保公告,2024-07-10,https://data.eastmoney.com/notices/detail/600375/AN202407091637718392.html
600375,汉马科技,*ST汉马:汉马科技集团股份有限公司2024年半年度业绩预亏公告,业绩预告,2024-07-10,https://data.eastmoney.com/notices/detail/600375/AN202407091637718391.html
600570,恒生电子,恒生电子:恒生电子股份有限公司2024年半年度业绩预告,业绩预告,2024-07-10,https://data.eastmoney.com/notices/detail/600570/AN202407091637718361.html
600860,京城股份,京城股份:京城股份2024年半年度业绩预亏公告,业绩预告,2024-07-10,https://data.eastmoney.com/notices/detail/600860/AN202407091637718320.html
688106,金宏气体,金宏气体:关于“金宏转债”2024年付息的公告,其他,2024-07-10,https://data.eastmoney.com/notices/detail/688106/AN202407091637718348.html
600770,综艺股份,综艺股份:综艺股份2024年半年度业绩预亏公告,业绩预告,2024-07-10,https://data.eastmoney.com/notices/detail/600770/AN202407091637718321.html
301381,赛维时代,赛维时代:东方证券承销保荐有限公司关于赛维时代科技股份有限公司首次公开发行前已发行部分股份及战略配售股份上市流通的核查意见,保荐/核查意见,2024-07-10,https://data.eastmoney.com/notices/detail/301381/AN202407091637718317.html
301381,赛维时代,赛维时代:关于首次公开发行前已发行部分股份及战略配售股份上市流通的提示性公告,限售股份上市流通,2024-07-10,https://data.eastmoney.com/notices/detail/301381/AN202407091637718316.html
000919,金陵药业,金陵药业:金陵药业股份有限公司关于使用闲置募集资金进行现金管理的进展公告,募集资金使用进展情况,2024-07-10,https://data.eastmoney.com/notices/detail/000919/AN202407091637718315.html
603317,天味食品,天味食品:关于2024年员工持股计划完成非交易过户的公告,员工持股计划,2024-07-10,https://data.eastmoney.com/notices/detail/603317/AN202407091637718306.html
601456,国联民生,国联证券:国联证券股份有限公司2024年半年度业绩预告,业绩预告,2024-07-10,https://data.eastmoney.com/notices/detail/601456/AN202407091637718247.html
603682,锦和商管,锦和商管:上海锦和商业经营管理股份有限公司2024年半年度业绩预告,业绩预告,2024-07-10,https://data.eastmoney.com/notices/detail/603682/AN202407091637718260.html
603682,锦和商管,锦和商管:上海锦和商业经营管理股份有限公司关于聘任证券事务代表的公告,高管人员任职变动,2024-07-10,https://data.eastmoney.com/notices/detail/603682/AN202407091637718259.html
600058,五矿发展,五矿发展:五矿发展股份有限公司2024年半年度业绩预告,业绩预告,2024-07-10,https://data.eastmoney.com/notices/detail/600058/AN202407091637718237.html
600500,中化国际,中化国际:中化国际2024年半年度业绩预告,业绩预告,2024-07-10,https://data.eastmoney.com/notices/detail/600500/AN202407091637718214.html
600227,赤天化,赤天化:贵州赤天化股份有限公司2024年半年度业绩预亏公告,业绩预告,2024-07-10,https://data.eastmoney.com/notices/detail/600227/AN202407091637718186.html
603488,展鹏科技,展鹏科技:展鹏科技股份有限公司2024年半年度业绩预告,业绩预告,2024-07-10,https://data.eastmoney.com/notices/detail/603488/AN202407091637718147.html
603991,领先股份,至正股份:至正股份2024年半年度业绩预亏公告,业绩预告,2024-07-10,https://data.eastmoney.com/notices/detail/603991/AN202407091637718125.html
002426,胜利精密,胜利精密:关于首次回购公司股份的公告,回购实施公告,2024-07-10,https://data.eastmoney.com/notices/detail/002426/AN202407091637718145.html
688183,生益电子,生益电子:生益电子2024年半年度业绩预增的自愿性披露公告,业绩预告,2024-07-10,https://data.eastmoney.com/notices/detail/688183/AN202407091637717955.html
600975,新五丰,新五丰:湖南新五丰股份有限公司2024年半年度业绩预亏公告,业绩预告,2024-07-10,https://data.eastmoney.com/notices/detail/600975/AN202407091637717954.html
002132,恒星科技,恒星科技:公司关于收到增值税退税暨政府补助的公告,获得补贴（资助）,2024-07-10,https://data.eastmoney.com/notices/detail/002132/AN202407091637717953.html
600868,梅雁吉祥,梅雁吉祥:广东梅雁吉祥水电股份有限公司关于股份回购进展公告,回购进展情况,2024-07-10,https://data.eastmoney.com/notices/detail/600868/AN202407091637717951.html
601010,ST文峰,文峰股份:文峰股份关于控股股东部分股份解除质押的公告,股份质押、冻结,2024-07-10,https://data.eastmoney.com/notices/detail/601010/AN202407091637717934.html
600815,厦工股份,厦工股份:厦工股份2024年半年度业绩预告,业绩预告,2024-07-10,https://data.eastmoney.com/notices/detail/600815/AN202407091637717933.html
600243,*ST海华,青海华鼎:青海华鼎2024年半年度业绩预告,业绩预告,2024-07-10,https://data.eastmoney.com/notices/detail/600243/AN202407091637717914.html
601798,蓝科高新,蓝科高新:甘肃蓝科石化高新装备股份有限公司2024年半年度业绩预告,业绩预告,2024-07-10,https://data.eastmoney.com/notices/detail/601798/AN202407091637717909.html
600476,*ST湘邮,湘邮科技:湖南湘邮科技股份有限公司2024年半年度业绩预亏的公告,业绩预告,2024-07-10,https://data.eastmoney.com/notices/detail/600476/AN202407091637717910.html
002915,中欣氟材,中欣氟材:关于使用闲置自有资金进行现金管理到期赎回并继续进行现金管理的公告,投资理财,2024-07-10,https://data.eastmoney.com/notices/detail/002915/AN202407091637717886.html
002915,中欣氟材,中欣氟材:2024年半年度业绩预告,业绩预告,2024-07-10,https://data.eastmoney.com/notices/detail/002915/AN202407091637717887.html
002807,江阴银行,江阴银行:关于部分董事、监事、高级管理人员及核心骨干人员增持股份计划期满暨实施完成的公告,高管人员持股变动,2024-07-10,https://data.eastmoney.com/notices/detail/002807/AN202407091637717890.html
002546,新联电子,新联电子:2024年半年度业绩预告,业绩预告,2024-07-10,https://data.eastmoney.com/notices/detail/002546/AN202407091637717891.html
002409,雅克科技,雅克科技:2024年半年度业绩预告,业绩预告,2024-07-10,https://data.eastmoney.com/notices/detail/002409/AN202407091637717888.html
000782,恒申新材,恒申新材:2024年半年度业绩预告,业绩预告,2024-07-10,https://data.eastmoney.com/notices/detail/000782/AN202407091637717889.html
600333,长春燃气,长春燃气:长春燃气2024年半年度业绩预亏公告,业绩预告,2024-07-10,https://data.eastmoney.com/notices/detail/600333/AN202407091637717865.html
603768,常青股份,常青股份:常青股份2024年半年度业绩预告,业绩预告,2024-07-10,https://data.eastmoney.com/notices/detail/603768/AN202407091637717866.html
603838,*ST四通,四通股份:四通股份2024半年度业绩预亏公告,业绩预告,2024-07-10,https://data.eastmoney.com/notices/detail/603838/AN202407091637717812.html
002475,立讯精密,立讯精密:关于部分股票期权注销完成的公告,股权激励进展公告,2024-07-10,https://data.eastmoney.com/notices/detail/002475/AN202407091637717803.html
002382,蓝帆医疗,蓝帆医疗:2024年半年度业绩预告,业绩预告,2024-07-10,https://data.eastmoney.com/notices/detail/002382/AN202407091637717804.html
603429,*ST集友,集友股份:集友股份2024年半年度业绩预告,业绩预告,2024-07-10,https://data.eastmoney.com/notices/detail/603429/AN202407091637717799.html
600889,*ST京化,南京化纤:公司2024年半年度业绩预告(2024-032),业绩预告,2024-07-10,https://data.eastmoney.com/notices/detail/600889/AN202407091637717798.html
600130,波导股份,波导股份:波导股份关于以集中竞价交易方式回购公司股份比例达到总股本2%暨股份回购进展公告,回购进展情况,2024-07-10,https://data.eastmoney.com/notices/detail/600130/AN202407091637717797.html
605018,长华集团,长华集团:长华集团2024年半年度业绩预告,业绩预告,2024-07-10,https://data.eastmoney.com/notices/detail/605018/AN202407091637717677.html
603666,亿嘉和,亿嘉和:亿嘉和科技股份有限公司2024年半年度业绩预告,业绩预告,2024-07-10,https://data.eastmoney.com/notices/detail/603666/AN202407091637717667.html
000011,深物业A,深物业A:2024年半年度业绩预告,业绩预告,2024-07-10,https://data.eastmoney.com/notices/detail/000011/AN202407091637717659.html
001331,胜通能源,胜通能源:2023年年度权益分派实施公告,分配方案实施,2024-07-10,https://data.eastmoney.com/notices/detail/001331/AN202407091637717658.html
600463,空港股份,空港股份:空港股份2024年半年度业绩预亏公告,业绩预告,2024-07-10,https://data.eastmoney.com/notices/detail/600463/AN202407091637717550.html
002808,恒久退,ST恒久:2024年半年度业绩预告,业绩预告,2024-07-10,https://data.eastmoney.com/notices/detail/002808/AN202407091637717487.html
002759,ST天际,天际股份:2024年半年度业绩预告,业绩预告,2024-07-10,https://data.eastmoney.com/notices/detail/002759/AN202407091637717480.html
002705,新宝股份,新宝股份:第七届监事会第三次临时会议决议公告,监事会决议公告,2024-07-10,https://data.eastmoney.com/notices/detail/002705/AN202407091637717485.html
002705,新宝股份,新宝股份:第七届董事会第三次临时会议决议公告,董事会决议公告,2024-07-10,https://data.eastmoney.com/notices/detail/002705/AN202407091637717484.html
002705,新宝股份,新宝股份:关于召开2024年第二次临时股东大会通知的公告,召开股东大会通知,2024-07-10,https://data.eastmoney.com/notices/detail/002705/AN202407091637717483.html
002705,新宝股份,新宝股份:关于回购公司部分社会公众股份方案的公告,回购预案,2024-07-10,https://data.eastmoney.com/notices/detail/002705/AN202407091637717482.html
002542,*ST中岩,中化岩土:2024年半年度业绩预告,业绩预告,2024-07-10,https://data.eastmoney.com/notices/detail/002542/AN202407091637717488.html
002427,尤夫股份,尤夫股份:2024年半年度业绩预告,业绩预告,2024-07-10,https://data.eastmoney.com/notices/detail/002427/AN202407091637717489.html
002390,信邦制药,信邦制药:关于回购公司股份实施完成暨股份变动的公告,股本变动,2024-07-10,https://data.eastmoney.com/notices/detail/002390/AN202407091637717490.html
002331,皖通科技,皖通科技:2024年半年度业绩预告,业绩预告,2024-07-10,https://data.eastmoney.com/notices/detail/002331/AN202407091637717491.html
002266,浙富控股,浙富控股:关于控股股东部分股份质押的公告,股份质押、冻结,2024-07-10,https://data.eastmoney.com/notices/detail/002266/AN202407091637717481.html
002234,民和股份,民和股份:关于担保事项的进展公告,其他担保公告,2024-07-10,https://data.eastmoney.com/notices/detail/002234/AN202407091637717479.html
002234,民和股份,民和股份:2024年6月份鸡苗销售情况简报,月度经营情况,2024-07-10,https://data.eastmoney.com/notices/detail/002234/AN202407091637717478.html
000935,四川双马,四川双马:2024年半年度业绩预告,业绩预告,2024-07-10,https://data.eastmoney.com/notices/detail/000935/AN202407091637717486.html
600775,南京熊猫,南京熊猫:南京熊猫2024年半年度业绩预告,业绩预告,2024-07-10,https://data.eastmoney.com/notices/detail/600775/AN202407091637717421.html
603168,莎普爱思,莎普爱思:莎普爱思2024年半年度业绩预亏公告,业绩预告,2024-07-10,https://data.eastmoney.com/notices/detail/603168/AN202407091637717439.html
601368,绿城水务,绿城水务:广西绿城水务股份有限公司2024年半年度业绩预增公告,业绩预告,2024-07-10,https://data.eastmoney.com/notices/detail/601368/AN202407091637717428.html
002561,徐家汇,徐家汇:2024年半年度业绩预告,业绩预告,2024-07-10,https://data.eastmoney.com/notices/detail/002561/AN202407091637717423.html
600409,三友化工,三友化工:2024年半年度业绩预增公告,业绩预告,2024-07-10,https://data.eastmoney.com/notices/detail/600409/AN202407091637717422.html
605318,法狮龙,法狮龙:法狮龙家居建材股份有限公司2024年半年度业绩预告的公告,业绩预告,2024-07-10,https://data.eastmoney.com/notices/detail/605318/AN202407091637717397.html
600462,退市九有,*ST九有:湖北九有投资股份有限公司2024年半年度业绩预盈公告,业绩预告,2024-07-10,https://data.eastmoney.com/notices/detail/600462/AN202407091637717398.html
600668,尖峰集团,尖峰集团:尖峰集团2023年年度权益分派实施公告,分配方案实施,2024-07-10,https://data.eastmoney.com/notices/detail/600668/AN202407091637717391.html
603533,掌阅科技,掌阅科技:掌阅科技股份有限公司2024年半年度业绩预告,业绩预告,2024-07-10,https://data.eastmoney.com/notices/detail/603533/AN202407091637717390.html
600668,尖峰集团,尖峰集团:尖峰集团2024年半年度业绩预减公告,业绩预告,2024-07-10,https://data.eastmoney.com/notices/detail/600668/AN202407091637717389.html
600935,华塑股份,华塑股份:安徽华塑股份有限公司2024年半年度业绩预告,业绩预告,2024-07-10,https://data.eastmoney.com/notices/detail/600935/AN202407091637717370.html
603917,合力科技,合力科技:2024年半年度业绩预告,业绩预告,2024-07-10,https://data.eastmoney.com/notices/detail/603917/AN202407091637717371.html
603822,ST嘉澳,嘉澳环保:2024年半年度业绩预告的公告,业绩预告,2024-07-10,https://data.eastmoney.com/notices/detail/603822/AN202407091637717372.html
603516,淳中科技,淳中科技:北京淳中科技股份有限公司第三届监事会第二十四次会议决议公告,监事会决议公告,2024-07-10,https://data.eastmoney.com/notices/detail/603516/AN202407091637717356.html
603516,淳中科技,淳中科技:北京淳中科技股份有限公司第三届董事会第二十九次会议决议公告,董事会决议公告,2024-07-10,https://data.eastmoney.com/notices/detail/603516/AN202407091637717357.html
603516,淳中科技,淳中科技:北京淳中科技股份有限公司关于调整2023年股票期权激励计划行权价格的公告,股权激励行权价（数量）调整,2024-07-10,https://data.eastmoney.com/notices/detail/603516/AN202407091637717361.html
603516,淳中科技,淳中科技:北京国枫律师事务所关于北京淳中科技股份有限公司2023年股票期权激励计划调整行权价格及注销部分股票期权的法律意见书,法律意见书,2024-07-10,https://data.eastmoney.com/notices/detail/603516/AN202407091637717359.html
603516,淳中科技,淳中科技:中山证券有限责任公司关于北京淳中科技股份有限公司使用闲置募集资金暂时补充流动资金的核查意见,保荐/核查意见,2024-07-10,https://data.eastmoney.com/notices/detail/603516/AN202407091637717355.html
603516,淳中科技,淳中科技:北京淳中科技股份有限公司关于使用闲置募集资金暂时补充流动资金的公告,募集资金补充流动资金,2024-07-10,https://data.eastmoney.com/notices/detail/603516/AN202407091637717362.html
603516,淳中科技,淳中科技:北京淳中科技股份有限公司关于注销部分股票期权的公告,其他,2024-07-10,https://data.eastmoney.com/notices/detail/603516/AN202407091637717358.html
603516,淳中科技,淳中科技:北京淳中科技股份有限公司关于2023年员工持股计划第一个解锁期解锁条件未成就的公告,员工持股计划,2024-07-10,https://data.eastmoney.com/notices/detail/603516/AN202407091637717360.html
605567,春雪食品,春雪食品:春雪食品集团股份有限公司2024年半年度业绩预亏公告,业绩预告,2024-07-10,https://data.eastmoney.com/notices/detail/605567/AN202407091637717342.html
002790,瑞尔特,瑞尔特:关于公司及全资子公司使用部分自有资金进行委托理财的进展公告(七),委托（受托）事项,2024-07-10,https://data.eastmoney.com/notices/detail/002790/AN202407091637717336.html
600097,开创国际,开创国际:开创国际2024年半年度业绩预亏公告,业绩预告,2024-07-10,https://data.eastmoney.com/notices/detail/600097/AN202407091637717329.html
603980,吉华集团,吉华集团:吉华集团2024年半年度业绩预告,业绩预告,2024-07-10,https://data.eastmoney.com/notices/detail/603980/AN202407091637717330.html
603077,和邦生物,和邦生物:和邦生物2024年半年度业绩预减公告,业绩预告,2024-07-10,https://data.eastmoney.com/notices/detail/603077/AN202407091637717331.html
601021,春秋航空,春秋航空:春秋航空2024年半年度业绩预增公告,业绩预告,2024-07-10,https://data.eastmoney.com/notices/detail/601021/AN202407091637717324.html
601880,辽港股份,辽港股份:辽宁港口股份有限公司关于回购股份事项前十大股东和前十大无限售条件股东持股情况的公告,其他,2024-07-10,https://data.eastmoney.com/notices/detail/601880/AN202407091637717268.html
600539,狮头股份,狮头股份:2024年半年度业绩预告,业绩预告,2024-07-10,https://data.eastmoney.com/notices/detail/600539/AN202407091637717297.html
600725,云维股份,云维股份:云维股份2024年半年度业绩预告,业绩预告,2024-07-10,https://data.eastmoney.com/notices/detail/600725/AN202407091637717288.html
000678,襄阳轴承,襄阳轴承:2024年半年度业绩预告,业绩预告,2024-07-10,https://data.eastmoney.com/notices/detail/000678/AN202407091637717276.html
603956,威派格,威派格:威派格关于2024年半年度业绩预告,业绩预告,2024-07-10,https://data.eastmoney.com/notices/detail/603956/AN202407091637717265.html
600719,大连热电,大连热电:大连热电股份有限公司2024年半年度业绩预亏公告,业绩预告,2024-07-10,https://data.eastmoney.com/notices/detail/600719/AN202407091637717264.html
600366,宁波韵升,宁波韵升:宁波韵升2024年半年度业绩预盈公告,业绩预告,2024-07-10,https://data.eastmoney.com/notices/detail/600366/AN202407091637717263.html
605303,园林股份,园林股份:2024年半年度业绩预告,业绩预告,2024-07-10,https://data.eastmoney.com/notices/detail/605303/AN202407091637717266.html
605333,沪光股份,沪光股份:2024年半年度业绩预告,业绩预告,2024-07-10,https://data.eastmoney.com/notices/detail/605333/AN202407091637717216.html
603386,骏亚科技,骏亚科技:2024年半年度业绩预亏公告,业绩预告,2024-07-10,https://data.eastmoney.com/notices/detail/603386/AN202407091637717207.html
002715,登云股份,登云股份:关于全资孙公司采矿许可证变更登记的公告,公司关联方基本资料变更,2024-07-10,https://data.eastmoney.com/notices/detail/002715/AN202407091637717195.html
000510,新金路,新金路:2024年半年度业绩预告,业绩预告,2024-07-10,https://data.eastmoney.com/notices/detail/000510/AN202407091637717194.html
600854,春兰股份,春兰股份:春兰股份2024年半年度业绩预告,业绩预告,2024-07-10,https://data.eastmoney.com/notices/detail/600854/AN202407091637717190.html
603236,移远通信,移远通信:2024年半年度业绩预告,业绩预告,2024-07-10,https://data.eastmoney.com/notices/detail/603236/AN202407091637717183.html
600654,中安科,中安消:2024年半年度业绩预告,业绩预告,2024-07-10,https://data.eastmoney.com/notices/detail/600654/AN202407091637717170.html
600249,两面针,两面针:两面针2024年半年度业绩预告,业绩预告,2024-07-10,https://data.eastmoney.com/notices/detail/600249/AN202407091637717164.html
603216,梦天家居,梦天家居:梦天家居2023年年度权益分派实施公告,分配方案实施,2024-07-10,https://data.eastmoney.com/notices/detail/603216/AN202407091637717120.html
300956,英力股份,英力股份:关于英力转债赎回实施的第十五次提示性公告,其他,2024-07-10,https://data.eastmoney.com/notices/detail/300956/AN202407091637716825.html
603986,兆易创新,兆易创新:兆易创新2024年半年度业绩预增公告,业绩预告,2024-07-10,https://data.eastmoney.com/notices/detail/603986/AN202407091637716821.html
600792,云煤能源,云煤能源:云南煤业能源股份有限公司2024年半年度业绩预告,业绩预告,2024-07-10,https://data.eastmoney.com/notices/detail/600792/AN202407091637716799.html
600312,平高电气,平高电气:河南平高电气股份有限公司中标公告,重大合同,2024-07-10,https://data.eastmoney.com/notices/detail/600312/AN202407091637716787.html
603232,格尔软件,格尔软件:格尔软件股份有限公司2024年第一次临时股东大会会议资料,股东大会资料,2024-07-10,https://data.eastmoney.com/notices/detail/603232/AN202407091637716780.html
601208,东材科技,东材科技:四川东材科技集团股份有限公司关于公司实际控制人的一致行动人增持股份的进展公告,股东/实际控制人股份增持,2024-07-10,https://data.eastmoney.com/notices/detail/601208/AN202407091637716781.html
600971,恒源煤电,恒源煤电:恒源煤电关于全资子公司名称、经营范围等信息变更的公告,公司关联方基本资料变更,2024-07-10,https://data.eastmoney.com/notices/detail/600971/AN202407091637716770.html
600971,恒源煤电,恒源煤电:恒源煤电关于卧龙湖煤矿完成封井闭坑的公告,其他,2024-07-10,https://data.eastmoney.com/notices/detail/600971/AN202407091637716768.html
601618,中国中冶,中国中冶:中国中冶关于完成法定代表人工商变更登记的公告,法定代表人变更,2024-07-10,https://data.eastmoney.com/notices/detail/601618/AN202407091637716769.html
603918,金桥信息,金桥信息:2024年半年度业绩预告,业绩预告,2024-07-10,https://data.eastmoney.com/notices/detail/603918/AN202407091637716771.html
603633,徕木股份,徕木股份:徕木股份关于控股股东股票质押展期的公告,股份质押、冻结,2024-07-10,https://data.eastmoney.com/notices/detail/603633/AN202407091637716772.html
603633,徕木股份,徕木股份:徕木股份关于以集中竞价方式回购股份的回购报告书,回购报告书,2024-07-10,https://data.eastmoney.com/notices/detail/603633/AN202407091637716774.html
603162,海通发展,海通发展:福建海通发展股份有限公司2024年半年度业绩预增公告,业绩预告,2024-07-10,https://data.eastmoney.com/notices/detail/603162/AN202407091637716773.html
603011,合锻智能,合锻智能:合肥合锻智能制造股份有限公司2024年半年度业绩预告,业绩预告,2024-07-10,https://data.eastmoney.com/notices/detail/603011/AN202407091637716744.html
605006,山东玻纤,山东玻纤:605006_山东玻纤集团股份有限公司2024年半年度业绩预减公告,业绩预告,2024-07-10,https://data.eastmoney.com/notices/detail/605006/AN202407091637716745.html
600966,博汇纸业,博汇纸业:2024年半年度业绩预盈公告,业绩预告,2024-07-10,https://data.eastmoney.com/notices/detail/600966/AN202407091637716730.html
600963,岳阳林纸,岳阳林纸:岳阳林纸股份有限公司2024年半年度业绩预亏公告,业绩预告,2024-07-10,https://data.eastmoney.com/notices/detail/600963/AN202407091637716729.html
603995,甬金股份,甬金股份:2024年半年度业绩预增公告,业绩预告,2024-07-10,https://data.eastmoney.com/notices/detail/603995/AN202407091637716728.html
603722,阿科力,阿科力:无锡阿科力科技股份有限公司2024年半年度业绩预告,业绩预告,2024-07-10,https://data.eastmoney.com/notices/detail/603722/AN202407091637716716.html
600889,*ST京化,南京化纤:公司2024年第一次临时股东大会资料,股东大会资料,2024-07-10,https://data.eastmoney.com/notices/detail/600889/AN202407091637716715.html
603939,益丰药房,益丰药房:益丰药房关于使用闲置募集资金委托理财的进展公告,募集资金使用进展情况,2024-07-10,https://data.eastmoney.com/notices/detail/603939/AN202407091637716694.html
603615,茶花股份,茶花股份:2024年半年度业绩预亏公告,业绩预告,2024-07-10,https://data.eastmoney.com/notices/detail/603615/AN202407091637716610.html
600152,维科技术,维科技术:维科技术2024年半年度业绩预亏公告,业绩预告,2024-07-10,https://data.eastmoney.com/notices/detail/600152/AN202407091637716595.html
600309,万华化学,万华化学:万华化学烟台产业园MDI、TDI等一体化装置停产检修公告,其他,2024-07-10,https://data.eastmoney.com/notices/detail/600309/AN202407091637716585.html
603708,家家悦,家家悦:家家悦集团股份有限公司关于2023年股票期权激励计划(第一期)部分股票期权注销完成的公告,股权激励进展公告,2024-07-10,https://data.eastmoney.com/notices/detail/603708/AN202407091637716584.html
603909,建发合诚,建发合诚:建发合诚2024年半年度业绩预告,业绩预告,2024-07-10,https://data.eastmoney.com/notices/detail/603909/AN202407091637716571.html
600740,山西焦化,山西焦化:山西焦化股份有限公司2024年第二季度主要经营数据公告,月度经营情况,2024-07-10,https://data.eastmoney.com/notices/detail/600740/AN202407091637716572.html
600740,山西焦化,山西焦化:山西焦化股份有限公司2024年半年度业绩预告公告,业绩预告,2024-07-10,https://data.eastmoney.com/notices/detail/600740/AN202407091637716570.html
601179,中国西电,中国西电:中国西电产品中标公告,重大合同,2024-07-10,https://data.eastmoney.com/notices/detail/601179/AN202407091637716563.html
603536,惠发食品,惠发食品:惠发食品关于2024年半年度业绩预亏的公告,业绩预告,2024-07-10,https://data.eastmoney.com/notices/detail/603536/AN202407091637716562.html
601086,国芳集团,国芳集团:2024年半年度业绩预告,业绩预告,2024-07-10,https://data.eastmoney.com/notices/detail/601086/AN202407091637716446.html
603489,八方股份,八方股份:2024年半年度业绩预告,业绩预告,2024-07-10,https://data.eastmoney.com/notices/detail/603489/AN202407091637716447.html
603363,傲农生物,*ST傲农:福建傲农生物科技集团股份有限公司2024年半年度业绩预亏公告,业绩预告,2024-07-10,https://data.eastmoney.com/notices/detail/603363/AN202407091637716428.html
600410,华胜天成,华胜天成:2024年半年度业绩预亏公告,业绩预告,2024-07-10,https://data.eastmoney.com/notices/detail/600410/AN202407091637716420.html
603823,百合花,百合花:百合花集团股份有限公司2024年半年度业绩预告,业绩预告,2024-07-10,https://data.eastmoney.com/notices/detail/603823/AN202407091637716418.html
603268,松发股份,松发股份:2024年半年度业绩预亏公告,业绩预告,2024-07-10,https://data.eastmoney.com/notices/detail/603268/AN202407091637716419.html
600123,兰花科创,兰花科创:兰花科创2024年半年度业绩预减公告,业绩预告,2024-07-10,https://data.eastmoney.com/notices/detail/600123/AN202407091637716401.html
600421,退市华嵘,华嵘控股:华嵘控股2024年半年度业绩预告,业绩预告,2024-07-10,https://data.eastmoney.com/notices/detail/600421/AN202407091637716362.html
603010,万盛股份,万盛股份:浙江万盛股份有限公司关于为控股子公司提供担保的进展公告,提供/对外担保公告,2024-07-10,https://data.eastmoney.com/notices/detail/603010/AN202407091637716350.html
600358,国旅联合,国旅联合:国旅文化投资集团股份有限公司2024年半年度业绩预告,业绩预告,2024-07-10,https://data.eastmoney.com/notices/detail/600358/AN202407091637716338.html
603272,*ST联翔,联翔股份:2024年半年度业绩预亏预告,业绩预告,2024-07-10,https://data.eastmoney.com/notices/detail/603272/AN202407091637716328.html
603272,*ST联翔,联翔股份:关于2023年年度权益分派实施后调整回购价格上限的公告,回购方案修订,2024-07-10,https://data.eastmoney.com/notices/detail/603272/AN202407091637716329.html
603186,华正新材,华正新材:浙江华正新材料股份有限公司2024年半年度业绩预盈公告,业绩预告,2024-07-10,https://data.eastmoney.com/notices/detail/603186/AN202407091637716318.html
603329,上海雅仕,上海雅仕:2024年半年度业绩预盈公告,业绩预告,2024-07-10,https://data.eastmoney.com/notices/detail/603329/AN202407091637716313.html
301131,聚赛龙,聚赛龙:广州市聚赛龙工程塑料股份有限公司向不特定对象发行可转换公司债券中签号码公告,其他,2024-07-10,https://data.eastmoney.com/notices/detail/301131/AN202407091637716312.html
600177,雅戈尔,雅戈尔:雅戈尔2024年第一次临时股东大会会议资料,股东大会资料,2024-07-10,https://data.eastmoney.com/notices/detail/600177/AN202407091637716290.html
600217,中再资环,中再资环:中再资环2024年半年度业绩预告,业绩预告,2024-07-10,https://data.eastmoney.com/notices/detail/600217/AN202407091637716289.html
600066,宇通客车,宇通客车:2024年半年度业绩预告,业绩预告,2024-07-10,https://data.eastmoney.com/notices/detail/600066/AN202407091637716291.html
688378,奥来德,奥来德:关于董事会秘书正式履职的公告,其他,2024-07-10,https://data.eastmoney.com/notices/detail/688378/AN202407091637716267.html
688681,科汇股份,科汇股份:监事会关于公司2024年限制性股票激励计划激励对象名单的审核意见及公示情况说明,专项说明/独立意见,2024-07-10,https://data.eastmoney.com/notices/detail/688681/AN202407091637716262.html
603129,春风动力,春风动力:春风动力关于2024年员工持股计划的进展公告,员工持股计划,2024-07-10,https://data.eastmoney.com/notices/detail/603129/AN202407091637716245.html
600160,巨化股份,巨化股份:巨化股份2024年上半年主要经营数据公告,月度经营情况,2024-07-10,https://data.eastmoney.com/notices/detail/600160/AN202407091637716208.html
600160,巨化股份,巨化股份:巨化股份2024年半年度业绩预增公告,业绩预告,2024-07-10,https://data.eastmoney.com/notices/detail/600160/AN202407091637716209.html
600604,市北高新,市北高新:市北高新2024年半年度业绩预亏公告,业绩预告,2024-07-10,https://data.eastmoney.com/notices/detail/600604/AN202407091637716180.html
603933,睿能科技,睿能科技:睿能科技关于提供担保的公告,提供/对外担保公告,2024-07-10,https://data.eastmoney.com/notices/detail/603933/AN202407091637716178.html
603819,神力股份,神力股份:2024年半年度业绩预亏公告,业绩预告,2024-07-10,https://data.eastmoney.com/notices/detail/603819/AN202407091637716179.html
603191,望变电气,望变电气:2024年半年度业绩预告,业绩预告,2024-07-10,https://data.eastmoney.com/notices/detail/603191/AN202407091637716056.html
002743,富煌钢构,富煌钢构:关于补选董事及聘任副总裁、董事会秘书的公告,高管人员任职变动,2024-07-10,https://data.eastmoney.com/notices/detail/002743/AN202407091637716164.html
002743,富煌钢构,富煌钢构:第七届董事会第九次会议决议公告,高管人员任职变动,2024-07-10,https://data.eastmoney.com/notices/detail/002743/AN202407091637716163.html
002743,富煌钢构,富煌钢构:关于召开2024年第一次临时股东大会的通知,召开股东大会通知,2024-07-10,https://data.eastmoney.com/notices/detail/002743/AN202407091637716162.html
600355,*ST精伦,精伦电子:精伦电子2024年半年度业绩预亏公告,业绩预告,2024-07-10,https://data.eastmoney.com/notices/detail/600355/AN202407091637716010.html
600192,长城电工,长城电工:长城电工2024年半年度业绩预告,业绩预告,2024-07-10,https://data.eastmoney.com/notices/detail/600192/AN202407091637716011.html
002080,中材科技,中材科技:关于董事会秘书正式履职的公告,其他,2024-07-10,https://data.eastmoney.com/notices/detail/002080/AN202407091637716001.html
002726,ST龙大,龙大美食:关于全资子公司为公司提供担保的公告,提供/对外担保公告,2024-07-10,https://data.eastmoney.com/notices/detail/002726/AN202407091637716000.html
605081,退市太和,太和水:上海太和水科技发展股份有限公司2024年半年度业绩预亏公告,业绩预告,2024-07-10,https://data.eastmoney.com/notices/detail/605081/AN202407091637715995.html
605089,味知香,味知香:关于使用部分暂时闲置募集资金进行现金管理的进展公告,募集资金使用进展情况,2024-07-10,https://data.eastmoney.com/notices/detail/605089/AN202407091637715994.html
600797,浙大网新,浙大网新:浙大网新科技股份有限公司2024年半年度业绩预亏公告,业绩预告,2024-07-10,https://data.eastmoney.com/notices/detail/600797/AN202407091637715975.html
600435,北方导航,北方导航:北方导航2024年半年度业绩预亏公告,业绩预告,2024-07-10,https://data.eastmoney.com/notices/detail/600435/AN202407091637715976.html
603501,豪威集团,韦尔股份:关于控股股东部分股权质押的公告,股份质押、冻结,2024-07-10,https://data.eastmoney.com/notices/detail/603501/AN202407091637715974.html
600170,上海建工,上海建工:上海建工关于提供担保的进展公告,提供/对外担保公告,2024-07-10,https://data.eastmoney.com/notices/detail/600170/AN202407091637715944.html
601058,赛轮轮胎,赛轮轮胎:赛轮轮胎2024年半年度业绩预增公告,业绩预告,2024-07-10,https://data.eastmoney.com/notices/detail/601058/AN202407091637715934.html
603033,三维股份,三维股份:三维控股集团股份有限公司2024年第一次临时股东大会会议资料,股东大会资料,2024-07-10,https://data.eastmoney.com/notices/detail/603033/AN202407091637715922.html
600395,盘江股份,盘江股份:盘江股份2024年半年度业绩预告,业绩预告,2024-07-10,https://data.eastmoney.com/notices/detail/600395/AN202407091637715921.html
600395,盘江股份,盘江股份:盘江股份2024年半年度主要生产经营数据公告,月度经营情况,2024-07-10,https://data.eastmoney.com/notices/detail/600395/AN202407091637715920.html
301024,霍普股份,霍普股份:关于使用部分闲置募集资金进行现金管理的进展公告,募集资金使用进展情况,2024-07-10,https://data.eastmoney.com/notices/detail/301024/AN202407091637715914.html
603879,永悦科技,ST永悦:永悦科技股份有限公司2024年半年度业绩预亏公告,业绩预告,2024-07-10,https://data.eastmoney.com/notices/detail/603879/AN202407091637715909.html
600512,腾达建设,腾达建设:腾达建设2024年半年度业绩预增公告,业绩预告,2024-07-10,https://data.eastmoney.com/notices/detail/600512/AN202407091637715888.html
603477,巨星农牧,巨星农牧:乐山巨星农牧股份有限公司关于控股股东部分股份解除质押的公告,股份质押、冻结,2024-07-10,https://data.eastmoney.com/notices/detail/603477/AN202407091637715887.html
601002,晋亿实业,晋亿实业:晋亿实业股份有限公司2024年半年度业绩预告,业绩预告,2024-07-10,https://data.eastmoney.com/notices/detail/601002/AN202407091637715869.html
603903,中持股份,中持股份:中持水务股份有限公司2024年半年度业绩预告,业绩预告,2024-07-10,https://data.eastmoney.com/notices/detail/603903/AN202407091637715753.html
601606,长城军工,长城军工:安徽长城军工股份有限公司关于取消2024年第一次临时股东大会的公告,取消股东大会公告,2024-07-10,https://data.eastmoney.com/notices/detail/601606/AN202407091637715752.html
600503,华丽家族,华丽家族:华丽家族股份有限公司2024年半年度业绩预盈公告,业绩预告,2024-07-10,https://data.eastmoney.com/notices/detail/600503/AN202407091637715742.html
603177,德创环保,德创环保:德创环保2024年第一次临时股东大会会议资料,股东大会资料,2024-07-10,https://data.eastmoney.com/notices/detail/603177/AN202407091637715740.html
603177,德创环保,德创环保:德创环保2024年半年度业绩预告,业绩预告,2024-07-10,https://data.eastmoney.com/notices/detail/603177/AN202407091637715743.html
605116,奥锐特,奥锐特:奥锐特药业股份有限公司2024年半年度业绩预增公告,业绩预告,2024-07-10,https://data.eastmoney.com/notices/detail/605116/AN202407091637715741.html
600707,彩虹股份,彩虹股份:彩虹股份2024年半年度业绩预盈公告,业绩预告,2024-07-10,https://data.eastmoney.com/notices/detail/600707/AN202407091637715728.html
301297,富乐德,富乐德:关于收购杭州之芯半导体有限公司100%股权暨关联交易的进展公告,收购出售资产/股权,2024-07-10,https://data.eastmoney.com/notices/detail/301297/AN202407091637715716.html
002824,和胜股份,和胜股份:关于2021年股票期权与限制性股票激励计划预留授予部分股票期权注销完成公告,股本变动,2024-07-10,https://data.eastmoney.com/notices/detail/002824/AN202407091637715715.html
600135,乐凯胶片,乐凯胶片:乐凯胶片股份有限公司2024年半年度业绩预亏公告,业绩预告,2024-07-10,https://data.eastmoney.com/notices/detail/600135/AN202407091637715704.html
600195,中牧股份,中牧股份:中牧实业股份有限公司2024年半年度业绩预减公告,业绩预告,2024-07-10,https://data.eastmoney.com/notices/detail/600195/AN202407091637715687.html
600082,ST海泰,海泰发展:天津海泰科技发展股份有限公司2024年半年度业绩预告,业绩预告,2024-07-10,https://data.eastmoney.com/notices/detail/600082/AN202407091637715670.html
603220,中贝通信,中贝通信:2024年半年度业绩预增公告,业绩预告,2024-07-10,https://data.eastmoney.com/notices/detail/603220/AN202407091637715640.html
300755,华致酒行,华致酒行:第五届监事会第十四次会议决议公告,监事会决议公告,2024-07-10,https://data.eastmoney.com/notices/detail/300755/AN202407091637715624.html
300755,华致酒行,华致酒行:第五届董事会第十八次会议决议公告,董事会决议公告,2024-07-10,https://data.eastmoney.com/notices/detail/300755/AN202407091637715625.html
300755,华致酒行,华致酒行:关于召开2024年第一次临时股东大会的通知,召开股东大会通知,2024-07-10,https://data.eastmoney.com/notices/detail/300755/AN202407091637715623.html
300755,华致酒行,华致酒行:关于回报股东特别分红方案的公告,其他,2024-07-10,https://data.eastmoney.com/notices/detail/300755/AN202407091637715622.html
002162,悦心健康,悦心健康:第八届董事会独立董事专门会议2024年第二次会议决议,董事会决议公告,2024-07-10,https://data.eastmoney.com/notices/detail/002162/AN202407091637715628.html
002162,悦心健康,悦心健康:关于全资子公司与关联方合资设立投资公司暨关联交易的公告,其他,2024-07-10,https://data.eastmoney.com/notices/detail/002162/AN202407091637715627.html
002162,悦心健康,悦心健康:第八届董事会第九次会议决议公告,董事会决议公告,2024-07-10,https://data.eastmoney.com/notices/detail/002162/AN202407091637715626.html
600615,鑫源智造,丰华股份:重庆丰华(集团)股份有限公司2024年半年度业绩预告,业绩预告,2024-07-10,https://data.eastmoney.com/notices/detail/600615/AN202407091637715610.html
600581,*ST八钢,八一钢铁:八一钢铁关于享受税收优惠政策的公告,其他,2024-07-10,https://data.eastmoney.com/notices/detail/600581/AN202407091637715591.html
600581,*ST八钢,八一钢铁:八一钢铁2024年半年度业绩预亏公告,业绩预告,2024-07-10,https://data.eastmoney.com/notices/detail/600581/AN202407091637715592.html
603558,健盛集团,健盛集团:健盛集团关于回购公司股份比例达2%暨回购进展公告,回购进展情况,2024-07-10,https://data.eastmoney.com/notices/detail/603558/AN202407091637715581.html
002833,弘亚数控,弘亚数控:关于公司完成工商变更登记的公告,公司注册资本变更,2024-07-10,https://data.eastmoney.com/notices/detail/002833/AN202407091637715566.html
002627,三峡旅游,三峡旅游:关于业绩补偿所涉诉讼事项的进展公告,诉讼仲裁,2024-07-10,https://data.eastmoney.com/notices/detail/002627/AN202407091637715565.html
002567,唐人神,唐人神:2024年6月生猪销售简报,月度经营情况,2024-07-10,https://data.eastmoney.com/notices/detail/002567/AN202407091637715564.html
002376,新北洋,新北洋:关于新北转债预计触发转股价格向下修正条件的提示性公告,其他,2024-07-10,https://data.eastmoney.com/notices/detail/002376/AN202407091637715563.html
000931,中关村,中关村:关于调整公司发展战略的公告,其他,2024-07-10,https://data.eastmoney.com/notices/detail/000931/AN202407091637715562.html
000931,中关村,中关村:第八届董事会2024年度第七次临时会议决议公告,董事会决议公告,2024-07-10,https://data.eastmoney.com/notices/detail/000931/AN202407091637715561.html
601099,太平洋,太平洋:太平洋证券股份有限公司2024年半年度业绩预减公告,业绩预告,2024-07-10,https://data.eastmoney.com/notices/detail/601099/AN202407091637715530.html
603027,千禾味业,千禾味业:千禾味业食品股份有限公司关于使用闲置募集资金购买现金管理产品的公告,投资理财,2024-07-10,https://data.eastmoney.com/notices/detail/603027/AN202407091637715531.html
605055,迎丰股份,迎丰股份:迎丰股份2024年半年度业绩预增公告,业绩预告,2024-07-10,https://data.eastmoney.com/notices/detail/605055/AN202407091637715510.html
600733,北汽蓝谷,北汽蓝谷:2024年半年度业绩预亏公告,业绩预告,2024-07-10,https://data.eastmoney.com/notices/detail/600733/AN202407091637715504.html
600798,宁波海运,宁波海运:宁波海运股份有限公司2024年半年度业绩预亏公告,业绩预告,2024-07-10,https://data.eastmoney.com/notices/detail/600798/AN202407091637715495.html
603286,日盈电子,日盈电子:2024年半年度业绩预增公告,业绩预告,2024-07-10,https://data.eastmoney.com/notices/detail/603286/AN202407091637715484.html
600151,航天机电,航天机电:2024年半年度业绩预亏公告,业绩预告,2024-07-10,https://data.eastmoney.com/notices/detail/600151/AN202407091637715483.html
603609,禾丰股份,禾丰股份:禾丰股份关于以集中竞价交易方式回购公司股份比例达到总股本1%暨股份回购进展公告,回购进展情况,2024-07-10,https://data.eastmoney.com/notices/detail/603609/AN202407091637715465.html
603609,禾丰股份,禾丰股份:禾丰股份2024年半年度业绩预告,业绩预告,2024-07-10,https://data.eastmoney.com/notices/detail/603609/AN202407091637715464.html
600259,中稀有色,广晟有色:广晟有色金属股份有限公司2024年半年度业绩预告,业绩预告,2024-07-10,https://data.eastmoney.com/notices/detail/600259/AN202407091637715463.html
600865,百大集团,百大集团:百大集团股份有限公司2024年半年度业绩预告,业绩预告,2024-07-10,https://data.eastmoney.com/notices/detail/600865/AN202407091637715347.html
603182,嘉华股份,嘉华股份:嘉华股份关于部分实际控制人增持公司股份计划实施完毕暨增持结果的公告,股东/实际控制人股份增持,2024-07-10,https://data.eastmoney.com/notices/detail/603182/AN202407091637715349.html
603182,嘉华股份,嘉华股份:北京市京师(青岛)律师事务所关于嘉华股份实际控制人增持公司股份之法律意见书,法律意见书,2024-07-10,https://data.eastmoney.com/notices/detail/603182/AN202407091637715348.html
605228,神通科技,神通科技:2024年第二次临时股东大会会议资料,股东大会资料,2024-07-10,https://data.eastmoney.com/notices/detail/605228/AN202407091637715345.html
603779,威龙股份,威龙股份:威龙葡萄酒股份有限公司2024年半年度业绩预告,业绩预告,2024-07-10,https://data.eastmoney.com/notices/detail/603779/AN202407091637715346.html
600241,时代万恒,时代万恒:辽宁时代万恒股份有限公司2024年半年度业绩预减公告,业绩预告,2024-07-10,https://data.eastmoney.com/notices/detail/600241/AN202407091637715307.html
600505,西昌电力,西昌电力:西昌电力2024年半年度经营数据公告,月度经营情况,2024-07-10,https://data.eastmoney.com/notices/detail/600505/AN202407091637715304.html
600505,西昌电力,西昌电力:西昌电力2024年半年度业绩预亏公告,业绩预告,2024-07-10,https://data.eastmoney.com/notices/detail/600505/AN202407091637715303.html
600571,信雅达,信雅达:信雅达科技股份有限公司2024年半年度业绩预亏公告,业绩预告,2024-07-10,https://data.eastmoney.com/notices/detail/600571/AN202407091637715298.html
605500,森林包装,森林包装:森林包装集团股份有限公司关于落实公司“提质增效重回报”行动方案的公告,其他,2024-07-10,https://data.eastmoney.com/notices/detail/605500/AN202407091637715270.html
605500,森林包装,森林包装:森林包装集团股份有限公司2024年半年度业绩预告,业绩预告,2024-07-10,https://data.eastmoney.com/notices/detail/605500/AN202407091637715271.html
601066,中信建投,中信建投:H股市场公告:建議更換聯席公司秘書、董事會秘書及替任授權代表,其他,2024-07-10,https://data.eastmoney.com/notices/detail/601066/AN202407091637715083.html
601700,风范股份,风范股份:风范股份2024年半年度业绩预告,业绩预告,2024-07-10,https://data.eastmoney.com/notices/detail/601700/AN202407091637715262.html
605365,立达信,立达信:关于部分股票期权注销完成公告,其他,2024-07-10,https://data.eastmoney.com/notices/detail/605365/AN202407091637715143.html
600819,耀皮玻璃,耀皮玻璃:上海耀皮玻璃集团股份有限公司2024年半年度业绩预盈公告,业绩预告,2024-07-10,https://data.eastmoney.com/notices/detail/600819/AN202407091637715055.html
605369,拱东医疗,拱东医疗:公司章程(2024年6月),公司章程,2024-07-10,https://data.eastmoney.com/notices/detail/605369/AN202407091637715057.html
600216,浙江医药,浙江医药:浙江医药关于完成工商变更登记并换发营业执照的公告,法定代表人变更,2024-07-10,https://data.eastmoney.com/notices/detail/600216/AN202407091637715068.html
603660,苏州科达,苏州科达:2024年半年度业绩预亏公告,业绩预告,2024-07-10,https://data.eastmoney.com/notices/detail/603660/AN202407091637715082.html
600330,天通股份,天通股份:天通股份2024年半年度业绩预告,业绩预告,2024-07-10,https://data.eastmoney.com/notices/detail/600330/AN202407091637715064.html
600822,上海物贸,上海物贸:2024年半年度业绩预减公告,业绩预告,2024-07-10,https://data.eastmoney.com/notices/detail/600822/AN202407091637715051.html
600120,浙江东方,浙江东方:浙江东方金融控股集团股份有限公司关于为下属公司提供担保的进展公告,提供/对外担保公告,2024-07-10,https://data.eastmoney.com/notices/detail/600120/AN202407091637715067.html
605369,拱东医疗,拱东医疗:关于变更公司注册资本并修订《公司章程》的公告,公司章程修订,2024-07-10,https://data.eastmoney.com/notices/detail/605369/AN202407091637715074.html
603221,爱丽家居,爱丽家居:爱丽家居科技股份有限公司2024年半年度业绩预盈公告,业绩预告,2024-07-10,https://data.eastmoney.com/notices/detail/603221/AN202407091637715084.html
603726,朗迪集团,朗迪集团:2024年半年度业绩预增公告,业绩预告,2024-07-10,https://data.eastmoney.com/notices/detail/603726/AN202407091637715080.html
600088,中视传媒,中视传媒:中视传媒股份有限公司2024年半年度业绩预亏公告,业绩预告,2024-07-10,https://data.eastmoney.com/notices/detail/600088/AN202407091637715069.html
605369,拱东医疗,拱东医疗:关于完成工商变更登记并换发营业执照的公告,公司经营范围变更,2024-07-10,https://data.eastmoney.com/notices/detail/605369/AN202407091637715059.html
600639,浦东金桥,浦东金桥:浦东金桥2024年半年度业绩预减公告,业绩预告,2024-07-10,https://data.eastmoney.com/notices/detail/600639/AN202407091637715075.html
600171,上海贝岭,上海贝岭:上海贝岭2024年半年度业绩预盈公告,业绩预告,2024-07-10,https://data.eastmoney.com/notices/detail/600171/AN202407091637715073.html
603629,利通电子,利通电子:利通电子对子公司担保的进展公告,提供/对外担保公告,2024-07-10,https://data.eastmoney.com/notices/detail/603629/AN202407091637715076.html
600743,华远控股,华远地产:华远地产2024年半年度业绩预亏公告,业绩预告,2024-07-10,https://data.eastmoney.com/notices/detail/600743/AN202407091637715058.html
600697,欧亚集团,欧亚集团:长春欧亚集团股份有限公司第十一届董事会2024年第一次临时会议决议公告,董事会决议公告,2024-07-10,https://data.eastmoney.com/notices/detail/600697/AN202407091637715054.html
600367,红星发展,红星发展:红星发展2024年半年度业绩预增公告,业绩预告,2024-07-10,https://data.eastmoney.com/notices/detail/600367/AN202407091637715072.html
603968,醋化股份,醋化股份:2024年半年度业绩预告,业绩预告,2024-07-10,https://data.eastmoney.com/notices/detail/603968/AN202407091637715085.html
605007,五洲特纸,五洲特纸:五洲特种纸业集团股份有限公司关于2023年年度权益分派实施后调整向特定对象发行股票发行价格的公告,增发方案修订,2024-07-10,https://data.eastmoney.com/notices/detail/605007/AN202407091637715052.html
603466,风语筑,风语筑:上海风语筑文化科技股份有限公司2024年半年度业绩预告,业绩预告,2024-07-10,https://data.eastmoney.com/notices/detail/603466/AN202407091637715081.html
600676,久事动娱,交运股份:上海交运集团股份有限公司2024年半年度业绩预告,业绩预告,2024-07-10,https://data.eastmoney.com/notices/detail/600676/AN202407091637715066.html
605007,五洲特纸,五洲特纸:五洲特种纸业集团股份有限公司2024年半年度业绩预告,业绩预告,2024-07-10,https://data.eastmoney.com/notices/detail/605007/AN202407091637715060.html
600159,大龙地产,大龙地产:2024年半年度业绩预亏公告,业绩预告,2024-07-10,https://data.eastmoney.com/notices/detail/600159/AN202407091637715056.html
600159,大龙地产,大龙地产:2024年第二季度主营业务经营情况简报,月度经营情况,2024-07-10,https://data.eastmoney.com/notices/detail/600159/AN202407091637715078.html
600120,浙江东方,浙江东方:浙江东方金融控股集团股份有限公司2024年半年度业绩预告,业绩预告,2024-07-10,https://data.eastmoney.com/notices/detail/600120/AN202407091637715077.html
605016,百龙创园,百龙创园:2024年半年度业绩快报公告,业绩快报,2024-07-10,https://data.eastmoney.com/notices/detail/605016/AN202407091637715065.html
605118,力鼎光电,力鼎光电:力鼎光电关于完成工商变更登记的公告,公司注册资本变更,2024-07-10,https://data.eastmoney.com/notices/detail/605118/AN202407091637715071.html
605369,拱东医疗,拱东医疗:第三届董事会第六次会议决议公告,董事会决议公告,2024-07-10,https://data.eastmoney.com/notices/detail/605369/AN202407091637715053.html
605287,德才股份,德才股份:德才股份关于为子公司提供担保的进展公告,提供/对外担保公告,2024-07-10,https://data.eastmoney.com/notices/detail/605287/AN202407091637715063.html
605369,拱东医疗,拱东医疗:公司章程(2024年7月修订稿),公司章程修订,2024-07-10,https://data.eastmoney.com/notices/detail/605369/AN202407091637715061.html
605118,力鼎光电,力鼎光电:力鼎光电关于股东部分股份解除质押的公告,股份质押、冻结,2024-07-10,https://data.eastmoney.com/notices/detail/605118/AN202407091637715062.html
603106,恒银科技,恒银科技:恒银金融科技股份有限公司2024年半年度业绩预亏公告,业绩预告,2024-07-10,https://data.eastmoney.com/notices/detail/603106/AN202407091637715079.html
600288,大恒科技,大恒科技:大恒新纪元科技股份有限公司2024年半年度业绩预告,业绩预告,2024-07-10,https://data.eastmoney.com/notices/detail/600288/AN202407091637715086.html
600114,东睦股份,东睦股份:东睦股份关于联营企业对外投资事项的公告,对外项目投资,2024-07-10,https://data.eastmoney.com/notices/detail/600114/AN202407091637715070.html
600071,凤凰光学,凤凰光学:凤凰光学股份有限公司2024年半年度业绩预亏公告,业绩预告,2024-07-10,https://data.eastmoney.com/notices/detail/600071/AN202407091637715037.html
603160,汇顶科技,汇顶科技:2024年半年度业绩预盈公告,业绩预告,2024-07-10,https://data.eastmoney.com/notices/detail/603160/AN202407091637715046.html
603232,格尔软件,格尔软件:格尔软件股份有限公司2024年半年度业绩预亏公告,业绩预告,2024-07-10,https://data.eastmoney.com/notices/detail/603232/AN202407091637715036.html
605319,无锡振华,无锡振华:关于2024年半年度业绩预增的公告,业绩预告,2024-07-10,https://data.eastmoney.com/notices/detail/605319/AN202407091637715040.html
600979,广安爱众,广安爱众:四川广安爱众股份有限公司2024年半年度业绩预告,业绩预告,2024-07-10,https://data.eastmoney.com/notices/detail/600979/AN202407091637715044.html
600746,江苏索普,江苏索普:江苏索普2024年半年度业绩预盈公告,业绩预告,2024-07-10,https://data.eastmoney.com/notices/detail/600746/AN202407091637715041.html
600636,退市国化,国新文化:国新文化控股股份有限公司2024年半年度业绩预亏公告,业绩预告,2024-07-10,https://data.eastmoney.com/notices/detail/600636/AN202407091637715045.html
605286,同力天启,同力日升:同力日升2024年半年度业绩预告,业绩预告,2024-07-10,https://data.eastmoney.com/notices/detail/605286/AN202407091637715043.html
600710,苏美达,苏美达:2024年半年度业绩快报,业绩快报,2024-07-10,https://data.eastmoney.com/notices/detail/600710/AN202407091637715038.html
603226,菲林格尔,菲林格尔:菲林格尔家居科技股份有限公司2024年半年度业绩预亏公告,业绩预告,2024-07-10,https://data.eastmoney.com/notices/detail/603226/AN202407091637715042.html
600616,金枫酒业,金枫酒业:金枫酒业2024年半年度业绩预告,业绩预告,2024-07-10,https://data.eastmoney.com/notices/detail/600616/AN202407091637715039.html
