代码,名称,公告标题,公告类型,公告日期,网址
600753,ST海钦,*ST海钦:海钦股份股票交易异常波动公告,股票交易异常波动,2026-03-12,https://data.eastmoney.com/notices/detail/600753/AN202603111820497201.html
300561,汇金科技,*ST汇科:关于2025年年度报告编制及最新审计进展情况的公告,其他,2026-03-12,https://data.eastmoney.com/notices/detail/300561/AN202603121820523479.html
000625,长安汽车,长安汽车:2026年03月12日投资者关系活动记录表,调研活动,2026-03-12,https://data.eastmoney.com/notices/detail/000625/AN202603121820524691.html
301321,翰博高新,翰博高新:关于减持回购股份比例达到1%的公告,股东/实际控制人股份减持,2026-03-12,https://data.eastmoney.com/notices/detail/301321/AN202603121820523517.html
000599,青岛双星,2-1重大资产重组报告书(注册稿)(青岛双星股份有限公司),深主板并购重组报告书注册稿,2026-03-12,https://data.eastmoney.com/notices/detail/000599/AN202603121820520889.html
301015,百洋医药,百洋医药:关于控股股东部分股份质押的公告,股份质押、冻结,2026-03-12,https://data.eastmoney.com/notices/detail/301015/AN202603121820517839.html
300678,中科信息,中科信息:300678中科信息投资者关系管理信息20260312,调研活动,2026-03-12,https://data.eastmoney.com/notices/detail/300678/AN202603121820527654.html
300470,中密控股,中密控股:2026年3月12日投资者关系活动记录表,调研活动,2026-03-12,https://data.eastmoney.com/notices/detail/300470/AN202603121820527552.html
301322,绿通科技,绿通科技:2026年3月12日投资者关系活动记录表,调研活动,2026-03-12,https://data.eastmoney.com/notices/detail/301322/AN202603121820527577.html
002916,深南电路,深南电路:2026年3月12日投资者关系活动记录表,调研活动,2026-03-12,https://data.eastmoney.com/notices/detail/002916/AN202603121820527435.html
000776,广发证券,广发证券:广发证券股份有限公司2026年面向专业投资者公开发行永续次级债券(第一期)发行结果公告(以此为准),其他,2026-03-12,https://data.eastmoney.com/notices/detail/000776/AN202603121820527070.html
920093,信胜科技,北京证券交易所上市委员会2026年第23次审议会议结果公告,北交所上市审核会议结果,2026-03-12,https://data.eastmoney.com/notices/detail/920093/AN202603121820526908.html
300718,长盛轴承,长盛轴承:300718长盛轴承调研活动信息20260312,调研活动,2026-03-12,https://data.eastmoney.com/notices/detail/300718/AN202603121820526882.html
301348,蓝箭电子,蓝箭电子:301348蓝箭电子投资者关系管理信息20260312,调研活动,2026-03-12,https://data.eastmoney.com/notices/detail/301348/AN202603121820526639.html
A25233,好盈科技,8-1发行人及中介机构关于首轮审核问询函的回复(深圳市好盈科技股份有限公司),科创板发行上市问询与回复,2026-03-12,https://data.eastmoney.com/notices/detail/A25233/AN202603121820526500.html
A25233,好盈科技,深圳市好盈科技股份有限公司科创板首次公开发行股票招股说明书(申报稿),科创板发行上市招股说明书申报稿,2026-03-12,https://data.eastmoney.com/notices/detail/A25233/AN202603121820526499.html
920720,吉冈精密,吉冈精密:2022年股权激励计划预留授予部分第二个行权期股票期权行权结果公告,股权激励行权结果,2026-03-12,https://data.eastmoney.com/notices/detail/920720/AN202603121820526396.html
920720,吉冈精密,吉冈精密:对外投资(全资子公司泰国吉冈)进展的公告,其他,2026-03-12,https://data.eastmoney.com/notices/detail/920720/AN202603121820526397.html
002511,中顺洁柔,中顺洁柔:002511中顺洁柔投资者关系管理信息20260312,调研活动,2026-03-12,https://data.eastmoney.com/notices/detail/002511/AN202603121820526231.html
000027,深圳能源,深圳能源:深圳能源集团股份有限公司2026年面向专业投资者公开发行可续期公司债券(第一期)票面利率公告,其他,2026-03-12,https://data.eastmoney.com/notices/detail/000027/AN202603121820526242.html
300181,佐力药业,佐力药业:2026年3月10日投资者关系活动记录表,调研活动,2026-03-12,https://data.eastmoney.com/notices/detail/300181/AN202603121820525572.html
301391,卡莱特,卡莱特:301391卡莱特投资者关系管理信息20260312,调研活动,2026-03-12,https://data.eastmoney.com/notices/detail/301391/AN202603121820525607.html
300787,海能实业,海能实业:关于特定股东减持计划实施完成的公告,股东/实际控制人股份减持,2026-03-12,https://data.eastmoney.com/notices/detail/300787/AN202603121820525662.html
300398,飞凯材料,飞凯材料:关于对外投资暨拟签署项目投资协议的公告,签订协议,2026-03-12,https://data.eastmoney.com/notices/detail/300398/AN202603121820525544.html
300398,飞凯材料,飞凯材料:第五届董事会2026年第二次独立董事专门会议的审查意见,专项说明/独立意见,2026-03-12,https://data.eastmoney.com/notices/detail/300398/AN202603121820525545.html
300398,飞凯材料,飞凯材料:关于全资子公司拟与关联方共同投资设立合伙企业暨对公司子公司增资的公告,增资扩股,2026-03-12,https://data.eastmoney.com/notices/detail/300398/AN202603121820525554.html
300398,飞凯材料,飞凯材料:第五届董事会第三十次会议决议公告,董事会决议公告,2026-03-12,https://data.eastmoney.com/notices/detail/300398/AN202603121820525541.html
300398,飞凯材料,飞凯材料:关于全资子公司注销募集资金专户的公告,公司关联方基本资料变更,2026-03-12,https://data.eastmoney.com/notices/detail/300398/AN202603121820525548.html
300398,飞凯材料,飞凯材料:关于签署聘用协议暨关联交易的公告,签订协议,2026-03-12,https://data.eastmoney.com/notices/detail/300398/AN202603121820525551.html
300603,立昂技术,立昂技术:关于持股5%以上股东减持股份触及1%整数倍的公告,股东/实际控制人股份减持,2026-03-12,https://data.eastmoney.com/notices/detail/300603/AN202603121820525527.html
300975,商络电子,商络电子:关于控股股东、实际控制人减持股份触及1%整数倍的公告,股东/实际控制人股份减持,2026-03-12,https://data.eastmoney.com/notices/detail/300975/AN202603121820525526.html
301516,中远通,中远通:关于全资子公司对外投资的公告,其他,2026-03-12,https://data.eastmoney.com/notices/detail/301516/AN202603121820525395.html
301516,中远通,中远通:第三届董事会第十二次会议决议公告,高管人员任职变动,2026-03-12,https://data.eastmoney.com/notices/detail/301516/AN202603121820525396.html
920186,中科仪,中科仪:2025年年度报告预约披露时间变更的公告,延期披露定报公告,2026-03-12,https://data.eastmoney.com/notices/detail/920186/AN202603121820525268.html
300444,双杰电气,双杰电气:300444双杰电气投资者关系管理信息20260312,调研活动,2026-03-12,https://data.eastmoney.com/notices/detail/300444/AN202603121820525207.html
300494,盛天网络,盛天网络:2026年第一次临时股东会决议公告,股东大会决议公告,2026-03-12,https://data.eastmoney.com/notices/detail/300494/AN202603121820525239.html
300560,中富通,中富通:关于公司为子公司提供担保的进展公告,提供/对外担保公告,2026-03-12,https://data.eastmoney.com/notices/detail/300560/AN202603121820525226.html
300494,盛天网络,盛天网络:湖北好律律师事务所关于湖北盛天网络技术股份有限公司2026年第一次临时股东会的法律意见(20260312),法律意见书,2026-03-12,https://data.eastmoney.com/notices/detail/300494/AN202603121820525225.html
002183,怡亚通,怡 亚 通:002183怡亚通投资者关系管理信息20260312,调研活动,2026-03-12,https://data.eastmoney.com/notices/detail/002183/AN202603121820524950.html
301030,*ST仕净,仕净科技:关于控股股东、实际控制人部分股份被司法再冻结的公告,股份质押、冻结,2026-03-12,https://data.eastmoney.com/notices/detail/301030/AN202603121820524938.html
300776,帝尔激光,帝尔激光:2025年度业绩快报,业绩快报,2026-03-12,https://data.eastmoney.com/notices/detail/300776/AN202603121820524927.html
301281,科源制药,科源制药:关于控股股东及其一致行动人权益变动触及5%整数倍暨披露简式权益变动报告书的提示性公告,权益变动报告书,2026-03-12,https://data.eastmoney.com/notices/detail/301281/AN202603121820524863.html
300475,香农芯创,香农芯创:关于控股子公司为其全资孙公司提供担保及接受关联方提供担保暨关联交易的进展公告,提供/对外担保公告,2026-03-12,https://data.eastmoney.com/notices/detail/300475/AN202603121820524865.html
301281,科源制药,科源制药:关于股东减持计划实施完成暨减持结果公告,股东/实际控制人股份减持,2026-03-12,https://data.eastmoney.com/notices/detail/301281/AN202603121820524866.html
301281,科源制药,科源制药:山东科源制药股份有限公司简式权益变动报告书,权益变动报告书,2026-03-12,https://data.eastmoney.com/notices/detail/301281/AN202603121820524864.html
920871,派特尔,派特尔:关于使用闲置自有资金购买理财产品的进展公告,投资理财,2026-03-12,https://data.eastmoney.com/notices/detail/920871/AN202603121820524706.html
300716,*ST泉为,ST泉为:关于控股股东部分股份被司法拍卖完成过户的公告,诉讼仲裁,2026-03-12,https://data.eastmoney.com/notices/detail/300716/AN202603121820524696.html
301658,首航新能,首航新能:股票交易异常波动公告,股票交易异常波动,2026-03-12,https://data.eastmoney.com/notices/detail/301658/AN202603121820524700.html
301268,铭利达,铭利达:关于公司与专业投资机构共同投资的公告,投资设立公司,2026-03-12,https://data.eastmoney.com/notices/detail/301268/AN202603121820524698.html
000524,岭南控股,岭南控股:2026年3月12日投资者关系活动记录表,调研活动,2026-03-12,https://data.eastmoney.com/notices/detail/000524/AN202603121820524487.html
301042,安联锐视,安联锐视:公司董事、高级管理人员减持股份预披露公告,高管人员持股变动,2026-03-12,https://data.eastmoney.com/notices/detail/301042/AN202603121820524484.html
301308,江波龙,江波龙:关于为子公司提供担保的进展公告,提供/对外担保公告,2026-03-12,https://data.eastmoney.com/notices/detail/301308/AN202603121820524401.html
300301,ST长方,ST长方:关于公司部分债务逾期的公告,其他,2026-03-12,https://data.eastmoney.com/notices/detail/300301/AN202603121820524343.html
920931,无锡鼎邦,无锡鼎邦:第三届董事会第十六次会议决议公告,董事会决议公告,2026-03-12,https://data.eastmoney.com/notices/detail/920931/AN202603121820524250.html
920931,无锡鼎邦,无锡鼎邦:关于召开2026年第一次临时股东会通知公告(提供网络投票),召开股东大会通知,2026-03-12,https://data.eastmoney.com/notices/detail/920931/AN202603121820524255.html
920931,无锡鼎邦,无锡鼎邦:东吴证券股份有限公司关于无锡鼎邦换热设备股份有限公司预计2026年日常性关联交易的核查意见,保荐/核查意见,2026-03-12,https://data.eastmoney.com/notices/detail/920931/AN202603121820524254.html
920931,无锡鼎邦,无锡鼎邦:关于预计2026年度公司向银行申请授信额度的公告,借贷,2026-03-12,https://data.eastmoney.com/notices/detail/920931/AN202603121820524252.html
920931,无锡鼎邦,无锡鼎邦:关于预计2026年日常性关联交易的公告,关联交易,2026-03-12,https://data.eastmoney.com/notices/detail/920931/AN202603121820524253.html
301070,开勒股份,开勒股份:关于持股5%以上股东权益变动触及1%整数倍的公告,权益变动报告书,2026-03-12,https://data.eastmoney.com/notices/detail/301070/AN202603121820524083.html
301111,粤万年青,粤万年青:关于持股5%以上股东股份减持计划的预披露公告,股东/实际控制人股份减持,2026-03-12,https://data.eastmoney.com/notices/detail/301111/AN202603121820524026.html
300219,鸿利智汇,鸿利智汇:关于子公司通过高新技术企业认定的公告,其他,2026-03-12,https://data.eastmoney.com/notices/detail/300219/AN202603121820523973.html
300277,汽轮科技,海联讯:300277海联讯投资者关系管理信息20260312,调研活动,2026-03-12,https://data.eastmoney.com/notices/detail/300277/AN202603121820523889.html
002416,爱施德,爱施德:2026年3月10日—11日 投资者关系活动记录表,调研活动,2026-03-12,https://data.eastmoney.com/notices/detail/002416/AN202603121820523838.html
301389,隆扬电子,隆扬电子:2025年度业绩快报,业绩快报,2026-03-12,https://data.eastmoney.com/notices/detail/301389/AN202603121820523899.html
301093,华兰股份,华兰股份:关于使用部分闲置募集资金和自有资金进行现金管理到期赎回并继续进行现金管理的公告,投资理财,2026-03-12,https://data.eastmoney.com/notices/detail/301093/AN202603121820523898.html
000776,广发证券,广发证券:广发证券股份有限公司2026年面向专业投资者公开发行短期公司债券(第三期)发行结果公告,其他,2026-03-12,https://data.eastmoney.com/notices/detail/000776/AN202603121820523854.html
300746,汉嘉数智,汉嘉数智:关于对外担保的进展公告,提供/对外担保公告,2026-03-12,https://data.eastmoney.com/notices/detail/300746/AN202603121820523853.html
000830,鲁西化工,鲁西化工:2026年3月12日投资者关系活动记录表,调研活动,2026-03-12,https://data.eastmoney.com/notices/detail/000830/AN202603121820523696.html
920060,万源通,万源通:投资者关系活动记录表,调研活动,2026-03-12,https://data.eastmoney.com/notices/detail/920060/AN202603121820523706.html
920158,长江能科,长江能科:投资者关系活动记录表,调研活动,2026-03-12,https://data.eastmoney.com/notices/detail/920158/AN202603121820523621.html
300582,英飞特,英飞特:关于收到政府补助的公告,获得补贴（资助）,2026-03-12,https://data.eastmoney.com/notices/detail/300582/AN202603121820523601.html
300486,东杰智能,东杰智能:关于公司完成工商变更登记并换发营业执照的公告,公司注册资本变更,2026-03-12,https://data.eastmoney.com/notices/detail/300486/AN202603121820523519.html
301628,强达电路,强达电路:关于全资子公司完成工商变更登记并换发营业执照的公告,公司关联方基本资料变更,2026-03-12,https://data.eastmoney.com/notices/detail/301628/AN202603121820523522.html
301413,安培龙,安培龙:关于子公司开立募集资金专项账户并签订募集资金四方监管协议的公告,签订协议,2026-03-12,https://data.eastmoney.com/notices/detail/301413/AN202603121820523514.html
301152,天力锂能,天力锂能:天力锂能集团股份有限公司关于股东减持股份的预披露公告,股东/实际控制人股份减持,2026-03-12,https://data.eastmoney.com/notices/detail/301152/AN202603121820523516.html
300853,申昊科技,申昊科技:关于“申昊转债“2026年付息的公告,其他,2026-03-12,https://data.eastmoney.com/notices/detail/300853/AN202603121820523518.html
301628,强达电路,强达电路:关于使用部分闲置自有资金进行现金管理的进展公告,投资理财,2026-03-12,https://data.eastmoney.com/notices/detail/301628/AN202603121820523515.html
301297,富乐德,富乐德:关于与专业投资机构共同投资的进展公告,投资设立公司,2026-03-12,https://data.eastmoney.com/notices/detail/301297/AN202603121820523476.html
300569,天能重工,天能重工:关于特定股东股份减持计划实施完毕的公告,股东/实际控制人股份减持,2026-03-12,https://data.eastmoney.com/notices/detail/300569/AN202603121820523477.html
300323,华灿光电,华灿光电:关于持股5%以上股东减持股份触及1%整数倍的公告,股东/实际控制人股份减持,2026-03-12,https://data.eastmoney.com/notices/detail/300323/AN202603121820523478.html
300253,卫宁健康,卫宁健康:关于2026年限制性股票激励计划内幕信息知情人买卖公司股票及可转债情况的自查报告,自查报告,2026-03-12,https://data.eastmoney.com/notices/detail/300253/AN202603121820523361.html
920627,力王股份,力王股份:股东减持股份结果公告,股东/实际控制人股份减持,2026-03-12,https://data.eastmoney.com/notices/detail/920627/AN202603121820523353.html
301053,远信工业,远信工业:关于实际控制人及其一致行动人因被动稀释权益变动触及1%、5%整数倍的公告,权益变动报告书,2026-03-12,https://data.eastmoney.com/notices/detail/301053/AN202603121820523106.html
301109,军信股份,军信股份:关于使用闲置自有资金进行现金管理到期赎回并继续进行现金管理的公告,投资理财,2026-03-12,https://data.eastmoney.com/notices/detail/301109/AN202603121820523094.html
920571,国航远洋,国航远洋:投资者关系活动记录表,调研活动,2026-03-12,https://data.eastmoney.com/notices/detail/920571/AN202603121820523073.html
920571,国航远洋,国航远洋:关于为全资子公司开展融资租赁业务提供担保暨关联交易的公告,提供/对外担保公告,2026-03-12,https://data.eastmoney.com/notices/detail/920571/AN202603121820523072.html
920571,国航远洋,国航远洋:关联交易公告,关联交易,2026-03-12,https://data.eastmoney.com/notices/detail/920571/AN202603121820523075.html
920571,国航远洋,国航远洋:关于控股子公司退回部分财政补助的公告,获得补贴（资助）,2026-03-12,https://data.eastmoney.com/notices/detail/920571/AN202603121820523076.html
920571,国航远洋,国航远洋:第九届董事会第三次临时会议决议公告,董事会决议公告,2026-03-12,https://data.eastmoney.com/notices/detail/920571/AN202603121820523071.html
920571,国航远洋,国航远洋:关于国航远洋(香港)海运控股有限公司设立两家全资子公司的公告,投资设立公司,2026-03-12,https://data.eastmoney.com/notices/detail/920571/AN202603121820523074.html
000531,穗恒运A,穗恒运Ａ:000531穗恒运Ａ投资者关系管理信息20260312,调研活动,2026-03-12,https://data.eastmoney.com/notices/detail/000531/AN202603121820522758.html
300044,*ST赛为,ST赛为:关于公司股票交易可能被实施退市风险警示的第三次风险提示性公告,其它风险提示公告,2026-03-12,https://data.eastmoney.com/notices/detail/300044/AN202603121820522983.html
300205,*ST天喻,*ST天喻:关于持股5%以上股东所持公司股份解除冻结及部分股份轮候冻结生效的公告,股份质押、冻结,2026-03-12,https://data.eastmoney.com/notices/detail/300205/AN202603121820522927.html
000027,深圳能源,深圳能源:关于延长深圳能源集团股份有限公司2026年面向专业投资者公开发行可续期公司债券(第一期)簿记建档时间的公告,其他,2026-03-12,https://data.eastmoney.com/notices/detail/000027/AN202603121820522925.html
300198,*ST纳川,ST纳川:关于与财务投资人签署重整投资协议的公告,签订协议,2026-03-12,https://data.eastmoney.com/notices/detail/300198/AN202603121820522916.html
301329,信音电子,信音电子:信音电子(中国)股份有限公司2025年度业绩快报,业绩快报,2026-03-12,https://data.eastmoney.com/notices/detail/301329/AN202603121820522915.html
300488,恒锋工具,恒锋工具:关于控股股东、实际控制人持股比例被动稀释触及1%整数倍的公告,股东/实际控制人股份减持,2026-03-12,https://data.eastmoney.com/notices/detail/300488/AN202603121820522923.html
301135,瑞德智能,瑞德智能:关于开立闲置募集资金现金管理专用结算账户的公告,投资理财,2026-03-12,https://data.eastmoney.com/notices/detail/301135/AN202603121820522921.html
300198,*ST纳川,ST纳川:关于与产业投资人签署重整投资协议暨产业投资人一致行动情况的公告,签订协议,2026-03-12,https://data.eastmoney.com/notices/detail/300198/AN202603121820522922.html
301388,欣灵电气,欣灵电气:简式权益变动报告书,权益变动报告书,2026-03-12,https://data.eastmoney.com/notices/detail/301388/AN202603121820522918.html
300685,艾德生物,艾德生物:2025年度业绩快报,业绩快报,2026-03-12,https://data.eastmoney.com/notices/detail/300685/AN202603121820522931.html
300751,迈为股份,迈为股份:关于控股股东部分股份解除质押的公告,股份质押、冻结,2026-03-12,https://data.eastmoney.com/notices/detail/300751/AN202603121820522914.html
300738,奥飞数据,奥飞数据:关于控股子公司收到全国中小企业股份转让系统同意挂牌函的公告,其他,2026-03-12,https://data.eastmoney.com/notices/detail/300738/AN202603121820522917.html
301388,欣灵电气,欣灵电气:关于持股5%以上股东减持至5%以下暨权益变动的提示性公告,权益变动报告书,2026-03-12,https://data.eastmoney.com/notices/detail/301388/AN202603121820522919.html
300014,亿纬锂能,亿纬锂能:关于控股股东部分股份解除质押及质押的公告,股份质押、冻结,2026-03-12,https://data.eastmoney.com/notices/detail/300014/AN202603121820522833.html
920924,广脉科技,广脉科技:关于重要合同的进展公告,重大合同,2026-03-12,https://data.eastmoney.com/notices/detail/920924/AN202603121820522760.html
920924,广脉科技,广脉科技:第四届董事会第十次会议决议公告,董事会决议公告,2026-03-12,https://data.eastmoney.com/notices/detail/920924/AN202603121820522759.html
920924,广脉科技,广脉科技:出售资产的公告,收购出售资产/股权,2026-03-12,https://data.eastmoney.com/notices/detail/920924/AN202603121820522761.html
920166,海圣医疗,海圣医疗:会计师事务所选聘制度,管理办法/制度,2026-03-12,https://data.eastmoney.com/notices/detail/920166/AN202603121820522686.html
920166,海圣医疗,海圣医疗:证券事务代表任命公告,高管人员任职变动,2026-03-12,https://data.eastmoney.com/notices/detail/920166/AN202603121820522704.html
920166,海圣医疗,海圣医疗:舆情管理制度,管理办法/制度,2026-03-12,https://data.eastmoney.com/notices/detail/920166/AN202603121820522700.html
920166,海圣医疗,海圣医疗:关联交易管理制度,管理办法/制度,2026-03-12,https://data.eastmoney.com/notices/detail/920166/AN202603121820522692.html
920166,海圣医疗,海圣医疗:关于使用闲置募集资金进行现金管理的公告,投资理财,2026-03-12,https://data.eastmoney.com/notices/detail/920166/AN202603121820522702.html
920166,海圣医疗,海圣医疗:独立董事专门会议工作制度,管理办法/制度,2026-03-12,https://data.eastmoney.com/notices/detail/920166/AN202603121820522703.html
920166,海圣医疗,海圣医疗:关于调整募集资金投资项目拟投入募集资金金额的公告,变更募集资金投资项目,2026-03-12,https://data.eastmoney.com/notices/detail/920166/AN202603121820522696.html
920166,海圣医疗,海圣医疗:第二届董事会第十五次会议决议公告,高管人员任职变动,2026-03-12,https://data.eastmoney.com/notices/detail/920166/AN202603121820522694.html
920166,海圣医疗,海圣医疗:信息披露管理制度,管理办法/制度,2026-03-12,https://data.eastmoney.com/notices/detail/920166/AN202603121820522695.html
920166,海圣医疗,海圣医疗:募集资金管理制度,管理办法/制度,2026-03-12,https://data.eastmoney.com/notices/detail/920166/AN202603121820522699.html
920166,海圣医疗,海圣医疗:关于召开2026年第二次临时股东会通知公告(提供网络投票),召开股东大会通知,2026-03-12,https://data.eastmoney.com/notices/detail/920166/AN202603121820522701.html
920166,海圣医疗,海圣医疗:中信证券股份有限公司关于浙江海圣医疗器械股份有限公司调整募集资金投资项目拟投入募集资金金额的核查意见,保荐/核查意见,2026-03-12,https://data.eastmoney.com/notices/detail/920166/AN202603121820522691.html
920166,海圣医疗,海圣医疗:董事、高级管理人员所持本公司股份及其变动管理制度,管理办法/制度,2026-03-12,https://data.eastmoney.com/notices/detail/920166/AN202603121820522697.html
920166,海圣医疗,海圣医疗:中信证券股份有限公司关于浙江海圣医疗器械股份有限公司使用募集资金置换预先已投入募投项目及已支付发行费用的自筹资金的核查意见,保荐/核查意见,2026-03-12,https://data.eastmoney.com/notices/detail/920166/AN202603121820522689.html
920166,海圣医疗,海圣医疗:关于使用募集资金置换预先已投入募投项目及已支付发行费用的自筹资金的公告,募集资金使用情况报告,2026-03-12,https://data.eastmoney.com/notices/detail/920166/AN202603121820522698.html
920166,海圣医疗,海圣医疗:关于浙江海圣医疗器械股份有限公司以自筹资金预先投入募投项目及支付发行费用的鉴证报告,保荐/核查意见,2026-03-12,https://data.eastmoney.com/notices/detail/920166/AN202603121820522685.html
920166,海圣医疗,海圣医疗:董事、高级管理人员离职管理制度,管理办法/制度,2026-03-12,https://data.eastmoney.com/notices/detail/920166/AN202603121820522690.html
920166,海圣医疗,海圣医疗:信息披露暂缓、豁免管理制度,管理办法/制度,2026-03-12,https://data.eastmoney.com/notices/detail/920166/AN202603121820522687.html
920166,海圣医疗,海圣医疗:关于变更公司注册资本、公司类型及修订公司章程的公告,公司注册资本变更,2026-03-12,https://data.eastmoney.com/notices/detail/920166/AN202603121820522693.html
920166,海圣医疗,海圣医疗:中信证券股份有限公司关于浙江海圣医疗器械股份有限公司使用闲置募集资金进行现金管理的核查意见,保荐/核查意见,2026-03-12,https://data.eastmoney.com/notices/detail/920166/AN202603121820522688.html
300997,欢乐家,欢乐家:关于股东部分股份解除质押及股份质押的公告,股份质押、冻结,2026-03-12,https://data.eastmoney.com/notices/detail/300997/AN202603121820522658.html
920005,鼎佳精密,鼎佳精密:关于使用部分自有闲置资金购买理财产品的进展公告,投资理财,2026-03-12,https://data.eastmoney.com/notices/detail/920005/AN202603121820522629.html
920679,前进科技,前进科技:股东拟减持股份的预披露公告,股东/实际控制人股份减持,2026-03-12,https://data.eastmoney.com/notices/detail/920679/AN202603121820522628.html
920837,华原股份,华原股份:投资者关系活动记录表,调研活动,2026-03-12,https://data.eastmoney.com/notices/detail/920837/AN202603121820522405.html
920119,美德乐,美德乐:国泰海通证券股份有限公司关于大连美德乐工业自动化股份有限公司使用募集资金向全资子公司增资以实施募投项目的核查意见,保荐/核查意见,2026-03-12,https://data.eastmoney.com/notices/detail/920119/AN202603121820522406.html
920119,美德乐,美德乐:关于使用募集资金向全资子公司增资以实施募投项目的公告,增资扩股,2026-03-12,https://data.eastmoney.com/notices/detail/920119/AN202603121820522408.html
920119,美德乐,美德乐:第二届董事会第六次会议决议公告,董事会决议公告,2026-03-12,https://data.eastmoney.com/notices/detail/920119/AN202603121820522407.html
301580,爱迪特,爱迪特:301580爱迪特投资者关系管理信息20260312,调研活动,2026-03-12,https://data.eastmoney.com/notices/detail/301580/AN202603121820522236.html
000498,山东路桥,山东路桥:山东高速路桥集团股份有限公司2026年面向专业投资者公开发行可续期公司债券(第一期)在深圳证券交易所上市的公告,其他,2026-03-12,https://data.eastmoney.com/notices/detail/000498/AN202603121820522158.html
920522,纳科诺尔,纳科诺尔:关于全资子公司完成工商变更登记及公司章程备案并取得营业执照的公告,公司章程修订,2026-03-12,https://data.eastmoney.com/notices/detail/920522/AN202603121820522043.html
920012,创达新材,创达新材:关于股东所持公司股票自愿限售的公告,限售股份上市流通,2026-03-12,https://data.eastmoney.com/notices/detail/920012/AN202603121820522002.html
920806,云星宇,云星宇:关于使用闲置自有资金进行现金管理的进展公告,投资理财,2026-03-12,https://data.eastmoney.com/notices/detail/920806/AN202603121820521991.html
002463,沪电股份,沪电股份:2026年3月12日投资者关系活动记录表,调研活动,2026-03-12,https://data.eastmoney.com/notices/detail/002463/AN202603121820521891.html
000975,山金国际,山金国际:投资者关系活动记录表,调研活动,2026-03-12,https://data.eastmoney.com/notices/detail/000975/AN202603121820521890.html
000885,城发环境,城发环境:城发环境股份有限公司2026年面向专业投资者公开发行公司债券(第一期)发行结果公告,其他,2026-03-12,https://data.eastmoney.com/notices/detail/000885/AN202603121820521954.html
000908,石药景峰,*ST景峰:摩根士丹利证券(中国)有限公司关于湖南景峰医药股份有限公司2016年面向合格投资者公开发行公司债券(第一期)受托管理事务临时报告,其他,2026-03-12,https://data.eastmoney.com/notices/detail/000908/AN202603121820521904.html
000908,石药景峰,*ST景峰:摩根士丹利证券(中国)有限公司关于湖南景峰医药股份有限公司2016年面向合格投资者公开发行公司债券(第一期)受托管理事务临时报告,其他,2026-03-12,https://data.eastmoney.com/notices/detail/000908/AN202603121820521903.html
920493,并行科技,并行科技:关于2026年第四次临时股东会增加临时提案的公告,增加股东大会议案,2026-03-12,https://data.eastmoney.com/notices/detail/920493/AN202603121820521859.html
920493,并行科技,并行科技:购买资产的公告,收购出售资产/股权,2026-03-12,https://data.eastmoney.com/notices/detail/920493/AN202603121820521858.html
920493,并行科技,并行科技:第四届董事会第八次临时会议决议公告,董事会决议公告,2026-03-12,https://data.eastmoney.com/notices/detail/920493/AN202603121820521860.html
000402,金融街,金融街:关于“23金街03”票面利率调整及投资者回售实施办法第二次提示性公告,其他,2026-03-12,https://data.eastmoney.com/notices/detail/000402/AN202603121820521652.html
920036,觅睿科技,觅睿科技:股票交易异常波动公告,股票交易异常波动,2026-03-12,https://data.eastmoney.com/notices/detail/920036/AN202603121820521648.html
920735,德源药业,德源药业:董事、高级管理人员薪酬管理制度,管理办法/制度,2026-03-12,https://data.eastmoney.com/notices/detail/920735/AN202603121820521573.html
920735,德源药业,德源药业:关于2025年年度股东会增加临时提案的公告,增加股东大会议案,2026-03-12,https://data.eastmoney.com/notices/detail/920735/AN202603121820521571.html
920735,德源药业,德源药业:投资者关系活动记录表,调研活动,2026-03-12,https://data.eastmoney.com/notices/detail/920735/AN202603121820521572.html
301371,敷尔佳,敷尔佳:2026年3月12日投资者关系活动记录表（二）,调研活动,2026-03-12,https://data.eastmoney.com/notices/detail/301371/AN202603121820521265.html
688377,迪威尔,上海证券交易所上市审核委员会2026年第8次审议会议结果公告,沪主板发行上市审核委会议结果公告,2026-03-12,https://data.eastmoney.com/notices/detail/688377/AN202603121820521260.html
000968,蓝焰控股,蓝焰控股:山西蓝焰控股股份有限公司2025年面向专业投资者公开发行科技创新公司债券(第一期)2026年付息公告,其他,2026-03-12,https://data.eastmoney.com/notices/detail/000968/AN202603121820521297.html
301577,美信科技,美信科技:301577美信科技投资者关系管理信息20260312,调研活动,2026-03-12,https://data.eastmoney.com/notices/detail/301577/AN202603121820521264.html
001365,天海电子,关于同意天海汽车电子集团股份有限公司首次公开发行股票注册的批复,深主板发行上市审核注册结果通知,2026-03-12,https://data.eastmoney.com/notices/detail/001365/AN202603121820521113.html
301583,托伦斯,发行人及中介机构回复意见(托伦斯精密制造(江苏)股份有限公司),创业板IPO问询与回复,2026-03-12,https://data.eastmoney.com/notices/detail/301583/AN202603121820521239.html
920020,泰凯英,泰凯英:关于控股股东及其一致行动人权益变动被动触及1%整数倍的提示性公告,权益变动报告书,2026-03-12,https://data.eastmoney.com/notices/detail/920020/AN202603121820521235.html
920245,威博液压,威博液压:股东拟减持股份的预披露公告(再次披露),股东/实际控制人股份减持,2026-03-12,https://data.eastmoney.com/notices/detail/920245/AN202603121820521234.html
300391,长药退,关于长江医药控股股份有限公司股票终止上市的公告,终止上市,2026-03-12,https://data.eastmoney.com/notices/detail/300391/AN202603121820520670.html
920592,华信永道,华信永道:持股5%以上股东减持股份结果公告,股东/实际控制人股份减持,2026-03-12,https://data.eastmoney.com/notices/detail/920592/AN202603121820521111.html
920415,恒拓开源,恒拓开源:关于新增募集资金专户并签署三方及四方监管协议的公告,签订协议,2026-03-12,https://data.eastmoney.com/notices/detail/920415/AN202603121820521009.html
301190,善水科技,善水科技:2026年第一次临时股东会决议公告,股东大会决议公告,2026-03-12,https://data.eastmoney.com/notices/detail/301190/AN202603121820520997.html
301190,善水科技,善水科技:江西华邦律师事务所关于九江善水科技股份有限公司2026年第一次临时股东会法律意见书,法律意见书,2026-03-12,https://data.eastmoney.com/notices/detail/301190/AN202603121820520994.html
301055,张小泉,张小泉:关于持股5%以上股东所持公司股份解除轮候冻结的公告,股份质押、冻结,2026-03-12,https://data.eastmoney.com/notices/detail/301055/AN202603121820520963.html
920663,明阳科技,明阳科技:股东减持股份结果公告,股东/实际控制人股份减持,2026-03-12,https://data.eastmoney.com/notices/detail/920663/AN202603121820520268.html
920260,中寰股份,中寰股份:股东减持股份结果公告,股东/实际控制人股份减持,2026-03-12,https://data.eastmoney.com/notices/detail/920260/AN202603121820520269.html
920260,中寰股份,中寰股份:关于使用自有闲置资金购买理财产品的进展公告,投资理财,2026-03-12,https://data.eastmoney.com/notices/detail/920260/AN202603121820520270.html
920227,美登科技,美登科技:自有资金委托理财进展公告,委托（受托）事项,2026-03-12,https://data.eastmoney.com/notices/detail/920227/AN202603121820520271.html
920363,莱赛激光,莱赛激光:回购进展情况公告,回购进展情况,2026-03-12,https://data.eastmoney.com/notices/detail/920363/AN202603121820520272.html
300681,英搏尔,英搏尔:关于控股股东部分股份质押的公告,股份质押、冻结,2026-03-12,https://data.eastmoney.com/notices/detail/300681/AN202603121820520240.html
920027,交大铁发,交大铁发:关于控股子公司被认定为2025年上海市专精特新中小企业的公告,其他,2026-03-12,https://data.eastmoney.com/notices/detail/920027/AN202603121820520128.html
920438,戈碧迦,戈碧迦:关于变更签字注册会计师及项目质量控制复核人的公告,公司关联方基本资料变更,2026-03-12,https://data.eastmoney.com/notices/detail/920438/AN202603121820520033.html
920786,骑士乳业,骑士乳业:第六届董事会第三十一次会议决议公告,董事会决议公告,2026-03-12,https://data.eastmoney.com/notices/detail/920786/AN202603121820520034.html
920786,骑士乳业,骑士乳业:为子公司提供担保公告,提供/对外担保公告,2026-03-12,https://data.eastmoney.com/notices/detail/920786/AN202603121820520032.html
300612,宣亚国际,宣亚国际:中德证券有限责任公司关于公司2025年度持续督导定期现场检查报告,保荐/核查意见,2026-03-12,https://data.eastmoney.com/notices/detail/300612/AN202603121820519988.html
301069,凯盛新材,凯盛新材:关于控股股东非公开发行可交换公司债券拟办理担保及信托登记的公告,其他担保公告,2026-03-12,https://data.eastmoney.com/notices/detail/301069/AN202603121820519990.html
920106,林泰新材,林泰新材:自有资金委托理财进展的公告,委托（受托）事项,2026-03-12,https://data.eastmoney.com/notices/detail/920106/AN202603121820519969.html
920188,悦龙科技,悦龙科技:招股说明书,首发招股说明书,2026-03-12,https://data.eastmoney.com/notices/detail/920188/AN202603121820519863.html
920188,悦龙科技,悦龙科技:经注册会计师鉴证的非经常性损益明细表,保荐/核查意见,2026-03-12,https://data.eastmoney.com/notices/detail/920188/AN202603121820519864.html
301468,博盈特焊,博盈特焊:2026年3月12日投资者关系活动记录表,调研活动,2026-03-12,https://data.eastmoney.com/notices/detail/301468/AN202603121820519885.html
920188,悦龙科技,悦龙科技:发行人公司章程(草案),公司章程,2026-03-12,https://data.eastmoney.com/notices/detail/920188/AN202603121820519860.html
920188,悦龙科技,悦龙科技:向不特定合格投资者公开发行股票并在北京证券交易所上市发行公告,网上发行公告,2026-03-12,https://data.eastmoney.com/notices/detail/920188/AN202603121820519861.html
920188,悦龙科技,悦龙科技:最近三年及一期的财务报告和审计报告,审计报告,2026-03-12,https://data.eastmoney.com/notices/detail/920188/AN202603121820519866.html
920188,悦龙科技,悦龙科技:向不特定合格投资者公开发行股票并在北京证券交易所上市网上路演公告,首发网上路演公告,2026-03-12,https://data.eastmoney.com/notices/detail/920188/AN202603121820519868.html
920188,悦龙科技,悦龙科技:上市保荐书,上市保荐书,2026-03-12,https://data.eastmoney.com/notices/detail/920188/AN202603121820519869.html
920188,悦龙科技,悦龙科技:法律意见书,法律意见书,2026-03-12,https://data.eastmoney.com/notices/detail/920188/AN202603121820519859.html
300472,*ST新元,*ST新元:关于取消过渡期临时工作组的公告,其他,2026-03-12,https://data.eastmoney.com/notices/detail/300472/AN202603121820519902.html
300472,*ST新元,*ST新元:第六届董事会第二次会议决议公告,高管人员任职变动,2026-03-12,https://data.eastmoney.com/notices/detail/300472/AN202603121820519904.html
300472,*ST新元,*ST新元:关于聘任公司高级管理人员及证券事务代表的公告,高管人员任职变动,2026-03-12,https://data.eastmoney.com/notices/detail/300472/AN202603121820519899.html
301486,致尚科技,致尚科技:关于公司为全资子公司提供担保的进展公告,提供/对外担保公告,2026-03-12,https://data.eastmoney.com/notices/detail/301486/AN202603121820519901.html
920188,悦龙科技,悦龙科技:向不特定合格投资者公开发行股票并在北京证券交易所上市投资风险特别公告,首发投资风险特别公告,2026-03-12,https://data.eastmoney.com/notices/detail/920188/AN202603121820519865.html
920188,悦龙科技,悦龙科技:主承销商关于战略投资者的专项核查报告,保荐/核查意见,2026-03-12,https://data.eastmoney.com/notices/detail/920188/AN202603121820519867.html
920188,悦龙科技,悦龙科技:发行保荐书,发行保荐书,2026-03-12,https://data.eastmoney.com/notices/detail/920188/AN202603121820519862.html
920188,悦龙科技,悦龙科技:内部控制鉴证报告,保荐/核查意见,2026-03-12,https://data.eastmoney.com/notices/detail/920188/AN202603121820519870.html
920570,坤博精工,坤博精工:股票解除限售公告,限售股份上市流通,2026-03-12,https://data.eastmoney.com/notices/detail/920570/AN202603121820519754.html
920139,华岭股份,华岭股份:股票解除限售公告,限售股份上市流通,2026-03-12,https://data.eastmoney.com/notices/detail/920139/AN202603121820519727.html
920445,龙竹科技,龙竹科技:关于公司参与起草的国家标准获批发布实施的公告,其他,2026-03-12,https://data.eastmoney.com/notices/detail/920445/AN202603121820519658.html
920770,艾能聚,艾能聚:股东权益变动触及1%整数倍的提示性公告,权益变动报告书,2026-03-12,https://data.eastmoney.com/notices/detail/920770/AN202603121820519659.html
920445,龙竹科技,龙竹科技:股票解除限售公告,限售股份上市流通,2026-03-12,https://data.eastmoney.com/notices/detail/920445/AN202603121820519660.html
920171,志晟信息,志晟信息:关于分公司完成注销登记的公告,公司关联方基本资料变更,2026-03-12,https://data.eastmoney.com/notices/detail/920171/AN202603121820519646.html
A25181,植物医生,发行人及中介机构关于第二轮审核问询函的回复意见(北京植物医生化妆品股份有限公司),深主板发行上市问询与回复,2026-03-12,https://data.eastmoney.com/notices/detail/A25181/AN202603121820519578.html
002939,长城证券,长城证券:长城证券股份有限公司2023年面向专业投资者公开发行公司债券(第一期)(品种二)付息兑付暨摘牌公告,其他,2026-03-12,https://data.eastmoney.com/notices/detail/002939/AN202603121820519611.html
300353,东土科技,东土科技:关于公司拟定向融资并提供反担保的公告,提供/对外担保公告,2026-03-12,https://data.eastmoney.com/notices/detail/300353/AN202603121820519609.html
300353,东土科技,东土科技:第七届董事会第十八次会议决议公告,董事会决议公告,2026-03-12,https://data.eastmoney.com/notices/detail/300353/AN202603121820519612.html
920866,绿亨科技,绿亨科技:第四届董事会第五次会议决议公告,董事会决议公告,2026-03-12,https://data.eastmoney.com/notices/detail/920866/AN202603121820519442.html
920866,绿亨科技,绿亨科技:关于拟向银行申请综合授信额度的公告,借贷,2026-03-12,https://data.eastmoney.com/notices/detail/920866/AN202603121820519441.html
301075,多瑞医药,多瑞医药:关于持股5%以上股东部分股份解除质押的公告,股份质押、冻结,2026-03-12,https://data.eastmoney.com/notices/detail/301075/AN202603121820519321.html
301125,腾亚精工,腾亚精工:关于持股5%以上股东权益变动触及1%整数倍的公告,权益变动报告书,2026-03-12,https://data.eastmoney.com/notices/detail/301125/AN202603121820519320.html
301371,敷尔佳,敷尔佳:2026年3月12日投资者关系活动记录表（一）,调研活动,2026-03-12,https://data.eastmoney.com/notices/detail/301371/AN202603121820519151.html
603730,岱美股份,岱美股份:上海岱美汽车内饰件股份有限公司投资者关系活动记录表,调研活动,2026-03-12,https://data.eastmoney.com/notices/detail/603730/AN202603121820519152.html
300127,银河磁体,银河磁体:关于终止发行股份及支付现金购买资产并募集配套资金事项的公告,增发终止,2026-03-12,https://data.eastmoney.com/notices/detail/300127/AN202603121820519218.html
300127,银河磁体,银河磁体:关于召开终止发行股份及支付现金购买资产并募集配套资金事项投资者说明会的公告,增发终止,2026-03-12,https://data.eastmoney.com/notices/detail/300127/AN202603121820519219.html
300418,昆仑万维,昆仑万维:第五届董事会第三十七次会议决议公告,董事会决议公告,2026-03-12,https://data.eastmoney.com/notices/detail/300418/AN202603121820519221.html
300127,银河磁体,银河磁体:第八届董事会第五次会议决议公告,董事会决议公告,2026-03-12,https://data.eastmoney.com/notices/detail/300127/AN202603121820519222.html
300716,*ST泉为,ST泉为:关于筹划重大资产出售暨关联交易的进展公告,关联交易,2026-03-12,https://data.eastmoney.com/notices/detail/300716/AN202603121820519217.html
300418,昆仑万维,昆仑万维:关于公司向银行申请授信并由控股股东提供关联担保的公告,提供/对外担保公告,2026-03-12,https://data.eastmoney.com/notices/detail/300418/AN202603121820519223.html
688550,瑞联新材,瑞联新材:西安瑞联新材料股份有限公司投资者关系活动记录表2026-001,调研活动,2026-03-12,https://data.eastmoney.com/notices/detail/688550/AN202603121820518955.html
301188,力诺药包,力诺药包:关于控股股东部分股份解除质押的公告,股份质押、冻结,2026-03-12,https://data.eastmoney.com/notices/detail/301188/AN202603121820518966.html
300071,福石控股,福石控股:关于完成工商变更登记的公告,公司注册地址变更,2026-03-12,https://data.eastmoney.com/notices/detail/300071/AN202603121820518757.html
300889,爱克股份,爱克股份:关于公司股东部分股份解除质押的公告,股份质押、冻结,2026-03-12,https://data.eastmoney.com/notices/detail/300889/AN202603121820518002.html
300701,森霸传感,森霸传感:关于会计师事务所变更项目质量控制复核人的公告,公司关联方基本资料变更,2026-03-12,https://data.eastmoney.com/notices/detail/300701/AN202603121820517961.html
301195,北路智控,北路智控:关于竞得土地使用权暨矿山智能驾驶产业化基地项目投资进展的公告,对外项目投资,2026-03-12,https://data.eastmoney.com/notices/detail/301195/AN202603121820517962.html
301126,达嘉维康,达嘉维康:关于对外担保的进展公告,提供/对外担保公告,2026-03-12,https://data.eastmoney.com/notices/detail/301126/AN202603121820517889.html
300617,安靠智电,安靠智电:关于公司股东、实际控制人部分股份质押展期和解除质押的公告,股份质押、冻结,2026-03-12,https://data.eastmoney.com/notices/detail/300617/AN202603121820517864.html
300454,深信服,深信服:深信服科技股份有限公司关于提前赎回信服转债暨即将停止转股的重要提示性公告,其他,2026-03-12,https://data.eastmoney.com/notices/detail/300454/AN202603121820517867.html
300393,中来股份,中来股份:关于为控股子公司提供担保的进展公告,提供/对外担保公告,2026-03-12,https://data.eastmoney.com/notices/detail/300393/AN202603121820517866.html
300393,中来股份,中来股份:关于公司股东部分股份解除质押的公告,股份质押、冻结,2026-03-12,https://data.eastmoney.com/notices/detail/300393/AN202603121820517855.html
300668,杰恩股份,杰恩设计:关于持股5%以上股东部分股份解除质押的公告,股份质押、冻结,2026-03-12,https://data.eastmoney.com/notices/detail/300668/AN202603121820517837.html
300692,中赋科技,中赋科技:关于提前赎回中环转2的第九次提示性公告,其他,2026-03-12,https://data.eastmoney.com/notices/detail/300692/AN202603121820517795.html
600067,冠城新材,冠城新材:冠城大通新材料股份有限公司投资者关系活动记录表,调研活动,2026-03-12,https://data.eastmoney.com/notices/detail/600067/AN202603121820517730.html
603887,城地香江,城地香江:上海城地香江数据科技股份有限公司投资者关系活动记录表2026-003,调研活动,2026-03-12,https://data.eastmoney.com/notices/detail/603887/AN202603121820517756.html
601089,福元医药,福元医药:北京福元医药股份有限公司投资者关系活动记录表(2026-04),调研活动,2026-03-12,https://data.eastmoney.com/notices/detail/601089/AN202603121820517757.html
601577,长沙银行,长沙银行:长沙银行股份有限公司投资者关系活动记录表(2026年2月),调研活动,2026-03-12,https://data.eastmoney.com/notices/detail/601577/AN202603121820517717.html
688698,伟创电气,伟创电气:投资者关系活动记录表(2026年3月4日-3月5日),调研活动,2026-03-12,https://data.eastmoney.com/notices/detail/688698/AN202603121820517716.html
300491,通合科技,通合科技:石家庄通合电子科技股份有限公司向不特定对象发行可转换公司债券募集说明书(上会稿),其他,2026-03-12,https://data.eastmoney.com/notices/detail/300491/AN202603121820517741.html
300491,通合科技,通合科技:东北证券股份有限公司关于石家庄通合电子科技股份有限公司向不特定对象发行可转换公司债券之发行保荐书,发行保荐书,2026-03-12,https://data.eastmoney.com/notices/detail/300491/AN202603121820517742.html
300885,海昌新材,海昌新材:关于对外投资设立新加坡、越南全资子公司的进展公告,投资设立公司,2026-03-12,https://data.eastmoney.com/notices/detail/300885/AN202603121820517744.html
300491,通合科技,通合科技:大信会计师事务所(特殊普通合伙)关于石家庄通合电子科技股份有限公司申请向不特定对象发行可转换公司债券审核问询函的回复,会计师事务所问询函回复公告,2026-03-12,https://data.eastmoney.com/notices/detail/300491/AN202603121820517740.html
300491,通合科技,通合科技:关于向不特定对象发行可转换公司债券募集说明书等申请文件更新的提示性公告,其他,2026-03-12,https://data.eastmoney.com/notices/detail/300491/AN202603121820517738.html
300491,通合科技,通合科技:关于石家庄通合电子科技股份有限公司申请向不特定对象发行可转换公司债券审核问询函的回复报告,回复问询函公告,2026-03-12,https://data.eastmoney.com/notices/detail/300491/AN202603121820517745.html
300491,通合科技,通合科技:东北证券股份有限公司关于石家庄通合电子科技股份有限公司向不特定对象发行可转换公司债券之上市保荐书,上市保荐书,2026-03-12,https://data.eastmoney.com/notices/detail/300491/AN202603121820517709.html
300429,强力新材,强力新材:董事及高级管理人员离职管理制度,管理办法/制度,2026-03-12,https://data.eastmoney.com/notices/detail/300429/AN202603121820517683.html
301611,珂玛科技,珂玛科技:关于为子公司提供担保的进展公告,提供/对外担保公告,2026-03-12,https://data.eastmoney.com/notices/detail/301611/AN202603121820517680.html
300429,强力新材,强力新材:关于公司2026年度日常关联交易预计额度的公告,关联交易,2026-03-12,https://data.eastmoney.com/notices/detail/300429/AN202603121820517684.html
301500,飞南资源,飞南资源:关于为全资子公司广西飞南提供担保的公告,提供/对外担保公告,2026-03-12,https://data.eastmoney.com/notices/detail/301500/AN202603121820517679.html
300429,强力新材,强力新材:董事薪酬管理制度,管理办法/制度,2026-03-12,https://data.eastmoney.com/notices/detail/300429/AN202603121820517682.html
300429,强力新材,强力新材:高级管理人员薪酬管理制度,管理办法/制度,2026-03-12,https://data.eastmoney.com/notices/detail/300429/AN202603121820517677.html
300429,强力新材,强力新材:第五届董事会第二十次会议决议公告,董事会决议公告,2026-03-12,https://data.eastmoney.com/notices/detail/300429/AN202603121820517678.html
301278,快可电子,快可电子:2026年3月10日投资者关系活动记录表,调研活动,2026-03-12,https://data.eastmoney.com/notices/detail/301278/AN202603121820517603.html
300183,东软载波,东软载波:关于召开2026年第一次临时股东会的提示性公告,召开股东大会提示性公告,2026-03-12,https://data.eastmoney.com/notices/detail/300183/AN202603121820517613.html
920491,奥迪威,奥迪威:上海证券有限责任公司关于加入为广东奥迪威传感科技股份有限公司股票提供做市服务的公告,做市商变动,2026-03-12,https://data.eastmoney.com/notices/detail/920491/AN202603121820517480.html
920839,万通液压,万通液压:上海证券有限责任公司关于加入为山东万通液压股份有限公司股票提供做市服务的公告,做市商变动,2026-03-12,https://data.eastmoney.com/notices/detail/920839/AN202603121820517460.html
920978,开特股份,开特股份:上海证券有限责任公司关于加入为湖北开特汽车电子电器系统股份有限公司股票提供做市服务的公告,做市商变动,2026-03-12,https://data.eastmoney.com/notices/detail/920978/AN202603121820517437.html
920261,一诺威,一诺威:上海证券有限责任公司关于加入为山东一诺威聚氨酯股份有限公司股票提供做市服务的公告,做市商变动,2026-03-12,https://data.eastmoney.com/notices/detail/920261/AN202603121820517376.html
688520,神州细胞,神州细胞:投资者关系活动记录表(2026年3月6日),调研活动,2026-03-12,https://data.eastmoney.com/notices/detail/688520/AN202603121820517075.html
688160,步科股份,步科股份:投资者关系活动记录表(2026年3月5日-6日),调研活动,2026-03-12,https://data.eastmoney.com/notices/detail/688160/AN202603121820517074.html
688737,中自科技,中自科技:688737.SH-中自科技_2026年2月投资者关系活动记录表,调研活动,2026-03-12,https://data.eastmoney.com/notices/detail/688737/AN202603121820517072.html
688557,兰剑智能,兰剑智能:投资者关系活动记录表2026003,调研活动,2026-03-12,https://data.eastmoney.com/notices/detail/688557/AN202603121820517071.html
688238,和元生物,和元生物:投资者关系活动记录表(2026年2月27日、3月5日),调研活动,2026-03-12,https://data.eastmoney.com/notices/detail/688238/AN202603121820517073.html
920138,杰理科技,杰理科技:关于调整公司申请向不特定合格投资者公开发行股票并在北京证券交易所上市的募投项目和募集资金金额的公告,变更募集资金投资项目,2026-03-12,https://data.eastmoney.com/notices/detail/920138/AN202603121820517163.html
920188,悦龙科技,悦龙科技:关于向不特定合格投资者公开发行股票并在北京证券交易所上市所涉代码变更相关事宜的提示性公告,其他,2026-03-12,https://data.eastmoney.com/notices/detail/920188/AN202603121820517117.html
920138,杰理科技,杰理科技:2025年度审阅报告,保荐/核查意见,2026-03-12,https://data.eastmoney.com/notices/detail/920138/AN202603121820517224.html
920138,杰理科技,杰理科技:第四届董事会第二次会议决议公告,董事会决议公告,2026-03-12,https://data.eastmoney.com/notices/detail/920138/AN202603121820517147.html
920138,杰理科技,杰理科技:独立董事关于第四届董事会第二次会议相关事项的独立意见,专项说明/独立意见,2026-03-12,https://data.eastmoney.com/notices/detail/920138/AN202603121820517220.html
920111,聚星科技,聚星科技:国泰海通证券股份有限公司关于加入为温州聚星科技股份有限公司股票提供做市服务的公告,做市商变动,2026-03-12,https://data.eastmoney.com/notices/detail/920111/AN202603121820517078.html
301655,绿控传动,发行人及中介机构回复意见(苏州绿控传动科技股份有限公司),创业板IPO问询与回复,2026-03-12,https://data.eastmoney.com/notices/detail/301655/AN202603121820516439.html
002273,水晶光电,水晶光电:2026年3月11日投资者关系活动记录表,调研活动,2026-03-12,https://data.eastmoney.com/notices/detail/002273/AN202603121820514689.html
002273,水晶光电,水晶光电:2026年3月11日投资者关系活动记录表附件之演示文稿,调研活动,2026-03-12,https://data.eastmoney.com/notices/detail/002273/AN202603121820514690.html
002483,润邦股份,润邦股份:002483润邦股份投资者关系管理信息,调研活动,2026-03-12,https://data.eastmoney.com/notices/detail/002483/AN202603121820514254.html
002545,东方铁塔,东方铁塔:关于南方电网项目中标的公告,重大合同,2026-03-12,https://data.eastmoney.com/notices/detail/002545/AN202603121820513432.html
301188,力诺药包,力诺药包:关于力诺转债即将停止转股暨赎回前最后半个交易日的重要提示性公告,其他,2026-03-12,https://data.eastmoney.com/notices/detail/301188/AN202603121820513404.html
000061,农产品,农 产 品:000061农产品2026年3月10日至11日投资者关系活动记录表,调研活动,2026-03-12,https://data.eastmoney.com/notices/detail/000061/AN202603121820512284.html
301510,固高科技,固高科技:301510固高科技投资者关系管理信息20260311,调研活动,2026-03-12,https://data.eastmoney.com/notices/detail/301510/AN202603121820507228.html
002611,东方精工,东方精工:关于重大资产出售报告书(草案)(修订稿)与预案差异对比的公告,其他,2026-03-12,https://data.eastmoney.com/notices/detail/002611/AN202603121820507619.html
001389,广合科技,广合科技:关于刊发H股招股说明书、H股发行价格上限及H股香港公开发售等事宜的公告,其他,2026-03-12,https://data.eastmoney.com/notices/detail/001389/AN202603121820507031.html
688295,中复神鹰,中复神鹰:中复神鹰碳纤维股份有限公司关于自愿披露公司发布新产品的公告,其他,2026-03-12,https://data.eastmoney.com/notices/detail/688295/AN202603121820506866.html
002611,东方精工,东方精工:安永华明会计师事务所关于广东东方精工科技股份有限公司本次重大资产重组前发生业绩异常或本次重组存在拟置出资产情形的专项核查意见,保荐/核查意见,2026-03-12,https://data.eastmoney.com/notices/detail/002611/AN202603111820499636.html
002611,东方精工,东方精工:关于重大资产出售报告书(草案)修订说明的公告,其他,2026-03-12,https://data.eastmoney.com/notices/detail/002611/AN202603111820499626.html
002611,东方精工,东方精工:北京中和谊资产评估有限公司关于深圳证券交易所《关于对广东东方精工科技股份有限公司重大资产出售的问询函》的回复,问询函其他公告,2026-03-12,https://data.eastmoney.com/notices/detail/002611/AN202603111820499624.html
002611,东方精工,东方精工:上海锐敏律师事务所关于广东东方精工科技股份有限公司重大资产出售相关内幕信息知情人买卖股票自查情况之专项核查意见,保荐/核查意见,2026-03-12,https://data.eastmoney.com/notices/detail/002611/AN202603111820499627.html
002611,东方精工,东方精工:中航证券有限公司关于广东东方精工科技股份有限公司本次重大资产重组前发生业绩异常或存在拟置出资产情形的相关事项之专项核查意见,保荐/核查意见,2026-03-12,https://data.eastmoney.com/notices/detail/002611/AN202603111820499630.html
002611,东方精工,东方精工:关于本次重组相关主体买卖股票情况的自查报告的公告,自查报告,2026-03-12,https://data.eastmoney.com/notices/detail/002611/AN202603111820499635.html
002611,东方精工,东方精工:第五届董事会第二十二次(临时)会议决议公告,董事会决议公告,2026-03-12,https://data.eastmoney.com/notices/detail/002611/AN202603111820499628.html
002611,东方精工,东方精工:中航证券有限公司关于深圳证券交易所《关于对广东东方精工科技股份有限公司重大资产出售的问询函》回复之专项核查意见,保荐/核查意见,2026-03-12,https://data.eastmoney.com/notices/detail/002611/AN202603111820499629.html
002611,东方精工,东方精工:关于召开2026年第一次临时股东会的通知,召开股东大会通知,2026-03-12,https://data.eastmoney.com/notices/detail/002611/AN202603111820499631.html
002611,东方精工,东方精工:广东东方精工科技股份有限公司关于深圳证券交易所《关于对广东东方精工科技股份有限公司重大资产出售的问询函》的回复,回复问询函公告,2026-03-12,https://data.eastmoney.com/notices/detail/002611/AN202603111820499637.html
002611,东方精工,东方精工:中航证券有限公司关于广东东方精工科技股份有限公司本次重组相关主体买卖股票情况自查报告的核查意见,保荐/核查意见,2026-03-12,https://data.eastmoney.com/notices/detail/002611/AN202603111820499639.html
002611,东方精工,东方精工:中航证券有限公司关于广东东方精工科技股份有限公司重大资产出售之独立财务顾问报告(修订稿),保荐/核查意见,2026-03-12,https://data.eastmoney.com/notices/detail/002611/AN202603111820499632.html
002611,东方精工,东方精工:上海锐敏律师事务所关于广东东方精工科技股份有限公司重大资产重组前业绩异常或本次重组存在拟置出资产情形之专项核查意见,保荐/核查意见,2026-03-12,https://data.eastmoney.com/notices/detail/002611/AN202603111820499634.html
002611,东方精工,东方精工:北京中和谊资产评估有限公司关于广东东方精工科技股份有限公司重大资产重组存在拟置出资产情形相关事项之专项核查意见,保荐/核查意见,2026-03-12,https://data.eastmoney.com/notices/detail/002611/AN202603111820499625.html
002611,东方精工,东方精工:广东东方精工科技股份有限公司重大资产出售报告书(草案)摘要(修订稿),收购出售资产/股权,2026-03-12,https://data.eastmoney.com/notices/detail/002611/AN202603111820499633.html
002611,东方精工,东方精工:上海锐敏律师事务所关于广东东方精工科技股份有限公司重大资产出售之补充法律意见书(一),法律意见书,2026-03-12,https://data.eastmoney.com/notices/detail/002611/AN202603111820499638.html
603843,*ST正平,*ST正平:正平股份关于股票交易的风险提示公告,风险提示性公告,2026-03-12,https://data.eastmoney.com/notices/detail/603843/AN202603111820498381.html
600063,皖维高新,皖维高新:安徽皖维高新材料股份有限公司收购报告书摘要,要约收购报告书摘要,2026-03-12,https://data.eastmoney.com/notices/detail/600063/AN202603111820497889.html
600063,皖维高新,皖维高新:皖维高新关于召开2026年第一次临时股东会的通知,召开股东大会通知,2026-03-12,https://data.eastmoney.com/notices/detail/600063/AN202603111820497883.html
600063,皖维高新,皖维高新:皖维高新关于2026年度向特定对象发行A股股票摊薄即期回报、采取填补措施和相关主体承诺的公告,其他,2026-03-12,https://data.eastmoney.com/notices/detail/600063/AN202603111820497886.html
600063,皖维高新,皖维高新:皖维高新第九届董事会审计委员会关于公司2026年度向特定对象发行A股股票相关事项的书面审核意见,专项说明/独立意见,2026-03-12,https://data.eastmoney.com/notices/detail/600063/AN202603111820497885.html
600063,皖维高新,皖维高新:皖维高新关于本次向特定对象发行A股股票不存在直接或通过利益相关方向参与认购的投资者提供财务资助或补偿事宜的公告,获得补贴（资助）,2026-03-12,https://data.eastmoney.com/notices/detail/600063/AN202603111820497880.html
600063,皖维高新,皖维高新:皖维高新2026年度向特定对象发行A股股票预案,增发预案,2026-03-12,https://data.eastmoney.com/notices/detail/600063/AN202603111820497881.html
600063,皖维高新,皖维高新:皖维高新关于2026年度向特定对象发行A股股票导致股东权益变动的提示性公告,权益变动报告书,2026-03-12,https://data.eastmoney.com/notices/detail/600063/AN202603111820497891.html
600063,皖维高新,皖维高新:皖维高新前次募集资金使用情况报告,募集资金使用情况报告,2026-03-12,https://data.eastmoney.com/notices/detail/600063/AN202603111820497893.html
600063,皖维高新,皖维高新:皖维高新关于与特定对象签署附条件生效的股份认购协议暨关联交易的公告,签订协议,2026-03-12,https://data.eastmoney.com/notices/detail/600063/AN202603111820497895.html
600063,皖维高新,皖维高新:皖维高新2026年度向特定对象发行A股股票募集资金使用的可行性分析报告,其他,2026-03-12,https://data.eastmoney.com/notices/detail/600063/AN202603111820497887.html
600063,皖维高新,皖维高新:皖维高新九届十八次董事会决议公告,增发预案,2026-03-12,https://data.eastmoney.com/notices/detail/600063/AN202603111820497890.html
600063,皖维高新,皖维高新:皖维高新未来三年(2026年-2028年)股东分红回报规划,其他,2026-03-12,https://data.eastmoney.com/notices/detail/600063/AN202603111820497888.html
600063,皖维高新,皖维高新:皖维高新第九届董事会独立董事专门会议2026年第一次会议决议,增发预案,2026-03-12,https://data.eastmoney.com/notices/detail/600063/AN202603111820497878.html
600063,皖维高新,皖维高新:前次募集资金使用情况鉴证报告—天健审〔2026〕5-4号,保荐/核查意见,2026-03-12,https://data.eastmoney.com/notices/detail/600063/AN202603111820497894.html
600063,皖维高新,皖维高新:皖维高新关于2026年度向特定对象发行A股股票预案披露的提示性公告,增发提示性公告,2026-03-12,https://data.eastmoney.com/notices/detail/600063/AN202603111820497892.html
600063,皖维高新,皖维高新:皖维高新2026年度向特定对象发行A股股票方案论证分析报告,其他,2026-03-12,https://data.eastmoney.com/notices/detail/600063/AN202603111820497882.html
600063,皖维高新,皖维高新:皖维高新关于最近五年未被证券监管部门和交易所采取监管措施或处罚情况的公告,自查报告,2026-03-12,https://data.eastmoney.com/notices/detail/600063/AN202603111820497879.html
600063,皖维高新,皖维高新:皖维高新关于提请股东会批准认购对象免于发出要约的公告,其他,2026-03-12,https://data.eastmoney.com/notices/detail/600063/AN202603111820497884.html
002809,红墙股份,红墙股份:第五届董事会第二十七次会议决议公告,董事会决议公告,2026-03-12,https://data.eastmoney.com/notices/detail/002809/AN202603111820497845.html
002809,红墙股份,红墙股份:关于提前赎回红墙转债的公告,其他,2026-03-12,https://data.eastmoney.com/notices/detail/002809/AN202603111820497847.html
002809,红墙股份,红墙股份:中泰证券关于红墙股份提前赎回红墙转债的核查意见,保荐/核查意见,2026-03-12,https://data.eastmoney.com/notices/detail/002809/AN202603111820497846.html
603317,天味食品,天味食品:第六届独立董事专门会议第二次会议决议,董事会决议公告,2026-03-12,https://data.eastmoney.com/notices/detail/603317/AN202603111820497711.html
603317,天味食品,天味食品:2026年度董事、高级管理人员薪酬方案公告,其他,2026-03-12,https://data.eastmoney.com/notices/detail/603317/AN202603111820497738.html
603317,天味食品,天味食品:关于回购注销2024年员工持股计划第二期未解锁股份的公告,员工持股计划,2026-03-12,https://data.eastmoney.com/notices/detail/603317/AN202603111820497729.html
603317,天味食品,天味食品:公司章程(2026年4月),公司章程,2026-03-12,https://data.eastmoney.com/notices/detail/603317/AN202603111820497715.html
603317,天味食品,天味食品:2025年度募集资金存放、管理与实际使用情况鉴证报告,保荐/核查意见,2026-03-12,https://data.eastmoney.com/notices/detail/603317/AN202603111820497737.html
603317,天味食品,天味食品:关于变更公司注册资本暨修订《公司章程》及制定部分公司治理制度的公告,公司注册资本变更,2026-03-12,https://data.eastmoney.com/notices/detail/603317/AN202603111820497739.html
603317,天味食品,天味食品:关于2025年度“提质增效重回报”行动方案的评估报告,其他,2026-03-12,https://data.eastmoney.com/notices/detail/603317/AN202603111820497710.html
603317,天味食品,天味食品:2025年度独立董事述职报告(陈祥贵),独立董事述职报告,2026-03-12,https://data.eastmoney.com/notices/detail/603317/AN202603111820497733.html
603317,天味食品,天味食品:关于2025年度募集资金存放、管理与实际使用情况的专项报告,募集资金使用情况报告,2026-03-12,https://data.eastmoney.com/notices/detail/603317/AN202603111820497730.html
603317,天味食品,天味食品:2025年年度报告,年度报告全文,2026-03-12,https://data.eastmoney.com/notices/detail/603317/AN202603111820497725.html
603317,天味食品,天味食品:反贿赂及反腐败、反洗钱及经济制裁合规政策(草案)(H股发行并上市后适用),其他,2026-03-12,https://data.eastmoney.com/notices/detail/603317/AN202603111820497709.html
603317,天味食品,天味食品:东兴证券股份有限公司关于四川天味食品集团股份有限公司2025年度募集资金存放与使用情况的专项核查意见,保荐/核查意见,2026-03-12,https://data.eastmoney.com/notices/detail/603317/AN202603111820497722.html
603317,天味食品,天味食品:2025年度环境、社会和公司治理报告摘要,ESG公告,2026-03-12,https://data.eastmoney.com/notices/detail/603317/AN202603111820497726.html
603317,天味食品,天味食品:关于召开2025年年度股东会的通知,召开股东大会通知,2026-03-12,https://data.eastmoney.com/notices/detail/603317/AN202603111820497713.html
603317,天味食品,天味食品:2025年度利润分配预案公告,分配预案,2026-03-12,https://data.eastmoney.com/notices/detail/603317/AN202603111820497708.html
603317,天味食品,天味食品:2025年度环境、社会和公司治理报告,ESG公告,2026-03-12,https://data.eastmoney.com/notices/detail/603317/AN202603111820497707.html
603317,天味食品,天味食品:2025年度非经营性资金占用及其他关联资金往来的专项说明,专项说明/独立意见,2026-03-12,https://data.eastmoney.com/notices/detail/603317/AN202603111820497712.html
603317,天味食品,天味食品:2025年度独立董事述职报告(李铃),独立董事述职报告,2026-03-12,https://data.eastmoney.com/notices/detail/603317/AN202603111820497714.html
603317,天味食品,天味食品:2025年度主要经营数据公告,月度经营情况,2026-03-12,https://data.eastmoney.com/notices/detail/603317/AN202603111820497740.html
603317,天味食品,天味食品:关于续聘会计师事务所的公告,审计机构变更,2026-03-12,https://data.eastmoney.com/notices/detail/603317/AN202603111820497734.html
603317,天味食品,天味食品:董事会审计委员会2025年度履职情况报告,其他,2026-03-12,https://data.eastmoney.com/notices/detail/603317/AN202603111820497735.html
603317,天味食品,天味食品:2025年度会计师事务所履职情况评估报告,其他,2026-03-12,https://data.eastmoney.com/notices/detail/603317/AN202603111820497717.html
603317,天味食品,天味食品:关于注销公司回购专用证券账户部分股份的公告,回购进展情况,2026-03-12,https://data.eastmoney.com/notices/detail/603317/AN202603111820497724.html
603317,天味食品,天味食品:董事、高级管理人员离职管理制度,管理办法/制度,2026-03-12,https://data.eastmoney.com/notices/detail/603317/AN202603111820497741.html
603317,天味食品,天味食品:2025年度审计报告,审计报告,2026-03-12,https://data.eastmoney.com/notices/detail/603317/AN202603111820497718.html
603317,天味食品,天味食品:第六届董事会第十三次会议决议公告,分配预案,2026-03-12,https://data.eastmoney.com/notices/detail/603317/AN202603111820497728.html
603317,天味食品,天味食品:2025年度独立董事述职报告(吕先锫),独立董事述职报告,2026-03-12,https://data.eastmoney.com/notices/detail/603317/AN202603111820497731.html
603317,天味食品,天味食品:关于未来三年(2026-2028年)股东回报规划暨贯彻落实“提质增效重回报”行动方案的公告,其他,2026-03-12,https://data.eastmoney.com/notices/detail/603317/AN202603111820497706.html
603317,天味食品,天味食品:2025年年度报告摘要,年度报告摘要,2026-03-12,https://data.eastmoney.com/notices/detail/603317/AN202603111820497716.html
603317,天味食品,天味食品:关于2026年度日常关联交易预计的公告,关联交易,2026-03-12,https://data.eastmoney.com/notices/detail/603317/AN202603111820497723.html
603317,天味食品,天味食品:2025年度内部控制审计报告,审计报告,2026-03-12,https://data.eastmoney.com/notices/detail/603317/AN202603111820497721.html
603317,天味食品,天味食品:董事会审计委员会对2025年度会计师事务所履行监督职责情况报告,其他,2026-03-12,https://data.eastmoney.com/notices/detail/603317/AN202603111820497719.html
603317,天味食品,天味食品:董事会关于2025年度独立董事独立性评估的专项意见,专项说明/独立意见,2026-03-12,https://data.eastmoney.com/notices/detail/603317/AN202603111820497736.html
603317,天味食品,天味食品:董事、高级管理人员薪酬管理制度,管理办法/制度,2026-03-12,https://data.eastmoney.com/notices/detail/603317/AN202603111820497732.html
603317,天味食品,天味食品:2025年度内部控制评价报告,内部控制报告,2026-03-12,https://data.eastmoney.com/notices/detail/603317/AN202603111820497720.html
603317,天味食品,天味食品:关于会计政策变更的公告,其他,2026-03-12,https://data.eastmoney.com/notices/detail/603317/AN202603111820497727.html
301683,慧谷新材,慧谷新材:与投资者保护相关的承诺,其他,2026-03-12,https://data.eastmoney.com/notices/detail/301683/AN202603111820497511.html
301683,慧谷新材,慧谷新材:公司章程(草案),公司章程,2026-03-12,https://data.eastmoney.com/notices/detail/301683/AN202603111820497508.html
301683,慧谷新材,慧谷新材:首次公开发行股票并在创业板上市招股意向书,首发招股意向书,2026-03-12,https://data.eastmoney.com/notices/detail/301683/AN202603111820497514.html
301683,慧谷新材,慧谷新材:股东大会有关本次发行并上市的决议,股东大会决议公告,2026-03-12,https://data.eastmoney.com/notices/detail/301683/AN202603111820497515.html
301683,慧谷新材,慧谷新材:董事会有关本次发行并上市的决议,董事会决议公告,2026-03-12,https://data.eastmoney.com/notices/detail/301683/AN202603111820497512.html
301683,慧谷新材,慧谷新材:公司财务报表及审阅报告(2025年1月-12月),保荐/核查意见,2026-03-12,https://data.eastmoney.com/notices/detail/301683/AN202603111820497506.html
301683,慧谷新材,慧谷新材:中信证券股份有限公司关于公司首次公开发行股票并在创业板上市的发行保荐书,发行保荐书,2026-03-12,https://data.eastmoney.com/notices/detail/301683/AN202603111820497503.html
301683,慧谷新材,慧谷新材:内部控制审计报告,审计报告,2026-03-12,https://data.eastmoney.com/notices/detail/301683/AN202603111820497504.html
301683,慧谷新材,慧谷新材:经注册会计师鉴证的非经常性损益明细表,保荐/核查意见,2026-03-12,https://data.eastmoney.com/notices/detail/301683/AN202603111820497501.html
301683,慧谷新材,慧谷新材:发行人及其他责任主体作出的与发行人本次发行上市相关的其他承诺事项,其他,2026-03-12,https://data.eastmoney.com/notices/detail/301683/AN202603111820497507.html
301683,慧谷新材,慧谷新材:广东信达律师事务所关于公司首次公开发行股票并在创业板上市的法律意见书及补充法律意见书,法律意见书,2026-03-12,https://data.eastmoney.com/notices/detail/301683/AN202603111820497498.html
301683,慧谷新材,慧谷新材:子公司、参股公司简要情况,其他,2026-03-12,https://data.eastmoney.com/notices/detail/301683/AN202603111820497513.html
301683,慧谷新材,慧谷新材:中信证券股份有限公司关于公司首次公开发行股票并在创业板上市的上市保荐书,上市保荐书,2026-03-12,https://data.eastmoney.com/notices/detail/301683/AN202603111820497505.html
301683,慧谷新材,慧谷新材:首次公开发行股票并在创业板上市初步询价及推介公告,初步询价及推介公告,2026-03-12,https://data.eastmoney.com/notices/detail/301683/AN202603111820497502.html
301683,慧谷新材,慧谷新材:首次公开发行股票并在创业板上市提示公告,首发提示性公告,2026-03-12,https://data.eastmoney.com/notices/detail/301683/AN202603111820497519.html
301683,慧谷新材,慧谷新材:落实投资者关系管理相关规定的安排、股利分配决策程序、股东投票机制建立情况,其他,2026-03-12,https://data.eastmoney.com/notices/detail/301683/AN202603111820497510.html
301683,慧谷新材,慧谷新材:募集资金具体运用情况,募集资金使用情况报告,2026-03-12,https://data.eastmoney.com/notices/detail/301683/AN202603111820497518.html
301683,慧谷新材,慧谷新材:股东大会、董事会、监事会、独立董事、董事会秘书制度的建立健全及运行情况说明,专项说明/独立意见,2026-03-12,https://data.eastmoney.com/notices/detail/301683/AN202603111820497499.html
301683,慧谷新材,慧谷新材:审计委员会及其他专门委员会的设置情况说明,其他,2026-03-12,https://data.eastmoney.com/notices/detail/301683/AN202603111820497517.html
688702,盛科通信,盛科通信:盛科通信关于持股5%以上股东权益变动触及1%刻度的提示性公告,权益变动报告书,2026-03-12,https://data.eastmoney.com/notices/detail/688702/AN202603111820497574.html
000537,绿发电力,绿发电力:股票交易异常波动公告,股票交易异常波动,2026-03-12,https://data.eastmoney.com/notices/detail/000537/AN202603111820497554.html
000537,绿发电力,绿发电力:关于2025年度利润分配征求意见的自愿性信息披露公告,其他,2026-03-12,https://data.eastmoney.com/notices/detail/000537/AN202603111820497553.html
301682,宏明电子,宏明电子:首次公开发行股票并在创业板上市网上路演公告,首发网上路演公告,2026-03-12,https://data.eastmoney.com/notices/detail/301682/AN202603111820497509.html
001257,盛龙股份,盛龙股份:与投资者保护相关的承诺,其他,2026-03-12,https://data.eastmoney.com/notices/detail/001257/AN202603111820497437.html
001257,盛龙股份,盛龙股份:发行人及其他责任主体作出的与发行人本次发行上市相关的其他承诺事项,其他,2026-03-12,https://data.eastmoney.com/notices/detail/001257/AN202603111820497425.html
001257,盛龙股份,盛龙股份:首次公开发行股票并在主板上市招股意向书,首发招股意向书,2026-03-12,https://data.eastmoney.com/notices/detail/001257/AN202603111820497427.html
001257,盛龙股份,盛龙股份:股东大会有关本次发行并上市的决议,股东大会决议公告,2026-03-12,https://data.eastmoney.com/notices/detail/001257/AN202603111820497426.html
001257,盛龙股份,盛龙股份:经注册会计师鉴证的非经常性损益明细表,保荐/核查意见,2026-03-12,https://data.eastmoney.com/notices/detail/001257/AN202603111820497442.html
001257,盛龙股份,盛龙股份:董事会有关本次发行并上市的决议,增发预案,2026-03-12,https://data.eastmoney.com/notices/detail/001257/AN202603111820497435.html
001257,盛龙股份,盛龙股份:公司财务报表及审阅报告(2025年1月-12月),保荐/核查意见,2026-03-12,https://data.eastmoney.com/notices/detail/001257/AN202603111820497444.html
001257,盛龙股份,盛龙股份:内部控制鉴证报告,保荐/核查意见,2026-03-12,https://data.eastmoney.com/notices/detail/001257/AN202603111820497434.html
001257,盛龙股份,盛龙股份:公司章程(草案),公司章程,2026-03-12,https://data.eastmoney.com/notices/detail/001257/AN202603111820497445.html
001257,盛龙股份,盛龙股份:子公司、参股公司简要情况,其他,2026-03-12,https://data.eastmoney.com/notices/detail/001257/AN202603111820497438.html
001257,盛龙股份,盛龙股份:首次公开发行股票并在主板上市初步询价及推介公告,初步询价及推介公告,2026-03-12,https://data.eastmoney.com/notices/detail/001257/AN202603111820497440.html
001257,盛龙股份,盛龙股份:国浩律师(上海)事务所关于公司首次公开发行股票并在主板上市的法律意见书及补充法律意见书,法律意见书,2026-03-12,https://data.eastmoney.com/notices/detail/001257/AN202603111820497443.html
001257,盛龙股份,盛龙股份:募集资金具体运用情况,募集资金使用情况报告,2026-03-12,https://data.eastmoney.com/notices/detail/001257/AN202603111820497430.html
001257,盛龙股份,盛龙股份:股东大会、董事会、监事会、独立董事、董事会秘书制度的建立健全及运行情况说明,专项说明/独立意见,2026-03-12,https://data.eastmoney.com/notices/detail/001257/AN202603111820497431.html
001257,盛龙股份,盛龙股份:首次公开发行股票并在主板上市提示公告,首发提示性公告,2026-03-12,https://data.eastmoney.com/notices/detail/001257/AN202603111820497429.html
001257,盛龙股份,盛龙股份:审计委员会及其他专门委员会的设置情况说明,其他,2026-03-12,https://data.eastmoney.com/notices/detail/001257/AN202603111820497441.html
001257,盛龙股份,盛龙股份:落实投资者关系管理相关规定的安排、股利分配决策程序、股东投票机制建立情况,其他,2026-03-12,https://data.eastmoney.com/notices/detail/001257/AN202603111820497433.html
300995,奇德新材,奇德新材:关于公司2026年度为子公司提供担保额度预计的公告,担保年度额度预计,2026-03-12,https://data.eastmoney.com/notices/detail/300995/AN202603111820497360.html
300995,奇德新材,奇德新材:关于董事会换届选举的公告,高管人员任职变动,2026-03-12,https://data.eastmoney.com/notices/detail/300995/AN202603111820497358.html
300995,奇德新材,奇德新材:2025年年度审计报告,审计报告,2026-03-12,https://data.eastmoney.com/notices/detail/300995/AN202603111820497363.html
300995,奇德新材,奇德新材:关于公司2025年年度利润分配预案的公告,分配预案,2026-03-12,https://data.eastmoney.com/notices/detail/300995/AN202603111820497376.html
300995,奇德新材,奇德新材:信永中和会计师事务所(特殊普通合伙)关于广东奇德新材料股份有限公司2025年12月31日内部控制审计报告,审计报告,2026-03-12,https://data.eastmoney.com/notices/detail/300995/AN202603111820497364.html
300995,奇德新材,奇德新材:2026年日常关联交易预计公告,关联交易,2026-03-12,https://data.eastmoney.com/notices/detail/300995/AN202603111820497344.html
300995,奇德新材,奇德新材:第四届董事会第二十六次会议决议公告,增发预案,2026-03-12,https://data.eastmoney.com/notices/detail/300995/AN202603111820497356.html
300995,奇德新材,奇德新材:关于2025年度董高薪酬的确定以及2026年度董高薪酬方案的公告,其他,2026-03-12,https://data.eastmoney.com/notices/detail/300995/AN202603111820497354.html
300995,奇德新材,奇德新材:会计师事务所2025年度履职情况评估报告暨董事会审计委员会对会计师事务所履行监督职责情况的报告,其他,2026-03-12,https://data.eastmoney.com/notices/detail/300995/AN202603111820497345.html
300995,奇德新材,奇德新材:2025年董事会工作报告,其他,2026-03-12,https://data.eastmoney.com/notices/detail/300995/AN202603111820497339.html
300995,奇德新材,奇德新材:互动易平台信息发布及回复内部审核制度,管理办法/制度,2026-03-12,https://data.eastmoney.com/notices/detail/300995/AN202603111820497365.html
300995,奇德新材,奇德新材:2025年独立董事年度述职报告-于海涌,独立董事述职报告,2026-03-12,https://data.eastmoney.com/notices/detail/300995/AN202603111820497341.html
300995,奇德新材,奇德新材:独立董事提名人声明与承诺-谢泓,独立董事提名人声明,2026-03-12,https://data.eastmoney.com/notices/detail/300995/AN202603111820497368.html
300995,奇德新材,奇德新材:关于开展外汇套期保值业务的公告,其他,2026-03-12,https://data.eastmoney.com/notices/detail/300995/AN202603111820497380.html
300995,奇德新材,奇德新材:关于开展聚丙烯期货套期保值业务的可行性分析报告,其他,2026-03-12,https://data.eastmoney.com/notices/detail/300995/AN202603111820497343.html
300995,奇德新材,奇德新材:2025年独立董事年度述职报告-甘露,独立董事述职报告,2026-03-12,https://data.eastmoney.com/notices/detail/300995/AN202603111820497362.html
300995,奇德新材,奇德新材:独立董事候选人声明与承诺-谢泓,独立董事候选人声明,2026-03-12,https://data.eastmoney.com/notices/detail/300995/AN202603111820497349.html
300995,奇德新材,奇德新材:关于“质量回报双提升”行动方案的进展公告,其他,2026-03-12,https://data.eastmoney.com/notices/detail/300995/AN202603111820497340.html
300995,奇德新材,奇德新材:2025年独立董事年度述职报告-陈进军,独立董事述职报告,2026-03-12,https://data.eastmoney.com/notices/detail/300995/AN202603111820497370.html
300995,奇德新材,奇德新材:关于开展外汇套期保值业务的可行性分析报告,其他,2026-03-12,https://data.eastmoney.com/notices/detail/300995/AN202603111820497377.html
300995,奇德新材,奇德新材:2025年度内部控制评价报告,内部控制报告,2026-03-12,https://data.eastmoney.com/notices/detail/300995/AN202603111820497347.html
300995,奇德新材,奇德新材:2025年度非经营性资金占用及其他关联资金往来情况汇总表,资金占用,2026-03-12,https://data.eastmoney.com/notices/detail/300995/AN202603111820497342.html
300995,奇德新材,奇德新材:董事会关于证券与衍生品投资情况的专项说明,专项说明/独立意见,2026-03-12,https://data.eastmoney.com/notices/detail/300995/AN202603111820497348.html
300995,奇德新材,奇德新材:2025年环境、社会与公司治理(ESG)报告,ESG公告,2026-03-12,https://data.eastmoney.com/notices/detail/300995/AN202603111820497375.html
300995,奇德新材,奇德新材:2025年度总经理工作报告,其他,2026-03-12,https://data.eastmoney.com/notices/detail/300995/AN202603111820497378.html
300995,奇德新材,奇德新材:2025年年度报告摘要,年度报告摘要,2026-03-12,https://data.eastmoney.com/notices/detail/300995/AN202603111820497372.html
300995,奇德新材,奇德新材:关于开展聚丙烯期货套期保值业务的公告,其他,2026-03-12,https://data.eastmoney.com/notices/detail/300995/AN202603111820497350.html
300995,奇德新材,奇德新材:独立董事提名人声明与承诺-陈进军,独立董事提名人声明,2026-03-12,https://data.eastmoney.com/notices/detail/300995/AN202603111820497353.html
300995,奇德新材,奇德新材:2025年年度报告,年度报告全文,2026-03-12,https://data.eastmoney.com/notices/detail/300995/AN202603111820497366.html
300995,奇德新材,奇德新材:独立董事提名人声明与承诺-于海涌,独立董事提名人声明,2026-03-12,https://data.eastmoney.com/notices/detail/300995/AN202603111820497338.html
300995,奇德新材,奇德新材:信永中和会计师事务所(特殊普通合伙)关于广东奇德新材料股份有限公司2025年度非经营性资金占用及其他关联资金往来的专项说明,专项说明/独立意见,2026-03-12,https://data.eastmoney.com/notices/detail/300995/AN202603111820497371.html
300995,奇德新材,奇德新材:独立董事候选人声明与承诺-于海涌,独立董事候选人声明,2026-03-12,https://data.eastmoney.com/notices/detail/300995/AN202603111820497352.html
300995,奇德新材,奇德新材:独立董事候选人声明与承诺-陈进军,独立董事候选人声明,2026-03-12,https://data.eastmoney.com/notices/detail/300995/AN202603111820497374.html
300995,奇德新材,奇德新材:关于召开2025年年度股东会的通知,召开股东大会通知,2026-03-12,https://data.eastmoney.com/notices/detail/300995/AN202603111820497351.html
300995,奇德新材,奇德新材:关于2025年年度计提信用减值损失和资产减值损失的公告,其他,2026-03-12,https://data.eastmoney.com/notices/detail/300995/AN202603111820497379.html
300995,奇德新材,奇德新材:2025年独立董事年度述职报告-谢泓,独立董事述职报告,2026-03-12,https://data.eastmoney.com/notices/detail/300995/AN202603111820497337.html
300995,奇德新材,奇德新材:董事会关于独立董事独立性自查情况的专项报告,自查报告,2026-03-12,https://data.eastmoney.com/notices/detail/300995/AN202603111820497359.html
300995,奇德新材,奇德新材:关于会计政策变更的公告,其他,2026-03-12,https://data.eastmoney.com/notices/detail/300995/AN202603111820497357.html
002207,*ST准油,准油股份:第八届董事会第十三次(临时)会议决议公告,增发终止,2026-03-12,https://data.eastmoney.com/notices/detail/002207/AN202603111820497327.html
002207,*ST准油,准油股份:关于终止向特定对象发行股票并撤回申请文件的公告,增发终止,2026-03-12,https://data.eastmoney.com/notices/detail/002207/AN202603111820497326.html
301031,中熔电气,中熔电气:关于持股5%以上股东、董事、高级管理人员股份减持计划的预披露公告,股东/实际控制人股份减持,2026-03-12,https://data.eastmoney.com/notices/detail/301031/AN202603111820497278.html
600734,*ST实达,实达集团:独立董事候选人声明与承诺(常晖),独立董事候选人声明,2026-03-12,https://data.eastmoney.com/notices/detail/600734/AN202603111820497260.html
600734,*ST实达,实达集团:福建实达集团股份有限公司第十届董事会第四十三次会议决议公告,高管人员任职变动,2026-03-12,https://data.eastmoney.com/notices/detail/600734/AN202603111820497263.html
600734,*ST实达,实达集团:福建实达集团股份有限公司2026年第一次临时股东会会议材料,股东大会资料,2026-03-12,https://data.eastmoney.com/notices/detail/600734/AN202603111820497261.html
600734,*ST实达,实达集团:独立董事候选人声明与承诺(许萍),独立董事候选人声明,2026-03-12,https://data.eastmoney.com/notices/detail/600734/AN202603111820497265.html
600734,*ST实达,实达集团:独立董事提名人声明与承诺(林庚),独立董事提名人声明,2026-03-12,https://data.eastmoney.com/notices/detail/600734/AN202603111820497262.html
600734,*ST实达,实达集团:独立董事提名人声明与承诺(许萍),独立董事提名人声明,2026-03-12,https://data.eastmoney.com/notices/detail/600734/AN202603111820497264.html
600734,*ST实达,实达集团:独立董事提名人声明与承诺(常晖),独立董事提名人声明,2026-03-12,https://data.eastmoney.com/notices/detail/600734/AN202603111820497259.html
600734,*ST实达,实达集团:独立董事候选人声明与承诺(林庚),独立董事候选人声明,2026-03-12,https://data.eastmoney.com/notices/detail/600734/AN202603111820497257.html
600734,*ST实达,实达集团:福建实达集团股份有限公司关于召开2026年第一次临时股东会的通知,召开股东大会通知,2026-03-12,https://data.eastmoney.com/notices/detail/600734/AN202603111820497258.html
002218,拓日新能,拓日新能:关于控股股东未减持股份并提前终止减持计划的公告,股东/实际控制人股份减持,2026-03-12,https://data.eastmoney.com/notices/detail/002218/AN202603111820497170.html
688230,芯导科技,芯导科技:2025年年度权益分派实施公告,分配方案实施,2026-03-12,https://data.eastmoney.com/notices/detail/688230/AN202603111820497151.html
002250,联化科技,联化科技:第九届董事会第五次会议决议公告,董事会决议公告,2026-03-12,https://data.eastmoney.com/notices/detail/002250/AN202603111820497142.html
002250,联化科技,联化科技:关于与关联人共同投资暨关联交易的公告,关联交易,2026-03-12,https://data.eastmoney.com/notices/detail/002250/AN202603111820497141.html
603803,瑞斯康达,瑞斯康达:公司股票交易异常波动公告,股票交易异常波动,2026-03-12,https://data.eastmoney.com/notices/detail/603803/AN202603111820497125.html
688813,泰金新能,泰金新能:泰金新能首次公开发行股票并在科创板上市发行安排及初步询价公告,初步询价及推介公告,2026-03-12,https://data.eastmoney.com/notices/detail/688813/AN202603111820497007.html
688813,泰金新能,泰金新能:泰金新能首次公开发行股票并在科创板上市招股意向书,首发招股意向书,2026-03-12,https://data.eastmoney.com/notices/detail/688813/AN202603111820497008.html
688813,泰金新能,泰金新能:泰金新能首次公开发行股票并在科创板上市招股意向书附录,发行保荐书,2026-03-12,https://data.eastmoney.com/notices/detail/688813/AN202603111820497009.html
688813,泰金新能,泰金新能:泰金新能首次公开发行股票并在科创板上市招股意向书提示性公告,首发提示性公告,2026-03-12,https://data.eastmoney.com/notices/detail/688813/AN202603111820497010.html
002789,*ST建艺,*ST建艺:关于新增累计诉讼、仲裁情况的公告,诉讼仲裁,2026-03-12,https://data.eastmoney.com/notices/detail/002789/AN202603111820496963.html
001283,豪鹏科技,豪鹏科技:关于公司对全资子公司提供担保的进展公告,提供/对外担保公告,2026-03-12,https://data.eastmoney.com/notices/detail/001283/AN202603111820496936.html
002126,银轮股份,银轮股份:关于控股子公司公开发行股票上市申请通过北京证券交易所上市委员会审核的提示性公告,其他,2026-03-12,https://data.eastmoney.com/notices/detail/002126/AN202603111820496789.html
600649,城投控股,城投控股:上海城投控股股份有限公司关于子公司发行西部-上海城投控股商业物业1期绿色资产支持专项计划的公告,其他,2026-03-12,https://data.eastmoney.com/notices/detail/600649/AN202603111820496679.html
600649,城投控股,城投控股:上海城投控股股份有限公司关于2026年面向专业投资者公开发行公司债券(第一期)发行结果的公告,其他,2026-03-12,https://data.eastmoney.com/notices/detail/600649/AN202603111820496678.html
688173,希荻微,希荻微:希荻微董事会提名委员会关于第二届董事会非独立董事候选人任职资格的审查意见,专项说明/独立意见,2026-03-12,https://data.eastmoney.com/notices/detail/688173/AN202603111820496611.html
688173,希荻微,希荻微:希荻微关于修订《公司章程》、变更法定代表人并办理工商变更登记的公告,法定代表人变更,2026-03-12,https://data.eastmoney.com/notices/detail/688173/AN202603111820496608.html
688173,希荻微,希荻微:希荻微关于部分董事、高级管理人员变更及调整部分专门委员会委员的公告,高管人员任职变动,2026-03-12,https://data.eastmoney.com/notices/detail/688173/AN202603111820496607.html
688173,希荻微,希荻微:希荻微关于召开2026年第二次临时股东会的通知,召开股东大会通知,2026-03-12,https://data.eastmoney.com/notices/detail/688173/AN202603111820496609.html
688173,希荻微,希荻微:希荻微电子集团股份有限公司章程(2026年3月),公司章程,2026-03-12,https://data.eastmoney.com/notices/detail/688173/AN202603111820496610.html
000963,华东医药,华东医药:关于全资子公司获得美国FDA新药临床试验批准通知的公告,其他,2026-03-12,https://data.eastmoney.com/notices/detail/000963/AN202603111820496453.html
603196,璞源材料,日播时尚:关于眉山茵地乐二期项目后续投资建设的公告,其他,2026-03-12,https://data.eastmoney.com/notices/detail/603196/AN202603111820496418.html
603385,惠达卫浴,惠达卫浴:外汇套期保值业务管理制度(2026年3月修订),管理办法/制度,2026-03-12,https://data.eastmoney.com/notices/detail/603385/AN202603111820496424.html
603196,璞源材料,日播时尚:上海璞源化学材料集团股份有限公司章程(经工商备案),公司章程,2026-03-12,https://data.eastmoney.com/notices/detail/603196/AN202603111820496419.html
603385,惠达卫浴,惠达卫浴:关于2026年度向银行申请综合授信额度的公告,借贷,2026-03-12,https://data.eastmoney.com/notices/detail/603385/AN202603111820496423.html
603385,惠达卫浴,惠达卫浴:关于开展外汇套期保值业务的可行性分析报告,其他,2026-03-12,https://data.eastmoney.com/notices/detail/603385/AN202603111820496427.html
603385,惠达卫浴,惠达卫浴:关于开展外汇套期保值业务的公告,其他,2026-03-12,https://data.eastmoney.com/notices/detail/603385/AN202603111820496422.html
603196,璞源材料,日播时尚:第五届董事会第九次会议决议公告,董事会决议公告,2026-03-12,https://data.eastmoney.com/notices/detail/603196/AN202603111820496417.html
603385,惠达卫浴,惠达卫浴:第七届董事会第十次会议决议公告,董事会决议公告,2026-03-12,https://data.eastmoney.com/notices/detail/603385/AN202603111820496426.html
603385,惠达卫浴,惠达卫浴:关于使用闲置自有资金进行委托理财的公告,委托（受托）事项,2026-03-12,https://data.eastmoney.com/notices/detail/603385/AN202603111820496425.html
603196,璞源材料,日播时尚:公司名称完成工商变更登记暨拟变更公司证券简称的公告,证券简称变更,2026-03-12,https://data.eastmoney.com/notices/detail/603196/AN202603111820496416.html
688757,胜科纳米,胜科纳米:关于为全资孙公司提供担保的进展公告,提供/对外担保公告,2026-03-12,https://data.eastmoney.com/notices/detail/688757/AN202603111820496402.html
688626,翔宇医疗,翔宇医疗:翔宇医疗简式权益变动报告书,权益变动报告书,2026-03-12,https://data.eastmoney.com/notices/detail/688626/AN202603111820496393.html
688085,三友医疗,三友医疗:关于实际控制人及其一致行动人权益变动触及5%整数倍的提示性公告,权益变动报告书,2026-03-12,https://data.eastmoney.com/notices/detail/688085/AN202603111820496358.html
688085,三友医疗,三友医疗:简式权益变动报告书(实际控制人及其一致行动人),权益变动报告书,2026-03-12,https://data.eastmoney.com/notices/detail/688085/AN202603111820496357.html
601778,晶科科技,晶科科技:股票交易异常波动公告,股票交易异常波动,2026-03-12,https://data.eastmoney.com/notices/detail/601778/AN202603111820496325.html
001277,速达股份,速达股份:关于持股5%以上股东股份减持计划期间届满的公告,股东/实际控制人股份减持,2026-03-12,https://data.eastmoney.com/notices/detail/001277/AN202603111820496320.html
002946,新乳业,新乳业:关联交易管理制度(草案)(H股发行并上市后适用),管理办法/制度,2026-03-12,https://data.eastmoney.com/notices/detail/002946/AN202603111820496223.html
002946,新乳业,新乳业:独立董事候选人声明与承诺(杨志清),独立董事候选人声明,2026-03-12,https://data.eastmoney.com/notices/detail/002946/AN202603111820496216.html
002946,新乳业,新乳业:独立董事候选人声明与承诺(卢华基),独立董事候选人声明,2026-03-12,https://data.eastmoney.com/notices/detail/002946/AN202603111820496215.html
002946,新乳业,新乳业:董事会议事规则(草案)(H股发行并上市后适用),议事规则/实施细则,2026-03-12,https://data.eastmoney.com/notices/detail/002946/AN202603111820496213.html
002946,新乳业,新乳业:关于聘请H股发行并上市审计机构的公告,审计机构变更,2026-03-12,https://data.eastmoney.com/notices/detail/002946/AN202603111820496231.html
002946,新乳业,新乳业:关于董事会换届选举的公告,高管人员任职变动,2026-03-12,https://data.eastmoney.com/notices/detail/002946/AN202603111820496219.html
002946,新乳业,新乳业:董事、高级管理人员所持本公司股份及其变动管理制度(草案)(H股发行并上市后适用),管理办法/制度,2026-03-12,https://data.eastmoney.com/notices/detail/002946/AN202603111820496226.html
002946,新乳业,新乳业:独立董事工作制度(草案)(H股发行并上市后适用),管理办法/制度,2026-03-12,https://data.eastmoney.com/notices/detail/002946/AN202603111820496230.html
002946,新乳业,新乳业:独立董事提名人声明与承诺(卢华基),独立董事提名人声明,2026-03-12,https://data.eastmoney.com/notices/detail/002946/AN202603111820496228.html
002946,新乳业,新乳业:第三届董事会第十九次会议决议公告,高管人员任职变动,2026-03-12,https://data.eastmoney.com/notices/detail/002946/AN202603111820496222.html
002946,新乳业,新乳业:内幕信息知情人登记管理制度(草案)(H股发行并上市后适用),管理办法/制度,2026-03-12,https://data.eastmoney.com/notices/detail/002946/AN202603111820496233.html
002946,新乳业,新乳业:关于修订公司于H股发行上市后适用的《公司章程(草案)》及相关议事规则(草案)并制定、修订相关内部治理制度的公告,管理办法/制度,2026-03-12,https://data.eastmoney.com/notices/detail/002946/AN202603111820496232.html
002946,新乳业,新乳业:关于筹划发行H股股票并上市相关事项的提示性公告,其他,2026-03-12,https://data.eastmoney.com/notices/detail/002946/AN202603111820496218.html
002946,新乳业,新乳业:董事会成员多元化政策(草案)(H股发行并上市后适用),其他,2026-03-12,https://data.eastmoney.com/notices/detail/002946/AN202603111820496225.html
002946,新乳业,新乳业:董事会审计委员会工作制度(草案)(H股发行并上市后适用),管理办法/制度,2026-03-12,https://data.eastmoney.com/notices/detail/002946/AN202603111820496234.html
002946,新乳业,新乳业:独立董事候选人声明与承诺(陈碧),独立董事候选人声明,2026-03-12,https://data.eastmoney.com/notices/detail/002946/AN202603111820496227.html
002946,新乳业,新乳业:内审管理制度(草案)(H股发行并上市后适用),管理办法/制度,2026-03-12,https://data.eastmoney.com/notices/detail/002946/AN202603111820496214.html
002946,新乳业,新乳业:公司章程(草案)(H股上市后适用),公司章程,2026-03-12,https://data.eastmoney.com/notices/detail/002946/AN202603111820496220.html
002946,新乳业,新乳业:境外发行证券与上市相关保密和档案管理工作制度,管理办法/制度,2026-03-12,https://data.eastmoney.com/notices/detail/002946/AN202603111820496221.html
002946,新乳业,新乳业:独立董事提名人声明与承诺(陈碧),独立董事提名人声明,2026-03-12,https://data.eastmoney.com/notices/detail/002946/AN202603111820496217.html
002946,新乳业,新乳业:反洗钱及经济制裁管理制度(草案)(H股发行并上市后适用),管理办法/制度,2026-03-12,https://data.eastmoney.com/notices/detail/002946/AN202603111820496229.html
002946,新乳业,新乳业:提名委员会工作制度(草案)(H股发行并上市后适用),管理办法/制度,2026-03-12,https://data.eastmoney.com/notices/detail/002946/AN202603111820496224.html
002946,新乳业,新乳业:环境、社会、公司治理(ESG)管理制度(草案)(H股发行并上市后适用),管理办法/制度,2026-03-12,https://data.eastmoney.com/notices/detail/002946/AN202603111820496193.html
002946,新乳业,新乳业:信息披露管理制度(草案)(H股发行并上市后适用),管理办法/制度,2026-03-12,https://data.eastmoney.com/notices/detail/002946/AN202603111820496191.html
002946,新乳业,新乳业:独立董事提名人声明与承诺(杨志清),独立董事提名人声明,2026-03-12,https://data.eastmoney.com/notices/detail/002946/AN202603111820496188.html
002946,新乳业,新乳业:关于召开2026年第一次临时股东会的通知,召开股东大会通知,2026-03-12,https://data.eastmoney.com/notices/detail/002946/AN202603111820496192.html
002946,新乳业,新乳业:薪酬与考核委员会工作制度(草案)(H股发行并上市后适用),管理办法/制度,2026-03-12,https://data.eastmoney.com/notices/detail/002946/AN202603111820496190.html
601669,中国电建,中国电建:中国电力建设股份有限公司关于签署重大合同的公告,重大合同,2026-03-12,https://data.eastmoney.com/notices/detail/601669/AN202603111820496179.html
601669,中国电建,中国电建:中国电力建设股份有限公司2026年1月至2月主要经营情况公告,月度经营情况,2026-03-12,https://data.eastmoney.com/notices/detail/601669/AN202603111820496180.html
600108,亚盛集团,亚盛集团:亚盛集团股票交易异常波动公告,股票交易异常波动,2026-03-12,https://data.eastmoney.com/notices/detail/600108/AN202603111820496166.html
603007,顺景科技,*ST花王:关于累计涉及诉讼、仲裁事项的公告,诉讼仲裁,2026-03-12,https://data.eastmoney.com/notices/detail/603007/AN202603111820496165.html
603382,海阳科技,海阳科技:独立董事提名人声明与承诺-张博明,独立董事提名人声明,2026-03-12,https://data.eastmoney.com/notices/detail/603382/AN202603111820496139.html
603382,海阳科技,海阳科技:海阳科技股份有限公司关于选举第三届董事会职工董事的公告,高管人员任职变动,2026-03-12,https://data.eastmoney.com/notices/detail/603382/AN202603111820496146.html
603382,海阳科技,海阳科技:独立董事候选人声明与承诺-彭凯,独立董事候选人声明,2026-03-12,https://data.eastmoney.com/notices/detail/603382/AN202603111820496142.html
603382,海阳科技,海阳科技:独立董事提名人声明与承诺-汪晓东,独立董事提名人声明,2026-03-12,https://data.eastmoney.com/notices/detail/603382/AN202603111820496145.html
603382,海阳科技,海阳科技:独立董事候选人声明与承诺-汪晓东,独立董事候选人声明,2026-03-12,https://data.eastmoney.com/notices/detail/603382/AN202603111820496138.html
603382,海阳科技,海阳科技:独立董事候选人声明与承诺-张博明,独立董事候选人声明,2026-03-12,https://data.eastmoney.com/notices/detail/603382/AN202603111820496144.html
603382,海阳科技,海阳科技:海阳科技股份有限公司董事会提名委员会关于公司第三届董事会独立董事候选人任职资格的审查意见,专项说明/独立意见,2026-03-12,https://data.eastmoney.com/notices/detail/603382/AN202603111820496143.html
603382,海阳科技,海阳科技:海阳科技股份有限公司关于召开2026年第二次临时股东会的通知,召开股东大会通知,2026-03-12,https://data.eastmoney.com/notices/detail/603382/AN202603111820496148.html
603382,海阳科技,海阳科技:独立董事提名人声明与承诺-彭凯,独立董事提名人声明,2026-03-12,https://data.eastmoney.com/notices/detail/603382/AN202603111820496141.html
603382,海阳科技,海阳科技:海阳科技股份有限公司关于董事会换届选举的公告,高管人员任职变动,2026-03-12,https://data.eastmoney.com/notices/detail/603382/AN202603111820496140.html
603382,海阳科技,海阳科技:海阳科技股份有限公司第二届董事会第二十二次会议决议公告,高管人员任职变动,2026-03-12,https://data.eastmoney.com/notices/detail/603382/AN202603111820496147.html
603681,永冠新材,永冠新材:上海永冠众诚新材料科技(集团)股份有限公司关于回购股份数超过总股本1%的公告,回购进展情况,2026-03-12,https://data.eastmoney.com/notices/detail/603681/AN202603111820496114.html
603082,北自科技,北自科技:关于发行股份及支付现金购买资产并募集配套资金报告书(注册稿)的修订说明,其他增发事项公告,2026-03-12,https://data.eastmoney.com/notices/detail/603082/AN202603111820496092.html
603082,北自科技,北自科技:国泰海通证券股份有限公司关于北自所(北京)科技发展股份有限公司发行股份及支付现金购买资产并募集配套资金之独立财务顾问报告(注册稿),保荐/核查意见,2026-03-12,https://data.eastmoney.com/notices/detail/603082/AN202603111820496091.html
603082,北自科技,北自科技:北自所(北京)科技发展股份有限公司发行股份及支付现金购买资产并募集配套资金报告书摘要(注册稿),其他增发事项公告,2026-03-12,https://data.eastmoney.com/notices/detail/603082/AN202603111820496093.html
603082,北自科技,北自科技:北自所(北京)科技发展股份有限公司发行股份及支付现金购买资产并募集配套资金报告书(注册稿),其他增发事项公告,2026-03-12,https://data.eastmoney.com/notices/detail/603082/AN202603111820496089.html
603778,国晟科技,国晟科技:股票交易风险提示公告,风险提示性公告,2026-03-12,https://data.eastmoney.com/notices/detail/603778/AN202603111820496094.html
603082,北自科技,北自科技:关于与交易对方签署《盈利预测补偿协议之补充协议(二)》的公告,签订协议,2026-03-12,https://data.eastmoney.com/notices/detail/603082/AN202603111820496090.html
300006,莱美药业,莱美药业:关于参与投资设立创业投资基金的公告,投资设立公司,2026-03-12,https://data.eastmoney.com/notices/detail/300006/AN202603111820496095.html
688781,视涯科技,视涯科技:视涯科技首次公开发行股票并在科创板上市网上路演公告,首发网上路演公告,2026-03-12,https://data.eastmoney.com/notices/detail/688781/AN202603111820495952.html
600622,光大嘉宝,光大嘉宝:光大嘉宝股份有限公司关于持股5%以上股东权益变动触及1%刻度的提示性公告,权益变动报告书,2026-03-12,https://data.eastmoney.com/notices/detail/600622/AN202603111820495930.html
603316,诚邦股份,诚邦股份:公司章程(2026年3月),公司章程,2026-03-12,https://data.eastmoney.com/notices/detail/603316/AN202603111820495917.html
603316,诚邦股份,诚邦股份:诚邦生态环境股份有限公司关于2025年年度股东会增加临时提案暨补充通知的公告,增加股东大会议案,2026-03-12,https://data.eastmoney.com/notices/detail/603316/AN202603111820495918.html
603316,诚邦股份,诚邦股份:诚邦生态环境股份有限公司第五届董事会第十八次会议决议公告,董事会决议公告,2026-03-12,https://data.eastmoney.com/notices/detail/603316/AN202603111820495914.html
603316,诚邦股份,诚邦股份:诚邦生态环境股份有限公司关于变更公司名称、经营范围及《公司章程》的公告,公司名称变更,2026-03-12,https://data.eastmoney.com/notices/detail/603316/AN202603111820495915.html
603316,诚邦股份,诚邦股份:诚邦生态环境股份有限公司关于为控股子公司提供担保公告,提供/对外担保公告,2026-03-12,https://data.eastmoney.com/notices/detail/603316/AN202603111820495916.html
603358,华达科技,华达科技:中泰证券股份有限公司关于华达汽车科技股份有限公司发行股份及支付现金购买资产并募集配套资金之部分限售股上市流通的核查意见,保荐/核查意见,2026-03-12,https://data.eastmoney.com/notices/detail/603358/AN202603111820495901.html
603358,华达科技,华达科技:华达汽车科技股份有限公司关于发行股份及支付现金购买资产并募集配套资金之部分限售股上市流通的公告,限售股份上市流通,2026-03-12,https://data.eastmoney.com/notices/detail/603358/AN202603111820495900.html
002716,湖南白银,湖南白银:关于持股5%以上股东减持计划实施完毕的公告,股东/实际控制人股份减持,2026-03-12,https://data.eastmoney.com/notices/detail/002716/AN202603111820495896.html
600460,士兰微,士兰微:杭州士兰微电子股份有限公司对外投资进展公告,对外项目投资,2026-03-12,https://data.eastmoney.com/notices/detail/600460/AN202603111820495877.html
601838,成都银行,成都银行:成都银行股份有限公司关于董事、董事长任职资格获监管机构核准的公告,高管人员任职变动,2026-03-12,https://data.eastmoney.com/notices/detail/601838/AN202603111820495866.html
601969,海南矿业,海南矿业:海南矿业股份有限公司关于股份回购实施结果暨股份变动的公告,股本变动,2026-03-12,https://data.eastmoney.com/notices/detail/601969/AN202603111820495867.html
600188,兖矿能源,兖矿能源:上海市锦天城律师事务所关于兖矿能源集团股份有限公司2021年A股限制性股票激励计划第三个解除限售期解除限售条件达成、回购注销部分限制性股票并调整回购价格相关事宜的法律意见书,法律意见书,2026-03-12,https://data.eastmoney.com/notices/detail/600188/AN202603111820495719.html
688172,燕东微,燕东微:关于股份性质变更暨2025年限制性股票激励计划首次授予的进展公告,股权激励进展公告,2026-03-12,https://data.eastmoney.com/notices/detail/688172/AN202603111820495805.html
688172,燕东微,燕东微:股东减持股份结果公告,股东/实际控制人股份减持,2026-03-12,https://data.eastmoney.com/notices/detail/688172/AN202603111820495806.html
300590,移为通信,移为通信:第四届董事会第二十一次会议决议公告,董事会决议公告,2026-03-12,https://data.eastmoney.com/notices/detail/300590/AN202603111820495795.html
300590,移为通信,移为通信:上海市锦天城律师事务所关于上海移为通信技术股份有限公司2026年限制性股票激励计划(草案)的法律意见书,法律意见书,2026-03-12,https://data.eastmoney.com/notices/detail/300590/AN202603111820495799.html
300590,移为通信,移为通信:关于召开2026年第二次临时股东会的通知,召开股东大会通知,2026-03-12,https://data.eastmoney.com/notices/detail/300590/AN202603111820495802.html
300590,移为通信,移为通信:董事会薪酬与考核委员会关于2026年员工持股计划相关事项的核查意见,专项说明/独立意见,2026-03-12,https://data.eastmoney.com/notices/detail/300590/AN202603111820495804.html
300590,移为通信,移为通信:2026年限制性股票激励计划实施考核管理办法,管理办法/制度,2026-03-12,https://data.eastmoney.com/notices/detail/300590/AN202603111820495803.html
300590,移为通信,移为通信:2025年度业绩快报,业绩快报,2026-03-12,https://data.eastmoney.com/notices/detail/300590/AN202603111820495800.html
300590,移为通信,移为通信:2026年限制性股票激励计划自查表,股权激励计划,2026-03-12,https://data.eastmoney.com/notices/detail/300590/AN202603111820495801.html
300590,移为通信,移为通信:董事会关于公司2026年员工持股计划(草案)合规性的说明,专项说明/独立意见,2026-03-12,https://data.eastmoney.com/notices/detail/300590/AN202603111820495797.html
300590,移为通信,移为通信:2026年员工持股计划(草案),员工持股计划,2026-03-12,https://data.eastmoney.com/notices/detail/300590/AN202603111820495798.html
300590,移为通信,移为通信:2026年员工持股计划管理办法,员工持股计划,2026-03-12,https://data.eastmoney.com/notices/detail/300590/AN202603111820495794.html
300590,移为通信,移为通信:董事会薪酬与考核委员会关于2026年限制性股票激励计划相关事项的核查意见,专项说明/独立意见,2026-03-12,https://data.eastmoney.com/notices/detail/300590/AN202603111820495796.html
300590,移为通信,移为通信:2026年限制性股票激励计划(草案)摘要,股权激励计划摘要,2026-03-12,https://data.eastmoney.com/notices/detail/300590/AN202603111820495790.html
300590,移为通信,移为通信:2026年限制性股票激励计划(草案),股权激励计划,2026-03-12,https://data.eastmoney.com/notices/detail/300590/AN202603111820495792.html
300590,移为通信,移为通信:2026年员工持股计划(草案)摘要,员工持股计划,2026-03-12,https://data.eastmoney.com/notices/detail/300590/AN202603111820495791.html
603937,丽岛新材,丽岛新材:关于为全资子公司提供担保的进展公告,提供/对外担保公告,2026-03-12,https://data.eastmoney.com/notices/detail/603937/AN202603111820495741.html
688590,新致软件,新致软件:关于实施“新致转债”赎回暨摘牌的第一次提示性公告,其他,2026-03-12,https://data.eastmoney.com/notices/detail/688590/AN202603111820495737.html
600188,兖矿能源,兖矿能源:兖矿能源集团股份有限公司关于2021年A股限制性股票激励计划第三期解除限售暨上市的公告,限售股份上市流通,2026-03-12,https://data.eastmoney.com/notices/detail/600188/AN202603111820495720.html
001380,华纬科技,华纬科技:关于投资设立合资公司暨关联交易的进展公告,投资设立公司,2026-03-12,https://data.eastmoney.com/notices/detail/001380/AN202603111820495728.html
001380,华纬科技,华纬科技:关于使用部分闲置募集资金进行现金管理的公告,投资理财,2026-03-12,https://data.eastmoney.com/notices/detail/001380/AN202603111820495726.html
001380,华纬科技,华纬科技:平安证券股份有限公司关于华纬科技股份有限公司使用部分闲置募集资金进行现金管理的核查意见,保荐/核查意见,2026-03-12,https://data.eastmoney.com/notices/detail/001380/AN202603111820495729.html
001380,华纬科技,华纬科技:第四届董事会第四次会议决议公告,董事会决议公告,2026-03-12,https://data.eastmoney.com/notices/detail/001380/AN202603111820495725.html
600183,生益科技,生益科技:湖南绿晟环保股份有限公司关于开展境内期货套期保值业务的可行性报告,其他,2026-03-12,https://data.eastmoney.com/notices/detail/600183/AN202603111820495678.html
600183,生益科技,生益科技:生益科技关于授权湖南绿晟环保股份有限公司开展期货套期保值业务的公告,其他,2026-03-12,https://data.eastmoney.com/notices/detail/600183/AN202603111820495680.html
603306,华懋科技,华懋科技:华懋科技2026年第一次临时董事会会议决议公告,高管人员任职变动,2026-03-12,https://data.eastmoney.com/notices/detail/603306/AN202603111820495679.html
603306,华懋科技,华懋科技:华懋科技关于公司董事、财务总监离任暨补选董事、聘任财务总监的公告,高管人员任职变动,2026-03-12,https://data.eastmoney.com/notices/detail/603306/AN202603111820495677.html
600183,生益科技,生益科技:生益科技第十一届董事会第十三次会议决议公告,董事会决议公告,2026-03-12,https://data.eastmoney.com/notices/detail/600183/AN202603111820495676.html
603306,华懋科技,华懋科技:华懋科技关于召开2026年第一次临时股东会的通知,召开股东大会通知,2026-03-12,https://data.eastmoney.com/notices/detail/603306/AN202603111820495681.html
603339,四方科技,四方科技:关于四方科技集团股份有限公司向不特定对象发行可转换公司债券申请文件的审核问询函的回复,回复问询函公告,2026-03-12,https://data.eastmoney.com/notices/detail/603339/AN202603111820495686.html
603339,四方科技,四方科技:四方科技集团股份有限公司向不特定对象发行可转换公司债券募集说明书(修订稿),其他,2026-03-12,https://data.eastmoney.com/notices/detail/603339/AN202603111820495685.html
603339,四方科技,四方科技:四方科技集团股份有限公司关于向不特定对象发行可转换公司债券申请文件审核问询函回复的提示性公告,回复问询函公告,2026-03-12,https://data.eastmoney.com/notices/detail/603339/AN202603111820495683.html
603339,四方科技,四方科技:上海市通力律师事务所关于四方科技集团股份有限公司向不特定对象发行可转换公司债券之补充法律意见书(一),法律意见书,2026-03-12,https://data.eastmoney.com/notices/detail/603339/AN202603111820495687.html
600599,退市熊猫,*ST熊猫:*ST熊猫关于公司股票交易风险提示公告,风险提示性公告,2026-03-12,https://data.eastmoney.com/notices/detail/600599/AN202603111820495670.html
002929,润建股份,润建股份:关于2026年度第一期科技创新债券发行结果的公告,其他,2026-03-12,https://data.eastmoney.com/notices/detail/002929/AN202603111820495639.html
603377,ST东时,ST东时:关于“东时转债”即将到期暨交易风险的第五次提示性公告,其他,2026-03-12,https://data.eastmoney.com/notices/detail/603377/AN202603111820495601.html
002929,润建股份,润建股份:关于项目中标的公告,重大合同,2026-03-12,https://data.eastmoney.com/notices/detail/002929/AN202603111820495600.html
600769,祥龙电业,祥龙电业:武汉祥龙电业股份有限公司股票交易异常波动公告,股票交易异常波动,2026-03-12,https://data.eastmoney.com/notices/detail/600769/AN202603111820495540.html
600458,时代新材,时代新材:国金证券股份有限公司关于株洲时代新材料科技股份有限公司2025年度持续督导现场检查报告,保荐/核查意见,2026-03-12,https://data.eastmoney.com/notices/detail/600458/AN202603111820495539.html
600732,爱旭股份,爱旭股份:关于持股5%以上非控股股东权益变动触及1%刻度的提示性公告,权益变动报告书,2026-03-12,https://data.eastmoney.com/notices/detail/600732/AN202603111820495522.html
002718,友邦吊顶,友邦吊顶:华泰联合证券有限责任公司关于上海明盛联禾智能科技有限公司要约收购浙江友邦集成吊顶股份有限公司之独立财务顾问报告,保荐/核查意见,2026-03-12,https://data.eastmoney.com/notices/detail/002718/AN202603111820495462.html
002024,ST易购,ST易购:第八届董事会第四十二次会议决议公告,董事会决议公告,2026-03-12,https://data.eastmoney.com/notices/detail/002024/AN202603111820495450.html
002024,ST易购,ST易购:内部审计制度(2026年3月修订),管理办法/制度,2026-03-12,https://data.eastmoney.com/notices/detail/002024/AN202603111820495459.html
002467,二六三,二六三:关于部分董事、高级管理人员减持计划实施完成的公告,股东/实际控制人股份减持,2026-03-12,https://data.eastmoney.com/notices/detail/002467/AN202603111820495458.html
002024,ST易购,ST易购:风险投资管理制度(2026年3月修订),管理办法/制度,2026-03-12,https://data.eastmoney.com/notices/detail/002024/AN202603111820495457.html
002024,ST易购,ST易购:关于公司与阿里巴巴集团2026年度日常关联交易预计的公告,关联交易,2026-03-12,https://data.eastmoney.com/notices/detail/002024/AN202603111820495463.html
000938,紫光股份,紫光股份:关于股东减持计划期限届满暨实施情况的公告,股东/实际控制人股份减持,2026-03-12,https://data.eastmoney.com/notices/detail/000938/AN202603111820495466.html
002024,ST易购,ST易购:选聘会计师事务所专项制度(2026年3月修订),管理办法/制度,2026-03-12,https://data.eastmoney.com/notices/detail/002024/AN202603111820495453.html
002024,ST易购,ST易购:关于召开2026年第二次临时股东会的通知,召开股东大会通知,2026-03-12,https://data.eastmoney.com/notices/detail/002024/AN202603111820495454.html
002024,ST易购,ST易购:重大投资及财务决策制度(2026年3月修订),管理办法/制度,2026-03-12,https://data.eastmoney.com/notices/detail/002024/AN202603111820495449.html
002718,友邦吊顶,友邦吊顶:关于上海明盛联禾智能科技有限公司要约收购公司股份的第二次提示性公告,要约收购报告书,2026-03-12,https://data.eastmoney.com/notices/detail/002718/AN202603111820495460.html
002024,ST易购,ST易购:对外提供财务资助管理制度(2026年3月修订),管理办法/制度,2026-03-12,https://data.eastmoney.com/notices/detail/002024/AN202603111820495451.html
002024,ST易购,ST易购:董事、高级管理人员离职管理制度(2026年3月),管理办法/制度,2026-03-12,https://data.eastmoney.com/notices/detail/002024/AN202603111820495465.html
002024,ST易购,ST易购:投资理财管理制度(2026年3月修订),管理办法/制度,2026-03-12,https://data.eastmoney.com/notices/detail/002024/AN202603111820495467.html
002718,友邦吊顶,友邦吊顶:浙江友邦集成吊顶股份有限公司董事会关于上海明盛联禾智能科技有限公司要约收购事宜致全体股东的报告书,要约收购报告书,2026-03-12,https://data.eastmoney.com/notices/detail/002718/AN202603111820495452.html
002024,ST易购,ST易购:总裁工作细则(2026年3月修订),议事规则/实施细则,2026-03-12,https://data.eastmoney.com/notices/detail/002024/AN202603111820495461.html
002024,ST易购,ST易购:年报信息披露重大差错责任追究制度(2026年3月修订),管理办法/制度,2026-03-12,https://data.eastmoney.com/notices/detail/002024/AN202603111820495456.html
002718,友邦吊顶,友邦吊顶:第六届董事会第六次会议决议公告,董事会决议公告,2026-03-12,https://data.eastmoney.com/notices/detail/002718/AN202603111820495464.html
002024,ST易购,ST易购:关于2026年度日常关联交易预计的公告,关联交易,2026-03-12,https://data.eastmoney.com/notices/detail/002024/AN202603111820495455.html
603225,新凤鸣,新凤鸣:关于“凤21转债”赎回结果暨股份变动的公告,股本变动,2026-03-12,https://data.eastmoney.com/notices/detail/603225/AN202603111820495416.html
601003,柳钢股份,柳钢股份:柳钢股份关于开展套期保值业务的可行性分析报告,其他,2026-03-12,https://data.eastmoney.com/notices/detail/601003/AN202603111820495418.html
601003,柳钢股份,柳钢股份:柳钢股份第九届董事会第二十次会议决议公告,董事会决议公告,2026-03-12,https://data.eastmoney.com/notices/detail/601003/AN202603111820495411.html
601003,柳钢股份,柳钢股份:柳钢股份关于公司及控股子公司开展套期保值业务的公告,其他,2026-03-12,https://data.eastmoney.com/notices/detail/601003/AN202603111820495410.html
601003,柳钢股份,柳钢股份:柳钢股份公司章程(2026年3月),公司章程,2026-03-12,https://data.eastmoney.com/notices/detail/601003/AN202603111820495412.html
601003,柳钢股份,柳钢股份:柳钢股份关于2025年度日常关联交易情况及2026年度日常关联交易预计的公告,关联交易,2026-03-12,https://data.eastmoney.com/notices/detail/601003/AN202603111820495409.html
601003,柳钢股份,柳钢股份:柳钢股份关于变更注册资本并修订《公司章程》的公告,公司注册资本变更,2026-03-12,https://data.eastmoney.com/notices/detail/601003/AN202603111820495408.html
601003,柳钢股份,柳钢股份:柳钢股份关于召开2026年第一次临时股东会的通知,召开股东大会通知,2026-03-12,https://data.eastmoney.com/notices/detail/601003/AN202603111820495404.html
603659,璞泰来,璞泰来:上海璞泰来新能源科技集团股份有限公司关于投资建设马来西亚负极材料生产基地的公告,对外项目投资,2026-03-12,https://data.eastmoney.com/notices/detail/603659/AN202603111820495365.html
603659,璞泰来,璞泰来:上海璞泰来新能源科技集团股份有限公司关于对子公司提供的担保进展公告,提供/对外担保公告,2026-03-12,https://data.eastmoney.com/notices/detail/603659/AN202603111820495364.html
603995,甬金股份,甬金股份:关于提前归还临时补充流动资金的募集资金的公告,归还募集资金,2026-03-12,https://data.eastmoney.com/notices/detail/603995/AN202603111820495327.html
603579,荣泰健康,荣泰健康:上海荣泰健康科技股份有限公司关于使用闲置募集资金进行现金管理赎回的进展公告,募集资金使用进展情况,2026-03-12,https://data.eastmoney.com/notices/detail/603579/AN202603111820495254.html
600689,上海三毛,上海三毛:2026年第一次临时股东会会议文件,股东大会资料,2026-03-12,https://data.eastmoney.com/notices/detail/600689/AN202603111820495198.html
603598,引力传媒,引力传媒:关于授权公司管理层启动公司境外发行股份(H股)并在香港联合交易所有限公司上市相关筹备工作的公告,其他,2026-03-12,https://data.eastmoney.com/notices/detail/603598/AN202603111820495199.html
688565,力源科技,力源科技:5%以下股东减持计划时间届满暨减持股份结果公告,股东/实际控制人股份减持,2026-03-12,https://data.eastmoney.com/notices/detail/688565/AN202603111820495197.html
600696,退市岩石,*ST岩石:关于股票交易及股票可能被终止上市的风险提示公告,终止上市风险提示,2026-03-12,https://data.eastmoney.com/notices/detail/600696/AN202603111820495192.html
002520,日发精机,日发精机:关于控股股东及其一致行动人股份解除质押及质押的公告,股份质押、冻结,2026-03-12,https://data.eastmoney.com/notices/detail/002520/AN202603111820495178.html
603175,超颖电子,超颖电子:关于向全资子公司提供担保的公告,提供/对外担保公告,2026-03-12,https://data.eastmoney.com/notices/detail/603175/AN202603111820495141.html
603175,超颖电子,超颖电子:对外担保管理制度,管理办法/制度,2026-03-12,https://data.eastmoney.com/notices/detail/603175/AN202603111820495139.html
603175,超颖电子,超颖电子:舆情管理制度,管理办法/制度,2026-03-12,https://data.eastmoney.com/notices/detail/603175/AN202603111820495138.html
603175,超颖电子,超颖电子:国联民生证券承销保荐有限公司关于超颖电子电路股份有限公司募投项目结项暨使用节余募集资金及超募资金投资建设新项目的核查意见,保荐/核查意见,2026-03-12,https://data.eastmoney.com/notices/detail/603175/AN202603111820495140.html
603175,超颖电子,超颖电子:关于召开2026年第二次临时股东会的通知,召开股东大会通知,2026-03-12,https://data.eastmoney.com/notices/detail/603175/AN202603111820495137.html
603175,超颖电子,超颖电子:第二届董事会第六次会议决议公告,董事会决议公告,2026-03-12,https://data.eastmoney.com/notices/detail/603175/AN202603111820495142.html
603175,超颖电子,超颖电子:关于募投项目结项暨使用节余募集资金及超募资金投资建设新项目的公告,募集资金使用情况报告,2026-03-12,https://data.eastmoney.com/notices/detail/603175/AN202603111820495143.html
002383,合众思壮,合众思壮:关于公司持股5%以上股东股份存在司法处置暨被动减持风险的提示性公告,股东/实际控制人股份减持,2026-03-12,https://data.eastmoney.com/notices/detail/002383/AN202603111820495113.html
000558,天府文旅,天府文旅:关于控股股东签署《股权无偿划转协议》暨控股股东拟变更的公告,签订协议,2026-03-12,https://data.eastmoney.com/notices/detail/000558/AN202603111820495114.html
002717,*ST岭南,ST岭南:关于股东股份新增轮候冻结的公告,股份质押、冻结,2026-03-12,https://data.eastmoney.com/notices/detail/002717/AN202603111820495111.html
002717,*ST岭南,ST岭南:岭南生态文旅股份有限公司向不特定对象发行可转换公司债券2026年度第八次临时受托管理事务报告,其他,2026-03-12,https://data.eastmoney.com/notices/detail/002717/AN202603111820495112.html
603588,高能环境,高能环境:高能环境关于为全资子公司及控股子公司提供担保的公告,提供/对外担保公告,2026-03-12,https://data.eastmoney.com/notices/detail/603588/AN202603111820495090.html
688321,微芯生物,微芯生物:关于回购股份事项前十名股东及前十名无限售条件股东持股情况的公告,回购进展情况,2026-03-12,https://data.eastmoney.com/notices/detail/688321/AN202603111820495065.html
688321,微芯生物,微芯生物:关于更换持续督导保荐代表人的公告,保荐代表人（机构）变更,2026-03-12,https://data.eastmoney.com/notices/detail/688321/AN202603111820495064.html
688321,微芯生物,微芯生物:关于以集中竞价交易方式首次回购公司股份的公告,回购实施公告,2026-03-12,https://data.eastmoney.com/notices/detail/688321/AN202603111820495063.html
600062,华润双鹤,华润双鹤:华润双鹤关于2021年限制性股票激励计划回购注销实施公告,回购实施公告,2026-03-12,https://data.eastmoney.com/notices/detail/600062/AN202603111820495061.html
600062,华润双鹤,华润双鹤:北京市中伦律师事务所关于华润双鹤药业股份有限公司2021年限制性股票激励计划部分限制性股票回购注销实施的法律意见书,法律意见书,2026-03-12,https://data.eastmoney.com/notices/detail/600062/AN202603111820495060.html
000733,振华科技,振华科技:关于2025年度计提及核销各项资产减值准备的公告,其他,2026-03-12,https://data.eastmoney.com/notices/detail/000733/AN202603111820495052.html
002826,易明医药,易明医药:北京植德律师事务所关于西藏易明西雅医药科技股份有限公司2026年限制性股票激励计划首次授予事项的法律意见书,法律意见书,2026-03-12,https://data.eastmoney.com/notices/detail/002826/AN202603111820495049.html
000820,神雾节能,*ST节能:关于控股子公司签订《工程总承包合同解除协议书》的公告,重大合同,2026-03-12,https://data.eastmoney.com/notices/detail/000820/AN202603111820495050.html
002826,易明医药,易明医药:董事会薪酬与考核委员会关于公司2026年限制性股票激励计划首次授予激励对象名单(授予日)的核查意见,专项说明/独立意见,2026-03-12,https://data.eastmoney.com/notices/detail/002826/AN202603111820495055.html
002826,易明医药,易明医药:第四届董事会第四次会议决议公告,董事会决议公告,2026-03-12,https://data.eastmoney.com/notices/detail/002826/AN202603111820495045.html
000733,振华科技,振华科技:关于增补第十届董事会专门委员会委员的公告,高管人员任职变动,2026-03-12,https://data.eastmoney.com/notices/detail/000733/AN202603111820495048.html
000733,振华科技,振华科技:关于为控股子公司及孙公司提供担保的公告,提供/对外担保公告,2026-03-12,https://data.eastmoney.com/notices/detail/000733/AN202603111820495044.html
000820,神雾节能,*ST节能:第十届董事会第十次临时会议决议公告,董事会决议公告,2026-03-12,https://data.eastmoney.com/notices/detail/000820/AN202603111820495053.html
000820,神雾节能,*ST节能:关于控股子公司签订《机电专业设备采购合同解除协议》及《三方债权债务转让协议》的公告,重大合同,2026-03-12,https://data.eastmoney.com/notices/detail/000820/AN202603111820495046.html
000733,振华科技,振华科技:关于2026年度对外捐赠预算的公告,其他,2026-03-12,https://data.eastmoney.com/notices/detail/000733/AN202603111820495056.html
000820,神雾节能,*ST节能:关于召开2026年第一次临时股东会的通知,召开股东大会通知,2026-03-12,https://data.eastmoney.com/notices/detail/000820/AN202603111820495054.html
002826,易明医药,易明医药:关于向2026年限制性股票激励计划激励对象首次授予限制性股票的公告,股权激励进展公告,2026-03-12,https://data.eastmoney.com/notices/detail/002826/AN202603111820495047.html
603014,威高血净,威高血净:关于发行股份购买资产暨关联交易报告书(申报稿)修订说明的公告,其他增发事项公告,2026-03-12,https://data.eastmoney.com/notices/detail/603014/AN202603111820494978.html
603014,威高血净,威高血净:山东威高血液净化制品股份有限公司发行股份购买资产暨关联交易报告书(申报稿),其他增发事项公告,2026-03-12,https://data.eastmoney.com/notices/detail/603014/AN202603111820494977.html
600726,华电能源,华电能源:关于股票交易异常波动的公告,股票交易异常波动,2026-03-12,https://data.eastmoney.com/notices/detail/600726/AN202603111820494976.html
002460,赣锋锂业,赣锋锂业:北京市汉坤律师事务所上海分所关于江西赣锋锂业集团股份有限公司2026第一次临时股东会的法律意见书,法律意见书,2026-03-12,https://data.eastmoney.com/notices/detail/002460/AN202603111820494952.html
601066,中信建投,中信建投:中信建投证券股份有限公司2026年第一次临时股东会会议资料,股东大会资料,2026-03-12,https://data.eastmoney.com/notices/detail/601066/AN202603111820494944.html
601066,中信建投,中信建投:关于召开2026年第一次临时股东会的通知,召开股东大会通知,2026-03-12,https://data.eastmoney.com/notices/detail/601066/AN202603111820494945.html
603014,威高血净,威高血净:华泰联合证券有限责任公司关于山东威高血液净化制品股份有限公司发行股份购买资产暨关联交易之独立财务顾问报告,保荐/核查意见,2026-03-12,https://data.eastmoney.com/notices/detail/603014/AN202603111820494965.html
002460,赣锋锂业,赣锋锂业:2026年第一次临时股东会决议公告,股东大会决议公告,2026-03-12,https://data.eastmoney.com/notices/detail/002460/AN202603111820494956.html
603014,威高血净,威高血净:北京市嘉源律师事务所关于山东威高血液净化制品股份有限公司发行股份购买资产暨关联交易的法律意见书,法律意见书,2026-03-12,https://data.eastmoney.com/notices/detail/603014/AN202603111820494966.html
600990,四创电子,四创电子:四创电子关于公司董事长离任的公告,高管人员任职变动,2026-03-12,https://data.eastmoney.com/notices/detail/600990/AN202603111820494962.html
603619,中曼石油,中曼石油:国金证券股份有限公司关于中曼石油天然气集团股份有限公司2025年度持续督导现场检查报告,保荐/核查意见,2026-03-12,https://data.eastmoney.com/notices/detail/603619/AN202603111820494963.html
603014,威高血净,威高血净:关于发行股份购买资产的申请文件获得上海证券交易所受理的公告,其他增发事项公告,2026-03-12,https://data.eastmoney.com/notices/detail/603014/AN202603111820494961.html
600990,四创电子,四创电子:四创电子关于选举公司董事长的公告,高管人员任职变动,2026-03-12,https://data.eastmoney.com/notices/detail/600990/AN202603111820494960.html
600608,退市沪科,*ST沪科:*ST沪科关于股票交易的风险提示公告,风险提示性公告,2026-03-12,https://data.eastmoney.com/notices/detail/600608/AN202603111820494958.html
000905,厦门港务,厦门港务:厦门港务2026年度第一次临时股东会决议公告,股东大会决议公告,2026-03-12,https://data.eastmoney.com/notices/detail/000905/AN202603111820494953.html
002594,比亚迪,比亚迪:H股公告(董事会会议通告),其他,2026-03-12,https://data.eastmoney.com/notices/detail/002594/AN202603111820494893.html
000905,厦门港务,厦门港务:关于厦门港务发展股份有限公司2026年度第一次临时股东会的法律意见书,法律意见书,2026-03-12,https://data.eastmoney.com/notices/detail/000905/AN202603111820494936.html
600208,衢州发展,衢州发展:关于回购股份事项前十大股东和前十大无限售条件股东持股情况的公告,回购进展情况,2026-03-12,https://data.eastmoney.com/notices/detail/600208/AN202603111820494924.html
600208,衢州发展,衢州发展:关于发行股份购买资产事项的进展公告,其他增发事项公告,2026-03-12,https://data.eastmoney.com/notices/detail/600208/AN202603111820494923.html
002183,怡亚通,怡亚通:第八届董事会第二次会议决议公告,董事会决议公告,2026-03-12,https://data.eastmoney.com/notices/detail/002183/AN202603111820494902.html
000593,德龙汇能,德龙汇能:独立董事候选人声明与承诺(戴志乐),独立董事候选人声明,2026-03-12,https://data.eastmoney.com/notices/detail/000593/AN202603111820494910.html
002647,仁东控股,*ST仁东:关于破产企业财产处置专用账户待划转股份比例低于5%的提示性公告,破产清算,2026-03-12,https://data.eastmoney.com/notices/detail/002647/AN202603111820494896.html
000593,德龙汇能,德龙汇能:《董事会议事规则》修正案,议事规则/实施细则,2026-03-12,https://data.eastmoney.com/notices/detail/000593/AN202603111820494913.html
000593,德龙汇能,德龙汇能:《章程》修正案,公司章程修订,2026-03-12,https://data.eastmoney.com/notices/detail/000593/AN202603111820494912.html
000593,德龙汇能,德龙汇能:第十三届董事会第二十二次会议决议公告,高管人员任职变动,2026-03-12,https://data.eastmoney.com/notices/detail/000593/AN202603111820494909.html
000593,德龙汇能,德龙汇能:独立董事候选人声明与承诺(黄恩霖),独立董事候选人声明,2026-03-12,https://data.eastmoney.com/notices/detail/000593/AN202603111820494895.html
000593,德龙汇能,德龙汇能:独立董事提名人声明与承诺(黄恩霖),独立董事提名人声明,2026-03-12,https://data.eastmoney.com/notices/detail/000593/AN202603111820494897.html
002183,怡亚通,怡亚通:关于担保事项的进展公告,其他担保公告,2026-03-12,https://data.eastmoney.com/notices/detail/002183/AN202603111820494898.html
002183,怡亚通,怡亚通:关于公司2026年非公开发行公司债券方案的公告,其他,2026-03-12,https://data.eastmoney.com/notices/detail/002183/AN202603111820494901.html
000593,德龙汇能,德龙汇能:关于召开2026年第二次临时股东会的通知,召开股东大会通知,2026-03-12,https://data.eastmoney.com/notices/detail/000593/AN202603111820494911.html
300523,辰安科技,辰安科技:关于收到《经营者集中反垄断审查不实施进一步审查决定书》暨控股股东、实际控制人拟发生变更的进展公告,股东/实际控制人变更,2026-03-12,https://data.eastmoney.com/notices/detail/300523/AN202603111820494899.html
000593,德龙汇能,德龙汇能:独立董事候选人关于参加最近一次独立董事培训的书面承诺(戴志乐),其他,2026-03-12,https://data.eastmoney.com/notices/detail/000593/AN202603111820494904.html
300523,辰安科技,辰安科技:第四届董事会第二十三次会议决议公告,董事会决议公告,2026-03-12,https://data.eastmoney.com/notices/detail/300523/AN202603111820494903.html
002183,怡亚通,怡亚通:关于第八届董事会第二次会议的担保公告,其他,2026-03-12,https://data.eastmoney.com/notices/detail/002183/AN202603111820494894.html
000593,德龙汇能,德龙汇能:独立董事候选人关于参加最近一次独立董事培训的书面承诺(黄恩霖),其他,2026-03-12,https://data.eastmoney.com/notices/detail/000593/AN202603111820494908.html
000423,东阿阿胶,东阿阿胶:关于召开2025年年度业绩说明会的公告,其他,2026-03-12,https://data.eastmoney.com/notices/detail/000423/AN202603111820494907.html
000593,德龙汇能,德龙汇能:独立董事提名人声明与承诺(戴志乐),独立董事提名人声明,2026-03-12,https://data.eastmoney.com/notices/detail/000593/AN202603111820494900.html
688320,禾川科技,禾川科技:浙江禾川科技股份有限公司实际控制人的一致行动人、部分董事及高级管理人员减持计划时间届满暨减持股份结果公告,股东/实际控制人股份减持,2026-03-12,https://data.eastmoney.com/notices/detail/688320/AN202603111820494867.html
000593,德龙汇能,德龙汇能:关于董事辞职暨补选董事的公告,高管人员任职变动,2026-03-12,https://data.eastmoney.com/notices/detail/000593/AN202603111820494859.html
002183,怡亚通,怡亚通:关于召开2026年第四次临时股东会通知的公告,召开股东大会通知,2026-03-12,https://data.eastmoney.com/notices/detail/002183/AN202603111820494860.html
300523,辰安科技,辰安科技:关于召开2026年第一次临时股东会的通知,召开股东大会通知,2026-03-12,https://data.eastmoney.com/notices/detail/300523/AN202603111820494858.html
000593,德龙汇能,德龙汇能:董事会提名委员会关于提名董事候选人事项的审查意见,专项说明/独立意见,2026-03-12,https://data.eastmoney.com/notices/detail/000593/AN202603111820494856.html
002352,顺丰控股,顺丰控股:H股公告-翌日披露报表,其他,2026-03-12,https://data.eastmoney.com/notices/detail/002352/AN202603111820494823.html
301043,绿岛风,绿岛风:关于使用部分闲置募集资金及自有资金进行现金管理的进展公告,募集资金使用进展情况,2026-03-12,https://data.eastmoney.com/notices/detail/301043/AN202603111820494790.html
601991,大唐发电,大唐发电:大唐发电关于中期票据发行的公告,其他,2026-03-12,https://data.eastmoney.com/notices/detail/601991/AN202603111820494720.html
301229,纽泰格,纽泰格:独立董事提名人声明与承诺(张新丰),独立董事提名人声明,2026-03-12,https://data.eastmoney.com/notices/detail/301229/AN202603111820494742.html
301229,纽泰格,纽泰格:第三届董事会第三十五次会议决议公告,高管人员任职变动,2026-03-12,https://data.eastmoney.com/notices/detail/301229/AN202603111820494744.html
002560,通达股份,通达股份:北京市君致律师事务所关于河南通达电缆股份有限公司2026年第一次临时股东会的法律意见书,法律意见书,2026-03-12,https://data.eastmoney.com/notices/detail/002560/AN202603111820494734.html
301229,纽泰格,纽泰格:独立董事提名人声明与承诺(张卫平),独立董事提名人声明,2026-03-12,https://data.eastmoney.com/notices/detail/301229/AN202603111820494727.html
002560,通达股份,通达股份:2026年第一次临时股东会决议公告,股东大会决议公告,2026-03-12,https://data.eastmoney.com/notices/detail/002560/AN202603111820494737.html
003036,泰坦股份,泰坦股份:关于不提前赎回泰坦转债的公告,其他,2026-03-12,https://data.eastmoney.com/notices/detail/003036/AN202603111820494729.html
002775,文科股份,文科股份:国盛证券关于文科股份非公开发行股票限售股份解除限售上市流通的核查意见,保荐/核查意见,2026-03-12,https://data.eastmoney.com/notices/detail/002775/AN202603111820494743.html
003036,泰坦股份,泰坦股份:董事会决议公告,董事会决议公告,2026-03-12,https://data.eastmoney.com/notices/detail/003036/AN202603111820494732.html
301229,纽泰格,纽泰格:独立董事提名人声明与承诺(杨勤法),独立董事提名人声明,2026-03-12,https://data.eastmoney.com/notices/detail/301229/AN202603111820494739.html
301229,纽泰格,纽泰格:关于召开2026年第一次临时股东会的通知,召开股东大会通知,2026-03-12,https://data.eastmoney.com/notices/detail/301229/AN202603111820494735.html
301229,纽泰格,纽泰格:独立董事候选人声明与承诺(张卫平),独立董事候选人声明,2026-03-12,https://data.eastmoney.com/notices/detail/301229/AN202603111820494741.html
003036,泰坦股份,泰坦股份:国联民生证券承销保荐有限公司关于浙江泰坦股份有限公司不提前赎回泰坦转债的核查意见,保荐/核查意见,2026-03-12,https://data.eastmoney.com/notices/detail/003036/AN202603111820494726.html
301229,纽泰格,纽泰格:关于董事会换届选举的公告,高管人员任职变动,2026-03-12,https://data.eastmoney.com/notices/detail/301229/AN202603111820494738.html
301229,纽泰格,纽泰格:独立董事候选人声明与承诺(张新丰),独立董事候选人声明,2026-03-12,https://data.eastmoney.com/notices/detail/301229/AN202603111820494725.html
301229,纽泰格,纽泰格:独立董事候选人声明与承诺(杨勤法),独立董事候选人声明,2026-03-12,https://data.eastmoney.com/notices/detail/301229/AN202603111820494731.html
002775,文科股份,文科股份:关于非公开发行股票限售股份解除限售上市流通的提示性公告,限售股份上市流通,2026-03-12,https://data.eastmoney.com/notices/detail/002775/AN202603111820494740.html
688235,百济神州,百济神州:港股公告:审计委员会行动通告,其他,2026-03-12,https://data.eastmoney.com/notices/detail/688235/AN202603111820494704.html
002583,海能达,海能达:关于控股股东部分股份解除质押的公告,股份质押、冻结,2026-03-12,https://data.eastmoney.com/notices/detail/002583/AN202603111820494683.html
603578,三星新材,三星新材:验资报告,保荐/核查意见,2026-03-12,https://data.eastmoney.com/notices/detail/603578/AN202603111820494674.html
603578,三星新材,三星新材:关于金玺泰有限公司免于发出要约之法律意见书,法律意见书,2026-03-12,https://data.eastmoney.com/notices/detail/603578/AN202603111820494673.html
603578,三星新材,三星新材:关于三星新材2023年度向特定对象发行A股股票发行过程及认购对象合规性之法律意见书,法律意见书,2026-03-12,https://data.eastmoney.com/notices/detail/603578/AN202603111820494671.html
603578,三星新材,三星新材:关于三星新材向特定对象发行股票发行过程和认购对象合规性的报告,保荐/核查意见,2026-03-12,https://data.eastmoney.com/notices/detail/603578/AN202603111820494669.html
603578,三星新材,三星新材:关于2023年度向特定对象发行A股股票发行情况的提示性公告,增发提示性公告,2026-03-12,https://data.eastmoney.com/notices/detail/603578/AN202603111820494670.html
603578,三星新材,三星新材:向特定对象发行股票发行情况报告书,其他增发事项公告,2026-03-12,https://data.eastmoney.com/notices/detail/603578/AN202603111820494672.html
603072,天和磁材,天和磁材:关于使用闲置自有资金进行现金管理的进展公告,投资理财,2026-03-12,https://data.eastmoney.com/notices/detail/603072/AN202603111820494613.html
603072,天和磁材,天和磁材:关于使用部分闲置募集资金进行现金管理到期赎回并继续进行现金管理的公告,投资理财,2026-03-12,https://data.eastmoney.com/notices/detail/603072/AN202603111820494598.html
688378,奥来德,奥来德:关于2025年度以简易程序向特定对象发行股票发行结果暨股本变动公告,增发发行结果公告,2026-03-12,https://data.eastmoney.com/notices/detail/688378/AN202603111820494567.html
688378,奥来德,奥来德:吉林奥来德光电材料股份有限公司2025年度以简易程序向特定对象发行股票上市公告书,增发上市公告书,2026-03-12,https://data.eastmoney.com/notices/detail/688378/AN202603111820494568.html
688378,奥来德,奥来德:东方证券股份有限公司关于吉林奥来德光电材料股份有限公司2025年度以简易程序向特定对象发行股票之上市保荐书,上市保荐书,2026-03-12,https://data.eastmoney.com/notices/detail/688378/AN202603111820494566.html
600549,厦门钨业,厦门钨业:厦门钨业关于使用闲置募集资金进行现金管理部分到期赎回的公告,投资理财,2026-03-12,https://data.eastmoney.com/notices/detail/600549/AN202603111820494564.html
605255,天普股份,天普股份:天普股份信息披露管理制度(2026年3月修订),管理办法/制度,2026-03-12,https://data.eastmoney.com/notices/detail/605255/AN202603111820494543.html
605255,天普股份,天普股份:天普股份内部审计制度(2026年3月修订),管理办法/制度,2026-03-12,https://data.eastmoney.com/notices/detail/605255/AN202603111820494540.html
605255,天普股份,天普股份:天普股份第四届董事会第二次会议决议公告,董事会决议公告,2026-03-12,https://data.eastmoney.com/notices/detail/605255/AN202603111820494545.html
605255,天普股份,天普股份:天普股份投资者关系管理制度(2026年3月修订),管理办法/制度,2026-03-12,https://data.eastmoney.com/notices/detail/605255/AN202603111820494544.html
605255,天普股份,天普股份:天普股份董事、高级管理人员股份变动管理制度(2026年3月),管理办法/制度,2026-03-12,https://data.eastmoney.com/notices/detail/605255/AN202603111820494542.html
605255,天普股份,天普股份:天普股份信息披露暂缓与豁免管理制度(2026年3月),管理办法/制度,2026-03-12,https://data.eastmoney.com/notices/detail/605255/AN202603111820494546.html
605255,天普股份,天普股份:天普股份内幕信息知情人管理制度(2026年3月修订),管理办法/制度,2026-03-12,https://data.eastmoney.com/notices/detail/605255/AN202603111820494541.html
603551,奥普科技,奥普科技:上海锦天城(杭州)律师事务所关于奥普智能科技股份有限公司2023年限制性股票激励计划预留部分第二次授予及第三次授予第二个解锁期解锁相关事项的法律意见书,法律意见书,2026-03-12,https://data.eastmoney.com/notices/detail/603551/AN202603111820494509.html
603551,奥普科技,奥普科技:奥普智能科技股份有限公司章程(2026年3月修订),公司章程修订,2026-03-12,https://data.eastmoney.com/notices/detail/603551/AN202603111820494510.html
603551,奥普科技,奥普科技:关于回购并注销部分2023年限制性股票激励计划已获授但尚未解锁的限制性股票的公告,回购进展情况,2026-03-12,https://data.eastmoney.com/notices/detail/603551/AN202603111820494515.html
603180,金牌家居,金牌家居:福建至理律师事务所关于金牌厨柜家居科技股份有限公司2026年第一次临时股东会的法律意见书,法律意见书,2026-03-12,https://data.eastmoney.com/notices/detail/603180/AN202603111820494503.html
603551,奥普科技,奥普科技:第三届董事会第二十五次会议决议公告,董事会决议公告,2026-03-12,https://data.eastmoney.com/notices/detail/603551/AN202603111820494514.html
603180,金牌家居,金牌家居:金牌家居2026年第一次临时股东会决议公告,股东大会决议公告,2026-03-12,https://data.eastmoney.com/notices/detail/603180/AN202603111820494504.html
603551,奥普科技,奥普科技:关于2023年限制性股票激励计划预留部分第二次授予及第三次授予第二个解锁期解锁条件成就的公告,股权激励进展公告,2026-03-12,https://data.eastmoney.com/notices/detail/603551/AN202603111820494512.html
603551,奥普科技,奥普科技:关于减少注册资本及修订《公司章程》的公告,公司注册资本变更,2026-03-12,https://data.eastmoney.com/notices/detail/603551/AN202603111820494511.html
603180,金牌家居,金牌家居:福建至理律师事务所关于金牌厨柜家居科技股份有限公司“金23转债”2026年第一次债券持有人会议的法律意见书,法律意见书,2026-03-12,https://data.eastmoney.com/notices/detail/603180/AN202603111820494505.html
603551,奥普科技,奥普科技:关于召开2026年第一次临时股东会的通知,召开股东大会通知,2026-03-12,https://data.eastmoney.com/notices/detail/603551/AN202603111820494513.html
603180,金牌家居,金牌家居:金牌家居“金23转债”2026年第一次债券持有人会议决议公告,其他,2026-03-12,https://data.eastmoney.com/notices/detail/603180/AN202603111820494506.html
600172,黄河旋风,黄河旋风:河南黄河旋风股份有限公司股票交易异常波动公告,股票交易异常波动,2026-03-12,https://data.eastmoney.com/notices/detail/600172/AN202603111820494484.html
301040,中环海陆,中环海陆:关于持股5%以上股东减持股份触及1%整数倍的公告,股东/实际控制人股份减持,2026-03-12,https://data.eastmoney.com/notices/detail/301040/AN202603111820494376.html
002045,国光电器,国光电器:关于对外提供担保的进展公告,提供/对外担保公告,2026-03-12,https://data.eastmoney.com/notices/detail/002045/AN202603111820494375.html
300488,恒锋工具,恒锋工具:关于提前赎回锋工转债的第三次提示性公告,其他,2026-03-12,https://data.eastmoney.com/notices/detail/300488/AN202603111820494378.html
002045,国光电器,国光电器:关于使用暂时闲置募集资金进行现金管理的进展公告,募集资金使用进展情况,2026-03-12,https://data.eastmoney.com/notices/detail/002045/AN202603111820494371.html
688512,慧智微,慧智微:关于2021年股票期权激励计划第三个行权期第二期激励对象行权条件成就的公告,股权激励进展公告,2026-03-12,https://data.eastmoney.com/notices/detail/688512/AN202603111820494354.html
688512,慧智微,慧智微:第二届董事会第十一次会议决议公告,董事会决议公告,2026-03-12,https://data.eastmoney.com/notices/detail/688512/AN202603111820494355.html
688512,慧智微,慧智微:董事会薪酬与考核委员会关于2021年股票期权激励计划第三个行权期第二期可行权激励对象名单的核查意见,专项说明/独立意见,2026-03-12,https://data.eastmoney.com/notices/detail/688512/AN202603111820494353.html
688512,慧智微,慧智微:关于2026年度对外担保额度预计的公告,担保年度额度预计,2026-03-12,https://data.eastmoney.com/notices/detail/688512/AN202603111820494357.html
688512,慧智微,慧智微:北京市中伦(广州)律师事务所关于广州慧智微电子股份有限公司2021年股票期权激励计划之第三个行权期第二期激励对象行权条件成就的法律意见书,法律意见书,2026-03-12,https://data.eastmoney.com/notices/detail/688512/AN202603111820494356.html
601668,中国建筑,中国建筑:中国建筑第四届董事会第三十一次会议决议公告,高管人员任职变动,2026-03-12,https://data.eastmoney.com/notices/detail/601668/AN202603111820494335.html
601668,中国建筑,中国建筑:中国建筑关于公司高级管理人员离任的公告,高管人员任职变动,2026-03-12,https://data.eastmoney.com/notices/detail/601668/AN202603111820494336.html
601609,金田股份,金田股份:金田股份关于为子公司提供担保的公告,提供/对外担保公告,2026-03-12,https://data.eastmoney.com/notices/detail/601609/AN202603111820494195.html
601609,金田股份,金田股份:金田股份关于归还临时补充流动资金的募集资金的公告,归还募集资金,2026-03-12,https://data.eastmoney.com/notices/detail/601609/AN202603111820494194.html
688622,*ST禾信,禾信仪器:关于持股5%以上股东所持股份被司法冻结的进展公告,股份质押、冻结,2026-03-12,https://data.eastmoney.com/notices/detail/688622/AN202603111820494181.html
603421,鼎信通讯,鼎信通讯:鼎信通讯关于股票交易异常波动的公告,股票交易异常波动,2026-03-12,https://data.eastmoney.com/notices/detail/603421/AN202603111820494176.html
688041,海光信息,海光信息:海光信息技术股份有限公司关于追加公司日常关联交易预计额度的公告,关联交易,2026-03-12,https://data.eastmoney.com/notices/detail/688041/AN202603111820494162.html
688041,海光信息,海光信息:海光信息技术股份有限公司关于召开2026年第一次临时股东会的通知,召开股东大会通知,2026-03-12,https://data.eastmoney.com/notices/detail/688041/AN202603111820494163.html
601618,中国中冶,中国中冶:中国中冶2026年1-2月新签合同情况简报,月度经营情况,2026-03-12,https://data.eastmoney.com/notices/detail/601618/AN202603111820494048.html
603815,交建股份,交建股份:安徽省交通建设股份有限公司关于为全资子公司提供担保的公告,提供/对外担保公告,2026-03-12,https://data.eastmoney.com/notices/detail/603815/AN202603111820494047.html
600011,华能国际,华能国际:华能国际关于第五期超短期融资券发行的公告,其他,2026-03-12,https://data.eastmoney.com/notices/detail/600011/AN202603111820493988.html
600509,天富能源,天富能源:关于为控股子公司提供担保的公告,提供/对外担保公告,2026-03-12,https://data.eastmoney.com/notices/detail/600509/AN202603111820493964.html
603119,浙江荣泰,浙江荣泰:浙江荣泰电工器材股份有限公司关于变更对外投资项目的公告,对外项目投资,2026-03-12,https://data.eastmoney.com/notices/detail/603119/AN202603111820493963.html
605068,明新旭腾,明新旭腾:明新旭腾关于使用部分闲置募集资金进行现金管理的进展公告,募集资金使用进展情况,2026-03-12,https://data.eastmoney.com/notices/detail/605068/AN202603111820493948.html
600998,九州通,九州通:九州通关于2026年度第二期科技创新债券发行结果的公告,其他,2026-03-12,https://data.eastmoney.com/notices/detail/600998/AN202603111820493947.html
605138,盛泰集团,盛泰集团:盛泰智造集团股份有限公司关于不向下修正“盛泰转债”转股价格公告,其他,2026-03-12,https://data.eastmoney.com/notices/detail/605138/AN202603111820493917.html
603315,福鞍股份,福鞍股份:福鞍股份关于控股股东权益变动触及1%刻度及减持计划完成暨减持股份结果公告,权益变动报告书,2026-03-12,https://data.eastmoney.com/notices/detail/603315/AN202603111820493919.html
603315,福鞍股份,福鞍股份:福鞍股份关于控股股东及持股5%以上股东股份解质押的公告,股份质押、冻结,2026-03-12,https://data.eastmoney.com/notices/detail/603315/AN202603111820493918.html
600685,中船防务,中船防务:中船防务H股公告(董事会会议通知),其他,2026-03-12,https://data.eastmoney.com/notices/detail/600685/AN202603111820493829.html
601881,中国银河,中国银河:关于行使21银河Y2发行人赎回选择权的第一次提示性公告,其他,2026-03-12,https://data.eastmoney.com/notices/detail/601881/AN202603111820493804.html
603352,至信股份,至信股份:重庆至信实业股份有限公司关于对外投资设立全资子公司的公告,投资设立公司,2026-03-12,https://data.eastmoney.com/notices/detail/603352/AN202603111820493836.html
600657,信达地产,信达地产:信达地产股份有限公司“提质增效重回报”行动方案,其他,2026-03-12,https://data.eastmoney.com/notices/detail/600657/AN202603111820493803.html
600030,中信证券,中信证券:董事会会议通知,其他,2026-03-12,https://data.eastmoney.com/notices/detail/600030/AN202603111820493788.html
600657,信达地产,信达地产:信达地产关于补选董事的公告,高管人员任职变动,2026-03-12,https://data.eastmoney.com/notices/detail/600657/AN202603111820493806.html
600657,信达地产,信达地产:信达地产第十三届董事会第二十三次(临时)会议决议公告,高管人员任职变动,2026-03-12,https://data.eastmoney.com/notices/detail/600657/AN202603111820493805.html
002668,TCL智家,TCL智家:关于董事辞职及收到控股股东提名董事临时提案的公告,高管人员任职变动,2026-03-12,https://data.eastmoney.com/notices/detail/002668/AN202603111820493755.html
002668,TCL智家,TCL智家:关于公司2025年年度股东会增加临时提案暨股东会补充通知的公告,增加股东大会议案,2026-03-12,https://data.eastmoney.com/notices/detail/002668/AN202603111820493756.html
688800,瑞可达,瑞可达:关于可转债投资者适当性要求的风险提示性公告,风险提示性公告,2026-03-12,https://data.eastmoney.com/notices/detail/688800/AN202603111820493716.html
002654,万润科技,万润科技:关于公司及子公司向银行等外部机构申请综合授信额度及担保事项的进展公告,其他担保公告,2026-03-12,https://data.eastmoney.com/notices/detail/002654/AN202603111820493641.html
600185,珠免集团,珠免集团:珠海珠免集团股份有限公司关于2026年面向专业投资者非公开发行公司债券(第一期)发行结果的公告,其他,2026-03-12,https://data.eastmoney.com/notices/detail/600185/AN202603111820493614.html
002448,中原内配,中原内配:关于审计机构变更质量控制复核人的公告,审计机构变更,2026-03-12,https://data.eastmoney.com/notices/detail/002448/AN202603111820493501.html
601066,中信建投,中信建投:H股市场公告:董事會會議通告,其他,2026-03-12,https://data.eastmoney.com/notices/detail/601066/AN202603111820493425.html
605151,西上海,西上海:简式权益变动报告书(汇嘉创投),权益变动报告书,2026-03-12,https://data.eastmoney.com/notices/detail/605151/AN202603111820493432.html
605151,西上海,西上海:西上海关于持股5%以上股东权益变动触及5%整数倍的提示性公告,权益变动报告书,2026-03-12,https://data.eastmoney.com/notices/detail/605151/AN202603111820493433.html
000886,海南高速,海南高速:关于短期融资券获准注册的公告,其他,2026-03-12,https://data.eastmoney.com/notices/detail/000886/AN202603111820493424.html
600901,江苏金租,江苏金租:关于为项目公司提供担保的公告,提供/对外担保公告,2026-03-12,https://data.eastmoney.com/notices/detail/600901/AN202603111820493415.html
600050,中国联通,中国联通:中国联合网络通信股份有限公司关于召开2025年度业绩说明会的公告,其他,2026-03-12,https://data.eastmoney.com/notices/detail/600050/AN202603111820493396.html
000032,深桑达A,深桑达Ａ:关于累计诉讼的公告,诉讼仲裁,2026-03-12,https://data.eastmoney.com/notices/detail/000032/AN202603111820493388.html
002633,申科股份,申科股份:关于上海全资子公司完成工商备案登记的公告,公司关联方基本资料变更,2026-03-12,https://data.eastmoney.com/notices/detail/002633/AN202603111820493355.html
002630,*ST华西,ST华西:关于公司部分债务逾期及债务抵销的公告,其他,2026-03-12,https://data.eastmoney.com/notices/detail/002630/AN202603111820493264.html
002872,ST天圣,ST天圣:关于为全资子公司提供担保变更抵押物的公告,提供/对外担保公告,2026-03-12,https://data.eastmoney.com/notices/detail/002872/AN202603111820493186.html
002715,登云股份,登云股份:关于控股股东所持部分股份被司法冻结及轮候冻结的公告,股份质押、冻结,2026-03-12,https://data.eastmoney.com/notices/detail/002715/AN202603111820493187.html
001331,胜通能源,胜通能源:七腾机器人有限公司关于要约收购提示性公告期满90日的说明,其他,2026-03-12,https://data.eastmoney.com/notices/detail/001331/AN202603111820493188.html
600984,建设机械,建设机械:建设机械2026年第二次临时股东会会议资料,股东大会资料,2026-03-12,https://data.eastmoney.com/notices/detail/600984/AN202603111820493150.html
601811,新华文轩,新华文轩:新华文轩2026年第一次临时股东会法律意见书,法律意见书,2026-03-12,https://data.eastmoney.com/notices/detail/601811/AN202603111820493044.html
002601,龙佰集团,龙佰集团:关于公司股东股份质押及解除质押的公告,股份质押、冻结,2026-03-12,https://data.eastmoney.com/notices/detail/002601/AN202603111820493111.html
600006,东风股份,东风股份:东风汽车股份有限公司关于控股股东权益变动暨控股股东拟被吸收合并的进展公告,权益变动报告书,2026-03-12,https://data.eastmoney.com/notices/detail/600006/AN202603111820493096.html
605090,九丰能源,九丰能源:关于公司为子公司提供担保的公告,提供/对外担保公告,2026-03-12,https://data.eastmoney.com/notices/detail/605090/AN202603111820493078.html
002492,恒基达鑫,恒基达鑫:关于公司控股股东部分股份解除质押的公告,股份质押、冻结,2026-03-12,https://data.eastmoney.com/notices/detail/002492/AN202603111820493074.html
002590,万安科技,万安科技:关于对外投资设立合资公司暨关联交易的进展公告,投资设立公司,2026-03-12,https://data.eastmoney.com/notices/detail/002590/AN202603111820493073.html
300484,蓝海华腾,蓝海华腾:关于对外投资暨关联交易的进展公告,对外项目投资,2026-03-12,https://data.eastmoney.com/notices/detail/300484/AN202603111820493075.html
601811,新华文轩,新华文轩:新华文轩2026年第一次临时股东会决议公告,股东大会决议公告,2026-03-12,https://data.eastmoney.com/notices/detail/601811/AN202603111820493043.html
600418,江淮汽车,江淮汽车:江淮汽车2026年2月产、销快报,月度经营情况,2026-03-12,https://data.eastmoney.com/notices/detail/600418/AN202603111820493056.html
300190,维尔利,维尔利:关于维尔转债即将到期及停止交易的第三次提示性公告,其他,2026-03-12,https://data.eastmoney.com/notices/detail/300190/AN202603111820493040.html
603121,华培动力,华培动力:股票交易异常波动公告,股票交易异常波动,2026-03-12,https://data.eastmoney.com/notices/detail/603121/AN202603111820492968.html
601083,锦江航运,锦江航运:锦江航运关于投资建造集装箱船舶的进展公告,其他,2026-03-12,https://data.eastmoney.com/notices/detail/601083/AN202603111820492907.html
600361,创新新材,创新新材:关于股份回购实施结果暨股份变动的公告,股本变动,2026-03-12,https://data.eastmoney.com/notices/detail/600361/AN202603111820492872.html
002512,ST达华,ST达华:股票交易异常波动公告,股票交易异常波动,2026-03-12,https://data.eastmoney.com/notices/detail/002512/AN202603111820492708.html
603885,吉祥航空,吉祥航空:上海吉祥航空股份有限公司关于召开2026年第一次临时股东会的通知,召开股东大会通知,2026-03-12,https://data.eastmoney.com/notices/detail/603885/AN202603111820492704.html
300238,冠昊生物,冠昊生物:关于独立董事任期届满的公告,高管人员任职变动,2026-03-12,https://data.eastmoney.com/notices/detail/300238/AN202603111820492531.html
300011,鼎汉技术,鼎汉技术:关于完成工商变更登记的公告,法定代表人变更,2026-03-12,https://data.eastmoney.com/notices/detail/300011/AN202603111820492530.html
001336,楚环科技,楚环科技:关于控股股东、实际控制人及其一致行动人权益变动触及5%整数倍的提示性公告,权益变动报告书,2026-03-12,https://data.eastmoney.com/notices/detail/001336/AN202603111820492532.html
001336,楚环科技,楚环科技:简式权益变动报告书,权益变动报告书,2026-03-12,https://data.eastmoney.com/notices/detail/001336/AN202603111820492524.html
600956,新天绿能,新天绿能:新天绿能2026年2月主要经营数据公告,月度经营情况,2026-03-12,https://data.eastmoney.com/notices/detail/600956/AN202603111820492426.html
600956,新天绿能,新天绿能:新天绿能H股公告(董事会召开日期),其他,2026-03-12,https://data.eastmoney.com/notices/detail/600956/AN202603111820492367.html
002920,德赛西威,德赛西威:关于回购部分限制性股票注销完成的公告,股本变动,2026-03-12,https://data.eastmoney.com/notices/detail/002920/AN202603111820492389.html
688093,世华科技,世华科技:华泰联合证券有限责任公司关于苏州世华新材料科技股份有限公司向特定对象发行股票限售股上市流通的核查意见,保荐/核查意见,2026-03-12,https://data.eastmoney.com/notices/detail/688093/AN202603111820492316.html
688093,世华科技,世华科技:向特定对象发行股票限售股上市流通的公告,限售股份上市流通,2026-03-12,https://data.eastmoney.com/notices/detail/688093/AN202603111820492315.html
600148,长春一东,长春一东:长春一东关于持股5%以上股东权益变动触及1%刻度的提示性公告,权益变动报告书,2026-03-12,https://data.eastmoney.com/notices/detail/600148/AN202603111820492290.html
000638,*ST万方,*ST万方:关于股票交易异常波动的公告,股票交易异常波动,2026-03-12,https://data.eastmoney.com/notices/detail/000638/AN202603111820492284.html
002557,洽洽食品,洽洽食品:洽洽食品股份有限公司关于“洽洽转债”回售结果的公告,其他,2026-03-12,https://data.eastmoney.com/notices/detail/002557/AN202603111820492226.html
688388,嘉元科技,嘉元科技:广东嘉元科技股份有限公司关于实施“嘉元转债”赎回暨摘牌的第三次提示性公告,其他,2026-03-12,https://data.eastmoney.com/notices/detail/688388/AN202603111820492222.html
688101,三达膜,三达膜:2026年第一次临时股东会会议资料,股东大会资料,2026-03-12,https://data.eastmoney.com/notices/detail/688101/AN202603111820492223.html
601155,新城控股,新城控股:新城控股2026年2月份经营简报,月度经营情况,2026-03-12,https://data.eastmoney.com/notices/detail/601155/AN202603111820492146.html
688178,万德斯,万德斯:南京万德斯环保科技股份有限公司2026年第一次临时股东会会议资料,股东大会资料,2026-03-12,https://data.eastmoney.com/notices/detail/688178/AN202603111820492130.html
600276,恒瑞医药,恒瑞医药:恒瑞医药关于获得药物临床试验批准通知书的公告,其他,2026-03-12,https://data.eastmoney.com/notices/detail/600276/AN202603111820492038.html
600276,恒瑞医药,恒瑞医药:恒瑞医药关于获得药物临床试验批准通知书的公告,其他,2026-03-12,https://data.eastmoney.com/notices/detail/600276/AN202603111820492039.html
002812,恩捷股份,恩捷股份:关于股东部分股份解除质押的公告,股份质押、冻结,2026-03-12,https://data.eastmoney.com/notices/detail/002812/AN202603111820492055.html
002613,北玻股份,北玻股份:关于全资子公司完成工商登记变更并取得营业执照的公告,公司关联方基本资料变更,2026-03-12,https://data.eastmoney.com/notices/detail/002613/AN202603111820492030.html
688581,安杰思,安杰思:安杰思关于使用部分闲置自有资金进行现金管理的公告,投资理财,2026-03-12,https://data.eastmoney.com/notices/detail/688581/AN202603111820491997.html
688612,威迈斯,威迈斯:关于持股5%以上股东部分股份解除质押的公告,股份质押、冻结,2026-03-12,https://data.eastmoney.com/notices/detail/688612/AN202603111820491963.html
603889,新澳股份,新澳股份:国浩律师(杭州)事务所关于浙江新澳纺织股份有限公司2023年限制性股票激励计划部分限制性股票回购注销实施之法律意见书,法律意见书,2026-03-12,https://data.eastmoney.com/notices/detail/603889/AN202603111820491913.html
603889,新澳股份,新澳股份:新澳股份关于股权激励限制性股票回购注销实施公告,回购实施公告,2026-03-12,https://data.eastmoney.com/notices/detail/603889/AN202603111820491914.html
600487,亨通光电,亨通光电:亨通光电关于控股股东部分股权解除质押及质押公告,股份质押、冻结,2026-03-12,https://data.eastmoney.com/notices/detail/600487/AN202603111820491903.html
688678,福立旺,福立旺:关于2026年第一季度业绩预告的自愿性披露公告,业绩预告,2026-03-12,https://data.eastmoney.com/notices/detail/688678/AN202603111820491879.html
688678,福立旺,福立旺:东方金诚国际信用评估有限公司关于对福立旺精密机电(中国)股份有限公司主体及“福立转债”终止评级的公告,其他,2026-03-12,https://data.eastmoney.com/notices/detail/688678/AN202603111820491878.html
000039,中集集团,中集集团:中国国际海运集装箱(集团)股份有限公司关于举行2025年度业绩说明会并征集问题的公告,其他,2026-03-12,https://data.eastmoney.com/notices/detail/000039/AN202603111820491829.html
000039,中集集团,中集集团:中国国际海运集装箱(集团)股份有限公司关于董事会会议通知的公告,其他,2026-03-12,https://data.eastmoney.com/notices/detail/000039/AN202603111820491828.html
601798,蓝科高新,蓝科高新:甘肃蓝科石化高新装备股份有限公司关于收到股东《表决权委托解除协议》暨权益变动的提示性公告,权益变动报告书,2026-03-12,https://data.eastmoney.com/notices/detail/601798/AN202603111820491867.html
300253,卫宁健康,卫宁健康:第六届董事会第二十六次会议决议公告,董事会决议公告,2026-03-12,https://data.eastmoney.com/notices/detail/300253/AN202603111820491825.html
300253,卫宁健康,卫宁健康:关于召开2026年第三次临时股东会的通知,召开股东大会通知,2026-03-12,https://data.eastmoney.com/notices/detail/300253/AN202603111820491826.html
300253,卫宁健康,卫宁健康:关于董事会提议向下修正卫宁转债转股价格的公告,其他,2026-03-12,https://data.eastmoney.com/notices/detail/300253/AN202603111820491824.html
000932,华菱钢铁,华菱钢铁:关于持股5%以上股东股份增持计划实施结果的公告,股东/实际控制人股份增持,2026-03-12,https://data.eastmoney.com/notices/detail/000932/AN202603111820491757.html
300846,首都在线,首都在线:关于提前归还部分暂时补充流动资金的闲置募集资金的公告,归还募集资金,2026-03-12,https://data.eastmoney.com/notices/detail/300846/AN202603111820491762.html
002559,亚威股份,亚威股份:关于向特定对象发行股票提交募集说明书(注册稿)等申请文件的提示性公告,增发提示性公告,2026-03-12,https://data.eastmoney.com/notices/detail/002559/AN202603111820491763.html
002559,亚威股份,亚威股份:关于江苏亚威机床股份有限公司2025年度向特定对象发行股票并在主板上市之上市保荐书,上市保荐书,2026-03-12,https://data.eastmoney.com/notices/detail/002559/AN202603111820491767.html
002559,亚威股份,亚威股份:江苏亚威机床股份有限公司2025年度向特定对象发行股票并在主板上市募集说明书(注册稿),深主板再融资募集说明书注册稿,2026-03-12,https://data.eastmoney.com/notices/detail/002559/AN202603111820491765.html
002540,亚太科技,亚太科技:关于全资子公司获评国家级绿色工厂的公告,其他,2026-03-12,https://data.eastmoney.com/notices/detail/002540/AN202603111820491752.html
002540,亚太科技,亚太科技:关于向全资子公司提供担保的公告,提供/对外担保公告,2026-03-12,https://data.eastmoney.com/notices/detail/002540/AN202603111820491754.html
002559,亚威股份,亚威股份:关于江苏亚威机床股份有限公司向特定对象发行股票并在主板上市之发行保荐书,发行保荐书,2026-03-12,https://data.eastmoney.com/notices/detail/002559/AN202603111820491768.html
002528,*ST英飞,ST英飞拓:关于公司股票交易可能被实施退市风险警示的第二次提示性公告,其它风险提示公告,2026-03-12,https://data.eastmoney.com/notices/detail/002528/AN202603111820491647.html
600689,上海三毛,上海三毛:上海三毛企业(集团)股份有限公司第十二届董事会2026年第一次临时会议决议公告,董事会决议公告,2026-03-12,https://data.eastmoney.com/notices/detail/600689/AN202603111820491617.html
600689,上海三毛,上海三毛:上海三毛企业(集团)股份有限公司董事会审计委员会年报工作规程(2026年修订),管理办法/制度,2026-03-12,https://data.eastmoney.com/notices/detail/600689/AN202603111820491608.html
600689,上海三毛,上海三毛:上海三毛企业(集团)股份有限公司董事、高级管理人员离职管理制度(2026年制定),管理办法/制度,2026-03-12,https://data.eastmoney.com/notices/detail/600689/AN202603111820491613.html
600689,上海三毛,上海三毛:上海三毛企业(集团)股份有限公司信息披露暂缓与豁免管理制度(2026年修订),管理办法/制度,2026-03-12,https://data.eastmoney.com/notices/detail/600689/AN202603111820491611.html
600689,上海三毛,上海三毛:上海三毛企业(集团)股份有限公司董事会授权经理层决策管理制度(2026年修订),管理办法/制度,2026-03-12,https://data.eastmoney.com/notices/detail/600689/AN202603111820491612.html
600689,上海三毛,上海三毛:上海三毛企业(集团)股份有限公司关于修订、制定公司部分管理制度的公告,管理办法/制度,2026-03-12,https://data.eastmoney.com/notices/detail/600689/AN202603111820491616.html
603801,志邦家居,志邦家居:关于“志邦转债”付息的公告,其他,2026-03-12,https://data.eastmoney.com/notices/detail/603801/AN202603111820491635.html
600689,上海三毛,上海三毛:上海三毛企业(集团)股份有限公司信息披露事务管理制度(2026年修订),管理办法/制度,2026-03-12,https://data.eastmoney.com/notices/detail/600689/AN202603111820491610.html
600689,上海三毛,上海三毛:上海三毛企业(集团)股份有限公司内部审计管理制度(2026年修订),管理办法/制度,2026-03-12,https://data.eastmoney.com/notices/detail/600689/AN202603111820491614.html
600689,上海三毛,上海三毛:上海三毛企业(集团)股份有限公司关于召开2026年第一次临时股东会的通知,召开股东大会通知,2026-03-12,https://data.eastmoney.com/notices/detail/600689/AN202603111820491609.html
600689,上海三毛,上海三毛:上海三毛企业(集团)股份有限公司关于为控股子公司提供担保的公告,提供/对外担保公告,2026-03-12,https://data.eastmoney.com/notices/detail/600689/AN202603111820491615.html
605287,德才股份,德才股份:德才股份关于为子公司提供担保的进展公告,提供/对外担保公告,2026-03-12,https://data.eastmoney.com/notices/detail/605287/AN202603111820491541.html
688450,光格科技,光格科技:苏州光格科技股份有限公司章程(2026年3月修订),公司章程修订,2026-03-12,https://data.eastmoney.com/notices/detail/688450/AN202603111820491491.html
688450,光格科技,光格科技:光格科技关于变更注册地址、增加经营范围及修订《公司章程》并办理工商变更登记的公告,公司经营范围变更,2026-03-12,https://data.eastmoney.com/notices/detail/688450/AN202603111820491492.html
688450,光格科技,光格科技:光格科技关于变更主要办公地址的公告,公司办公地址变更,2026-03-12,https://data.eastmoney.com/notices/detail/688450/AN202603111820491488.html
688450,光格科技,光格科技:光格科技2026年第一次临时股东会会议资料,股东大会资料,2026-03-12,https://data.eastmoney.com/notices/detail/688450/AN202603111820491490.html
688450,光格科技,光格科技:光格科技关于召开2026年第一次临时股东会的通知,召开股东大会通知,2026-03-12,https://data.eastmoney.com/notices/detail/688450/AN202603111820491489.html
600851,海欣股份,海欣股份:上海海欣集团股份有限公司2026年第一次临时股东会会议资料,股东大会资料,2026-03-12,https://data.eastmoney.com/notices/detail/600851/AN202603111820491346.html
603755,日辰股份,日辰股份:青岛日辰食品股份有限公司关于控股股东股份解除质押及再质押的公告,股份质押、冻结,2026-03-12,https://data.eastmoney.com/notices/detail/603755/AN202603111820491375.html
605077,华康股份,华康股份:华康股份关于为全资子公司提供担保额度的进展公告,提供/对外担保公告,2026-03-12,https://data.eastmoney.com/notices/detail/605077/AN202603111820491365.html
600081,东风科技,东风科技:东风电子科技股份有限公司关于间接股东拟被吸收合并的进展公告,吸收合并,2026-03-12,https://data.eastmoney.com/notices/detail/600081/AN202603111820491323.html
000703,恒逸石化,恒逸石化:关于提前赎回“恒逸转债”的第七次提示性公告,其他,2026-03-12,https://data.eastmoney.com/notices/detail/000703/AN202603111820491307.html
300946,恒而达,恒而达:关于收购SMSMaschinenbauGmbH相关资产完成交割的公告,收购出售资产/股权,2026-03-12,https://data.eastmoney.com/notices/detail/300946/AN202603111820491304.html
002868,绿康生化,*ST绿康:关于持股5%以上股东部分股份被冻结的公告,股份质押、冻结,2026-03-12,https://data.eastmoney.com/notices/detail/002868/AN202603111820491306.html
000088,盐田港,盐田港:关于注销向原股东配售股份募集资金账户的公告,募集资金使用情况报告,2026-03-12,https://data.eastmoney.com/notices/detail/000088/AN202603111820491305.html
603992,松霖科技,松霖科技:关于控股股东及其一致行动人权益变动触及1%刻度的提示性公告,权益变动报告书,2026-03-12,https://data.eastmoney.com/notices/detail/603992/AN202603111820491262.html
603992,松霖科技,松霖科技:关于实施“松霖转债”赎回暨摘牌第三次提示公告,其他,2026-03-12,https://data.eastmoney.com/notices/detail/603992/AN202603111820491263.html
688629,华丰科技,华丰科技:关于2025年度向特定对象发行A股股票申请收到中国证券监督管理委员会同意注册批复的公告,增发获准公告,2026-03-12,https://data.eastmoney.com/notices/detail/688629/AN202603111820491261.html
600995,南网储能,南网储能:南方电网储能股份有限公司关于募投项目结项暨节余募集资金永久补充流动资金的公告,募集资金补充流动资金,2026-03-12,https://data.eastmoney.com/notices/detail/600995/AN202603111820491178.html
600355,*ST精伦,*ST精伦:精伦电子股票交易风险提示公告,风险提示性公告,2026-03-12,https://data.eastmoney.com/notices/detail/600355/AN202603111820491176.html
603516,淳中科技,淳中科技:北京淳中科技股份有限公司2026年第一次临时股东会会议资料,股东大会资料,2026-03-12,https://data.eastmoney.com/notices/detail/603516/AN202603111820491158.html
600230,沧州大化,沧州大化:沧州大化股份有限公司第九届董事会第十四次会议决议公告,高管人员任职变动,2026-03-12,https://data.eastmoney.com/notices/detail/600230/AN202603111820491104.html
600230,沧州大化,沧州大化:独立董事候选人声明与承诺,独立董事候选人声明,2026-03-12,https://data.eastmoney.com/notices/detail/600230/AN202603111820491099.html
600230,沧州大化,沧州大化:董事会提名委员会对独立董事候选人任职资格的审查意见,专项说明/独立意见,2026-03-12,https://data.eastmoney.com/notices/detail/600230/AN202603111820491102.html
600230,沧州大化,沧州大化:沧州大化股份有限公司关于召开2026年第一次临时股东会的通知,召开股东大会通知,2026-03-12,https://data.eastmoney.com/notices/detail/600230/AN202603111820491103.html
000035,中国天楹,中国天楹:关于收到中标通知书的公告,重大合同,2026-03-12,https://data.eastmoney.com/notices/detail/000035/AN202603111820490970.html
000607,华媒控股,华媒控股:第十一届董事会第十六次会议决议公告,董事会决议公告,2026-03-12,https://data.eastmoney.com/notices/detail/000607/AN202603111820490966.html
000607,华媒控股,华媒控股:关于召开2026年第二次临时股东会的通知,召开股东大会通知,2026-03-12,https://data.eastmoney.com/notices/detail/000607/AN202603111820490968.html
002402,和而泰,和而泰:关于为控股子公司提供担保的进展公告,提供/对外担保公告,2026-03-12,https://data.eastmoney.com/notices/detail/002402/AN202603111820490971.html
003038,鑫铂股份,鑫铂股份:关于回购注销部分限制性股票减少注册资本暨通知债权人的公告,公司注册资本变更,2026-03-12,https://data.eastmoney.com/notices/detail/003038/AN202603111820490867.html
600771,广誉远,广誉远:广誉远中药股份有限公司2026年第一次临时股东大会会议资料,股东大会资料,2026-03-12,https://data.eastmoney.com/notices/detail/600771/AN202603111820490854.html
002709,天赐材料,天赐材料:关于为子公司提供担保的公告,提供/对外担保公告,2026-03-12,https://data.eastmoney.com/notices/detail/002709/AN202603111820490776.html
600160,巨化股份,巨化股份:巨化股份关于为控股子公司提供担保进展情况的公告,提供/对外担保公告,2026-03-12,https://data.eastmoney.com/notices/detail/600160/AN202603111820490744.html
605196,华通线缆,华通线缆:华通线缆关于公司及实际控制人为控股子公司提供担保的进展公告,提供/对外担保公告,2026-03-12,https://data.eastmoney.com/notices/detail/605196/AN202603111820490732.html
002311,海大集团,海大集团:关于回购公司股份比例达到1%的进展公告,回购进展情况,2026-03-12,https://data.eastmoney.com/notices/detail/002311/AN202603111820490707.html
002959,小熊电器,小熊电器:2025年度业绩快报,业绩快报,2026-03-12,https://data.eastmoney.com/notices/detail/002959/AN202603111820490709.html
688727,恒坤新材,恒坤新材:2026年第一次临时股东会会议资料,股东大会资料,2026-03-12,https://data.eastmoney.com/notices/detail/688727/AN202603111820490694.html
603616,韩建河山,韩建河山:关于再次延期回复上海证券交易所问询函的公告,延期回复问询函公告,2026-03-12,https://data.eastmoney.com/notices/detail/603616/AN202603111820490693.html
002404,嘉欣丝绸,嘉欣丝绸:关于控股子公司为其全资子公司提供担保的公告,提供/对外担保公告,2026-03-12,https://data.eastmoney.com/notices/detail/002404/AN202603111820490677.html
002907,华森制药,华森制药:关于控股子公司变更名称暨完成工商变更登记的公告,公司关联方基本资料变更,2026-03-12,https://data.eastmoney.com/notices/detail/002907/AN202603111820490679.html
605366,宏柏新材,宏柏新材:江西宏柏新材料股份有限公司关于实施“宏柏转债”赎回暨摘牌的第三次提示性公告,其他,2026-03-12,https://data.eastmoney.com/notices/detail/605366/AN202603111820490666.html
601236,红塔证券,红塔证券:红塔证券股份有限公司2025年度第五期短期融资券兑付完成的公告,其他,2026-03-12,https://data.eastmoney.com/notices/detail/601236/AN202603111820490646.html
000913,钱江摩托,钱江摩托:关于副总经理辞职的公告,高管人员任职变动,2026-03-12,https://data.eastmoney.com/notices/detail/000913/AN202603111820490644.html
002800,天顺股份,天顺股份:关于举行2025年度业绩说明会的公告,其他,2026-03-12,https://data.eastmoney.com/notices/detail/002800/AN202603111820490645.html
603290,斯达半导,斯达半导:关于向不特定对象发行可转换公司债券申请获得中国证券监督管理委员会同意注册批复的公告,其他,2026-03-12,https://data.eastmoney.com/notices/detail/603290/AN202603111820490590.html
688066,*ST航图,航天宏图:2026年第一次临时股东会会议资料,股东大会资料,2026-03-12,https://data.eastmoney.com/notices/detail/688066/AN202603111820490387.html
603014,威高血净,威高血净:华泰联合证券有限责任公司关于山东威高血液净化制品股份有限公司2025年度现场检查报告,保荐/核查意见,2026-03-12,https://data.eastmoney.com/notices/detail/603014/AN202603111820490381.html
300473,德尔股份,德尔股份:关于控股股东部分股份质押的公告,股份质押、冻结,2026-03-12,https://data.eastmoney.com/notices/detail/300473/AN202603111820490378.html
688020,方邦股份,方邦股份:关于自愿性披露子公司对外投资的公告,其他,2026-03-12,https://data.eastmoney.com/notices/detail/688020/AN202603111820490303.html
688330,宏力达,宏力达:宏力达关于使用部分超募资金收购中腾微网(北京)科技有限公司50.9323%股权进展暨完成工商变更登记的公告,募集资金使用进展情况,2026-03-12,https://data.eastmoney.com/notices/detail/688330/AN202603111820490209.html
603220,中贝通信,中贝通信:关于为子公司提供担保的公告,提供/对外担保公告,2026-03-12,https://data.eastmoney.com/notices/detail/603220/AN202603111820490193.html
002075,沙钢股份,沙钢股份:关于变更审计项目合伙人的公告,公司关联方基本资料变更,2026-03-12,https://data.eastmoney.com/notices/detail/002075/AN202603111820490149.html
000970,中科三环,中科三环:中科三环关于为控股子公司提供担保的进展公告,提供/对外担保公告,2026-03-12,https://data.eastmoney.com/notices/detail/000970/AN202603111820490130.html
688311,盟升电子,盟升电子:关于实施“盟升转债”赎回暨摘牌的第二次提示性公告,其他,2026-03-12,https://data.eastmoney.com/notices/detail/688311/AN202603111820490124.html
000155,川能动力,川能动力:关于2026年度第一期中期票据发行情况的公告,其他,2026-03-12,https://data.eastmoney.com/notices/detail/000155/AN202603111820489607.html
603210,泰鸿万立,泰鸿万立:浙江泰鸿万立科技股份有限公司关于全资子公司竞得土地使用权并签署土地出让合同暨对外投资进展的公告,重大合同,2026-03-12,https://data.eastmoney.com/notices/detail/603210/AN202603111820489583.html
300340,科恒股份,科恒股份:关于召开2026年第二次临时股东会的通知,召开股东大会通知,2026-03-12,https://data.eastmoney.com/notices/detail/300340/AN202603111820489482.html
002620,*ST瑞和,ST瑞和:关于累计诉讼、仲裁情况的公告,诉讼仲裁,2026-03-12,https://data.eastmoney.com/notices/detail/002620/AN202603111820489483.html
300340,科恒股份,科恒股份:关于延长公司2025年度向特定对象发行A股股票股东会决议有效期及相关授权有效期的公告,增发方案修订,2026-03-12,https://data.eastmoney.com/notices/detail/300340/AN202603111820489481.html
300340,科恒股份,科恒股份:第六届董事会第十九次会议决议公告,其他增发事项公告,2026-03-12,https://data.eastmoney.com/notices/detail/300340/AN202603111820489480.html
601880,辽港股份,辽港股份:辽宁港口股份有限公司董事會會議通告,其他,2026-03-12,https://data.eastmoney.com/notices/detail/601880/AN202603111820489421.html
688511,天微电子,*ST天微:2025年年度股东会会议资料,股东大会资料,2026-03-12,https://data.eastmoney.com/notices/detail/688511/AN202603111820489432.html
605286,同力天启,同力天启:同力天启2026年第二次临时股东会资料,股东大会资料,2026-03-12,https://data.eastmoney.com/notices/detail/605286/AN202603111820489427.html
605286,同力天启,同力天启:同力天启关于控股子公司为其下属全资子公司融资提供股权质押担保的公告,股份质押、冻结,2026-03-12,https://data.eastmoney.com/notices/detail/605286/AN202603111820489433.html
600116,三峡水利,三峡水利:重庆三峡水利电力(集团)股份有限公司关于2025年度担保计划的进展公告,其他担保公告,2026-03-12,https://data.eastmoney.com/notices/detail/600116/AN202603111820489431.html
605286,同力天启,同力天启:同力天启第三届董事会第八次临时会议决议公告,董事会决议公告,2026-03-12,https://data.eastmoney.com/notices/detail/605286/AN202603111820489430.html
605286,同力天启,同力天启:同力天启关于召开2026年第二次临时股东会的通知,召开股东大会通知,2026-03-12,https://data.eastmoney.com/notices/detail/605286/AN202603111820489429.html
601233,桐昆股份,桐昆股份:桐昆集团股份有限公司关于公司注册资本变更完成工商变更登记的公告,公司注册资本变更,2026-03-12,https://data.eastmoney.com/notices/detail/601233/AN202603111820489428.html
600714,金瑞矿业,金瑞矿业:青海金瑞矿业发展股份有限公司关于全资子公司完成例行停产检修并恢复生产的公告,其他,2026-03-12,https://data.eastmoney.com/notices/detail/600714/AN202603111820489422.html
600248,陕建股份,陕建股份:陕西建工集团股份有限公司重大项目中标公告,重大合同,2026-03-12,https://data.eastmoney.com/notices/detail/600248/AN202603111820489417.html
600248,陕建股份,陕建股份:陕西建工集团股份有限公司关于提供担保的进展公告,提供/对外担保公告,2026-03-12,https://data.eastmoney.com/notices/detail/600248/AN202603111820489420.html
601825,沪农商行,沪农商行:上海农村商业银行股份有限公司关于董事任职资格获监管机构核准的公告,高管人员任职变动,2026-03-12,https://data.eastmoney.com/notices/detail/601825/AN202603111820489426.html
600328,中盐化工,中盐化工:中盐化工关于接待投资者调研情况的公告,调研活动,2026-03-12,https://data.eastmoney.com/notices/detail/600328/AN202603111820489423.html
605305,中际联合,中际联合:中际联合关于为全资子公司提供担保的进展公告,提供/对外担保公告,2026-03-12,https://data.eastmoney.com/notices/detail/605305/AN202603111820489425.html
601022,宁波远洋,宁波远洋:宁波远洋运输股份有限公司关于董事离任的公告,高管人员任职变动,2026-03-12,https://data.eastmoney.com/notices/detail/601022/AN202603111820489424.html
688716,中研股份,中研股份:吉林省中研高分子材料股份有限公司2026年第一次临时股东会会议资料,股东大会资料,2026-03-12,https://data.eastmoney.com/notices/detail/688716/AN202603111820489416.html
603020,爱普股份,爱普股份:爱普香料集团股份有限公司2026年第一次临时股东会会议资料,股东大会资料,2026-03-12,https://data.eastmoney.com/notices/detail/603020/AN202603111820489419.html
605007,五洲特纸,五洲特纸:五洲特种纸业集团股份有限公司关于为控股子公司提供担保的公告,提供/对外担保公告,2026-03-12,https://data.eastmoney.com/notices/detail/605007/AN202603111820489418.html
000826,*ST启环,启迪环境:关于公司股票交易可能被实施退市风险警示的第二次提示性公告,其它风险提示公告,2026-03-12,https://data.eastmoney.com/notices/detail/000826/AN202603111820489298.html
002793,罗欣药业,罗欣药业:关于为控股子公司银行借款提供反担保的进展公告,提供/对外担保公告,2026-03-12,https://data.eastmoney.com/notices/detail/002793/AN202603111820489244.html
003041,真爱美家,真爱美家:广州探迹远擎科技合伙企业(有限合伙)关于要约收购提示性公告期满120日的说明,其他,2026-03-12,https://data.eastmoney.com/notices/detail/003041/AN202603111820489218.html
002915,中欣氟材,中欣氟材:关于控股股东部分股份解除质押的公告,股份质押、冻结,2026-03-12,https://data.eastmoney.com/notices/detail/002915/AN202603111820489217.html
002549,凯美特气,凯美特气:关于使用部分暂时闲置募集资金进行现金管理的进展公告,募集资金使用进展情况,2026-03-12,https://data.eastmoney.com/notices/detail/002549/AN202603111820489153.html
002398,垒知集团,垒知集团:关于预计触发转股价格向下修正条件的提示性公告,其他,2026-03-12,https://data.eastmoney.com/notices/detail/002398/AN202603111820488985.html
002455,百川股份,百川股份:关于提前赎回“百川转2”的第一次提示性公告,其他,2026-03-12,https://data.eastmoney.com/notices/detail/002455/AN202603111820488981.html
000925,众合科技,众合科技:第九届董事会第二十次会议决议公告,董事会决议公告,2026-03-12,https://data.eastmoney.com/notices/detail/000925/AN202603111820488984.html
000925,众合科技,众合科技:关于2022年员工持股计划、第四期员工持股计划存续期延期的公告,员工持股计划,2026-03-12,https://data.eastmoney.com/notices/detail/000925/AN202603111820488983.html
002611,东方精工,东方精工:广东东方精工科技股份有限公司重大资产出售报告书(草案)(修订稿),收购出售资产/股权,2026-03-12,https://data.eastmoney.com/notices/detail/002611/AN202603111820499623.html
000733,振华科技,振华科技:1.第十届董事会第十三次会议决议公告,高管人员任职变动,2026-03-12,https://data.eastmoney.com/notices/detail/000733/AN202603111820495043.html
688626,翔宇医疗,翔宇医疗:翔宇医疗关于股东权益变动触及5%刻度的提示性公告,权益变动报告书,2026-03-12,https://data.eastmoney.com/notices/detail/688626/AN202603111820496392.html
002946,新乳业,新乳业:股东会议事规则(草案)(H股发行并上市后适用),议事规则/实施细则,2026-03-12,https://data.eastmoney.com/notices/detail/002946/AN202603111820496189.html
603339,四方科技,四方科技:天健会计师事务所(特殊普通合伙)关于四方科技集团股份有限公司向不特定对象发行可转换公司债券审核问询函中有关财务事项的说明,保荐/核查意见,2026-03-12,https://data.eastmoney.com/notices/detail/603339/AN202603111820495684.html
601003,柳钢股份,柳钢股份:柳钢股份关于开设募集资金专户并签署募集资金专户存储三方监管协议的公告,签订协议,2026-03-12,https://data.eastmoney.com/notices/detail/601003/AN202603111820495417.html
688041,海光信息,海光信息:中信证券股份有限公司关于海光信息技术股份有限公司追加日常关联交易预计额度的核查意见,保荐/核查意见,2026-03-12,https://data.eastmoney.com/notices/detail/688041/AN202603111820494161.html
600276,恒瑞医药,恒瑞医药:H股公告-董事会会议通告,其他,2026-03-12,https://data.eastmoney.com/notices/detail/600276/AN202603111820492797.html
600230,沧州大化,沧州大化:沧州大化股份有限公司关于独立董事辞职暨补选独立董事的公告,高管人员任职变动,2026-03-12,https://data.eastmoney.com/notices/detail/600230/AN202603111820491100.html
600230,沧州大化,沧州大化:独立董事提名人声明与承诺,独立董事提名人声明,2026-03-12,https://data.eastmoney.com/notices/detail/600230/AN202603111820491101.html
