代码,名称,公告标题,公告类型,公告日期,网址
301280,珠城科技,珠城科技:关于对外投资拟收购股权的公告,对外项目投资,2025-02-12,https://data.eastmoney.com/notices/detail/301280/AN202502121643025637.html
A22264,正恒动力,关于终止对正恒动力首次公开发行股票并在创业板上市审核的决定,创业板发行上市审核终止审核通知,2025-02-12,https://data.eastmoney.com/notices/detail/A22264/AN202502121643025575.html
301202,朗威股份,朗威股份:关于持股5%以上股东权益变动触及1%的公告,权益变动报告书,2025-02-12,https://data.eastmoney.com/notices/detail/301202/AN202502121643025356.html
301202,朗威股份,朗威股份:关于股东减持股份计划实施完成的公告,股东/实际控制人股份减持,2025-02-12,https://data.eastmoney.com/notices/detail/301202/AN202502121643025344.html
301608,博实结,博实结:301608投资者关系活动记录表2025年2月12日,调研活动,2025-02-12,https://data.eastmoney.com/notices/detail/301608/AN202502121643024568.html
301152,天力锂能,天力锂能:天力锂能集团股份有限公司关于股东减持股份的预披露公告,股东/实际控制人股份减持,2025-02-12,https://data.eastmoney.com/notices/detail/301152/AN202502121643024350.html
300705,九典制药,九典制药:300705九典制药投资者关系管理信息20250212,调研活动,2025-02-12,https://data.eastmoney.com/notices/detail/300705/AN202502121643024256.html
300580,贝斯特,贝斯特:300580贝斯特投资者关系管理信息20250212,调研活动,2025-02-12,https://data.eastmoney.com/notices/detail/300580/AN202502121643024358.html
300447,全信股份,全信股份:关于选举产生第七届监事会职工代表监事的公告,高管人员任职变动,2025-02-12,https://data.eastmoney.com/notices/detail/300447/AN202502121643024292.html
300447,全信股份,全信股份:第七届监事会一次会议决议公告,高管人员任职变动,2025-02-12,https://data.eastmoney.com/notices/detail/300447/AN202502121643024290.html
300447,全信股份,全信股份:北京浩天(上海)律师事务所关于南京全信传输科技股份有限公司2025年第一次临时股东大会之法律意见书,法律意见书,2025-02-12,https://data.eastmoney.com/notices/detail/300447/AN202502121643024288.html
300447,全信股份,全信股份:第七届董事会一次会议决议公告,高管人员任职变动,2025-02-12,https://data.eastmoney.com/notices/detail/300447/AN202502121643024291.html
300447,全信股份,全信股份:关于公司董事会、监事会、高级管理人员完成换届暨部分董事和高级管理人员届满离任的公告,高管人员任职变动,2025-02-12,https://data.eastmoney.com/notices/detail/300447/AN202502121643024289.html
300447,全信股份,全信股份:2025年第一次临时股东大会决议公告,股东大会决议公告,2025-02-12,https://data.eastmoney.com/notices/detail/300447/AN202502121643024293.html
000681,视觉中国,视觉中国:2025年2月12日投资者关系活动记录表,调研活动,2025-02-12,https://data.eastmoney.com/notices/detail/000681/AN202502121643024106.html
300537,广信材料,广信材料:300537广信材料投资者关系管理信息2025-008,调研活动,2025-02-12,https://data.eastmoney.com/notices/detail/300537/AN202502121643023864.html
300570,太辰光,太辰光:关于股东减持计划实施进展暨提前终止减持计划的公告,股东/实际控制人股份减持,2025-02-12,https://data.eastmoney.com/notices/detail/300570/AN202502121643023632.html
300789,唐源电气,唐源电气:关于完成工商变更登记的公告,公司章程修订,2025-02-12,https://data.eastmoney.com/notices/detail/300789/AN202502121643023342.html
301596,瑞迪智驱,瑞迪智驱:2025年2月5日-2月12日投资者关系活动记录表,调研活动,2025-02-12,https://data.eastmoney.com/notices/detail/301596/AN202502121643023436.html
300782,卓胜微,卓胜微:北京市天元律师事务所关于江苏卓胜微电子股份有限公司2025年第一次临时股东大会的法律意见,法律意见书,2025-02-12,https://data.eastmoney.com/notices/detail/300782/AN202502121643022997.html
300782,卓胜微,卓胜微:2025年第一次临时股东大会决议公告,增发预案,2025-02-12,https://data.eastmoney.com/notices/detail/300782/AN202502121643022998.html
300705,九典制药,九典制药:关于股东减持股份实施完毕的公告,股东/实际控制人股份减持,2025-02-12,https://data.eastmoney.com/notices/detail/300705/AN202502121643022975.html
301197,工大科雅,工大科雅:河北工大科雅能源科技股份有限公司关于2025年第一次临时股东大会决议的公告,股东大会决议公告,2025-02-12,https://data.eastmoney.com/notices/detail/301197/AN202502121643022970.html
301197,工大科雅,工大科雅:北京浩天律师事务所关于河北工大科雅能源科技股份有限公司2025年第一次临时股东大会的法律意见书,法律意见书,2025-02-12,https://data.eastmoney.com/notices/detail/301197/AN202502121643022969.html
300101,振芯科技,振芯科技:关于向银行申请综合授信额度的公告,借贷,2025-02-12,https://data.eastmoney.com/notices/detail/300101/AN202502121643022647.html
300101,振芯科技,振芯科技:关于2025年度使用自有资金进行委托理财的公告,委托（受托）事项,2025-02-12,https://data.eastmoney.com/notices/detail/300101/AN202502121643022645.html
300101,振芯科技,振芯科技:第六届监事会第五次临时会议决议公告,监事会决议公告,2025-02-12,https://data.eastmoney.com/notices/detail/300101/AN202502121643022648.html
300101,振芯科技,振芯科技:第六届董事会第七次临时会议决议公告,董事会决议公告,2025-02-12,https://data.eastmoney.com/notices/detail/300101/AN202502121643022646.html
300101,振芯科技,振芯科技:关于为全资子公司申请银行贷款提供担保的公告,提供/对外担保公告,2025-02-12,https://data.eastmoney.com/notices/detail/300101/AN202502121643022644.html
000625,长安汽车,长安汽车:2025年02月12日投资者关系活动记录表,调研活动,2025-02-12,https://data.eastmoney.com/notices/detail/000625/AN202502121643022689.html
300853,申昊科技,申昊科技:关于全资子公司取得发明专利证书的公告,获得认证,2025-02-12,https://data.eastmoney.com/notices/detail/300853/AN202502121643022590.html
301413,安培龙,安培龙:关于持股5%以上股东及其一致行动人减持股份计划完成暨权益变动的提示性公告,权益变动报告书,2025-02-12,https://data.eastmoney.com/notices/detail/301413/AN202502121643022314.html
301413,安培龙,安培龙:简式权益变动书,权益变动报告书,2025-02-12,https://data.eastmoney.com/notices/detail/301413/AN202502121643022306.html
920509,同惠电子,同惠电子:关于使用闲置自有资金购买理财产品的进展公告,投资理财,2025-02-12,https://data.eastmoney.com/notices/detail/920509/AN202502121643022262.html
920425,乐创技术,乐创技术:2025年第一次临时股东大会决议公告,股东大会决议公告,2025-02-12,https://data.eastmoney.com/notices/detail/920425/AN202502121643022122.html
920425,乐创技术,乐创技术:2025年第一次临时股东大会法律意见书,法律意见书,2025-02-12,https://data.eastmoney.com/notices/detail/920425/AN202502121643022123.html
920262,太湖雪,太湖雪:投资者关系活动记录表,调研活动,2025-02-12,https://data.eastmoney.com/notices/detail/920262/AN202502121643021839.html
300432,富临精工,富临精工:关于签订《机器人智能电关节模组研发及生产基地项目投资协议》的公告,签订协议,2025-02-12,https://data.eastmoney.com/notices/detail/300432/AN202502121643021837.html
300568,星源材质,星源材质:300568星源材质调研活动信息20250212,调研活动,2025-02-12,https://data.eastmoney.com/notices/detail/300568/AN202502121643021707.html
920179,凯德石英,凯德石英:2023年股权激励计划预留限制性股票授予结果公告,股权激励进展公告,2025-02-12,https://data.eastmoney.com/notices/detail/920179/AN202502121643021490.html
920116,星图测控,星图测控:第一届董事会第二十二次会议决议公告,董事会决议公告,2025-02-12,https://data.eastmoney.com/notices/detail/920116/AN202502121643021479.html
920116,星图测控,星图测控:第一届监事会第十二次会议决议公告,监事会决议公告,2025-02-12,https://data.eastmoney.com/notices/detail/920116/AN202502121643021481.html
920116,星图测控,星图测控:中信建投证券股份有限公司关于中科星图测控技术股份有限公司使用部分闲置募集资金进行现金管理的核查意见,保荐/核查意见,2025-02-12,https://data.eastmoney.com/notices/detail/920116/AN202502121643021480.html
920116,星图测控,星图测控:关于使用部分闲置募集资金进行现金管理的公告,投资理财,2025-02-12,https://data.eastmoney.com/notices/detail/920116/AN202502121643021478.html
300457,赢合科技,赢合科技:回购公司股份报告书,回购报告书,2025-02-12,https://data.eastmoney.com/notices/detail/300457/AN202502121643021482.html
920556,雅达股份,雅达股份:股票交易异常波动公告,股票交易异常波动,2025-02-12,https://data.eastmoney.com/notices/detail/920556/AN202502121643021472.html
002126,银轮股份,银轮股份:002126银轮股份投资者关系管理信息20250212,调研活动,2025-02-12,https://data.eastmoney.com/notices/detail/002126/AN202502121643021582.html
002966,苏州银行,苏州银行:2025年2月12日投资者关系活动记录表,调研活动,2025-02-12,https://data.eastmoney.com/notices/detail/002966/AN202502121643021579.html
301128,强瑞技术,强瑞技术:301128强瑞技术投资者关系管理信息20250212,调研活动,2025-02-12,https://data.eastmoney.com/notices/detail/301128/AN202502121643021580.html
300948,冠中生态,冠中生态:300948冠中生态投资者关系管理信息20250212,调研活动,2025-02-12,https://data.eastmoney.com/notices/detail/300948/AN202502121643021577.html
002063,远光软件,远光软件:002063远光软件投资者关系管理信息20250212,调研活动,2025-02-12,https://data.eastmoney.com/notices/detail/002063/AN202502121643021585.html
301382,蜂助手,蜂助手:301382蜂助手投资者关系管理信息20250212,调研活动,2025-02-12,https://data.eastmoney.com/notices/detail/301382/AN202502121643021583.html
002431,ST棕榈,棕榈股份:棕榈股份2025年2月11日投资者关系活动记录表,调研活动,2025-02-12,https://data.eastmoney.com/notices/detail/002431/AN202502121643021578.html
300488,恒锋工具,恒锋工具:300488恒锋工具投资者关系管理信息20250212,调研活动,2025-02-12,https://data.eastmoney.com/notices/detail/300488/AN202502121643021584.html
300196,长海股份,长海股份:300196长海股份投资者关系管理信息20250212,调研活动,2025-02-12,https://data.eastmoney.com/notices/detail/300196/AN202502121643021581.html
000983,山西焦煤,山西焦煤:山西焦煤能源集团股份有限公司关于“22焦能01”债券转售实施结果公告,其他,2025-02-12,https://data.eastmoney.com/notices/detail/000983/AN202502121643021268.html
300073,当升科技,当升科技:关于2024年管理层与核心骨干股权增持计划实施进展的公告,股东/实际控制人股份增持,2025-02-12,https://data.eastmoney.com/notices/detail/300073/AN202502121643021258.html
300565,科信技术,科信技术:国信证券股份有限公司关于深圳市科信通信技术股份有限公司使用部分闲置募集资金暂时补充流动资金的核查意见,保荐/核查意见,2025-02-12,https://data.eastmoney.com/notices/detail/300565/AN202502121643021265.html
300565,科信技术,科信技术:第五届监事会2025年第一次会议决议公告,监事会决议公告,2025-02-12,https://data.eastmoney.com/notices/detail/300565/AN202502121643021281.html
300565,科信技术,科信技术:第五届董事会2025年第一次会议决议公告,董事会决议公告,2025-02-12,https://data.eastmoney.com/notices/detail/300565/AN202502121643021282.html
300565,科信技术,科信技术:关于使用部分闲置募集资金暂时补充流动资金的公告,募集资金补充流动资金,2025-02-12,https://data.eastmoney.com/notices/detail/300565/AN202502121643021257.html
300446,航天智造,航天智造:北京市康达律师事务所关于航天智造科技股份有限公司2025年度第一次临时股东大会的法律意见书,法律意见书,2025-02-12,https://data.eastmoney.com/notices/detail/300446/AN202502121643021276.html
300446,航天智造,航天智造:2025年度第一次临时股东大会决议公告,股东大会决议公告,2025-02-12,https://data.eastmoney.com/notices/detail/300446/AN202502121643021279.html
301381,赛维时代,赛维时代:关于为全资子公司提供担保的进展公告,提供/对外担保公告,2025-02-12,https://data.eastmoney.com/notices/detail/301381/AN202502121643021271.html
301389,隆扬电子,隆扬电子:关于回购公司股份方案实施完成暨股份变动的公告,股本变动,2025-02-12,https://data.eastmoney.com/notices/detail/301389/AN202502121643021130.html
301169,零点有数,零点有数:2025年第一次临时股东会的法律意见书,法律意见书,2025-02-12,https://data.eastmoney.com/notices/detail/301169/AN202502121643021134.html
301169,零点有数,零点有数:2025年第一次临时股东会决议公告,股东大会决议公告,2025-02-12,https://data.eastmoney.com/notices/detail/301169/AN202502121643021132.html
300900,广联航空,广联航空:中证鹏元关于关注广联航空工业股份有限公司2024年度业绩预亏事项的公告,业绩预告,2025-02-12,https://data.eastmoney.com/notices/detail/300900/AN202502121643021133.html
300063,天龙集团,天龙集团:关于为子公司提供担保的进展公告,提供/对外担保公告,2025-02-12,https://data.eastmoney.com/notices/detail/300063/AN202502121643021131.html
920247,华密新材,华密新材:关于使用部分闲置募集资金购买理财产品的进展公告,募集资金使用进展情况,2025-02-12,https://data.eastmoney.com/notices/detail/920247/AN202502121643021118.html
300347,泰格医药,泰格医药:H股公告-翌日披露报表,其他,2025-02-12,https://data.eastmoney.com/notices/detail/300347/AN202502121643021087.html
300070,碧水源,碧水源:关于董事辞职的公告,高管人员任职变动,2025-02-12,https://data.eastmoney.com/notices/detail/300070/AN202502121643021094.html
300137,先河环保,ST先河:内部审计制度,管理办法/制度,2025-02-12,https://data.eastmoney.com/notices/detail/300137/AN202502121643021100.html
300137,先河环保,ST先河:关于河北先河环保科技股份有限公司前期会计差错更正专项审核报告,保荐/核查意见,2025-02-12,https://data.eastmoney.com/notices/detail/300137/AN202502121643021078.html
300137,先河环保,ST先河:第五届监事会第三次会议决议公告,监事会决议公告,2025-02-12,https://data.eastmoney.com/notices/detail/300137/AN202502121643021105.html
300137,先河环保,ST先河:第五届董事会第五次会议决议公告,高管人员任职变动,2025-02-12,https://data.eastmoney.com/notices/detail/300137/AN202502121643021089.html
300137,先河环保,ST先河:关于前期会计差错更正后的财务报表及相关附注,会计差错更正公告,2025-02-12,https://data.eastmoney.com/notices/detail/300137/AN202502121643021096.html
300137,先河环保,ST先河:关于前期会计差错更正及追溯调整的公告,会计差错更正公告,2025-02-12,https://data.eastmoney.com/notices/detail/300137/AN202502121643021075.html
920685,新芝生物,新芝生物:关于使用部分闲置募集资金进行现金管理的进展公告,募集资金使用进展情况,2025-02-12,https://data.eastmoney.com/notices/detail/920685/AN202502121643021070.html
300594,ST朗进,朗进科技:山东朗进科技股份有限公司关于持股5%以上股东拟通过公开征集转让的方式协议转让公司股份的进展公告,股权转让,2025-02-12,https://data.eastmoney.com/notices/detail/300594/AN202502121643020938.html
300682,朗新科技,朗新集团:北京市君合律师事务所关于朗新科技集团股份有限公司发行股份及支付现金购买资产之标的资产过户情况的法律意见书,法律意见书,2025-02-12,https://data.eastmoney.com/notices/detail/300682/AN202502121643020946.html
300682,朗新科技,朗新集团:中信证券股份有限公司关于朗新科技集团股份有限公司发行股份及支付现金购买资产标的资产过户情况之独立财务顾问核查意见,保荐/核查意见,2025-02-12,https://data.eastmoney.com/notices/detail/300682/AN202502121643020935.html
300682,朗新科技,朗新集团:关于发行股份及支付现金购买资产之标的资产过户完成的公告,其他增发事项公告,2025-02-12,https://data.eastmoney.com/notices/detail/300682/AN202502121643020943.html
300308,中际旭创,中际旭创:关于使用部分闲置募集资金进行现金管理的进展公告,募集资金使用进展情况,2025-02-12,https://data.eastmoney.com/notices/detail/300308/AN202502121643020954.html
300233,金城医药,金城医药:关于对外投资项目的进展公告,对外项目投资,2025-02-12,https://data.eastmoney.com/notices/detail/300233/AN202502121643020931.html
300154,瑞凌股份,瑞凌股份:北京德恒(深圳)律师事务所关于深圳市瑞凌实业集团股份有限公司2025年第一次临时股东大会的法律意见,法律意见书,2025-02-12,https://data.eastmoney.com/notices/detail/300154/AN202502121643020936.html
300154,瑞凌股份,瑞凌股份:2025年第一次临时股东大会决议公告,股东大会决议公告,2025-02-12,https://data.eastmoney.com/notices/detail/300154/AN202502121643020940.html
300867,圣元环保,圣元环保:第十届监事会2025年第一次会议决议公告,监事会决议公告,2025-02-12,https://data.eastmoney.com/notices/detail/300867/AN202502121643020945.html
300867,圣元环保,圣元环保:关于转让全资子公司100%股权后被动形成对合并报表范围外第三方担保的公告,其他担保公告,2025-02-12,https://data.eastmoney.com/notices/detail/300867/AN202502121643020932.html
300867,圣元环保,圣元环保:第十届董事会2025年第一次会议决议公告,董事会决议公告,2025-02-12,https://data.eastmoney.com/notices/detail/300867/AN202502121643020951.html
300867,圣元环保,圣元环保:公告2025-004:关于出售资产暨转让全资子公司100%股权并签订《股权转让协议》的公告,签订协议,2025-02-12,https://data.eastmoney.com/notices/detail/300867/AN202502121643020948.html
920152,昆工科技,昆工科技:第四届董事会第二十七次会议决议公告,高管人员任职变动,2025-02-12,https://data.eastmoney.com/notices/detail/920152/AN202502121643020897.html
920152,昆工科技,昆工科技:关于召开2025年第一次临时股东大会通知公告(提供网络投票),召开股东大会通知,2025-02-12,https://data.eastmoney.com/notices/detail/920152/AN202502121643020898.html
920152,昆工科技,昆工科技:2025年股权激励计划(草案),股权激励计划,2025-02-12,https://data.eastmoney.com/notices/detail/920152/AN202502121643020894.html
920152,昆工科技,昆工科技:关于独立董事公开征集表决权公告,其他,2025-02-12,https://data.eastmoney.com/notices/detail/920152/AN202502121643020899.html
920152,昆工科技,昆工科技:2025年股权激励计划实施考核管理办法,管理办法/制度,2025-02-12,https://data.eastmoney.com/notices/detail/920152/AN202502121643020900.html
920152,昆工科技,昆工科技:关于对拟认定核心员工进行公示并征求意见的公告,高管人员任职变动,2025-02-12,https://data.eastmoney.com/notices/detail/920152/AN202502121643020895.html
920152,昆工科技,昆工科技:北京德恒(昆明)律师事务所关于昆明理工恒达科技股份有限公司2025年股权激励计划(草案)的法律意见,法律意见书,2025-02-12,https://data.eastmoney.com/notices/detail/920152/AN202502121643020903.html
920152,昆工科技,昆工科技:第四届监事会第二十六次会议决议公告,高管人员任职变动,2025-02-12,https://data.eastmoney.com/notices/detail/920152/AN202502121643020902.html
920152,昆工科技,昆工科技:2025年股权激励计划激励对象名单,股权激励对象名单,2025-02-12,https://data.eastmoney.com/notices/detail/920152/AN202502121643020896.html
920152,昆工科技,昆工科技:监事会关于2025年股权激励计划(草案)的核查意见,专项说明/独立意见,2025-02-12,https://data.eastmoney.com/notices/detail/920152/AN202502121643020901.html
920445,龙竹科技,龙竹科技:董事任命公告,高管人员任职变动,2025-02-12,https://data.eastmoney.com/notices/detail/920445/AN202502121643020878.html
920445,龙竹科技,龙竹科技:第四届董事会第十六次会议决议公告,高管人员任职变动,2025-02-12,https://data.eastmoney.com/notices/detail/920445/AN202502121643020877.html
920445,龙竹科技,龙竹科技:关于以集中竞价交易方式回购公司股份方案暨取得金融机构股票回购专项贷款承诺函的公告,借贷,2025-02-12,https://data.eastmoney.com/notices/detail/920445/AN202502121643020879.html
920445,龙竹科技,龙竹科技:第四届监事会第十四次会议决议公告,监事会决议公告,2025-02-12,https://data.eastmoney.com/notices/detail/920445/AN202502121643020876.html
920445,龙竹科技,龙竹科技:关于召开2025年第一次临时股东大会通知公告(提供网络投票),召开股东大会通知,2025-02-12,https://data.eastmoney.com/notices/detail/920445/AN202502121643020875.html
920445,龙竹科技,龙竹科技:监事辞职公告,高管人员任职变动,2025-02-12,https://data.eastmoney.com/notices/detail/920445/AN202502121643020880.html
920261,一诺威,一诺威:股票解除限售公告,限售股份上市流通,2025-02-12,https://data.eastmoney.com/notices/detail/920261/AN202502121643020881.html
300786,国林科技,国林科技:关于首次回购公司股份的公告,回购实施公告,2025-02-12,https://data.eastmoney.com/notices/detail/300786/AN202502121643020863.html
300220,金运激光,金运激光:股票交易异常波动公告,股票交易异常波动,2025-02-12,https://data.eastmoney.com/notices/detail/300220/AN202502121643020861.html
920118,太湖远大,太湖远大:股权质押公告,股份质押、冻结,2025-02-12,https://data.eastmoney.com/notices/detail/920118/AN202502121643020823.html
300879,大叶股份,大叶股份:德恒上海律师事务所关于宁波大叶园林设备股份有限公司重大资产购买实施情况之法律意见,法律意见书,2025-02-12,https://data.eastmoney.com/notices/detail/300879/AN202502121643020793.html
300879,大叶股份,大叶股份:海通证券股份有限公司关于宁波大叶园林设备股份有限公司重大资产购买实施情况之独立财务顾问核查意见,保荐/核查意见,2025-02-12,https://data.eastmoney.com/notices/detail/300879/AN202502121643020796.html
300879,大叶股份,大叶股份:宁波大叶园林设备股份有限公司重大资产购买实施情况报告书,收购出售资产/股权,2025-02-12,https://data.eastmoney.com/notices/detail/300879/AN202502121643020791.html
300879,大叶股份,大叶股份:关于重大资产购买之标的资产完成过户的公告,收购出售资产/股权,2025-02-12,https://data.eastmoney.com/notices/detail/300879/AN202502121643020628.html
301313,凡拓数创,凡拓数创:北京市中伦(广州)律师事务所关于广州凡拓数字创意科技股份有限公司2025年第一次临时股东大会的法律意见书,法律意见书,2025-02-12,https://data.eastmoney.com/notices/detail/301313/AN202502121643020599.html
301313,凡拓数创,凡拓数创:2025年第一次临时股东大会决议公告,股东大会决议公告,2025-02-12,https://data.eastmoney.com/notices/detail/301313/AN202502121643020598.html
300206,理邦仪器,理邦仪器:关于完成工商变更登记的公告,公司注册资本变更,2025-02-12,https://data.eastmoney.com/notices/detail/300206/AN202502121643020575.html
300149,睿智医药,睿智医药:关于公司控股股东、董事长涉及诉讼的进展公告,诉讼仲裁,2025-02-12,https://data.eastmoney.com/notices/detail/300149/AN202502121643020577.html
300965,恒宇信通,*ST恒宇:关于公司股票可能被终止上市的第二次风险提示公告,终止上市风险提示,2025-02-12,https://data.eastmoney.com/notices/detail/300965/AN202502121643020573.html
300832,新产业,新产业:关于获得医疗器械注册证的公告,其他,2025-02-12,https://data.eastmoney.com/notices/detail/300832/AN202502121643020578.html
300948,冠中生态,冠中生态:关于使用闲置募集资金购买理财产品到期赎回并再次进行现金管理的公告,投资理财,2025-02-12,https://data.eastmoney.com/notices/detail/300948/AN202502121643020565.html
920300,辰光医疗,辰光医疗:持股5%以上股东权益变动达到1%的提示性公告,权益变动报告书,2025-02-12,https://data.eastmoney.com/notices/detail/920300/AN202502121643020334.html
920098,科隆新材,科隆新材:北京市嘉源律师事务所关于科隆新材2025年第一次临时股东大会的法律意见书,法律意见书,2025-02-12,https://data.eastmoney.com/notices/detail/920098/AN202502121643020284.html
920098,科隆新材,科隆新材:2025年第一次临时股东大会决议公告,股东大会决议公告,2025-02-12,https://data.eastmoney.com/notices/detail/920098/AN202502121643020283.html
920185,贝特瑞,贝特瑞:投资者关系活动记录表,调研活动,2025-02-12,https://data.eastmoney.com/notices/detail/920185/AN202502121643020285.html
920000,安徽凤凰,安徽凤凰:持股5%以上股东减持股份的预披露公告(再次披露),股东/实际控制人股份减持,2025-02-12,https://data.eastmoney.com/notices/detail/920000/AN202502121643019941.html
920098,科隆新材,科隆新材:持股5%以上股东减持股份计划公告,股东/实际控制人股份减持,2025-02-12,https://data.eastmoney.com/notices/detail/920098/AN202502121643019933.html
301595,太力科技,3-1-3上市保荐书(注册稿)(广东太力科技集团股份有限公司),创业板IPO上市保荐书注册稿,2025-02-12,https://data.eastmoney.com/notices/detail/301595/AN202502121643019892.html
301595,太力科技,1-1招股说明书(注册稿)(广东太力科技集团股份有限公司),创业板IPO招股说明书注册稿,2025-02-12,https://data.eastmoney.com/notices/detail/301595/AN202502121643019893.html
301595,太力科技,3-3-1法律意见书(注册稿)(广东太力科技集团股份有限公司),创业板IPO法律意见书注册稿,2025-02-12,https://data.eastmoney.com/notices/detail/301595/AN202502121643019894.html
301595,太力科技,3-2-1财务报表及审计报告(注册稿)(广东太力科技集团股份有限公司),创业板IPO审计报告注册稿,2025-02-12,https://data.eastmoney.com/notices/detail/301595/AN202502121643019895.html
301595,太力科技,3-1-2发行保荐书(注册稿)(广东太力科技集团股份有限公司),创业板IPO发行保荐书注册稿,2025-02-12,https://data.eastmoney.com/notices/detail/301595/AN202502121643019896.html
920522,纳科诺尔,纳科诺尔:关于完成工商变更登记及公司章程备案并取得营业执照的公告,公司章程修订,2025-02-12,https://data.eastmoney.com/notices/detail/920522/AN202502121643019889.html
920837,华原股份,华原股份:关于取得实用新型专利证书的公告,获得认证,2025-02-12,https://data.eastmoney.com/notices/detail/920837/AN202502121643019636.html
920971,天马新材,天马新材:持股5%以上股东权益变动达到1%的提示性公告,权益变动报告书,2025-02-12,https://data.eastmoney.com/notices/detail/920971/AN202502121643019570.html
920971,天马新材,天马新材:持股5%以上股东减持股份结果公告,股东/实际控制人股份减持,2025-02-12,https://data.eastmoney.com/notices/detail/920971/AN202502121643019569.html
920957,汉维科技,汉维科技:持股5%以上股东权益变动达到1%的提示性公告,权益变动报告书,2025-02-12,https://data.eastmoney.com/notices/detail/920957/AN202502121643018849.html
920571,国航远洋,国航远洋:投资者关系活动记录表,调研活动,2025-02-12,https://data.eastmoney.com/notices/detail/920571/AN202502121643018795.html
920579,机科股份,机科股份:2025年第二次临时股东大会决议公告,股东大会决议公告,2025-02-12,https://data.eastmoney.com/notices/detail/920579/AN202502121643018793.html
920579,机科股份,机科股份:北京大成律师事务所关于机科发展科技股份有限公司2025年第二次临时股东大会的法律意见书,法律意见书,2025-02-12,https://data.eastmoney.com/notices/detail/920579/AN202502121643018794.html
688028,沃尔德,沃尔德:投资者关系活动记录表(2月11日),调研活动,2025-02-12,https://data.eastmoney.com/notices/detail/688028/AN202502121643018545.html
688039,当虹科技,当虹科技:(证券代码:688039)投资者关系活动记录表2025-002,调研活动,2025-02-12,https://data.eastmoney.com/notices/detail/688039/AN202502121643018547.html
688322,奥比中光,奥比中光:投资者关系活动记录表(2025年2月12日),调研活动,2025-02-12,https://data.eastmoney.com/notices/detail/688322/AN202502121643018546.html
688515,裕太微,裕太微:裕太微电子股份有限公司投资者关系活动记录表_(2025年2月11日-2~2025年2月12日),调研活动,2025-02-12,https://data.eastmoney.com/notices/detail/688515/AN202502121643018551.html
688151,华强科技,华强科技:湖北华强科技股份有限公司投资者关系活动记录表(2025年2月11日),调研活动,2025-02-12,https://data.eastmoney.com/notices/detail/688151/AN202502121643018550.html
920429,康比特,康比特:股票解除限售公告,限售股份上市流通,2025-02-12,https://data.eastmoney.com/notices/detail/920429/AN202502121643018623.html
920857,泓禧科技,泓禧科技:监事、监事会主席辞职公告,高管人员任职变动,2025-02-12,https://data.eastmoney.com/notices/detail/920857/AN202502121643018323.html
920249,利尔达,利尔达:国浩律师(杭州)事务所关于利尔达科技集团股份有限公司2025年第二次临时股东大会法律意见书,法律意见书,2025-02-12,https://data.eastmoney.com/notices/detail/920249/AN202502121643018110.html
920249,利尔达,利尔达:2025年第二次临时股东大会决议公告,股东大会决议公告,2025-02-12,https://data.eastmoney.com/notices/detail/920249/AN202502121643018109.html
301070,开勒股份,开勒股份:关于与河南省汽车产业投资集团有限公司签署《合作协议》的公告,签订协议,2025-02-12,https://data.eastmoney.com/notices/detail/301070/AN202502121643018071.html
688102,斯瑞新材,斯瑞新材:688102_投资者关系活动记录表-2025-004(2025年2月11日),调研活动,2025-02-12,https://data.eastmoney.com/notices/detail/688102/AN202502121643017850.html
300719,安达维尔,安达维尔:关于全资子公司变更注册资本暨完成工商变更登记的公告,公司关联方基本资料变更,2025-02-12,https://data.eastmoney.com/notices/detail/300719/AN202502121643018059.html
002664,信质集团,信质集团:002664信质集团投资者关系管理信息20250212,调研活动,2025-02-12,https://data.eastmoney.com/notices/detail/002664/AN202502121643017780.html
300322,硕贝德,硕贝德:关于使用部分闲置募集资金进行现金管理的进展公告,募集资金使用进展情况,2025-02-12,https://data.eastmoney.com/notices/detail/300322/AN202502121643017730.html
000686,东北证券,东北证券:东北证券股份有限公司2025年面向专业投资者公开发行公司债券(第一期)更名公告,其他,2025-02-12,https://data.eastmoney.com/notices/detail/000686/AN202502121643017728.html
000686,东北证券,东北证券:东北证券股份有限公司2025年面向专业投资者公开发行公司债券(第一期)发行公告,其他,2025-02-12,https://data.eastmoney.com/notices/detail/000686/AN202502121643017724.html
000686,东北证券,东北证券:东北证券股份有限公司2025年面向专业投资者公开发行公司债券(第一期)募集说明书摘要,其他,2025-02-12,https://data.eastmoney.com/notices/detail/000686/AN202502121643017729.html
000686,东北证券,东北证券:东北证券股份有限公司2025年面向专业投资者公开发行公司债券(第一期)信用评级报告,其他,2025-02-12,https://data.eastmoney.com/notices/detail/000686/AN202502121643017725.html
000686,东北证券,东北证券:东北证券股份有限公司2025年面向专业投资者公开发行公司债券(第一期)募集说明书,其他,2025-02-12,https://data.eastmoney.com/notices/detail/000686/AN202502121643017727.html
000402,金融街,金融街:2025-015:关于“22金街01”票面利率调整及投资者回售实施办法第二次提示性公告,其他,2025-02-12,https://data.eastmoney.com/notices/detail/000402/AN202502121643017726.html
301081,严牌股份,严牌股份:北京植德(上海)律师事务所关于浙江严牌过滤技术股份有限公司2025年第一次临时股东大会的法律意见书,法律意见书,2025-02-12,https://data.eastmoney.com/notices/detail/301081/AN202502121643017449.html
301081,严牌股份,严牌股份:2025年第一次临时股东大会决议公告,股东大会决议公告,2025-02-12,https://data.eastmoney.com/notices/detail/301081/AN202502121643017448.html
300532,今天国际,今天国际:关于完成工商变更登记的公告,公司注册资本变更,2025-02-12,https://data.eastmoney.com/notices/detail/300532/AN202502121643017431.html
300100,双林股份,双林股份:2025年员工持股计划第一次持有人会议决议公告,员工持股计划,2025-02-12,https://data.eastmoney.com/notices/detail/300100/AN202502121643017391.html
300100,双林股份,双林股份:关于2025年员工持股计划完成股票购买的公告,员工持股计划,2025-02-12,https://data.eastmoney.com/notices/detail/300100/AN202502121643017389.html
301111,粤万年青,粤万年青:国浩律师(广州)事务所关于广东万年青制药股份有限公司2025年第二次临时股东大会的法律意见,法律意见书,2025-02-12,https://data.eastmoney.com/notices/detail/301111/AN202502121643017366.html
301111,粤万年青,粤万年青:2025年第二次临时股东大会决议公告,股东大会决议公告,2025-02-12,https://data.eastmoney.com/notices/detail/301111/AN202502121643017367.html
301028,鼎熔岩,东亚机械:301028东亚机械投资者关系管理信息20250212,调研活动,2025-02-12,https://data.eastmoney.com/notices/detail/301028/AN202502121643017259.html
300649,杭州园林,杭州园林:2025年第一次临时股东大会决议公告,股东大会决议公告,2025-02-12,https://data.eastmoney.com/notices/detail/300649/AN202502121643017140.html
300649,杭州园林,杭州园林:北京尚公(杭州)律师事务所关于公司2025年第一次临时股东大会的法律意见书,法律意见书,2025-02-12,https://data.eastmoney.com/notices/detail/300649/AN202502121643017143.html
301111,粤万年青,粤万年青:第三届监事会第六次会议决议公告,高管人员任职变动,2025-02-12,https://data.eastmoney.com/notices/detail/301111/AN202502121643017141.html
300327,中颖电子,中颖电子:关于2020年限制性股票激励计划首次授予部分第三个解除限售期上市流通的提示性公告,限售股份上市流通,2025-02-12,https://data.eastmoney.com/notices/detail/300327/AN202502121643017101.html
300078,思创智联,思创医惠:关于全资子公司重大诉讼事项暨新增累计诉讼、仲裁案件及已披露案件进展情况的公告,其他,2025-02-12,https://data.eastmoney.com/notices/detail/300078/AN202502121643017083.html
688552,航天南湖,航天南湖:投资者关系活动记录表(2025年2月10日-2025年2月11日),调研活动,2025-02-12,https://data.eastmoney.com/notices/detail/688552/AN202502121643017158.html
688048,长光华芯,长光华芯:投资者关系活动记录表(2月11日),调研活动,2025-02-12,https://data.eastmoney.com/notices/detail/688048/AN202502121643017017.html
300827,上能电气,上能电气:2023年度向特定对象发行股票的预案(二次修订稿),增发方案修订,2025-02-12,https://data.eastmoney.com/notices/detail/300827/AN202502121643016945.html
300827,上能电气,上能电气:第四届董事会第十次会议决议公告,增发方案修订,2025-02-12,https://data.eastmoney.com/notices/detail/300827/AN202502121643016949.html
300827,上能电气,上能电气:2023年度向特定对象发行股票方案的论证分析报告(二次修订稿),其他,2025-02-12,https://data.eastmoney.com/notices/detail/300827/AN202502121643016942.html
300827,上能电气,上能电气:前次募集资金使用情况报告,募集资金使用情况报告,2025-02-12,https://data.eastmoney.com/notices/detail/300827/AN202502121643016943.html
300827,上能电气,上能电气:第四届监事会第九次会议决议公告,监事会决议公告,2025-02-12,https://data.eastmoney.com/notices/detail/300827/AN202502121643016948.html
300827,上能电气,上能电气:关于公司2023年度向特定对象发行股票预案及相关文件修订情况说明的提示性公告,其他,2025-02-12,https://data.eastmoney.com/notices/detail/300827/AN202502121643016950.html
300827,上能电气,上能电气:前次募集资金使用情况鉴证报告,保荐/核查意见,2025-02-12,https://data.eastmoney.com/notices/detail/300827/AN202502121643016944.html
300827,上能电气,上能电气:关于公司向特定对象发行股票摊薄即期回报、填补即期回报措施及相关主体承诺(二次修订稿)的公告,其他,2025-02-12,https://data.eastmoney.com/notices/detail/300827/AN202502121643016947.html
300827,上能电气,上能电气:2023年度向特定对象发行股票募集资金使用的可行性分析报告(二次修订稿),其他,2025-02-12,https://data.eastmoney.com/notices/detail/300827/AN202502121643016946.html
300806,斯迪克,斯迪克:斯迪克调研活动信息,调研活动,2025-02-12,https://data.eastmoney.com/notices/detail/300806/AN202502121643016852.html
300715,凯伦股份,凯伦股份:关于实际控制人部分股份质押的公告,股份质押、冻结,2025-02-12,https://data.eastmoney.com/notices/detail/300715/AN202502121643016916.html
920160,北矿检测,北矿检测:2025年第一次临时股东大会决议公告,股东大会决议公告,2025-02-12,https://data.eastmoney.com/notices/detail/920160/AN202502121643016880.html
920699,海达尔,海达尔:投资者关系活动记录表,调研活动,2025-02-12,https://data.eastmoney.com/notices/detail/920699/AN202502121643016738.html
603075,热威股份,热威股份:投资者关系活动记录表2025.2.12,调研活动,2025-02-12,https://data.eastmoney.com/notices/detail/603075/AN202502121643016624.html
605399,晨光新材,晨光新材:江西晨光新材料股份有限公司投资者问答汇总(1月份),调研活动,2025-02-12,https://data.eastmoney.com/notices/detail/605399/AN202502121643016641.html
300968,格林精密,格林精密:关于使用部分闲置募集资金进行现金管理的进展公告,募集资金使用进展情况,2025-02-12,https://data.eastmoney.com/notices/detail/300968/AN202502121643016721.html
300667,必创科技,必创科技:关于控股股东、实际控制人部分股份解除质押的公告,股份质押、冻结,2025-02-12,https://data.eastmoney.com/notices/detail/300667/AN202502121643016720.html
300708,聚灿光电,聚灿光电:关于召开2024年年度股东大会的提示性公告,召开股东大会提示性公告,2025-02-12,https://data.eastmoney.com/notices/detail/300708/AN202502121643016713.html
300302,同有科技,同有科技:关于持股5%以上股东部分股权提前解除质押的公告,股份质押、冻结,2025-02-12,https://data.eastmoney.com/notices/detail/300302/AN202502121643016426.html
300240,飞力达,飞力达:关于公司第一期员工持股计划出售完毕暨提前终止的公告,员工持股计划,2025-02-12,https://data.eastmoney.com/notices/detail/300240/AN202502121643016425.html
002877,智能自控,智能自控:2025年2月10日投资者关系活动记录表,调研活动,2025-02-12,https://data.eastmoney.com/notices/detail/002877/AN202502121643016321.html
301023,奕帆传动,江南奕帆:关于公司独立董事辞职的公告,高管人员任职变动,2025-02-12,https://data.eastmoney.com/notices/detail/301023/AN202502121643016222.html
300983,尤安设计,尤安设计:关于公司提起诉讼事项的进展公告,诉讼仲裁,2025-02-12,https://data.eastmoney.com/notices/detail/300983/AN202502121643016020.html
300183,东软载波,东软载波:关于全资子公司取得发明专利证书的公告,其他,2025-02-12,https://data.eastmoney.com/notices/detail/300183/AN202502121643016022.html
301085,亚康股份,亚康股份:2025年2月12日投资者关系活动记录表,调研活动,2025-02-12,https://data.eastmoney.com/notices/detail/301085/AN202502121643015936.html
688737,中自科技,中自科技:688737.SH-中自科技_2025年1月投资者关系活动记录表,调研活动,2025-02-12,https://data.eastmoney.com/notices/detail/688737/AN202502121643015881.html
300922,天秦装备,天秦装备:关于使用部分闲置募集资金进行现金管理的进展公告,募集资金使用进展情况,2025-02-12,https://data.eastmoney.com/notices/detail/300922/AN202502121643015704.html
301181,标榜股份,标榜股份:关于股份回购比例达到1%暨回购进展公告,回购进展情况,2025-02-12,https://data.eastmoney.com/notices/detail/301181/AN202502121643015684.html
300576,容大感光,容大感光:关于控股股东、一致行动人部分股份质押的公告,股份质押、冻结,2025-02-12,https://data.eastmoney.com/notices/detail/300576/AN202502121643015676.html
301002,崧盛股份,崧盛股份:东方金诚国际信用评估有限公司关于深圳市崧盛电子股份有限公司2024年度业绩预亏的关注公告,业绩预告,2025-02-12,https://data.eastmoney.com/notices/detail/301002/AN202502121643015665.html
301376,致欧科技,致欧科技:关于回购股份事项前十名股东和前十名无限售条件股东持股情况的公告,其他,2025-02-12,https://data.eastmoney.com/notices/detail/301376/AN202502121643015663.html
300581,晨曦航空,晨曦航空:西安晨曦航空科技股份有限公司关于使用部分闲置募集资金进行现金管理到期赎回的公告,投资理财,2025-02-12,https://data.eastmoney.com/notices/detail/300581/AN202502121643015544.html
301279,金道科技,金道科技:关于使用闲置自有资金进行委托理财的进展公告,委托（受托）事项,2025-02-12,https://data.eastmoney.com/notices/detail/301279/AN202502121643015528.html
002469,三维化学,三维化学:2025年2月11日-12日投资者关系活动记录表,调研活动,2025-02-12,https://data.eastmoney.com/notices/detail/002469/AN202502121643015456.html
300837,浙矿股份,浙矿股份:浙矿重工股份有限公司关于预计触发可转债转股价格向下修正条件的提示性公告,其他,2025-02-12,https://data.eastmoney.com/notices/detail/300837/AN202502121643015523.html
300620,光库科技,光库科技:关于使用部分暂时闲置募集资金进行现金管理的进展公告,募集资金使用进展情况,2025-02-12,https://data.eastmoney.com/notices/detail/300620/AN202502121643015522.html
300346,南大光电,南大光电:关于对外担保额度预计的进展公告,提供/对外担保公告,2025-02-12,https://data.eastmoney.com/notices/detail/300346/AN202502121643015234.html
601016,节能风电,节能风电:IR-2025-002 投资者关系活动记录表,调研活动,2025-02-12,https://data.eastmoney.com/notices/detail/601016/AN202502121643014323.html
688523,航天环宇,航天环宇:湖南航天环宇通信科技股份有限公司投资者关系活动记录表(2025年2月11日),调研活动,2025-02-12,https://data.eastmoney.com/notices/detail/688523/AN202502121643014326.html
601992,金隅集团,金隅集团:投资者关系活动记录表 (2月11日机构调研),调研活动,2025-02-12,https://data.eastmoney.com/notices/detail/601992/AN202502121643014324.html
601827,三峰环境,三峰环境:投资者关系活动记录表 (2025年2月7日),调研活动,2025-02-12,https://data.eastmoney.com/notices/detail/601827/AN202502121643014325.html
688393,安必平,安必平:投资者关系活动记录表(2025年2月10日),调研活动,2025-02-12,https://data.eastmoney.com/notices/detail/688393/AN202502121643014327.html
920694,中裕科技,中裕科技:国元证券股份有限公司关于加入为中裕软管科技股份有限公司股票提供做市服务的公告,做市商变动,2025-02-12,https://data.eastmoney.com/notices/detail/920694/AN202502121643014475.html
920599,同力股份,同力股份:国元证券股份有限公司关于加入为陕西同力重工股份有限公司股票提供做市服务的公告,做市商变动,2025-02-12,https://data.eastmoney.com/notices/detail/920599/AN202502121643014461.html
920971,天马新材,天马新材:国元证券股份有限公司关于加入为河南天马新材料股份有限公司股票提供做市服务的公告,做市商变动,2025-02-12,https://data.eastmoney.com/notices/detail/920971/AN202502121643014459.html
920419,路斯股份,路斯股份:国元证券股份有限公司关于加入为山东路斯宠物食品股份有限公司股票提供做市服务的公告,做市商变动,2025-02-12,https://data.eastmoney.com/notices/detail/920419/AN202502121643014462.html
920075,柏星龙,柏星龙:国元证券股份有限公司关于加入为深圳市柏星龙创意包装股份有限公司股票提供做市服务的公告,做市商变动,2025-02-12,https://data.eastmoney.com/notices/detail/920075/AN202502121643014460.html
920038,森合高科,森合高科:公开转让说明书,公开转让说明书,2025-02-12,https://data.eastmoney.com/notices/detail/920038/AN202502121643013947.html
920011,晨光电机,晨光电机:2025年第一次临时股东会的法律意见书,法律意见书,2025-02-12,https://data.eastmoney.com/notices/detail/920011/AN202502121643014384.html
920038,森合高科,森合高科:森合高科关于《公开转让说明书》之更正公告,其他,2025-02-12,https://data.eastmoney.com/notices/detail/920038/AN202502121643014443.html
920011,晨光电机,晨光电机:2025年第一次临时股东会决议公告,股东大会决议公告,2025-02-12,https://data.eastmoney.com/notices/detail/920011/AN202502121643014373.html
002807,江阴银行,江阴银行:2025年2月11日投资者关系活动记录表,调研活动,2025-02-12,https://data.eastmoney.com/notices/detail/002807/AN202502121643013734.html
001390,古麒绒材,3-1-3上市保荐书(注册稿)(安徽古麒绒材股份有限公司),深主板发行上市上市保荐书,2025-02-12,https://data.eastmoney.com/notices/detail/001390/AN202502121643011955.html
001390,古麒绒材,3-1-2发行保荐书(注册稿)(安徽古麒绒材股份有限公司),深主板发行上市发行保荐书,2025-02-12,https://data.eastmoney.com/notices/detail/001390/AN202502121643011956.html
001390,古麒绒材,1-1招股说明书(注册稿)(安徽古麒绒材股份有限公司),深主板发行上市招股说明书注册稿,2025-02-12,https://data.eastmoney.com/notices/detail/001390/AN202502121643011954.html
000710,贝瑞基因,贝瑞基因:000710贝瑞基因投资者关系管理信息20250211,调研活动,2025-02-12,https://data.eastmoney.com/notices/detail/000710/AN202502121643013175.html
300383,光环新网,光环新网:300383光环新网投资者关系管理信息20250211,调研活动,2025-02-12,https://data.eastmoney.com/notices/detail/300383/AN202502121643012298.html
301591,肯特股份,肯特股份:独立董事候选人声明与承诺(高允斌),独立董事候选人声明,2025-02-12,https://data.eastmoney.com/notices/detail/301591/AN202502121643009962.html
301591,肯特股份,肯特股份:第三届董事会第十二次会议决议公告,高管人员任职变动,2025-02-12,https://data.eastmoney.com/notices/detail/301591/AN202502121643009964.html
301591,肯特股份,肯特股份:南京肯特复合材料股份有限公司关于召开2025年第一次临时股东大会的通知,召开股东大会通知,2025-02-12,https://data.eastmoney.com/notices/detail/301591/AN202502121643009963.html
301591,肯特股份,肯特股份:关于独立董事辞职及补选独立董事的公告,高管人员任职变动,2025-02-12,https://data.eastmoney.com/notices/detail/301591/AN202502121643009965.html
301602,超研股份,超研股份:关于签订募集资金三方监管协议的公告,签订协议,2025-02-12,https://data.eastmoney.com/notices/detail/301602/AN202502121643009153.html
301591,肯特股份,肯特股份:独立董事提名人声明与承诺(被提名人:高允斌),独立董事提名人声明,2025-02-12,https://data.eastmoney.com/notices/detail/301591/AN202502121643009154.html
002787,华源控股,华源控股:关于使用自有资金购买理财产品的进展公告,投资理财,2025-02-12,https://data.eastmoney.com/notices/detail/002787/AN202502121643009143.html
301001,凯淳股份,凯淳股份:301001凯淳股份投资者关系活动记录表20250211,调研活动,2025-02-12,https://data.eastmoney.com/notices/detail/301001/AN202502121643009849.html
920288,华大海天,杭州华大海天科技股份有限公司审核问询回复,回复问询函公告,2025-02-12,https://data.eastmoney.com/notices/detail/920288/AN202502121643009122.html
301160,翔楼新材,翔楼新材:301160翔楼新材投资者关系管理信息20250212,调研活动,2025-02-12,https://data.eastmoney.com/notices/detail/301160/AN202502121643007626.html
300855,图南股份,图南股份:300855图南股份投资者关系管理信息20250212,调研活动,2025-02-12,https://data.eastmoney.com/notices/detail/300855/AN202502121643006974.html
300497,富祥股份,富祥药业:关于控股子公司收到新食品原料行政许可申请受理单的公告,其他,2025-02-12,https://data.eastmoney.com/notices/detail/300497/AN202502121643004424.html
A22381,长鹰硬科,关于昆山长鹰硬质材料科技股份有限公司首次公开发行股票并上市辅导备案报告,辅导企业基本情况,2025-02-12,https://data.eastmoney.com/notices/detail/A22381/AN202502121643002719.html
A11035,朝歌数码,关于北京朝歌数码科技股份有限公司首次公开发行股票并上市辅导工作进展报告(第五期),辅导工作进展报告,2025-02-12,https://data.eastmoney.com/notices/detail/A11035/AN202502121643002706.html
301173,毓恬冠佳,毓恬冠佳:股东大会有关本次发行并上市的决议,首发提示性公告,2025-02-12,https://data.eastmoney.com/notices/detail/301173/AN202502111642996074.html
301173,毓恬冠佳,毓恬冠佳:董事会有关本次发行并上市的决议,首发提示性公告,2025-02-12,https://data.eastmoney.com/notices/detail/301173/AN202502111642996081.html
301173,毓恬冠佳,毓恬冠佳:子公司、参股公司简要情况,其他,2025-02-12,https://data.eastmoney.com/notices/detail/301173/AN202502111642996067.html
301173,毓恬冠佳,毓恬冠佳:募集资金具体运用情况,其他,2025-02-12,https://data.eastmoney.com/notices/detail/301173/AN202502111642996088.html
301173,毓恬冠佳,毓恬冠佳:落实投资者关系管理相关规定的安排、股利分配决策程序、股东投票机制建立情况,其他,2025-02-12,https://data.eastmoney.com/notices/detail/301173/AN202502111642996068.html
301173,毓恬冠佳,毓恬冠佳:与投资者保护相关的承诺,其他,2025-02-12,https://data.eastmoney.com/notices/detail/301173/AN202502111642996075.html
301173,毓恬冠佳,毓恬冠佳:发行人及其他责任主体作出的与发行人本次发行上市相关的其他承诺事项,其他,2025-02-12,https://data.eastmoney.com/notices/detail/301173/AN202502111642996070.html
301173,毓恬冠佳,毓恬冠佳:股东大会、董事会、监事会、独立董事、董事会秘书制度的建立健全及运行情况说明,其他,2025-02-12,https://data.eastmoney.com/notices/detail/301173/AN202502111642996079.html
301173,毓恬冠佳,毓恬冠佳:审计委员会及其他专门委员会的设置情况说明,其他,2025-02-12,https://data.eastmoney.com/notices/detail/301173/AN202502111642996086.html
301173,毓恬冠佳,毓恬冠佳:国泰君安证券股份有限公司关于公司首次公开发行股票并在创业板上市的上市保荐书,上市保荐书,2025-02-12,https://data.eastmoney.com/notices/detail/301173/AN202502111642996076.html
301173,毓恬冠佳,毓恬冠佳:经注册会计师鉴证的非经常性损益明细表,保荐/核查意见,2025-02-12,https://data.eastmoney.com/notices/detail/301173/AN202502111642996085.html
301173,毓恬冠佳,毓恬冠佳:首次公开发行股票并在创业板上市提示公告,首发提示性公告,2025-02-12,https://data.eastmoney.com/notices/detail/301173/AN202502111642996082.html
301173,毓恬冠佳,毓恬冠佳:首次公开发行股票并在创业板上市初步询价及推介公告,初步询价及推介公告,2025-02-12,https://data.eastmoney.com/notices/detail/301173/AN202502111642996073.html
301173,毓恬冠佳,毓恬冠佳:国泰君安证券股份有限公司关于公司首次公开发行股票并在创业板上市的发行保荐书,发行保荐书,2025-02-12,https://data.eastmoney.com/notices/detail/301173/AN202502111642996078.html
301173,毓恬冠佳,毓恬冠佳:首次公开发行股票并在创业板上市招股意向书,首发招股意向书,2025-02-12,https://data.eastmoney.com/notices/detail/301173/AN202502111642996069.html
301173,毓恬冠佳,毓恬冠佳:公司财务报表及审阅报告(2024年1月-12月),保荐/核查意见,2025-02-12,https://data.eastmoney.com/notices/detail/301173/AN202502111642996071.html
301173,毓恬冠佳,毓恬冠佳:盈利预测报告及审核报告,保荐/核查意见,2025-02-12,https://data.eastmoney.com/notices/detail/301173/AN202502111642996084.html
301173,毓恬冠佳,毓恬冠佳:公司章程(草案),公司章程,2025-02-12,https://data.eastmoney.com/notices/detail/301173/AN202502111642996083.html
301173,毓恬冠佳,毓恬冠佳:内部控制鉴证报告,保荐/核查意见,2025-02-12,https://data.eastmoney.com/notices/detail/301173/AN202502111642996087.html
600855,航天长峰,航天长峰:北京航天长峰股份有限公司股东及董监高减持股份计划公告,股东/实际控制人股份减持,2025-02-12,https://data.eastmoney.com/notices/detail/600855/AN202502111642995237.html
002931,锋龙股份,锋龙股份:浙江天册律师事务所关于浙江锋龙电气股份有限公司提前赎回可转换公司债券的法律意见书,其他,2025-02-12,https://data.eastmoney.com/notices/detail/002931/AN202502111642994408.html
002931,锋龙股份,锋龙股份:西南证券股份有限公司关于浙江锋龙电气股份有限公司提前赎回“锋龙转债”的核查意见,保荐/核查意见,2025-02-12,https://data.eastmoney.com/notices/detail/002931/AN202502111642994409.html
002931,锋龙股份,锋龙股份:关于提前赎回“锋龙转债”的公告,其他,2025-02-12,https://data.eastmoney.com/notices/detail/002931/AN202502111642994407.html
002931,锋龙股份,锋龙股份:第三届董事会第二十三次会议决议公告,董事会决议公告,2025-02-12,https://data.eastmoney.com/notices/detail/002931/AN202502111642994410.html
002983,芯瑞达,芯瑞达:关于股东及部分董事、高级管理人员减持股份预披露公告,股东/实际控制人股份减持,2025-02-12,https://data.eastmoney.com/notices/detail/002983/AN202502111642994360.html
600378,昊华科技,昊华科技:中信证券股份有限公司关于昊华化工科技集团股份有限公司使用募集资金向子公司增资、提供借款或增资与提供借款相结合的方式以实施募投项目及使用部分闲置募集资金进行现金管理的核查意见,保荐/核查意见,2025-02-12,https://data.eastmoney.com/notices/detail/600378/AN202502111642994107.html
600378,昊华科技,昊华科技:昊华科技关于使用部分闲置募集资金进行现金管理的公告,投资理财,2025-02-12,https://data.eastmoney.com/notices/detail/600378/AN202502111642994112.html
600378,昊华科技,昊华科技:昊华科技关于回购注销公司2019年限制性股票激励计划部分限制性股票的公告,回购进展情况,2025-02-12,https://data.eastmoney.com/notices/detail/600378/AN202502111642994114.html
600378,昊华科技,昊华科技:昊华科技第八届董事会第二十七次会议决议公告,高管人员任职变动,2025-02-12,https://data.eastmoney.com/notices/detail/600378/AN202502111642994106.html
600378,昊华科技,昊华科技:昊华化工科技集团股份有限公司章程(修订稿),公司章程修订,2025-02-12,https://data.eastmoney.com/notices/detail/600378/AN202502111642994109.html
600378,昊华科技,昊华科技:昊华科技关于回购注销公司部分限制性股票通知债权人的公告,通知债权人公告,2025-02-12,https://data.eastmoney.com/notices/detail/600378/AN202502111642994111.html
600378,昊华科技,昊华科技:昊华科技关于使用募集资金向子公司增资、提供借款或增资与提供借款相结合的方式以实施募投项目的公告,募集资金使用情况报告,2025-02-12,https://data.eastmoney.com/notices/detail/600378/AN202502111642994104.html
600378,昊华科技,昊华科技:昊华科技第八届监事会第二十一次会议决议公告,高管人员任职变动,2025-02-12,https://data.eastmoney.com/notices/detail/600378/AN202502111642994110.html
600378,昊华科技,昊华科技:北京市通商律师事务所关于昊华化工科技集团股份有限公司2019年限制性股票激励计划预留授予部分第三个解除限售期解除限售条件成就及回购注销部分限制性股票之法律意见书,法律意见书,2025-02-12,https://data.eastmoney.com/notices/detail/600378/AN202502111642994113.html
600378,昊华科技,昊华科技:昊华科技关于变更公司注册资本暨修订《公司章程》部分条款的公告,公司章程修订,2025-02-12,https://data.eastmoney.com/notices/detail/600378/AN202502111642994105.html
600378,昊华科技,昊华科技:昊华科技关于公司2019年限制性股票激励计划预留授予部分第三个解除限售期解锁条件成就的公告,限售股份上市流通,2025-02-12,https://data.eastmoney.com/notices/detail/600378/AN202502111642994108.html
002717,*ST岭南,岭南股份:第五届董事会第二十九次会议决议公告,高管人员任职变动,2025-02-12,https://data.eastmoney.com/notices/detail/002717/AN202502111642994084.html
002717,*ST岭南,岭南股份:关于重大诉讼的公告,诉讼仲裁,2025-02-12,https://data.eastmoney.com/notices/detail/002717/AN202502111642994085.html
002717,*ST岭南,岭南股份:岭南生态文旅股份有限公司向不特定对象发行可转换公司债券2025年度第五次临时受托管理事务报告,其他,2025-02-12,https://data.eastmoney.com/notices/detail/002717/AN202502111642994083.html
002717,*ST岭南,岭南股份:关于召开2025年第一次临时股东大会的通知,召开股东大会通知,2025-02-12,https://data.eastmoney.com/notices/detail/002717/AN202502111642994082.html
002717,*ST岭南,岭南股份:关于拟变更董事及聘任高管的公告,高管人员任职变动,2025-02-12,https://data.eastmoney.com/notices/detail/002717/AN202502111642994081.html
002045,国光电器,国光电器:第三期员工持股计划管理办法(修订稿),管理办法/制度,2025-02-12,https://data.eastmoney.com/notices/detail/002045/AN202502111642994073.html
002045,国光电器,国光电器:第三期员工持股计划(修订稿),员工持股计划,2025-02-12,https://data.eastmoney.com/notices/detail/002045/AN202502111642994076.html
002045,国光电器,国光电器:北京市中伦律师事务所关于国光电器股份有限公司2025年第一次临时股东大会法律意见书,法律意见书,2025-02-12,https://data.eastmoney.com/notices/detail/002045/AN202502111642994072.html
002045,国光电器,国光电器:第三期员工持股计划摘要(修订稿),员工持股计划,2025-02-12,https://data.eastmoney.com/notices/detail/002045/AN202502111642994075.html
002045,国光电器,国光电器:2025年第一次临时股东大会决议公告,股东大会决议公告,2025-02-12,https://data.eastmoney.com/notices/detail/002045/AN202502111642994074.html
600859,王府井,王府井:王府井2025年第一次临时股东大会决议公告,股东大会决议公告,2025-02-12,https://data.eastmoney.com/notices/detail/600859/AN202502111642993801.html
600859,王府井,王府井:北京市海问律师事务所关于王府井2025年第一次临时股东大会的法律意见书,法律意见书,2025-02-12,https://data.eastmoney.com/notices/detail/600859/AN202502111642993802.html
600859,王府井,王府井:王府井关于使用暂时闲置募集资金进行现金管理的进展公告,募集资金使用进展情况,2025-02-12,https://data.eastmoney.com/notices/detail/600859/AN202502111642993803.html
002309,中利集团,*ST中利:关于延期召开2025年第二次临时股东大会的公告,变更股东大会时间,2025-02-12,https://data.eastmoney.com/notices/detail/002309/AN202502111642993794.html
002309,中利集团,*ST中利:第七届董事会2025年第二次临时会议决议公告,董事会决议公告,2025-02-12,https://data.eastmoney.com/notices/detail/002309/AN202502111642993793.html
688082,盛美上海,盛美上海:北京市金杜律师事务所上海分所关于盛美半导体设备(上海)股份有限公司2025年第一次临时股东大会之法律意见书,法律意见书,2025-02-12,https://data.eastmoney.com/notices/detail/688082/AN202502111642993788.html
688082,盛美上海,盛美上海:2025年第一次临时股东大会决议公告,其他增发事项公告,2025-02-12,https://data.eastmoney.com/notices/detail/688082/AN202502111642993787.html
300883,龙利得,龙利得:关于持股5%以上股东减持计划的预披露公告,股东/实际控制人股份减持,2025-02-12,https://data.eastmoney.com/notices/detail/300883/AN202502111642993351.html
300102,乾照光电,乾照光电:持股5%以上股东减持股份预披露公告,股东/实际控制人股份减持,2025-02-12,https://data.eastmoney.com/notices/detail/300102/AN202502111642993301.html
300102,乾照光电,乾照光电:关于部分高级管理人员减持股份预披露公告,高管人员持股变动,2025-02-12,https://data.eastmoney.com/notices/detail/300102/AN202502111642993300.html
002050,三花智控,三花智控:简式权益变动报告书,权益变动报告书,2025-02-12,https://data.eastmoney.com/notices/detail/002050/AN202502111642993294.html
002050,三花智控,三花智控:关于控股股东及其一致行动人权益变动暨披露简式权益变动报告书的提示性公告,权益变动报告书,2025-02-12,https://data.eastmoney.com/notices/detail/002050/AN202502111642993293.html
301367,瑞迈特,怡和嘉业:关于持股5%以上股东及其一致行动人减持股份达到1%暨减持计划届满实施情况的公告,股东/实际控制人股份减持,2025-02-12,https://data.eastmoney.com/notices/detail/301367/AN202502111642993280.html
603194,中力股份,中力股份:关于使用部分暂时闲置募集资金进行现金管理的公告,投资理财,2025-02-12,https://data.eastmoney.com/notices/detail/603194/AN202502111642993055.html
603194,中力股份,中力股份:关于为客户提供融资租赁回购担保、信用担保的公告,提供/对外担保公告,2025-02-12,https://data.eastmoney.com/notices/detail/603194/AN202502111642993046.html
603194,中力股份,中力股份:国泰君安证券股份有限公司关于浙江中力机械股份有限公司调整募集资金投资项目拟投入募集资金金额并延期的核查意见,保荐/核查意见,2025-02-12,https://data.eastmoney.com/notices/detail/603194/AN202502111642993050.html
603194,中力股份,中力股份:关于召开2025年第一次临时股东大会的通知,召开股东大会通知,2025-02-12,https://data.eastmoney.com/notices/detail/603194/AN202502111642993049.html
603194,中力股份,中力股份:浙江中力机械股份有限公司章程,公司章程,2025-02-12,https://data.eastmoney.com/notices/detail/603194/AN202502111642993052.html
603194,中力股份,中力股份:关于使用募集资金置换预先投入募投项目及已支付发行费用的自筹资金的公告,募集资金使用情况报告,2025-02-12,https://data.eastmoney.com/notices/detail/603194/AN202502111642993047.html
603194,中力股份,中力股份:国泰君安证券股份有限公司关于浙江中力机械股份有限公司使用募集资金置换预先投入募投项目及已支付发行费用的自筹资金的核查意见,保荐/核查意见,2025-02-12,https://data.eastmoney.com/notices/detail/603194/AN202502111642993053.html
603194,中力股份,中力股份:国泰君安证券股份有限公司关于浙江中力机械股份有限公司使用部分募集资金向全资子公司提供借款以实施募投项目的核查意见,保荐/核查意见,2025-02-12,https://data.eastmoney.com/notices/detail/603194/AN202502111642993258.html
603194,中力股份,中力股份:国泰君安证券股份有限公司关于浙江中力机械股份有限公司使用部分闲置募集资金进行现金管理的核查意见,保荐/核查意见,2025-02-12,https://data.eastmoney.com/notices/detail/603194/AN202502111642993056.html
603194,中力股份,中力股份:浙江中力机械股份有限公司募集资金置换专项鉴证报告,保荐/核查意见,2025-02-12,https://data.eastmoney.com/notices/detail/603194/AN202502111642993048.html
603194,中力股份,中力股份:第二届监事会第八次会议决议公告,监事会决议公告,2025-02-12,https://data.eastmoney.com/notices/detail/603194/AN202502111642993259.html
603194,中力股份,中力股份:第二届董事会第十次会议决议公告,董事会决议公告,2025-02-12,https://data.eastmoney.com/notices/detail/603194/AN202502111642993260.html
603194,中力股份,中力股份:关于使用部分募集资金向全资子公司提供借款以实施募投项目的公告,募集资金使用情况报告,2025-02-12,https://data.eastmoney.com/notices/detail/603194/AN202502111642993054.html
603194,中力股份,中力股份:关于变更公司注册资本、公司类型、公司经营范围及修订公司章程并办理工商变更登记的公告,公司经营范围变更,2025-02-12,https://data.eastmoney.com/notices/detail/603194/AN202502111642993051.html
603194,中力股份,中力股份:关于调整募集资金投资项目拟投入募集资金金额并延期的公告,变更募集资金投资项目,2025-02-12,https://data.eastmoney.com/notices/detail/603194/AN202502111642993257.html
603719,良品铺子,良品铺子:良品铺子股东减持股份计划公告,股东/实际控制人股份减持,2025-02-12,https://data.eastmoney.com/notices/detail/603719/AN202502111642993045.html
605398,新炬网络,新炬网络:上海新炬网络信息技术股份有限公司股票交易严重异常波动暨风险提示公告,股票交易异常波动,2025-02-12,https://data.eastmoney.com/notices/detail/605398/AN202502111642992864.html
605398,新炬网络,新炬网络:实际控制人《关于上海新炬网络信息技术股份有限公司股票交易严重异常波动的问询函》的回函,回复问询函公告,2025-02-12,https://data.eastmoney.com/notices/detail/605398/AN202502111642992863.html
600469,风神股份,风神股份:风神轮胎股份有限公司关于2024年度以简易程序向特定对象发行股票申请获得上海证券交易所受理的公告,其他,2025-02-12,https://data.eastmoney.com/notices/detail/600469/AN202502111642992655.html
002615,哈尔斯,哈尔斯:中银国际证券股份有限公司关于浙江哈尔斯真空器皿股份有限公司2023年度向特定对象发行A股股票之发行保荐书(修订稿),发行保荐书,2025-02-12,https://data.eastmoney.com/notices/detail/002615/AN202502111642992627.html
002615,哈尔斯,哈尔斯:中银国际证券股份有限公司关于浙江哈尔斯真空器皿股份有限公司2023年度向特定对象发行A股股票之上市保荐书(修订稿),上市保荐书,2025-02-12,https://data.eastmoney.com/notices/detail/002615/AN202502111642992628.html
002615,哈尔斯,哈尔斯:北京市竞天公诚律师事务所关于浙江哈尔斯真空器皿股份有限公司向特定对象发行人民币普通股股票的补充法律意见书(一),法律意见书,2025-02-12,https://data.eastmoney.com/notices/detail/002615/AN202502111642992626.html
002615,哈尔斯,哈尔斯:关于浙江哈尔斯真空器皿股份有限公司申请向特定对象发行股票的审核问询函的回复,回复问询函公告,2025-02-12,https://data.eastmoney.com/notices/detail/002615/AN202502111642992625.html
002615,哈尔斯,哈尔斯:天健会计师事务所(特殊普通合伙)关于浙江哈尔斯真空器皿股份有限公司申请向特定对象发行股票审核问询函专项说明,专项说明/独立意见,2025-02-12,https://data.eastmoney.com/notices/detail/002615/AN202502111642992624.html
002615,哈尔斯,哈尔斯:浙江哈尔斯真空器皿股份有限公司2023年度向特定对象发行A股股票募集说明书(修订稿),增发方案修订,2025-02-12,https://data.eastmoney.com/notices/detail/002615/AN202502111642992623.html
002615,哈尔斯,哈尔斯:关于向特定对象发行股票申请文件的审核问询函回复及募集说明书等申请文件更新的提示性公告,回复问询函公告,2025-02-12,https://data.eastmoney.com/notices/detail/002615/AN202502111642992629.html
603518,锦泓集团,锦泓集团:锦泓时装集团股份有限公司章程(2025年2月修订草案),公司章程修订,2025-02-12,https://data.eastmoney.com/notices/detail/603518/AN202502111642992600.html
603518,锦泓集团,锦泓集团:锦泓时装集团股份有限公司关于变更注册资本暨修订《公司章程》的公告,公司章程修订,2025-02-12,https://data.eastmoney.com/notices/detail/603518/AN202502111642992597.html
603518,锦泓集团,锦泓集团:中信建投证券股份有限公司关于锦泓时装集团股份有限公司部分募投项目延期及投资金额调整的核查意见,保荐/核查意见,2025-02-12,https://data.eastmoney.com/notices/detail/603518/AN202502111642992603.html
603518,锦泓集团,锦泓集团:锦泓时装集团股份有限公司关于回购注销第二期员工持股计划部分股份的公告,员工持股计划,2025-02-12,https://data.eastmoney.com/notices/detail/603518/AN202502111642992604.html
603518,锦泓集团,锦泓集团:锦泓时装集团股份有限公司关于部分募投项目延期及投资金额调整的公告,变更募集资金投资项目,2025-02-12,https://data.eastmoney.com/notices/detail/603518/AN202502111642992601.html
603518,锦泓集团,锦泓集团:锦泓时装集团股份有限公司关于召开2025年第一次临时股东大会的通知,召开股东大会通知,2025-02-12,https://data.eastmoney.com/notices/detail/603518/AN202502111642992599.html
603518,锦泓集团,锦泓集团:锦泓时装集团股份有限公司第五届董事会第三十五次会议决议公告,董事会决议公告,2025-02-12,https://data.eastmoney.com/notices/detail/603518/AN202502111642992598.html
603518,锦泓集团,锦泓集团:锦泓时装集团股份有限公司第五届监事会第三十四次会议决议公告,监事会决议公告,2025-02-12,https://data.eastmoney.com/notices/detail/603518/AN202502111642992605.html
603518,锦泓集团,锦泓集团:锦泓时装集团股份有限公司2025年第一次临时股东大会会议文件,股东大会资料,2025-02-12,https://data.eastmoney.com/notices/detail/603518/AN202502111642992602.html
002168,ST惠程,ST惠程:关于2025年度公司及控股子公司向融资机构申请综合授信额度暨公司对外提供担保额度预计的公告,担保年度额度预计,2025-02-12,https://data.eastmoney.com/notices/detail/002168/AN202502111642992579.html
002168,ST惠程,ST惠程:关于公司接受关联方财务资助展期的公告,获得补贴（资助）,2025-02-12,https://data.eastmoney.com/notices/detail/002168/AN202502111642992580.html
002168,ST惠程,ST惠程:第八届监事会第七次会议决议公告,监事会决议公告,2025-02-12,https://data.eastmoney.com/notices/detail/002168/AN202502111642992581.html
002168,ST惠程,ST惠程:关于2025年度接受关联方无偿担保额度预计的公告,担保年度额度预计,2025-02-12,https://data.eastmoney.com/notices/detail/002168/AN202502111642992582.html
002168,ST惠程,ST惠程:第八届董事会第九次会议决议公告,董事会决议公告,2025-02-12,https://data.eastmoney.com/notices/detail/002168/AN202502111642992578.html
002168,ST惠程,ST惠程:关于召开2025年第二次临时股东会的通知,召开股东大会通知,2025-02-12,https://data.eastmoney.com/notices/detail/002168/AN202502111642992577.html
002750,龙津退,*ST龙津:关于公司股票可能被终止上市的风险提示公告,终止上市风险提示,2025-02-12,https://data.eastmoney.com/notices/detail/002750/AN202502111642992561.html
002750,龙津退,*ST龙津:股票交易异常波动公告,股票交易异常波动,2025-02-12,https://data.eastmoney.com/notices/detail/002750/AN202502111642992560.html
000632,ST三木,三木集团:关于持股5%以上股东所持部分股份将被司法拍卖的提示性公告,诉讼仲裁,2025-02-12,https://data.eastmoney.com/notices/detail/000632/AN202502111642992562.html
600683,京投发展,京投发展:京投发展股份有限公司关于持股5%以上股东减持股份结果公告,股东/实际控制人股份减持,2025-02-12,https://data.eastmoney.com/notices/detail/600683/AN202502111642992351.html
002200,交投生态,ST交投:关于诉讼事项的公告(易园园林),诉讼仲裁,2025-02-12,https://data.eastmoney.com/notices/detail/002200/AN202502111642992334.html
603825,ST华扬,华扬联众:华扬联众数字技术股份有限公司关于董事会、监事会完成换届选举暨公司控制权完成变更的公告,高管人员任职变动,2025-02-12,https://data.eastmoney.com/notices/detail/603825/AN202502111642992300.html
603825,ST华扬,华扬联众:华扬联众数字技术股份有限公司关于第六届监事会第一次(临时)会议决议的公告,高管人员任职变动,2025-02-12,https://data.eastmoney.com/notices/detail/603825/AN202502111642992298.html
603825,ST华扬,华扬联众:华扬联众数字技术股份有限公司关于第六届董事会第一次(临时)会议决议的公告,高管人员任职变动,2025-02-12,https://data.eastmoney.com/notices/detail/603825/AN202502111642992299.html
603825,ST华扬,华扬联众:华扬联众数字技术股份有限公司董事会提名与薪酬委员会议事规则(2025年2月修订),议事规则/实施细则,2025-02-12,https://data.eastmoney.com/notices/detail/603825/AN202502111642992301.html
600666,奥瑞德,奥瑞德:关于奥瑞德股票交易异常波动问询函的回复,回复问询函公告,2025-02-12,https://data.eastmoney.com/notices/detail/600666/AN202502111642992294.html
600666,奥瑞德,奥瑞德:奥瑞德股票交易异常波动公告,股票交易异常波动,2025-02-12,https://data.eastmoney.com/notices/detail/600666/AN202502111642992293.html
688696,极米科技,极米科技:中信证券股份有限公司关于极米科技股东向特定机构投资者询价转让股份相关资格的核查意见,询价转让核查报告/意见,2025-02-12,https://data.eastmoney.com/notices/detail/688696/AN202502111642989443.html
688696,极米科技,极米科技:股东询价转让计划书,询价转让计划书,2025-02-12,https://data.eastmoney.com/notices/detail/688696/AN202502111642989442.html
600705,中航产融,中航产融:北京市君泽君律师事务所关于2025年第一次临时股东大会的法律意见,法律意见书,2025-02-12,https://data.eastmoney.com/notices/detail/600705/AN202502111642988959.html
600705,中航产融,中航产融:中航产融2025年第一次临时股东大会决议公告,股东大会决议公告,2025-02-12,https://data.eastmoney.com/notices/detail/600705/AN202502111642988960.html
002217,ST合力泰,*ST合泰:舆情管理制度,管理办法/制度,2025-02-12,https://data.eastmoney.com/notices/detail/002217/AN202502111642989199.html
002217,ST合力泰,*ST合泰:公司章程(2025年2月修订),公司章程修订,2025-02-12,https://data.eastmoney.com/notices/detail/002217/AN202502111642989200.html
002217,ST合力泰,*ST合泰:关于变更注册资本并修订公司章程的公告,公司章程修订,2025-02-12,https://data.eastmoney.com/notices/detail/002217/AN202502111642989205.html
002217,ST合力泰,*ST合泰:关于预计2025年度日常关联交易额度的公告,关联交易,2025-02-12,https://data.eastmoney.com/notices/detail/002217/AN202502111642989202.html
002217,ST合力泰,*ST合泰:关于预计2025年度担保额度的公告,担保年度额度预计,2025-02-12,https://data.eastmoney.com/notices/detail/002217/AN202502111642989203.html
002217,ST合力泰,*ST合泰:关于2025年第一次临时股东大会的通知,召开股东大会通知,2025-02-12,https://data.eastmoney.com/notices/detail/002217/AN202502111642989206.html
002217,ST合力泰,*ST合泰:第七届董事会第十六次会议决议公告,董事会决议公告,2025-02-12,https://data.eastmoney.com/notices/detail/002217/AN202502111642989201.html
688110,东芯股份,东芯股份:关于董监高集中竞价减持股份计划的公告,股东/实际控制人股份减持,2025-02-12,https://data.eastmoney.com/notices/detail/688110/AN202502111642988903.html
001206,依依股份,依依股份:关于公司及全资子公司开展外汇衍生品套期保值业务的公告,其他,2025-02-12,https://data.eastmoney.com/notices/detail/001206/AN202502111642986394.html
001206,依依股份,依依股份:关于公司及全资子公司向金融机构申请新增综合授信额度并由公司为子公司提供担保的公告,提供/对外担保公告,2025-02-12,https://data.eastmoney.com/notices/detail/001206/AN202502111642986390.html
001206,依依股份,依依股份:天津市依依卫生用品股份有限公司关于开展外汇衍生品套期保值业务可行性分析报告,其他,2025-02-12,https://data.eastmoney.com/notices/detail/001206/AN202502111642986392.html
001206,依依股份,依依股份:关于召开2025年第一次临时股东大会通知的公告,召开股东大会通知,2025-02-12,https://data.eastmoney.com/notices/detail/001206/AN202502111642986393.html
001206,依依股份,依依股份:第三届董事会第十八次会议决议公告,董事会决议公告,2025-02-12,https://data.eastmoney.com/notices/detail/001206/AN202502111642986389.html
001206,依依股份,依依股份:第三届监事会第十八次会议决议公告,监事会决议公告,2025-02-12,https://data.eastmoney.com/notices/detail/001206/AN202502111642986387.html
001206,依依股份,依依股份:关于使用闲置自有资金进行现金管理的公告,投资理财,2025-02-12,https://data.eastmoney.com/notices/detail/001206/AN202502111642986388.html
300586,美联新材,美联新材:关于持股5%以上股东股份减持计划期满暨实施情况的公告,股东/实际控制人股份减持,2025-02-12,https://data.eastmoney.com/notices/detail/300586/AN202502111642986391.html
002893,京能热力,京能热力:关于特定股东股份减持计划期限届满的公告,股东/实际控制人股份减持,2025-02-12,https://data.eastmoney.com/notices/detail/002893/AN202502111642982243.html
000935,四川双马,四川双马:关于持股5%以上股东减持股份的预披露公告,股东/实际控制人股份减持,2025-02-12,https://data.eastmoney.com/notices/detail/000935/AN202502111642982242.html
000513,丽珠集团,丽珠集团:H股公告:翌日披露报表-回购股份,其他,2025-02-12,https://data.eastmoney.com/notices/detail/000513/AN202502111642980724.html
002727,一心堂,一心堂:子公司管理办法,管理办法/制度,2025-02-12,https://data.eastmoney.com/notices/detail/002727/AN202502111642980720.html
002727,一心堂,一心堂:第六届董事会2025年第一次独立董事专门会议审核意见,专项说明/独立意见,2025-02-12,https://data.eastmoney.com/notices/detail/002727/AN202502111642980718.html
002727,一心堂,一心堂:一心堂药业集团股份有限公司以自筹资金预先投入募集资金投资项目情况报告的鉴证报告,保荐/核查意见,2025-02-12,https://data.eastmoney.com/notices/detail/002727/AN202502111642980723.html
002727,一心堂,一心堂:东兴证券股份有限公司关于一心堂药业集团股份有限公司以募集资金置换已预先投入募投项目自筹资金事项的核查意见,保荐/核查意见,2025-02-12,https://data.eastmoney.com/notices/detail/002727/AN202502111642980719.html
002727,一心堂,一心堂:关于以募集资金置换已预先投入募投项目自筹资金的公告,募集资金使用情况报告,2025-02-12,https://data.eastmoney.com/notices/detail/002727/AN202502111642980721.html
002727,一心堂,一心堂:第六届监事会第十三次会议决议公告,监事会决议公告,2025-02-12,https://data.eastmoney.com/notices/detail/002727/AN202502111642980717.html
002727,一心堂,一心堂:关于回购公司股份方案暨取得金融机构股票回购专项贷款承诺函的公告,借贷,2025-02-12,https://data.eastmoney.com/notices/detail/002727/AN202502111642980726.html
002727,一心堂,一心堂:第六届董事会第十三次会议决议公告,董事会决议公告,2025-02-12,https://data.eastmoney.com/notices/detail/002727/AN202502111642980725.html
000796,凯撒旅业,凯撒旅业:第十一届董事会第十三次会议决议公告,董事会决议公告,2025-02-12,https://data.eastmoney.com/notices/detail/000796/AN202502111642979070.html
000796,凯撒旅业,凯撒旅业:凯撒同盛发展股份有限公司投资管理办法,管理办法/制度,2025-02-12,https://data.eastmoney.com/notices/detail/000796/AN202502111642979071.html
000796,凯撒旅业,凯撒旅业:关于2025年度日常关联交易预计的公告,关联交易,2025-02-12,https://data.eastmoney.com/notices/detail/000796/AN202502111642979069.html
000796,凯撒旅业,凯撒旅业:关于召开2025年第一次临时股东大会的通知,召开股东大会通知,2025-02-12,https://data.eastmoney.com/notices/detail/000796/AN202502111642979059.html
002927,泰永长征,泰永长征:广东信达律师事务所关于贵州泰永长征技术股份有限公司2025年第一次临时股东大会法律意见书,法律意见书,2025-02-12,https://data.eastmoney.com/notices/detail/002927/AN202502111642978733.html
002927,泰永长征,泰永长征:2025年第一次临时股东大会决议公告,股东大会决议公告,2025-02-12,https://data.eastmoney.com/notices/detail/002927/AN202502111642978732.html
002696,百洋股份,百洋股份:关于2024年限制性股票激励计划首次授予登记完成的公告,股本变动,2025-02-12,https://data.eastmoney.com/notices/detail/002696/AN202502111642978662.html
000877,天山股份,天山股份:北京市嘉源律师事务所关于天山材料股份有限公司2025年第一次临时股东大会的法律意见书,法律意见书,2025-02-12,https://data.eastmoney.com/notices/detail/000877/AN202502111642978665.html
000877,天山股份,天山股份:关于董事会、监事会完成换届选举并聘任高级管理人员的公告,高管人员任职变动,2025-02-12,https://data.eastmoney.com/notices/detail/000877/AN202502111642978658.html
000877,天山股份,天山股份:第九届监事会第一次会议决议公告,高管人员任职变动,2025-02-12,https://data.eastmoney.com/notices/detail/000877/AN202502111642978659.html
000877,天山股份,天山股份:第九届董事会第一次会议决议公告,高管人员任职变动,2025-02-12,https://data.eastmoney.com/notices/detail/000877/AN202502111642978661.html
000877,天山股份,天山股份:2025年第一次临时股东大会决议公告,股东大会决议公告,2025-02-12,https://data.eastmoney.com/notices/detail/000877/AN202502111642978664.html
000598,兴蓉环境,兴蓉环境:2025年第二次临时股东大会的法律意见书,法律意见书,2025-02-12,https://data.eastmoney.com/notices/detail/000598/AN202502111642978660.html
000598,兴蓉环境,兴蓉环境:2025年第二次临时股东大会决议公告,股东大会决议公告,2025-02-12,https://data.eastmoney.com/notices/detail/000598/AN202502111642978663.html
688002,睿创微纳,睿创微纳:第三届董事会第二十二次会议决议公告,高管人员任职变动,2025-02-12,https://data.eastmoney.com/notices/detail/688002/AN202502111642978243.html
688002,睿创微纳,睿创微纳:中信证券股份有限公司关于烟台睿创微纳技术股份有限公司调整核心技术人员的核查意见,保荐/核查意见,2025-02-12,https://data.eastmoney.com/notices/detail/688002/AN202502111642978244.html
688002,睿创微纳,睿创微纳:关于选举副董事长、高级管理人员变动暨调整核心技术人员的公告,高管人员任职变动,2025-02-12,https://data.eastmoney.com/notices/detail/688002/AN202502111642978242.html
688002,睿创微纳,睿创微纳:舆情管理制度,管理办法/制度,2025-02-12,https://data.eastmoney.com/notices/detail/688002/AN202502111642978241.html
603317,天味食品,天味食品:关于使用部分闲置募集资金进行现金管理到期赎回的公告,投资理财,2025-02-12,https://data.eastmoney.com/notices/detail/603317/AN202502111642978227.html
603799,华友钴业,华友钴业:华友钴业关于控股股东增持公司股份结果的更正公告,其他,2025-02-12,https://data.eastmoney.com/notices/detail/603799/AN202502111642978217.html
688190,云路股份,云路股份:2025年第一次临时股东大会会议资料,股东大会资料,2025-02-12,https://data.eastmoney.com/notices/detail/688190/AN202502111642978210.html
688398,赛特新材,赛特新材:关于聘任副总经理、董事会秘书的公告,高管人员任职变动,2025-02-12,https://data.eastmoney.com/notices/detail/688398/AN202502111642978206.html
688357,建龙微纳,建龙微纳:北京大成律师事务所关于洛阳建龙微纳新材料股份有限公司2025年第一次临时股东大会之法律意见书,法律意见书,2025-02-12,https://data.eastmoney.com/notices/detail/688357/AN202502111642978209.html
688357,建龙微纳,建龙微纳:2025年第一次临时股东大会决议公告,股东大会决议公告,2025-02-12,https://data.eastmoney.com/notices/detail/688357/AN202502111642978207.html
688398,赛特新材,赛特新材:关于使用暂时闲置自有资金进行现金管理的公告,投资理财,2025-02-12,https://data.eastmoney.com/notices/detail/688398/AN202502111642978205.html
688398,赛特新材,赛特新材:第五届监事会第十一次会议决议公告,监事会决议公告,2025-02-12,https://data.eastmoney.com/notices/detail/688398/AN202502111642978208.html
000657,中钨高新,中钨高新:北京市嘉源律师事务所关于中钨高新材料股份有限公司2025年第三次临时股东大会的法律意见书,法律意见书,2025-02-12,https://data.eastmoney.com/notices/detail/000657/AN202502111642978195.html
000657,中钨高新,中钨高新:2025年第三次临时股东大会决议公告,股东大会决议公告,2025-02-12,https://data.eastmoney.com/notices/detail/000657/AN202502111642978196.html
300919,中伟新材,中伟股份:关于全资子公司与POSCOHoldings终止投资镍精炼厂合资企业的公告,其他,2025-02-12,https://data.eastmoney.com/notices/detail/300919/AN202502111642978182.html
000629,钒钛股份,钒钛股份:关于与大连融科储能集团股份有限公司签订《2025年钒储能原料合作年度框架协议》的公告,签订协议,2025-02-12,https://data.eastmoney.com/notices/detail/000629/AN202502111642978181.html
601012,隆基绿能,隆基绿能:关于“隆22转债”预计满足转股价格向下修正条件的提示性公告,其他,2025-02-12,https://data.eastmoney.com/notices/detail/601012/AN202502111642978173.html
688234,天岳先进,天岳先进:2025年第一次临时股东大会会议资料,股东大会资料,2025-02-12,https://data.eastmoney.com/notices/detail/688234/AN202502111642978166.html
002929,润建股份,润建股份:关于股票交易异常波动的公告,股票交易异常波动,2025-02-12,https://data.eastmoney.com/notices/detail/002929/AN202502111642978101.html
600837,海通证券,海通证券:海通证券股份有限公司关于公司A股股票可能终止上市的风险提示性公告,终止上市风险提示,2025-02-12,https://data.eastmoney.com/notices/detail/600837/AN202502111642977952.html
600837,海通证券,海通证券:海通证券股份有限公司关于上海证券交易所受理公司A股股票终止上市申请的公告,其他,2025-02-12,https://data.eastmoney.com/notices/detail/600837/AN202502111642977951.html
603392,万泰生物,万泰生物:万泰生物高级管理人员集中竞价减持股份计划公告,高管人员持股变动,2025-02-12,https://data.eastmoney.com/notices/detail/603392/AN202502111642977945.html
601211,国泰海通,国泰君安:国泰君安证券股份有限公司关于海通证券股份有限公司A股股东参与换股相关事项的提示性公告,其他,2025-02-12,https://data.eastmoney.com/notices/detail/601211/AN202502111642977944.html
002620,*ST瑞和,瑞和股份:独立董事候选人声明与承诺(高刚),独立董事候选人声明,2025-02-12,https://data.eastmoney.com/notices/detail/002620/AN202502111642977917.html
002620,*ST瑞和,瑞和股份:独立董事提名人声明与承诺(赵庆祥),独立董事提名人声明,2025-02-12,https://data.eastmoney.com/notices/detail/002620/AN202502111642977911.html
002620,*ST瑞和,瑞和股份:独立董事提名人声明与承诺(杨小磊),独立董事提名人声明,2025-02-12,https://data.eastmoney.com/notices/detail/002620/AN202502111642977919.html
002620,*ST瑞和,瑞和股份:独立董事提名人声明与承诺(高刚),独立董事提名人声明,2025-02-12,https://data.eastmoney.com/notices/detail/002620/AN202502111642977920.html
002620,*ST瑞和,瑞和股份:独立董事候选人声明与承诺(杨小磊),独立董事候选人声明,2025-02-12,https://data.eastmoney.com/notices/detail/002620/AN202502111642977910.html
002620,*ST瑞和,瑞和股份:独立董事候选人声明与承诺(赵庆祥),独立董事候选人声明,2025-02-12,https://data.eastmoney.com/notices/detail/002620/AN202502111642977914.html
002620,*ST瑞和,瑞和股份:第五届监事会2025年第一次会议决议公告,高管人员任职变动,2025-02-12,https://data.eastmoney.com/notices/detail/002620/AN202502111642977913.html
002620,*ST瑞和,瑞和股份:第五届董事会2025年第一次会议决议公告,高管人员任职变动,2025-02-12,https://data.eastmoney.com/notices/detail/002620/AN202502111642977918.html
002620,*ST瑞和,瑞和股份:关于召开2025年第一次临时股东大会的通知,召开股东大会通知,2025-02-12,https://data.eastmoney.com/notices/detail/002620/AN202502111642977912.html
002187,广百股份,广百股份:关于完成法定代表人工商变更登记的公告,法定代表人变更,2025-02-12,https://data.eastmoney.com/notices/detail/002187/AN202502111642977915.html
000906,浙商中拓,浙商中拓:2025年第一次临时股东大会的法律意见书,法律意见书,2025-02-12,https://data.eastmoney.com/notices/detail/000906/AN202502111642977916.html
000906,浙商中拓,浙商中拓:2025年第一次临时股东大会决议公告,股东大会决议公告,2025-02-12,https://data.eastmoney.com/notices/detail/000906/AN202502111642977683.html
600817,宇通重工,宇通重工:2022年限制性股票激励计划调整回购价格的法律意见书,法律意见书,2025-02-12,https://data.eastmoney.com/notices/detail/600817/AN202502111642977678.html
600817,宇通重工,宇通重工:关于召开2025年第一次临时股东大会的通知,召开股东大会通知,2025-02-12,https://data.eastmoney.com/notices/detail/600817/AN202502111642977679.html
600811,*ST东方,东方集团:东方集团关于公司及子公司部分债务及相关担保逾期的公告,其他担保公告,2025-02-12,https://data.eastmoney.com/notices/detail/600811/AN202502111642977671.html
600817,宇通重工,宇通重工:关于回购注销部分限制性股票通知债权人的公告,通知债权人公告,2025-02-12,https://data.eastmoney.com/notices/detail/600817/AN202502111642977675.html
600817,宇通重工,宇通重工:第十一届监事会第三十二次会议决议公告,监事会决议公告,2025-02-12,https://data.eastmoney.com/notices/detail/600817/AN202502111642977673.html
600817,宇通重工,宇通重工:2024年限制性股票激励计划调整回购价格及回购注销部分限制性股票的法律意见书,法律意见书,2025-02-12,https://data.eastmoney.com/notices/detail/600817/AN202502111642977672.html
600817,宇通重工,宇通重工:第十一届董事会第三十二次会议决议公告,高管人员任职变动,2025-02-12,https://data.eastmoney.com/notices/detail/600817/AN202502111642977669.html
600817,宇通重工,宇通重工:独立董事候选人声明与承诺(王秀芬),独立董事候选人声明,2025-02-12,https://data.eastmoney.com/notices/detail/600817/AN202502111642977674.html
600817,宇通重工,宇通重工:第十一届董事会提名委员会关于公司董事会换届的审查意见,专项说明/独立意见,2025-02-12,https://data.eastmoney.com/notices/detail/600817/AN202502111642977670.html
600817,宇通重工,宇通重工:独立董事候选人声明与承诺(马书龙),独立董事候选人声明,2025-02-12,https://data.eastmoney.com/notices/detail/600817/AN202502111642977680.html
600817,宇通重工,宇通重工:关于调整限制性股票回购价格并回购注销部分限制性股票的公告,回购方案修订,2025-02-12,https://data.eastmoney.com/notices/detail/600817/AN202502111642977681.html
600817,宇通重工,宇通重工:独立董事提名人声明与承诺,独立董事提名人声明,2025-02-12,https://data.eastmoney.com/notices/detail/600817/AN202502111642977676.html
600817,宇通重工,宇通重工:独立董事候选人声明与承诺(郑秀峰),独立董事候选人声明,2025-02-12,https://data.eastmoney.com/notices/detail/600817/AN202502111642977677.html
600739,辽宁成大,辽宁成大:辽宁成大股份有限公司关于公司董事会拟换届的进展公告,高管人员任职变动,2025-02-12,https://data.eastmoney.com/notices/detail/600739/AN202502111642977496.html
601668,中国建筑,中国建筑:中国建筑关于控股股东增持公司股份进展的公告,股东/实际控制人股份增持,2025-02-12,https://data.eastmoney.com/notices/detail/601668/AN202502111642977495.html
000898,鞍钢股份,鞍钢股份:鞍钢股份关于召开2025年第一次临时股东大会的通知,召开股东大会通知,2025-02-12,https://data.eastmoney.com/notices/detail/000898/AN202502111642977491.html
000898,鞍钢股份,鞍钢股份:鞍钢股份第九届第三十四次董事会决议公告,高管人员任职变动,2025-02-12,https://data.eastmoney.com/notices/detail/000898/AN202502111642977490.html
000898,鞍钢股份,鞍钢股份:鞍钢股份有限公司关于董事、高管辞任及董事会秘书变更公告,高管人员任职变动,2025-02-12,https://data.eastmoney.com/notices/detail/000898/AN202502111642977494.html
002527,新时达,新时达:关于筹划重大事项进展暨继续停牌的公告,停牌公告,2025-02-12,https://data.eastmoney.com/notices/detail/002527/AN202502111642977492.html
301210,金杨精密,金杨股份:上海荣正企业咨询服务(集团)股份有限公司关于无锡市金杨新材料股份有限公司2025年限制性股票激励计划(草案)之财务顾问报告,保荐/核查意见,2025-02-12,https://data.eastmoney.com/notices/detail/301210/AN202502111642977489.html
301210,金杨精密,金杨股份:独立董事公开征集委托投票权报告书,其他,2025-02-12,https://data.eastmoney.com/notices/detail/301210/AN202502111642977469.html
301210,金杨精密,金杨股份:关于召开2025年第一次临时股东大会的通知,召开股东大会通知,2025-02-12,https://data.eastmoney.com/notices/detail/301210/AN202502111642977468.html
301210,金杨精密,金杨股份:第三届董事会第四次会议决议公告,董事会决议公告,2025-02-12,https://data.eastmoney.com/notices/detail/301210/AN202502111642977459.html
301210,金杨精密,金杨股份:国浩律师(杭州)事务所关于无锡市金杨新材料股份有限公司实行限制性股票激励计划之法律意见书,法律意见书,2025-02-12,https://data.eastmoney.com/notices/detail/301210/AN202502111642977465.html
301210,金杨精密,金杨股份:2025年限制性股票激励计划(草案),股权激励计划,2025-02-12,https://data.eastmoney.com/notices/detail/301210/AN202502111642977467.html
002009,天奇股份,天奇股份:关于与北京银河通用机器人有限公司签订合资协议的自愿披露公告,签订协议,2025-02-12,https://data.eastmoney.com/notices/detail/002009/AN202502111642977462.html
301210,金杨精密,金杨股份:2025年限制性股票激励计划自查表,股权激励计划,2025-02-12,https://data.eastmoney.com/notices/detail/301210/AN202502111642977464.html
301210,金杨精密,金杨股份:2025年限制性股票激励计划首次授予激励对象名单,股权激励对象名单,2025-02-12,https://data.eastmoney.com/notices/detail/301210/AN202502111642977461.html
301210,金杨精密,金杨股份:2025年限制性股票激励计划实施考核管理办法,管理办法/制度,2025-02-12,https://data.eastmoney.com/notices/detail/301210/AN202502111642977466.html
301210,金杨精密,金杨股份:2025年限制性股票激励计划(草案)摘要,股权激励计划摘要,2025-02-12,https://data.eastmoney.com/notices/detail/301210/AN202502111642977458.html
301210,金杨精密,金杨股份:第三届监事会第四次会议决议公告,监事会决议公告,2025-02-12,https://data.eastmoney.com/notices/detail/301210/AN202502111642977463.html
600165,ST宁科,*ST宁科:*ST宁科股票交易异常波动暨风险提示性公告,股票交易异常波动,2025-02-12,https://data.eastmoney.com/notices/detail/600165/AN202502111642977348.html
600165,ST宁科,*ST宁科:关于《宁夏中科生物科技股份有限公司股票交易异常波动询证函》的回函,股票交易异常波动,2025-02-12,https://data.eastmoney.com/notices/detail/600165/AN202502111642977347.html
688525,佰维存储,佰维存储:关于2023年度向特定对象发行A股股票申请收到上海证券交易所审核通过的公告,增发预案,2025-02-12,https://data.eastmoney.com/notices/detail/688525/AN202502111642977319.html
688573,信宇人,信宇人:关于股份回购实施结果暨股份变动的公告,股本变动,2025-02-12,https://data.eastmoney.com/notices/detail/688573/AN202502111642977292.html
600187,*ST国中,国中水务:关于出售资产的公告,收购出售资产/股权,2025-02-12,https://data.eastmoney.com/notices/detail/600187/AN202502111642977290.html
688593,新相微,新相微:新相微关于调整回购股份方案的公告,回购方案修订,2025-02-12,https://data.eastmoney.com/notices/detail/688593/AN202502111642977275.html
688593,新相微,新相微:中国国际金融股份有限公司关于上海新相微电子股份有限公司使用部分闲置募集资金暂时补充流动资金的核查意见,保荐/核查意见,2025-02-12,https://data.eastmoney.com/notices/detail/688593/AN202502111642977276.html
688593,新相微,新相微:新相微关于使用部分闲置募集资金暂时补充流动资金的公告,募集资金补充流动资金,2025-02-12,https://data.eastmoney.com/notices/detail/688593/AN202502111642977273.html
688593,新相微,新相微:新相微第二届监事会第五次会议决议公告,监事会决议公告,2025-02-12,https://data.eastmoney.com/notices/detail/688593/AN202502111642977274.html
688593,新相微,新相微:新相微关于与专业投资机构共同投资设立产业基金的公告,投资设立公司,2025-02-12,https://data.eastmoney.com/notices/detail/688593/AN202502111642977277.html
688593,新相微,新相微:新相微第二届董事会第五次会议决议公告,董事会决议公告,2025-02-12,https://data.eastmoney.com/notices/detail/688593/AN202502111642977278.html
688030,山石网科,山石网科:北京市金杜律师事务所关于山石网科通信技术股份有限公司2025年第一次临时股东大会之法律意见书,法律意见书,2025-02-12,https://data.eastmoney.com/notices/detail/688030/AN202502111642977056.html
688030,山石网科,山石网科:2025年第一次临时股东大会决议公告,股东大会决议公告,2025-02-12,https://data.eastmoney.com/notices/detail/688030/AN202502111642977260.html
688030,山石网科,山石网科:第三届监事会第一次会议决议公告,高管人员任职变动,2025-02-12,https://data.eastmoney.com/notices/detail/688030/AN202502111642977257.html
688030,山石网科,山石网科:山石网科通信技术股份有限公司2022年向不特定对象发行可转换公司债券第一次临时受托管理事务报告(2025年度),其他,2025-02-12,https://data.eastmoney.com/notices/detail/688030/AN202502111642977258.html
688030,山石网科,山石网科:关于完成董事会、监事会换届选举暨变更法定代表人、聘任高级管理人员及证券事务代表的公告,高管人员任职变动,2025-02-12,https://data.eastmoney.com/notices/detail/688030/AN202502111642977259.html
688244,永信至诚,永信至诚:《关于永信至诚科技集团股份有限公司股票交易异常波动的询证函》的回函,股票交易异常波动,2025-02-12,https://data.eastmoney.com/notices/detail/688244/AN202502111642977051.html
688244,永信至诚,永信至诚:股票交易异常波动的公告,股票交易异常波动,2025-02-12,https://data.eastmoney.com/notices/detail/688244/AN202502111642977052.html
002870,香山股份,香山股份:中国国际金融股份有限公司关于广东香山衡器集团股份有限公司详式权益变动报告书之财务顾问核查意见,保荐/核查意见,2025-02-12,https://data.eastmoney.com/notices/detail/002870/AN202502111642977045.html
002870,香山股份,香山股份:广东香山衡器集团股份有限公司详式权益变动报告书,权益变动报告书,2025-02-12,https://data.eastmoney.com/notices/detail/002870/AN202502111642977043.html
002870,香山股份,香山股份:关于股东增持计划的进展情况暨权益变动的提示性公告,权益变动报告书,2025-02-12,https://data.eastmoney.com/notices/detail/002870/AN202502111642977046.html
002068,黑猫股份,黑猫股份:关于控股股东权益变动的提示性公告,权益变动报告书,2025-02-12,https://data.eastmoney.com/notices/detail/002068/AN202502111642977044.html
002597,金禾实业,金禾实业:安徽承义律师事务所关于公司第二期核心员工持股计划提前终止之法律意见书,法律意见书,2025-02-12,https://data.eastmoney.com/notices/detail/002597/AN202502111642977018.html
002597,金禾实业,金禾实业:第六届董事会第二十三次会议决议公告,董事会决议公告,2025-02-12,https://data.eastmoney.com/notices/detail/002597/AN202502111642977030.html
002597,金禾实业,金禾实业:关于第二期核心员工持股计划提前终止的公告,员工持股计划,2025-02-12,https://data.eastmoney.com/notices/detail/002597/AN202502111642977028.html
002189,中光学,中光学:北京大成律师事务所关于中光学集团股份有限公司2025年第一次临时股东大会之法律意见书,法律意见书,2025-02-12,https://data.eastmoney.com/notices/detail/002189/AN202502111642977014.html
002189,中光学,中光学:2025年第一次临时股东会决议公告,股东大会决议公告,2025-02-12,https://data.eastmoney.com/notices/detail/002189/AN202502111642977019.html
002597,金禾实业,金禾实业:第六届监事会第十八次会议决议公告,监事会决议公告,2025-02-12,https://data.eastmoney.com/notices/detail/002597/AN202502111642977026.html
002597,金禾实业,金禾实业:安徽承义律师事务所关于公司终止实施2022年限制性股票激励计划之法律意见书,法律意见书,2025-02-12,https://data.eastmoney.com/notices/detail/002597/AN202502111642977025.html
000813,德展健康,德展健康:关于持股5%以上股东所持公司股份第四次拍卖的提示性公告,其他,2025-02-12,https://data.eastmoney.com/notices/detail/000813/AN202502111642977032.html
002597,金禾实业,金禾实业:关于终止实施2022年限制性股票激励计划暨回购注销限制性股票的公告,撤销股权激励计划公告,2025-02-12,https://data.eastmoney.com/notices/detail/002597/AN202502111642977024.html
002597,金禾实业,金禾实业:关于召开2025年第一次临时股东大会通知的公告,召开股东大会通知,2025-02-12,https://data.eastmoney.com/notices/detail/002597/AN202502111642977016.html
002597,金禾实业,金禾实业:关于董事、高级管理人员辞职的公告,高管人员任职变动,2025-02-12,https://data.eastmoney.com/notices/detail/002597/AN202502111642977021.html
002068,黑猫股份,黑猫股份:简式权益变动报告书,权益变动报告书,2025-02-12,https://data.eastmoney.com/notices/detail/002068/AN202502111642977017.html
301218,华是科技,华是科技:关于董事会、监事会完成换届选举暨聘任高级管理人员、证券事务代表的公告,高管人员任职变动,2025-02-12,https://data.eastmoney.com/notices/detail/301218/AN202502111642977022.html
301218,华是科技,华是科技:北京德恒(杭州)律师事务所关于浙江华是科技股份有限公司2025年第一次临时股东大会的法律意见,法律意见书,2025-02-12,https://data.eastmoney.com/notices/detail/301218/AN202502111642977031.html
301218,华是科技,华是科技:2025年第一次临时股东大会决议公告,股东大会决议公告,2025-02-12,https://data.eastmoney.com/notices/detail/301218/AN202502111642977027.html
301218,华是科技,华是科技:关于选举产生第四届监事会职工代表监事的公告,高管人员任职变动,2025-02-12,https://data.eastmoney.com/notices/detail/301218/AN202502111642977029.html
301218,华是科技,华是科技:第四届监事会第一次会议决议公告,高管人员任职变动,2025-02-12,https://data.eastmoney.com/notices/detail/301218/AN202502111642977020.html
301218,华是科技,华是科技:第四届董事会第一次会议决议公告,高管人员任职变动,2025-02-12,https://data.eastmoney.com/notices/detail/301218/AN202502111642977023.html
300212,*ST易录,易华录:关于召开2025年第一次临时股东大会的通知,召开股东大会通知,2025-02-12,https://data.eastmoney.com/notices/detail/300212/AN202502111642977015.html
601127,赛力斯,赛力斯:北京市金杜律师事务所关于赛力斯集团股份有限公司2025年第一次临时股东大会的法律意见书,法律意见书,2025-02-12,https://data.eastmoney.com/notices/detail/601127/AN202502111642977004.html
601127,赛力斯,赛力斯:2025年第一次临时股东大会决议公告,股东大会决议公告,2025-02-12,https://data.eastmoney.com/notices/detail/601127/AN202502111642977003.html
688429,时创能源,时创能源:常州时创能源股份有限公司关于注销部分募集资金专户的公告,其他,2025-02-12,https://data.eastmoney.com/notices/detail/688429/AN202502111642977001.html
688766,普冉股份,普冉股份:普冉半导体(上海)股份有限公司关于变更会计师事务所项目合伙人的公告,审计机构变更,2025-02-12,https://data.eastmoney.com/notices/detail/688766/AN202502111642977000.html
002597,金禾实业,金禾实业:关于购买董监高责任险的公告,其他,2025-02-12,https://data.eastmoney.com/notices/detail/002597/AN202502111642976998.html
688327,云从科技,云从科技:北京国枫律师事务所关于云从科技集团股份有限公司2025年第一次临时股东大会的法律意见书,法律意见书,2025-02-12,https://data.eastmoney.com/notices/detail/688327/AN202502111642976996.html
688327,云从科技,云从科技:2025年第一次临时股东大会决议的公告,股东大会决议公告,2025-02-12,https://data.eastmoney.com/notices/detail/688327/AN202502111642976997.html
688327,云从科技,云从科技:关于2025年限制性股票激励计划内幕信息知情人买卖公司股票情况的自查报告,自查报告,2025-02-12,https://data.eastmoney.com/notices/detail/688327/AN202502111642976995.html
603667,五洲新春,五洲新春:五洲新春关于签订战略合作协议的公告,签订协议,2025-02-12,https://data.eastmoney.com/notices/detail/603667/AN202502111642976980.html
002320,海峡股份,海峡股份:关于海南海峡航运股份有限公司2025年第一次临时股东大会的法律意见书,法律意见书,2025-02-12,https://data.eastmoney.com/notices/detail/002320/AN202502111642976959.html
002320,海峡股份,海峡股份:2025年第一次临时股东大会决议公告,股东大会决议公告,2025-02-12,https://data.eastmoney.com/notices/detail/002320/AN202502111642976973.html
002285,世联行,世联行:北京市环球(深圳)律师事务所关于深圳世联行集团股份有限公司2025年第一次临时股东大会之法律意见书,法律意见书,2025-02-12,https://data.eastmoney.com/notices/detail/002285/AN202502111642976967.html
002285,世联行,世联行:2025年第一次临时股东大会决议公告,股东大会决议公告,2025-02-12,https://data.eastmoney.com/notices/detail/002285/AN202502111642976966.html
000953,中哲精化,河化股份:2025年第一次临时股东大会法律意见书,法律意见书,2025-02-12,https://data.eastmoney.com/notices/detail/000953/AN202502111642976976.html
000953,中哲精化,河化股份:2025年第一次临时股东大会决议公告,股东大会决议公告,2025-02-12,https://data.eastmoney.com/notices/detail/000953/AN202502111642976968.html
000899,赣能股份,赣能股份:国浩律师(南昌)事务所关于赣能股份2025年第一次临时股东大会之鉴证法律意见书--2025.2.11,法律意见书,2025-02-12,https://data.eastmoney.com/notices/detail/000899/AN202502111642976963.html
000899,赣能股份,赣能股份:关于增资全资孙公司江西赣江新区赣能智慧光伏发电有限公司并投资建设光伏发电项目的公告,对外项目投资,2025-02-12,https://data.eastmoney.com/notices/detail/000899/AN202502111642976962.html
000899,赣能股份,赣能股份:2025年第二次临时董事会会议决议公告,董事会决议公告,2025-02-12,https://data.eastmoney.com/notices/detail/000899/AN202502111642976971.html
000899,赣能股份,赣能股份:2025年第一次临时股东大会决议公告,股东大会决议公告,2025-02-12,https://data.eastmoney.com/notices/detail/000899/AN202502111642976975.html
000692,惠天热电,惠天热电:2025年第一次临时股东大会的法律意见,法律意见书,2025-02-12,https://data.eastmoney.com/notices/detail/000692/AN202502111642976964.html
000692,惠天热电,惠天热电:第十届董事会2025年第二次临时会议决议公告,董事会决议公告,2025-02-12,https://data.eastmoney.com/notices/detail/000692/AN202502111642976970.html
000692,惠天热电,惠天热电:关于变更公司2024年度审计机构的公告,审计机构变更,2025-02-12,https://data.eastmoney.com/notices/detail/000692/AN202502111642976972.html
000692,惠天热电,惠天热电:2025年第一次临时股东大会决议公告,股东大会决议公告,2025-02-12,https://data.eastmoney.com/notices/detail/000692/AN202502111642976974.html
000692,惠天热电,惠天热电:关于召开2025年第二次临时股东大会的通知,召开股东大会通知,2025-02-12,https://data.eastmoney.com/notices/detail/000692/AN202502111642976965.html
000875,电投绿能,吉电股份:关于吉电股份2025年第一次临时股东会的法律意见书,法律意见书,2025-02-12,https://data.eastmoney.com/notices/detail/000875/AN202502111642976904.html
000875,电投绿能,吉电股份:公司2025年第一次临时股东会决议公告,股东大会决议公告,2025-02-12,https://data.eastmoney.com/notices/detail/000875/AN202502111642976905.html
600095,湘财股份,湘财股份:湘财股份关于对外担保的进展公告,提供/对外担保公告,2025-02-12,https://data.eastmoney.com/notices/detail/600095/AN202502111642976896.html
603260,合盛硅业,合盛硅业:合盛硅业第四届董事会第六次会议决议公告,董事会决议公告,2025-02-12,https://data.eastmoney.com/notices/detail/603260/AN202502111642976888.html
603260,合盛硅业,合盛硅业:合盛硅业关于调整公司组织架构的公告,其他,2025-02-12,https://data.eastmoney.com/notices/detail/603260/AN202502111642976891.html
603260,合盛硅业,合盛硅业:合盛硅业关于2025年度日常关联交易预计的公告,关联交易,2025-02-12,https://data.eastmoney.com/notices/detail/603260/AN202502111642976889.html
603260,合盛硅业,合盛硅业:合盛硅业关于召开2025年第一次临时股东大会的通知,召开股东大会通知,2025-02-12,https://data.eastmoney.com/notices/detail/603260/AN202502111642976892.html
603260,合盛硅业,合盛硅业:合盛硅业关于拟申请发行资产证券化项目的公告,其他,2025-02-12,https://data.eastmoney.com/notices/detail/603260/AN202502111642976890.html
002605,姚记科技,姚记科技:关于控股股东、实际控制人及一致行动人持有公司可转债变动比例达到10%的公告,其他,2025-02-12,https://data.eastmoney.com/notices/detail/002605/AN202502111642976860.html
000785,居然智家,居然智家:股票交易异常波动公告,股票交易异常波动,2025-02-12,https://data.eastmoney.com/notices/detail/000785/AN202502111642976859.html
000757,浩物股份,浩物股份:关于完成法定代表人工商变更登记的公告,法定代表人变更,2025-02-12,https://data.eastmoney.com/notices/detail/000757/AN202502111642976656.html
301272,英华特,英华特:苏州英华特涡旋技术股份有限公司关于回购注销部分限制性股票减资暨通知债权人的公告,公司注册资本变更,2025-02-12,https://data.eastmoney.com/notices/detail/301272/AN202502111642976648.html
301272,英华特,英华特:苏州英华特涡旋技术股份有限公司关于股东减持计划实施完成的公告,股东/实际控制人股份减持,2025-02-12,https://data.eastmoney.com/notices/detail/301272/AN202502111642976649.html
600984,建设机械,建设机械:建设机械2025年第三次临时股东大会决议公告,股东大会决议公告,2025-02-12,https://data.eastmoney.com/notices/detail/600984/AN202502111642976641.html
600984,建设机械,建设机械:建设机械2025年第三次临时股东大会法律意见书,法律意见书,2025-02-12,https://data.eastmoney.com/notices/detail/600984/AN202502111642976640.html
301272,英华特,英华特:上海市锦天城律师事务所关于苏州英华特涡旋技术股份有限公司2025年第一次临时股东大会的法律意见书,法律意见书,2025-02-12,https://data.eastmoney.com/notices/detail/301272/AN202502111642976638.html
301272,英华特,英华特:苏州英华特涡旋技术股份有限公司2025年第一次临时股东大会决议公告,股东大会决议公告,2025-02-12,https://data.eastmoney.com/notices/detail/301272/AN202502111642976639.html
600633,浙数文化,浙数文化:浙数文化控股股东及实际控制人关于《公司股票交易异常波动的询证函》的回函,股票交易异常波动,2025-02-12,https://data.eastmoney.com/notices/detail/600633/AN202502111642976631.html
600633,浙数文化,浙数文化:浙数文化股票交易异常波动公告,股票交易异常波动,2025-02-12,https://data.eastmoney.com/notices/detail/600633/AN202502111642976630.html
601598,中国外运,中国外运:关于部分股票期权注销完成的公告,股权激励进展公告,2025-02-12,https://data.eastmoney.com/notices/detail/601598/AN202502111642976625.html
600696,退市岩石,岩石股份:关于公司涉及诉讼的公告,诉讼仲裁,2025-02-12,https://data.eastmoney.com/notices/detail/600696/AN202502111642976620.html
603799,华友钴业,华友钴业:华友钴业关于控股股东增持公司股份计划实施完毕暨增持结果的公告,股东/实际控制人股份增持,2025-02-12,https://data.eastmoney.com/notices/detail/603799/AN202502111642976613.html
600361,创新新材,创新新材:关于公司及子公司2025年度向银行等金融机构申请综合授信提供担保事项的进展公告,担保年度额度预计,2025-02-12,https://data.eastmoney.com/notices/detail/600361/AN202502111642976614.html
002397,梦洁股份,梦洁股份:股票交易异常波动公告,股票交易异常波动,2025-02-12,https://data.eastmoney.com/notices/detail/002397/AN202502111642976612.html
603738,泰晶科技,泰晶科技:泰晶科技股份有限公司关于股份回购进展公告,回购进展情况,2025-02-12,https://data.eastmoney.com/notices/detail/603738/AN202502111642976611.html
600120,浙江东方,浙江东方:浙江东方金融控股集团股份有限公司股票交易风险提示公告,风险提示性公告,2025-02-12,https://data.eastmoney.com/notices/detail/600120/AN202502111642976610.html
600193,退市创兴,创兴资源:上海创兴资源开发股份有限公司控股股东关于股票交易异常波动有关情况的回函,股票交易异常波动,2025-02-12,https://data.eastmoney.com/notices/detail/600193/AN202502111642976600.html
603381,永臻股份,永臻股份:监事会关于2025年股票期权激励计划首次授予激励对象名单的核查意见及公示情况说明,专项说明/独立意见,2025-02-12,https://data.eastmoney.com/notices/detail/603381/AN202502111642976599.html
600193,退市创兴,创兴资源:上海创兴资源开发股份有限公司股票交易异常波动公告,股票交易异常波动,2025-02-12,https://data.eastmoney.com/notices/detail/600193/AN202502111642976601.html
600185,珠免集团,格力地产:关于2025年度担保额度预计的公告,担保年度额度预计,2025-02-12,https://data.eastmoney.com/notices/detail/600185/AN202502111642976597.html
600185,珠免集团,格力地产:董事会决议公告,董事会决议公告,2025-02-12,https://data.eastmoney.com/notices/detail/600185/AN202502111642976598.html
600185,珠免集团,格力地产:关于召开2025年第一次临时股东大会的通知,召开股东大会通知,2025-02-12,https://data.eastmoney.com/notices/detail/600185/AN202502111642976596.html
603381,永臻股份,永臻股份:2025年第一次临时股东会会议资料,股东大会资料,2025-02-12,https://data.eastmoney.com/notices/detail/603381/AN202502111642976595.html
600615,鑫源智造,丰华股份:重庆丰华(集团)股份有限公司关于第十届董事会第十七次会议决议公告,高管人员任职变动,2025-02-12,https://data.eastmoney.com/notices/detail/600615/AN202502111642976574.html
600615,鑫源智造,丰华股份:重庆丰华(集团)股份有限公司关于解聘及聘任公司副总经理的公告,高管人员任职变动,2025-02-12,https://data.eastmoney.com/notices/detail/600615/AN202502111642976573.html
600615,鑫源智造,丰华股份:重庆丰华(集团)股份有限公司关于为控股子公司申请银行授信提供担保额度预计的公告,提供/对外担保公告,2025-02-12,https://data.eastmoney.com/notices/detail/600615/AN202502111642976572.html
000561,烽火电子,烽火电子:陕西烽火电子股份有限公司发行股份及支付现金购买资产并募集配套资金暨关联交易报告书(草案)(注册稿),其他增发事项公告,2025-02-12,https://data.eastmoney.com/notices/detail/000561/AN202502111642976587.html
000561,烽火电子,烽火电子:陕西长岭电子科技有限责任公司审阅报告(希会审字(2025)0248号),保荐/核查意见,2025-02-12,https://data.eastmoney.com/notices/detail/000561/AN202502111642976578.html
000561,烽火电子,烽火电子:陕西烽火电子股份有限公司发行股份及支付现金购买资产并募集配套资金暨关联交易报告书(草案)(注册稿)修订说明,其他增发事项公告,2025-02-12,https://data.eastmoney.com/notices/detail/000561/AN202502111642976577.html
000561,烽火电子,烽火电子:第九届董事会独立董事第八次专门会议决议,董事会决议公告,2025-02-12,https://data.eastmoney.com/notices/detail/000561/AN202502111642976585.html
000561,烽火电子,烽火电子:西部证券股份有限公司关于陕西烽火电子股份有限公司本次交易方案调整不构成重大调整的核查意见,保荐/核查意见,2025-02-12,https://data.eastmoney.com/notices/detail/000561/AN202502111642976591.html
000561,烽火电子,烽火电子:陕西烽火电子股份有限公司发行股份及支付现金购买资产并募集配套资金暨关联交易报告书(草案)摘要(注册稿),其他增发事项公告,2025-02-12,https://data.eastmoney.com/notices/detail/000561/AN202502111642976580.html
000561,烽火电子,烽火电子:西部证券股份有限公司关于陕西烽火电子股份有限公司发行股份及支付现金购买资产并募集配套资金暨关联交易之独立财务顾问报告(注册稿),保荐/核查意见,2025-02-12,https://data.eastmoney.com/notices/detail/000561/AN202502111642976588.html
000561,烽火电子,烽火电子:国浩律师(长沙)事务所关于陕西烽火电子股份有限公司发行股份及支付现金购买资产并募集配套资金暨关联交易之补充法律意见书(六),法律意见书,2025-02-12,https://data.eastmoney.com/notices/detail/000561/AN202502111642976582.html
000561,烽火电子,烽火电子:陕西烽火电子股份有限公司关于本次交易方案调整不构成重大调整的公告,其他,2025-02-12,https://data.eastmoney.com/notices/detail/000561/AN202502111642976590.html
000561,烽火电子,烽火电子:第九届监事会第二十一次会议决议公告,监事会决议公告,2025-02-12,https://data.eastmoney.com/notices/detail/000561/AN202502111642976584.html
000561,烽火电子,烽火电子:第九届董事会第二十八次会议决议公告,董事会决议公告,2025-02-12,https://data.eastmoney.com/notices/detail/000561/AN202502111642976583.html
001223,欧克科技,欧克科技:第二届董事会第十次会议决议,董事会决议公告,2025-02-12,https://data.eastmoney.com/notices/detail/001223/AN202502111642976575.html
001223,欧克科技,欧克科技:关于公司与专业机构共同投资的公告,投资设立公司,2025-02-12,https://data.eastmoney.com/notices/detail/001223/AN202502111642976581.html
603377,ST东时,ST东时:关于控股股东所持公司部分股份被司法拍卖完成过户暨权益变动的提示性公告,权益变动报告书,2025-02-12,https://data.eastmoney.com/notices/detail/603377/AN202502111642976569.html
603505,金石资源,金石资源:金石资源集团股份有限公司关于全资子公司为公司提供担保的公告,提供/对外担保公告,2025-02-12,https://data.eastmoney.com/notices/detail/603505/AN202502111642976568.html
603876,鼎胜新材,鼎胜新材:江苏鼎胜新能源材料股份有限公司关于为全资子公司提供担保的公告,提供/对外担保公告,2025-02-12,https://data.eastmoney.com/notices/detail/603876/AN202502111642976560.html
002789,*ST建艺,建艺集团:关于新增累计诉讼、仲裁情况的公告,诉讼仲裁,2025-02-12,https://data.eastmoney.com/notices/detail/002789/AN202502111642976561.html
002016,世荣兆业,世荣兆业:股票交易异常波动公告,股票交易异常波动,2025-02-12,https://data.eastmoney.com/notices/detail/002016/AN202502111642976562.html
600821,金开新能,金开新能:关于控股股东增持公司股份触及1%的提示性公告,股东/实际控制人股份增持,2025-02-12,https://data.eastmoney.com/notices/detail/600821/AN202502111642976559.html
688772,珠海冠宇,珠海冠宇:关于本次限制性股票归属登记完成后不调整可转债转股价格的公告,股本变动,2025-02-12,https://data.eastmoney.com/notices/detail/688772/AN202502111642976439.html
688772,珠海冠宇,珠海冠宇:关于2023年限制性股票激励计划预留授予部分第一个归属期归属结果暨股份上市公告,限售股份上市流通,2025-02-12,https://data.eastmoney.com/notices/detail/688772/AN202502111642976440.html
603300,海南华铁,海南华铁:关于《浙江海控南科华铁数智科技股份有限公司股票交易异常波动的征询函》的回复,股票交易异常波动,2025-02-12,https://data.eastmoney.com/notices/detail/603300/AN202502111642976437.html
603300,海南华铁,海南华铁:浙江海控南科华铁数智科技股份有限公司关于股票交易异常波动公告,股票交易异常波动,2025-02-12,https://data.eastmoney.com/notices/detail/603300/AN202502111642976438.html
002019,亿帆医药,亿帆医药:关于全资子公司参与全国中成药采购联盟集中采购中选的公告,其他,2025-02-12,https://data.eastmoney.com/notices/detail/002019/AN202502111642976431.html
002548,金新农,金新农:2025年第一次临时股东会决议公告,股东大会决议公告,2025-02-12,https://data.eastmoney.com/notices/detail/002548/AN202502111642976411.html
002548,金新农,金新农:关于选举公司董事长、副董事长及调整部分董事会专门委员会委员的公告,高管人员任职变动,2025-02-12,https://data.eastmoney.com/notices/detail/002548/AN202502111642976415.html
002732,燕塘乳业,燕塘乳业:2025年第一次临时股东大会法律意见书,法律意见书,2025-02-12,https://data.eastmoney.com/notices/detail/002732/AN202502111642976417.html
002732,燕塘乳业,燕塘乳业:2025年第一次临时股东大会决议公告,股东大会决议公告,2025-02-12,https://data.eastmoney.com/notices/detail/002732/AN202502111642976418.html
002548,金新农,金新农:第六届董事会第十次临时会议决议公告,高管人员任职变动,2025-02-12,https://data.eastmoney.com/notices/detail/002548/AN202502111642976413.html
002732,燕塘乳业,燕塘乳业:公司章程(2025年2月),公司章程,2025-02-12,https://data.eastmoney.com/notices/detail/002732/AN202502111642976419.html
002548,金新农,金新农:广东华商律师事务所关于金新农2025年第一次临时股东会的法律意见书,法律意见书,2025-02-12,https://data.eastmoney.com/notices/detail/002548/AN202502111642976410.html
688486,龙迅股份,龙迅股份:龙迅股份股东减持股份结果公告,股东/实际控制人股份减持,2025-02-12,https://data.eastmoney.com/notices/detail/688486/AN202502111642976392.html
002647,仁东控股,*ST仁东:股票交易异常波动公告,股票交易异常波动,2025-02-12,https://data.eastmoney.com/notices/detail/002647/AN202502111642976390.html
300506,名家汇,*ST名家:关于公司股票可能被终止上市的第二次风险提示公告,终止上市风险提示,2025-02-12,https://data.eastmoney.com/notices/detail/300506/AN202502111642976389.html
688078,龙软科技,龙软科技:北京龙软科技股份有限公司股票交易异常波动公告,股票交易异常波动,2025-02-12,https://data.eastmoney.com/notices/detail/688078/AN202502111642976217.html
688078,龙软科技,龙软科技:关于北京龙软科技股份有限公司股票交易异常波动有关事项问询函的回函,回复问询函公告,2025-02-12,https://data.eastmoney.com/notices/detail/688078/AN202502111642976216.html
600070,*ST富润,*ST富润:关于股票交易风险的提示性公告,风险提示性公告,2025-02-12,https://data.eastmoney.com/notices/detail/600070/AN202502111642976180.html
000669,ST金鸿,ST金鸿:关于完成法定代表人及相关事项工商变更登记的公告,法定代表人变更,2025-02-12,https://data.eastmoney.com/notices/detail/000669/AN202502111642976050.html
600036,招商银行,招商银行:招商银行股份有限公司监事会决议公告,监事会决议公告,2025-02-12,https://data.eastmoney.com/notices/detail/600036/AN202502111642976037.html
600387,退市海越,*ST海越:海越能源股票交易风险提示公告,风险提示性公告,2025-02-12,https://data.eastmoney.com/notices/detail/600387/AN202502111642976039.html
600318,新力金融,新力金融:安徽新力金融股份有限公司关于控股子公司为上市公司融资提供抵押担保的公告,提供/对外担保公告,2025-02-12,https://data.eastmoney.com/notices/detail/600318/AN202502111642976040.html
603229,奥翔药业,奥翔药业:奥翔药业关于取得金融机构股票回购《贷款承诺函》的公告,借贷,2025-02-12,https://data.eastmoney.com/notices/detail/603229/AN202502111642976024.html
603180,金牌家居,金牌家居:金牌家居关于不向下修正“金23转债”转股价格的公告,其他,2025-02-12,https://data.eastmoney.com/notices/detail/603180/AN202502111642976014.html
301112,信邦智能,信邦智能:关于注销部分募集资金专项账户的公告,其他,2025-02-12,https://data.eastmoney.com/notices/detail/301112/AN202502111642976016.html
600546,山煤国际,山煤国际:山煤国际2025年第一次临时股东大会决议公告,股东大会决议公告,2025-02-12,https://data.eastmoney.com/notices/detail/600546/AN202502111642975999.html
600546,山煤国际,山煤国际:山煤国际2025年第一次临时股东大会法律意见书,法律意见书,2025-02-12,https://data.eastmoney.com/notices/detail/600546/AN202502111642976000.html
300542,新晨科技,新晨科技:关于取得发明专利证书的公告,获得认证,2025-02-12,https://data.eastmoney.com/notices/detail/300542/AN202502111642975959.html
002966,苏州银行,苏州银行:关于苏行转债赎回实施的第九次提示性公告,其他,2025-02-12,https://data.eastmoney.com/notices/detail/002966/AN202502111642975856.html
000885,城发环境,城发环境:2025年第一次临时股东大会的法律意见书docx,法律意见书,2025-02-12,https://data.eastmoney.com/notices/detail/000885/AN202502111642975855.html
000885,城发环境,城发环境:关于完成补选非职工代表监事的公告,高管人员任职变动,2025-02-12,https://data.eastmoney.com/notices/detail/000885/AN202502111642975960.html
000885,城发环境,城发环境:2025年第一次临时股东大会决议的公告,股东大会决议公告,2025-02-12,https://data.eastmoney.com/notices/detail/000885/AN202502111642975958.html
000608,阳光股份,阳光股份:2025年第一次临时股东大会的法律意见书,法律意见书,2025-02-12,https://data.eastmoney.com/notices/detail/000608/AN202502111642975854.html
000608,阳光股份,阳光股份:2025年第一次临时股东大会决议公告,股东大会决议公告,2025-02-12,https://data.eastmoney.com/notices/detail/000608/AN202502111642975957.html
000404,长虹华意,长虹华意:关于公司部分董事、监事、高级管理人员增持公司股份计划时间过半的进展公告,股东/实际控制人股份增持,2025-02-12,https://data.eastmoney.com/notices/detail/000404/AN202502111642975853.html
688575,亚辉龙,亚辉龙:关于自愿披露取得医疗器械注册证的公告,其他,2025-02-12,https://data.eastmoney.com/notices/detail/688575/AN202502111642975816.html
002986,宇新股份,宇新股份:独立董事候选人声明与承诺(熊政平),独立董事候选人声明,2025-02-12,https://data.eastmoney.com/notices/detail/002986/AN202502111642975788.html
002986,宇新股份,宇新股份:独立董事候选人声明与承诺(吴肯浩),独立董事候选人声明,2025-02-12,https://data.eastmoney.com/notices/detail/002986/AN202502111642975785.html
002986,宇新股份,宇新股份:独立董事提名人声明与承诺(杨朝合),独立董事提名人声明,2025-02-12,https://data.eastmoney.com/notices/detail/002986/AN202502111642975775.html
002986,宇新股份,宇新股份:独立董事提名人声明与承诺(熊政平),独立董事提名人声明,2025-02-12,https://data.eastmoney.com/notices/detail/002986/AN202502111642975778.html
002986,宇新股份,宇新股份:独立董事提名人声明与承诺(吴肯浩),独立董事提名人声明,2025-02-12,https://data.eastmoney.com/notices/detail/002986/AN202502111642975781.html
002986,宇新股份,宇新股份:独立董事候选人声明与承诺(杨朝合),独立董事候选人声明,2025-02-12,https://data.eastmoney.com/notices/detail/002986/AN202502111642975782.html
002986,宇新股份,宇新股份:董事、监事、高级管理人员薪酬管理制度,管理办法/制度,2025-02-12,https://data.eastmoney.com/notices/detail/002986/AN202502111642975789.html
002986,宇新股份,宇新股份:关于监事会换届选举的公告,高管人员任职变动,2025-02-12,https://data.eastmoney.com/notices/detail/002986/AN202502111642975777.html
002986,宇新股份,宇新股份:关于董事会换届选举的公告,高管人员任职变动,2025-02-12,https://data.eastmoney.com/notices/detail/002986/AN202502111642975786.html
002986,宇新股份,宇新股份:第三届监事会第三十三次会议决议公告,高管人员任职变动,2025-02-12,https://data.eastmoney.com/notices/detail/002986/AN202502111642975779.html
002986,宇新股份,宇新股份:关于召开2025年第一次临时股东大会的通知,召开股东大会通知,2025-02-12,https://data.eastmoney.com/notices/detail/002986/AN202502111642975780.html
002986,宇新股份,宇新股份:关于向银行申请综合授信的公告,借贷,2025-02-12,https://data.eastmoney.com/notices/detail/002986/AN202502111642975776.html
002986,宇新股份,宇新股份:第三届董事会第三十九次会议决议公告,高管人员任职变动,2025-02-12,https://data.eastmoney.com/notices/detail/002986/AN202502111642975787.html
603551,奥普科技,奥普科技:关于注销公司回购专用证券账户股份实施公告,回购实施公告,2025-02-12,https://data.eastmoney.com/notices/detail/603551/AN202502111642975645.html
300301,ST长方,*ST长方:关于变更签字注册会计师的公告,公司关联方基本资料变更,2025-02-12,https://data.eastmoney.com/notices/detail/300301/AN202502111642975759.html
002669,康达新材,康达新材:关于选举公司董事长的公告,高管人员任职变动,2025-02-12,https://data.eastmoney.com/notices/detail/002669/AN202502111642975766.html
002669,康达新材,康达新材:关于选举公司副董事长的公告,高管人员任职变动,2025-02-12,https://data.eastmoney.com/notices/detail/002669/AN202502111642975768.html
002669,康达新材,康达新材:关于聘任公司董事会秘书和证券事务代表的公告,高管人员任职变动,2025-02-12,https://data.eastmoney.com/notices/detail/002669/AN202502111642975764.html
002669,康达新材,康达新材:关于聘任公司名誉董事长的公告,高管人员任职变动,2025-02-12,https://data.eastmoney.com/notices/detail/002669/AN202502111642975762.html
002669,康达新材,康达新材:第六届监事会第一次会议决议公告,高管人员任职变动,2025-02-12,https://data.eastmoney.com/notices/detail/002669/AN202502111642975760.html
002669,康达新材,康达新材:第六届董事会第一次会议决议公告,高管人员任职变动,2025-02-12,https://data.eastmoney.com/notices/detail/002669/AN202502111642975761.html
002468,申通快递,申通快递:北京市金杜律师事务所上海分所关于申通快递股份有限公司2025年第一次临时股东大会之法律意见,法律意见书,2025-02-12,https://data.eastmoney.com/notices/detail/002468/AN202502111642975758.html
002468,申通快递,申通快递:2025年第一次临时股东大会决议公告,股东大会决议公告,2025-02-12,https://data.eastmoney.com/notices/detail/002468/AN202502111642975757.html
000659,珠海中富,珠海中富:关于全资子公司申请贷款暨公司提供保证及抵押担保的公告,提供/对外担保公告,2025-02-12,https://data.eastmoney.com/notices/detail/000659/AN202502111642975765.html
000659,珠海中富,珠海中富:关于申请抵押贷款展期的公告,借贷,2025-02-12,https://data.eastmoney.com/notices/detail/000659/AN202502111642975767.html
000659,珠海中富,珠海中富:第十一届董事会2025年第二次会议决议公告,董事会决议公告,2025-02-12,https://data.eastmoney.com/notices/detail/000659/AN202502111642975763.html
600289,ST信通,*ST信通:亿阳信通关于公司股票可能被终止上市的风险提示公告,终止上市风险提示,2025-02-12,https://data.eastmoney.com/notices/detail/600289/AN202502111642975635.html
600305,恒顺醋业,恒顺醋业:江苏恒顺醋业股份有限公司2025年第一次临时股东会法律意见书,法律意见书,2025-02-12,https://data.eastmoney.com/notices/detail/600305/AN202502111642975619.html
600305,恒顺醋业,恒顺醋业:江苏恒顺醋业股份有限公司关于选举公司董事长的公告,高管人员任职变动,2025-02-12,https://data.eastmoney.com/notices/detail/600305/AN202502111642975617.html
600305,恒顺醋业,恒顺醋业:江苏恒顺醋业股份有限公司2025年第一次临时股东会决议公告,股东大会决议公告,2025-02-12,https://data.eastmoney.com/notices/detail/600305/AN202502111642975618.html
603416,信捷电气,信捷电气:无锡信捷电气股份有限公司关于向特定对象发行股票申请获得上海证券交易所审核通过的公告,增发获准公告,2025-02-12,https://data.eastmoney.com/notices/detail/603416/AN202502111642975611.html
688400,凌云光,凌云光:关于自愿披露公司参与设立产业基金的公告,投资设立公司,2025-02-12,https://data.eastmoney.com/notices/detail/688400/AN202502111642975610.html
688350,富淼科技,富淼科技:江苏富淼科技股份有限公司简式权益变动报告书,权益变动报告书,2025-02-12,https://data.eastmoney.com/notices/detail/688350/AN202502111642975579.html
688350,富淼科技,富淼科技:中信证券股份有限公司关于江苏富淼科技股份有限公司详式权益变动报告书之财务顾问核查意见,权益变动报告书,2025-02-12,https://data.eastmoney.com/notices/detail/688350/AN202502111642975578.html
688350,富淼科技,富淼科技:江苏富淼科技股份有限公司详式权益变动报告书,权益变动报告书,2025-02-12,https://data.eastmoney.com/notices/detail/688350/AN202502111642975580.html
600225,退市卓朗,退市卓朗:天津卓朗信息科技股份有限公司关于控股股东的一致行动人所持股份被继续司法冻结的公告,股份质押、冻结,2025-02-12,https://data.eastmoney.com/notices/detail/600225/AN202502111642975573.html
300338,*ST开元,*ST开元:关于公司控股股东、实际控制人所持部分公司股份被司法拍卖的公告,诉讼仲裁,2025-02-12,https://data.eastmoney.com/notices/detail/300338/AN202502111642975566.html
002973,侨银股份,侨银股份:关于预中标约8975万元内蒙古自治区呼和浩特市新城区城区环卫一体化服务项目的提示性公告,重大合同,2025-02-12,https://data.eastmoney.com/notices/detail/002973/AN202502111642975567.html
002145,钛能化学,中核钛白:关于与立邦投资签订《战略合作协议书》的公告,签订协议,2025-02-12,https://data.eastmoney.com/notices/detail/002145/AN202502111642975572.html
002138,顺络电子,顺络电子:关于董事长部分股份质押的公告,股份质押、冻结,2025-02-12,https://data.eastmoney.com/notices/detail/002138/AN202502111642975564.html
002138,顺络电子,顺络电子:关于公司股份回购完成暨股份变动的公告,股本变动,2025-02-12,https://data.eastmoney.com/notices/detail/002138/AN202502111642975568.html
000889,中嘉博创,ST中嘉:重大仲裁事项的进展公告,诉讼仲裁,2025-02-12,https://data.eastmoney.com/notices/detail/000889/AN202502111642975565.html
000828,东莞控股,东莞控股:关于“质量回报双提升”行动方案的公告,其他,2025-02-12,https://data.eastmoney.com/notices/detail/000828/AN202502111642975562.html
000828,东莞控股,东莞控股:关于公司董事会、监事会延期换届的公告,高管人员任职变动,2025-02-12,https://data.eastmoney.com/notices/detail/000828/AN202502111642975560.html
601598,中国外运,中国外运:H股公告-翌日披露报表,其他,2025-02-12,https://data.eastmoney.com/notices/detail/601598/AN202502111642975436.html
600081,东风科技,东风科技:东风电子科技股份有限公司关于股票交易异常波动的公告,股票交易异常波动,2025-02-12,https://data.eastmoney.com/notices/detail/600081/AN202502111642975417.html
600081,东风科技,东风科技:东风汽车零部件(集团)有限公司关于《东风电子科技股份有限公司股票交易异常波动问询函》的回函,回复问询函公告,2025-02-12,https://data.eastmoney.com/notices/detail/600081/AN202502111642975418.html
600081,东风科技,东风科技:东风汽车有限公司关于《东风电子科技股份有限公司股票交易异常波动问询函》的回函,回复问询函公告,2025-02-12,https://data.eastmoney.com/notices/detail/600081/AN202502111642975419.html
603687,大胜达,大胜达:浙江大胜达包装股份有限公司关于向特定对象发行限售股上市流通的公告,限售股份上市流通,2025-02-12,https://data.eastmoney.com/notices/detail/603687/AN202502111642975414.html
603687,大胜达,大胜达:东兴证券股份有限公司关于浙江大胜达包装股份有限公司向特定对象发行限售股上市流通的核查意见,保荐/核查意见,2025-02-12,https://data.eastmoney.com/notices/detail/603687/AN202502111642975415.html
603023,威帝股份,*ST威帝:哈尔滨威帝电子股份有限公司2025年第一次临时股东大会决议公告,股东大会决议公告,2025-02-12,https://data.eastmoney.com/notices/detail/603023/AN202502111642975400.html
603023,威帝股份,*ST威帝:上海市锦天城律师事务所关于哈尔滨威帝电子股份有限公司2025年第一次临时股东大会的法律意见书,法律意见书,2025-02-12,https://data.eastmoney.com/notices/detail/603023/AN202502111642975401.html
600509,天富能源,天富能源:新疆天富能源股份有限公司关于收到兵团发改委电价有关事项通知的公告,其他,2025-02-12,https://data.eastmoney.com/notices/detail/600509/AN202502111642975397.html
600509,天富能源,天富能源:新疆天富能源股份有限公司关于为天富集团提供担保暨关联交易的实施公告,提供/对外担保公告,2025-02-12,https://data.eastmoney.com/notices/detail/600509/AN202502111642975396.html
601006,大秦铁路,大秦铁路:大秦铁路关于“大秦转债”赎回结果暨股份变动的公告,股本变动,2025-02-12,https://data.eastmoney.com/notices/detail/601006/AN202502111642975393.html
605080,浙江自然,浙江自然:浙江自然监事会关于公司2024年限制性股票激励计划首次授予激励对象名单的公示情况说明及核查意见,专项说明/独立意见,2025-02-12,https://data.eastmoney.com/notices/detail/605080/AN202502111642975381.html
002412,汉森制药,汉森制药:关于获得恩格列净片药品注册证书的公告,获得认证,2025-02-12,https://data.eastmoney.com/notices/detail/002412/AN202502111642975387.html
000009,中国宝安,中国宝安:关于大股东股权质押的公告,股份质押、冻结,2025-02-12,https://data.eastmoney.com/notices/detail/000009/AN202502111642975388.html
601231,环旭电子,环旭电子:2024年度业绩快报公告,业绩快报,2025-02-12,https://data.eastmoney.com/notices/detail/601231/AN202502111642975365.html
600882,妙可蓝多,妙可蓝多:关于使用部分暂时闲置募集资金进行现金管理到期赎回并继续进行现金管理的公告,投资理财,2025-02-12,https://data.eastmoney.com/notices/detail/600882/AN202502111642975367.html
600733,北汽蓝谷,北汽蓝谷:十一届四次董事会决议公告,董事会决议公告,2025-02-12,https://data.eastmoney.com/notices/detail/600733/AN202502111642975038.html
600733,北汽蓝谷,北汽蓝谷:中信建投证券股份有限公司关于北汽蓝谷新能源科技股份有限公司部分募投项目结项及变更、部分募投项目金额调整的核查意见,保荐/核查意见,2025-02-12,https://data.eastmoney.com/notices/detail/600733/AN202502111642975036.html
600733,北汽蓝谷,北汽蓝谷:关于部分募投项目结项及变更、部分募投项目金额调整的公告,变更募集资金投资项目,2025-02-12,https://data.eastmoney.com/notices/detail/600733/AN202502111642975039.html
600733,北汽蓝谷,北汽蓝谷:2025年第一次临时股东大会会议材料,股东大会资料,2025-02-12,https://data.eastmoney.com/notices/detail/600733/AN202502111642975040.html
600733,北汽蓝谷,北汽蓝谷:十一届四次监事会决议公告,监事会决议公告,2025-02-12,https://data.eastmoney.com/notices/detail/600733/AN202502111642975037.html
600733,北汽蓝谷,北汽蓝谷:关于召开2025年第一次临时股东大会的通知,召开股东大会通知,2025-02-12,https://data.eastmoney.com/notices/detail/600733/AN202502111642975035.html
002902,铭普光磁,铭普光磁:关于取得发明专利证书的公告,获得认证,2025-02-12,https://data.eastmoney.com/notices/detail/002902/AN202502111642975015.html
000672,上峰材料,上峰水泥:关于与专业投资机构共同投资暨新经济股权投资进展的公告,对外项目投资,2025-02-12,https://data.eastmoney.com/notices/detail/000672/AN202502111642975018.html
002261,拓维信息,拓维信息:关于股价异常波动的公告,股票交易异常波动,2025-02-12,https://data.eastmoney.com/notices/detail/002261/AN202502111642975020.html
000789,万年青,万年青:关于首次实施公司股份回购的公告,回购实施公告,2025-02-12,https://data.eastmoney.com/notices/detail/000789/AN202502111642975017.html
000056,*ST皇庭,皇庭国际:股票交易异常波动公告,股票交易异常波动,2025-02-12,https://data.eastmoney.com/notices/detail/000056/AN202502111642975022.html
601919,中远海控,中远海控:H股公告翌日披露报表,其他,2025-02-12,https://data.eastmoney.com/notices/detail/601919/AN202502111642975012.html
002664,信质集团,信质集团:2025年第一次临时股东大会决议公告,股东大会决议公告,2025-02-12,https://data.eastmoney.com/notices/detail/002664/AN202502111642975001.html
002664,信质集团,信质集团:北京德恒律师事务所关于信质集团股份有限公司2025年第一次临时股东大会的法律意见,法律意见书,2025-02-12,https://data.eastmoney.com/notices/detail/002664/AN202502111642975000.html
688621,阳光诺和,阳光诺和:自愿披露关于BTS0327临床试验申请获得受理的公告,其他,2025-02-12,https://data.eastmoney.com/notices/detail/688621/AN202502111642974999.html
601006,大秦铁路,大秦铁路:大秦铁路关于持股5%以上股东被动稀释致权益变动至5%以下暨披露简式权益变动报告书的提示性公告,权益变动报告书,2025-02-12,https://data.eastmoney.com/notices/detail/601006/AN202502111642974998.html
601006,大秦铁路,大秦铁路:大秦铁路股份有限公司简式权益变动报告书,权益变动报告书,2025-02-12,https://data.eastmoney.com/notices/detail/601006/AN202502111642974997.html
001313,粤海饲料,粤海饲料:第三届董事会第二十四次会议决议公告,董事会决议公告,2025-02-12,https://data.eastmoney.com/notices/detail/001313/AN202502111642974971.html
001313,粤海饲料,粤海饲料:市值管理制度,管理办法/制度,2025-02-12,https://data.eastmoney.com/notices/detail/001313/AN202502111642974973.html
002404,嘉欣丝绸,嘉欣丝绸:关于收到首期征收补偿款的公告,其他,2025-02-12,https://data.eastmoney.com/notices/detail/002404/AN202502111642974974.html
000822,山东海化,山东海化:山东海化关于变更签字注册会计师的公告,公司关联方基本资料变更,2025-02-12,https://data.eastmoney.com/notices/detail/000822/AN202502111642974972.html
001313,粤海饲料,粤海饲料:舆情管理制度,管理办法/制度,2025-02-12,https://data.eastmoney.com/notices/detail/001313/AN202502111642974975.html
301282,金禄电子,金禄电子:关于审计机构变更项目质量控制复核人的公告,审计机构变更,2025-02-12,https://data.eastmoney.com/notices/detail/301282/AN202502111642974544.html
300919,中伟新材,中伟股份:第二届董事会第二十七次独立董事专门会议决议,董事会决议公告,2025-02-12,https://data.eastmoney.com/notices/detail/300919/AN202502111642974540.html
300919,中伟新材,中伟股份:关于授权公司管理层启动公司境外发行股份(H股)并在香港联合交易所有限公司上市相关筹备工作的提示性公告,其他,2025-02-12,https://data.eastmoney.com/notices/detail/300919/AN202502111642974541.html
300919,中伟新材,中伟股份:第二届监事会第二十二次会议决议公告,监事会决议公告,2025-02-12,https://data.eastmoney.com/notices/detail/300919/AN202502111642974546.html
300919,中伟新材,中伟股份:第二届董事会第二十七次会议决议公告,董事会决议公告,2025-02-12,https://data.eastmoney.com/notices/detail/300919/AN202502111642974542.html
300919,中伟新材,中伟股份:关于召开2025年第二次临时股东大会的通知,召开股东大会通知,2025-02-12,https://data.eastmoney.com/notices/detail/300919/AN202502111642974545.html
002852,道道全,道道全:道道全-2025年第一次临时股东大会的法律意见书,法律意见书,2025-02-12,https://data.eastmoney.com/notices/detail/002852/AN202502111642974547.html
002852,道道全,道道全:2025年第一次临时股东大会决议公告,股东大会决议公告,2025-02-12,https://data.eastmoney.com/notices/detail/002852/AN202502111642974539.html
000777,中核科技,中核科技:关于发行股份购买资产并募集配套资金暨关联交易的进展公告,关联交易,2025-02-12,https://data.eastmoney.com/notices/detail/000777/AN202502111642974538.html
600365,ST通葡,ST通葡:上海功承瀛泰(长春)律师事务所关于通化葡萄酒股份有限公司2025年第一次临时股东大会决议之法律意见书,法律意见书,2025-02-12,https://data.eastmoney.com/notices/detail/600365/AN202502111642974535.html
600365,ST通葡,ST通葡:通化葡萄酒股份有限公司2025年第一次临时股东大会决议公告,股东大会决议公告,2025-02-12,https://data.eastmoney.com/notices/detail/600365/AN202502111642974534.html
603270,金帝股份,金帝股份:控股股东、实际控制人关于山东金帝精密机械科技股份有限公司股票交易异常波动问询函的回函,回复问询函公告,2025-02-12,https://data.eastmoney.com/notices/detail/603270/AN202502111642974529.html
603270,金帝股份,金帝股份:山东金帝精密机械科技股份有限公司股票交易异常波动公告,股票交易异常波动,2025-02-12,https://data.eastmoney.com/notices/detail/603270/AN202502111642974525.html
688308,欧科亿,欧科亿:欧科亿2025年第一次临时股东大会决议公告,股东大会决议公告,2025-02-12,https://data.eastmoney.com/notices/detail/688308/AN202502111642974526.html
600150,中国船舶,中国船舶:中国船舶2025年第一次临时股东大会会议资料,股东大会资料,2025-02-12,https://data.eastmoney.com/notices/detail/600150/AN202502111642974527.html
688308,欧科亿,欧科亿:欧科亿2025年第一次临时股东大会法律意见书,法律意见书,2025-02-12,https://data.eastmoney.com/notices/detail/688308/AN202502111642974524.html
688308,欧科亿,欧科亿:欧科亿关于调整公司组织架构的公告,其他,2025-02-12,https://data.eastmoney.com/notices/detail/688308/AN202502111642974528.html
600873,梅花生物,梅花生物:上海荣正企业咨询服务(集团)股份有限公司关于梅花生物科技集团股份有限公司2025年员工持股计划(草案)之独立财务顾问报告,保荐/核查意见,2025-02-12,https://data.eastmoney.com/notices/detail/600873/AN202502111642974520.html
600873,梅花生物,梅花生物:梅花生物第十届董事会第十七次会议决议公告,董事会决议公告,2025-02-12,https://data.eastmoney.com/notices/detail/600873/AN202502111642974517.html
600873,梅花生物,梅花生物:梅花生物2025年员工持股计划(草案)摘要,员工持股计划,2025-02-12,https://data.eastmoney.com/notices/detail/600873/AN202502111642974518.html
600873,梅花生物,梅花生物:梅花生物第十届监事会第十二次会议决议公告,监事会决议公告,2025-02-12,https://data.eastmoney.com/notices/detail/600873/AN202502111642974521.html
600873,梅花生物,梅花生物:梅花生物2025年员工持股计划管理办法,员工持股计划,2025-02-12,https://data.eastmoney.com/notices/detail/600873/AN202502111642974515.html
600873,梅花生物,梅花生物:梅花生物监事会关于公司2025年员工持股计划相关事项的审核意见,专项说明/独立意见,2025-02-12,https://data.eastmoney.com/notices/detail/600873/AN202502111642974519.html
600873,梅花生物,梅花生物:梅花生物2025年第一次职工代表大会会议决议公告,高管人员任职变动,2025-02-12,https://data.eastmoney.com/notices/detail/600873/AN202502111642974516.html
600873,梅花生物,梅花生物:梅花生物关于召开2025年第一次临时股东大会的通知,召开股东大会通知,2025-02-12,https://data.eastmoney.com/notices/detail/600873/AN202502111642974522.html
600873,梅花生物,梅花生物:梅花生物2025年员工持股计划(草案),员工持股计划,2025-02-12,https://data.eastmoney.com/notices/detail/600873/AN202502111642974514.html
603803,瑞斯康达,瑞斯康达:公司股票交易异常波动公告,股票交易异常波动,2025-02-12,https://data.eastmoney.com/notices/detail/603803/AN202502111642974511.html
603803,瑞斯康达,瑞斯康达:实际控制人关于公司股票交易异常波动有关事项问询函的回函,回复问询函公告,2025-02-12,https://data.eastmoney.com/notices/detail/603803/AN202502111642974512.html
600833,第一医药,第一医药:上海第一医药股份有限公司关于2025年度为全资子公司提供担保额度预计的公告,担保年度额度预计,2025-02-12,https://data.eastmoney.com/notices/detail/600833/AN202502111642974504.html
688178,万德斯,万德斯:南京万德斯环保科技股份有限公司关于涉及诉讼的公告,诉讼仲裁,2025-02-12,https://data.eastmoney.com/notices/detail/688178/AN202502111642974507.html
600833,第一医药,第一医药:上海第一医药股份有限公司第十届监事会第十六次(临时)会议决议公告,监事会决议公告,2025-02-12,https://data.eastmoney.com/notices/detail/600833/AN202502111642974505.html
600833,第一医药,第一医药:上海第一医药股份有限公司第十届董事会第三十次(临时)会议决议公告,董事会决议公告,2025-02-12,https://data.eastmoney.com/notices/detail/600833/AN202502111642974501.html
600833,第一医药,第一医药:上海第一医药股份有限公司关于公司拟签订房屋征收补偿协议的公告,签订协议,2025-02-12,https://data.eastmoney.com/notices/detail/600833/AN202502111642974503.html
600833,第一医药,第一医药:上海第一医药股份有限公司关于2025年度日常经营性关联交易预计的公告,关联交易,2025-02-12,https://data.eastmoney.com/notices/detail/600833/AN202502111642974506.html
603998,方盛制药,方盛制药:方盛制药关于公司控股股东之一致行动人增持公司股份及后续计划的公告,股东/实际控制人股份增持,2025-02-12,https://data.eastmoney.com/notices/detail/603998/AN202502111642974500.html
600833,第一医药,第一医药:上海第一医药股份有限公司2025年第一次临时股东大会的通知,召开股东大会通知,2025-02-12,https://data.eastmoney.com/notices/detail/600833/AN202502111642974499.html
603559,中通国脉,*ST通脉:中通国脉通信股份有限公司关于公司股票可能被终止上市的风险提示公告,终止上市风险提示,2025-02-12,https://data.eastmoney.com/notices/detail/603559/AN202502111642974502.html
300919,中伟新材,中伟股份:华泰联合证券有限责任公司关于中伟新材料股份有限公司向参股公司提供财务资助的核查意见,保荐/核查意见,2025-02-12,https://data.eastmoney.com/notices/detail/300919/AN202502111642974508.html
300919,中伟新材,中伟股份:关于向参股公司提供财务资助的公告,获得补贴（资助）,2025-02-12,https://data.eastmoney.com/notices/detail/300919/AN202502111642974509.html
003033,征和工业,征和工业:北京市金杜(青岛)律师事务所关于青岛征和工业股份有限公司2025年第一次临时股东大会之法律意见书,法律意见书,2025-02-12,https://data.eastmoney.com/notices/detail/003033/AN202502111642974510.html
603690,至纯科技,至纯科技:关于注销部分已回购股份的实施公告,回购实施公告,2025-02-12,https://data.eastmoney.com/notices/detail/603690/AN202502111642974491.html
688198,佰仁医疗,佰仁医疗:佰仁医疗关于拟购买土地使用权并投资建设项目的公告,收购出售资产/股权,2025-02-12,https://data.eastmoney.com/notices/detail/688198/AN202502111642974477.html
003033,征和工业,征和工业:2025年第一次临时股东大会决议公告,股东大会决议公告,2025-02-12,https://data.eastmoney.com/notices/detail/003033/AN202502111642974486.html
688148,芳源股份,芳源股份:中证鹏元关于关注广东芳源新材料集团股份有限公司2024年年度业绩预亏的公告,业绩预告,2025-02-12,https://data.eastmoney.com/notices/detail/688148/AN202502111642974253.html
300480,光力科技,光力科技:光力科技股份有限公司关于部分闲置募集资金进行现金管理到期收回并继续进行现金管理的公告,投资理财,2025-02-12,https://data.eastmoney.com/notices/detail/300480/AN202502111642974237.html
688293,奥浦迈,奥浦迈:关于持股5%以上股东权益变动触及1%的提示性公告,权益变动报告书,2025-02-12,https://data.eastmoney.com/notices/detail/688293/AN202502111642974220.html
001289,龙源电力,龙源电力:龙源电力集团股份有限公司2025年1月发电量数据公告,月度经营情况,2025-02-12,https://data.eastmoney.com/notices/detail/001289/AN202502111642974198.html
000633,合金投资,合金投资:2025年第一次临时股东大会决议公告,股东大会决议公告,2025-02-12,https://data.eastmoney.com/notices/detail/000633/AN202502111642974202.html
002170,芭田股份,芭田股份:关于全资子公司取得小高寨磷矿《安全生产许可证》的公告,其他,2025-02-12,https://data.eastmoney.com/notices/detail/002170/AN202502111642974208.html
002761,浙江建投,浙江建投:浙江省建设投资集团股份有限公司关于子公司收到中标通知书的自愿信息披露公告,其他,2025-02-12,https://data.eastmoney.com/notices/detail/002761/AN202502111642974204.html
002155,湖南黄金,湖南黄金:湖南启元律师事务所关于湖南黄金股份有限公司2025年第一次临时股东大会的法律意见书,法律意见书,2025-02-12,https://data.eastmoney.com/notices/detail/002155/AN202502111642974199.html
002155,湖南黄金,湖南黄金:2025年第一次临时股东大会决议公告,股东大会决议公告,2025-02-12,https://data.eastmoney.com/notices/detail/002155/AN202502111642974209.html
000633,合金投资,合金投资:北京植德律师事务所关于新疆合金投资股份有限公司2025年第一次临时股东大会的法律意见书,法律意见书,2025-02-12,https://data.eastmoney.com/notices/detail/000633/AN202502111642974203.html
600217,中再资环,中再资环:北京市中伦文德律师事务所关于中再资源环境股份有限公司2025年第一次临时股东大会的法律意见书,法律意见书,2025-02-12,https://data.eastmoney.com/notices/detail/600217/AN202502111642974190.html
600217,中再资环,中再资环:中再资环2025年第一次临时股东大会决议公告,股东大会决议公告,2025-02-12,https://data.eastmoney.com/notices/detail/600217/AN202502111642974191.html
603885,吉祥航空,吉祥航空:上海吉祥航空股份有限公司关于变更签字注册会计师的公告,公司关联方基本资料变更,2025-02-12,https://data.eastmoney.com/notices/detail/603885/AN202502111642974187.html
603885,吉祥航空,吉祥航空:上海吉祥航空股份有限公司关于控股股东股份解除质押及质押的公告,股份质押、冻结,2025-02-12,https://data.eastmoney.com/notices/detail/603885/AN202502111642974186.html
601156,东航物流,东航物流:东航物流关于5%以上股东部分股份解除质押及质押的公告,股份质押、冻结,2025-02-12,https://data.eastmoney.com/notices/detail/601156/AN202502111642974182.html
688323,瑞华泰,瑞华泰:国信证券股份有限公司关于深圳瑞华泰薄膜科技股份有限公司2024年度持续督导工作现场检查报告,保荐/核查意见,2025-02-12,https://data.eastmoney.com/notices/detail/688323/AN202502111642974165.html
300466,赛摩智能,赛摩智能:关于持股5%以上股东股权解除质押的公告,股份质押、冻结,2025-02-12,https://data.eastmoney.com/notices/detail/300466/AN202502111642974055.html
002368,太极股份,太极股份:关于控股股东及一致行动人权益变动触及1%暨增持计划进展情况的公告,权益变动报告书,2025-02-12,https://data.eastmoney.com/notices/detail/002368/AN202502111642974158.html
002123,梦网科技,梦网科技:股票交易异常波动公告,股票交易异常波动,2025-02-12,https://data.eastmoney.com/notices/detail/002123/AN202502111642974056.html
000768,中航西飞,中航西飞:关于第一期限制性股票激励计划第一个解除限售期解除限售股份上市流通的提示性公告,限售股份上市流通,2025-02-12,https://data.eastmoney.com/notices/detail/000768/AN202502111642974157.html
688667,菱电电控,菱电电控:菱电电控2025年第一次临时股东大会通知,召开股东大会通知,2025-02-12,https://data.eastmoney.com/notices/detail/688667/AN202502111642974038.html
688667,菱电电控,菱电电控:菱电电控关于聘任副总经理及补选董事的公告,高管人员任职变动,2025-02-12,https://data.eastmoney.com/notices/detail/688667/AN202502111642974040.html
688667,菱电电控,菱电电控:菱电电控关于公司组织架构调整的公告,其他,2025-02-12,https://data.eastmoney.com/notices/detail/688667/AN202502111642974039.html
688667,菱电电控,菱电电控:菱电电控2025年第一次临时股东大会会议资料,股东大会资料,2025-02-12,https://data.eastmoney.com/notices/detail/688667/AN202502111642974037.html
688292,浩瀚深度,浩瀚深度:北京浩瀚深度信息技术股份有限公司关于持股5%以上股东权益变动触及1%的提示性公告,权益变动报告书,2025-02-12,https://data.eastmoney.com/notices/detail/688292/AN202502111642974036.html
688297,中无人机,中无人机:中无人机关于变更签字注册会计师及项目质量复核人员的公告,公司关联方基本资料变更,2025-02-12,https://data.eastmoney.com/notices/detail/688297/AN202502111642974030.html
600057,厦门象屿,厦门象屿:厦门象屿2022年度向特定对象发行A股股票募集说明书(2025年2月),增发预案,2025-02-12,https://data.eastmoney.com/notices/detail/600057/AN202502111642974018.html
300195,长荣股份,长荣股份:关于开展外汇套期保值业务的可行性分析报告,其他,2025-02-12,https://data.eastmoney.com/notices/detail/300195/AN202502111642974012.html
300195,长荣股份,长荣股份:关于为控股子公司提供担保的公告,提供/对外担保公告,2025-02-12,https://data.eastmoney.com/notices/detail/300195/AN202502111642974014.html
300195,长荣股份,长荣股份:关于2025年度日常关联交易预计的公告,关联交易,2025-02-12,https://data.eastmoney.com/notices/detail/300195/AN202502111642974007.html
600197,伊力特,伊力特:新疆伊力特实业股份有限公司九届十二次董事会会议决议公告,董事会决议公告,2025-02-12,https://data.eastmoney.com/notices/detail/600197/AN202502111642974006.html
300195,长荣股份,长荣股份:第六届监事会第十一次会议决议的公告,监事会决议公告,2025-02-12,https://data.eastmoney.com/notices/detail/300195/AN202502111642974010.html
300195,长荣股份,长荣股份:关于接受关联方担保的公告,其他担保公告,2025-02-12,https://data.eastmoney.com/notices/detail/300195/AN202502111642974011.html
300195,长荣股份,长荣股份:关于使用闲置自有资金进行现金管理的公告,投资理财,2025-02-12,https://data.eastmoney.com/notices/detail/300195/AN202502111642974013.html
300195,长荣股份,长荣股份:关于开展外汇套期保值业务的公告,其他,2025-02-12,https://data.eastmoney.com/notices/detail/300195/AN202502111642974016.html
600197,伊力特,伊力特:新疆伊力特实业股份有限公司关于全资子公司向关联方借款暨关联交易的公告,其他,2025-02-12,https://data.eastmoney.com/notices/detail/600197/AN202502111642974005.html
300195,长荣股份,长荣股份:关于2025年度申请综合授信及对外担保额度预计的公告,担保年度额度预计,2025-02-12,https://data.eastmoney.com/notices/detail/300195/AN202502111642974009.html
300195,长荣股份,长荣股份:关于召开2025年第一次临时股东大会的通知,召开股东大会通知,2025-02-12,https://data.eastmoney.com/notices/detail/300195/AN202502111642974008.html
300195,长荣股份,长荣股份:第六届董事会第十二次会议决议的公告,董事会决议公告,2025-02-12,https://data.eastmoney.com/notices/detail/300195/AN202502111642974015.html
600021,上海电力,上海电力:上海电力股份有限公司董事会2025年第二次临时会议决议公告,高管人员任职变动,2025-02-12,https://data.eastmoney.com/notices/detail/600021/AN202502111642973988.html
600021,上海电力,上海电力:上海电力股份有限公司监事会2025年第二次临时会议决议公告,高管人员任职变动,2025-02-12,https://data.eastmoney.com/notices/detail/600021/AN202502111642973989.html
600021,上海电力,上海电力:上海电力股份有限公司关于召开2025年第一次临时股东大会的通知,召开股东大会通知,2025-02-12,https://data.eastmoney.com/notices/detail/600021/AN202502111642973990.html
605162,新中港,新中港:关于“新港转债”回售结果的公告,其他,2025-02-12,https://data.eastmoney.com/notices/detail/605162/AN202502111642973984.html
603032,德新科技,德新科技:德力西新能源科技股份有限公司关于完成工商变更登记并换发营业执照的公告,公司注册资本变更,2025-02-12,https://data.eastmoney.com/notices/detail/603032/AN202502111642973967.html
603137,恒尚节能,恒尚节能:江苏恒尚节能科技股份有限公司简式权益变动报告书,权益变动报告书,2025-02-12,https://data.eastmoney.com/notices/detail/603137/AN202502111642973968.html
603137,恒尚节能,恒尚节能:关于持股5%以上股东股份减持至5%以下的权益变动提示性公告,权益变动报告书,2025-02-12,https://data.eastmoney.com/notices/detail/603137/AN202502111642973966.html
605296,神农集团,神农集团:云南神农农业产业集团股份有限公司关于调整公司组织架构的公告,其他,2025-02-12,https://data.eastmoney.com/notices/detail/605296/AN202502111642973835.html
603122,合富中国,合富中国:海通证券股份有限公司关于合富(中国)医疗科技股份有限公司首次公开发行部分限售股上市流通事项的核查意见,保荐/核查意见,2025-02-12,https://data.eastmoney.com/notices/detail/603122/AN202502111642973831.html
605296,神农集团,神农集团:北京德恒(昆明)律师事务所关于云南神农农业产业集团股份有限公司2025年第一次临时股东会的法律意见,法律意见书,2025-02-12,https://data.eastmoney.com/notices/detail/605296/AN202502111642973836.html
605296,神农集团,神农集团:云南神农农业产业集团股份有限公司第四届董事会第二十八次会议决议公告,董事会决议公告,2025-02-12,https://data.eastmoney.com/notices/detail/605296/AN202502111642973833.html
603122,合富中国,合富中国:合富中国关于首次公开发行部分限售股上市流通公告,限售股份上市流通,2025-02-12,https://data.eastmoney.com/notices/detail/603122/AN202502111642973832.html
605296,神农集团,神农集团:云南神农农业产业集团股份有限公司2025年第一次临时股东会决议公告,股东大会决议公告,2025-02-12,https://data.eastmoney.com/notices/detail/605296/AN202502111642973834.html
600867,通化东宝,通化东宝:通化东宝关于控股股东增持公司股份计划进展公告,股东/实际控制人股份增持,2025-02-12,https://data.eastmoney.com/notices/detail/600867/AN202502111642973830.html
301297,富乐德,富乐德:关于变更投资者联系电话的公告,公司其他基本信息变更,2025-02-12,https://data.eastmoney.com/notices/detail/301297/AN202502111642973843.html
002506,协鑫集成,协鑫集成:关于子公司获得高新技术企业证书的公告,其他,2025-02-12,https://data.eastmoney.com/notices/detail/002506/AN202502111642973841.html
000931,中关村,中关村:北京海润天睿律师事务所关于北京中关村科技发展(控股)股份有限公司2025年第二次临时股东会之法律意见书,法律意见书,2025-02-12,https://data.eastmoney.com/notices/detail/000931/AN202502111642973845.html
600380,健康元,健康元:健康元药业集团股份有限公司关于向控股子公司焦作健风提供委托贷款的进展公告,委托（受托）事项,2025-02-12,https://data.eastmoney.com/notices/detail/600380/AN202502111642973820.html
688279,峰岹科技,峰岹科技:关于股东权益变动触及1%的提示性公告,权益变动报告书,2025-02-12,https://data.eastmoney.com/notices/detail/688279/AN202502111642973821.html
002506,协鑫集成,协鑫集成:关于对子公司提供担保的进展公告,提供/对外担保公告,2025-02-12,https://data.eastmoney.com/notices/detail/002506/AN202502111642973823.html
000931,中关村,中关村:2025年第二次临时股东会决议公告,股东大会决议公告,2025-02-12,https://data.eastmoney.com/notices/detail/000931/AN202502111642973824.html
688168,安博通,安博通:关于全资子公司签署日常经营重大合同的公告,其他,2025-02-12,https://data.eastmoney.com/notices/detail/688168/AN202502111642973818.html
600704,物产中大,物产中大:物产中大集团股份有限公司关于控股子公司涉诉事项进展的公告,其他,2025-02-12,https://data.eastmoney.com/notices/detail/600704/AN202502111642973815.html
688020,方邦股份,方邦股份:第四届董事会第二次会议决议公告,董事会决议公告,2025-02-12,https://data.eastmoney.com/notices/detail/688020/AN202502111642973814.html
688020,方邦股份,方邦股份:舆情管理制度,管理办法/制度,2025-02-12,https://data.eastmoney.com/notices/detail/688020/AN202502111642973813.html
688981,中芯国际,中芯国际:中芯国际2024年第四季度业绩快报公告,业绩快报,2025-02-12,https://data.eastmoney.com/notices/detail/688981/AN202502111642973770.html
688981,中芯国际,中芯国际:港股公告:中芯国际截至2024年12月31日止三个月未经审核业绩公布,其他,2025-02-12,https://data.eastmoney.com/notices/detail/688981/AN202502111642973776.html
688981,中芯国际,中芯国际:中芯国际关于与大唐控股订立2025年框架协议暨关联(连)交易的公告,签订协议,2025-02-12,https://data.eastmoney.com/notices/detail/688981/AN202502111642973769.html
002102,ST能特,能特科技:第七届监事会第二十一次会议决议公告,监事会决议公告,2025-02-12,https://data.eastmoney.com/notices/detail/002102/AN202502111642973792.html
002476,新叶股份,宝莫股份:关于持股5%以上股东股份被司法冻结的公告,股份质押、冻结,2025-02-12,https://data.eastmoney.com/notices/detail/002476/AN202502111642973793.html
002865,钧达股份,钧达股份:关于为全资子公司提供担保的公告,提供/对外担保公告,2025-02-12,https://data.eastmoney.com/notices/detail/002865/AN202502111642973800.html
002065,东华软件,东华软件:关于对外投资设立子公司的公告,投资设立公司,2025-02-12,https://data.eastmoney.com/notices/detail/002065/AN202502111642973794.html
002102,ST能特,能特科技:关于回购股份方案的公告,回购预案,2025-02-12,https://data.eastmoney.com/notices/detail/002102/AN202502111642973801.html
301200,大族数控,大族数控:关于向控股子公司出售资产完成交割的公告,收购出售资产/股权,2025-02-12,https://data.eastmoney.com/notices/detail/301200/AN202502111642973797.html
002102,ST能特,能特科技:关于召开公司2025年第二次临时股东大会的通知,召开股东大会通知,2025-02-12,https://data.eastmoney.com/notices/detail/002102/AN202502111642973799.html
000887,中鼎股份,中鼎股份:关于签署战略合作协议的公告,签订协议,2025-02-12,https://data.eastmoney.com/notices/detail/000887/AN202502111642973795.html
002513,蓝丰生化,蓝丰生化:关于公司涉及诉讼的公告,诉讼仲裁,2025-02-12,https://data.eastmoney.com/notices/detail/002513/AN202502111642973798.html
002102,ST能特,能特科技:第七届董事会第二十七次会议决议公告,董事会决议公告,2025-02-12,https://data.eastmoney.com/notices/detail/002102/AN202502111642973796.html
605366,宏柏新材,宏柏新材:江西宏柏新材料股份有限公司第三届董事会第十六次会议决议公告,董事会决议公告,2025-02-12,https://data.eastmoney.com/notices/detail/605366/AN202502111642973774.html
605366,宏柏新材,宏柏新材:江西宏柏新材料股份有限公司2025年员工持股计划(草案)摘要,员工持股计划,2025-02-12,https://data.eastmoney.com/notices/detail/605366/AN202502111642973771.html
605366,宏柏新材,宏柏新材:江西宏柏新材料股份有限公司监事会关于公司2025年员工持股计划相关事项的核查意见,专项说明/独立意见,2025-02-12,https://data.eastmoney.com/notices/detail/605366/AN202502111642973772.html
605366,宏柏新材,宏柏新材:上海荣正企业咨询服务(集团)股份有限公司关于江西宏柏新材料股份有限公司2025年员工持股计划(草案)之独立财务顾问报告,保荐/核查意见,2025-02-12,https://data.eastmoney.com/notices/detail/605366/AN202502111642973775.html
605366,宏柏新材,宏柏新材:江西宏柏新材料股份有限公司2025年第一次职工代表大会决议公告,高管人员任职变动,2025-02-12,https://data.eastmoney.com/notices/detail/605366/AN202502111642973768.html
605366,宏柏新材,宏柏新材:江西宏柏新材料股份有限公司关于召开2025年第一次临时股东大会的通知,召开股东大会通知,2025-02-12,https://data.eastmoney.com/notices/detail/605366/AN202502111642973773.html
605366,宏柏新材,宏柏新材:江西宏柏新材料股份有限公司2025年员工持股计划管理办法,员工持股计划,2025-02-12,https://data.eastmoney.com/notices/detail/605366/AN202502111642973779.html
605366,宏柏新材,宏柏新材:北京市中伦律师事务所关于江西宏柏新材料股份有限公司2025年员工持股计划的法律意见书,法律意见书,2025-02-12,https://data.eastmoney.com/notices/detail/605366/AN202502111642973765.html
603577,汇金通,汇金通:汇金通关于为全资子公司申请银行综合授信提供担保的进展公告,提供/对外担保公告,2025-02-12,https://data.eastmoney.com/notices/detail/603577/AN202502111642973766.html
605366,宏柏新材,宏柏新材:江西宏柏新材料股份有限公司关于向控股子公司宏柏新材料有限公司增资的公告,增资扩股,2025-02-12,https://data.eastmoney.com/notices/detail/605366/AN202502111642973777.html
605366,宏柏新材,宏柏新材:江西宏柏新材料股份有限公司第三届监事会第十次会议决议公告,监事会决议公告,2025-02-12,https://data.eastmoney.com/notices/detail/605366/AN202502111642973767.html
605366,宏柏新材,宏柏新材:江西宏柏新材料股份有限公司2025年员工持股计划(草案),员工持股计划,2025-02-12,https://data.eastmoney.com/notices/detail/605366/AN202502111642973778.html
688206,概伦电子,概伦电子:2025年第一次临时股东大会会议资料,股东大会资料,2025-02-12,https://data.eastmoney.com/notices/detail/688206/AN202502111642973545.html
603530,神马电力,神马电力:关于使用部分闲置募集资金进行现金管理到期赎回并继续进行现金管理的公告,投资理财,2025-02-12,https://data.eastmoney.com/notices/detail/603530/AN202502111642973521.html
603188,亚邦股份,亚邦股份:亚邦股份关于聘任董事会秘书的公告,高管人员任职变动,2025-02-12,https://data.eastmoney.com/notices/detail/603188/AN202502111642973519.html
603188,亚邦股份,亚邦股份:亚邦股份第七届董事会第十三次会议决议公告,高管人员任职变动,2025-02-12,https://data.eastmoney.com/notices/detail/603188/AN202502111642973520.html
601698,中国卫通,中国卫通:中国卫通关于召开2025年第一次临时股东大会的通知,召开股东大会通知,2025-02-12,https://data.eastmoney.com/notices/detail/601698/AN202502111642973507.html
601698,中国卫通,中国卫通:中国卫通第三届董事会第十五次会议决议公告,高管人员任职变动,2025-02-12,https://data.eastmoney.com/notices/detail/601698/AN202502111642973506.html
601698,中国卫通,中国卫通:中国卫通第三届董事会第七次独立董事专门会议决议,董事会决议公告,2025-02-12,https://data.eastmoney.com/notices/detail/601698/AN202502111642973505.html
601698,中国卫通,中国卫通:中国卫通关于董事辞任暨提名第三届董事会非独立董事候选人的公告,高管人员任职变动,2025-02-12,https://data.eastmoney.com/notices/detail/601698/AN202502111642973504.html
600900,长江电力,长江电力:长江电力关于国有股份无偿划转的提示性公告,股权转让,2025-02-12,https://data.eastmoney.com/notices/detail/600900/AN202502111642973500.html
601137,博威合金,博威合金:国信证券股份有限公司关于博威合金不提前赎回“博23转债”的核查意见,保荐/核查意见,2025-02-12,https://data.eastmoney.com/notices/detail/601137/AN202502111642973459.html
601137,博威合金,博威合金:宁波博威合金材料股份有限公司章程(2025年2月修订),公司章程修订,2025-02-12,https://data.eastmoney.com/notices/detail/601137/AN202502111642973356.html
601137,博威合金,博威合金:博威合金关于召开2025年第一次临时股东大会的通知,召开股东大会通知,2025-02-12,https://data.eastmoney.com/notices/detail/601137/AN202502111642973458.html
688231,隆达股份,隆达股份:关于持股5%以上股东权益变动触及5%的提示性公告,权益变动报告书,2025-02-12,https://data.eastmoney.com/notices/detail/688231/AN202502111642973460.html
688231,隆达股份,隆达股份:江苏隆达超合金股份有限公司权益变动报告书,权益变动报告书,2025-02-12,https://data.eastmoney.com/notices/detail/688231/AN202502111642973355.html
601137,博威合金,博威合金:博威合金第六届董事会第九次会议决议公告,董事会决议公告,2025-02-12,https://data.eastmoney.com/notices/detail/601137/AN202502111642973354.html
601137,博威合金,博威合金:博威合金关于不提前赎回“博23转债”的公告,其他,2025-02-12,https://data.eastmoney.com/notices/detail/601137/AN202502111642973457.html
601137,博威合金,博威合金:博威合金关于变更注册资本并修订《公司章程》的公告,公司章程修订,2025-02-12,https://data.eastmoney.com/notices/detail/601137/AN202502111642973461.html
600536,中国软件,中国软件:中国软件关于2021年限制性股票激励计划预留二批授予部分第一个解除限售期解除限售暨上市流通提示性公告,限售股份上市流通,2025-02-12,https://data.eastmoney.com/notices/detail/600536/AN202502111642973350.html
600536,中国软件,中国软件:北京观韬律所关于中国软件限制性股票激励计划预留二批授予部分第一个解除限售期解除限售条件成就的法律意见书,法律意见书,2025-02-12,https://data.eastmoney.com/notices/detail/600536/AN202502111642973351.html
300313,天山生物,ST天山:公司2025年1月活畜销售情况简报,月度经营情况,2025-02-12,https://data.eastmoney.com/notices/detail/300313/AN202502111642973336.html
002395,双象股份,双象股份:关于全资子公司获得高新技术企业证书的公告,其他,2025-02-12,https://data.eastmoney.com/notices/detail/002395/AN202502111642973330.html
002124,天邦食品,ST天邦:关于公司控股股东股权质押的公告,股份质押、冻结,2025-02-12,https://data.eastmoney.com/notices/detail/002124/AN202502111642973337.html
002040,南京港,南京港:南京港股份有限公司关于诉讼事项的进展公告,诉讼仲裁,2025-02-12,https://data.eastmoney.com/notices/detail/002040/AN202502111642973334.html
000766,通化金马,通化金马:吉林秉责律师事务所关于通化金马2025年第一次临时股东大会法律意见书,法律意见书,2025-02-12,https://data.eastmoney.com/notices/detail/000766/AN202502111642973333.html
000766,通化金马,通化金马:关于公司独立董事去世的公告,高管人员任职变动,2025-02-12,https://data.eastmoney.com/notices/detail/000766/AN202502111642973332.html
000766,通化金马,通化金马:2025年第一次临时股东大会决议公告,股东大会决议公告,2025-02-12,https://data.eastmoney.com/notices/detail/000766/AN202502111642973331.html
688472,阿特斯,阿特斯:阿特斯阳光电力集团股份有限公司关于公司及全资子公司涉及诉讼的公告,诉讼仲裁,2025-02-12,https://data.eastmoney.com/notices/detail/688472/AN202502111642973322.html
688209,英集芯,英集芯:英集芯关于完成工商变更登记的公告,公司注册资本变更,2025-02-12,https://data.eastmoney.com/notices/detail/688209/AN202502111642973319.html
002835,同为股份,同为股份:关于股票交易异常波动的公告,股票交易异常波动,2025-02-12,https://data.eastmoney.com/notices/detail/002835/AN202502111642973305.html
688187,时代电气,时代电气:H股公告(翌日披露报表),其他,2025-02-12,https://data.eastmoney.com/notices/detail/688187/AN202502111642973283.html
600265,*ST景谷,景谷林业:关于换届选举职工监事的公告,高管人员任职变动,2025-02-12,https://data.eastmoney.com/notices/detail/600265/AN202502111642973281.html
000166,申万宏源,申万宏源:关于申万宏源证券有限公司2024年面向专业投资者公开发行短期公司债券(第二期)(品种一)兑付兑息并摘牌的公告,其他,2025-02-12,https://data.eastmoney.com/notices/detail/000166/AN202502111642973271.html
002709,天赐材料,天赐材料:关于公司部分股票期权注销完成的公告,股权激励进展公告,2025-02-12,https://data.eastmoney.com/notices/detail/002709/AN202502111642973272.html
000020,深华发A,深华发Ａ:关于公司控股股东重大诉讼、仲裁案的进展公告,诉讼仲裁,2025-02-12,https://data.eastmoney.com/notices/detail/000020/AN202502111642973273.html
600531,豫光金铅,豫光金铅:河南豫光金铅股份有限公司2025年第一次临时股东大会决议公告,股东大会决议公告,2025-02-12,https://data.eastmoney.com/notices/detail/600531/AN202502111642973263.html
600531,豫光金铅,豫光金铅:北京市君致律师事务所关于河南豫光金铅股份有限公司2025年第一次临时股东大会的法律意见书,法律意见书,2025-02-12,https://data.eastmoney.com/notices/detail/600531/AN202502111642973264.html
601966,玲珑轮胎,玲珑轮胎:北京市中伦(青岛)律师事务所关于山东玲珑轮胎股份有限公司2025年第一次临时股东会的法律意见书,法律意见书,2025-02-12,https://data.eastmoney.com/notices/detail/601966/AN202502111642973257.html
601966,玲珑轮胎,玲珑轮胎:山东玲珑轮胎股份有限公司2025年第一次临时股东会决议公告,股东大会决议公告,2025-02-12,https://data.eastmoney.com/notices/detail/601966/AN202502111642973258.html
600845,宝信软件,宝信软件:关于第三期限制性股票计划首次授予第一个解除限售期解锁暨上市公告,限售股份上市流通,2025-02-12,https://data.eastmoney.com/notices/detail/600845/AN202502111642973046.html
600845,宝信软件,宝信软件:关于第三期限制性股票计划首次授予第一个解除限售期解锁暨上市的法律意见书,法律意见书,2025-02-12,https://data.eastmoney.com/notices/detail/600845/AN202502111642973047.html
600865,百大集团,百大集团:百大集团股份有限公司关于收到再审民事裁定书的公告,诉讼仲裁,2025-02-12,https://data.eastmoney.com/notices/detail/600865/AN202502111642973044.html
600688,上海石化,上海石化:上海石化H股公告-翌日披露表格,其他,2025-02-12,https://data.eastmoney.com/notices/detail/600688/AN202502111642973019.html
000590,古汉医药,启迪药业:关于为全资子公司向银行申请授信额度提供担保的公告,提供/对外担保公告,2025-02-12,https://data.eastmoney.com/notices/detail/000590/AN202502111642973024.html
002219,新里程,新里程:第六届董事会第三十二次会议决议公告,董事会决议公告,2025-02-12,https://data.eastmoney.com/notices/detail/002219/AN202502111642973023.html
600667,太极实业,太极实业:2025年第一次临时股东大会决议公告,股东大会决议公告,2025-02-12,https://data.eastmoney.com/notices/detail/600667/AN202502111642973017.html
600667,太极实业,太极实业:2025年第一次临时股东大会法律意见书,法律意见书,2025-02-12,https://data.eastmoney.com/notices/detail/600667/AN202502111642973018.html
603150,万朗磁塑,万朗磁塑:万朗磁塑关于使用部分闲置募集资金进行现金管理到期赎回的公告,投资理财,2025-02-12,https://data.eastmoney.com/notices/detail/603150/AN202502111642973007.html
688367,工大高科,工大高科:工大高科股东减持股份结果公告,股东/实际控制人股份减持,2025-02-12,https://data.eastmoney.com/notices/detail/688367/AN202502111642973008.html
688272,富吉瑞,富吉瑞:关于股票交易异常波动的公告,股票交易异常波动,2025-02-12,https://data.eastmoney.com/notices/detail/688272/AN202502111642973010.html
688272,富吉瑞,富吉瑞:关于北京富吉瑞光电科技股份有限公司股票交易异常波动问询函的回函,回复问询函公告,2025-02-12,https://data.eastmoney.com/notices/detail/688272/AN202502111642973009.html
603816,顾家家居,顾家家居:关于持股5%以上股东股份解除轮候冻结的公告,股份质押、冻结,2025-02-12,https://data.eastmoney.com/notices/detail/603816/AN202502111642972998.html
603766,隆鑫通用,隆鑫通用:隆鑫通用动力股份有限公司关于公司董事辞职的公告,高管人员任职变动,2025-02-12,https://data.eastmoney.com/notices/detail/603766/AN202502111642972997.html
300072,海新能科,海新能科:关于向北京市海淀区国有资产投资集团有限公司申请财务资助延期暨关联交易的公告,获得补贴（资助）,2025-02-12,https://data.eastmoney.com/notices/detail/300072/AN202502111642972981.html
300072,海新能科,海新能科:关于召开2025年第一次临时股东大会的通知,召开股东大会通知,2025-02-12,https://data.eastmoney.com/notices/detail/300072/AN202502111642972980.html
300072,海新能科,海新能科:第六届董事会第二十一次会议决议公告,董事会决议公告,2025-02-12,https://data.eastmoney.com/notices/detail/300072/AN202502111642972983.html
603488,展鹏科技,展鹏科技:展鹏科技股份有限公司股东集中竞价减持股份结果公告,股东/实际控制人股份减持,2025-02-12,https://data.eastmoney.com/notices/detail/603488/AN202502111642972972.html
603326,我乐家居,我乐家居:2025年第一次临时股东大会决议公告,分配方案决议公告,2025-02-12,https://data.eastmoney.com/notices/detail/603326/AN202502111642972754.html
603091,众鑫股份,众鑫股份:浙江众鑫环保科技集团股份有限公司关于使用部分闲置募集资金购买理财产品提前赎回及到期赎回并继续进行现金管理的公告,投资理财,2025-02-12,https://data.eastmoney.com/notices/detail/603091/AN202502111642972753.html
603326,我乐家居,我乐家居:德恒上海律师事务所关于南京我乐家居股份有限公司2025年第一次临时股东大会见证意见,其他,2025-02-12,https://data.eastmoney.com/notices/detail/603326/AN202502111642972755.html
300876,蒙泰高新,蒙泰高新:中证鹏元关于关注广东蒙泰高新纤维股份有限公司2024年度业绩预亏事项的公告,业绩预告,2025-02-12,https://data.eastmoney.com/notices/detail/300876/AN202502111642972749.html
600110,诺德股份,诺德股份:诺德新材料股份有限公司关于重大资产重组进展公告,重组进展公告,2025-02-12,https://data.eastmoney.com/notices/detail/600110/AN202502111642972735.html
688005,容百科技,容百科技:关于2020年限制性股票激励计划部分第一类限制性股票回购注销实施公告,回购实施公告,2025-02-12,https://data.eastmoney.com/notices/detail/688005/AN202502111642972720.html
601865,福莱特,福莱特:福莱特H股公告(翌日披露报表),其他,2025-02-12,https://data.eastmoney.com/notices/detail/601865/AN202502111642972718.html
600258,首旅酒店,首旅酒店:北京首旅酒店(集团)股份有限公司关于使用闲置募集资金进行现金管理到期赎回并继续进行现金管理进展的公告,募集资金使用进展情况,2025-02-12,https://data.eastmoney.com/notices/detail/600258/AN202502111642972702.html
688582,芯动联科,芯动联科:2024年度业绩快报公告,业绩快报,2025-02-12,https://data.eastmoney.com/notices/detail/688582/AN202502111642972703.html
688106,金宏气体,金宏气体:关于股份回购实施结果暨股份变动的公告,股本变动,2025-02-12,https://data.eastmoney.com/notices/detail/688106/AN202502111642972690.html
301037,保立佳,保立佳:关于拟公开挂牌出售烟台保立佳新材料有限公司100%股权的公告,收购出售资产/股权,2025-02-12,https://data.eastmoney.com/notices/detail/301037/AN202502111642972689.html
002689,ST远智,远大智能:关于控股股东部分股份解除质押及再质押的公告,股份质押、冻结,2025-02-12,https://data.eastmoney.com/notices/detail/002689/AN202502111642972688.html
002511,中顺洁柔,中顺洁柔:关于审计机构变更签字注册会计师和质量控制复核人的公告,审计机构变更,2025-02-12,https://data.eastmoney.com/notices/detail/002511/AN202502111642972687.html
002065,东华软件,东华软件:关于子公司向银行申请综合授信及担保的公告,其他担保公告,2025-02-12,https://data.eastmoney.com/notices/detail/002065/AN202502111642972686.html
002065,东华软件,东华软件:第八届董事会第三十次会议决议公告,董事会决议公告,2025-02-12,https://data.eastmoney.com/notices/detail/002065/AN202502111642972684.html
603718,*ST海利,海利生物:海利生物关于2023年限制性股票与股票期权激励计划限制性股票第一个解除限售期解除限售暨上市的公告,限售股份上市流通,2025-02-12,https://data.eastmoney.com/notices/detail/603718/AN202502111642972676.html
300503,昊志机电,昊志机电:关于控股股东、实际控制人部分股份质押的公告,股份质押、冻结,2025-02-12,https://data.eastmoney.com/notices/detail/300503/AN202502111642972661.html
002940,昂利康,昂利康:关于获得药品注册证书的公告,获得认证,2025-02-12,https://data.eastmoney.com/notices/detail/002940/AN202502111642972660.html
000595,新能股份,宝塔实业:关于控股子公司恢复参加采购活动的公告,其他,2025-02-12,https://data.eastmoney.com/notices/detail/000595/AN202502111642972663.html
000584,工智退,*ST工智:股票交易异常波动公告,股票交易异常波动,2025-02-12,https://data.eastmoney.com/notices/detail/000584/AN202502111642972664.html
603838,*ST四通,四通股份:四通股份关于控股股东、实际控制人及其一致行动人增持公司股份计划的公告,股东/实际控制人股份增持,2025-02-12,https://data.eastmoney.com/notices/detail/603838/AN202502111642972452.html
605020,永和股份,永和股份:浙江永和制冷股份有限公司第四届董事会第十六次会议决议公告,其他增发事项公告,2025-02-12,https://data.eastmoney.com/notices/detail/605020/AN202502111642972453.html
605020,永和股份,永和股份:浙江永和制冷股份有限公司第四届监事会第十三次会议决议公告,监事会决议公告,2025-02-12,https://data.eastmoney.com/notices/detail/605020/AN202502111642972451.html
603296,华勤技术,华勤技术:上海荣正企业咨询服务(集团)股份有限公司关于华勤技术股份有限公司2025年限制性股票激励计划调整及首次授予相关事项之独立财务顾问报告,保荐/核查意见,2025-02-12,https://data.eastmoney.com/notices/detail/603296/AN202502111642972445.html
603296,华勤技术,华勤技术:华勤技术关于调整公司2025年限制性股票激励计划相关事项的公告,股权激励其他事项公告,2025-02-12,https://data.eastmoney.com/notices/detail/603296/AN202502111642972442.html
603296,华勤技术,华勤技术:华勤技术2025年限制性股票激励计划首次授予部分激励对象名单(授予日),股权激励对象名单,2025-02-12,https://data.eastmoney.com/notices/detail/603296/AN202502111642972438.html
603296,华勤技术,华勤技术:华勤技术第二届监事会第十次会议决议公告,监事会决议公告,2025-02-12,https://data.eastmoney.com/notices/detail/603296/AN202502111642972440.html
603296,华勤技术,华勤技术:华勤技术第二届董事会第十二次会议决议公告,董事会决议公告,2025-02-12,https://data.eastmoney.com/notices/detail/603296/AN202502111642972441.html
603296,华勤技术,华勤技术:华勤技术关于向公司2025年限制性股票激励计划激励对象首次授予限制性股票的公告,股权激励进展公告,2025-02-12,https://data.eastmoney.com/notices/detail/603296/AN202502111642972444.html
603296,华勤技术,华勤技术:北京市中伦律师事务所关于华勤技术股份有限公司2025年限制性股票激励计划相关调整与授予事项的法律意见书,法律意见书,2025-02-12,https://data.eastmoney.com/notices/detail/603296/AN202502111642972443.html
603296,华勤技术,华勤技术:华勤技术监事会关于2025年限制性股票激励计划首次授予部分激励对象名单(授予日)的核查意见,专项说明/独立意见,2025-02-12,https://data.eastmoney.com/notices/detail/603296/AN202502111642972439.html
600004,白云机场,白云机场:中国国际金融股份有限公司关于广州白云国际机场股份有限公司2024年度向特定对象发行股票之发行保荐书,发行保荐书,2025-02-12,https://data.eastmoney.com/notices/detail/600004/AN202502111642972432.html
600004,白云机场,白云机场:立信会计师事务所(特殊普通合伙)关于广州白云国际机场股份有限公司向特定对象发行股票的财务报告及审计报告,审计报告,2025-02-12,https://data.eastmoney.com/notices/detail/600004/AN202502111642972431.html
600004,白云机场,白云机场:广州白云国际机场股份有限公司关于向特定对象发行A股股票申请获得上海证券交易所受理的公告,增发预案,2025-02-12,https://data.eastmoney.com/notices/detail/600004/AN202502111642972430.html
600004,白云机场,白云机场:北京市奋迅律师事务所关于广州白云国际机场股份有限公司2024年度向特定对象发行A股股票的法律意见书,法律意见书,2025-02-12,https://data.eastmoney.com/notices/detail/600004/AN202502111642972429.html
600004,白云机场,白云机场:中国国际金融股份有限公司关于广州白云国际机场股份有限公司2024年度向特定对象发行股票之上市保荐书,上市保荐书,2025-02-12,https://data.eastmoney.com/notices/detail/600004/AN202502111642972427.html
688004,博汇科技,博汇科技:博汇科技股东减持股份结果公告,股东/实际控制人股份减持,2025-02-12,https://data.eastmoney.com/notices/detail/688004/AN202502111642972410.html
603906,龙蟠科技,龙蟠科技:江苏龙蟠科技股份有限公司关于控股股东部分股份解除质押的公告,股份质押、冻结,2025-02-12,https://data.eastmoney.com/notices/detail/603906/AN202502111642972407.html
600566,济川药业,济川药业:湖北济川药业股份有限公司关于子公司获得药品注册证书的公告,其他,2025-02-12,https://data.eastmoney.com/notices/detail/600566/AN202502111642972402.html
603363,傲农生物,*ST傲农:福建傲农生物科技集团股份有限公司2025年1月养殖业务主要经营数据公告,月度经营情况,2025-02-12,https://data.eastmoney.com/notices/detail/603363/AN202502111642972392.html
002881,美格智能,美格智能:股票交易异常波动公告,股票交易异常波动,2025-02-12,https://data.eastmoney.com/notices/detail/002881/AN202502111642972378.html
000568,泸州老窖,泸州老窖:第十一届董事会九次会议决议公告,董事会决议公告,2025-02-12,https://data.eastmoney.com/notices/detail/000568/AN202502111642972381.html
605589,圣泉集团,圣泉集团:圣泉集团关于独立董事任期届满的公告,高管人员任职变动,2025-02-12,https://data.eastmoney.com/notices/detail/605589/AN202502111642972147.html
600058,五矿发展,五矿发展:五矿发展股份有限公司2023年面向专业投资者公开发行可续期公司债券(第一期)不行使续期选择权的公告,其他,2025-02-12,https://data.eastmoney.com/notices/detail/600058/AN202502111642972141.html
688565,力源科技,力源科技:5%以下股东减持计划时间届满暨减持股份结果公告,股东/实际控制人股份减持,2025-02-12,https://data.eastmoney.com/notices/detail/688565/AN202502111642972120.html
002982,湘佳股份,湘佳股份:2025年1月份活禽销售情况简报,月度经营情况,2025-02-12,https://data.eastmoney.com/notices/detail/002982/AN202502111642972119.html
600126,杭钢股份,杭钢股份:杭州钢铁股份有限公司股票交易风险提示公告,风险提示性公告,2025-02-12,https://data.eastmoney.com/notices/detail/600126/AN202502111642972105.html
600721,百花医药,百花医药:新疆百花村医药集团股份有限公司关于全资子公司获得高新技术企业证书的公告,其他,2025-02-12,https://data.eastmoney.com/notices/detail/600721/AN202502111642972101.html
002174,游族网络,游族网络:关于预计触发转股价格向下修正条件的提示性公告,其他,2025-02-12,https://data.eastmoney.com/notices/detail/002174/AN202502111642972086.html
000702,正虹科技,正虹科技:2025年1月生猪销售简报,月度经营情况,2025-02-12,https://data.eastmoney.com/notices/detail/000702/AN202502111642972087.html
002036,联创电子,联创电子:关于公司股票交易异常波动的公告,股票交易异常波动,2025-02-12,https://data.eastmoney.com/notices/detail/002036/AN202502111642972085.html
603201,常润股份,常润股份:常熟通润汽车零部件股份有限公司关于使用部分暂时闲置募集资金进行现金管理到期赎回的公告,投资理财,2025-02-12,https://data.eastmoney.com/notices/detail/603201/AN202502111642971632.html
603909,建发合诚,建发合诚:建发合诚股东减持股份期间届满暨未减持股份公告,股东/实际控制人股份减持,2025-02-12,https://data.eastmoney.com/notices/detail/603909/AN202502111642971617.html
600231,凌钢股份,凌钢股份:凌源钢铁股份有限公司关于聘任高级管理人员的公告,高管人员任职变动,2025-02-12,https://data.eastmoney.com/notices/detail/600231/AN202502111642971605.html
002777,久远银海,久远银海:关于子公司通过高新技术企业重新认定的公告,其他,2025-02-12,https://data.eastmoney.com/notices/detail/002777/AN202502111642971602.html
002777,久远银海,久远银海:关于控股子公司取得商标注册证书的公告,其他,2025-02-12,https://data.eastmoney.com/notices/detail/002777/AN202502111642971600.html
000625,长安汽车,长安汽车:第九届董事会第三十七次会议决议公告,董事会决议公告,2025-02-12,https://data.eastmoney.com/notices/detail/000625/AN202502111642971601.html
000625,长安汽车,长安汽车:关于取消2025年第一次临时股东大会的公告,取消股东大会公告,2025-02-12,https://data.eastmoney.com/notices/detail/000625/AN202502111642971604.html
002877,智能自控,智能自控:关于第一期员工持股计划出售完毕的公告,员工持股计划,2025-02-12,https://data.eastmoney.com/notices/detail/002877/AN202502111642971598.html
003017,大洋生物,大洋生物:关于使用部分闲置募集资金进行现金管理到期赎回并继续进行现金管理的进展公告,募集资金使用进展情况,2025-02-12,https://data.eastmoney.com/notices/detail/003017/AN202502111642971603.html
002945,华林证券,华林证券:关于控股股东部分股份解除质押的公告,股份质押、冻结,2025-02-12,https://data.eastmoney.com/notices/detail/002945/AN202502111642971599.html
600196,复星医药,复星医药:复星医药关于为控股子公司提供担保的进展公告,提供/对外担保公告,2025-02-12,https://data.eastmoney.com/notices/detail/600196/AN202502111642971584.html
002250,联化科技,联化科技:关于董事长提议回购公司股份的公告,其他,2025-02-12,https://data.eastmoney.com/notices/detail/002250/AN202502111642971582.html
001299,美能能源,美能能源:关于全资子公司通过高新技术企业认定的公告,其他,2025-02-12,https://data.eastmoney.com/notices/detail/001299/AN202502111642971583.html
000420,吉林化纤,吉林化纤:吉林化纤2025第一次临时股东大会法律意见书,法律意见书,2025-02-12,https://data.eastmoney.com/notices/detail/000420/AN202502111642971580.html
000420,吉林化纤,吉林化纤:2025年第一次临时股东大会决议公告,股东大会决议公告,2025-02-12,https://data.eastmoney.com/notices/detail/000420/AN202502111642971581.html
300129,泰胜风能,泰胜风能:关于向特定对象发行股票申请获得中国证监会同意注册批复的公告,增发获准公告,2025-02-12,https://data.eastmoney.com/notices/detail/300129/AN202502111642971569.html
002733,雄韬股份,雄韬股份:广东信达律师事务所关于深圳市雄韬电源科技股份有限公司2025年第一次临时股东大会的法律意见书,法律意见书,2025-02-12,https://data.eastmoney.com/notices/detail/002733/AN202502111642971567.html
002733,雄韬股份,雄韬股份:2025年第一次临时股东大会会议决议公告,股东大会决议公告,2025-02-12,https://data.eastmoney.com/notices/detail/002733/AN202502111642971568.html
002496,辉丰股份,辉丰股份:关于收到执行裁定书的公告,诉讼仲裁,2025-02-12,https://data.eastmoney.com/notices/detail/002496/AN202502111642971570.html
603320,迪贝电气,迪贝电气:关于实施“迪贝转债”赎回暨摘牌的第十二次提示性公告,其他,2025-02-12,https://data.eastmoney.com/notices/detail/603320/AN202502111642971558.html
603320,迪贝电气,迪贝电气:关于“迪贝转债”转股数量累计达到转股前公司已发行股份总数10%的公告,其他,2025-02-12,https://data.eastmoney.com/notices/detail/603320/AN202502111642971557.html
301160,翔楼新材,翔楼新材:关于变更公司注册资本、修订《公司章程》并办理工商变更登记的公告,公司注册资本变更,2025-02-12,https://data.eastmoney.com/notices/detail/301160/AN202502111642971353.html
301160,翔楼新材,翔楼新材:关于召开2025年第一次临时股东大会的通知,召开股东大会通知,2025-02-12,https://data.eastmoney.com/notices/detail/301160/AN202502111642971352.html
301160,翔楼新材,翔楼新材:第三届董事会第二十四次会议决议公告,董事会决议公告,2025-02-12,https://data.eastmoney.com/notices/detail/301160/AN202502111642971351.html
300505,川金诺,川金诺:关于公司向银行申请综合授信额度的进展公告,借贷,2025-02-12,https://data.eastmoney.com/notices/detail/300505/AN202502111642971354.html
002650,ST加加,ST加加:关于公司控股股东被申请破产审查的进展公告,其他,2025-02-12,https://data.eastmoney.com/notices/detail/002650/AN202502111642971356.html
603392,万泰生物,万泰生物:万泰生物关于使用部分闲置募集资金进行现金管理到期赎回的公告,投资理财,2025-02-12,https://data.eastmoney.com/notices/detail/603392/AN202502111642971325.html
603737,三棵树,三棵树:关于为子公司提供担保的公告,提供/对外担保公告,2025-02-12,https://data.eastmoney.com/notices/detail/603737/AN202502111642971313.html
605050,福然德,福然德:福然德股份有限公司2024年前三季度权益分派实施公告,分配方案实施,2025-02-12,https://data.eastmoney.com/notices/detail/605050/AN202502111642971299.html
605050,福然德,福然德:国浩律师(上海)事务所关于福然德股份有限公司差异化分红事项之专项法律意见书,法律意见书,2025-02-12,https://data.eastmoney.com/notices/detail/605050/AN202502111642971300.html
600843,上工申贝,上工申贝:关于现金管理的进展公告,投资理财,2025-02-12,https://data.eastmoney.com/notices/detail/600843/AN202502111642971118.html
002385,大北农,大北农:第六届董事会第二十七次(临时)会议决议公告,董事会决议公告,2025-02-12,https://data.eastmoney.com/notices/detail/002385/AN202502111642971114.html
300351,永贵电器,永贵电器:关于向不特定对象发行可转换公司债券获得中国证券监督管理委员会同意注册批复的公告,其他,2025-02-12,https://data.eastmoney.com/notices/detail/300351/AN202502111642971116.html
002385,大北农,大北农:关于向银团申请贷款暨资产抵押的公告,借贷,2025-02-12,https://data.eastmoney.com/notices/detail/002385/AN202502111642971113.html
300610,晨化股份,晨化股份:关于使用自有闲置资金进行现金管理的进展公告,投资理财,2025-02-12,https://data.eastmoney.com/notices/detail/300610/AN202502111642971115.html
603587,地素时尚,地素时尚:地素时尚关于完成工商变更登记并换发营业执照的公告,公司注册资本变更,2025-02-12,https://data.eastmoney.com/notices/detail/603587/AN202502111642971110.html
603668,天马科技,天马科技:天马科技关于公司对外担保的进展公告,提供/对外担保公告,2025-02-12,https://data.eastmoney.com/notices/detail/603668/AN202502111642971108.html
600561,江西长运,江西长运:江西长运关于为全资子公司鄱阳县长途汽车运输有限公司借款提供担保的实施公告,提供/对外担保公告,2025-02-12,https://data.eastmoney.com/notices/detail/600561/AN202502111642971083.html
603033,三维股份,三维股份:2025-005+三维控股集团股份有限公司关于为合营企业提供关联担保的进展公告,提供/对外担保公告,2025-02-12,https://data.eastmoney.com/notices/detail/603033/AN202502111642971084.html
688186,广大特材,广大特材:关于”广大转债”预计满足转股价格修正条件的提示性公告,其他,2025-02-12,https://data.eastmoney.com/notices/detail/688186/AN202502111642971082.html
002760,凤形股份,凤形股份:关于办公地点变更的公告,公司办公地址变更,2025-02-12,https://data.eastmoney.com/notices/detail/002760/AN202502111642970956.html
002350,北京科锐,北京科锐:关于项目中标的进展公告,重大合同,2025-02-12,https://data.eastmoney.com/notices/detail/002350/AN202502111642970955.html
600765,中航重机,中航重机:中航重机关于变更签字注册会计师的公告,公司关联方基本资料变更,2025-02-12,https://data.eastmoney.com/notices/detail/600765/AN202502111642970905.html
600685,中船防务,中船防务:中船防务2025年第一次临时股东会会议资料,股东大会资料,2025-02-12,https://data.eastmoney.com/notices/detail/600685/AN202502111642970897.html
600685,中船防务,中船防务:中船防务关于召开2025年第一次临时股东会的通知,召开股东大会通知,2025-02-12,https://data.eastmoney.com/notices/detail/600685/AN202502111642970867.html
600521,华海药业,华海药业:浙江华海药业股份有限公司第八届董事会第三十三次临时会议决议公告,董事会决议公告,2025-02-12,https://data.eastmoney.com/notices/detail/600521/AN202502111642970890.html
600521,华海药业,华海药业:浙江华海药业股份有限公司第八届监事会第十九次临时会议决议公告,监事会决议公告,2025-02-12,https://data.eastmoney.com/notices/detail/600521/AN202502111642970888.html
600521,华海药业,华海药业:浙江华海药业股份有限公司关于调整向特定对象发行股票募集资金规模的公告,变更募集资金投资项目,2025-02-12,https://data.eastmoney.com/notices/detail/600521/AN202502111642970889.html
002998,优彩资源,优彩资源:长江证券承销保荐有限公司关于优彩资源2024年度持续督导培训情况报告,保荐/核查意见,2025-02-12,https://data.eastmoney.com/notices/detail/002998/AN202502111642970893.html
688520,神州细胞,神州细胞:神州细胞自愿披露关于控股子公司获得药品注册证书的公告,其他,2025-02-12,https://data.eastmoney.com/notices/detail/688520/AN202502111642970865.html
603160,汇顶科技,汇顶科技:关于出售全资孙公司100%股权的进展公告,收购出售资产/股权,2025-02-12,https://data.eastmoney.com/notices/detail/603160/AN202502111642970861.html
603016,新宏泰,新宏泰:关于公开挂牌转让控股子公司股权的进展公告,股权转让,2025-02-12,https://data.eastmoney.com/notices/detail/603016/AN202502111642970862.html
603131,上海沪工,上海沪工:独立董事候选人声明与承诺(倪晨凯),独立董事候选人声明,2025-02-12,https://data.eastmoney.com/notices/detail/603131/AN202502111642970609.html
603131,上海沪工,上海沪工:关于公司预计2025年度日常关联交易额度的公告,关联交易,2025-02-12,https://data.eastmoney.com/notices/detail/603131/AN202502111642970608.html
603131,上海沪工,上海沪工:独立董事提名人声明与承诺,独立董事提名人声明,2025-02-12,https://data.eastmoney.com/notices/detail/603131/AN202502111642970612.html
603131,上海沪工,上海沪工:关于独立董事辞职暨补选独立董事的公告,高管人员任职变动,2025-02-12,https://data.eastmoney.com/notices/detail/603131/AN202502111642970610.html
603131,上海沪工,上海沪工:第五届监事会第三次会议决议公告,监事会决议公告,2025-02-12,https://data.eastmoney.com/notices/detail/603131/AN202502111642970611.html
603131,上海沪工,上海沪工:第五届董事会第五次会议决议公告,高管人员任职变动,2025-02-12,https://data.eastmoney.com/notices/detail/603131/AN202502111642970606.html
603131,上海沪工,上海沪工:关于召开2025年第一次临时股东大会的通知,召开股东大会通知,2025-02-12,https://data.eastmoney.com/notices/detail/603131/AN202502111642970607.html
688711,宏微科技,宏微科技:江苏宏微科技股份有限公司关于诉讼进展的公告,诉讼仲裁,2025-02-12,https://data.eastmoney.com/notices/detail/688711/AN202502111642970604.html
603657,春光科技,春光科技:春光科技关于会计师事务所变更签字注册会计师的公告,高管人员任职变动,2025-02-12,https://data.eastmoney.com/notices/detail/603657/AN202502111642970602.html
300599,雄塑科技,雄塑科技:关于召开2025年第一次临时股东大会的提示性公告,召开股东大会提示性公告,2025-02-12,https://data.eastmoney.com/notices/detail/300599/AN202502111642970603.html
300410,正业科技,正业科技:广东正业科技股份有限公司关于出售部分资产的进展公告,收购出售资产/股权,2025-02-12,https://data.eastmoney.com/notices/detail/300410/AN202502111642970566.html
002046,国机精工,国机精工:关于向特定对象发行股票申请获得中国证券监督管理委员会同意注册批复的公告,增发获准公告,2025-02-12,https://data.eastmoney.com/notices/detail/002046/AN202502111642970564.html
000922,佳电股份,佳电股份:哈尔滨电气集团佳木斯电机股份有限公司关于向特定对象发行股票申请获得中国证监会同意注册批复的公告,增发获准公告,2025-02-12,https://data.eastmoney.com/notices/detail/000922/AN202502111642970565.html
600398,海澜之家,海澜之家:海澜之家集团股份有限公司关于全资子公司参与投资产业基金的进展公告,其他,2025-02-12,https://data.eastmoney.com/notices/detail/600398/AN202502111642970453.html
603380,易德龙,易德龙:苏州易德龙科技股份有限公司关于5%以上股东所持有的部分股份解除质押的公告,股份质押、冻结,2025-02-12,https://data.eastmoney.com/notices/detail/603380/AN202502111642970445.html
688657,浩辰软件,浩辰软件:关于持股5%以上股东减持计划完成暨减持股份结果公告,股东/实际控制人股份减持,2025-02-12,https://data.eastmoney.com/notices/detail/688657/AN202502111642970429.html
002489,浙江永强,浙江永强:关于对外投资设立子公司的补充公告,投资设立公司,2025-02-12,https://data.eastmoney.com/notices/detail/002489/AN202502111642970428.html
603176,汇通集团,汇通集团:汇通集团监事会关于公司2025年限制性股票激励计划激励对象名单的核查意见及公示情况说明,专项说明/独立意见,2025-02-12,https://data.eastmoney.com/notices/detail/603176/AN202502111642970423.html
688403,汇成股份,汇成股份:关于可转债投资者适当性要求的风险提示性公告,风险提示性公告,2025-02-12,https://data.eastmoney.com/notices/detail/688403/AN202502111642970422.html
000797,中国武夷,中国武夷:关于子公司南安中武因公开招标构成关联交易的公告,其他,2025-02-12,https://data.eastmoney.com/notices/detail/000797/AN202502111642970237.html
603848,好太太,好太太:广东好太太科技集团股份有限公司关于完成工商变更登记并取得营业执照的公告,公司注册资本变更,2025-02-12,https://data.eastmoney.com/notices/detail/603848/AN202502111642970226.html
600897,厦门空港,厦门空港:厦门空港2025年1月运输生产情况简报,月度经营情况,2025-02-12,https://data.eastmoney.com/notices/detail/600897/AN202502111642970225.html
000089,深圳机场,深圳机场:关于2025年1月生产经营快报的自愿性信息披露公告,月度经营情况,2025-02-12,https://data.eastmoney.com/notices/detail/000089/AN202502111642970224.html
002457,青龙管业,青龙管业:关于签订买卖合同的公告,重大合同,2025-02-12,https://data.eastmoney.com/notices/detail/002457/AN202502111642970220.html
002495,佳隆股份,佳隆股份:舆情管理制度,管理办法/制度,2025-02-12,https://data.eastmoney.com/notices/detail/002495/AN202502111642970219.html
002495,佳隆股份,佳隆股份:第八届董事会第十次会议决议公告,董事会决议公告,2025-02-12,https://data.eastmoney.com/notices/detail/002495/AN202502111642970221.html
002532,天山铝业,天山铝业:关于控股股东的一致行动人部分股份解除质押的公告,股份质押、冻结,2025-02-12,https://data.eastmoney.com/notices/detail/002532/AN202502111642970222.html
300818,耐普矿机,耐普矿机:关于提前赎回耐普转债的第2次提示性公告,其他,2025-02-12,https://data.eastmoney.com/notices/detail/300818/AN202502111642970223.html
603717,天域生物,天域生物:2025年1月主要经营数据公告,月度经营情况,2025-02-12,https://data.eastmoney.com/notices/detail/603717/AN202502111642970208.html
605116,奥锐特,奥锐特:奥锐特药业股份有限公司关于使用部分闲置募集资金进行现金管理进展公告,募集资金使用进展情况,2025-02-12,https://data.eastmoney.com/notices/detail/605116/AN202502111642969456.html
605077,华康股份,华康股份:浙江华康药业股份有限公司向不特定对象发行可转换公司债券第一次临时受托管理事务报告(2025),其他,2025-02-12,https://data.eastmoney.com/notices/detail/605077/AN202502111642969451.html
605006,山东玻纤,山东玻纤:山东玻纤集团股份有限公司关于股东大会开设网络投票提示服务的公告,其他,2025-02-12,https://data.eastmoney.com/notices/detail/605006/AN202502111642969449.html
603237,五芳斋,五芳斋:浙江五芳斋实业股份有限公司关于控股股东权益变动触及1%整数倍的提示性公告,权益变动报告书,2025-02-12,https://data.eastmoney.com/notices/detail/603237/AN202502111642969426.html
603185,弘元绿能,弘元绿能:关于公司通过高新技术企业认定的公告,获得认证,2025-02-12,https://data.eastmoney.com/notices/detail/603185/AN202502111642968927.html
600796,钱江生化,钱江生化:关于持股5%以上股东所持部分公司股份解除冻结暨司法拍卖完成过户的公告,股份质押、冻结,2025-02-12,https://data.eastmoney.com/notices/detail/600796/AN202502111642968934.html
605117,德业股份,德业股份:关于控股股东部分股份解除质押的公告,股份质押、冻结,2025-02-12,https://data.eastmoney.com/notices/detail/605117/AN202502111642968941.html
603040,新坐标,新坐标:新坐标关于2022年员工持股计划出售完毕暨终止的公告,员工持股计划,2025-02-12,https://data.eastmoney.com/notices/detail/603040/AN202502111642968929.html
601500,通用股份,通用股份:江苏通用科技股份有限公司关于高级管理人员退休离任的公告,高管人员任职变动,2025-02-12,https://data.eastmoney.com/notices/detail/601500/AN202502111642968926.html
601339,百隆东方,百隆东方:百隆东方对外担保的进展公告,提供/对外担保公告,2025-02-12,https://data.eastmoney.com/notices/detail/601339/AN202502111642968928.html
600850,电科数字,电科数字:中电科数字技术股份有限公司关于公司注册资本变更及修订《公司章程》完成工商变更登记的公告,公司注册资本变更,2025-02-12,https://data.eastmoney.com/notices/detail/600850/AN202502111642968937.html
601996,丰林集团,丰林集团:广西丰林木业集团股份有限公司关于变更签字注册会计师的公告,公司关联方基本资料变更,2025-02-12,https://data.eastmoney.com/notices/detail/601996/AN202502111642968946.html
600906,财达证券,财达证券:财达证券股份有限公司关于向专业投资者公开发行次级公司债券获中国证监会注册批复的公告,其他,2025-02-12,https://data.eastmoney.com/notices/detail/600906/AN202502111642968931.html
600867,通化东宝,通化东宝:通化东宝关于GLP-1／GIP双靶点受体激动剂(注射用THDBH120)获得减重适应症Ib期临床试验总结报告的公告,保荐/核查意见,2025-02-12,https://data.eastmoney.com/notices/detail/600867/AN202502111642968940.html
600292,电投水电,远达环保:远达环保2025年第二次(临时)股东大会会议资料,股东大会资料,2025-02-12,https://data.eastmoney.com/notices/detail/600292/AN202502111642968933.html
603055,台华新材,台华新材:浙江台华新材料集团股份有限公司关于股东股份解除质押的公告,股份质押、冻结,2025-02-12,https://data.eastmoney.com/notices/detail/603055/AN202502111642968945.html
600567,山鹰国际,山鹰国际:关于控股股东部分股份解除质押及再质押的公告,股份质押、冻结,2025-02-12,https://data.eastmoney.com/notices/detail/600567/AN202502111642968943.html
600114,东睦股份,东睦股份:东睦股份关于变更签字注册会计师及项目质量控制复核人的公告,公司关联方基本资料变更,2025-02-12,https://data.eastmoney.com/notices/detail/600114/AN202502111642968938.html
600415,小商品城,小商品城:2025年第一次临时股东大会会议资料,股东大会资料,2025-02-12,https://data.eastmoney.com/notices/detail/600415/AN202502111642968930.html
601515,衢州东峰,东峰集团:东峰集团关于控股子公司通过IATF16949质量管理体系认证的公告,其他,2025-02-12,https://data.eastmoney.com/notices/detail/601515/AN202502111642968939.html
600587,新华医疗,新华医疗:新华医疗关于2021年股权激励计划第二期限制性股票解锁暨上市公告,限售股份上市流通,2025-02-12,https://data.eastmoney.com/notices/detail/600587/AN202502111642968932.html
600587,新华医疗,新华医疗:新华医疗关于公司产品获得二类医疗器械注册证的公告,其他,2025-02-12,https://data.eastmoney.com/notices/detail/600587/AN202502111642968935.html
600114,东睦股份,东睦股份:东睦股份关于全资子公司变更经营范围并完成工商变更登记的公告,公司关联方基本资料变更,2025-02-12,https://data.eastmoney.com/notices/detail/600114/AN202502111642968942.html
