代码,名称,公告标题,公告类型,公告日期,网址
002180,奔图科技,纳思达:关于2024年度为全资子公司提供担保额度预计的公告,担保年度额度预计,2024-01-12,https://data.eastmoney.com/notices/detail/002180/AN202401111617267369.html
A22308,航天和兴,关于北京航天和兴科技股份有限公司首次公开发行股票并上市辅导工作进展报告(第二期),辅导工作进展报告,2024-01-12,https://data.eastmoney.com/notices/detail/A22308/AN202507021701437033.html
A23277,国钛股份,关于云南国钛金属股份有限公司首次公开发行股票并上市辅导工作进展报告(第一期),辅导工作进展报告,2024-01-12,https://data.eastmoney.com/notices/detail/A23277/AN202507021701437019.html
A22035,三峰透平,关于湖北三峰透平装备股份有限公司首次公开发行股票并上市辅导工作进展报告(第二期),辅导工作进展报告,2024-01-12,https://data.eastmoney.com/notices/detail/A22035/AN202507021701434126.html
A21328,大庄园,关于大庄园肉业集团股份有限公司首次公开发行股票并上市辅导工作进展报告(第六期),辅导工作进展报告,2024-01-12,https://data.eastmoney.com/notices/detail/A21328/AN202507021701435812.html
A21265,天擎天拓,关于上海天擎天拓信息技术股份有限公司首次公开发行股票并上市辅导工作进展报告(第九期),辅导工作进展报告,2024-01-12,https://data.eastmoney.com/notices/detail/A21265/AN202507021701433035.html
A20029,武侯高新,关于成都武侯高新技术产业发展股份有限公司首次公开发行股票并上市辅导工作进展报告(第八期),辅导工作进展报告,2024-01-12,https://data.eastmoney.com/notices/detail/A20029/AN202401251618071380.html
A22277,锐成芯微,关于成都锐成芯微科技股份有限公司首次公开发行股票并上市辅导工作进展报告(第二期),辅导工作进展报告,2024-01-12,https://data.eastmoney.com/notices/detail/A22277/AN202401251618071387.html
A19047,世纪空间,关于二十一世纪空间技术应用股份有限公司首次公开发行股票并上市辅导工作进展报告(第八期),辅导工作进展报告,2024-01-12,https://data.eastmoney.com/notices/detail/A19047/AN202401241617982776.html
A21012,星际荣耀,关于北京星际荣耀空间科技股份有限公司首次公开发行股票并上市辅导工作进展报告(第十四期),辅导工作进展报告,2024-01-12,https://data.eastmoney.com/notices/detail/A21012/AN202401241617983660.html
A20672,艾美疫苗,关于艾美疫苗股份有限公司首次公开发行股票并上市辅导工作进展报告(第一期),辅导工作进展报告,2024-01-12,https://data.eastmoney.com/notices/detail/A20672/AN202401241617982797.html
A20058,光祥科技,关于深圳市光祥科技股份有限公司首次公开发行股票并上市辅导工作进展报告(第十二期),辅导工作进展报告,2024-01-12,https://data.eastmoney.com/notices/detail/A20058/AN202401241617982813.html
A20555,齐治科技,关于浙江齐治科技股份有限公司首次公开发行股票并上市辅导工作进展报告(第一期),辅导工作进展报告,2024-01-12,https://data.eastmoney.com/notices/detail/A20555/AN202401171617573305.html
A16314,康宁医院,关于温州康宁医院股份有限公司首次公开发行股票并上市辅导工作进展报告(第十四期),辅导工作进展报告,2024-01-12,https://data.eastmoney.com/notices/detail/A16314/AN202401171617573236.html
920015,锦华新材,关于浙江锦华新材料股份有限公司首次公开发行股票并上市辅导工作进展报告(第二期),辅导工作进展报告,2024-01-12,https://data.eastmoney.com/notices/detail/920015/AN202401171617573229.html
A21219,金东方,关于金东方实业(武汉)集团股份有限公司首次公开发行股票并上市辅导工作进展报告(第六期),辅导工作进展报告,2024-01-12,https://data.eastmoney.com/notices/detail/A21219/AN202401161617505284.html
A12109,宁夏日晶,关于宁夏盈谷实业股份有限公司首次公开发行股票并上市辅导工作进展报告(第一期),辅导工作进展报告,2024-01-12,https://data.eastmoney.com/notices/detail/A12109/AN202401161617505267.html
688517,金冠电气,关于对金冠电气股份有限公司及有关责任人予以监管警示的决定,上交所股票监管关注,2024-01-12,https://data.eastmoney.com/notices/detail/688517/AN202401151617495760.html
A20650,麦斯克,关于麦斯克电子材料股份有限公司首次公开发行股票并上市辅导工作进展报告(第五期),辅导工作进展报告,2024-01-12,https://data.eastmoney.com/notices/detail/A20650/AN202401151617484769.html
A21502,江河纸业,关于河南江河纸业股份有限公司首次公开发行股票并上市辅导工作进展报告(第三期),辅导工作进展报告,2024-01-12,https://data.eastmoney.com/notices/detail/A21502/AN202401151617484770.html
A20694,万香科技,关于万香科技集团股份有限公司首次公开发行股票并上市辅导工作进展报告(第一期),辅导工作进展报告,2024-01-12,https://data.eastmoney.com/notices/detail/A20694/AN202401131617446002.html
A16132,威尔曼,关于湘北威尔曼制药股份有限公司首次公开发行股票并上市辅导工作进展报告(第十三期),辅导工作进展报告,2024-01-12,https://data.eastmoney.com/notices/detail/A16132/AN202401131617445972.html
920056,能之光,关于宁波能之光新材料科技股份有限公司首次公开发行股票并上市辅导工作进展报告(第一期),辅导工作进展报告,2024-01-12,https://data.eastmoney.com/notices/detail/920056/AN202401131617446060.html
A23260,秉琨医疗,关于常州秉琨医疗科技股份有限公司首次公开发行股票并上市辅导工作进展报告(第二期),辅导工作进展报告,2024-01-12,https://data.eastmoney.com/notices/detail/A23260/AN202401131617445986.html
A15150,圣和药业,关于南京圣和药业股份有限公司首次公开发行股票并上市辅导工作进展报告(第二十期),辅导工作进展报告,2024-01-12,https://data.eastmoney.com/notices/detail/A15150/AN202401131617445946.html
A16346,南岳电控,关于南岳电控(衡阳)工业技术股份有限公司首次公开发行股票并上市辅导工作进展报告(第九期),辅导工作进展报告,2024-01-12,https://data.eastmoney.com/notices/detail/A16346/AN202401131617445979.html
300297,蓝盾退,深交所:*ST蓝盾_监管函,深交所股票监管函,2024-01-12,https://data.eastmoney.com/notices/detail/300297/AN202401121617398726.html
300297,蓝盾退,关于对蓝盾信息安全技术股份有限公司及相关当事人的纪律处分决定,深交所股票通报批评,2024-01-12,https://data.eastmoney.com/notices/detail/300297/AN202401121617352919.html
300008,天海防务,关于对天海融合防务装备技术股份有限公司及相关当事人给予纪律处分的决定,深交所股票通报批评,2024-01-12,https://data.eastmoney.com/notices/detail/300008/AN202401121617352918.html
920405,海希通讯,关于对上海海希工业通讯股份有限公司及相关责任主体采取自律监管措施的决定,北交所自律监管措施,2024-01-12,https://data.eastmoney.com/notices/detail/920405/AN202401121617352911.html
301193,家联科技,家联科技:2024年1月12日投资者关系活动记录表,调研活动,2024-01-12,https://data.eastmoney.com/notices/detail/301193/AN202401121617363983.html
002050,三花智控,三花智控:2024年1月12日投资者关系活动记录表,调研活动,2024-01-12,https://data.eastmoney.com/notices/detail/002050/AN202401121617363984.html
603194,中力股份,浙江中力机械股份有限公司主板首次公开发行股票招股说明书(注册稿),沪主板发行上市招股说明书注册稿,2024-01-12,https://data.eastmoney.com/notices/detail/603194/AN202401121617347061.html
603194,中力股份,上海市锦天城律师事务所关于浙江中力机械股份有限公司首次公开发行股票并在主板上市的法律意见书,沪主板发行上市法律意见书,2024-01-12,https://data.eastmoney.com/notices/detail/603194/AN202401121617347063.html
603194,中力股份,国泰君安证券股份有限公司关于浙江中力机械股份有限公司首次公开发行股票并在主板上市之上市保荐书,沪主板发行上市上市保荐书,2024-01-12,https://data.eastmoney.com/notices/detail/603194/AN202401121617347064.html
603194,中力股份,国泰君安证券股份有限公司关于浙江中力机械股份有限公司首次公开发行股票并在主板上市之发行保荐书,沪主板发行上市发行保荐书,2024-01-12,https://data.eastmoney.com/notices/detail/603194/AN202401121617347060.html
300999,金龙鱼,金龙鱼:关于下属子公司收到刑事起诉书的公告,其他,2024-01-12,https://data.eastmoney.com/notices/detail/300999/AN202401121617345400.html
002046,国机精工,4-1法律意见书(申报稿)(国机精工集团股份有限公司),深主板再融资法律意见书,2024-01-12,https://data.eastmoney.com/notices/detail/002046/AN202401121617339627.html
002046,国机精工,3-1证券发行保荐书(申报稿)(国机精工集团股份有限公司),深主板再融资发行保荐书,2024-01-12,https://data.eastmoney.com/notices/detail/002046/AN202401121617339626.html
002046,国机精工,3-3上市保荐书(申报稿)(国机精工集团股份有限公司),深主板再融资上市保荐书,2024-01-12,https://data.eastmoney.com/notices/detail/002046/AN202401121617339623.html
002046,国机精工,1-1募集说明书(申报稿)(国机精工集团股份有限公司),深主板再融资募集说明书申报稿,2024-01-12,https://data.eastmoney.com/notices/detail/002046/AN202401121617339625.html
002046,国机精工,6-1发行人最近一年的财务报告及其审计报告以及最近一期的财务报告(申报稿)(国机精工集团股份有限公司),深主板再融资审计报告,2024-01-12,https://data.eastmoney.com/notices/detail/002046/AN202401121617339624.html
603707,健友股份,关于南京健友生化制药股份有限公司的监管工作函,上交所股票监管工作函,2024-01-12,https://data.eastmoney.com/notices/detail/603707/AN202401121617339589.html
603257,中国瑞林,天健会计师事务所(特殊普通合伙)关于中国瑞林工程技术股份有限公司首次公开发行股票并在主板上市的财务报告及审计报告,沪主板发行上市审计报告,2024-01-12,https://data.eastmoney.com/notices/detail/603257/AN202401121617339348.html
603257,中国瑞林,长江证券承销保荐有限公司关于中国瑞林工程技术股份有限公司首次公开发行股票并在主板上市的上市保荐书,沪主板发行上市上市保荐书,2024-01-12,https://data.eastmoney.com/notices/detail/603257/AN202401121617339347.html
603257,中国瑞林,北京市嘉源律师事务所关于中国瑞林工程技术股份有限公司首次公开发行股票并在主板上市的法律意见书,沪主板发行上市法律意见书,2024-01-12,https://data.eastmoney.com/notices/detail/603257/AN202401121617339345.html
603257,中国瑞林,长江证券承销保荐有限公司关于中国瑞林工程技术股份有限公司首次公开发行股票并在主板上市的发行保荐书,沪主板发行上市发行保荐书,2024-01-12,https://data.eastmoney.com/notices/detail/603257/AN202401121617339344.html
603257,中国瑞林,中国瑞林工程技术股份有限公司主板首次公开发行股票招股说明书(上会稿),沪主板发行上市招股说明书上会稿,2024-01-12,https://data.eastmoney.com/notices/detail/603257/AN202401121617339346.html
603829,洛凯股份,上海证券交易所上市审核委员会2024年第3次审议会议公告,沪主板发行上市审核上市委会议公告,2024-01-12,https://data.eastmoney.com/notices/detail/603829/AN202401121617339336.html
002402,和而泰,和而泰:002402和而泰投资者关系管理信息20240112,调研活动,2024-01-12,https://data.eastmoney.com/notices/detail/002402/AN202401121617339216.html
920123,芭薇股份,芭薇股份:关于落实上市委员会审议会议意见的函,北交所发行上市问询与回复,2024-01-12,https://data.eastmoney.com/notices/detail/920123/AN202401121617337556.html
300003,乐普医疗,乐普医疗:关于持股5%以上股东非公开发行科技创新可交换公司债券发行完成的公告,其他,2024-01-12,https://data.eastmoney.com/notices/detail/300003/AN202401121617337551.html
301550,斯菱智驱,斯菱股份:2024年第一次临时股东大会决议公告,股东大会决议公告,2024-01-12,https://data.eastmoney.com/notices/detail/301550/AN202401121617337550.html
301550,斯菱智驱,斯菱股份:关于选举产生第四届监事会职工代表监事的公告,高管人员任职变动,2024-01-12,https://data.eastmoney.com/notices/detail/301550/AN202401121617337549.html
301550,斯菱智驱,斯菱股份:第四届董事会一次会议决议公告,高管人员任职变动,2024-01-12,https://data.eastmoney.com/notices/detail/301550/AN202401121617337555.html
301550,斯菱智驱,斯菱股份:《内部审计制度》,其他,2024-01-12,https://data.eastmoney.com/notices/detail/301550/AN202401121617337548.html
301550,斯菱智驱,斯菱股份:北京金杜(杭州)律师事务所关于浙江斯菱汽车轴承股份有限公司2024年第一次临时股东大会之法律意见书,法律意见书,2024-01-12,https://data.eastmoney.com/notices/detail/301550/AN202401121617337554.html
301550,斯菱智驱,斯菱股份:关于董事会、监事会完成换届选举及聘任高级管理人员的公告,高管人员任职变动,2024-01-12,https://data.eastmoney.com/notices/detail/301550/AN202401121617337444.html
301550,斯菱智驱,斯菱股份:第四届监事会一次会议决议公告,高管人员任职变动,2024-01-12,https://data.eastmoney.com/notices/detail/301550/AN202401121617337468.html
002722,物产金轮,物产金轮:002722物产金轮投资者关系管理信息20240111,调研活动,2024-01-12,https://data.eastmoney.com/notices/detail/002722/AN202401121617337237.html
301307,美利信,美利信:关于公司实际控制人、董事被采取留置措施的公告,其他,2024-01-12,https://data.eastmoney.com/notices/detail/301307/AN202401121617337266.html
301081,严牌股份,关于同意严牌股份再融资注册的批复,创业板发行上市审核注册结果通知,2024-01-12,https://data.eastmoney.com/notices/detail/301081/AN202401121617337206.html
600500,中化国际,关于中化国际(控股)股份有限公司业绩预告事项的监管工作函,上交所股票监管工作函,2024-01-12,https://data.eastmoney.com/notices/detail/600500/AN202401121617337193.html
920906,舜宇精工,舜宇精工:关于公司2024年度向特定对象发行股票募集说明书(草案)的提示性公告,其他,2024-01-12,https://data.eastmoney.com/notices/detail/920906/AN202401121617337175.html
920906,舜宇精工,舜宇精工:未来三年(2024年-2026年)股东回报规划,其他,2024-01-12,https://data.eastmoney.com/notices/detail/920906/AN202401121617337173.html
920906,舜宇精工,舜宇精工:第四届董事会第六次会议决议公告,增发预案,2024-01-12,https://data.eastmoney.com/notices/detail/920906/AN202401121617337180.html
920906,舜宇精工,舜宇精工:监事会关于公司2024年度向特定对象发行股票的书面审核意见,专项说明/独立意见,2024-01-12,https://data.eastmoney.com/notices/detail/920906/AN202401121617337176.html
920906,舜宇精工,舜宇精工:独立董事关于公司第四届董事会第六次会议相关事项的独立意见,专项说明/独立意见,2024-01-12,https://data.eastmoney.com/notices/detail/920906/AN202401121617337179.html
920906,舜宇精工,舜宇精工:第四届监事会第六次会议决议公告,监事会决议公告,2024-01-12,https://data.eastmoney.com/notices/detail/920906/AN202401121617337181.html
920906,舜宇精工,舜宇精工:前次募集资金使用情况鉴证报告,保荐/核查意见,2024-01-12,https://data.eastmoney.com/notices/detail/920906/AN202401121617337167.html
920906,舜宇精工,舜宇精工:关于本次向特定对象发行股票不存在直接或通过利益相关方向参与认购的投资者提供财务资助或补偿的公告,获得补贴（资助）,2024-01-12,https://data.eastmoney.com/notices/detail/920906/AN202401121617337169.html
920906,舜宇精工,舜宇精工:关于最近五年被证券监管部门和交易所(证券交易场所)采取监管措施或处罚情况的公告,处罚,2024-01-12,https://data.eastmoney.com/notices/detail/920906/AN202401121617337172.html
920906,舜宇精工,舜宇精工:关于召开2024年第一次临时股东大会通知公告(提供网络投票),召开股东大会通知,2024-01-12,https://data.eastmoney.com/notices/detail/920906/AN202401121617337178.html
920906,舜宇精工,舜宇精工:关于前次募集资金使用情况的报告,募集资金使用情况报告,2024-01-12,https://data.eastmoney.com/notices/detail/920906/AN202401121617337168.html
920906,舜宇精工,舜宇精工:关于2024年度向特定对象发行股票摊薄即期回报与填补措施及相关主体承诺的公告,其他,2024-01-12,https://data.eastmoney.com/notices/detail/920906/AN202401121617337171.html
920906,舜宇精工,舜宇精工:2024年度向特定对象发行股票方案的可行性论证分析报告,其他,2024-01-12,https://data.eastmoney.com/notices/detail/920906/AN202401121617337170.html
920906,舜宇精工,舜宇精工:2024年度向特定对象发行股票募集资金使用可行性分析报告,其他,2024-01-12,https://data.eastmoney.com/notices/detail/920906/AN202401121617337174.html
920906,舜宇精工,舜宇精工:2024年度向特定对象发行股票募集说明书(草案),增发预案,2024-01-12,https://data.eastmoney.com/notices/detail/920906/AN202401121617337177.html
300142,沃森生物,沃森生物:300142沃森生物投资者关系管理信息20240112,调研活动,2024-01-12,https://data.eastmoney.com/notices/detail/300142/AN202401121617336054.html
300763,锦浪科技,锦浪科技:关于为全资孙公司申请贷款提供担保的公告,提供/对外担保公告,2024-01-12,https://data.eastmoney.com/notices/detail/300763/AN202401121617335819.html
300242,佳云科技,佳云科技:关于董事会、监事会完成换届选举暨聘任高级管理人员和相关人员的公告,高管人员任职变动,2024-01-12,https://data.eastmoney.com/notices/detail/300242/AN202401121617335818.html
300242,佳云科技,佳云科技:北京市金杜(深圳)律师事务所关于广东佳兆业佳云科技股份有限公司2024年第一次临时股东大会之法律意见书,法律意见书,2024-01-12,https://data.eastmoney.com/notices/detail/300242/AN202401121617335821.html
300242,佳云科技,佳云科技:第六届监事会第一次会议决议公告,高管人员任职变动,2024-01-12,https://data.eastmoney.com/notices/detail/300242/AN202401121617335817.html
300242,佳云科技,佳云科技:第六届董事会第一次会议决议公告,高管人员任职变动,2024-01-12,https://data.eastmoney.com/notices/detail/300242/AN202401121617335820.html
300242,佳云科技,佳云科技:2024年第一次临时股东大会决议公告,股东大会决议公告,2024-01-12,https://data.eastmoney.com/notices/detail/300242/AN202401121617335806.html
300242,佳云科技,佳云科技:关于选举第六届监事会职工代表监事的公告,高管人员任职变动,2024-01-12,https://data.eastmoney.com/notices/detail/300242/AN202401121617335655.html
300902,国安达,国安达:国安达股份有限公司2023年年度业绩预告,业绩预告,2024-01-12,https://data.eastmoney.com/notices/detail/300902/AN202401121617333846.html
300648,星云股份,关于福建星云电子股份有限公司申请向特定对象发行股票的第三轮审核问询函,创业板再融资问询与回复,2024-01-12,https://data.eastmoney.com/notices/detail/300648/AN202401121617329283.html
920123,芭薇股份,芭薇股份:关于申请公开发行股票并在北交所上市暨停牌进展公告,停牌公告,2024-01-12,https://data.eastmoney.com/notices/detail/920123/AN202401121617329194.html
300097,智云股份,智云股份:第六届董事会第三次临时会议决议公告,高管人员任职变动,2024-01-12,https://data.eastmoney.com/notices/detail/300097/AN202401121617328883.html
300097,智云股份,智云股份:关于聘任公司副总经理、董事会秘书的公告,高管人员任职变动,2024-01-12,https://data.eastmoney.com/notices/detail/300097/AN202401121617328882.html
000919,金陵药业,关于同意金陵药业再融资注册的批复,深主板再融资审核注册结果通知,2024-01-12,https://data.eastmoney.com/notices/detail/000919/AN202401121617328255.html
300114,中航电测,中航电测:北京市嘉源律师事务所关于中航电测仪器股份有限公司发行股份购买资产暨关联交易的补充法律意见书(五),法律意见书,2024-01-12,https://data.eastmoney.com/notices/detail/300114/AN202401121617328381.html
300114,中航电测,中航电测:中航证券有限公司关于中航电测仪器股份有限公司发行股份购买资产暨关联交易之财务顾问报告(修订稿),保荐/核查意见,2024-01-12,https://data.eastmoney.com/notices/detail/300114/AN202401121617328380.html
300114,中航电测,中航电测:中信证券股份有限公司关于中航电测仪器股份有限公司发行股份购买资产暨关联交易之独立财务顾问报告(修订稿),保荐/核查意见,2024-01-12,https://data.eastmoney.com/notices/detail/300114/AN202401121617328388.html
300114,中航电测,中航电测:北京国融兴华资产评估有限责任公司关于深圳证券交易所《关于中航电测仪器股份有限公司发行股份购买资产申请的审核问询函》之回复(修订稿),问询函其他公告,2024-01-12,https://data.eastmoney.com/notices/detail/300114/AN202401121617328387.html
300114,中航电测,中航电测:中信证券股份有限公司关于深圳证券交易所《关于中航电测仪器股份有限公司发行股份购买资产申请的审核问询函》相关问题之核查意见(修订稿),保荐/核查意见,2024-01-12,https://data.eastmoney.com/notices/detail/300114/AN202401121617328386.html
300114,中航电测,中航电测:大华会计师事务所(特殊普通合伙)关于深圳证券交易所《关于中航电测仪器股份有限公司发行股份购买资产申请的审核问询函》的回复,会计师事务所问询函回复公告,2024-01-12,https://data.eastmoney.com/notices/detail/300114/AN202401121617328384.html
300114,中航电测,中航电测:中航证券有限公司关于深圳证券交易所《关于中航电测仪器股份有限公司发行股份购买资产申请的审核问询函》相关问题之核查意见(修订稿),保荐/核查意见,2024-01-12,https://data.eastmoney.com/notices/detail/300114/AN202401121617328385.html
300114,中航电测,中航电测:中航电测仪器股份有限公司发行股份购买资产暨关联交易报告书(草案)(修订稿),其他增发事项公告,2024-01-12,https://data.eastmoney.com/notices/detail/300114/AN202401121617328383.html
300114,中航电测,中航电测:中航电测仪器股份有限公司关于发行股份购买资产暨关联交易报告书(草案)(修订稿)修订说明的公告,其他,2024-01-12,https://data.eastmoney.com/notices/detail/300114/AN202401121617328382.html
300114,中航电测,中航电测:中航电测仪器股份有限公司关于深圳证券交易所《关于中航电测仪器股份有限公司发行股份购买资产申请的审核问询函》的回复(修订稿),回复问询函公告,2024-01-12,https://data.eastmoney.com/notices/detail/300114/AN202401121617328379.html
300114,中航电测,中航电测:中航电测仪器股份有限公司发行股份购买资产暨关联交易报告书(草案)摘要(修订稿),其他增发事项公告,2024-01-12,https://data.eastmoney.com/notices/detail/300114/AN202401121617328342.html
300114,中航电测,中航电测:中航电测仪器股份有限公司关于修订《关于深圳证券交易所关于中航电测仪器股份有限公司发行股份购买资产申请的审核问询函的回复》的公告,回复问询函公告,2024-01-12,https://data.eastmoney.com/notices/detail/300114/AN202401121617328341.html
301318,维海德,维海德:2024年1月12日投资者关系活动记录表,调研活动,2024-01-12,https://data.eastmoney.com/notices/detail/301318/AN202401121617328167.html
300672,国科微,国科微:公司章程(2024年1月),公司章程,2024-01-12,https://data.eastmoney.com/notices/detail/300672/AN202401121617328035.html
300672,国科微,国科微:关于湖南国科微电子股份有限公司2024年第一次临时股东大会的法律意见书,法律意见书,2024-01-12,https://data.eastmoney.com/notices/detail/300672/AN202401121617328038.html
300672,国科微,国科微:关于回购注销部分限制性股票的减资公告,公司注册资本变更,2024-01-12,https://data.eastmoney.com/notices/detail/300672/AN202401121617328034.html
920592,华信永道,华信永道:股票解除限售公告(更正公告),其他,2024-01-12,https://data.eastmoney.com/notices/detail/920592/AN202401121617328009.html
920592,华信永道,华信永道:股票解除限售公告(更正后),限售股份上市流通,2024-01-12,https://data.eastmoney.com/notices/detail/920592/AN202401121617328010.html
300672,国科微,国科微:2024年第一次临时股东大会决议公告,股东大会决议公告,2024-01-12,https://data.eastmoney.com/notices/detail/300672/AN202401121617328002.html
003020,立方制药,立方制药:003020立方制药投资者关系管理信息20240112,调研活动,2024-01-12,https://data.eastmoney.com/notices/detail/003020/AN202401121617327590.html
300634,彩讯股份,彩讯股份:北京市金杜(南京)律师事务所关于彩讯科技股份有限公司2024年第一次临时股东大会之法律意见书,法律意见书,2024-01-12,https://data.eastmoney.com/notices/detail/300634/AN202401121617327544.html
300634,彩讯股份,彩讯股份:2024年第一次临时股东大会决议公告,股东大会决议公告,2024-01-12,https://data.eastmoney.com/notices/detail/300634/AN202401121617327561.html
002104,恒宝股份,关于对恒宝股份有限公司及相关当事人给予纪律处分的决定,深交所股票通报批评,2024-01-12,https://data.eastmoney.com/notices/detail/002104/AN202401121617326585.html
300871,回盛生物,回盛生物:2024年第一次临时股东大会决议公告,股东大会决议公告,2024-01-12,https://data.eastmoney.com/notices/detail/300871/AN202401121617327096.html
300871,回盛生物,回盛生物:国浩律师(深圳)事务所关于武汉回盛生物科技股份有限公司2024年第一次临时股东大会法律意见书,法律意见书,2024-01-12,https://data.eastmoney.com/notices/detail/300871/AN202401121617327098.html
300674,宇信科技,宇信科技:华泰联合证券有限责任公司关于北京宇信科技集团股份有限公司持续督导期2023年度培训情况报告,保荐/核查意见,2024-01-12,https://data.eastmoney.com/notices/detail/300674/AN202401121617327097.html
300390,天华新能,天华新能:2024年第一次临时股东大会决议公告,股东大会决议公告,2024-01-12,https://data.eastmoney.com/notices/detail/300390/AN202401121617327099.html
300506,名家汇,名家汇:中天国富证券有限公司关于深圳市名家汇科技股份有限公司2023年度持续督导培训情况报告,保荐/核查意见,2024-01-12,https://data.eastmoney.com/notices/detail/300506/AN202401121617327078.html
300871,回盛生物,回盛生物:海通证券股份有限公司关于武汉回盛生物科技股份有限公司2023年度持续督导的培训情况报告,保荐/核查意见,2024-01-12,https://data.eastmoney.com/notices/detail/300871/AN202401121617327076.html
300674,宇信科技,宇信科技:华泰联合证券有限责任公司关于北京宇信科技集团股份有限公司2023年度现场检查报告,保荐/核查意见,2024-01-12,https://data.eastmoney.com/notices/detail/300674/AN202401121617327075.html
301117,佳缘科技,佳缘科技:中信证券股份有限公司关于佳缘科技股份有限公司部分首次公开发行战略配售股份上市流通的核查意见,保荐/核查意见,2024-01-12,https://data.eastmoney.com/notices/detail/301117/AN202401121617327080.html
300871,回盛生物,回盛生物:公司章程(2023年12月修订),公司章程修订,2024-01-12,https://data.eastmoney.com/notices/detail/300871/AN202401121617327077.html
301117,佳缘科技,佳缘科技:关于部分首次公开发行战略配售股份上市流通提示性公告,限售股份上市流通,2024-01-12,https://data.eastmoney.com/notices/detail/301117/AN202401121617327079.html
300871,回盛生物,回盛生物:关于公司办公地址变更的公告,公司办公地址变更,2024-01-12,https://data.eastmoney.com/notices/detail/300871/AN202401121617326832.html
300506,名家汇,名家汇:中天国富证券有限公司关于深圳市名家汇科技股份有限公司2023年度持续督导定期现场检查报告,保荐/核查意见,2024-01-12,https://data.eastmoney.com/notices/detail/300506/AN202401121617326871.html
300390,天华新能,天华新能:2024年第一次临时股东大会法律意见书,法律意见书,2024-01-12,https://data.eastmoney.com/notices/detail/300390/AN202401121617326870.html
300824,北鼎股份,北鼎股份:中山证券有限责任公司关于深圳市北鼎晶辉科技股份有限公司2023年度持续督导培训情况报告,保荐/核查意见,2024-01-12,https://data.eastmoney.com/notices/detail/300824/AN202401121617326566.html
300824,北鼎股份,北鼎股份:中山证券有限责任公司关于深圳市北鼎晶辉科技股份有限公司2023年定期现场检查报告,保荐/核查意见,2024-01-12,https://data.eastmoney.com/notices/detail/300824/AN202401121617326544.html
300298,三诺生物,三诺生物:北京植德律师事务所关于三诺生物传感股份有限公司第三期员工持股计划的法律意见书,员工持股计划,2024-01-12,https://data.eastmoney.com/notices/detail/300298/AN202401121617326542.html
301188,力诺药包,力诺特玻:关于合计持股5%以上股东股份减持比例超过1%公告,股东/实际控制人股份减持,2024-01-12,https://data.eastmoney.com/notices/detail/301188/AN202401121617326565.html
301408,华人健康,华人健康:华泰联合证券有限责任公司关于安徽华人健康医药股份有限公司重大资产购买实施情况之独立财务顾问核查意见,保荐/核查意见,2024-01-12,https://data.eastmoney.com/notices/detail/301408/AN202401121617326543.html
301408,华人健康,华人健康:国浩律师(上海)事务所关于安徽华人健康医药股份有限公司重大资产购买实施情况之法律意见书,法律意见书,2024-01-12,https://data.eastmoney.com/notices/detail/301408/AN202401121617326540.html
301408,华人健康,华人健康:关于重大资产购买之标的资产完成过户的公告,收购出售资产/股权,2024-01-12,https://data.eastmoney.com/notices/detail/301408/AN202401121617326541.html
301408,华人健康,华人健康:安徽华人健康医药股份有限公司重大资产购买实施情况报告书,收购出售资产/股权,2024-01-12,https://data.eastmoney.com/notices/detail/301408/AN202401121617326564.html
301178,天亿马,天亿马:广东泛尔律师事务所关于广东天亿马信息产业股份有限公司2024年第一次临时股东大会法律意见书,法律意见书,2024-01-12,https://data.eastmoney.com/notices/detail/301178/AN202401121617326538.html
301178,天亿马,天亿马:2024年第一次临时股东大会决议公告,股东大会决议公告,2024-01-12,https://data.eastmoney.com/notices/detail/301178/AN202401121617326539.html
301329,信音电子,信音电子:长江证券承销保荐有限公司关于信音电子(中国)股份有限公司首次公开发行网下配售限售股上市流通的核查意见,保荐/核查意见,2024-01-12,https://data.eastmoney.com/notices/detail/301329/AN202401121617326489.html
301329,信音电子,信音电子:关于首次公开发行网下配售限售股份上市流通提示性公告,限售股份上市流通,2024-01-12,https://data.eastmoney.com/notices/detail/301329/AN202401121617326488.html
300189,神农种业,神农科技:第七届监事会第十次会议决议公告,监事会决议公告,2024-01-12,https://data.eastmoney.com/notices/detail/300189/AN202401121617326457.html
300189,神农种业,神农科技:2023年度以简易程序向特定对象发行股票预案(修订稿),增发方案修订,2024-01-12,https://data.eastmoney.com/notices/detail/300189/AN202401121617326456.html
300189,神农种业,神农科技:2023年度以简易程序向特定对象发行股票方案的论证分析报告(修订稿),其他,2024-01-12,https://data.eastmoney.com/notices/detail/300189/AN202401121617326455.html
300189,神农种业,神农科技:关于2023年度以简易程序向特定对象发行股票预案(修订稿)的提示性公告,增发提示性公告,2024-01-12,https://data.eastmoney.com/notices/detail/300189/AN202401121617326454.html
300189,神农种业,神农科技:2023年度以简易程序向特定对象发行股票募集资金使用的可行性分析报告(修订稿),其他,2024-01-12,https://data.eastmoney.com/notices/detail/300189/AN202401121617326486.html
300189,神农种业,神农科技:第七届董事会第十四次会议决议公告,董事会决议公告,2024-01-12,https://data.eastmoney.com/notices/detail/300189/AN202401121617326487.html
300189,神农种业,神农科技:关于以简易程序向特定对象发行股票预案修订说明的公告,其他,2024-01-12,https://data.eastmoney.com/notices/detail/300189/AN202401121617326401.html
300752,隆利科技,隆利科技:关于持股5%以上股东协议转让股份暨权益变动的提示性公告,权益变动报告书,2024-01-12,https://data.eastmoney.com/notices/detail/300752/AN202401121617326197.html
300237,ST美晨,美晨生态:2024年第一次临时股东大会决议公告,股东大会决议公告,2024-01-12,https://data.eastmoney.com/notices/detail/300237/AN202401121617326196.html
300339,润和软件,润和软件:关于实际控制人部分股份解除质押及再质押的公告,股份质押、冻结,2024-01-12,https://data.eastmoney.com/notices/detail/300339/AN202401121617326198.html
300752,隆利科技,隆利科技:简式权益变动报告书(欣盛杰),权益变动报告书,2024-01-12,https://data.eastmoney.com/notices/detail/300752/AN202401121617326199.html
300237,ST美晨,美晨生态:关于对深圳证券交易所关注函的回复公告,回复关注函公告,2024-01-12,https://data.eastmoney.com/notices/detail/300237/AN202401121617326194.html
300237,ST美晨,美晨生态:关于美晨生态2024年第一次临时股东大会律师见证之法律意见书,法律意见书,2024-01-12,https://data.eastmoney.com/notices/detail/300237/AN202401121617326195.html
301150,中一科技,中一科技:关于为子公司提供担保的进展公告,提供/对外担保公告,2024-01-12,https://data.eastmoney.com/notices/detail/301150/AN202401121617326188.html
300237,ST美晨,美晨生态:关于为合并范围内下属公司提供担保的进展公告,提供/对外担保公告,2024-01-12,https://data.eastmoney.com/notices/detail/300237/AN202401121617326186.html
300752,隆利科技,隆利科技:简式权益变动报告书(国盛资本),权益变动报告书,2024-01-12,https://data.eastmoney.com/notices/detail/300752/AN202401121617326187.html
300237,ST美晨,美晨生态:关于对山东美晨生态环境股份有限公司的关注函所涉相关问题之法律意见书,法律意见书,2024-01-12,https://data.eastmoney.com/notices/detail/300237/AN202401121617326184.html
300752,隆利科技,隆利科技:简式权益变动报告书(廉健),权益变动报告书,2024-01-12,https://data.eastmoney.com/notices/detail/300752/AN202401121617326185.html
301079,邵阳液压,邵阳液压:湖南启元律师事务所关于邵阳维克液压股份有限公司2024年第一次临时股东大会的法律意见书,法律意见书,2024-01-12,https://data.eastmoney.com/notices/detail/301079/AN202401121617326170.html
301079,邵阳液压,邵阳液压:2024年第一次临时股东大会决议公告,股东大会决议公告,2024-01-12,https://data.eastmoney.com/notices/detail/301079/AN202401121617326142.html
300562,乐心医疗,乐心医疗:关于申报医疗器械注册证获得受理的公告,其他,2024-01-12,https://data.eastmoney.com/notices/detail/300562/AN202401121617326065.html
301096,百诚医药,百诚医药:国金证券股份有限公司关于杭州百诚医药科技股份有限公司2023年度定期现场检查报告,保荐/核查意见,2024-01-12,https://data.eastmoney.com/notices/detail/301096/AN202401121617326064.html
301096,百诚医药,百诚医药:国金证券股份有限公司关于杭州百诚医药科技股份有限公司2023年度持续督导培训情况报告,保荐/核查意见,2024-01-12,https://data.eastmoney.com/notices/detail/301096/AN202401121617326066.html
301191,菲菱科思,菲菱科思:国信证券股份有限公司关于深圳市菲菱科思通信技术股份有限公司2023年度持续督导现场检查报告,保荐/核查意见,2024-01-12,https://data.eastmoney.com/notices/detail/301191/AN202401121617325867.html
300830,金现代,金现代:关于“金现转债“可能触发向下修正转股价格条件的提示性公告,其他,2024-01-12,https://data.eastmoney.com/notices/detail/300830/AN202401121617325866.html
300795,米奥会展,米奥会展:2024年第一次临时股东大会决议公告,股东大会决议公告,2024-01-12,https://data.eastmoney.com/notices/detail/300795/AN202401121617325796.html
300795,米奥会展,米奥会展:北京市中伦(深圳)律师事务所关于浙江米奥兰特商务会展股份有限公司2024年第一次临时股东大会的法律意见书,法律意见书,2024-01-12,https://data.eastmoney.com/notices/detail/300795/AN202401121617325817.html
300830,金现代,金现代:北京德和衡(青岛)律师事务所关于金现代信息产业股份有限公司2024年第一次临时股东大会的法律意见书,法律意见书,2024-01-12,https://data.eastmoney.com/notices/detail/300830/AN202401121617325795.html
300928,华安鑫创,华安鑫创:北京植德律师事务所关于华安鑫创控股(北京)股份有限公司2024年第一次临时股东大会的法律意见书,法律意见书,2024-01-12,https://data.eastmoney.com/notices/detail/300928/AN202401121617325816.html
301263,泰恩康,泰恩康:2024年1月12日投资者关系活动记录表,调研活动,2024-01-12,https://data.eastmoney.com/notices/detail/301263/AN202401121617325518.html
002875,安奈儿,安奈儿:002875安奈儿投资者关系管理信息20240112,调研活动,2024-01-12,https://data.eastmoney.com/notices/detail/002875/AN202401121617325519.html
300830,金现代,金现代:2024年第一次临时股东大会决议公告,股东大会决议公告,2024-01-12,https://data.eastmoney.com/notices/detail/300830/AN202401121617325753.html
300928,华安鑫创,华安鑫创:2024年第一次临时股东大会决议公告,股东大会决议公告,2024-01-12,https://data.eastmoney.com/notices/detail/300928/AN202401121617325751.html
300532,今天国际,今天国际:关于使用部分闲置自有资金进行现金管理的公告,投资理财,2024-01-12,https://data.eastmoney.com/notices/detail/300532/AN202401121617325752.html
300532,今天国际,今天国际:第五届监事会第七次会议决议公告,监事会决议公告,2024-01-12,https://data.eastmoney.com/notices/detail/300532/AN202401121617325743.html
300532,今天国际,今天国际:第五届董事会第八次会议决议公告,董事会决议公告,2024-01-12,https://data.eastmoney.com/notices/detail/300532/AN202401121617325742.html
300214,日科化学,日科化学:中泰证券股份有限公司关于山东日科化学股份有限公司向不特定对象发行可转换公司债券之上市保荐书,上市保荐书,2024-01-12,https://data.eastmoney.com/notices/detail/300214/AN202401121617325592.html
300214,日科化学,日科化学:大华会计师事务所(特殊普通合伙)关于山东日科化学股份有限公司向不特定对象发行可转换公司债券申请文件的审核问询函中有关财务事项的说明(修订稿),其他,2024-01-12,https://data.eastmoney.com/notices/detail/300214/AN202401121617325574.html
300214,日科化学,日科化学:山东日科化学股份有限公司向不特定对象发行可转换公司债券募集说明书(修订稿),其他,2024-01-12,https://data.eastmoney.com/notices/detail/300214/AN202401121617325572.html
300214,日科化学,日科化学:中泰证券股份有限公司关于山东日科化学股份有限公司向不特定对象发行可转换公司债券之发行保荐书,发行保荐书,2024-01-12,https://data.eastmoney.com/notices/detail/300214/AN202401121617325571.html
300214,日科化学,日科化学:大华会计师事务所(特殊普通合伙)关于山东日科化学股份有限公司向不特定对象发行可转换公司债券申请文件的第三轮审核问询函中有关财务事项的说明,其他,2024-01-12,https://data.eastmoney.com/notices/detail/300214/AN202401121617325591.html
300214,日科化学,日科化学:山东日科化学股份有限公司与中泰证券股份有限公司关于山东日科化学股份有限公司申请向不特定对象发行可转换公司债券的第三轮审核问询函之回复报告(修订稿),回复问询函公告,2024-01-12,https://data.eastmoney.com/notices/detail/300214/AN202401121617325590.html
300214,日科化学,日科化学:山东日科化学股份有限公司与中泰证券股份有限公司关于山东日科化学股份有限公司申请向不特定对象发行可转换公司债券的审核问询函之回复报告(修订稿),回复问询函公告,2024-01-12,https://data.eastmoney.com/notices/detail/300214/AN202401121617325589.html
300109,新开源,新开源:关于对外投资暨增资北京中企慧云科技有限公司的公告,对外项目投资,2024-01-12,https://data.eastmoney.com/notices/detail/300109/AN202401121617325570.html
300109,新开源,新开源:关于增资华道(上海)生物医药有限公司暨关联交易的公告,关联交易,2024-01-12,https://data.eastmoney.com/notices/detail/300109/AN202401121617325588.html
300109,新开源,新开源:关于与华道(上海)生物医药有限公司签署战略合作协议的公告,签订协议,2024-01-12,https://data.eastmoney.com/notices/detail/300109/AN202401121617325587.html
300109,新开源,新开源:关于变更对华道(上海)生物医药有限公司出资方式的公告,其他,2024-01-12,https://data.eastmoney.com/notices/detail/300109/AN202401121617325569.html
300109,新开源,新开源:第五届董事会第八次会议决议公告,董事会决议公告,2024-01-12,https://data.eastmoney.com/notices/detail/300109/AN202401121617325568.html
300776,帝尔激光,帝尔激光:关于帝尔转债回售的第二次提示性公告,其他,2024-01-12,https://data.eastmoney.com/notices/detail/300776/AN202401121617325536.html
300232,洲明科技,洲明科技:关于公司第五期员工持股计划的进展公告,员工持股计划,2024-01-12,https://data.eastmoney.com/notices/detail/300232/AN202401121617325557.html
300732,设研院,设研院:关于聘任部分高级管理人员的公告,高管人员任职变动,2024-01-12,https://data.eastmoney.com/notices/detail/300732/AN202401121617325535.html
300732,设研院,设研院:第三届董事会第十七次会议决议公告,高管人员任职变动,2024-01-12,https://data.eastmoney.com/notices/detail/300732/AN202401121617325558.html
301126,达嘉维康,达嘉维康:湖南达嘉维康医药产业股份有限公司章程,公司章程,2024-01-12,https://data.eastmoney.com/notices/detail/301126/AN202401121617325556.html
301126,达嘉维康,达嘉维康:关于2023年限制性股票与股票期权激励计划内幕信息知情人及激励对象买卖公司股票情况的自查报告,自查报告,2024-01-12,https://data.eastmoney.com/notices/detail/301126/AN202401121617325555.html
301126,达嘉维康,达嘉维康:上海市通力律师事务所关于湖南达嘉维康医药产业股份有限公司2024年第一次临时股东大会的法律意见书,法律意见书,2024-01-12,https://data.eastmoney.com/notices/detail/301126/AN202401121617325533.html
301126,达嘉维康,达嘉维康:2024年第一次临时股东大会决议公告,股东大会决议公告,2024-01-12,https://data.eastmoney.com/notices/detail/301126/AN202401121617325534.html
300232,洲明科技,洲明科技:泽源利旺田长牛1号私募证券投资基金基金合同,重大合同,2024-01-12,https://data.eastmoney.com/notices/detail/300232/AN202401121617325457.html
300732,设研院,设研院:关于调整公司组织架构的公告,其他,2024-01-12,https://data.eastmoney.com/notices/detail/300732/AN202401121617325356.html
920171,志晟信息,志晟信息:董事任命公告,高管人员任职变动,2024-01-12,https://data.eastmoney.com/notices/detail/920171/AN202401121617325076.html
920171,志晟信息,志晟信息:董事辞职公告,高管人员任职变动,2024-01-12,https://data.eastmoney.com/notices/detail/920171/AN202401121617325075.html
920171,志晟信息,志晟信息:关于2024年第一次临时股东大会增加临时提案的公告,增加股东大会议案,2024-01-12,https://data.eastmoney.com/notices/detail/920171/AN202401121617325074.html
300007,汉威科技,汉威科技:关于筹划出售郑州汉威智源科技有限公司65%股权事项不再构成重大资产重组的说明公告,收购出售资产/股权,2024-01-12,https://data.eastmoney.com/notices/detail/300007/AN202401121617324754.html
920123,芭薇股份,北京证券交易所上市委员会2024年第2次审议会议结果公告,北交所上市审核会议结果,2024-01-12,https://data.eastmoney.com/notices/detail/920123/AN202401121617324147.html
920002,万达轴承,北京证券交易所上市委员会2024年第4次审议会议公告,北交所上市审核会议公告,2024-01-12,https://data.eastmoney.com/notices/detail/920002/AN202401121617324368.html
300909,汇创达,汇创达:关于控股股东、实际控制人部分股份质押的公告,股份质押、冻结,2024-01-12,https://data.eastmoney.com/notices/detail/300909/AN202401121617324508.html
920002,万达轴承,万达轴承:最近三年及一期的财务报告和审计报告(上会稿),北交所发行上市审计报告,2024-01-12,https://data.eastmoney.com/notices/detail/920002/AN202401121617324370.html
920002,万达轴承,万达轴承:法律意见书(上会稿),北交所发行上市法律意见书,2024-01-12,https://data.eastmoney.com/notices/detail/920002/AN202401121617324371.html
920002,万达轴承,万达轴承:上市保荐书(上会稿),北交所发行上市上市保荐书,2024-01-12,https://data.eastmoney.com/notices/detail/920002/AN202401121617324367.html
920002,万达轴承,万达轴承:招股说明书(上会稿),北交所发行上市招股说明书上会稿,2024-01-12,https://data.eastmoney.com/notices/detail/920002/AN202401121617324369.html
301257,普蕊斯,普蕊斯:301257普蕊斯调研活动信息20240112,调研活动,2024-01-12,https://data.eastmoney.com/notices/detail/301257/AN202401121617324288.html
920002,万达轴承,万达轴承:发行保荐书(上会稿),北交所发行上市发行保荐书,2024-01-12,https://data.eastmoney.com/notices/detail/920002/AN202401121617324372.html
603569,长久物流,长久物流:长久物流:2024年1月2日-1月12日投资者关系活动记录表,调研活动,2024-01-12,https://data.eastmoney.com/notices/detail/603569/AN202401121617324267.html
300970,华绿生物,华绿生物:关于变更签字注册会计师的公告,公司关联方基本资料变更,2024-01-12,https://data.eastmoney.com/notices/detail/300970/AN202401121617324306.html
300648,星云股份,星云股份:2024年第一次临时股东大会法律意见书,法律意见书,2024-01-12,https://data.eastmoney.com/notices/detail/300648/AN202401121617324328.html
300835,龙磁科技,龙磁科技:国浩律师(上海)事务所关于安徽龙磁科技股份有限公司2024年第一次临时股东大会的法律意见书,法律意见书,2024-01-12,https://data.eastmoney.com/notices/detail/300835/AN202401121617324327.html
300835,龙磁科技,龙磁科技:2024年第一次临时股东大会决议公告,股东大会决议公告,2024-01-12,https://data.eastmoney.com/notices/detail/300835/AN202401121617324326.html
300841,康华生物,康华生物:关于控股股东、实际控制人部分股份质押的公告,股份质押、冻结,2024-01-12,https://data.eastmoney.com/notices/detail/300841/AN202401121617324325.html
601011,宝泰隆,关于宝泰隆新材料股份有限公司资产减值相关事项的监管工作函,上交所股票监管工作函,2024-01-12,https://data.eastmoney.com/notices/detail/601011/AN202401121617324196.html
601011,宝泰隆,关于宝泰隆新材料股份有限公司业绩预告相关事项的监管工作函,上交所股票监管工作函,2024-01-12,https://data.eastmoney.com/notices/detail/601011/AN202401121617324194.html
002864,盘龙药业,深交所:盘龙药业_监管函,深交所股票监管函,2024-01-12,https://data.eastmoney.com/notices/detail/002864/AN202401121617324193.html
300648,星云股份,星云股份:2024年第一次临时股东大会决议公告,股东大会决议公告,2024-01-12,https://data.eastmoney.com/notices/detail/300648/AN202401121617324242.html
300506,名家汇,名家汇:关于延期回复深圳证券交易所关注函的公告,延期回复关注函公告,2024-01-12,https://data.eastmoney.com/notices/detail/300506/AN202401121617324245.html
002920,德赛西威,德赛西威:2024年1月11日-12日投资者关系活动记录表,调研活动,2024-01-12,https://data.eastmoney.com/notices/detail/002920/AN202401121617324133.html
300759,康龙化成,康龙化成:H股公告(於公开市场上部分回购及注销300.0百万美元於2026年到期的零息可转换债券),其他,2024-01-12,https://data.eastmoney.com/notices/detail/300759/AN202401121617324179.html
300705,九典制药,九典制药:信息披露管理办法(2024年1月修订)),管理办法/制度,2024-01-12,https://data.eastmoney.com/notices/detail/300705/AN202401121617324181.html
300705,九典制药,九典制药:关联交易管理办法(2024年1月修订),管理办法/制度,2024-01-12,https://data.eastmoney.com/notices/detail/300705/AN202401121617324178.html
300705,九典制药,九典制药:独立董事工作细则(2024年1月修订),议事规则/实施细则,2024-01-12,https://data.eastmoney.com/notices/detail/300705/AN202401121617324177.html
300705,九典制药,九典制药:战略与发展委员会议事规则(2024年1月修订),议事规则/实施细则,2024-01-12,https://data.eastmoney.com/notices/detail/300705/AN202401121617324176.html
300705,九典制药,九典制药:募集资金管理办法(2024年1月修订),管理办法/制度,2024-01-12,https://data.eastmoney.com/notices/detail/300705/AN202401121617324185.html
300705,九典制药,九典制药:公司章程(2024年1月),公司章程,2024-01-12,https://data.eastmoney.com/notices/detail/300705/AN202401121617324175.html
300705,九典制药,九典制药:薪酬与考核委员会议事规则(2024年1月修订),议事规则/实施细则,2024-01-12,https://data.eastmoney.com/notices/detail/300705/AN202401121617324184.html
300705,九典制药,九典制药:董事会议事规则(2024年1月修订),议事规则/实施细则,2024-01-12,https://data.eastmoney.com/notices/detail/300705/AN202401121617324183.html
300705,九典制药,九典制药:第三届董事会第二十四次会议决议公告,董事会决议公告,2024-01-12,https://data.eastmoney.com/notices/detail/300705/AN202401121617324174.html
300705,九典制药,九典制药:对外投资管理办法(2024年1月修订),管理办法/制度,2024-01-12,https://data.eastmoney.com/notices/detail/300705/AN202401121617324182.html
300705,九典制药,九典制药:审计委员会议事规则(2024年1月修订),议事规则/实施细则,2024-01-12,https://data.eastmoney.com/notices/detail/300705/AN202401121617324173.html
300705,九典制药,九典制药:关于2024年第一次临时股东大会增加临时提案暨股东大会补充通知的公告,增加股东大会议案,2024-01-12,https://data.eastmoney.com/notices/detail/300705/AN202401121617324180.html
301421,波长光电,波长光电:2024年第一次临时股东大会决议公告,股东大会决议公告,2024-01-12,https://data.eastmoney.com/notices/detail/301421/AN202401121617324172.html
301421,波长光电,波长光电:江苏世纪同仁律师事务所关于南京波长光电科技股份有限公司2024年第一次临时股东大会的法律意见书,法律意见书,2024-01-12,https://data.eastmoney.com/notices/detail/301421/AN202401121617324171.html
300759,康龙化成,康龙化成:H股公告(於2026年到期的美元结算零息可转换债券),其他,2024-01-12,https://data.eastmoney.com/notices/detail/300759/AN202401121617324142.html
300410,正业科技,正业科技:关于完成工商变更登记手续的公告,公司注册资本变更,2024-01-12,https://data.eastmoney.com/notices/detail/300410/AN202401121617324139.html
300705,九典制药,九典制药:提供担保管理办法(2024年1月修订),管理办法/制度,2024-01-12,https://data.eastmoney.com/notices/detail/300705/AN202401121617324138.html
300705,九典制药,九典制药:投资者权益保护制度(2024年1月修订),管理办法/制度,2024-01-12,https://data.eastmoney.com/notices/detail/300705/AN202401121617324141.html
300705,九典制药,九典制药:提名委员会议事规则(2024年1月修订),议事规则/实施细则,2024-01-12,https://data.eastmoney.com/notices/detail/300705/AN202401121617324140.html
688150,莱特光电,莱特光电:陕西莱特光电材料股份有限公司投资者关系活动记录表(2024年1月11日),调研活动,2024-01-12,https://data.eastmoney.com/notices/detail/688150/AN202401121617324082.html
688662,富信科技,富信科技:广东富信科技股份有限公司投资者关系活动记录表2024001,调研活动,2024-01-12,https://data.eastmoney.com/notices/detail/688662/AN202401121617324083.html
688160,步科股份,步科股份:步科股份:投资者关系活动记录表(2024年1月9日-11日),调研活动,2024-01-12,https://data.eastmoney.com/notices/detail/688160/AN202401121617324084.html
300979,华利集团,华利集团:关于部分闲置募集资金现金管理到期赎回并继续进行现金管理的公告,投资理财,2024-01-12,https://data.eastmoney.com/notices/detail/300979/AN202401121617324127.html
300861,美畅股份,美畅股份:2023年度业绩预告,业绩预告,2024-01-12,https://data.eastmoney.com/notices/detail/300861/AN202401121617324102.html
300070,碧水源,碧水源:第五届监事会第十九次会议决议公告,监事会决议公告,2024-01-12,https://data.eastmoney.com/notices/detail/300070/AN202401121617324098.html
000761,本钢板材,本钢板材:2024年1月11日投资者关系活动记录,调研活动,2024-01-12,https://data.eastmoney.com/notices/detail/000761/AN202401121617323994.html
300260,新莱应材,新莱应材:300260新莱应材投资者关系管理信息20240111,调研活动,2024-01-12,https://data.eastmoney.com/notices/detail/300260/AN202401121617324006.html
000661,长春高新,长春高新:2024年1月12日投资者关系活动记录表,调研活动,2024-01-12,https://data.eastmoney.com/notices/detail/000661/AN202401121617323998.html
300016,北陆药业,北陆药业:2024年1月11日投资者关系活动记录表,调研活动,2024-01-12,https://data.eastmoney.com/notices/detail/300016/AN202401121617323996.html
002520,日发精机,日发精机:2024年1月10日至12日投资者关系活动记录表,调研活动,2024-01-12,https://data.eastmoney.com/notices/detail/002520/AN202401121617324001.html
002424,ST百灵,贵州百灵:002424贵州百灵投资者关系管理信息20240112,调研活动,2024-01-12,https://data.eastmoney.com/notices/detail/002424/AN202401121617324000.html
002250,联化科技,联化科技:2024年1月12日投资者关系活动记录表,调研活动,2024-01-12,https://data.eastmoney.com/notices/detail/002250/AN202401121617323999.html
002032,苏泊尔,苏泊尔:002032苏 泊 尔投资者关系管理信息20240112,调研活动,2024-01-12,https://data.eastmoney.com/notices/detail/002032/AN202401121617323997.html
002106,莱宝高科,莱宝高科:002106莱宝高科投资者关系活动记录表20240111,调研活动,2024-01-12,https://data.eastmoney.com/notices/detail/002106/AN202401121617323990.html
300054,鼎龙股份,鼎龙股份:300054鼎龙股份投资者关系管理信息20240112,调研活动,2024-01-12,https://data.eastmoney.com/notices/detail/300054/AN202401121617323991.html
300705,九典制药,九典制药:300705九典制药投资者关系管理信息20240112,调研活动,2024-01-12,https://data.eastmoney.com/notices/detail/300705/AN202401121617323981.html
000529,广弘控股,广弘控股:000529广弘控股投资者关系管理信息20240112,调研活动,2024-01-12,https://data.eastmoney.com/notices/detail/000529/AN202401121617323989.html
300979,华利集团,华利集团:300979华利集团投资者关系管理信息20240112,调研活动,2024-01-12,https://data.eastmoney.com/notices/detail/300979/AN202401121617323985.html
002228,合兴包装,合兴包装:2024年1月12日投资者关系活动记录表,调研活动,2024-01-12,https://data.eastmoney.com/notices/detail/002228/AN202401121617323982.html
002038,双鹭药业,双鹭药业:002038双鹭药业投资者关系管理信息20240112,调研活动,2024-01-12,https://data.eastmoney.com/notices/detail/002038/AN202401121617323992.html
002867,周大生,周大生:2024年1月12日投资者关系活动记录表,调研活动,2024-01-12,https://data.eastmoney.com/notices/detail/002867/AN202401121617323988.html
002432,九安医疗,九安医疗:002432九安医疗投资者关系管理信息20240112,调研活动,2024-01-12,https://data.eastmoney.com/notices/detail/002432/AN202401121617323987.html
301413,安培龙,安培龙:301413安培龙投资者关系活动记录表20240112,调研活动,2024-01-12,https://data.eastmoney.com/notices/detail/301413/AN202401121617323986.html
301029,怡合达,怡合达:2024年1月2日-1月11日投资者关系活动记录表,调研活动,2024-01-12,https://data.eastmoney.com/notices/detail/301029/AN202401121617323983.html
301096,百诚医药,百诚医药:301096百诚医药投资者关系管理信息2024-002,调研活动,2024-01-12,https://data.eastmoney.com/notices/detail/301096/AN202401121617323984.html
300070,碧水源,碧水源:关于会计估计变更的公告,其他,2024-01-12,https://data.eastmoney.com/notices/detail/300070/AN202401121617324092.html
300070,碧水源,碧水源:第五届董事会第四十六次会议决议公告,董事会决议公告,2024-01-12,https://data.eastmoney.com/notices/detail/300070/AN202401121617324065.html
300364,中文在线,中文在线:关于董事、高级管理人员股份减持计划预披露的公告,股东/实际控制人股份减持,2024-01-12,https://data.eastmoney.com/notices/detail/300364/AN202401121617324045.html
605365,立达信,立达信:2024年1月11日投资者关系活动记录表,调研活动,2024-01-12,https://data.eastmoney.com/notices/detail/605365/AN202401121617323918.html
688332,中科蓝讯,中科蓝讯:2024-001深圳市中科蓝讯科技股份有限公司投资者关系活动记录表,调研活动,2024-01-12,https://data.eastmoney.com/notices/detail/688332/AN202401121617323917.html
300628,亿联网络,亿联网络:2023年度业绩预告,业绩预告,2024-01-12,https://data.eastmoney.com/notices/detail/300628/AN202401121617323923.html
300978,东箭科技,东箭科技:关于对外担保的进展公告,提供/对外担保公告,2024-01-12,https://data.eastmoney.com/notices/detail/300978/AN202401121617323922.html
000538,云南白药,云南白药:2024年1月11日投资者关系活动记录表,调研活动,2024-01-12,https://data.eastmoney.com/notices/detail/000538/AN202401121617323850.html
000538,云南白药,云南白药:2024年1月11日调研活动附件之投资者调研会议记录,调研活动,2024-01-12,https://data.eastmoney.com/notices/detail/000538/AN202401121617323849.html
001326,联域股份,联域股份:2024年1月12日投资者关系活动记录表,调研活动,2024-01-12,https://data.eastmoney.com/notices/detail/001326/AN202401121617323852.html
300862,蓝盾光电,蓝盾光电:300862蓝盾光电投资者关系管理信息20240112,调研活动,2024-01-12,https://data.eastmoney.com/notices/detail/300862/AN202401121617323851.html
300161,华中数控,华中数控:关于实际控制人部分股份质押的公告,股份质押、冻结,2024-01-12,https://data.eastmoney.com/notices/detail/300161/AN202401121617323864.html
920185,贝特瑞,贝特瑞:2024年第一次临时股东大会决议公告,股东大会决议公告,2024-01-12,https://data.eastmoney.com/notices/detail/920185/AN202401121617323548.html
920185,贝特瑞,贝特瑞:上海市方达(深圳)律师事务所关于贝特瑞新材料集团股份有限公司2024年第一次临时股东大会的法律意见书,法律意见书,2024-01-12,https://data.eastmoney.com/notices/detail/920185/AN202401121617323547.html
920491,奥迪威,奥迪威:投资者关系活动记录表,调研活动,2024-01-12,https://data.eastmoney.com/notices/detail/920491/AN202401121617323519.html
920075,柏星龙,柏星龙:关于对外投资合资公司完成工商注册并取得营业执照的公告,对外项目投资,2024-01-12,https://data.eastmoney.com/notices/detail/920075/AN202401121617323456.html
920075,柏星龙,柏星龙:首次回购股份暨回购进展情况公告,回购进展情况,2024-01-12,https://data.eastmoney.com/notices/detail/920075/AN202401121617323455.html
920077,吉林碳谷,吉林碳谷:2024年第一次临时股东大会决议公告,股东大会决议公告,2024-01-12,https://data.eastmoney.com/notices/detail/920077/AN202401121617323411.html
920077,吉林碳谷,吉林碳谷:公司章程,公司章程,2024-01-12,https://data.eastmoney.com/notices/detail/920077/AN202401121617323413.html
920077,吉林碳谷,吉林碳谷:吉林证律律师事务所关于吉林碳谷碳纤维股份有限公司2024年第一次临时股东大会的法律意见书,法律意见书,2024-01-12,https://data.eastmoney.com/notices/detail/920077/AN202401121617323412.html
603062,麦加芯彩,麦加芯彩:投资者关系活动记录表_2024年01月8-9日(2024-001),调研活动,2024-01-12,https://data.eastmoney.com/notices/detail/603062/AN202401121617323328.html
688507,索辰科技,索辰科技:索辰科技投资者关系活动记录表(20240109-20240112),调研活动,2024-01-12,https://data.eastmoney.com/notices/detail/688507/AN202401121617323331.html
600820,隧道股份,隧道股份:2024-001隧道股份投资者关系活动记录表20240112,调研活动,2024-01-12,https://data.eastmoney.com/notices/detail/600820/AN202401121617323330.html
688626,翔宇医疗,翔宇医疗:翔宇医疗2024年1月投资者关系活动记录表-1(编号:2024-001),调研活动,2024-01-12,https://data.eastmoney.com/notices/detail/688626/AN202401121617323329.html
688102,斯瑞新材,斯瑞新材:688102_投资者关系活动记录表-2024-001(2024年1月10日-11日),调研活动,2024-01-12,https://data.eastmoney.com/notices/detail/688102/AN202401121617323169.html
688433,华曙高科,华曙高科:湖南华曙高科技股份有限公司投资者关系活动记录表20240110-0111,调研活动,2024-01-12,https://data.eastmoney.com/notices/detail/688433/AN202401121617323168.html
688166,博瑞医药,博瑞医药:2024年1月8日至1月12日投资者调研报告,调研活动,2024-01-12,https://data.eastmoney.com/notices/detail/688166/AN202401121617323167.html
688789,宏华数科,宏华数科:杭州宏华数码科技股份有限公司投资者关系活动记录表(2024年1月4日、1月11日、1月12日),调研活动,2024-01-12,https://data.eastmoney.com/notices/detail/688789/AN202401121617323166.html
688239,航宇科技,航宇科技:20240110-投资者关系活动记录表-国金证券,调研活动,2024-01-12,https://data.eastmoney.com/notices/detail/688239/AN202401121617323165.html
688244,永信至诚,永信至诚:永信至诚投资者关系活动记录表2024-001,调研活动,2024-01-12,https://data.eastmoney.com/notices/detail/688244/AN202401121617323164.html
301231,荣信文化,荣信文化:关于使用闲置自有资金进行委托理财的进展公告,委托（受托）事项,2024-01-12,https://data.eastmoney.com/notices/detail/301231/AN202401121617323239.html
300426,华智数媒,唐德影视:关于累计诉讼、仲裁情况的公告,诉讼仲裁,2024-01-12,https://data.eastmoney.com/notices/detail/300426/AN202401121617323236.html
688686,奥普特,奥普特:广东奥普特科技股份有限公司投资者关系活动记录表2024.1.12,调研活动,2024-01-12,https://data.eastmoney.com/notices/detail/688686/AN202401121617323140.html
688778,厦钨新能,厦钨新能:投资者活动记录表【编号:2024-001】,调研活动,2024-01-12,https://data.eastmoney.com/notices/detail/688778/AN202401121617323139.html
601138,工业富联,工业富联:富士康工业互联网股份有限公司投资者关系活动记录表20240112,调研活动,2024-01-12,https://data.eastmoney.com/notices/detail/601138/AN202401121617323138.html
688393,安必平,安必平:安必平投资者关系活动记录表(2024年1月11日),调研活动,2024-01-12,https://data.eastmoney.com/notices/detail/688393/AN202401121617323137.html
688352,颀中科技,颀中科技:合肥颀中科技股份有限公司投资者关系活动记录表(2024年1月12日),调研活动,2024-01-12,https://data.eastmoney.com/notices/detail/688352/AN202401121617323136.html
688582,芯动联科,芯动联科:2024年1月11日投资者关系活动记录表,调研活动,2024-01-12,https://data.eastmoney.com/notices/detail/688582/AN202401121617323135.html
688799,华纳药厂,华纳药厂:华纳药厂投资者关系活动记录表(2024年1月11日),调研活动,2024-01-12,https://data.eastmoney.com/notices/detail/688799/AN202401121617323134.html
300234,开尔新材,开尔新材:关于完成工商变更登记的公告,公司注册资本变更,2024-01-12,https://data.eastmoney.com/notices/detail/300234/AN202401121617323131.html
300942,易瑞生物,易瑞生物:关于控股股东变更名称及其他工商信息的公告,公司关联方基本资料变更,2024-01-12,https://data.eastmoney.com/notices/detail/300942/AN202401121617323132.html
001400,江顺科技,3-2-1财务报告及审计报告(注册稿)(江苏江顺精密科技集团股份有限公司),深主板发行上市审计报告,2024-01-12,https://data.eastmoney.com/notices/detail/001400/AN202401121617323045.html
920351,华光源海,华光源海:第三届董事会第十次会议决议公告,高管人员任职变动,2024-01-12,https://data.eastmoney.com/notices/detail/920351/AN202401121617323095.html
920351,华光源海,华光源海:国浩律师(长沙)事务所关于华光源海国际物流集团股份有限公司2024年第一次临时股东大会之法律意见书,法律意见书,2024-01-12,https://data.eastmoney.com/notices/detail/920351/AN202401121617323091.html
920351,华光源海,华光源海:关于补选董事会专门委员会委员的公告,高管人员任职变动,2024-01-12,https://data.eastmoney.com/notices/detail/920351/AN202401121617323093.html
920351,华光源海,华光源海:公司章程,公司章程,2024-01-12,https://data.eastmoney.com/notices/detail/920351/AN202401121617323094.html
920351,华光源海,华光源海:2024年第一次临时股东大会决议公告,股东大会决议公告,2024-01-12,https://data.eastmoney.com/notices/detail/920351/AN202401121617323092.html
001400,江顺科技,3-1-3上市保荐书(注册稿)(江苏江顺精密科技集团股份有限公司),深主板发行上市上市保荐书,2024-01-12,https://data.eastmoney.com/notices/detail/001400/AN202401121617323044.html
001400,江顺科技,3-1-2发行保荐书(注册稿)(江苏江顺精密科技集团股份有限公司),深主板发行上市发行保荐书,2024-01-12,https://data.eastmoney.com/notices/detail/001400/AN202401121617323043.html
001400,江顺科技,1-1招股说明书(注册稿)(江苏江顺精密科技集团股份有限公司),深主板发行上市招股说明书注册稿,2024-01-12,https://data.eastmoney.com/notices/detail/001400/AN202401121617323037.html
001400,江顺科技,3-3-1法律意见书(注册稿)(江苏江顺精密科技集团股份有限公司),深主板发行上市法律意见书,2024-01-12,https://data.eastmoney.com/notices/detail/001400/AN202401121617323046.html
300825,阿尔特,阿尔特:关于公司控股股东部分股份质押的公告,股份质押、冻结,2024-01-12,https://data.eastmoney.com/notices/detail/300825/AN202401121617323059.html
300433,蓝思科技,蓝思科技:关于归还暂时补充流动资金的闲置募集资金的公告,归还募集资金,2024-01-12,https://data.eastmoney.com/notices/detail/300433/AN202401121617323061.html
920982,锦波生物,锦波生物:部分变更募集资金用途公告,变更募集资金投资项目,2024-01-12,https://data.eastmoney.com/notices/detail/920982/AN202401121617322989.html
920982,锦波生物,锦波生物:第三届董事会第二十七次会议决议公告,董事会决议公告,2024-01-12,https://data.eastmoney.com/notices/detail/920982/AN202401121617322990.html
920982,锦波生物,锦波生物:关于召开2024年第一次临时股东大会通知公告(提供网络投票),召开股东大会通知,2024-01-12,https://data.eastmoney.com/notices/detail/920982/AN202401121617322988.html
920982,锦波生物,锦波生物:第三届监事会第二十二次会议决议公告,监事会决议公告,2024-01-12,https://data.eastmoney.com/notices/detail/920982/AN202401121617322991.html
920982,锦波生物,锦波生物:中信证券股份有限公司关于山西锦波生物医药股份有限公司部分变更募集资金用途的核查意见,保荐/核查意见,2024-01-12,https://data.eastmoney.com/notices/detail/920982/AN202401121617322987.html
300668,杰恩股份,杰恩设计:第三届董事会第十八次会议决议公告,高管人员任职变动,2024-01-12,https://data.eastmoney.com/notices/detail/300668/AN202401121617322974.html
300376,易事特,易事特:关于全资子公司开展融资业务并为其提供担保的进展公告,提供/对外担保公告,2024-01-12,https://data.eastmoney.com/notices/detail/300376/AN202401121617322980.html
301525,儒竞科技,儒竞科技:关于为子公司提供担保的进展公告,提供/对外担保公告,2024-01-12,https://data.eastmoney.com/notices/detail/301525/AN202401121617322973.html
300668,杰恩股份,杰恩设计:关于变更高级管理人员的公告,高管人员任职变动,2024-01-12,https://data.eastmoney.com/notices/detail/300668/AN202401121617322942.html
300711,广哈通信,广哈通信:关于重大资产重组的进展公告,重组进展公告,2024-01-12,https://data.eastmoney.com/notices/detail/300711/AN202401121617322926.html
300197,节能铁汉,节能铁汉:关于完成工商变更登记并换发营业执照的公告,公司注册资本变更,2024-01-12,https://data.eastmoney.com/notices/detail/300197/AN202401121617322935.html
301458,钧崴电子,深交所上市审核委员会2024年第3次审议会议公告,深主板发行上市审核上市委会议公告,2024-01-12,https://data.eastmoney.com/notices/detail/301458/AN202401121617322385.html
301458,钧崴电子,3-1-2发行保荐书(上会稿)(钧崴电子科技股份有限公司),创业板IPO发行保荐书上会稿,2024-01-12,https://data.eastmoney.com/notices/detail/301458/AN202401121617322073.html
301458,钧崴电子,3-1-3上市保荐书(上会稿)(钧崴电子科技股份有限公司),创业板IPO上市保荐书上会稿,2024-01-12,https://data.eastmoney.com/notices/detail/301458/AN202401121617322069.html
301458,钧崴电子,1-1钧崴电子科技股份有限公司首次公开发行股票并在创业板上市招股说明书(上会稿),创业板IPO招股说明书上会稿,2024-01-12,https://data.eastmoney.com/notices/detail/301458/AN202401121617322071.html
920098,科隆新材,科隆新材:关于申请公开发行股票并上市及其进展公告,首发提示性公告,2024-01-12,https://data.eastmoney.com/notices/detail/920098/AN202401121617322229.html
300958,建工修复,建工修复:关于对外投资设立参股公司的进展公告,投资设立公司,2024-01-12,https://data.eastmoney.com/notices/detail/300958/AN202401121617322412.html
300276,三丰智能,三丰智能:关于与武汉华中科大资产管理有限公司签署战略合作协议的进展公告,签订协议,2024-01-12,https://data.eastmoney.com/notices/detail/300276/AN202401121617322418.html
300832,新产业,新产业:关于获得医疗器械注册证的公告,其他,2024-01-12,https://data.eastmoney.com/notices/detail/300832/AN202401121617322419.html
301458,钧崴电子,3-3-1法律意见书(上会稿)(钧崴电子科技股份有限公司),创业板IPO法律意见书上会稿,2024-01-12,https://data.eastmoney.com/notices/detail/301458/AN202401121617322078.html
920799,艾融软件,艾融软件:投资者关系活动记录表,调研活动,2024-01-12,https://data.eastmoney.com/notices/detail/920799/AN202401121617322038.html
301162,国能日新,国能日新:关于为子公司提供担保额度预计的公告,提供/对外担保公告,2024-01-12,https://data.eastmoney.com/notices/detail/301162/AN202401121617321974.html
301162,国能日新,国能日新:第二届监事会第二十五次会议决议公告,监事会决议公告,2024-01-12,https://data.eastmoney.com/notices/detail/301162/AN202401121617321976.html
301162,国能日新,国能日新:第二届董事会第二十七次会议决议公告,董事会决议公告,2024-01-12,https://data.eastmoney.com/notices/detail/301162/AN202401121617321975.html
300504,天邑股份,天邑股份:中选结果公示的提示性公告,其他,2024-01-12,https://data.eastmoney.com/notices/detail/300504/AN202401121617321898.html
688157,松井股份,松井股份:湖南松井新材料股份有限公司投资者关系活动记录表(2024-001),调研活动,2024-01-12,https://data.eastmoney.com/notices/detail/688157/AN202401121617321725.html
688110,东芯股份,东芯股份:东芯半导体股份有限公司投资者关系活动记录表(2024年1月10日至1月12日),调研活动,2024-01-12,https://data.eastmoney.com/notices/detail/688110/AN202401121617321724.html
688135,利扬芯片,利扬芯片:利扬芯片投资者关系活动记录表(2024年1月12日),调研活动,2024-01-12,https://data.eastmoney.com/notices/detail/688135/AN202401121617321723.html
603061,金海通,金海通:2024年1月10日至1月12日投资者关系活动记录表,调研活动,2024-01-12,https://data.eastmoney.com/notices/detail/603061/AN202401121617321722.html
000776,广发证券,广发证券:广发证券股份有限公司2024年面向专业投资者公开发行次级债券(第一期)发行结果公告,其他,2024-01-12,https://data.eastmoney.com/notices/detail/000776/AN202401121617321809.html
A22061,胜华波,上海证券交易所上市审核委员会2024年第2次审议会议结果公告,沪主板发行上市审核委会议结果公告,2024-01-12,https://data.eastmoney.com/notices/detail/A22061/AN202401121617321626.html
000027,深圳能源,深圳能源:深圳能源集团股份有限公司关于“19深能G1”票面利率调整及回售实施办法第一次提示性公告,其他,2024-01-12,https://data.eastmoney.com/notices/detail/000027/AN202401121617321709.html
A23097,长风药业,8-3-1补充法律意见书(一)(长风药业股份有限公司),科创板发行上市问询与回复,2024-01-12,https://data.eastmoney.com/notices/detail/A23097/AN202401121617321599.html
A23097,长风药业,8-1-1发行人及保荐机构关于第一轮审核问询函的回复(长风药业股份有限公司),科创板发行上市问询与回复,2024-01-12,https://data.eastmoney.com/notices/detail/A23097/AN202401121617321598.html
A23097,长风药业,8-2-1会计师事务所关于第一轮审核问询函的回复(长风药业股份有限公司),科创板发行上市问询与回复,2024-01-12,https://data.eastmoney.com/notices/detail/A23097/AN202401121617321601.html
688292,浩瀚深度,关于北京浩瀚深度信息技术股份有限公司向不特定对象发行可转换公司债券申请文件的审核问询函,科创板再融资问询与回复,2024-01-12,https://data.eastmoney.com/notices/detail/688292/AN202401121617321602.html
920857,泓禧科技,泓禧科技:投资者关系活动记录表,调研活动,2024-01-12,https://data.eastmoney.com/notices/detail/920857/AN202401121617321567.html
300482,万孚生物,万孚生物:2023年度业绩预告,业绩预告,2024-01-12,https://data.eastmoney.com/notices/detail/300482/AN202401121617321571.html
301276,嘉曼服饰,嘉曼服饰:关于以自有资金收购暇步士(HushPuppies)品牌中国内地及港澳区域IP资产完成的公告,收购出售资产/股权,2024-01-12,https://data.eastmoney.com/notices/detail/301276/AN202401121617321569.html
002183,怡亚通,怡亚通:深圳市怡亚通供应链股份有限公司2024年面向专业投资者公开发行公司债券(第一期)募集说明书摘要,其他,2024-01-12,https://data.eastmoney.com/notices/detail/002183/AN202401121617321499.html
002183,怡亚通,怡亚通:深圳市怡亚通供应链股份有限公司2024年面向专业投资者公开发行公司债券(第一期)发行公告,其他,2024-01-12,https://data.eastmoney.com/notices/detail/002183/AN202401121617321498.html
002183,怡亚通,怡亚通:深圳市怡亚通供应链股份有限公司2024年面向专业投资者公开发行公司债券(第一期)信用评级报告,其他,2024-01-12,https://data.eastmoney.com/notices/detail/002183/AN202401121617321497.html
002183,怡亚通,怡亚通:深圳市怡亚通供应链股份有限公司2024年面向专业投资者公开发行公司债券(第一期)募集说明书,其他,2024-01-12,https://data.eastmoney.com/notices/detail/002183/AN202401121617321505.html
300742,越博退,*ST越博:关于诉讼事项的进展公告,诉讼仲裁,2024-01-12,https://data.eastmoney.com/notices/detail/300742/AN202401121617321452.html
920895,花溪科技,花溪科技:北京中银(郑州)律师事务所关于新乡市花溪科技股份有限公司2024年第一次临时股东大会的法律意见书,法律意见书,2024-01-12,https://data.eastmoney.com/notices/detail/920895/AN202401121617321437.html
920895,花溪科技,花溪科技:关于重新签订募集资金三方监管协议的公告,签订协议,2024-01-12,https://data.eastmoney.com/notices/detail/920895/AN202401121617321439.html
920895,花溪科技,花溪科技:公司章程,公司章程,2024-01-12,https://data.eastmoney.com/notices/detail/920895/AN202401121617321440.html
920895,花溪科技,花溪科技:2024年第一次临时股东大会决议公告,股东大会决议公告,2024-01-12,https://data.eastmoney.com/notices/detail/920895/AN202401121617321438.html
000783,长江证券,长江证券:长江证券股份有限公司2023年面向专业投资者公开发行次级债券(第一期)2024年付息公告,其他,2024-01-12,https://data.eastmoney.com/notices/detail/000783/AN202401121617321378.html
300398,飞凯材料,飞凯材料:关于使用暂时闲置募集资金进行现金管理的进展公告,募集资金使用进展情况,2024-01-12,https://data.eastmoney.com/notices/detail/300398/AN202401121617321376.html
920701,豪声电子,豪声电子:投资者关系活动记录表,调研活动,2024-01-12,https://data.eastmoney.com/notices/detail/920701/AN202401121617321328.html
920346,威贸电子,威贸电子:关于取得发明专利证书的公告,获得认证,2024-01-12,https://data.eastmoney.com/notices/detail/920346/AN202401121617321286.html
920346,威贸电子,威贸电子:投资者关系活动记录表,调研活动,2024-01-12,https://data.eastmoney.com/notices/detail/920346/AN202401121617321287.html
920718,合肥高科,合肥高科:安徽天禾律师事务所关于合肥高科科技股份有限公司2024年第一次临时股东大会的法律意见书,法律意见书,2024-01-12,https://data.eastmoney.com/notices/detail/920718/AN202401121617321284.html
920718,合肥高科,合肥高科:公司章程,公司章程,2024-01-12,https://data.eastmoney.com/notices/detail/920718/AN202401121617321283.html
920718,合肥高科,合肥高科:2024年第一次临时股东大会决议公告,股东大会决议公告,2024-01-12,https://data.eastmoney.com/notices/detail/920718/AN202401121617321285.html
601077,渝农商行,渝农商行:渝农商行2023年12月投资者关系活动记录表,调研活动,2024-01-12,https://data.eastmoney.com/notices/detail/601077/AN202401121617321026.html
688213,思特威,思特威:2024年1月8日-1月11日投资者关系记录表,调研活动,2024-01-12,https://data.eastmoney.com/notices/detail/688213/AN202401121617321025.html
605296,神农集团,神农集团:云南神农农业产业集团股份有限公司投资者关系活动记录表(2024年1月11日),调研活动,2024-01-12,https://data.eastmoney.com/notices/detail/605296/AN202401121617321024.html
300816,艾可蓝,艾可蓝:关于回购股份事项前十名股东及前十名无限售条件股东持股情况的公告,其他,2024-01-12,https://data.eastmoney.com/notices/detail/300816/AN202401121617321189.html
300816,艾可蓝,艾可蓝:回购报告书,回购报告书,2024-01-12,https://data.eastmoney.com/notices/detail/300816/AN202401121617321188.html
300294,博雅生物,博雅生物:2024年第一次临时股东大会的法律意见书,法律意见书,2024-01-12,https://data.eastmoney.com/notices/detail/300294/AN202401121617321192.html
300294,博雅生物,博雅生物:2024年第一次临时股东大会决议公告,股东大会决议公告,2024-01-12,https://data.eastmoney.com/notices/detail/300294/AN202401121617321194.html
300236,上海新阳,上海新阳:关于公司拟对外投资产业投资基金的公告,对外项目投资,2024-01-12,https://data.eastmoney.com/notices/detail/300236/AN202401121617321173.html
920932,科达自控,科达自控:山西华炬律师事务所关于山西科达自控股份有限公司2024年第一次临时股东大会之法律意见书,法律意见书,2024-01-12,https://data.eastmoney.com/notices/detail/920932/AN202401121617321161.html
920932,科达自控,科达自控:2024年第一次临时股东大会决议公告,股东大会决议公告,2024-01-12,https://data.eastmoney.com/notices/detail/920932/AN202401121617321160.html
920433,大唐药业,大唐药业:关于沙棘糖浆质量标准(修订)通过国家药典委员会审定的公告,其他,2024-01-12,https://data.eastmoney.com/notices/detail/920433/AN202401121617320978.html
300447,全信股份,全信股份:北京浩天(上海)律师事务所关于南京全信传输科技股份有限公司2024年第一次临时股东大会的法律意见书,法律意见书,2024-01-12,https://data.eastmoney.com/notices/detail/300447/AN202401121617320964.html
300447,全信股份,全信股份:南京全信传输科技股份有限公司2024年第一次临时股东大会决议公告,股东大会决议公告,2024-01-12,https://data.eastmoney.com/notices/detail/300447/AN202401121617320963.html
300401,花园生物,花园生物:2023年度业绩预告,业绩预告,2024-01-12,https://data.eastmoney.com/notices/detail/300401/AN202401121617320863.html
920438,戈碧迦,戈碧迦:关于召开2024年第一次临时股东大会通知公告(提供网络投票),召开股东大会通知,2024-01-12,https://data.eastmoney.com/notices/detail/920438/AN202401121617320697.html
920522,纳科诺尔,纳科诺尔:投资者关系活动记录表,调研活动,2024-01-12,https://data.eastmoney.com/notices/detail/920522/AN202401121617320707.html
920438,戈碧迦,戈碧迦:关联交易公告,关联交易,2024-01-12,https://data.eastmoney.com/notices/detail/920438/AN202401121617320673.html
920438,戈碧迦,戈碧迦:关联交易公告,关联交易,2024-01-12,https://data.eastmoney.com/notices/detail/920438/AN202401121617320663.html
920438,戈碧迦,戈碧迦:委托理财的公告,委托（受托）事项,2024-01-12,https://data.eastmoney.com/notices/detail/920438/AN202401121617320665.html
920438,戈碧迦,戈碧迦:关于预计2024年度向金融机构申请授信暨关联担保的公告,担保年度额度预计,2024-01-12,https://data.eastmoney.com/notices/detail/920438/AN202401121617320562.html
920970,大禹生物,大禹生物:2024年第一次临时股东大会决议公告,股东大会决议公告,2024-01-12,https://data.eastmoney.com/notices/detail/920970/AN202401121617320555.html
920970,大禹生物,大禹生物:上海市锦天城律师事务所关于山西大禹生物工程股份有限公司2024年第一次临时股东大会的法律意见书,法律意见书,2024-01-12,https://data.eastmoney.com/notices/detail/920970/AN202401121617320554.html
300929,华骐环保,华骐环保:关于公司产品入选2023年安徽工业精品名单的公告,获得认证,2024-01-12,https://data.eastmoney.com/notices/detail/300929/AN202401121617320595.html
301201,诚达药业,诚达药业:北京中伦文德(杭州)律师事务所关于诚达药业股份有限公司2024年第一次临时股东大会的法律意见书,法律意见书,2024-01-12,https://data.eastmoney.com/notices/detail/301201/AN202401121617320597.html
301201,诚达药业,诚达药业:2024年第一次临时股东大会决议公告,股东大会决议公告,2024-01-12,https://data.eastmoney.com/notices/detail/301201/AN202401121617320596.html
300511,雪榕生物,雪榕生物:上海雪榕生物科技股份有限公司关于审计机构变更签字会计师的公告,审计机构变更,2024-01-12,https://data.eastmoney.com/notices/detail/300511/AN202401121617320585.html
300843,胜蓝股份,胜蓝股份:关于董事会秘书辞职暨补选副总经理、董事会秘书的公告,高管人员任职变动,2024-01-12,https://data.eastmoney.com/notices/detail/300843/AN202401121617320622.html
300843,胜蓝股份,胜蓝股份:第三届董事会第十四次会议决议公告,高管人员任职变动,2024-01-12,https://data.eastmoney.com/notices/detail/300843/AN202401121617320584.html
300020,ST银江,银江技术:关于取得发明专利证书的公告,获得认证,2024-01-12,https://data.eastmoney.com/notices/detail/300020/AN202401121617320594.html
300502,新易盛,新易盛:关于召开2024年第一次临时股东大会的提示性公告,召开股东大会提示性公告,2024-01-12,https://data.eastmoney.com/notices/detail/300502/AN202401121617320621.html
300998,宁波方正,宁波方正:关于筹划重大资产重组暨关联交易的进展公告,重组进展公告,2024-01-12,https://data.eastmoney.com/notices/detail/300998/AN202401121617320526.html
300739,明阳电路,明阳电路:关于使用部分闲置募集资金进行现金管理的进展公告,募集资金使用进展情况,2024-01-12,https://data.eastmoney.com/notices/detail/300739/AN202401121617320513.html
300067,安诺其,安诺其:国泰君安证券股份有限公司关于上海安诺其集团股份有限公司2023年持续督导定期现场检查报告,保荐/核查意见,2024-01-12,https://data.eastmoney.com/notices/detail/300067/AN202401121617320483.html
300067,安诺其,安诺其:国泰君安证券股份有限公司关于上海安诺其集团股份有限公司2023年持续督导培训情况报告,保荐/核查意见,2024-01-12,https://data.eastmoney.com/notices/detail/300067/AN202401121617320470.html
301360,荣旗科技,荣旗科技:东吴证券股份有限公司关于荣旗工业科技(苏州)股份有限公司2023年定期现场检查报告,保荐/核查意见,2024-01-12,https://data.eastmoney.com/notices/detail/301360/AN202401121617320469.html
301360,荣旗科技,荣旗科技:关于终止重大资产重组事项投资者说明会召开情况的公告,其他,2024-01-12,https://data.eastmoney.com/notices/detail/301360/AN202401121617320477.html
300850,新强联,新强联:东兴证券股份有限公司关于洛阳新强联回转支承股份有限公司2023年度持续督导现场培训报告,保荐/核查意见,2024-01-12,https://data.eastmoney.com/notices/detail/300850/AN202401121617320468.html
300850,新强联,新强联:东兴证券股份有限公司关于洛阳新强联回转支承股份有限公司2023年度现场检查报告,保荐/核查意见,2024-01-12,https://data.eastmoney.com/notices/detail/300850/AN202401121617320474.html
300649,杭州园林,杭州园林:关于收到《撤销行政处罚决定书》的公告,处罚,2024-01-12,https://data.eastmoney.com/notices/detail/300649/AN202401121617320476.html
301293,三博脑科,三博脑科:关于下属院区收到行政处罚决定书的公告,处罚,2024-01-12,https://data.eastmoney.com/notices/detail/301293/AN202401121617320467.html
920438,戈碧迦,戈碧迦:第四届监事会第十七次会议决议公告,监事会决议公告,2024-01-12,https://data.eastmoney.com/notices/detail/920438/AN202401121617320378.html
920866,绿亨科技,绿亨科技:关于公司通过高新技术企业认定的公告,获得认证,2024-01-12,https://data.eastmoney.com/notices/detail/920866/AN202401121617320404.html
300301,ST长方,*ST长方:关于向关联方借款暨关联交易的进展公告,借贷,2024-01-12,https://data.eastmoney.com/notices/detail/300301/AN202401121617320386.html
920438,戈碧迦,戈碧迦:独立董事关于第四届董事会第二十次会议相关事项的独立意见的公告,专项说明/独立意见,2024-01-12,https://data.eastmoney.com/notices/detail/920438/AN202401121617320247.html
603048,浙江黎明,浙江黎明:20240112浙江黎明智造股份有限公司投资者关系活动记录,调研活动,2024-01-12,https://data.eastmoney.com/notices/detail/603048/AN202401121617320222.html
601702,华峰铝业,华峰铝业:华峰铝业601702:2024年1月11日投资者关系活动记录表,调研活动,2024-01-12,https://data.eastmoney.com/notices/detail/601702/AN202401121617320221.html
688628,优利德,优利德:优利德投资者关系活动记录表1月12日,调研活动,2024-01-12,https://data.eastmoney.com/notices/detail/688628/AN202401121617320220.html
300477,ST合纵,合纵科技:关于完成注册地址变更并换发营业执照的公告,公司注册地址变更,2024-01-12,https://data.eastmoney.com/notices/detail/300477/AN202401121617320254.html
920689,克莱特,克莱特:监事辞职公告,高管人员任职变动,2024-01-12,https://data.eastmoney.com/notices/detail/920689/AN202401121617320244.html
920438,戈碧迦,戈碧迦:第四届董事会第二十次会议决议公告,董事会决议公告,2024-01-12,https://data.eastmoney.com/notices/detail/920438/AN202401121617320199.html
301040,中环海陆,中环海陆:关于审计机构变更签字注册会计师的公告,审计机构变更,2024-01-12,https://data.eastmoney.com/notices/detail/301040/AN202401121617320070.html
300257,开山股份,开山股份:关于控股股东部分股票质押的公告,股份质押、冻结,2024-01-12,https://data.eastmoney.com/notices/detail/300257/AN202401121617320010.html
300078,思创智联,思创医惠:关于公司为子公司提供担保进展的公告,提供/对外担保公告,2024-01-12,https://data.eastmoney.com/notices/detail/300078/AN202401121617320009.html
300257,开山股份,开山股份:中信证券股份有限公司关于开山集团股份有限公司2023年度持续督导培训情况的报告,保荐/核查意见,2024-01-12,https://data.eastmoney.com/notices/detail/300257/AN202401121617319976.html
300218,安利股份,安利股份:关于入选新一代信息技术与制造业融合发展示范的公告,其他,2024-01-12,https://data.eastmoney.com/notices/detail/300218/AN202401121617319929.html
301200,大族数控,大族数控:中信证券股份有限公司关于深圳市大族数控科技股份有限公司2023年度持续督导期培训情况的报告,保荐/核查意见,2024-01-12,https://data.eastmoney.com/notices/detail/301200/AN202401121617319928.html
301393,昊帆生物,昊帆生物:民生证券股份有限公司关于苏州昊帆生物股份有限公司相关股东延长股份锁定期的核查意见,保荐/核查意见,2024-01-12,https://data.eastmoney.com/notices/detail/301393/AN202401121617319932.html
301393,昊帆生物,昊帆生物:关于相关股东延长股份锁定期的公告,其他,2024-01-12,https://data.eastmoney.com/notices/detail/301393/AN202401121617319936.html
301046,能辉科技,能辉科技:海通证券股份有限公司关于上海能辉科技股份有限公司2023年度持续督导的培训情况报告,保荐/核查意见,2024-01-12,https://data.eastmoney.com/notices/detail/301046/AN202401121617319897.html
688439,振华风光,振华风光:振华风光:投资者关系活动记录表(2024年1月8号-1月9日),调研活动,2024-01-12,https://data.eastmoney.com/notices/detail/688439/AN202401121617319716.html
688516,奥特维,奥特维:√投资者关系活动记录表688516无锡奥特维科技股份有限公司-2024.01.12,调研活动,2024-01-12,https://data.eastmoney.com/notices/detail/688516/AN202401121617319715.html
301291,明阳电气,明阳电气:第二届董事会第六次临时会议决议公告,董事会决议公告,2024-01-12,https://data.eastmoney.com/notices/detail/301291/AN202401121617319847.html
301291,明阳电气,明阳电气:申万宏源证券承销保荐有限责任公司关于广东明阳电气股份有限公司使用闲置自有资金进行现金管理的核查意见,保荐/核查意见,2024-01-12,https://data.eastmoney.com/notices/detail/301291/AN202401121617319845.html
301291,明阳电气,明阳电气:第二届监事会第六次临时会议决议公告,监事会决议公告,2024-01-12,https://data.eastmoney.com/notices/detail/301291/AN202401121617319846.html
301291,明阳电气,明阳电气:关于拟使用闲置自有资金进行现金管理的公告,投资理财,2024-01-12,https://data.eastmoney.com/notices/detail/301291/AN202401121617319851.html
300285,国瓷材料,国瓷材料:关于公司第一大股东股权补充质押的公告,股份质押、冻结,2024-01-12,https://data.eastmoney.com/notices/detail/300285/AN202401121617319844.html
301139,*ST元道,元道通信:国新证券股份有限公司关于元道通信股份有限公司2023年度持续督导培训情况报告,保荐/核查意见,2024-01-12,https://data.eastmoney.com/notices/detail/301139/AN202401121617319849.html
300950,德固特,德固特:德固特关于取得专利证书的公告,获得认证,2024-01-12,https://data.eastmoney.com/notices/detail/300950/AN202401121617319842.html
301359,东南电子,东南电子:国金证券股份有限公司关于东南电子股份有限公司2023年度定期现场检查报告,保荐/核查意见,2024-01-12,https://data.eastmoney.com/notices/detail/301359/AN202401121617319848.html
300798,锦鸡股份,锦鸡股份:关于完成工商变更登记及《公司章程》备案的公告,公司章程,2024-01-12,https://data.eastmoney.com/notices/detail/300798/AN202401121617319841.html
300733,西菱动力,西菱动力:关于使用暂时闲置募集资金进行现金管理到期收回的公告,投资理财,2024-01-12,https://data.eastmoney.com/notices/detail/300733/AN202401121617319766.html
300224,正海磁材,正海磁材:中信建投证券股份有限公司关于烟台正海磁性材料股份有限公司2023年度持续督导现场检查报告,保荐/核查意见,2024-01-12,https://data.eastmoney.com/notices/detail/300224/AN202401121617319765.html
301359,东南电子,东南电子:国金证券股份有限公司关于东南电子股份有限公司2023年度持续督导培训情况报告,保荐/核查意见,2024-01-12,https://data.eastmoney.com/notices/detail/301359/AN202401121617319763.html
300224,正海磁材,正海磁材:中信建投证券股份有限公司关于对烟台正海磁性材料股份有限公司2023年度持续督导的培训报告,保荐/核查意见,2024-01-12,https://data.eastmoney.com/notices/detail/300224/AN202401121617319764.html
A23140,鹰峰电子,3-1-3上市保荐书(申报稿)(上海鹰峰电子科技股份有限公司),创业板IPO上市保荐书申报稿,2024-01-12,https://data.eastmoney.com/notices/detail/A23140/AN202401121617319501.html
A23140,鹰峰电子,1-1上海鹰峰电子科技股份有限公司首次公开发行股票招股说明书(申报稿),创业板IPO招股说明书申报稿,2024-01-12,https://data.eastmoney.com/notices/detail/A23140/AN202401121617319500.html
A23140,鹰峰电子,3-1-2发行保荐书(申报稿)(上海鹰峰电子科技股份有限公司),创业板IPO发行保荐书申报稿,2024-01-12,https://data.eastmoney.com/notices/detail/A23140/AN202401121617319502.html
300489,光智科技,光智科技:关于为子公司银行综合授信提供担保的进展公告,提供/对外担保公告,2024-01-12,https://data.eastmoney.com/notices/detail/300489/AN202401121617319572.html
920570,坤博精工,坤博精工:2024年第一次临时股东大会决议公告,股东大会决议公告,2024-01-12,https://data.eastmoney.com/notices/detail/920570/AN202401121617319541.html
920570,坤博精工,坤博精工:国浩律师(杭州)事务所关于浙江坤博精工科技股份有限公司2024年第一次临时股东大会的法律意见书,法律意见书,2024-01-12,https://data.eastmoney.com/notices/detail/920570/AN202401121617319539.html
920570,坤博精工,坤博精工:公司章程,公司章程,2024-01-12,https://data.eastmoney.com/notices/detail/920570/AN202401121617319540.html
301050,雷电微力,雷电微力:关于董事辞职的公告,高管人员任职变动,2024-01-12,https://data.eastmoney.com/notices/detail/301050/AN202401121617319537.html
920062,科润智控,科润智控:关于子公司完成工商变更登记并取得营业执照的公告,公司关联方基本资料变更,2024-01-12,https://data.eastmoney.com/notices/detail/920062/AN202401121617319521.html
688618,三旺通信,三旺通信:深圳市三旺通信股份有限公司投资者关系活动记录表(2024年1月10日),调研活动,2024-01-12,https://data.eastmoney.com/notices/detail/688618/AN202401121617319482.html
920571,国航远洋,国航远洋:投资者关系活动记录表,调研活动,2024-01-12,https://data.eastmoney.com/notices/detail/920571/AN202401121617319470.html
301019,宁波色母,宁波色母:关于使用部分闲置募集资金进行现金管理到期赎回并继续进行现金管理的公告,投资理财,2024-01-12,https://data.eastmoney.com/notices/detail/301019/AN202401121617319341.html
301158,德石股份,德石股份:关于取得发明专利证书的公告,获得认证,2024-01-12,https://data.eastmoney.com/notices/detail/301158/AN202401121617319318.html
920914,远航精密,远航精密:关于变更募集资金专户后注销部分募集资金专户的公告,募集资金使用情况报告,2024-01-12,https://data.eastmoney.com/notices/detail/920914/AN202401121617318636.html
300193,佳士科技,佳士科技:关于持股5%以上股东权益变动超过1%的公告,权益变动报告书,2024-01-12,https://data.eastmoney.com/notices/detail/300193/AN202401121617318410.html
920870,恒进感应,恒进感应:关于召开2024年第一次临时股东大会通知公告(提供网络投票),召开股东大会通知,2024-01-12,https://data.eastmoney.com/notices/detail/920870/AN202401121617318364.html
920870,恒进感应,恒进感应:第三届董事会第十八次会议决议公告,高管人员任职变动,2024-01-12,https://data.eastmoney.com/notices/detail/920870/AN202401121617318363.html
920870,恒进感应,恒进感应:第三届监事会第十四次会议决议公告,监事会决议公告,2024-01-12,https://data.eastmoney.com/notices/detail/920870/AN202401121617318362.html
920870,恒进感应,恒进感应:关于使用闲置自有资金购买理财产品的公告,投资理财,2024-01-12,https://data.eastmoney.com/notices/detail/920870/AN202401121617318361.html
920870,恒进感应,恒进感应:高级管理人员任免公告,高管人员任职变动,2024-01-12,https://data.eastmoney.com/notices/detail/920870/AN202401121617318360.html
A23140,鹰峰电子,8-3补充法律意见书(二)(上海鹰峰电子科技股份有限公司),创业板IPO问询与回复,2024-01-12,https://data.eastmoney.com/notices/detail/A23140/AN202401121617318343.html
A23140,鹰峰电子,8-2会计师事务所关于第二轮问询函的回复意见(上海鹰峰电子科技股份有限公司),创业板IPO问询与回复,2024-01-12,https://data.eastmoney.com/notices/detail/A23140/AN202401121617318342.html
A23140,鹰峰电子,发行人及保荐机构关于第二轮审核问询函的回复意见(上海鹰峰电子科技股份有限公司),创业板IPO问询与回复,2024-01-12,https://data.eastmoney.com/notices/detail/A23140/AN202401121617318344.html
301539,宏鑫科技,关于同意宏鑫科技首次公开发行股票注册的批复,深主板发行上市审核注册结果通知,2024-01-12,https://data.eastmoney.com/notices/detail/301539/AN202401121617317531.html
301051,信濠光电,信濠光电:2023年度业绩预告,业绩预告,2024-01-12,https://data.eastmoney.com/notices/detail/301051/AN202401121617317656.html
920885,星辰科技,星辰科技:关于变更签字注册会计师的公告,公司关联方基本资料变更,2024-01-12,https://data.eastmoney.com/notices/detail/920885/AN202401121617317638.html
300204,舒泰神,关于终止对舒泰神再融资审核的决定,创业板发行上市审核终止审核通知,2024-01-12,https://data.eastmoney.com/notices/detail/300204/AN202401121617317533.html
920189,康美特,北京康美特科技股份有限公司审核问询回复,回复问询函公告,2024-01-12,https://data.eastmoney.com/notices/detail/920189/AN202401121617317544.html
301125,腾亚精工,腾亚精工:关于注销部分募集资金专户的公告,其他,2024-01-12,https://data.eastmoney.com/notices/detail/301125/AN202401121617317561.html
301267,华厦眼科,华厦眼科:关于回购股份事项前十名股东及前十名无限售条件股东持股情况的公告,回购进展情况,2024-01-12,https://data.eastmoney.com/notices/detail/301267/AN202401121617317560.html
000046,*ST泛海,*ST泛海:关于泛海控股股份有限公司公司债券的临时受托管理事务报告,其他,2024-01-12,https://data.eastmoney.com/notices/detail/000046/AN202401121617317524.html
301312,智立方,智立方:关于变更持续督导保荐代表人的公告,保荐代表人（机构）变更,2024-01-12,https://data.eastmoney.com/notices/detail/301312/AN202401121617317509.html
688539,高华科技,高华科技:高华科技:投资者关系活动记录表-202401,调研活动,2024-01-12,https://data.eastmoney.com/notices/detail/688539/AN202401121617317335.html
300677,英科医疗,英科医疗:关于为子公司提供担保事项的进展公告,提供/对外担保公告,2024-01-12,https://data.eastmoney.com/notices/detail/300677/AN202401121617317420.html
300842,帝科股份,帝科股份:关于对外投资的进展公告,对外项目投资,2024-01-12,https://data.eastmoney.com/notices/detail/300842/AN202401121617317425.html
300063,天龙集团,天龙集团:关于接受子公司提供担保的公告,提供/对外担保公告,2024-01-12,https://data.eastmoney.com/notices/detail/300063/AN202401121617317421.html
301365,矩阵股份,矩阵股份:关于使用部分闲置募集资金进行现金管理的进展公告,募集资金使用进展情况,2024-01-12,https://data.eastmoney.com/notices/detail/301365/AN202401121617317364.html
002926,华西证券,华西证券:中信证券股份有限公司关于华西证券股份有限公司董事长、三分之一以上董事、三分之二以上监事发生变动之临时受托管理事务报告,高管人员任职变动,2024-01-12,https://data.eastmoney.com/notices/detail/002926/AN202401121617317328.html
002926,华西证券,华西证券:华西证券股份有限公司董事长、董事、监事发生变动的临时公告,高管人员任职变动,2024-01-12,https://data.eastmoney.com/notices/detail/002926/AN202401121617317324.html
002926,华西证券,华西证券:西南证券股份有限公司关于华西证券股份有限公司董事、监事、高级管理人员发生变动的临时受托管理事务报告,高管人员任职变动,2024-01-12,https://data.eastmoney.com/notices/detail/002926/AN202401121617317323.html
002926,华西证券,华西证券:华金证券关于华西证券股份有限公司董事长、三分之一以上董事、三分之二以上监事变动的临时受托管理事务报告,高管人员任职变动,2024-01-12,https://data.eastmoney.com/notices/detail/002926/AN202401121617317327.html
300375,鹏翎股份,鹏翎股份:关于公司通过高新技术企业重新认定的公告,获得认证,2024-01-12,https://data.eastmoney.com/notices/detail/300375/AN202401121617317315.html
000686,东北证券,东北证券:1-3东北证券股份有限公司2024年面向专业投资者公开发行次级债券(第一期)发行公告,其他,2024-01-12,https://data.eastmoney.com/notices/detail/000686/AN202401121617317301.html
000686,东北证券,东北证券:东北证券股份有限公司2024年面向专业投资者公开发行次级债券(第一期)募集说明书,其他,2024-01-12,https://data.eastmoney.com/notices/detail/000686/AN202401121617317299.html
000686,东北证券,东北证券:1-13东北证券股份有限公司2024年面向专业投资者公开发行次级债券(第一期)更名公告,其他,2024-01-12,https://data.eastmoney.com/notices/detail/000686/AN202401121617317302.html
000686,东北证券,东北证券:1-2东北证券股份有限公司2024年面向专业投资者公开发行次级债券(第一期)募集说明书摘要,其他,2024-01-12,https://data.eastmoney.com/notices/detail/000686/AN202401121617317300.html
000686,东北证券,东北证券:东北证券股份有限公司2024年面向专业投资者公开发行次级债券(第一期)信用评级报告,其他,2024-01-12,https://data.eastmoney.com/notices/detail/000686/AN202401121617317276.html
920505,九菱科技,九菱科技:长江证券承销保荐有限公司关于荆州九菱科技股份有限公司使用闲置募集资金进行现金管理的核查意见,保荐/核查意见,2024-01-12,https://data.eastmoney.com/notices/detail/920505/AN202401121617317142.html
301095,广立微,广立微:关于实际控制人部分股份质押的公告,股份质押、冻结,2024-01-12,https://data.eastmoney.com/notices/detail/301095/AN202401121617317122.html
301371,敷尔佳,敷尔佳:关于新增募集资金专户并签订三方监管协议的公告,签订协议,2024-01-12,https://data.eastmoney.com/notices/detail/301371/AN202401121617317121.html
300662,科锐国际,科锐国际:关于2023年限制性股票激励计划首次授予激励对象名单的公示情况说明及核查意见,股权激励进展公告,2024-01-12,https://data.eastmoney.com/notices/detail/300662/AN202401121617317080.html
300662,科锐国际,科锐国际:关于2023年限制性股票激励计划内幕信息知情人买卖公司股票情况的自查报告,自查报告,2024-01-12,https://data.eastmoney.com/notices/detail/300662/AN202401121617317084.html
300817,双飞集团,双飞集团:关于通过高新技术企业重新认定的公告,获得认证,2024-01-12,https://data.eastmoney.com/notices/detail/300817/AN202401121617317085.html
920496,许昌智能,许昌智能:最近三年及一期的财务报告和审计报告(注册稿),北交所发行上市审计报告,2024-01-12,https://data.eastmoney.com/notices/detail/920496/AN202401121617316936.html
301045,天禄科技,天禄科技:关于控股股东、实际控制人部分股份质押及解除质押的公告,股份质押、冻结,2024-01-12,https://data.eastmoney.com/notices/detail/301045/AN202401121617317064.html
300076,*ST宁视,GQY视讯:关于全资子公司完成工商变更登记的公告,公司关联方基本资料变更,2024-01-12,https://data.eastmoney.com/notices/detail/300076/AN202401121617317063.html
301235,华康洁净,华康医疗:关于收到中标通知书的公告,重大合同,2024-01-12,https://data.eastmoney.com/notices/detail/301235/AN202401121617317051.html
300666,江丰电子,江丰电子:关于控股股东、实际控制人部分股份质押展期的公告,股份质押、冻结,2024-01-12,https://data.eastmoney.com/notices/detail/300666/AN202401121617317049.html
920108,宏海科技,关于宏海科技股票强制变更为集合竞价交易方式的公告,其他,2024-01-12,https://data.eastmoney.com/notices/detail/920108/AN202401121617317015.html
920496,许昌智能,许昌智能:招股说明书(注册稿),北交所发行上市招股说明书注册稿,2024-01-12,https://data.eastmoney.com/notices/detail/920496/AN202401121617316941.html
920098,科隆新材,科隆新材:北京市嘉源律师事务所关于科隆新材之补充法律意见书(一),北交所发行上市法律意见书,2024-01-12,https://data.eastmoney.com/notices/detail/920098/AN202401121617316939.html
920496,许昌智能,许昌智能:发行保荐书(注册稿),北交所发行上市发行保荐书,2024-01-12,https://data.eastmoney.com/notices/detail/920496/AN202401121617316938.html
920496,许昌智能,许昌智能:法律意见书(注册稿),北交所发行上市法律意见书,2024-01-12,https://data.eastmoney.com/notices/detail/920496/AN202401121617316935.html
920098,科隆新材,科隆新材:致同会计师事务所(特殊普通合伙)关于科隆新材第一轮问询的回复,北交所发行上市问询与回复,2024-01-12,https://data.eastmoney.com/notices/detail/920098/AN202401121617316937.html
920098,科隆新材,科隆新材:科隆新材及国新证券关于关于第一轮问询的回复,北交所发行上市问询与回复,2024-01-12,https://data.eastmoney.com/notices/detail/920098/AN202401121617316932.html
920496,许昌智能,许昌智能:上市保荐书(注册稿),北交所发行上市上市保荐书,2024-01-12,https://data.eastmoney.com/notices/detail/920496/AN202401121617316934.html
920106,林泰新材,林泰新材:申请公开发行股票并在北交所上市辅导备案及其进展公告,上市辅导公告,2024-01-12,https://data.eastmoney.com/notices/detail/920106/AN202401121617316617.html
920116,星图测控,星图测控:关于申请公开发行股票并在北交所上市暨停牌进展公告,停牌公告,2024-01-12,https://data.eastmoney.com/notices/detail/920116/AN202401121617316585.html
920029,开发科技,开发科技:关于申请公开发行股票并在北交所上市暨停牌进展公告,停牌公告,2024-01-12,https://data.eastmoney.com/notices/detail/920029/AN202401121617316576.html
688008,澜起科技,澜起科技:澜起科技-投资者关系活动记录表(2024-002),调研活动,2024-01-12,https://data.eastmoney.com/notices/detail/688008/AN202401121617316482.html
688302,海创药业,海创药业:海创药业投资者关系活动记录表(2024年1月3日-1月10日),调研活动,2024-01-12,https://data.eastmoney.com/notices/detail/688302/AN202401121617316481.html
688720,艾森股份,艾森股份:投资者关系活动记录表20240112,调研活动,2024-01-12,https://data.eastmoney.com/notices/detail/688720/AN202401121617316480.html
688135,利扬芯片,利扬芯片:利扬芯片投资者关系活动记录表(2024年1月10日-11日),调研活动,2024-01-12,https://data.eastmoney.com/notices/detail/688135/AN202401121617316479.html
688573,信宇人,信宇人:信宇人投资者关系活动记录表2024-002,调研活动,2024-01-12,https://data.eastmoney.com/notices/detail/688573/AN202401121617316478.html
688112,鼎阳科技,鼎阳科技:鼎阳科技投资者关系活动记录表(2024年1月12日),调研活动,2024-01-12,https://data.eastmoney.com/notices/detail/688112/AN202401121617316477.html
605599,菜百股份,菜百股份:2024年1月9日北京菜市口百货股份有限公司投资者关系活动记录表,调研活动,2024-01-12,https://data.eastmoney.com/notices/detail/605599/AN202401121617316476.html
688220,翱捷科技,翱捷科技:2024年1月9、10、11日投资者关系活动记录表,调研活动,2024-01-12,https://data.eastmoney.com/notices/detail/688220/AN202401121617316475.html
000737,北方铜业,3-1证券发行保荐书(申报稿)(北方铜业股份有限公司),深主板再融资发行保荐书,2024-01-12,https://data.eastmoney.com/notices/detail/000737/AN202401121617316338.html
000737,北方铜业,6-1发行人最近一年的财务报告及其审计报告以及最近一期的财务报告(申报稿)(北方铜业股份有限公司),深主板再融资审计报告,2024-01-12,https://data.eastmoney.com/notices/detail/000737/AN202401121617316335.html
000737,北方铜业,3-3上市保荐书(申报稿)(北方铜业股份有限公司),深主板再融资上市保荐书,2024-01-12,https://data.eastmoney.com/notices/detail/000737/AN202401121617316339.html
000737,北方铜业,2会计师关于审核问询函的回复(北方铜业股份有限公司),深主板再融资问询与回复,2024-01-12,https://data.eastmoney.com/notices/detail/000737/AN202401121617316337.html
A23254,威达智,发行人及保荐机构回复意见(苏州威达智科技股份有限公司),创业板IPO问询与回复,2024-01-12,https://data.eastmoney.com/notices/detail/A23254/AN202401121617316329.html
000737,北方铜业,1-1募集说明书(申报稿)(北方铜业股份有限公司),深主板再融资募集说明书申报稿,2024-01-12,https://data.eastmoney.com/notices/detail/000737/AN202401121617316340.html
300346,南大光电,3-1独立财务顾问报告(申报稿)(江苏南大光电材料股份有限公司),创业板重大资产重组独立财务顾问报告申报稿,2024-01-12,https://data.eastmoney.com/notices/detail/300346/AN202401121617316334.html
000737,北方铜业,1发行人及保荐机构关于审核问询函的回复(修订稿)(北方铜业股份有限公司),深主板再融资问询与回复,2024-01-12,https://data.eastmoney.com/notices/detail/000737/AN202401121617316336.html
300346,南大光电,2-1重大资产重组报告书(申报稿)(江苏南大光电材料股份有限公司),创业板重大资产重组报告书申报稿,2024-01-12,https://data.eastmoney.com/notices/detail/300346/AN202401121617316333.html
000737,北方铜业,3补充法律意见书(三)(北方铜业股份有限公司),深主板再融资问询与回复,2024-01-12,https://data.eastmoney.com/notices/detail/000737/AN202401121617316341.html
A23254,威达智,8-3补充法律意见书(一)(2023年半年报财务数据更新版)(苏州威达智科技股份有限公司),创业板IPO问询与回复,2024-01-12,https://data.eastmoney.com/notices/detail/A23254/AN202401121617316331.html
A23254,威达智,8-2会计师事务所回复意见(豁免版)(苏州威达智科技股份有限公司),创业板IPO问询与回复,2024-01-12,https://data.eastmoney.com/notices/detail/A23254/AN202401121617316330.html
300648,星云股份,1申请人及保荐人关于第二轮审核问询函的回复意见(修订稿)(福建星云电子股份有限公司),创业板再融资问询与回复,2024-01-12,https://data.eastmoney.com/notices/detail/300648/AN202401121617316332.html
A23250,海纳医药,1-1招股说明书(申报稿)(南京海纳医药科技股份有限公司),创业板IPO招股说明书申报稿,2024-01-12,https://data.eastmoney.com/notices/detail/A23250/AN202401121617316101.html
301206,三元生物,三元生物:301206三元生物投资者关系管理信息,调研活动,2024-01-12,https://data.eastmoney.com/notices/detail/301206/AN202401121617315037.html
000564,供销大集,ST大集:关于收到北京中合农信企业管理咨询有限公司告知函的公告,其他,2024-01-12,https://data.eastmoney.com/notices/detail/000564/AN202401121617315035.html
002562,兄弟科技,兄弟科技:兄弟科技股份有限公司2023年度向特定对象发行A股股票募集说明书(申报稿),深主板再融资募集说明书申报稿,2024-01-12,https://data.eastmoney.com/notices/detail/002562/AN202401121617314747.html
002562,兄弟科技,兄弟科技:国泰君安证券股份有限公司关于兄弟科技股份有限公司2023年度向特定对象发行A股股票之发行保荐书,发行保荐书,2024-01-12,https://data.eastmoney.com/notices/detail/002562/AN202401121617314745.html
002562,兄弟科技,兄弟科技:国泰君安证券股份有限公司关于兄弟科技股份有限公司2023年度向特定对象发行A股股票之上市保荐书,上市保荐书,2024-01-12,https://data.eastmoney.com/notices/detail/002562/AN202401121617314744.html
002562,兄弟科技,兄弟科技:公司最近一年的财务报告及其审计报告以及最近一期的财务报告,审计报告,2024-01-12,https://data.eastmoney.com/notices/detail/002562/AN202401121617314746.html
002562,兄弟科技,兄弟科技:关于向特定对象发行股票申请获得深圳证券交易所受理的公告,其他,2024-01-12,https://data.eastmoney.com/notices/detail/002562/AN202401121617314743.html
002562,兄弟科技,兄弟科技:上海市广发律师事务所关于兄弟科技股份有限公司向特定对象发行股票的法律意见,法律意见书,2024-01-12,https://data.eastmoney.com/notices/detail/002562/AN202401121617314739.html
300804,广康生化,广康生化:公司章程(2024年1月),公司章程,2024-01-12,https://data.eastmoney.com/notices/detail/300804/AN202401121617314740.html
000536,华映科技,华映科技:关于为全资子公司开展融资租赁业务提供担保的进展公告,提供/对外担保公告,2024-01-12,https://data.eastmoney.com/notices/detail/000536/AN202401121617314733.html
002204,大连重工,大连重工:关于全资子公司仲裁事项的进展公告,其他,2024-01-12,https://data.eastmoney.com/notices/detail/002204/AN202401121617314729.html
001222,源飞宠物,源飞宠物:光大证券股份有限公司关于温州源飞宠物玩具制品股份有限公司2023年度持续督导现场培训情况报告,保荐/核查意见,2024-01-12,https://data.eastmoney.com/notices/detail/001222/AN202401121617314732.html
001222,源飞宠物,源飞宠物:光大证券股份有限公司关于温州源飞宠物玩具制品股份有限公司2023年持续督导工作现场检查报告,保荐/核查意见,2024-01-12,https://data.eastmoney.com/notices/detail/001222/AN202401121617314730.html
002136,安纳达,安纳达:关于开展外汇套期保值业务的可行性分析报告,其他,2024-01-12,https://data.eastmoney.com/notices/detail/002136/AN202401121617314722.html
300939,秋田微,秋田微:关于完成工商变更登记的公告,公司经营范围变更,2024-01-12,https://data.eastmoney.com/notices/detail/300939/AN202401121617314723.html
002378,章源钨业,章源钨业:002378章源钨业投资者关系管理信息20240112,调研活动,2024-01-12,https://data.eastmoney.com/notices/detail/002378/AN202401121617314680.html
300633,开立医疗,开立医疗:2024年1月8-12日投资者关系活动记录表,调研活动,2024-01-12,https://data.eastmoney.com/notices/detail/300633/AN202401121617314610.html
688121,*ST卓然,关于上海卓然工程技术股份有限公司的监管工作函,上交所股票监管工作函,2024-01-12,https://data.eastmoney.com/notices/detail/688121/AN202401121617309663.html
002867,周大生,周大生:2024年1月11日投资者关系活动记录表,调研活动,2024-01-12,https://data.eastmoney.com/notices/detail/002867/AN202401121617309120.html
002401,中远海科,中远海科:2024年1月11日投资者关系活动记录表,调研活动,2024-01-12,https://data.eastmoney.com/notices/detail/002401/AN202401121617309119.html
003035,南网能源,南网能源:2024年1月11日投资者关系活动记录表,调研活动,2024-01-12,https://data.eastmoney.com/notices/detail/003035/AN202401121617305232.html
002382,蓝帆医疗,蓝帆医疗:2024年1月11日投资者关系活动记录表,调研活动,2024-01-12,https://data.eastmoney.com/notices/detail/002382/AN202401121617305233.html
300840,酷特智能,酷特智能:300840酷特智能投资者关系管理信息20240112,调研活动,2024-01-12,https://data.eastmoney.com/notices/detail/300840/AN202401121617297945.html
002254,泰和新材,泰和新材:2024年1月11日投资者关系活动记录表,调研活动,2024-01-12,https://data.eastmoney.com/notices/detail/002254/AN202401121617297239.html
600267,海正药业,海正药业:浙江海正药业股份有限公司关于“海正定转“2024年第一次债券持有人会议决议公告,其他,2024-01-12,https://data.eastmoney.com/notices/detail/600267/AN202401111617273011.html
000966,长源电力,长源电力:关于2023年第四季度电量完成情况的自愿性信息披露公告,其他,2024-01-12,https://data.eastmoney.com/notices/detail/000966/AN202401111617269201.html
000591,太阳能,太阳能:2023年度业绩预告,业绩预告,2024-01-12,https://data.eastmoney.com/notices/detail/000591/AN202401111617269620.html
000966,长源电力,长源电力:关于国能长源荆门市源网荷储百万千瓦新能源基地掇刀200MW子项目全容量并网发电的自愿性信息披露公告,其他,2024-01-12,https://data.eastmoney.com/notices/detail/000966/AN202401111617269619.html
603067,振华股份,振华股份:振华股份关于回复上海证券交易所《关于湖北振华化学股份有限公司向不特定对象发行可转换公司债券的审核中心意见落实函》的公告,其他,2024-01-12,https://data.eastmoney.com/notices/detail/603067/AN202401111617269268.html
603067,振华股份,振华股份:关于湖北振华化学股份有限公司向不特定对象发行可转换公司债券申请文件的第二轮审核问询函的回复(修订稿),回复问询函公告,2024-01-12,https://data.eastmoney.com/notices/detail/603067/AN202401111617269270.html
603067,振华股份,振华股份:关于湖北振华化学股份有限公司向不特定对象发行可转换公司债券申请文件的审核问询函有关财务问题的专项说明回复(修订稿),回复问询函公告,2024-01-12,https://data.eastmoney.com/notices/detail/603067/AN202401111617269269.html
603067,振华股份,振华股份:关于湖北振华化学股份有限公司向不特定对象发行可转换公司债券申请文件的审核问询函的回复(修订稿),回复问询函公告,2024-01-12,https://data.eastmoney.com/notices/detail/603067/AN202401111617269267.html
603067,振华股份,振华股份:上海市锦天城律师事务所关于湖北振华化学股份有限公司2023年度向不特定对象发行可转换公司债券的补充法律意见书(一)(修订稿),法律意见书,2024-01-12,https://data.eastmoney.com/notices/detail/603067/AN202401111617269263.html
603067,振华股份,振华股份:华泰联合证券有限责任公司关于湖北振华化学股份有限公司向不特定对象发行可转换公司债券并在主板上市之上市保荐书(上会稿),上市保荐书,2024-01-12,https://data.eastmoney.com/notices/detail/603067/AN202401111617269264.html
603067,振华股份,振华股份:华泰联合证券有限责任公司关于湖北振华化学股份有限公司向不特定对象发行可转换公司债券并在主板上市之发行保荐书(上会稿),发行保荐书,2024-01-12,https://data.eastmoney.com/notices/detail/603067/AN202401111617269265.html
603067,振华股份,振华股份:湖北振华化学股份有限公司向不特定对象发行可转换公司债券募集说明书(上会稿),其他,2024-01-12,https://data.eastmoney.com/notices/detail/603067/AN202401111617269266.html
002630,*ST华西,华西能源:关于延期回复深圳证券交易所并购重组问询函的公告,延期回复问询函公告,2024-01-12,https://data.eastmoney.com/notices/detail/002630/AN202401111617268832.html
002626,金达威,金达威:关于全资子公司发生安全事故的公告,其他,2024-01-12,https://data.eastmoney.com/notices/detail/002626/AN202401111617268635.html
688016,心脉医疗,心脉医疗:防范大股东及其关联方资金占用制度(2024年1月修订),管理办法/制度,2024-01-12,https://data.eastmoney.com/notices/detail/688016/AN202401111617268521.html
688016,心脉医疗,心脉医疗:融资与对外担保制度(2024年1月修订),管理办法/制度,2024-01-12,https://data.eastmoney.com/notices/detail/688016/AN202401111617268530.html
688016,心脉医疗,心脉医疗:募集资金管理制度(2024年1月修订),管理办法/制度,2024-01-12,https://data.eastmoney.com/notices/detail/688016/AN202401111617268524.html
688016,心脉医疗,心脉医疗:累积投票制度实施细则(2024年1月修订),议事规则/实施细则,2024-01-12,https://data.eastmoney.com/notices/detail/688016/AN202401111617268522.html
688016,心脉医疗,心脉医疗:信息披露事务管理制度(2024年1月修订),管理办法/制度,2024-01-12,https://data.eastmoney.com/notices/detail/688016/AN202401111617268523.html
688016,心脉医疗,心脉医疗:董事会议事规则(2024年1月修订),议事规则/实施细则,2024-01-12,https://data.eastmoney.com/notices/detail/688016/AN202401111617268526.html
688016,心脉医疗,心脉医疗:关联交易管理制度(2024年1月修订),管理办法/制度,2024-01-12,https://data.eastmoney.com/notices/detail/688016/AN202401111617268531.html
688016,心脉医疗,心脉医疗:独立董事工作制度(2024年1月修订),管理办法/制度,2024-01-12,https://data.eastmoney.com/notices/detail/688016/AN202401111617268532.html
688016,心脉医疗,心脉医疗:关于变更公司注册资本、经营范围的公告,公司经营范围变更,2024-01-12,https://data.eastmoney.com/notices/detail/688016/AN202401111617268533.html
688016,心脉医疗,心脉医疗:关于修订《公司章程》及部分制度的公告,公司章程修订,2024-01-12,https://data.eastmoney.com/notices/detail/688016/AN202401111617268527.html
688016,心脉医疗,心脉医疗:公司章程(2024年1月修订),公司章程修订,2024-01-12,https://data.eastmoney.com/notices/detail/688016/AN202401111617268528.html
688016,心脉医疗,心脉医疗:股东大会议事规则(2024年1月修订),议事规则/实施细则,2024-01-12,https://data.eastmoney.com/notices/detail/688016/AN202401111617268525.html
688016,心脉医疗,心脉医疗:关于补选非独立董事及董事会专门委员会委员的公告,高管人员任职变动,2024-01-12,https://data.eastmoney.com/notices/detail/688016/AN202401111617268519.html
688016,心脉医疗,心脉医疗:独立董事关于第二届董事会第二十三次会议相关事项的独立意见,专项说明/独立意见,2024-01-12,https://data.eastmoney.com/notices/detail/688016/AN202401111617268520.html
688016,心脉医疗,心脉医疗:关于开立募集资金专项账户并签署募集资金三方监管协议的公告,签订协议,2024-01-12,https://data.eastmoney.com/notices/detail/688016/AN202401111617268529.html
300331,苏大维格,苏大维格:公司章程(2024年1月),公司章程,2024-01-12,https://data.eastmoney.com/notices/detail/300331/AN202401111617267393.html
000590,古汉医药,启迪药业:2024年第一次临时股东大会会议资料,股东大会资料,2024-01-12,https://data.eastmoney.com/notices/detail/000590/AN202401111617267389.html
000590,古汉医药,启迪药业:关于召开2024年第一次临时股东大会的通知,召开股东大会通知,2024-01-12,https://data.eastmoney.com/notices/detail/000590/AN202401111617267390.html
000590,古汉医药,启迪药业:2024-002关于收购武汉名实药业股份有限公司55%股权的公告,收购出售资产/股权,2024-01-12,https://data.eastmoney.com/notices/detail/000590/AN202401111617267395.html
000590,古汉医药,启迪药业:关于全资子公司投资建设工业旅游景区项目的公告,其他,2024-01-12,https://data.eastmoney.com/notices/detail/000590/AN202401111617267396.html
300331,苏大维格,苏大维格:关联交易管理制度(2024年1月),管理办法/制度,2024-01-12,https://data.eastmoney.com/notices/detail/300331/AN202401111617267387.html
300331,苏大维格,苏大维格:第五届监事会第二十次会议决议公告,监事会决议公告,2024-01-12,https://data.eastmoney.com/notices/detail/300331/AN202401111617267394.html
300331,苏大维格,苏大维格:董事会审计委员会工作细则(2024年1月),议事规则/实施细则,2024-01-12,https://data.eastmoney.com/notices/detail/300331/AN202401111617267388.html
300331,苏大维格,苏大维格:关于修订《公司章程》及相关制度的公告,公司章程修订,2024-01-12,https://data.eastmoney.com/notices/detail/300331/AN202401111617267392.html
300331,苏大维格,苏大维格:董事会议事规则(2024年1月),议事规则/实施细则,2024-01-12,https://data.eastmoney.com/notices/detail/300331/AN202401111617267391.html
300331,苏大维格,苏大维格:董事会提名委员会工作细则(2024年1月),议事规则/实施细则,2024-01-12,https://data.eastmoney.com/notices/detail/300331/AN202401111617267378.html
300331,苏大维格,苏大维格:关于召开2024年第一次临时股东大会的通知,召开股东大会通知,2024-01-12,https://data.eastmoney.com/notices/detail/300331/AN202401111617267381.html
300331,苏大维格,苏大维格:董事会薪酬与考核委员会工作细则(2024年1月),议事规则/实施细则,2024-01-12,https://data.eastmoney.com/notices/detail/300331/AN202401111617267377.html
300331,苏大维格,苏大维格:第五届董事会第二十四次会议决议公告,董事会决议公告,2024-01-12,https://data.eastmoney.com/notices/detail/300331/AN202401111617267382.html
300331,苏大维格,苏大维格:独立董事制度(2024年1月),管理办法/制度,2024-01-12,https://data.eastmoney.com/notices/detail/300331/AN202401111617267383.html
002610,ST爱康,爱康科技:北京市中伦(南京)律师事务所关于浙江爱康新能源科技股份有限公司2024年第二次临时股东大会的法律意见书,法律意见书,2024-01-12,https://data.eastmoney.com/notices/detail/002610/AN202401111617267357.html
002610,ST爱康,爱康科技:2024年第二次临时股东大会决议公告,股东大会决议公告,2024-01-12,https://data.eastmoney.com/notices/detail/002610/AN202401111617267360.html
000590,古汉医药,启迪药业:关于为全资子公司向银行申请授信额度提供担保的公告,提供/对外担保公告,2024-01-12,https://data.eastmoney.com/notices/detail/000590/AN202401111617267367.html
000590,古汉医药,启迪药业:关于增加启迪化工科技园项目投资的公告,对外项目投资,2024-01-12,https://data.eastmoney.com/notices/detail/000590/AN202401111617267361.html
000590,古汉医药,启迪药业:第十届董事会临时会议决议公告,高管人员任职变动,2024-01-12,https://data.eastmoney.com/notices/detail/000590/AN202401111617267366.html
300331,苏大维格,苏大维格:董事会战略委员会工作细则(2024年1月),议事规则/实施细则,2024-01-12,https://data.eastmoney.com/notices/detail/300331/AN202401111617267363.html
002180,奔图科技,纳思达:2024年股票期权激励计划激励对象名单,股权激励对象名单,2024-01-12,https://data.eastmoney.com/notices/detail/002180/AN202401111617267362.html
002180,奔图科技,纳思达:北京市金杜(广州)律师事务所关于纳思达股份有限公司2024年股票期权激励计划的法律意见书,法律意见书,2024-01-12,https://data.eastmoney.com/notices/detail/002180/AN202401111617267370.html
002180,奔图科技,纳思达:2024年股票期权激励计划自查表,股权激励计划,2024-01-12,https://data.eastmoney.com/notices/detail/002180/AN202401111617267359.html
002180,奔图科技,纳思达:2024年股票期权激励计划(草案)摘要,股权激励计划摘要,2024-01-12,https://data.eastmoney.com/notices/detail/002180/AN202401111617267358.html
002180,奔图科技,纳思达:独立董事公开征集委托投票权报告书,其他,2024-01-12,https://data.eastmoney.com/notices/detail/002180/AN202401111617267368.html
002180,奔图科技,纳思达:2024年股票期权激励计划(草案),股权激励计划,2024-01-12,https://data.eastmoney.com/notices/detail/002180/AN202401111617267266.html
002180,奔图科技,纳思达:2024年股票期权激励计划实施考核管理办法,管理办法/制度,2024-01-12,https://data.eastmoney.com/notices/detail/002180/AN202401111617267265.html
301577,美信科技,美信科技:首次公开发行股票并在创业板上市投资风险特别公告,首发投资风险特别公告,2024-01-12,https://data.eastmoney.com/notices/detail/301577/AN202401111617267245.html
301577,美信科技,美信科技:首次公开发行股票并在创业板上市发行公告,网下发行公告,2024-01-12,https://data.eastmoney.com/notices/detail/301577/AN202401111617267246.html
601828,美凯龙,美凯龙:关于持股5%以上股东股份被冻结、轮候冻结、标记的公告,股份质押、冻结,2024-01-12,https://data.eastmoney.com/notices/detail/601828/AN202401111617267209.html
601828,美凯龙,美凯龙:关于持股5%以上股东及其一致行动人减持股份计划提前终止的公告,股东/实际控制人股份减持,2024-01-12,https://data.eastmoney.com/notices/detail/601828/AN202401111617267211.html
601828,美凯龙,美凯龙:关于股东存续分立协议转让公司股份事项完成过户登记的公告,股权转让,2024-01-12,https://data.eastmoney.com/notices/detail/601828/AN202401111617267210.html
000513,丽珠集团,丽珠集团:H股公告:翌日披露报表,其他,2024-01-12,https://data.eastmoney.com/notices/detail/000513/AN202401111617267176.html
688668,鼎通科技,鼎通科技:关于签署募集资金专户存储四方监管协议的公告,签订协议,2024-01-12,https://data.eastmoney.com/notices/detail/688668/AN202401111617267154.html
688533,上声电子,上声电子:苏州上声电子股份有限公司2024年第一次临时股东大会会议资料,股东大会资料,2024-01-12,https://data.eastmoney.com/notices/detail/688533/AN202401111617267153.html
688510,航亚科技,航亚科技:光大证券股份有限公司关于无锡航亚科技股份有限公司2023年持续督导工作现场检查报告,保荐/核查意见,2024-01-12,https://data.eastmoney.com/notices/detail/688510/AN202401111617267136.html
688510,航亚科技,航亚科技:华泰联合证券有限责任公司关于无锡航亚科技股份有限公司2023年持续督导工作现场检查报告,保荐/核查意见,2024-01-12,https://data.eastmoney.com/notices/detail/688510/AN202401111617267135.html
601963,重庆银行,重庆银行:关于董事长辞任的公告,高管人员任职变动,2024-01-12,https://data.eastmoney.com/notices/detail/601963/AN202401111617266923.html
601963,重庆银行,重庆银行:第六届董事会第八十二次会议决议公告,高管人员任职变动,2024-01-12,https://data.eastmoney.com/notices/detail/601963/AN202401111617266921.html
601963,重庆银行,重庆银行:独立董事对第六届董事会第八十二次会议相关事项的独立意见,专项说明/独立意见,2024-01-12,https://data.eastmoney.com/notices/detail/601963/AN202401111617266922.html
301331,恩威医药,恩威医药:独立董事候选人声明与承诺(刘娅),独立董事候选人声明,2024-01-12,https://data.eastmoney.com/notices/detail/301331/AN202401111617266920.html
301331,恩威医药,恩威医药:战略与发展委员会工作制度,管理办法/制度,2024-01-12,https://data.eastmoney.com/notices/detail/301331/AN202401111617266933.html
301331,恩威医药,恩威医药:独立董事候选人声明与承诺(彭刚),独立董事候选人声明,2024-01-12,https://data.eastmoney.com/notices/detail/301331/AN202401111617266932.html
301331,恩威医药,恩威医药:提名与薪酬委员会工作制度,管理办法/制度,2024-01-12,https://data.eastmoney.com/notices/detail/301331/AN202401111617266931.html
301331,恩威医药,恩威医药:审计委员会工作制度,管理办法/制度,2024-01-12,https://data.eastmoney.com/notices/detail/301331/AN202401111617266927.html
301331,恩威医药,恩威医药:独立董事候选人声明与承诺(黎春),独立董事候选人声明,2024-01-12,https://data.eastmoney.com/notices/detail/301331/AN202401111617266919.html
301331,恩威医药,恩威医药:独立董事工作制度,管理办法/制度,2024-01-12,https://data.eastmoney.com/notices/detail/301331/AN202401111617266918.html
301331,恩威医药,恩威医药:独立董事提名人声明与承诺(刘娅),独立董事提名人声明,2024-01-12,https://data.eastmoney.com/notices/detail/301331/AN202401111617266925.html
301331,恩威医药,恩威医药:独立董事提名人声明与承诺(黎春),独立董事提名人声明,2024-01-12,https://data.eastmoney.com/notices/detail/301331/AN202401111617266930.html
301331,恩威医药,恩威医药:关于监事会换届选举的公告,高管人员任职变动,2024-01-12,https://data.eastmoney.com/notices/detail/301331/AN202401111617266917.html
301331,恩威医药,恩威医药:关于选举产生第三届监事会职工代表监事的公告,高管人员任职变动,2024-01-12,https://data.eastmoney.com/notices/detail/301331/AN202401111617266929.html
301331,恩威医药,恩威医药:第二届董事会第十九次会议决议公告,高管人员任职变动,2024-01-12,https://data.eastmoney.com/notices/detail/301331/AN202401111617266926.html
301331,恩威医药,恩威医药:关于召开2024年第一次临时股东大会的通知,召开股东大会通知,2024-01-12,https://data.eastmoney.com/notices/detail/301331/AN202401111617266928.html
301331,恩威医药,恩威医药:第二届监事会第十八次会议决议公告,高管人员任职变动,2024-01-12,https://data.eastmoney.com/notices/detail/301331/AN202401111617266924.html
301418,协昌科技,协昌科技:关于拟变更公司名称的公告,公司名称变更,2024-01-12,https://data.eastmoney.com/notices/detail/301418/AN202401111617266916.html
301331,恩威医药,恩威医药:独立董事提名人声明与承诺(彭刚),独立董事提名人声明,2024-01-12,https://data.eastmoney.com/notices/detail/301331/AN202401111617266883.html
301331,恩威医药,恩威医药:关于董事会换届选举的公告,高管人员任职变动,2024-01-12,https://data.eastmoney.com/notices/detail/301331/AN202401111617266884.html
002180,奔图科技,纳思达:董事会关于中长期事业合伙人计划之第一期员工持股计划(草案)的合规性说明,员工持股计划,2024-01-12,https://data.eastmoney.com/notices/detail/002180/AN202401111617266861.html
002180,奔图科技,纳思达:全面薪酬管理制度,管理办法/制度,2024-01-12,https://data.eastmoney.com/notices/detail/002180/AN202401111617266866.html
002180,奔图科技,纳思达:公司中长期事业合伙人计划之第一期员工持股计划管理办法,员工持股计划,2024-01-12,https://data.eastmoney.com/notices/detail/002180/AN202401111617266860.html
002180,奔图科技,纳思达:公司中长期事业合伙人计划之第一期员工持股计划(草案)摘要,员工持股计划,2024-01-12,https://data.eastmoney.com/notices/detail/002180/AN202401111617266865.html
002180,奔图科技,纳思达:北京市金杜(广州)律师事务所关于纳思达股份有限公司中长期事业合伙人计划之第一期员工持股计划的法律意见书,员工持股计划,2024-01-12,https://data.eastmoney.com/notices/detail/002180/AN202401111617266864.html
002180,奔图科技,纳思达:公司中长期事业合伙人计划,其他,2024-01-12,https://data.eastmoney.com/notices/detail/002180/AN202401111617266859.html
002180,奔图科技,纳思达:职工代表大会关于中长期事业合伙人计划之第一期员工持股计划的决议公告,员工持股计划,2024-01-12,https://data.eastmoney.com/notices/detail/002180/AN202401111617266863.html
002180,奔图科技,纳思达:2024-002第七届董事会第十三次会议决议公告,董事会决议公告,2024-01-12,https://data.eastmoney.com/notices/detail/002180/AN202401111617266858.html
002180,奔图科技,纳思达:2024-007关于召开2024年第一次临时股东大会的通知,召开股东大会通知,2024-01-12,https://data.eastmoney.com/notices/detail/002180/AN202401111617266862.html
002180,奔图科技,纳思达:监事会关于第七届监事会第十二次会议相关事项的核查意见,专项说明/独立意见,2024-01-12,https://data.eastmoney.com/notices/detail/002180/AN202401111617266854.html
002180,奔图科技,纳思达:公司中长期事业合伙人计划之第一期员工持股计划(草案),员工持股计划,2024-01-12,https://data.eastmoney.com/notices/detail/002180/AN202401111617266852.html
002180,奔图科技,纳思达:第七届监事会第十二次会议决议公告,监事会决议公告,2024-01-12,https://data.eastmoney.com/notices/detail/002180/AN202401111617266853.html
300863,卡倍亿,卡倍亿:创业板向不特定对象发行可转换公司债券网上发行中签率及优先配售结果公告,其他,2024-01-12,https://data.eastmoney.com/notices/detail/300863/AN202401111617265960.html
002615,哈尔斯,哈尔斯:关于全资子公司完成工商变更登记的公告,公司关联方基本资料变更,2024-01-12,https://data.eastmoney.com/notices/detail/002615/AN202401111617265948.html
000757,浩物股份,浩物股份:简式权益变动报告书,权益变动报告书,2024-01-12,https://data.eastmoney.com/notices/detail/000757/AN202401111617265895.html
000757,浩物股份,浩物股份:关于持股5%以上股东权益变动的提示性公告,权益变动报告书,2024-01-12,https://data.eastmoney.com/notices/detail/000757/AN202401111617265893.html
300607,拓斯达,拓斯达:关于第四届监事会第八次会议决议的公告,监事会决议公告,2024-01-12,https://data.eastmoney.com/notices/detail/300607/AN202401111617265847.html
300607,拓斯达,拓斯达:关于召开2024年第二次临时股东大会的通知,召开股东大会通知,2024-01-12,https://data.eastmoney.com/notices/detail/300607/AN202401111617265849.html
300607,拓斯达,拓斯达:关于公司对外出租部分闲置房产的公告,其他,2024-01-12,https://data.eastmoney.com/notices/detail/300607/AN202401111617265846.html
300607,拓斯达,拓斯达:中天国富证券关于广东拓斯达为控股子公司提供财务资助的核查意见,保荐/核查意见,2024-01-12,https://data.eastmoney.com/notices/detail/300607/AN202401111617265850.html
300607,拓斯达,拓斯达:关于为控股子公司提供财务资助的公告,获得补贴（资助）,2024-01-12,https://data.eastmoney.com/notices/detail/300607/AN202401111617265851.html
300607,拓斯达,拓斯达:关于为全资子公司提供预计担保额度的公告,提供/对外担保公告,2024-01-12,https://data.eastmoney.com/notices/detail/300607/AN202401111617265852.html
300607,拓斯达,拓斯达:关于第四届董事会第八次会议决议的公告,董事会决议公告,2024-01-12,https://data.eastmoney.com/notices/detail/300607/AN202401111617265845.html
300607,拓斯达,拓斯达:对外提供财务资助管理制度,管理办法/制度,2024-01-12,https://data.eastmoney.com/notices/detail/300607/AN202401111617265826.html
300607,拓斯达,拓斯达:中天国富证券关于广东拓斯达为全资子公司提供预计担保额度的核查意见,保荐/核查意见,2024-01-12,https://data.eastmoney.com/notices/detail/300607/AN202401111617265825.html
000715,中兴商业,中兴商业:股票交易异常波动公告,股票交易异常波动,2024-01-12,https://data.eastmoney.com/notices/detail/000715/AN202401111617265786.html
000025,特力A,特力Ａ:关于控股子公司开展套期保值业务的可行性分析报告,其他,2024-01-12,https://data.eastmoney.com/notices/detail/000025/AN202401111617265776.html
000025,特力A,特力Ａ:十届董事会第十五次临时会议决议公告,董事会决议公告,2024-01-12,https://data.eastmoney.com/notices/detail/000025/AN202401111617265775.html
300772,运达股份,运达股份:第五届董事会第十四次会议决议公告,增发预案,2024-01-12,https://data.eastmoney.com/notices/detail/300772/AN202401111617265795.html
300772,运达股份,运达股份:上海市锦天城律师事务所关于浙江省机电集团有限公司免于发出要约事宜的法律意见书,法律意见书,2024-01-12,https://data.eastmoney.com/notices/detail/300772/AN202401111617265797.html
300772,运达股份,运达股份:监事会关于公司2024年度向特定对象发行股票相关事项的书面审核意见,专项说明/独立意见,2024-01-12,https://data.eastmoney.com/notices/detail/300772/AN202401111617265783.html
300772,运达股份,运达股份:独立董事关于2024年度向特定对象发行股票方案的论证分析报告的专项意见,专项说明/独立意见,2024-01-12,https://data.eastmoney.com/notices/detail/300772/AN202401111617265796.html
300772,运达股份,运达股份:关于向特定对象发行股票导致股东权益变动的提示性公告,权益变动报告书,2024-01-12,https://data.eastmoney.com/notices/detail/300772/AN202401111617265792.html
300772,运达股份,运达股份:2024年度向特定对象发行股票预案,增发预案,2024-01-12,https://data.eastmoney.com/notices/detail/300772/AN202401111617265781.html
300772,运达股份,运达股份:财通证券股份有限公司关于运达能源科技集团股份有限公司2024年度向特定对象发行股票涉及关联交易事项的核查意见,保荐/核查意见,2024-01-12,https://data.eastmoney.com/notices/detail/300772/AN202401111617265782.html
300772,运达股份,运达股份:关于最近五年不存在被证券监管部门和交易所采取监管措施或处罚情况的公告,处罚,2024-01-12,https://data.eastmoney.com/notices/detail/300772/AN202401111617265791.html
300772,运达股份,运达股份:财通证券股份有限公司关于运达股份2023年度持续督导定期现场检查报告,保荐/核查意见,2024-01-12,https://data.eastmoney.com/notices/detail/300772/AN202401111617265788.html
300772,运达股份,运达股份:关于提请股东大会批准认购对象免于发出要约的公告,其他,2024-01-12,https://data.eastmoney.com/notices/detail/300772/AN202401111617265779.html
300772,运达股份,运达股份:关于高级管理人员辞职暨指定副总经理代行董事会秘书职责的公告,高管人员任职变动,2024-01-12,https://data.eastmoney.com/notices/detail/300772/AN202401111617265780.html
300772,运达股份,运达股份:财通证券股份有限公司关于运达股份2023年度持续督导的培训情况报告,保荐/核查意见,2024-01-12,https://data.eastmoney.com/notices/detail/300772/AN202401111617265790.html
300772,运达股份,运达股份:第五届监事会第十次会议决议公告,监事会决议公告,2024-01-12,https://data.eastmoney.com/notices/detail/300772/AN202401111617265793.html
300772,运达股份,运达股份:2024年度向特定对象发行股票方案的论证分析报告,其他,2024-01-12,https://data.eastmoney.com/notices/detail/300772/AN202401111617265789.html
300772,运达股份,运达股份:前次募集资金使用情况鉴证报告,保荐/核查意见,2024-01-12,https://data.eastmoney.com/notices/detail/300772/AN202401111617265794.html
300772,运达股份,运达股份:关于认购对象出具特定期间不存在减持情况或减持计划的公告,股东/实际控制人股份减持,2024-01-12,https://data.eastmoney.com/notices/detail/300772/AN202401111617265778.html
300772,运达股份,运达股份:关于2024年度向特定对象发行股票摊薄即期回报及填补措施和相关主体承诺的公告,其他,2024-01-12,https://data.eastmoney.com/notices/detail/300772/AN202401111617265787.html
300772,运达股份,运达股份:关于2024年度向特定对象发行股票预案披露的提示性公告,增发提示性公告,2024-01-12,https://data.eastmoney.com/notices/detail/300772/AN202401111617265777.html
688279,峰岹科技,峰岹科技:关于使用超募资金以集中竞价交易方式回购公司股份方案的公告,回购预案,2024-01-12,https://data.eastmoney.com/notices/detail/688279/AN202401111617265636.html
688279,峰岹科技,峰岹科技:关于调整第二届董事会审计委员会委员的公告,高管人员任职变动,2024-01-12,https://data.eastmoney.com/notices/detail/688279/AN202401111617265638.html
688279,峰岹科技,峰岹科技:海通证券股份有限公司关于峰岹科技(深圳)股份有限公司使用部分超募资金以集中竞价交易方式回购公司股份的核查意见,保荐/核查意见,2024-01-12,https://data.eastmoney.com/notices/detail/688279/AN202401111617265635.html
688279,峰岹科技,峰岹科技:第二届董事会第五次会议决议公告,高管人员任职变动,2024-01-12,https://data.eastmoney.com/notices/detail/688279/AN202401111617265637.html
688279,峰岹科技,峰岹科技:第二届监事会第五次会议决议公告,监事会决议公告,2024-01-12,https://data.eastmoney.com/notices/detail/688279/AN202401111617265639.html
688279,峰岹科技,峰岹科技:独立董事关于第二届董事会第五次会议相关事项的独立意见,专项说明/独立意见,2024-01-12,https://data.eastmoney.com/notices/detail/688279/AN202401111617265640.html
300772,运达股份,运达股份:前次募集资金使用情况报告,募集资金使用情况报告,2024-01-12,https://data.eastmoney.com/notices/detail/300772/AN202401111617265632.html
300772,运达股份,运达股份:关于与特定对象签订附条件生效的股份认购协议暨关联交易的公告,签订协议,2024-01-12,https://data.eastmoney.com/notices/detail/300772/AN202401111617265631.html
300772,运达股份,运达股份:关于本次向特定对象发行股票不存在直接或通过利益相关方向参与认购的投资者提供财务资助或补偿的公告,获得补贴（资助）,2024-01-12,https://data.eastmoney.com/notices/detail/300772/AN202401111617265633.html
300772,运达股份,运达股份:2024年度向特定对象发行股票募集资金使用可行性分析报告,其他,2024-01-12,https://data.eastmoney.com/notices/detail/300772/AN202401111617265630.html
300772,运达股份,运达股份:关于召开2024年第一次临时股东大会的通知,召开股东大会通知,2024-01-12,https://data.eastmoney.com/notices/detail/300772/AN202401111617265629.html
000025,特力A,特力Ａ:关于控股子公司开展套期保值业务的公告,其他,2024-01-12,https://data.eastmoney.com/notices/detail/000025/AN202401111617265628.html
002179,中航光电,中航光电:中信证券股份有限公司、中航证券有限公司关于中航光电科技股份有限公司2023年度持续督导现场检查报告,保荐/核查意见,2024-01-12,https://data.eastmoney.com/notices/detail/002179/AN202401111617265601.html
002179,中航光电,中航光电:中信证券股份有限公司、中航证券有限公司关于中航光电科技股份有限公司2023年度持续督导培训情况的报告,保荐/核查意见,2024-01-12,https://data.eastmoney.com/notices/detail/002179/AN202401111617265599.html
688361,中科飞测,中科飞测:深圳中科飞测科技股份有限公司2023年年度业绩预告,业绩预告,2024-01-12,https://data.eastmoney.com/notices/detail/688361/AN202401111617265454.html
688326,经纬恒润,经纬恒润:关于对外投资进展的公告,对外项目投资,2024-01-12,https://data.eastmoney.com/notices/detail/688326/AN202401111617265308.html
688326,经纬恒润,经纬恒润:关于以集中竞价交易方式首次回购公司股份的公告,回购进展情况,2024-01-12,https://data.eastmoney.com/notices/detail/688326/AN202401111617265295.html
688326,经纬恒润,经纬恒润:关于回购股份事项前十名股东和前十名无限售条件股东持股情况的公告,回购进展情况,2024-01-12,https://data.eastmoney.com/notices/detail/688326/AN202401111617265309.html
601899,紫金矿业,紫金矿业:紫金矿业集团股份有限公司关于与Solaris签署股份认购协议的公告,签订协议,2024-01-12,https://data.eastmoney.com/notices/detail/601899/AN202401111617264664.html
600941,中国移动,中国移动:关于执行董事兼首席执行官辞任的公告,高管人员任职变动,2024-01-12,https://data.eastmoney.com/notices/detail/600941/AN202401111617264605.html
600941,中国移动,中国移动:董事名单与其角色和职能,其他,2024-01-12,https://data.eastmoney.com/notices/detail/600941/AN202401111617264595.html
600826,兰生股份,兰生股份:东浩兰生会展集团股份有限公司2023年度业绩预增公告,业绩预告,2024-01-12,https://data.eastmoney.com/notices/detail/600826/AN202401111617264586.html
002572,索菲亚,索菲亚:董事会议事规则(2024年1月草案),议事规则/实施细则,2024-01-12,https://data.eastmoney.com/notices/detail/002572/AN202401111617264534.html
002572,索菲亚,索菲亚:索菲亚家居股份有限公司章程(2024年1月草案),公司章程,2024-01-12,https://data.eastmoney.com/notices/detail/002572/AN202401111617264541.html
002572,索菲亚,索菲亚:董事会审计委员会工作细则(2024年1月),议事规则/实施细则,2024-01-12,https://data.eastmoney.com/notices/detail/002572/AN202401111617264542.html
002572,索菲亚,索菲亚:独立董事制度(2024年1月草案),其他,2024-01-12,https://data.eastmoney.com/notices/detail/002572/AN202401111617264540.html
002572,索菲亚,索菲亚:关于回购部分社会公众股份方案的公告,回购预案,2024-01-12,https://data.eastmoney.com/notices/detail/002572/AN202401111617264533.html
002572,索菲亚,索菲亚:股东大会议事规则(2024年1月草案),议事规则/实施细则,2024-01-12,https://data.eastmoney.com/notices/detail/002572/AN202401111617264539.html
002572,索菲亚,索菲亚:监事会议事规则(2024年1月草案),议事规则/实施细则,2024-01-12,https://data.eastmoney.com/notices/detail/002572/AN202401111617264532.html
002572,索菲亚,索菲亚:关于收到股东提议回购部分社会公众股份的函的公告,其他,2024-01-12,https://data.eastmoney.com/notices/detail/002572/AN202401111617264537.html
002572,索菲亚,索菲亚:第五届董事会第二十二次会议决议公告,董事会决议公告,2024-01-12,https://data.eastmoney.com/notices/detail/002572/AN202401111617264538.html
002572,索菲亚,索菲亚:第五届监事会第十九次会议决议公告,监事会决议公告,2024-01-12,https://data.eastmoney.com/notices/detail/002572/AN202401111617264531.html
002572,索菲亚,索菲亚:关于召开2024年第一次临时股东大会的通知,召开股东大会通知,2024-01-12,https://data.eastmoney.com/notices/detail/002572/AN202401111617264530.html
002671,龙泉股份,龙泉股份:关于项目未中标的公告,重大合同,2024-01-12,https://data.eastmoney.com/notices/detail/002671/AN202401111617264449.html
300520,科大国创,科大国创:国元证券股份有限公司关于公司2023年度持续督导培训情况的报告,保荐/核查意见,2024-01-12,https://data.eastmoney.com/notices/detail/300520/AN202401111617264148.html
603375,盛景微,盛景微:盛景微首次公开发行股票并在主板上市发行公告,网下发行公告,2024-01-12,https://data.eastmoney.com/notices/detail/603375/AN202401111617263995.html
603375,盛景微,盛景微:上海汉盛律师事务所关于无锡盛景微电子股份有限公司首次公开发行股票并在主板上市战略配售合规性的法律意见书,法律意见书,2024-01-12,https://data.eastmoney.com/notices/detail/603375/AN202401111617263997.html
603375,盛景微,盛景微:光大证券股份有限公司关于无锡盛景微电子股份有限公司首次公开发行股票并在主板上市参与战略配售的投资者核查的专项核查报告,保荐/核查意见,2024-01-12,https://data.eastmoney.com/notices/detail/603375/AN202401111617263996.html
603375,盛景微,盛景微:盛景微首次公开发行股票并在主板上市投资风险特别公告,首发投资风险特别公告,2024-01-12,https://data.eastmoney.com/notices/detail/603375/AN202401111617263982.html
000836,ST富通,富通信息:2024年第一次临时股东大会法律意见书,法律意见书,2024-01-12,https://data.eastmoney.com/notices/detail/000836/AN202401111617263918.html
000836,ST富通,富通信息:《公司章程》(2024年1月),公司章程,2024-01-12,https://data.eastmoney.com/notices/detail/000836/AN202401111617263916.html
000836,ST富通,富通信息:2024年第一次临时股东大会决议公告,股东大会决议公告,2024-01-12,https://data.eastmoney.com/notices/detail/000836/AN202401111617263917.html
002327,富安娜,富安娜:关于深圳市富安娜家居用品股份有限公司2024年第一次临时股东大会的法律意见书,法律意见书,2024-01-12,https://data.eastmoney.com/notices/detail/002327/AN202401111617263915.html
002327,富安娜,富安娜:2024年第一次临时股东大会决议公告,股东大会决议公告,2024-01-12,https://data.eastmoney.com/notices/detail/002327/AN202401111617263914.html
300360,炬华科技,炬华科技:关于公司向全资子公司划转电能计量箱业务相关资产的公告,其他,2024-01-12,https://data.eastmoney.com/notices/detail/300360/AN202401111617263921.html
300360,炬华科技,炬华科技:第五届监事会第六次会议决议公告,监事会决议公告,2024-01-12,https://data.eastmoney.com/notices/detail/300360/AN202401111617263930.html
300360,炬华科技,炬华科技:第五届董事会第七次会议决议公告,董事会决议公告,2024-01-12,https://data.eastmoney.com/notices/detail/300360/AN202401111617263920.html
300360,炬华科技,炬华科技:公司章程(2024年1月),公司章程,2024-01-12,https://data.eastmoney.com/notices/detail/300360/AN202401111617263919.html
300360,炬华科技,炬华科技:关于变更公司注册资本及修订《公司章程》并办理工商变更登记的公告,公司注册资本变更,2024-01-12,https://data.eastmoney.com/notices/detail/300360/AN202401111617263929.html
002800,天顺股份,ST天顺:对外担保进展公告,提供/对外担保公告,2024-01-12,https://data.eastmoney.com/notices/detail/002800/AN202401111617263908.html
300360,炬华科技,炬华科技:关于召开2024年第一次临时股东大会的通知,召开股东大会通知,2024-01-12,https://data.eastmoney.com/notices/detail/300360/AN202401111617263909.html
600185,珠免集团,格力地产:董事会决议公告,高管人员任职变动,2024-01-12,https://data.eastmoney.com/notices/detail/600185/AN202401111617263900.html
600185,珠免集团,格力地产:关于公司全资子公司协议转让其参股企业5%股份公开征集结果及签订交易相关协议的公告,其他,2024-01-12,https://data.eastmoney.com/notices/detail/600185/AN202401111617263901.html
688508,芯朋微,芯朋微:第五届董事会第一次会议决议公告,高管人员任职变动,2024-01-12,https://data.eastmoney.com/notices/detail/688508/AN202401111617263894.html
688508,芯朋微,芯朋微:独立董事关于第五届董事会第一次会议相关事项的独立意见,专项说明/独立意见,2024-01-12,https://data.eastmoney.com/notices/detail/688508/AN202401111617263895.html
688508,芯朋微,芯朋微:第五届监事会第一次会议决议公告,高管人员任职变动,2024-01-12,https://data.eastmoney.com/notices/detail/688508/AN202401111617263891.html
688508,芯朋微,芯朋微:关于选举董事长、董事会专门委员会委员、监事会主席及聘任高级管理人员、内部审计负责人及证券事务代表的公告,高管人员任职变动,2024-01-12,https://data.eastmoney.com/notices/detail/688508/AN202401111617263893.html
688508,芯朋微,芯朋微:2024年第一次临时股东大会决议公告,股东大会决议公告,2024-01-12,https://data.eastmoney.com/notices/detail/688508/AN202401111617263890.html
688508,芯朋微,芯朋微:德恒上海律师事务所关于2024年第一次临时股东大会之见证意见,法律意见书,2024-01-12,https://data.eastmoney.com/notices/detail/688508/AN202401111617263892.html
002138,顺络电子,顺络电子:关于为控股公司提供担保的进展情况公告,提供/对外担保公告,2024-01-12,https://data.eastmoney.com/notices/detail/002138/AN202401111617263881.html
002708,光洋股份,光洋股份:股票交易异常波动公告,股票交易异常波动,2024-01-12,https://data.eastmoney.com/notices/detail/002708/AN202401111617263863.html
688203,海正生材,海正生材:浙江海正生物材料股份有限公司关于开展外汇套期保值业务的公告,其他,2024-01-12,https://data.eastmoney.com/notices/detail/688203/AN202401111617263855.html
688203,海正生材,海正生材:中信建投证券股份有限公司关于浙江海正生物材料股份有限公司开展外汇套期保值业务的核查意见,保荐/核查意见,2024-01-12,https://data.eastmoney.com/notices/detail/688203/AN202401111617263854.html
688203,海正生材,海正生材:浙江海正生物材料股份有限公司第七届监事会第三次会议决议公告,监事会决议公告,2024-01-12,https://data.eastmoney.com/notices/detail/688203/AN202401111617263853.html
002973,侨银股份,侨银股份:关于近期收到两份中标通知书的公告,重大合同,2024-01-12,https://data.eastmoney.com/notices/detail/002973/AN202401111617263811.html
000912,泸天化,泸天化:关于公司独立董事辞职的公告,高管人员任职变动,2024-01-12,https://data.eastmoney.com/notices/detail/000912/AN202401111617263810.html
001227,兰州银行,兰州银行:兰州银行股份有限公司关于股东股份被司法冻结的公告,股份质押、冻结,2024-01-12,https://data.eastmoney.com/notices/detail/001227/AN202401111617263809.html
002921,联诚精密,联诚精密:关于提前归还部分用于暂时补充流动资金的募集资金的公告,归还募集资金,2024-01-12,https://data.eastmoney.com/notices/detail/002921/AN202401111617263821.html
688800,瑞可达,瑞可达:关于2024年度向银行申请综合授信额度的公告,借贷,2024-01-12,https://data.eastmoney.com/notices/detail/688800/AN202401111617263820.html
688800,瑞可达,瑞可达:关于为合并报表范围内子公司提供担保的公告,提供/对外担保公告,2024-01-12,https://data.eastmoney.com/notices/detail/688800/AN202401111617263818.html
688800,瑞可达,瑞可达:独立董事关于第四届董事会第十次会议相关事项的独立意见,专项说明/独立意见,2024-01-12,https://data.eastmoney.com/notices/detail/688800/AN202401111617263819.html
688800,瑞可达,瑞可达:第四届董事会第十次会议决议公告,董事会决议公告,2024-01-12,https://data.eastmoney.com/notices/detail/688800/AN202401111617263808.html
688800,瑞可达,瑞可达:东吴证券股份有限公司关于苏州瑞可达连接系统股份有限公司为合并报表范围内子公司提供担保的核查意见,保荐/核查意见,2024-01-12,https://data.eastmoney.com/notices/detail/688800/AN202401111617263817.html
688800,瑞可达,瑞可达:东吴证券股份有限公司关于苏州瑞可达连接系统股份有限公司部分募投项目延期的核查意见,保荐/核查意见,2024-01-12,https://data.eastmoney.com/notices/detail/688800/AN202401111617263807.html
688800,瑞可达,瑞可达:第四届监事会第十次会议决议公告,监事会决议公告,2024-01-12,https://data.eastmoney.com/notices/detail/688800/AN202401111617263816.html
688800,瑞可达,瑞可达:关于公司向银行申请并购贷款的公告,借贷,2024-01-12,https://data.eastmoney.com/notices/detail/688800/AN202401111617263815.html
688800,瑞可达,瑞可达:关于部分募投项目延期的公告,其他,2024-01-12,https://data.eastmoney.com/notices/detail/688800/AN202401111617263806.html
688800,瑞可达,瑞可达:关于召开2024年第一次临时股东大会的通知,召开股东大会通知,2024-01-12,https://data.eastmoney.com/notices/detail/688800/AN202401111617263805.html
300351,永贵电器,永贵电器:关于公司及控股子公司近期签订合同、收到中标通知书的公告,重大合同,2024-01-12,https://data.eastmoney.com/notices/detail/300351/AN202401111617263812.html
600649,城投控股,城投控股:上海城投控股股份有限公司第十一届董事会第七次会议决议公告,董事会决议公告,2024-01-12,https://data.eastmoney.com/notices/detail/600649/AN202401111617263796.html
002973,侨银股份,侨银股份:中信证券股份有限公司关于侨银城市管理股份有限公司2023年度持续督导培训情况的报告,保荐/核查意见,2024-01-12,https://data.eastmoney.com/notices/detail/002973/AN202401111617263779.html
688711,宏微科技,宏微科技:江苏宏微科技股份有限公司关于董事会提议向下修正“宏微转债”转股价格的公告,其他,2024-01-12,https://data.eastmoney.com/notices/detail/688711/AN202401111617263778.html
688711,宏微科技,宏微科技:江苏宏微科技股份有限公司关于可转债投资者适当性要求的风险提示性公告,风险提示性公告,2024-01-12,https://data.eastmoney.com/notices/detail/688711/AN202401111617263777.html
688711,宏微科技,宏微科技:江苏宏微科技股份有限公司关于召开2024年第一次临时股东大会的通知,召开股东大会通知,2024-01-12,https://data.eastmoney.com/notices/detail/688711/AN202401111617263770.html
002745,木林森,木林森:上海市锦天城(深圳)律师事务所关于木林森股份有限公司2024年第一次临时股东大会法律意见书,法律意见书,2024-01-12,https://data.eastmoney.com/notices/detail/002745/AN202401111617263747.html
000333,美的集团,美的集团:2018年、2019年、2021年、2022年和2023年限制性股票激励计划回购注销的激励对象名单和数量,股权激励对象名单,2024-01-12,https://data.eastmoney.com/notices/detail/000333/AN202401111617263744.html
000333,美的集团,美的集团:关于2024年第一次临时股东大会的通知,召开股东大会通知,2024-01-12,https://data.eastmoney.com/notices/detail/000333/AN202401111617263740.html
000333,美的集团,美的集团:关于对2018年、2019年、2021年、2022年和2023年限制性股票激励计划部分激励股份回购注销的公告,回购实施公告,2024-01-12,https://data.eastmoney.com/notices/detail/000333/AN202401111617263741.html
000333,美的集团,美的集团:关于美的集团回购注销部分限制性股票事宜法律意见书,法律意见书,2024-01-12,https://data.eastmoney.com/notices/detail/000333/AN202401111617263748.html
000333,美的集团,美的集团:关于下属控股子公司开展资产池业务提供担保的公告,提供/对外担保公告,2024-01-12,https://data.eastmoney.com/notices/detail/000333/AN202401111617263749.html
002745,木林森,木林森:2024年第一次临时股东大会决议公告,股东大会决议公告,2024-01-12,https://data.eastmoney.com/notices/detail/002745/AN202401111617263746.html
000333,美的集团,美的集团:第四届监事会第十五次会议决议公告,监事会决议公告,2024-01-12,https://data.eastmoney.com/notices/detail/000333/AN202401111617263742.html
000333,美的集团,美的集团:关于变更回购股份用途并注销的公告,其他,2024-01-12,https://data.eastmoney.com/notices/detail/000333/AN202401111617263743.html
600777,新潮能源,新潮能源:新潮能源关于公司持股5%以上股东所持股份被司法拍卖完成过户暨权益变动的提示性公告,权益变动报告书,2024-01-12,https://data.eastmoney.com/notices/detail/600777/AN202401111617263723.html
600777,新潮能源,新潮能源:山东新潮能源股份有限公司简式权益变动报告书,权益变动报告书,2024-01-12,https://data.eastmoney.com/notices/detail/600777/AN202401111617263724.html
000333,美的集团,美的集团:关于对2018年、2019年、2021年、2022年和2023年限制性股票激励计划部分激励股份回购注销激励对象名单及数量的核查意见,保荐/核查意见,2024-01-12,https://data.eastmoney.com/notices/detail/000333/AN202401111617263733.html
000333,美的集团,美的集团:第四届董事会第二十四次会议决议公告,董事会决议公告,2024-01-12,https://data.eastmoney.com/notices/detail/000333/AN202401111617263732.html
002913,奥士康,奥士康:奥士康科技股份有限公司关于部分董事减持计划期限届满的公告,股东/实际控制人股份减持,2024-01-12,https://data.eastmoney.com/notices/detail/002913/AN202401111617263640.html
000722,湖南发展,湖南发展:关于收购控股股东所持蟒电公司46%股权暨关联交易的进展公告,收购出售资产/股权,2024-01-12,https://data.eastmoney.com/notices/detail/000722/AN202401111617263627.html
600372,中航机载,中航机载:中航机载系统股份有限公司换股吸收合并中航工业机电系统股份有限公司并募集配套资金暨关联交易之部分限售股上市流通的公告,限售股份上市流通,2024-01-12,https://data.eastmoney.com/notices/detail/600372/AN202401111617263629.html
600372,中航机载,中航机载:中航证券有限公司关于中航机载系统股份有限公司换股吸收合并中航工业机电系统股份有限公司并募集配套资金暨关联交易之部分限售股上市流通的核查意见,保荐/核查意见,2024-01-12,https://data.eastmoney.com/notices/detail/600372/AN202401111617263630.html
600372,中航机载,中航机载:中信建投证券股份有限公司关于中航机载系统股份有限公司换股吸收合并中航工业机电系统股份有限公司并募集配套资金暨关联交易之部分限售股上市流通的核查意见,保荐/核查意见,2024-01-12,https://data.eastmoney.com/notices/detail/600372/AN202401111617263628.html
002909,集泰股份,集泰股份:关于全资子公司对外投资的进展公告,其他,2024-01-12,https://data.eastmoney.com/notices/detail/002909/AN202401111617263623.html
600233,圆通速递,圆通速递:圆通速递股份有限公司关于股东权益变动过户完成的公告,权益变动报告书,2024-01-12,https://data.eastmoney.com/notices/detail/600233/AN202401111617263622.html
688403,汇成股份,汇成股份:关于回复上海证券交易所《关于合肥新汇成微电子股份有限公司向不特定对象发行可转换公司债券的审核中心意见落实函》的公告,其他,2024-01-12,https://data.eastmoney.com/notices/detail/688403/AN202401111617263581.html
688403,汇成股份,汇成股份:合肥新汇成微电子股份有限公司向不特定对象发行可转换公司债券募集说明书(上会稿),其他,2024-01-12,https://data.eastmoney.com/notices/detail/688403/AN202401111617263582.html
688403,汇成股份,汇成股份:海通证券股份有限公司关于合肥新汇成微电子股份有限公司向不特定对象发行可转换公司债券之发行保荐书,发行保荐书,2024-01-12,https://data.eastmoney.com/notices/detail/688403/AN202401111617263576.html
688403,汇成股份,汇成股份:海通证券股份有限公司关于合肥新汇成微电子股份有限公司向不特定对象发行可转换公司债券之上市保荐书,上市保荐书,2024-01-12,https://data.eastmoney.com/notices/detail/688403/AN202401111617263577.html
688403,汇成股份,汇成股份:天健会计师事务所(特殊普通合伙)关于合肥新汇成微电子股份有限公司向不特定对象发行可转换公司债券的财务报告及审计报告,审计报告,2024-01-12,https://data.eastmoney.com/notices/detail/688403/AN202401111617263575.html
688403,汇成股份,汇成股份:安徽天禾律师事务所关于合肥新汇成微电子股份有限公司向不特定对象发行可转换公司债券之法律意见书,法律意见书,2024-01-12,https://data.eastmoney.com/notices/detail/688403/AN202401111617263580.html
688403,汇成股份,汇成股份:关于合肥新汇成微电子股份有限公司向不特定对象发行可转换公司债券申请文件的审核问询函回复报告(修订稿),回复问询函公告,2024-01-12,https://data.eastmoney.com/notices/detail/688403/AN202401111617263574.html
688403,汇成股份,汇成股份:天健会计师事务所(特殊普通合伙)关于合肥新汇成微电子股份有限公司向不特定对象发行可转换公司债券申请文件的审核问询函中有关财务事项的说明(修订稿),其他,2024-01-12,https://data.eastmoney.com/notices/detail/688403/AN202401111617263579.html
688403,汇成股份,汇成股份:安徽天禾律师事务所关于合肥新汇成微电子股份有限公司向不特定对象发行可转换公司债券之补充法律意见书(四),法律意见书,2024-01-12,https://data.eastmoney.com/notices/detail/688403/AN202401111617263578.html
688711,宏微科技,宏微科技:江苏宏微科技股份有限公司2024年第一次临时股东大会会议资料,股东大会资料,2024-01-12,https://data.eastmoney.com/notices/detail/688711/AN202401111617263573.html
600759,ST洲际,*ST洲际:洲际油气股份有限公司关于撤销退市风险警示并继续实施其他风险警示暨临时停牌的公告,撤销退市风险警示,2024-01-12,https://data.eastmoney.com/notices/detail/600759/AN202401111617263455.html
600340,*ST华幸,华夏幸福:华夏幸福关于下属公司签署《资产包转让项目合作框架协议》的公告,签订协议,2024-01-12,https://data.eastmoney.com/notices/detail/600340/AN202401111617263456.html
601800,中国交建,中国交建:中国交建关于职工代表监事辞职及补选职工代表监事的公告,高管人员任职变动,2024-01-12,https://data.eastmoney.com/notices/detail/601800/AN202401111617263450.html
300699,光威复材,光威复材:关于首次回购公司股份的公告,回购实施公告,2024-01-12,https://data.eastmoney.com/notices/detail/300699/AN202401111617263453.html
300699,光威复材,光威复材:回购报告书,回购报告书,2024-01-12,https://data.eastmoney.com/notices/detail/300699/AN202401111617263452.html
002179,中航光电,中航光电:关于公司A股限制性股票激励计划(第二期)第三个解锁期解锁股份上市流通的公告,限售股份上市流通,2024-01-12,https://data.eastmoney.com/notices/detail/002179/AN202401111617263406.html
600996,贵广网络,贵广网络:2024年第一次临时股东大会的法律意见,法律意见书,2024-01-12,https://data.eastmoney.com/notices/detail/600996/AN202401111617263392.html
600996,贵广网络,贵广网络:2024年第一次临时股东大会决议公告,股东大会决议公告,2024-01-12,https://data.eastmoney.com/notices/detail/600996/AN202401111617263394.html
603363,傲农生物,傲农生物:福建傲农生物科技集团股份有限公司关于新增涉及诉讼、仲裁事项的公告,诉讼仲裁,2024-01-12,https://data.eastmoney.com/notices/detail/603363/AN202401111617263381.html
603363,傲农生物,傲农生物:福建傲农生物科技集团股份有限公司关于新增部分债务逾期的公告,其他,2024-01-12,https://data.eastmoney.com/notices/detail/603363/AN202401111617263380.html
688031,星环科技,星环科技:第二届董事会独立董事专门会议第一次会议决议,高管人员任职变动,2024-01-12,https://data.eastmoney.com/notices/detail/688031/AN202401111617263369.html
688031,星环科技,星环科技:君合律师事务所上海分所关于星环信息科技(上海)股份有限公司2024年第一次临时股东大会的法律意见书,法律意见书,2024-01-12,https://data.eastmoney.com/notices/detail/688031/AN202401111617263368.html
688031,星环科技,星环科技:关于完成董事会、监事会换届选举及聘任高级管理人员、证券事务代表、内部审计部负责人的公告,高管人员任职变动,2024-01-12,https://data.eastmoney.com/notices/detail/688031/AN202401111617263371.html
688031,星环科技,星环科技:第二届监事会第一次会议决议公告,高管人员任职变动,2024-01-12,https://data.eastmoney.com/notices/detail/688031/AN202401111617263366.html
688031,星环科技,星环科技:2024年第一次临时股东大会决议公告,股东大会决议公告,2024-01-12,https://data.eastmoney.com/notices/detail/688031/AN202401111617263370.html
002236,大华股份,大华股份:关于公司及子公司通过高新技术企业认定的公告,获得认证,2024-01-12,https://data.eastmoney.com/notices/detail/002236/AN202401111617263358.html
002236,大华股份,大华股份:2023年度业绩预告,业绩预告,2024-01-12,https://data.eastmoney.com/notices/detail/002236/AN202401111617263357.html
000584,工智退,ST工智:公司章程(2024年1月),公司章程,2024-01-12,https://data.eastmoney.com/notices/detail/000584/AN202401111617263269.html
601963,重庆银行,重庆银行:H股公告-董事名单与其角色和职能,其他,2024-01-12,https://data.eastmoney.com/notices/detail/601963/AN202401111617263242.html
601963,重庆银行,重庆银行:H股公告-建议委任执行董事,其他,2024-01-12,https://data.eastmoney.com/notices/detail/601963/AN202401111617263251.html
000584,工智退,ST工智:股东大会议事规则(2024年1月),议事规则/实施细则,2024-01-12,https://data.eastmoney.com/notices/detail/000584/AN202401111617263289.html
000584,工智退,ST工智:内幕信息知情人登记管理制度(2024年1月),管理办法/制度,2024-01-12,https://data.eastmoney.com/notices/detail/000584/AN202401111617263266.html
000584,工智退,ST工智:对外担保管理制度(2024年1月),管理办法/制度,2024-01-12,https://data.eastmoney.com/notices/detail/000584/AN202401111617263290.html
000584,工智退,ST工智:募集资金管理制度(2024年1月),管理办法/制度,2024-01-12,https://data.eastmoney.com/notices/detail/000584/AN202401111617263288.html
000584,工智退,ST工智:董事会战略委员会工作细则(2024年1月),议事规则/实施细则,2024-01-12,https://data.eastmoney.com/notices/detail/000584/AN202401111617263256.html
000584,工智退,ST工智:董事会审计委员会工作细则(2024年1月),议事规则/实施细则,2024-01-12,https://data.eastmoney.com/notices/detail/000584/AN202401111617263259.html
000584,工智退,ST工智:投后管理制度(2024年1月),管理办法/制度,2024-01-12,https://data.eastmoney.com/notices/detail/000584/AN202401111617263285.html
000584,工智退,ST工智:独立董事工作制度(2024年1月),管理办法/制度,2024-01-12,https://data.eastmoney.com/notices/detail/000584/AN202401111617263263.html
000584,工智退,ST工智:信息披露管理制度(2024年1月),管理办法/制度,2024-01-12,https://data.eastmoney.com/notices/detail/000584/AN202401111617263265.html
000584,工智退,ST工智:董事会提名委员会工作细则(2024年1月),议事规则/实施细则,2024-01-12,https://data.eastmoney.com/notices/detail/000584/AN202401111617263261.html
000584,工智退,ST工智:对外投资管理制度(2024年1月),管理办法/制度,2024-01-12,https://data.eastmoney.com/notices/detail/000584/AN202401111617263258.html
000584,工智退,ST工智:董事会秘书工作制度(2024年1月),管理办法/制度,2024-01-12,https://data.eastmoney.com/notices/detail/000584/AN202401111617263280.html
000584,工智退,ST工智:董事会议事规则(2024年1月),议事规则/实施细则,2024-01-12,https://data.eastmoney.com/notices/detail/000584/AN202401111617263257.html
000584,工智退,ST工智:总经理工作细则(2024年1月),议事规则/实施细则,2024-01-12,https://data.eastmoney.com/notices/detail/000584/AN202401111617263264.html
000584,工智退,ST工智:关联交易决策制度(2024年1月),管理办法/制度,2024-01-12,https://data.eastmoney.com/notices/detail/000584/AN202401111617263296.html
000584,工智退,ST工智:董事会薪酬与考核委员会工作细则(2024年1月),议事规则/实施细则,2024-01-12,https://data.eastmoney.com/notices/detail/000584/AN202401111617263268.html
000584,工智退,ST工智:第十二届监事会第七次会议决议公告,高管人员任职变动,2024-01-12,https://data.eastmoney.com/notices/detail/000584/AN202401111617263277.html
000584,工智退,ST工智:第十二届董事会第十三次会议决议公告,高管人员任职变动,2024-01-12,https://data.eastmoney.com/notices/detail/000584/AN202401111617263276.html
000584,工智退,ST工智:关于召开2024年第一次临时股东大会的通知,召开股东大会通知,2024-01-12,https://data.eastmoney.com/notices/detail/000584/AN202401111617263291.html
000584,工智退,ST工智:关于补选董事及聘任高级管理人员的公告,高管人员任职变动,2024-01-12,https://data.eastmoney.com/notices/detail/000584/AN202401111617263262.html
002022,科华生物,科华生物:关于公司第一大股东拟协议转让公司部分股份公开征集受让方的结果及与受让方签署《股份转让协议》、《表决权委托协议》暨公司控制权拟发生变更的提示性公告,签订协议,2024-01-12,https://data.eastmoney.com/notices/detail/002022/AN202401111617263270.html
002022,科华生物,科华生物:第九届董事会第七次会议决议公告,董事会决议公告,2024-01-12,https://data.eastmoney.com/notices/detail/002022/AN202401111617263260.html
002022,科华生物,科华生物:关于签署《投资协议书的补充协议》暨关联交易的公告,签订协议,2024-01-12,https://data.eastmoney.com/notices/detail/002022/AN202401111617263273.html
002352,顺丰控股,顺丰控股:关于全资子公司深圳顺丰泰森控股(集团)有限公司向专业投资者公开发行公司债券获得中国证监会同意注册批复的公告,其他,2024-01-12,https://data.eastmoney.com/notices/detail/002352/AN202401111617263294.html
003000,劲仔食品,劲仔食品:关于控股股东部分股份解除质押及延期购回的公告,股份质押、冻结,2024-01-12,https://data.eastmoney.com/notices/detail/003000/AN202401111617263272.html
300432,富临精工,富临精工:北京市康达律师事务所关于富临精工股份有限公司2024年第一次临时股东大会的法律意见书,法律意见书,2024-01-12,https://data.eastmoney.com/notices/detail/300432/AN202401111617263306.html
300432,富临精工,富临精工:关于公司董事辞职暨补选董事的公告,高管人员任职变动,2024-01-12,https://data.eastmoney.com/notices/detail/300432/AN202401111617263304.html
300432,富临精工,富临精工:关于召开2024年第二次临时股东大会的通知,召开股东大会通知,2024-01-12,https://data.eastmoney.com/notices/detail/300432/AN202401111617263305.html
300432,富临精工,富临精工:第五届董事会第十一次会议决议公告,高管人员任职变动,2024-01-12,https://data.eastmoney.com/notices/detail/300432/AN202401111617263307.html
000584,工智退,ST工智:公司章程修订对照表,公司章程修订,2024-01-12,https://data.eastmoney.com/notices/detail/000584/AN202401111617263239.html
002146,荣盛发展,荣盛发展:关于召开公司2024年度第一次临时股东大会的提示性公告,召开股东大会提示性公告,2024-01-12,https://data.eastmoney.com/notices/detail/002146/AN202401111617263246.html
300801,泰和科技,泰和科技:关于2021年限制性股票激励计划首次授予部分第二个归属期归属股份解除限售上市流通的提示性公告,限售股份上市流通,2024-01-12,https://data.eastmoney.com/notices/detail/300801/AN202401111617263241.html
300432,富临精工,富临精工:2024年第一次临时股东大会决议公告,股东大会决议公告,2024-01-12,https://data.eastmoney.com/notices/detail/300432/AN202401111617263250.html
000584,工智退,ST工智:内部审计制度(2024年1月),管理办法/制度,2024-01-12,https://data.eastmoney.com/notices/detail/000584/AN202401111617263248.html
000584,工智退,ST工智:独立董事专门会议制度(2024年1月),管理办法/制度,2024-01-12,https://data.eastmoney.com/notices/detail/000584/AN202401111617263249.html
000584,工智退,ST工智:监事会议事规则(2024年1月),议事规则/实施细则,2024-01-12,https://data.eastmoney.com/notices/detail/000584/AN202401111617263240.html
000584,工智退,ST工智:关于选举非职工监事的公告,高管人员任职变动,2024-01-12,https://data.eastmoney.com/notices/detail/000584/AN202401111617263243.html
688187,时代电气,时代电气:H股公告(翌日披露报表),其他,2024-01-12,https://data.eastmoney.com/notices/detail/688187/AN202401111617262953.html
002666,德联集团,德联集团:上海中因律师事务所关于广东德联集团股份有限公司2024年第一次临时股东大会的法律意见书,法律意见书,2024-01-12,https://data.eastmoney.com/notices/detail/002666/AN202401111617262733.html
300277,汽轮科技,海联讯:关于控股股东拟划转所持公司股份的提示性公告,股权转让,2024-01-12,https://data.eastmoney.com/notices/detail/300277/AN202401111617262734.html
002666,德联集团,德联集团:2024年第一次临时股东大会决议公告,股东大会决议公告,2024-01-12,https://data.eastmoney.com/notices/detail/002666/AN202401111617262527.html
002990,盛视科技,盛视科技:关于收到北京中关村综合保税区海关信息化建设项目中标通知书的公告,重大合同,2024-01-12,https://data.eastmoney.com/notices/detail/002990/AN202401111617262525.html
601096,宏盛华源,宏盛华源:宏盛华源股票交易异常波动公告,股票交易异常波动,2024-01-12,https://data.eastmoney.com/notices/detail/601096/AN202401111617262466.html
601096,宏盛华源,宏盛华源:关于宏盛华源股票交易异常波动问询函的回函,回复问询函公告,2024-01-12,https://data.eastmoney.com/notices/detail/601096/AN202401111617262465.html
000963,华东医药,华东医药:关于全资子公司收到药品注册受理通知书的公告,其他,2024-01-12,https://data.eastmoney.com/notices/detail/000963/AN202401111617262087.html
002810,山东赫达,山东赫达:关于公司变更签字注册会计师的公告,公司关联方基本资料变更,2024-01-12,https://data.eastmoney.com/notices/detail/002810/AN202401111617262086.html
300609,汇纳科技,汇纳科技:汇纳科技股份有限公司关于出售2020年第二期回购方案已回购股份的预披露公告,收购出售资产/股权,2024-01-12,https://data.eastmoney.com/notices/detail/300609/AN202401111617262090.html
300609,汇纳科技,汇纳科技:汇纳科技股份有限公司第四届董事会第十二次会议决议公告,董事会决议公告,2024-01-12,https://data.eastmoney.com/notices/detail/300609/AN202401111617262089.html
300609,汇纳科技,汇纳科技:汇纳科技股份有限公司第四届监事会第十二次会议决议公告,监事会决议公告,2024-01-12,https://data.eastmoney.com/notices/detail/300609/AN202401111617262088.html
600418,江淮汽车,江淮汽车:江淮汽车关于修改《公司章程》的公告,公司章程修订,2024-01-12,https://data.eastmoney.com/notices/detail/600418/AN202401111617262010.html
600418,江淮汽车,江淮汽车:安徽江淮汽车集团股份有限公司章程,公司章程,2024-01-12,https://data.eastmoney.com/notices/detail/600418/AN202401111617262011.html
600418,江淮汽车,江淮汽车:江淮汽车关于召开2024年第一次临时股东大会的通知,召开股东大会通知,2024-01-12,https://data.eastmoney.com/notices/detail/600418/AN202401111617262009.html
600418,江淮汽车,江淮汽车:江淮汽车八届十六次董事会决议公告,高管人员任职变动,2024-01-12,https://data.eastmoney.com/notices/detail/600418/AN202401111617262014.html
600418,江淮汽车,江淮汽车:江淮汽车关于土地收储的公告,其他,2024-01-12,https://data.eastmoney.com/notices/detail/600418/AN202401111617262013.html
002882,金龙羽,金龙羽:股票交易异常波动公告,股票交易异常波动,2024-01-12,https://data.eastmoney.com/notices/detail/002882/AN202401111617262003.html
002677,浙江美大,浙江美大:关于通过高新技术企业重新认定的公告,获得认证,2024-01-12,https://data.eastmoney.com/notices/detail/002677/AN202401111617262000.html
001201,东瑞股份,东瑞股份:国浩律师(广州)事务所关于东瑞股份2024年第一次临时股东大会的法律意见,法律意见书,2024-01-12,https://data.eastmoney.com/notices/detail/001201/AN202401111617262001.html
001201,东瑞股份,东瑞股份:2024年第一次临时股东大会决议公告,股东大会决议公告,2024-01-12,https://data.eastmoney.com/notices/detail/001201/AN202401111617261876.html
301418,协昌科技,协昌科技:国金证券股份有限公司关于江苏协昌电子科技股份有限公司变更募集资金用途的核查意见,保荐/核查意见,2024-01-12,https://data.eastmoney.com/notices/detail/301418/AN202401111617261663.html
301418,协昌科技,协昌科技:关于变更募集资金用途的公告,变更募集资金投资项目,2024-01-12,https://data.eastmoney.com/notices/detail/301418/AN202401111617261657.html
301418,协昌科技,协昌科技:关于修订《公司章程》的公告,公司章程修订,2024-01-12,https://data.eastmoney.com/notices/detail/301418/AN202401111617261660.html
301418,协昌科技,协昌科技:第四届监事会第三次会议决议公告,监事会决议公告,2024-01-12,https://data.eastmoney.com/notices/detail/301418/AN202401111617261662.html
301418,协昌科技,协昌科技:关于召开2024年第一次临时股东大会通知的公告,召开股东大会通知,2024-01-12,https://data.eastmoney.com/notices/detail/301418/AN202401111617261658.html
301418,协昌科技,协昌科技:第四届董事会第三次会议决议公告,董事会决议公告,2024-01-12,https://data.eastmoney.com/notices/detail/301418/AN202401111617261661.html
300673,佩蒂股份,佩蒂股份:关于保荐机构名称变更的公告,公司关联方基本资料变更,2024-01-12,https://data.eastmoney.com/notices/detail/300673/AN202401111617261656.html
002747,埃斯顿,埃斯顿:北京市中伦律师事务所关于南京埃斯顿自动化股份有限公司2024年第一次临时股东大会的法律意见书,法律意见书,2024-01-12,https://data.eastmoney.com/notices/detail/002747/AN202401111617261680.html
002379,宏桥控股,宏创控股:北京市天元律师事务所关于宏创控股2024年第一次临时股东大会的法律意见,法律意见书,2024-01-12,https://data.eastmoney.com/notices/detail/002379/AN202401111617261682.html
002379,宏桥控股,宏创控股:关于选举公司董事长及调整董事会专门委员会委员的公告,高管人员任职变动,2024-01-12,https://data.eastmoney.com/notices/detail/002379/AN202401111617261655.html
002379,宏桥控股,宏创控股:第六届董事会2024年第一次临时会议决议公告,高管人员任职变动,2024-01-12,https://data.eastmoney.com/notices/detail/002379/AN202401111617261654.html
002379,宏桥控股,宏创控股:2024年第一次临时股东大会决议公告,股东大会决议公告,2024-01-12,https://data.eastmoney.com/notices/detail/002379/AN202401111617261675.html
000702,正虹科技,正虹科技:关于2024年度向银行申请综合授信额度的公告,借贷,2024-01-12,https://data.eastmoney.com/notices/detail/000702/AN202401111617261684.html
000702,正虹科技,正虹科技:第九届董事会第十二次会议决议公告,董事会决议公告,2024-01-12,https://data.eastmoney.com/notices/detail/000702/AN202401111617261683.html
000509,华塑控股,华塑控股:国浩律师(武汉)事务所关于华塑控股股份有限公司2024年第一次临时股东大会之法律意见书,法律意见书,2024-01-12,https://data.eastmoney.com/notices/detail/000509/AN202401111617261674.html
000509,华塑控股,华塑控股:2024年第一次临时股东大会决议公告,股东大会决议公告,2024-01-12,https://data.eastmoney.com/notices/detail/000509/AN202401111617261685.html
600238,ST椰岛,海南椰岛:海南椰岛关于实际控制人无偿划转所持控股股东国有股权的公告,其他,2024-01-12,https://data.eastmoney.com/notices/detail/600238/AN202401111617261649.html
301418,协昌科技,协昌科技:关于调整公司组织架构的公告,其他,2024-01-12,https://data.eastmoney.com/notices/detail/301418/AN202401111617261645.html
002747,埃斯顿,埃斯顿:2024年第一次临时股东大会决议公告,股东大会决议公告,2024-01-12,https://data.eastmoney.com/notices/detail/002747/AN202401111617261636.html
000702,正虹科技,正虹科技:关于对外投资设立全资子公司的公告,投资设立公司,2024-01-12,https://data.eastmoney.com/notices/detail/000702/AN202401111617261643.html
000612,焦作万方,焦作万方:独立董事提名人声明与承诺(吴泽勇),独立董事提名人声明,2024-01-12,https://data.eastmoney.com/notices/detail/000612/AN202401111617261592.html
000612,焦作万方,焦作万方:独立董事候选人声明与承诺(吴泽勇),独立董事候选人声明,2024-01-12,https://data.eastmoney.com/notices/detail/000612/AN202401111617261595.html
000612,焦作万方,焦作万方:焦作万方铝业股份有限公司关于与焦作市万方集团有限责任公司日常关联交易预计的公告,关联交易,2024-01-12,https://data.eastmoney.com/notices/detail/000612/AN202401111617261594.html
000612,焦作万方,焦作万方:焦作万方铝业股份有限公司关于授权管理层使用暂时闲置的自有资金进行委托理财的公告,委托（受托）事项,2024-01-12,https://data.eastmoney.com/notices/detail/000612/AN202401111617261593.html
000612,焦作万方,焦作万方:焦作万方铝业股份有限公司召开2024年第一次临时股东大会的通知,召开股东大会通知,2024-01-12,https://data.eastmoney.com/notices/detail/000612/AN202401111617261589.html
000612,焦作万方,焦作万方:焦作万方铝业股份有限公司第九届董事会第八次会议决议公告,高管人员任职变动,2024-01-12,https://data.eastmoney.com/notices/detail/000612/AN202401111617261590.html
002340,格林美,格林美:关于控股子公司动力再生与兰钧新能源签署动力电池绿色回收利用战略合作协议的公告,其他,2024-01-12,https://data.eastmoney.com/notices/detail/002340/AN202401111617261591.html
001289,龙源电力,龙源电力:H股-翌日披露表,其他,2024-01-12,https://data.eastmoney.com/notices/detail/001289/AN202401111617261588.html
001289,龙源电力,龙源电力:龙源电力集团股份有限公司关于公司2024年第一期超短期融资券发行的公告,其他,2024-01-12,https://data.eastmoney.com/notices/detail/001289/AN202401111617261587.html
601633,长城汽车,长城汽车:H股公告-翌日披露报表,其他,2024-01-12,https://data.eastmoney.com/notices/detail/601633/AN202401111617261568.html
300375,鹏翎股份,鹏翎股份:关于公司高级管理人员减持公司股份的预披露公告,股东/实际控制人股份减持,2024-01-12,https://data.eastmoney.com/notices/detail/300375/AN202401111617261428.html
002124,天邦食品,天邦食品:公司章程(2024年1月),公司章程,2024-01-12,https://data.eastmoney.com/notices/detail/002124/AN202401111617261426.html
000810,创维数字,创维数字:第十一届董事会第二十四次会议决议公告,董事会决议公告,2024-01-12,https://data.eastmoney.com/notices/detail/000810/AN202401111617261422.html
002124,天邦食品,天邦食品:关于变更注册资本及修改《公司章程》的公告,公司注册资本变更,2024-01-12,https://data.eastmoney.com/notices/detail/002124/AN202401111617261424.html
002124,天邦食品,天邦食品:关于召开2024年第一次临时股东大会的通知,召开股东大会通知,2024-01-12,https://data.eastmoney.com/notices/detail/002124/AN202401111617261423.html
002124,天邦食品,天邦食品:董事会审计委员会会工作细则(2024年1月),议事规则/实施细则,2024-01-12,https://data.eastmoney.com/notices/detail/002124/AN202401111617261410.html
000601,韶能股份,韶能股份:广东韶能集团股份有限公司关于收到广东省深圳市中级人民法院执行裁定书的公告,诉讼仲裁,2024-01-12,https://data.eastmoney.com/notices/detail/000601/AN202401111617261406.html
002124,天邦食品,天邦食品:第八届监事会第二十一次会议决议公告,监事会决议公告,2024-01-12,https://data.eastmoney.com/notices/detail/002124/AN202401111617261407.html
002124,天邦食品,天邦食品:董事会战略发展委员会工作细则(2024年1月),议事规则/实施细则,2024-01-12,https://data.eastmoney.com/notices/detail/002124/AN202401111617261425.html
000810,创维数字,创维数字:关于使用闲置自有资金购买理财产品的公告,投资理财,2024-01-12,https://data.eastmoney.com/notices/detail/000810/AN202401111617261405.html
002124,天邦食品,天邦食品:公司章程修正案,公司章程修订,2024-01-12,https://data.eastmoney.com/notices/detail/002124/AN202401111617261409.html
000810,创维数字,创维数字:第十届监事会第二十二次会议决议公告,监事会决议公告,2024-01-12,https://data.eastmoney.com/notices/detail/000810/AN202401111617261404.html
002124,天邦食品,天邦食品:中国银河证券股份有限公司关于天邦食品股份有限公司变更2019年非公开发行股票募集资金用途的核查意见,保荐/核查意见,2024-01-12,https://data.eastmoney.com/notices/detail/002124/AN202401111617261427.html
002124,天邦食品,天邦食品:独立董事专门会议制度(2024年1月),管理办法/制度,2024-01-12,https://data.eastmoney.com/notices/detail/002124/AN202401111617261412.html
002124,天邦食品,天邦食品:董事会薪酬与考核委员会工作细则(2024年1月),议事规则/实施细则,2024-01-12,https://data.eastmoney.com/notices/detail/002124/AN202401111617261408.html
002124,天邦食品,天邦食品:监事会议事规则(2024年1月),议事规则/实施细则,2024-01-12,https://data.eastmoney.com/notices/detail/002124/AN202401111617261411.html
002124,天邦食品,天邦食品:董事会提名委员会工作细则(2024年1月),议事规则/实施细则,2024-01-12,https://data.eastmoney.com/notices/detail/002124/AN202401111617261393.html
002124,天邦食品,天邦食品:关于变更2019年非公开发行股票募集资金用途的公告,变更募集资金投资项目,2024-01-12,https://data.eastmoney.com/notices/detail/002124/AN202401111617261392.html
002124,天邦食品,天邦食品:第八届董事会第二十三次会议决议公告,董事会决议公告,2024-01-12,https://data.eastmoney.com/notices/detail/002124/AN202401111617261391.html
688717,艾罗能源,艾罗能源:浙江艾罗网络能源技术股份有限公司关于股票交易异常波动的公告,股票交易异常波动,2024-01-12,https://data.eastmoney.com/notices/detail/688717/AN202401111617261397.html
688717,艾罗能源,艾罗能源:关于《浙江艾罗网络能源技术股份有限公司股票交易异常波动问询函》的回函,回复问询函公告,2024-01-12,https://data.eastmoney.com/notices/detail/688717/AN202401111617261398.html
301066,万事利,万事利:国信证券股份有限公司关于杭州万事利丝绸文化股份有限公司2023年度定期现场检查报告,保荐/核查意见,2024-01-12,https://data.eastmoney.com/notices/detail/301066/AN202401111617261370.html
301066,万事利,万事利:北京君合(杭州)律师事务所关于杭州万事利丝绸文化股份有限公司2024年第一次临时股东大会之法律意见书,法律意见书,2024-01-12,https://data.eastmoney.com/notices/detail/301066/AN202401111617261369.html
301066,万事利,万事利:2024年第一次临时股东大会决议公告,股东大会决议公告,2024-01-12,https://data.eastmoney.com/notices/detail/301066/AN202401111617261346.html
002728,特一药业,特一药业:东莞证券关于特一药业使用2023年度以简易程序向特定对象发行股票部分闲置募集资金暂时补充流动资金的核查意见,保荐/核查意见,2024-01-12,https://data.eastmoney.com/notices/detail/002728/AN202401111617261268.html
002728,特一药业,特一药业:关于第五届董事会第十八次会议决议的公告,董事会决议公告,2024-01-12,https://data.eastmoney.com/notices/detail/002728/AN202401111617261267.html
002728,特一药业,特一药业:关于第五届监事会第十七次会议决议的公告,监事会决议公告,2024-01-12,https://data.eastmoney.com/notices/detail/002728/AN202401111617261266.html
002728,特一药业,特一药业:关于使用2023年度以简易程序向特定对象发行股票部分闲置募集资金暂时补充流动资金的公告,募集资金补充流动资金,2024-01-12,https://data.eastmoney.com/notices/detail/002728/AN202401111617261265.html
000973,佛塑科技,佛塑科技:佛塑科技第十一届董事会第十三次会议决议公告,董事会决议公告,2024-01-12,https://data.eastmoney.com/notices/detail/000973/AN202401111617261289.html
000973,佛塑科技,佛塑科技:佛塑科技关于东方电工膜分公司投资项目的公告,对外项目投资,2024-01-12,https://data.eastmoney.com/notices/detail/000973/AN202401111617261264.html
000603,盛达资源,盛达资源:关于回购股份事项前十名股东和前十名无限售条件股东持股情况的公告,其他,2024-01-12,https://data.eastmoney.com/notices/detail/000603/AN202401111617261288.html
000603,盛达资源,盛达资源:回购报告书,回购报告书,2024-01-12,https://data.eastmoney.com/notices/detail/000603/AN202401111617261287.html
002534,西子洁能,西子洁能:关于2023年度订单数据的自愿性信息披露公告,月度经营情况,2024-01-12,https://data.eastmoney.com/notices/detail/002534/AN202401111617261286.html
002534,西子洁能,西子洁能:关于收到《裁决书》暨仲裁事项的进展公告,诉讼仲裁,2024-01-12,https://data.eastmoney.com/notices/detail/002534/AN202401111617261263.html
688567,孚能科技,孚能科技:孚能科技2024年第一次临时股东大会决议公告,股东大会决议公告,2024-01-12,https://data.eastmoney.com/notices/detail/688567/AN202401111617261285.html
688567,孚能科技,孚能科技:上海市锦天城律师事务所关于孚能科技(赣州)股份有限公司2024年第一次临时股东大会的法律意见书,法律意见书,2024-01-12,https://data.eastmoney.com/notices/detail/688567/AN202401111617261316.html
601975,招商南油,招商南油:招商南油2024年第一次临时股东大会决议公告,股东大会决议公告,2024-01-12,https://data.eastmoney.com/notices/detail/601975/AN202401111617261294.html
601975,招商南油,招商南油:招商南油2024年第一次临时股东大会法律意见书,法律意见书,2024-01-12,https://data.eastmoney.com/notices/detail/601975/AN202401111617261270.html
601975,招商南油,招商南油:招商南油关于以集中竞价交易方式回购公司股份的回购报告书,回购报告书,2024-01-12,https://data.eastmoney.com/notices/detail/601975/AN202401111617261293.html
601975,招商南油,招商南油:招商南油关于回购股份减少注册资本通知债权人的公告,公司注册资本变更,2024-01-12,https://data.eastmoney.com/notices/detail/601975/AN202401111617261292.html
300008,天海防务,天海防务:关于为参股公司提供同比例担保暨关联交易的进展公告,提供/对外担保公告,2024-01-12,https://data.eastmoney.com/notices/detail/300008/AN202401111617261269.html
000543,皖能电力,皖能电力:关于公司2023年度第二期超短期融资券兑付安排公告,其他,2024-01-12,https://data.eastmoney.com/notices/detail/000543/AN202401111617261257.html
300921,南凌科技,南凌科技:关于持股5%以上股东减持股份期限届满暨实施完毕的公告,股东/实际控制人股份减持,2024-01-12,https://data.eastmoney.com/notices/detail/300921/AN202401111617261258.html
002002,ST鸿达,ST鸿达:鸿达兴业股份有限公司关于公司股票存在可能因股价低于面值被终止上市的第六次风险提示性公告,终止上市风险提示,2024-01-12,https://data.eastmoney.com/notices/detail/002002/AN202401111617261208.html
002002,ST鸿达,ST鸿达:鸿达兴业股份有限公司股票交易异常波动公告,股票交易异常波动,2024-01-12,https://data.eastmoney.com/notices/detail/002002/AN202401111617261207.html
002348,高乐股份,高乐股份:监事会议事规则(2024年1月),议事规则/实施细则,2024-01-12,https://data.eastmoney.com/notices/detail/002348/AN202401111617261206.html
002348,高乐股份,高乐股份:股东大会议事规则(2024年1月),议事规则/实施细则,2024-01-12,https://data.eastmoney.com/notices/detail/002348/AN202401111617261196.html
002348,高乐股份,高乐股份:公司章程(2024年1月),公司章程,2024-01-12,https://data.eastmoney.com/notices/detail/002348/AN202401111617261197.html
002348,高乐股份,高乐股份:董事会薪酬与考核委员会工作细则(2024年1月),议事规则/实施细则,2024-01-12,https://data.eastmoney.com/notices/detail/002348/AN202401111617261205.html
002348,高乐股份,高乐股份:章程修订对照表,公司章程修订,2024-01-12,https://data.eastmoney.com/notices/detail/002348/AN202401111617261204.html
002348,高乐股份,高乐股份:董事会提名委员会工作细则(2024年1月),议事规则/实施细则,2024-01-12,https://data.eastmoney.com/notices/detail/002348/AN202401111617261195.html
002348,高乐股份,高乐股份:独立董事工作制度(2024年1月),管理办法/制度,2024-01-12,https://data.eastmoney.com/notices/detail/002348/AN202401111617261194.html
002348,高乐股份,高乐股份:董事会战略与投资决策委员会工作细则(2024年1月),议事规则/实施细则,2024-01-12,https://data.eastmoney.com/notices/detail/002348/AN202401111617261203.html
002348,高乐股份,高乐股份:关于召开2024年第二次临时股东大会的通知,召开股东大会通知,2024-01-12,https://data.eastmoney.com/notices/detail/002348/AN202401111617261193.html
002348,高乐股份,高乐股份:第八届董事会第五次会议决议的公告,高管人员任职变动,2024-01-12,https://data.eastmoney.com/notices/detail/002348/AN202401111617261192.html
002348,高乐股份,高乐股份:第八届监事会第四次会议决议的公告,监事会决议公告,2024-01-12,https://data.eastmoney.com/notices/detail/002348/AN202401111617261202.html
002705,新宝股份,新宝股份:关于完成注册资本变更工商登记的公告,公司注册资本变更,2024-01-12,https://data.eastmoney.com/notices/detail/002705/AN202401111617261201.html
688251,井松智能,井松智能:井松智能2024年第一次临时股东大会决议公告,股东大会决议公告,2024-01-12,https://data.eastmoney.com/notices/detail/688251/AN202401111617261191.html
688251,井松智能,井松智能:井松智能2024年第一次临时股东大会法律意见书,法律意见书,2024-01-12,https://data.eastmoney.com/notices/detail/688251/AN202401111617261200.html
002348,高乐股份,高乐股份:董事会审计委员会工作细则(2024年1月),议事规则/实施细则,2024-01-12,https://data.eastmoney.com/notices/detail/002348/AN202401111617261161.html
002348,高乐股份,高乐股份:董事会议事规则(2024年1月),议事规则/实施细则,2024-01-12,https://data.eastmoney.com/notices/detail/002348/AN202401111617261160.html
002661,克明食品,克明食品:募集资金管理制度(2024年1月),管理办法/制度,2024-01-12,https://data.eastmoney.com/notices/detail/002661/AN202401111617261162.html
002661,克明食品,克明食品:公司章程(2024年1月),公司章程,2024-01-12,https://data.eastmoney.com/notices/detail/002661/AN202401111617261163.html
002661,克明食品,克明食品:关于修订《公司章程》、制定及修订部分公司制度的公告,公司章程修订,2024-01-12,https://data.eastmoney.com/notices/detail/002661/AN202401111617261165.html
002661,克明食品,克明食品:关于召开2024年第一次临时股东大会的通知,召开股东大会通知,2024-01-12,https://data.eastmoney.com/notices/detail/002661/AN202401111617261164.html
002386,天原股份,天原股份:北京市天元(成都)律师事务所关于宜宾天原集团股份有限公司2024年第一次临时股东大会的法律意见,法律意见书,2024-01-12,https://data.eastmoney.com/notices/detail/002386/AN202401111617261139.html
002386,天原股份,天原股份:2024年第一次临时股东大会决议公告,股东大会决议公告,2024-01-12,https://data.eastmoney.com/notices/detail/002386/AN202401111617261138.html
002661,克明食品,克明食品:董事会议事规则(2024年1月),议事规则/实施细则,2024-01-12,https://data.eastmoney.com/notices/detail/002661/AN202401111617261143.html
002661,克明食品,克明食品:董事会薪酬与考核委员会工作细则(2024年1月),议事规则/实施细则,2024-01-12,https://data.eastmoney.com/notices/detail/002661/AN202401111617261142.html
002661,克明食品,克明食品:董事会审计委员会工作细则(2024年1月),议事规则/实施细则,2024-01-12,https://data.eastmoney.com/notices/detail/002661/AN202401111617261141.html
002661,克明食品,克明食品:独立董事工作制度(2024年1月),管理办法/制度,2024-01-12,https://data.eastmoney.com/notices/detail/002661/AN202401111617261137.html
002661,克明食品,克明食品:第六届监事会第十五次会议决议公告,监事会决议公告,2024-01-12,https://data.eastmoney.com/notices/detail/002661/AN202401111617261135.html
002661,克明食品,克明食品:独立董事专门会议工作细则(2024年1月),议事规则/实施细则,2024-01-12,https://data.eastmoney.com/notices/detail/002661/AN202401111617261136.html
002661,克明食品,克明食品:关于2024年度公司及子公司担保额度预计的公告,担保年度额度预计,2024-01-12,https://data.eastmoney.com/notices/detail/002661/AN202401111617261134.html
002661,克明食品,克明食品:股东大会议事规则(2024年1月),议事规则/实施细则,2024-01-12,https://data.eastmoney.com/notices/detail/002661/AN202401111617261140.html
002661,克明食品,克明食品:第六届董事会第十六次会议决议公告,董事会决议公告,2024-01-12,https://data.eastmoney.com/notices/detail/002661/AN202401111617261133.html
002661,克明食品,克明食品:董事会提名委员会工作细则(2024年1月),议事规则/实施细则,2024-01-12,https://data.eastmoney.com/notices/detail/002661/AN202401111617261109.html
002661,克明食品,克明食品:对外担保管理制度(2024年1月),管理办法/制度,2024-01-12,https://data.eastmoney.com/notices/detail/002661/AN202401111617261121.html
002661,克明食品,克明食品:关于公司2024年度日常关联交易预计的公告,关联交易,2024-01-12,https://data.eastmoney.com/notices/detail/002661/AN202401111617261108.html
601668,中国建筑,中国建筑:中国建筑2023年1-12月经营情况简报,月度经营情况,2024-01-12,https://data.eastmoney.com/notices/detail/601668/AN202401111617261103.html
300040,九洲集团,九洲集团:哈尔滨九洲集团股份有限公司章程,公司章程,2024-01-12,https://data.eastmoney.com/notices/detail/300040/AN202401111617261096.html
300040,九洲集团,九洲集团:中德证券有限责任公司关于哈尔滨九洲集团股份有限公司使用部分闲置募集资金暂时补充流动资金的核查意见,保荐/核查意见,2024-01-12,https://data.eastmoney.com/notices/detail/300040/AN202401111617261100.html
300040,九洲集团,九洲集团:第八届监事会第九次会议决议公告,监事会决议公告,2024-01-12,https://data.eastmoney.com/notices/detail/300040/AN202401111617261093.html
300040,九洲集团,九洲集团:第八届董事会第九次会议决议公告,董事会决议公告,2024-01-12,https://data.eastmoney.com/notices/detail/300040/AN202401111617261098.html
300040,九洲集团,九洲集团:关于增加注册资本及修订公司章程的公告,公司章程修订,2024-01-12,https://data.eastmoney.com/notices/detail/300040/AN202401111617261099.html
300040,九洲集团,九洲集团:关于泰来九洲广惠公共事业有限责任公司申请银行借款并为其提供担保的公告,提供/对外担保公告,2024-01-12,https://data.eastmoney.com/notices/detail/300040/AN202401111617261094.html
300040,九洲集团,九洲集团:关于召开2024年第一次临时股东大会的通知,召开股东大会通知,2024-01-12,https://data.eastmoney.com/notices/detail/300040/AN202401111617261095.html
003005,竞业达,竞业达:关于获得增值税退税及其他政府补助的公告,获得补贴（资助）,2024-01-12,https://data.eastmoney.com/notices/detail/003005/AN202401111617261119.html
002497,雅化集团,雅化集团:关于申请广州期货交易所碳酸锂指定交割厂库的公告,其他,2024-01-12,https://data.eastmoney.com/notices/detail/002497/AN202401111617261097.html
002497,雅化集团,雅化集团:第五届董事会第三十三次会议决议公告,董事会决议公告,2024-01-12,https://data.eastmoney.com/notices/detail/002497/AN202401111617261110.html
002351,漫步者,漫步者:关于运用自有闲置资金进行委托理财的进展公告,委托（受托）事项,2024-01-12,https://data.eastmoney.com/notices/detail/002351/AN202401111617261120.html
000982,中银绒业,中银绒业:宁夏中银绒业股份有限公司关于股票交易异常波动的公告,股票交易异常波动,2024-01-12,https://data.eastmoney.com/notices/detail/000982/AN202401111617261111.html
600675,中华企业,中华企业:中华企业股份有限公司关于控股子公司缴纳税款相关事项的公告,其他,2024-01-12,https://data.eastmoney.com/notices/detail/600675/AN202401111617261090.html
002200,交投生态,ST交投:独立董事关于第八届董事会独立董事2024年第一次专门会议所审议事项的意见,专项说明/独立意见,2024-01-12,https://data.eastmoney.com/notices/detail/002200/AN202401111617261058.html
002200,交投生态,ST交投:关于与关联方签订合同暨关联交易的公告,关联交易,2024-01-12,https://data.eastmoney.com/notices/detail/002200/AN202401111617261057.html
002200,交投生态,ST交投:第八届董事会第二次会议决议公告,董事会决议公告,2024-01-12,https://data.eastmoney.com/notices/detail/002200/AN202401111617261056.html
002091,江苏国泰,江苏国泰:江苏世纪同仁律师事务所关于江苏国泰国际集团股份有限公司2024年第一次临时股东大会的法律意见书,法律意见书,2024-01-12,https://data.eastmoney.com/notices/detail/002091/AN202401111617261055.html
002091,江苏国泰,江苏国泰:2024年第一次临时股东大会决议公告,股东大会决议公告,2024-01-12,https://data.eastmoney.com/notices/detail/002091/AN202401111617261054.html
002899,英派斯,英派斯:2024-001关于特定股东股份减持计划期限届满的公告,股东/实际控制人股份减持,2024-01-12,https://data.eastmoney.com/notices/detail/002899/AN202401111617261051.html
000592,平潭发展,平潭发展:2024年第一次临时股东大会法律意见书,法律意见书,2024-01-12,https://data.eastmoney.com/notices/detail/000592/AN202401111617261053.html
000592,平潭发展,平潭发展:2024年第一次临时股东大会决议公告,股东大会决议公告,2024-01-12,https://data.eastmoney.com/notices/detail/000592/AN202401111617261052.html
002497,雅化集团,雅化集团:会计师事务所选聘制度(2024年1月),管理办法/制度,2024-01-12,https://data.eastmoney.com/notices/detail/002497/AN202401111617261060.html
002337,赛象科技,赛象科技:关于2023年员工持股计划非交易过户完成的公告,员工持股计划,2024-01-12,https://data.eastmoney.com/notices/detail/002337/AN202401111617261050.html
300040,九洲集团,九洲集团:关于使用部分闲置募集资金暂时补充流动资金的公告,募集资金补充流动资金,2024-01-12,https://data.eastmoney.com/notices/detail/300040/AN202401111617261062.html
300040,九洲集团,九洲集团:关于公司2024年度投资计划的公告,对外项目投资,2024-01-12,https://data.eastmoney.com/notices/detail/300040/AN202401111617261061.html
600751,海航科技,海航科技:海航科技股份有限公司关于公司所持联营公司部分股权解除司法冻结的进展公告,股份质押、冻结,2024-01-12,https://data.eastmoney.com/notices/detail/600751/AN202401111617261034.html
688336,三生国健,三生国健:2024年第一次临时股东大会决议公告,股东大会决议公告,2024-01-12,https://data.eastmoney.com/notices/detail/688336/AN202401111617261004.html
688336,三生国健,三生国健:2024年第一次临时股东大会法律意见书,法律意见书,2024-01-12,https://data.eastmoney.com/notices/detail/688336/AN202401111617261020.html
000582,北部湾港,北部湾港:关于回购注销部分限制性股票不调整北港转债转股价格的公告,其他,2024-01-12,https://data.eastmoney.com/notices/detail/000582/AN202401111617261009.html
002886,沃特股份,沃特股份:国信证券关于沃特股份2023年持续督导培训情况报告,保荐/核查意见,2024-01-12,https://data.eastmoney.com/notices/detail/002886/AN202401111617261008.html
002886,沃特股份,沃特股份:国信证券关于沃特股份持续督导2023年定期现场检查报告,保荐/核查意见,2024-01-12,https://data.eastmoney.com/notices/detail/002886/AN202401111617261021.html
001336,楚环科技,楚环科技:民生证券股份有限公司关于杭州楚环科技股份有限公司2023年度持续督导现场培训情况报告,保荐/核查意见,2024-01-12,https://data.eastmoney.com/notices/detail/001336/AN202401111617261006.html
001336,楚环科技,楚环科技:民生证券股份有限公司关于杭州楚环科技股份有限公司2023年度持续督导定期现场检查报告,保荐/核查意见,2024-01-12,https://data.eastmoney.com/notices/detail/001336/AN202401111617261007.html
002200,交投生态,ST交投:独立董事关于第八届董事会第二次会议所审议事项的独立意见,专项说明/独立意见,2024-01-12,https://data.eastmoney.com/notices/detail/002200/AN202401111617261005.html
300190,维尔利,维尔利:日常合同中标提示性公告,重大合同,2024-01-12,https://data.eastmoney.com/notices/detail/300190/AN202401111617261010.html
603062,麦加芯彩,麦加芯彩:2024年第一次临时股东大会会议资料,股东大会资料,2024-01-12,https://data.eastmoney.com/notices/detail/603062/AN202401111617260983.html
600918,中泰证券,中泰证券:中泰证券股份有限公司2024年度第一期短期融资券发行结果公告,其他,2024-01-12,https://data.eastmoney.com/notices/detail/600918/AN202401111617260984.html
002435,ST长康,长江健康:外部信息使用人管理制度((2024年1月),管理办法/制度,2024-01-12,https://data.eastmoney.com/notices/detail/002435/AN202401111617260915.html
002251,步步高,*ST步高:关于十四家全资子公司第一次债权人会议表决结果的公告,其他,2024-01-12,https://data.eastmoney.com/notices/detail/002251/AN202401111617260955.html
000582,北部湾港,北部湾港:关于部分限制性股票回购注销完成的公告,股本变动,2024-01-12,https://data.eastmoney.com/notices/detail/000582/AN202401111617260975.html
002435,ST长康,长江健康:独立董事提名人声明与承诺(陈卫平),独立董事提名人声明,2024-01-12,https://data.eastmoney.com/notices/detail/002435/AN202401111617260922.html
002435,ST长康,长江健康:股东大会议事规则(2024年1月),议事规则/实施细则,2024-01-12,https://data.eastmoney.com/notices/detail/002435/AN202401111617260934.html
002435,ST长康,长江健康:独立董事候选人声明与承诺(舒知堂),独立董事候选人声明,2024-01-12,https://data.eastmoney.com/notices/detail/002435/AN202401111617260921.html
002435,ST长康,长江健康:信息披露管理制度(2024年1月),管理办法/制度,2024-01-12,https://data.eastmoney.com/notices/detail/002435/AN202401111617260920.html
002435,ST长康,长江健康:独立董事候选人声明与承诺(张哲清),独立董事候选人声明,2024-01-12,https://data.eastmoney.com/notices/detail/002435/AN202401111617260932.html
002435,ST长康,长江健康:对外担保管理制度(2024年1月),管理办法/制度,2024-01-12,https://data.eastmoney.com/notices/detail/002435/AN202401111617260919.html
002435,ST长康,长江健康:董事会提名委员会议事规则(2024年1月),议事规则/实施细则,2024-01-12,https://data.eastmoney.com/notices/detail/002435/AN202401111617260929.html
002435,ST长康,长江健康:独立董事候选人承诺函(陈卫平),其他,2024-01-12,https://data.eastmoney.com/notices/detail/002435/AN202401111617260930.html
002435,ST长康,长江健康:董事会薪酬与考核委员会议事规则(2024年1月),议事规则/实施细则,2024-01-12,https://data.eastmoney.com/notices/detail/002435/AN202401111617260933.html
002435,ST长康,长江健康:独立董事提名人声明与承诺(张哲清),独立董事提名人声明,2024-01-12,https://data.eastmoney.com/notices/detail/002435/AN202401111617260931.html
002435,ST长康,长江健康:董事会审计委员会议事规则(2024年1月),议事规则/实施细则,2024-01-12,https://data.eastmoney.com/notices/detail/002435/AN202401111617260928.html
002435,ST长康,长江健康:公司章程(2024年1月),公司章程,2024-01-12,https://data.eastmoney.com/notices/detail/002435/AN202401111617260918.html
002435,ST长康,长江健康:独立董事提名人声明与承诺(舒知堂),独立董事提名人声明,2024-01-12,https://data.eastmoney.com/notices/detail/002435/AN202401111617260917.html
002435,ST长康,长江健康:独立董事候选人声明与承诺(陈卫平),独立董事候选人声明,2024-01-12,https://data.eastmoney.com/notices/detail/002435/AN202401111617260916.html
002435,ST长康,长江健康:董事会秘书工作细则(2024年1月),议事规则/实施细则,2024-01-12,https://data.eastmoney.com/notices/detail/002435/AN202401111617260927.html
002435,ST长康,长江健康:独立董事工作制度(2024年1月),管理办法/制度,2024-01-12,https://data.eastmoney.com/notices/detail/002435/AN202401111617260914.html
002435,ST长康,长江健康:独立董事专门会议制度(2024年1月),管理办法/制度,2024-01-12,https://data.eastmoney.com/notices/detail/002435/AN202401111617260913.html
002435,ST长康,长江健康:关联交易管理制度(2024年1月),管理办法/制度,2024-01-12,https://data.eastmoney.com/notices/detail/002435/AN202401111617260926.html
002435,ST长康,长江健康:投资者关系管理制度(2024年1月),管理办法/制度,2024-01-12,https://data.eastmoney.com/notices/detail/002435/AN202401111617260923.html
002435,ST长康,长江健康:内部审计制度(2024年1月),管理办法/制度,2024-01-12,https://data.eastmoney.com/notices/detail/002435/AN202401111617260924.html
002435,ST长康,长江健康:关于选举第六届监事会职工代表监事的公告,高管人员任职变动,2024-01-12,https://data.eastmoney.com/notices/detail/002435/AN202401111617260912.html
002435,ST长康,长江健康:第五届董事会第十三次会议决议公告,高管人员任职变动,2024-01-12,https://data.eastmoney.com/notices/detail/002435/AN202401111617260925.html
002060,广东建工,粤水电:关于签订黑龙江勃利县400MW风力发电项目投资框架协议的公告,签订协议,2024-01-12,https://data.eastmoney.com/notices/detail/002060/AN202401111617260911.html
002435,ST长康,长江健康:董事会议事规则(2024年1月),议事规则/实施细则,2024-01-12,https://data.eastmoney.com/notices/detail/002435/AN202401111617260893.html
002435,ST长康,长江健康:关于召开2024年第一次临时股东大会通知,召开股东大会通知,2024-01-12,https://data.eastmoney.com/notices/detail/002435/AN202401111617260896.html
002435,ST长康,长江健康:章程修订对照表(2024年1月),公司章程修订,2024-01-12,https://data.eastmoney.com/notices/detail/002435/AN202401111617260892.html
002435,ST长康,长江健康:独立董事年报工作制度(2024年1月),管理办法/制度,2024-01-12,https://data.eastmoney.com/notices/detail/002435/AN202401111617260895.html
002435,ST长康,长江健康:内幕信息及知情人管理制度(2024年1月),管理办法/制度,2024-01-12,https://data.eastmoney.com/notices/detail/002435/AN202401111617260894.html
002435,ST长康,长江健康:第五届监事会第十三次会议决议公告,高管人员任职变动,2024-01-12,https://data.eastmoney.com/notices/detail/002435/AN202401111617260891.html
601179,中国西电,中国西电:中国西电关于变更持续督导独立财务顾问主办人的公告,高管人员任职变动,2024-01-12,https://data.eastmoney.com/notices/detail/601179/AN202401111617260885.html
601211,国泰海通,国泰君安:国泰君安证券股份有限公司关于完成工商变更登记的公告,法定代表人变更,2024-01-12,https://data.eastmoney.com/notices/detail/601211/AN202401111617260880.html
688720,艾森股份,艾森股份:2024年第一次临时股东大会会议资料,股东大会资料,2024-01-12,https://data.eastmoney.com/notices/detail/688720/AN202401111617260873.html
603319,美湖股份,湘油泵:2023年年度业绩快报公告,业绩快报,2024-01-12,https://data.eastmoney.com/notices/detail/603319/AN202401111617260874.html
601139,深圳燃气,深圳燃气:深圳燃气2024年度第一期超短期融资券发行结果公告,其他,2024-01-12,https://data.eastmoney.com/notices/detail/601139/AN202401111617260857.html
601139,深圳燃气,深圳燃气:深圳燃气2023年度业绩快报,业绩快报,2024-01-12,https://data.eastmoney.com/notices/detail/601139/AN202401111617260856.html
002620,*ST瑞和,瑞和股份:关于累计诉讼、仲裁情况的公告,诉讼仲裁,2024-01-12,https://data.eastmoney.com/notices/detail/002620/AN202401111617260853.html
688435,英方软件,英方软件:兴业证券股份有限公司关于上海英方软件股份有限公司2023年度持续督导工作现场检查报告,保荐/核查意见,2024-01-12,https://data.eastmoney.com/notices/detail/688435/AN202401111617260858.html
688766,普冉股份,普冉股份:普冉半导体(上海)股份有限公司关于归还暂时用于补充流动资金的闲置募集资金的公告,归还募集资金,2024-01-12,https://data.eastmoney.com/notices/detail/688766/AN202401111617260838.html
600782,新钢股份,新钢股份:新钢股份关于召开2024年第一次临时股东大会的提示性公告,召开股东大会提示性公告,2024-01-12,https://data.eastmoney.com/notices/detail/600782/AN202401111617260829.html
300540,蜀道装备,蜀道装备:第四届董事会第二十四次会议决议公告,董事会决议公告,2024-01-12,https://data.eastmoney.com/notices/detail/300540/AN202401111617260831.html
600975,新五丰,新五丰:湖南新五丰股份有限公司2024年第一次临时股东大会决议公告,股东大会决议公告,2024-01-12,https://data.eastmoney.com/notices/detail/600975/AN202401111617260825.html
600975,新五丰,新五丰:湖南启元律师事务所关于湖南新五丰股份有限公司2024年第一次临时股东大会的法律意见书,法律意见书,2024-01-12,https://data.eastmoney.com/notices/detail/600975/AN202401111617260823.html
600975,新五丰,新五丰:湖南新五丰股份有限公司关于持股5%以上股东参与转融通证券出借业务到期收回暨权益变动的提示性公告,权益变动报告书,2024-01-12,https://data.eastmoney.com/notices/detail/600975/AN202401111617260824.html
300925,法本信息,法本信息:关于注销部分首次公开发行股票募集资金专项账户的公告,募集资金使用情况报告,2024-01-12,https://data.eastmoney.com/notices/detail/300925/AN202401111617260822.html
002742,冀衡医药,ST三圣:关于累计诉讼、仲裁案件情况的公告,诉讼仲裁,2024-01-12,https://data.eastmoney.com/notices/detail/002742/AN202401111617260805.html
605011,杭州热电,杭州热电:杭州热电集团股份有限公司2024年第一次临时股东大会决议公告,股东大会决议公告,2024-01-12,https://data.eastmoney.com/notices/detail/605011/AN202401111617260804.html
605011,杭州热电,杭州热电:浙江六和律师事务所关于杭州热电集团股份有限公司2024年第一次临时股东大会的法律意见书,法律意见书,2024-01-12,https://data.eastmoney.com/notices/detail/605011/AN202401111617260803.html
688059,华锐精密,华锐精密:关于不向下修正“华锐转债”转股价格的公告,其他,2024-01-12,https://data.eastmoney.com/notices/detail/688059/AN202401111617260761.html
003001,中岩大地,中岩大地:关于控股子公司通过高新技术企业认定的公告,其他,2024-01-12,https://data.eastmoney.com/notices/detail/003001/AN202401111617260764.html
688550,瑞联新材,瑞联新材:关于西安瑞联新材料股份有限公司向不特定对象发行可转换公司债券的上市审核委员会会议意见落实函的回复报告,其他,2024-01-12,https://data.eastmoney.com/notices/detail/688550/AN202401111617260762.html
688550,瑞联新材,瑞联新材:关于向不特定对象发行可转换公司债券的上市审核委员会会议意见落实函回复的提示性公告,其他,2024-01-12,https://data.eastmoney.com/notices/detail/688550/AN202401111617260763.html
688277,天智航,天智航:关于使用部分暂时闲置募集资金临时补充流动资金的公告,募集资金补充流动资金,2024-01-12,https://data.eastmoney.com/notices/detail/688277/AN202401111617260759.html
688277,天智航,天智航:中信建投证券股份有限公司关于北京天智航医疗科技股份有限公司使用部分暂时闲置募集资金临时补充流动资金事项的核查意见,保荐/核查意见,2024-01-12,https://data.eastmoney.com/notices/detail/688277/AN202401111617260760.html
688277,天智航,天智航:第四届监事会第十七次会议决议公告,监事会决议公告,2024-01-12,https://data.eastmoney.com/notices/detail/688277/AN202401111617260758.html
688050,爱博医疗,爱博医疗:招商证券股份有限公司关于爱博诺德(北京)医疗科技股份有限公司2023年度持续督导工作现场检查报告,保荐/核查意见,2024-01-12,https://data.eastmoney.com/notices/detail/688050/AN202401111617260750.html
605077,华康股份,华康股份:华康股份关于签署募集资金专户三方(四方)监管协议的公告,签订协议,2024-01-12,https://data.eastmoney.com/notices/detail/605077/AN202401111617260749.html
601636,旗滨集团,旗滨集团:2024-006旗滨集团关于完成法定代表人变更工商登记的公告(2024-01-12),法定代表人变更,2024-01-12,https://data.eastmoney.com/notices/detail/601636/AN202401111617260726.html
603856,东宏股份,东宏股份:华福证券有限责任公司关于山东东宏管业股份有限公司向特定对象发行A股股票之发行保荐书,发行保荐书,2024-01-12,https://data.eastmoney.com/notices/detail/603856/AN202401111617260716.html
601919,中远海控,中远海控:中远海控H股公告:翌日披露报表,其他,2024-01-12,https://data.eastmoney.com/notices/detail/601919/AN202401111617260718.html
603856,东宏股份,东宏股份:东宏股份关于向特定对象发行股票提交募集说明书(注册稿)等申请文件的提示性公告,其他,2024-01-12,https://data.eastmoney.com/notices/detail/603856/AN202401111617260717.html
603856,东宏股份,东宏股份:北京市天元律师事务所关于山东东宏管业股份有限公司向特定对象发行A股股票的法律意见,法律意见书,2024-01-12,https://data.eastmoney.com/notices/detail/603856/AN202401111617260714.html
603231,索宝蛋白,索宝蛋白:实际控制人关于《宁波索宝蛋白科技股份有限公司股票交易异常波动问询函》的回函,回复问询函公告,2024-01-12,https://data.eastmoney.com/notices/detail/603231/AN202401111617260715.html
603856,东宏股份,东宏股份:山东东宏管业股份有限公司向特定对象发行A股股票募集说明书(注册稿),沪主板再融资募集说明书注册稿,2024-01-12,https://data.eastmoney.com/notices/detail/603856/AN202401111617260713.html
603231,索宝蛋白,索宝蛋白:控股股东关于《宁波索宝蛋白科技股份有限公司股票交易异常波动问询函》的回函,回复问询函公告,2024-01-12,https://data.eastmoney.com/notices/detail/603231/AN202401111617260720.html
603856,东宏股份,东宏股份:华福证券有限责任公司关于山东东宏管业股份有限公司向特定对象发行A股股票之上市保荐书,上市保荐书,2024-01-12,https://data.eastmoney.com/notices/detail/603856/AN202401111617260712.html
603333,福华尚纬,尚纬股份:尚纬股份有限公司股票交易风险提示公告,风险提示性公告,2024-01-12,https://data.eastmoney.com/notices/detail/603333/AN202401111617260719.html
603856,东宏股份,东宏股份:致同会计师事务所(特殊普通合伙)关于山东东宏管业股份有限公司向特定对象发行A股股票的财务报告及审计报告,审计报告,2024-01-12,https://data.eastmoney.com/notices/detail/603856/AN202401111617260711.html
002387,维信诺,维信诺:关于为控股孙公司提供担保的进展公告,提供/对外担保公告,2024-01-12,https://data.eastmoney.com/notices/detail/002387/AN202401111617260660.html
002387,维信诺,维信诺:关于为控股孙公司提供担保的进展公告,提供/对外担保公告,2024-01-12,https://data.eastmoney.com/notices/detail/002387/AN202401111617260659.html
603056,德邦股份,德邦股份:德邦物流股份有限公司关于转让子公司股权的进展公告,股权转让,2024-01-12,https://data.eastmoney.com/notices/detail/603056/AN202401111617260455.html
603231,索宝蛋白,索宝蛋白:关于股票交易异常波动的公告,股票交易异常波动,2024-01-12,https://data.eastmoney.com/notices/detail/603231/AN202401111617260453.html
600467,好当家,好当家:好当家关于控股股东进行股票质押的更正公告,其他,2024-01-12,https://data.eastmoney.com/notices/detail/600467/AN202401111617260454.html
600332,白云山,白云山:H股公告(变更公司授权代表),其他,2024-01-12,https://data.eastmoney.com/notices/detail/600332/AN202401111617260444.html
688716,中研股份,中研股份:关于开设募集资金专户并签署募集资金专户存储四方监管协议的公告,签订协议,2024-01-12,https://data.eastmoney.com/notices/detail/688716/AN202401111617260446.html
688435,英方软件,英方软件:兴业证券股份有限公司关于上海英方软件股份有限公司首次公开发行部分限售股及战略配售限售股上市流通的核查意见,保荐/核查意见,2024-01-12,https://data.eastmoney.com/notices/detail/688435/AN202401111617260438.html
688435,英方软件,英方软件:首次公开发行部分限售股及战略配售限售股上市流通公告,限售股份上市流通,2024-01-12,https://data.eastmoney.com/notices/detail/688435/AN202401111617260439.html
002466,天齐锂业,天齐锂业:关于天齐集团所持部分股权解除质押的公告,股份质押、冻结,2024-01-12,https://data.eastmoney.com/notices/detail/002466/AN202401111617260435.html
002946,新乳业,新乳业:关于收到仲裁庭组成及开庭通知暨对外投资进展的公告,对外项目投资,2024-01-12,https://data.eastmoney.com/notices/detail/002946/AN202401111617260437.html
603590,康辰药业,康辰药业:康辰药业关于使用部分闲置募集资金进行现金管理赎回的公告,投资理财,2024-01-12,https://data.eastmoney.com/notices/detail/603590/AN202401111617260429.html
601233,桐昆股份,桐昆股份:桐昆集团股份有限公司关于持股5%以上的股东增持公司股份的进展公告,股东/实际控制人股份增持,2024-01-12,https://data.eastmoney.com/notices/detail/601233/AN202401111617260430.html
600674,川投能源,川投能源:四川川投能源股份有限公司关于实施“川投转债”赎回暨摘牌的第一次提示性公告,其他,2024-01-12,https://data.eastmoney.com/notices/detail/600674/AN202401111617260431.html
600647,退市同达,*ST同达:法律意见书,法律意见书,2024-01-12,https://data.eastmoney.com/notices/detail/600647/AN202401111617260411.html
600647,退市同达,*ST同达:同达创业询证函,其他,2024-01-12,https://data.eastmoney.com/notices/detail/600647/AN202401111617260412.html
600647,退市同达,*ST同达:*ST同达2024年第一次临时股东大会决议公告,股东大会决议公告,2024-01-12,https://data.eastmoney.com/notices/detail/600647/AN202401111617260410.html
600647,退市同达,*ST同达:*ST同达股票交易风险提示暨停牌核查公告,停牌公告,2024-01-12,https://data.eastmoney.com/notices/detail/600647/AN202401111617260409.html
600647,退市同达,*ST同达:信达投资复函,其他,2024-01-12,https://data.eastmoney.com/notices/detail/600647/AN202401111617260408.html
000692,惠天热电,*ST惠天:关于延期回复关注函的公告,延期回复关注函公告,2024-01-12,https://data.eastmoney.com/notices/detail/000692/AN202401111617260402.html
601500,通用股份,通用股份:华英证券有限责任公司关于江苏通用科技股份有限公司2023年度持续督导现场检查报告,保荐/核查意见,2024-01-12,https://data.eastmoney.com/notices/detail/601500/AN202401111617260401.html
603306,华懋科技,华懋科技:华懋科技关于回购公司股份方案的公告,回购预案,2024-01-12,https://data.eastmoney.com/notices/detail/603306/AN202401111617260374.html
603306,华懋科技,华懋科技:华懋科技2024年第三次临时董事会会议决议公告,董事会决议公告,2024-01-12,https://data.eastmoney.com/notices/detail/603306/AN202401111617260375.html
603306,华懋科技,华懋科技:华懋科技2024年第二次临时监事会会议决议公告,监事会决议公告,2024-01-12,https://data.eastmoney.com/notices/detail/603306/AN202401111617260377.html
603219,富佳股份,富佳股份:宁波富佳实业股份有限公司股票交易异常波动公告,股票交易异常波动,2024-01-12,https://data.eastmoney.com/notices/detail/603219/AN202401111617260345.html
603219,富佳股份,富佳股份:关于《宁波富佳实业股份有限公司股票交易异常波动问询函》的回函,回复问询函公告,2024-01-12,https://data.eastmoney.com/notices/detail/603219/AN202401111617260340.html
603219,富佳股份,富佳股份:宁波富佳实业股份有限公司关于持股5%以上股东权益变动的提示性公告,权益变动报告书,2024-01-12,https://data.eastmoney.com/notices/detail/603219/AN202401111617260344.html
603219,富佳股份,富佳股份:宁波富佳实业股份有限公司关于控股股东持股比例变动超过1%的提示性公告,股东/实际控制人股份增持,2024-01-12,https://data.eastmoney.com/notices/detail/603219/AN202401111617260343.html
603219,富佳股份,富佳股份:关于宁波富佳控股有限公司及其一致行动人免于发出要约事宜的法律意见书,法律意见书,2024-01-12,https://data.eastmoney.com/notices/detail/603219/AN202401111617260341.html
603219,富佳股份,富佳股份:宁波富佳实业股份有限公司简式权益变动报告书(宁波富巨达企业管理合伙企业(有限合伙)、郎一丁),权益变动报告书,2024-01-12,https://data.eastmoney.com/notices/detail/603219/AN202401111617260342.html
601117,中国化学,中国化学:中国化学第五届董事会第十四次会议决议公告,董事会决议公告,2024-01-12,https://data.eastmoney.com/notices/detail/601117/AN202401111617260337.html
601117,中国化学,中国化学:中国化学独立董事关于子公司放弃与关联方共同投资之公司拟转让股权优先购买权所涉关联交易事项的独立意见,专项说明/独立意见,2024-01-12,https://data.eastmoney.com/notices/detail/601117/AN202401111617260336.html
601117,中国化学,中国化学:中国化学关于子公司放弃与关联方共同投资之公司拟转让股权优先购买权所涉关联交易事项的公告,其他,2024-01-12,https://data.eastmoney.com/notices/detail/601117/AN202401111617260338.html
002862,实丰文化,实丰文化:关于公司下属公司之间提供担保进展的公告,提供/对外担保公告,2024-01-12,https://data.eastmoney.com/notices/detail/002862/AN202401111617260331.html
002862,实丰文化,实丰文化:关于股票交易异常波动的公告,股票交易异常波动,2024-01-12,https://data.eastmoney.com/notices/detail/002862/AN202401111617260332.html
002019,亿帆医药,亿帆医药:关于全资子公司再次通过高新技术企业认定的公告,其他,2024-01-12,https://data.eastmoney.com/notices/detail/002019/AN202401111617260330.html
603278,大业股份,大业股份:大业股份关于实施“大业转债”赎回(暨摘牌)的第十六次提示性公告,其他,2024-01-12,https://data.eastmoney.com/notices/detail/603278/AN202401111617260329.html
603882,金域医学,金域医学:广州金域医学检验集团股份有限公司关于回购股份实施结果暨股份变动公告,股本变动,2024-01-12,https://data.eastmoney.com/notices/detail/603882/AN202401111617260328.html
002782,可立克,可立克:关于使用部分闲置募集资金购买理财产品到期赎回并继续购买的实施公告,投资理财,2024-01-12,https://data.eastmoney.com/notices/detail/002782/AN202401111617260322.html
600956,新天绿能,新天绿能:新天绿能H股公告(Arrangement of Electronic Dissemination of Corporate Communications),其他,2024-01-12,https://data.eastmoney.com/notices/detail/600956/AN202401111617260317.html
688248,南网科技,南网科技:北京德恒(深圳)律师事务所关于南方电网电力科技股份有限公司2024年第一次临时股东大会的法律意见,法律意见书,2024-01-12,https://data.eastmoney.com/notices/detail/688248/AN202401111617260292.html
688248,南网科技,南网科技:2024年第一次临时股东大会决议公告,股东大会决议公告,2024-01-12,https://data.eastmoney.com/notices/detail/688248/AN202401111617260293.html
600956,新天绿能,新天绿能:新天绿能H股公告(Arrangement of Electronic Dissemination of Corporate Communications),其他,2024-01-12,https://data.eastmoney.com/notices/detail/600956/AN202401111617260285.html
603918,金桥信息,金桥信息:第五届董事会第十六次会议决议公告,董事会决议公告,2024-01-12,https://data.eastmoney.com/notices/detail/603918/AN202401111617260266.html
603918,金桥信息,金桥信息:关于日常关联交易的公告,关联交易,2024-01-12,https://data.eastmoney.com/notices/detail/603918/AN202401111617260263.html
603918,金桥信息,金桥信息:2024年第一次独立董事专门会议决议,其他,2024-01-12,https://data.eastmoney.com/notices/detail/603918/AN202401111617260267.html
603918,金桥信息,金桥信息:第五届监事会第十三次会议决议公告,监事会决议公告,2024-01-12,https://data.eastmoney.com/notices/detail/603918/AN202401111617260265.html
603918,金桥信息,金桥信息:关于使用部分闲置自有资金进行现金管理的公告,投资理财,2024-01-12,https://data.eastmoney.com/notices/detail/603918/AN202401111617260264.html
002594,比亚迪,比亚迪:关于持股5%以上股东部分股份解除质押的公告,股份质押、冻结,2024-01-12,https://data.eastmoney.com/notices/detail/002594/AN202401111617260256.html
002587,奥拓电子,奥拓电子:关于股东部分股份解除质押的公告,股份质押、冻结,2024-01-12,https://data.eastmoney.com/notices/detail/002587/AN202401111617260255.html
603259,药明康德,药明康德:H股公告(根据2022年H股奖励信托计划进一步授予奖励),其他,2024-01-12,https://data.eastmoney.com/notices/detail/603259/AN202401111617260229.html
600487,亨通光电,亨通光电:亨通光电关于控股股东部分股权解除质押及质押公告,股份质押、冻结,2024-01-12,https://data.eastmoney.com/notices/detail/600487/AN202401111617260230.html
603997,继峰股份,继峰股份:继峰股份关于为子公司银行融资提供担保的公告,提供/对外担保公告,2024-01-12,https://data.eastmoney.com/notices/detail/603997/AN202401111617260215.html
600403,大有能源,大有能源:河南大有能源股份有限公司关于董事辞职的公告,高管人员任职变动,2024-01-12,https://data.eastmoney.com/notices/detail/600403/AN202401111617260212.html
600403,大有能源,大有能源:河南大有能源股份有限公司2024年第一次临时股东大会决议公告,股东大会决议公告,2024-01-12,https://data.eastmoney.com/notices/detail/600403/AN202401111617260214.html
600403,大有能源,大有能源:河南大有能源股份有限公司2024年第一次临时股东大会法律意见书,法律意见书,2024-01-12,https://data.eastmoney.com/notices/detail/600403/AN202401111617260213.html
600403,大有能源,大有能源:河南大有能源股份有限公司章程(2024年修订),公司章程,2024-01-12,https://data.eastmoney.com/notices/detail/600403/AN202401111617260206.html
600117,西宁特钢,*ST西钢:西宁特殊钢股份有限公司关于子公司解除诉前财产保全的公告,其他,2024-01-12,https://data.eastmoney.com/notices/detail/600117/AN202401111617260210.html
688488,艾迪药业,艾迪药业:艾迪药业2024年第一次临时股东大会决议公告,股东大会决议公告,2024-01-12,https://data.eastmoney.com/notices/detail/688488/AN202401111617260205.html
600117,西宁特钢,*ST西钢:西宁特殊钢股份有限公司2024年第一次临时股东大会决议公告,股东大会决议公告,2024-01-12,https://data.eastmoney.com/notices/detail/600117/AN202401111617260211.html
688488,艾迪药业,艾迪药业:江苏世纪同仁律师事务所关于江苏艾迪药业股份有限公司2024年第一次临时股东大会的法律意见书,法律意见书,2024-01-12,https://data.eastmoney.com/notices/detail/688488/AN202401111617260208.html
600117,西宁特钢,*ST西钢:西宁特殊钢股份有限公司2024年第一次临时股东大会法律意见书,法律意见书,2024-01-12,https://data.eastmoney.com/notices/detail/600117/AN202401111617260209.html
002998,优彩资源,优彩资源:长江证券承销保荐有限公司关于优彩环保资源科技股份有限公司2023年度定期现场检查报告,保荐/核查意见,2024-01-12,https://data.eastmoney.com/notices/detail/002998/AN202401111617260189.html
603322,超讯科技,超讯通信:关于签订日常经营合作协议的公告,签订协议,2024-01-12,https://data.eastmoney.com/notices/detail/603322/AN202401111617260180.html
600908,无锡银行,无锡银行:无锡银行简式权益变动报告书(长城人寿),权益变动报告书,2024-01-12,https://data.eastmoney.com/notices/detail/600908/AN202401111617260159.html
600908,无锡银行,无锡银行:关于股东权益变动的提示性公告,权益变动报告书,2024-01-12,https://data.eastmoney.com/notices/detail/600908/AN202401111617260158.html
300179,四方达,四方达:第六届监事会第一次会议决议公告,高管人员任职变动,2024-01-12,https://data.eastmoney.com/notices/detail/300179/AN202401111617260144.html
300179,四方达,四方达:关于选举第六届监事会职工代表监事的公告,高管人员任职变动,2024-01-12,https://data.eastmoney.com/notices/detail/300179/AN202401111617260145.html
300179,四方达,四方达:关于公司董事会、监事会完成换届选举及聘任公司高级管理人员和证券事务代表的公告,高管人员任职变动,2024-01-12,https://data.eastmoney.com/notices/detail/300179/AN202401111617260141.html
688680,海优新材,海优新材:首次公开发行部分限售股上市流通公告,限售股份上市流通,2024-01-12,https://data.eastmoney.com/notices/detail/688680/AN202401111617260100.html
600116,三峡水利,三峡水利:重庆三峡水利电力(集团)股份有限公司关于2023年度担保计划的进展公告,其他担保公告,2024-01-12,https://data.eastmoney.com/notices/detail/600116/AN202401111617260106.html
002895,川恒股份,川恒股份:简式权益变动报告书(川恒集团),权益变动报告书,2024-01-12,https://data.eastmoney.com/notices/detail/002895/AN202401111617260121.html
688680,海优新材,海优新材:关于公司控股股东、实际控制人自愿承诺不减持公司股份的公告,其他,2024-01-12,https://data.eastmoney.com/notices/detail/688680/AN202401111617260114.html
688181,八亿时空,八亿时空:八亿时空独立董事关于第五届董事会第五次会议相关事项的独立意见,专项说明/独立意见,2024-01-12,https://data.eastmoney.com/notices/detail/688181/AN202401111617260115.html
600287,苏豪时尚,江苏舜天:江苏舜天2024年第一次临时股东大会会议文件,股东大会资料,2024-01-12,https://data.eastmoney.com/notices/detail/600287/AN202401111617260101.html
600116,三峡水利,三峡水利:重庆三峡水利电力(集团)股份有限公司关于2022年第一期中期票据2024年付息公告,其他,2024-01-12,https://data.eastmoney.com/notices/detail/600116/AN202401111617260105.html
688680,海优新材,海优新材:中信建投证券股份有限公司关于上海海优威新材料股份有限公司首次公开发行部分限售股上市流通的核查意见,保荐/核查意见,2024-01-12,https://data.eastmoney.com/notices/detail/688680/AN202401111617260113.html
600116,三峡水利,三峡水利:重庆三峡水利电力(集团)股份有限公司2023年度发电量、上网电量及售电量完成情况公告,月度经营情况,2024-01-12,https://data.eastmoney.com/notices/detail/600116/AN202401111617260107.html
688181,八亿时空,八亿时空:八亿时空关于使用节余募集资金向全资子公司增资以实施募投项目的公告,增资扩股,2024-01-12,https://data.eastmoney.com/notices/detail/688181/AN202401111617260104.html
688181,八亿时空,八亿时空:八亿时空第五届监事会第五次会议决议公告,监事会决议公告,2024-01-12,https://data.eastmoney.com/notices/detail/688181/AN202401111617260102.html
688181,八亿时空,八亿时空:首创证券股份有限公司关于北京八亿时空液晶科技股份有限公司使用节余募集资金向全资子公司增资以实施募投项目的核查意见,保荐/核查意见,2024-01-12,https://data.eastmoney.com/notices/detail/688181/AN202401111617260103.html
002895,川恒股份,川恒股份:控股股东持股比例被动稀释5%以上的权益变动公告,权益变动报告书,2024-01-12,https://data.eastmoney.com/notices/detail/002895/AN202401111617260092.html
603018,华设集团,华设集团:关于预计触发可转债转股价格向下修正条件的提示性公告,其他,2024-01-12,https://data.eastmoney.com/notices/detail/603018/AN202401111617260120.html
603018,华设集团,华设集团:关于以集中竞价交易方式首次回购股份的公告,回购实施公告,2024-01-12,https://data.eastmoney.com/notices/detail/603018/AN202401111617260119.html
600547,山东黄金,山东黄金:山东黄金矿业股份有限公司关于向特定对象发行股票申请收到上海证券交易所审核中心意见落实函的公告,其他,2024-01-12,https://data.eastmoney.com/notices/detail/600547/AN202401111617260112.html
600547,山东黄金,山东黄金:山东黄金矿业股份有限公司关于召开2024年第一次临时股东大会、2024年第一次A股类别股东大会及2024年第一次H股类别股东大会的通知,召开股东大会通知,2024-01-12,https://data.eastmoney.com/notices/detail/600547/AN202401111617260111.html
600547,山东黄金,山东黄金:山东黄金矿业股份有限公司2024年第一次临时股东大会、2024年第一次A股类别股东大会、2024年第一次H股类别股东大会会议资料,股东大会资料,2024-01-12,https://data.eastmoney.com/notices/detail/600547/AN202401111617260117.html
605196,华通线缆,华通线缆:华通线缆关于公司向银行申请综合授信并接受公司、子公司及实际控制人担保的进展的公告,提供/对外担保公告,2024-01-12,https://data.eastmoney.com/notices/detail/605196/AN202401111617260116.html
603667,五洲新春,五洲新春:五洲新春关于高级管理人员收到行政监管措施决定书暨完成回购股份的公告,回购进展情况,2024-01-12,https://data.eastmoney.com/notices/detail/603667/AN202401111617260109.html
603697,有友食品,有友食品:关于使用暂时闲置募集资金购买理财产品到期赎回并继续购买理财产品的公告,投资理财,2024-01-12,https://data.eastmoney.com/notices/detail/603697/AN202401111617260110.html
603697,有友食品,有友食品:关于使用自有资金购买理财产品到期赎回并继续购买理财产品的公告,投资理财,2024-01-12,https://data.eastmoney.com/notices/detail/603697/AN202401111617260108.html
300179,四方达,四方达:第六届董事会第一次会议决议公告,高管人员任职变动,2024-01-12,https://data.eastmoney.com/notices/detail/300179/AN202401111617260093.html
688298,东方生物,东方生物:关于自愿披露取得医疗器械注册证的公告,其他,2024-01-12,https://data.eastmoney.com/notices/detail/688298/AN202401111617260066.html
603317,天味食品,天味食品:关于使用部分闲置募集资金进行现金管理的公告,投资理财,2024-01-12,https://data.eastmoney.com/notices/detail/603317/AN202401111617260055.html
603650,彤程新材,彤程新材:彤程新材关于更换持续督导保荐代表人的公告,保荐代表人（机构）变更,2024-01-12,https://data.eastmoney.com/notices/detail/603650/AN202401111617260054.html
002879,长缆科技,长缆科技:关于变更公司名称、经营范围及修订《公司章程》暨完成工商变更登记的公告,公司名称变更,2024-01-12,https://data.eastmoney.com/notices/detail/002879/AN202401111617260051.html
002141,贤丰控股,贤丰控股:关于公司控股股东一致行动人被裁定受理破产清算暨被拍卖股份已撤回拍卖的公告,其他,2024-01-12,https://data.eastmoney.com/notices/detail/002141/AN202401111617260056.html
603259,药明康德,药明康德:关于2019年限制性股票与股票期权激励计划首次授予股票期权第三个行权期限制行权期间的提示性公告,股权激励进展公告,2024-01-12,https://data.eastmoney.com/notices/detail/603259/AN202401111617260030.html
301057,汇隆新材,汇隆新材:关于变更募集资金用途的公告,变更募集资金投资项目,2024-01-12,https://data.eastmoney.com/notices/detail/301057/AN202401111617260065.html
301057,汇隆新材,汇隆新材:累积投票制实施细则,议事规则/实施细则,2024-01-12,https://data.eastmoney.com/notices/detail/301057/AN202401111617260064.html
301057,汇隆新材,汇隆新材:关于投资建设年产27万吨绿色新材料及1000万套户外用品数字化工厂项目的公告,对外项目投资,2024-01-12,https://data.eastmoney.com/notices/detail/301057/AN202401111617260063.html
301057,汇隆新材,汇隆新材:公司章程(2024年1月),公司章程,2024-01-12,https://data.eastmoney.com/notices/detail/301057/AN202401111617260062.html
301057,汇隆新材,汇隆新材:董事会专门委员会实施细则,议事规则/实施细则,2024-01-12,https://data.eastmoney.com/notices/detail/301057/AN202401111617260053.html
301057,汇隆新材,汇隆新材:北京金诚同达(上海)律师事务所关于浙江汇隆新材料股份有限公司2022年限制性股票激励计划调整回购价格及回购注销部分限制性股票的法律意见书,法律意见书,2024-01-12,https://data.eastmoney.com/notices/detail/301057/AN202401111617260061.html
301057,汇隆新材,汇隆新材:关于召开2024年第一次临时股东大会的通知,召开股东大会通知,2024-01-12,https://data.eastmoney.com/notices/detail/301057/AN202401111617260052.html
301057,汇隆新材,汇隆新材:第四届监事会第五次会议决议公告,监事会决议公告,2024-01-12,https://data.eastmoney.com/notices/detail/301057/AN202401111617260060.html
301057,汇隆新材,汇隆新材:公司章程修正案(2024年1月),公司章程修订,2024-01-12,https://data.eastmoney.com/notices/detail/301057/AN202401111617260059.html
301057,汇隆新材,汇隆新材:第四届董事会第五次会议决议公告,董事会决议公告,2024-01-12,https://data.eastmoney.com/notices/detail/301057/AN202401111617260058.html
301057,汇隆新材,汇隆新材:关于调整回购价格及回购注销部分限制性股票的公告,回购方案修订,2024-01-12,https://data.eastmoney.com/notices/detail/301057/AN202401111617260057.html
301057,汇隆新材,汇隆新材:独立董事工作制度,管理办法/制度,2024-01-12,https://data.eastmoney.com/notices/detail/301057/AN202401111617260022.html
301057,汇隆新材,汇隆新材:监事会议事规则,议事规则/实施细则,2024-01-12,https://data.eastmoney.com/notices/detail/301057/AN202401111617260021.html
301057,汇隆新材,汇隆新材:浙商证券股份有限公司关于浙江汇隆新材料股份有限公司变更部分募投项目募集资金用途的核查意见,保荐/核查意见,2024-01-12,https://data.eastmoney.com/notices/detail/301057/AN202401111617260019.html
600380,健康元,健康元:健康元药业集团股份有限公司关于获得临床试验批准通知书的公告,其他,2024-01-12,https://data.eastmoney.com/notices/detail/600380/AN202401111617260009.html
600380,健康元,健康元:健康元药业集团股份有限公司关于召开2024年第一次临时股东大会的提示性公告,召开股东大会提示性公告,2024-01-12,https://data.eastmoney.com/notices/detail/600380/AN202401111617260008.html
001266,宏英智能,宏英智能:关于首次回购公司股份的公告,回购实施公告,2024-01-12,https://data.eastmoney.com/notices/detail/001266/AN202401111617259964.html
002831,裕同科技,裕同科技:关于召开2024年第一次临时股东大会的提示性公告,召开股东大会提示性公告,2024-01-12,https://data.eastmoney.com/notices/detail/002831/AN202401111617259973.html
300283,温州宏丰,温州宏丰:中德证券有限责任公司关于温州宏丰电工合金股份有限公司向控股子公司增资暨关联交易的核查意见,保荐/核查意见,2024-01-12,https://data.eastmoney.com/notices/detail/300283/AN202401111617259977.html
300283,温州宏丰,温州宏丰:第五届监事会第十八次(临时)会议决议公告,监事会决议公告,2024-01-12,https://data.eastmoney.com/notices/detail/300283/AN202401111617259975.html
300283,温州宏丰,温州宏丰:独立董事专门会议工作规则,议事规则/实施细则,2024-01-12,https://data.eastmoney.com/notices/detail/300283/AN202401111617259965.html
300283,温州宏丰,温州宏丰:独立董事工作细则(2024年1月修订),其他,2024-01-12,https://data.eastmoney.com/notices/detail/300283/AN202401111617259970.html
300283,温州宏丰,温州宏丰:第五届董事会第二十次(临时)会议决议公告,董事会决议公告,2024-01-12,https://data.eastmoney.com/notices/detail/300283/AN202401111617259979.html
600688,上海石化,上海石化:上海石化H股公告(Next Day Disclosure Return),其他,2024-01-12,https://data.eastmoney.com/notices/detail/600688/AN202401111617259848.html
300283,温州宏丰,温州宏丰:关于对控股子公司增资暨关联交易的公告,关联交易,2024-01-12,https://data.eastmoney.com/notices/detail/300283/AN202401111617259849.html
300283,温州宏丰,温州宏丰:关于召开2024年第一次(临时)股东大会的通知,召开股东大会通知,2024-01-12,https://data.eastmoney.com/notices/detail/300283/AN202401111617259846.html
301566,达利凯普,达利凯普:公司章程,公司章程,2024-01-12,https://data.eastmoney.com/notices/detail/301566/AN202401111617259826.html
301566,达利凯普,达利凯普:监事会议事规则,议事规则/实施细则,2024-01-12,https://data.eastmoney.com/notices/detail/301566/AN202401111617259825.html
301566,达利凯普,达利凯普:第二届监事会第三次会议决议公告,监事会决议公告,2024-01-12,https://data.eastmoney.com/notices/detail/301566/AN202401111617259840.html
301566,达利凯普,达利凯普:战略委员会工作细则,议事规则/实施细则,2024-01-12,https://data.eastmoney.com/notices/detail/301566/AN202401111617259824.html
301566,达利凯普,达利凯普:董事会秘书工作细则,议事规则/实施细则,2024-01-12,https://data.eastmoney.com/notices/detail/301566/AN202401111617259822.html
301566,达利凯普,达利凯普:对外担保管理制度,管理办法/制度,2024-01-12,https://data.eastmoney.com/notices/detail/301566/AN202401111617259839.html
301566,达利凯普,达利凯普:规范与关联方资金往来管理制度,管理办法/制度,2024-01-12,https://data.eastmoney.com/notices/detail/301566/AN202401111617259823.html
301566,达利凯普,达利凯普:关联交易管理制度,管理办法/制度,2024-01-12,https://data.eastmoney.com/notices/detail/301566/AN202401111617259821.html
301566,达利凯普,达利凯普:股东大会议事规则,议事规则/实施细则,2024-01-12,https://data.eastmoney.com/notices/detail/301566/AN202401111617259820.html
301566,达利凯普,达利凯普:控股股东和实际控制人行为规范,议事规则/实施细则,2024-01-12,https://data.eastmoney.com/notices/detail/301566/AN202401111617259838.html
301566,达利凯普,达利凯普:信息披露事务管理制度,管理办法/制度,2024-01-12,https://data.eastmoney.com/notices/detail/301566/AN202401111617259819.html
301566,达利凯普,达利凯普:内部审计制度,管理办法/制度,2024-01-12,https://data.eastmoney.com/notices/detail/301566/AN202401111617259837.html
301566,达利凯普,达利凯普:提名委员会工作细则,议事规则/实施细则,2024-01-12,https://data.eastmoney.com/notices/detail/301566/AN202401111617259836.html
301566,达利凯普,达利凯普:薪酬与考核委员会工作细则,议事规则/实施细则,2024-01-12,https://data.eastmoney.com/notices/detail/301566/AN202401111617259818.html
301566,达利凯普,达利凯普:募集资金管理制度,管理办法/制度,2024-01-12,https://data.eastmoney.com/notices/detail/301566/AN202401111617259834.html
301566,达利凯普,达利凯普:董事会议事规则,议事规则/实施细则,2024-01-12,https://data.eastmoney.com/notices/detail/301566/AN202401111617259835.html
301566,达利凯普,达利凯普:总经理工作细则,议事规则/实施细则,2024-01-12,https://data.eastmoney.com/notices/detail/301566/AN202401111617259832.html
301566,达利凯普,达利凯普:关于变更注册资本、公司类型、修订《公司章程》并办理工商变更登记的公告,公司注册资本变更,2024-01-12,https://data.eastmoney.com/notices/detail/301566/AN202401111617259833.html
301566,达利凯普,达利凯普:关于召开2024年第一次临时股东大会的通知,召开股东大会通知,2024-01-12,https://data.eastmoney.com/notices/detail/301566/AN202401111617259831.html
301566,达利凯普,达利凯普:第二届董事会第四次会议决议公告,董事会决议公告,2024-01-12,https://data.eastmoney.com/notices/detail/301566/AN202401111617259817.html
301566,达利凯普,达利凯普:投资者关系管理制度,管理办法/制度,2024-01-12,https://data.eastmoney.com/notices/detail/301566/AN202401111617259810.html
301566,达利凯普,达利凯普:对外投资管理制度,管理办法/制度,2024-01-12,https://data.eastmoney.com/notices/detail/301566/AN202401111617259809.html
301566,达利凯普,达利凯普:独立董事工作制度,管理办法/制度,2024-01-12,https://data.eastmoney.com/notices/detail/301566/AN202401111617259806.html
301566,达利凯普,达利凯普:独立董事专门会议制度,管理办法/制度,2024-01-12,https://data.eastmoney.com/notices/detail/301566/AN202401111617259805.html
301566,达利凯普,达利凯普:审计委员会工作细则,议事规则/实施细则,2024-01-12,https://data.eastmoney.com/notices/detail/301566/AN202401111617259808.html
002282,博深股份,博深股份:博深股份有限公司关于挂牌转让江苏启航研磨科技有限公司51%股权进展暨完成工商变更登记的公告,股权转让,2024-01-12,https://data.eastmoney.com/notices/detail/002282/AN202401111617259767.html
601669,中国电建,中国电建:中国电力建设股份有限公司关于新增募集资金专户并签订募集资金专户存储四方监管协议的公告,签订协议,2024-01-12,https://data.eastmoney.com/notices/detail/601669/AN202401111617259765.html
601669,中国电建,中国电建:中国电力建设股份有限公司关于部分募集资金专户销户的公告,募集资金使用情况报告,2024-01-12,https://data.eastmoney.com/notices/detail/601669/AN202401111617259768.html
601669,中国电建,中国电建:中国电力建设股份有限公司关于为中电建商业保理有限公司开展资产证券化业务提供差额补足的公告,其他,2024-01-12,https://data.eastmoney.com/notices/detail/601669/AN202401111617259766.html
603138,海量数据,海量数据:海量数据完成工商变更登记的公告,公司注册资本变更,2024-01-12,https://data.eastmoney.com/notices/detail/603138/AN202401111617259739.html
300259,新天科技,新天科技:关于参与投资的产业基金清算注销的公告,公司关联方基本资料变更,2024-01-12,https://data.eastmoney.com/notices/detail/300259/AN202401111617259703.html
688177,百奥泰,百奥泰:百奥泰自愿披露关于BAT7104注射液联合BAT4706注射液治疗晚期恶性肿瘤获得药物临床试验批准通知书的公告,其他,2024-01-12,https://data.eastmoney.com/notices/detail/688177/AN202401111617259559.html
603300,海南华铁,华铁应急:浙江华铁应急设备科技股份有限公司关于与徐工消防安全装备有限公司签订产业战略合作协议的公告,签订协议,2024-01-12,https://data.eastmoney.com/notices/detail/603300/AN202401111617259558.html
605180,华生科技,华生科技:2024年第一次临时股东大会决议公告,股东大会决议公告,2024-01-12,https://data.eastmoney.com/notices/detail/605180/AN202401111617259490.html
605180,华生科技,华生科技:第三届监事会第一次会议决议公告,高管人员任职变动,2024-01-12,https://data.eastmoney.com/notices/detail/605180/AN202401111617259488.html
605180,华生科技,华生科技:第三届董事会第一次会议决议公告,高管人员任职变动,2024-01-12,https://data.eastmoney.com/notices/detail/605180/AN202401111617259489.html
605180,华生科技,华生科技:关于公司董事会、监事会完成换届选举及聘任高级管理人员、证券事务代表的公告,高管人员任职变动,2024-01-12,https://data.eastmoney.com/notices/detail/605180/AN202401111617259487.html
605180,华生科技,华生科技:浙江天册律师事务所关于浙江华生科技股份有限公司2024年第一次临时股东大会的法律意见书,法律意见书,2024-01-12,https://data.eastmoney.com/notices/detail/605180/AN202401111617259486.html
301285,鸿日达,鸿日达:关于使用部分闲置募集资金进行现金管理的进展公告,募集资金使用进展情况,2024-01-12,https://data.eastmoney.com/notices/detail/301285/AN202401111617259447.html
600691,潞化科技,阳煤化工:阳煤化工股份有限公司关于履行担保责任的公告,其他担保公告,2024-01-12,https://data.eastmoney.com/notices/detail/600691/AN202401111617259444.html
603398,*ST沐邦,沐邦高科:江西沐邦高科股份有限公司关于控股股东股份质押的公告,股份质押、冻结,2024-01-12,https://data.eastmoney.com/notices/detail/603398/AN202401111617259445.html
600186,莲花控股,莲花健康:莲花健康第九届董事会第十一次会议决议公告,高管人员任职变动,2024-01-12,https://data.eastmoney.com/notices/detail/600186/AN202401111617259440.html
002613,北玻股份,北玻股份:关于公司申请向特定对象发行股票获得深圳证券交易所上市审核中心审核通过的公告,增发获准公告,2024-01-12,https://data.eastmoney.com/notices/detail/002613/AN202401111617259439.html
002536,飞龙股份,飞龙股份:关于使用暂时闲置募集资金进行现金管理的进展公告,募集资金使用进展情况,2024-01-12,https://data.eastmoney.com/notices/detail/002536/AN202401111617259438.html
688072,拓荆科技,拓荆科技:招商证券股份有限公司关于拓荆科技股份有限公司2023年度持续督导工作现场检查报告,保荐/核查意见,2024-01-12,https://data.eastmoney.com/notices/detail/688072/AN202401111617259261.html
603496,恒为科技,恒为科技:关于2023年四季度获得政府补助的公告,获得补贴（资助）,2024-01-12,https://data.eastmoney.com/notices/detail/603496/AN202401111617259262.html
688097,博众精工,博众精工:博众精工第三届监事会第二次会议决议公告,监事会决议公告,2024-01-12,https://data.eastmoney.com/notices/detail/688097/AN202401111617259260.html
688097,博众精工,博众精工:博众精工关于开展外汇衍生品交易业务的公告,其他,2024-01-12,https://data.eastmoney.com/notices/detail/688097/AN202401111617259254.html
688097,博众精工,博众精工:博众精工关于开展外汇衍生品交易业务的可行性分析报告,其他,2024-01-12,https://data.eastmoney.com/notices/detail/688097/AN202401111617259257.html
688097,博众精工,博众精工:博众精工关于使用部分暂时闲置募集资金进行现金管理的公告,投资理财,2024-01-12,https://data.eastmoney.com/notices/detail/688097/AN202401111617259255.html
688290,景业智能,景业智能:景业智能关于以集中竞价交易方式回购公司股份的回购报告书,回购报告书,2024-01-12,https://data.eastmoney.com/notices/detail/688290/AN202401111617259256.html
688097,博众精工,博众精工:华泰联合证券有限责任公司关于博众精工开展外汇衍生品交易业务的核查意见,保荐/核查意见,2024-01-12,https://data.eastmoney.com/notices/detail/688097/AN202401111617259258.html
688097,博众精工,博众精工:华泰联合证券有限责任公司关于博众精工使用部分暂时闲置募集资金进行现金管理的核查意见,保荐/核查意见,2024-01-12,https://data.eastmoney.com/notices/detail/688097/AN202401111617259259.html
600036,招商银行,招商银行:招商银行股份有限公司关于股东监事辞任的公告,高管人员任职变动,2024-01-12,https://data.eastmoney.com/notices/detail/600036/AN202401111617259234.html
688793,倍轻松,倍轻松:关于完成工商变更登记的公告,公司注册资本变更,2024-01-12,https://data.eastmoney.com/notices/detail/688793/AN202401111617259179.html
601288,农业银行,农业银行:农业银行关于召开2024年度第一次临时股东大会的通知,召开股东大会通知,2024-01-12,https://data.eastmoney.com/notices/detail/601288/AN202401111617259160.html
601288,农业银行,农业银行:农业银行2024年度第一次临时股东大会会议资料,股东大会资料,2024-01-12,https://data.eastmoney.com/notices/detail/601288/AN202401111617259161.html
603373,安邦护卫,安邦护卫:上海市锦天城律师事务所关于安邦护卫集团股份有限公司2024年第一次临时股东大会的法律意见书,法律意见书,2024-01-12,https://data.eastmoney.com/notices/detail/603373/AN202401111617259149.html
603373,安邦护卫,安邦护卫:安邦护卫2024年第一次临时股东大会决议公告,股东大会决议公告,2024-01-12,https://data.eastmoney.com/notices/detail/603373/AN202401111617259148.html
000863,三湘印象,三湘印象:关于持股5%以上股东部分股份质押展期的公告,股份质押、冻结,2024-01-12,https://data.eastmoney.com/notices/detail/000863/AN202401111617259081.html
600527,江南高纤,江南高纤:江南高纤关于使用闲置自有资金进行现金管理的进展公告,投资理财,2024-01-12,https://data.eastmoney.com/notices/detail/600527/AN202401111617259067.html
600527,江南高纤,江南高纤:江南高纤关于募集资金现金管理公告的更正公告,其他,2024-01-12,https://data.eastmoney.com/notices/detail/600527/AN202401111617259066.html
002907,华森制药,华森制药:关于公司药品通过仿制药一致性评价的公告,其他,2024-01-12,https://data.eastmoney.com/notices/detail/002907/AN202401111617258946.html
600694,大商股份,大商股份:大商股份有限公司关于持股5%以上股东解除股票质押的公告,股份质押、冻结,2024-01-12,https://data.eastmoney.com/notices/detail/600694/AN202401111617258947.html
600694,大商股份,大商股份:大商股份有限公司2024年第一次临时股东大会决议公告,股东大会决议公告,2024-01-12,https://data.eastmoney.com/notices/detail/600694/AN202401111617258945.html
600694,大商股份,大商股份:北京德恒(大连)律师事务所关于大商股份有限公司2024年第一次临时股东大会的法律意见书,法律意见书,2024-01-12,https://data.eastmoney.com/notices/detail/600694/AN202401111617258944.html
000661,长春高新,长春高新:简式权益变动报告书(金磊、王思勉),权益变动报告书,2024-01-12,https://data.eastmoney.com/notices/detail/000661/AN202401111617258897.html
000661,长春高新,长春高新:关于股东权益变动的提示性公告,权益变动报告书,2024-01-12,https://data.eastmoney.com/notices/detail/000661/AN202401111617258898.html
603681,永冠新材,永冠新材:上海永冠众诚新材料科技(集团)股份有限公司关于回购股份数超过总股本1%的公告,回购进展情况,2024-01-12,https://data.eastmoney.com/notices/detail/603681/AN202401111617258895.html
601086,国芳集团,国芳集团:股票交易异常波动公告,股票交易异常波动,2024-01-12,https://data.eastmoney.com/notices/detail/601086/AN202401111617258903.html
601086,国芳集团,国芳集团:控股股东、实际控制人关于公司股票异常波动问询函及回复,回复问询函公告,2024-01-12,https://data.eastmoney.com/notices/detail/601086/AN202401111617258902.html
688468,科美诊断,科美诊断:科美诊断技术股份有限公司关于以集中竞价交易方式首次回购公司股份的公告,回购实施公告,2024-01-12,https://data.eastmoney.com/notices/detail/688468/AN202401111617258869.html
603180,金牌家居,金牌厨柜:金牌厨柜2024年第一次临时股东大会会议资料,股东大会资料,2024-01-12,https://data.eastmoney.com/notices/detail/603180/AN202401111617258870.html
605122,四方新材,四方新材:重庆四方新材股份有限公司2023年第四季度产量快报,月度经营情况,2024-01-12,https://data.eastmoney.com/notices/detail/605122/AN202401111617258868.html
688148,芳源股份,芳源股份:芳源股份关于会计师事务所变更项目质量控制复核人的公告,公司关联方基本资料变更,2024-01-12,https://data.eastmoney.com/notices/detail/688148/AN202401111617258845.html
000685,中山公用,中山公用:银河证券关于中山公用事业集团股份有限公司相关股东申请有限售条件的流通股上市流通的核查意见,保荐/核查意见,2024-01-12,https://data.eastmoney.com/notices/detail/000685/AN202401111617258843.html
000685,中山公用,中山公用:中山公用事业集团股份有限公司股改限售股份上市流通公告,限售股份上市流通,2024-01-12,https://data.eastmoney.com/notices/detail/000685/AN202401111617258842.html
002602,世纪华通,世纪华通:独立董事提名人声明与承诺(李臻),独立董事提名人声明,2024-01-12,https://data.eastmoney.com/notices/detail/002602/AN202401111617258850.html
002602,世纪华通,世纪华通:独立董事候选人声明与承诺(李臻),独立董事候选人声明,2024-01-12,https://data.eastmoney.com/notices/detail/002602/AN202401111617258849.html
002602,世纪华通,世纪华通:第五届董事会第二十六次会议决议公告,高管人员任职变动,2024-01-12,https://data.eastmoney.com/notices/detail/002602/AN202401111617258841.html
002602,世纪华通,世纪华通:关于以集中竞价交易方式回购公司股份的回购报告书,回购报告书,2024-01-12,https://data.eastmoney.com/notices/detail/002602/AN202401111617258848.html
002602,世纪华通,世纪华通:关于独立董事辞职暨选举独立董事的公告,高管人员任职变动,2024-01-12,https://data.eastmoney.com/notices/detail/002602/AN202401111617258847.html
000422,湖北宜化,湖北宜化:关于对外担保的进展公告,提供/对外担保公告,2024-01-12,https://data.eastmoney.com/notices/detail/000422/AN202401111617258840.html
601789,宁波建工,宁波建工:宁波建工关于下属子公司签订国有建设用地使用权出让合同的公告,其他,2024-01-12,https://data.eastmoney.com/notices/detail/601789/AN202401111617258774.html
002987,京北方,京北方:关于购买土地使用权及建设研发中心进展的公告,收购出售资产/股权,2024-01-12,https://data.eastmoney.com/notices/detail/002987/AN202401111617258702.html
002602,世纪华通,世纪华通:关于召开公司2024年第一次临时股东大会的通知,召开股东大会通知,2024-01-12,https://data.eastmoney.com/notices/detail/002602/AN202401111617258703.html
000888,峨眉山A,峨眉山Ａ:关于公司党委书记任免的公告,高管人员任职变动,2024-01-12,https://data.eastmoney.com/notices/detail/000888/AN202401111617258704.html
600467,好当家,好当家:好当家关于控股股东进行股票质押的更正公告,其他,2024-01-12,https://data.eastmoney.com/notices/detail/600467/AN202401111617258696.html
688563,航材股份,航材股份:首次公开发行网下配售限售股上市流通公告,限售股份上市流通,2024-01-12,https://data.eastmoney.com/notices/detail/688563/AN202401111617258697.html
688563,航材股份,航材股份:中信证券股份有限公司关于北京航空材料研究院股份有限公司首次公开发行网下配售限售股上市流通的核查意见,保荐/核查意见,2024-01-12,https://data.eastmoney.com/notices/detail/688563/AN202401111617258695.html
600306,退市商城,*ST商城:沈阳商业城股份有限公司关于股票交易风险提示公告,风险提示性公告,2024-01-12,https://data.eastmoney.com/notices/detail/600306/AN202401111617258665.html
605033,美邦股份,美邦股份:光大证券股份有限公司关于陕西美邦药业集团股份有限公司定期现场检查报告,保荐/核查意见,2024-01-12,https://data.eastmoney.com/notices/detail/605033/AN202401111617258664.html
600853,龙建股份,龙建股份:龙建股份工程项目中标公告,重大合同,2024-01-12,https://data.eastmoney.com/notices/detail/600853/AN202401111617258632.html
600802,福建水泥,福建水泥:关于福建水泥股份有限公司2024年第一次临时股东大会法律意见书,法律意见书,2024-01-12,https://data.eastmoney.com/notices/detail/600802/AN202401111617258629.html
603331,百达精工,百达精工:2024年第一次临时股东大会会议资料,股东大会资料,2024-01-12,https://data.eastmoney.com/notices/detail/603331/AN202401111617258628.html
600802,福建水泥,福建水泥:福建水泥2024年第一次临时股东大会决议公告,股东大会决议公告,2024-01-12,https://data.eastmoney.com/notices/detail/600802/AN202401111617258630.html
600515,海南机场,海南机场:海南机场设施股份有限公司2024年第一次临时股东大会会议文件,股东大会资料,2024-01-12,https://data.eastmoney.com/notices/detail/600515/AN202401111617258631.html
603190,亚通精工,亚通精工:关于变更签字注册会计师的公告,公司关联方基本资料变更,2024-01-12,https://data.eastmoney.com/notices/detail/603190/AN202401111617258596.html
603190,亚通精工,亚通精工:第二届董事会第七次会议决议公告,董事会决议公告,2024-01-12,https://data.eastmoney.com/notices/detail/603190/AN202401111617258602.html
603190,亚通精工,亚通精工:关于使用部分闲置募集资金临时补充流动资金的公告,募集资金补充流动资金,2024-01-12,https://data.eastmoney.com/notices/detail/603190/AN202401111617258595.html
603190,亚通精工,亚通精工:东吴证券关于亚通精工使用部分闲置募集资金临时补充流动资金的核查意见,保荐/核查意见,2024-01-12,https://data.eastmoney.com/notices/detail/603190/AN202401111617258594.html
603190,亚通精工,亚通精工:第二届监事会第七次会议决议公告,监事会决议公告,2024-01-12,https://data.eastmoney.com/notices/detail/603190/AN202401111617258593.html
600435,北方导航,北方导航:北方导航关于控股子公司中兵航联科技股份有限公司股票定向发行新增股份在全国股份转让系统挂牌并公开转让的公告,增发挂牌公告,2024-01-12,https://data.eastmoney.com/notices/detail/600435/AN202401111617258601.html
000820,神雾节能,神雾节能:德邦证券股份有限公司关于神雾节能股份有限公司股权分置改革持续督导2023年度保荐工作报告,保荐/核查意见,2024-01-12,https://data.eastmoney.com/notices/detail/000820/AN202401111617258600.html
000498,山东路桥,山东路桥:回购报告书,回购报告书,2024-01-12,https://data.eastmoney.com/notices/detail/000498/AN202401111617258591.html
002644,佛慈制药,佛慈制药:兰州佛慈制药股份有限公司2024年第一次临时股东大会法律意见,法律意见书,2024-01-12,https://data.eastmoney.com/notices/detail/002644/AN202401111617258592.html
002644,佛慈制药,佛慈制药:2024年第一次临时股东大会会议决议公告,股东大会决议公告,2024-01-12,https://data.eastmoney.com/notices/detail/002644/AN202401111617258599.html
600585,海螺水泥,海螺水泥:翌日披露報表,其他,2024-01-12,https://data.eastmoney.com/notices/detail/600585/AN202401111617258560.html
603919,金徽酒,金徽酒:金徽酒股份有限公司关于控股股东解除股份质押及继续质押的公告,股份质押、冻结,2024-01-12,https://data.eastmoney.com/notices/detail/603919/AN202401111617258558.html
600213,*ST亚星,亚星客车:扬州亚星客车股份有限关于公司债务人破产相关案件的进展公告,破产清算,2024-01-12,https://data.eastmoney.com/notices/detail/600213/AN202401111617258557.html
603112,华翔股份,华翔股份:2024年第一次临时股东大会决议公告,股东大会决议公告,2024-01-12,https://data.eastmoney.com/notices/detail/603112/AN202401111617258556.html
603112,华翔股份,华翔股份:北京市康达律师事务所关于山西华翔集团股份有限公司2024年第一次临时股东大会法律意见书,法律意见书,2024-01-12,https://data.eastmoney.com/notices/detail/603112/AN202401111617258555.html
002840,华统股份,华统股份:关于全资子公司获得高新技术企业证书的公告(2024-017),其他,2024-01-12,https://data.eastmoney.com/notices/detail/002840/AN202401111617258542.html
003039,顺控发展,顺控发展:中国银河证券股份有限公司关于广东顺控发展股份有限公司2023年现场检查报告,保荐/核查意见,2024-01-12,https://data.eastmoney.com/notices/detail/003039/AN202401111617258468.html
002840,华统股份,华统股份:2023年12月畜禽销售情况简报,月度经营情况,2024-01-12,https://data.eastmoney.com/notices/detail/002840/AN202401111617258544.html
600095,湘财股份,湘财股份:湘财股份2021年股票期权激励计划限制行权期间的提示性公告,股权激励进展公告,2024-01-12,https://data.eastmoney.com/notices/detail/600095/AN202401111617258436.html
002740,*ST爱迪,*ST爱迪:关于公司股票存在因股价低于面值被终止上市的风险提示公告,终止上市风险提示,2024-01-12,https://data.eastmoney.com/notices/detail/002740/AN202401111617258438.html
002859,洁美科技,洁美科技:关于对全资子公司增资并完成注册的公告,增资扩股,2024-01-12,https://data.eastmoney.com/notices/detail/002859/AN202401111617258437.html
002623,亚玛顿,亚玛顿:2024年第一次临时股东大会法律意见书,法律意见书,2024-01-12,https://data.eastmoney.com/notices/detail/002623/AN202401111617258446.html
002701,奥瑞金,奥瑞金:关于筹划重大资产重组的进展公告,重组进展公告,2024-01-12,https://data.eastmoney.com/notices/detail/002701/AN202401111617258334.html
002623,亚玛顿,亚玛顿:2024年第一次临时股东大会决议公告,股东大会决议公告,2024-01-12,https://data.eastmoney.com/notices/detail/002623/AN202401111617258333.html
600939,重庆建工,重庆建工:重庆建工关于为所属子公司提供担保的进展公告,提供/对外担保公告,2024-01-12,https://data.eastmoney.com/notices/detail/600939/AN202401111617258332.html
600225,退市卓朗,卓朗科技:天津卓朗信息科技股份有限公司关于为全资子公司融资业务提供担保的公告,提供/对外担保公告,2024-01-12,https://data.eastmoney.com/notices/detail/600225/AN202401111617258308.html
601607,上海医药,上海医药:上海医药集团股份有限公司关于替米沙坦氢氯噻嗪片通过仿制药一致性评价的公告,其他,2024-01-12,https://data.eastmoney.com/notices/detail/601607/AN202401111617258307.html
688701,卓锦股份,卓锦股份:浙江卓锦环保科技股份有限公司2024年第二次临时股东大会会议材料,股东大会资料,2024-01-12,https://data.eastmoney.com/notices/detail/688701/AN202401111617258303.html
600983,惠而浦,惠而浦:惠而浦2024年第一次临时董事会会议决议公告,董事会决议公告,2024-01-12,https://data.eastmoney.com/notices/detail/600983/AN202401111617258305.html
600983,惠而浦,惠而浦:惠而浦2024年第一次临时监事会会议决议公告,监事会决议公告,2024-01-12,https://data.eastmoney.com/notices/detail/600983/AN202401111617258302.html
600983,惠而浦,惠而浦:惠而浦关于拟签署商业协议暨关联交易的公告,签订协议,2024-01-12,https://data.eastmoney.com/notices/detail/600983/AN202401111617258301.html
600983,惠而浦,惠而浦:独立董事对董事会有关议案的独立意见,专项说明/独立意见,2024-01-12,https://data.eastmoney.com/notices/detail/600983/AN202401111617258300.html
600983,惠而浦,惠而浦:惠而浦2024年第一次临时股东大会会议通知,召开股东大会通知,2024-01-12,https://data.eastmoney.com/notices/detail/600983/AN202401111617258304.html
603698,航天工程,航天工程:航天工程公司2024年第一次临时股东大会会议资料,股东大会资料,2024-01-12,https://data.eastmoney.com/notices/detail/603698/AN202401111617258246.html
688598,金博股份,金博股份:金博股份关于完成回购股份注销暨股份变动公告,股本变动,2024-01-12,https://data.eastmoney.com/notices/detail/688598/AN202401111617258247.html
605305,中际联合,中际联合:中际联合关于使用闲置募集资金进行现金管理到期赎回并继续进行现金管理的进展公告,募集资金使用进展情况,2024-01-12,https://data.eastmoney.com/notices/detail/605305/AN202401111617258224.html
000969,安泰科技,安泰科技:安泰科技股份有限公司关于安泰环境公开挂牌转让其控股子公司股权的进展公告,股权转让,2024-01-12,https://data.eastmoney.com/notices/detail/000969/AN202401111617258225.html
002897,意华股份,意华股份:关于为子公司提供担保的公告,提供/对外担保公告,2024-01-12,https://data.eastmoney.com/notices/detail/002897/AN202401111617258221.html
601929,吉视传媒,吉视传媒:吉视传媒股份有限公司2024年第一次临时股东大会决议公告,股东大会决议公告,2024-01-12,https://data.eastmoney.com/notices/detail/601929/AN202401111617258215.html
601929,吉视传媒,吉视传媒:吉视传媒股份有限公司2024年第一次临时股东大会法律意见书,法律意见书,2024-01-12,https://data.eastmoney.com/notices/detail/601929/AN202401111617258211.html
600568,ST中珠,ST中珠:中珠医疗控股股份有限公司关于股东所持公司股份将被司法拍卖的进展公告,诉讼仲裁,2024-01-12,https://data.eastmoney.com/notices/detail/600568/AN202401111617258205.html
603616,韩建河山,韩建河山:韩建河山关于为子公司提供担保额度进展的公告,提供/对外担保公告,2024-01-12,https://data.eastmoney.com/notices/detail/603616/AN202401111617258174.html
600193,退市创兴,创兴资源:上海创兴资源开发股份有限公司关于子公司清偿逾期借款暨公司担保逾期的进展公告,其他担保公告,2024-01-12,https://data.eastmoney.com/notices/detail/600193/AN202401111617258118.html
600109,国金证券,国金证券:国金证券股份有限公司关于2023年度第十一期短期融资券兑付完成的公告,其他,2024-01-12,https://data.eastmoney.com/notices/detail/600109/AN202401111617258119.html
002371,北方华创,北方华创:关于《北方华创科技集团股份有限公司收购报告书》之法律意见书,法律意见书,2024-01-12,https://data.eastmoney.com/notices/detail/002371/AN202401111617258049.html
002371,北方华创,北方华创:收购报告书,要约收购报告书,2024-01-12,https://data.eastmoney.com/notices/detail/002371/AN202401111617258057.html
000523,红棉股份,红棉股份:第十一届董事会第四次会议决议公告,董事会决议公告,2024-01-12,https://data.eastmoney.com/notices/detail/000523/AN202401111617258048.html
000523,红棉股份,红棉股份:关于房屋租赁暨关联交易的公告,关联交易,2024-01-12,https://data.eastmoney.com/notices/detail/000523/AN202401111617258056.html
000523,红棉股份,红棉股份:关于召开2024年第一次临时股东大会的通知,召开股东大会通知,2024-01-12,https://data.eastmoney.com/notices/detail/000523/AN202401111617258047.html
000523,红棉股份,红棉股份:第十一届监事会第三次会议决议公告,监事会决议公告,2024-01-12,https://data.eastmoney.com/notices/detail/000523/AN202401111617258046.html
002333,罗普斯金,罗普斯金:关于转让全资子公司股权进展暨完成工商变更登记的公告,股权转让,2024-01-12,https://data.eastmoney.com/notices/detail/002333/AN202401111617258055.html
601880,辽港股份,辽港股份:辽宁港口股份有限公司董事会决议公告,高管人员任职变动,2024-01-12,https://data.eastmoney.com/notices/detail/601880/AN202401111617258036.html
601880,辽港股份,辽港股份:辽宁港口股份有限公司独立董事意见,专项说明/独立意见,2024-01-12,https://data.eastmoney.com/notices/detail/601880/AN202401111617258034.html
600726,华电能源,华电能源:十一届七次董事会会议决议公告,董事会决议公告,2024-01-12,https://data.eastmoney.com/notices/detail/600726/AN202401111617258037.html
600726,华电能源,华电能源:关于取消2024年第一次临时股东大会的公告,取消股东大会公告,2024-01-12,https://data.eastmoney.com/notices/detail/600726/AN202401111617258035.html
002332,仙琚制药,仙琚制药:关于通过高新技术企业重新认定的公告,获得认证,2024-01-12,https://data.eastmoney.com/notices/detail/002332/AN202401111617258018.html
000523,红棉股份,红棉股份:中信证券股份有限公司关于广州市红棉智汇科创股份有限公司房屋租赁暨关联交易的核查意见,保荐/核查意见,2024-01-12,https://data.eastmoney.com/notices/detail/000523/AN202401111617258019.html
002371,北方华创,北方华创:关于北京电子控股有限责任公司免于发出要约事项的法律意见书,法律意见书,2024-01-12,https://data.eastmoney.com/notices/detail/002371/AN202401111617258020.html
000070,特发信息,特发信息:关于使用自有闲置资金购买银行理财产品的公告,投资理财,2024-01-12,https://data.eastmoney.com/notices/detail/000070/AN202401111617257997.html
605222,起帆电缆,起帆电缆:起帆电缆第三届董事会第二十次会议决议公告,董事会决议公告,2024-01-12,https://data.eastmoney.com/notices/detail/605222/AN202401111617257996.html
605222,起帆电缆,起帆电缆:起帆电缆第三届监事会第十五次会议决议公告,监事会决议公告,2024-01-12,https://data.eastmoney.com/notices/detail/605222/AN202401111617258002.html
605222,起帆电缆,起帆电缆:起帆电缆关于公开发行可转换公司债券募集资金投资项目延期的公告,其他,2024-01-12,https://data.eastmoney.com/notices/detail/605222/AN202401111617258000.html
605222,起帆电缆,起帆电缆:海通证券股份有限公司关于上海起帆电缆股份有限公司公开发行可转换公司债券募集资金投资项目延期的核查意见,保荐/核查意见,2024-01-12,https://data.eastmoney.com/notices/detail/605222/AN202401111617258001.html
605222,起帆电缆,起帆电缆:起帆电缆关于使用部分闲置募集资金暂时补充流动资金归还的公告,募集资金补充流动资金,2024-01-12,https://data.eastmoney.com/notices/detail/605222/AN202401111617257999.html
600172,黄河旋风,黄河旋风:河南黄河旋风股份有限公司2024年第一次临时股东大会决议公告,股东大会决议公告,2024-01-12,https://data.eastmoney.com/notices/detail/600172/AN202401111617257995.html
600172,黄河旋风,黄河旋风:河南世纪通律师事务所关于河南黄河旋风股份有限公司2024年第一次临时股东大会的法律意见书,法律意见书,2024-01-12,https://data.eastmoney.com/notices/detail/600172/AN202401111617257994.html
301363,美好医疗,美好医疗:关于财务总监辞职的公告,高管人员任职变动,2024-01-12,https://data.eastmoney.com/notices/detail/301363/AN202401111617258003.html
003000,劲仔食品,劲仔食品:劲仔食品集团股份有限公司2023年度业绩预告,业绩预告,2024-01-12,https://data.eastmoney.com/notices/detail/003000/AN202401111617257975.html
000070,特发信息,特发信息:董事会第八届五十五次会议决议公告,董事会决议公告,2024-01-12,https://data.eastmoney.com/notices/detail/000070/AN202401111617257974.html
600039,四川路桥,四川路桥:四川路桥2024年第一次临时股东大会会议资料,股东大会资料,2024-01-12,https://data.eastmoney.com/notices/detail/600039/AN202401111617257973.html
603081,大丰实业,大丰实业:浙江大丰实业股份有限公司关于全资子公司通过高新技术企业认定的公告,其他,2024-01-12,https://data.eastmoney.com/notices/detail/603081/AN202401111617257854.html
300894,火星人,火星人:中信建投证券股份有限公司关于火星人厨具股份有限公司持续督导现场检查报告,保荐/核查意见,2024-01-12,https://data.eastmoney.com/notices/detail/300894/AN202401111617257785.html
603920,世运电路,世运电路:世运电路关于可转换公司债券2024年付息公告,其他,2024-01-12,https://data.eastmoney.com/notices/detail/603920/AN202401111617257736.html
600585,海螺水泥,海螺水泥:关于担保实施进展的公告,其他担保公告,2024-01-12,https://data.eastmoney.com/notices/detail/600585/AN202401111617257735.html
001332,锡装股份,锡装股份:兴业证券股份有限公司关于无锡化工装备股份有限公司2023年度定期现场检查报告,保荐/核查意见,2024-01-12,https://data.eastmoney.com/notices/detail/001332/AN202401111617257695.html
300781,因赛集团,因赛集团:关于监事辞职及补选监事的公告,高管人员任职变动,2024-01-12,https://data.eastmoney.com/notices/detail/300781/AN202401111617257700.html
300781,因赛集团,因赛集团:董事会战略委员会工作细则(2024年1月),议事规则/实施细则,2024-01-12,https://data.eastmoney.com/notices/detail/300781/AN202401111617257712.html
300781,因赛集团,因赛集团:独立董事制度(2024年1月),管理办法/制度,2024-01-12,https://data.eastmoney.com/notices/detail/300781/AN202401111617257710.html
300781,因赛集团,因赛集团:关于聘任高级管理人员的公告,高管人员任职变动,2024-01-12,https://data.eastmoney.com/notices/detail/300781/AN202401111617257711.html
300781,因赛集团,因赛集团:关于部分募投项目结项并将节余募集资金永久补充流动资金的公告,募集资金补充流动资金,2024-01-12,https://data.eastmoney.com/notices/detail/300781/AN202401111617257709.html
300781,因赛集团,因赛集团:董事会提名委员会工作细则(2024年1月),议事规则/实施细则,2024-01-12,https://data.eastmoney.com/notices/detail/300781/AN202401111617257699.html
300781,因赛集团,因赛集团:关联交易管理制度(2024年1月),管理办法/制度,2024-01-12,https://data.eastmoney.com/notices/detail/300781/AN202401111617257708.html
300781,因赛集团,因赛集团:公司章程(2024年1月),公司章程,2024-01-12,https://data.eastmoney.com/notices/detail/300781/AN202401111617257698.html
300781,因赛集团,因赛集团:关于变更公司经营范围及修订《公司章程》的公告,公司经营范围变更,2024-01-12,https://data.eastmoney.com/notices/detail/300781/AN202401111617257707.html
300781,因赛集团,因赛集团:募集资金管理制度(2024年1月),管理办法/制度,2024-01-12,https://data.eastmoney.com/notices/detail/300781/AN202401111617257706.html
300781,因赛集团,因赛集团:董事会薪酬与考核委员会工作细则(2024年1月),议事规则/实施细则,2024-01-12,https://data.eastmoney.com/notices/detail/300781/AN202401111617257705.html
300781,因赛集团,因赛集团:第三届监事会第十七次会议决议公告,高管人员任职变动,2024-01-12,https://data.eastmoney.com/notices/detail/300781/AN202401111617257697.html
300781,因赛集团,因赛集团:董事会审计委员会工作细则(2024年1月),议事规则/实施细则,2024-01-12,https://data.eastmoney.com/notices/detail/300781/AN202401111617257704.html
300781,因赛集团,因赛集团:第三届董事会第十八次会议决议公告,高管人员任职变动,2024-01-12,https://data.eastmoney.com/notices/detail/300781/AN202401111617257696.html
600658,电子城,电子城:电子城关于部分闲置募集资金临时补充流动资金到期归还的公告,归还募集资金,2024-01-12,https://data.eastmoney.com/notices/detail/600658/AN202401111617257654.html
300781,因赛集团,因赛集团:广发证券股份有限公司关于公司部分募投项目结项并将节余募集资金永久补充流动资金的核查意见,保荐/核查意见,2024-01-12,https://data.eastmoney.com/notices/detail/300781/AN202401111617257659.html
300781,因赛集团,因赛集团:董事会议事规则(2024年1月),议事规则/实施细则,2024-01-12,https://data.eastmoney.com/notices/detail/300781/AN202401111617257656.html
300781,因赛集团,因赛集团:关于召开2024年第一次临时股东大会的通知,召开股东大会通知,2024-01-12,https://data.eastmoney.com/notices/detail/300781/AN202401111617257657.html
301365,矩阵股份,矩阵股份:关于募集资金专户变更完成、签订募集资金监管协议并注销原募集资金专户的公告,签订协议,2024-01-12,https://data.eastmoney.com/notices/detail/301365/AN202401111617257658.html
300187,永清环保,永清环保:第六届董事会第五次会议决议公告,董事会决议公告,2024-01-12,https://data.eastmoney.com/notices/detail/300187/AN202401111617257655.html
601199,江南水务,江南水务:江南水务关于购买“江银转债”并实施转股成为其股东的进展公告,其他,2024-01-12,https://data.eastmoney.com/notices/detail/601199/AN202401111617257646.html
600399,抚顺特钢,抚顺特钢:关于控股股东部分股份解除质押及再质押的公告,股份质押、冻结,2024-01-12,https://data.eastmoney.com/notices/detail/600399/AN202401111617257644.html
603515,欧普照明,欧普照明:欧普照明股份有限公司2024年第一次临时股东大会会议材料,股东大会资料,2024-01-12,https://data.eastmoney.com/notices/detail/603515/AN202401111617257643.html
600785,新华百货,新华百货:银川新华百货商业集团股份有限公司关于补充披露子公司日常关联交易新增合作方及修订相关日常关联交易合作协议的公告,其他,2024-01-12,https://data.eastmoney.com/notices/detail/600785/AN202401111617257456.html
001311,多利科技,多利科技:关于签订募集资金四方监管协议的公告,签订协议,2024-01-12,https://data.eastmoney.com/notices/detail/001311/AN202401111617257405.html
600032,浙江新能,浙江新能:浙江新能2023年发电量完成情况公告,月度经营情况,2024-01-12,https://data.eastmoney.com/notices/detail/600032/AN202401111617257400.html
603000,人民网,人民网:人民网股份有限公司关于使用部分闲置募集资金进行现金管理到期赎回的公告,投资理财,2024-01-12,https://data.eastmoney.com/notices/detail/603000/AN202401111617257387.html
600231,凌钢股份,凌钢股份:凌源钢铁股份有限公司2023年年度业绩预亏公告,业绩预告,2024-01-12,https://data.eastmoney.com/notices/detail/600231/AN202401111617257388.html
603270,金帝股份,金帝股份:山东金帝精密机械科技股份有限公司关于控股子公司获得高新技术企业证书的公告,其他,2024-01-12,https://data.eastmoney.com/notices/detail/603270/AN202401111617257381.html
002535,林州重机,林州重机:关于公司控股股东部分股份质押的公告,股份质押、冻结,2024-01-12,https://data.eastmoney.com/notices/detail/002535/AN202401111617257348.html
600821,金开新能,金开新能:关于子公司提供担保的公告,提供/对外担保公告,2024-01-12,https://data.eastmoney.com/notices/detail/600821/AN202401111617257347.html
688229,博睿数据,博睿数据:关于剩余募集资金专户销户完成的公告,募集资金使用情况报告,2024-01-12,https://data.eastmoney.com/notices/detail/688229/AN202401111617257346.html
603568,伟明环保,伟明环保:伟明环保关于控股子公司获得高新技术企业证书的公告,其他,2024-01-12,https://data.eastmoney.com/notices/detail/603568/AN202401111617257334.html
603568,伟明环保,伟明环保:伟明环保关于以集中竞价交易方式首次回购股份的公告,回购实施公告,2024-01-12,https://data.eastmoney.com/notices/detail/603568/AN202401111617257335.html
605208,永茂泰,永茂泰:永茂泰获得政府补助的公告,获得补贴（资助）,2024-01-12,https://data.eastmoney.com/notices/detail/605208/AN202401111617257336.html
688670,金迪克,金迪克:江苏金迪克生物技术股份有限公司关于全资子公司注销完成的公告,公司关联方基本资料变更,2024-01-12,https://data.eastmoney.com/notices/detail/688670/AN202401111617257306.html
603043,广州酒家,广州酒家:关于参与投资设立产业基金暨关联交易的进展公告,关联交易,2024-01-12,https://data.eastmoney.com/notices/detail/603043/AN202401111617257307.html
002857,三晖电气,三晖电气:关于通过高新技术企业重新认定的公告,获得认证,2024-01-12,https://data.eastmoney.com/notices/detail/002857/AN202401111617256996.html
000007,全新好,*ST全新:深圳市全新好股份有限公司关于子公司为子公司担保的公告,提供/对外担保公告,2024-01-12,https://data.eastmoney.com/notices/detail/000007/AN202401111617256823.html
600282,南钢股份,南钢股份:南京钢铁股份有限公司关于要约收购期满暨股票停牌的公告,停牌公告,2024-01-12,https://data.eastmoney.com/notices/detail/600282/AN202401111617256706.html
600496,精工钢构,精工钢构:精工钢构关于公司及下属子公司获得高新技术企业证书的公告,获得认证,2024-01-12,https://data.eastmoney.com/notices/detail/600496/AN202401111617256386.html
000595,新能股份,宝塔实业:关于召开2024年第一次临时股东大会提示性公告,召开股东大会提示性公告,2024-01-12,https://data.eastmoney.com/notices/detail/000595/AN202401111617256356.html
000595,新能股份,宝塔实业:关于选举产生第十届董事会职工董事和第十届监事会职工监事的公告,高管人员任职变动,2024-01-12,https://data.eastmoney.com/notices/detail/000595/AN202401111617256357.html
600794,保税科技,保税科技:张家港保税科技(集团)股份有限公司关于2024年度对外担保额度预计的公告,担保年度额度预计,2024-01-12,https://data.eastmoney.com/notices/detail/600794/AN202401111617256325.html
600794,保税科技,保税科技:张家港保税科技(集团)股份有限公司关于使用自有资金进行委托理财的公告,委托（受托）事项,2024-01-12,https://data.eastmoney.com/notices/detail/600794/AN202401111617256328.html
600794,保税科技,保税科技:张家港保税科技(集团)股份有限公司关于孙公司华泰化工租赁保税港务土地使用权暨关联交易的公告,其他,2024-01-12,https://data.eastmoney.com/notices/detail/600794/AN202401111617256324.html
600794,保税科技,保税科技:张家港保税科技(集团)股份有限公司第九届董事会第二十二次会议决议公告,董事会决议公告,2024-01-12,https://data.eastmoney.com/notices/detail/600794/AN202401111617256327.html
600022,山东钢铁,山东钢铁:山东钢铁股份有限公司2023年年度业绩预告,业绩预告,2024-01-12,https://data.eastmoney.com/notices/detail/600022/AN202401111617256321.html
600794,保税科技,保税科技:张家港保税科技(集团)股份有限公司关于召开2024年第一次临时股东大会的通知,召开股东大会通知,2024-01-12,https://data.eastmoney.com/notices/detail/600794/AN202401111617256323.html
600794,保税科技,保税科技:张家港保税科技(集团)股份有限公司2023年年度业绩预增公告,业绩预告,2024-01-12,https://data.eastmoney.com/notices/detail/600794/AN202401111617256326.html
600794,保税科技,保税科技:保税科技独立董事对第九届董事会第二十二次会议相关事项的独立意见,专项说明/独立意见,2024-01-12,https://data.eastmoney.com/notices/detail/600794/AN202401111617256322.html
002653,海思科,海思科:关于获得创新药HSK39297片新适应症IND申请《受理通知书》的公告,其他,2024-01-12,https://data.eastmoney.com/notices/detail/002653/AN202401111617256297.html
603987,康德莱,康德莱:上海康德莱企业发展集团股份有限公司关于控股股东办理非公开发行可交换公司债券股份补充质押的公告,股份质押、冻结,2024-01-12,https://data.eastmoney.com/notices/detail/603987/AN202401111617256296.html
603987,康德莱,康德莱:上海康德莱企业发展集团股份有限公司关于全资子公司获得高新技术企业证书的公告,其他,2024-01-12,https://data.eastmoney.com/notices/detail/603987/AN202401111617256300.html
603685,晨丰科技,晨丰科技:晨丰科技关于公司通过高新技术企业再次认定的公告,获得认证,2024-01-12,https://data.eastmoney.com/notices/detail/603685/AN202401111617256279.html
002750,龙津退,龙津药业:第六届监事会第一次会议决议公告,高管人员任职变动,2024-01-12,https://data.eastmoney.com/notices/detail/002750/AN202401111617256258.html
002875,安奈儿,安奈儿:中信证券股份有限公司关于深圳市安奈儿股份有限公司2023年度持续督导培训情况的报告,保荐/核查意见,2024-01-12,https://data.eastmoney.com/notices/detail/002875/AN202401111617256156.html
002787,华源控股,华源控股:关于公司控股股东、实际控制人之一部分股份解除质押的公告,股份质押、冻结,2024-01-12,https://data.eastmoney.com/notices/detail/002787/AN202401111617256155.html
002173,创新医疗,创新医疗:关于持股5%以上股东部分股份质押的公告,股份质押、冻结,2024-01-12,https://data.eastmoney.com/notices/detail/002173/AN202401111617256154.html
000567,海德股份,海德股份:关于与中国华融北京分公司、阿里巴巴(中国)网络技术有限公司全资子公司浙江一锤定音科技有限公司签署《合作协议》的公告,签订协议,2024-01-12,https://data.eastmoney.com/notices/detail/000567/AN202401111617256117.html
300614,百川畅银,百川畅银:关于2024年第一次临时股东大会增加临时提案暨股东大会补充通知的公告,增加股东大会议案,2024-01-12,https://data.eastmoney.com/notices/detail/300614/AN202401111617256062.html
300614,百川畅银,百川畅银:股东大会议事规则,议事规则/实施细则,2024-01-12,https://data.eastmoney.com/notices/detail/300614/AN202401111617256061.html
300614,百川畅银,百川畅银:独立董事工作制度,管理办法/制度,2024-01-12,https://data.eastmoney.com/notices/detail/300614/AN202401111617256056.html
300614,百川畅银,百川畅银:信息披露事务管理制度,管理办法/制度,2024-01-12,https://data.eastmoney.com/notices/detail/300614/AN202401111617256048.html
300614,百川畅银,百川畅银:总经理工作细则,议事规则/实施细则,2024-01-12,https://data.eastmoney.com/notices/detail/300614/AN202401111617256050.html
300614,百川畅银,百川畅银:董事会薪酬与考核委员会工作细则,议事规则/实施细则,2024-01-12,https://data.eastmoney.com/notices/detail/300614/AN202401111617256059.html
300614,百川畅银,百川畅银:对外担保管理制度,管理办法/制度,2024-01-12,https://data.eastmoney.com/notices/detail/300614/AN202401111617256054.html
300614,百川畅银,百川畅银:董事会议事规则,议事规则/实施细则,2024-01-12,https://data.eastmoney.com/notices/detail/300614/AN202401111617256065.html
300614,百川畅银,百川畅银:独立董事年报工作制度,管理办法/制度,2024-01-12,https://data.eastmoney.com/notices/detail/300614/AN202401111617256060.html
300614,百川畅银,百川畅银:内部审计管理制度,管理办法/制度,2024-01-12,https://data.eastmoney.com/notices/detail/300614/AN202401111617256058.html
300614,百川畅银,百川畅银:董事会秘书工作细则,议事规则/实施细则,2024-01-12,https://data.eastmoney.com/notices/detail/300614/AN202401111617256064.html
300614,百川畅银,百川畅银:募集资金管理制度,管理办法/制度,2024-01-12,https://data.eastmoney.com/notices/detail/300614/AN202401111617256066.html
300614,百川畅银,百川畅银:第三届董事会第二十一次会议决议公告,董事会决议公告,2024-01-12,https://data.eastmoney.com/notices/detail/300614/AN202401111617256047.html
300614,百川畅银,百川畅银:公司章程,公司章程,2024-01-12,https://data.eastmoney.com/notices/detail/300614/AN202401111617256063.html
300614,百川畅银,百川畅银:关联交易管理制度,管理办法/制度,2024-01-12,https://data.eastmoney.com/notices/detail/300614/AN202401111617256053.html
300614,百川畅银,百川畅银:董事会战略委员会工作细则,议事规则/实施细则,2024-01-12,https://data.eastmoney.com/notices/detail/300614/AN202401111617256055.html
300614,百川畅银,百川畅银:董事会审计委员会工作细则,议事规则/实施细则,2024-01-12,https://data.eastmoney.com/notices/detail/300614/AN202401111617256049.html
300614,百川畅银,百川畅银:对外投资管理制度,管理办法/制度,2024-01-12,https://data.eastmoney.com/notices/detail/300614/AN202401111617256052.html
300614,百川畅银,百川畅银:关于变更注册资本、修订《公司章程》并办理工商变更登记的公告,公司注册资本变更,2024-01-12,https://data.eastmoney.com/notices/detail/300614/AN202401111617256051.html
688420,美腾科技,美腾科技:天津美腾科技股份有限公司关于持股5%以上股东股份解除质押并再质押的公告,股份质押、冻结,2024-01-12,https://data.eastmoney.com/notices/detail/688420/AN202401111617256039.html
300614,百川畅银,百川畅银:内幕信息知情人管理制度,管理办法/制度,2024-01-12,https://data.eastmoney.com/notices/detail/300614/AN202401111617256035.html
300614,百川畅银,百川畅银:控股子公司管理制度,管理办法/制度,2024-01-12,https://data.eastmoney.com/notices/detail/300614/AN202401111617256036.html
300614,百川畅银,百川畅银:重大信息内部报告制度,管理办法/制度,2024-01-12,https://data.eastmoney.com/notices/detail/300614/AN202401111617256040.html
300614,百川畅银,百川畅银:董事会提名委员会工作细则,议事规则/实施细则,2024-01-12,https://data.eastmoney.com/notices/detail/300614/AN202401111617256042.html
688557,兰剑智能,兰剑智能:兰剑智能科技股份有限公司自愿披露关于收到国家重点研发计划立项通知的公告,其他,2024-01-12,https://data.eastmoney.com/notices/detail/688557/AN202401111617255285.html
002545,东方铁塔,东方铁塔:关于全资子公司签订股权转让协议补充协议的公告,其他,2024-01-12,https://data.eastmoney.com/notices/detail/002545/AN202401111617255293.html
002545,东方铁塔,东方铁塔:关于召开公司2024年第一次临时股东大会的通知,召开股东大会通知,2024-01-12,https://data.eastmoney.com/notices/detail/002545/AN202401111617255290.html
002545,东方铁塔,东方铁塔:第八届监事会第十次会议决议公告,监事会决议公告,2024-01-12,https://data.eastmoney.com/notices/detail/002545/AN202401111617255289.html
002136,安纳达,安纳达:第七届监事会第六次会议决议公告,监事会决议公告,2024-01-12,https://data.eastmoney.com/notices/detail/002136/AN202401111617255287.html
002136,安纳达,安纳达:第七届董事会第六次会议决议公告,董事会决议公告,2024-01-12,https://data.eastmoney.com/notices/detail/002136/AN202401111617255288.html
002136,安纳达,安纳达:关于开展外汇套期保值业务的公告,其他,2024-01-12,https://data.eastmoney.com/notices/detail/002136/AN202401111617255286.html
300920,润阳科技,润阳科技:关于全资子公司注销完成的公告,公司关联方基本资料变更,2024-01-12,https://data.eastmoney.com/notices/detail/300920/AN202401111617255280.html
000928,中钢国际,中钢国际:关于获得宝武财务公司综合授信的公告,借贷,2024-01-12,https://data.eastmoney.com/notices/detail/000928/AN202401111617255275.html
002545,东方铁塔,东方铁塔:第八届董事会第十次会议决议公告,董事会决议公告,2024-01-12,https://data.eastmoney.com/notices/detail/002545/AN202401111617255274.html
002838,道恩股份,道恩股份:关于使用闲置募集资金进行现金管理到期赎回的公告,投资理财,2024-01-12,https://data.eastmoney.com/notices/detail/002838/AN202401111617255250.html
002790,瑞尔特,瑞尔特:关于公司使用部分自有资金进行现金管理的进展公告(二十八),投资理财,2024-01-12,https://data.eastmoney.com/notices/detail/002790/AN202401111617255251.html
601002,晋亿实业,晋亿实业:晋亿实业股份有限公司关于完成工商变更登记并换发营业执照的公告,公司注册资本变更,2024-01-12,https://data.eastmoney.com/notices/detail/601002/AN202401111617255053.html
603168,莎普爱思,莎普爱思:申万宏源证券承销保荐有限责任公司关于浙江莎普爱思药业股份有限公司2023年度现场检查报告,保荐/核查意见,2024-01-12,https://data.eastmoney.com/notices/detail/603168/AN202401111617254956.html
605116,奥锐特,奥锐特:奥锐特药业股份有限公司2024年第一次临时股东大会会议资料,股东大会资料,2024-01-12,https://data.eastmoney.com/notices/detail/605116/AN202401111617254953.html
605116,奥锐特,奥锐特:奥锐特药业股份有限公司关于全资子公司通过高新技术企业认定的公告,其他,2024-01-12,https://data.eastmoney.com/notices/detail/605116/AN202401111617254954.html
002807,江阴银行,江阴银行:关于收到国家金融监督管理总局无锡监管分局对江苏江南水务股份有限公司股东资格批复的公告,其他,2024-01-12,https://data.eastmoney.com/notices/detail/002807/AN202401111617254939.html
002089,新海退,*ST新海:关于公司股票可能被实施重大违法强制退市的风险提示公告,违法违规,2024-01-12,https://data.eastmoney.com/notices/detail/002089/AN202401111617254936.html
600467,好当家,好当家:好当家关于控股股东进行股票质押的公告,股份质押、冻结,2024-01-12,https://data.eastmoney.com/notices/detail/600467/AN202401111617254935.html
603229,奥翔药业,奥翔药业:国金证券股份有限公司关于浙江奥翔药业股份有限公司2023年持续督导现场检查报告,保荐/核查意见,2024-01-12,https://data.eastmoney.com/notices/detail/603229/AN202401111617254938.html
603045,福达合金,福达合金:2024年第一次临时股东大会会议资料,股东大会资料,2024-01-12,https://data.eastmoney.com/notices/detail/603045/AN202401111617254911.html
603819,神力股份,神力股份:关于持股5%以上股东股份质押的公告,股份质押、冻结,2024-01-12,https://data.eastmoney.com/notices/detail/603819/AN202401111617254909.html
603819,神力股份,神力股份:关于出售控股子公司暨关联交易的进展公告,关联交易,2024-01-12,https://data.eastmoney.com/notices/detail/603819/AN202401111617254908.html
605168,三人行,三人行:关于股东部分股份质押的公告,股份质押、冻结,2024-01-12,https://data.eastmoney.com/notices/detail/605168/AN202401111617254903.html
002650,ST加加,加加食品:关于公司控股股东被申请破产审查的进展公告,其他,2024-01-12,https://data.eastmoney.com/notices/detail/002650/AN202401111617254901.html
601188,龙江交通,龙江交通:龙江交通关于完成瑞通新材料技术(黑龙江)有限责任公司60%股权收购暨关联交易进展公告,收购出售资产/股权,2024-01-12,https://data.eastmoney.com/notices/detail/601188/AN202401111617254897.html
600887,伊利股份,伊利股份:内蒙古伊利实业集团股份有限公司关于2024年度第三、四期超短期融资券发行结果的公告,其他,2024-01-12,https://data.eastmoney.com/notices/detail/600887/AN202401111617254893.html
600284,浦东建设,浦东建设:浦东建设关于2023年第四季度主要经营数据情况的公告,月度经营情况,2024-01-12,https://data.eastmoney.com/notices/detail/600284/AN202401111617254892.html
600284,浦东建设,浦东建设:浦东建设关于子公司涉及诉讼的公告,其他,2024-01-12,https://data.eastmoney.com/notices/detail/600284/AN202401111617254891.html
603057,紫燕食品,紫燕食品:紫燕食品关于使用部分闲置募集资金进行现金管理到期收回并继续进行现金管理的进展公告,募集资金使用进展情况,2024-01-12,https://data.eastmoney.com/notices/detail/603057/AN202401111617254888.html
002125,湘潭电化,湘潭电化:财信证券股份有限公司关于湘潭电化科技股份有限公司向不特定对象发行可转换公司债券之上市保荐书(修订稿),上市保荐书,2024-01-12,https://data.eastmoney.com/notices/detail/002125/AN202401111617254861.html
002125,湘潭电化,湘潭电化:关于湘潭电化科技股份有限公司申请向不特定对象发行可转换公司债券的审核问询函的回复(修订稿),回复问询函公告,2024-01-12,https://data.eastmoney.com/notices/detail/002125/AN202401111617254860.html
002125,湘潭电化,湘潭电化:湘潭电化科技股份有限公司向不特定对象发行可转换公司债券募集说明书(修订稿),其他,2024-01-12,https://data.eastmoney.com/notices/detail/002125/AN202401111617254867.html
002125,湘潭电化,湘潭电化:国浩律师(长沙)事务所关于湘潭电化科技股份有限公司向不特定对象发行可转换公司债券之补充法律意见书(二),法律意见书,2024-01-12,https://data.eastmoney.com/notices/detail/002125/AN202401111617254858.html
002125,湘潭电化,湘潭电化:财信证券股份有限公司关于湘潭电化科技股份有限公司向不特定对象发行可转换公司债券之发行保荐书(修订稿),发行保荐书,2024-01-12,https://data.eastmoney.com/notices/detail/002125/AN202401111617254859.html
002125,湘潭电化,湘潭电化:天健会计师事务所(特殊普通合伙)关于湘潭电化科技股份有限公司申请向不特定对象发行可转换公司债券的审核问询函中有关财务事项的说明(修订稿),其他,2024-01-12,https://data.eastmoney.com/notices/detail/002125/AN202401111617254866.html
002125,湘潭电化,湘潭电化:关于向不特定对象发行可转换公司债券的审核问询函回复(修订稿)及募集说明书等申请文件更新的提示性公告,回复问询函公告,2024-01-12,https://data.eastmoney.com/notices/detail/002125/AN202401111617254857.html
002806,华锋股份,华锋股份:关于华锋转债预计满足赎回条件的提示性公告,其他,2024-01-12,https://data.eastmoney.com/notices/detail/002806/AN202401111617254865.html
603567,珍宝岛,珍宝岛:黑龙江珍宝岛药业股份有限公司2024年第一次临时股东大会会议资料,股东大会资料,2024-01-12,https://data.eastmoney.com/notices/detail/603567/AN202401111617254833.html
688076,ST诺泰,诺泰生物:南京证券股份有限公司关于江苏诺泰澳赛诺生物制药股份有限公司2023年度持续督导工作现场检查报告,保荐/核查意见,2024-01-12,https://data.eastmoney.com/notices/detail/688076/AN202401111617254828.html
000851,*ST高鸿,高鸿股份:关于召开2024年第一次临时股东大会的提示性公告,召开股东大会提示性公告,2024-01-12,https://data.eastmoney.com/notices/detail/000851/AN202401111617254798.html
001308,康冠科技,康冠科技:关于为全资子公司提供担保的进展公告,提供/对外担保公告,2024-01-12,https://data.eastmoney.com/notices/detail/001308/AN202401111617254796.html
300639,凯普生物,凯普生物:关于全资子公司取得医疗器械注册证书的公告,其他,2024-01-12,https://data.eastmoney.com/notices/detail/300639/AN202401111617254799.html
603690,至纯科技,至纯科技:关于2023年度新增订单情况的公告,月度经营情况,2024-01-12,https://data.eastmoney.com/notices/detail/603690/AN202401111617254792.html
601995,中金公司,中金公司:中金公司H股公告(自愿公告),其他,2024-01-12,https://data.eastmoney.com/notices/detail/601995/AN202401111617254793.html
601966,玲珑轮胎,玲珑轮胎:山东玲珑轮胎股份有限公司关于控股股东部分股份质押的公告,股份质押、冻结,2024-01-12,https://data.eastmoney.com/notices/detail/601966/AN202401111617254791.html
002320,海峡股份,海峡股份:关于职工监事辞职及补选职工监事的公告,高管人员任职变动,2024-01-12,https://data.eastmoney.com/notices/detail/002320/AN202401111617254784.html
603567,珍宝岛,珍宝岛:黑龙江珍宝岛药业股份有限公司关于为全资子公司提供担保进展的公告,提供/对外担保公告,2024-01-12,https://data.eastmoney.com/notices/detail/603567/AN202401111617254758.html
002365,永安药业,永安药业:关于2024年度日常关联交易预计的公告,关联交易,2024-01-12,https://data.eastmoney.com/notices/detail/002365/AN202401111617254756.html
002365,永安药业,永安药业:关于与湖北永邦工程技术有限公司签订2024年度设备加工及制造框架协议暨关联交易的公告,签订协议,2024-01-12,https://data.eastmoney.com/notices/detail/002365/AN202401111617254746.html
002365,永安药业,永安药业:关于与浙江双子智能装备有限公司签订2024年度设备制造及系统集成供应框架协议暨关联交易的公告,签订协议,2024-01-12,https://data.eastmoney.com/notices/detail/002365/AN202401111617254739.html
002365,永安药业,永安药业:第六届董事会第十九次会议决议公告,董事会决议公告,2024-01-12,https://data.eastmoney.com/notices/detail/002365/AN202401111617254742.html
002988,豪美新材,豪美新材:关于公司及相关人员收到广东证监局警示函的公告,警示函公告,2024-01-12,https://data.eastmoney.com/notices/detail/002988/AN202401111617254753.html
002867,周大生,周大生:关于公司2023年12月份新增自营门店及门店总数简报,月度经营情况,2024-01-12,https://data.eastmoney.com/notices/detail/002867/AN202401111617254745.html
600867,通化东宝,通化东宝:通化东宝关于控股股东股份质押公告,股份质押、冻结,2024-01-12,https://data.eastmoney.com/notices/detail/600867/AN202401111617254734.html
002455,百川股份,百川股份:关于“百川转2”预计触发转股价格向下修正条款的提示性公告,其他,2024-01-12,https://data.eastmoney.com/notices/detail/002455/AN202401111617254727.html
002365,永安药业,永安药业:第六届监事会第十八次会议决议公告,监事会决议公告,2024-01-12,https://data.eastmoney.com/notices/detail/002365/AN202401111617254726.html
002385,大北农,大北农:公司及控股子公司担保进展公告,其他担保公告,2024-01-12,https://data.eastmoney.com/notices/detail/002385/AN202401111617254725.html
300305,裕兴股份,裕兴股份:关于裕兴转债预计触发转股价格向下修正条件的提示性公告,其他,2024-01-12,https://data.eastmoney.com/notices/detail/300305/AN202401111617254728.html
002578,闽发铝业,闽发铝业:关于办公地址变更的公告,公司办公地址变更,2024-01-12,https://data.eastmoney.com/notices/detail/002578/AN202401111617254719.html
600633,浙数文化,浙数文化:浙数文化2024年第一次临时股东大会文件,股东大会资料,2024-01-12,https://data.eastmoney.com/notices/detail/600633/AN202401111617254682.html
600195,中牧股份,中牧股份:中牧实业股份有限公司第八届董事会2024年第二次临时会议决议公告,董事会决议公告,2024-01-12,https://data.eastmoney.com/notices/detail/600195/AN202401111617254547.html
600195,中牧股份,中牧股份:中牧实业股份有限公司关于续聘会计师事务所的公告,审计机构变更,2024-01-12,https://data.eastmoney.com/notices/detail/600195/AN202401111617254546.html
600868,梅雁吉祥,梅雁吉祥:广东梅雁吉祥水电股份有限公司办公地址搬迁公告,公司办公地址变更,2024-01-12,https://data.eastmoney.com/notices/detail/600868/AN202401111617254545.html
688267,中触媒,中触媒:中触媒新材料股份有限公司关于持股5%以上股东部分股份质押的公告,股份质押、冻结,2024-01-12,https://data.eastmoney.com/notices/detail/688267/AN202401111617254544.html
603038,华立股份,华立股份:关于全资子公司诉讼事项的进展公告,其他,2024-01-12,https://data.eastmoney.com/notices/detail/603038/AN202401111617254467.html
603605,珀莱雅,珀莱雅:珀莱雅化妆品股份有限公司关于再次取得高新技术企业证书的公告,获得认证,2024-01-12,https://data.eastmoney.com/notices/detail/603605/AN202401111617254340.html
603416,信捷电气,信捷电气:无锡信捷电气股份有限公司关于回购股份事项前十名股东和前十名无限售条件股东持股情况的公告,其他,2024-01-12,https://data.eastmoney.com/notices/detail/603416/AN202401111617254331.html
601098,中南传媒,中南传媒:中南传媒关于职工监事辞职的公告,高管人员任职变动,2024-01-12,https://data.eastmoney.com/notices/detail/601098/AN202401111617254344.html
600665,天地源,天地源:天地源股份有限公司2023年第四季度房地产项目经营情况简报,月度经营情况,2024-01-12,https://data.eastmoney.com/notices/detail/600665/AN202401111617254347.html
603233,大参林,大参林:大参林医药集团股份有限公司关于公司控股股东股份质押的公告,股份质押、冻结,2024-01-12,https://data.eastmoney.com/notices/detail/603233/AN202401111617254335.html
600216,浙江医药,浙江医药:浙江医药关于获得高新技术企业认定的公告,获得认证,2024-01-12,https://data.eastmoney.com/notices/detail/600216/AN202401111617254342.html
600965,*ST福成,福成股份:关于实际控制人的一致行动人部分股份质押的公告,股份质押、冻结,2024-01-12,https://data.eastmoney.com/notices/detail/600965/AN202401111617254337.html
600587,新华医疗,新华医疗:新华医疗关于公司产品获得二类医疗器械注册证的公告,获得认证,2024-01-12,https://data.eastmoney.com/notices/detail/600587/AN202401111617254341.html
603055,台华新材,台华新材:浙江台华新材料股份有限公司关于对外担保进展的公告,提供/对外担保公告,2024-01-12,https://data.eastmoney.com/notices/detail/603055/AN202401111617254338.html
600461,洪城环境,洪城环境:江西洪城环境股份有限公司关于“洪城转债”转股结果暨股份变动公告,股本变动,2024-01-12,https://data.eastmoney.com/notices/detail/600461/AN202401111617254332.html
605056,咸亨国际,咸亨国际:关于公司及相关责任人员收到浙江证监局警示函的公告,警示函公告,2024-01-12,https://data.eastmoney.com/notices/detail/605056/AN202401111617254348.html
603239,浙江仙通,浙江仙通:浙江仙通-关于公司被认定为2023年度浙江省隐形冠军企业的公告,获得认证,2024-01-12,https://data.eastmoney.com/notices/detail/603239/AN202401111617254345.html
603003,退市龙宇,龙宇股份:关于子公司涉及诉讼进展的公告,其他,2024-01-12,https://data.eastmoney.com/notices/detail/603003/AN202401111617254343.html
600707,彩虹股份,彩虹股份:彩虹股份关于持股5%以上股东股份解除质押的公告,股份质押、冻结,2024-01-12,https://data.eastmoney.com/notices/detail/600707/AN202401111617254336.html
600665,天地源,天地源:天地源股份有限公司关于2023年度获得政府补助的公告,获得补贴（资助）,2024-01-12,https://data.eastmoney.com/notices/detail/600665/AN202401111617254346.html
601588,北辰实业,北辰实业:北辰实业关于监事会主席辞任的公告,高管人员任职变动,2024-01-12,https://data.eastmoney.com/notices/detail/601588/AN202401111617254333.html
603258,电魂网络,电魂网络:股东集中竞价减持股份结果公告,股东/实际控制人股份减持,2024-01-12,https://data.eastmoney.com/notices/detail/603258/AN202401111617254339.html
603168,莎普爱思,莎普爱思:莎普爱思关于通过高新技术企业重新认定的公告,获得认证,2024-01-12,https://data.eastmoney.com/notices/detail/603168/AN202401111617254334.html
600816,建元信托,建元信托:关于重大资产出售实施进展情况的公告,收购出售资产/股权,2024-01-12,https://data.eastmoney.com/notices/detail/600816/AN202401111617254266.html
600137,浪莎股份,浪莎股份:浪莎股份关于所属公司取得高新技术企业证书的提示性公告,获得认证,2024-01-12,https://data.eastmoney.com/notices/detail/600137/AN202401111617254265.html
