代码,名称,公告标题,公告类型,公告日期,网址
000908,石药景峰,*ST景峰:公司章程(2026年3月修订),公司章程修订,2026-03-18,https://data.eastmoney.com/notices/detail/000908/AN202603171820604802.html
300068,ST南都,南都电源:关于股东部分股份质押的公告,股份质押、冻结,2026-03-18,https://data.eastmoney.com/notices/detail/300068/AN202603181820625925.html
600370,*ST三房,三房巷:江苏三房巷聚材股份有限公司股票交易异常波动公告,股票交易异常波动,2026-03-18,https://data.eastmoney.com/notices/detail/600370/AN202603171820600842.html
002431,ST棕榈,棕榈股份:关于独立董事取得独立董事培训证明的公告,其他,2026-03-18,https://data.eastmoney.com/notices/detail/002431/AN202603171820601690.html
301682,宏明电子,宏明电子:首次公开发行股票并在创业板上市网上摇号中签结果公告,网上摇号中签结果公告,2026-03-18,https://data.eastmoney.com/notices/detail/301682/AN202603171820604883.html
301682,宏明电子,宏明电子:首次公开发行股票并在创业板上市网下发行初步配售结果公告,网下中签及配售结果公告,2026-03-18,https://data.eastmoney.com/notices/detail/301682/AN202603171820604884.html
301003,江苏博云,江苏博云:关于特定股东减持计划期限届满暨实施结果的公告,股东/实际控制人股份减持,2026-03-18,https://data.eastmoney.com/notices/detail/301003/AN202603181820624918.html
920547,无锡晶海,无锡晶海:关于开展外汇套期保值业务的公告,其他,2026-03-18,https://data.eastmoney.com/notices/detail/920547/AN202603181820624078.html
002126,银轮股份,银轮股份:002126银轮股份投资者关系管理信息20260318,调研活动,2026-03-18,https://data.eastmoney.com/notices/detail/002126/AN202603181820623331.html
300050,世纪鼎利,世纪鼎利:关于召开2025年年度股东会的通知,召开股东大会通知,2026-03-18,https://data.eastmoney.com/notices/detail/300050/AN202604081821069042.html
688092,爱科科技,关于同意杭州爱科科技股份有限公司向不特定对象发行可转换公司债券注册的批复,科创板再融资审核注册结果通知,2026-03-18,https://data.eastmoney.com/notices/detail/688092/AN202603301820882988.html
A26004,风和医疗,关于江苏风和医疗器材股份有限公司首次公开发行股票并上市辅导工作完成报告,辅导工作总结报告,2026-03-18,https://data.eastmoney.com/notices/detail/A26004/AN202603201820665431.html
920826,盖世食品,盖世食品:向特定对象发行可转债申请挂牌转让保荐书(申报稿),其他,2026-03-18,https://data.eastmoney.com/notices/detail/920826/AN202603191820649338.html
300391,长药退,关于对长江医药控股股份有限公司及相关当事人给予公开认定等纪律处分的决定,深交所股票公开认定,2026-03-18,https://data.eastmoney.com/notices/detail/300391/AN202603191820636805.html
603687,大胜达,关于对浙江大胜达包装股份有限公司对外投资及协议转让相关事项的监管工作函,上交所股票监管工作函,2026-03-18,https://data.eastmoney.com/notices/detail/603687/AN202603181820630737.html
300393,中来股份,中来股份:300393中来股份投资者关系管理信息20260318,调研活动,2026-03-18,https://data.eastmoney.com/notices/detail/300393/AN202603181820628273.html
002342,巨力索具,关于对巨力索具股份有限公司及相关当事人给予通报批评处分的决定,深交所股票通报批评,2026-03-18,https://data.eastmoney.com/notices/detail/002342/AN202603181820627743.html
300476,胜宏科技,胜宏科技:300476胜宏科技投资者关系管理信息20260318,调研活动,2026-03-18,https://data.eastmoney.com/notices/detail/300476/AN202603181820627458.html
920476,海能技术,海能技术:关于投资者关系活动记录表的公告,调研活动,2026-03-18,https://data.eastmoney.com/notices/detail/920476/AN202603181820627314.html
920476,海能技术,海能技术:股票解除限售公告,限售股份上市流通,2026-03-18,https://data.eastmoney.com/notices/detail/920476/AN202603181820627315.html
300772,运达股份,运达股份:运达能源科技集团股份有限公司2026年面向专业投资者公开发行绿色可续期公司债券(第一期)票面利率公告,其他,2026-03-18,https://data.eastmoney.com/notices/detail/300772/AN202603181820626892.html
300126,锐奇股份,锐奇股份:2025年度业绩快报,业绩快报,2026-03-18,https://data.eastmoney.com/notices/detail/300126/AN202603181820626661.html
920242,建邦科技,法律意见书(申报稿),北交所再融资法律意见书,2026-03-18,https://data.eastmoney.com/notices/detail/920242/AN202603181820626549.html
920242,建邦科技,最近二年的财务报告和审计报告及最近一期(如有)的财务报告(申报稿),北交所再融资审计报告,2026-03-18,https://data.eastmoney.com/notices/detail/920242/AN202603181820626552.html
920242,建邦科技,建邦科技:发行保荐书(申报稿),北交所再融资发行保荐书,2026-03-18,https://data.eastmoney.com/notices/detail/920242/AN202603181820626550.html
920242,建邦科技,建邦科技向特定对象发行可转债申请挂牌转让保荐书(申报稿),北交所再融资上市保荐书,2026-03-18,https://data.eastmoney.com/notices/detail/920242/AN202603181820626548.html
920242,建邦科技,上市公司向特定对象发行可转换公司债券募集说明书(申报稿),北交所再融资报告书申报稿,2026-03-18,https://data.eastmoney.com/notices/detail/920242/AN202603181820626551.html
301197,工大科雅,工大科雅:北京浩天律师事务所关于河北工大科雅科技集团股份有限公司2026年第一次临时股东会的法律意见书,法律意见书,2026-03-18,https://data.eastmoney.com/notices/detail/301197/AN202603181820626147.html
301197,工大科雅,工大科雅:河北工大科雅科技集团股份有限公司关于2026年第一次临时股东会决议的公告,股东大会决议公告,2026-03-18,https://data.eastmoney.com/notices/detail/301197/AN202603181820626145.html
301489,思泉新材,思泉新材:北京中银律师事务所关于广东思泉新材料股份有限公司2025年度向特定对象发行股票的补充法律意见书(三),法律意见书,2026-03-18,https://data.eastmoney.com/notices/detail/301489/AN202603181820626067.html
301489,思泉新材,思泉新材:关于申请向特定对象发行股票的第二轮审核问询函回复等申请文件更新的提示性公告,回复问询函公告,2026-03-18,https://data.eastmoney.com/notices/detail/301489/AN202603181820626066.html
301489,思泉新材,思泉新材:致同会计师事务所(特殊普通合伙)关于广东思泉新材料股份有限公司申请向特定对象发行股票的第二轮审核问询函中有关财务会计问题的专项说明,专项说明/独立意见,2026-03-18,https://data.eastmoney.com/notices/detail/301489/AN202603181820626069.html
301489,思泉新材,思泉新材:关于广东思泉新材料股份有限公司申请向特定对象发行股票第二轮审核问询函的回复(修订稿),回复问询函公告,2026-03-18,https://data.eastmoney.com/notices/detail/301489/AN202603181820626068.html
000776,广发证券,广发证券:广发证券股份有限公司2026年面向专业投资者公开发行永续次级债券(第二期)募集说明书,其他,2026-03-18,https://data.eastmoney.com/notices/detail/000776/AN202603181820625989.html
000090,天健集团,天健集团:深圳市天健(集团)股份有限公司2026年面向专业投资者公开发行可续期公司债券(第一期)信用评级报告,其他,2026-03-18,https://data.eastmoney.com/notices/detail/000090/AN202603181820625983.html
300548,长芯博创,长芯博创:长芯博创科技股份有限公司关于特定股东减持股份预披露公告,股东/实际控制人股份减持,2026-03-18,https://data.eastmoney.com/notices/detail/300548/AN202603181820625987.html
000090,天健集团,天健集团:深圳市天健(集团)股份有限公司2026年面向专业投资者公开发行可续期公司债券(第一期)募集说明书,其他,2026-03-18,https://data.eastmoney.com/notices/detail/000090/AN202603181820625982.html
300635,中达安,中达安:第五届董事会第十二次会议决议公告,董事会决议公告,2026-03-18,https://data.eastmoney.com/notices/detail/300635/AN202603181820625978.html
000090,天健集团,天健集团:深圳市天健(集团)股份有限公司2024年面向专业投资者公开发行可续期公司债券更名公告,其他,2026-03-18,https://data.eastmoney.com/notices/detail/000090/AN202603181820625977.html
000776,广发证券,广发证券:广发证券股份有限公司2026年面向专业投资者公开发行永续次级债券(第二期)发行公告,其他,2026-03-18,https://data.eastmoney.com/notices/detail/000776/AN202603181820625984.html
300635,中达安,中达安:关于为全资子公司申请银行授信提供抵押担保的公告,提供/对外担保公告,2026-03-18,https://data.eastmoney.com/notices/detail/300635/AN202603181820625980.html
000776,广发证券,广发证券:广发证券股份有限公司2026年面向专业投资者公开发行永续次级债券(第二期)信用评级报告,其他,2026-03-18,https://data.eastmoney.com/notices/detail/000776/AN202603181820625979.html
000090,天健集团,天健集团:深圳市天健(集团)股份有限公司2026年面向专业投资者公开发行可续期公司债券(第一期)发行公告,其他,2026-03-18,https://data.eastmoney.com/notices/detail/000090/AN202603181820625976.html
002996,顺博合金,1-1募集说明书(申报稿)(重庆顺博铝合金股份有限公司),深主板再融资募集说明书申报稿,2026-03-18,https://data.eastmoney.com/notices/detail/002996/AN202603181820625961.html
002996,顺博合金,3-3上市保荐书(申报稿)(重庆顺博铝合金股份有限公司),深主板再融资上市保荐书,2026-03-18,https://data.eastmoney.com/notices/detail/002996/AN202603181820625960.html
002996,顺博合金,3-1证券发行保荐书(申报稿)(重庆顺博铝合金股份有限公司),深主板再融资发行保荐书,2026-03-18,https://data.eastmoney.com/notices/detail/002996/AN202603181820625959.html
002521,齐峰新材,齐峰新材:002521齐峰新材投资者关系管理信息20260318,调研活动,2026-03-18,https://data.eastmoney.com/notices/detail/002521/AN202603181820625883.html
300409,道氏技术,道氏技术:关于股东减持股份的预披露公告,股东/实际控制人股份减持,2026-03-18,https://data.eastmoney.com/notices/detail/300409/AN202603181820625938.html
301236,软通动力,软通动力:股东减持股份预披露公告,股东/实际控制人股份减持,2026-03-18,https://data.eastmoney.com/notices/detail/301236/AN202603181820625939.html
300409,道氏技术,道氏技术:关于为子公司提供担保的进展公告,提供/对外担保公告,2026-03-18,https://data.eastmoney.com/notices/detail/300409/AN202603181820625937.html
301555,惠柏新材,惠柏新材:关于持股5%以上股东减持股份的预披露公告,股东/实际控制人股份减持,2026-03-18,https://data.eastmoney.com/notices/detail/301555/AN202603181820625897.html
002966,苏州银行,苏州银行:2026年3月18日投资者关系活动记录表,调研活动,2026-03-18,https://data.eastmoney.com/notices/detail/002966/AN202603181820625623.html
A25159,南方乳业,北京证券交易所上市委员会2026年第27次审议会议结果公告,北交所上市审核会议结果,2026-03-18,https://data.eastmoney.com/notices/detail/A25159/AN202603181820625719.html
301206,三元生物,三元生物:关于持股5%以上股东减持股份的预披露公告,股东/实际控制人股份减持,2026-03-18,https://data.eastmoney.com/notices/detail/301206/AN202603181820625841.html
301588,美新科技,美新科技:中国国际金融股份有限公司关于2025年度持续督导定期现场检查报告,保荐/核查意见,2026-03-18,https://data.eastmoney.com/notices/detail/301588/AN202603181820625592.html
301186,超达装备,超达装备:关于首发前员工持股平台股份减持计划实施完成的公告,股东/实际控制人股份减持,2026-03-18,https://data.eastmoney.com/notices/detail/301186/AN202603181820625593.html
301588,美新科技,美新科技:中国国际金融股份有限公司关于美新科技股份有限公司2026年度持续督导培训情况的报告,保荐/核查意见,2026-03-18,https://data.eastmoney.com/notices/detail/301588/AN202603181820625594.html
300125,聆达股份,*ST聆达:北京大成律师事务所关于聆达集团股份有限公司2026年第二次临时股东会的法律意见书,法律意见书,2026-03-18,https://data.eastmoney.com/notices/detail/300125/AN202603181820625549.html
300125,聆达股份,*ST聆达:2026年第二次临时股东会决议公告,股东大会决议公告,2026-03-18,https://data.eastmoney.com/notices/detail/300125/AN202603181820625547.html
920262,太湖雪,太湖雪:对外投资设立全资子公司并取得营业执照的公告,投资设立公司,2026-03-18,https://data.eastmoney.com/notices/detail/920262/AN202603181820625485.html
301013,利和兴,利和兴:关于控股股东、实际控制人的一致行动人权益变动触及1%整数倍的公告,权益变动报告书,2026-03-18,https://data.eastmoney.com/notices/detail/301013/AN202603181820625450.html
300746,汉嘉数智,汉嘉数智:关于对外担保的进展公告,提供/对外担保公告,2026-03-18,https://data.eastmoney.com/notices/detail/300746/AN202603181820625453.html
300014,亿纬锂能,亿纬锂能:关于控股股东部分股份解除质押及质押的公告,股份质押、冻结,2026-03-18,https://data.eastmoney.com/notices/detail/300014/AN202603181820625368.html
300014,亿纬锂能,亿纬锂能:关于亿纬转债付息的公告,其他,2026-03-18,https://data.eastmoney.com/notices/detail/300014/AN202603181820625369.html
002585,双星新材,双星新材:002585双星新材投资者关系管理信息20260318,调研活动,2026-03-18,https://data.eastmoney.com/notices/detail/002585/AN202603181820625292.html
920028,新恒泰,新恒泰:关于公司股票在全国中小企业股份转让系统终止挂牌的提示性公告,终止上市提示公告,2026-03-18,https://data.eastmoney.com/notices/detail/920028/AN202603181820625341.html
920274,宏裕包材,宏裕包材:第四届董事会第四次会议决议公告,董事会决议公告,2026-03-18,https://data.eastmoney.com/notices/detail/920274/AN202603181820625331.html
302132,中航成飞,中航成飞:北京市嘉源律师事务所关于中航成飞股份有限公司2026年第二次临时股东会的法律意见书,法律意见书,2026-03-18,https://data.eastmoney.com/notices/detail/302132/AN202603181820625301.html
302132,中航成飞,中航成飞:2026年第二次临时股东会决议公告,股东大会决议公告,2026-03-18,https://data.eastmoney.com/notices/detail/302132/AN202603181820625304.html
603112,华翔股份,上海证券交易所上市审核委员会2026年第10次审议会议结果公告,沪主板发行上市审核委会议结果公告,2026-03-18,https://data.eastmoney.com/notices/detail/603112/AN202603181820625189.html
300949,奥雅股份,奥雅股份:关于公司使用部分闲置自有资金进行委托理财的进展公告,委托（受托）事项,2026-03-18,https://data.eastmoney.com/notices/detail/300949/AN202603181820625264.html
301479,弘景光电,弘景光电:2026年第一次临时股东会决议公告,股东大会决议公告,2026-03-18,https://data.eastmoney.com/notices/detail/301479/AN202603181820625231.html
301479,弘景光电,弘景光电:关于2026年限制性股票激励计划内幕信息知情人买卖公司股票情况的自查报告,自查报告,2026-03-18,https://data.eastmoney.com/notices/detail/301479/AN202603181820625227.html
301479,弘景光电,弘景光电:广东华商律师事务所关于广东弘景光电科技股份有限公司2026年第一次临时股东会的法律意见书,法律意见书,2026-03-18,https://data.eastmoney.com/notices/detail/301479/AN202603181820625229.html
600742,富维股份,富维股份:投资者关系活动记录表-2026001,调研活动,2026-03-18,https://data.eastmoney.com/notices/detail/600742/AN202603181820625064.html
688132,邦彦技术,邦彦技术:投资者关系活动记录表20260318,调研活动,2026-03-18,https://data.eastmoney.com/notices/detail/688132/AN202603181820625065.html
301335,天元宠物,天元宠物:杭州天元宠物用品股份有限公司发行股份及支付现金购买资产并募集配套资金报告书(草案)摘要(四次修订稿),其他增发事项公告,2026-03-18,https://data.eastmoney.com/notices/detail/301335/AN202603181820625128.html
301335,天元宠物,天元宠物:2026年第二次独立董事专门会议审核意见,专项说明/独立意见,2026-03-18,https://data.eastmoney.com/notices/detail/301335/AN202603181820625097.html
301335,天元宠物,天元宠物:国泰海通证券股份有限公司关于杭州天元宠物用品股份有限公司发行股份及支付现金购买资产并募集配套资金之独立财务顾问报告(四次修订稿),保荐/核查意见,2026-03-18,https://data.eastmoney.com/notices/detail/301335/AN202603181820625123.html
301335,天元宠物,天元宠物:第四届董事会第十七次会议决议公告,董事会决议公告,2026-03-18,https://data.eastmoney.com/notices/detail/301335/AN202603181820625108.html
301335,天元宠物,天元宠物:国泰海通证券股份有限公司关于本次交易方案调整不构成重组方案重大调整的核查意见,保荐/核查意见,2026-03-18,https://data.eastmoney.com/notices/detail/301335/AN202603181820625092.html
301335,天元宠物,天元宠物:关于本次交易方案调整不构成重大调整的公告,其他,2026-03-18,https://data.eastmoney.com/notices/detail/301335/AN202603181820625096.html
301335,天元宠物,天元宠物:关于发行股份及支付现金购买资产并募集配套资金报告书(草案)(四次修订稿)修订说明的公告,其他,2026-03-18,https://data.eastmoney.com/notices/detail/301335/AN202603181820625110.html
301335,天元宠物,天元宠物:杭州天元宠物用品股份有限公司发行股份及支付现金购买资产并募集配套资金报告书(草案)(四次修订稿),其他增发事项公告,2026-03-18,https://data.eastmoney.com/notices/detail/301335/AN202603181820625103.html
301335,天元宠物,天元宠物:北京市万商天勤律师事务所关于杭州天元宠物用品股份有限公司发行股份及支付现金购买资产并募集配套资金之补充法律意见书(四),法律意见书,2026-03-18,https://data.eastmoney.com/notices/detail/301335/AN202603181820625129.html
002985,北摩高科,北摩高科:2026年03月18日投资者关系活动记录表,调研活动,2026-03-18,https://data.eastmoney.com/notices/detail/002985/AN202603181820624896.html
920163,方大新材,方大新材:关于变更项目质量控制复核人的公告,公司关联方基本资料变更,2026-03-18,https://data.eastmoney.com/notices/detail/920163/AN202603181820624967.html
920220,朗信电气,朗信电气:中信建投证券股份有限公司关于江苏朗信电气股份有限公司2025年度募集资金存放及使用情况的专项核查报告,保荐/核查意见,2026-03-18,https://data.eastmoney.com/notices/detail/920220/AN202603181820624949.html
920220,朗信电气,朗信电气:2025年年度报告预约披露时间变更的公告,延期披露定报公告,2026-03-18,https://data.eastmoney.com/notices/detail/920220/AN202603181820624952.html
920077,吉林碳谷,吉林碳谷:关于持股5%以上股东的部分股份被司法裁定的提示性公告,其他,2026-03-18,https://data.eastmoney.com/notices/detail/920077/AN202603181820624936.html
920992,中科美菱,中科美菱:关于变更公司邮箱及董事会秘书邮箱的公告,高管人员任职变动,2026-03-18,https://data.eastmoney.com/notices/detail/920992/AN202603181820624937.html
920220,朗信电气,朗信电气:前次募集资金使用情况鉴证报告,保荐/核查意见,2026-03-18,https://data.eastmoney.com/notices/detail/920220/AN202603181820624932.html
920220,朗信电气,朗信电气:非经常性损益鉴证报告,保荐/核查意见,2026-03-18,https://data.eastmoney.com/notices/detail/920220/AN202603181820624935.html
920220,朗信电气,朗信电气:内控审计报告,审计报告,2026-03-18,https://data.eastmoney.com/notices/detail/920220/AN202603181820624915.html
920220,朗信电气,朗信电气:关联交易公告,关联交易,2026-03-18,https://data.eastmoney.com/notices/detail/920220/AN202603181820624902.html
920220,朗信电气,朗信电气:2025年度审计报告,审计报告,2026-03-18,https://data.eastmoney.com/notices/detail/920220/AN202603181820624899.html
300390,天华新能,天华新能:2026年第一次临时股东会决议公告,股东大会决议公告,2026-03-18,https://data.eastmoney.com/notices/detail/300390/AN202603181820624872.html
300390,天华新能,天华新能:2026年第一次临时股东会法律意见书,法律意见书,2026-03-18,https://data.eastmoney.com/notices/detail/300390/AN202603181820624868.html
920220,朗信电气,朗信电气:关于召开2025年年度股东会通知公告,召开股东大会通知,2026-03-18,https://data.eastmoney.com/notices/detail/920220/AN202603181820624842.html
920028,新恒泰,新恒泰:向不特定合格投资者公开发行股票并在北京证券交易所上市公告书,首发上市公告书,2026-03-18,https://data.eastmoney.com/notices/detail/920028/AN202603181820624837.html
920028,新恒泰,新恒泰:向不特定合格投资者公开发行股票并在北京证券交易所上市提示性公告,首发提示性公告,2026-03-18,https://data.eastmoney.com/notices/detail/920028/AN202603181820624836.html
920220,朗信电气,朗信电气:关于变更审计部负责人的公告,高管人员任职变动,2026-03-18,https://data.eastmoney.com/notices/detail/920220/AN202603181820624830.html
920220,朗信电气,朗信电气:关于募集资金存放与使用情况的专项报告,募集资金使用情况报告,2026-03-18,https://data.eastmoney.com/notices/detail/920220/AN202603181820624829.html
920220,朗信电气,朗信电气:独立董事关于第一届董事会第二十四次会议相关事项的独立意见,专项说明/独立意见,2026-03-18,https://data.eastmoney.com/notices/detail/920220/AN202603181820624793.html
920220,朗信电气,朗信电气:内部控制自我评价报告,内部控制报告,2026-03-18,https://data.eastmoney.com/notices/detail/920220/AN202603181820624794.html
920220,朗信电气,朗信电气:独立董事关于第一届董事会第二十四次会议相关事项的事前认可意见,专项说明/独立意见,2026-03-18,https://data.eastmoney.com/notices/detail/920220/AN202603181820624774.html
920180,爱得科技,爱得科技:上海市锦天城律师事务所关于苏州爱得科技发展股份有限公司2026年第一次临时股东会的法律意见书,法律意见书,2026-03-18,https://data.eastmoney.com/notices/detail/920180/AN202603181820624750.html
920180,爱得科技,爱得科技:公司章程,公司章程,2026-03-18,https://data.eastmoney.com/notices/detail/920180/AN202603181820624749.html
920180,爱得科技,爱得科技:2026年第一次临时股东会决议公告,股东大会决议公告,2026-03-18,https://data.eastmoney.com/notices/detail/920180/AN202603181820624748.html
920220,朗信电气,朗信电气:关于预计2026年日常性关联交易的公告,关联交易,2026-03-18,https://data.eastmoney.com/notices/detail/920220/AN202603181820624728.html
920220,朗信电气,朗信电气:关于向金融机构申请综合授信额度的公告,借贷,2026-03-18,https://data.eastmoney.com/notices/detail/920220/AN202603181820624726.html
300638,广和通,广和通:H股公告-董事会召开日期,其他,2026-03-18,https://data.eastmoney.com/notices/detail/300638/AN202603181820624657.html
300638,广和通,广和通:H股公告-统一采用及披露根据中国企业会计准则编制的财务报表,其他,2026-03-18,https://data.eastmoney.com/notices/detail/300638/AN202603181820624662.html
300530,领湃科技,领湃科技:关于向特定对象发行股票解除限售上市流通的提示性公告,限售股份上市流通,2026-03-18,https://data.eastmoney.com/notices/detail/300530/AN202603181820624715.html
300530,领湃科技,领湃科技:川财证券有限责任公司关于湖南领湃科技集团股份有限公司向特定对象发行股票限售股份解除限售上市流通的核查意见,保荐/核查意见,2026-03-18,https://data.eastmoney.com/notices/detail/300530/AN202603181820624714.html
920220,朗信电气,朗信电气:续聘2026年度会计师事务所公告,审计机构变更,2026-03-18,https://data.eastmoney.com/notices/detail/920220/AN202603181820624674.html
920220,朗信电气,朗信电气:独立董事2025年度述职报告,独立董事述职报告,2026-03-18,https://data.eastmoney.com/notices/detail/920220/AN202603181820624671.html
300347,泰格医药,泰格医药:H股公告-董事会会议召开日期,其他,2026-03-18,https://data.eastmoney.com/notices/detail/300347/AN202603181820624669.html
301200,大族数控,大族数控:H股公告-董事会会议召开日期,其他,2026-03-18,https://data.eastmoney.com/notices/detail/301200/AN202603181820624668.html
300460,ST惠伦,ST惠伦:关于控股股东、实控人所持部分股份被司法拍卖的进展公告,诉讼仲裁,2026-03-18,https://data.eastmoney.com/notices/detail/300460/AN202603181820624660.html
301213,观想科技,观想科技:2026年第一次临时股东会决议公告,股东大会决议公告,2026-03-18,https://data.eastmoney.com/notices/detail/301213/AN202603181820624664.html
301213,观想科技,观想科技:观想科技2026年第一次临时股东会法律意见,法律意见书,2026-03-18,https://data.eastmoney.com/notices/detail/301213/AN202603181820624665.html
688389,普门科技,普门科技:2026年3月12-13日投资者关系活动记录表2026-001,调研活动,2026-03-18,https://data.eastmoney.com/notices/detail/688389/AN202603181820624604.html
920220,朗信电气,朗信电气:第一届董事会第二十四次会议决议公告,分配预案,2026-03-18,https://data.eastmoney.com/notices/detail/920220/AN202603181820624639.html
920566,梓橦宫,梓橦宫:关于独立董事届满离任的公告,高管人员任职变动,2026-03-18,https://data.eastmoney.com/notices/detail/920566/AN202603181820624632.html
920566,梓橦宫,梓橦宫:关于收到8个药品再注册批准通知书的公告,其他,2026-03-18,https://data.eastmoney.com/notices/detail/920566/AN202603181820624631.html
920566,梓橦宫,梓橦宫:关于使用自有闲置资金委托理财的进展公告,委托（受托）事项,2026-03-18,https://data.eastmoney.com/notices/detail/920566/AN202603181820624633.html
300488,恒锋工具,恒锋工具:关于提前赎回锋工转债的第八次提示性公告,其他,2026-03-18,https://data.eastmoney.com/notices/detail/300488/AN202603181820624578.html
920627,力王股份,力王股份:股东减持股份结果公告,股东/实际控制人股份减持,2026-03-18,https://data.eastmoney.com/notices/detail/920627/AN202603181820624489.html
301395,仁信新材,仁信新材:关于与专业投资机构共同投资的公告,投资设立公司,2026-03-18,https://data.eastmoney.com/notices/detail/301395/AN202603181820624479.html
300488,恒锋工具,恒锋工具:关于控股股东、实际控制人持股比例被动稀释触及1%整数倍的公告,其他,2026-03-18,https://data.eastmoney.com/notices/detail/300488/AN202603181820624478.html
300391,长药退,关于对长江医药控股股份有限公司及相关当事人给予公开认定等纪律处分的决定,深交所股票公开谴责,2026-03-18,https://data.eastmoney.com/notices/detail/300391/AN202603181820624375.html
920833,美心翼申,美心翼申:关于使用闲置募集资金进行现金管理的进展公告,募集资金使用进展情况,2026-03-18,https://data.eastmoney.com/notices/detail/920833/AN202603181820624370.html
920914,远航精密,远航精密:关于闲置募集资金暂时补充流动资金归还的公告,募集资金补充流动资金,2026-03-18,https://data.eastmoney.com/notices/detail/920914/AN202603181820624353.html
920220,朗信电气,朗信电气:2025年年度报告,年度报告全文,2026-03-18,https://data.eastmoney.com/notices/detail/920220/AN202603181820624329.html
300535,达威股份,达威股份:关于董事会换届选举的提示性公告,高管人员任职变动,2026-03-18,https://data.eastmoney.com/notices/detail/300535/AN202603181820624319.html
920932,科达自控,科达自控:关于变更项目合伙人及签字注册会计师的公告,公司关联方基本资料变更,2026-03-18,https://data.eastmoney.com/notices/detail/920932/AN202603181820624311.html
301130,西点药业,西点药业:301130西点药业投资者关系管理信息20260318,调研活动,2026-03-18,https://data.eastmoney.com/notices/detail/301130/AN202603181820624094.html
920005,鼎佳精密,鼎佳精密:前十大股东和前十大无限售条件股东情况公告,其他,2026-03-18,https://data.eastmoney.com/notices/detail/920005/AN202603181820624241.html
920005,鼎佳精密,鼎佳精密:关于使用部分自有闲置资金购买理财产品的进展公告,投资理财,2026-03-18,https://data.eastmoney.com/notices/detail/920005/AN202603181820624209.html
300015,爱尔眼科,爱尔眼科:关于2021年限制性股票激励计划暂缓授予部分第四个解除限售期解除限售股份上市流通的提示性公告,限售股份上市流通,2026-03-18,https://data.eastmoney.com/notices/detail/300015/AN202603181820624204.html
920036,觅睿科技,觅睿科技:关于全资子公司完成工商注册登记并取得营业执照的公告,公司关联方基本资料变更,2026-03-18,https://data.eastmoney.com/notices/detail/920036/AN202603181820624179.html
920036,觅睿科技,觅睿科技:关于签署募集资金三方监管协议的公告,签订协议,2026-03-18,https://data.eastmoney.com/notices/detail/920036/AN202603181820624178.html
920547,无锡晶海,无锡晶海:外汇套期保值业务管理制度,管理办法/制度,2026-03-18,https://data.eastmoney.com/notices/detail/920547/AN202603181820624075.html
920547,无锡晶海,无锡晶海:关于开展外汇套期保值业务的可行性分析报告,其他,2026-03-18,https://data.eastmoney.com/notices/detail/920547/AN202603181820624074.html
920547,无锡晶海,无锡晶海:第四届董事会第十七次会议决议公告,董事会决议公告,2026-03-18,https://data.eastmoney.com/notices/detail/920547/AN202603181820624077.html
920547,无锡晶海,无锡晶海:东方证券股份有限公司关于无锡晶海氨基酸股份有限公司开展外汇套期保值业务的核查意见,保荐/核查意见,2026-03-18,https://data.eastmoney.com/notices/detail/920547/AN202603181820624076.html
920694,中裕科技,中裕科技:关于董事会及高级管理人员延期换届的提示性公告,高管人员任职变动,2026-03-18,https://data.eastmoney.com/notices/detail/920694/AN202603181820623961.html
920961,创远信科,创远信科:股票解除限售公告,限售股份上市流通,2026-03-18,https://data.eastmoney.com/notices/detail/920961/AN202603181820623962.html
300070,碧水源,碧水源:2026年度第三期绿色科技创新债券发行结果公告,其他,2026-03-18,https://data.eastmoney.com/notices/detail/300070/AN202603181820623756.html
920012,创达新材,创达新材:独立董事关于第四届董事会第十三次会议相关事项的事前认可意见,专项说明/独立意见,2026-03-18,https://data.eastmoney.com/notices/detail/920012/AN202603181820623640.html
920081,欧伦电气,欧伦电气:关于申请公开发行股票并在北交所上市暨停牌进展公告,停牌公告,2026-03-18,https://data.eastmoney.com/notices/detail/920081/AN202603181820623639.html
000036,华联控股,华联控股:华联控股2026年3月18日投资者关系活动记录表,调研活动,2026-03-18,https://data.eastmoney.com/notices/detail/000036/AN202603181820623527.html
300538,同益股份,同益股份:关于为全资子公司申请银行授信提供担保的进展公告,提供/对外担保公告,2026-03-18,https://data.eastmoney.com/notices/detail/300538/AN202603181820623566.html
301178,天亿马,天亿马:关于实际控制人部分股份质押及解除质押的公告,股份质押、冻结,2026-03-18,https://data.eastmoney.com/notices/detail/301178/AN202603181820623485.html
920368,连城数控,连城数控:关于公司合并报表范围内提供担保的进展公告,提供/对外担保公告,2026-03-18,https://data.eastmoney.com/notices/detail/920368/AN202603181820623472.html
300432,富临精工,富临精工:关于子公司签订《增资协议》暨新建年产50万吨高端储能用磷酸铁锂项目进展的公告,签订协议,2026-03-18,https://data.eastmoney.com/notices/detail/300432/AN202603181820623463.html
920012,创达新材,创达新材:独立董事关于第四届董事会第十三次会议相关事项的独立意见,专项说明/独立意见,2026-03-18,https://data.eastmoney.com/notices/detail/920012/AN202603181820623440.html
920012,创达新材,创达新材:关于召开2025年年度股东会通知公告(提供网络投票),召开股东大会通知,2026-03-18,https://data.eastmoney.com/notices/detail/920012/AN202603181820623442.html
920012,创达新材,创达新材:内部控制审计报告,审计报告,2026-03-18,https://data.eastmoney.com/notices/detail/920012/AN202603181820623416.html
920012,创达新材,创达新材:非经常性损益明细表及鉴证报告,保荐/核查意见,2026-03-18,https://data.eastmoney.com/notices/detail/920012/AN202603181820623412.html
920012,创达新材,创达新材:2025年度审计报告,审计报告,2026-03-18,https://data.eastmoney.com/notices/detail/920012/AN202603181820623393.html
920012,创达新材,创达新材:内部控制评价报告,内部控制报告,2026-03-18,https://data.eastmoney.com/notices/detail/920012/AN202603181820623392.html
920012,创达新材,创达新材:关于确认公司2025年关联交易的公告,关联交易,2026-03-18,https://data.eastmoney.com/notices/detail/920012/AN202603181820623374.html
920270,天铭科技,天铭科技:关于全资子公司完成工商变更登记并取得营业执照的公告,公司关联方基本资料变更,2026-03-18,https://data.eastmoney.com/notices/detail/920270/AN202603181820623368.html
920012,创达新材,创达新材:关于公司申请银行授信额度的公告,借贷,2026-03-18,https://data.eastmoney.com/notices/detail/920012/AN202603181820623354.html
920012,创达新材,创达新材:关于公司向不特定合格投资者公开发行股票并在北京证券交易所上市后三年内稳定股价措施预案(二次修订稿),其他,2026-03-18,https://data.eastmoney.com/notices/detail/920012/AN202603181820623355.html
920012,创达新材,创达新材:关于使用闲置自有资金购买理财产品的公告,投资理财,2026-03-18,https://data.eastmoney.com/notices/detail/920012/AN202603181820623294.html
600367,红星发展,红星发展:接待机构投资者调研记录,调研活动,2026-03-18,https://data.eastmoney.com/notices/detail/600367/AN202603181820623214.html
920942,恒立钻具,恒立钻具:股东拟减持股份的预披露公告,股东/实际控制人股份减持,2026-03-18,https://data.eastmoney.com/notices/detail/920942/AN202603181820623235.html
920489,佳先股份,佳先股份:关于公司独立董事期满离任的公告,高管人员任职变动,2026-03-18,https://data.eastmoney.com/notices/detail/920489/AN202603181820623236.html
920826,盖世食品,法律意见书(申报稿),北交所再融资法律意见书,2026-03-18,https://data.eastmoney.com/notices/detail/920826/AN202603181820623217.html
920826,盖世食品,最近二年的财务报告和审计报告及最近一期(如有)的财务报告(申报稿),北交所再融资审计报告,2026-03-18,https://data.eastmoney.com/notices/detail/920826/AN202603181820623219.html
920826,盖世食品,向特定对象发行可转债申请挂牌转让保荐书(申报稿),北交所再融资上市保荐书,2026-03-18,https://data.eastmoney.com/notices/detail/920826/AN202603181820623218.html
920826,盖世食品,发行保荐书(申报稿),北交所再融资发行保荐书,2026-03-18,https://data.eastmoney.com/notices/detail/920826/AN202603181820623221.html
920826,盖世食品,上市公司向特定对象发行可转换公司债券募集说明书(申报稿),北交所再融资报告书申报稿,2026-03-18,https://data.eastmoney.com/notices/detail/920826/AN202603181820623220.html
300410,正业科技,正业科技:关于为全资孙公司提供担保的进展公告,提供/对外担保公告,2026-03-18,https://data.eastmoney.com/notices/detail/300410/AN202603181820623186.html
300095,华伍股份,华伍股份:关于仲裁事项的进展公告,诉讼仲裁,2026-03-18,https://data.eastmoney.com/notices/detail/300095/AN202603181820623192.html
300720,海川智能,海川智能:关于公司股东减持股份实施情况的公告,股东/实际控制人股份减持,2026-03-18,https://data.eastmoney.com/notices/detail/300720/AN202603181820623184.html
920012,创达新材,创达新材:续聘2026年度会计师事务所公告,审计机构变更,2026-03-18,https://data.eastmoney.com/notices/detail/920012/AN202603181820623181.html
920012,创达新材,创达新材:独立董事年度述职报告,独立董事述职报告,2026-03-18,https://data.eastmoney.com/notices/detail/920012/AN202603181820623080.html
301220,亚香股份,亚香股份:关于控股股东、实际控制人的一致行动人提前终止减持计划暨减持结果的公告,股东/实际控制人股份减持,2026-03-18,https://data.eastmoney.com/notices/detail/301220/AN202603181820623070.html
920012,创达新材,创达新材:董事、高级管理人员薪酬管理办法(修订稿),管理办法/制度,2026-03-18,https://data.eastmoney.com/notices/detail/920012/AN202603181820623068.html
920012,创达新材,创达新材:第四届董事会第十三次会议决议公告,分配预案,2026-03-18,https://data.eastmoney.com/notices/detail/920012/AN202603181820623045.html
920012,创达新材,创达新材:2025年年度报告,年度报告全文,2026-03-18,https://data.eastmoney.com/notices/detail/920012/AN202603181820622972.html
920012,创达新材,创达新材:2025年年度报告摘要,年度报告摘要,2026-03-18,https://data.eastmoney.com/notices/detail/920012/AN202603181820622973.html
920188,悦龙科技,悦龙科技:向不特定合格投资者公开发行股票并在北京证券交易所上市发行结果公告,首发发行结果公告,2026-03-18,https://data.eastmoney.com/notices/detail/920188/AN202603181820622835.html
301371,敷尔佳,敷尔佳:2026年3月18日投资者关系活动记录表（二）,调研活动,2026-03-18,https://data.eastmoney.com/notices/detail/301371/AN202603181820622557.html
920091,大鹏工业,大鹏工业:股票解除限售公告,限售股份上市流通,2026-03-18,https://data.eastmoney.com/notices/detail/920091/AN202603181820622635.html
300927,江天化学,江天化学:关于持股5%以上股东减持股份触及1%整数倍的公告,股东/实际控制人股份减持,2026-03-18,https://data.eastmoney.com/notices/detail/300927/AN202603181820622615.html
301109,军信股份,军信股份:关于使用闲置自有资金进行现金管理到期赎回的公告,投资理财,2026-03-18,https://data.eastmoney.com/notices/detail/301109/AN202603181820622534.html
300878,维康药业,维康药业:关于持股5%以上股东股份质押的公告,股份质押、冻结,2026-03-18,https://data.eastmoney.com/notices/detail/300878/AN202603181820622472.html
300277,汽轮科技,海联讯:300277海联讯投资者关系管理信息20260318,调研活动,2026-03-18,https://data.eastmoney.com/notices/detail/300277/AN202603181820622004.html
000598,兴蓉环境,兴蓉环境:成都市兴蓉环境股份有限公司2026年面向专业投资者公开发行科技创新公司债券(第一期)信用评级报告,其他,2026-03-18,https://data.eastmoney.com/notices/detail/000598/AN202603181820622239.html
000598,兴蓉环境,兴蓉环境:成都市兴蓉环境股份有限公司2026年面向专业投资者公开发行科技创新公司债券(第一期)发行公告,其他,2026-03-18,https://data.eastmoney.com/notices/detail/000598/AN202603181820622241.html
000598,兴蓉环境,兴蓉环境:成都市兴蓉环境股份有限公司2026年面向专业投资者公开发行科技创新公司债券(第一期)募集说明书,其他,2026-03-18,https://data.eastmoney.com/notices/detail/000598/AN202603181820622238.html
000598,兴蓉环境,兴蓉环境:成都市兴蓉环境股份有限公司2026年面向专业投资者公开发行科技创新公司债券(第一期)更名公告,其他,2026-03-18,https://data.eastmoney.com/notices/detail/000598/AN202603181820622240.html
300353,东土科技,东土科技:关于与专业投资机构共同投资基金的进展公告,投资设立公司,2026-03-18,https://data.eastmoney.com/notices/detail/300353/AN202603181820622166.html
301086,鸿富瀚,鸿富瀚:关于开立暂时闲置超募资金现金管理专用结算账户的公告,投资理财,2026-03-18,https://data.eastmoney.com/notices/detail/301086/AN202603181820622168.html
300772,运达股份,运达股份:关于延长运达能源科技集团股份有限公司2026年面向专业投资者公开发行绿色可续期公司债券(第一期)簿记建档时间的公告,其他,2026-03-18,https://data.eastmoney.com/notices/detail/300772/AN202603181820622167.html
300637,扬帆新材,扬帆新材:关于为子公司提供担保的公告,提供/对外担保公告,2026-03-18,https://data.eastmoney.com/notices/detail/300637/AN202603181820622067.html
300953,震裕科技,震裕科技:关于对外担保的进展公告,提供/对外担保公告,2026-03-18,https://data.eastmoney.com/notices/detail/300953/AN202603181820622063.html
920221,易实精密,易实精密:关于使用闲置自有资金购买理财产品的进展公告,投资理财,2026-03-18,https://data.eastmoney.com/notices/detail/920221/AN202603181820621949.html
300015,爱尔眼科,爱尔眼科:2026年03月17日投资者关系活动记录表,调研活动,2026-03-18,https://data.eastmoney.com/notices/detail/300015/AN202603181820621672.html
920206,彩客科技,彩客科技:前次募集资金使用情况鉴证报告,保荐/核查意见,2026-03-18,https://data.eastmoney.com/notices/detail/920206/AN202603181820621940.html
920206,彩客科技,彩客科技:内部控制审计报告,审计报告,2026-03-18,https://data.eastmoney.com/notices/detail/920206/AN202603181820621850.html
920206,彩客科技,彩客科技:2025年度审计报告,审计报告,2026-03-18,https://data.eastmoney.com/notices/detail/920206/AN202603181820621812.html
301601,惠通科技,惠通科技:关于持股5%以上股东减持至5%以下暨权益变动的提示性公告,权益变动报告书,2026-03-18,https://data.eastmoney.com/notices/detail/301601/AN202603181820621779.html
300966,共同药业,共同药业:第三届董事会第十一次会议决议公告,董事会决议公告,2026-03-18,https://data.eastmoney.com/notices/detail/300966/AN202603181820621785.html
301601,惠通科技,惠通科技:简式权益变动报告书(钟明),权益变动报告书,2026-03-18,https://data.eastmoney.com/notices/detail/301601/AN202603181820621787.html
301370,国科恒泰,国科恒泰:关于累计非重大诉讼、仲裁进展情况的公告,诉讼仲裁,2026-03-18,https://data.eastmoney.com/notices/detail/301370/AN202603181820621781.html
301428,世纪恒通,世纪恒通:关于控股股东、实际控制人部分股份被司法冻结的公告,股份质押、冻结,2026-03-18,https://data.eastmoney.com/notices/detail/301428/AN202603181820621783.html
300966,共同药业,共同药业:关于公司2026年度日常关联交易预计的公告,关联交易,2026-03-18,https://data.eastmoney.com/notices/detail/300966/AN202603181820621782.html
920206,彩客科技,彩客科技:2025年度非经常性损益鉴证报告,保荐/核查意见,2026-03-18,https://data.eastmoney.com/notices/detail/920206/AN202603181820621678.html
300517,海波重科,海波重科:2025年度业绩预告修正公告,业绩预告,2026-03-18,https://data.eastmoney.com/notices/detail/300517/AN202603181820621625.html
920206,彩客科技,彩客科技:关于召开2025年年度股东会通知公告,召开股东大会通知,2026-03-18,https://data.eastmoney.com/notices/detail/920206/AN202603181820621468.html
920045,蘅东光,蘅东光:董事离任公告,高管人员任职变动,2026-03-18,https://data.eastmoney.com/notices/detail/920045/AN202603181820621465.html
920206,彩客科技,彩客科技:续聘2026年度会计师事务所公告,审计机构变更,2026-03-18,https://data.eastmoney.com/notices/detail/920206/AN202603181820621457.html
920206,彩客科技,彩客科技:内部控制自我评价报告,内部控制报告,2026-03-18,https://data.eastmoney.com/notices/detail/920206/AN202603181820621362.html
300254,仟源医药,仟源医药:关于持股5%以上第一大股东部分股份被司法冻结的公告,股份质押、冻结,2026-03-18,https://data.eastmoney.com/notices/detail/300254/AN202603181820621353.html
920187,通领科技,通领科技:投资者关系活动记录表,调研活动,2026-03-18,https://data.eastmoney.com/notices/detail/920187/AN202603181820621332.html
688059,华锐精密,华锐精密:投资者关系活动记录表(2026年3月18日),调研活动,2026-03-18,https://data.eastmoney.com/notices/detail/688059/AN202603181820621252.html
920206,彩客科技,彩客科技:独立董事2025年度述职报告,独立董事述职报告,2026-03-18,https://data.eastmoney.com/notices/detail/920206/AN202603181820621280.html
920206,彩客科技,彩客科技:独立董事关于第二届董事会第十二次会议相关议案的独立意见,专项说明/独立意见,2026-03-18,https://data.eastmoney.com/notices/detail/920206/AN202603181820621253.html
920206,彩客科技,彩客科技:第二届董事会第十二次会议决议公告,分配预案,2026-03-18,https://data.eastmoney.com/notices/detail/920206/AN202603181820621113.html
002879,长缆科技,长缆科技:002879长缆科技投资者关系管理信息20260318,调研活动,2026-03-18,https://data.eastmoney.com/notices/detail/002879/AN202603181820621104.html
920206,彩客科技,彩客科技:2025年年度报告,年度报告全文,2026-03-18,https://data.eastmoney.com/notices/detail/920206/AN202603181820621108.html
301263,泰恩康,泰恩康:关于卵磷脂络合碘片(沃丽汀)获得药品再注册批准通知书的公告,其他,2026-03-18,https://data.eastmoney.com/notices/detail/301263/AN202603181820621059.html
300658,延江股份,延江股份:关于发行股份及支付现金购买资产并募集配套资金暨关联交易事项的进展公告,关联交易,2026-03-18,https://data.eastmoney.com/notices/detail/300658/AN202603181820621061.html
301355,南王科技,南王科技:关于全资子公司住所及法定代表人变更并完成工商变更登记的公告,公司关联方基本资料变更,2026-03-18,https://data.eastmoney.com/notices/detail/301355/AN202603181820621060.html
920086,科马材料,科马材料:关于完成工商变更登记及公司章程备案并取得营业执照的公告,公司章程修订,2026-03-18,https://data.eastmoney.com/notices/detail/920086/AN202603181820621048.html
002496,辉丰股份,深交所:*ST辉丰_监管函,深交所股票监管函,2026-03-18,https://data.eastmoney.com/notices/detail/002496/AN202603181820621035.html
002636,金安国纪,金安国纪:2026年3月17日投资者关系活动记录表,调研活动,2026-03-18,https://data.eastmoney.com/notices/detail/002636/AN202603181820620876.html
301371,敷尔佳,敷尔佳:2026年3月18日投资者关系活动记录表（一）,调研活动,2026-03-18,https://data.eastmoney.com/notices/detail/301371/AN202603181820620826.html
300461,田中精机,田中精机:关于公司仲裁进展暨收到执行款项的公告,诉讼仲裁,2026-03-18,https://data.eastmoney.com/notices/detail/300461/AN202603181820620978.html
301045,天禄科技,天禄科技:2026年3月18日投资者关系活动记录表,调研活动,2026-03-18,https://data.eastmoney.com/notices/detail/301045/AN202603181820620827.html
301326,捷邦科技,捷邦科技:关于首次公开发行前部分已发行股份上市流通的提示性公告,限售股份上市流通,2026-03-18,https://data.eastmoney.com/notices/detail/301326/AN202603181820620856.html
301326,捷邦科技,捷邦科技:中信建投证券股份有限公司关于捷邦精密科技股份有限公司首次公开发行前部分已发行股份上市流通的核查意见,保荐/核查意见,2026-03-18,https://data.eastmoney.com/notices/detail/301326/AN202603181820620857.html
300166,东方国信,东方国信:关于控股股东、实际控制人部分股份质押延期购回的公告,股份质押、冻结,2026-03-18,https://data.eastmoney.com/notices/detail/300166/AN202603181820620858.html
301321,翰博高新,翰博高新:关于公司为子公司提供担保的进展公告,提供/对外担保公告,2026-03-18,https://data.eastmoney.com/notices/detail/301321/AN202603181820620760.html
301017,漱玉平民,漱玉平民:关于为控股子公司提供担保的进展公告,提供/对外担保公告,2026-03-18,https://data.eastmoney.com/notices/detail/301017/AN202603181820620198.html
301251,威尔高,威尔高:关于公司为子公司担保的进展公告,提供/对外担保公告,2026-03-18,https://data.eastmoney.com/notices/detail/301251/AN202603181820620126.html
603499,翔港科技,翔港科技:上海翔港包装科技股份有限公司投资者关系活动记录表(3月17日),调研活动,2026-03-18,https://data.eastmoney.com/notices/detail/603499/AN202603181820620048.html
300210,森远股份,森远股份:关于向银行申请综合授信额度的公告,借贷,2026-03-18,https://data.eastmoney.com/notices/detail/300210/AN202603181820620070.html
300210,森远股份,森远股份:第七届董事会第十四次会议决议公告,董事会决议公告,2026-03-18,https://data.eastmoney.com/notices/detail/300210/AN202603181820620069.html
000027,深圳能源,深圳能源:深圳能源集团股份有限公司2026年面向专业投资者公开发行可续期公司债券(第一期)在深圳证券交易所上市的公告,其他,2026-03-18,https://data.eastmoney.com/notices/detail/000027/AN202603181820620014.html
300692,中赋科技,中赋科技:关于提前赎回中环转2的第十三次提示性公告,其他,2026-03-18,https://data.eastmoney.com/notices/detail/300692/AN202603181820619955.html
600660,福耀玻璃,福耀玻璃:H股市场公告(2025年年度业绩公告),其他,2026-03-18,https://data.eastmoney.com/notices/detail/600660/AN202603181820619952.html
600660,福耀玻璃,福耀玻璃:H股市场公告(股票發行人現金股息公告),其他,2026-03-18,https://data.eastmoney.com/notices/detail/600660/AN202603181820619954.html
920181,赛英电子,赛英电子:关于股东所持公司股票自愿限售的公告,限售股份上市流通,2026-03-18,https://data.eastmoney.com/notices/detail/920181/AN202603181820619874.html
300067,安诺其,安诺其:国泰海通证券股份有限公司关于上海安诺其集团股份有限公司全资子公司开展融资租赁业务并为其提供担保的核查意见,保荐/核查意见,2026-03-18,https://data.eastmoney.com/notices/detail/300067/AN202603181820619760.html
300550,和仁科技,和仁科技:关于已披露日常经营合同收到中标通知书的进展公告,重大合同,2026-03-18,https://data.eastmoney.com/notices/detail/300550/AN202603181820619751.html
300861,美畅股份,美畅股份:中信建投证券股份有限公司关于杨凌美畅新材料股份有限公司使用募集资金置换已投入募投项目自筹资金的核查意见(盖章版),保荐/核查意见,2026-03-18,https://data.eastmoney.com/notices/detail/300861/AN202603181820619750.html
300619,金银河,金银河:第五届董事会第八次会议决议公告,董事会决议公告,2026-03-18,https://data.eastmoney.com/notices/detail/300619/AN202603181820619754.html
300891,惠云钛业,惠云钛业:关于公司被评为2025年度国家级绿色工厂的公告,获得认证,2026-03-18,https://data.eastmoney.com/notices/detail/300891/AN202603181820619762.html
300732,设研院,设研院:关于董事辞职的公告,高管人员任职变动,2026-03-18,https://data.eastmoney.com/notices/detail/300732/AN202603181820619761.html
300861,美畅股份,美畅股份:第三届董事会第十六次会议决议的公告,董事会决议公告,2026-03-18,https://data.eastmoney.com/notices/detail/300861/AN202603181820619755.html
300067,安诺其,安诺其:关于全资子公司开展融资租赁业务并为其提供担保的公告,提供/对外担保公告,2026-03-18,https://data.eastmoney.com/notices/detail/300067/AN202603181820619759.html
300861,美畅股份,美畅股份:关于使用募集资金置换已投入募投项目自筹资金的公告,募集资金使用情况报告,2026-03-18,https://data.eastmoney.com/notices/detail/300861/AN202603181820619757.html
300067,安诺其,安诺其:第六届董事会第二十五次会议决议公告,董事会决议公告,2026-03-18,https://data.eastmoney.com/notices/detail/300067/AN202603181820619764.html
300268,佳沃食品,*ST佳沃:华安证券股份有限公司关于佳沃食品股份有限公司重大资产出售暨关联交易之2025年度持续督导意见,保荐/核查意见,2026-03-18,https://data.eastmoney.com/notices/detail/300268/AN202603181820619753.html
301121,紫建电子,紫建电子:关于全资孙公司开立募集资金专项账户并签订募集资金三方监管协议的公告,签订协议,2026-03-18,https://data.eastmoney.com/notices/detail/301121/AN202603181820619763.html
300907,康平科技,康平科技:关于归还暂时补充流动资金的闲置募集资金的公告,归还募集资金,2026-03-18,https://data.eastmoney.com/notices/detail/300907/AN202603181820619752.html
300619,金银河,金银河:关于使用部分闲置募集资金暂时补充流动资金的公告,募集资金补充流动资金,2026-03-18,https://data.eastmoney.com/notices/detail/300619/AN202603181820619756.html
300619,金银河,金银河:中信证券股份有限公司关于佛山市金银河智能装备股份有限公司使用部分闲置募集资金暂时补充流动资金的核查意见,保荐/核查意见,2026-03-18,https://data.eastmoney.com/notices/detail/300619/AN202603181820619758.html
300268,佳沃食品,*ST佳沃:华安证券股份有限公司关于佳沃食品股份有限公司2025年度内部控制评价报告的核查意见,保荐/核查意见,2026-03-18,https://data.eastmoney.com/notices/detail/300268/AN202603181820619765.html
300428,立中集团,立中集团:关于成立三级全资子公司完成工商注册并领取营业执照的自愿性披露公告,公司关联方基本资料变更,2026-03-18,https://data.eastmoney.com/notices/detail/300428/AN202603181820619644.html
300376,易事特,易事特:关于为全资子公司提供担保的进展公告,提供/对外担保公告,2026-03-18,https://data.eastmoney.com/notices/detail/300376/AN202603181820619645.html
301022,海泰科,海泰科:关于使用暂时闲置募集资金进行现金管理到期赎回的公告,投资理财,2026-03-18,https://data.eastmoney.com/notices/detail/301022/AN202603181820619646.html
920252,天宏锂电,天宏锂电:2026年第二次临时股东会决议公告,股东大会决议公告,2026-03-18,https://data.eastmoney.com/notices/detail/920252/AN202603181820619598.html
920252,天宏锂电,天宏锂电:上海市锦天城律师事务所关于天宏锂电2026年第二次临时股东会的法律意见书,法律意见书,2026-03-18,https://data.eastmoney.com/notices/detail/920252/AN202603181820619599.html
920060,万源通,万源通:国泰海通证券股份有限公司关于加入为昆山万源通电子科技股份有限公司股票提供做市服务的公告,做市商变动,2026-03-18,https://data.eastmoney.com/notices/detail/920060/AN202603181820619517.html
002753,永东股份,永东股份:002753永东股份投资者关系管理信息20260318,调研活动,2026-03-18,https://data.eastmoney.com/notices/detail/002753/AN202603181820618881.html
300822,贝仕达克,贝仕达克:300822贝仕达克投资者关系管理信息20260318,调研活动,2026-03-18,https://data.eastmoney.com/notices/detail/300822/AN202603181820619479.html
920976,视声智能,视声智能:关于使用闲置自有资金进行现金管理的进展公告,投资理财,2026-03-18,https://data.eastmoney.com/notices/detail/920976/AN202603181820619485.html
688809,强一股份,强一股份:2026年第二次临时股东会会议资料,股东大会资料,2026-03-18,https://data.eastmoney.com/notices/detail/688809/AN202603181820619018.html
688411,海博思创,海博思创:2026-001-投资者关系活动记录表,调研活动,2026-03-18,https://data.eastmoney.com/notices/detail/688411/AN202603181820618882.html
300383,光环新网,光环新网:300383光环新网投资者关系管理信息20260317,调研活动,2026-03-18,https://data.eastmoney.com/notices/detail/300383/AN202603181820617517.html
002881,美格智能,美格智能:H股公告-董事会会议召开日期,其他,2026-03-18,https://data.eastmoney.com/notices/detail/002881/AN202603181820616354.html
002955,鸿合科技,鸿合科技:东兴证券股份有限公司关于鸿合科技股份有限公司2025年度募集资金存放、管理与使用情况的核查意见,保荐/核查意见,2026-03-18,https://data.eastmoney.com/notices/detail/002955/AN202603181820616355.html
002671,龙泉股份,龙泉股份:关于项目中标结果的自愿性信息披露公告,重大合同,2026-03-18,https://data.eastmoney.com/notices/detail/002671/AN202603181820616342.html
002382,蓝帆医疗,蓝帆医疗:2026年3月17日投资者关系活动记录表,调研活动,2026-03-18,https://data.eastmoney.com/notices/detail/002382/AN202603181820613628.html
300597,吉大通信,吉大通信:300597吉大通信投资者关系管理信息20260318,调研活动,2026-03-18,https://data.eastmoney.com/notices/detail/300597/AN202603181820613575.html
000050,深天马A,深天马Ａ:2026年3月17日投资者关系活动记录表,调研活动,2026-03-18,https://data.eastmoney.com/notices/detail/000050/AN202603181820613416.html
300765,石药创新,新诺威:300765新诺威投资者关系管理信息20260317,调研活动,2026-03-18,https://data.eastmoney.com/notices/detail/300765/AN202603181820612515.html
301510,固高科技,固高科技:301510固高科技投资者关系管理信息20260318,调研活动,2026-03-18,https://data.eastmoney.com/notices/detail/301510/AN202603181820607818.html
300480,光力科技,光力科技:300480光力科技投资者关系管理信息20260317,调研活动,2026-03-18,https://data.eastmoney.com/notices/detail/300480/AN202603181820606966.html
603990,麦迪科技,麦迪科技:苏州麦迪斯顿医疗科技股份有限公司董事会关于独立董事独立性的专项评估意见,专项说明/独立意见,2026-03-18,https://data.eastmoney.com/notices/detail/603990/AN202603171820606652.html
603990,麦迪科技,麦迪科技:苏州麦迪斯顿医疗科技股份有限公司2025年度独立董事述职报告(任小军),独立董事述职报告,2026-03-18,https://data.eastmoney.com/notices/detail/603990/AN202603171820606657.html
603990,麦迪科技,麦迪科技:苏州麦迪斯顿医疗科技股份有限公司2025年度董事会工作报告,其他,2026-03-18,https://data.eastmoney.com/notices/detail/603990/AN202603171820606642.html
603990,麦迪科技,麦迪科技:麦迪科技关于修订《公司章程》及内部管理制度的公告,公司章程修订,2026-03-18,https://data.eastmoney.com/notices/detail/603990/AN202603171820606653.html
603990,麦迪科技,麦迪科技:麦迪科技第四届董事会第四十一次会议决议公告,分配预案,2026-03-18,https://data.eastmoney.com/notices/detail/603990/AN202603171820606648.html
603990,麦迪科技,麦迪科技:苏州麦迪斯顿医疗科技股份有限公司对会计师事务所2025年度履职情况评估报告,其他,2026-03-18,https://data.eastmoney.com/notices/detail/603990/AN202603171820606623.html
603990,麦迪科技,麦迪科技:苏州麦迪斯顿医疗科技股份有限公司融资决策制度(2026年3月修订),管理办法/制度,2026-03-18,https://data.eastmoney.com/notices/detail/603990/AN202603171820606625.html
603990,麦迪科技,麦迪科技:麦迪科技关于使用公积金弥补亏损的公告,其他,2026-03-18,https://data.eastmoney.com/notices/detail/603990/AN202603171820606641.html
603990,麦迪科技,麦迪科技:麦迪科技关于2025年年度募集资金存放、管理与实际使用情况的专项报告,募集资金使用情况报告,2026-03-18,https://data.eastmoney.com/notices/detail/603990/AN202603171820606643.html
603990,麦迪科技,麦迪科技:苏州麦迪斯顿医疗科技股份有限公司2025年度内部控制评价报告,内部控制报告,2026-03-18,https://data.eastmoney.com/notices/detail/603990/AN202603171820606631.html
603990,麦迪科技,麦迪科技:麦迪科技关于使用部分闲置募集资金进行现金管理的公告,投资理财,2026-03-18,https://data.eastmoney.com/notices/detail/603990/AN202603171820606647.html
603990,麦迪科技,麦迪科技:苏州麦迪斯顿医疗科技股份有限公司2025年度独立董事述职报告(袁万凯),独立董事述职报告,2026-03-18,https://data.eastmoney.com/notices/detail/603990/AN202603171820606637.html
603990,麦迪科技,麦迪科技:申万宏源证券承销保荐有限责任公司关于苏州麦迪斯顿医疗科技股份有限公司使用部分暂时闲置募集资金进行现金管理的核查意见,保荐/核查意见,2026-03-18,https://data.eastmoney.com/notices/detail/603990/AN202603171820606654.html
603990,麦迪科技,麦迪科技:第四届董事会独立董事专门会议2026年第一次会议决议,董事会决议公告,2026-03-18,https://data.eastmoney.com/notices/detail/603990/AN202603171820606632.html
603990,麦迪科技,麦迪科技:麦迪科技关于未来三年(2026年-2028年)股东分红回报规划的公告,其他,2026-03-18,https://data.eastmoney.com/notices/detail/603990/AN202603171820606624.html
603990,麦迪科技,麦迪科技:苏州麦迪斯顿医疗科技股份有限公司董事、高级管理人员薪酬管理制度(2026年3月修订),管理办法/制度,2026-03-18,https://data.eastmoney.com/notices/detail/603990/AN202603171820606635.html
603990,麦迪科技,麦迪科技:苏州麦迪斯顿医疗科技股份有限公司董事会审计委员会2025年度履职情况报告,其他,2026-03-18,https://data.eastmoney.com/notices/detail/603990/AN202603171820606656.html
603990,麦迪科技,麦迪科技:苏州麦迪斯顿医疗科技股份有限公司2025年年度报告摘要,年度报告摘要,2026-03-18,https://data.eastmoney.com/notices/detail/603990/AN202603171820606630.html
603990,麦迪科技,麦迪科技:麦迪科技关于2026年“提质增效重回报”行动方案的公告,其他,2026-03-18,https://data.eastmoney.com/notices/detail/603990/AN202603171820606633.html
603990,麦迪科技,麦迪科技:麦迪科技关于2026年度公司及控股子公司对外申请融资额度的公告,借贷,2026-03-18,https://data.eastmoney.com/notices/detail/603990/AN202603171820606655.html
603990,麦迪科技,麦迪科技:苏州麦迪斯顿医疗科技股份有限公司2025年年度报告,年度报告全文,2026-03-18,https://data.eastmoney.com/notices/detail/603990/AN202603171820606649.html
603990,麦迪科技,麦迪科技:申万宏源证券承销保荐有限责任公司关于苏州麦迪斯顿医疗科技股份有限公司2025年度募集资金存放与使用情况的专项核查报告,保荐/核查意见,2026-03-18,https://data.eastmoney.com/notices/detail/603990/AN202603171820606629.html
603990,麦迪科技,麦迪科技:麦迪科技关于提请股东会授权董事会办理以简易程序向特定对象发行股票相关事宜的公告,其他增发事项公告,2026-03-18,https://data.eastmoney.com/notices/detail/603990/AN202603171820606646.html
603990,麦迪科技,麦迪科技:苏州麦迪斯顿医疗科技股份有限公司章程(2026年3月修订),公司章程修订,2026-03-18,https://data.eastmoney.com/notices/detail/603990/AN202603171820606650.html
603990,麦迪科技,麦迪科技:麦迪科技关于使用部分闲置自有资金进行现金管理的公告,投资理财,2026-03-18,https://data.eastmoney.com/notices/detail/603990/AN202603171820606626.html
603990,麦迪科技,麦迪科技:麦迪科技关于2025年度利润分配预案的公告,分配预案,2026-03-18,https://data.eastmoney.com/notices/detail/603990/AN202603171820606645.html
603990,麦迪科技,麦迪科技:麦迪科技关于使用部分闲置募集资金进行现金管理赎回的公告,投资理财,2026-03-18,https://data.eastmoney.com/notices/detail/603990/AN202603171820606644.html
603990,麦迪科技,麦迪科技:苏州麦迪斯顿医疗科技股份有限公司募集资金管理及使用制度(2026年3月修订),管理办法/制度,2026-03-18,https://data.eastmoney.com/notices/detail/603990/AN202603171820606636.html
603990,麦迪科技,麦迪科技:苏州麦迪斯顿医疗科技股份有限公司2025年年度股东会会议资料,股东大会资料,2026-03-18,https://data.eastmoney.com/notices/detail/603990/AN202603171820606638.html
603990,麦迪科技,麦迪科技:苏州麦迪斯顿医疗科技股份有限公司审计委员会对会计师事务所2025年度履行监督职责情况报告,其他,2026-03-18,https://data.eastmoney.com/notices/detail/603990/AN202603171820606634.html
603990,麦迪科技,麦迪科技:苏州麦迪斯顿医疗科技股份有限公司2025年度独立董事述职报告(李东),独立董事述职报告,2026-03-18,https://data.eastmoney.com/notices/detail/603990/AN202603171820606628.html
603990,麦迪科技,麦迪科技:中汇会计师事务所(特殊普通合伙)苏州麦迪斯顿医疗科技股份有限公司2025年度审计报告,审计报告,2026-03-18,https://data.eastmoney.com/notices/detail/603990/AN202603171820606639.html
603990,麦迪科技,麦迪科技:中汇会计师事务所(特殊普通合伙)苏州麦迪斯顿医疗科技股份有限公司内部控制审计报告,审计报告,2026-03-18,https://data.eastmoney.com/notices/detail/603990/AN202603171820606651.html
603990,麦迪科技,麦迪科技:苏州麦迪斯顿医疗科技股份有限公司2025年度独立董事述职报告(白福意),独立董事述职报告,2026-03-18,https://data.eastmoney.com/notices/detail/603990/AN202603171820606640.html
603990,麦迪科技,麦迪科技:麦迪科技关于召开2025年年度股东会的通知,召开股东大会通知,2026-03-18,https://data.eastmoney.com/notices/detail/603990/AN202603171820606658.html
603990,麦迪科技,麦迪科技:中汇会计师事务所(特殊普通合伙)苏州麦迪斯顿医疗科技股份有限公司年度募集资金存放、管理与实际使用情况鉴证报告,保荐/核查意见,2026-03-18,https://data.eastmoney.com/notices/detail/603990/AN202603171820606627.html
603990,麦迪科技,麦迪科技:中汇会计师事务所(特殊普通合伙)关于苏州麦迪斯顿医疗科技股份有限公司非经营性资金占用及其他关联资金往来情况的专项审核说明,专项说明/独立意见,2026-03-18,https://data.eastmoney.com/notices/detail/603990/AN202603171820606659.html
688678,福立旺,福立旺:董事会审计委员会关于公司2026年度向特定对象发行A股股票相关事项的书面审核意见,专项说明/独立意见,2026-03-18,https://data.eastmoney.com/notices/detail/688678/AN202603171820605900.html
688678,福立旺,福立旺:关于开展票据池业务的公告,其他,2026-03-18,https://data.eastmoney.com/notices/detail/688678/AN202603171820605895.html
688678,福立旺,福立旺:关于公司募集资金存放、管理与实际使用情况的专项报告,募集资金使用情况报告,2026-03-18,https://data.eastmoney.com/notices/detail/688678/AN202603171820605889.html
688678,福立旺,福立旺:国浩律师(苏州)事务所关于公司2024年限制性股票激励计划首次授予部分第一个归属期归属条件未成就并作废部分已授予但尚未归属的限制性股票的公告,法律意见书,2026-03-18,https://data.eastmoney.com/notices/detail/688678/AN202603171820605884.html
688678,福立旺,福立旺:关于开展外汇套期保值业务的公告,其他,2026-03-18,https://data.eastmoney.com/notices/detail/688678/AN202603171820605899.html
688678,福立旺,福立旺:中信证券股份有限公司关于福立旺精密机电(中国)股份有限公司2025年度募集资金存放、管理与实际使用情况的专项核查意见,保荐/核查意见,2026-03-18,https://data.eastmoney.com/notices/detail/688678/AN202603171820605885.html
688678,福立旺,福立旺:关于本次募集资金投向属于科技创新领域的说明,募集资金使用情况报告,2026-03-18,https://data.eastmoney.com/notices/detail/688678/AN202603171820605879.html
688678,福立旺,福立旺:第四届董事会第九次会议决议公告,增发预案,2026-03-18,https://data.eastmoney.com/notices/detail/688678/AN202603171820605888.html
688678,福立旺,福立旺:前次募集资金使用情况专项报告,募集资金使用情况报告,2026-03-18,https://data.eastmoney.com/notices/detail/688678/AN202603171820605894.html
688678,福立旺,福立旺:关于最近五年未被证券监管部门和证券交易所采取监管措施或处罚的公告,自查报告,2026-03-18,https://data.eastmoney.com/notices/detail/688678/AN202603171820605898.html
688678,福立旺,福立旺:关于召开2025年年度股东会的通知,召开股东大会通知,2026-03-18,https://data.eastmoney.com/notices/detail/688678/AN202603171820605887.html
688678,福立旺,福立旺:2025年度募集资金存放、管理与实际使用情况的鉴证报告,保荐/核查意见,2026-03-18,https://data.eastmoney.com/notices/detail/688678/AN202603171820605893.html
688678,福立旺,福立旺:独立董事2025年度述职报告(刘琼),独立董事述职报告,2026-03-18,https://data.eastmoney.com/notices/detail/688678/AN202603171820605880.html
688678,福立旺,福立旺:中汇会计师事务所(特殊普通合伙)关于福立旺精密机电(中国)股份有限公司前次募集资金使用情况鉴证报告,保荐/核查意见,2026-03-18,https://data.eastmoney.com/notices/detail/688678/AN202603171820605883.html
688678,福立旺,福立旺:关于召开2025年度业绩说明会的公告,其他,2026-03-18,https://data.eastmoney.com/notices/detail/688678/AN202603171820605896.html
688678,福立旺,福立旺:2026年度向特定对象发行股票募集资金使用的可行性分析报告,其他,2026-03-18,https://data.eastmoney.com/notices/detail/688678/AN202603171820605882.html
688678,福立旺,福立旺:中信证券股份有限公司关于福立旺精密机电(中国)股份有限公司开展票据池业务的核查意见,保荐/核查意见,2026-03-18,https://data.eastmoney.com/notices/detail/688678/AN202603171820605891.html
688678,福立旺,福立旺:关于续聘会计师事务所的公告,审计机构变更,2026-03-18,https://data.eastmoney.com/notices/detail/688678/AN202603171820605881.html
688678,福立旺,福立旺:关于2026年度向特定对象发行A股股票预案披露的提示性公告,增发提示性公告,2026-03-18,https://data.eastmoney.com/notices/detail/688678/AN202603171820605886.html
688678,福立旺,福立旺:2025年年度利润分配及资本公积转增股本方案的公告,分配预案,2026-03-18,https://data.eastmoney.com/notices/detail/688678/AN202603171820605878.html
688678,福立旺,福立旺:中信证券股份有限公司关于福立旺精密机电(中国)股份有限公司开展外汇套期保值业务的核查意见,保荐/核查意见,2026-03-18,https://data.eastmoney.com/notices/detail/688678/AN202603171820605892.html
688678,福立旺,福立旺:关于公司2024年限制性股票激励计划首次授予部分第一个归属期归属条件未成就并作废部分已授予但尚未归属的限制性股票的公告,股权激励进展公告,2026-03-18,https://data.eastmoney.com/notices/detail/688678/AN202603171820605890.html
688678,福立旺,福立旺:董事、高级管理人员薪酬管理制度,管理办法/制度,2026-03-18,https://data.eastmoney.com/notices/detail/688678/AN202603171820605897.html
688678,福立旺,福立旺:董事会审计委员会对会计师事务所履行监督职责情况的报告,其他,2026-03-18,https://data.eastmoney.com/notices/detail/688678/AN202603171820605856.html
688678,福立旺,福立旺:2025年度内部控制审计报告,审计报告,2026-03-18,https://data.eastmoney.com/notices/detail/688678/AN202603171820605870.html
688678,福立旺,福立旺:独立董事关于第四届董事会独立董事专门会议2026年第一次会议相关事项发表的独立意见,专项说明/独立意见,2026-03-18,https://data.eastmoney.com/notices/detail/688678/AN202603171820605864.html
688678,福立旺,福立旺:独立董事2025年度述职报告(张征轶),独立董事述职报告,2026-03-18,https://data.eastmoney.com/notices/detail/688678/AN202603171820605859.html
688678,福立旺,福立旺:独立董事2025年度述职报告(郭龙华),独立董事述职报告,2026-03-18,https://data.eastmoney.com/notices/detail/688678/AN202603171820605867.html
688678,福立旺,福立旺:关于变更注册资本并修订《公司章程》的公告,公司注册资本变更,2026-03-18,https://data.eastmoney.com/notices/detail/688678/AN202603171820605869.html
688678,福立旺,福立旺:关于向特定对象发行股票摊薄即期回报与填补措施及相关主体承诺的公告,其他,2026-03-18,https://data.eastmoney.com/notices/detail/688678/AN202603171820605855.html
688678,福立旺,福立旺:2026年度向特定对象发行A股股票预案,增发预案,2026-03-18,https://data.eastmoney.com/notices/detail/688678/AN202603171820605862.html
688678,福立旺,福立旺:关于福立旺精密机电(中国)股份有限公司非经营性资金占用及其他关联资金往来情况的专项审核说明,专项说明/独立意见,2026-03-18,https://data.eastmoney.com/notices/detail/688678/AN202603171820605860.html
688678,福立旺,福立旺:福立旺精密机电(中国)股份有限公司章程,公司章程,2026-03-18,https://data.eastmoney.com/notices/detail/688678/AN202603171820605877.html
688678,福立旺,福立旺:2025年度内部控制评价报告,内部控制报告,2026-03-18,https://data.eastmoney.com/notices/detail/688678/AN202603171820605865.html
688678,福立旺,福立旺:中汇会计师事务所(特殊普通合伙)关于福立旺精密机电(中国)股份有限公司2023-2025年度非经常性损益的专项审核说明,保荐/核查意见,2026-03-18,https://data.eastmoney.com/notices/detail/688678/AN202603171820605875.html
688678,福立旺,福立旺:董事会对独立董事独立性自查情况的专项报告,自查报告,2026-03-18,https://data.eastmoney.com/notices/detail/688678/AN202603171820605872.html
688678,福立旺,福立旺:未来三年(2026-2028年度)股东分红回报规划,其他,2026-03-18,https://data.eastmoney.com/notices/detail/688678/AN202603171820605866.html
688678,福立旺,福立旺:关于本次向特定对象发行股票不存在直接或通过利益相关方向参与认购的投资者提供财务资助或补偿的公告,获得补贴（资助）,2026-03-18,https://data.eastmoney.com/notices/detail/688678/AN202603171820605874.html
688678,福立旺,福立旺:董事会审计委员会2025年度履职情况报告,其他,2026-03-18,https://data.eastmoney.com/notices/detail/688678/AN202603171820605854.html
688678,福立旺,福立旺:关于使用自有闲置资金购买理财产品的公告,投资理财,2026-03-18,https://data.eastmoney.com/notices/detail/688678/AN202603171820605876.html
688678,福立旺,福立旺:2026年度向特定对象发行股票发行方案的论证分析报告,其他,2026-03-18,https://data.eastmoney.com/notices/detail/688678/AN202603171820605868.html
688678,福立旺,福立旺:2025年度“提质增效重回报”行动方案评估报告暨2026年“提质增效重回报”行动方案的公告,其他,2026-03-18,https://data.eastmoney.com/notices/detail/688678/AN202603171820605873.html
688678,福立旺,福立旺:关于中汇会计师事务所(特殊普通合伙)履职情况评估报告,其他,2026-03-18,https://data.eastmoney.com/notices/detail/688678/AN202603171820605863.html
688678,福立旺,福立旺:关于公司2026年度向金融机构申请综合授信额度的公告,借贷,2026-03-18,https://data.eastmoney.com/notices/detail/688678/AN202603171820605861.html
688678,福立旺,福立旺:2025年年度报告,年度报告全文,2026-03-18,https://data.eastmoney.com/notices/detail/688678/AN202603171820605858.html
688678,福立旺,福立旺:2025年年度报告摘要,年度报告摘要,2026-03-18,https://data.eastmoney.com/notices/detail/688678/AN202603171820605871.html
688678,福立旺,福立旺:2025年度审计报告,审计报告,2026-03-18,https://data.eastmoney.com/notices/detail/688678/AN202603171820605857.html
603168,莎普爱思,莎普爱思:浙江莎普爱思药业股份有限公司关于收到上海证券交易所《关于浙江莎普爱思药业股份有限公司向关联方购买资产相关事项的问询函》的公告,收到问询函公告,2026-03-18,https://data.eastmoney.com/notices/detail/603168/AN202603171820605804.html
603389,亚振家居,*ST亚振:关于对上海证券交易所《关于亚振家居股份有限公司业绩预告事项的监管工作函》的回复公告,监管工作函回复公告,2026-03-18,https://data.eastmoney.com/notices/detail/603389/AN202603171820605637.html
603389,亚振家居,*ST亚振:关于变更办公地点的公告,公司办公地址变更,2026-03-18,https://data.eastmoney.com/notices/detail/603389/AN202603171820605636.html
002985,北摩高科,北摩高科:2025年年度报告摘要,年度报告摘要,2026-03-18,https://data.eastmoney.com/notices/detail/002985/AN202603171820605543.html
002985,北摩高科,北摩高科:关于召开2025年度股东会的通知,召开股东大会通知,2026-03-18,https://data.eastmoney.com/notices/detail/002985/AN202603171820605539.html
002985,北摩高科,北摩高科:2025年年度报告,年度报告全文,2026-03-18,https://data.eastmoney.com/notices/detail/002985/AN202603171820605547.html
002985,北摩高科,北摩高科:关于2025年度计提信用减值损失的公告,其他,2026-03-18,https://data.eastmoney.com/notices/detail/002985/AN202603171820605545.html
002985,北摩高科,北摩高科:2025年年度审计报告,审计报告,2026-03-18,https://data.eastmoney.com/notices/detail/002985/AN202603171820605555.html
002985,北摩高科,北摩高科:第四届董事会第八次会议决议的公告,分配预案,2026-03-18,https://data.eastmoney.com/notices/detail/002985/AN202603171820605544.html
002985,北摩高科,北摩高科:关于2025年度利润分配预案的公告,分配预案,2026-03-18,https://data.eastmoney.com/notices/detail/002985/AN202603171820605550.html
002985,北摩高科,北摩高科:独立董事述职报告-姜晓东,独立董事述职报告,2026-03-18,https://data.eastmoney.com/notices/detail/002985/AN202603171820605546.html
002985,北摩高科,北摩高科:关于举办2025年年度现场业绩说明会的公告,其他,2026-03-18,https://data.eastmoney.com/notices/detail/002985/AN202603171820605542.html
002985,北摩高科,北摩高科:2025年度内部控制评价报告,内部控制报告,2026-03-18,https://data.eastmoney.com/notices/detail/002985/AN202603171820605551.html
002985,北摩高科,北摩高科:内部控制审计报告,审计报告,2026-03-18,https://data.eastmoney.com/notices/detail/002985/AN202603171820605537.html
002985,北摩高科,北摩高科:2025年度募集资金存放与使用情况专项报告,募集资金使用情况报告,2026-03-18,https://data.eastmoney.com/notices/detail/002985/AN202603171820605541.html
002985,北摩高科,北摩高科:独立董事述职报告-邓文胜,独立董事述职报告,2026-03-18,https://data.eastmoney.com/notices/detail/002985/AN202603171820605554.html
002985,北摩高科,北摩高科:关于2025年度审计委员会履职暨对会计师事务所履行监督职责的总结报告,其他,2026-03-18,https://data.eastmoney.com/notices/detail/002985/AN202603171820605538.html
002985,北摩高科,北摩高科:董事会对独立董事2025年度独立性情况进行评估的专项意见,专项说明/独立意见,2026-03-18,https://data.eastmoney.com/notices/detail/002985/AN202603171820605552.html
002985,北摩高科,北摩高科:2025年度非经营性资金占用及其他关联资金往来情况汇总表,资金占用,2026-03-18,https://data.eastmoney.com/notices/detail/002985/AN202603171820605548.html
002985,北摩高科,北摩高科:独立董事述职报告-季学武,独立董事述职报告,2026-03-18,https://data.eastmoney.com/notices/detail/002985/AN202603171820605553.html
002985,北摩高科,北摩高科:年度募集资金存放、管理与使用情况鉴证报告,保荐/核查意见,2026-03-18,https://data.eastmoney.com/notices/detail/002985/AN202603171820605556.html
002985,北摩高科,北摩高科:长江证券承销保荐有限公司关于北京北摩高科摩擦材料股份有限公司2025年度募集资金存放与使用情况的专项核查意见,保荐/核查意见,2026-03-18,https://data.eastmoney.com/notices/detail/002985/AN202603171820605549.html
002985,北摩高科,北摩高科:非经营性资金占用及其他关联资金往来情况的专项审核说明,专项说明/独立意见,2026-03-18,https://data.eastmoney.com/notices/detail/002985/AN202603171820605540.html
002969,嘉美包装,嘉美包装:关于公司股票交易异常波动暨风险提示性公告,股票交易异常波动,2026-03-18,https://data.eastmoney.com/notices/detail/002969/AN202603171820605488.html
688611,杭州柯林,杭州柯林:杭州柯林电气股份有限公司关于公司关联交易的公告,关联交易,2026-03-18,https://data.eastmoney.com/notices/detail/688611/AN202603171820605171.html
002955,鸿合科技,鸿合科技:关于为客户提供买方信贷担保的公告,提供/对外担保公告,2026-03-18,https://data.eastmoney.com/notices/detail/002955/AN202603171820605085.html
002912,中新赛克,中新赛克:2025年度独立董事述职报告(乐宏伟),独立董事述职报告,2026-03-18,https://data.eastmoney.com/notices/detail/002912/AN202603171820605077.html
002912,中新赛克,中新赛克:2025年度非经营性资金占用及其他关联资金往来情况的专项报告,保荐/核查意见,2026-03-18,https://data.eastmoney.com/notices/detail/002912/AN202603171820605091.html
002912,中新赛克,中新赛克:2025年年度报告,年度报告全文,2026-03-18,https://data.eastmoney.com/notices/detail/002912/AN202603171820605107.html
002955,鸿合科技,鸿合科技:独立董事2025年度独立性自查情况的专项报告,自查报告,2026-03-18,https://data.eastmoney.com/notices/detail/002955/AN202603171820605075.html
300056,中创环保,中创环保:关于公司为北京中创提供财务资助的公告,获得补贴（资助）,2026-03-18,https://data.eastmoney.com/notices/detail/300056/AN202603171820605109.html
002955,鸿合科技,鸿合科技:关于2025年度计提资产减值准备的公告,其他,2026-03-18,https://data.eastmoney.com/notices/detail/002955/AN202603171820605114.html
002955,鸿合科技,鸿合科技:天健审〔2026〕3-10号-内部控制审计报告,审计报告,2026-03-18,https://data.eastmoney.com/notices/detail/002955/AN202603171820605111.html
002912,中新赛克,中新赛克:2026年度董事薪酬方案,其他,2026-03-18,https://data.eastmoney.com/notices/detail/002912/AN202603171820605069.html
002955,鸿合科技,鸿合科技:天健审〔2026〕3-11号-2025年鸿合科技募集资金存放与使用情况鉴证报告,保荐/核查意见,2026-03-18,https://data.eastmoney.com/notices/detail/002955/AN202603171820605117.html
002912,中新赛克,中新赛克:关于开展外汇套期保值业务的公告,其他,2026-03-18,https://data.eastmoney.com/notices/detail/002912/AN202603171820605058.html
002912,中新赛克,中新赛克:2025年度独立董事述职报告(肖幼美),独立董事述职报告,2026-03-18,https://data.eastmoney.com/notices/detail/002912/AN202603171820605125.html
002912,中新赛克,中新赛克:关于拟变更2026年度审计机构的公告,审计机构变更,2026-03-18,https://data.eastmoney.com/notices/detail/002912/AN202603171820605100.html
002955,鸿合科技,鸿合科技:独立董事2025年度述职报告(兰佳),独立董事述职报告,2026-03-18,https://data.eastmoney.com/notices/detail/002955/AN202603171820605076.html
300056,中创环保,中创环保:关于为江西彰明提供担保的公告,提供/对外担保公告,2026-03-18,https://data.eastmoney.com/notices/detail/300056/AN202603171820605070.html
002955,鸿合科技,鸿合科技:关于举行2025年度业绩说明会的公告,其他,2026-03-18,https://data.eastmoney.com/notices/detail/002955/AN202603171820605127.html
002955,鸿合科技,"鸿合科技:天健审〔2026〕3-13号-关于NewlineInteractive,Inc.业绩承诺完成情况鉴证报告",保荐/核查意见,2026-03-18,https://data.eastmoney.com/notices/detail/002955/AN202603171820605068.html
002912,中新赛克,中新赛克:2026年度高级管理人员薪酬方案,其他,2026-03-18,https://data.eastmoney.com/notices/detail/002912/AN202603171820605079.html
002912,中新赛克,中新赛克:关于使用闲置自有资金进行现金管理暨关联交易的公告,投资理财,2026-03-18,https://data.eastmoney.com/notices/detail/002912/AN202603171820605118.html
002955,鸿合科技,鸿合科技:2025年度董事会工作报告,其他,2026-03-18,https://data.eastmoney.com/notices/detail/002955/AN202603171820605082.html
002955,鸿合科技,鸿合科技:独立董事2025年度述职报告(黄福平),独立董事述职报告,2026-03-18,https://data.eastmoney.com/notices/detail/002955/AN202603171820605124.html
002955,鸿合科技,鸿合科技:独立董事2025年度述职报告(马哲),独立董事述职报告,2026-03-18,https://data.eastmoney.com/notices/detail/002955/AN202603171820605064.html
002955,鸿合科技,鸿合科技:独立董事2025年度述职报告(李姚矿),独立董事述职报告,2026-03-18,https://data.eastmoney.com/notices/detail/002955/AN202603171820605096.html
000536,华映科技,华映科技:关于持股5%以上股东部分股份被司法处置的预披露公告,其他,2026-03-18,https://data.eastmoney.com/notices/detail/000536/AN202603171820605071.html
002955,鸿合科技,鸿合科技:关于2026年度董事和高级管理人员薪酬(津贴)方案的公告,其他,2026-03-18,https://data.eastmoney.com/notices/detail/002955/AN202603171820605108.html
002912,中新赛克,中新赛克:2025年度内部控制自我评价报告,内部控制报告,2026-03-18,https://data.eastmoney.com/notices/detail/002912/AN202603171820605065.html
002955,鸿合科技,鸿合科技:关于会计政策变更的公告,其他,2026-03-18,https://data.eastmoney.com/notices/detail/002955/AN202603171820605054.html
002912,中新赛克,中新赛克:董事会审计委员会对会计师事务所2025年度履职情况评估及履行监督职责情况报告,其他,2026-03-18,https://data.eastmoney.com/notices/detail/002912/AN202603171820605073.html
002955,鸿合科技,鸿合科技:独立董事2025年度述职报告(杨一平),独立董事述职报告,2026-03-18,https://data.eastmoney.com/notices/detail/002955/AN202603171820605072.html
002955,鸿合科技,鸿合科技:东兴证券股份有限公司关于鸿合科技股份有限公司使用部分闲置募集资金和闲置自有资金进行现金管理的核查意见,保荐/核查意见,2026-03-18,https://data.eastmoney.com/notices/detail/002955/AN202603171820605120.html
002955,鸿合科技,鸿合科技:关于使用部分闲置募集资金和闲置自有资金进行现金管理的公告,投资理财,2026-03-18,https://data.eastmoney.com/notices/detail/002955/AN202603171820605066.html
002955,鸿合科技,鸿合科技:关于回购公司股份方案的公告暨回购报告书,回购预案,2026-03-18,https://data.eastmoney.com/notices/detail/002955/AN202603171820605104.html
002955,鸿合科技,鸿合科技:上市公司2025年年度非经营性资金占用及其他关联资金往来情况汇总表,资金占用,2026-03-18,https://data.eastmoney.com/notices/detail/002955/AN202603171820605057.html
002955,鸿合科技,鸿合科技:第三届董事会第十九次会议决议公告,分配预案,2026-03-18,https://data.eastmoney.com/notices/detail/002955/AN202603171820605055.html
300056,中创环保,中创环保:关于召开2026年第二次临时股东会的通知,召开股东大会通知,2026-03-18,https://data.eastmoney.com/notices/detail/300056/AN202603171820605062.html
002955,鸿合科技,鸿合科技:关于给子公司提供担保额度预计的公告,提供/对外担保公告,2026-03-18,https://data.eastmoney.com/notices/detail/002955/AN202603171820605099.html
300056,中创环保,中创环保:关于公司为江西彰明提供财务资助的公告,获得补贴（资助）,2026-03-18,https://data.eastmoney.com/notices/detail/300056/AN202603171820605122.html
002955,鸿合科技,鸿合科技:2025年度内部控制评价报告,内部控制报告,2026-03-18,https://data.eastmoney.com/notices/detail/002955/AN202603171820605078.html
002955,鸿合科技,鸿合科技:关于2025年年度募集资金存放、管理与使用情况的专项报告,募集资金使用情况报告,2026-03-18,https://data.eastmoney.com/notices/detail/002955/AN202603171820605093.html
002912,中新赛克,中新赛克:关于2026年度日常关联交易预计的公告,关联交易,2026-03-18,https://data.eastmoney.com/notices/detail/002912/AN202603171820605094.html
300056,中创环保,中创环保:第六届董事会第十八次会议决议公告,高管人员任职变动,2026-03-18,https://data.eastmoney.com/notices/detail/300056/AN202603171820605084.html
002912,中新赛克,中新赛克:第四届董事会第五次会议决议的公告,分配预案,2026-03-18,https://data.eastmoney.com/notices/detail/002912/AN202603171820605063.html
002912,中新赛克,中新赛克:2025年度环境、社会和公司治理(ESG)报告,ESG公告,2026-03-18,https://data.eastmoney.com/notices/detail/002912/AN202603171820605086.html
002955,鸿合科技,鸿合科技:关于2025年度会计师事务所的履职情况评估报告及审计委员会履行监督职责情况报告,其他,2026-03-18,https://data.eastmoney.com/notices/detail/002955/AN202603171820605103.html
002955,鸿合科技,鸿合科技:关于向银行申请综合授信额度预计的公告,借贷,2026-03-18,https://data.eastmoney.com/notices/detail/002955/AN202603171820605092.html
002912,中新赛克,中新赛克:2025年度非经营性资金占用及其他关联资金往来汇总表,资金占用,2026-03-18,https://data.eastmoney.com/notices/detail/002912/AN202603171820605097.html
002912,中新赛克,中新赛克:2025年度董事会工作报告,其他,2026-03-18,https://data.eastmoney.com/notices/detail/002912/AN202603171820605090.html
002912,中新赛克,中新赛克:2025年年度报告摘要,年度报告摘要,2026-03-18,https://data.eastmoney.com/notices/detail/002912/AN202603171820605088.html
002955,鸿合科技,鸿合科技:独立董事2025年度述职报告(宋利国),独立董事述职报告,2026-03-18,https://data.eastmoney.com/notices/detail/002955/AN202603171820605089.html
300056,中创环保,中创环保:关于聘任公司证券事务代表的公告,高管人员任职变动,2026-03-18,https://data.eastmoney.com/notices/detail/300056/AN202603171820605081.html
002912,中新赛克,中新赛克:未来三年(2026-2028年)利润分配计划,其他,2026-03-18,https://data.eastmoney.com/notices/detail/002912/AN202603171820605126.html
002912,中新赛克,中新赛克:关于2025年度利润分配方案的公告,分配预案,2026-03-18,https://data.eastmoney.com/notices/detail/002912/AN202603171820605121.html
002955,鸿合科技,鸿合科技:关于召开2025年年度股东会的通知,召开股东大会通知,2026-03-18,https://data.eastmoney.com/notices/detail/002955/AN202603171820605115.html
002955,鸿合科技,鸿合科技:关于2025年度利润分配预案的公告,分配预案,2026-03-18,https://data.eastmoney.com/notices/detail/002955/AN202603171820605074.html
002955,鸿合科技,鸿合科技:2025年年度报告,年度报告全文,2026-03-18,https://data.eastmoney.com/notices/detail/002955/AN202603171820605059.html
002955,鸿合科技,"鸿合科技:关于NewlineInteractive,Inc.2025年度业绩承诺实现情况的公告",其他,2026-03-18,https://data.eastmoney.com/notices/detail/002955/AN202603171820605060.html
002912,中新赛克,中新赛克:2025年年度审计报告,审计报告,2026-03-18,https://data.eastmoney.com/notices/detail/002912/AN202603171820605061.html
002912,中新赛克,中新赛克:关于2025年度计提资产减值准备的公告,其他,2026-03-18,https://data.eastmoney.com/notices/detail/002912/AN202603171820605110.html
002912,中新赛克,中新赛克:关于开展外汇套期保值业务的可行性分析报告,其他,2026-03-18,https://data.eastmoney.com/notices/detail/002912/AN202603171820605083.html
002955,鸿合科技,鸿合科技:2025年年度报告摘要,年度报告摘要,2026-03-18,https://data.eastmoney.com/notices/detail/002955/AN202603171820605087.html
002912,中新赛克,中新赛克:关于召开2025年度股东会的通知,召开股东大会通知,2026-03-18,https://data.eastmoney.com/notices/detail/002912/AN202603171820605106.html
002912,中新赛克,中新赛克:董事会关于独立董事独立性自查情况的专项报告,自查报告,2026-03-18,https://data.eastmoney.com/notices/detail/002912/AN202603171820605116.html
002912,中新赛克,中新赛克:2025年度独立董事述职报告(周成柱),独立董事述职报告,2026-03-18,https://data.eastmoney.com/notices/detail/002912/AN202603171820605113.html
002912,中新赛克,中新赛克:关于举行2025年年度业绩说明会的公告,其他,2026-03-18,https://data.eastmoney.com/notices/detail/002912/AN202603171820605067.html
300056,中创环保,中创环保:关于为宁夏中创提供担保的公告,提供/对外担保公告,2026-03-18,https://data.eastmoney.com/notices/detail/300056/AN202603171820605119.html
002912,中新赛克,中新赛克:第四届董事会独立董事专门会议第二次会议决议,分配预案,2026-03-18,https://data.eastmoney.com/notices/detail/002912/AN202603171820605105.html
002955,鸿合科技,鸿合科技:天健审〔2026〕3-12号-2025年鸿合科技关联方资金占用报告,其他,2026-03-18,https://data.eastmoney.com/notices/detail/002955/AN202603171820605112.html
002912,中新赛克,中新赛克:关于“质量回报双提升”行动方案的进展公告,其他,2026-03-18,https://data.eastmoney.com/notices/detail/002912/AN202603171820605123.html
002955,鸿合科技,鸿合科技:2025年年度审计报告,审计报告,2026-03-18,https://data.eastmoney.com/notices/detail/002955/AN202603171820605101.html
002912,中新赛克,中新赛克:2025年度内部控制审计报告,审计报告,2026-03-18,https://data.eastmoney.com/notices/detail/002912/AN202603171820605102.html
002912,中新赛克,中新赛克:2025年度财务决算报告,年度财务报告,2026-03-18,https://data.eastmoney.com/notices/detail/002912/AN202603171820605056.html
002912,中新赛克,中新赛克:关于与专业投资机构共同投资基金暨关联交易的公告,关联交易,2026-03-18,https://data.eastmoney.com/notices/detail/002912/AN202603171820605098.html
002955,鸿合科技,鸿合科技:关于增加公司及子公司2026年度日常关联交易预计额度的公告,关联交易,2026-03-18,https://data.eastmoney.com/notices/detail/002955/AN202603171820605080.html
605028,世茂能源,世茂能源:宁波世茂能源股份有限公司2025年年度报告摘要,年度报告摘要,2026-03-18,https://data.eastmoney.com/notices/detail/605028/AN202603171820604987.html
605028,世茂能源,世茂能源:宁波世茂能源股份有限公司2025年度社会责任报告,社会责任报告,2026-03-18,https://data.eastmoney.com/notices/detail/605028/AN202603171820604986.html
605028,世茂能源,世茂能源:宁波世茂能源股份有限公司2025年度内部控制评价报告,内部控制报告,2026-03-18,https://data.eastmoney.com/notices/detail/605028/AN202603171820604984.html
605028,世茂能源,世茂能源:宁波世茂能源股份有限公司关于召开2025年年度股东会的通知,召开股东大会通知,2026-03-18,https://data.eastmoney.com/notices/detail/605028/AN202603171820604985.html
605028,世茂能源,世茂能源:宁波世茂能源股份有限公司第三届董事会第六次会议决议公告,分配预案,2026-03-18,https://data.eastmoney.com/notices/detail/605028/AN202603171820604979.html
605028,世茂能源,世茂能源:宁波世茂能源股份有限公司2025年度内部控制审计报告,审计报告,2026-03-18,https://data.eastmoney.com/notices/detail/605028/AN202603171820604980.html
605028,世茂能源,世茂能源:宁波世茂能源股份有限公司董事会审计委员会对会计师事务所2025年度履行监督职责情况的报告,其他,2026-03-18,https://data.eastmoney.com/notices/detail/605028/AN202603171820604974.html
605028,世茂能源,世茂能源:宁波世茂能源股份有限公司董事会关于独立董事独立性情况的评估专项意见,专项说明/独立意见,2026-03-18,https://data.eastmoney.com/notices/detail/605028/AN202603171820604968.html
605028,世茂能源,世茂能源:宁波世茂能源股份有限公司关于对天健会计师事务所2025年度履职责情况评估报告,其他,2026-03-18,https://data.eastmoney.com/notices/detail/605028/AN202603171820604975.html
605028,世茂能源,世茂能源:宁波世茂能源股份有限公司2025年年度报告,年度报告全文,2026-03-18,https://data.eastmoney.com/notices/detail/605028/AN202603171820604978.html
605028,世茂能源,世茂能源:宁波世茂能源股份有限公司2025年度审计报告,审计报告,2026-03-18,https://data.eastmoney.com/notices/detail/605028/AN202603171820604972.html
605028,世茂能源,世茂能源:宁波世茂能源股份有限公司关于董事辞职离任暨变更董事的公告,高管人员任职变动,2026-03-18,https://data.eastmoney.com/notices/detail/605028/AN202603171820604982.html
605028,世茂能源,世茂能源:宁波世茂能源股份有限公司董事、高级管理人员薪酬管理制度(2026年3月制定),管理办法/制度,2026-03-18,https://data.eastmoney.com/notices/detail/605028/AN202603171820604969.html
605028,世茂能源,世茂能源:宁波世茂能源股份有限公司关于2026年日常关联交易预计及确认2025年日常关联交易的公告,关联交易,2026-03-18,https://data.eastmoney.com/notices/detail/605028/AN202603171820604983.html
605028,世茂能源,世茂能源:宁波世茂能源股份有限公司非经营性资金占用及其他关联资金往来情况,资金占用,2026-03-18,https://data.eastmoney.com/notices/detail/605028/AN202603171820604981.html
605028,世茂能源,世茂能源:宁波世茂能源股份有限公司关于2025年年度利润分配预案的公告,分配预案,2026-03-18,https://data.eastmoney.com/notices/detail/605028/AN202603171820604977.html
605028,世茂能源,世茂能源:宁波世茂能源股份有限公司2025年度独立董事述职报告(吴引引),独立董事述职报告,2026-03-18,https://data.eastmoney.com/notices/detail/605028/AN202603171820604970.html
605028,世茂能源,世茂能源:宁波世茂能源股份有限公司董事会审计委员会2025年度履职情况报告,其他,2026-03-18,https://data.eastmoney.com/notices/detail/605028/AN202603171820604971.html
605028,世茂能源,世茂能源:宁波世茂能源股份有限公司2025年非经营性资金占用及其他关联资金往来情况的专项审计报告,保荐/核查意见,2026-03-18,https://data.eastmoney.com/notices/detail/605028/AN202603171820604973.html
605028,世茂能源,世茂能源:宁波世茂能源股份有限公司2025年度独立董事述职报告(沃健),独立董事述职报告,2026-03-18,https://data.eastmoney.com/notices/detail/605028/AN202603171820604976.html
600396,华电辽能,华电辽能:股票交易异常波动公告,股票交易异常波动,2026-03-18,https://data.eastmoney.com/notices/detail/600396/AN202603171820604908.html
600396,华电辽能,华电辽能:持股5%以上股东集中竞价减持股份计划公告,股东/实际控制人股份减持,2026-03-18,https://data.eastmoney.com/notices/detail/600396/AN202603171820604909.html
603398,*ST沐邦,*ST沐邦:江西沐邦高科股份有限公司2026年第二次临时股东会会议资料,股东大会资料,2026-03-18,https://data.eastmoney.com/notices/detail/603398/AN202603171820604896.html
603398,*ST沐邦,*ST沐邦:江西沐邦高科股份有限公司关于累计诉讼、仲裁事项的公告,诉讼仲裁,2026-03-18,https://data.eastmoney.com/notices/detail/603398/AN202603171820604900.html
603398,*ST沐邦,*ST沐邦:江西沐邦高科股份有限公司第五届董事会第九次会议决议公告,高管人员任职变动,2026-03-18,https://data.eastmoney.com/notices/detail/603398/AN202603171820604898.html
603398,*ST沐邦,*ST沐邦:江西沐邦高科股份有限公司关于补选非独立董事、聘任财务总监的公告,高管人员任职变动,2026-03-18,https://data.eastmoney.com/notices/detail/603398/AN202603171820604901.html
603398,*ST沐邦,*ST沐邦:江西沐邦高科股份有限公司关于召开2026年第二次临时股东会的通知,召开股东大会通知,2026-03-18,https://data.eastmoney.com/notices/detail/603398/AN202603171820604897.html
603398,*ST沐邦,*ST沐邦:江西沐邦高科股份有限公司关于上海证券交易所《关于对江西沐邦高科股份有限公司2025年度业绩预告相关事项的问询函》的回复公告,回复问询函公告,2026-03-18,https://data.eastmoney.com/notices/detail/603398/AN202603171820604899.html
600165,ST宁科,ST宁科:ST宁科关于新增及累计诉讼情况的公告,诉讼仲裁,2026-03-18,https://data.eastmoney.com/notices/detail/600165/AN202603171820604890.html
001257,盛龙股份,盛龙股份:首次公开发行股票并在主板上市网上路演公告,首发网上路演公告,2026-03-18,https://data.eastmoney.com/notices/detail/001257/AN202603171820604886.html
301683,慧谷新材,慧谷新材:首次公开发行股票并在创业板上市网上路演公告,首发网上路演公告,2026-03-18,https://data.eastmoney.com/notices/detail/301683/AN202603171820604885.html
001373,翔腾新材,翔腾新材:关于股东减持计划期限届满的公告,股东/实际控制人股份减持,2026-03-18,https://data.eastmoney.com/notices/detail/001373/AN202603171820604849.html
000908,石药景峰,*ST景峰:独立董事候选人声明与承诺(堵国成),独立董事候选人声明,2026-03-18,https://data.eastmoney.com/notices/detail/000908/AN202603171820604825.html
000908,石药景峰,*ST景峰:关于公司重大诉讼进展的公告,诉讼仲裁,2026-03-18,https://data.eastmoney.com/notices/detail/000908/AN202603171820604819.html
000908,石药景峰,*ST景峰:关于召开2026年第一次临时股东会的通知,召开股东大会通知,2026-03-18,https://data.eastmoney.com/notices/detail/000908/AN202603171820604824.html
000908,石药景峰,*ST景峰:独立董事提名人声明与承诺(堵国成),独立董事提名人声明,2026-03-18,https://data.eastmoney.com/notices/detail/000908/AN202603171820604820.html
002180,奔图科技,纳思达:奔图科技股份有限公司章程(2026年3月),公司章程,2026-03-18,https://data.eastmoney.com/notices/detail/002180/AN202603171820604821.html
001300,三柏硕,三柏硕:关于控股股东及其一致行动人减持股份触及1%整数倍暨减持计划实施完毕的公告,股东/实际控制人股份减持,2026-03-18,https://data.eastmoney.com/notices/detail/001300/AN202603171820604823.html
000908,石药景峰,*ST景峰:第八届董事会第四十六次会议决议公告,高管人员任职变动,2026-03-18,https://data.eastmoney.com/notices/detail/000908/AN202603171820604818.html
000908,石药景峰,*ST景峰:关于拟变更公司名称、注册资本暨修订《公司章程》的公告,公司名称变更,2026-03-18,https://data.eastmoney.com/notices/detail/000908/AN202603171820604822.html
002969,嘉美包装,嘉美包装:关于控股股东协议转让股份暨控制权拟发生变更的进展公告,股权转让,2026-03-18,https://data.eastmoney.com/notices/detail/002969/AN202603171820604791.html
002180,奔图科技,纳思达:关于拟变更公司名称、证券简称并修订《公司章程》的公告,证券简称变更,2026-03-18,https://data.eastmoney.com/notices/detail/002180/AN202603171820604796.html
000908,石药景峰,*ST景峰:2026-029关于申请撤销公司股票因重整而被实施退市风险警示暨继续被实施其他风险警示的公告,申请撤销风险警示及特别处理,2026-03-18,https://data.eastmoney.com/notices/detail/000908/AN202603171820604803.html
000908,石药景峰,*ST景峰:独立董事候选人声明与承诺(黎晓光),独立董事候选人声明,2026-03-18,https://data.eastmoney.com/notices/detail/000908/AN202603171820604786.html
000908,石药景峰,*ST景峰:股票交易异常波动的公告,股票交易异常波动,2026-03-18,https://data.eastmoney.com/notices/detail/000908/AN202603171820604794.html
002180,奔图科技,纳思达:第八届董事会第六次会议决议公告,董事会决议公告,2026-03-18,https://data.eastmoney.com/notices/detail/002180/AN202603171820604793.html
000908,石药景峰,*ST景峰:独立董事候选人声明与承诺(徐一民),独立董事候选人声明,2026-03-18,https://data.eastmoney.com/notices/detail/000908/AN202603171820604798.html
002180,奔图科技,纳思达:关于召开2026年第二次临时股东会的通知,召开股东大会通知,2026-03-18,https://data.eastmoney.com/notices/detail/002180/AN202603171820604787.html
000908,石药景峰,*ST景峰:关于董事会换届选举的公告,高管人员任职变动,2026-03-18,https://data.eastmoney.com/notices/detail/000908/AN202603171820604789.html
000908,石药景峰,*ST景峰:独立董事提名人声明与承诺(黎晓光),独立董事提名人声明,2026-03-18,https://data.eastmoney.com/notices/detail/000908/AN202603171820604797.html
000908,石药景峰,*ST景峰:独立董事提名人声明与承诺(徐一民),独立董事提名人声明,2026-03-18,https://data.eastmoney.com/notices/detail/000908/AN202603171820604800.html
000908,石药景峰,*ST景峰:关于使用闲置自有资金购买银行结构性存款的公告,投资理财,2026-03-18,https://data.eastmoney.com/notices/detail/000908/AN202603171820604792.html
688512,慧智微,慧智微:股东减持股份计划公告,股东/实际控制人股份减持,2026-03-18,https://data.eastmoney.com/notices/detail/688512/AN202603171820604754.html
688530,欧莱新材,欧莱新材:欧莱新材关于调整公司组织架构的公告,其他,2026-03-18,https://data.eastmoney.com/notices/detail/688530/AN202603171820604729.html
688530,欧莱新材,欧莱新材:中国国际金融股份有限公司关于广东欧莱高新材料股份有限公司部分募投项目新增实施地点的核查意见,保荐/核查意见,2026-03-18,https://data.eastmoney.com/notices/detail/688530/AN202603171820604728.html
688530,欧莱新材,欧莱新材:欧莱新材关于部分募投项目新增实施地点的公告,变更募集资金投资项目,2026-03-18,https://data.eastmoney.com/notices/detail/688530/AN202603171820604727.html
300201,海伦哲,海伦哲:关于持股5%以上股东增持公司股份变动触及1%整数倍暨增持计划完成的公告,股东/实际控制人股份增持,2026-03-18,https://data.eastmoney.com/notices/detail/300201/AN202603171820604678.html
002058,威尔泰,*ST威尔:关于公司股票可能被终止上市的第四次风险提示公告,终止上市风险提示,2026-03-18,https://data.eastmoney.com/notices/detail/002058/AN202603171820604677.html
002537,海联金汇,海联金汇:关于公司参与认购产业投资基金份额暨与专业投资机构合作投资的公告,投资设立公司,2026-03-18,https://data.eastmoney.com/notices/detail/002537/AN202603171820604663.html
000958,电投产融,电投产融:2026年第二次临时股东会决议公告,股东大会决议公告,2026-03-18,https://data.eastmoney.com/notices/detail/000958/AN202603171820604648.html
000958,电投产融,电投产融:2026年第二次临时股东会法律意见书,法律意见书,2026-03-18,https://data.eastmoney.com/notices/detail/000958/AN202603171820604649.html
000028,国药一致,国药一致:第十届董事会2026年第三次临时会议决议公告,高管人员任职变动,2026-03-18,https://data.eastmoney.com/notices/detail/000028/AN202603171820604641.html
000028,国药一致,国药一致:关于公司高级管理人员变更的公告,高管人员任职变动,2026-03-18,https://data.eastmoney.com/notices/detail/000028/AN202603171820604642.html
000028,国药一致,国药一致:2025年度业绩快报,业绩快报,2026-03-18,https://data.eastmoney.com/notices/detail/000028/AN202603171820604632.html
000028,国药一致,国药一致:关于计提资产减值准备的公告,其他,2026-03-18,https://data.eastmoney.com/notices/detail/000028/AN202603171820604633.html
600073,光明肉业,光明肉业:光明肉业关于控股股东减持股份计划公告,股东/实际控制人股份减持,2026-03-18,https://data.eastmoney.com/notices/detail/600073/AN202603171820604631.html
603038,华立股份,华立股份:股东减持股份计划公告,股东/实际控制人股份减持,2026-03-18,https://data.eastmoney.com/notices/detail/603038/AN202603171820604622.html
300209,行云科技,行云科技:第七届董事会第十一次会议决议公告,董事会决议公告,2026-03-18,https://data.eastmoney.com/notices/detail/300209/AN202603171820604579.html
300209,行云科技,行云科技:关于股东收到《行政处罚事先告知书》的公告,处罚,2026-03-18,https://data.eastmoney.com/notices/detail/300209/AN202603171820604578.html
600381,*ST春天,*ST春天:青海春天关于股票交易风险提示的公告,风险提示性公告,2026-03-18,https://data.eastmoney.com/notices/detail/600381/AN202603171820604538.html
002213,大为股份,大为股份:关于开展外汇套期保值业务的可行性分析报告,其他,2026-03-18,https://data.eastmoney.com/notices/detail/002213/AN202603171820604523.html
002867,周大生,周大生:关于召开2026年第一次临时股东会的通知,召开股东大会通知,2026-03-18,https://data.eastmoney.com/notices/detail/002867/AN202603171820604524.html
002213,大为股份,大为股份:关于开展外汇衍生品交易业务的可行性分析报告,其他,2026-03-18,https://data.eastmoney.com/notices/detail/002213/AN202603171820604522.html
002867,周大生,周大生:第五届董事会独立董事专门会议第五次会议决议,董事会决议公告,2026-03-18,https://data.eastmoney.com/notices/detail/002867/AN202603171820604520.html
002213,大为股份,大为股份:第六届董事会第三十三次会议决议公告,董事会决议公告,2026-03-18,https://data.eastmoney.com/notices/detail/002213/AN202603171820604519.html
002213,大为股份,大为股份:关于召开2026年第一次临时股东会的通知,召开股东大会通知,2026-03-18,https://data.eastmoney.com/notices/detail/002213/AN202603171820604521.html
002867,周大生,周大生:关于公司第一期员工持股计划存续期展期的公告,员工持股计划,2026-03-18,https://data.eastmoney.com/notices/detail/002867/AN202603171820604494.html
002867,周大生,周大生:关于2026年度开展黄金远期交易与黄金租赁组合业务的可行性分析报告,其他,2026-03-18,https://data.eastmoney.com/notices/detail/002867/AN202603171820604496.html
002867,周大生,周大生:关于2026年度日常关联交易预计公告,关联交易,2026-03-18,https://data.eastmoney.com/notices/detail/002867/AN202603171820604499.html
002213,大为股份,大为股份:关于开展外汇衍生品交易业务的公告,其他,2026-03-18,https://data.eastmoney.com/notices/detail/002213/AN202603171820604493.html
002867,周大生,周大生:第五届董事会第十二次会议决议公告,董事会决议公告,2026-03-18,https://data.eastmoney.com/notices/detail/002867/AN202603171820604497.html
002867,周大生,周大生:关于公司2026年2月份新增自营门店情况简报,月度经营情况,2026-03-18,https://data.eastmoney.com/notices/detail/002867/AN202603171820604491.html
002213,大为股份,大为股份:关于开展商品期货期权套期保值业务的可行性分析报告,其他,2026-03-18,https://data.eastmoney.com/notices/detail/002213/AN202603171820604495.html
002213,大为股份,大为股份:关于开展外汇套期保值业务的公告,其他,2026-03-18,https://data.eastmoney.com/notices/detail/002213/AN202603171820604492.html
002213,大为股份,大为股份:合同管理制度(2026年3月),管理办法/制度,2026-03-18,https://data.eastmoney.com/notices/detail/002213/AN202603171820604490.html
002213,大为股份,大为股份:日常生产经营决策制度(2026年3月),管理办法/制度,2026-03-18,https://data.eastmoney.com/notices/detail/002213/AN202603171820604500.html
002213,大为股份,大为股份:关于开展商品期货期权套期保值业务的公告,其他,2026-03-18,https://data.eastmoney.com/notices/detail/002213/AN202603171820604498.html
605499,东鹏饮料,东鹏饮料:H股公告-须予披露交易认购理财产品,其他,2026-03-18,https://data.eastmoney.com/notices/detail/605499/AN202603171820604451.html
002842,翔鹭钨业,翔鹭钨业:关于公司董事、高管减持股份的预披露公告,股东/实际控制人股份减持,2026-03-18,https://data.eastmoney.com/notices/detail/002842/AN202603171820604439.html
001330,博纳影业,博纳影业:关于持股5%以上股东权益变动触及1%整数倍的公告,权益变动报告书,2026-03-18,https://data.eastmoney.com/notices/detail/001330/AN202603171820604437.html
002891,中宠股份,中宠股份:关于使用部分闲置募集资金暂时补充流动资金的公告,募集资金补充流动资金,2026-03-18,https://data.eastmoney.com/notices/detail/002891/AN202603171820604438.html
002891,中宠股份,中宠股份:联储证券股份有限公司关于烟台中宠食品股份有限公司使用部分闲置募集资金暂时补充流动资金的核查意见,保荐/核查意见,2026-03-18,https://data.eastmoney.com/notices/detail/002891/AN202603171820604440.html
688411,海博思创,海博思创:北京海博思创科技股份有限公司关于使用部分暂时闲置募集资金进行现金管理的公告,投资理财,2026-03-18,https://data.eastmoney.com/notices/detail/688411/AN202603171820604429.html
688411,海博思创,海博思创:北京海博思创科技股份有限公司关于公司为董高等相关主体购买责任险的公告,其他,2026-03-18,https://data.eastmoney.com/notices/detail/688411/AN202603171820604425.html
688411,海博思创,海博思创:北京海博思创科技股份有限公司募集资金管理制度,管理办法/制度,2026-03-18,https://data.eastmoney.com/notices/detail/688411/AN202603171820604424.html
688411,海博思创,海博思创:中泰证券股份有限公司关于北京海博思创科技股份有限公司使用部分暂时闲置募集资金进行现金管理的核查意见,保荐/核查意见,2026-03-18,https://data.eastmoney.com/notices/detail/688411/AN202603171820604426.html
002832,比音勒芬,比音勒芬:关于控股股东及其一致行动人权益变动触及1%整数倍的公告,权益变动报告书,2026-03-18,https://data.eastmoney.com/notices/detail/002832/AN202603171820604417.html
000601,韶能股份,韶能股份:第十一届董事会第三十六次临时会议决议公告,董事会决议公告,2026-03-18,https://data.eastmoney.com/notices/detail/000601/AN202603171820604415.html
002800,天顺股份,天顺股份:申万宏源证券承销保荐有限责任公司关于新疆天顺供应链股份有限公司非公开发行限售股上市流通的核查意见,保荐/核查意见,2026-03-18,https://data.eastmoney.com/notices/detail/002800/AN202603171820604421.html
002891,中宠股份,中宠股份:关于提前赎回中宠转2的第二次提示性公告,其他,2026-03-18,https://data.eastmoney.com/notices/detail/002891/AN202603171820604412.html
002891,中宠股份,中宠股份:关于第四届董事会第二十三次会议决议的公告,董事会决议公告,2026-03-18,https://data.eastmoney.com/notices/detail/002891/AN202603171820604419.html
002891,中宠股份,中宠股份:关于控股股东权益变动跨越1%整数倍的提示性公告,权益变动报告书,2026-03-18,https://data.eastmoney.com/notices/detail/002891/AN202603171820604413.html
002853,皮阿诺,皮阿诺:关于持股5%以上股东之一致行动人减持股份触及1%整数倍的公告,股东/实际控制人股份减持,2026-03-18,https://data.eastmoney.com/notices/detail/002853/AN202603171820604422.html
002855,捷荣技术,捷荣技术:关于公司向银行申请授信额度的进展公告,借贷,2026-03-18,https://data.eastmoney.com/notices/detail/002855/AN202603171820604411.html
000601,韶能股份,韶能股份:关于在乐昌市成立从事源网荷储业务全资孙公司的对外投资公告,投资设立公司,2026-03-18,https://data.eastmoney.com/notices/detail/000601/AN202603171820604418.html
002800,天顺股份,天顺股份:关于非公开发行股份解除限售上市流通的提示性公告,限售股份上市流通,2026-03-18,https://data.eastmoney.com/notices/detail/002800/AN202603171820604416.html
000601,韶能股份,韶能股份:广东韶能集团股份有限公司关于召开2026年第二次临时股东会通知,召开股东大会通知,2026-03-18,https://data.eastmoney.com/notices/detail/000601/AN202603171820604420.html
688639,华恒生物,华恒生物:安徽华恒生物科技股份有限公司关于董事会对独立董事独立性自查情况的专项报告,自查报告,2026-03-18,https://data.eastmoney.com/notices/detail/688639/AN202603171820604382.html
688639,华恒生物,华恒生物:安徽华恒生物科技股份有限公司2025年度独立董事述职报告(吴林),独立董事述职报告,2026-03-18,https://data.eastmoney.com/notices/detail/688639/AN202603171820604381.html
688639,华恒生物,华恒生物:安徽华恒生物股份有限公司关于召开2025年年度股东会的通知,召开股东大会通知,2026-03-18,https://data.eastmoney.com/notices/detail/688639/AN202603171820604387.html
688639,华恒生物,华恒生物:安徽华恒生物科技股份有限公司2025年度会计师事务所履职情况评估报告,其他,2026-03-18,https://data.eastmoney.com/notices/detail/688639/AN202603171820604388.html
688639,华恒生物,华恒生物:安徽华恒生物科技股份有限公司内部控制审计报告,审计报告,2026-03-18,https://data.eastmoney.com/notices/detail/688639/AN202603171820604395.html
688639,华恒生物,华恒生物:安徽华恒生物科技股份有限公司关于2026年预计为子公司提供担保的公告,担保年度额度预计,2026-03-18,https://data.eastmoney.com/notices/detail/688639/AN202603171820604399.html
688639,华恒生物,华恒生物:安徽华恒生物科技股份有限公司董事、高级管理人员薪酬管理制度,管理办法/制度,2026-03-18,https://data.eastmoney.com/notices/detail/688639/AN202603171820604400.html
688639,华恒生物,华恒生物:安徽华恒生物科技股份有限公司2025年度内部控制评价报告,内部控制报告,2026-03-18,https://data.eastmoney.com/notices/detail/688639/AN202603171820604389.html
688639,华恒生物,华恒生物:安徽华恒生物科技股份有限公司2025年年度报告摘要,年度报告摘要,2026-03-18,https://data.eastmoney.com/notices/detail/688639/AN202603171820604390.html
688639,华恒生物,华恒生物:安徽华恒生物科技股份有限公司2025年度独立董事述职报告(张奇峰),独立董事述职报告,2026-03-18,https://data.eastmoney.com/notices/detail/688639/AN202603171820604383.html
688639,华恒生物,华恒生物:安徽华恒生物科技股份有限公司2025年度募集资金存放与实际使用情况的专项报告,募集资金使用情况报告,2026-03-18,https://data.eastmoney.com/notices/detail/688639/AN202603171820604384.html
688639,华恒生物,华恒生物:安徽华恒生物科技股份有限公司2025年度独立董事述职报告(陈继忠),独立董事述职报告,2026-03-18,https://data.eastmoney.com/notices/detail/688639/AN202603171820604396.html
688639,华恒生物,华恒生物:安徽华恒生物科技股份有限公司2025年度独立董事述职报告(WANGFUCAI王富才),独立董事述职报告,2026-03-18,https://data.eastmoney.com/notices/detail/688639/AN202603171820604386.html
688639,华恒生物,华恒生物:安徽华恒生物科技股份有限公司董事会审计委员会对会计师事务所履行监督职责情况报告,其他,2026-03-18,https://data.eastmoney.com/notices/detail/688639/AN202603171820604397.html
688639,华恒生物,华恒生物:安徽华恒生物科技股份有限公司关于续聘会计师事务所的公告,审计机构变更,2026-03-18,https://data.eastmoney.com/notices/detail/688639/AN202603171820604391.html
688639,华恒生物,华恒生物:安徽华恒生物科技股份有限公司2025年度提质增效重回报行动评估报告暨2026年度行动方案,其他,2026-03-18,https://data.eastmoney.com/notices/detail/688639/AN202603171820604398.html
688639,华恒生物,华恒生物:安徽华恒生物科技股份有限公司关于2025年度利润分配预案的公告,分配预案,2026-03-18,https://data.eastmoney.com/notices/detail/688639/AN202603171820604392.html
688639,华恒生物,华恒生物:安徽华恒生物科技股份有限公司审计报告,审计报告,2026-03-18,https://data.eastmoney.com/notices/detail/688639/AN202603171820604393.html
688639,华恒生物,华恒生物:安徽华恒生物科技股份有限公司2025年度董事会审计委员会履职报告,其他,2026-03-18,https://data.eastmoney.com/notices/detail/688639/AN202603171820604385.html
688639,华恒生物,华恒生物:安徽华恒生物科技股份有限公司2025年年度报告,年度报告全文,2026-03-18,https://data.eastmoney.com/notices/detail/688639/AN202603171820604394.html
688639,华恒生物,华恒生物:安徽华恒生物科技股份有限公司关于购买董事、高级管理人员责任险的公告,其他,2026-03-18,https://data.eastmoney.com/notices/detail/688639/AN202603171820604380.html
688639,华恒生物,华恒生物:安徽华恒生物科技股份有限公司关于开展外汇套期保值业务的可行性分析报告,其他,2026-03-18,https://data.eastmoney.com/notices/detail/688639/AN202603171820604375.html
688639,华恒生物,华恒生物:容诚会计师事务所(特殊普通合伙)关于安徽华恒生物科技股份有限公司非经常性资金占用及其他关联资金往来情况专项说明,专项说明/独立意见,2026-03-18,https://data.eastmoney.com/notices/detail/688639/AN202603171820604373.html
688639,华恒生物,华恒生物:安徽华恒生物科技股份有限公司募集资金存放、管理与实际使用情况鉴证报告,保荐/核查意见,2026-03-18,https://data.eastmoney.com/notices/detail/688639/AN202603171820604377.html
688639,华恒生物,华恒生物:安徽华恒生物科技股份有限公司关于开展外汇套期保值业务的公告,其他,2026-03-18,https://data.eastmoney.com/notices/detail/688639/AN202603171820604376.html
688639,华恒生物,华恒生物:兴业证券股份有限公司关于安徽华恒生物科技股份有限公司2025年度募集资金存放与使用情况的核查意见,保荐/核查意见,2026-03-18,https://data.eastmoney.com/notices/detail/688639/AN202603171820604374.html
002855,捷荣技术,捷荣技术:关于控股股东部分股份质押的公告,股份质押、冻结,2026-03-18,https://data.eastmoney.com/notices/detail/002855/AN202603171820604366.html
002271,东方雨虹,东方雨虹:关于签署《SHAREPURCHASEAGREEMENT(股份购买协议)》的公告,签订协议,2026-03-18,https://data.eastmoney.com/notices/detail/002271/AN202603171820604364.html
002556,辉隆股份,辉隆股份:辉隆股份召开2026年第一次临时股东会的法律意见书,法律意见书,2026-03-18,https://data.eastmoney.com/notices/detail/002556/AN202603171820604334.html
301358,湖南裕能,湖南裕能:第二届董事会第十九次会议决议公告,董事会决议公告,2026-03-18,https://data.eastmoney.com/notices/detail/301358/AN202603171820604333.html
688390,固德威,固德威:关于调整2026年限制性股票激励计划首次授予相关事项的公告,股权激励进展公告,2026-03-18,https://data.eastmoney.com/notices/detail/688390/AN202603171820604332.html
688390,固德威,固德威:北京市天元律师事务所上海分所关于固德威2026年限制性股票激励计划调整和首次授予相关事项之法律意见书,法律意见书,2026-03-18,https://data.eastmoney.com/notices/detail/688390/AN202603171820604330.html
688390,固德威,固德威:2026年限制性股票激励计划首次授予部分激励对象名单(截止授予日),股权激励对象名单,2026-03-18,https://data.eastmoney.com/notices/detail/688390/AN202603171820604329.html
688390,固德威,固德威:第四届董事会第三次会议决议公告,董事会决议公告,2026-03-18,https://data.eastmoney.com/notices/detail/688390/AN202603171820604327.html
688390,固德威,固德威:关于向激励对象首次授予限制性股票的公告,股权激励进展公告,2026-03-18,https://data.eastmoney.com/notices/detail/688390/AN202603171820604328.html
688390,固德威,固德威:董事会薪酬与考核委员会关于公司2026年限制性股票激励计划首次授予部分激励对象名单的核查意见(截止授予日),专项说明/独立意见,2026-03-18,https://data.eastmoney.com/notices/detail/688390/AN202603171820604331.html
301358,湖南裕能,湖南裕能:关于2026年度日常关联交易预计的公告,关联交易,2026-03-18,https://data.eastmoney.com/notices/detail/301358/AN202603171820604319.html
301358,湖南裕能,湖南裕能:中信建投证券股份有限公司关于湖南裕能新能源电池材料股份有限公司2026年度日常关联交易预计的核查意见,保荐/核查意见,2026-03-18,https://data.eastmoney.com/notices/detail/301358/AN202603171820604320.html
002580,圣阳股份,圣阳股份:简式权益变动报告书,权益变动报告书,2026-03-18,https://data.eastmoney.com/notices/detail/002580/AN202603171820604323.html
002556,辉隆股份,辉隆股份:公司2026年第一次临时股东会决议的公告,股东大会决议公告,2026-03-18,https://data.eastmoney.com/notices/detail/002556/AN202603171820604321.html
002413,雷科防务,雷科防务:关于子公司增资扩股暨关联交易的公告,增资扩股,2026-03-18,https://data.eastmoney.com/notices/detail/002413/AN202603171820604318.html
301358,湖南裕能,湖南裕能:关于召开2026年第一次临时股东会的通知,召开股东大会通知,2026-03-18,https://data.eastmoney.com/notices/detail/301358/AN202603171820604322.html
002086,东方海洋,东方海洋:关于股东减持计划期限届满暨实施情况的公告,股东/实际控制人股份减持,2026-03-18,https://data.eastmoney.com/notices/detail/002086/AN202603171820604315.html
002938,鹏鼎控股,鹏鼎控股:鹏鼎控股(深圳)股份有限公司第三届董事会第二十五次会议决议公告,董事会决议公告,2026-03-18,https://data.eastmoney.com/notices/detail/002938/AN202603171820604316.html
002413,雷科防务,雷科防务:第八届董事会第六次会议决议公告,董事会决议公告,2026-03-18,https://data.eastmoney.com/notices/detail/002413/AN202603171820604306.html
002938,鹏鼎控股,鹏鼎控股:鹏鼎控股(深圳)股份有限公司关于全资子公司庆鼎精密与淮安经济技术开发区签署投资协议的公告,签订协议,2026-03-18,https://data.eastmoney.com/notices/detail/002938/AN202603171820604307.html
002718,友邦吊顶,友邦吊顶:关于上海明盛联禾智能科技有限公司要约收购公司股份的第三次提示性公告,要约收购报告书,2026-03-18,https://data.eastmoney.com/notices/detail/002718/AN202603171820604305.html
002569,*ST步森,*ST步森:关于筹划公司控制权变更事项进展暨继续停牌的公告,停牌公告,2026-03-18,https://data.eastmoney.com/notices/detail/002569/AN202603171820604304.html
002580,圣阳股份,圣阳股份:关于持股5%以上股东减持至5%以下的权益变动提示性公告,权益变动报告书,2026-03-18,https://data.eastmoney.com/notices/detail/002580/AN202603171820604303.html
001217,华尔泰,华尔泰:关于控股股东全资子公司增持公司股份及后续增持计划的公告,股东/实际控制人股份增持,2026-03-18,https://data.eastmoney.com/notices/detail/001217/AN202603171820604279.html
002922,伊戈尔,伊戈尔:关于为子公司提供担保的进展公告,提供/对外担保公告,2026-03-18,https://data.eastmoney.com/notices/detail/002922/AN202603171820604260.html
600506,统一股份,统一股份:统一低碳科技(新疆)股份有限公司关于转让沙依东基地相关资产进展的公告,股权转让,2026-03-18,https://data.eastmoney.com/notices/detail/600506/AN202603171820604243.html
301076,新瀚新材,新瀚新材:关于使用部分闲置募集资金和自有资金进行现金管理的公告,投资理财,2026-03-18,https://data.eastmoney.com/notices/detail/301076/AN202603171820604238.html
301076,新瀚新材,新瀚新材:中泰证券股份有限公司关于江苏新瀚新材料股份有限公司使用部分闲置募集资金和自有资金进行现金管理的核查意见,保荐/核查意见,2026-03-18,https://data.eastmoney.com/notices/detail/301076/AN202603171820604237.html
603843,*ST正平,*ST正平:正平股份关于股票交易的风险提示公告,风险提示性公告,2026-03-18,https://data.eastmoney.com/notices/detail/603843/AN202603171820604236.html
301076,新瀚新材,新瀚新材:2025年度独立董事述职报告(王少楠),独立董事述职报告,2026-03-18,https://data.eastmoney.com/notices/detail/301076/AN202603171820604200.html
301076,新瀚新材,新瀚新材:2025年年度审计报告,审计报告,2026-03-18,https://data.eastmoney.com/notices/detail/301076/AN202603171820604206.html
301076,新瀚新材,新瀚新材:关于2026年度日常关联交易预计额度的公告,关联交易,2026-03-18,https://data.eastmoney.com/notices/detail/301076/AN202603171820604195.html
301049,超越科技,超越科技:中信证券股份有限公司关于安徽超越环保科技股份有限公司关于终止部分募投项目并将剩余募集资金永久补充流动资金的核查意见,保荐/核查意见,2026-03-18,https://data.eastmoney.com/notices/detail/301049/AN202603171820604198.html
301076,新瀚新材,新瀚新材:董事、高级管理人员薪酬管理制度(2026年3月),管理办法/制度,2026-03-18,https://data.eastmoney.com/notices/detail/301076/AN202603171820604203.html
301076,新瀚新材,新瀚新材:董事会关于2025年度独立董事独立性自查情况的专项报告,自查报告,2026-03-18,https://data.eastmoney.com/notices/detail/301076/AN202603171820604210.html
301076,新瀚新材,新瀚新材:2025年度独立董事述职报告(仇连明),独立董事述职报告,2026-03-18,https://data.eastmoney.com/notices/detail/301076/AN202603171820604191.html
301076,新瀚新材,新瀚新材:2025年度独立董事述职报告(黄和发),独立董事述职报告,2026-03-18,https://data.eastmoney.com/notices/detail/301076/AN202603171820604185.html
301049,超越科技,超越科技:独立董事提名人声明与承诺(朱晓东),独立董事提名人声明,2026-03-18,https://data.eastmoney.com/notices/detail/301049/AN202603171820604184.html
301076,新瀚新材,新瀚新材:2025年年度报告摘要,年度报告摘要,2026-03-18,https://data.eastmoney.com/notices/detail/301076/AN202603171820604204.html
301076,新瀚新材,新瀚新材:中泰证券股份有限公司关于江苏新瀚新材料股份有限公司2025年度募集资金存放与使用情况的核查意见,保荐/核查意见,2026-03-18,https://data.eastmoney.com/notices/detail/301076/AN202603171820604197.html
301076,新瀚新材,新瀚新材:2025年度审计委员会对会计师事务所履行监督职责情况的报告,其他,2026-03-18,https://data.eastmoney.com/notices/detail/301076/AN202603171820604211.html
301076,新瀚新材,新瀚新材:2025年度非经营性资金占用及其他关联资金往来情况表,其他,2026-03-18,https://data.eastmoney.com/notices/detail/301076/AN202603171820604178.html
301076,新瀚新材,新瀚新材:募集资金年度存放、管理与使用情况鉴证报告,保荐/核查意见,2026-03-18,https://data.eastmoney.com/notices/detail/301076/AN202603171820604187.html
301076,新瀚新材,新瀚新材:第四届董事会第十二次会议决议公告,分配预案,2026-03-18,https://data.eastmoney.com/notices/detail/301076/AN202603171820604192.html
301076,新瀚新材,新瀚新材:外汇套期保值业务管理制度(2026年3月),管理办法/制度,2026-03-18,https://data.eastmoney.com/notices/detail/301076/AN202603171820604188.html
301049,超越科技,超越科技:第二届董事会第十五次会议决议公告,高管人员任职变动,2026-03-18,https://data.eastmoney.com/notices/detail/301049/AN202603171820604207.html
301076,新瀚新材,新瀚新材:2025年年度报告,年度报告全文,2026-03-18,https://data.eastmoney.com/notices/detail/301076/AN202603171820604193.html
301076,新瀚新材,新瀚新材:关于开展外汇套期保值业务的公告,其他,2026-03-18,https://data.eastmoney.com/notices/detail/301076/AN202603171820604189.html
301076,新瀚新材,新瀚新材:内部控制审计报告,审计报告,2026-03-18,https://data.eastmoney.com/notices/detail/301076/AN202603171820604180.html
301076,新瀚新材,新瀚新材:2025年度独立董事述职报告(孙志刚),独立董事述职报告,2026-03-18,https://data.eastmoney.com/notices/detail/301076/AN202603171820604181.html
301076,新瀚新材,新瀚新材:关于续聘会计师事务所的公告,审计机构变更,2026-03-18,https://data.eastmoney.com/notices/detail/301076/AN202603171820604201.html
301076,新瀚新材,新瀚新材:关于募集资金年度存放、管理与使用情况的专项报告,募集资金使用情况报告,2026-03-18,https://data.eastmoney.com/notices/detail/301076/AN202603171820604179.html
301049,超越科技,超越科技:独立董事提名人声明与承诺(胡振飞),独立董事提名人声明,2026-03-18,https://data.eastmoney.com/notices/detail/301049/AN202603171820604186.html
301076,新瀚新材,新瀚新材:关于公司2025年度利润分配方案的公告,分配预案,2026-03-18,https://data.eastmoney.com/notices/detail/301076/AN202603171820604205.html
301076,新瀚新材,新瀚新材:2025年度董事会工作报告,其他,2026-03-18,https://data.eastmoney.com/notices/detail/301076/AN202603171820604208.html
301076,新瀚新材,新瀚新材:关于公司2026年度向银行申请授信额度的公告,借贷,2026-03-18,https://data.eastmoney.com/notices/detail/301076/AN202603171820604209.html
301076,新瀚新材,新瀚新材:关于召开2025年年度股东会的通知,召开股东大会通知,2026-03-18,https://data.eastmoney.com/notices/detail/301076/AN202603171820604196.html
301076,新瀚新材,新瀚新材:非经营性资金占用及其他关联资金往来情况的专项审计说明,保荐/核查意见,2026-03-18,https://data.eastmoney.com/notices/detail/301076/AN202603171820604194.html
301076,新瀚新材,新瀚新材:2025年度会计师事务所的履职情况评估报告,其他,2026-03-18,https://data.eastmoney.com/notices/detail/301076/AN202603171820604190.html
301076,新瀚新材,新瀚新材:2025年度内部控制评价报告,内部控制报告,2026-03-18,https://data.eastmoney.com/notices/detail/301076/AN202603171820604199.html
301076,新瀚新材,新瀚新材:关于开展外汇套期保值业务的可行性分析报告,其他,2026-03-18,https://data.eastmoney.com/notices/detail/301076/AN202603171820604202.html
301049,超越科技,超越科技:关于董事会换届选举的公告,高管人员任职变动,2026-03-18,https://data.eastmoney.com/notices/detail/301049/AN202603171820604182.html
301049,超越科技,超越科技:关于为公司控股子公司提供财务资助的公告,获得补贴（资助）,2026-03-18,https://data.eastmoney.com/notices/detail/301049/AN202603171820604140.html
301049,超越科技,超越科技:关于修订《公司章程》的公告,公司章程修订,2026-03-18,https://data.eastmoney.com/notices/detail/301049/AN202603171820604139.html
301049,超越科技,超越科技:安徽超越环保科技股份有限公司公司章程(2026年3月),公司章程,2026-03-18,https://data.eastmoney.com/notices/detail/301049/AN202603171820604133.html
301049,超越科技,超越科技:关于终止部分募投项目并将剩余募集资金永久补充流动资金的公告,募集资金补充流动资金,2026-03-18,https://data.eastmoney.com/notices/detail/301049/AN202603171820604135.html
301049,超越科技,超越科技:独立董事候选人声明与承诺(胡振飞),独立董事候选人声明,2026-03-18,https://data.eastmoney.com/notices/detail/301049/AN202603171820604134.html
301049,超越科技,超越科技:独立董事候选人声明与承诺(朱晓东),独立董事候选人声明,2026-03-18,https://data.eastmoney.com/notices/detail/301049/AN202603171820604138.html
301049,超越科技,超越科技:独立董事候选人声明与承诺(陈西婵),独立董事候选人声明,2026-03-18,https://data.eastmoney.com/notices/detail/301049/AN202603171820604132.html
301049,超越科技,超越科技:安徽超越环保科技股份有限公司关于召开2026年第一次临时股东会的通知,召开股东大会通知,2026-03-18,https://data.eastmoney.com/notices/detail/301049/AN202603171820604136.html
301049,超越科技,超越科技:独立董事提名人声明与承诺(陈西婵),独立董事提名人声明,2026-03-18,https://data.eastmoney.com/notices/detail/301049/AN202603171820604141.html
600973,宝胜股份,宝胜股份:关于前期会计差错更正及追溯调整的补充公告,会计差错更正公告,2026-03-18,https://data.eastmoney.com/notices/detail/600973/AN202603171820604098.html
000020,深华发A,深华发Ａ:深华发股票交易异常波动公告,股票交易异常波动,2026-03-18,https://data.eastmoney.com/notices/detail/000020/AN202603171820604090.html
603127,昭衍新药,昭衍新药:昭衍新药关于股东减持A股股份计划公告的更正公告,股东/实际控制人股份减持,2026-03-18,https://data.eastmoney.com/notices/detail/603127/AN202603171820604078.html
002238,天威视讯,天威视讯:天威视讯2026年第一次临时股东会决议公告,股东大会决议公告,2026-03-18,https://data.eastmoney.com/notices/detail/002238/AN202603171820604047.html
301200,大族数控,大族数控:关于归还用于暂时补充流动资金的A股闲置募集资金的公告,归还募集资金,2026-03-18,https://data.eastmoney.com/notices/detail/301200/AN202603171820604035.html
603906,龙蟠科技,龙蟠科技:江苏龙蟠科技集团股份有限公司关于增加2025年度日常关联交易预计额度的公告,关联交易,2026-03-18,https://data.eastmoney.com/notices/detail/603906/AN202603171820604016.html
603906,龙蟠科技,龙蟠科技:江苏龙蟠科技集团股份有限公司关于变更注册资本及修订《公司章程》的公告,公司注册资本变更,2026-03-18,https://data.eastmoney.com/notices/detail/603906/AN202603171820604012.html
603906,龙蟠科技,龙蟠科技:江苏龙蟠科技集团股份有限公司关于变更回购股份用途并注销暨减少注册资本的公告,公司注册资本变更,2026-03-18,https://data.eastmoney.com/notices/detail/603906/AN202603171820604019.html
603906,龙蟠科技,龙蟠科技:江苏龙蟠科技集团股份有限公司第五届董事会第二次会议决议公告,董事会决议公告,2026-03-18,https://data.eastmoney.com/notices/detail/603906/AN202603171820604014.html
603906,龙蟠科技,龙蟠科技:江苏龙蟠科技集团股份有限公司关于使用闲置募集资金进行现金管理赎回的进展公告,募集资金使用进展情况,2026-03-18,https://data.eastmoney.com/notices/detail/603906/AN202603171820604020.html
603906,龙蟠科技,龙蟠科技:江苏龙蟠科技集团股份有限公司董事、高级管理人员薪酬管理制度,管理办法/制度,2026-03-18,https://data.eastmoney.com/notices/detail/603906/AN202603171820604015.html
603906,龙蟠科技,龙蟠科技:江苏龙蟠科技集团股份有限公司2026年第三次临时股东会会议资料,股东大会资料,2026-03-18,https://data.eastmoney.com/notices/detail/603906/AN202603171820604010.html
603906,龙蟠科技,龙蟠科技:江苏龙蟠科技集团股份有限公司关于使用部分闲置募集资金进行现金管理额度预计的公告,投资理财,2026-03-18,https://data.eastmoney.com/notices/detail/603906/AN202603171820604013.html
603906,龙蟠科技,龙蟠科技:江苏龙蟠科技集团股份有限公司章程,公司章程,2026-03-18,https://data.eastmoney.com/notices/detail/603906/AN202603171820604011.html
603906,龙蟠科技,龙蟠科技:中信建投证券股份有限公司关于江苏龙蟠科技集团股份有限公司使用部分闲置募集资金进行现金管理额度预计的核查意见,保荐/核查意见,2026-03-18,https://data.eastmoney.com/notices/detail/603906/AN202603171820604017.html
603906,龙蟠科技,龙蟠科技:江苏龙蟠科技集团股份有限公司关于召开2026年第三次临时股东会的通知,召开股东大会通知,2026-03-18,https://data.eastmoney.com/notices/detail/603906/AN202603171820604018.html
000701,厦门信达,厦门信达:厦门信达股份有限公司关于长期限含权中期票据发行结果公告,其他,2026-03-18,https://data.eastmoney.com/notices/detail/000701/AN202603171820604009.html
300516,久之洋,久之洋:关于公司副总经理辞职的公告,高管人员任职变动,2026-03-18,https://data.eastmoney.com/notices/detail/300516/AN202603171820603973.html
002180,奔图科技,纳思达:2026年第一次临时股东会决议公告,股东大会决议公告,2026-03-18,https://data.eastmoney.com/notices/detail/002180/AN202603171820603975.html
000669,ST金鸿,ST金鸿:关于公司股票交易异常波动暨重大风险提示性公告,股票交易异常波动,2026-03-18,https://data.eastmoney.com/notices/detail/000669/AN202603171820603974.html
688535,华海诚科,华海诚科:江苏华海诚科新材料股份有限公司2025年度内部控制评价报告,内部控制报告,2026-03-18,https://data.eastmoney.com/notices/detail/688535/AN202603171820603965.html
688535,华海诚科,华海诚科:江苏华海诚科新材料股份有限公司2025年年度报告,年度报告全文,2026-03-18,https://data.eastmoney.com/notices/detail/688535/AN202603171820603967.html
688535,华海诚科,华海诚科:中信建投证券股份有限公司关于江苏华海诚科新材料股份有限公司2025年度发行股份募集配套资金的存放与使用情况之专项核查报告,保荐/核查意见,2026-03-18,https://data.eastmoney.com/notices/detail/688535/AN202603171820603970.html
688535,华海诚科,华海诚科:江苏华海诚科新材料股份有限公司年度募集资金存放、管理与实际使用情况鉴证报告-中汇会鉴[2026]1101号,保荐/核查意见,2026-03-18,https://data.eastmoney.com/notices/detail/688535/AN202603171820603969.html
688535,华海诚科,华海诚科:江苏华海诚科新材料股份有限公司2025年年度报告摘要,年度报告摘要,2026-03-18,https://data.eastmoney.com/notices/detail/688535/AN202603171820603966.html
688535,华海诚科,华海诚科:关于江苏华海诚科新材料股份有限公司非经营性资金占用及其他关联资金往来情况的专项审核说明-中汇会专[2026]1102号,保荐/核查意见,2026-03-18,https://data.eastmoney.com/notices/detail/688535/AN202603171820603968.html
688535,华海诚科,华海诚科:江苏华海诚科新材料股份有限公司关于2025年度利润分配及资本公积金转增股本方案的公告,分配预案,2026-03-18,https://data.eastmoney.com/notices/detail/688535/AN202603171820603952.html
688535,华海诚科,华海诚科:江苏华海诚科新材料股份有限公司2025年度独立董事述职报告(陈建忠--已离任),独立董事述职报告,2026-03-18,https://data.eastmoney.com/notices/detail/688535/AN202603171820603956.html
688535,华海诚科,华海诚科:江苏华海诚科新材料股份有限公司关于公司董事、高级管理人员2026年度薪酬与考核方案的公告,其他,2026-03-18,https://data.eastmoney.com/notices/detail/688535/AN202603171820603950.html
688535,华海诚科,华海诚科:江苏华海诚科新材料股份有限公司关于召开2025年年度股东会的通知,召开股东大会通知,2026-03-18,https://data.eastmoney.com/notices/detail/688535/AN202603171820603951.html
688535,华海诚科,华海诚科:华海诚科董事和高级管理人员薪酬管理制度,管理办法/制度,2026-03-18,https://data.eastmoney.com/notices/detail/688535/AN202603171820603955.html
688535,华海诚科,华海诚科:江苏华海诚科新材料股份有限公司董事会关于独立董事独立性情况的专项意见,专项说明/独立意见,2026-03-18,https://data.eastmoney.com/notices/detail/688535/AN202603171820603958.html
688535,华海诚科,华海诚科:江苏华海诚科新材料股份有限公司关于2025年度计提资产减值准备的公告,其他,2026-03-18,https://data.eastmoney.com/notices/detail/688535/AN202603171820603964.html
688535,华海诚科,华海诚科:江苏华海诚科新材料股份有限公司内部控制审计报告-中汇会审[2026]1100号,审计报告,2026-03-18,https://data.eastmoney.com/notices/detail/688535/AN202603171820603957.html
688535,华海诚科,华海诚科:江苏华海诚科新材料股份有限公司关于续聘会计师事务所的公告,审计机构变更,2026-03-18,https://data.eastmoney.com/notices/detail/688535/AN202603171820603953.html
688535,华海诚科,华海诚科:2025年度会计师事务所的履职情况评估报告及审计委员会履行监督职责情况报告,其他,2026-03-18,https://data.eastmoney.com/notices/detail/688535/AN202603171820603960.html
688535,华海诚科,华海诚科:江苏华海诚科新材料股份有限公司2025年度审计报告-中汇会审[2026]1099号,审计报告,2026-03-18,https://data.eastmoney.com/notices/detail/688535/AN202603171820603962.html
688535,华海诚科,华海诚科:光大证券股份有限公司关于江苏华海诚科新材料股份有限公司2025年度募集资金存放、管理与实际使用情况的核查意见,保荐/核查意见,2026-03-18,https://data.eastmoney.com/notices/detail/688535/AN202603171820603959.html
688535,华海诚科,华海诚科:江苏华海诚科新材料股份有限公司董事会审计委员会2025年履职情况报告,其他,2026-03-18,https://data.eastmoney.com/notices/detail/688535/AN202603171820603961.html
688535,华海诚科,华海诚科:江苏华海诚科新材料股份有限公司关于2025年度募集资金存放、管理与实际使用情况的专项报告,募集资金使用情况报告,2026-03-18,https://data.eastmoney.com/notices/detail/688535/AN202603171820603963.html
688535,华海诚科,华海诚科:江苏华海诚科新材料股份有限公司关于2025年度“提质增效重回报”专项行动方案的评估报告暨2026年度“提质增效重回报”行动方案,其他,2026-03-18,https://data.eastmoney.com/notices/detail/688535/AN202603171820603954.html
600679,上海凤凰,上海凤凰:上海凤凰关于召开2026年第一次临时股东会的通知,召开股东大会通知,2026-03-18,https://data.eastmoney.com/notices/detail/600679/AN202603171820603929.html
600679,上海凤凰,上海凤凰:上海凤凰关于以集中竞价方式回购股份的预案,回购预案,2026-03-18,https://data.eastmoney.com/notices/detail/600679/AN202603171820603931.html
600679,上海凤凰,上海凤凰:上海凤凰第十一届董事会第八次会议决议公告,董事会决议公告,2026-03-18,https://data.eastmoney.com/notices/detail/600679/AN202603171820603930.html
002180,奔图科技,纳思达:北京市金杜(广州)律师事务所关于纳思达股份有限公司2026年第一次临时股东会之法律意见书,法律意见书,2026-03-18,https://data.eastmoney.com/notices/detail/002180/AN202603171820603918.html
002180,奔图科技,纳思达:关于完成补选公司独立董事的公告,高管人员任职变动,2026-03-18,https://data.eastmoney.com/notices/detail/002180/AN202603171820603919.html
002285,世联行,世联行:股票交易异常波动公告,股票交易异常波动,2026-03-18,https://data.eastmoney.com/notices/detail/002285/AN202603171820603885.html
300972,万辰集团,万辰集团:华兴证券有限公司关于福建万辰食品集团股份有限公司使用部分闲置募集资金及自有资金进行现金管理的核查意见,保荐/核查意见,2026-03-18,https://data.eastmoney.com/notices/detail/300972/AN202603171820603855.html
300554,三超新材,三超新材:关于独立董事2025年度保持独立性情况的专项意见,专项说明/独立意见,2026-03-18,https://data.eastmoney.com/notices/detail/300554/AN202603171820603827.html
300554,三超新材,三超新材:董事会审计委员会关于对会计师事务所2025年度履职情况评估及履行监督职责情况的报告,其他,2026-03-18,https://data.eastmoney.com/notices/detail/300554/AN202603171820603825.html
300554,三超新材,三超新材:华泰联合证券有限责任公司关于南京三超新材料股份有限公司2025年度募集资金存放、管理和使用情况专项核查报告,保荐/核查意见,2026-03-18,https://data.eastmoney.com/notices/detail/300554/AN202603171820603829.html
300554,三超新材,三超新材:关于向金融机构申请综合授信额度及预计担保额度的公告,借贷,2026-03-18,https://data.eastmoney.com/notices/detail/300554/AN202603171820603828.html
300554,三超新材,三超新材:2025年年度报告摘要,年度报告摘要,2026-03-18,https://data.eastmoney.com/notices/detail/300554/AN202603171820603826.html
300554,三超新材,三超新材:关于南京三超新材料股份有限公司2025年度非经营性资金占用及其他关联资金往来情况的专项说明,专项说明/独立意见,2026-03-18,https://data.eastmoney.com/notices/detail/300554/AN202603171820603803.html
300554,三超新材,三超新材:关于举行2025年度网上业绩说明会的通知,其他,2026-03-18,https://data.eastmoney.com/notices/detail/300554/AN202603171820603811.html
300554,三超新材,三超新材:公司章程(2026年3月),公司章程,2026-03-18,https://data.eastmoney.com/notices/detail/300554/AN202603171820603793.html
300554,三超新材,三超新材:北京国枫律师事务所关于南京三超新材料股份有限公司2022年限制性股票激励计划作废部分限制性股票的法律意见书,法律意见书,2026-03-18,https://data.eastmoney.com/notices/detail/300554/AN202603171820603805.html
300554,三超新材,三超新材:关于南京三超新材料股份有限公司前次募集资金使用情况的鉴证报告--天衡专字(2026)00249号,保荐/核查意见,2026-03-18,https://data.eastmoney.com/notices/detail/300554/AN202603171820603791.html
300554,三超新材,三超新材:2025年年度报告,年度报告全文,2026-03-18,https://data.eastmoney.com/notices/detail/300554/AN202603171820603815.html
300554,三超新材,三超新材:关于增加公司经营范围并修订《公司章程》的公告,公司经营范围变更,2026-03-18,https://data.eastmoney.com/notices/detail/300554/AN202603171820603789.html
300972,万辰集团,万辰集团:关于使用部分闲置募集资金及自有资金进行现金管理的公告,投资理财,2026-03-18,https://data.eastmoney.com/notices/detail/300972/AN202603171820603810.html
300554,三超新材,三超新材:董事及高级管理人员薪酬管理制度,管理办法/制度,2026-03-18,https://data.eastmoney.com/notices/detail/300554/AN202603171820603808.html
300554,三超新材,三超新材:关于2026年度日常关联交易预计的公告,关联交易,2026-03-18,https://data.eastmoney.com/notices/detail/300554/AN202603171820603804.html
300554,三超新材,三超新材:关于使用闲置自有资金进行现金管理的公告,投资理财,2026-03-18,https://data.eastmoney.com/notices/detail/300554/AN202603171820603806.html
300554,三超新材,三超新材:2025年年度审计报告,审计报告,2026-03-18,https://data.eastmoney.com/notices/detail/300554/AN202603171820603788.html
300554,三超新材,三超新材:独立董事述职报告(李寒松-已离任),独立董事述职报告,2026-03-18,https://data.eastmoney.com/notices/detail/300554/AN202603171820603802.html
300554,三超新材,三超新材:关于开展票据池/资产池业务的公告,其他,2026-03-18,https://data.eastmoney.com/notices/detail/300554/AN202603171820603814.html
300554,三超新材,三超新材:独立董事述职报告(余刚),独立董事述职报告,2026-03-18,https://data.eastmoney.com/notices/detail/300554/AN202603171820603818.html
300554,三超新材,三超新材:第四届董事会第六次独立董事专门会议决议,分配预案,2026-03-18,https://data.eastmoney.com/notices/detail/300554/AN202603171820603790.html
300554,三超新材,三超新材:关于作废部分已授予尚未归属的限制性股票的公告,股权激励进展公告,2026-03-18,https://data.eastmoney.com/notices/detail/300554/AN202603171820603794.html
300554,三超新材,三超新材:独立董事述职报告(党耀国-已离任),独立董事述职报告,2026-03-18,https://data.eastmoney.com/notices/detail/300554/AN202603171820603792.html
300554,三超新材,三超新材:关于南京三超新材料股份有限公司前次募集资金使用情况的鉴证报告,保荐/核查意见,2026-03-18,https://data.eastmoney.com/notices/detail/300554/AN202603171820603816.html
300554,三超新材,三超新材:独立董事述职报告(那恪),独立董事述职报告,2026-03-18,https://data.eastmoney.com/notices/detail/300554/AN202603171820603813.html
300554,三超新材,三超新材:关于南京三超新材料股份有限公司募集资金年度存放与使用情况的鉴证报告,保荐/核查意见,2026-03-18,https://data.eastmoney.com/notices/detail/300554/AN202603171820603812.html
300554,三超新材,三超新材:南京三超新材料股份有限公司关于2025年度不进行利润分配的专项说明,分配预案,2026-03-18,https://data.eastmoney.com/notices/detail/300554/AN202603171820603796.html
300554,三超新材,三超新材:第四届董事会第十三次会议决议的公告,分配预案,2026-03-18,https://data.eastmoney.com/notices/detail/300554/AN202603171820603787.html
300554,三超新材,三超新材:2025年年度报告披露的提示性公告,其他,2026-03-18,https://data.eastmoney.com/notices/detail/300554/AN202603171820603799.html
300554,三超新材,三超新材:关于南京三超新材料股份有限公司2025年度营业收入扣除情况的审核报告,保荐/核查意见,2026-03-18,https://data.eastmoney.com/notices/detail/300554/AN202603171820603795.html
300554,三超新材,三超新材:南京三超新材料股份有限公司2025年度内部控制审计报告,审计报告,2026-03-18,https://data.eastmoney.com/notices/detail/300554/AN202603171820603797.html
300554,三超新材,三超新材:独立董事述职报告(黄水荣),独立董事述职报告,2026-03-18,https://data.eastmoney.com/notices/detail/300554/AN202603171820603807.html
300554,三超新材,三超新材:关于聘任董事会秘书的公告,高管人员任职变动,2026-03-18,https://data.eastmoney.com/notices/detail/300554/AN202603171820603801.html
300554,三超新材,三超新材:内部控制自我评价报告,内部控制报告,2026-03-18,https://data.eastmoney.com/notices/detail/300554/AN202603171820603786.html
300554,三超新材,三超新材:2025年度董事会工作报告,其他,2026-03-18,https://data.eastmoney.com/notices/detail/300554/AN202603171820603817.html
300554,三超新材,三超新材:华泰联合证券有限责任公司关于南京三超新材料股份有限公司2025年度内部控制评价报告的核查意见,保荐/核查意见,2026-03-18,https://data.eastmoney.com/notices/detail/300554/AN202603171820603800.html
300554,三超新材,三超新材:南京三超新材料股份有限公司关于召开2025年度股东会的通知,召开股东大会通知,2026-03-18,https://data.eastmoney.com/notices/detail/300554/AN202603171820603809.html
603248,锡华科技,锡华科技:关于股票交易异常波动的公告,股票交易异常波动,2026-03-18,https://data.eastmoney.com/notices/detail/603248/AN202603171820603782.html
600683,京投发展,京投发展:京投发展股份有限公司关于股票交易异常波动的公告,股票交易异常波动,2026-03-18,https://data.eastmoney.com/notices/detail/600683/AN202603171820603781.html
300972,万辰集团,万辰集团:关于公司及控股子公司为子公司提供担保额度预计的公告,提供/对外担保公告,2026-03-18,https://data.eastmoney.com/notices/detail/300972/AN202603171820603752.html
300972,万辰集团,万辰集团:华兴证券有限公司关于福建万辰食品集团股份有限公司2025年度内部控制自我评价报告的核查意见,保荐/核查意见,2026-03-18,https://data.eastmoney.com/notices/detail/300972/AN202603171820603770.html
300972,万辰集团,万辰集团:2025年度财务决算报告,年度财务报告,2026-03-18,https://data.eastmoney.com/notices/detail/300972/AN202603171820603765.html
300972,万辰集团,万辰集团:公司2026年度董事、高级管理人员薪酬(津贴)绩效方案,其他,2026-03-18,https://data.eastmoney.com/notices/detail/300972/AN202603171820603761.html
300972,万辰集团,万辰集团:2025年年度报告,年度报告全文,2026-03-18,https://data.eastmoney.com/notices/detail/300972/AN202603171820603741.html
300972,万辰集团,万辰集团:华兴证券有限公司关于福建万辰食品集团股份有限公司重大资产购买暨关联交易之2025年度业绩承诺实现情况的核查意见,保荐/核查意见,2026-03-18,https://data.eastmoney.com/notices/detail/300972/AN202603171820603744.html
300972,万辰集团,万辰集团:董事会关于募集资金2025年度存放、管理与使用情况的专项报告,募集资金使用情况报告,2026-03-18,https://data.eastmoney.com/notices/detail/300972/AN202603171820603773.html
300972,万辰集团,万辰集团:华兴证券有限公司关于福建万辰食品集团股份有限公司2025年度募集资金存放、管理与使用情况的专项报告的核查意见,保荐/核查意见,2026-03-18,https://data.eastmoney.com/notices/detail/300972/AN202603171820603759.html
300972,万辰集团,万辰集团:2025年度独立董事述职报告(林丽叶),独立董事述职报告,2026-03-18,https://data.eastmoney.com/notices/detail/300972/AN202603171820603762.html
300972,万辰集团,万辰集团:2025年度独立董事述职报告(郑鲁英),独立董事述职报告,2026-03-18,https://data.eastmoney.com/notices/detail/300972/AN202603171820603749.html
300972,万辰集团,万辰集团:董事会审计委员会对会计师事务所2025年度履行监督职责情况的报告,其他,2026-03-18,https://data.eastmoney.com/notices/detail/300972/AN202603171820603753.html
300972,万辰集团,万辰集团:中审众环会计师事务所(特殊普通合伙)关于福建万辰食品集团股份有限公司内部控制审计报告,审计报告,2026-03-18,https://data.eastmoney.com/notices/detail/300972/AN202603171820603751.html
300972,万辰集团,万辰集团:2025年度内部控制自我评价报告,内部控制报告,2026-03-18,https://data.eastmoney.com/notices/detail/300972/AN202603171820603767.html
300972,万辰集团,万辰集团:关于南京万优商业管理有限公司2025年度业绩承诺实现情况的专项说明,专项说明/独立意见,2026-03-18,https://data.eastmoney.com/notices/detail/300972/AN202603171820603757.html
300972,万辰集团,万辰集团:华兴证券有限公司关于福建万辰食品集团股份有限公司及控股子公司为子公司提供担保额度预计的核查意见,保荐/核查意见,2026-03-18,https://data.eastmoney.com/notices/detail/300972/AN202603171820603771.html
300972,万辰集团,万辰集团:关于公司2025年度利润分配预案的公告,分配预案,2026-03-18,https://data.eastmoney.com/notices/detail/300972/AN202603171820603745.html
300972,万辰集团,万辰集团:2025年度独立董事述职报告(蔡清良),独立董事述职报告,2026-03-18,https://data.eastmoney.com/notices/detail/300972/AN202603171820603772.html
300972,万辰集团,万辰集团:董事会对独立董事独立性自查情况的专项报告,自查报告,2026-03-18,https://data.eastmoney.com/notices/detail/300972/AN202603171820603768.html
300972,万辰集团,万辰集团:2025年年度审计报告,审计报告,2026-03-18,https://data.eastmoney.com/notices/detail/300972/AN202603171820603746.html
300972,万辰集团,万辰集团:2025年年度报告摘要,年度报告摘要,2026-03-18,https://data.eastmoney.com/notices/detail/300972/AN202603171820603774.html
300972,万辰集团,万辰集团:2025年度独立董事述职报告(赵景文),独立董事述职报告,2026-03-18,https://data.eastmoney.com/notices/detail/300972/AN202603171820603747.html
300972,万辰集团,万辰集团:中审众环会计师事务所(特殊普通合伙)关于南京万优商业管理有限公司2025年度业绩承诺实现情况的专项审核报告,保荐/核查意见,2026-03-18,https://data.eastmoney.com/notices/detail/300972/AN202603171820603755.html
300972,万辰集团,万辰集团:中审众环会计师事务所(特殊普通合伙)关于福建万辰食品集团股份有限公司募集资金2025年度存放、管理与使用情况的鉴证报告,保荐/核查意见,2026-03-18,https://data.eastmoney.com/notices/detail/300972/AN202603171820603750.html
300972,万辰集团,万辰集团:第四届董事会独立董事第十六次专门会议审核意见,专项说明/独立意见,2026-03-18,https://data.eastmoney.com/notices/detail/300972/AN202603171820603748.html
300972,万辰集团,万辰集团:关于公司2026年度向金融机构申请综合授信额度的公告,借贷,2026-03-18,https://data.eastmoney.com/notices/detail/300972/AN202603171820603742.html
300972,万辰集团,万辰集团:关于会计师事务所2025年度履职情况的评估报告,其他,2026-03-18,https://data.eastmoney.com/notices/detail/300972/AN202603171820603764.html
300972,万辰集团,万辰集团:上市公司2025年非经营性资金占用及其他关联资金往来情况汇总表,资金占用,2026-03-18,https://data.eastmoney.com/notices/detail/300972/AN202603171820603758.html
300972,万辰集团,万辰集团:2025年度独立董事述职报告(杨帆),独立董事述职报告,2026-03-18,https://data.eastmoney.com/notices/detail/300972/AN202603171820603760.html
300972,万辰集团,万辰集团:2025年度董事会工作报告,其他,2026-03-18,https://data.eastmoney.com/notices/detail/300972/AN202603171820603754.html
300972,万辰集团,万辰集团:重大信息内部报告制度,管理办法/制度,2026-03-18,https://data.eastmoney.com/notices/detail/300972/AN202603171820603756.html
300972,万辰集团,万辰集团:关于召开2025年年度股东会的通知,召开股东大会通知,2026-03-18,https://data.eastmoney.com/notices/detail/300972/AN202603171820603766.html
300972,万辰集团,万辰集团:中审众环会计师事务所(特殊普通合伙)关于福建万辰食品集团股份有限公司非经营性资金占用及其他关联资金往来情况汇总表的专项审核报告,保荐/核查意见,2026-03-18,https://data.eastmoney.com/notices/detail/300972/AN202603171820603769.html
300972,万辰集团,万辰集团:第四届董事会第四十六次会议决议公告,分配预案,2026-03-18,https://data.eastmoney.com/notices/detail/300972/AN202603171820603763.html
600366,宁波韵升,宁波韵升:国泰海通证券股份有限公司关于宁波韵升股份有限公司使用募集资金向控股子公司增资并由控股子公司向全资下属公司增资以实施募集资金投资项目的核查意见,保荐/核查意见,2026-03-18,https://data.eastmoney.com/notices/detail/600366/AN202603171820603720.html
688268,华特气体,华特气体:广东华特气体股份有限公司关于召开2026年第二次临时股东会的通知,召开股东大会通知,2026-03-18,https://data.eastmoney.com/notices/detail/688268/AN202603171820603715.html
688268,华特气体,华特气体:广东华特气体股份有限公司董事、高级管理人员集中竞价减持股份计划公告,高管人员持股变动,2026-03-18,https://data.eastmoney.com/notices/detail/688268/AN202603171820603717.html
688268,华特气体,华特气体:广东华特气体股份有限公司关于为全资子公司提供担保的公告,提供/对外担保公告,2026-03-18,https://data.eastmoney.com/notices/detail/688268/AN202603171820603716.html
688268,华特气体,华特气体:广东华特气体股份有限公司关于公司独立董事离任暨补选独立董事、调整部分专门委员会委员的公告,高管人员任职变动,2026-03-18,https://data.eastmoney.com/notices/detail/688268/AN202603171820603714.html
600366,宁波韵升,宁波韵升:宁波韵升2025年员工持股计划第一次持有人会议决议公告,员工持股计划,2026-03-18,https://data.eastmoney.com/notices/detail/600366/AN202603171820603713.html
600366,宁波韵升,宁波韵升:宁波韵升第十一届董事会第十六次会议决议的公告,董事会决议公告,2026-03-18,https://data.eastmoney.com/notices/detail/600366/AN202603171820603711.html
600366,宁波韵升,宁波韵升:宁波韵升关于使用募集资金向控股子公司增资并由控股子公司向全资下属公司增资以实施募投项目的公告,增资扩股,2026-03-18,https://data.eastmoney.com/notices/detail/600366/AN202603171820603712.html
600821,金开新能,金开新能:简式权益变动报告书,权益变动报告书,2026-03-18,https://data.eastmoney.com/notices/detail/600821/AN202603171820603637.html
603031,安孚科技,安孚科技:安徽安孚电池科技股份有限公司股东减持股份计划公告,股东/实际控制人股份减持,2026-03-18,https://data.eastmoney.com/notices/detail/603031/AN202603171820603638.html
600821,金开新能,金开新能:关于持股5%以上股东权益变动的提示性公告,权益变动报告书,2026-03-18,https://data.eastmoney.com/notices/detail/600821/AN202603171820603636.html
688656,浩欧博,浩欧博:江苏浩欧博生物医药股份有限公司2025年度独立董事述职报告(黄蓉),独立董事述职报告,2026-03-18,https://data.eastmoney.com/notices/detail/688656/AN202603171820603607.html
688656,浩欧博,浩欧博:江苏浩欧博生物医药股份有限公司董事会对独立董事独立性自查情况的专项报告,自查报告,2026-03-18,https://data.eastmoney.com/notices/detail/688656/AN202603171820603606.html
688656,浩欧博,浩欧博:江苏浩欧博生物医药股份有限公司2025年度董事会审计委员会履职情况报告,其他,2026-03-18,https://data.eastmoney.com/notices/detail/688656/AN202603171820603624.html
688656,浩欧博,浩欧博:江苏浩欧博生物医药股份有限公司2025年度独立董事述职报告(钱跃竑),独立董事述职报告,2026-03-18,https://data.eastmoney.com/notices/detail/688656/AN202603171820603610.html
688656,浩欧博,浩欧博:江苏浩欧博生物医药股份有限公司2025年度独立董事述职报告(肖强),独立董事述职报告,2026-03-18,https://data.eastmoney.com/notices/detail/688656/AN202603171820603625.html
688656,浩欧博,浩欧博:江苏浩欧博生物医药股份有限公司第三届董事会第二十九次会议决议公告,分配预案,2026-03-18,https://data.eastmoney.com/notices/detail/688656/AN202603171820603612.html
688656,浩欧博,浩欧博:江苏浩欧博生物医药股份有限公司关于聘任证券事务代表的公告,高管人员任职变动,2026-03-18,https://data.eastmoney.com/notices/detail/688656/AN202603171820603614.html
688656,浩欧博,浩欧博:江苏浩欧博生物医药股份有限公司章程,公司章程,2026-03-18,https://data.eastmoney.com/notices/detail/688656/AN202603171820603630.html
688656,浩欧博,浩欧博:江苏浩欧博生物医药股份有限公司关于2026年度担保额度预计的公告,担保年度额度预计,2026-03-18,https://data.eastmoney.com/notices/detail/688656/AN202603171820603627.html
688656,浩欧博,浩欧博:江苏浩欧博生物医药股份有限公司2025年年度利润分配方案公告,分配预案,2026-03-18,https://data.eastmoney.com/notices/detail/688656/AN202603171820603626.html
688656,浩欧博,浩欧博:江苏浩欧博生物医药股份有限公司非经营性资金占用及其他关联资金往来情况的专项说明,专项说明/独立意见,2026-03-18,https://data.eastmoney.com/notices/detail/688656/AN202603171820603620.html
688656,浩欧博,浩欧博:江苏浩欧博生物医药股份有限公司关于续聘会计师事务所的公告,审计机构变更,2026-03-18,https://data.eastmoney.com/notices/detail/688656/AN202603171820603631.html
688656,浩欧博,浩欧博:关于江苏浩欧博生物医药股份有限公司业绩承诺实现情况的专项报告,保荐/核查意见,2026-03-18,https://data.eastmoney.com/notices/detail/688656/AN202603171820603609.html
688656,浩欧博,浩欧博:江苏浩欧博生物医药股份有限公司关于2025年度募集资金存放与实际使用情况的专项报告,募集资金使用情况报告,2026-03-18,https://data.eastmoney.com/notices/detail/688656/AN202603171820603617.html
688656,浩欧博,浩欧博:江苏浩欧博生物医药股份有限公司关于修订《公司章程》并办理工商变更登记的公告,公司章程修订,2026-03-18,https://data.eastmoney.com/notices/detail/688656/AN202603171820603608.html
688656,浩欧博,浩欧博:江苏浩欧博生物医药股份有限公司2025年度会计师事务所履职情况评估报告,其他,2026-03-18,https://data.eastmoney.com/notices/detail/688656/AN202603171820603605.html
688656,浩欧博,浩欧博:江苏浩欧博生物医药股份有限公司内部控制审计报告,审计报告,2026-03-18,https://data.eastmoney.com/notices/detail/688656/AN202603171820603616.html
688656,浩欧博,浩欧博:江苏浩欧博生物医药股份有限公司关于股权转让承诺方业绩承诺履行的公告,股权转让,2026-03-18,https://data.eastmoney.com/notices/detail/688656/AN202603171820603628.html
688656,浩欧博,浩欧博:江苏浩欧博生物医药股份有限公司2025年度募集资金存放、管理与实际使用情况鉴证报告,保荐/核查意见,2026-03-18,https://data.eastmoney.com/notices/detail/688656/AN202603171820603618.html
688656,浩欧博,浩欧博:华泰联合证券有限责任公司关于对江苏浩欧博生物医药股份有限公司2025年度募集资金存放和使用情况专项核查报告,保荐/核查意见,2026-03-18,https://data.eastmoney.com/notices/detail/688656/AN202603171820603615.html
688656,浩欧博,浩欧博:江苏浩欧博生物医药股份有限公司2025年年度报告摘要,年度报告摘要,2026-03-18,https://data.eastmoney.com/notices/detail/688656/AN202603171820603611.html
688656,浩欧博,浩欧博:江苏浩欧博生物医药股份有限公司2025年度“提质增效重回报”专项行动方案的评估报告暨2026年度“提质增效重回报”专项行动方案,其他,2026-03-18,https://data.eastmoney.com/notices/detail/688656/AN202603171820603619.html
688656,浩欧博,浩欧博:江苏浩欧博生物医药股份有限公司2025年年度报告,年度报告全文,2026-03-18,https://data.eastmoney.com/notices/detail/688656/AN202603171820603621.html
688656,浩欧博,浩欧博:江苏浩欧博生物医药股份有限公司2025年度独立董事述职报告(钱世政),独立董事述职报告,2026-03-18,https://data.eastmoney.com/notices/detail/688656/AN202603171820603623.html
688656,浩欧博,浩欧博:江苏浩欧博生物医药股份有限公司关于召开2025年年度股东会的通知,召开股东大会通知,2026-03-18,https://data.eastmoney.com/notices/detail/688656/AN202603171820603622.html
688656,浩欧博,浩欧博:江苏浩欧博生物医药股份有限公司审计报告及财务报表,审计报告,2026-03-18,https://data.eastmoney.com/notices/detail/688656/AN202603171820603604.html
688656,浩欧博,浩欧博:江苏浩欧博生物医药股份有限公司2025年度内部控制评价报告,内部控制报告,2026-03-18,https://data.eastmoney.com/notices/detail/688656/AN202603171820603603.html
688656,浩欧博,浩欧博:江苏浩欧博生物医药股份有限公司董事会审计委员会对会计师事务所2025年度履行监督职责情况的报告,其他,2026-03-18,https://data.eastmoney.com/notices/detail/688656/AN202603171820603613.html
688656,浩欧博,浩欧博:江苏浩欧博生物医药股份有限公司2025年度独立董事述职报告(彭建刚),独立董事述职报告,2026-03-18,https://data.eastmoney.com/notices/detail/688656/AN202603171820603629.html
688781,视涯科技,视涯科技:视涯科技首次公开发行股票并在科创板上市网下初步配售结果及网上中签结果公告,网下中签及配售结果公告,2026-03-18,https://data.eastmoney.com/notices/detail/688781/AN202603171820603550.html
688813,泰金新能,泰金新能:泰金新能首次公开发行股票并在科创板上市网上路演公告,首发网上路演公告,2026-03-18,https://data.eastmoney.com/notices/detail/688813/AN202603171820603551.html
603103,横店影视,横店影视:横店影视股份有限公司2025年年度股东会会议资料,股东大会资料,2026-03-18,https://data.eastmoney.com/notices/detail/603103/AN202603171820603544.html
603759,海天股份,海天股份:关于控股股东及其一致行动人部分可转债质押的公告,股份质押、冻结,2026-03-18,https://data.eastmoney.com/notices/detail/603759/AN202603171820603543.html
603759,海天股份,海天股份:关于部分募投项目结项并注销募集资金专项账户的公告,募集资金使用情况报告,2026-03-18,https://data.eastmoney.com/notices/detail/603759/AN202603171820603542.html
002765,蓝黛科技,蓝黛科技:关于设立泰国子公司的进展公告,投资设立公司,2026-03-18,https://data.eastmoney.com/notices/detail/002765/AN202603171820603508.html
688295,中复神鹰,中复神鹰:中复神鹰碳纤维股份有限公司股票交易异常波动暨严重异常波动公告,股票交易异常波动,2026-03-18,https://data.eastmoney.com/notices/detail/688295/AN202603171820603490.html
300103,达刚控股,达刚控股:关于股东被司法拍卖股份完成过户暨部分股份解除冻结的公告,股份质押、冻结,2026-03-18,https://data.eastmoney.com/notices/detail/300103/AN202603171820603470.html
600487,亨通光电,亨通光电:亨通光电关于2024年限制性股票激励计划部分限制性股票回购注销实施公告,回购实施公告,2026-03-18,https://data.eastmoney.com/notices/detail/600487/AN202603171820603404.html
600487,亨通光电,亨通光电:安徽承义律师事务所关于江苏亨通光电股份有限公司2024年限制性股票激励计划回购注销部分限制性股票实施情况的法律意见书,法律意见书,2026-03-18,https://data.eastmoney.com/notices/detail/600487/AN202603171820603403.html
301163,宏德股份,宏德股份:关于公司控股股东、实际控制人及其一致行动人减持股份实施完毕公告,股东/实际控制人股份减持,2026-03-18,https://data.eastmoney.com/notices/detail/301163/AN202603171820603366.html
688112,鼎阳科技,鼎阳科技:鼎阳科技关于自愿披露公司发布新产品的公告,其他,2026-03-18,https://data.eastmoney.com/notices/detail/688112/AN202603171820603351.html
605499,东鹏饮料,东鹏饮料:东鹏饮料(集团)股份有限公司关于使用部分闲置自有资金进行现金管理的进展公告,投资理财,2026-03-18,https://data.eastmoney.com/notices/detail/605499/AN202603171820603282.html
688209,英集芯,英集芯:英集芯关于收到《行政处罚事先告知书》的公告,处罚,2026-03-18,https://data.eastmoney.com/notices/detail/688209/AN202603171820603274.html
002856,*ST美芝,美芝股份:2025年度业绩预告修正公告,业绩预告,2026-03-18,https://data.eastmoney.com/notices/detail/002856/AN202603171820603268.html
002856,*ST美芝,美芝股份:关于公司股票交易可能被实施退市风险警示的提示性公告,其它风险提示公告,2026-03-18,https://data.eastmoney.com/notices/detail/002856/AN202603171820603267.html
601088,中国神华,中国神华:北京市金杜律师事务所、北京市中伦律师事务所关于中国神华能源股份有限公司发行股份及支付现金购买资产并募集配套资金暨关联交易之实施情况的法律意见书,法律意见书,2026-03-18,https://data.eastmoney.com/notices/detail/601088/AN202603171820603220.html
601088,中国神华,中国神华:中国神华能源股份有限公司关于发行股份及支付现金购买资产并募集配套资金暨关联交易之发行结果暨股本变动公告,增发发行结果公告,2026-03-18,https://data.eastmoney.com/notices/detail/601088/AN202603171820603216.html
002882,金龙羽,金龙羽:关于公司对外担保进展的公告,提供/对外担保公告,2026-03-18,https://data.eastmoney.com/notices/detail/002882/AN202603171820603250.html
601088,中国神华,中国神华:中国神华能源股份有限公司发行股份及支付现金购买资产并募集配套资金暨关联交易实施情况暨新增股份上市公告书,增发上市公告书,2026-03-18,https://data.eastmoney.com/notices/detail/601088/AN202603171820603221.html
601088,中国神华,中国神华:中信证券股份有限公司关于中国神华能源股份有限公司发行股份及支付现金购买资产并募集配套资金暨关联交易实施情况之独立财务顾问核查意见,保荐/核查意见,2026-03-18,https://data.eastmoney.com/notices/detail/601088/AN202603171820603217.html
601088,中国神华,中国神华:中国神华能源股份有限公司发行股份及支付现金购买资产并募集配套资金暨关联交易实施情况暨新增股份上市公告书(摘要),增发上市公告书（摘要）,2026-03-18,https://data.eastmoney.com/notices/detail/601088/AN202603171820603219.html
603848,好太太,好太太:广东好太太科技集团股份有限公司股东减持股份计划公告,股东/实际控制人股份减持,2026-03-18,https://data.eastmoney.com/notices/detail/603848/AN202603171820603218.html
600644,乐山电力,乐山电力:乐山电力股份有限公司关于控股子公司绵阳安泓企业管理有限公司为其下属公司提供担保的公告,提供/对外担保公告,2026-03-18,https://data.eastmoney.com/notices/detail/600644/AN202603171820603194.html
002719,ST麦趣,麦趣尔:关于重大诉讼的公告,诉讼仲裁,2026-03-18,https://data.eastmoney.com/notices/detail/002719/AN202603171820603193.html
002703,浙江世宝,浙江世宝:董事会会议召开日期(H股公告),其他,2026-03-18,https://data.eastmoney.com/notices/detail/002703/AN202603171820603155.html
603050,科林电气,科林电气:高级管理人员减持股份计划公告,高管人员持股变动,2026-03-18,https://data.eastmoney.com/notices/detail/603050/AN202603171820603169.html
000980,众泰汽车,众泰汽车:北京市金杜(南京)律师事务所关于众泰汽车股份有限公司2026年第二次临时股东会之法律意见书,法律意见书,2026-03-18,https://data.eastmoney.com/notices/detail/000980/AN202603171820603166.html
000980,众泰汽车,众泰汽车:2026年第二次临时股东会决议公告,股东大会决议公告,2026-03-18,https://data.eastmoney.com/notices/detail/000980/AN202603171820603167.html
002646,天佑德酒,天佑德酒:关于完成董事会换届选举并聘任高级管理人员、审计监察部负责人、证券事务代表的公告,高管人员任职变动,2026-03-18,https://data.eastmoney.com/notices/detail/002646/AN202603171820603154.html
002646,天佑德酒,天佑德酒:2026年第一次临时股东会决议公告,股东大会决议公告,2026-03-18,https://data.eastmoney.com/notices/detail/002646/AN202603171820603152.html
002646,天佑德酒,天佑德酒:第六届董事会第一次会议(临时)决议公告,高管人员任职变动,2026-03-18,https://data.eastmoney.com/notices/detail/002646/AN202603171820603156.html
002646,天佑德酒,天佑德酒:青海互助天佑德青稞酒股份有限公司董事会战略与决策委员会工作细则2025.12,议事规则/实施细则,2026-03-18,https://data.eastmoney.com/notices/detail/002646/AN202603171820603153.html
002646,天佑德酒,天佑德酒:北京国枫律师事务所关于青海互助天佑德青稞酒股份有限公司2026年第一次临时股东会的法律意见书,法律意见书,2026-03-18,https://data.eastmoney.com/notices/detail/002646/AN202603171820603157.html
002646,天佑德酒,天佑德酒:关于选举职工董事的公告,高管人员任职变动,2026-03-18,https://data.eastmoney.com/notices/detail/002646/AN202603171820603150.html
688573,信宇人,信宇人:关于董事会延期换届的提示性公告,高管人员任职变动,2026-03-18,https://data.eastmoney.com/notices/detail/688573/AN202603171820603088.html
688573,信宇人,信宇人:关于集中竞价减持部分已回购股份计划的公告,股东/实际控制人股份减持,2026-03-18,https://data.eastmoney.com/notices/detail/688573/AN202603171820603087.html
002524,光正眼科,光正眼科:关于下属子公司综合授信及担保事项的进展公告,其他担保公告,2026-03-18,https://data.eastmoney.com/notices/detail/002524/AN202603171820603086.html
301075,多瑞医药,多瑞医药:独立董事候选人声明与承诺(陈惠),独立董事候选人声明,2026-03-18,https://data.eastmoney.com/notices/detail/301075/AN202603171820603056.html
301075,多瑞医药,多瑞医药:独立董事提名人声明与承诺(陈惠),独立董事提名人声明,2026-03-18,https://data.eastmoney.com/notices/detail/301075/AN202603171820603052.html
300740,水羊股份,水羊股份:关于控股股东、实际控制人及其一致行动人因可转换公司债券转股持股比例被动稀释触及1%整数倍公告,股东/实际控制人股份减持,2026-03-18,https://data.eastmoney.com/notices/detail/300740/AN202603171820603057.html
000610,*ST西旅,西安旅游:关于为下属公司提供担保额度的进展公告,提供/对外担保公告,2026-03-18,https://data.eastmoney.com/notices/detail/000610/AN202603171820603053.html
301075,多瑞医药,多瑞医药:修改公司章程的公告,公司章程修订,2026-03-18,https://data.eastmoney.com/notices/detail/301075/AN202603171820603048.html
301023,奕帆传动,奕帆传动:第五届董事会第二次会议决议公告,董事会决议公告,2026-03-18,https://data.eastmoney.com/notices/detail/301023/AN202603171820603055.html
301023,奕帆传动,奕帆传动:关于变更回购股份用途并注销的公告,回购方案修订,2026-03-18,https://data.eastmoney.com/notices/detail/301023/AN202603171820603054.html
301023,奕帆传动,奕帆传动:关于召开2026年第一次临时股东会的通知,召开股东大会通知,2026-03-18,https://data.eastmoney.com/notices/detail/301023/AN202603171820603049.html
301023,奕帆传动,奕帆传动:关于董事会秘书辞职的公告,高管人员任职变动,2026-03-18,https://data.eastmoney.com/notices/detail/301023/AN202603171820603051.html
301023,奕帆传动,奕帆传动:中信建投证券股份有限公司关于无锡江南奕帆电力传动科技股份有限公司募投项目延期的核查意见,保荐/核查意见,2026-03-18,https://data.eastmoney.com/notices/detail/301023/AN202603171820603050.html
301075,多瑞医药,多瑞医药:独立董事提名人声明与承诺(杨振远),独立董事提名人声明,2026-03-18,https://data.eastmoney.com/notices/detail/301075/AN202603171820603047.html
002831,裕同科技,裕同科技:关于公司控股股东股份质押变动的公告,股份质押、冻结,2026-03-18,https://data.eastmoney.com/notices/detail/002831/AN202603171820603040.html
002831,裕同科技,裕同科技:关于公司提供担保进展情况公告,提供/对外担保公告,2026-03-18,https://data.eastmoney.com/notices/detail/002831/AN202603171820603039.html
605055,迎丰股份,迎丰股份:迎丰股份关于股份回购期限届满暨股份回购结果的公告,回购进展情况,2026-03-18,https://data.eastmoney.com/notices/detail/605055/AN202603171820603016.html
301075,多瑞医药,多瑞医药:关于董事会换届选举的公告,高管人员任职变动,2026-03-18,https://data.eastmoney.com/notices/detail/301075/AN202603171820602988.html
301023,奕帆传动,奕帆传动:中信建投证券股份有限公司关于无锡江南奕帆电力传动科技股份有限公司增加暂时闲置募集资金及自有资金现金管理额度的核查意见,保荐/核查意见,2026-03-18,https://data.eastmoney.com/notices/detail/301023/AN202603171820602984.html
301075,多瑞医药,多瑞医药:关于董事、高级管理人员薪酬方案的公告,其他,2026-03-18,https://data.eastmoney.com/notices/detail/301075/AN202603171820602980.html
301075,多瑞医药,多瑞医药:独立董事提名人声明与承诺(王会强),独立董事提名人声明,2026-03-18,https://data.eastmoney.com/notices/detail/301075/AN202603171820602991.html
301075,多瑞医药,多瑞医药:关于召开2026年第一次临时股东会的通知,召开股东大会通知,2026-03-18,https://data.eastmoney.com/notices/detail/301075/AN202603171820602987.html
301023,奕帆传动,奕帆传动:关于开展大宗原材料期货套期保值业务的公告,其他,2026-03-18,https://data.eastmoney.com/notices/detail/301023/AN202603171820602982.html
301075,多瑞医药,多瑞医药:独立董事候选人声明与承诺(王会强),独立董事候选人声明,2026-03-18,https://data.eastmoney.com/notices/detail/301075/AN202603171820602993.html
301075,多瑞医药,多瑞医药:董事、高级管理人员薪酬管理制度,管理办法/制度,2026-03-18,https://data.eastmoney.com/notices/detail/301075/AN202603171820602989.html
301075,多瑞医药,多瑞医药:第二届董事会第二十七次会议决议公告,高管人员任职变动,2026-03-18,https://data.eastmoney.com/notices/detail/301075/AN202603171820602996.html
301023,奕帆传动,奕帆传动:关于募投项目延期的公告,变更募集资金投资项目,2026-03-18,https://data.eastmoney.com/notices/detail/301023/AN202603171820602979.html
301023,奕帆传动,奕帆传动:套期保值业务管理制度,管理办法/制度,2026-03-18,https://data.eastmoney.com/notices/detail/301023/AN202603171820602994.html
301075,多瑞医药,多瑞医药:公司章程,公司章程,2026-03-18,https://data.eastmoney.com/notices/detail/301075/AN202603171820602992.html
300125,聆达股份,*ST聆达:关于2025年年度报告编制及最新审计进展情况的公告,其他,2026-03-18,https://data.eastmoney.com/notices/detail/300125/AN202603171820602995.html
301023,奕帆传动,奕帆传动:公司章程(2026年3月),公司章程,2026-03-18,https://data.eastmoney.com/notices/detail/301023/AN202603171820602985.html
301023,奕帆传动,奕帆传动:开展大宗原材料期货套期保值业务的可行性报告,其他,2026-03-18,https://data.eastmoney.com/notices/detail/301023/AN202603171820602990.html
301023,奕帆传动,奕帆传动:关于增加暂时闲置募集资金(含超募资金)及自有资金现金管理额度的公告,投资理财,2026-03-18,https://data.eastmoney.com/notices/detail/301023/AN202603171820602997.html
301075,多瑞医药,多瑞医药:独立董事候选人声明与承诺(杨振远),独立董事候选人声明,2026-03-18,https://data.eastmoney.com/notices/detail/301075/AN202603171820602981.html
301023,奕帆传动,奕帆传动:关于变更公司注册资本、修订公司章程并办理工商变更登记的公告,公司注册资本变更,2026-03-18,https://data.eastmoney.com/notices/detail/301023/AN202603171820602983.html
002752,昇兴股份,昇兴股份:2025年度独立董事述职报告(吴丹),独立董事述职报告,2026-03-18,https://data.eastmoney.com/notices/detail/002752/AN202603171820602801.html
002752,昇兴股份,昇兴股份:容诚会计师事务所:年度募集资金使用鉴证报告,保荐/核查意见,2026-03-18,https://data.eastmoney.com/notices/detail/002752/AN202603171820602807.html
002752,昇兴股份,昇兴股份:关于开展商品期货和外汇套期保值业务的可行性分析报告,其他,2026-03-18,https://data.eastmoney.com/notices/detail/002752/AN202603171820602819.html
002752,昇兴股份,昇兴股份:关于召开2025年度股东会的通知,召开股东大会通知,2026-03-18,https://data.eastmoney.com/notices/detail/002752/AN202603171820602813.html
002752,昇兴股份,昇兴股份:2025年度内部控制评价报告,内部控制报告,2026-03-18,https://data.eastmoney.com/notices/detail/002752/AN202603171820602809.html
002752,昇兴股份,昇兴股份:2025年度环境、社会和公司治理(ESG)报告,ESG公告,2026-03-18,https://data.eastmoney.com/notices/detail/002752/AN202603171820602796.html
002752,昇兴股份,昇兴股份:容诚会计师事务所:内部控制审计报告,审计报告,2026-03-18,https://data.eastmoney.com/notices/detail/002752/AN202603171820602805.html
002752,昇兴股份,昇兴股份:2025年度财务决算报告,年度财务报告,2026-03-18,https://data.eastmoney.com/notices/detail/002752/AN202603171820602810.html
002752,昇兴股份,昇兴股份:2025年度独立董事述职报告(刘微芳),独立董事述职报告,2026-03-18,https://data.eastmoney.com/notices/detail/002752/AN202603171820602793.html
002752,昇兴股份,昇兴股份:关于会计师事务所2025年度履职情况的评估报告,其他,2026-03-18,https://data.eastmoney.com/notices/detail/002752/AN202603171820602795.html
002752,昇兴股份,昇兴股份:关于会计政策变更的公告,其他,2026-03-18,https://data.eastmoney.com/notices/detail/002752/AN202603171820602804.html
002752,昇兴股份,昇兴股份:关于公司及子公司向银行等金融机构申请综合授信额度的公告,借贷,2026-03-18,https://data.eastmoney.com/notices/detail/002752/AN202603171820602814.html
002752,昇兴股份,昇兴股份:关于公司续聘会计师事务所的公告,审计机构变更,2026-03-18,https://data.eastmoney.com/notices/detail/002752/AN202603171820602811.html
002752,昇兴股份,昇兴股份:关于2025年度利润分配方案及2026年中期现金分红规划的公告,分配预案,2026-03-18,https://data.eastmoney.com/notices/detail/002752/AN202603171820602818.html
002752,昇兴股份,昇兴股份:2025年度非经营性资金占用及其他关联资金往来情况汇总表,资金占用,2026-03-18,https://data.eastmoney.com/notices/detail/002752/AN202603171820602816.html
002752,昇兴股份,昇兴股份:关于公司2026年度合并报表范围内担保额度的公告,其他担保公告,2026-03-18,https://data.eastmoney.com/notices/detail/002752/AN202603171820602794.html
002752,昇兴股份,昇兴股份:2025年年度报告,年度报告全文,2026-03-18,https://data.eastmoney.com/notices/detail/002752/AN202603171820602797.html
002752,昇兴股份,昇兴股份:容诚会计师事务所:2025年度关联方资金占用专项审计报告,保荐/核查意见,2026-03-18,https://data.eastmoney.com/notices/detail/002752/AN202603171820602815.html
002752,昇兴股份,昇兴股份:董事会审计委员会对会计师事务所2025年度履行监督职责情况的报告,其他,2026-03-18,https://data.eastmoney.com/notices/detail/002752/AN202603171820602799.html
002752,昇兴股份,昇兴股份:关于2025年度募集资金存放与使用情况的专项报告,募集资金使用情况报告,2026-03-18,https://data.eastmoney.com/notices/detail/002752/AN202603171820602812.html
002752,昇兴股份,昇兴股份:中信证券股份有限公司关于昇兴集团股份有限公司2025年度募集资金存放与使用情况的核查报告,保荐/核查意见,2026-03-18,https://data.eastmoney.com/notices/detail/002752/AN202603171820602817.html
002752,昇兴股份,昇兴股份:2025年年度审计报告,审计报告,2026-03-18,https://data.eastmoney.com/notices/detail/002752/AN202603171820602802.html
002752,昇兴股份,昇兴股份:2025年年度报告摘要,年度报告摘要,2026-03-18,https://data.eastmoney.com/notices/detail/002752/AN202603171820602806.html
002752,昇兴股份,昇兴股份:2025年度独立董事述职报告(易岐筠),独立董事述职报告,2026-03-18,https://data.eastmoney.com/notices/detail/002752/AN202603171820602803.html
002752,昇兴股份,昇兴股份:关于举行2025年度业绩说明会并征集相关问题的公告,其他,2026-03-18,https://data.eastmoney.com/notices/detail/002752/AN202603171820602820.html
002752,昇兴股份,昇兴股份:关于开展商品期货和外汇套期保值业务的公告,其他,2026-03-18,https://data.eastmoney.com/notices/detail/002752/AN202603171820602800.html
002752,昇兴股份,昇兴股份:第五届董事会第十九次会议决议公告,分配预案,2026-03-18,https://data.eastmoney.com/notices/detail/002752/AN202603171820602808.html
002752,昇兴股份,昇兴股份:董事会对独立董事独立性自查情况进行评估的专项意见,专项说明/独立意见,2026-03-18,https://data.eastmoney.com/notices/detail/002752/AN202603171820602798.html
301203,国泰环保,国泰环保:关于回购公司股份的回购报告书,回购报告书,2026-03-18,https://data.eastmoney.com/notices/detail/301203/AN202603171820602723.html
300050,世纪鼎利,世纪鼎利:独立董事2025年度述职报告(曲成辉),独立董事述职报告,2026-03-18,https://data.eastmoney.com/notices/detail/300050/AN202603171820602659.html
300050,世纪鼎利,世纪鼎利:董事、高级管理人员薪酬管理制度(2026年3月),管理办法/制度,2026-03-18,https://data.eastmoney.com/notices/detail/300050/AN202603171820602673.html
300050,世纪鼎利,世纪鼎利:2025年年度审计报告,审计报告,2026-03-18,https://data.eastmoney.com/notices/detail/300050/AN202603171820602669.html
300050,世纪鼎利,世纪鼎利:关于举行2025年度网上业绩说明会的公告,其他,2026-03-18,https://data.eastmoney.com/notices/detail/300050/AN202603171820602662.html
300050,世纪鼎利,世纪鼎利:关于2025年度利润分配预案的公告,分配预案,2026-03-18,https://data.eastmoney.com/notices/detail/300050/AN202603171820602668.html
300050,世纪鼎利,世纪鼎利:董事会关于独立董事独立性自查情况的专项意见,专项说明/独立意见,2026-03-18,https://data.eastmoney.com/notices/detail/300050/AN202603171820602654.html
300050,世纪鼎利,世纪鼎利:董事会审计委员会对会计师事务所履行监督职责情况的报告,其他,2026-03-18,https://data.eastmoney.com/notices/detail/300050/AN202603171820602674.html
300050,世纪鼎利,世纪鼎利:独立董事2025年度述职报告(葛永利),独立董事述职报告,2026-03-18,https://data.eastmoney.com/notices/detail/300050/AN202603171820602658.html
300050,世纪鼎利,世纪鼎利:2025年度内部控制评价报告,内部控制报告,2026-03-18,https://data.eastmoney.com/notices/detail/300050/AN202603171820602647.html
300050,世纪鼎利,世纪鼎利:关于未弥补亏损达到实收股本总额三分之一的公告,其他,2026-03-18,https://data.eastmoney.com/notices/detail/300050/AN202603171820602667.html
300050,世纪鼎利,世纪鼎利:关于会计师事务所2025年度履职情况评估报告,其他,2026-03-18,https://data.eastmoney.com/notices/detail/300050/AN202603171820602652.html
300050,世纪鼎利,世纪鼎利:关于2026年度董事、高级管理人员薪酬方案的公告,其他,2026-03-18,https://data.eastmoney.com/notices/detail/300050/AN202603171820602646.html
300050,世纪鼎利,世纪鼎利:独立董事2025年度述职报告(王金),独立董事述职报告,2026-03-18,https://data.eastmoney.com/notices/detail/300050/AN202603171820602653.html
300050,世纪鼎利,世纪鼎利:非经营性资金占用及其他关联资金往来情况汇总表,资金占用,2026-03-18,https://data.eastmoney.com/notices/detail/300050/AN202603171820602645.html
002261,拓维信息,拓维信息:关于延期披露2025年年度报告的公告,延期披露定报公告,2026-03-18,https://data.eastmoney.com/notices/detail/002261/AN202603171820602672.html
300050,世纪鼎利,世纪鼎利:独立董事2025年度述职报告(吕敏-已离任),独立董事述职报告,2026-03-18,https://data.eastmoney.com/notices/detail/300050/AN202603171820602651.html
300050,世纪鼎利,世纪鼎利:关于计提资产减值准备的公告,其他,2026-03-18,https://data.eastmoney.com/notices/detail/300050/AN202603171820602664.html
300050,世纪鼎利,世纪鼎利:第七届董事会第二次会议决议公告,分配预案,2026-03-18,https://data.eastmoney.com/notices/detail/300050/AN202603171820602665.html
301231,荣信文化,荣信文化:关于使用剩余超募资金向全资子公司实缴出资以实施荣信文化创意园区项目的公告,募集资金使用情况报告,2026-03-18,https://data.eastmoney.com/notices/detail/301231/AN202603171820602656.html
300050,世纪鼎利,世纪鼎利:2025年年度报告摘要,年度报告摘要,2026-03-18,https://data.eastmoney.com/notices/detail/300050/AN202603171820602655.html
300050,世纪鼎利,世纪鼎利:2025年年度报告,年度报告全文,2026-03-18,https://data.eastmoney.com/notices/detail/300050/AN202603171820602663.html
300050,世纪鼎利,世纪鼎利:独立董事2025年度述职报告(叶勇-已离任),独立董事述职报告,2026-03-18,https://data.eastmoney.com/notices/detail/300050/AN202603171820602666.html
300050,世纪鼎利,世纪鼎利:独立董事2025年度述职报告(王忠为-已离任),独立董事述职报告,2026-03-18,https://data.eastmoney.com/notices/detail/300050/AN202603171820602648.html
300050,世纪鼎利,世纪鼎利:关于非经营性资金占用及其他关联方资金往来情况的专项审核说明,专项说明/独立意见,2026-03-18,https://data.eastmoney.com/notices/detail/300050/AN202603171820602670.html
300050,世纪鼎利,世纪鼎利:内部控制审计报告,审计报告,2026-03-18,https://data.eastmoney.com/notices/detail/300050/AN202603171820602650.html
301231,荣信文化,荣信文化:中原证券股份有限公司关于荣信教育文化产业发展股份有限公司使用剩余超募资金向全资子公司实缴出资以实施荣信文化创意园区项目的核查意见,保荐/核查意见,2026-03-18,https://data.eastmoney.com/notices/detail/301231/AN202603171820602657.html
600660,福耀玻璃,福耀玻璃:福耀玻璃关于会计师事务所2025年度审计履职情况的评估报告,其他,2026-03-18,https://data.eastmoney.com/notices/detail/600660/AN202603171820602571.html
600660,福耀玻璃,福耀玻璃:福耀玻璃关于召开2025年年度业绩说明会的公告,其他,2026-03-18,https://data.eastmoney.com/notices/detail/600660/AN202603171820602560.html
600660,福耀玻璃,福耀玻璃:福耀玻璃2025年度内部控制审计报告,审计报告,2026-03-18,https://data.eastmoney.com/notices/detail/600660/AN202603171820602559.html
600660,福耀玻璃,福耀玻璃:福耀玻璃独立董事2025年度述职报告(程雁),独立董事述职报告,2026-03-18,https://data.eastmoney.com/notices/detail/600660/AN202603171820602564.html
600660,福耀玻璃,福耀玻璃:福耀玻璃关于利用自有资金进行委托理财的公告,委托（受托）事项,2026-03-18,https://data.eastmoney.com/notices/detail/600660/AN202603171820602551.html
600660,福耀玻璃,福耀玻璃:福耀玻璃2025年度利润分配方案及提请股东会授权董事局制定2026年中期分红方案的公告,分配预案,2026-03-18,https://data.eastmoney.com/notices/detail/600660/AN202603171820602570.html
600660,福耀玻璃,福耀玻璃:福耀玻璃2025年年度报告摘要,年度报告摘要,2026-03-18,https://data.eastmoney.com/notices/detail/600660/AN202603171820602552.html
600660,福耀玻璃,福耀玻璃:福耀玻璃关于开展外汇衍生品交易业务的可行性分析报告,其他,2026-03-18,https://data.eastmoney.com/notices/detail/600660/AN202603171820602572.html
600660,福耀玻璃,福耀玻璃:福耀玻璃独立董事2025年度述职报告(薛祖云),独立董事述职报告,2026-03-18,https://data.eastmoney.com/notices/detail/600660/AN202603171820602569.html
600660,福耀玻璃,福耀玻璃:福耀玻璃独立董事2025年度述职报告(刘小稚),独立董事述职报告,2026-03-18,https://data.eastmoney.com/notices/detail/600660/AN202603171820602548.html
600660,福耀玻璃,福耀玻璃:福耀玻璃董事局审计委员会2025年度履职情况报告,其他,2026-03-18,https://data.eastmoney.com/notices/detail/600660/AN202603171820602566.html
600660,福耀玻璃,福耀玻璃:福耀玻璃2025年环境、社会和公司治理报告(ESG报告)摘要,ESG公告,2026-03-18,https://data.eastmoney.com/notices/detail/600660/AN202603171820602556.html
600660,福耀玻璃,福耀玻璃:福耀玻璃第十一届董事局第十一次会议决议公告,分配预案,2026-03-18,https://data.eastmoney.com/notices/detail/600660/AN202603171820602577.html
600660,福耀玻璃,福耀玻璃:福耀玻璃2025年度内部控制评价报告,内部控制报告,2026-03-18,https://data.eastmoney.com/notices/detail/600660/AN202603171820602575.html
600660,福耀玻璃,福耀玻璃:福耀玻璃董事局审计委员会对会计师事务所履行监督职责情况报告,其他,2026-03-18,https://data.eastmoney.com/notices/detail/600660/AN202603171820602568.html
600660,福耀玻璃,福耀玻璃:福耀玻璃关于修改《公司章程》《股东会议事规则》及《董事局议事规则》的公告,议事规则/实施细则,2026-03-18,https://data.eastmoney.com/notices/detail/600660/AN202603171820602557.html
600660,福耀玻璃,福耀玻璃:福耀玻璃2025年年度报告,年度报告全文,2026-03-18,https://data.eastmoney.com/notices/detail/600660/AN202603171820602573.html
600660,福耀玻璃,福耀玻璃:福耀玻璃外部信息报送和使用管理制度(2026年第一次修订),管理办法/制度,2026-03-18,https://data.eastmoney.com/notices/detail/600660/AN202603171820602558.html
600660,福耀玻璃,福耀玻璃:福耀玻璃敏感信息排查管理制度(2026年第一次修订),管理办法/制度,2026-03-18,https://data.eastmoney.com/notices/detail/600660/AN202603171820602563.html
600660,福耀玻璃,福耀玻璃:福耀玻璃董事局关于独立董事独立性情况的专项意见,专项说明/独立意见,2026-03-18,https://data.eastmoney.com/notices/detail/600660/AN202603171820602555.html
600660,福耀玻璃,福耀玻璃:福耀玻璃独立董事2025年度述职报告(达正浩),独立董事述职报告,2026-03-18,https://data.eastmoney.com/notices/detail/600660/AN202603171820602553.html
600660,福耀玻璃,福耀玻璃:福耀玻璃非经营性资金占用及其他关联资金往来情况汇总表的专项审计报告,保荐/核查意见,2026-03-18,https://data.eastmoney.com/notices/detail/600660/AN202603171820602562.html
600660,福耀玻璃,福耀玻璃:福耀玻璃关于中期票据、超短期融资券获准注册的公告,其他,2026-03-18,https://data.eastmoney.com/notices/detail/600660/AN202603171820602561.html
600660,福耀玻璃,福耀玻璃:福耀玻璃关于开展外汇衍生品交易业务公告,其他,2026-03-18,https://data.eastmoney.com/notices/detail/600660/AN202603171820602549.html
600660,福耀玻璃,福耀玻璃:福耀玻璃关于续聘会计师事务所的公告,审计机构变更,2026-03-18,https://data.eastmoney.com/notices/detail/600660/AN202603171820602567.html
600660,福耀玻璃,福耀玻璃:福耀玻璃独立董事2025年度述职报告(刘京(退任)),独立董事述职报告,2026-03-18,https://data.eastmoney.com/notices/detail/600660/AN202603171820602574.html
600660,福耀玻璃,福耀玻璃:福耀玻璃2025年度“提质增效重回报”行动方案的评估报告,其他,2026-03-18,https://data.eastmoney.com/notices/detail/600660/AN202603171820602547.html
600660,福耀玻璃,福耀玻璃:福耀玻璃信息披露暂缓与豁免事务管理制度(2026年第一次修订),管理办法/制度,2026-03-18,https://data.eastmoney.com/notices/detail/600660/AN202603171820602576.html
600660,福耀玻璃,福耀玻璃:福耀玻璃重大信息内部报告制度(2026年第一次修订),管理办法/制度,2026-03-18,https://data.eastmoney.com/notices/detail/600660/AN202603171820602550.html
600660,福耀玻璃,福耀玻璃:福耀玻璃2025年环境、社会和公司治理报告(ESG报告),ESG公告,2026-03-18,https://data.eastmoney.com/notices/detail/600660/AN202603171820602554.html
001231,农心科技,农心科技:农心作物科技股份有限公司关于2025年限制性股票激励计划预留权益授予的公告,股权激励进展公告,2026-03-18,https://data.eastmoney.com/notices/detail/001231/AN202603171820602595.html
001231,农心科技,农心科技:上海市锦天城律师事务所关于农心作物科技股份有限公司2025年限制性股票激励计划预留权益授予的法律意见书,法律意见书,2026-03-18,https://data.eastmoney.com/notices/detail/001231/AN202603171820602593.html
001231,农心科技,农心科技:农心作物科技股份有限公司董事会薪酬与考核委员会关于2025年限制性股票激励计划预留权益授予相关事项的核查意见,专项说明/独立意见,2026-03-18,https://data.eastmoney.com/notices/detail/001231/AN202603171820602597.html
001231,农心科技,农心科技:农心作物科技股份有限公司第三届董事会第三次会议决议的公告,董事会决议公告,2026-03-18,https://data.eastmoney.com/notices/detail/001231/AN202603171820602594.html
001231,农心科技,农心科技:农心作物科技股份有限公司2025年限制性股票激励计划预留权益授予激励对象名单,股权激励对象名单,2026-03-18,https://data.eastmoney.com/notices/detail/001231/AN202603171820602596.html
300480,光力科技,光力科技:光力科技股份有限公司关于提前赎回光力转债的第四次提示性公告,其他,2026-03-18,https://data.eastmoney.com/notices/detail/300480/AN202603171820602588.html
301231,荣信文化,荣信文化:公司章程,公司章程,2026-03-18,https://data.eastmoney.com/notices/detail/301231/AN202603171820602586.html
301231,荣信文化,荣信文化:关于召开2026年第一次临时股东会的通知,召开股东大会通知,2026-03-18,https://data.eastmoney.com/notices/detail/301231/AN202603171820602589.html
301231,荣信文化,荣信文化:关于修订《公司章程》的公告,公司章程修订,2026-03-18,https://data.eastmoney.com/notices/detail/301231/AN202603171820602590.html
301231,荣信文化,荣信文化:第四届董事会第十一次会议决议公告,董事会决议公告,2026-03-18,https://data.eastmoney.com/notices/detail/301231/AN202603171820602585.html
603929,亚翔集成,亚翔集成:股票交易风险提示公告,风险提示性公告,2026-03-18,https://data.eastmoney.com/notices/detail/603929/AN202603171820602537.html
003019,宸展光电,宸展光电:宸展光电(厦门)股份有限公司2026年度向特定对象发行A股股票预案,增发预案,2026-03-18,https://data.eastmoney.com/notices/detail/003019/AN202603171820602504.html
003019,宸展光电,宸展光电:董事会关于2025年度证券投资情况的专项说明,专项说明/独立意见,2026-03-18,https://data.eastmoney.com/notices/detail/003019/AN202603171820602495.html
003019,宸展光电,"宸展光电:信会师报字[2026]第ZB10041号TESTECHNOLOGY(THAILAND)CO.,LTD.2025年审计报告",其他,2026-03-18,https://data.eastmoney.com/notices/detail/003019/AN202603171820602491.html
003019,宸展光电,宸展光电:关于增加2026年度开展外汇套期保值业务额度的可行性分析报告,其他,2026-03-18,https://data.eastmoney.com/notices/detail/003019/AN202603171820602481.html
003019,宸展光电,宸展光电:公司审计委员会关于公司2026年度向特定对象发行A股股票相关事项的书面审核意见,保荐/核查意见,2026-03-18,https://data.eastmoney.com/notices/detail/003019/AN202603171820602486.html
003019,宸展光电,宸展光电:关于2025年度利润分配方案的公告,分配预案,2026-03-18,https://data.eastmoney.com/notices/detail/003019/AN202603171820602480.html
003019,宸展光电,宸展光电:2025年年度报告摘要,年度报告摘要,2026-03-18,https://data.eastmoney.com/notices/detail/003019/AN202603171820602492.html
003019,宸展光电,宸展光电:2025年年度审计报告,审计报告,2026-03-18,https://data.eastmoney.com/notices/detail/003019/AN202603171820602505.html
003019,宸展光电,宸展光电:2025年年度报告,年度报告全文,2026-03-18,https://data.eastmoney.com/notices/detail/003019/AN202603171820602477.html
003019,宸展光电,宸展光电:2025年度独立董事述职报告(张宏源),独立董事述职报告,2026-03-18,https://data.eastmoney.com/notices/detail/003019/AN202603171820602484.html
003019,宸展光电,宸展光电:宸展光电(厦门)股份有限公司未来三年(2026年-2028年)股东回报规划,其他,2026-03-18,https://data.eastmoney.com/notices/detail/003019/AN202603171820602489.html
003019,宸展光电,宸展光电:关于召开2025年年度股东会的通知,召开股东大会通知,2026-03-18,https://data.eastmoney.com/notices/detail/003019/AN202603171820602483.html
003019,宸展光电,宸展光电:2025年度募集资金存放与使用情况的专项报告,募集资金使用情况报告,2026-03-18,https://data.eastmoney.com/notices/detail/003019/AN202603171820602500.html
003019,宸展光电,宸展光电:2025年度董事会工作报告,其他,2026-03-18,https://data.eastmoney.com/notices/detail/003019/AN202603171820602478.html
003019,宸展光电,宸展光电:关于本次向特定对象发行A股股票不存在直接或通过利益相关方向参与认购的投资者提供财务资助或补偿的公告,获得补贴（资助）,2026-03-18,https://data.eastmoney.com/notices/detail/003019/AN202603171820602476.html
003019,宸展光电,宸展光电:宸展光电(厦门)股份有限公司2026年度向特定对象发行A股股票募集资金使用的可行性分析报告,其他,2026-03-18,https://data.eastmoney.com/notices/detail/003019/AN202603171820602498.html
003019,宸展光电,宸展光电:关于最近五年不存在被证券监管部门和交易所采取监管措施或处罚情况的公告,处罚,2026-03-18,https://data.eastmoney.com/notices/detail/003019/AN202603171820602506.html
003019,宸展光电,宸展光电:信会师报字[2026]第ZB10035号-宸展光电(厦门)股份有限公司2025年募集资金存放与使用专项报告,保荐/核查意见,2026-03-18,https://data.eastmoney.com/notices/detail/003019/AN202603171820602493.html
003019,宸展光电,宸展光电:第三届董事会第十六次会议决议的公告,增发预案,2026-03-18,https://data.eastmoney.com/notices/detail/003019/AN202603171820602499.html
003019,宸展光电,宸展光电:信会师报字[2026]第ZB10036号-宸展光电(厦门)股份有限公司2025年非经营性资金占用及其他关联资金往来情况的专项报告,其他,2026-03-18,https://data.eastmoney.com/notices/detail/003019/AN202603171820602488.html
003019,宸展光电,宸展光电:关于续聘2026年度审计机构的公告,审计机构变更,2026-03-18,https://data.eastmoney.com/notices/detail/003019/AN202603171820602507.html
003019,宸展光电,宸展光电:关于2026年度向特定对象发行A股股票预案披露的提示性公告,增发提示性公告,2026-03-18,https://data.eastmoney.com/notices/detail/003019/AN202603171820602473.html
003019,宸展光电,宸展光电:信会师报字[2026]第ZB10042号TESTechnology(HongKong)Limited2025年审计报告,其他,2026-03-18,https://data.eastmoney.com/notices/detail/003019/AN202603171820602494.html
003019,宸展光电,宸展光电:关于2026年度向特定对象发行A股股票摊薄即期回报的风险提示与填补措施及相关主体承诺的公告,其他,2026-03-18,https://data.eastmoney.com/notices/detail/003019/AN202603171820602496.html
003019,宸展光电,宸展光电:关于公司无需编制前次募集资金使用情况报告的公告,募集资金使用情况报告,2026-03-18,https://data.eastmoney.com/notices/detail/003019/AN202603171820602502.html
003019,宸展光电,宸展光电:信会师报字[2026]第ZB10034号-宸展光电(厦门)股份有限公司2025年内部控制审计报告,审计报告,2026-03-18,https://data.eastmoney.com/notices/detail/003019/AN202603171820602509.html
003019,宸展光电,宸展光电:2025年度非经营性资金占用及其他关联资金往来情况汇总表,资金占用,2026-03-18,https://data.eastmoney.com/notices/detail/003019/AN202603171820602503.html
003019,宸展光电,宸展光电:国泰海通证券股份有限公司关于宸展光电(厦门)股份有限公司2025年度募集资金存放与使用情况的专项核查意见,保荐/核查意见,2026-03-18,https://data.eastmoney.com/notices/detail/003019/AN202603171820602474.html
003019,宸展光电,宸展光电:董事会关于独立董事独立性自查情况的专项意见,专项说明/独立意见,2026-03-18,https://data.eastmoney.com/notices/detail/003019/AN202603171820602482.html
003019,宸展光电,宸展光电:2025年度独立董事述职报告(郭莉莉),独立董事述职报告,2026-03-18,https://data.eastmoney.com/notices/detail/003019/AN202603171820602501.html
003019,宸展光电,宸展光电:关于增加2026年度开展外汇套期保值业务额度的公告,其他,2026-03-18,https://data.eastmoney.com/notices/detail/003019/AN202603171820602485.html
003019,宸展光电,宸展光电:董事和高级管理人员薪酬管理制度(2026年3月),管理办法/制度,2026-03-18,https://data.eastmoney.com/notices/detail/003019/AN202603171820602497.html
003019,宸展光电,宸展光电:2025年度内部控制自我评价报告,内部控制报告,2026-03-18,https://data.eastmoney.com/notices/detail/003019/AN202603171820602487.html
003019,宸展光电,宸展光电:关于公司会计政策变更的公告,其他,2026-03-18,https://data.eastmoney.com/notices/detail/003019/AN202603171820602475.html
003019,宸展光电,宸展光电:2025年度独立董事述职报告(朱晓峰),独立董事述职报告,2026-03-18,https://data.eastmoney.com/notices/detail/003019/AN202603171820602490.html
003019,宸展光电,宸展光电:宸展光电(厦门)股份有限公司2026年度向特定对象发行A股股票方案的论证分析报告,其他,2026-03-18,https://data.eastmoney.com/notices/detail/003019/AN202603171820602479.html
003019,宸展光电,宸展光电:会计师事务所2025年度履职情况评估报告暨审计委员会履行监督职责情况的报告,其他,2026-03-18,https://data.eastmoney.com/notices/detail/003019/AN202603171820602508.html
000014,沙河股份,沙河股份:沙河实业股份有限公司审计整改管理暂行办法,管理办法/制度,2026-03-18,https://data.eastmoney.com/notices/detail/000014/AN202603171820602430.html
000014,沙河股份,沙河股份:2025年度独立董事述职报告(胡宁可),独立董事述职报告,2026-03-18,https://data.eastmoney.com/notices/detail/000014/AN202603171820602432.html
000014,沙河股份,沙河股份:安永华明(2026)专字第70043537_H01号_内部控制审计报告,审计报告,2026-03-18,https://data.eastmoney.com/notices/detail/000014/AN202603171820602429.html
000014,沙河股份,沙河股份:2025年可持续发展报告,ESG公告,2026-03-18,https://data.eastmoney.com/notices/detail/000014/AN202603171820602433.html
000014,沙河股份,沙河股份:2025年度独立董事述职报告(张佳华),独立董事述职报告,2026-03-18,https://data.eastmoney.com/notices/detail/000014/AN202603171820602428.html
000014,沙河股份,沙河股份:沙河实业股份有限公司2025年度内部控制评价报告,内部控制报告,2026-03-18,https://data.eastmoney.com/notices/detail/000014/AN202603171820602431.html
000014,沙河股份,沙河股份:2025年度独立董事述职报告(赵晋琳),独立董事述职报告,2026-03-18,https://data.eastmoney.com/notices/detail/000014/AN202603171820602427.html
601717,中创智领,中创智领:中创智领(郑州)工业技术集团股份有限公司关于参与投资私募基金暨关联交易的进展公告,关联交易,2026-03-18,https://data.eastmoney.com/notices/detail/601717/AN202603171820602356.html
000014,沙河股份,沙河股份:沙河实业股份有限公司互动易平台信息发布及回复内部审核制度,管理办法/制度,2026-03-18,https://data.eastmoney.com/notices/detail/000014/AN202603171820602395.html
000014,沙河股份,沙河股份:2025年年度报告,年度报告全文,2026-03-18,https://data.eastmoney.com/notices/detail/000014/AN202603171820602397.html
000014,沙河股份,沙河股份:审计委员会对会计师事务所2025年度履行监督职责情况报告,其他,2026-03-18,https://data.eastmoney.com/notices/detail/000014/AN202603171820602388.html
000014,沙河股份,沙河股份:关于2025年度计提资产减值准备的公告,其他,2026-03-18,https://data.eastmoney.com/notices/detail/000014/AN202603171820602392.html
000014,沙河股份,沙河股份:2025年年度报告摘要,年度报告摘要,2026-03-18,https://data.eastmoney.com/notices/detail/000014/AN202603171820602390.html
000014,沙河股份,沙河股份:2025年年度审计报告,审计报告,2026-03-18,https://data.eastmoney.com/notices/detail/000014/AN202603171820602396.html
000014,沙河股份,沙河股份:安永华明(2026)专字第70043537_H03号_营业收入扣除情况专项说明,专项说明/独立意见,2026-03-18,https://data.eastmoney.com/notices/detail/000014/AN202603171820602386.html
000014,沙河股份,沙河股份:关于2025年度拟不进行利润分配的公告,分配预案,2026-03-18,https://data.eastmoney.com/notices/detail/000014/AN202603171820602385.html
000014,沙河股份,沙河股份:第十一届董事会第二十次会议决议公告,分配预案,2026-03-18,https://data.eastmoney.com/notices/detail/000014/AN202603171820602382.html
000014,沙河股份,沙河股份:2025年度非经营性资金占用及其他关联资金往来情况汇总表,资金占用,2026-03-18,https://data.eastmoney.com/notices/detail/000014/AN202603171820602391.html
000014,沙河股份,沙河股份:安永华明(2026)专字第70043537_H02号_非经营性资金占用及其他关联资金往来情况的专项说明,专项说明/独立意见,2026-03-18,https://data.eastmoney.com/notices/detail/000014/AN202603171820602389.html
000014,沙河股份,沙河股份:公司2026-2027年度拟为控股子公司及孙公司提供融资资助的公告,获得补贴（资助）,2026-03-18,https://data.eastmoney.com/notices/detail/000014/AN202603171820602384.html
000014,沙河股份,沙河股份:公司对会计师事务所2025年度履职情况的评估报告,其他,2026-03-18,https://data.eastmoney.com/notices/detail/000014/AN202603171820602387.html
000014,沙河股份,沙河股份:关于召开2025年度股东会的通知,召开股东大会通知,2026-03-18,https://data.eastmoney.com/notices/detail/000014/AN202603171820602383.html
000014,沙河股份,沙河股份:董事会对独立董事独立性自查情况的专项报告,自查报告,2026-03-18,https://data.eastmoney.com/notices/detail/000014/AN202603171820602394.html
000014,沙河股份,沙河股份:沙河实业股份有限公司内部审计管理办法,管理办法/制度,2026-03-18,https://data.eastmoney.com/notices/detail/000014/AN202603171820602393.html
600576,祥源文旅,祥源文旅:关于全资子公司为控股孙公司项目贷款增加质押物的公告,借贷,2026-03-18,https://data.eastmoney.com/notices/detail/600576/AN202603171820602337.html
002161,远望谷,远望谷:关于全资子公司提供外保内贷额度的进展公告,提供/对外担保公告,2026-03-18,https://data.eastmoney.com/notices/detail/002161/AN202603171820602192.html
000692,惠天热电,惠天热电:第十届董事会2026年第四次临时会议决议公告,高管人员任职变动,2026-03-18,https://data.eastmoney.com/notices/detail/000692/AN202603171820602187.html
002615,哈尔斯,哈尔斯:中银国际证券股份有限公司关于浙江哈尔斯真空器皿股份有限公司2023年度向特定对象发行A股股票发行过程和认购对象合规性的报告,保荐/核查意见,2026-03-18,https://data.eastmoney.com/notices/detail/002615/AN202603171820602188.html
000692,惠天热电,惠天热电:独立董事提名人声明与承诺,独立董事提名人声明,2026-03-18,https://data.eastmoney.com/notices/detail/000692/AN202603171820602190.html
002615,哈尔斯,哈尔斯:浙江哈尔斯真空器皿股份有限公司2023年度向特定对象发行A股股票发行情况报告书,其他增发事项公告,2026-03-18,https://data.eastmoney.com/notices/detail/002615/AN202603171820602191.html
000692,惠天热电,惠天热电:独立董事候选人声明与承诺,独立董事候选人声明,2026-03-18,https://data.eastmoney.com/notices/detail/000692/AN202603171820602189.html
603936,博敏电子,博敏电子:博敏电子董事会薪酬与考核委员会关于公司2026年限制性股票与股票期权激励计划首次授予激励对象名单的公示情况说明及核查意见,专项说明/独立意见,2026-03-18,https://data.eastmoney.com/notices/detail/603936/AN202603171820602168.html
603936,博敏电子,博敏电子:博敏电子关于向控股子公司增资的公告,增资扩股,2026-03-18,https://data.eastmoney.com/notices/detail/603936/AN202603171820602175.html
603936,博敏电子,博敏电子:博敏电子关于终止对外投资及注销全资子公司的公告,公司关联方基本资料变更,2026-03-18,https://data.eastmoney.com/notices/detail/603936/AN202603171820602173.html
603936,博敏电子,博敏电子:博敏电子第五届董事会第二十八次会议决议公告,董事会决议公告,2026-03-18,https://data.eastmoney.com/notices/detail/603936/AN202603171820602165.html
603007,顺景科技,*ST花王:重大资产购买实施情况报告书(补充国资股权部分),收购出售资产/股权,2026-03-18,https://data.eastmoney.com/notices/detail/603007/AN202603171820602171.html
603007,顺景科技,*ST花王:关于公司仲裁事项进展的公告,诉讼仲裁,2026-03-18,https://data.eastmoney.com/notices/detail/603007/AN202603171820602162.html
603007,顺景科技,*ST花王:关于召开2025年度业绩暨现金分红说明会的公告,其他,2026-03-18,https://data.eastmoney.com/notices/detail/603007/AN202603171820602167.html
603007,顺景科技,*ST花王:中德证券有限责任公司关于丹阳顺景智能科技股份有限公司重大资产购买实施情况报告书之独立财务顾问核查意见(补充国资股权部分),保荐/核查意见,2026-03-18,https://data.eastmoney.com/notices/detail/603007/AN202603171820602163.html
603007,顺景科技,*ST花王:关于股东被司法拍卖股份完成过户的公告,诉讼仲裁,2026-03-18,https://data.eastmoney.com/notices/detail/603007/AN202603171820602166.html
603007,顺景科技,*ST花王:北京金杜(杭州)律师事务所关于丹阳顺景智能科技股份有限公司重大资产购买实施情况之法律意见书,法律意见书,2026-03-18,https://data.eastmoney.com/notices/detail/603007/AN202603171820602174.html
603936,博敏电子,博敏电子:博敏电子关于使用部分闲置募集资金进行现金管理的进展公告,募集资金使用进展情况,2026-03-18,https://data.eastmoney.com/notices/detail/603936/AN202603171820602169.html
603936,博敏电子,博敏电子:博敏电子关于2026年第一次临时股东会增加临时提案暨股东会补充通知的公告,增加股东大会议案,2026-03-18,https://data.eastmoney.com/notices/detail/603936/AN202603171820602164.html
603936,博敏电子,博敏电子:博敏电子关于公司2026年限制性股票与股票期权激励计划内幕信息知情人买卖公司股票情况的自查报告,自查报告,2026-03-18,https://data.eastmoney.com/notices/detail/603936/AN202603171820602172.html
603007,顺景科技,*ST花王:关于向全资子公司增资及累计对外投资的公告,增资扩股,2026-03-18,https://data.eastmoney.com/notices/detail/603007/AN202603171820602170.html
688601,力芯微,力芯微:2026年第一次临时股东会会议资料,股东大会资料,2026-03-18,https://data.eastmoney.com/notices/detail/688601/AN202603171820602161.html
600177,雅戈尔,雅戈尔:雅戈尔时尚股份有限公司2026年第一次临时股东会会议资料,股东大会资料,2026-03-18,https://data.eastmoney.com/notices/detail/600177/AN202603171820602077.html
600713,南京医药,南京医药:南京医药关于控股子公司向其少数股东借款之关联交易公告,借贷,2026-03-18,https://data.eastmoney.com/notices/detail/600713/AN202603171820602068.html
600713,南京医药,南京医药:南京医药关于免去部分董事职务并解聘部分高级管理人员的公告,高管人员任职变动,2026-03-18,https://data.eastmoney.com/notices/detail/600713/AN202603171820602071.html
600713,南京医药,南京医药:南京证券股份有限公司关于南京医药集团股份有限公司控股子公司向其少数股东借款暨关联交易的核查意见,保荐/核查意见,2026-03-18,https://data.eastmoney.com/notices/detail/600713/AN202603171820602069.html
600713,南京医药,南京医药:南京医药关于召开2026年第二次临时股东会的通知,召开股东大会通知,2026-03-18,https://data.eastmoney.com/notices/detail/600713/AN202603171820602066.html
600713,南京医药,南京医药:南京医药关于审计机构变更项目质量复核人的公告,审计机构变更,2026-03-18,https://data.eastmoney.com/notices/detail/600713/AN202603171820602070.html
600713,南京医药,南京医药:南京医药集团股份有限公司章程修正案,公司章程修订,2026-03-18,https://data.eastmoney.com/notices/detail/600713/AN202603171820602072.html
600713,南京医药,南京医药:南京医药关于变更公司类型暨修订《公司章程》部分条款的公告,公司章程修订,2026-03-18,https://data.eastmoney.com/notices/detail/600713/AN202603171820602067.html
603730,岱美股份,岱美股份:上海岱美汽车内饰件股份有限公司关于公司董事、高级管理人员减持股份计划公告,高管人员持股变动,2026-03-18,https://data.eastmoney.com/notices/detail/603730/AN202603171820602065.html
600713,南京医药,南京医药:南京医药第十届董事会临时会议决议公告,高管人员任职变动,2026-03-18,https://data.eastmoney.com/notices/detail/600713/AN202603171820602064.html
600713,南京医药,南京医药:中信建投证券股份有限公司关于南京医药集团股份有限公司控股子公司向其少数股东借款暨关联交易的核查意见,保荐/核查意见,2026-03-18,https://data.eastmoney.com/notices/detail/600713/AN202603171820602063.html
688507,索辰科技,索辰科技:2026年第一期员工持股计划管理办法,员工持股计划,2026-03-18,https://data.eastmoney.com/notices/detail/688507/AN202603171820602046.html
688507,索辰科技,索辰科技:2026年第一期员工持股计划(草案),员工持股计划,2026-03-18,https://data.eastmoney.com/notices/detail/688507/AN202603171820602052.html
688507,索辰科技,索辰科技:关于召开2026年第一次临时股东会的通知,召开股东大会通知,2026-03-18,https://data.eastmoney.com/notices/detail/688507/AN202603171820602044.html
688507,索辰科技,索辰科技:关于部分募投项目变更并将剩余募集资金用于新项目的公告,变更募集资金投资项目,2026-03-18,https://data.eastmoney.com/notices/detail/688507/AN202603171820602047.html
688507,索辰科技,索辰科技:职工代表大会决议公告,高管人员任职变动,2026-03-18,https://data.eastmoney.com/notices/detail/688507/AN202603171820602043.html
688507,索辰科技,索辰科技:第二届董事会第二十五次会议决议公告,董事会决议公告,2026-03-18,https://data.eastmoney.com/notices/detail/688507/AN202603171820602049.html
688507,索辰科技,索辰科技:国泰海通证券股份有限公司关于上海索辰信息科技股份有限公司部分募投项目变更并将剩余募集资金用于新项目的核查意见,保荐/核查意见,2026-03-18,https://data.eastmoney.com/notices/detail/688507/AN202603171820602050.html
688507,索辰科技,索辰科技:薪酬与考核委员会关于公司2026年第一期员工持股计划相关事项的核查意见,保荐/核查意见,2026-03-18,https://data.eastmoney.com/notices/detail/688507/AN202603171820602048.html
688507,索辰科技,索辰科技:2026年第一期员工持股计划(草案)摘要公告,员工持股计划,2026-03-18,https://data.eastmoney.com/notices/detail/688507/AN202603171820602051.html
688507,索辰科技,索辰科技:国泰海通证券股份有限公司关于上海索辰信息科技股份有限公司为全资子公司提供担保的核查意见,保荐/核查意见,2026-03-18,https://data.eastmoney.com/notices/detail/688507/AN202603171820602045.html
688507,索辰科技,索辰科技:关于为全资子公司向银行申请并购贷款提供担保的公告,提供/对外担保公告,2026-03-18,https://data.eastmoney.com/notices/detail/688507/AN202603171820602042.html
002615,哈尔斯,哈尔斯:关于签订募集资金三方监管协议的公告,签订协议,2026-03-18,https://data.eastmoney.com/notices/detail/002615/AN202603171820602036.html
000692,惠天热电,惠天热电:关于召开2026年第二次临时股东会的通知,召开股东大会通知,2026-03-18,https://data.eastmoney.com/notices/detail/000692/AN202603171820602033.html
002615,哈尔斯,哈尔斯:北京市竞天公诚律师事务所关于浙江哈尔斯真空器皿股份有限公司向特定对象发行股票之发行过程和认购对象合规性的法律意见书,法律意见书,2026-03-18,https://data.eastmoney.com/notices/detail/002615/AN202603171820602035.html
002581,*ST未名,ST未名:关于放弃优先购买控股子公司少数股权的公告,收购出售资产/股权,2026-03-18,https://data.eastmoney.com/notices/detail/002581/AN202603171820602041.html
002581,*ST未名,ST未名:第六届董事会第十一次会议决议公告,董事会决议公告,2026-03-18,https://data.eastmoney.com/notices/detail/002581/AN202603171820602039.html
002615,哈尔斯,哈尔斯:关于向特定对象发行股票发行情况报告书披露的提示性公告,增发提示性公告,2026-03-18,https://data.eastmoney.com/notices/detail/002615/AN202603171820602038.html
000692,惠天热电,惠天热电:关于部分董事辞职暨选举独立董事、非独立董事的公告,高管人员任职变动,2026-03-18,https://data.eastmoney.com/notices/detail/000692/AN202603171820602037.html
002929,润建股份,润建股份:关于2026年度第二期短期融资券发行结果的公告,其他,2026-03-18,https://data.eastmoney.com/notices/detail/002929/AN202603171820602040.html
001221,悍高集团,悍高集团:悍高集团股份有限公司关于公司董事会秘书取得任职培训证明并正式履职的公告,高管人员任职变动,2026-03-18,https://data.eastmoney.com/notices/detail/001221/AN202603171820602032.html
000692,惠天热电,惠天热电:关于全胜热电项目压力容器安全性能和金属监督检验技术服务关联交易的公告,关联交易,2026-03-18,https://data.eastmoney.com/notices/detail/000692/AN202603171820602034.html
600959,江苏有线,江苏有线:江苏有线股东减持股份计划公告,股东/实际控制人股份减持,2026-03-18,https://data.eastmoney.com/notices/detail/600959/AN202603171820601977.html
603707,健友股份,健友股份:健友股份关于“健友转债”到期兑付暨摘牌的第一次提示性公告,其他,2026-03-18,https://data.eastmoney.com/notices/detail/603707/AN202603171820601978.html
300190,维尔利,维尔利:关于控股股东持股比例因公司可转债转股被动稀释触及1%整数倍的公告,其他,2026-03-18,https://data.eastmoney.com/notices/detail/300190/AN202603171820601975.html
000001,平安银行,平安银行:关于独立董事任职资格核准的公告,高管人员任职变动,2026-03-18,https://data.eastmoney.com/notices/detail/000001/AN202603171820601976.html
688757,胜科纳米,胜科纳米:首次公开发行部分限售股及部分战略配售限售股上市流通公告,限售股份上市流通,2026-03-18,https://data.eastmoney.com/notices/detail/688757/AN202603171820601950.html
688757,胜科纳米,胜科纳米:华泰联合证券有限责任公司关于胜科纳米(苏州)股份有限公司首次公开发行部分限售股及部分战略配售限售股上市流通的核查意见,保荐/核查意见,2026-03-18,https://data.eastmoney.com/notices/detail/688757/AN202603171820601945.html
603317,天味食品,天味食品:国浩律师(成都)事务所关于四川天味食品集团股份有限公司2026年第二次临时股东会之法律意见书,法律意见书,2026-03-18,https://data.eastmoney.com/notices/detail/603317/AN202603171820601906.html
603317,天味食品,天味食品:2026年第二次临时股东会决议公告,股东大会决议公告,2026-03-18,https://data.eastmoney.com/notices/detail/603317/AN202603171820601905.html
002202,金风科技,金风科技:关于回购股份注销完成工商变更登记并换发营业执照的公告,回购实施公告,2026-03-18,https://data.eastmoney.com/notices/detail/002202/AN202603171820601743.html
603058,永吉股份,永吉股份:贵州永吉印务股份有限公司控股股东减持股份计划公告,股东/实际控制人股份减持,2026-03-18,https://data.eastmoney.com/notices/detail/603058/AN202603171820601755.html
002042,华孚时尚,华孚时尚:关于首次出售2023年期已回购股份的公告,股东/实际控制人股份减持,2026-03-18,https://data.eastmoney.com/notices/detail/002042/AN202603171820601742.html
002168,ST惠程,*ST惠程:关于2025年年度报告编制及最新审计进展情况的公告,其他,2026-03-18,https://data.eastmoney.com/notices/detail/002168/AN202603171820601740.html
300633,开立医疗,开立医疗:关于回购公司股份方案的公告,回购预案,2026-03-18,https://data.eastmoney.com/notices/detail/300633/AN202603171820601746.html
000403,派林生物,派林生物:关于变更签字注册会计师的公告,公司关联方基本资料变更,2026-03-18,https://data.eastmoney.com/notices/detail/000403/AN202603171820601745.html
002360,ST同德,同德化工:关于公司及全资子公司诉讼事项的公告,诉讼仲裁,2026-03-18,https://data.eastmoney.com/notices/detail/002360/AN202603171820601741.html
002713,东易日盛,*ST东易:关于变更经营范围并修订《公司章程》的公告,公司经营范围变更,2026-03-18,https://data.eastmoney.com/notices/detail/002713/AN202603171820601739.html
002202,金风科技,金风科技:关于全资子公司金风国际为全资子公司金风巴西提供担保的公告,提供/对外担保公告,2026-03-18,https://data.eastmoney.com/notices/detail/002202/AN202603171820601696.html
600115,中国东航,中国东航:中国东方航空股份有限公司简式权益变动报告书,权益变动报告书,2026-03-18,https://data.eastmoney.com/notices/detail/600115/AN202603171820601662.html
600089,特变电工,特变电工:特变电工股份有限公司2026年第二次临时股东会会议资料,股东大会资料,2026-03-18,https://data.eastmoney.com/notices/detail/600089/AN202603171820601700.html
002713,东易日盛,*ST东易:关于公司2026年度日常关联交易预计的公告,关联交易,2026-03-18,https://data.eastmoney.com/notices/detail/002713/AN202603171820601689.html
002713,东易日盛,*ST东易:第七届董事会第二次(临时)会议决议的公告,董事会决议公告,2026-03-18,https://data.eastmoney.com/notices/detail/002713/AN202603171820601691.html
300633,开立医疗,开立医疗:第四届董事会第十四次会议决议公告,董事会决议公告,2026-03-18,https://data.eastmoney.com/notices/detail/300633/AN202603171820601693.html
300633,开立医疗,开立医疗:关于召开2026年第一次临时股东会的通知,召开股东大会通知,2026-03-18,https://data.eastmoney.com/notices/detail/300633/AN202603171820601695.html
002713,东易日盛,*ST东易:关于召开2026年第二次临时股东会的通知公告,召开股东大会通知,2026-03-18,https://data.eastmoney.com/notices/detail/002713/AN202603171820601697.html
600115,中国东航,中国东航:中国东方航空股份有限公司关于控股股东及其一致行动人权益变动触及5%刻度的提示性公告,权益变动报告书,2026-03-18,https://data.eastmoney.com/notices/detail/600115/AN202603171820601664.html
600732,爱旭股份,爱旭股份:关于2023年度向特定对象发行限售股上市流通的公告,限售股份上市流通,2026-03-18,https://data.eastmoney.com/notices/detail/600732/AN202603171820601665.html
600732,爱旭股份,爱旭股份:华泰联合证券有限责任公司关于上海爱旭新能源股份有限公司2023年度向特定对象发行限售股上市流通的核查意见,保荐/核查意见,2026-03-18,https://data.eastmoney.com/notices/detail/600732/AN202603171820601663.html
600267,海正药业,海正药业:浙江海正药业股份有限公司关于第四次股份回购实施结果暨股份变动公告,股本变动,2026-03-18,https://data.eastmoney.com/notices/detail/600267/AN202603171820601659.html
301501,恒鑫生活,恒鑫生活:华安证券股份有限公司关于合肥恒鑫生活科技股份有限公司变更部分募投项目及使用超募资金投资建设新项目的核查意见,保荐/核查意见,2026-03-18,https://data.eastmoney.com/notices/detail/301501/AN202603171820601648.html
000002,万科A,万科A:关于董事会会议召开日期的公告,其他,2026-03-18,https://data.eastmoney.com/notices/detail/000002/AN202603171820601645.html
600599,退市熊猫,*ST熊猫:万载县银河湾投资有限公司关于公司股票交易异常波动问询函的回复,回复问询函公告,2026-03-18,https://data.eastmoney.com/notices/detail/600599/AN202603171820601572.html
600599,退市熊猫,*ST熊猫:*ST熊猫股票交易异常波动公告,股票交易异常波动,2026-03-18,https://data.eastmoney.com/notices/detail/600599/AN202603171820601573.html
301501,恒鑫生活,恒鑫生活:华安证券股份有限公司关于合肥恒鑫生活科技股份有限公司使用自有资金及承兑汇票等方式支付募投项目所需资金并以募集资金等额置换的核查意见,保荐/核查意见,2026-03-18,https://data.eastmoney.com/notices/detail/301501/AN202603171820601564.html
301501,恒鑫生活,恒鑫生活:第二届董事会第十次会议决议公告,董事会决议公告,2026-03-18,https://data.eastmoney.com/notices/detail/301501/AN202603171820601562.html
301501,恒鑫生活,恒鑫生活:关于召开2026年第一次临时股东会的通知,召开股东大会通知,2026-03-18,https://data.eastmoney.com/notices/detail/301501/AN202603171820601560.html
301501,恒鑫生活,恒鑫生活:关于使用自有资金及承兑汇票等方式支付募投项目所需资金并以募集资金等额置换的公告,募集资金使用情况报告,2026-03-18,https://data.eastmoney.com/notices/detail/301501/AN202603171820601556.html
688259,创耀科技,创耀科技:关于使用剩余超募资金永久补充流动资金的公告,募集资金补充流动资金,2026-03-18,https://data.eastmoney.com/notices/detail/688259/AN202603171820601526.html
688259,创耀科技,创耀科技:关于召开2026年第二次临时股东会的通知,召开股东大会通知,2026-03-18,https://data.eastmoney.com/notices/detail/688259/AN202603171820601523.html
688259,创耀科技,创耀科技:关于对所投资基金减资暨关联交易公告,关联交易,2026-03-18,https://data.eastmoney.com/notices/detail/688259/AN202603171820601522.html
688259,创耀科技,创耀科技:关于补选董事会专门委员会委员的公告,高管人员任职变动,2026-03-18,https://data.eastmoney.com/notices/detail/688259/AN202603171820601525.html
002055,ST得润,ST得润:关于子公司增资扩股暨关联交易的进展公告,增资扩股,2026-03-18,https://data.eastmoney.com/notices/detail/002055/AN202603171820601497.html
002055,ST得润,ST得润:关于担保事项涉及诉讼进展暨公司部分资产解除查封的公告,其他担保公告,2026-03-18,https://data.eastmoney.com/notices/detail/002055/AN202603171820601499.html
000021,深科技,深科技:2026年度(第一次)临时股东会决议公告,股东大会决议公告,2026-03-18,https://data.eastmoney.com/notices/detail/000021/AN202603171820601495.html
000021,深科技,深科技:2026年度(第一次)临时股东会之法律意见书,法律意见书,2026-03-18,https://data.eastmoney.com/notices/detail/000021/AN202603171820601500.html
300520,科大国创,科大国创:关于为下属公司提供担保的进展公告,提供/对外担保公告,2026-03-18,https://data.eastmoney.com/notices/detail/300520/AN202603171820601496.html
000921,海信家电,海信家电:H股公告-认购理财产品,其他,2026-03-18,https://data.eastmoney.com/notices/detail/000921/AN202603171820601473.html
688575,亚辉龙,亚辉龙:关于收到行政处罚决定书的公告,处罚,2026-03-18,https://data.eastmoney.com/notices/detail/688575/AN202603171820601475.html
688575,亚辉龙,亚辉龙:关于董事会秘书辞任的公告,高管人员任职变动,2026-03-18,https://data.eastmoney.com/notices/detail/688575/AN202603171820601476.html
000921,海信家电,海信家电:H股公告-董事会会议通知,其他,2026-03-18,https://data.eastmoney.com/notices/detail/000921/AN202603171820601431.html
002200,交投生态,*ST交投:关于诉讼事项的进展公告(台州椒江项目),诉讼仲裁,2026-03-18,https://data.eastmoney.com/notices/detail/002200/AN202603171820601471.html
002200,交投生态,*ST交投:关于公司股票可能被终止上市的第四次风险提示公告,终止上市风险提示,2026-03-18,https://data.eastmoney.com/notices/detail/002200/AN202603171820601472.html
600212,绿能慧充,绿能慧充:绿能慧充关于为全资子公司及其下属企业提供担保的进展公告,提供/对外担保公告,2026-03-18,https://data.eastmoney.com/notices/detail/600212/AN202603171820601424.html
601718,ST际华,际华集团:际华集团第六届董事会第十七次会议决议公告,董事会决议公告,2026-03-18,https://data.eastmoney.com/notices/detail/601718/AN202603171820601423.html
603778,国晟科技,国晟科技:股票交易异常波动公告,股票交易异常波动,2026-03-18,https://data.eastmoney.com/notices/detail/603778/AN202603171820601411.html
600089,特变电工,特变电工:特变电工股份有限公司发行2026年度第一期超短期融资券的公告,其他,2026-03-18,https://data.eastmoney.com/notices/detail/600089/AN202603171820601395.html
600089,特变电工,特变电工:特变电工股份有限公司关于股东股票质押延期购回的公告,股份质押、冻结,2026-03-18,https://data.eastmoney.com/notices/detail/600089/AN202603171820601394.html
600185,珠免集团,珠免集团:关于控股股东部分股权质押解除的公告,股份质押、冻结,2026-03-18,https://data.eastmoney.com/notices/detail/600185/AN202603171820601388.html
300025,华星创业,华星创业:关于公司证券事务代表辞职的公告,高管人员任职变动,2026-03-18,https://data.eastmoney.com/notices/detail/300025/AN202603171820601382.html
000890,法尔胜,法尔胜:股票交易异常波动公告,股票交易异常波动,2026-03-18,https://data.eastmoney.com/notices/detail/000890/AN202603171820601385.html
000564,供销大集,供销大集:关于向控股子公司提供担保的进展公告,提供/对外担保公告,2026-03-18,https://data.eastmoney.com/notices/detail/000564/AN202603171820601383.html
002756,永兴材料,永兴材料:关于开展期货及衍生品套期保值业务的可行性分析报告,其他,2026-03-18,https://data.eastmoney.com/notices/detail/002756/AN202603171820601384.html
002951,金时科技,金时科技:关于公开挂牌转让子公司湖南金时科技有限公司100%股权的进展公告,股权转让,2026-03-18,https://data.eastmoney.com/notices/detail/002951/AN202603171820601378.html
001236,弘业期货,弘业期货:H股公告-董事会会议通知,其他,2026-03-18,https://data.eastmoney.com/notices/detail/001236/AN202603171820601379.html
002756,永兴材料,永兴材料:关于开展以套期保值为目的的远期结售汇业务的公告,其他,2026-03-18,https://data.eastmoney.com/notices/detail/002756/AN202603171820601380.html
000488,ST晨鸣,ST晨鸣:关于公司股价异动的公告,股票交易异常波动,2026-03-18,https://data.eastmoney.com/notices/detail/000488/AN202603171820601221.html
002824,和胜股份,和胜股份:关于股东减持计划期限届满暨实施情况的公告,股东/实际控制人股份减持,2026-03-18,https://data.eastmoney.com/notices/detail/002824/AN202603171820601305.html
002756,永兴材料,永兴材料:关于开展票据池业务的公告,其他,2026-03-18,https://data.eastmoney.com/notices/detail/002756/AN202603171820601307.html
002756,永兴材料,永兴材料:第七届董事会第二次临时会议决议公告,董事会决议公告,2026-03-18,https://data.eastmoney.com/notices/detail/002756/AN202603171820601308.html
002756,永兴材料,永兴材料:关于开展期货及衍生品套期保值业务的公告,其他,2026-03-18,https://data.eastmoney.com/notices/detail/002756/AN202603171820601306.html
601991,大唐发电,大唐发电:大唐发电2026年第一次临时股东会会议资料,股东大会资料,2026-03-18,https://data.eastmoney.com/notices/detail/601991/AN202603171820601204.html
601991,大唐发电,大唐发电:大唐发电H股公告(董事会会议通知),其他,2026-03-18,https://data.eastmoney.com/notices/detail/601991/AN202603171820601202.html
600603,广汇物流,广汇物流:广汇物流股份有限公司关于为全资子公司提供担保的公告,提供/对外担保公告,2026-03-18,https://data.eastmoney.com/notices/detail/600603/AN202603171820601299.html
601991,大唐发电,大唐发电:大唐发电关于召开2025年度业绩说明会的公告,其他,2026-03-18,https://data.eastmoney.com/notices/detail/601991/AN202603171820601198.html
002756,永兴材料,永兴材料:关于使用闲置自有资金进行现金管理的公告,投资理财,2026-03-18,https://data.eastmoney.com/notices/detail/002756/AN202603171820601218.html
002756,永兴材料,永兴材料:关于开展以套期保值为目的的远期结售汇业务的可行性分析报告,其他,2026-03-18,https://data.eastmoney.com/notices/detail/002756/AN202603171820601219.html
002317,众生药业,众生药业:关于公司股东部分股份质押的公告,股份质押、冻结,2026-03-18,https://data.eastmoney.com/notices/detail/002317/AN202603171820601220.html
600299,安迪苏,安迪苏:安迪苏关于签订募集资金专户存储四方监管协议的公告,签订协议,2026-03-18,https://data.eastmoney.com/notices/detail/600299/AN202603171820601205.html
688739,成大生物,成大生物:辽宁成大生物股份有限公司关于公司独立董事任期届满离任的公告,高管人员任职变动,2026-03-18,https://data.eastmoney.com/notices/detail/688739/AN202603171820601203.html
600252,中恒集团,中恒集团:广西梧州中恒集团股份有限公司关于政府收储控股孙公司土地事项签订补充协议的公告,签订协议,2026-03-18,https://data.eastmoney.com/notices/detail/600252/AN202603171820601201.html
002008,大族激光,大族激光:关于股东部分股份解除质押及质押的公告,股份质押、冻结,2026-03-18,https://data.eastmoney.com/notices/detail/002008/AN202603171820601143.html
601939,建设银行,建设银行:建设银行董事会会议通告,其他,2026-03-18,https://data.eastmoney.com/notices/detail/601939/AN202603171820601100.html
603825,ST华扬,ST华扬:华扬联众数字技术股份有限公司第六届董事会第二十三次(临时)会议决议的公告,高管人员任职变动,2026-03-18,https://data.eastmoney.com/notices/detail/603825/AN202603171820601130.html
603825,ST华扬,ST华扬:华扬联众数字技术股份有限公司关于董事、董事长、独立董事、法定代表人调整的公告,法定代表人变更,2026-03-18,https://data.eastmoney.com/notices/detail/603825/AN202603171820601131.html
603825,ST华扬,ST华扬:华扬联众数字技术股份有限公司关于召开2026年第二次临时股东会的通知,召开股东大会通知,2026-03-18,https://data.eastmoney.com/notices/detail/603825/AN202603171820601128.html
603825,ST华扬,ST华扬:独立董事候选人声明与承诺-曾爱青,独立董事候选人声明,2026-03-18,https://data.eastmoney.com/notices/detail/603825/AN202603171820601129.html
002864,盘龙药业,盘龙药业:第五届董事会第四次会议决议公告,董事会决议公告,2026-03-18,https://data.eastmoney.com/notices/detail/002864/AN202603171820601109.html
002864,盘龙药业,盘龙药业:关于公司申请银行授信并接受关联方提供担保的公告,提供/对外担保公告,2026-03-18,https://data.eastmoney.com/notices/detail/002864/AN202603171820601110.html
000404,长虹华意,长虹华意:关于公司副总经理增持公司股份的公告,股东/实际控制人股份增持,2026-03-18,https://data.eastmoney.com/notices/detail/000404/AN202603171820601111.html
301166,优宁维,优宁维:关于参与投资设立基金的进展公告,投资设立公司,2026-03-18,https://data.eastmoney.com/notices/detail/301166/AN202603171820601107.html
603538,美诺华,美诺华:宁波美诺华药业股份有限公司关于使用闲置募集资金进行现金管理的进展公告,募集资金使用进展情况,2026-03-18,https://data.eastmoney.com/notices/detail/603538/AN202603171820601106.html
688506,百利天恒,百利天恒:中信证券股份有限公司关于四川百利天恒药业股份有限公司向特定对象发行股票限售股上市的核查意见,保荐/核查意见,2026-03-18,https://data.eastmoney.com/notices/detail/688506/AN202603171820600941.html
688506,百利天恒,百利天恒:四川百利天恒药业股份有限公司向特定对象发行限售股上市流通公告,限售股份上市流通,2026-03-18,https://data.eastmoney.com/notices/detail/688506/AN202603171820600942.html
603466,风语筑,风语筑:上海风语筑文化科技股份有限公司关于“风语转债”付息公告,其他,2026-03-18,https://data.eastmoney.com/notices/detail/603466/AN202603171820600938.html
600320,振华重工,振华重工:振华重工关于以集中竞价交易方式回购公司部分A股股票的进展公告,回购进展情况,2026-03-18,https://data.eastmoney.com/notices/detail/600320/AN202603171820600875.html
603858,步长制药,步长制药:山东步长制药股份有限公司关于控股子公司拟转让股权的进展公告,股权转让,2026-03-18,https://data.eastmoney.com/notices/detail/603858/AN202603171820600878.html
688793,倍轻松,倍轻松:关于2024年员工持股计划锁定期届满的提示性公告,员工持股计划,2026-03-18,https://data.eastmoney.com/notices/detail/688793/AN202603171820600879.html
601238,广汽集团,广汽集团:H股公告-广汽集团董事会会议日期公告,其他,2026-03-18,https://data.eastmoney.com/notices/detail/601238/AN202603171820600851.html
603194,中力股份,中力股份:关于部分首次公开发行股票募集资金专户销户完成的公告,其他,2026-03-18,https://data.eastmoney.com/notices/detail/603194/AN202603171820600866.html
603214,爱婴室,爱婴室:关于为下属公司贷款提供担保的公告,提供/对外担保公告,2026-03-18,https://data.eastmoney.com/notices/detail/603214/AN202603171820600865.html
600892,大晟文化,*ST大晟:2026年第一次临时股东会会议资料,股东大会资料,2026-03-18,https://data.eastmoney.com/notices/detail/600892/AN202603171820600864.html
603194,中力股份,中力股份:关于新增对外投资暨累计对外投资的公告,对外项目投资,2026-03-18,https://data.eastmoney.com/notices/detail/603194/AN202603171820600867.html
000833,粤桂股份,粤桂股份:关于为全资及控股子公司提供担保的进展公告,提供/对外担保公告,2026-03-18,https://data.eastmoney.com/notices/detail/000833/AN202603171820600857.html
600262,北方股份,北方股份:内蒙古北方重型汽车股份有限公司关于召开2026年第二次临时股东会的通知,召开股东大会通知,2026-03-18,https://data.eastmoney.com/notices/detail/600262/AN202603171820600849.html
600262,北方股份,北方股份:内蒙古北方重型汽车股份有限公司超额利润分享方案(2025-2027年度),其他,2026-03-18,https://data.eastmoney.com/notices/detail/600262/AN202603171820600853.html
600262,北方股份,北方股份:内蒙古北方重型汽车股份有限公司九届七次董事会决议公告,董事会决议公告,2026-03-18,https://data.eastmoney.com/notices/detail/600262/AN202603171820600850.html
600262,北方股份,北方股份:内蒙古北方重型汽车股份有限公司2025年度超额利润分享实施细则,议事规则/实施细则,2026-03-18,https://data.eastmoney.com/notices/detail/600262/AN202603171820600852.html
603299,苏盐井神,苏盐井神:江苏苏盐井神股份有限公司关于使用闲置募集资金进行现金管理的进展公告,募集资金使用进展情况,2026-03-18,https://data.eastmoney.com/notices/detail/603299/AN202603171820600826.html
001696,宗申动力,宗申动力:对外担保进展公告,提供/对外担保公告,2026-03-18,https://data.eastmoney.com/notices/detail/001696/AN202603171820600810.html
000026,飞亚达,飞亚达:关于举办2025年度网上业绩说明会的公告,其他,2026-03-18,https://data.eastmoney.com/notices/detail/000026/AN202603171820600777.html
600621,华鑫股份,华鑫股份:华鑫股份关于全资子公司华鑫证券有限责任公司2026年面向专业投资者公开发行次级公司债券(第一期)发行结果的公告,其他,2026-03-18,https://data.eastmoney.com/notices/detail/600621/AN202603171820600802.html
601600,中国铝业,中国铝业:中国铝业2026年第一次临时股东会资料,股东大会资料,2026-03-18,https://data.eastmoney.com/notices/detail/601600/AN202603171820600772.html
601600,中国铝业,中国铝业:董事会召开日期公告,其他,2026-03-18,https://data.eastmoney.com/notices/detail/601600/AN202603171820600771.html
600367,红星发展,红星发展:红星发展股票交易异常波动公告,股票交易异常波动,2026-03-18,https://data.eastmoney.com/notices/detail/600367/AN202603171820600779.html
000498,山东路桥,山东路桥:关于可转换公司债券2026年付息的公告,其他,2026-03-18,https://data.eastmoney.com/notices/detail/000498/AN202603171820600778.html
300190,维尔利,维尔利:关于维尔转债预计触发赎回条件的提示性公告,其他,2026-03-18,https://data.eastmoney.com/notices/detail/300190/AN202603171820600776.html
601992,金隅集团,金隅集团:北京金隅集团股份有限公司关于公司副总经理离任的公告,高管人员任职变动,2026-03-18,https://data.eastmoney.com/notices/detail/601992/AN202603171820600738.html
000902,新洋丰,新洋丰:关于“洋丰转债”2026年付息的公告,其他,2026-03-18,https://data.eastmoney.com/notices/detail/000902/AN202603171820600723.html
001313,粤海饲料,粤海饲料:关于使用部分闲置自有资金进行现金管理的进展公告,投资理财,2026-03-18,https://data.eastmoney.com/notices/detail/001313/AN202603171820600724.html
600545,卓郎智能,卓郎智能:关于股票交易异常波动公告,股票交易异常波动,2026-03-18,https://data.eastmoney.com/notices/detail/600545/AN202603171820600690.html
688116,天奈科技,天奈科技:天奈科技关于“天奈转债”可选择回售的公告,其他,2026-03-18,https://data.eastmoney.com/notices/detail/688116/AN202603171820600686.html
688116,天奈科技,天奈科技:中信证券股份有限公司关于江苏天奈科技股份有限公司“天奈转债”回售有关事项的核查意见,保荐/核查意见,2026-03-18,https://data.eastmoney.com/notices/detail/688116/AN202603171820600685.html
605123,派克新材,派克新材:公证天业会计师事务所(特殊普通合伙)关于派克新材2025年度募集资金存放与使用情况的鉴证报告,保荐/核查意见,2026-03-18,https://data.eastmoney.com/notices/detail/605123/AN202603171820600651.html
605123,派克新材,派克新材:派克新材2025年度独董述职报告(孙新卫),独立董事述职报告,2026-03-18,https://data.eastmoney.com/notices/detail/605123/AN202603171820600644.html
605123,派克新材,派克新材:派克新材董事会审计委员会2025年度履职报告,其他,2026-03-18,https://data.eastmoney.com/notices/detail/605123/AN202603171820600664.html
605123,派克新材,派克新材:关于部分数据修订的公告,其他,2026-03-18,https://data.eastmoney.com/notices/detail/605123/AN202603171820600648.html
605123,派克新材,派克新材:无锡派克新材料科技股份有限公司董事会审计委员会2025年度对会计师事务所履职情况评估报告,其他,2026-03-18,https://data.eastmoney.com/notices/detail/605123/AN202603171820600641.html
605123,派克新材,派克新材:派克新材2025年度环境、社会和公司治理(ESG)报告,ESG公告,2026-03-18,https://data.eastmoney.com/notices/detail/605123/AN202603171820600643.html
605123,派克新材,派克新材:派克新材2025年度内控审计报告,审计报告,2026-03-18,https://data.eastmoney.com/notices/detail/605123/AN202603171820600652.html
605123,派克新材,派克新材:无锡派克新材料科技股份有限公司2025年度对会计师事务所履职情况评估报告,其他,2026-03-18,https://data.eastmoney.com/notices/detail/605123/AN202603171820600642.html
605123,派克新材,派克新材:关于2025年利润分配及2026年中期现金分红规划的公告,分配预案,2026-03-18,https://data.eastmoney.com/notices/detail/605123/AN202603171820600665.html
605123,派克新材,派克新材:第四届董事会第八次会议决议公告,分配预案,2026-03-18,https://data.eastmoney.com/notices/detail/605123/AN202603171820600655.html
605123,派克新材,派克新材:董事、高级管理人员薪酬管理制度,管理办法/制度,2026-03-18,https://data.eastmoney.com/notices/detail/605123/AN202603171820600647.html
605123,派克新材,派克新材:远期结售汇套期保值业务内部控制管理制度,管理办法/制度,2026-03-18,https://data.eastmoney.com/notices/detail/605123/AN202603171820600662.html
605123,派克新材,派克新材:派克新材关于召开2025年年度股东会的通知,召开股东大会通知,2026-03-18,https://data.eastmoney.com/notices/detail/605123/AN202603171820600649.html
605123,派克新材,派克新材:关于申请2026年度银行综合授信额度的公告,借贷,2026-03-18,https://data.eastmoney.com/notices/detail/605123/AN202603171820600656.html
605123,派克新材,派克新材:派克新材董事会关于独立董事独立性情况的专项意见,专项说明/独立意见,2026-03-18,https://data.eastmoney.com/notices/detail/605123/AN202603171820600660.html
605123,派克新材,派克新材:派克新材2025年度董事会工作报告,其他,2026-03-18,https://data.eastmoney.com/notices/detail/605123/AN202603171820600659.html
605123,派克新材,派克新材:派克新材2025年年度报告,年度报告全文,2026-03-18,https://data.eastmoney.com/notices/detail/605123/AN202603171820600653.html
605123,派克新材,派克新材:派克新材2025年年度报告摘要,年度报告摘要,2026-03-18,https://data.eastmoney.com/notices/detail/605123/AN202603171820600640.html
601789,宁波建工,宁波建工:宁波建工关于公司全资子公司签订非住宅房屋收购货币补偿协议进展的公告,签订协议,2026-03-18,https://data.eastmoney.com/notices/detail/601789/AN202603171820600666.html
605123,派克新材,派克新材:派克新材2025年度审计报告,审计报告,2026-03-18,https://data.eastmoney.com/notices/detail/605123/AN202603171820600645.html
605123,派克新材,派克新材:无锡派克新材料科技股份有限公司关于2025年度募集资金存放与使用情况的专项报告,募集资金使用情况报告,2026-03-18,https://data.eastmoney.com/notices/detail/605123/AN202603171820600657.html
605123,派克新材,派克新材:公证天业会计师事务所(特殊普通合伙)关于派克新材2025年度非经营性资金占用及其他关联资金往来情况专项报告,资金占用,2026-03-18,https://data.eastmoney.com/notices/detail/605123/AN202603171820600654.html
605123,派克新材,派克新材:派克新材2025年度内部控制评价报告,内部控制报告,2026-03-18,https://data.eastmoney.com/notices/detail/605123/AN202603171820600646.html
605123,派克新材,派克新材:关于续聘会计师事务所的公告,审计机构变更,2026-03-18,https://data.eastmoney.com/notices/detail/605123/AN202603171820600658.html
605123,派克新材,派克新材:派克新材2025年度环境、社会和公司治理(ESG)报告摘要,ESG公告,2026-03-18,https://data.eastmoney.com/notices/detail/605123/AN202603171820600663.html
605123,派克新材,派克新材:派克新材2025年度独董述职报告(陈易平),独立董事述职报告,2026-03-18,https://data.eastmoney.com/notices/detail/605123/AN202603171820600650.html
605123,派克新材,派克新材:中信证券股份有限公司关于派克新材2025年度募集资金存放与使用情况的专项核查意见,保荐/核查意见,2026-03-18,https://data.eastmoney.com/notices/detail/605123/AN202603171820600661.html
688019,安集科技,安集科技:关于实施“安集转债”赎回暨摘牌的第三次提示性公告,其他,2026-03-18,https://data.eastmoney.com/notices/detail/688019/AN202603171820600630.html
600135,乐凯胶片,乐凯胶片:乐凯胶片股份有限公司2026年第一次临时股东会会议资料,股东大会资料,2026-03-18,https://data.eastmoney.com/notices/detail/600135/AN202603171820600615.html
688620,安凯微,安凯微:国泰海通证券股份有限公司关于广州安凯微电子股份有限公司核心技术人员离职的核查意见-副本,保荐/核查意见,2026-03-18,https://data.eastmoney.com/notices/detail/688620/AN202603171820600614.html
688620,安凯微,安凯微:关于公司核心技术人员离职的公告,高管人员任职变动,2026-03-18,https://data.eastmoney.com/notices/detail/688620/AN202603171820600613.html
600051,宁波联合,宁波联合:宁波联合关于全资子公司为参资公司提供担保的进展公告,其他,2026-03-18,https://data.eastmoney.com/notices/detail/600051/AN202603171820600561.html
603937,丽岛新材,丽岛新材:关于全资子公司拟新建电池铝箔扩建项目的公告,其他,2026-03-18,https://data.eastmoney.com/notices/detail/603937/AN202603171820600526.html
603789,ST星农,*ST星农:*ST星农关于收到《行政处罚事先告知书》的公告,处罚,2026-03-18,https://data.eastmoney.com/notices/detail/603789/AN202603171820600524.html
603789,ST星农,*ST星农:*ST星农关于公司股票被叠加实施其他风险警示的公告,其它风险提示公告,2026-03-18,https://data.eastmoney.com/notices/detail/603789/AN202603171820600525.html
603937,丽岛新材,丽岛新材:第五届董事会第二十次会议决议公告,董事会决议公告,2026-03-18,https://data.eastmoney.com/notices/detail/603937/AN202603171820600523.html
002176,江特电机,江特电机:第十一届董事会第三次会议决议公告,董事会决议公告,2026-03-18,https://data.eastmoney.com/notices/detail/002176/AN202603171820600506.html
603519,立霸股份,立霸股份:关于公司董事会换届选举的公告,高管人员任职变动,2026-03-18,https://data.eastmoney.com/notices/detail/603519/AN202603171820600460.html
603887,城地香江,城地香江:上海城地香江数据科技股份有限公司关于全资子公司签订重大合同进展的公告,重大合同,2026-03-18,https://data.eastmoney.com/notices/detail/603887/AN202603171820600462.html
603519,立霸股份,立霸股份:独立董事候选人声明(宁敖),独立董事候选人声明,2026-03-18,https://data.eastmoney.com/notices/detail/603519/AN202603171820600458.html
603519,立霸股份,立霸股份:独立董事提名人声明(汪晓东、宁敖、夏维剑),独立董事提名人声明,2026-03-18,https://data.eastmoney.com/notices/detail/603519/AN202603171820600455.html
603519,立霸股份,立霸股份:独立董事候选人声明(汪晓东),独立董事候选人声明,2026-03-18,https://data.eastmoney.com/notices/detail/603519/AN202603171820600459.html
603519,立霸股份,立霸股份:关于召开2026年第一次临时股东会的通知,召开股东大会通知,2026-03-18,https://data.eastmoney.com/notices/detail/603519/AN202603171820600454.html
603519,立霸股份,立霸股份:第十届董事会第十九次会议决议公告,高管人员任职变动,2026-03-18,https://data.eastmoney.com/notices/detail/603519/AN202603171820600457.html
603719,良品铺子,良品铺子:良品铺子关于控股股东收到执行通知书相关事项监管工作函的回复公告,诉讼仲裁,2026-03-18,https://data.eastmoney.com/notices/detail/603719/AN202603171820600456.html
603519,立霸股份,立霸股份:独立董事候选人声明(夏维剑),独立董事候选人声明,2026-03-18,https://data.eastmoney.com/notices/detail/603519/AN202603171820600461.html
002176,江特电机,江特电机:关于开展远期结售汇业务及可行性分析的公告,其他,2026-03-18,https://data.eastmoney.com/notices/detail/002176/AN202603171820600451.html
002176,江特电机,江特电机:关于公司及子公司2026年度担保额度预计的公告,担保年度额度预计,2026-03-18,https://data.eastmoney.com/notices/detail/002176/AN202603171820600452.html
002176,江特电机,江特电机:关于召开2026年第一次临时股东会的通知,召开股东大会通知,2026-03-18,https://data.eastmoney.com/notices/detail/002176/AN202603171820600453.html
603979,金诚信,金诚信:金诚信关于使用闲置募集资金进行现金管理到期赎回并继续进行现金管理的公告,投资理财,2026-03-18,https://data.eastmoney.com/notices/detail/603979/AN202603171820600406.html
603799,华友钴业,华友钴业:华友钴业2026年度第四期绿色科技创新债券发行结果公告,其他,2026-03-18,https://data.eastmoney.com/notices/detail/603799/AN202603171820600405.html
600843,上工申贝,上工申贝:2026-005关于现金管理的进展公告,投资理财,2026-03-18,https://data.eastmoney.com/notices/detail/600843/AN202603171820600404.html
002727,一心堂,一心堂:关于控股子公司四川本草堂药业有限公司向银行申请授信额度提供担保的进展公告,提供/对外担保公告,2026-03-18,https://data.eastmoney.com/notices/detail/002727/AN202603171820600393.html
300277,汽轮科技,海联讯:关于2021年限制性股票激励计划(承继自原杭州汽轮动力集团股份有限公司)预留授予部分第三期解除限售股份上市流通的提示性公告,限售股份上市流通,2026-03-18,https://data.eastmoney.com/notices/detail/300277/AN202603171820600394.html
002727,一心堂,一心堂:关于使用部分暂时闲置自有资金进行现金管理到期收回的公告,投资理财,2026-03-18,https://data.eastmoney.com/notices/detail/002727/AN202603171820600376.html
600416,湘电股份,湘电股份:湘潭电机股份有限公司向特定对象发行限售股上市流通公告,限售股份上市流通,2026-03-18,https://data.eastmoney.com/notices/detail/600416/AN202603171820600363.html
600416,湘电股份,湘电股份:国泰海通证券股份有限公司关于湘潭电机股份有限公司向特定对象发行股票限售股上市流通的核查意见,保荐/核查意见,2026-03-18,https://data.eastmoney.com/notices/detail/600416/AN202603171820600364.html
300243,瑞丰高材,瑞丰高材:关于控股股东、实际控制人及其一致行动人持股比例因可转债转股被动稀释触及1%整数倍的公告,其他,2026-03-18,https://data.eastmoney.com/notices/detail/300243/AN202603171820600352.html
601068,中铝国际,中铝国际:董事会召开日期,其他,2026-03-18,https://data.eastmoney.com/notices/detail/601068/AN202603171820600347.html
603272,*ST联翔,联翔股份:关于完成工商变更登记并换发营业执照的公告,公司经营范围变更,2026-03-18,https://data.eastmoney.com/notices/detail/603272/AN202603171820600337.html
601689,拓普集团,拓普集团:拓普集团关于签订募集资金专户存储三方监管协议的公告,签订协议,2026-03-18,https://data.eastmoney.com/notices/detail/601689/AN202603171820600330.html
601398,工商银行,工商银行:工商银行关于在200亿美元全球中期票据发行计划下发行多系列中期票据刊发发售通函及定价补充文件的公告,其他,2026-03-18,https://data.eastmoney.com/notices/detail/601398/AN202603171820600290.html
600735,ST新华锦,ST新华锦:新华锦关于无法在责令改正期限内完成资金占用整改暨公司股票停牌的进展公告,停牌公告,2026-03-18,https://data.eastmoney.com/notices/detail/600735/AN202603171820600291.html
600666,奥瑞德,奥瑞德:奥瑞德关于集中竞价减持已回购股份进展公告,股东/实际控制人股份减持,2026-03-18,https://data.eastmoney.com/notices/detail/600666/AN202603171820600266.html
001311,多利科技,多利科技:2026年第一次临时股东会决议公告,股东大会决议公告,2026-03-18,https://data.eastmoney.com/notices/detail/001311/AN202603171820600253.html
600036,招商银行,招商银行:[H股公告]招商银行股份有限公司董事会会议召开日期,其他,2026-03-18,https://data.eastmoney.com/notices/detail/600036/AN202603171820600188.html
000920,沃顿科技,沃顿科技:关于获得高新技术企业证书的公告,获得认证,2026-03-18,https://data.eastmoney.com/notices/detail/000920/AN202603171820600223.html
000632,ST三木,三木集团:关于召开2026年第三次临时股东会的通知,召开股东大会通知,2026-03-18,https://data.eastmoney.com/notices/detail/000632/AN202603171820600221.html
300129,泰胜风能,泰胜风能:关于变更注册资本并换发营业执照的公告,公司注册资本变更,2026-03-18,https://data.eastmoney.com/notices/detail/300129/AN202603171820600222.html
600177,雅戈尔,雅戈尔:雅戈尔时尚股份有限公司董事会薪酬与提名委员会关于公司2026年限制性股票激励计划激励对象名单的核查意见及公示情况说明,专项说明/独立意见,2026-03-18,https://data.eastmoney.com/notices/detail/600177/AN202603171820600210.html
688388,嘉元科技,嘉元科技:广东嘉元科技股份有限公司关于实施“嘉元转债”赎回暨摘牌的第七次提示性公告,其他,2026-03-18,https://data.eastmoney.com/notices/detail/688388/AN202603171820600199.html
001311,多利科技,多利科技:上海市通力律师事务所关于滁州多利汽车科技股份有限公司2026年第一次临时股东会的法律意见书,法律意见书,2026-03-18,https://data.eastmoney.com/notices/detail/001311/AN202603171820600194.html
000632,ST三木,三木集团:第十一届董事会第十一次会议决议公告,董事会决议公告,2026-03-18,https://data.eastmoney.com/notices/detail/000632/AN202603171820600195.html
600771,广誉远,广誉远:广誉远中药股份有限公司关于选举第九届董事会职工代表董事的公告,高管人员任职变动,2026-03-18,https://data.eastmoney.com/notices/detail/600771/AN202603171820600180.html
000632,ST三木,三木集团:关于为子公司提供担保的公告,提供/对外担保公告,2026-03-18,https://data.eastmoney.com/notices/detail/000632/AN202603171820600126.html
002669,康达新材,康达新材:关于通过高新技术企业重新认定的公告,获得认证,2026-03-18,https://data.eastmoney.com/notices/detail/002669/AN202603171820600124.html
300730,科创信息,科创信息:关于收到《行政处罚决定书》的公告,处罚,2026-03-18,https://data.eastmoney.com/notices/detail/300730/AN202603171820600123.html
000632,ST三木,三木集团:关于为福州华信实业有限公司提供担保的公告,提供/对外担保公告,2026-03-18,https://data.eastmoney.com/notices/detail/000632/AN202603171820600125.html
603377,ST东时,ST东时:关于“东时转债”即将到期暨交易风险的第九次提示性公告,其他,2026-03-18,https://data.eastmoney.com/notices/detail/603377/AN202603171820600118.html
600984,建设机械,建设机械:北京嘉源律所关于建设机械2026年第二次临时股东会的法律意见书,法律意见书,2026-03-18,https://data.eastmoney.com/notices/detail/600984/AN202603171820600041.html
600984,建设机械,建设机械:建设机械2026年第二次临时股东会决议公告,股东大会决议公告,2026-03-18,https://data.eastmoney.com/notices/detail/600984/AN202603171820600042.html
688135,利扬芯片,利扬芯片:关于实施“利扬转债”赎回暨摘牌的第一次提示性公告,其他,2026-03-18,https://data.eastmoney.com/notices/detail/688135/AN202603171820600014.html
601375,中原证券,中原证券:董事会召开日期,其他,2026-03-18,https://data.eastmoney.com/notices/detail/601375/AN202603171820600011.html
603222,济民健康,济民健康:济民健康管理股份有限公司《董事、高级管理人员薪酬管理制度》(202603修订),管理办法/制度,2026-03-18,https://data.eastmoney.com/notices/detail/603222/AN202603171820599998.html
603222,济民健康,济民健康:济民健康管理股份有限公司未来三年(2026年-2028年)股东回报规划,其他,2026-03-18,https://data.eastmoney.com/notices/detail/603222/AN202603171820599999.html
603222,济民健康,济民健康:鄂州二医院有限公司资产评估报告,其他,2026-03-18,https://data.eastmoney.com/notices/detail/603222/AN202603171820600000.html
603222,济民健康,济民健康:济民健康管理股份有限公司关于子公司增资扩股引入战略投资者暨关联交易的公告,增资扩股,2026-03-18,https://data.eastmoney.com/notices/detail/603222/AN202603171820599996.html
603222,济民健康,济民健康:济民健康管理股份有限公司关于召开2026年第一次临时股东会的通知,召开股东大会通知,2026-03-18,https://data.eastmoney.com/notices/detail/603222/AN202603171820599997.html
600331,宏达股份,宏达股份:宏达股份2026年第二次临时股东会资料,股东大会资料,2026-03-18,https://data.eastmoney.com/notices/detail/600331/AN202603171820599716.html
000923,河钢资源,河钢资源:关于南非子公司井下采矿复产进展的公告,其他,2026-03-18,https://data.eastmoney.com/notices/detail/000923/AN202603171820599718.html
601398,工商银行,工商银行:工商银行H股公告(董事会会议召开日期),其他,2026-03-18,https://data.eastmoney.com/notices/detail/601398/AN202603171820599683.html
600876,凯盛新能,凯盛新能:凯盛新能董事会决议公告,高管人员任职变动,2026-03-18,https://data.eastmoney.com/notices/detail/600876/AN202603171820599628.html
600876,凯盛新能,凯盛新能:凯盛新能关于董事、总裁离任暨补选董事、聘任总裁的公告,高管人员任职变动,2026-03-18,https://data.eastmoney.com/notices/detail/600876/AN202603171820599629.html
000708,中信特钢,中信特钢:第十届董事会第二十五次会议决议公告,董事会决议公告,2026-03-18,https://data.eastmoney.com/notices/detail/000708/AN202603171820599656.html
000708,中信特钢,中信特钢:关于不向下修正中特转债转股价格的公告,其他,2026-03-18,https://data.eastmoney.com/notices/detail/000708/AN202603171820599655.html
000887,中鼎股份,中鼎股份:关于使用闲置募集资金进行现金管理的进展公告,募集资金使用进展情况,2026-03-18,https://data.eastmoney.com/notices/detail/000887/AN202603171820599654.html
002743,富煌钢构,富煌钢构:关于公司控股股东股份被轮候冻结的公告,股份质押、冻结,2026-03-18,https://data.eastmoney.com/notices/detail/002743/AN202603171820599653.html
001256,炜冈科技,炜冈科技:第三届董事会第五次会议决议公告,董事会决议公告,2026-03-18,https://data.eastmoney.com/notices/detail/001256/AN202603171820599649.html
601328,交通银行,交通银行:交通银行H股公告(董事会会议通告),其他,2026-03-18,https://data.eastmoney.com/notices/detail/601328/AN202603171820599543.html
002693,双成药业,*ST双成:海南双成药业股份有限公司关于公司股票可能被终止上市的第四次风险提示性公告,终止上市风险提示,2026-03-18,https://data.eastmoney.com/notices/detail/002693/AN202603171820599567.html
002171,楚江新材,楚江新材:关于控股股东部分股份质押的公告,股份质押、冻结,2026-03-18,https://data.eastmoney.com/notices/detail/002171/AN202603171820599562.html
001256,炜冈科技,炜冈科技:关于2026年度向银行申请综合授信额度暨提供担保的公告,提供/对外担保公告,2026-03-18,https://data.eastmoney.com/notices/detail/001256/AN202603171820599546.html
001256,炜冈科技,炜冈科技:关于召开2026年第一次临时股东会的通知,召开股东大会通知,2026-03-18,https://data.eastmoney.com/notices/detail/001256/AN202603171820599558.html
003041,真爱美家,真爱美家:关于大股东部分股份解除质押的公告,股份质押、冻结,2026-03-18,https://data.eastmoney.com/notices/detail/003041/AN202603171820599545.html
002199,东晶电子,*ST东晶:关于公司股票可能被终止上市的第四次风险提示公告,终止上市风险提示,2026-03-18,https://data.eastmoney.com/notices/detail/002199/AN202603171820599553.html
002601,龙佰集团,龙佰集团:关于子公司增资扩股进展暨完成工商变更登记的公告,公司关联方基本资料变更,2026-03-18,https://data.eastmoney.com/notices/detail/002601/AN202603171820599557.html
603992,松霖科技,松霖科技:关于实施“松霖转债”赎回暨摘牌第七次提示公告,其他,2026-03-18,https://data.eastmoney.com/notices/detail/603992/AN202603171820599492.html
603557,*ST起步,ST起步:股票交易异常波动公告,股票交易异常波动,2026-03-18,https://data.eastmoney.com/notices/detail/603557/AN202603171820599481.html
603261,立航科技,*ST立航:成都立航科技股份有限公司关于股票可能被终止上市的第四次风险提示公告,终止上市风险提示,2026-03-18,https://data.eastmoney.com/notices/detail/603261/AN202603171820599482.html
603168,莎普爱思,莎普爱思:莎普爱思关于购买上海勤礼实业有限公司100%股权暨关联交易的公告,收购出售资产/股权,2026-03-18,https://data.eastmoney.com/notices/detail/603168/AN202603171820599467.html
603168,莎普爱思,莎普爱思:莎普爱思第六届董事会第十二次会议决议公告,董事会决议公告,2026-03-18,https://data.eastmoney.com/notices/detail/603168/AN202603171820599466.html
600219,南山铝业,南山铝业:山东南山铝业股份有限公司关于持股5%以上股东权益变动触及1%刻度的提示性公告,权益变动报告书,2026-03-18,https://data.eastmoney.com/notices/detail/600219/AN202603171820599473.html
600998,九州通,九州通:九州通关于为子公司提供担保的进展公告,提供/对外担保公告,2026-03-18,https://data.eastmoney.com/notices/detail/600998/AN202603171820599472.html
601186,中国铁建,中国铁建:中国铁建H股公告(董事会会议通知),其他,2026-03-18,https://data.eastmoney.com/notices/detail/601186/AN202603171820599441.html
603558,健盛集团,健盛集团:健盛集团关于股票交易异常波动公告,股票交易异常波动,2026-03-18,https://data.eastmoney.com/notices/detail/603558/AN202603171820599456.html
603168,莎普爱思,莎普爱思:上海勤礼2024-2025年度审计报告,审计报告,2026-03-18,https://data.eastmoney.com/notices/detail/603168/AN202603171820599465.html
603168,莎普爱思,莎普爱思:莎普爱思关于为全资子公司提供担保的公告,提供/对外担保公告,2026-03-18,https://data.eastmoney.com/notices/detail/603168/AN202603171820599463.html
603168,莎普爱思,莎普爱思:上海勤礼资产评估报告,其他,2026-03-18,https://data.eastmoney.com/notices/detail/603168/AN202603171820599464.html
301333,诺思格,诺思格:关于部分募投项目延期及内部投资结构调整的公告,变更募集资金投资项目,2026-03-18,https://data.eastmoney.com/notices/detail/301333/AN202603171820599411.html
002375,亚厦股份,亚厦股份:关于控股股东部分股份解除质押及再质押的公告,股份质押、冻结,2026-03-18,https://data.eastmoney.com/notices/detail/002375/AN202603171820599415.html
301333,诺思格,诺思格:第五届董事会第十八次会议决议公告,董事会决议公告,2026-03-18,https://data.eastmoney.com/notices/detail/301333/AN202603171820599406.html
300017,网宿科技,网宿科技:关于开展以套期保值为目的的金融衍生品交易业务的可行性分析报告,其他,2026-03-18,https://data.eastmoney.com/notices/detail/300017/AN202603171820599404.html
002323,*ST雅博,雅博股份:关于股票交易异常波动的公告,股票交易异常波动,2026-03-18,https://data.eastmoney.com/notices/detail/002323/AN202603171820599408.html
002833,弘亚数控,弘亚数控:关于2025年股票期权激励计划首次授予登记完成的公告,股权激励进展公告,2026-03-18,https://data.eastmoney.com/notices/detail/002833/AN202603171820599414.html
000533,顺钠股份,顺钠股份:股票交易异常波动公告,股票交易异常波动,2026-03-18,https://data.eastmoney.com/notices/detail/000533/AN202603171820599417.html
002470,金正大,金正大:股票交易异常波动的公告,股票交易异常波动,2026-03-18,https://data.eastmoney.com/notices/detail/002470/AN202603171820599407.html
002437,誉衡药业,誉衡药业:公司章程(2026年3月),公司章程,2026-03-18,https://data.eastmoney.com/notices/detail/002437/AN202603171820599409.html
002036,联创电子,联创电子:关于联创转债到期兑付结果及股本变动的公告,其他,2026-03-18,https://data.eastmoney.com/notices/detail/002036/AN202603171820599412.html
002915,中欣氟材,中欣氟材:关于变更注册资本、修订《公司章程》暨完成工商变更登记的公告,公司注册资本变更,2026-03-18,https://data.eastmoney.com/notices/detail/002915/AN202603171820599403.html
002302,西部建设,西部建设:关于公司董事、总经理离任的公告,高管人员任职变动,2026-03-18,https://data.eastmoney.com/notices/detail/002302/AN202603171820599410.html
002534,西子洁能,西子洁能:关于选举职工代表董事的公告,高管人员任职变动,2026-03-18,https://data.eastmoney.com/notices/detail/002534/AN202603171820599405.html
300017,网宿科技,网宿科技:关于调整使用闲置自有资金购买理财产品的额度并延长投资期限的公告,投资理财,2026-03-18,https://data.eastmoney.com/notices/detail/300017/AN202603171820599416.html
002437,誉衡药业,誉衡药业:董事、高级管理人员离任管理制度(2026年3月),管理办法/制度,2026-03-18,https://data.eastmoney.com/notices/detail/002437/AN202603171820599413.html
300017,网宿科技,网宿科技:关于继续开展以套期保值为目的的金融衍生品交易业务的公告,其他,2026-03-18,https://data.eastmoney.com/notices/detail/300017/AN202603171820599418.html
688511,天微电子,*ST天微:关于收到四川证监局行政监管措施决定书的公告,其他,2026-03-18,https://data.eastmoney.com/notices/detail/688511/AN202603171820599306.html
002741,光华科技,光华科技:关于闲置募集资金购买现金管理产品到期收回并再次进行现金管理的进展公告,募集资金使用进展情况,2026-03-18,https://data.eastmoney.com/notices/detail/002741/AN202603171820599256.html
002387,维信诺,维信诺:关于为控股孙公司提供担保的进展公告,提供/对外担保公告,2026-03-18,https://data.eastmoney.com/notices/detail/002387/AN202603171820599258.html
002437,誉衡药业,誉衡药业:关于召开2026年第二次临时股东会的通知,召开股东大会通知,2026-03-18,https://data.eastmoney.com/notices/detail/002437/AN202603171820599267.html
002965,祥鑫科技,祥鑫科技:关于归还暂时补充流动资金的闲置募集资金的公告,归还募集资金,2026-03-18,https://data.eastmoney.com/notices/detail/002965/AN202603171820599257.html
301333,诺思格,诺思格:董事、高级管理人员离职管理制度(2026年3月),管理办法/制度,2026-03-18,https://data.eastmoney.com/notices/detail/301333/AN202603171820599266.html
300017,网宿科技,网宿科技:第六届董事会第三十二次会议决议公告,董事会决议公告,2026-03-18,https://data.eastmoney.com/notices/detail/300017/AN202603171820599253.html
000788,北大医药,北大医药:关于获得《化学原料药上市申请批准通知书》的公告,其他,2026-03-18,https://data.eastmoney.com/notices/detail/000788/AN202603171820599275.html
300017,网宿科技,网宿科技:关于为全资子公司提供担保的公告,提供/对外担保公告,2026-03-18,https://data.eastmoney.com/notices/detail/300017/AN202603171820599265.html
301333,诺思格,诺思格:中国国际金融股份有限公司关于诺思格(北京)医药科技股份有限公司部分募投项目延期及内部投资结构调整的核查意见,保荐/核查意见,2026-03-18,https://data.eastmoney.com/notices/detail/301333/AN202603171820599261.html
002694,*ST顾地,顾地科技:关于公司涉及诉讼事项的进展公告,诉讼仲裁,2026-03-18,https://data.eastmoney.com/notices/detail/002694/AN202603171820599277.html
002174,游族网络,游族网络:关于为子公司提供担保的公告,提供/对外担保公告,2026-03-18,https://data.eastmoney.com/notices/detail/002174/AN202603171820599268.html
300017,网宿科技,网宿科技:关于全资子公司参与设立投资基金的进展公告,投资设立公司,2026-03-18,https://data.eastmoney.com/notices/detail/300017/AN202603171820599279.html
300017,网宿科技,网宿科技:关于召开2026年第一次临时股东会的通知,召开股东大会通知,2026-03-18,https://data.eastmoney.com/notices/detail/300017/AN202603171820599259.html
002999,天禾股份,天禾股份:第五届董事会第六十三次会议决议公告,董事会决议公告,2026-03-18,https://data.eastmoney.com/notices/detail/002999/AN202603171820599255.html
300622,博士眼镜,博士眼镜:博士眼镜连锁股份有限公司向不特定对象发行可转换公司债券发行提示性公告,其他,2026-03-18,https://data.eastmoney.com/notices/detail/300622/AN202603171820599254.html
002387,维信诺,维信诺:关于为控股子公司提供担保的进展公告,提供/对外担保公告,2026-03-18,https://data.eastmoney.com/notices/detail/002387/AN202603171820599252.html
300626,华瑞股份,华瑞股份:关于业绩承诺补偿事项进展及收到仲裁结果的公告,诉讼仲裁,2026-03-18,https://data.eastmoney.com/notices/detail/300626/AN202603171820599274.html
000972,中基健康,*ST中基:关于公司股票可能被终止上市的第四次风险提示公告,终止上市风险提示,2026-03-18,https://data.eastmoney.com/notices/detail/000972/AN202603171820599282.html
002999,天禾股份,天禾股份:关于召开2026年第一次临时股东会的通知,召开股东大会通知,2026-03-18,https://data.eastmoney.com/notices/detail/002999/AN202603171820599263.html
002999,天禾股份,天禾股份:关于确认公司2025年度日常关联交易和预计2026年度日常关联交易额度的公告,关联交易,2026-03-18,https://data.eastmoney.com/notices/detail/002999/AN202603171820599264.html
002437,誉衡药业,誉衡药业:第七届董事会第八次会议决议公告,董事会决议公告,2026-03-18,https://data.eastmoney.com/notices/detail/002437/AN202603171820599269.html
002437,誉衡药业,誉衡药业:董事、高级管理人员薪酬管理制度(2026年3月),管理办法/制度,2026-03-18,https://data.eastmoney.com/notices/detail/002437/AN202603171820599260.html
000560,我爱我家,我爱我家:关于为全资子公司提供担保的进展公告,提供/对外担保公告,2026-03-18,https://data.eastmoney.com/notices/detail/000560/AN202603171820599283.html
003004,声迅股份,*ST声迅:关于公司股票及可转换公司债券可能被终止上市的风险提示公告(第四次),终止上市风险提示,2026-03-18,https://data.eastmoney.com/notices/detail/003004/AN202603171820599270.html
000681,视觉中国,视觉中国:关于全资子公司与专业投资机构共同投资的进展公告,其他,2026-03-18,https://data.eastmoney.com/notices/detail/000681/AN202603171820599250.html
601808,中海油服,中海油服:中海油服全资子公司发行境外人民币债券完成的公告,其他,2026-03-18,https://data.eastmoney.com/notices/detail/601808/AN202603171820599211.html
600783,鲁信创投,鲁信创投:鲁信创投2026年第一次临时股东会会议资料,股东大会资料,2026-03-18,https://data.eastmoney.com/notices/detail/600783/AN202603171820599236.html
600062,华润双鹤,华润双鹤:华润双鹤关于控股子公司湖南省湘中制药有限公司丙戊酸钠口服溶液获得药品注册证书的公告,其他,2026-03-18,https://data.eastmoney.com/notices/detail/600062/AN202603171820599210.html
002387,维信诺,维信诺:关于控股子公司为上市公司提供担保的进展公告,提供/对外担保公告,2026-03-18,https://data.eastmoney.com/notices/detail/002387/AN202603171820599182.html
002590,万安科技,万安科技:关于使用自有资金购买理财产品到期全部赎回的公告,投资理财,2026-03-18,https://data.eastmoney.com/notices/detail/002590/AN202603171820599185.html
002816,*ST和科,*ST和科:关于公司股票可能被终止上市的第四次风险提示公告,终止上市风险提示,2026-03-18,https://data.eastmoney.com/notices/detail/002816/AN202603171820599193.html
002838,道恩股份,道恩股份:关于公司股东股份解除质押的公告,股份质押、冻结,2026-03-18,https://data.eastmoney.com/notices/detail/002838/AN202603171820599188.html
603619,中曼石油,中曼石油:中曼石油关于调整期货和衍生品套期保值业务额度的公告,其他,2026-03-18,https://data.eastmoney.com/notices/detail/603619/AN202603171820599179.html
002809,红墙股份,红墙股份:关于提前赎回红墙转债的第四次提示性公告,其他,2026-03-18,https://data.eastmoney.com/notices/detail/002809/AN202603171820599183.html
000703,恒逸石化,恒逸石化:关于提前赎回“恒逸转债”暨即将停止交易的重要提示性公告,其他,2026-03-18,https://data.eastmoney.com/notices/detail/000703/AN202603171820599184.html
002081,金螳螂,金螳螂:关于证券事务代表辞职的公告,高管人员任职变动,2026-03-18,https://data.eastmoney.com/notices/detail/002081/AN202603171820599181.html
002496,辉丰股份,*ST辉丰:关于2025年年度报告编制及审计进展情况的公告,其他,2026-03-18,https://data.eastmoney.com/notices/detail/002496/AN202603171820599192.html
603619,中曼石油,中曼石油:中曼石油第四届董事会第十七次会议决议公告,董事会决议公告,2026-03-18,https://data.eastmoney.com/notices/detail/603619/AN202603171820599178.html
603619,中曼石油,中曼石油:中曼石油关于境外子公司拟发行境外债券并由公司提供担保的公告,提供/对外担保公告,2026-03-18,https://data.eastmoney.com/notices/detail/603619/AN202603171820599177.html
002457,青龙管业,青龙管业:关于签订买卖合同的公告,重大合同,2026-03-18,https://data.eastmoney.com/notices/detail/002457/AN202603171820599189.html
300453,三鑫医疗,三鑫医疗:关于公司产品获得欧盟MDR认证的公告,获得认证,2026-03-18,https://data.eastmoney.com/notices/detail/300453/AN202603171820599158.html
001221,悍高集团,悍高集团:悍高集团股份有限公司关于证券事务代表辞职的公告,高管人员任职变动,2026-03-18,https://data.eastmoney.com/notices/detail/001221/AN202603171820599159.html
603270,金帝股份,金帝股份:山东金帝精密机械科技股份有限公司关于向不特定对象发行可转换公司债券预案(修订稿)披露的提示性公告,其他,2026-03-18,https://data.eastmoney.com/notices/detail/603270/AN202603171820598993.html
603270,金帝股份,金帝股份:山东金帝精密机械科技股份有限公司向不特定对象发行可转换公司债券方案的论证分析报告(修订稿),其他,2026-03-18,https://data.eastmoney.com/notices/detail/603270/AN202603171820598995.html
603270,金帝股份,金帝股份:山东金帝精密机械科技股份有限公司向不特定对象发行可转换公司债券预案(修订稿),其他,2026-03-18,https://data.eastmoney.com/notices/detail/603270/AN202603171820598992.html
603270,金帝股份,金帝股份:山东金帝精密机械科技股份有限公司第四届董事会第四次会议决议公告,董事会决议公告,2026-03-18,https://data.eastmoney.com/notices/detail/603270/AN202603171820598991.html
603270,金帝股份,金帝股份:山东金帝精密机械科技股份有限公司向不特定对象发行可转换公司债券募集资金使用可行性分析报告(修订稿),其他,2026-03-18,https://data.eastmoney.com/notices/detail/603270/AN202603171820598997.html
603270,金帝股份,金帝股份:山东金帝精密机械科技股份有限公司关于向不特定对象发行可转换公司债券摊薄即期回报与填补措施及相关主体承诺(修订稿)的公告,其他,2026-03-18,https://data.eastmoney.com/notices/detail/603270/AN202603171820598994.html
603270,金帝股份,金帝股份:山东金帝精密机械科技股份有限公司关于向不特定对象发行可转换公司债券预案相关文件修订情况说明的公告,其他,2026-03-18,https://data.eastmoney.com/notices/detail/603270/AN202603171820598996.html
605366,宏柏新材,宏柏新材:江西宏柏新材料股份有限公司关于实施“宏柏转债”赎回暨摘牌的第七次提示性公告,其他,2026-03-18,https://data.eastmoney.com/notices/detail/605366/AN202603171820598989.html
000016,*ST康佳A,深康佳Ａ:第十一届董事会第十次会议决议公告,董事会决议公告,2026-03-18,https://data.eastmoney.com/notices/detail/000016/AN202603171820598981.html
000016,*ST康佳A,深康佳Ａ:康佳集团股份有限公司董事会审计委员会议事规则(2026年修订),议事规则/实施细则,2026-03-18,https://data.eastmoney.com/notices/detail/000016/AN202603171820598984.html
000016,*ST康佳A,深康佳Ａ:康佳集团股份有限公司总裁工作规则(2026年修订),议事规则/实施细则,2026-03-18,https://data.eastmoney.com/notices/detail/000016/AN202603171820598982.html
000016,*ST康佳A,深康佳Ａ:康佳集团股份有限公司董事、高级管理人员所持公司股份及其变动管理制度(2026年修订),管理办法/制度,2026-03-18,https://data.eastmoney.com/notices/detail/000016/AN202603171820598985.html
600350,山东高速,山东高速:独立董事提名人声明与承诺(唐贵瑶),独立董事提名人声明,2026-03-18,https://data.eastmoney.com/notices/detail/600350/AN202603171820598958.html
600350,山东高速,山东高速:山东高速股份有限公司关于选举职工代表董事的公告,高管人员任职变动,2026-03-18,https://data.eastmoney.com/notices/detail/600350/AN202603171820598967.html
600350,山东高速,山东高速:独立董事提名人声明与承诺(潘林),独立董事提名人声明,2026-03-18,https://data.eastmoney.com/notices/detail/600350/AN202603171820598968.html
600350,山东高速,山东高速:山东高速股份有限公司章程,公司章程,2026-03-18,https://data.eastmoney.com/notices/detail/600350/AN202603171820598955.html
600350,山东高速,山东高速:山东高速股份有限公司第六届董事会第八十三次会议决议公告,高管人员任职变动,2026-03-18,https://data.eastmoney.com/notices/detail/600350/AN202603171820598969.html
600350,山东高速,山东高速:独立董事提名人声明与承诺(姜永海),独立董事提名人声明,2026-03-18,https://data.eastmoney.com/notices/detail/600350/AN202603171820598966.html
600350,山东高速,山东高速:独立董事候选人声明与承诺(唐贵瑶),独立董事候选人声明,2026-03-18,https://data.eastmoney.com/notices/detail/600350/AN202603171820598956.html
600350,山东高速,山东高速:独立董事候选人声明与承诺(潘林),独立董事候选人声明,2026-03-18,https://data.eastmoney.com/notices/detail/600350/AN202603171820598963.html
600350,山东高速,山东高速:独立董事提名人声明与承诺(胡南薇),独立董事提名人声明,2026-03-18,https://data.eastmoney.com/notices/detail/600350/AN202603171820598959.html
600350,山东高速,山东高速:山东高速股份有限公司关于修订《公司章程》的公告,公司章程修订,2026-03-18,https://data.eastmoney.com/notices/detail/600350/AN202603171820598960.html
600350,山东高速,山东高速:独立董事候选人声明与承诺(张宏超),独立董事候选人声明,2026-03-18,https://data.eastmoney.com/notices/detail/600350/AN202603171820598957.html
600350,山东高速,山东高速:独立董事候选人声明与承诺(姜永海),独立董事候选人声明,2026-03-18,https://data.eastmoney.com/notices/detail/600350/AN202603171820598961.html
600350,山东高速,山东高速:独立董事提名人声明与承诺(张宏超),独立董事提名人声明,2026-03-18,https://data.eastmoney.com/notices/detail/600350/AN202603171820598965.html
600350,山东高速,山东高速:山东高速股份有限公司关于召开2026年第一次临时股东会的通知,召开股东大会通知,2026-03-18,https://data.eastmoney.com/notices/detail/600350/AN202603171820598962.html
600350,山东高速,山东高速:独立董事候选人声明与承诺(胡南薇),独立董事候选人声明,2026-03-18,https://data.eastmoney.com/notices/detail/600350/AN202603171820598964.html
600227,赤天化,赤天化:贵州赤天化股份有限公司关于股票交易风险提示的公告,风险提示性公告,2026-03-18,https://data.eastmoney.com/notices/detail/600227/AN202603171820598911.html
000016,*ST康佳A,深康佳Ａ:康佳集团股份有限公司董事会授权管理制度,管理办法/制度,2026-03-18,https://data.eastmoney.com/notices/detail/000016/AN202603171820598942.html
000016,*ST康佳A,深康佳Ａ:康佳集团股份有限公司董事会薪酬与考核委员会议事规则(2026年修订),议事规则/实施细则,2026-03-18,https://data.eastmoney.com/notices/detail/000016/AN202603171820598936.html
000736,中交发展,*ST中地:关于2025年年度报告编制及最新审计进展情况的公告,其他,2026-03-18,https://data.eastmoney.com/notices/detail/000736/AN202603171820598943.html
000016,*ST康佳A,深康佳Ａ:康佳集团股份有限公司董事会战略与投资委员会议事规则(2026年修订),议事规则/实施细则,2026-03-18,https://data.eastmoney.com/notices/detail/000016/AN202603171820598941.html
000016,*ST康佳A,深康佳Ａ:关于对外提供股权质押的进展公告,股份质押、冻结,2026-03-18,https://data.eastmoney.com/notices/detail/000016/AN202603171820598935.html
000016,*ST康佳A,深康佳Ａ:康佳集团股份有限公司董事会提名委员会议事规则(2026年修订),议事规则/实施细则,2026-03-18,https://data.eastmoney.com/notices/detail/000016/AN202603171820598945.html
000016,*ST康佳A,深康佳Ａ:康佳集团股份有限公司董事、高级管理人员行为规范(2026年修订),议事规则/实施细则,2026-03-18,https://data.eastmoney.com/notices/detail/000016/AN202603171820598937.html
300473,德尔股份,德尔股份:关于控股股东及其一致行动人部分股份解除质押的公告,股份质押、冻结,2026-03-18,https://data.eastmoney.com/notices/detail/300473/AN202603171820598944.html
301008,宏昌科技,宏昌科技:第三届董事会第十一次会议决议的公告,董事会决议公告,2026-03-18,https://data.eastmoney.com/notices/detail/301008/AN202603171820598934.html
002557,洽洽食品,洽洽食品:洽洽食品股份有限公司关于控股股东部分股份解除质押的公告,股份质押、冻结,2026-03-18,https://data.eastmoney.com/notices/detail/002557/AN202603171820598946.html
688428,诺诚健华,诺诚健华:诺诚健华医药有限公司关于召开2025年年度业绩说明会的公告,其他,2026-03-18,https://data.eastmoney.com/notices/detail/688428/AN202603171820598871.html
600581,*ST八钢,八一钢铁:八一钢铁2026年第一次临时股东会决议公告,股东大会决议公告,2026-03-18,https://data.eastmoney.com/notices/detail/600581/AN202603171820598844.html
600581,*ST八钢,八一钢铁:北京市中伦(重庆)律师事务所关于新疆八一钢铁股份有限公司2026年第一次临时股东会法律意见书,法律意见书,2026-03-18,https://data.eastmoney.com/notices/detail/600581/AN202603171820598846.html
600080,ST金花,金花股份:金花企业(集团)股份有限公司关于公司进行融资租赁的公告,其他,2026-03-18,https://data.eastmoney.com/notices/detail/600080/AN202603171820598845.html
301008,宏昌科技,宏昌科技:关于召开2026年第一次临时股东会的通知,召开股东大会通知,2026-03-18,https://data.eastmoney.com/notices/detail/301008/AN202603171820598832.html
301008,宏昌科技,宏昌科技:国信证券股份有限公司关于浙江宏昌电器科技股份有限公司部分募集资金投资项目结项并将节余募集资金用于永久性补充流动资金的核查意见,保荐/核查意见,2026-03-18,https://data.eastmoney.com/notices/detail/301008/AN202603171820598836.html
301168,通灵股份,通灵股份:关于公司独立董事辞职的公告,高管人员任职变动,2026-03-18,https://data.eastmoney.com/notices/detail/301168/AN202603171820598838.html
002696,百洋股份,百洋股份:关于为全资子公司提供担保的进展公告,提供/对外担保公告,2026-03-18,https://data.eastmoney.com/notices/detail/002696/AN202603171820598835.html
301008,宏昌科技,宏昌科技:关于公司部分募投项目结项并将节余募集资金永久补充流动资金的公告,募集资金补充流动资金,2026-03-18,https://data.eastmoney.com/notices/detail/301008/AN202603171820598837.html
603192,汇得科技,汇得科技:汇得科技关于全资子公司补缴税款的公告,其他,2026-03-18,https://data.eastmoney.com/notices/detail/603192/AN202603171820598829.html
603636,南威软件,南威软件:关于控股股东部分股份解除质押的公告,股份质押、冻结,2026-03-18,https://data.eastmoney.com/notices/detail/603636/AN202603171820598773.html
002455,百川股份,百川股份:关于提前赎回“百川转2”的第五次提示性公告,其他,2026-03-18,https://data.eastmoney.com/notices/detail/002455/AN202603171820598767.html
002559,亚威股份,亚威股份:关于部分独立董事任期届满的公告,高管人员任职变动,2026-03-18,https://data.eastmoney.com/notices/detail/002559/AN202603171820598766.html
002762,金发拉比,*ST金比:关于2025年年度报告编制及审计进展情况的公告,其他,2026-03-18,https://data.eastmoney.com/notices/detail/002762/AN202603171820598764.html
688185,康希诺,康希诺:康希诺H股公告(董事会会议通告),其他,2026-03-18,https://data.eastmoney.com/notices/detail/688185/AN202603171820598701.html
603345,安井食品,安井食品:H股公告(董事会会议召开日期),其他,2026-03-18,https://data.eastmoney.com/notices/detail/603345/AN202603171820598699.html
600642,申能股份,申能股份:中国证券监督管理委员会关于同意申能股份有限公司向不特定对象发行可转换公司债券注册的批复,其他,2026-03-18,https://data.eastmoney.com/notices/detail/600642/AN202603171820598714.html
603596,伯特利,伯特利:伯特利关于使用部分闲置募集资金进行现金管理到期赎回的公告,投资理财,2026-03-18,https://data.eastmoney.com/notices/detail/603596/AN202603171820598715.html
600642,申能股份,申能股份:申能股份有限公司关于向不特定对象发行可转换公司债券申请获得中国证券监督管理委员会同意注册批复的公告,其他,2026-03-18,https://data.eastmoney.com/notices/detail/600642/AN202603171820598716.html
600715,文投控股,文投控股:首创证券股份有限公司关于文投控股股份有限公司详式权益变动报告书之持续督导总结报告,保荐/核查意见,2026-03-18,https://data.eastmoney.com/notices/detail/600715/AN202603171820598700.html
600853,龙建股份,龙建股份:中银国际证券股份有限公司关于龙建路桥股份有限公司募集资金账户部分资金被冻结及解除冻结的核查意见,保荐/核查意见,2026-03-18,https://data.eastmoney.com/notices/detail/600853/AN202603171820598702.html
601298,青岛港,青岛港:H股公告(董事會會議通告),其他,2026-03-18,https://data.eastmoney.com/notices/detail/601298/AN202603171820597715.html
603351,威尔药业,威尔药业:威尔药业关于持股5%以上股东股份质押的公告,股份质押、冻结,2026-03-18,https://data.eastmoney.com/notices/detail/603351/AN202603171820597708.html
605333,沪光股份,沪光股份:关于公司对外投资设立境外孙公司并建设生产基地的公告,投资设立公司,2026-03-18,https://data.eastmoney.com/notices/detail/605333/AN202603171820597661.html
605333,沪光股份,沪光股份:第三届董事会第二十一次会议决议公告,董事会决议公告,2026-03-18,https://data.eastmoney.com/notices/detail/605333/AN202603171820597660.html
688345,博力威,博力威:广东博力威科技股份有限公司关于核心技术人员离职暨新增认定核心技术人员的公告,高管人员任职变动,2026-03-18,https://data.eastmoney.com/notices/detail/688345/AN202603171820597587.html
600887,伊利股份,伊利股份:内蒙古伊利实业集团股份有限公司董事兼高级管理人员减持股份结果公告,高管人员持股变动,2026-03-18,https://data.eastmoney.com/notices/detail/600887/AN202603171820597540.html
600156,华升股份,华升股份:华升股份关于召开2025年年度业绩暨现金分红说明会的公告,其他,2026-03-18,https://data.eastmoney.com/notices/detail/600156/AN202603171820597498.html
601336,新华保险,新华保险:新华保险H股公告(董事會會議通告),其他,2026-03-18,https://data.eastmoney.com/notices/detail/601336/AN202603171820597397.html
605488,福莱新材,福莱新材:福莱新材关于完成工商变更登记并换发营业执照的公告,公司注册资本变更,2026-03-18,https://data.eastmoney.com/notices/detail/605488/AN202603171820597432.html
600025,华能水电,华能水电:2026年度第三期绿色超短期融资券(乡村振兴)发行公告,其他,2026-03-18,https://data.eastmoney.com/notices/detail/600025/AN202603171820597433.html
688701,卓锦股份,卓锦股份:浙江卓锦环保科技股份有限公司关于诉讼进展的公告,诉讼仲裁,2026-03-18,https://data.eastmoney.com/notices/detail/688701/AN202603171820597419.html
603175,超颖电子,超颖电子:股票交易异常波动公告,股票交易异常波动,2026-03-18,https://data.eastmoney.com/notices/detail/603175/AN202603171820597265.html
603378,*ST亚士,亚士创能:亚士创能关于控股股东所持公司部分股份被司法拍卖的进展公告,诉讼仲裁,2026-03-18,https://data.eastmoney.com/notices/detail/603378/AN202603171820597249.html
601678,滨化股份,滨化股份:滨化股份关于第一大股东质押股份及提前解除部分股份质押的公告,股份质押、冻结,2026-03-18,https://data.eastmoney.com/notices/detail/601678/AN202603171820597224.html
603177,德创环保,德创环保:德创环保关于公司控股股东部分股份解除质押的公告,股份质押、冻结,2026-03-18,https://data.eastmoney.com/notices/detail/603177/AN202603171820597220.html
601881,中国银河,中国银河:关于行使21银河Y2发行人赎回选择权的第三次提示性公告,其他,2026-03-18,https://data.eastmoney.com/notices/detail/601881/AN202603171820597200.html
603165,荣晟环保,荣晟环保:浙江荣晟环保纸业股份有限公司关于实施“荣23转债”赎回暨摘牌的第三次提示性公告,其他,2026-03-18,https://data.eastmoney.com/notices/detail/603165/AN202603171820597204.html
688210,统联精密,统联精密:深圳市泛海统联精密制造股份有限公司向不特定对象发行可转换公司债券上市公告书,其他,2026-03-18,https://data.eastmoney.com/notices/detail/688210/AN202603171820597172.html
603150,万朗磁塑,万朗磁塑:万朗磁塑关于为控股子公司提供担保的公告,提供/对外担保公告,2026-03-18,https://data.eastmoney.com/notices/detail/603150/AN202603171820597171.html
688246,嘉和美康,嘉和美康:2026年第一次临时股东会会议资料,股东大会资料,2026-03-18,https://data.eastmoney.com/notices/detail/688246/AN202603171820597164.html
600056,中国医药,中国医药:关于子公司获得药品注册证书的公告,其他,2026-03-18,https://data.eastmoney.com/notices/detail/600056/AN202603171820597136.html
601969,海南矿业,海南矿业:海南矿业股份有限公司关于召开2025年年度业绩说明会的公告,其他,2026-03-18,https://data.eastmoney.com/notices/detail/601969/AN202603171820597135.html
603151,邦基科技,邦基科技:山东邦基科技股份有限公司关于变更持续督导保荐代表人的公告,保荐代表人（机构）变更,2026-03-18,https://data.eastmoney.com/notices/detail/603151/AN202603171820597134.html
600760,中航沈飞,中航沈飞:中航证券有限公司关于中航沈飞股份有限公司2025年度持续督导现场检查报告,保荐/核查意见,2026-03-18,https://data.eastmoney.com/notices/detail/600760/AN202603171820597111.html
601628,中国人寿,中国人寿:中国人寿关于召开2025年年度业绩发布会的公告,其他,2026-03-18,https://data.eastmoney.com/notices/detail/601628/AN202603171820597055.html
601137,博威合金,博威合金:博威合金关于控股股东首次增持公司股份暨增持计划实施进展的公告,股东/实际控制人股份增持,2026-03-18,https://data.eastmoney.com/notices/detail/601137/AN202603171820597035.html
688590,新致软件,新致软件:关于实施“新致转债”赎回暨摘牌的第五次提示性公告,其他,2026-03-18,https://data.eastmoney.com/notices/detail/688590/AN202603171820597020.html
688010,福光股份,福光股份:关于控股股东权益变动触及1%刻度的提示性公告,权益变动报告书,2026-03-18,https://data.eastmoney.com/notices/detail/688010/AN202603171820597007.html
601728,中国电信,中国电信:中国电信股份有限公司关于召开2025年度业绩说明会的公告,其他,2026-03-18,https://data.eastmoney.com/notices/detail/601728/AN202603171820597004.html
600313,农发种业,农发种业:中农发种业集团股份有限公司关于控股子公司日常关联交易公告,关联交易,2026-03-18,https://data.eastmoney.com/notices/detail/600313/AN202603171820596986.html
600313,农发种业,农发种业:中农发种业集团股份有限公司关于增加注册资本并修订《公司章程》的公告,公司章程修订,2026-03-18,https://data.eastmoney.com/notices/detail/600313/AN202603171820596987.html
600313,农发种业,农发种业:华泰联合证券有限责任公司关于中农发种业集团股份有限公司使用募集资金置换预先已投入募集资金投资项目及已支付发行费用的自筹资金的核查意见,保荐/核查意见,2026-03-18,https://data.eastmoney.com/notices/detail/600313/AN202603171820596982.html
600313,农发种业,农发种业:中农发种业集团股份有限公司以募集资金置换预先投入募投项目及已支付发行费用的自筹资金的鉴证报告,保荐/核查意见,2026-03-18,https://data.eastmoney.com/notices/detail/600313/AN202603171820596988.html
600313,农发种业,农发种业:中农发种业集团股份有限公司关于使用募集资金置换预先投入募投项目及已支付发行费用的自筹资金的公告,募集资金使用情况报告,2026-03-18,https://data.eastmoney.com/notices/detail/600313/AN202603171820596981.html
600313,农发种业,农发种业:中农发种业集团股份有限公司公司章程(2026年修订),公司章程修订,2026-03-18,https://data.eastmoney.com/notices/detail/600313/AN202603171820596984.html
600313,农发种业,农发种业:华泰联合证券有限责任公司关于中农发种业集团股份有限公司2026年日常关联交易预计事项的核查意见,保荐/核查意见,2026-03-18,https://data.eastmoney.com/notices/detail/600313/AN202603171820596983.html
688171,纬德信息,纬德信息:股东询价转让定价情况提示性公告,询价转让定价情况提示性公告,2026-03-18,https://data.eastmoney.com/notices/detail/688171/AN202603171820596979.html
603678,火炬电子,火炬电子:火炬电子关于全资子公司参与设立产业投资基金的进展公告,投资设立公司,2026-03-18,https://data.eastmoney.com/notices/detail/603678/AN202603171820596949.html
688181,八亿时空,八亿时空:八亿时空2026年第一次临时股东会会议资料,股东大会资料,2026-03-18,https://data.eastmoney.com/notices/detail/688181/AN202603171820596941.html
603648,畅联股份,畅联股份:上海畅联国际物流股份有限公司关于通过高新技术企业重新认定的公告,获得认证,2026-03-18,https://data.eastmoney.com/notices/detail/603648/AN202603171820596905.html
600658,电子城,电子城:电子城2026年度第一期中期票据发行情况公告,其他,2026-03-18,https://data.eastmoney.com/notices/detail/600658/AN202603171820596904.html
688533,上声电子,上声电子:苏州上声电子股份有限公司向不特定对象发行可转换公司债券发行提示性公告,其他,2026-03-18,https://data.eastmoney.com/notices/detail/688533/AN202603171820596875.html
600361,创新新材,创新新材:2026年第一次临时股东会资料,股东大会资料,2026-03-18,https://data.eastmoney.com/notices/detail/600361/AN202603171820596879.html
600361,创新新材,创新新材:关于减少注册资本并修订公司章程的公告,公司注册资本变更,2026-03-18,https://data.eastmoney.com/notices/detail/600361/AN202603171820596878.html
600361,创新新材,创新新材:第九届董事会第二次会议决议公告,董事会决议公告,2026-03-18,https://data.eastmoney.com/notices/detail/600361/AN202603171820596873.html
600361,创新新材,创新新材:关于购买董事、高级管理人员责任险的公告,其他,2026-03-18,https://data.eastmoney.com/notices/detail/600361/AN202603171820596880.html
600361,创新新材,创新新材:关于召开2026年第一次临时股东会的通知,召开股东大会通知,2026-03-18,https://data.eastmoney.com/notices/detail/600361/AN202603171820596874.html
600361,创新新材,创新新材:创新新材料科技股份有限公司章程(2026年3月修订),公司章程修订,2026-03-18,https://data.eastmoney.com/notices/detail/600361/AN202603171820596877.html
600361,创新新材,创新新材:关于向关联方提供关联担保的公告,提供/对外担保公告,2026-03-18,https://data.eastmoney.com/notices/detail/600361/AN202603171820596876.html
600361,创新新材,创新新材:关于公司增加2026年度日常经营性关联交易预计的公告,关联交易,2026-03-18,https://data.eastmoney.com/notices/detail/600361/AN202603171820596881.html
600352,浙江龙盛,浙江龙盛:浙江龙盛关于为全资子公司提供担保的公告,提供/对外担保公告,2026-03-18,https://data.eastmoney.com/notices/detail/600352/AN202603171820596818.html
688350,富淼科技,富淼科技:江苏富淼科技股份有限公司关于完成工商备案登记的公告,公司注册资本变更,2026-03-18,https://data.eastmoney.com/notices/detail/688350/AN202603171820596784.html
601998,中信银行,中信银行:中信银行股份有限公司2026年第一次临时股东会会议资料,股东大会资料,2026-03-18,https://data.eastmoney.com/notices/detail/601998/AN202603171820596767.html
601998,中信银行,中信银行:中信银行股份有限公司关于召开2026年第一次临时股东会的通知,召开股东大会通知,2026-03-18,https://data.eastmoney.com/notices/detail/601998/AN202603171820596766.html
603678,火炬电子,火炬电子:火炬电子2026年第一次临时股东会会议资料,股东大会资料,2026-03-18,https://data.eastmoney.com/notices/detail/603678/AN202603171820596768.html
688069,德林海,德林海:德林海关于子公司诉讼结果执行暨2025年度业绩预告、业绩快报的更正公告,诉讼仲裁,2026-03-18,https://data.eastmoney.com/notices/detail/688069/AN202603171820596757.html
603901,永创智能,永创智能:关于“永02转债”预计满足赎回条件的提示性公告,其他,2026-03-18,https://data.eastmoney.com/notices/detail/603901/AN202603171820596697.html
603833,欧派家居,欧派家居:欧派家居第五届董事会第五次会议决议公告,董事会决议公告,2026-03-18,https://data.eastmoney.com/notices/detail/603833/AN202603171820596681.html
603809,豪能股份,豪能股份:关于全资子公司投资建设汽车差速器总成生产基地建设项目二期工程的公告,其他,2026-03-18,https://data.eastmoney.com/notices/detail/603809/AN202603171820596668.html
603809,豪能股份,豪能股份:第六届董事会第二十一次会议决议公告,高管人员任职变动,2026-03-18,https://data.eastmoney.com/notices/detail/603809/AN202603171820596667.html
605116,奥锐特,奥锐特:奥锐特药业股份有限公司关于持股5%以上股东权益变动触及1%刻度的提示性公告,权益变动报告书,2026-03-18,https://data.eastmoney.com/notices/detail/605116/AN202603171820596642.html
600975,新五丰,新五丰:湖南新五丰股份有限公司关于子公司银行募集资金账户部分资金解除冻结的公告,其他,2026-03-18,https://data.eastmoney.com/notices/detail/600975/AN202603171820596633.html
600642,申能股份,申能股份:申能股份有限公司关于完成2026年面向专业投资者公开发行可续期公司债券(第一期)的公告,其他,2026-03-18,https://data.eastmoney.com/notices/detail/600642/AN202603171820596607.html
600834,申通地铁,申通地铁:申通地铁关于全资子公司获得高新技术企业认定的公告,其他,2026-03-18,https://data.eastmoney.com/notices/detail/600834/AN202603171820596582.html
600328,中盐化工,中盐化工:中盐化工关于开展期货套期保值业务的公告,其他,2026-03-18,https://data.eastmoney.com/notices/detail/600328/AN202603171820596505.html
603536,惠发食品,惠发食品:惠发食品股东减持股份结果公告,股东/实际控制人股份减持,2026-03-18,https://data.eastmoney.com/notices/detail/603536/AN202603171820596503.html
600328,中盐化工,中盐化工:中盐化工第九届董事会第十一次会议决议公告,董事会决议公告,2026-03-18,https://data.eastmoney.com/notices/detail/600328/AN202603171820596507.html
600328,中盐化工,中盐化工:中盐化工期货套期保值业务管理办法,管理办法/制度,2026-03-18,https://data.eastmoney.com/notices/detail/600328/AN202603171820596506.html
600328,中盐化工,中盐化工:中盐化工关于开展期货套期保值业务的可行性分析报告,其他,2026-03-18,https://data.eastmoney.com/notices/detail/600328/AN202603171820596504.html
600613,神奇制药,神奇制药:上海神奇制药投资管理股份有限公司关于控股股东的一致行动人权益变动触及1%刻度的提示性公告,权益变动报告书,2026-03-18,https://data.eastmoney.com/notices/detail/600613/AN202603171820596439.html
688409,富创精密,富创精密:股东询价转让定价情况提示性公告,询价转让定价情况提示性公告,2026-03-18,https://data.eastmoney.com/notices/detail/688409/AN202603171820596443.html
688601,力芯微,力芯微:董事会薪酬与考核委员会关于公司2026年限制性股票激励计划激励对象名单的公示情况说明及核查意见,专项说明/独立意见,2026-03-18,https://data.eastmoney.com/notices/detail/688601/AN202603171820596449.html
603876,鼎胜新材,鼎胜新材:江苏鼎胜新能源材料股份有限公司关于回购股份事项前十大股东和前十大无限售条件股东持股情况的公告,回购进展情况,2026-03-18,https://data.eastmoney.com/notices/detail/603876/AN202603171820596438.html
603876,鼎胜新材,鼎胜新材:上海市广发律师事务所关于江苏鼎胜新能源材料股份有限公司2026年员工持股计划(草案)的法律意见,法律意见书,2026-03-18,https://data.eastmoney.com/notices/detail/603876/AN202603171820596447.html
603373,安邦护卫,安邦护卫:安邦护卫关于使用部分自有闲置资金进行现金管理的公告,投资理财,2026-03-18,https://data.eastmoney.com/notices/detail/603373/AN202603171820596444.html
603373,安邦护卫,安邦护卫:安邦护卫2026年第二次临时股东会会议资料,股东大会资料,2026-03-18,https://data.eastmoney.com/notices/detail/603373/AN202603171820596440.html
603373,安邦护卫,安邦护卫:财通证券股份有限公司关于安邦护卫集团股份有限公司使用部分闲置募集资金进行现金管理的核查意见,保荐/核查意见,2026-03-18,https://data.eastmoney.com/notices/detail/603373/AN202603171820596441.html
603373,安邦护卫,安邦护卫:安邦护卫第二届董事会第三次会议决议公告,高管人员任职变动,2026-03-18,https://data.eastmoney.com/notices/detail/603373/AN202603171820596446.html
603373,安邦护卫,安邦护卫:安邦护卫关于召开2026年第二次临时股东会的通知,召开股东大会通知,2026-03-18,https://data.eastmoney.com/notices/detail/603373/AN202603171820596442.html
603373,安邦护卫,安邦护卫:安邦护卫关于公司董事、高级管理人员离任暨补选董事、聘任高级管理人员的公告,高管人员任职变动,2026-03-18,https://data.eastmoney.com/notices/detail/603373/AN202603171820596448.html
603373,安邦护卫,安邦护卫:安邦护卫关于使用部分闲置募集资金进行现金管理的公告,投资理财,2026-03-18,https://data.eastmoney.com/notices/detail/603373/AN202603171820596445.html
601567,三星电气,三星医疗:三星医疗关于为子公司提供担保的进展公告,提供/对外担保公告,2026-03-18,https://data.eastmoney.com/notices/detail/601567/AN202603171820596434.html
603116,红蜻蜓,红蜻蜓:关于更换持续督导保荐代表人的公告,保荐代表人（机构）变更,2026-03-18,https://data.eastmoney.com/notices/detail/603116/AN202603171820596433.html
600055,万东医疗,万东医疗:万东医疗关于取得医疗器械注册证的公告,获得认证,2026-03-18,https://data.eastmoney.com/notices/detail/600055/AN202603171820596430.html
603890,春秋电子,春秋电子:关于控股股东部分股份质押、质押续期及解除质押的公告,股份质押、冻结,2026-03-18,https://data.eastmoney.com/notices/detail/603890/AN202603171820596382.html
603876,鼎胜新材,鼎胜新材:江苏鼎胜新能源材料股份有限公司关于取得金融机构股票回购专项贷款承诺函的公告,借贷,2026-03-18,https://data.eastmoney.com/notices/detail/603876/AN202603171820596390.html
603173,福斯达,福斯达:关于使用部分暂时闲置自有资金进行现金管理的公告,投资理财,2026-03-18,https://data.eastmoney.com/notices/detail/603173/AN202603171820596391.html
688311,盟升电子,盟升电子:关于实施“盟升转债”赎回暨摘牌的第六次提示性公告,其他,2026-03-18,https://data.eastmoney.com/notices/detail/688311/AN202603171820596383.html
601607,上海医药,上海医药:上海医药集团股份有限公司关于注射用头孢唑林钠通过仿制药一致性评价的公告,其他,2026-03-18,https://data.eastmoney.com/notices/detail/601607/AN202603171820596318.html
600820,隧道股份,隧道股份:上海隧道工程股份有限公司关于基础设施公募REITs申报发行工作的进展公告,其他,2026-03-18,https://data.eastmoney.com/notices/detail/600820/AN202603171820596373.html
603838,*ST四通,*ST四通:信永中和会计师事务所(特殊普通合伙)关于上海证券交易所对广东四通集团股份有限公司2025年度业绩预告有关事项的监管工作函的回复(盖章版),监管工作函回复公告,2026-03-18,https://data.eastmoney.com/notices/detail/603838/AN202603171820596319.html
601128,常熟银行,常熟银行:江苏常熟农村商业银行股份有限公司关于陆鼎昌先生董事任职资格获核准的公告,高管人员任职变动,2026-03-18,https://data.eastmoney.com/notices/detail/601128/AN202603171820596320.html
688316,青云科技,青云科技:关于聘任董事会秘书的公告,高管人员任职变动,2026-03-18,https://data.eastmoney.com/notices/detail/688316/AN202603171820596315.html
688658,悦康药业,悦康药业:关于控股股东所持公司部分股份被司法拍卖流拍的公告,诉讼仲裁,2026-03-18,https://data.eastmoney.com/notices/detail/688658/AN202603171820596314.html
688009,中国通号,中国通号:2026年第二次临时股东会会议资料,股东大会资料,2026-03-18,https://data.eastmoney.com/notices/detail/688009/AN202603171820596317.html
688247,宣泰医药,宣泰医药:自愿披露关于宣泰番茄红葡萄籽提取物片获得国产保健食品注册证书的公告,获得认证,2026-03-18,https://data.eastmoney.com/notices/detail/688247/AN202603171820596313.html
688395,正弦电气,正弦电气:关于核心技术人员调整的公告,高管人员任职变动,2026-03-18,https://data.eastmoney.com/notices/detail/688395/AN202603171820596316.html
603662,柯力传感,柯力传感:柯力传感关于为控股子公司提供担保的公告,提供/对外担保公告,2026-03-18,https://data.eastmoney.com/notices/detail/603662/AN202603171820596308.html
605399,晨光新材,晨光新材:晨光新材关于2025年度担保额度预计的进展公告,提供/对外担保公告,2026-03-18,https://data.eastmoney.com/notices/detail/605399/AN202603171820596305.html
603662,柯力传感,柯力传感:柯力传感第五届董事会第十四次会议决议公告,董事会决议公告,2026-03-18,https://data.eastmoney.com/notices/detail/603662/AN202603171820596307.html
600192,长城电工,长城电工:长城电工关于为子公司提供担保进展的公告,提供/对外担保公告,2026-03-18,https://data.eastmoney.com/notices/detail/600192/AN202603171820596306.html
603969,银龙股份,银龙股份:天津银龙集团股份有限公司关于对全资子公司提供担保的公告,提供/对外担保公告,2026-03-18,https://data.eastmoney.com/notices/detail/603969/AN202603171820596309.html
603969,银龙股份,银龙股份:天津银龙集团股份有限公司2025年度业绩快报公告,业绩快报,2026-03-18,https://data.eastmoney.com/notices/detail/603969/AN202603171820596312.html
603382,海阳科技,海阳科技:海阳科技2026年第二次临时股东会会议资料,股东大会资料,2026-03-18,https://data.eastmoney.com/notices/detail/603382/AN202603171820596311.html
605296,神农集团,神农集团:云南神农农业产业集团股份有限公司关于全资子公司股权转让进展暨完成变更登记的公告,股权转让,2026-03-18,https://data.eastmoney.com/notices/detail/605296/AN202603171820596310.html
603222,济民健康,济民健康:济民健康管理股份有限公司第六届董事会第三次会议决议公告,董事会决议公告,2026-03-18,https://data.eastmoney.com/notices/detail/603222/AN202603171820600001.html
600313,农发种业,农发种业:中农发种业集团股份有限公司第七届董事会第五十八次会议决议公告,董事会决议公告,2026-03-18,https://data.eastmoney.com/notices/detail/600313/AN202603171820596985.html
002955,鸿合科技,鸿合科技:关于2025年年度募集资金存放、管理与使用情况的专项报告,募集资金使用情况报告,2026-03-18,https://data.eastmoney.com/notices/detail/002955/AN202603171820605095.html
600671,天目药业,天目药业:杭州天目山药业股份有限公司关于公司及子公司2025年度向银行等金融机构申请综合授信提供担保事项的进展公告,提供/对外担保公告,2026-03-18,https://data.eastmoney.com/notices/detail/600671/AN202603171820599075.html
002238,天威视讯,天威视讯:广东广和律师事务所关于深圳市天威视讯股份有限公司2026年第一次临时股东大会之法律意见书,法律意见书,2026-03-18,https://data.eastmoney.com/notices/detail/002238/AN202603171820604046.html
300554,三超新材,三超新材:关于2025年度计提减值准备的公告,其他,2026-03-18,https://data.eastmoney.com/notices/detail/300554/AN202603171820603798.html
300972,万辰集团,万辰集团:关于公司2026年中期分红安排的公告,分配预案,2026-03-18,https://data.eastmoney.com/notices/detail/300972/AN202603171820603743.html
600660,福耀玻璃,福耀玻璃:福耀玻璃2025年度审计报告,审计报告,2026-03-18,https://data.eastmoney.com/notices/detail/600660/AN202603171820602565.html
301501,恒鑫生活,恒鑫生活:关于变更部分募投项目及使用超募资金投资建设新项目的公告,变更募集资金投资项目,2026-03-18,https://data.eastmoney.com/notices/detail/301501/AN202603171820601644.html
688259,创耀科技,创耀科技:国泰海通证券股份有限公司关于创耀(苏州)通信科技股份有限公司使用剩余超募资金永久补充流动资金的核查意见,保荐/核查意见,2026-03-18,https://data.eastmoney.com/notices/detail/688259/AN202603171820601524.html
601330,绿色动力,绿色动力:董事会召开日期,其他,2026-03-18,https://data.eastmoney.com/notices/detail/601330/AN202603171820599621.html
688350,富淼科技,富淼科技:江苏富淼科技股份有限公司章程,公司章程,2026-03-18,https://data.eastmoney.com/notices/detail/688350/AN202603171820596785.html
