代码,名称,公告标题,公告类型,公告日期,网址
000632,ST三木,三木集团:股票交易异常波动公告,股票交易异常波动,2025-12-15,https://data.eastmoney.com/notices/detail/000632/AN202512141800308371.html
300577,开润股份,开润股份:关于对外担保的进展公告,提供/对外担保公告,2025-12-15,https://data.eastmoney.com/notices/detail/300577/AN202512151800989148.html
000829,天音控股,天音控股:第九届董事会第四十二次决议公告,董事会决议公告,2025-12-15,https://data.eastmoney.com/notices/detail/000829/AN202512151800875375.html
301486,致尚科技,致尚科技:北京国融兴华资产评估有限责任公司对深圳证券交易所《关于深圳市致尚科技股份有限公司发行股份、现金购买资产申请的审核问询函》(审核函〔2025〕030011号)的回复(修订稿),问询函其他公告,2025-12-15,https://data.eastmoney.com/notices/detail/301486/AN202512151801114742.html
300913,兆龙互连,兆龙互连:上海市锦天城律师事务所关于浙江兆龙互连科技股份有限公司向特定对象发行股票的发行过程及认购对象合规性的法律意见书,法律意见书,2025-12-15,https://data.eastmoney.com/notices/detail/300913/AN202512151801079605.html
301632,广东建科,广东建科:招商证券股份有限公司关于广东省建筑科学研究院集团股份有限公司2025年度持续督导培训的报告,保荐/核查意见,2025-12-15,https://data.eastmoney.com/notices/detail/301632/AN202512151801076459.html
300130,新国都,新国都:关于为控股子公司综合授信额度提供担保的进展公告,提供/对外担保公告,2025-12-15,https://data.eastmoney.com/notices/detail/300130/AN202512151801076458.html
301235,华康洁净,华康洁净:国联民生证券承销保荐有限公司关于武汉华康世纪洁净科技股份有限公司不提前赎回“华医转债”的核查意见,保荐/核查意见,2025-12-15,https://data.eastmoney.com/notices/detail/301235/AN202512151801074665.html
920533,骏创科技,骏创科技:上海荣正企业咨询服务(集团)股份有限公司关于苏州骏创汽车科技股份有限公司2025年股票期权激励计划(草案)之独立财务顾问报告,保荐/核查意见,2025-12-15,https://data.eastmoney.com/notices/detail/920533/AN202512151801062927.html
301468,博盈特焊,博盈特焊:2025年12月13日投资者关系活动记录表,调研活动,2025-12-15,https://data.eastmoney.com/notices/detail/301468/AN202512151800798251.html
A25273,易事达,关于易事达光电(广东)股份有限公司首次公开发行股票并上市辅导工作完成报告,辅导工作总结报告,2025-12-15,https://data.eastmoney.com/notices/detail/A25273/AN202512181803023459.html
920174,五新智能,五新隧装:中国证监会行政许可申请恢复注册通知书,北交所核准结果公告,2025-12-15,https://data.eastmoney.com/notices/detail/920174/AN202512151801218656.html
A24004,英氏控股,北京证券交易所上市委员会2025年第46次审议会议公告,北交所上市审核会议公告,2025-12-15,https://data.eastmoney.com/notices/detail/A24004/AN202512151801176843.html
300181,佐力药业,佐力药业:2025年12月12日-2025年12月14日投资者关系活动记录表,调研活动,2025-12-15,https://data.eastmoney.com/notices/detail/300181/AN202512151801147864.html
300716,*ST泉为,ST泉为:关于筹划重大资产出售暨关联交易的进展公告,关联交易,2025-12-15,https://data.eastmoney.com/notices/detail/300716/AN202512151801140505.html
300554,三超新材,三超新材:平安证券股份有限公司关于南京三超新材料股份有限公司2025年度持续督导培训暨专门培训工作报告,保荐/核查意见,2025-12-15,https://data.eastmoney.com/notices/detail/300554/AN202512151801138041.html
301023,奕帆传动,江南奕帆:中信建投证券股份有限公司关于无锡江南奕帆电力传动科技股份有限公司股东向特定机构投资者询价转让股份的核查报告,保荐/核查意见,2025-12-15,https://data.eastmoney.com/notices/detail/301023/AN202512151801132924.html
301023,奕帆传动,江南奕帆:股东询价转让结果报告书暨控股股东、实际控制人权益变动触及1%整数倍的提示性公告,权益变动报告书,2025-12-15,https://data.eastmoney.com/notices/detail/301023/AN202512151801132942.html
301023,奕帆传动,江南奕帆:关于变更公司证券简称的公告,证券简称变更,2025-12-15,https://data.eastmoney.com/notices/detail/301023/AN202512151801132929.html
301018,申菱环境,申菱环境:简式权益变动报告书,权益变动报告书,2025-12-15,https://data.eastmoney.com/notices/detail/301018/AN202512151801127113.html
301232,飞沃科技,飞沃科技:关于公司股票交易严重异常波动的公告,股票交易异常波动,2025-12-15,https://data.eastmoney.com/notices/detail/301232/AN202512151801127098.html
301018,申菱环境,申菱环境:关于为全资子公司提供担保的公告,提供/对外担保公告,2025-12-15,https://data.eastmoney.com/notices/detail/301018/AN202512151801127111.html
301018,申菱环境,申菱环境:关于持股5%以上股东减持股份触及5%整数倍暨披露简式权益变动报告书的提示性公告,权益变动报告书,2025-12-15,https://data.eastmoney.com/notices/detail/301018/AN202512151801127116.html
301018,申菱环境,申菱环境:关于第四届董事会第十一次会议决议的公告,董事会决议公告,2025-12-15,https://data.eastmoney.com/notices/detail/301018/AN202512151801127114.html
301236,软通动力,软通动力:北京市中伦律师事务所关于软通动力信息技术(集团)股份有限公司2025年第三次临时股东大会的法律意见书,法律意见书,2025-12-15,https://data.eastmoney.com/notices/detail/301236/AN202512151801120003.html
301236,软通动力,软通动力:2025年第三次临时股东大会决议公告,股东大会决议公告,2025-12-15,https://data.eastmoney.com/notices/detail/301236/AN202512151801120005.html
301236,软通动力,软通动力:第二届董事会第二十四次会议决议公告,高管人员任职变动,2025-12-15,https://data.eastmoney.com/notices/detail/301236/AN202512151801120006.html
301236,软通动力,软通动力:关于非独立董事辞职暨选举职工代表董事及补选董事会战略委员会委员的公告,高管人员任职变动,2025-12-15,https://data.eastmoney.com/notices/detail/301236/AN202512151801120004.html
920438,戈碧迦,戈碧迦:关于重大投资的公告,对外项目投资,2025-12-15,https://data.eastmoney.com/notices/detail/920438/AN202512151801119416.html
920438,戈碧迦,戈碧迦:关于召开2025年第八次临时股东会通知公告(提供网络投票),召开股东大会通知,2025-12-15,https://data.eastmoney.com/notices/detail/920438/AN202512151801119413.html
920438,戈碧迦,戈碧迦:薪酬与考核委员会关于对拟认定核心员工的核查意见,保荐/核查意见,2025-12-15,https://data.eastmoney.com/notices/detail/920438/AN202512151801119417.html
920438,戈碧迦,戈碧迦:薪酬与考核委员会关于2025年股权激励计划预留授予激励对象名单的核查意见及公示情况说明,保荐/核查意见,2025-12-15,https://data.eastmoney.com/notices/detail/920438/AN202512151801119414.html
920438,戈碧迦,戈碧迦:第五届董事会第十五次会议决议公告,董事会决议公告,2025-12-15,https://data.eastmoney.com/notices/detail/920438/AN202512151801119415.html
300625,三雄极光,三雄极光:北京市君合(广州)律师事务所关于广东三雄极光照明股份有限公司2025年第二次临时股东大会的法律意见,法律意见书,2025-12-15,https://data.eastmoney.com/notices/detail/300625/AN202512151801115723.html
300625,三雄极光,三雄极光:2025年第二次临时股东大会决议公告,股东大会决议公告,2025-12-15,https://data.eastmoney.com/notices/detail/300625/AN202512151801115740.html
300174,元力股份,元力股份:福建武夷律师事务所关于福建元力活性炭股份有限公司2025年第三次临时股东会的法律意见书,法律意见书,2025-12-15,https://data.eastmoney.com/notices/detail/300174/AN202512151801115737.html
300174,元力股份,元力股份:2025年第三次临时股东会决议公告,股东大会决议公告,2025-12-15,https://data.eastmoney.com/notices/detail/300174/AN202512151801115769.html
301486,致尚科技,致尚科技:深圳市致尚科技股份有限公司审阅报告,保荐/核查意见,2025-12-15,https://data.eastmoney.com/notices/detail/301486/AN202512151801114741.html
300059,东方财富,东方财富:东方财富信息股份有限公司第七届董事会第一次会议决议公告,高管人员任职变动,2025-12-15,https://data.eastmoney.com/notices/detail/300059/AN202512151801114766.html
301486,致尚科技,致尚科技:第三届董事会第十四次会议决议公告,董事会决议公告,2025-12-15,https://data.eastmoney.com/notices/detail/301486/AN202512151801114747.html
301486,致尚科技,致尚科技:上会会计师事务所(特殊普通合伙)关于深圳市致尚科技股份有限公司申请发行股份、现金购买资产的审核问询函的回复(修订稿),会计师事务所问询函回复公告,2025-12-15,https://data.eastmoney.com/notices/detail/301486/AN202512151801114768.html
301486,致尚科技,致尚科技:湖南启元律师事务所关于深圳市致尚科技股份有限公司发行股份及支付现金购买资产暨关联交易之补充法律意见书(二),法律意见书,2025-12-15,https://data.eastmoney.com/notices/detail/301486/AN202512151801114774.html
301486,致尚科技,致尚科技:深圳市致尚科技股份有限公司发行股份及支付现金购买资产暨关联交易报告书(草案)(修订稿),其他增发事项公告,2025-12-15,https://data.eastmoney.com/notices/detail/301486/AN202512151801114758.html
301486,致尚科技,致尚科技:深圳市致尚科技股份有限公司关于《关于深圳市致尚科技股份有限公司申请发行股份、现金购买资产的审核问询函》的回复(修订稿),回复问询函公告,2025-12-15,https://data.eastmoney.com/notices/detail/301486/AN202512151801114779.html
300059,东方财富,东方财富:国浩律师(上海)事务所关于东方财富信息股份有限公司2025年第一次临时股东会的法律意见书,法律意见书,2025-12-15,https://data.eastmoney.com/notices/detail/300059/AN202512151801114778.html
301275,汉朔科技,汉朔科技:关于增加2025年度日常关联交易预计额度及2026年度日常关联交易预计的公告,关联交易,2025-12-15,https://data.eastmoney.com/notices/detail/301275/AN202512151801114756.html
301023,奕帆传动,江南奕帆:关于董事会完成换届选举及聘任高级管理人员、证券事务代表的公告,高管人员任职变动,2025-12-15,https://data.eastmoney.com/notices/detail/301023/AN202512151801114740.html
301486,致尚科技,致尚科技:湖南启元律师事务所关于深圳市致尚科技股份有限公司发行股份及支付现金购买资产暨关联交易之补充法律意见书(一),法律意见书,2025-12-15,https://data.eastmoney.com/notices/detail/301486/AN202512151801114757.html
301023,奕帆传动,江南奕帆:北京德恒(无锡)律师事务所关于无锡江南奕帆电力传动科技股份有限公司2025年第四次临时股东大会的法律意见,法律意见书,2025-12-15,https://data.eastmoney.com/notices/detail/301023/AN202512151801114746.html
300059,东方财富,东方财富:东方财富信息股份有限公司关于完成董事会换届选举暨聘任高级管理人员、证券事务代表的公告,高管人员任职变动,2025-12-15,https://data.eastmoney.com/notices/detail/300059/AN202512151801114739.html
301486,致尚科技,致尚科技:深圳市恒扬数据股份有限公司审计报告,其他,2025-12-15,https://data.eastmoney.com/notices/detail/301486/AN202512151801114781.html
301275,汉朔科技,汉朔科技:关于使用募集资金置换自有资金预先支付的募投项目人员费用的公告,募集资金使用情况报告,2025-12-15,https://data.eastmoney.com/notices/detail/301275/AN202512151801114773.html
300059,东方财富,东方财富:东方财富信息股份有限公司关于选举职工代表董事的公告,高管人员任职变动,2025-12-15,https://data.eastmoney.com/notices/detail/300059/AN202512151801114753.html
301486,致尚科技,致尚科技:五矿证券有限公司关于深圳市致尚科技股份有限公司发行股份及支付现金购买资产暨关联交易之独立财务顾问报告(修订稿),保荐/核查意见,2025-12-15,https://data.eastmoney.com/notices/detail/301486/AN202512151801114752.html
301275,汉朔科技,汉朔科技:第二届董事会第十四次会议决议公告,董事会决议公告,2025-12-15,https://data.eastmoney.com/notices/detail/301275/AN202512151801114765.html
301023,奕帆传动,江南奕帆:关于控股子公司2026年度日常关联交易预计的公告,其他,2025-12-15,https://data.eastmoney.com/notices/detail/301023/AN202512151801114780.html
301486,致尚科技,致尚科技:关于发行股份及支付现金购买资产暨关联交易报告书(草案)(修订稿)修订说明的公告,其他,2025-12-15,https://data.eastmoney.com/notices/detail/301486/AN202512151801114772.html
300059,东方财富,东方财富:东方财富信息股份有限公司关于调整公司组织架构的公告,其他,2025-12-15,https://data.eastmoney.com/notices/detail/300059/AN202512151801114754.html
301275,汉朔科技,汉朔科技:中国国际金融股份有限公司关于汉朔科技股份有限公司使用募集资金置换自有资金预先支付的募投项目人员费用的核查意见,保荐/核查意见,2025-12-15,https://data.eastmoney.com/notices/detail/301275/AN202512151801114764.html
300059,东方财富,东方财富:东方财富信息股份有限公司2025年第一次临时股东会决议公告,股东大会决议公告,2025-12-15,https://data.eastmoney.com/notices/detail/300059/AN202512151801114771.html
301486,致尚科技,致尚科技:五矿证券有限公司关于《关于深圳市致尚科技股份有限公司申请发行股份、现金购买资产的审核问询函的回复》之专项核查意见(修订稿),保荐/核查意见,2025-12-15,https://data.eastmoney.com/notices/detail/301486/AN202512151801114763.html
301023,奕帆传动,江南奕帆:关于选举职工董事的公告,高管人员任职变动,2025-12-15,https://data.eastmoney.com/notices/detail/301023/AN202512151801114767.html
301486,致尚科技,致尚科技:深圳市致尚科技股份有限公司发行股份及支付现金购买资产暨关联交易报告书(草案)摘要(修订稿),其他增发事项公告,2025-12-15,https://data.eastmoney.com/notices/detail/301486/AN202512151801114769.html
301486,致尚科技,致尚科技:第三届董事会第八次独立董事专门会议审查意见,专项说明/独立意见,2025-12-15,https://data.eastmoney.com/notices/detail/301486/AN202512151801114748.html
301275,汉朔科技,汉朔科技:中国国际金融股份有限公司关于汉朔科技股份有限公司增加2025年度日常关联交易预计额度及2026年度日常关联交易预计的核查意见,保荐/核查意见,2025-12-15,https://data.eastmoney.com/notices/detail/301275/AN202512151801114743.html
301486,致尚科技,致尚科技:关于发行股份及支付现金购买资产暨关联交易的审核问询函回复更新的提示性公告,回复问询函公告,2025-12-15,https://data.eastmoney.com/notices/detail/301486/AN202512151801114762.html
301023,奕帆传动,江南奕帆:2025年第四次临时股东大会决议公告,股东大会决议公告,2025-12-15,https://data.eastmoney.com/notices/detail/301023/AN202512151801114751.html
301023,奕帆传动,江南奕帆:第五届董事会第一次会议决议公告,高管人员任职变动,2025-12-15,https://data.eastmoney.com/notices/detail/301023/AN202512151801114761.html
300606,金太阳,金太阳:关于公司实际控制人股份解除质押的公告,股份质押、冻结,2025-12-15,https://data.eastmoney.com/notices/detail/300606/AN202512151801114252.html
300623,捷捷微电,捷捷微电:江苏捷捷微电子股份有限公司关于公司为子公司提供担保的进展公告,提供/对外担保公告,2025-12-15,https://data.eastmoney.com/notices/detail/300623/AN202512151801112792.html
300623,捷捷微电,捷捷微电:江苏捷捷微电子股份有限公司关于公司董事、高级管理人员、时任监事股份减持计划提前终止的公告(更正后),股东/实际控制人股份减持,2025-12-15,https://data.eastmoney.com/notices/detail/300623/AN202512151801112791.html
300623,捷捷微电,捷捷微电:江苏捷捷微电子股份有限公司关于公司董事、高级管理人员、时任监事股份减持计划提前终止公告的更正公告,股东/实际控制人股份减持,2025-12-15,https://data.eastmoney.com/notices/detail/300623/AN202512151801112794.html
300083,创世纪,创世纪:2025年第六次临时股东会的法律意见书,法律意见书,2025-12-15,https://data.eastmoney.com/notices/detail/300083/AN202512151801111751.html
300083,创世纪,创世纪:2025年第六次临时股东会决议公告,股东大会决议公告,2025-12-15,https://data.eastmoney.com/notices/detail/300083/AN202512151801111753.html
300083,创世纪,创世纪:关于董事会完成换届选举暨聘任高级管理人员及证券事务代表的公告,高管人员任职变动,2025-12-15,https://data.eastmoney.com/notices/detail/300083/AN202512151801111752.html
300083,创世纪,创世纪:第七届董事会第一次会议决议公告,高管人员任职变动,2025-12-15,https://data.eastmoney.com/notices/detail/300083/AN202512151801111754.html
300825,阿尔特,阿尔特:关于控股子公司注销完成的公告,公司关联方基本资料变更,2025-12-15,https://data.eastmoney.com/notices/detail/300825/AN202512151801108797.html
300825,阿尔特,阿尔特:北京德恒律师事务所关于阿尔特汽车技术股份有限公司2025年第二次临时股东会的法律意见,法律意见书,2025-12-15,https://data.eastmoney.com/notices/detail/300825/AN202512151801108807.html
300825,阿尔特,阿尔特:《内幕信息知情人登记及报备制度》(2025年12月),管理办法/制度,2025-12-15,https://data.eastmoney.com/notices/detail/300825/AN202512151801108809.html
300825,阿尔特,阿尔特:《信息披露管理办法》(2025年12月),管理办法/制度,2025-12-15,https://data.eastmoney.com/notices/detail/300825/AN202512151801108804.html
300825,阿尔特,阿尔特:《重大信息内部报告制度》(2025年12月),管理办法/制度,2025-12-15,https://data.eastmoney.com/notices/detail/300825/AN202512151801108810.html
300825,阿尔特,阿尔特:第五届董事会第二十四次会议决议公告,高管人员任职变动,2025-12-15,https://data.eastmoney.com/notices/detail/300825/AN202512151801108802.html
300825,阿尔特,阿尔特:《对外担保管理制度》(2025年12月),管理办法/制度,2025-12-15,https://data.eastmoney.com/notices/detail/300825/AN202512151801108785.html
300825,阿尔特,阿尔特:《内部审计制度》(2025年12月),管理办法/制度,2025-12-15,https://data.eastmoney.com/notices/detail/300825/AN202512151801108796.html
300825,阿尔特,阿尔特:《关联交易管理办法》(2025年12月),管理办法/制度,2025-12-15,https://data.eastmoney.com/notices/detail/300825/AN202512151801108806.html
300825,阿尔特,阿尔特:关于董事辞职暨选举职工董事的公告,高管人员任职变动,2025-12-15,https://data.eastmoney.com/notices/detail/300825/AN202512151801108787.html
300825,阿尔特,阿尔特:《防范控股股东、实际控制人及其他关联方资金占用制度》(2025年12月),管理办法/制度,2025-12-15,https://data.eastmoney.com/notices/detail/300825/AN202512151801108792.html
300825,阿尔特,阿尔特:《市值管理制度》(2025年12月),管理办法/制度,2025-12-15,https://data.eastmoney.com/notices/detail/300825/AN202512151801108803.html
300825,阿尔特,阿尔特:《董事和高级管理人员离职管理制度》(2025年12月),管理办法/制度,2025-12-15,https://data.eastmoney.com/notices/detail/300825/AN202512151801108793.html
300825,阿尔特,阿尔特:《印章使用管理制度》(2025年12月),管理办法/制度,2025-12-15,https://data.eastmoney.com/notices/detail/300825/AN202512151801108789.html
300825,阿尔特,阿尔特:关于公司控股子公司终止日常经营重大合同的公告,重大合同,2025-12-15,https://data.eastmoney.com/notices/detail/300825/AN202512151801108801.html
300825,阿尔特,阿尔特:《内部控制管理制度》(2025年12月),管理办法/制度,2025-12-15,https://data.eastmoney.com/notices/detail/300825/AN202512151801108791.html
300825,阿尔特,阿尔特:《年报信息披露重大差错责任追究制度》(2025年12月),管理办法/制度,2025-12-15,https://data.eastmoney.com/notices/detail/300825/AN202512151801108805.html
300825,阿尔特,阿尔特:《子公司管理制度》(2025年12月),管理办法/制度,2025-12-15,https://data.eastmoney.com/notices/detail/300825/AN202512151801108790.html
300825,阿尔特,阿尔特:《投资者关系管理制度》(2025年12月),管理办法/制度,2025-12-15,https://data.eastmoney.com/notices/detail/300825/AN202512151801108795.html
300825,阿尔特,阿尔特:《对外投资管理办法》(2025年12月),管理办法/制度,2025-12-15,https://data.eastmoney.com/notices/detail/300825/AN202512151801108798.html
300825,阿尔特,阿尔特:《募集资金专项管理制度》(2025年12月),管理办法/制度,2025-12-15,https://data.eastmoney.com/notices/detail/300825/AN202512151801108799.html
300825,阿尔特,阿尔特:2025年第二次临时股东会决议公告,股东大会决议公告,2025-12-15,https://data.eastmoney.com/notices/detail/300825/AN202512151801108811.html
002639,雪人集团,雪人集团:002639雪人集团投资者关系活动记录表20251215,调研活动,2025-12-15,https://data.eastmoney.com/notices/detail/002639/AN202512151801106635.html
301266,宇邦新材,宇邦新材:2025年第三次临时股东会决议公告,股东大会决议公告,2025-12-15,https://data.eastmoney.com/notices/detail/301266/AN202512151801105855.html
301266,宇邦新材,宇邦新材:信息披露暂缓与豁免管理制度(2025年12月),管理办法/制度,2025-12-15,https://data.eastmoney.com/notices/detail/301266/AN202512151801105856.html
301266,宇邦新材,宇邦新材:上海市协力(苏州)律师事务所关于苏州宇邦新型材料股份有限公司2025年第三次临时股东会的法律意见书,法律意见书,2025-12-15,https://data.eastmoney.com/notices/detail/301266/AN202512151801105849.html
301266,宇邦新材,宇邦新材:第四届董事会第二十五次会议决议公告,董事会决议公告,2025-12-15,https://data.eastmoney.com/notices/detail/301266/AN202512151801105848.html
301266,宇邦新材,宇邦新材:关于选举第四届董事会职工代表董事的公告,高管人员任职变动,2025-12-15,https://data.eastmoney.com/notices/detail/301266/AN202512151801105852.html
000681,视觉中国,视觉中国:投资者关系管理信息,调研活动,2025-12-15,https://data.eastmoney.com/notices/detail/000681/AN202512151801103642.html
002867,周大生,周大生:2025年12月15日投资者关系活动记录表,调研活动,2025-12-15,https://data.eastmoney.com/notices/detail/002867/AN202512151801103036.html
300224,正海磁材,正海磁材:关于使用部分暂时闲置募集资金进行现金管理的公告,投资理财,2025-12-15,https://data.eastmoney.com/notices/detail/300224/AN202512151801099890.html
300224,正海磁材,正海磁材:公司章程(2025年12月),公司章程,2025-12-15,https://data.eastmoney.com/notices/detail/300224/AN202512151801099887.html
300224,正海磁材,正海磁材:关于变更注册资本并修订公司《章程》的公告,公司注册资本变更,2025-12-15,https://data.eastmoney.com/notices/detail/300224/AN202512151801099892.html
300224,正海磁材,正海磁材:中信建投证券股份有限公司关于烟台正海磁性材料股份有限公司使用部分暂时闲置募集资金进行现金管理的核查意见,保荐/核查意见,2025-12-15,https://data.eastmoney.com/notices/detail/300224/AN202512151801099888.html
300224,正海磁材,正海磁材:六届董事会第七次会议决议公告,董事会决议公告,2025-12-15,https://data.eastmoney.com/notices/detail/300224/AN202512151801099889.html
300224,正海磁材,正海磁材:六届董事会独立董事专门会议2025年第四次会议审查意见,专项说明/独立意见,2025-12-15,https://data.eastmoney.com/notices/detail/300224/AN202512151801099891.html
920001,纬达光电,纬达光电:持股5%以上股东拟减持股份的预披露公告,股东/实际控制人股份减持,2025-12-15,https://data.eastmoney.com/notices/detail/920001/AN202512151801097815.html
301396,宏景科技,宏景科技:关于对外担保的进展公告,提供/对外担保公告,2025-12-15,https://data.eastmoney.com/notices/detail/301396/AN202512151801095116.html
301488,豪恩汽电,豪恩汽电:关于公司向特定对象发行A股股票摊薄即期回报、填补措施及相关主体承诺的公告(修订稿),其他,2025-12-15,https://data.eastmoney.com/notices/detail/301488/AN202512151801092915.html
301488,豪恩汽电,豪恩汽电:深圳市豪恩汽车电子装备股份有限公司2025年度向特定对象发行A股股票方案的论证分析报告(修订稿),其他,2025-12-15,https://data.eastmoney.com/notices/detail/301488/AN202512151801092904.html
301488,豪恩汽电,豪恩汽电:关于申请向特定对象发行股票的审核问询函回复及募集说明书等申请文件更新的提示性公告,回复问询函公告,2025-12-15,https://data.eastmoney.com/notices/detail/301488/AN202512151801092924.html
301488,豪恩汽电,豪恩汽电:国信证券股份有限公司关于深圳市豪恩汽车电子装备股份有限公司向特定对象发行股票的上市保荐书,上市保荐书,2025-12-15,https://data.eastmoney.com/notices/detail/301488/AN202512151801092911.html
301077,星华新材,星华新材:关于与广东国腾量子科技有限公司签署《战略合作协议》的公告,签订协议,2025-12-15,https://data.eastmoney.com/notices/detail/301077/AN202512151801092919.html
301488,豪恩汽电,豪恩汽电:关于2025年度向特定对象发行A股股票预案修订情况说明的公告,增发方案修订,2025-12-15,https://data.eastmoney.com/notices/detail/301488/AN202512151801092925.html
301488,豪恩汽电,豪恩汽电:关于向特定对象发行A股股票预案(修订稿)披露的提示性公告,增发提示性公告,2025-12-15,https://data.eastmoney.com/notices/detail/301488/AN202512151801092929.html
301488,豪恩汽电,豪恩汽电:深圳市豪恩汽车电子装备股份有限公司2025年度向特定对象发行A股股票预案(修订稿),增发方案修订,2025-12-15,https://data.eastmoney.com/notices/detail/301488/AN202512151801092918.html
301488,豪恩汽电,豪恩汽电:关于深圳市豪恩汽车电子装备股份有限公司向特定对象发行股票申请文件的审核问询函的回复报告,回复问询函公告,2025-12-15,https://data.eastmoney.com/notices/detail/301488/AN202512151801092931.html
301187,欧圣电气,欧圣电气:中国国际金融股份有限公司关于苏州欧圣电气股份有限公司股东向特定机构投资者询价转让股份相关资格的核查意见,保荐/核查意见,2025-12-15,https://data.eastmoney.com/notices/detail/301187/AN202512151801092916.html
301187,欧圣电气,欧圣电气:股东询价转让计划书,询价转让计划书,2025-12-15,https://data.eastmoney.com/notices/detail/301187/AN202512151801092905.html
301488,豪恩汽电,豪恩汽电:关于聘任公司副总经理的公告,高管人员任职变动,2025-12-15,https://data.eastmoney.com/notices/detail/301488/AN202512151801092909.html
301488,豪恩汽电,豪恩汽电:关于深圳市豪恩汽车电子装备股份有限公司向特定对象发行股票的审核问询函有关财务会计问题的专项说明,专项说明/独立意见,2025-12-15,https://data.eastmoney.com/notices/detail/301488/AN202512151801092908.html
301488,豪恩汽电,豪恩汽电:第三届董事会第二十次会议决议公告,增发预案,2025-12-15,https://data.eastmoney.com/notices/detail/301488/AN202512151801092907.html
301488,豪恩汽电,豪恩汽电:董事会审计委员会关于调减公司2025年度向特定对象发行A股股票募集资金总额相关事项的书面审核意见,专项说明/独立意见,2025-12-15,https://data.eastmoney.com/notices/detail/301488/AN202512151801092910.html
301558,三态股份,三态股份:2025年第三次临时股东会决议公告,股东大会决议公告,2025-12-15,https://data.eastmoney.com/notices/detail/301558/AN202512151801092917.html
301488,豪恩汽电,豪恩汽电:关于调减公司2025年度向特定对象发行A股股票募集资金总额暨调整发行方案的公告,变更募集资金投资项目,2025-12-15,https://data.eastmoney.com/notices/detail/301488/AN202512151801092921.html
301488,豪恩汽电,豪恩汽电:国信证券股份有限公司关于深圳市豪恩汽车电子装备股份有限公司向特定对象发行股票的发行保荐书,发行保荐书,2025-12-15,https://data.eastmoney.com/notices/detail/301488/AN202512151801092914.html
301488,豪恩汽电,豪恩汽电:深圳市豪恩汽车电子装备股份有限公司2025年度向特定对象发行股票募集说明书(申报稿),创业板再融资募集说明书申报稿,2025-12-15,https://data.eastmoney.com/notices/detail/301488/AN202512151801092912.html
301488,豪恩汽电,豪恩汽电:深圳市豪恩汽车电子装备股份有限公司2025年度向特定对象发行A股股票募集资金使用可行性分析报告(修订稿),其他,2025-12-15,https://data.eastmoney.com/notices/detail/301488/AN202512151801092922.html
301558,三态股份,三态股份:2025年第三次临时股东会法律意见书,法律意见书,2025-12-15,https://data.eastmoney.com/notices/detail/301558/AN202512151801092928.html
301488,豪恩汽电,豪恩汽电:北京市通商律师事务所关于深圳市豪恩汽车电子装备股份有限公司2025年度向特定对象发行A股股票的补充法律意见书(一),法律意见书,2025-12-15,https://data.eastmoney.com/notices/detail/301488/AN202512151801092913.html
300562,乐心医疗,乐心医疗:关于基石1号员工持股计划完成非交易过户暨回购股份处理完成的公告,回购实施公告,2025-12-15,https://data.eastmoney.com/notices/detail/300562/AN202512151801091393.html
300031,宝通科技,宝通科技:关于全资子公司与专业投资机构共同投资的进展公告,投资设立公司,2025-12-15,https://data.eastmoney.com/notices/detail/300031/AN202512151801091387.html
301468,博盈特焊,博盈特焊:2025年12月15日投资者关系活动记录表,调研活动,2025-12-15,https://data.eastmoney.com/notices/detail/301468/AN202512151801090426.html
600834,申通地铁,申通地铁:申通地铁2025年第二次临时股东大会材料,股东大会资料,2025-12-15,https://data.eastmoney.com/notices/detail/600834/AN202512151801089998.html
000538,云南白药,云南白药:2025年12月12日投资者关系活动记录表(一),调研活动,2025-12-15,https://data.eastmoney.com/notices/detail/000538/AN202512151801088557.html
000538,云南白药,云南白药:2025年12月12日投资者关系活动记录表（二）,调研活动,2025-12-15,https://data.eastmoney.com/notices/detail/000538/AN202512151801088556.html
000538,云南白药,云南白药:2025年12月12日调研活动附件之投资者调研会议记录（二）,调研活动,2025-12-15,https://data.eastmoney.com/notices/detail/000538/AN202512151801088517.html
000538,云南白药,云南白药:2025年12月12日调研活动附件之投资者调研会议记录（一）,调研活动,2025-12-15,https://data.eastmoney.com/notices/detail/000538/AN202512151801087910.html
300393,中来股份,中来股份:关于收到江苏证监局对相关人员采取责令改正措施决定的公告,其他,2025-12-15,https://data.eastmoney.com/notices/detail/300393/AN202512151801088290.html
301005,超捷股份,超捷股份:2025年12月15日投资者关系活动记录表,调研活动,2025-12-15,https://data.eastmoney.com/notices/detail/301005/AN202512151801087050.html
300926,博俊科技,博俊科技:关于对外投资建设博俊科技汽车轻量化部件生产基地项目的公告,对外项目投资,2025-12-15,https://data.eastmoney.com/notices/detail/300926/AN202512151801086879.html
300926,博俊科技,博俊科技:第五届董事会第二十二次会议决议公告,董事会决议公告,2025-12-15,https://data.eastmoney.com/notices/detail/300926/AN202512151801086878.html
300850,新强联,新强联:关于控股股东减持股份计划期间届满暨实施情况的公告,股东/实际控制人股份减持,2025-12-15,https://data.eastmoney.com/notices/detail/300850/AN202512151801086880.html
920857,泓禧科技,泓禧科技:关于募集资金投资项目结项并将节余募集资金永久补充流动资金的公告,募集资金补充流动资金,2025-12-15,https://data.eastmoney.com/notices/detail/920857/AN202512151801086540.html
920857,泓禧科技,泓禧科技:关于修订《公司章程》公告,公司章程修订,2025-12-15,https://data.eastmoney.com/notices/detail/920857/AN202512151801086542.html
920857,泓禧科技,泓禧科技:独立董事提名人声明与承诺,独立董事提名人声明,2025-12-15,https://data.eastmoney.com/notices/detail/920857/AN202512151801086539.html
920857,泓禧科技,泓禧科技:关于召开2025年第三次临时股东会通知公告(提供网络投票),召开股东大会通知,2025-12-15,https://data.eastmoney.com/notices/detail/920857/AN202512151801086535.html
920857,泓禧科技,泓禧科技:独立董事候选人声明与承诺(秦琴),独立董事候选人声明,2025-12-15,https://data.eastmoney.com/notices/detail/920857/AN202512151801086541.html
920857,泓禧科技,泓禧科技:渤海证券股份有限公司关于重庆市泓禧科技股份有限公司募集资金投资项目结项并将节余募集资金永久补充流动资金的核查意见,保荐/核查意见,2025-12-15,https://data.eastmoney.com/notices/detail/920857/AN202512151801086538.html
920857,泓禧科技,泓禧科技:董事换届公告,高管人员任职变动,2025-12-15,https://data.eastmoney.com/notices/detail/920857/AN202512151801086537.html
920857,泓禧科技,泓禧科技:独立董事候选人声明与承诺(蒋弘),独立董事候选人声明,2025-12-15,https://data.eastmoney.com/notices/detail/920857/AN202512151801086534.html
920857,泓禧科技,泓禧科技:第三届董事会第十九次会议决议公告,高管人员任职变动,2025-12-15,https://data.eastmoney.com/notices/detail/920857/AN202512151801086536.html
300655,晶瑞电材,晶瑞电材:关于部分董事、高级管理人员减持股份计划实施完成的公告,高管人员持股变动,2025-12-15,https://data.eastmoney.com/notices/detail/300655/AN202512151801083869.html
301511,德福科技,德福科技:关于合并持股5%以上股东及其一致行动人股份减持计划时间届满暨减持结果的公告,股东/实际控制人股份减持,2025-12-15,https://data.eastmoney.com/notices/detail/301511/AN202512151801082879.html
300198,*ST纳川,ST纳川:关于与财务投资人签署重整投资协议的公告,签订协议,2025-12-15,https://data.eastmoney.com/notices/detail/300198/AN202512151801082355.html
301120,新特电气,新特电气:关于部分高级管理人员减持计划实施完成的公告,股东/实际控制人股份减持,2025-12-15,https://data.eastmoney.com/notices/detail/301120/AN202512151801082354.html
300449,汉邦高科,汉邦高科:北京君嘉律师事务所关于北京汉邦高科数字技术股份有限公司2025年第二次临时股东大会的见证意见书,法律意见书,2025-12-15,https://data.eastmoney.com/notices/detail/300449/AN202512151801082296.html
300449,汉邦高科,汉邦高科:2025年第二次临时股东大会决议公告,股东大会决议公告,2025-12-15,https://data.eastmoney.com/notices/detail/300449/AN202512151801082297.html
300541,先进数通,先进数通:关于董事辞职暨选举职工董事的公告,高管人员任职变动,2025-12-15,https://data.eastmoney.com/notices/detail/300541/AN202512151801081814.html
300119,瑞普生物,瑞普生物:第六届董事会第一次(临时)会议决议公告,高管人员任职变动,2025-12-15,https://data.eastmoney.com/notices/detail/300119/AN202512151801081821.html
300119,瑞普生物,瑞普生物:2025年第六次临时股东会决议公告,股东大会决议公告,2025-12-15,https://data.eastmoney.com/notices/detail/300119/AN202512151801081810.html
300119,瑞普生物,瑞普生物:关于董事会换届完成暨聘任高级管理人员及证券事务代表的公告,高管人员任职变动,2025-12-15,https://data.eastmoney.com/notices/detail/300119/AN202512151801081811.html
301234,五洲医疗,五洲医疗:股东关于减持股份达到1%的公告,股东/实际控制人股份减持,2025-12-15,https://data.eastmoney.com/notices/detail/301234/AN202512151801081817.html
300119,瑞普生物,瑞普生物:北京市通商律师事务所关于瑞普生物股份有限公司2025年第六次临时股东会的法律意见书,法律意见书,2025-12-15,https://data.eastmoney.com/notices/detail/300119/AN202512151801081823.html
920061,西磁科技,西磁科技:关于部分募投项目重新论证并延期的公告,变更募集资金投资项目,2025-12-15,https://data.eastmoney.com/notices/detail/920061/AN202512151801081294.html
920061,西磁科技,西磁科技:自有闲置资金委托理财的公告,委托（受托）事项,2025-12-15,https://data.eastmoney.com/notices/detail/920061/AN202512151801081301.html
920061,西磁科技,西磁科技:第四届董事会第四次会议决议公告,董事会决议公告,2025-12-15,https://data.eastmoney.com/notices/detail/920061/AN202512151801081297.html
920061,西磁科技,西磁科技:2026年度向银行申请综合授信额度的公告,借贷,2025-12-15,https://data.eastmoney.com/notices/detail/920061/AN202512151801081296.html
920061,西磁科技,西磁科技:平安证券股份有限公司关于宁波西磁科技发展股份有限公司使用部分闲置募集资金进行现金管理的核查意见,保荐/核查意见,2025-12-15,https://data.eastmoney.com/notices/detail/920061/AN202512151801081300.html
920061,西磁科技,西磁科技:关于召开2026年第一次临时股东会通知公告(提供网络投票),召开股东大会通知,2025-12-15,https://data.eastmoney.com/notices/detail/920061/AN202512151801081302.html
920061,西磁科技,西磁科技:平安证券股份有限公司关于宁波西磁科技发展股份有限公司部分募投项目重新论证并延期的核查意见,保荐/核查意见,2025-12-15,https://data.eastmoney.com/notices/detail/920061/AN202512151801081295.html
920061,西磁科技,西磁科技:平安证券股份有限公司关于宁波西磁科技发展股份有限公司自有闲置资金委托理财的核查意见,保荐/核查意见,2025-12-15,https://data.eastmoney.com/notices/detail/920061/AN202512151801081303.html
920061,西磁科技,西磁科技:使用部分闲置募集资金进行现金管理的公告,投资理财,2025-12-15,https://data.eastmoney.com/notices/detail/920061/AN202512151801081299.html
920061,西磁科技,西磁科技:关于使用自有资金支付募投项目人员费用并以募集资金等额置换的公告,募集资金使用情况报告,2025-12-15,https://data.eastmoney.com/notices/detail/920061/AN202512151801081304.html
920061,西磁科技,西磁科技:平安证券股份有限公司关于宁波西磁科技发展股份有限公司使用自有资金支付募投项目人员费用并以募集资金等额置换的核查意见,保荐/核查意见,2025-12-15,https://data.eastmoney.com/notices/detail/920061/AN202512151801081298.html
920159,农大科技,农大科技:股东会网络投票实施细则(上市后适用),议事规则/实施细则,2025-12-15,https://data.eastmoney.com/notices/detail/920159/AN202512151801080977.html
920159,农大科技,农大科技:总经理工作细则(上市后适用),议事规则/实施细则,2025-12-15,https://data.eastmoney.com/notices/detail/920159/AN202512151801080968.html
301152,天力锂能,天力锂能:天力锂能集团股份有限公司2025年第五次临时股东会决议公告,股东大会决议公告,2025-12-15,https://data.eastmoney.com/notices/detail/301152/AN202512151801080703.html
300159,新研股份,*ST新研:出资人组会议决议公告,股东大会决议公告,2025-12-15,https://data.eastmoney.com/notices/detail/300159/AN202512151801080675.html
301316,慧博云通,慧博云通:2025年第三次临时股东会决议公告,股东大会决议公告,2025-12-15,https://data.eastmoney.com/notices/detail/301316/AN202512151801080666.html
300738,奥飞数据,奥飞数据:2025年第五次临时股东会决议公告,股东大会决议公告,2025-12-15,https://data.eastmoney.com/notices/detail/300738/AN202512151801080673.html
300159,新研股份,*ST新研:出资人组会议见证法律意见书,法律意见书,2025-12-15,https://data.eastmoney.com/notices/detail/300159/AN202512151801080725.html
301316,慧博云通,慧博云通:金杜上海分所关于公司2025年第三次临时股东会之法律意见书,法律意见书,2025-12-15,https://data.eastmoney.com/notices/detail/301316/AN202512151801080700.html
301152,天力锂能,天力锂能:上海市锦天城律师事务所关于天力锂能集团股份有限公司2025年第五次临时股东会的法律意见书,法律意见书,2025-12-15,https://data.eastmoney.com/notices/detail/301152/AN202512151801080672.html
300457,赢合科技,赢合科技:股东询价转让定价情况提示性公告,询价转让定价情况提示性公告,2025-12-15,https://data.eastmoney.com/notices/detail/300457/AN202512151801080682.html
000031,大悦城,大悦城:中信证券股份有限公司关于大悦城控股集团股份有限公司取消监事会及监事的临时受托管理事务报告,其他,2025-12-15,https://data.eastmoney.com/notices/detail/000031/AN202512151801080708.html
300738,奥飞数据,奥飞数据:国浩律师(广州)事务所关于广东奥飞数据科技股份有限公司2025年第五次临时股东会的法律意见,法律意见书,2025-12-15,https://data.eastmoney.com/notices/detail/300738/AN202512151801080695.html
920159,农大科技,农大科技:累积投票制度实施细则(上市后适用),议事规则/实施细则,2025-12-15,https://data.eastmoney.com/notices/detail/920159/AN202512151801080370.html
920159,农大科技,农大科技:董事会秘书工作细则(上市后适用),议事规则/实施细则,2025-12-15,https://data.eastmoney.com/notices/detail/920159/AN202512151801080366.html
920159,农大科技,农大科技:独立董事工作制度(上市后适用),管理办法/制度,2025-12-15,https://data.eastmoney.com/notices/detail/920159/AN202512151801079820.html
301069,凯盛新材,凯盛新材:关于控股股东非公开发行可交换公司债券办理完成解除担保及信托登记的提示性公告,其他担保公告,2025-12-15,https://data.eastmoney.com/notices/detail/301069/AN202512151801079580.html
300511,雪榕生物,雪榕生物:上海雪榕生物科技股份有限公司第六届董事会第二次会议决议公告,高管人员任职变动,2025-12-15,https://data.eastmoney.com/notices/detail/300511/AN202512151801079610.html
300511,雪榕生物,雪榕生物:上海雪榕生物科技股份有限公司关于聘任公司财务总监的公告,高管人员任职变动,2025-12-15,https://data.eastmoney.com/notices/detail/300511/AN202512151801079599.html
000031,大悦城,大悦城:中信证券股份有限公司关于大悦城控股集团股份有限公司重大资产抵质押的临时受托管理事务报告,股份质押、冻结,2025-12-15,https://data.eastmoney.com/notices/detail/000031/AN202512151801079608.html
300913,兆龙互连,兆龙互连:中信建投证券股份有限公司关于浙江兆龙互连科技股份有限公司向特定对象发行股票发行过程和认购对象合规性的报告,保荐/核查意见,2025-12-15,https://data.eastmoney.com/notices/detail/300913/AN202512151801079600.html
301595,太力科技,太力科技:关于与暨南大学签署战略合作协议的公告,签订协议,2025-12-15,https://data.eastmoney.com/notices/detail/301595/AN202512151801079582.html
300913,兆龙互连,兆龙互连:浙江兆龙互连科技股份有限公司向特定对象发行股票发行情况报告书,其他增发事项公告,2025-12-15,https://data.eastmoney.com/notices/detail/300913/AN202512151801079589.html
300913,兆龙互连,兆龙互连:关于向特定对象发行股票发行情况报告书披露的提示性公告,增发提示性公告,2025-12-15,https://data.eastmoney.com/notices/detail/300913/AN202512151801079618.html
301595,太力科技,太力科技:第二届董事会第十五次会议决议公告,董事会决议公告,2025-12-15,https://data.eastmoney.com/notices/detail/301595/AN202512151801079617.html
300256,星星科技,星星科技:关于购买董事及高级管理人员责任险的公告,其他,2025-12-15,https://data.eastmoney.com/notices/detail/300256/AN202512151801078994.html
300256,星星科技,星星科技:第五届董事会第二十六次会议决议公告,董事会决议公告,2025-12-15,https://data.eastmoney.com/notices/detail/300256/AN202512151801078993.html
300256,星星科技,星星科技:关于新增2025年度日常关联交易预计的公告,关联交易,2025-12-15,https://data.eastmoney.com/notices/detail/300256/AN202512151801078995.html
300256,星星科技,星星科技:关于2026年度日常关联交易预计的公告,关联交易,2025-12-15,https://data.eastmoney.com/notices/detail/300256/AN202512151801078992.html
300256,星星科技,星星科技:关于2025年第六次临时股东大会增加临时提案暨补充通知的公告,增加股东大会议案,2025-12-15,https://data.eastmoney.com/notices/detail/300256/AN202512151801078991.html
920159,农大科技,农大科技:承诺管理制度(上市后适用),管理办法/制度,2025-12-15,https://data.eastmoney.com/notices/detail/920159/AN202512151801078691.html
920454,同心传动,同心传动:关于使用闲置自有资金购买理财产品的公告,投资理财,2025-12-15,https://data.eastmoney.com/notices/detail/920454/AN202512151801078456.html
920454,同心传动,同心传动:第四届董事会第十一次会议决议公告,董事会决议公告,2025-12-15,https://data.eastmoney.com/notices/detail/920454/AN202512151801078458.html
920454,同心传动,同心传动:关于拟注销合资公司的公告,公司关联方基本资料变更,2025-12-15,https://data.eastmoney.com/notices/detail/920454/AN202512151801078455.html
920454,同心传动,同心传动:关于2026年度向金融机构申请授信额度的公告,借贷,2025-12-15,https://data.eastmoney.com/notices/detail/920454/AN202512151801078457.html
920454,同心传动,同心传动:出售控股子公司部分股份的公告,收购出售资产/股权,2025-12-15,https://data.eastmoney.com/notices/detail/920454/AN202512151801078454.html
920159,农大科技,农大科技:关联交易管理制度(上市后适用),管理办法/制度,2025-12-15,https://data.eastmoney.com/notices/detail/920159/AN202512151801078256.html
920159,农大科技,农大科技:利润分配管理制度(上市后适用),管理办法/制度,2025-12-15,https://data.eastmoney.com/notices/detail/920159/AN202512151801078240.html
301395,仁信新材,仁信新材:董事、高级管理人员离职管理制度(2025年12月制定),管理办法/制度,2025-12-15,https://data.eastmoney.com/notices/detail/301395/AN202512151801078003.html
301395,仁信新材,仁信新材:信息披露暂缓与豁免管理制度(2025年12月制定),管理办法/制度,2025-12-15,https://data.eastmoney.com/notices/detail/301395/AN202512151801078014.html
300732,设研院,设研院:关于增选独立董事、监事离任的公告,高管人员任职变动,2025-12-15,https://data.eastmoney.com/notices/detail/300732/AN202512151801078018.html
300590,移为通信,移为通信:关于对外担保的进展公告,提供/对外担保公告,2025-12-15,https://data.eastmoney.com/notices/detail/300590/AN202512151801078022.html
300732,设研院,设研院:设研院2025年第一次临时股东会决议公告,股东大会决议公告,2025-12-15,https://data.eastmoney.com/notices/detail/300732/AN202512151801078008.html
301395,仁信新材,仁信新材:子公司管理制度(2025年12月制定),管理办法/制度,2025-12-15,https://data.eastmoney.com/notices/detail/301395/AN202512151801078015.html
301395,仁信新材,仁信新材:关于继续开展商品期货套期保值业务的公告,其他,2025-12-15,https://data.eastmoney.com/notices/detail/301395/AN202512151801078001.html
300594,ST朗进,朗进科技:关于持股5%以上股东拟协议转让公司股份公开征集受让方的公告,股权转让,2025-12-15,https://data.eastmoney.com/notices/detail/300594/AN202512151801078004.html
301300,远翔新材,远翔新材:北京德恒(福州)律师事务所关于福建远翔新材料股份有限公司2025年第二次临时股东会的法律意见,法律意见书,2025-12-15,https://data.eastmoney.com/notices/detail/301300/AN202512151801078000.html
300191,潜能恒信,潜能恒信:关于向金融机构申请综合授信及借款并接受关联方担保暨关联交易进展公告,其他担保公告,2025-12-15,https://data.eastmoney.com/notices/detail/300191/AN202512151801078023.html
300191,潜能恒信,潜能恒信:关于公司向银行申请综合授信额度的公告,借贷,2025-12-15,https://data.eastmoney.com/notices/detail/300191/AN202512151801077998.html
301395,仁信新材,仁信新材:关于开展商品期货套期保值业务的可行性分析报告,其他,2025-12-15,https://data.eastmoney.com/notices/detail/301395/AN202512151801078016.html
301136,招标股份,招标股份:兴业证券股份有限公司关于福建省招标股份有限公司2025年度定期现场检查报告,保荐/核查意见,2025-12-15,https://data.eastmoney.com/notices/detail/301136/AN202512151801078002.html
301395,仁信新材,仁信新材:关于开立募集资金专项账户并签订募集资金四方监管协议的公告,签订协议,2025-12-15,https://data.eastmoney.com/notices/detail/301395/AN202512151801078012.html
300191,潜能恒信,潜能恒信:关于控股股东向公司提供的借款展期暨关联交易的公告,借贷,2025-12-15,https://data.eastmoney.com/notices/detail/300191/AN202512151801077999.html
301395,仁信新材,仁信新材:第三届董事会第十七次会议决议公告,董事会决议公告,2025-12-15,https://data.eastmoney.com/notices/detail/301395/AN202512151801078021.html
301395,仁信新材,仁信新材:万和证券股份有限公司关于惠州仁信新材料股份有限公司继续开展商品期货套期保值业务的核查意见,保荐/核查意见,2025-12-15,https://data.eastmoney.com/notices/detail/301395/AN202512151801078005.html
300732,设研院,设研院:河南陆达律师事务所关于设研院2025年第一次临时股东会之律师见证法律意见书,法律意见书,2025-12-15,https://data.eastmoney.com/notices/detail/300732/AN202512151801078019.html
300191,潜能恒信,潜能恒信:第六届董事会第十次会议决议公告,董事会决议公告,2025-12-15,https://data.eastmoney.com/notices/detail/300191/AN202512151801078025.html
300508,维宏股份,维宏股份:关于非独立董事辞职暨选举职工代表董事的公告,高管人员任职变动,2025-12-15,https://data.eastmoney.com/notices/detail/300508/AN202512151801078026.html
301300,远翔新材,远翔新材:2025年第二次临时股东会决议公告,股东大会决议公告,2025-12-15,https://data.eastmoney.com/notices/detail/301300/AN202512151801078020.html
920159,农大科技,农大科技:投融资管理制度(上市后适用),管理办法/制度,2025-12-15,https://data.eastmoney.com/notices/detail/920159/AN202512151801077633.html
920159,农大科技,农大科技:对外担保管理制度(上市后适用),管理办法/制度,2025-12-15,https://data.eastmoney.com/notices/detail/920159/AN202512151801077649.html
300508,维宏股份,维宏股份:关于上海维宏电子科技股份有限公司2025年第一次临时股东会之法律意见书,法律意见书,2025-12-15,https://data.eastmoney.com/notices/detail/300508/AN202512151801077503.html
300508,维宏股份,维宏股份:2025年第一次临时股东会决议公告,股东大会决议公告,2025-12-15,https://data.eastmoney.com/notices/detail/300508/AN202512151801077450.html
920159,农大科技,农大科技:信息披露管理办法(上市后适用),管理办法/制度,2025-12-15,https://data.eastmoney.com/notices/detail/920159/AN202512151801077088.html
301306,西测测试,西测测试:关于股票交易异常波动的公告,股票交易异常波动,2025-12-15,https://data.eastmoney.com/notices/detail/301306/AN202512151801076470.html
301197,工大科雅,工大科雅:中信建投证券股份有限公司关于河北工大科雅科技集团股份有限公司2026年度日常关联交易预计的核查意见,保荐/核查意见,2025-12-15,https://data.eastmoney.com/notices/detail/301197/AN202512151801076485.html
300615,欣天科技,欣天科技:关于全资孙公司向银行申请项目贷款并由公司及子公司提供担保的进展公告,提供/对外担保公告,2025-12-15,https://data.eastmoney.com/notices/detail/300615/AN202512151801076468.html
300907,康平科技,康平科技:2025年第六次临时股东会决议公告,股东大会决议公告,2025-12-15,https://data.eastmoney.com/notices/detail/300907/AN202512151801076472.html
300907,康平科技,康平科技:关于康平科技(苏州)股份有限公司2025年第六次临时股东会的法律意见,法律意见书,2025-12-15,https://data.eastmoney.com/notices/detail/300907/AN202512151801076462.html
920566,梓橦宫,梓橦宫:关于使用自有闲置资金委托理财的进展公告,委托（受托）事项,2025-12-15,https://data.eastmoney.com/notices/detail/920566/AN202512151801076299.html
920665,科强股份,科强股份:股票交易异常波动公告,股票交易异常波动,2025-12-15,https://data.eastmoney.com/notices/detail/920665/AN202512151801076300.html
301196,唯科科技,唯科科技:国金证券股份有限公司关于厦门唯科模塑科技股份有限公司2025年定期现场检查报告,保荐/核查意见,2025-12-15,https://data.eastmoney.com/notices/detail/301196/AN202512151801075416.html
300432,富临精工,富临精工:关于控股股东、实际控制人及其一致行动人权益变动触及1%整数倍的公告,权益变动报告书,2025-12-15,https://data.eastmoney.com/notices/detail/300432/AN202512151801075423.html
301196,唯科科技,唯科科技:国金证券股份有限公司关于厦门唯科模塑科技股份有限公司2025年度持续督导培训情况的报告,保荐/核查意见,2025-12-15,https://data.eastmoney.com/notices/detail/301196/AN202512151801075420.html
300711,广哈通信,广哈通信:关于申请向特定对象发行股票的审核问询函之回复报告及募集说明书等申请文件更新的提示性公告,回复问询函公告,2025-12-15,https://data.eastmoney.com/notices/detail/300711/AN202512151801075411.html
920056,能之光,能之光:关于召开2025年第四次临时股东会通知公告(提供网络投票),召开股东大会通知,2025-12-15,https://data.eastmoney.com/notices/detail/920056/AN202512151801075272.html
920056,能之光,能之光:关于公司2026年度使用自有资金进行委托理财的公告,委托（受托）事项,2025-12-15,https://data.eastmoney.com/notices/detail/920056/AN202512151801075268.html
920056,能之光,能之光:预计2026年对子公司提供担保的公告,担保年度额度预计,2025-12-15,https://data.eastmoney.com/notices/detail/920056/AN202512151801075273.html
920056,能之光,能之光:拟续聘2026年度会计师事务所的公告,审计机构变更,2025-12-15,https://data.eastmoney.com/notices/detail/920056/AN202512151801075269.html
920056,能之光,能之光:第三届董事会第二十一次会议决议公告,董事会决议公告,2025-12-15,https://data.eastmoney.com/notices/detail/920056/AN202512151801075270.html
920056,能之光,能之光:关于向银行申请综合授信额度的公告,借贷,2025-12-15,https://data.eastmoney.com/notices/detail/920056/AN202512151801075271.html
300760,迈瑞医疗,迈瑞医疗:关于实际控制人之一、董事长增持计划实施完成的公告,股东/实际控制人股份增持,2025-12-15,https://data.eastmoney.com/notices/detail/300760/AN202512151801074686.html
300870,欧陆通,欧陆通:2025年第二次临时股东会决议公告,股东大会决议公告,2025-12-15,https://data.eastmoney.com/notices/detail/300870/AN202512151801074680.html
301159,三维天地,三维天地:上海市锦天城(北京)律师事务所关于北京三维天地科技股份有限公司2025年第二次临时股东会的法律意见书,法律意见书,2025-12-15,https://data.eastmoney.com/notices/detail/301159/AN202512151801074661.html
300134,大富科技,大富科技:关于为全资子公司申请银行贷款提供担保的公告,提供/对外担保公告,2025-12-15,https://data.eastmoney.com/notices/detail/300134/AN202512151801074662.html
300134,大富科技,大富科技:第六届董事会第五次会议决议公告,董事会决议公告,2025-12-15,https://data.eastmoney.com/notices/detail/300134/AN202512151801074684.html
300497,富祥股份,富祥药业:关于变更签字注册会计师的公告,公司关联方基本资料变更,2025-12-15,https://data.eastmoney.com/notices/detail/300497/AN202512151801074666.html
301235,华康洁净,华康洁净:关于公司不提前赎回“华医转债”的公告,其他,2025-12-15,https://data.eastmoney.com/notices/detail/301235/AN202512151801074676.html
300497,富祥股份,富祥药业:关于第一期股票期权激励计划内幕信息知情人及激励对象买卖公司股票的自查报告,自查报告,2025-12-15,https://data.eastmoney.com/notices/detail/300497/AN202512151801074677.html
300870,欧陆通,欧陆通:关于深圳欧陆通电子股份有限公司2025年第二次临时股东会的法律意见书,法律意见书,2025-12-15,https://data.eastmoney.com/notices/detail/300870/AN202512151801074668.html
300497,富祥股份,富祥药业:北京市中伦律师事务所关于江西富祥药业股份有限公司2025年第三次临时股东会的法律意见书,法律意见书,2025-12-15,https://data.eastmoney.com/notices/detail/300497/AN202512151801074678.html
300760,迈瑞医疗,迈瑞医疗:上海市方达(深圳)律师事务所关于实际控制人增持迈瑞医疗股份的法律意见书,法律意见书,2025-12-15,https://data.eastmoney.com/notices/detail/300760/AN202512151801074674.html
301235,华康洁净,华康洁净:第三届董事会第二次会议决议公告,董事会决议公告,2025-12-15,https://data.eastmoney.com/notices/detail/301235/AN202512151801074692.html
300497,富祥股份,富祥药业:2025年第三次临时股东会会议决议公告,股东大会决议公告,2025-12-15,https://data.eastmoney.com/notices/detail/300497/AN202512151801074688.html
301159,三维天地,三维天地:2025年第二次临时股东会决议公告,股东大会决议公告,2025-12-15,https://data.eastmoney.com/notices/detail/301159/AN202512151801074679.html
920159,农大科技,农大科技:投资者关系管理制度(上市后适用),管理办法/制度,2025-12-15,https://data.eastmoney.com/notices/detail/920159/AN202512151801074021.html
300455,航天智装,航天智装:300455航天智装投资者关系活动记录表20251212,调研活动,2025-12-15,https://data.eastmoney.com/notices/detail/300455/AN202512151801073276.html
920159,农大科技,农大科技:年度报告信息披露重大差错责任追究制度(上市后适用),管理办法/制度,2025-12-15,https://data.eastmoney.com/notices/detail/920159/AN202512151801073472.html
920159,农大科技,农大科技:内幕信息知情人管理制度(上市后适用),管理办法/制度,2025-12-15,https://data.eastmoney.com/notices/detail/920159/AN202512151801072928.html
920159,农大科技,农大科技:募集资金管理办法(上市后适用),管理办法/制度,2025-12-15,https://data.eastmoney.com/notices/detail/920159/AN202512151801072908.html
300286,安科瑞,安科瑞:国盛证券有限责任公司关于安科瑞电气股份有限公司2025年持续督导定期现场检查报告,保荐/核查意见,2025-12-15,https://data.eastmoney.com/notices/detail/300286/AN202512151801072627.html
300286,安科瑞,安科瑞:国盛证券有限责任公司关于安科瑞电气股份有限公司2025年度持续督导培训情况报告,保荐/核查意见,2025-12-15,https://data.eastmoney.com/notices/detail/300286/AN202512151801072628.html
920159,农大科技,农大科技:防范控股股东及关联方占用公司资金管理制度(上市后适用),管理办法/制度,2025-12-15,https://data.eastmoney.com/notices/detail/920159/AN202512151801072380.html
920159,农大科技,农大科技:董事、高级管理人员所持本公司股份及其变动管理制度(上市后适用),管理办法/制度,2025-12-15,https://data.eastmoney.com/notices/detail/920159/AN202512151801072392.html
920159,农大科技,农大科技:董事会议事规则(上市后适用),议事规则/实施细则,2025-12-15,https://data.eastmoney.com/notices/detail/920159/AN202512151801071923.html
920925,锦好医疗,锦好医疗:第三届董事会第十八次会议决议公告,董事会决议公告,2025-12-15,https://data.eastmoney.com/notices/detail/920925/AN202512151801071784.html
920925,锦好医疗,锦好医疗:关于向银行申请综合授信额度的公告,借贷,2025-12-15,https://data.eastmoney.com/notices/detail/920925/AN202512151801071783.html
920925,锦好医疗,锦好医疗:关于召开2025年第四次临时股东会通知公告(提供网络投票),召开股东大会通知,2025-12-15,https://data.eastmoney.com/notices/detail/920925/AN202512151801071782.html
920925,锦好医疗,锦好医疗:拟续聘2025年度会计师事务所公告,审计机构变更,2025-12-15,https://data.eastmoney.com/notices/detail/920925/AN202512151801071785.html
300711,广哈通信,2会计师关于审核问询函的回复(广州广哈通信股份有限公司),创业板再融资问询与回复,2025-12-15,https://data.eastmoney.com/notices/detail/300711/AN202512151801070258.html
300711,广哈通信,1发行人及保荐机构关于审核问询函的回复(修订稿)(广州广哈通信股份有限公司),创业板再融资问询与回复,2025-12-15,https://data.eastmoney.com/notices/detail/300711/AN202512151801070256.html
920765,美之高,美之高:关于拟对外投资设立美国全资孙公司的公告,投资设立公司,2025-12-15,https://data.eastmoney.com/notices/detail/920765/AN202512151801070743.html
300711,广哈通信,3补充法律意见书(二)(广州广哈通信股份有限公司),创业板再融资问询与回复,2025-12-15,https://data.eastmoney.com/notices/detail/300711/AN202512151801070257.html
301368,丰立智能,丰立智能:浙江天册律师事务所关于浙江丰立智能科技股份有限公司2025年度向特定对象发行A股股票的补充法律意见书(一),法律意见书,2025-12-15,https://data.eastmoney.com/notices/detail/301368/AN202512151801070572.html
301368,丰立智能,丰立智能:浙江丰立智能科技股份有限公司2025年度向特定对象发行股票并在创业板上市募集说明书(申报稿),创业板再融资募集说明书申报稿,2025-12-15,https://data.eastmoney.com/notices/detail/301368/AN202512151801070575.html
301368,丰立智能,丰立智能:浙江丰立智能科技股份有限公司与国泰海通证券股份有限公司关于浙江丰立智能科技股份有限公司申请向特定对象发行股票的审核问询函的回复,回复问询函公告,2025-12-15,https://data.eastmoney.com/notices/detail/301368/AN202512151801070571.html
300428,立中集团,立中集团:关于注销部分募集资金专项账户的公告,募集资金使用情况报告,2025-12-15,https://data.eastmoney.com/notices/detail/300428/AN202512151801070565.html
301265,华新科技,华新环保:2025年第三次临时股东会会议决议公告,股东大会决议公告,2025-12-15,https://data.eastmoney.com/notices/detail/301265/AN202512151801070570.html
301368,丰立智能,丰立智能:国泰海通证券股份有限公司关于浙江丰立智能科技股份有限公司2025年度向特定对象发行股票并在创业板上市之上市保荐书,上市保荐书,2025-12-15,https://data.eastmoney.com/notices/detail/301368/AN202512151801070567.html
301368,丰立智能,丰立智能:关于向特定对象发行股票的审核问询函回复及募集说明书等申请文件修订的提示性公告,回复问询函公告,2025-12-15,https://data.eastmoney.com/notices/detail/301368/AN202512151801070579.html
301368,丰立智能,丰立智能:国泰海通证券股份有限公司关于浙江丰立智能科技股份有限公司2025年度向特定对象发行股票并在创业板上市之发行保荐书,发行保荐书,2025-12-15,https://data.eastmoney.com/notices/detail/301368/AN202512151801070566.html
301368,丰立智能,丰立智能:发行人最近一年的财务报告及其审计报告以及最近一期的财务报告,审计报告,2025-12-15,https://data.eastmoney.com/notices/detail/301368/AN202512151801070578.html
301265,华新科技,华新环保:华新绿源环保股份有限公司2025年第三次临时股东会的法律意见,法律意见书,2025-12-15,https://data.eastmoney.com/notices/detail/301265/AN202512151801070577.html
301368,丰立智能,丰立智能:天健会计师事务所(特殊普通合伙)关于浙江丰立智能科技股份有限公司申请向特定对象发行股票的审核问询函的回复,会计师事务所问询函回复公告,2025-12-15,https://data.eastmoney.com/notices/detail/301368/AN202512151801070569.html
300428,立中集团,立中集团:关于提前赎回立中转债暨即将停止转股的重要提示性公告,其他,2025-12-15,https://data.eastmoney.com/notices/detail/300428/AN202512151801070568.html
300536,农尚环境,农尚环境:关于控股股东所持公司部分股份被司法拍卖完成过户暨股份比例减少触及1%整数倍以及新增轮候冻结的公告,股份质押、冻结,2025-12-15,https://data.eastmoney.com/notices/detail/300536/AN202512151801070580.html
920145,恒合股份,恒合股份:关于变更募集资金用途的公告,变更募集资金投资项目,2025-12-15,https://data.eastmoney.com/notices/detail/920145/AN202512151801070215.html
920145,恒合股份,恒合股份:中信建投证券股份有限公司关于北京恒合信业技术股份有限公司变更募集资金的核查意见,保荐/核查意见,2025-12-15,https://data.eastmoney.com/notices/detail/920145/AN202512151801070212.html
920145,恒合股份,恒合股份:第四届董事会第十一次会议决议公告,董事会决议公告,2025-12-15,https://data.eastmoney.com/notices/detail/920145/AN202512151801070211.html
920145,恒合股份,恒合股份:关于募集资金投资项目结项并将部分节余募集资金永久补充流动资金的公告,募集资金补充流动资金,2025-12-15,https://data.eastmoney.com/notices/detail/920145/AN202512151801070216.html
920145,恒合股份,恒合股份:中信建投证券股份有限公司关于北京恒合信业技术股份有限公司募集资金投资项目结项并将部分节余资金永久性补充流动性的核查意见,保荐/核查意见,2025-12-15,https://data.eastmoney.com/notices/detail/920145/AN202512151801070214.html
920145,恒合股份,恒合股份:关于召开2025年第二次临时股东会通知公告(提供网络投票),召开股东大会通知,2025-12-15,https://data.eastmoney.com/notices/detail/920145/AN202512151801070213.html
300509,新美星,新美星:2025年第一次临时股东会决议公告,股东大会决议公告,2025-12-15,https://data.eastmoney.com/notices/detail/300509/AN202512151801069471.html
300509,新美星,新美星:国浩律师(上海)事务所关于江苏新美星包装机械股份有限公司2025年第一次临时股东会的法律意见书,法律意见书,2025-12-15,https://data.eastmoney.com/notices/detail/300509/AN202512151801069470.html
920679,前进科技,前进科技:关于使用闲置自有资金购买理财产品的进展公告,投资理财,2025-12-15,https://data.eastmoney.com/notices/detail/920679/AN202512151801068154.html
301332,德尔玛,德尔玛:关于完成工商变更登记并换发营业执照的公告,公司注册地址变更,2025-12-15,https://data.eastmoney.com/notices/detail/301332/AN202512151801067963.html
300144,宋城演艺,宋城演艺:关于回购股份事项前十名股东和前十名无限售条件股东持股情况的公告,回购进展情况,2025-12-15,https://data.eastmoney.com/notices/detail/300144/AN202512151801065471.html
300527,ST应急,ST应急:关于完成工商变更登记并换发营业执照的公告,公司注册资本变更,2025-12-15,https://data.eastmoney.com/notices/detail/300527/AN202512151801065477.html
300144,宋城演艺,宋城演艺:关于控股股东部分股份解除质押并再质押的公告,股份质押、冻结,2025-12-15,https://data.eastmoney.com/notices/detail/300144/AN202512151801065470.html
300895,铜牛信息,铜牛信息:关于国有股权非公开协议转让及无偿划转暨控股股东、实际控制人拟发生变更的提示性公告,股权转让,2025-12-15,https://data.eastmoney.com/notices/detail/300895/AN202512151801065473.html
300504,天邑股份,天邑股份:关于变更签字会计师及质量控制复核人的公告,公司关联方基本资料变更,2025-12-15,https://data.eastmoney.com/notices/detail/300504/AN202512151801065474.html
301173,毓恬冠佳,毓恬冠佳:国泰海通证券股份有限公司关于上海毓恬冠佳科技股份有限公司2025年度持续督导培训情况报告,保荐/核查意见,2025-12-15,https://data.eastmoney.com/notices/detail/301173/AN202512151801065479.html
920576,天力复合,天力复合:股票交易异常波动公告,股票交易异常波动,2025-12-15,https://data.eastmoney.com/notices/detail/920576/AN202512151801064481.html
300237,ST美晨,ST美晨:关于公司被移出失信被执行人名单的公告,其他,2025-12-15,https://data.eastmoney.com/notices/detail/300237/AN202512151801064391.html
300191,潜能恒信,潜能恒信:关于控股股东部分股权质押及解除质押的公告,股份质押、冻结,2025-12-15,https://data.eastmoney.com/notices/detail/300191/AN202512151801064392.html
688010,福光股份,福光股份:投资者关系活动记录表 2025-12-12,调研活动,2025-12-15,https://data.eastmoney.com/notices/detail/688010/AN202512151801063621.html
920634,新威凌,新威凌:投资者关系活动记录表,调研活动,2025-12-15,https://data.eastmoney.com/notices/detail/920634/AN202512151801063968.html
920159,农大科技,农大科技:股东会议事规则(上市后适用),议事规则/实施细则,2025-12-15,https://data.eastmoney.com/notices/detail/920159/AN202512151801063829.html
002243,力合科创,力合科创:002243力合科创投资者关系管理信息20251215,调研活动,2025-12-15,https://data.eastmoney.com/notices/detail/002243/AN202512151801062693.html
920533,骏创科技,骏创科技:2025年股票期权激励计划实施考核管理办法,管理办法/制度,2025-12-15,https://data.eastmoney.com/notices/detail/920533/AN202512151801062928.html
920533,骏创科技,骏创科技:独立董事专门会议关于2025年股票期权激励计划(草案)的核查意见,专项说明/独立意见,2025-12-15,https://data.eastmoney.com/notices/detail/920533/AN202512151801062932.html
920533,骏创科技,骏创科技:2025年股票期权激励计划首次授予激励对象名单,股权激励对象名单,2025-12-15,https://data.eastmoney.com/notices/detail/920533/AN202512151801062933.html
920533,骏创科技,骏创科技:上海市锦天城律师事务所关于苏州骏创汽车科技股份有限公司2025年股票期权激励计划之法律意见书,法律意见书,2025-12-15,https://data.eastmoney.com/notices/detail/920533/AN202512151801062934.html
920533,骏创科技,骏创科技:关于召开2025年第二次临时股东会通知公告(提供网络投票),召开股东大会通知,2025-12-15,https://data.eastmoney.com/notices/detail/920533/AN202512151801062930.html
920533,骏创科技,骏创科技:2025年股票期权激励计划(草案),股权激励计划,2025-12-15,https://data.eastmoney.com/notices/detail/920533/AN202512151801062929.html
920533,骏创科技,骏创科技:第四届董事会第十六次会议决议公告,董事会决议公告,2025-12-15,https://data.eastmoney.com/notices/detail/920533/AN202512151801062931.html
920564,天润科技,天润科技:关于取得发明专利证书的公告,获得认证,2025-12-15,https://data.eastmoney.com/notices/detail/920564/AN202512151801061486.html
920564,天润科技,天润科技:股东减持股份结果公告,股东/实际控制人股份减持,2025-12-15,https://data.eastmoney.com/notices/detail/920564/AN202512151801061485.html
300423,昇辉科技,昇辉科技:关于股票交易异常波动的公告,股票交易异常波动,2025-12-15,https://data.eastmoney.com/notices/detail/300423/AN202512151801059350.html
301468,博盈特焊,博盈特焊:关于全资孙公司签订《土地保留合同》的公告,重大合同,2025-12-15,https://data.eastmoney.com/notices/detail/301468/AN202512151801058484.html
920174,五新智能,五新隧装:关于收到中国证券监督管理委员会同意恢复注册发行股份及支付现金购买资产并募集配套资金暨关联交易事项通知的公告,其他增发事项公告,2025-12-15,https://data.eastmoney.com/notices/detail/920174/AN202512151801056758.html
300072,海新能科,海新能科:关于2025年第四次临时股东会增加临时提案暨股东会补充通知的公告,增加股东大会议案,2025-12-15,https://data.eastmoney.com/notices/detail/300072/AN202512151801055883.html
300072,海新能科,海新能科:关于公司董事长、非独立董事辞职暨补选非独立董事的公告,高管人员任职变动,2025-12-15,https://data.eastmoney.com/notices/detail/300072/AN202512151801055887.html
301323,新莱福,新莱福:关于延期回复《关于广州新莱福新材料股份有限公司发行股份及支付现金购买资产并募集配套资金申请的审核问询函》的公告,变更募集资金投资项目,2025-12-15,https://data.eastmoney.com/notices/detail/301323/AN202512151801055888.html
300072,海新能科,海新能科:第六届董事会第三十次会议决议公告,高管人员任职变动,2025-12-15,https://data.eastmoney.com/notices/detail/300072/AN202512151801055889.html
300382,斯莱克,斯莱克:第六届董事会第十五次会议决议公告,董事会决议公告,2025-12-15,https://data.eastmoney.com/notices/detail/300382/AN202512151801053243.html
300246,宝莱特,宝莱特:300246宝莱特投资者关系管理信息20251215,调研活动,2025-12-15,https://data.eastmoney.com/notices/detail/300246/AN202512151801051723.html
600030,中信证券,中信证券:2025年12月12日投资者关系活动记录表,调研活动,2025-12-15,https://data.eastmoney.com/notices/detail/600030/AN202512151801051724.html
301682,宏明电子,3-1-3上市保荐书(注册稿)(成都宏明电子股份有限公司),创业板IPO上市保荐书注册稿,2025-12-15,https://data.eastmoney.com/notices/detail/301682/AN202512151801047966.html
301682,宏明电子,3-1-2发行保荐书(注册稿)(成都宏明电子股份有限公司),创业板IPO发行保荐书注册稿,2025-12-15,https://data.eastmoney.com/notices/detail/301682/AN202512151801047964.html
688521,芯原股份,芯原股份:2025年12月14日投资者关系活动记录表,调研活动,2025-12-15,https://data.eastmoney.com/notices/detail/688521/AN202512151801050798.html
301682,宏明电子,1-1招股说明书(注册稿)(成都宏明电子股份有限公司),创业板IPO招股说明书注册稿,2025-12-15,https://data.eastmoney.com/notices/detail/301682/AN202512151801047965.html
688110,东芯股份,东芯股份:东芯半导体股份有限公司投资者关系活动记录表(2025年12月15日),调研活动,2025-12-15,https://data.eastmoney.com/notices/detail/688110/AN202512151801050326.html
688799,华纳药厂,华纳药厂:投资者关系活动记录表(2025年12月) - 1,调研活动,2025-12-15,https://data.eastmoney.com/notices/detail/688799/AN202512151801049818.html
600250,南京商旅,南京商旅:2025年第三季度业绩说明会投资者关系活动记录表,调研活动,2025-12-15,https://data.eastmoney.com/notices/detail/600250/AN202512151801049389.html
002202,金风科技,金风科技:2025年12月15日投资者关系活动记录表,调研活动,2025-12-15,https://data.eastmoney.com/notices/detail/002202/AN202512151801049151.html
000958,电投产融,4-2本次重大资产重组涉及的拟购买资产的评估报告及评估说明，或者估值报告(注册稿)(国家电投集团产融控股股份有限公司),深主板并购重组资产评估报告,2025-12-15,https://data.eastmoney.com/notices/detail/000958/AN202512151801046950.html
920169,七丰精工,七丰精工:关于减少注册资本通知债权人的公告,公司注册资本变更,2025-12-15,https://data.eastmoney.com/notices/detail/920169/AN202512151801048124.html
000958,电投产融,3-1独立财务顾问报告(注册稿)(国家电投集团产融控股股份有限公司),深主板并购重组独立财务顾问报告,2025-12-15,https://data.eastmoney.com/notices/detail/000958/AN202512151801046947.html
300506,名家汇,*ST名家:关于重整计划资本公积金转增股本事项实施的公告,分配方案实施,2025-12-15,https://data.eastmoney.com/notices/detail/300506/AN202512151801046991.html
300506,名家汇,*ST名家:关于公司重整股价可能向下除权的第二次风险提示公告,风险提示性公告,2025-12-15,https://data.eastmoney.com/notices/detail/300506/AN202512151801046992.html
002500,山西证券,山西证券:中信证券股份有限公司关于山西证券股份有限公司取消监事会并修订《公司章程》的受托管理事务临时报告,其他,2025-12-15,https://data.eastmoney.com/notices/detail/002500/AN202512151801046995.html
300642,透景生命,透景生命:关于控股子公司取得医疗器械注册证的公告,其他,2025-12-15,https://data.eastmoney.com/notices/detail/300642/AN202512151801046999.html
920169,七丰精工,七丰精工:2025年第三次临时股东会决议公告,股东大会决议公告,2025-12-15,https://data.eastmoney.com/notices/detail/920169/AN202512151801046578.html
920169,七丰精工,七丰精工:公司章程,公司章程,2025-12-15,https://data.eastmoney.com/notices/detail/920169/AN202512151801046577.html
920169,七丰精工,七丰精工:浙江海赛律师事务所关于七丰精工科技股份有限公司2025年第三次临时股东会的法律意见书,法律意见书,2025-12-15,https://data.eastmoney.com/notices/detail/920169/AN202512151801046579.html
920753,天纺标,天纺标:关于全资子公司完成工商登记并取得营业执照的公告,公司关联方基本资料变更,2025-12-15,https://data.eastmoney.com/notices/detail/920753/AN202512151801045015.html
300298,三诺生物,三诺生物:关于控股股东部分股份补充质押的公告,股份质押、冻结,2025-12-15,https://data.eastmoney.com/notices/detail/300298/AN202512151801044853.html
300298,三诺生物,三诺生物:关于三诺转债2025年付息的公告,其他,2025-12-15,https://data.eastmoney.com/notices/detail/300298/AN202512151801044852.html
301139,*ST元道,元道通信:关于控股股东部分股份质押的公告,股份质押、冻结,2025-12-15,https://data.eastmoney.com/notices/detail/301139/AN202512151801044849.html
920533,骏创科技,骏创科技:涉及仲裁进展公告,诉讼仲裁,2025-12-15,https://data.eastmoney.com/notices/detail/920533/AN202512151801043964.html
300999,金龙鱼,金龙鱼:关于召开2025年第一次临时股东大会的提示性公告,召开股东大会提示性公告,2025-12-15,https://data.eastmoney.com/notices/detail/300999/AN202512151801043844.html
301387,光大同创,光大同创:关于控股股东部分股份质押的公告,股份质押、冻结,2025-12-15,https://data.eastmoney.com/notices/detail/301387/AN202512151801043846.html
301267,华厦眼科,华厦眼科:2025年中期分红派息实施公告,分配方案实施,2025-12-15,https://data.eastmoney.com/notices/detail/301267/AN202512151801043847.html
300989,蕾奥规划,蕾奥规划:关于持股5%以上股东权益变动触及1%整数倍的公告,权益变动报告书,2025-12-15,https://data.eastmoney.com/notices/detail/300989/AN202512151801043843.html
301193,家联科技,家联科技:关于“家联转债”2025年付息的公告,其他,2025-12-15,https://data.eastmoney.com/notices/detail/301193/AN202512151801043845.html
920433,大唐药业,大唐药业:关于控股股东及一致行动人权益变动触及1%整数倍的提示性公告,权益变动报告书,2025-12-15,https://data.eastmoney.com/notices/detail/920433/AN202512151801043465.html
001260,坤泰股份,坤泰股份:坤泰股份投资者关系活动记录表,调研活动,2025-12-15,https://data.eastmoney.com/notices/detail/001260/AN202512151801042585.html
301062,上海艾录,上海艾录:关于签署战略合作协议的自愿性披露公告,签订协议,2025-12-15,https://data.eastmoney.com/notices/detail/301062/AN202512151801041857.html
301046,能辉科技,能辉科技:关于提前赎回“能辉转债”的第九次提示性公告,其他,2025-12-15,https://data.eastmoney.com/notices/detail/301046/AN202512151801041858.html
920047,诺思兰德,诺思兰德:关于使用部分闲置自有资金委托理财的进展公告,委托（受托）事项,2025-12-15,https://data.eastmoney.com/notices/detail/920047/AN202512151801041417.html
920680,广道退,广道退:关于公司股票进入退市整理期交易的第四次风险提示公告,实施退市风险警示,2025-12-15,https://data.eastmoney.com/notices/detail/920680/AN202512151801040871.html
301188,力诺药包,力诺药包:关于股份回购结果暨股份变动的公告,股本变动,2025-12-15,https://data.eastmoney.com/notices/detail/301188/AN202512151801040806.html
600096,云天化,云天化:投资者关系活动记录表,调研活动,2025-12-15,https://data.eastmoney.com/notices/detail/600096/AN202512151801039606.html
920821,则成电子,则成电子:关于使用部分闲置自有资金进行现金管理的进展公告,投资理财,2025-12-15,https://data.eastmoney.com/notices/detail/920821/AN202512151801039872.html
601728,中国电信,中国电信:中国电信股份有限公司投资者关系活动记录表(2025-001),调研活动,2025-12-15,https://data.eastmoney.com/notices/detail/601728/AN202512151801038721.html
920414,欧普泰,欧普泰:2024年股票期权激励计划部分股票期权注销完成公告,股权激励进展公告,2025-12-15,https://data.eastmoney.com/notices/detail/920414/AN202512151801038802.html
920218,新天力,新天力:上海精诚磐明律师事务所关于新天力科技股份有限公司2025年第四次临时股东会的法律意见书,法律意见书,2025-12-15,https://data.eastmoney.com/notices/detail/920218/AN202512151801038247.html
001220,世盟股份,关于同意世盟股份首次公开发行股票注册的批复,深主板发行上市审核注册结果通知,2025-12-15,https://data.eastmoney.com/notices/detail/001220/AN202512151801037688.html
920218,新天力,新天力:2025年第四次临时股东会会议决议公告,股东大会决议公告,2025-12-15,https://data.eastmoney.com/notices/detail/920218/AN202512151801037641.html
301398,星源卓镁,星源卓镁:第三届董事会第十八次会议决议公告,高管人员任职变动,2025-12-15,https://data.eastmoney.com/notices/detail/301398/AN202512151801036698.html
301398,星源卓镁,星源卓镁:关于选举第三届董事会职工代表董事的公告,高管人员任职变动,2025-12-15,https://data.eastmoney.com/notices/detail/301398/AN202512151801036700.html
301398,星源卓镁,星源卓镁:关于聘任公司高级管理人员的公告,高管人员任职变动,2025-12-15,https://data.eastmoney.com/notices/detail/301398/AN202512151801036696.html
300973,立高食品,立高食品:关于完成工商变更登记并换发营业执照的公告,公司注册资本变更,2025-12-15,https://data.eastmoney.com/notices/detail/300973/AN202512151801036699.html
300891,惠云钛业,惠云钛业:关于惠云转债可能触发向下修正转股价格条件的提示性公告,转股价格调整和修正提示性公告,2025-12-15,https://data.eastmoney.com/notices/detail/300891/AN202512151801036697.html
002939,长城证券,长城证券:长城证券股份有限公司2024年面向专业投资者公开发行次级公司债券(第二期)(品种二)2025年付息公告,其他,2025-12-15,https://data.eastmoney.com/notices/detail/002939/AN202512151801035614.html
002939,长城证券,长城证券:长城证券股份有限公司2024年面向专业投资者公开发行次级公司债券(第二期)(品种一)2025年付息公告,其他,2025-12-15,https://data.eastmoney.com/notices/detail/002939/AN202512151801035612.html
300681,英搏尔,英搏尔:关于提前赎回“英搏转债”的第一次提示性公告,其他,2025-12-15,https://data.eastmoney.com/notices/detail/300681/AN202512151801035613.html
301157,华塑科技,华塑科技:关于变更签字注册会计师的公告,公司关联方基本资料变更,2025-12-15,https://data.eastmoney.com/notices/detail/301157/AN202512151801034511.html
920363,莱赛激光,莱赛激光:回购股份报告书公告,回购报告书,2025-12-15,https://data.eastmoney.com/notices/detail/920363/AN202512151801033912.html
920403,康农种业,康农种业:关于对全资子公司增加注册资本并拟设立境外二级子公司的公告,投资设立公司,2025-12-15,https://data.eastmoney.com/notices/detail/920403/AN202512151801033911.html
920363,莱赛激光,莱赛激光:前十大股东和前十大无限售条件股东情况公告,其他,2025-12-15,https://data.eastmoney.com/notices/detail/920363/AN202512151801033910.html
920111,聚星科技,聚星科技:关于使用部分闲置募集资金进行现金管理的公告,投资理财,2025-12-15,https://data.eastmoney.com/notices/detail/920111/AN202512151801033349.html
920111,聚星科技,聚星科技:国投证券股份有限公司关于温州聚星科技股份有限公司使用部分闲置募集资金暂时补充流动资金事项的核查意见,保荐/核查意见,2025-12-15,https://data.eastmoney.com/notices/detail/920111/AN202512151801033350.html
920111,聚星科技,聚星科技:国投证券股份有限公司关于温州聚星科技股份有限公司使用闲置募集资金进行现金管理的核查意见,保荐/核查意见,2025-12-15,https://data.eastmoney.com/notices/detail/920111/AN202512151801033353.html
920111,聚星科技,聚星科技:第三届董事会第五次会议决议公告,董事会决议公告,2025-12-15,https://data.eastmoney.com/notices/detail/920111/AN202512151801033352.html
920111,聚星科技,聚星科技:关于召开2025年第四次临时股东会通知公告,召开股东大会通知,2025-12-15,https://data.eastmoney.com/notices/detail/920111/AN202512151801033356.html
920111,聚星科技,聚星科技:关于使用部分闲置募集资金暂时补充流动资金的公告,募集资金补充流动资金,2025-12-15,https://data.eastmoney.com/notices/detail/920111/AN202512151801033354.html
920111,聚星科技,聚星科技:拟续聘2025年度会计师事务所公告,审计机构变更,2025-12-15,https://data.eastmoney.com/notices/detail/920111/AN202512151801033355.html
920111,聚星科技,聚星科技:关于使用部分闲置自有资金进行现金管理的公告,投资理财,2025-12-15,https://data.eastmoney.com/notices/detail/920111/AN202512151801033351.html
920159,农大科技,农大科技:独立董事关于第二届董事会第五次会议相关事项的独立意见,专项说明/独立意见,2025-12-15,https://data.eastmoney.com/notices/detail/920159/AN202512151801033252.html
920159,农大科技,农大科技:关于公司高级管理人员及核心员工拟设立专项资产管理计划参与公司向不特定合格投资者公开发行股票并在北交所上市战略配售的公告,投资设立公司,2025-12-15,https://data.eastmoney.com/notices/detail/920159/AN202512151801033249.html
920892,广咨国际,广咨国际:股票解除限售公告,限售股份上市流通,2025-12-15,https://data.eastmoney.com/notices/detail/920892/AN202512151801032821.html
920159,农大科技,农大科技:关于对拟认定核心员工进行公示并征求意见的公告,高管人员任职变动,2025-12-15,https://data.eastmoney.com/notices/detail/920159/AN202512151801032779.html
300552,万集科技,万集科技:关于控股股东、实际控制人部分股份质押及解除质押的公告,股份质押、冻结,2025-12-15,https://data.eastmoney.com/notices/detail/300552/AN202512151801032480.html
300986,志特新材,志特新材:关于为子公司提供担保的进展公告,提供/对外担保公告,2025-12-15,https://data.eastmoney.com/notices/detail/300986/AN202512151801032478.html
300377,赢时胜,赢时胜:关于控股股东、实际控制人及一致行动人权益变动触及1%整数倍的公告,权益变动报告书,2025-12-15,https://data.eastmoney.com/notices/detail/300377/AN202512151801032479.html
300751,迈为股份,迈为股份:关于控股股东部分股份质押展期的公告,股份质押、冻结,2025-12-15,https://data.eastmoney.com/notices/detail/300751/AN202512151801032481.html
301052,果麦文化,果麦文化:关于变更签字注册会计师的公告,公司关联方基本资料变更,2025-12-15,https://data.eastmoney.com/notices/detail/301052/AN202512151801032437.html
300652,雷迪克,雷迪克:关于受让上海傲意信息科技有限公司部分股权并向其增资的进展公告,增资扩股,2025-12-15,https://data.eastmoney.com/notices/detail/300652/AN202512151801032436.html
920159,农大科技,农大科技:关于预计2026年日常性关联交易的公告,关联交易,2025-12-15,https://data.eastmoney.com/notices/detail/920159/AN202512151801032101.html
920159,农大科技,农大科技:委托理财的公告,委托（受托）事项,2025-12-15,https://data.eastmoney.com/notices/detail/920159/AN202512151801031741.html
300242,佳云科技,佳云科技:关于控股股东上层股权结构变动的提示性公告,公司关联方基本资料变更,2025-12-15,https://data.eastmoney.com/notices/detail/300242/AN202512151801031392.html
301317,鑫磊股份,鑫磊股份:关于收到土地收购款及补偿款的公告,其他,2025-12-15,https://data.eastmoney.com/notices/detail/301317/AN202512151801031384.html
300118,东方日升,东方日升:关于股价异动的公告,股票交易异常波动,2025-12-15,https://data.eastmoney.com/notices/detail/300118/AN202512151801031391.html
300307,慈星股份,慈星股份:关于控股股东部分股份解除质押及质押的公告,股份质押、冻结,2025-12-15,https://data.eastmoney.com/notices/detail/300307/AN202512151801031388.html
300552,万集科技,万集科技:关于获得发明专利证书的公告,获得认证,2025-12-15,https://data.eastmoney.com/notices/detail/300552/AN202512151801031378.html
300885,海昌新材,海昌新材:2025年第二次临时股东会决议公告,股东大会决议公告,2025-12-15,https://data.eastmoney.com/notices/detail/300885/AN202512151801030515.html
300885,海昌新材,海昌新材:北京市康达律师事务所关于扬州海昌新材股份有限公司2025年第二次临时股东会的法律意见书,法律意见书,2025-12-15,https://data.eastmoney.com/notices/detail/300885/AN202512151801030514.html
920159,农大科技,农大科技:章程(草案)(上市后适用),公司章程,2025-12-15,https://data.eastmoney.com/notices/detail/920159/AN202512151801029548.html
920159,农大科技,农大科技:第二届董事会第五次会议决议公告,高管人员任职变动,2025-12-15,https://data.eastmoney.com/notices/detail/920159/AN202512151801029172.html
920159,农大科技,农大科技:关于召开2025年第四次临时股东会会议通知公告,召开股东大会通知,2025-12-15,https://data.eastmoney.com/notices/detail/920159/AN202512151801029156.html
300070,碧水源,碧水源:关于持股5%以上股东所持公司部分股份被司法拍卖的进展公告,诉讼仲裁,2025-12-15,https://data.eastmoney.com/notices/detail/300070/AN202512151801026345.html
920077,吉林碳谷,吉林碳谷:2025年第七次临时股东会决议公告,股东大会决议公告,2025-12-15,https://data.eastmoney.com/notices/detail/920077/AN202512151801026222.html
920077,吉林碳谷,吉林碳谷:吉林琴明世兴律师事务所关于吉林碳谷碳纤维股份有限公司2025年第七次临时股东会的法律意见书,法律意见书,2025-12-15,https://data.eastmoney.com/notices/detail/920077/AN202512151801026223.html
920050,爱舍伦,爱舍伦:关于申请公开发行股票并在北交所上市暨停牌进展公告,停牌公告,2025-12-15,https://data.eastmoney.com/notices/detail/920050/AN202512151801025391.html
301109,军信股份,军信股份:关于使用闲置自有资金进行现金管理到期赎回并继续进行现金管理的公告,投资理财,2025-12-15,https://data.eastmoney.com/notices/detail/301109/AN202512151801025332.html
920496,许昌智能,许昌智能:关于中标国家电网相关项目的提示性公告,重大合同,2025-12-15,https://data.eastmoney.com/notices/detail/920496/AN202512151801025135.html
920011,晨光电机,晨光电机:第一届董事会第十七次会议决议公告,董事会决议公告,2025-12-15,https://data.eastmoney.com/notices/detail/920011/AN202512151801024335.html
920271,邦德股份,邦德股份:关于公司入选第九批山东省制造业单项冠军企业并完成公示的公告,其他,2025-12-15,https://data.eastmoney.com/notices/detail/920271/AN202512151801024083.html
300695,兆丰股份,兆丰股份:关于变更持续督导保荐代表人的公告,保荐代表人（机构）变更,2025-12-15,https://data.eastmoney.com/notices/detail/300695/AN202512151801023284.html
300337,银邦股份,银邦股份:国盛证券有限责任公司关于银邦金属复合股份有限公司2025年持续督导定期现场检查报告,保荐/核查意见,2025-12-15,https://data.eastmoney.com/notices/detail/300337/AN202512151801023283.html
301293,三博脑科,三博脑科:关于与专业投资机构共同投资认购的基金存续期变更并签订补充协议的公告,签订协议,2025-12-15,https://data.eastmoney.com/notices/detail/301293/AN202512151801023285.html
300677,英科医疗,英科医疗:关于为子公司提供担保事项的进展公告,提供/对外担保公告,2025-12-15,https://data.eastmoney.com/notices/detail/300677/AN202512151801022336.html
300046,台基股份,台基股份:关于收到湖北省国资委批复暨公司控制权拟发生变更事项的进展公告,其他,2025-12-15,https://data.eastmoney.com/notices/detail/300046/AN202512151801022333.html
301361,众智科技,众智科技:关于继续使用部分闲置募集资金及超募资金进行现金管理的进展公告,募集资金使用进展情况,2025-12-15,https://data.eastmoney.com/notices/detail/301361/AN202512151801022335.html
688059,华锐精密,华锐精密:投资者关系活动记录表(2025年12月15日),调研活动,2025-12-15,https://data.eastmoney.com/notices/detail/688059/AN202512151801020000.html
300232,洲明科技,洲明科技:关于部分回购股份注销完成暨股份变动的公告,股本变动,2025-12-15,https://data.eastmoney.com/notices/detail/300232/AN202512151801021343.html
300915,海融科技,海融科技:关于使用闲置募集资金进行现金管理到期赎回的公告,投资理财,2025-12-15,https://data.eastmoney.com/notices/detail/300915/AN202512151801021345.html
300565,科信技术,科信技术:关于更换持续督导保荐代表人的公告,保荐代表人（机构）变更,2025-12-15,https://data.eastmoney.com/notices/detail/300565/AN202512151801021344.html
300765,石药创新,新诺威:关于使用部分闲置募集资金进行现金管理的进展公告,募集资金使用进展情况,2025-12-15,https://data.eastmoney.com/notices/detail/300765/AN202512151801021346.html
300711,广哈通信,1-1募集说明书(申报稿)(广州广哈通信股份有限公司),创业板再融资募集说明书申报稿,2025-12-15,https://data.eastmoney.com/notices/detail/300711/AN202512151801019275.html
000898,鞍钢股份,鞍钢股份:2025年12月12日投资者关系活动记录表,调研活动,2025-12-15,https://data.eastmoney.com/notices/detail/000898/AN202512151801019524.html
300752,隆利科技,隆利科技:关于投资协议的进展公告,对外项目投资,2025-12-15,https://data.eastmoney.com/notices/detail/300752/AN202512151801019756.html
300878,维康药业,维康药业:关于公司药品生产许可证变更的公告,其他,2025-12-15,https://data.eastmoney.com/notices/detail/300878/AN202512151801019752.html
300668,杰恩股份,杰恩设计:关于持股5%以上股东股份质押的公告,股份质押、冻结,2025-12-15,https://data.eastmoney.com/notices/detail/300668/AN202512151801016190.html
000713,国投丰乐,关于同意国投丰乐再融资注册的批复,深主板发行上市审核注册结果通知,2025-12-15,https://data.eastmoney.com/notices/detail/000713/AN202512151801014070.html
920263,中航泰达,中航泰达:关于预计公司2026年度申请金融机构综合授信的公告,借贷,2025-12-15,https://data.eastmoney.com/notices/detail/920263/AN202512151801013639.html
920263,中航泰达,中航泰达:关于预计2026年度日常性关联交易的公告,关联交易,2025-12-15,https://data.eastmoney.com/notices/detail/920263/AN202512151801013637.html
920263,中航泰达,中航泰达:关于召开2025年第二次临时股东会通知公告(提供网络投票),召开股东大会通知,2025-12-15,https://data.eastmoney.com/notices/detail/920263/AN202512151801013636.html
920263,中航泰达,中航泰达:关于拟增加经营范围及修订《公司章程》的公告,公司经营范围变更,2025-12-15,https://data.eastmoney.com/notices/detail/920263/AN202512151801013635.html
920263,中航泰达,中航泰达:第四届董事会第十四次会议决议公告,董事会决议公告,2025-12-15,https://data.eastmoney.com/notices/detail/920263/AN202512151801013638.html
920289,华汇智能,华汇智能:关于延长股东会授权董事会办理公司向不特定合格投资者公开发行股票并在北京证券交易所上市有关事宜的授权有效期的公告,增发方案修订,2025-12-15,https://data.eastmoney.com/notices/detail/920289/AN202512151801012625.html
920112,巴兰仕,巴兰仕:关于使用自有闲置资金委托理财的进展公告,委托（受托）事项,2025-12-15,https://data.eastmoney.com/notices/detail/920112/AN202512151801012418.html
300919,中伟新材,中伟股份:关于公司境外上市股份(H股)调入港股通标的证券名单的公告,其他,2025-12-15,https://data.eastmoney.com/notices/detail/300919/AN202512151801011353.html
002103,广博股份,广博股份:002103广博股份投资者关系管理信息20251215,调研活动,2025-12-15,https://data.eastmoney.com/notices/detail/002103/AN202512151801011113.html
920289,华汇智能,华汇智能:关于调整公司向不特定合格投资者公开发行股票并在北京证券交易所上市的募集资金金额的公告,变更募集资金投资项目,2025-12-15,https://data.eastmoney.com/notices/detail/920289/AN202512151801011531.html
920289,华汇智能,华汇智能:关于召开2025年第二次临时股东会会议通知公告(提供网络投票),召开股东大会通知,2025-12-15,https://data.eastmoney.com/notices/detail/920289/AN202512151801011530.html
920289,华汇智能,华汇智能:独立董事关于第一届董事会第二十三次会议相关事项的独立意见,专项说明/独立意见,2025-12-15,https://data.eastmoney.com/notices/detail/920289/AN202512151801010543.html
920289,华汇智能,华汇智能:第一届董事会第五次独立董事专门会议审核意见,专项说明/独立意见,2025-12-15,https://data.eastmoney.com/notices/detail/920289/AN202512151801009996.html
920289,华汇智能,华汇智能:2025年1-9月非经常性损益鉴证报告,保荐/核查意见,2025-12-15,https://data.eastmoney.com/notices/detail/920289/AN202512151801009557.html
920289,华汇智能,华汇智能:内部控制审计报告,审计报告,2025-12-15,https://data.eastmoney.com/notices/detail/920289/AN202512151801008520.html
300335,迪森股份,迪森股份:关于完成工商变更登记并换发营业执照的公告,公司其他基本信息变更,2025-12-15,https://data.eastmoney.com/notices/detail/300335/AN202512151801008391.html
300158,振东制药,振东制药:北京大成律师事务所关于山西振东制药股份有限公司第四期员工持股计划的法律意见书,法律意见书,2025-12-15,https://data.eastmoney.com/notices/detail/300158/AN202512151801008378.html
300221,银禧科技,银禧科技:关于公司下属子公司增资完成工商登记变更的公告,公司关联方基本资料变更,2025-12-15,https://data.eastmoney.com/notices/detail/300221/AN202512151801008381.html
300406,九强生物,九强生物:关于取得医疗器械注册证书的公告,获得认证,2025-12-15,https://data.eastmoney.com/notices/detail/300406/AN202512151801008370.html
920289,华汇智能,华汇智能:内部控制自我评价报告,内部控制报告,2025-12-15,https://data.eastmoney.com/notices/detail/920289/AN202512151801007965.html
920289,华汇智能,华汇智能:2025年1-9月审计报告,审计报告,2025-12-15,https://data.eastmoney.com/notices/detail/920289/AN202512151801007513.html
301519,舜禹股份,舜禹股份:关于股份回购结果暨股份变动的公告,股本变动,2025-12-15,https://data.eastmoney.com/notices/detail/301519/AN202512151801006422.html
300826,测绘股份,测绘股份:关于公司涉及重大诉讼的进展公告,诉讼仲裁,2025-12-15,https://data.eastmoney.com/notices/detail/300826/AN202512151801006424.html
300787,海能实业,海能实业:关于持股5%以上股东部分股份解除质押的公告,股份质押、冻结,2025-12-15,https://data.eastmoney.com/notices/detail/300787/AN202512151801006423.html
300653,正海生物,正海生物:关于签订技术开发合同的公告,重大合同,2025-12-15,https://data.eastmoney.com/notices/detail/300653/AN202512151801006429.html
300861,美畅股份,美畅股份:关于完成工商变更登记并换发营业执照的公告,公司注册资本变更,2025-12-15,https://data.eastmoney.com/notices/detail/300861/AN202512151801006428.html
920976,视声智能,视声智能:关于使用闲置自有资金进行现金管理的进展公告,投资理财,2025-12-15,https://data.eastmoney.com/notices/detail/920976/AN202512151801006345.html
920304,迪尔化工,迪尔化工:中泰证券股份有限公司关于山东华阳迪尔化工股份有限公司预计2026年日常性关联交易的核查意见,保荐/核查意见,2025-12-15,https://data.eastmoney.com/notices/detail/920304/AN202512151801003849.html
920304,迪尔化工,迪尔化工:关于预计2026年日常性关联交易的公告,关联交易,2025-12-15,https://data.eastmoney.com/notices/detail/920304/AN202512151801003846.html
920304,迪尔化工,迪尔化工:关于年产20万吨熔盐储能项目(一期)开展技术改造的公告,其他,2025-12-15,https://data.eastmoney.com/notices/detail/920304/AN202512151801003848.html
920304,迪尔化工,迪尔化工:第五届董事会第三次会议决议公告,董事会决议公告,2025-12-15,https://data.eastmoney.com/notices/detail/920304/AN202512151801003847.html
601827,三峰环境,三峰环境:投资者关系活动记录表 (2025年12月10日) ,调研活动,2025-12-15,https://data.eastmoney.com/notices/detail/601827/AN202512151801003200.html
300827,上能电气,上能电气:董事会薪酬与考核委员会关于2022年限制性股票激励计划第一批预留授予部分第三个归属期归属名单的核查意见,专项说明/独立意见,2025-12-15,https://data.eastmoney.com/notices/detail/300827/AN202512151801003574.html
300827,上能电气,上能电气:第四届董事会第二十次会议决议公告,董事会决议公告,2025-12-15,https://data.eastmoney.com/notices/detail/300827/AN202512151801003575.html
300827,上能电气,上能电气:北京国枫律师事务所关于上能电气股份有限公司2022年限制性股票激励计划第一批预留授予部分第三个归属期归属事项的法律意见书,法律意见书,2025-12-15,https://data.eastmoney.com/notices/detail/300827/AN202512151801003577.html
300827,上能电气,上能电气:关于公司2022年限制性股票激励计划第一批预留授予部分第三个归属期符合归属条件的公告,股权激励进展公告,2025-12-15,https://data.eastmoney.com/notices/detail/300827/AN202512151801003578.html
301017,漱玉平民,漱玉平民:关于为控股子公司提供担保的进展公告,提供/对外担保公告,2025-12-15,https://data.eastmoney.com/notices/detail/301017/AN202512151801002511.html
300314,戴维医疗,戴维医疗:关于公司部分医疗器械产品完成延续注册的公告,其他,2025-12-15,https://data.eastmoney.com/notices/detail/300314/AN202512151801001522.html
300997,欢乐家,欢乐家:关于为全资子公司向银行申请融资提供担保的进展公告,提供/对外担保公告,2025-12-15,https://data.eastmoney.com/notices/detail/300997/AN202512151801001521.html
301020,密封科技,密封科技:密封科技2025年12月12日投资者关系活动记录表,调研活动,2025-12-15,https://data.eastmoney.com/notices/detail/301020/AN202512151800999969.html
301120,新特电气,新特电气:关于新华都特种电气股份有限公司2025年定期现场检查报告,保荐/核查意见,2025-12-15,https://data.eastmoney.com/notices/detail/301120/AN202512151801000518.html
301575,艾芬达,艾芬达:关于变更签字注册会计师及项目质量控制复核人的公告,公司关联方基本资料变更,2025-12-15,https://data.eastmoney.com/notices/detail/301575/AN202512151801000521.html
603291,联合水务,联合水务:江苏联合水务科技股份有限公司2025年12月15日投资者关系活动记录表,调研活动,2025-12-15,https://data.eastmoney.com/notices/detail/603291/AN202512151800998988.html
603499,翔港科技,翔港科技:上海翔港包装科技股份有限公司投资者关系活动记录表(12月12日),调研活动,2025-12-15,https://data.eastmoney.com/notices/detail/603499/AN202512151800998987.html
002573,清新环境,清新环境:北京清新环境技术股份有限公司2025年面向专业投资者公开发行科技创新公司债券(第二期)募集说明书,其他,2025-12-15,https://data.eastmoney.com/notices/detail/002573/AN202512151800999553.html
002573,清新环境,清新环境:北京清新环境技术股份有限公司2025年面向专业投资者公开发行科技创新公司债券(第二期)更名公告,其他,2025-12-15,https://data.eastmoney.com/notices/detail/002573/AN202512151800999552.html
002573,清新环境,清新环境:北京清新环境技术股份有限公司2025年面向专业投资者公开发行科技创新公司债券(第二期)发行公告,其他,2025-12-15,https://data.eastmoney.com/notices/detail/002573/AN202512151800999551.html
300276,三丰智能,三丰智能:关于控股股东、实际控制人及其一致行动人部分股份质押展期的公告,股份质押、冻结,2025-12-15,https://data.eastmoney.com/notices/detail/300276/AN202512151800998996.html
300836,佰奥智能,佰奥智能:关于收到中标通知书的公告,重大合同,2025-12-15,https://data.eastmoney.com/notices/detail/300836/AN202512151800997540.html
300990,同飞股份,同飞股份:关于完成天津分公司工商注册登记的公告,公司关联方基本资料变更,2025-12-15,https://data.eastmoney.com/notices/detail/300990/AN202512151800997538.html
300474,景嘉微,景嘉微:关于控股子公司边端侧AISoC芯片研发进展情况的公告,其他,2025-12-15,https://data.eastmoney.com/notices/detail/300474/AN202512151800997539.html
920242,建邦科技,建邦科技:关于2022年股权激励计划(草案)部分股票期权注销完成公告,股权激励进展公告,2025-12-15,https://data.eastmoney.com/notices/detail/920242/AN202512151800996676.html
920289,华汇智能,华汇智能:第一届董事会第二十三次会议决议公告,董事会决议公告,2025-12-15,https://data.eastmoney.com/notices/detail/920289/AN202512151800996219.html
301237,和顺科技,和顺科技:关于控股子公司碳纤维项目取得进展的公告,其他,2025-12-15,https://data.eastmoney.com/notices/detail/301237/AN202512151800996029.html
300094,国联水产,国联水产:关于变更持续督导保荐代表人的公告,保荐代表人（机构）变更,2025-12-15,https://data.eastmoney.com/notices/detail/300094/AN202512151800995990.html
920011,晨光电机,晨光电机:关于公司申请向不特定合格投资者公开发行股票并在北京证券交易所上市后三年内稳定股价预案(第二次修订稿)的公告,其他,2025-12-15,https://data.eastmoney.com/notices/detail/920011/AN202512151800995706.html
920011,晨光电机,晨光电机:独立董事关于第一届董事会第十七次会议相关事项的独立意见,专项说明/独立意见,2025-12-15,https://data.eastmoney.com/notices/detail/920011/AN202512151800995708.html
920011,晨光电机,晨光电机:关于调整公司申请向不特定合格投资者公开发行股票并在北京证券交易所上市的募集资金金额的公告,变更募集资金投资项目,2025-12-15,https://data.eastmoney.com/notices/detail/920011/AN202512151800995203.html
920011,晨光电机,晨光电机:2025年1-9月审阅报告及财务报表,保荐/核查意见,2025-12-15,https://data.eastmoney.com/notices/detail/920011/AN202512151800994666.html
688047,龙芯中科,龙芯中科:投资者关系活动记录表(2025年12月11日),调研活动,2025-12-15,https://data.eastmoney.com/notices/detail/688047/AN202512151800991915.html
688160,步科股份,步科股份:投资者关系活动记录表(2025年12月11日-12日),调研活动,2025-12-15,https://data.eastmoney.com/notices/detail/688160/AN202512151800990973.html
301053,远信工业,远信工业:关于2025年度买方信贷对外担保的进展公告,提供/对外担保公告,2025-12-15,https://data.eastmoney.com/notices/detail/301053/AN202512151800989152.html
920212,智新电子,智新电子:关于预计2026年日常性关联交易的公告,关联交易,2025-12-15,https://data.eastmoney.com/notices/detail/920212/AN202512151800988706.html
920212,智新电子,智新电子:第四届董事会第九次会议决议公告,董事会决议公告,2025-12-15,https://data.eastmoney.com/notices/detail/920212/AN202512151800988708.html
920212,智新电子,智新电子:关于召开2025年第二次临时股东会通知公告,召开股东大会通知,2025-12-15,https://data.eastmoney.com/notices/detail/920212/AN202512151800988707.html
920176,维琪科技,维琪科技:2025年1-9月财务报表审阅报告,保荐/核查意见,2025-12-15,https://data.eastmoney.com/notices/detail/920176/AN202512151800987799.html
920176,维琪科技,维琪科技:独立董事关于第二届董事会第七次会议相关事宜的独立意见,专项说明/独立意见,2025-12-15,https://data.eastmoney.com/notices/detail/920176/AN202512151800987293.html
920786,骑士乳业,骑士乳业:为子公司提供担保公告,提供/对外担保公告,2025-12-15,https://data.eastmoney.com/notices/detail/920786/AN202512151800987248.html
920786,骑士乳业,骑士乳业:第六届董事会第二十八次会议决议公告,董事会决议公告,2025-12-15,https://data.eastmoney.com/notices/detail/920786/AN202512151800987249.html
300337,银邦股份,银邦股份:银邦股份关于为全资子公司提供担保的进展公告,提供/对外担保公告,2025-12-15,https://data.eastmoney.com/notices/detail/300337/AN202512151800987167.html
301328,维峰电子,维峰电子:关于全资子公司变更住所并完成工商变更登记的公告,公司关联方基本资料变更,2025-12-15,https://data.eastmoney.com/notices/detail/301328/AN202512151800987166.html
920176,维琪科技,维琪科技:第二届董事会第七次会议决议公告,董事会决议公告,2025-12-15,https://data.eastmoney.com/notices/detail/920176/AN202512151800986305.html
300358,楚天科技,楚天科技:关于楚天转债赎回实施暨即将停止交易的重要提示性公告,其他,2025-12-15,https://data.eastmoney.com/notices/detail/300358/AN202512151800986258.html
300573,兴齐眼药,兴齐眼药:关于取得换发《药品生产许可证》的公告,获得认证,2025-12-15,https://data.eastmoney.com/notices/detail/300573/AN202512151800986257.html
688727,恒坤新材,恒坤新材:第四届董事会提名委员会关于第五届董事会独立董事候选人任职资格的审核意见,专项说明/独立意见,2025-12-15,https://data.eastmoney.com/notices/detail/688727/AN202512151800983487.html
688727,恒坤新材,恒坤新材:独立董事候选人声明与承诺(苏小榕),独立董事候选人声明,2025-12-15,https://data.eastmoney.com/notices/detail/688727/AN202512151800983484.html
688727,恒坤新材,恒坤新材:独立董事候选人声明与承诺(黄兴孪),独立董事候选人声明,2025-12-15,https://data.eastmoney.com/notices/detail/688727/AN202512151800983485.html
688727,恒坤新材,恒坤新材:独立董事候选人声明与承诺(邹友思),独立董事候选人声明,2025-12-15,https://data.eastmoney.com/notices/detail/688727/AN202512151800983483.html
688727,恒坤新材,恒坤新材:独立董事提名人声明与承诺(黄兴孪、邹友思、苏小榕),独立董事提名人声明,2025-12-15,https://data.eastmoney.com/notices/detail/688727/AN202512151800983486.html
603037,凯众股份,凯众股份:投资者关系活动记录表--2025年12月11日-V2 - 清洁版,调研活动,2025-12-15,https://data.eastmoney.com/notices/detail/603037/AN202512151800981537.html
600977,中国电影,【中国电影:】2025年第三季度业绩说明会交流记录,调研活动,2025-12-15,https://data.eastmoney.com/notices/detail/600977/AN202512151800981529.html
688667,菱电电控,菱电电控:投资者关系活动记录(2025年第三季度业绩说明会),调研活动,2025-12-15,https://data.eastmoney.com/notices/detail/688667/AN202512151800981532.html
603338,浙江鼎力,浙江鼎力:浙江鼎力机械股份有限公司投资者关系活动记录表,调研活动,2025-12-15,https://data.eastmoney.com/notices/detail/603338/AN202512151800981531.html
600981,苏豪汇鸿,苏豪汇鸿:投资者关系活动记录表-20251211,调研活动,2025-12-15,https://data.eastmoney.com/notices/detail/600981/AN202512151800981536.html
600099,林海股份,林海股份:林海股份有限公司2025年12月12日投资者关系活动记录表(2025年第三季度业绩说明会),调研活动,2025-12-15,https://data.eastmoney.com/notices/detail/600099/AN202512151800981533.html
603488,展鹏科技,展鹏科技:展鹏科技股份有限公司投资者关系活动记录表(2025-001),调研活动,2025-12-15,https://data.eastmoney.com/notices/detail/603488/AN202512151800981534.html
688278,特宝生物,特宝生物:投资者关系活动记录表(2025年12月11日),调研活动,2025-12-15,https://data.eastmoney.com/notices/detail/688278/AN202512151800981535.html
688051,佳华科技,佳华科技:投资者关系活动记录表,调研活动,2025-12-15,https://data.eastmoney.com/notices/detail/688051/AN202512151800981528.html
688253,英诺特,英诺特:2025年12月9日投资者关系活动记录表,调研活动,2025-12-15,https://data.eastmoney.com/notices/detail/688253/AN202512151800981530.html
920181,赛英电子,赛英电子:关于申请公开发行股票并在北京证券交易所上市暨停牌进展公告,停牌公告,2025-12-15,https://data.eastmoney.com/notices/detail/920181/AN202512151800982414.html
920165,珈凯生物,珈凯生物:关于申请公开发行股票并在北京证券交易所上市暨停牌进展公告,停牌公告,2025-12-15,https://data.eastmoney.com/notices/detail/920165/AN202512151800982686.html
920180,爱得科技,爱得科技:董事会审计委员会关于认定核心员工的核查意见,专项说明/独立意见,2025-12-15,https://data.eastmoney.com/notices/detail/920180/AN202512151800982187.html
920180,爱得科技,爱得科技:2025年第三次职工代表大会决议公告,高管人员任职变动,2025-12-15,https://data.eastmoney.com/notices/detail/920180/AN202512151800982371.html
000811,冰轮环境,冰轮环境:000811冰轮环境投资者关系管理信息20251215,调研活动,2025-12-15,https://data.eastmoney.com/notices/detail/000811/AN202512151800980333.html
000766,通化金马,通化金马:000766通化金马投资者关系管理信息20251212,调研活动,2025-12-15,https://data.eastmoney.com/notices/detail/000766/AN202512151800971530.html
A25170,康瑞新材,3-1-3上市保荐书(申报稿)(江苏康瑞新材料科技股份有限公司),深主板发行上市上市保荐书,2025-12-15,https://data.eastmoney.com/notices/detail/A25170/AN202512151800967777.html
A25170,康瑞新材,3-1-2发行保荐书(申报稿)(江苏康瑞新材料科技股份有限公司),深主板发行上市发行保荐书,2025-12-15,https://data.eastmoney.com/notices/detail/A25170/AN202512151800967776.html
A25170,康瑞新材,3-2-1财务报告及审计报告(申报稿)(江苏康瑞新材料科技股份有限公司),深主板发行上市审计报告,2025-12-15,https://data.eastmoney.com/notices/detail/A25170/AN202512151800967778.html
A25170,康瑞新材,1-1招股说明书(申报稿)(江苏康瑞新材料科技股份有限公司),深主板发行上市招股说明书申报稿,2025-12-15,https://data.eastmoney.com/notices/detail/A25170/AN202512151800967780.html
A25170,康瑞新材,3-3-1法律意见书(申报稿)(江苏康瑞新材料科技股份有限公司),深主板发行上市法律意见书,2025-12-15,https://data.eastmoney.com/notices/detail/A25170/AN202512151800967779.html
002761,浙江建投,关于浙江省建设投资集团股份有限公司发行股份购买资产并募集配套资金申请的并购重组审核委员会审议意见的落实函中有关财务事项的说明,深主板并购重组问询与回复,2025-12-15,https://data.eastmoney.com/notices/detail/002761/AN202512151800967775.html
002761,浙江建投,中国国际金融股份有限公司关于深圳证券交易所《关于浙江省建设投资集团股份有限公司发行股份购买资产并募集配套资金申请的并购重组审核委员会审议意见的落实函》的回复之核查意见(修订稿),深主板并购重组问询与回复,2025-12-15,https://data.eastmoney.com/notices/detail/002761/AN202512151800967774.html
002761,浙江建投,浙江省建设投资集团股份有限公司关于深圳证券交易所《关于浙江省建设投资集团股份有限公司发行股份购买资产并募集配套资金申请的并购重组审核委员会审议意见的落实函》的回复(修订稿),深主板并购重组问询与回复,2025-12-15,https://data.eastmoney.com/notices/detail/002761/AN202512151800967773.html
300551,古鳌科技,古鳌科技:上海古鳌电子科技股份有限公司2025年度向特定对象发行A股股票预案,增发预案,2025-12-15,https://data.eastmoney.com/notices/detail/300551/AN202512151800880067.html
000039,中集集团,中集集团:000039中集集团投资者关系管理信息20251215,调研活动,2025-12-15,https://data.eastmoney.com/notices/detail/000039/AN202512151800876463.html
002007,华兰生物,华兰生物:关于参股公司取得药品注册受理通知书的公告,其他,2025-12-15,https://data.eastmoney.com/notices/detail/002007/AN202512151800876337.html
002999,天禾股份,天禾股份:广东天禾农资股份有限公司独立董事工作制度,管理办法/制度,2025-12-15,https://data.eastmoney.com/notices/detail/002999/AN202512151800876336.html
002999,天禾股份,天禾股份:广东天禾农资股份有限公司董事和高级管理人员离职管理制度,管理办法/制度,2025-12-15,https://data.eastmoney.com/notices/detail/002999/AN202512151800876346.html
002999,天禾股份,天禾股份:广东天禾农资股份有限公司董事会薪酬与考核委员会工作制度,管理办法/制度,2025-12-15,https://data.eastmoney.com/notices/detail/002999/AN202512151800876333.html
002999,天禾股份,天禾股份:广东天禾农资股份有限公司董事会秘书工作细则,议事规则/实施细则,2025-12-15,https://data.eastmoney.com/notices/detail/002999/AN202512151800876334.html
002999,天禾股份,天禾股份:广东天禾农资股份有限公司董事和高级管理人员持有和买卖本公司股票管理制度,管理办法/制度,2025-12-15,https://data.eastmoney.com/notices/detail/002999/AN202512151800876332.html
002999,天禾股份,天禾股份:广东天禾农资股份有限公司董事会议事规则,议事规则/实施细则,2025-12-15,https://data.eastmoney.com/notices/detail/002999/AN202512151800876340.html
002999,天禾股份,天禾股份:第五届董事会第六十一次会议决议公告,董事会决议公告,2025-12-15,https://data.eastmoney.com/notices/detail/002999/AN202512151800876344.html
002999,天禾股份,天禾股份:关于修订《广东天禾农资股份有限公司章程》的公告,公司章程修订,2025-12-15,https://data.eastmoney.com/notices/detail/002999/AN202512151800876347.html
002999,天禾股份,天禾股份:广东天禾农资股份有限公司董事和高级管理人员行为准则,管理办法/制度,2025-12-15,https://data.eastmoney.com/notices/detail/002999/AN202512151800876339.html
002999,天禾股份,天禾股份:广东天禾农资股份有限公司章程,公司章程,2025-12-15,https://data.eastmoney.com/notices/detail/002999/AN202512151800876345.html
002999,天禾股份,天禾股份:广东天禾农资股份有限公司董事会审计委员会工作制度,管理办法/制度,2025-12-15,https://data.eastmoney.com/notices/detail/002999/AN202512151800876338.html
002999,天禾股份,天禾股份:广东天禾农资股份有限公司董事和高级管理人员薪酬管理制度,管理办法/制度,2025-12-15,https://data.eastmoney.com/notices/detail/002999/AN202512151800876341.html
002999,天禾股份,天禾股份:广东天禾农资股份有限公司股东会议事规则,议事规则/实施细则,2025-12-15,https://data.eastmoney.com/notices/detail/002999/AN202512151800876335.html
002999,天禾股份,天禾股份:关于召开2025年第三次临时股东大会的通知,召开股东大会通知,2025-12-15,https://data.eastmoney.com/notices/detail/002999/AN202512151800876342.html
002999,天禾股份,天禾股份:广东天禾农资股份有限公司董事会战略与ESG委员会工作制度,管理办法/制度,2025-12-15,https://data.eastmoney.com/notices/detail/002999/AN202512151800876343.html
002999,天禾股份,天禾股份:广东天禾农资股份有限公司董事会提名委员会工作制度,管理办法/制度,2025-12-15,https://data.eastmoney.com/notices/detail/002999/AN202512151800876331.html
000829,天音控股,天音控股:《募集资金管理制度》(2025年12月),管理办法/制度,2025-12-15,https://data.eastmoney.com/notices/detail/000829/AN202512151800875389.html
000829,天音控股,天音控股:《股东会议事规则》(2025年12月),议事规则/实施细则,2025-12-15,https://data.eastmoney.com/notices/detail/000829/AN202512151800875390.html
000829,天音控股,天音控股:《董事会审计委员会实施细则》(2025年12月),议事规则/实施细则,2025-12-15,https://data.eastmoney.com/notices/detail/000829/AN202512151800875378.html
000829,天音控股,天音控股:《公司章程》(2025年12月),公司章程,2025-12-15,https://data.eastmoney.com/notices/detail/000829/AN202512151800875388.html
000829,天音控股,天音控股:《关联交易公允决策制度》(2025年12月),管理办法/制度,2025-12-15,https://data.eastmoney.com/notices/detail/000829/AN202512151800875379.html
000829,天音控股,天音控股:《内部控制管理制度》(2025年12月),管理办法/制度,2025-12-15,https://data.eastmoney.com/notices/detail/000829/AN202512151800875383.html
000829,天音控股,天音控股:《信息披露管理制度》(2025年12月),管理办法/制度,2025-12-15,https://data.eastmoney.com/notices/detail/000829/AN202512151800875374.html
000829,天音控股,天音控股:《内部控制自我评价制度》(2025年12月),内部控制报告,2025-12-15,https://data.eastmoney.com/notices/detail/000829/AN202512151800875387.html
000829,天音控股,天音控股:《公司章程》修订对照表(2025年12月),公司章程修订,2025-12-15,https://data.eastmoney.com/notices/detail/000829/AN202512151800875393.html
000829,天音控股,天音控股:关于取消监事会暨修订《公司章程》及相关治理制度的公告,公司章程修订,2025-12-15,https://data.eastmoney.com/notices/detail/000829/AN202512151800875380.html
000829,天音控股,天音控股:《董事会薪酬与考核委员会实施细则》(2025年12月),议事规则/实施细则,2025-12-15,https://data.eastmoney.com/notices/detail/000829/AN202512151800875396.html
000829,天音控股,天音控股:《董事会秘书工作制度》(2025年12月),管理办法/制度,2025-12-15,https://data.eastmoney.com/notices/detail/000829/AN202512151800875385.html
000829,天音控股,天音控股:《公司债券募集资金管理与使用制度》(2025年12月),管理办法/制度,2025-12-15,https://data.eastmoney.com/notices/detail/000829/AN202512151800875384.html
000829,天音控股,天音控股:第九届监事会第三十三次会议决议公告,监事会决议公告,2025-12-15,https://data.eastmoney.com/notices/detail/000829/AN202512151800875376.html
000829,天音控股,天音控股:关于召开2025年第三次临时股东大会的通知,召开股东大会通知,2025-12-15,https://data.eastmoney.com/notices/detail/000829/AN202512151800875386.html
000829,天音控股,天音控股:2025年第四次独立董事专门会议的审核意见,专项说明/独立意见,2025-12-15,https://data.eastmoney.com/notices/detail/000829/AN202512151800875394.html
000829,天音控股,天音控股:《董事会战略委员会实施细则》(2025年12月),议事规则/实施细则,2025-12-15,https://data.eastmoney.com/notices/detail/000829/AN202512151800875382.html
000829,天音控股,天音控股:《内幕信息知情人登记管理制度》(2025年12月),管理办法/制度,2025-12-15,https://data.eastmoney.com/notices/detail/000829/AN202512151800875395.html
000829,天音控股,天音控股:《独立董事工作制度》(2025年12月),管理办法/制度,2025-12-15,https://data.eastmoney.com/notices/detail/000829/AN202512151800875377.html
000829,天音控股,天音控股:《董事会提名委员会实施细则》(2025年12月),议事规则/实施细则,2025-12-15,https://data.eastmoney.com/notices/detail/000829/AN202512151800875391.html
000829,天音控股,天音控股:《独立董事专门会议工作制度》(2025年12月),管理办法/制度,2025-12-15,https://data.eastmoney.com/notices/detail/000829/AN202512151800875392.html
000829,天音控股,天音控股:《董事会议事规则》(2025年12月),议事规则/实施细则,2025-12-15,https://data.eastmoney.com/notices/detail/000829/AN202512151800875381.html
002635,安洁科技,安洁科技:关于以公开摘牌方式参与安捷利美维电子(厦门)有限责任公司部分股权转让项目的进展公告,股权转让,2025-12-15,https://data.eastmoney.com/notices/detail/002635/AN202512151800874868.html
000402,金融街,金融街:2024年度第二期中期票据2025年付息公告,其他,2025-12-15,https://data.eastmoney.com/notices/detail/000402/AN202512151800874869.html
002478,常宝股份,常宝股份:002478常宝股份投资者关系管理信息20251215,调研活动,2025-12-15,https://data.eastmoney.com/notices/detail/002478/AN202512151800873372.html
000069,华侨城A,华侨城Ａ:2025年11月主要业务经营情况公告,月度经营情况,2025-12-15,https://data.eastmoney.com/notices/detail/000069/AN202512151800873566.html
300062,中能电气,中能电气:关于中能转债即将停止转股暨赎回前最后半个交易日的重要提示性公告,其他,2025-12-15,https://data.eastmoney.com/notices/detail/300062/AN202512151800873565.html
002175,*ST东智,东方智造:关于筹划控制权变更事项的停牌公告,停牌公告,2025-12-15,https://data.eastmoney.com/notices/detail/002175/AN202512151800873563.html
300610,晨化股份,晨化股份:关于使用自有闲置资金进行现金管理的进展公告,投资理财,2025-12-15,https://data.eastmoney.com/notices/detail/300610/AN202512151800873564.html
300342,天银机电,天银机电:关于召开2025年第二次临时股东会的提示性公告,召开股东大会提示性公告,2025-12-15,https://data.eastmoney.com/notices/detail/300342/AN202512151800871642.html
002046,国机精工,国机精工:002046国机精工投资者关系管理信息20251212,调研活动,2025-12-15,https://data.eastmoney.com/notices/detail/002046/AN202512151800856652.html
301526,国际复材,国际复材:301526国际复材投资者关系管理信息20251212,调研活动,2025-12-15,https://data.eastmoney.com/notices/detail/301526/AN202512151800810810.html
002625,光启技术,光启技术:002625光启技术投资者关系管理信息20251215,调研活动,2025-12-15,https://data.eastmoney.com/notices/detail/002625/AN202512151800799350.html
688790,昂瑞微,关于北京昂瑞微电子技术股份有限公司人民币普通股股票科创板上市交易的公告,首发提示性公告,2025-12-15,https://data.eastmoney.com/notices/detail/688790/AN202512151800793794.html
002175,*ST东智,关于广西东方智造科技股份有限公司股票临时停牌的公告,交易所停复牌公告,2025-12-15,https://data.eastmoney.com/notices/detail/002175/AN202512151800793043.html
603993,洛阳钼业,洛阳钼业:洛阳钼业第七届董事会第八次临时会议决议公告,董事会决议公告,2025-12-15,https://data.eastmoney.com/notices/detail/603993/AN202512151800773982.html
603993,洛阳钼业,洛阳钼业:洛阳钼业关于收购金矿项目的公告,收购出售资产/股权,2025-12-15,https://data.eastmoney.com/notices/detail/603993/AN202512151800773981.html
001389,广合科技,广合科技:关于申请发行境外上市股份(H股)并上市的进展公告,其他,2025-12-15,https://data.eastmoney.com/notices/detail/001389/AN202512151800772419.html
000002,万科A,万科Ａ:关于在交易商协会披露《2022年度第四期中期票据宽限期内本息偿付安排的公告》的提示性公告,其他,2025-12-15,https://data.eastmoney.com/notices/detail/000002/AN202512151800767768.html
000002,万科A,万科Ａ:关于在交易商协会披露《关于2022年度第四期中期票据2025年第一次持有人会议的答复公告》的提示性公告,其他,2025-12-15,https://data.eastmoney.com/notices/detail/000002/AN202512151800767769.html
301197,工大科雅,工大科雅:河北工大科雅科技集团股份有限公司关于召开2025年第二次临时股东大会的通知,召开股东大会通知,2025-12-15,https://data.eastmoney.com/notices/detail/301197/AN202512151800764491.html
301197,工大科雅,工大科雅:董事会薪酬与考核委员会工作细则,议事规则/实施细则,2025-12-15,https://data.eastmoney.com/notices/detail/301197/AN202512151800764492.html
301197,工大科雅,工大科雅:累积投票制实施细则,议事规则/实施细则,2025-12-15,https://data.eastmoney.com/notices/detail/301197/AN202512151800764503.html
301197,工大科雅,工大科雅:关于2026年度日常关联交易预计的公告,关联交易,2025-12-15,https://data.eastmoney.com/notices/detail/301197/AN202512151800764499.html
301197,工大科雅,工大科雅:河北工大科雅科技集团股份有限公司第四届监事会第九次会议决议公告,监事会决议公告,2025-12-15,https://data.eastmoney.com/notices/detail/301197/AN202512151800764494.html
301197,工大科雅,工大科雅:信息披露暂缓与豁免业务管理制度,管理办法/制度,2025-12-15,https://data.eastmoney.com/notices/detail/301197/AN202512151800764496.html
301197,工大科雅,工大科雅:对外担保管理制度,管理办法/制度,2025-12-15,https://data.eastmoney.com/notices/detail/301197/AN202512151800764490.html
301197,工大科雅,工大科雅:募集资金管理办法,管理办法/制度,2025-12-15,https://data.eastmoney.com/notices/detail/301197/AN202512151800764500.html
300492,华图山鼎,华图山鼎:第五届董事会第八次会议决议公告,高管人员任职变动,2025-12-15,https://data.eastmoney.com/notices/detail/300492/AN202512151800764495.html
002389,航天彩虹,航天彩虹:关于彩虹-7高空高速长航时无人机首飞成功的公告,其他,2025-12-15,https://data.eastmoney.com/notices/detail/002389/AN202512151800764485.html
301197,工大科雅,工大科雅:董事会审计委员会工作细则,议事规则/实施细则,2025-12-15,https://data.eastmoney.com/notices/detail/301197/AN202512151800764486.html
301197,工大科雅,工大科雅:董事会议事规则,议事规则/实施细则,2025-12-15,https://data.eastmoney.com/notices/detail/301197/AN202512151800764484.html
301197,工大科雅,工大科雅:董事及高级管理人员薪酬管理制度,管理办法/制度,2025-12-15,https://data.eastmoney.com/notices/detail/301197/AN202512151800764501.html
300492,华图山鼎,华图山鼎:关于签订战略合作协议的公告,签订协议,2025-12-15,https://data.eastmoney.com/notices/detail/300492/AN202512151800764497.html
301197,工大科雅,工大科雅:独立董事议事规则,议事规则/实施细则,2025-12-15,https://data.eastmoney.com/notices/detail/301197/AN202512151800764487.html
301197,工大科雅,工大科雅:公司章程(2025年12月),公司章程,2025-12-15,https://data.eastmoney.com/notices/detail/301197/AN202512151800764493.html
301197,工大科雅,工大科雅:董事会战略委员会工作细则,议事规则/实施细则,2025-12-15,https://data.eastmoney.com/notices/detail/301197/AN202512151800764506.html
301197,工大科雅,工大科雅:董事会提名委员会工作细则,议事规则/实施细则,2025-12-15,https://data.eastmoney.com/notices/detail/301197/AN202512151800764505.html
301197,工大科雅,工大科雅:河北工大科雅科技集团股份有限公司第四届董事会第十次会议决议公告,董事会决议公告,2025-12-15,https://data.eastmoney.com/notices/detail/301197/AN202512151800764498.html
301197,工大科雅,工大科雅:股东会议事规则,议事规则/实施细则,2025-12-15,https://data.eastmoney.com/notices/detail/301197/AN202512151800764502.html
301197,工大科雅,工大科雅:关于修订《公司章程》并办理工商变更登记及修订、新增部分治理制度的公告,公司章程修订,2025-12-15,https://data.eastmoney.com/notices/detail/301197/AN202512151800764488.html
301197,工大科雅,工大科雅:关联交易管理制度,管理办法/制度,2025-12-15,https://data.eastmoney.com/notices/detail/301197/AN202512151800764504.html
301197,工大科雅,工大科雅:总经理工作细则,议事规则/实施细则,2025-12-15,https://data.eastmoney.com/notices/detail/301197/AN202512151800764489.html
300492,华图山鼎,华图山鼎:关于召开2026年第一次临时股东会的通知,召开股东大会通知,2025-12-15,https://data.eastmoney.com/notices/detail/300492/AN202512151800763048.html
001325,元创股份,元创股份:首次公开发行股票并在主板上市发行结果公告,首发发行结果公告,2025-12-15,https://data.eastmoney.com/notices/detail/001325/AN202512141800447659.html
301449,天溯计量,天溯计量:首次公开发行股票并在创业板上市网上申购情况及中签率公告,网上申购及中签率公告,2025-12-15,https://data.eastmoney.com/notices/detail/301449/AN202512141800447660.html
688790,昂瑞微,昂瑞微:昂瑞微首次公开发行股票科创板上市公告书提示性公告,首发提示性公告,2025-12-15,https://data.eastmoney.com/notices/detail/688790/AN202512141800388558.html
605259,绿田机械,绿田机械:绿田机械第六届董事会第十六次会议决议公告,董事会决议公告,2025-12-15,https://data.eastmoney.com/notices/detail/605259/AN202512141800384744.html
605259,绿田机械,绿田机械:绿田机械关于取消监事会并修订《公司章程》及修订部分治理制度的公告,公司章程修订,2025-12-15,https://data.eastmoney.com/notices/detail/605259/AN202512141800384741.html
605259,绿田机械,绿田机械:绿田机械关于预计2026年度日常关联交易的公告,关联交易,2025-12-15,https://data.eastmoney.com/notices/detail/605259/AN202512141800384745.html
605259,绿田机械,绿田机械:绿田机械第六届监事会第十五次会议决议公告,监事会决议公告,2025-12-15,https://data.eastmoney.com/notices/detail/605259/AN202512141800384742.html
605259,绿田机械,绿田机械:绿田机械股东会议事规则(2025年12月修订),议事规则/实施细则,2025-12-15,https://data.eastmoney.com/notices/detail/605259/AN202512141800384746.html
605259,绿田机械,绿田机械:绿田机械董事会议事规则(2025年12月修订),议事规则/实施细则,2025-12-15,https://data.eastmoney.com/notices/detail/605259/AN202512141800384748.html
605259,绿田机械,绿田机械:绿田机械股份有限公司章程(2025年12月修订),公司章程修订,2025-12-15,https://data.eastmoney.com/notices/detail/605259/AN202512141800384747.html
605259,绿田机械,绿田机械:绿田机械关于召开2025年第一次临时股东大会的通知,召开股东大会通知,2025-12-15,https://data.eastmoney.com/notices/detail/605259/AN202512141800384743.html
601869,长飞光纤,长飞光纤:长飞光纤光缆股份有限公司关于子公司拟参与设立投资基金的公告,投资设立公司,2025-12-15,https://data.eastmoney.com/notices/detail/601869/AN202512141800358784.html
603958,哈森股份,哈森股份:关于本次交易是否构成重大资产重组、关联交易及重组上市的说明,关联交易,2025-12-15,https://data.eastmoney.com/notices/detail/603958/AN202512141800352102.html
603958,哈森股份,哈森股份:关于本次交易信息发布前公司股票价格波动情况的说明,专项说明/独立意见,2025-12-15,https://data.eastmoney.com/notices/detail/603958/AN202512141800352107.html
603958,哈森股份,哈森股份:关于本次交易符合《上市公司重大资产重组管理办法》第十一条、第四十三条和第四十四条规定的说明,专项说明/独立意见,2025-12-15,https://data.eastmoney.com/notices/detail/603958/AN202512141800352110.html
603958,哈森股份,哈森股份:关于调整公司发行股份购买资产并募集配套资金暨关联交易方案的公告,变更募集资金投资项目,2025-12-15,https://data.eastmoney.com/notices/detail/603958/AN202512141800352106.html
603958,哈森股份,哈森股份:关于本次交易符合《上市公司监管指引第9号——上市公司筹划和实施重大资产重组的监管要求》第四条规定的说明,专项说明/独立意见,2025-12-15,https://data.eastmoney.com/notices/detail/603958/AN202512141800352104.html
603958,哈森股份,哈森股份:关于暂不召开股东会的公告,其他,2025-12-15,https://data.eastmoney.com/notices/detail/603958/AN202512141800352105.html
603958,哈森股份,哈森股份:发行股份购买资产并募集配套资金暨关联交易预案(修订稿),其他增发事项公告,2025-12-15,https://data.eastmoney.com/notices/detail/603958/AN202512141800352098.html
603958,哈森股份,哈森股份:独立董事专门会议2025年第五次会议决议,董事会决议公告,2025-12-15,https://data.eastmoney.com/notices/detail/603958/AN202512141800352111.html
603958,哈森股份,哈森股份:关于本次交易相关主体不存在《上市公司监管指引第7号——上市公司重大资产重组相关股票异常交易监管》第十二条及《上海证券交易所上市公司自律监管指引第6号——重大资产重组》第三十条规定情形的说明,专项说明/独立意见,2025-12-15,https://data.eastmoney.com/notices/detail/603958/AN202512141800352100.html
603958,哈森股份,哈森股份:发行股份购买资产并募集配套资金暨关联交易预案摘要(修订稿),其他增发事项公告,2025-12-15,https://data.eastmoney.com/notices/detail/603958/AN202512141800352108.html
603958,哈森股份,哈森股份:关于公司不存在《上市公司证券发行注册管理办法》第十一条规定的不得向特定对象发行股票的情形的说明,专项说明/独立意见,2025-12-15,https://data.eastmoney.com/notices/detail/603958/AN202512141800352109.html
603958,哈森股份,哈森股份:第五届董事会第二十三次会议决议公告,增发预案,2025-12-15,https://data.eastmoney.com/notices/detail/603958/AN202512141800352101.html
603958,哈森股份,哈森股份:关于本次交易履行发行程序的完备性、合规性及提交的法律文件的有效性的说明,专项说明/独立意见,2025-12-15,https://data.eastmoney.com/notices/detail/603958/AN202512141800352112.html
603958,哈森股份,哈森股份:关于本次交易前十二个月内购买、出售资产的说明,专项说明/独立意见,2025-12-15,https://data.eastmoney.com/notices/detail/603958/AN202512141800352103.html
603958,哈森股份,哈森股份:关于本次交易采取的保密措施及保密制度的说明,专项说明/独立意见,2025-12-15,https://data.eastmoney.com/notices/detail/603958/AN202512141800352099.html
601916,浙商银行,浙商银行:浙商银行股份有限公司2025年第二次临时股东大会会议资料,股东大会资料,2025-12-15,https://data.eastmoney.com/notices/detail/601916/AN202512141800344681.html
601916,浙商银行,浙商银行:浙商银行股份有限公司关于召开2025年第二次临时股东大会的通知,召开股东大会通知,2025-12-15,https://data.eastmoney.com/notices/detail/601916/AN202512141800344680.html
600882,妙可蓝多,妙可蓝多:关于董事退休离任暨补选董事的公告,高管人员任职变动,2025-12-15,https://data.eastmoney.com/notices/detail/600882/AN202512141800342377.html
600882,妙可蓝多,妙可蓝多:开展外汇衍生品交易业务可行性分析报告,其他,2025-12-15,https://data.eastmoney.com/notices/detail/600882/AN202512141800342382.html
600882,妙可蓝多,妙可蓝多:关于召开2025年第三次临时股东会的通知,召开股东大会通知,2025-12-15,https://data.eastmoney.com/notices/detail/600882/AN202512141800342383.html
600882,妙可蓝多,妙可蓝多:关于2026年度外汇衍生品交易额度预计的公告,其他,2025-12-15,https://data.eastmoney.com/notices/detail/600882/AN202512141800342378.html
600882,妙可蓝多,妙可蓝多:关于2026年度日常关联交易预计的公告,关联交易,2025-12-15,https://data.eastmoney.com/notices/detail/600882/AN202512141800342381.html
600882,妙可蓝多,妙可蓝多:第十二届董事会第十六次会议决议公告,董事会决议公告,2025-12-15,https://data.eastmoney.com/notices/detail/600882/AN202512141800342379.html
600882,妙可蓝多,妙可蓝多:关于2026年度融资及担保额度预计的公告,担保年度额度预计,2025-12-15,https://data.eastmoney.com/notices/detail/600882/AN202512141800342380.html
688291,金橙子,金橙子:董事会关于本次交易符合《上市公司重大资产重组管理办法》第十一条、第四十三条和第四十四条规定的说明,专项说明/独立意见,2025-12-15,https://data.eastmoney.com/notices/detail/688291/AN202512141800332426.html
688291,金橙子,金橙子:长春萨米特光电科技有限公司审计报告(容诚审字[2025]210Z0267号),审计报告,2025-12-15,https://data.eastmoney.com/notices/detail/688291/AN202512141800332408.html
688291,金橙子,金橙子:董事会关于本次交易相关主体不存在《上市公司监管指引第7号——上市公司重大资产重组相关股票异常交易监管》第十二条或《上海证券交易所上市公司自律监管指引第6号——重大资产重组》第三十条规定情形的说明,专项说明/独立意见,2025-12-15,https://data.eastmoney.com/notices/detail/688291/AN202512141800332425.html
688291,金橙子,金橙子:国浩律师(上海)事务所关于北京金橙子科技股份有限公司发行股份及支付现金购买资产并募集配套资金之法律意见书,法律意见书,2025-12-15,https://data.eastmoney.com/notices/detail/688291/AN202512141800332404.html
688291,金橙子,金橙子:董事会关于评估机构的独立性、评估假设前提的合理性、评估方法与评估目的的相关性以及评估定价的公允性的说明,专项说明/独立意见,2025-12-15,https://data.eastmoney.com/notices/detail/688291/AN202512141800332407.html
688291,金橙子,金橙子:北京金橙子科技股份有限公司拟股权收购涉及的长春萨米特光电科技有限公司股东全部权益价值资产评估报告(嘉学评估评报字〔2025〕8310097号),其他,2025-12-15,https://data.eastmoney.com/notices/detail/688291/AN202512141800332393.html
688291,金橙子,金橙子:国投证券股份有限公司关于北京金橙子科技股份有限公司本次交易前十二个月内购买、出售资产的核查意见,保荐/核查意见,2025-12-15,https://data.eastmoney.com/notices/detail/688291/AN202512141800332422.html
688291,金橙子,金橙子:董事会关于本次交易符合《上市公司监管指引第9号——上市公司筹划和实施重大资产重组的监管要求》第四条规定的说明,专项说明/独立意见,2025-12-15,https://data.eastmoney.com/notices/detail/688291/AN202512141800332423.html
688291,金橙子,金橙子:董事会关于本次交易不存在《上市公司证券发行注册管理办法》第十一条规定的不得向特定对象发行股票的情形的说明,专项说明/独立意见,2025-12-15,https://data.eastmoney.com/notices/detail/688291/AN202512141800332430.html
688291,金橙子,金橙子:国投证券股份有限公司作为北京金橙子科技股份有限公司独立财务顾问在充分尽职调查和内部核查的基础上出具的承诺函,其他,2025-12-15,https://data.eastmoney.com/notices/detail/688291/AN202512141800332428.html
688291,金橙子,金橙子:国投证券股份有限公司关于北京金橙子科技股份有限公司本次交易不构成重大资产重组、关联交易及重组上市的核查意见,保荐/核查意见,2025-12-15,https://data.eastmoney.com/notices/detail/688291/AN202512141800332420.html
688291,金橙子,金橙子:关于使用自有资金支付募投项目部分款项并以募集资金等额置换的公告,募集资金使用情况报告,2025-12-15,https://data.eastmoney.com/notices/detail/688291/AN202512141800332401.html
688291,金橙子,金橙子:国投证券股份有限公司关于北京金橙子科技股份有限公司本次交易产业政策和交易类型之独立财务顾问核查意见,专项说明/独立意见,2025-12-15,https://data.eastmoney.com/notices/detail/688291/AN202512141800332405.html
688291,金橙子,金橙子:国投证券股份有限公司关于北京金橙子科技股份有限公司内幕信息知情人登记制度的制定和执行情况的核查意见,保荐/核查意见,2025-12-15,https://data.eastmoney.com/notices/detail/688291/AN202512141800332410.html
688291,金橙子,金橙子:北京金橙子科技股份有限公司备考审阅报告(容诚阅字[2025]210Z0002号),保荐/核查意见,2025-12-15,https://data.eastmoney.com/notices/detail/688291/AN202512141800332417.html
688291,金橙子,金橙子:董事会关于本次交易符合《上海证券交易所科创板股票上市规则》第11.2条、《科创板上市公司持续监管办法(试行)》第二十条和《上海证券交易所上市公司重大资产重组审核规则》第八条的说明,专项说明/独立意见,2025-12-15,https://data.eastmoney.com/notices/detail/688291/AN202512141800332395.html
688291,金橙子,金橙子:关于召开2025年第五次临时股东会的通知,召开股东大会通知,2025-12-15,https://data.eastmoney.com/notices/detail/688291/AN202512141800332394.html
688291,金橙子,金橙子:关于本次发行股份及支付现金购买资产并募集配套资金事项的风险提示性公告,风险提示性公告,2025-12-15,https://data.eastmoney.com/notices/detail/688291/AN202512141800332409.html
688291,金橙子,金橙子:董事会关于本次交易摊薄上市公司即期回报情况及采取填补措施的说明,专项说明/独立意见,2025-12-15,https://data.eastmoney.com/notices/detail/688291/AN202512141800332398.html
688291,金橙子,金橙子:独立董事关于评估机构的独立性、评估假设前提的合理性、评估方法与评估目的的相关性以及评估定价的公允性的独立意见,专项说明/独立意见,2025-12-15,https://data.eastmoney.com/notices/detail/688291/AN202512141800332431.html
688291,金橙子,金橙子:国投证券关于本次交易相关主体不存在《上市公司监管指引第7号——上市公司重大资产重组相关股票异常交易监管》第十二条及《上海证券交易所上市公司自律监管指引第6号——重大资产重组》第三十条规定情形的核查意见,保荐/核查意见,2025-12-15,https://data.eastmoney.com/notices/detail/688291/AN202512141800332402.html
688291,金橙子,金橙子:董事会关于本次交易是否构成重大资产重组、关联交易及重组上市的说明,关联交易,2025-12-15,https://data.eastmoney.com/notices/detail/688291/AN202512141800332397.html
688291,金橙子,金橙子:北京金橙子科技股份有限公司发行股份及支付现金购买资产并募集配套资金报告书(草案)摘要,其他增发事项公告,2025-12-15,https://data.eastmoney.com/notices/detail/688291/AN202512141800332419.html
688291,金橙子,金橙子:容诚会计师事务所(特殊普通合伙)关于北京金橙子科技股份有限公司前次募集资金使用情况鉴证报告,保荐/核查意见,2025-12-15,https://data.eastmoney.com/notices/detail/688291/AN202512141800332413.html
688291,金橙子,金橙子:国投证券股份有限公司关于北京金橙子科技股份有限公司使用自有资金支付募投项目部分款项并以募集资金等额置换的核查意见,保荐/核查意见,2025-12-15,https://data.eastmoney.com/notices/detail/688291/AN202512141800332421.html
688291,金橙子,金橙子:董事会关于本次交易前十二个月内购买、出售资产的说明,专项说明/独立意见,2025-12-15,https://data.eastmoney.com/notices/detail/688291/AN202512141800332416.html
688291,金橙子,金橙子:关于发行股份及支付现金购买资产并募集配套资金(草案)与预案差异对比说明,增发预案,2025-12-15,https://data.eastmoney.com/notices/detail/688291/AN202512141800332403.html
688291,金橙子,金橙子:未来三年(2025-2027年)股东回报规划,其他,2025-12-15,https://data.eastmoney.com/notices/detail/688291/AN202512141800332406.html
688291,金橙子,金橙子:董事会关于本次交易中是否存在直接或间接有偿聘请其他第三方机构或个人的说明,专项说明/独立意见,2025-12-15,https://data.eastmoney.com/notices/detail/688291/AN202512141800332414.html
688291,金橙子,金橙子:北京金橙子科技股份有限公司发行股份及支付现金购买资产并募集配套资金报告书(草案),其他增发事项公告,2025-12-15,https://data.eastmoney.com/notices/detail/688291/AN202512141800332427.html
688291,金橙子,金橙子:国投证券股份有限公司关于北京金橙子科技股份有限公司本次交易符合《上市公司监管指引第9号——上市公司筹划和实施重大资产重组的监管要求》第四条规定的核查意见,保荐/核查意见,2025-12-15,https://data.eastmoney.com/notices/detail/688291/AN202512141800332392.html
688291,金橙子,金橙子:董事会关于公司股票价格波动是否达到相关标准的说明,专项说明/独立意见,2025-12-15,https://data.eastmoney.com/notices/detail/688291/AN202512141800332396.html
688291,金橙子,金橙子:董事会关于本次交易采取的保密措施及保密制度的说明,专项说明/独立意见,2025-12-15,https://data.eastmoney.com/notices/detail/688291/AN202512141800332432.html
688291,金橙子,金橙子:董事会关于本次交易履行法定程序的完备性、合规性及提交法律文件的有效性的说明,专项说明/独立意见,2025-12-15,https://data.eastmoney.com/notices/detail/688291/AN202512141800332415.html
688291,金橙子,金橙子:前次募集资金使用情况的专项报告,募集资金使用情况报告,2025-12-15,https://data.eastmoney.com/notices/detail/688291/AN202512141800332418.html
688291,金橙子,金橙子:国浩律师(上海)事务所关于北京金橙子科技股份有限公司内幕信息知情人登记管理制度的制定和执行情况之专项核查意见,保荐/核查意见,2025-12-15,https://data.eastmoney.com/notices/detail/688291/AN202512141800332412.html
688291,金橙子,金橙子:第四届董事会第十九次会议决议公告,增发预案,2025-12-15,https://data.eastmoney.com/notices/detail/688291/AN202512141800332429.html
688291,金橙子,金橙子:国投证券股份有限公司关于北京金橙子科技股份有限公司发行股份及支付现金购买资产并募集配套资金之独立财务顾问报告,保荐/核查意见,2025-12-15,https://data.eastmoney.com/notices/detail/688291/AN202512141800332400.html
688291,金橙子,金橙子:国投证券股份有限公司关于本次交易符合《关于加强证券公司在投资银行类业务中聘请第三方等廉洁从业风险防控的意见》的相关规定之核查意见,保荐/核查意见,2025-12-15,https://data.eastmoney.com/notices/detail/688291/AN202512141800332424.html
688291,金橙子,金橙子:国投证券股份有限公司关于北京金橙子科技股份有限公司本次交易摊薄即期回报情况及采取填补措施的专项核查意见,保荐/核查意见,2025-12-15,https://data.eastmoney.com/notices/detail/688291/AN202512141800332411.html
688291,金橙子,金橙子:国投证券股份有限公司关于北京金橙子科技股份有限公司股票价格波动是否达到相关标准的核查意见,保荐/核查意见,2025-12-15,https://data.eastmoney.com/notices/detail/688291/AN202512141800332399.html
002697,红旗连锁,红旗连锁:重大信息内部报告制度,管理办法/制度,2025-12-15,https://data.eastmoney.com/notices/detail/002697/AN202512141800331067.html
002697,红旗连锁,红旗连锁:独立董事工作制度,管理办法/制度,2025-12-15,https://data.eastmoney.com/notices/detail/002697/AN202512141800331085.html
002697,红旗连锁,红旗连锁:第五届监事会第十七次会议决议公告,监事会决议公告,2025-12-15,https://data.eastmoney.com/notices/detail/002697/AN202512141800331061.html
002697,红旗连锁,红旗连锁:董事会战略委员会工作制度,管理办法/制度,2025-12-15,https://data.eastmoney.com/notices/detail/002697/AN202512141800331070.html
002697,红旗连锁,红旗连锁:外部信息报送和使用管理制度,管理办法/制度,2025-12-15,https://data.eastmoney.com/notices/detail/002697/AN202512141800331055.html
002697,红旗连锁,红旗连锁:防范控股股东及关联方资金占用管理制度,管理办法/制度,2025-12-15,https://data.eastmoney.com/notices/detail/002697/AN202512141800331071.html
002697,红旗连锁,红旗连锁:董事会议事规则,议事规则/实施细则,2025-12-15,https://data.eastmoney.com/notices/detail/002697/AN202512141800331060.html
002697,红旗连锁,红旗连锁:第五届董事会第二十七次会议决议公告,董事会决议公告,2025-12-15,https://data.eastmoney.com/notices/detail/002697/AN202512141800331073.html
002697,红旗连锁,红旗连锁:关联交易管理制度,管理办法/制度,2025-12-15,https://data.eastmoney.com/notices/detail/002697/AN202512141800331081.html
002697,红旗连锁,红旗连锁:投资者关系管理制度,管理办法/制度,2025-12-15,https://data.eastmoney.com/notices/detail/002697/AN202512141800331076.html
002697,红旗连锁,红旗连锁:总经理工作细则,议事规则/实施细则,2025-12-15,https://data.eastmoney.com/notices/detail/002697/AN202512141800331063.html
300181,佐力药业,佐力药业:第八届董事会第十一次(临时)会议决议公告,董事会决议公告,2025-12-15,https://data.eastmoney.com/notices/detail/300181/AN202512141800331072.html
002697,红旗连锁,红旗连锁:年报信息披露重大差错责任追究制度,管理办法/制度,2025-12-15,https://data.eastmoney.com/notices/detail/002697/AN202512141800331057.html
002697,红旗连锁,红旗连锁:董事和高级管理人员所持公司股份及其变动管理制度,管理办法/制度,2025-12-15,https://data.eastmoney.com/notices/detail/002697/AN202512141800331064.html
002697,红旗连锁,红旗连锁:章程相关条款修改前后对照表,公司章程修订,2025-12-15,https://data.eastmoney.com/notices/detail/002697/AN202512141800331074.html
002697,红旗连锁,红旗连锁:董事会审计委员会工作制度,管理办法/制度,2025-12-15,https://data.eastmoney.com/notices/detail/002697/AN202512141800331079.html
002697,红旗连锁,红旗连锁:董事会秘书工作制度,管理办法/制度,2025-12-15,https://data.eastmoney.com/notices/detail/002697/AN202512141800331084.html
002697,红旗连锁,红旗连锁:关于取消监事会暨修订《公司章程》及其附件的公告,公司章程修订,2025-12-15,https://data.eastmoney.com/notices/detail/002697/AN202512141800331078.html
002697,红旗连锁,红旗连锁:风险投资管理制度,管理办法/制度,2025-12-15,https://data.eastmoney.com/notices/detail/002697/AN202512141800331075.html
002697,红旗连锁,红旗连锁:内部审计制度,管理办法/制度,2025-12-15,https://data.eastmoney.com/notices/detail/002697/AN202512141800331058.html
002697,红旗连锁,红旗连锁:董事会提名委员会工作制度,管理办法/制度,2025-12-15,https://data.eastmoney.com/notices/detail/002697/AN202512141800331059.html
002697,红旗连锁,红旗连锁:成都红旗连锁股份有限公司章程,公司章程,2025-12-15,https://data.eastmoney.com/notices/detail/002697/AN202512141800331069.html
002697,红旗连锁,红旗连锁:股东会议事规则,议事规则/实施细则,2025-12-15,https://data.eastmoney.com/notices/detail/002697/AN202512141800331080.html
002697,红旗连锁,红旗连锁:内幕信息及知情人登记和报备管理制度,管理办法/制度,2025-12-15,https://data.eastmoney.com/notices/detail/002697/AN202512141800331056.html
002697,红旗连锁,红旗连锁:董事、高级管理人员离职管理制度,管理办法/制度,2025-12-15,https://data.eastmoney.com/notices/detail/002697/AN202512141800331065.html
002697,红旗连锁,红旗连锁:市值管理制度,管理办法/制度,2025-12-15,https://data.eastmoney.com/notices/detail/002697/AN202512141800331062.html
002697,红旗连锁,红旗连锁:成都红旗连锁股份有限公司关于召开2025年第一次临时股东会的通知,召开股东大会通知,2025-12-15,https://data.eastmoney.com/notices/detail/002697/AN202512141800331068.html
002697,红旗连锁,红旗连锁:募集资金使用管理制度,管理办法/制度,2025-12-15,https://data.eastmoney.com/notices/detail/002697/AN202512141800331082.html
300181,佐力药业,佐力药业:关于购买资产组暨签署收购协议的公告,签订协议,2025-12-15,https://data.eastmoney.com/notices/detail/300181/AN202512141800331066.html
002697,红旗连锁,红旗连锁:董事会薪酬与考核委员会工作制度,管理办法/制度,2025-12-15,https://data.eastmoney.com/notices/detail/002697/AN202512141800331083.html
002697,红旗连锁,红旗连锁:信息披露管理制度,管理办法/制度,2025-12-15,https://data.eastmoney.com/notices/detail/002697/AN202512141800331077.html
002183,怡亚通,怡亚通:第七届董事会第五十三次会议决议公告,董事会决议公告,2025-12-15,https://data.eastmoney.com/notices/detail/002183/AN202512141800328669.html
002183,怡亚通,怡亚通:关于公司对部分控股子公司2026年度授信额度进行担保预计的公告,担保年度额度预计,2025-12-15,https://data.eastmoney.com/notices/detail/002183/AN202512141800328690.html
002183,怡亚通,怡亚通:关于2026年度公司为部分参股公司提供担保额度预计的公告,担保年度额度预计,2025-12-15,https://data.eastmoney.com/notices/detail/002183/AN202512141800328673.html
301076,新瀚新材,新瀚新材:关于变更签字注册会计师的公告,公司关联方基本资料变更,2025-12-15,https://data.eastmoney.com/notices/detail/301076/AN202512141800328676.html
002183,怡亚通,怡亚通:关于2026年度开展衍生品及商品套期保值交易业务的可行性分析报告,其他,2025-12-15,https://data.eastmoney.com/notices/detail/002183/AN202512141800328694.html
301076,新瀚新材,新瀚新材:第四届董事会第八次会议决议公告,高管人员任职变动,2025-12-15,https://data.eastmoney.com/notices/detail/301076/AN202512141800328674.html
002183,怡亚通,怡亚通:董事会审计委员会工作细则(2025年修订),议事规则/实施细则,2025-12-15,https://data.eastmoney.com/notices/detail/002183/AN202512141800328682.html
301076,新瀚新材,新瀚新材:关于召开2025年第二次临时股东会的通知,召开股东大会通知,2025-12-15,https://data.eastmoney.com/notices/detail/301076/AN202512141800328683.html
002183,怡亚通,怡亚通:关于担保事项的进展公告,其他担保公告,2025-12-15,https://data.eastmoney.com/notices/detail/002183/AN202512141800328681.html
300723,一品红,一品红:关于参股公司美国Arthrosi被并购的提示性公告,其他,2025-12-15,https://data.eastmoney.com/notices/detail/300723/AN202512141800328688.html
002183,怡亚通,怡亚通:董事会提名委员会工作细则(2025年修订),议事规则/实施细则,2025-12-15,https://data.eastmoney.com/notices/detail/002183/AN202512141800328672.html
300390,天华新能,天华新能:独立董事提名人声明与承诺(卜浩),独立董事提名人声明,2025-12-15,https://data.eastmoney.com/notices/detail/300390/AN202512141800328692.html
300390,天华新能,天华新能:独立董事候选人声明与承诺(卜浩),独立董事候选人声明,2025-12-15,https://data.eastmoney.com/notices/detail/300390/AN202512141800328679.html
300390,天华新能,天华新能:关于第六届董事会第三十次(临时)会议决议的公告,董事会决议公告,2025-12-15,https://data.eastmoney.com/notices/detail/300390/AN202512141800328689.html
301076,新瀚新材,新瀚新材:关于公司独立董事辞职暨提名独立董事候选人的公告,高管人员任职变动,2025-12-15,https://data.eastmoney.com/notices/detail/301076/AN202512141800328680.html
002183,怡亚通,怡亚通:董事会战略与ESG委员会工作细则(2025年修订),议事规则/实施细则,2025-12-15,https://data.eastmoney.com/notices/detail/002183/AN202512141800328695.html
301076,新瀚新材,新瀚新材:独立董事候选人声明与承诺(王少楠),独立董事候选人声明,2025-12-15,https://data.eastmoney.com/notices/detail/301076/AN202512141800328685.html
002183,怡亚通,怡亚通:董事会薪酬与考核委员会工作细则(2025年修订),议事规则/实施细则,2025-12-15,https://data.eastmoney.com/notices/detail/002183/AN202512141800328684.html
002183,怡亚通,怡亚通:关于2026年公司及子公司开展衍生品及商品套期保值交易额度预测的公告,其他,2025-12-15,https://data.eastmoney.com/notices/detail/002183/AN202512141800328678.html
301076,新瀚新材,新瀚新材:独立董事提名人声明与承诺(王少楠),独立董事提名人声明,2025-12-15,https://data.eastmoney.com/notices/detail/301076/AN202512141800328671.html
300390,天华新能,天华新能:关于2025年第四次临时股东大会取消部分子议案及增加临时提案暨股东大会补充通知的公告,增加股东大会议案,2025-12-15,https://data.eastmoney.com/notices/detail/300390/AN202512141800328675.html
002432,九安医疗,九安医疗:关于美国子公司四联检、三联检产品获得美国FDA上市前通知的公告,其他,2025-12-15,https://data.eastmoney.com/notices/detail/002432/AN202512141800328697.html
002183,怡亚通,怡亚通:市值管理制度,管理办法/制度,2025-12-15,https://data.eastmoney.com/notices/detail/002183/AN202512141800328698.html
300723,一品红,一品红:关于芩香清解口服液获批国家中药保护品种的公告,其他,2025-12-15,https://data.eastmoney.com/notices/detail/300723/AN202512141800328693.html
301076,新瀚新材,新瀚新材:第四届董事会提名委员会关于第四届董事会独立董事候选人任职资格的审核意见,专项说明/独立意见,2025-12-15,https://data.eastmoney.com/notices/detail/301076/AN202512141800328696.html
002183,怡亚通,怡亚通:关于召开2025年第十四次临时股东会通知的公告,召开股东大会通知,2025-12-15,https://data.eastmoney.com/notices/detail/002183/AN202512141800328686.html
300687,赛意信息,赛意信息:关于牵头承担国家科技重大专项项目的公告,其他,2025-12-15,https://data.eastmoney.com/notices/detail/300687/AN202512141800328687.html
000963,华东医药,华东医药:关于全资子公司收到一审民事判决书的公告,其他,2025-12-15,https://data.eastmoney.com/notices/detail/000963/AN202512141800328677.html
002183,怡亚通,怡亚通:关于第七届董事会第五十三次会议的担保公告,其他担保公告,2025-12-15,https://data.eastmoney.com/notices/detail/002183/AN202512141800328691.html
000797,中国武夷,中国武夷:2025年第四次临时股东会决议公告(修正后),股东大会决议公告,2025-12-15,https://data.eastmoney.com/notices/detail/000797/AN202512141800328670.html
688428,诺诚健华,诺诚健华:诺诚健华医药有限公司自愿披露关于奥布替尼治疗系统性红斑狼疮IIb期研究达到主要终点并获批III期注册性临床试验的公告,其他,2025-12-15,https://data.eastmoney.com/notices/detail/688428/AN202512141800325447.html
600191,华资实业,华资实业:《包头华资实业股份有限公司拟转让房地产涉及的包头市稀土高新区曙光路22号房地产的市场价值项目资产评估报告》(汇誉中证评报字[2025]第【0014】号),其他,2025-12-15,https://data.eastmoney.com/notices/detail/600191/AN202512141800308030.html
600191,华资实业,华资实业:《包头华资实业股份有限公司拟转让资产涉及的房产单项资产价值资产评估报告》(天源评报字[2025]第1193号),其他,2025-12-15,https://data.eastmoney.com/notices/detail/600191/AN202512141800308039.html
688358,祥生医疗,祥生医疗:祥生医疗第三届董事会第十七次会议决议公告,分配预案,2025-12-15,https://data.eastmoney.com/notices/detail/688358/AN202512141800308043.html
600191,华资实业,华资实业:华资实业2025年独立董事第四次专门会议决议,董事会决议公告,2025-12-15,https://data.eastmoney.com/notices/detail/600191/AN202512141800308031.html
688358,祥生医疗,祥生医疗:祥生医疗关于部分募投项目延期的公告,变更募集资金投资项目,2025-12-15,https://data.eastmoney.com/notices/detail/688358/AN202512141800308044.html
600191,华资实业,华资实业:华资实业第九届董事会第二十二次会议决议公告,董事会决议公告,2025-12-15,https://data.eastmoney.com/notices/detail/600191/AN202512141800308041.html
688358,祥生医疗,祥生医疗:祥生医疗关于2025年前三季度利润分配方案的公告,分配预案,2025-12-15,https://data.eastmoney.com/notices/detail/688358/AN202512141800308033.html
688358,祥生医疗,祥生医疗:国金证券股份有限公司关于无锡祥生医疗科技股份有限公司部分募投项目延期的核查意见,保荐/核查意见,2025-12-15,https://data.eastmoney.com/notices/detail/688358/AN202512141800308038.html
688358,祥生医疗,祥生医疗:祥生医疗关于变更注册资本、修订《公司章程》并办理工商变更登记的公告,公司注册资本变更,2025-12-15,https://data.eastmoney.com/notices/detail/688358/AN202512141800308034.html
300551,古鳌科技,古鳌科技:关于筹划控制权变更事项进展暨复牌的提示性公告,复牌公告,2025-12-15,https://data.eastmoney.com/notices/detail/300551/AN202512141800308356.html
002231,*ST奥维,*ST奥维:股票交易异常波动暨风险提示的公告,股票交易异常波动,2025-12-15,https://data.eastmoney.com/notices/detail/002231/AN202512141800308331.html
300860,锋尚文化,锋尚文化:《董事、高级管理人员离职管理制度》,管理办法/制度,2025-12-15,https://data.eastmoney.com/notices/detail/300860/AN202512141800308334.html
300551,古鳌科技,古鳌科技:简式权益变动报告书,权益变动报告书,2025-12-15,https://data.eastmoney.com/notices/detail/300551/AN202512141800308359.html
300551,古鳌科技,古鳌科技:关于聘任公司副总经理、董事会秘书的公告,高管人员任职变动,2025-12-15,https://data.eastmoney.com/notices/detail/300551/AN202512141800308375.html
002149,西部材料,西部材料:西部金属材料股份有限公司股票交易异常波动公告,股票交易异常波动,2025-12-15,https://data.eastmoney.com/notices/detail/002149/AN202512141800308366.html
001212,中旗新材,中旗新材:关于“中旗转债”赎回实施暨即将停止交易的重要提示性公告,其他,2025-12-15,https://data.eastmoney.com/notices/detail/001212/AN202512141800308333.html
002471,中超控股,中超控股:股票交易异常波动公告,股票交易异常波动,2025-12-15,https://data.eastmoney.com/notices/detail/002471/AN202512141800308365.html
300860,锋尚文化,锋尚文化:关于拟续聘2025年度会计师事务所的公告,审计机构变更,2025-12-15,https://data.eastmoney.com/notices/detail/300860/AN202512141800308361.html
300692,中赋科技,中环环保:公司章程(2025年12月),公司章程,2025-12-15,https://data.eastmoney.com/notices/detail/300692/AN202512141800308363.html
300551,古鳌科技,古鳌科技:关于公司与特定对象签署附条件生效的股份认购协议暨关联交易的公告,签订协议,2025-12-15,https://data.eastmoney.com/notices/detail/300551/AN202512141800308374.html
300551,古鳌科技,古鳌科技:未来三年(2026年-2028年)股东分红回报规划,其他,2025-12-15,https://data.eastmoney.com/notices/detail/300551/AN202512141800308347.html
301429,森泰股份,森泰股份:关于使用部分暂时闲置募集资金进行现金管理的进展公告,募集资金使用进展情况,2025-12-15,https://data.eastmoney.com/notices/detail/301429/AN202512141800308367.html
002565,顺灏股份,顺灏股份:关于股票交易异常波动的公告,股票交易异常波动,2025-12-15,https://data.eastmoney.com/notices/detail/002565/AN202512141800308339.html
300378,鼎捷数智,鼎捷数智:向不特定对象发行可转换公司债券发行提示性公告,其他,2025-12-15,https://data.eastmoney.com/notices/detail/300378/AN202512141800308352.html
300860,锋尚文化,锋尚文化:第四届董事会第十四次会议决议,董事会决议公告,2025-12-15,https://data.eastmoney.com/notices/detail/300860/AN202512141800308378.html
300551,古鳌科技,古鳌科技:关于向特定对象发行股票预案披露的提示性公告,增发提示性公告,2025-12-15,https://data.eastmoney.com/notices/detail/300551/AN202512141800308341.html
301096,百诚医药,百诚医药:关于员工战略配售资管计划减持股份预披露公告,股东/实际控制人股份减持,2025-12-15,https://data.eastmoney.com/notices/detail/301096/AN202512141800308391.html
300860,锋尚文化,锋尚文化:关于召开2025年第四次临时股东会的通知,召开股东大会通知,2025-12-15,https://data.eastmoney.com/notices/detail/300860/AN202512141800308377.html
300692,中赋科技,中环环保:未来三年(2025-2027年)股东回报规划,其他,2025-12-15,https://data.eastmoney.com/notices/detail/300692/AN202512141800308390.html
300551,古鳌科技,古鳌科技:上海古鳌电子科技股份有限公司前次募集资金使用情况鉴证报告,保荐/核查意见,2025-12-15,https://data.eastmoney.com/notices/detail/300551/AN202512141800308335.html
002309,中利集团,中利集团:关于转让全资子公司青海中利100%股权被动形成对外担保的公告,提供/对外担保公告,2025-12-15,https://data.eastmoney.com/notices/detail/002309/AN202512141800308368.html
300563,神宇股份,神宇股份:向不特定对象发行可转换公司债券中签号码公告,其他,2025-12-15,https://data.eastmoney.com/notices/detail/300563/AN202512141800308326.html
300860,锋尚文化,锋尚文化:中信建投证券股份有限公司关于锋尚文化集团股份有限公司部分募投项目结项并将节余募集资金永久补充流动资金及部分募投项目延期的核查意见,保荐/核查意见,2025-12-15,https://data.eastmoney.com/notices/detail/300860/AN202512141800308337.html
300551,古鳌科技,古鳌科技:上海古鳌电子科技股份有限公司2025年度向特定对象发行A股股票募集资金使用可行性分析报告,其他,2025-12-15,https://data.eastmoney.com/notices/detail/300551/AN202512141800308362.html
300692,中赋科技,中环环保:关于认购对象就公司向特定对象发行股票相关事宜出具承诺函的公告,其他,2025-12-15,https://data.eastmoney.com/notices/detail/300692/AN202512141800308329.html
300692,中赋科技,中环环保:关于召开2025年第四次临时股东会的通知,召开股东大会通知,2025-12-15,https://data.eastmoney.com/notices/detail/300692/AN202512141800308384.html
300692,中赋科技,中环环保:2025年度向特定对象发行股票预案,增发预案,2025-12-15,https://data.eastmoney.com/notices/detail/300692/AN202512141800308357.html
300692,中赋科技,中环环保:前次募集资金使用情况鉴证报告,保荐/核查意见,2025-12-15,https://data.eastmoney.com/notices/detail/300692/AN202512141800308350.html
300692,中赋科技,中环环保:第四届监事会第十次会议决议公告,监事会决议公告,2025-12-15,https://data.eastmoney.com/notices/detail/300692/AN202512141800308353.html
300692,中赋科技,中环环保:2025年度向特定对象发行股票募集资金使用的可行性分析报告,其他,2025-12-15,https://data.eastmoney.com/notices/detail/300692/AN202512141800308388.html
300551,古鳌科技,古鳌科技:上海古鳌电子科技股份有限公司2025年度向特定对象发行A股股票方案的论证分析报告,其他,2025-12-15,https://data.eastmoney.com/notices/detail/300551/AN202512141800308379.html
001376,百通能源,百通能源:股票交易异常波动公告,股票交易异常波动,2025-12-15,https://data.eastmoney.com/notices/detail/001376/AN202512141800308340.html
300593,新雷能,新雷能:关于公司董事、高管减持股份的预披露公告,股东/实际控制人股份减持,2025-12-15,https://data.eastmoney.com/notices/detail/300593/AN202512141800308389.html
300692,中赋科技,中环环保:第四届董事会第十四次会议决议公告,增发预案,2025-12-15,https://data.eastmoney.com/notices/detail/300692/AN202512141800308342.html
300551,古鳌科技,古鳌科技:本次向特定对象发行股票不存在直接或通过利益相关方向参与认购的投资者提供财务资助或补偿的公告,获得补贴（资助）,2025-12-15,https://data.eastmoney.com/notices/detail/300551/AN202512141800308392.html
002309,中利集团,中利集团:第七届董事会2025年第六次临时会议决议公告,董事会决议公告,2025-12-15,https://data.eastmoney.com/notices/detail/002309/AN202512141800308351.html
300692,中赋科技,中环环保:关于本次向特定对象发行股票不存在直接或通过利益相关方向参与认购的投资者提供财务资助或补偿的公告,获得补贴（资助）,2025-12-15,https://data.eastmoney.com/notices/detail/300692/AN202512141800308325.html
300551,古鳌科技,古鳌科技:上海古鳌电子科技股份有限公司前次募集资金使用情况的专项报告,募集资金使用情况报告,2025-12-15,https://data.eastmoney.com/notices/detail/300551/AN202512141800308376.html
300860,锋尚文化,锋尚文化:《董事、高级管理人员薪酬管理制度》,管理办法/制度,2025-12-15,https://data.eastmoney.com/notices/detail/300860/AN202512141800308393.html
300551,古鳌科技,古鳌科技:关于向特定对象发行A股股票导致股东权益变动的提示性公告,权益变动报告书,2025-12-15,https://data.eastmoney.com/notices/detail/300551/AN202512141800308330.html
002309,中利集团,中利集团:关于转让全资子公司青海中利100%股权的公告,股权转让,2025-12-15,https://data.eastmoney.com/notices/detail/002309/AN202512141800308372.html
002309,中利集团,中利集团:江苏中利集团股份有限公司关于召开2025年第五次临时股东会的通知,召开股东大会通知,2025-12-15,https://data.eastmoney.com/notices/detail/002309/AN202512141800308386.html
300551,古鳌科技,古鳌科技:关于向特定对象发行A股股票摊薄即期回报的风险提示、填补措施及相关主体承诺的公告,其他,2025-12-15,https://data.eastmoney.com/notices/detail/300551/AN202512141800308358.html
300551,古鳌科技,古鳌科技:关于暂不召开股东会审议本次向特定对象发行A股股票相关事项的公告,增发预案,2025-12-15,https://data.eastmoney.com/notices/detail/300551/AN202512141800308387.html
002951,金时科技,金时科技:关于2025年限制性股票激励计划授予登记完成的公告,股本变动,2025-12-15,https://data.eastmoney.com/notices/detail/002951/AN202512141800308338.html
300551,古鳌科技,古鳌科技:详式权益变动报告书,权益变动报告书,2025-12-15,https://data.eastmoney.com/notices/detail/300551/AN202512141800308344.html
001330,博纳影业,博纳影业:股票交易异常波动公告,股票交易异常波动,2025-12-15,https://data.eastmoney.com/notices/detail/001330/AN202512141800308382.html
300692,中赋科技,中环环保:2025年度向特定对象发行股票方案的论证分析报告,其他,2025-12-15,https://data.eastmoney.com/notices/detail/300692/AN202512141800308380.html
300551,古鳌科技,古鳌科技:上海古鳌电子科技股份有限公司收购报告书摘要,要约收购报告书摘要,2025-12-15,https://data.eastmoney.com/notices/detail/300551/AN202512141800308346.html
300639,凯普生物,凯普生物:关于公司董事股份减持计划的预披露公告,股东/实际控制人股份减持,2025-12-15,https://data.eastmoney.com/notices/detail/300639/AN202512141800308328.html
002702,海欣食品,海欣食品:股票交易异常波动公告,股票交易异常波动,2025-12-15,https://data.eastmoney.com/notices/detail/002702/AN202512141800308383.html
300692,中赋科技,中环环保:监事会关于公司2025年度向特定对象发行股票的书面审核意见,专项说明/独立意见,2025-12-15,https://data.eastmoney.com/notices/detail/300692/AN202512141800308385.html
300551,古鳌科技,古鳌科技:详式权益变动报告书财务顾问核查意见,保荐/核查意见,2025-12-15,https://data.eastmoney.com/notices/detail/300551/AN202512141800308364.html
300692,中赋科技,中环环保:第四届董事会独立董事第二次专门会议决议,增发预案,2025-12-15,https://data.eastmoney.com/notices/detail/300692/AN202512141800308345.html
300692,中赋科技,中环环保:前次募集资金使用情况专项报告,募集资金使用情况报告,2025-12-15,https://data.eastmoney.com/notices/detail/300692/AN202512141800308370.html
300860,锋尚文化,锋尚文化:关于部分募投项目结项并将节余募集资金永久补充流动资金及部分募投项目延期的公告,变更募集资金投资项目,2025-12-15,https://data.eastmoney.com/notices/detail/300860/AN202512141800308349.html
002309,中利集团,中利集团:股票交易异常波动公告,股票交易异常波动,2025-12-15,https://data.eastmoney.com/notices/detail/002309/AN202512141800308348.html
300551,古鳌科技,古鳌科技:最近五年被证券监管部门和交易所采取监管措施或处罚及整改情况的公告,其他,2025-12-15,https://data.eastmoney.com/notices/detail/300551/AN202512141800308327.html
300692,中赋科技,中环环保:关于最近五年被证券监管部门和交易所采取监管措施或处罚的公告,处罚,2025-12-15,https://data.eastmoney.com/notices/detail/300692/AN202512141800308354.html
300692,中赋科技,中环环保:关于向特定对象发行股份涉及关联交易事项暨与特定对象签署附条件生效的股份认购协议的公告,签订协议,2025-12-15,https://data.eastmoney.com/notices/detail/300692/AN202512141800308360.html
300692,中赋科技,中环环保:关于2025年度向特定对象发行股票摊薄即期回报的风险提示、填补措施及相关主体承诺的公告,其他,2025-12-15,https://data.eastmoney.com/notices/detail/300692/AN202512141800308336.html
300692,中赋科技,中环环保:关于2025年度向特定对象发行股票预案披露的提示性公告,增发提示性公告,2025-12-15,https://data.eastmoney.com/notices/detail/300692/AN202512141800308373.html
000691,亚太实业,*ST亚太:股票交易异常波动公告,股票交易异常波动,2025-12-15,https://data.eastmoney.com/notices/detail/000691/AN202512141800308343.html
300692,中赋科技,中环环保:关于向特定对象发行股票导致股东权益变动的提示性公告,权益变动报告书,2025-12-15,https://data.eastmoney.com/notices/detail/300692/AN202512141800308332.html
002733,雄韬股份,雄韬股份:广东信达律师事务所关于深圳市雄韬电源科技股份有限公司2025年第二次临时股东大会的法律意见书,法律意见书,2025-12-15,https://data.eastmoney.com/notices/detail/002733/AN202512141800308381.html
300551,古鳌科技,古鳌科技:第五届董事会第二十二次会议决议公告,增发预案,2025-12-15,https://data.eastmoney.com/notices/detail/300551/AN202512141800308355.html
600191,华资实业,华资实业:华资实业关于出售资产的公告,收购出售资产/股权,2025-12-15,https://data.eastmoney.com/notices/detail/600191/AN202512141800308037.html
688358,祥生医疗,祥生医疗:无锡祥生医疗科技股份有限公司章程修正案,公司章程修订,2025-12-15,https://data.eastmoney.com/notices/detail/688358/AN202512141800308040.html
688358,祥生医疗,祥生医疗:祥生医疗关于召开2025年第三次临时股东会的通知,召开股东大会通知,2025-12-15,https://data.eastmoney.com/notices/detail/688358/AN202512141800308028.html
688358,祥生医疗,祥生医疗:祥生医疗2025年股权激励计划限制性股票授予结果公告,股权激励进展公告,2025-12-15,https://data.eastmoney.com/notices/detail/688358/AN202512141800308029.html
600191,华资实业,华资实业:华资实业关于召开2025年第四次临时股东会的通知,召开股东大会通知,2025-12-15,https://data.eastmoney.com/notices/detail/600191/AN202512141800308036.html
600191,华资实业,华资实业:华资实业关于出售房产及土地使用权暨关联交易的公告,关联交易,2025-12-15,https://data.eastmoney.com/notices/detail/600191/AN202512141800308035.html
600191,华资实业,华资实业:华资实业关于公司2026年度日常关联交易预计的公告,关联交易,2025-12-15,https://data.eastmoney.com/notices/detail/600191/AN202512141800308042.html
300692,中赋科技,中环环保:关于拟变更公司名称、证券简称及修订《公司章程》的公告,证券简称变更,2025-12-15,https://data.eastmoney.com/notices/detail/300692/AN202512141800308206.html
300551,古鳌科技,古鳌科技:关于实际控制人签署表决权委托协议暨控制权发生变更的提示性公告,签订协议,2025-12-15,https://data.eastmoney.com/notices/detail/300551/AN202512141800308209.html
002733,雄韬股份,雄韬股份:2025年第二次临时股东大会会议决议公告,股东大会决议公告,2025-12-15,https://data.eastmoney.com/notices/detail/002733/AN202512141800308204.html
002639,雪人集团,雪人集团:股票交易异常波动公告,股票交易异常波动,2025-12-15,https://data.eastmoney.com/notices/detail/002639/AN202512141800308207.html
300551,古鳌科技,古鳌科技:关于提请股东会批准特定对象免于发出收购要约的公告,其他,2025-12-15,https://data.eastmoney.com/notices/detail/300551/AN202512141800308208.html
001330,博纳影业,博纳影业:关于公司对全资子公司提供担保的进展公告,提供/对外担保公告,2025-12-15,https://data.eastmoney.com/notices/detail/001330/AN202512141800308203.html
002923,润都股份,润都股份:关于持股5%以上股东及部分董事、高级管理人员减持股份预披露的公告,股东/实际控制人股份减持,2025-12-15,https://data.eastmoney.com/notices/detail/002923/AN202512141800308205.html
001208,华菱线缆,华菱线缆:湖南华菱线缆股份有限公司股票交易异常波动公告,股票交易异常波动,2025-12-15,https://data.eastmoney.com/notices/detail/001208/AN202512141800308202.html
688426,康为世纪,康为世纪:中信证券股份有限公司关于江苏康为世纪生物科技股份有限公司首次公开发行前股票期权行权限售股上市流通的核查意见,保荐/核查意见,2025-12-15,https://data.eastmoney.com/notices/detail/688426/AN202512141800307988.html
600939,重庆建工,重庆建工:重庆建工关于召开2025年第四次临时股东会的通知,召开股东大会通知,2025-12-15,https://data.eastmoney.com/notices/detail/600939/AN202512141800307959.html
603685,晨丰科技,晨丰科技:晨丰科技股东减持股份计划公告,股东/实际控制人股份减持,2025-12-15,https://data.eastmoney.com/notices/detail/603685/AN202512141800307957.html
688180,君实生物,君实生物:君实生物自愿披露关于JS212临床试验申请获得FDA批准的公告,其他,2025-12-15,https://data.eastmoney.com/notices/detail/688180/AN202512141800307984.html
601619,嘉泽新能,嘉泽新能:嘉泽新能源股份有限公司关于向一级子公司增资暨关联交易的公告,增资扩股,2025-12-15,https://data.eastmoney.com/notices/detail/601619/AN202512141800307973.html
688426,康为世纪,康为世纪:关于首次公开发行前股票期权行权限售股上市流通的公告,限售股份上市流通,2025-12-15,https://data.eastmoney.com/notices/detail/688426/AN202512141800307983.html
600048,保利发展,保利发展:保利发展控股集团股份有限公司向特定对象发行可转换公司债券第四次临时受托管理事务报告(2025年度),其他,2025-12-15,https://data.eastmoney.com/notices/detail/600048/AN202512141800307972.html
601619,嘉泽新能,嘉泽新能:国泰海通证券股份有限公司关于嘉泽新能源股份有限公司向一级子公司增资暨关联交易的核查意见,保荐/核查意见,2025-12-15,https://data.eastmoney.com/notices/detail/601619/AN202512141800307965.html
688676,金盘科技,金盘科技:关于向不特定对象发行可转换公司债券申请获得中国证券监督管理委员会同意注册批复的公告,其他,2025-12-15,https://data.eastmoney.com/notices/detail/688676/AN202512141800307981.html
600521,华海药业,华海药业:浙商证券股份有限公司关于浙江华海药业股份有限公司可转换公司债券回售有关事项的核查意见,保荐/核查意见,2025-12-15,https://data.eastmoney.com/notices/detail/600521/AN202512141800307976.html
605058,澳弘电子,澳弘电子:澳弘电子向不特定对象发行可转换公司债券网上中签结果公告,其他,2025-12-15,https://data.eastmoney.com/notices/detail/605058/AN202512141800307978.html
603920,世运电路,世运电路:世运电路2025年中期权益分派实施公告,分配方案实施,2025-12-15,https://data.eastmoney.com/notices/detail/603920/AN202512141800307967.html
601619,嘉泽新能,嘉泽新能:嘉泽新能源股份有限公司关于投资建设风电项目的公告,对外项目投资,2025-12-15,https://data.eastmoney.com/notices/detail/601619/AN202512141800307964.html
688401,路维光电,路维光电:路维光电关于可转债投资者适当性要求的风险提示性公告,风险提示性公告,2025-12-15,https://data.eastmoney.com/notices/detail/688401/AN202512141800307986.html
688366,昊海生科,昊海生科:H股公告:翌日披露报表,其他,2025-12-15,https://data.eastmoney.com/notices/detail/688366/AN202512141800307980.html
600113,浙江东日,浙江东日:浙江东日股份有限公司关于间接控股股东国有股权划转的提示性公告,股权转让,2025-12-15,https://data.eastmoney.com/notices/detail/600113/AN202512141800307962.html
600639,浦东金桥,浦东金桥:浦东金桥关于董事离任的公告,高管人员任职变动,2025-12-15,https://data.eastmoney.com/notices/detail/600639/AN202512141800307966.html
600639,浦东金桥,浦东金桥:浦东金桥独立董事候选人(季诺)声明与承诺,独立董事候选人声明,2025-12-15,https://data.eastmoney.com/notices/detail/600639/AN202512141800307974.html
688366,昊海生科,昊海生科:H股公告:更换联席公司秘书、授权代表及法律程序代理人,高管人员任职变动,2025-12-15,https://data.eastmoney.com/notices/detail/688366/AN202512141800307985.html
601619,嘉泽新能,嘉泽新能:嘉泽新能源股份有限公司关于下属公司投资建设黑龙江省鸡西市鸡东县30万吨绿氢醇航油化工联产项目的公告,其他,2025-12-15,https://data.eastmoney.com/notices/detail/601619/AN202512141800307969.html
688286,敏芯股份,敏芯股份:苏州敏芯微电子技术股份有限公司董事兼高级管理人员减持股份计划公告,高管人员持股变动,2025-12-15,https://data.eastmoney.com/notices/detail/688286/AN202512141800307987.html
688003,天准科技,天准科技:向不特定对象发行可转换公司债券网上中签率及优先配售结果公告,其他,2025-12-15,https://data.eastmoney.com/notices/detail/688003/AN202512141800307979.html
600109,国金证券,国金证券:国金证券股份有限公司关于2024年度第九期短期融资券兑付完成的公告,其他,2025-12-15,https://data.eastmoney.com/notices/detail/600109/AN202512141800307968.html
601619,嘉泽新能,嘉泽新能:嘉泽新能源股份有限公司关于召开2025年第五次临时股东会的通知,召开股东大会通知,2025-12-15,https://data.eastmoney.com/notices/detail/601619/AN202512141800307970.html
600200,退市苏吴,退市苏吴:江苏吴中医药发展股份有限公司关于公司及子公司向银行申请借款展期的公告,借贷,2025-12-15,https://data.eastmoney.com/notices/detail/600200/AN202512141800307971.html
688168,安博通,安博通:关于授权公司管理层启动公司境外发行股份(H股)并在香港联合交易所有限公司上市相关筹备工作的公告,其他,2025-12-15,https://data.eastmoney.com/notices/detail/688168/AN202512141800307989.html
603400,华之杰,华之杰:中信建投证券股份有限公司关于苏州华之杰电讯股份有限公司首次公开发行网下配售限售股上市流通的核查意见,保荐/核查意见,2025-12-15,https://data.eastmoney.com/notices/detail/603400/AN202512141800307977.html
