代码,名称,公告标题,公告类型,公告日期,网址
002542,*ST中岩,中化岩土:关联交易管理办法,管理办法/制度,2024-12-17,https://data.eastmoney.com/notices/detail/002542/AN202412161641320350.html
002542,*ST中岩,中化岩土:股东会议事规则,议事规则/实施细则,2024-12-17,https://data.eastmoney.com/notices/detail/002542/AN202412161641320348.html
603992,松霖科技,松霖科技:关于第三届监事会第十五次会议决议的公告,监事会决议公告,2024-12-17,https://data.eastmoney.com/notices/detail/603992/AN202412161641317846.html
920271,邦德股份,邦德股份:第三届董事会第二十五次会议决议公告,董事会决议公告,2024-12-17,https://data.eastmoney.com/notices/detail/920271/AN202412171641336166.html
920271,邦德股份,邦德股份:舆情管理制度,管理办法/制度,2024-12-17,https://data.eastmoney.com/notices/detail/920271/AN202412171641336165.html
301468,博盈特焊,博盈特焊:2024年12月17日投资者关系活动记录表,调研活动,2024-12-17,https://data.eastmoney.com/notices/detail/301468/AN202412171641335645.html
920014,特瑞斯,特瑞斯:投资者关系活动记录表,调研活动,2024-12-17,https://data.eastmoney.com/notices/detail/920014/AN202412171641335679.html
920130,立方控股,立方控股:关于拟变更经营范围、调整董事会成员人数并修订《公司章程》的公告,公司经营范围变更,2024-12-17,https://data.eastmoney.com/notices/detail/920130/AN202412171641335511.html
920130,立方控股,立方控股:第四届董事会第九次会议决议公告,高管人员任职变动,2024-12-17,https://data.eastmoney.com/notices/detail/920130/AN202412171641335508.html
920130,立方控股,立方控股:关于召开2025年第一次临时股东大会通知公告(提供网络投票),召开股东大会通知,2024-12-17,https://data.eastmoney.com/notices/detail/920130/AN202412171641335510.html
920130,立方控股,立方控股:关于调整第四届董事会专门委员会委员的公告,高管人员任职变动,2024-12-17,https://data.eastmoney.com/notices/detail/920130/AN202412171641335509.html
920375,派诺科技,派诺科技:第五届董事会第十七次会议决议公告,董事会决议公告,2024-12-17,https://data.eastmoney.com/notices/detail/920375/AN202412171641335489.html
920375,派诺科技,派诺科技:收购控股子公司少数股东股权暨关联交易的公告,收购出售资产/股权,2024-12-17,https://data.eastmoney.com/notices/detail/920375/AN202412171641335490.html
920375,派诺科技,派诺科技:第五届监事会第十五次会议决议,监事会决议公告,2024-12-17,https://data.eastmoney.com/notices/detail/920375/AN202412171641335491.html
920375,派诺科技,派诺科技:长城证券关于派诺科技购买控股子公司少数股东股权暨关联交易的核查意见,保荐/核查意见,2024-12-17,https://data.eastmoney.com/notices/detail/920375/AN202412171641335492.html
920221,易实精密,易实精密:持股5%以上股东减持公司股份的预披露公告,股东/实际控制人股份减持,2024-12-17,https://data.eastmoney.com/notices/detail/920221/AN202412171641335464.html
920566,梓橦宫,梓橦宫:第四届董事会第十次会议决议公告,董事会决议公告,2024-12-17,https://data.eastmoney.com/notices/detail/920566/AN202412171641335447.html
920566,梓橦宫,梓橦宫:第四届监事会第九次会议决议公告,监事会决议公告,2024-12-17,https://data.eastmoney.com/notices/detail/920566/AN202412171641335448.html
920566,梓橦宫,梓橦宫:关于召开2025年第一次临时股东大会通知公告(提供网络投票),召开股东大会通知,2024-12-17,https://data.eastmoney.com/notices/detail/920566/AN202412171641335451.html
920566,梓橦宫,梓橦宫:舆情管理制度,管理办法/制度,2024-12-17,https://data.eastmoney.com/notices/detail/920566/AN202412171641335450.html
920566,梓橦宫,梓橦宫:拟续聘2024年度会计师事务所公告,审计机构变更,2024-12-17,https://data.eastmoney.com/notices/detail/920566/AN202412171641335449.html
920599,同力股份,同力股份:股权登记日前十大股东和前十大无限售条件股东情况公告,其他,2024-12-17,https://data.eastmoney.com/notices/detail/920599/AN202412171641335445.html
301607,富特科技,富特科技:2024年12月17日投资者活动关系记录表,调研活动,2024-12-17,https://data.eastmoney.com/notices/detail/301607/AN202412171641335052.html
920533,骏创科技,骏创科技:舆情管理制度,管理办法/制度,2024-12-17,https://data.eastmoney.com/notices/detail/920533/AN202412171641335423.html
920533,骏创科技,骏创科技:第四届董事会第五次会议决议公告,董事会决议公告,2024-12-17,https://data.eastmoney.com/notices/detail/920533/AN202412171641335424.html
300674,宇信科技,宇信科技:关于部分董事、高管减持股份计划的实施进展公告,股东/实际控制人股份减持,2024-12-17,https://data.eastmoney.com/notices/detail/300674/AN202412171641335417.html
002926,华西证券,华西证券:华西证券股份有限公司2024年面向专业投资者公开发行公司债券(第四期)在深圳证券交易所上市的公告,其他,2024-12-17,https://data.eastmoney.com/notices/detail/002926/AN202412171641335415.html
300685,艾德生物,艾德生物:关于部分限制性股票回购注销完成的公告,股本变动,2024-12-17,https://data.eastmoney.com/notices/detail/300685/AN202412171641335387.html
301135,瑞德智能,瑞德智能:2024年12月17日投资者关系活动记录表,调研活动,2024-12-17,https://data.eastmoney.com/notices/detail/301135/AN202412171641335051.html
300340,科恒股份,科恒股份:关于对外担保的进展公告,提供/对外担保公告,2024-12-17,https://data.eastmoney.com/notices/detail/300340/AN202412171641335377.html
300009,安科生物,安科生物:关于部分限制性股票回购注销完成的公告,股本变动,2024-12-17,https://data.eastmoney.com/notices/detail/300009/AN202412171641335362.html
300504,天邑股份,天邑股份:关于实际控制人、董事及高级管理人员减持股份的预披露公告,股东/实际控制人股份减持,2024-12-17,https://data.eastmoney.com/notices/detail/300504/AN202412171641335359.html
300340,科恒股份,科恒股份:世纪证券有限责任公司关于江门市科恒实业股份有限公司详式权益变动报告书之持续督导总结报告,保荐/核查意见,2024-12-17,https://data.eastmoney.com/notices/detail/300340/AN202412171641335364.html
300122,智飞生物,智飞生物:2024年中期权益分派实施公告,分配方案实施,2024-12-17,https://data.eastmoney.com/notices/detail/300122/AN202412171641335330.html
002946,新乳业,新乳业:002946新乳业投资者关系管理信息20241217,调研活动,2024-12-17,https://data.eastmoney.com/notices/detail/002946/AN202412171641335046.html
301459,丰茂股份,丰茂股份:内幕信息知情人管理制度(2024年12月修订),管理办法/制度,2024-12-17,https://data.eastmoney.com/notices/detail/301459/AN202412171641335284.html
301459,丰茂股份,丰茂股份:投资者关系管理制度(2024年12月修订),管理办法/制度,2024-12-17,https://data.eastmoney.com/notices/detail/301459/AN202412171641335281.html
301459,丰茂股份,丰茂股份:年报信息披露重大差错责任追究制度(2024年12月修订),管理办法/制度,2024-12-17,https://data.eastmoney.com/notices/detail/301459/AN202412171641335278.html
301459,丰茂股份,丰茂股份:信息披露管理制度(2024年12月修订),管理办法/制度,2024-12-17,https://data.eastmoney.com/notices/detail/301459/AN202412171641335280.html
301459,丰茂股份,丰茂股份:舆情管理制度(2024年12月制定),管理办法/制度,2024-12-17,https://data.eastmoney.com/notices/detail/301459/AN202412171641335286.html
301459,丰茂股份,丰茂股份:总经理工作细则(2024年12月修订),议事规则/实施细则,2024-12-17,https://data.eastmoney.com/notices/detail/301459/AN202412171641335292.html
301459,丰茂股份,丰茂股份:重大信息内部报告制度(2024年12月修订),管理办法/制度,2024-12-17,https://data.eastmoney.com/notices/detail/301459/AN202412171641335277.html
301459,丰茂股份,丰茂股份:董事、监事和高级管理人员持股及变动管理制度(2024年12月修订),管理办法/制度,2024-12-17,https://data.eastmoney.com/notices/detail/301459/AN202412171641335298.html
301459,丰茂股份,丰茂股份:东方证券股份有限公司关于浙江丰茂科技股份有限公司2025年度日常关联交易预计事项的核查意见,保荐/核查意见,2024-12-17,https://data.eastmoney.com/notices/detail/301459/AN202412171641335282.html
301459,丰茂股份,丰茂股份:东方证券股份有限公司关于浙江丰茂科技股份有限公司使用部分闲置募集资金进行现金管理的核查意见,保荐/核查意见,2024-12-17,https://data.eastmoney.com/notices/detail/301459/AN202412171641335291.html
301459,丰茂股份,丰茂股份:关于使用部分闲置募集资金进行现金管理的公告,投资理财,2024-12-17,https://data.eastmoney.com/notices/detail/301459/AN202412171641335293.html
301459,丰茂股份,丰茂股份:关于修订公司内部管理制度的公告,管理办法/制度,2024-12-17,https://data.eastmoney.com/notices/detail/301459/AN202412171641335288.html
301459,丰茂股份,丰茂股份:第二届监事会第七次会议决议公告,监事会决议公告,2024-12-17,https://data.eastmoney.com/notices/detail/301459/AN202412171641335294.html
301459,丰茂股份,丰茂股份:关于2025年度日常关联交易预计的公告,关联交易,2024-12-17,https://data.eastmoney.com/notices/detail/301459/AN202412171641335297.html
301459,丰茂股份,丰茂股份:第二届董事会第九次会议决议公告,董事会决议公告,2024-12-17,https://data.eastmoney.com/notices/detail/301459/AN202412171641335279.html
300322,硕贝德,硕贝德:关于公司为子公司提供担保的进展公告,提供/对外担保公告,2024-12-17,https://data.eastmoney.com/notices/detail/300322/AN202412171641335267.html
000100,TCL科技,TCL科技:关于“24TCLK1”票面利率调整和投资者回售实施办法的第二次提示性公告,其他,2024-12-17,https://data.eastmoney.com/notices/detail/000100/AN202412171641335139.html
300432,富临精工,富临精工:子公司管理制度(2024年12月),管理办法/制度,2024-12-17,https://data.eastmoney.com/notices/detail/300432/AN202412171641335134.html
300432,富临精工,富临精工:中德证券有限责任公司关于富临精工股份有限公司控股子公司增资扩股引入战略投资者暨关联交易的核查意见,保荐/核查意见,2024-12-17,https://data.eastmoney.com/notices/detail/300432/AN202412171641335131.html
300432,富临精工,富临精工:中德证券有限责任公司关于富临精工股份有限公司控股子公司开展商品期货套期保值业务的核查意见,保荐/核查意见,2024-12-17,https://data.eastmoney.com/notices/detail/300432/AN202412171641335135.html
300432,富临精工,富临精工:关于开展商品期货套期保值业务的可行性分析报告,其他,2024-12-17,https://data.eastmoney.com/notices/detail/300432/AN202412171641335130.html
300432,富临精工,富临精工:关于开展商品期货套期保值业务的公告,其他,2024-12-17,https://data.eastmoney.com/notices/detail/300432/AN202412171641335128.html
300432,富临精工,富临精工:第五届监事会第十六次会议决议公告,监事会决议公告,2024-12-17,https://data.eastmoney.com/notices/detail/300432/AN202412171641335132.html
300432,富临精工,富临精工:关于控股子公司增资扩股引入战略投资者暨关联交易的公告,公司关联方基本资料变更,2024-12-17,https://data.eastmoney.com/notices/detail/300432/AN202412171641335129.html
300432,富临精工,富临精工:第五届董事会第二十次会议决议公告,董事会决议公告,2024-12-17,https://data.eastmoney.com/notices/detail/300432/AN202412171641335133.html
300992,泰福泵业,泰福泵业:简式权益变动报告书,权益变动报告书,2024-12-17,https://data.eastmoney.com/notices/detail/300992/AN202412171641335109.html
300432,富临精工,富临精工:期货套期保值业务管理制度(2024年12月修订),管理办法/制度,2024-12-17,https://data.eastmoney.com/notices/detail/300432/AN202412171641335110.html
300992,泰福泵业,泰福泵业:关于控股股东、实际控制人及其一致行动人被动稀释比例超过1%的提示性公告,其他,2024-12-17,https://data.eastmoney.com/notices/detail/300992/AN202412171641335111.html
300992,泰福泵业,泰福泵业:关于股东持股比例降至5%以下的权益变动提示性公告,权益变动报告书,2024-12-17,https://data.eastmoney.com/notices/detail/300992/AN202412171641335076.html
300334,津膜科技,津膜科技:300334津膜科技投资者关系管理信息20241217,调研活动,2024-12-17,https://data.eastmoney.com/notices/detail/300334/AN202412171641334972.html
301369,联动科技,联动科技:2024年12月17日投资者关系活动记录表,调研活动,2024-12-17,https://data.eastmoney.com/notices/detail/301369/AN202412171641334769.html
300705,九典制药,九典制药:300705九典制药投资者关系管理信息20241217,调研活动,2024-12-17,https://data.eastmoney.com/notices/detail/300705/AN202412171641334656.html
002899,英派斯,英派斯:2024年12月17日投资者关系活动记录表,调研活动,2024-12-17,https://data.eastmoney.com/notices/detail/002899/AN202412171641334639.html
300218,安利股份,安利股份:2024年12月17日投资者关系活动记录表,调研活动,2024-12-17,https://data.eastmoney.com/notices/detail/300218/AN202412171641334630.html
920252,天宏锂电,天宏锂电:2024年第四次临时股东大会决议公告,股东大会决议公告,2024-12-17,https://data.eastmoney.com/notices/detail/920252/AN202412171641334724.html
920252,天宏锂电,天宏锂电:对外投资设立控股孙公司公告,投资设立公司,2024-12-17,https://data.eastmoney.com/notices/detail/920252/AN202412171641334726.html
920252,天宏锂电,天宏锂电:上海市锦天城律师事务所关于天宏锂电2024年第四次临时股东大会的法律意见书,法律意见书,2024-12-17,https://data.eastmoney.com/notices/detail/920252/AN202412171641334725.html
920087,秋乐种业,秋乐种业:高级管理人员任命公告,高管人员任职变动,2024-12-17,https://data.eastmoney.com/notices/detail/920087/AN202412171641334671.html
920087,秋乐种业,秋乐种业:招商证券股份有限公司关于河南秋乐种业科技股份有限公司新增2024年日常性关联交易的核查意见,保荐/核查意见,2024-12-17,https://data.eastmoney.com/notices/detail/920087/AN202412171641334674.html
920087,秋乐种业,秋乐种业:第四届董事会第二十三次会议决议公告,高管人员任职变动,2024-12-17,https://data.eastmoney.com/notices/detail/920087/AN202412171641334672.html
920087,秋乐种业,秋乐种业:关于新增2024年日常性关联交易的公告,关联交易,2024-12-17,https://data.eastmoney.com/notices/detail/920087/AN202412171641334673.html
301029,怡合达,怡合达:东莞证券股份有限公司关于东莞怡合达自动化股份有限公司2024年持续督导定期现场核查报告,保荐/核查意见,2024-12-17,https://data.eastmoney.com/notices/detail/301029/AN202412171641334208.html
301029,怡合达,怡合达:东莞证券股份有限公司关于对东莞怡合达自动化股份有限公司2024年度持续督导培训报告,保荐/核查意见,2024-12-17,https://data.eastmoney.com/notices/detail/301029/AN202412171641334173.html
301058,中粮科工,中粮科工:关于持股5%以上股东及其一致行动人权益变动超过1%的公告,权益变动报告书,2024-12-17,https://data.eastmoney.com/notices/detail/301058/AN202412171641333833.html
300298,三诺生物,三诺生物:2024年12月17日投资者关系活动记录表,调研活动,2024-12-17,https://data.eastmoney.com/notices/detail/300298/AN202412171641333857.html
300645,正元智慧,正元智慧:关于公司独立董事辞职的公告,高管人员任职变动,2024-12-17,https://data.eastmoney.com/notices/detail/300645/AN202412171641333761.html
300595,欧普康视,欧普康视:关于硬性巩膜接触镜获得医疗器械注册证的公告,其他,2024-12-17,https://data.eastmoney.com/notices/detail/300595/AN202412171641333760.html
920640,富士达,富士达:第八届董事会第七次会议决议公告,其他增发事项公告,2024-12-17,https://data.eastmoney.com/notices/detail/920640/AN202412171641333626.html
920640,富士达,富士达:第八届监事会第六次会议决议公告,监事会决议公告,2024-12-17,https://data.eastmoney.com/notices/detail/920640/AN202412171641333628.html
920640,富士达,富士达:2025年第一次临时股东大会通知公告,召开股东大会通知,2024-12-17,https://data.eastmoney.com/notices/detail/920640/AN202412171641333623.html
920640,富士达,富士达:关于预计2025年日常性关联交易的公告,关联交易,2024-12-17,https://data.eastmoney.com/notices/detail/920640/AN202412171641333624.html
920640,富士达,富士达:募集资金管理制度,管理办法/制度,2024-12-17,https://data.eastmoney.com/notices/detail/920640/AN202412171641333627.html
920640,富士达,富士达:关于延长公司2023年度向特定对象发行股票股东大会决议有效期及相关授权有效期的公告,其他增发事项公告,2024-12-17,https://data.eastmoney.com/notices/detail/920640/AN202412171641333625.html
920371,欧福蛋业,欧福蛋业:关于使用部分闲置募集资金进行现金管理的进展公告,募集资金使用进展情况,2024-12-17,https://data.eastmoney.com/notices/detail/920371/AN202412171641333603.html
002916,深南电路,深南电路:2024年12月17日投资者关系活动记录表,调研活动,2024-12-17,https://data.eastmoney.com/notices/detail/002916/AN202412171641333493.html
000783,长江证券,长江证券:长江证券股份有限公司2023年面向专业投资者公开发行短期公司债券(第三期)2024年本息兑付及摘牌公告,其他,2024-12-17,https://data.eastmoney.com/notices/detail/000783/AN202412171641333188.html
920179,凯德石英,凯德石英:监事会关于2023年股权激励计划预留部分授予对象名单的核查意见及公示情况说明,股权激励进展公告,2024-12-17,https://data.eastmoney.com/notices/detail/920179/AN202412171641333186.html
920179,凯德石英,凯德石英:监事会关于拟认定核心员工的核查意见,专项说明/独立意见,2024-12-17,https://data.eastmoney.com/notices/detail/920179/AN202412171641333187.html
000521,长虹美菱,长虹美菱:000521长虹美菱投资者关系管理信息20241217,调研活动,2024-12-17,https://data.eastmoney.com/notices/detail/000521/AN202412171641332897.html
300003,乐普医疗,乐普医疗:关于经导管植入式主动脉瓣膜系统获得NMPA注册批准的提示性公告,其他,2024-12-17,https://data.eastmoney.com/notices/detail/300003/AN202412171641333097.html
301110,青木科技,青木科技:关于变更注册资本及修订《公司章程》暨完成工商变更登记的公告,公司注册资本变更,2024-12-17,https://data.eastmoney.com/notices/detail/301110/AN202412171641333111.html
300999,金龙鱼,金龙鱼:北京市汉坤律师事务所上海分所关于益海嘉里金龙鱼食品集团股份有限公司2024年第一次临时股东大会的法律意见书,法律意见书,2024-12-17,https://data.eastmoney.com/notices/detail/300999/AN202412171641333131.html
300999,金龙鱼,金龙鱼:2024年第一次临时股东大会决议公告,股东大会决议公告,2024-12-17,https://data.eastmoney.com/notices/detail/300999/AN202412171641333089.html
300490,华自科技,华自科技:关于2021年限制性股票激励计划第一类限制性股票第三个解锁期解除限售股份上市流通的提示性公告,限售股份上市流通,2024-12-17,https://data.eastmoney.com/notices/detail/300490/AN202412171641333085.html
300242,佳云科技,佳云科技:财达证券股份有限公司关于广东佳兆业佳云科技股份有限公司详式权益变动报告书之财务顾问核查意见,保荐/核查意见,2024-12-17,https://data.eastmoney.com/notices/detail/300242/AN202412171641333096.html
300242,佳云科技,佳云科技:广东佳兆业佳云科技股份有限公司详式权益变动书,权益变动报告书,2024-12-17,https://data.eastmoney.com/notices/detail/300242/AN202412171641333116.html
300242,佳云科技,佳云科技:简式权益变动报告书,权益变动报告书,2024-12-17,https://data.eastmoney.com/notices/detail/300242/AN202412171641333102.html
300242,佳云科技,佳云科技:关于股东权益变动暨控制权变更的提示性公告,权益变动报告书,2024-12-17,https://data.eastmoney.com/notices/detail/300242/AN202412171641333092.html
301291,明阳电气,明阳电气:关于变更部分募投项目后重新签订募集资金专户存储三方监管协议的公告,签订协议,2024-12-17,https://data.eastmoney.com/notices/detail/301291/AN202412171641333099.html
300853,申昊科技,申昊科技:华泰联合证券有限责任公司关于杭州申昊科技股份有限公司持续督导期2024年培训情况报告,保荐/核查意见,2024-12-17,https://data.eastmoney.com/notices/detail/300853/AN202412171641333093.html
920701,豪声电子,豪声电子:第三届监事会第十四次会议决议公告,监事会决议公告,2024-12-17,https://data.eastmoney.com/notices/detail/920701/AN202412171641333076.html
920701,豪声电子,豪声电子:第三届董事会第十八次会议决议公告,董事会决议公告,2024-12-17,https://data.eastmoney.com/notices/detail/920701/AN202412171641333075.html
920701,豪声电子,豪声电子:申万宏源证券承销保荐有限责任公司关于浙江豪声电子科技股份有限公司募集资金投资项目延期的核查意见,保荐/核查意见,2024-12-17,https://data.eastmoney.com/notices/detail/920701/AN202412171641333074.html
920701,豪声电子,豪声电子:关于募集资金投资项目延期的公告,变更募集资金投资项目,2024-12-17,https://data.eastmoney.com/notices/detail/920701/AN202412171641333073.html
920694,中裕科技,中裕科技:关于公司部分募投项目延期的公告,变更募集资金投资项目,2024-12-17,https://data.eastmoney.com/notices/detail/920694/AN202412171641333040.html
920694,中裕科技,中裕科技:监事会关于2023年股权激励计划限制性股票首次授予部分第一个解除限售期解除限售条件成就及回购注销部分限制性股票方案的核查意见,股权激励进展公告,2024-12-17,https://data.eastmoney.com/notices/detail/920694/AN202412171641333050.html
920694,中裕科技,中裕科技:关于减少注册资本暨修订《公司章程》公告,公司注册资本变更,2024-12-17,https://data.eastmoney.com/notices/detail/920694/AN202412171641333038.html
920694,中裕科技,中裕科技:关于召开2025年第一次临时股东大会通知公告(提供网络投票),召开股东大会通知,2024-12-17,https://data.eastmoney.com/notices/detail/920694/AN202412171641333048.html
920694,中裕科技,中裕科技:关于预计2025年度申请金融机构综合授信的公告,借贷,2024-12-17,https://data.eastmoney.com/notices/detail/920694/AN202412171641333039.html
920694,中裕科技,中裕科技:关于2023年股权激励计划限制性股票首次授予部分第一个解除限售期解除限售条件成就的公告,限售股份上市流通,2024-12-17,https://data.eastmoney.com/notices/detail/920694/AN202412171641333044.html
920694,中裕科技,中裕科技:关于调整2023年股权激励计划回购价格的公告,股权激励行权价（数量）调整,2024-12-17,https://data.eastmoney.com/notices/detail/920694/AN202412171641333045.html
920694,中裕科技,中裕科技:关于利用公司自有闲置资金购买理财产品的公告,投资理财,2024-12-17,https://data.eastmoney.com/notices/detail/920694/AN202412171641333037.html
920694,中裕科技,中裕科技:北京市盈科(苏州)律师事务所关于中裕软管科技股份有限公司2023年股权激励计划第一个解除限售期解除限售条件成就及回购注销部分限制性股票相关事项的法律意见书,法律意见书,2024-12-17,https://data.eastmoney.com/notices/detail/920694/AN202412171641333043.html
920694,中裕科技,中裕科技:关于回购注销部分限制性股票方案公告,回购预案,2024-12-17,https://data.eastmoney.com/notices/detail/920694/AN202412171641333042.html
920694,中裕科技,中裕科技:第三届董事会第十七次会议决议公告,董事会决议公告,2024-12-17,https://data.eastmoney.com/notices/detail/920694/AN202412171641333041.html
920694,中裕科技,中裕科技:上海荣正企业咨询服务(集团)股份有限公司关于中裕软管科技股份有限公司2023年股权激励计划限制性股票首次授予部分第一个解除限售期解除限售条件成就相关事项之独立财务顾问报告,限售股份上市流通,2024-12-17,https://data.eastmoney.com/notices/detail/920694/AN202412171641333046.html
920694,中裕科技,中裕科技:第三届监事会第十五次会议决议公告,监事会决议公告,2024-12-17,https://data.eastmoney.com/notices/detail/920694/AN202412171641333047.html
920694,中裕科技,中裕科技:东吴证券股份有限公司关于中裕软管科技股份有限公司募集资金投资项目延期的核查意见,保荐/核查意见,2024-12-17,https://data.eastmoney.com/notices/detail/920694/AN202412171641333049.html
301516,中远通,中远通:关于开立现金管理专用结算账户的公告,投资理财,2024-12-17,https://data.eastmoney.com/notices/detail/301516/AN202412171641333058.html
301298,东利机械,东利机械:第四届董事会独立董事专门会议第二次会议审核意见,专项说明/独立意见,2024-12-17,https://data.eastmoney.com/notices/detail/301298/AN202412171641333065.html
301298,东利机械,东利机械:华泰联合证券有限责任公司关于保定市东利机械制造股份有限公司2025年度日常关联交易预计的核查意见,保荐/核查意见,2024-12-17,https://data.eastmoney.com/notices/detail/301298/AN202412171641333060.html
301298,东利机械,东利机械:关于2025年度日常关联交易预计的公告,关联交易,2024-12-17,https://data.eastmoney.com/notices/detail/301298/AN202412171641333064.html
301298,东利机械,东利机械:第四届监事会第九次会议决议公告,监事会决议公告,2024-12-17,https://data.eastmoney.com/notices/detail/301298/AN202412171641333059.html
301298,东利机械,东利机械:第四届董事会第十次会议决议公告,董事会决议公告,2024-12-17,https://data.eastmoney.com/notices/detail/301298/AN202412171641333061.html
301298,东利机械,东利机械:关于部分首次公开发行募集资金专项账户销户完成的公告,募集资金使用情况报告,2024-12-17,https://data.eastmoney.com/notices/detail/301298/AN202412171641333063.html
300587,天铁科技,天铁股份:浙江天铁实业股份有限公司关于控股股东、实际控制人股份质押的公告,股份质押、冻结,2024-12-17,https://data.eastmoney.com/notices/detail/300587/AN202412171641333008.html
300587,天铁科技,天铁股份:浙江天铁实业股份有限公司关于使用部分闲置募集资金购买理财产品的公告,投资理财,2024-12-17,https://data.eastmoney.com/notices/detail/300587/AN202412171641333009.html
300162,雷曼光电,雷曼光电:国金证券股份有限公司关于深圳雷曼光电科技股份有限公司2024年度培训情况的报告,保荐/核查意见,2024-12-17,https://data.eastmoney.com/notices/detail/300162/AN202412171641333006.html
300162,雷曼光电,雷曼光电:关于向银行等金融机构申请综合授信及提供担保的进展公告,提供/对外担保公告,2024-12-17,https://data.eastmoney.com/notices/detail/300162/AN202412171641333013.html
301009,可靠股份,可靠股份:关于公司股价异动的公告,股票交易异常波动,2024-12-17,https://data.eastmoney.com/notices/detail/301009/AN202412171641333010.html
920627,力王股份,力王股份:关于公司收到税务事项通知书及公司实际控制人将补偿相应损失的公告,其他,2024-12-17,https://data.eastmoney.com/notices/detail/920627/AN202412171641333002.html
300162,雷曼光电,雷曼光电:国金证券股份有限公司关于深圳雷曼光电科技股份有限公司2024年现场检查报告,保荐/核查意见,2024-12-17,https://data.eastmoney.com/notices/detail/300162/AN202412171641332988.html
300644,南京聚隆,南京聚隆:第六届董事会第四次会议决议公告,董事会决议公告,2024-12-17,https://data.eastmoney.com/notices/detail/300644/AN202412171641332993.html
300759,康龙化成,康龙化成:H股公告(翌日披露报表),其他,2024-12-17,https://data.eastmoney.com/notices/detail/300759/AN202412171641332986.html
300469,信息发展,信息发展:关于股东协议转让公司股份的进展公告,股权转让,2024-12-17,https://data.eastmoney.com/notices/detail/300469/AN202412171641332981.html
300644,南京聚隆,南京聚隆:第六届监事会第三次会议决议公告,监事会决议公告,2024-12-17,https://data.eastmoney.com/notices/detail/300644/AN202412171641332980.html
300644,南京聚隆,南京聚隆:南京聚隆科技股份有限公司舆情管理制度,管理办法/制度,2024-12-17,https://data.eastmoney.com/notices/detail/300644/AN202412171641332983.html
300644,南京聚隆,南京聚隆:长城证券股份有限公司关于南京聚隆科技股份有限公司募投项目延期事项的核查意见,保荐/核查意见,2024-12-17,https://data.eastmoney.com/notices/detail/300644/AN202412171641332992.html
301358,湖南裕能,湖南裕能:中信建投证券股份有限公司关于湖南裕能新能源电池材料股份有限公司2024年定期现场检查报告,保荐/核查意见,2024-12-17,https://data.eastmoney.com/notices/detail/301358/AN202412171641332991.html
300328,宜安科技,宜安科技:宜安科技关于公司及子公司向金融机构申请授信额度暨对子公司提供担保的进展公告,提供/对外担保公告,2024-12-17,https://data.eastmoney.com/notices/detail/300328/AN202412171641332855.html
300644,南京聚隆,南京聚隆:关于募集资金投资项目延期的公告,变更募集资金投资项目,2024-12-17,https://data.eastmoney.com/notices/detail/300644/AN202412171641332854.html
300328,宜安科技,宜安科技:宜安科技关于公司向金融机构申请授信额度的进展公告,借贷,2024-12-17,https://data.eastmoney.com/notices/detail/300328/AN202412171641332958.html
301587,中瑞股份,中瑞股份:舆情管理制度,管理办法/制度,2024-12-17,https://data.eastmoney.com/notices/detail/301587/AN202412171641332957.html
301587,中瑞股份,中瑞股份:第三届董事会第五次会议决议公告,董事会决议公告,2024-12-17,https://data.eastmoney.com/notices/detail/301587/AN202412171641332960.html
301587,中瑞股份,中瑞股份:关于增加公司及合并报表范围内的子公司2024年度向银行等金融机构申请综合授信额度的公告,借贷,2024-12-17,https://data.eastmoney.com/notices/detail/301587/AN202412171641332959.html
300169,天晟新材,天晟新材:北京国枫(上海)律师事务所关于常州天晟新材料集团股份有限公司2024年第二次临时股东大会的法律意见书,法律意见书,2024-12-17,https://data.eastmoney.com/notices/detail/300169/AN202412171641332820.html
300169,天晟新材,天晟新材:2024年第二次临时股东大会决议公告,股东大会决议公告,2024-12-17,https://data.eastmoney.com/notices/detail/300169/AN202412171641332834.html
300783,三只松鼠,三只松鼠:关于董事会、监事会完成换届选举及聘任高级管理人员、证券事务代表的公告,高管人员任职变动,2024-12-17,https://data.eastmoney.com/notices/detail/300783/AN202412171641332822.html
300783,三只松鼠,三只松鼠:关于投资孵化新子品牌暨设立全资子公司并取得营业执照的进展公告,投资设立公司,2024-12-17,https://data.eastmoney.com/notices/detail/300783/AN202412171641332832.html
300783,三只松鼠,三只松鼠:北京市中伦律师事务所关于三只松鼠股份有限公司2024年第二次临时股东大会的法律意见书,法律意见书,2024-12-17,https://data.eastmoney.com/notices/detail/300783/AN202412171641332833.html
300783,三只松鼠,三只松鼠:第四届监事会第一次会议决议公告,高管人员任职变动,2024-12-17,https://data.eastmoney.com/notices/detail/300783/AN202412171641332836.html
300783,三只松鼠,三只松鼠:第四届董事会第一次会议决议公告,高管人员任职变动,2024-12-17,https://data.eastmoney.com/notices/detail/300783/AN202412171641332819.html
300783,三只松鼠,三只松鼠:2024-068-2024年第二次临时股东大会决议公告,股东大会决议公告,2024-12-17,https://data.eastmoney.com/notices/detail/300783/AN202412171641332829.html
300296,利亚德,利亚德:关于控股股东权益变动比例超过1%的公告,权益变动报告书,2024-12-17,https://data.eastmoney.com/notices/detail/300296/AN202412171641332827.html
920570,坤博精工,坤博精工:第二届监事会第十五次会议决议公告,监事会决议公告,2024-12-17,https://data.eastmoney.com/notices/detail/920570/AN202412171641332794.html
920570,坤博精工,坤博精工:第二届董事会第二十次会议决议公告,董事会决议公告,2024-12-17,https://data.eastmoney.com/notices/detail/920570/AN202412171641332791.html
920570,坤博精工,坤博精工:国投证券股份有限公司关于浙江坤博精工科技股份有限公司新增部分募投项目实施主体和实施地点的专项核查意见,保荐/核查意见,2024-12-17,https://data.eastmoney.com/notices/detail/920570/AN202412171641332789.html
920570,坤博精工,坤博精工:国投证券股份有限公司关于浙江坤博精工科技股份有限公司募投项目延期的专项核查意见,保荐/核查意见,2024-12-17,https://data.eastmoney.com/notices/detail/920570/AN202412171641332796.html
920570,坤博精工,坤博精工:关于公司增加闲置募集资金购买理财产品额度的公告,投资理财,2024-12-17,https://data.eastmoney.com/notices/detail/920570/AN202412171641332793.html
920570,坤博精工,坤博精工:国投证券股份有限公司关于浙江坤博精工科技股份有限公司增加闲置募集资金购买理财产品额度的专项核查意见,保荐/核查意见,2024-12-17,https://data.eastmoney.com/notices/detail/920570/AN202412171641332795.html
920570,坤博精工,坤博精工:关于新增部分募投项目实施主体和实施地点的公告,变更募集资金投资项目,2024-12-17,https://data.eastmoney.com/notices/detail/920570/AN202412171641332790.html
920570,坤博精工,坤博精工:关于募投项目延期的公告,变更募集资金投资项目,2024-12-17,https://data.eastmoney.com/notices/detail/920570/AN202412171641332792.html
300741,华宝股份,华宝股份:华宝香精股份有限公司关于完成企业类型变更并取得营业执照的公告,公司其他基本信息变更,2024-12-17,https://data.eastmoney.com/notices/detail/300741/AN202412171641332784.html
920045,蘅东光,蘅东光:关于对全资子公司增资并完成工商变更的公告,公司关联方基本资料变更,2024-12-17,https://data.eastmoney.com/notices/detail/920045/AN202412171641332782.html
300797,钢研纳克,钢研纳克:300797钢研纳克投资者关系管理信息20241217,调研活动,2024-12-17,https://data.eastmoney.com/notices/detail/300797/AN202412171641332859.html
600229,城市传媒,城市传媒:投资者关系活动记录表,调研活动,2024-12-17,https://data.eastmoney.com/notices/detail/600229/AN202412171641332858.html
300957,贝泰妮,贝泰妮:关于公司实际控制人变更事项的进展公告,股东/实际控制人变更,2024-12-17,https://data.eastmoney.com/notices/detail/300957/AN202412171641332767.html
920748,路桥信息,路桥信息:金圆统一证券有限公司关于厦门路桥信息股份有限公司使用闲置募集资金购买理财产品的核查意见,保荐/核查意见,2024-12-17,https://data.eastmoney.com/notices/detail/920748/AN202412171641332761.html
920792,东和新材,东和新材:股东增持股份结果公告,股东/实际控制人股份增持,2024-12-17,https://data.eastmoney.com/notices/detail/920792/AN202412171641332763.html
920748,路桥信息,路桥信息:第三届监事会第二十一次会议决议,监事会决议公告,2024-12-17,https://data.eastmoney.com/notices/detail/920748/AN202412171641332762.html
920748,路桥信息,路桥信息:第三届董事会第二十六次会议决议,董事会决议公告,2024-12-17,https://data.eastmoney.com/notices/detail/920748/AN202412171641332760.html
920748,路桥信息,路桥信息:关于使用闲置募集资金购买理财产品的公告,投资理财,2024-12-17,https://data.eastmoney.com/notices/detail/920748/AN202412171641332764.html
688007,光峰科技,光峰科技:投资者互动记录(2024年度深圳辖区上市公司集体接待日),调研活动,2024-12-17,https://data.eastmoney.com/notices/detail/688007/AN202412171641332547.html
301015,百洋医药,百洋医药:关于部分董事、高级管理人员辞去职务的公告,高管人员任职变动,2024-12-17,https://data.eastmoney.com/notices/detail/301015/AN202412171641332705.html
301589,诺瓦星云,诺瓦星云:2024年前三季度权益分派实施公告,分配方案实施,2024-12-17,https://data.eastmoney.com/notices/detail/301589/AN202412171641332704.html
300017,网宿科技,网宿科技:第六届董事会第十八次会议决议公告,董事会决议公告,2024-12-17,https://data.eastmoney.com/notices/detail/300017/AN202412171641332707.html
300017,网宿科技,网宿科技:关于子公司增资扩股暨关联交易的公告,公司关联方基本资料变更,2024-12-17,https://data.eastmoney.com/notices/detail/300017/AN202412171641332706.html
301589,诺瓦星云,诺瓦星云:关于2024年前三季度权益分派实施后调整回购股份价格上限的公告,回购方案修订,2024-12-17,https://data.eastmoney.com/notices/detail/301589/AN202412171641332695.html
300017,网宿科技,网宿科技:第六届监事会第十九次会议决议公告,监事会决议公告,2024-12-17,https://data.eastmoney.com/notices/detail/300017/AN202412171641332696.html
001332,锡装股份,锡装股份:001332锡装股份投资者关系管理信息20241217,调研活动,2024-12-17,https://data.eastmoney.com/notices/detail/001332/AN202412171641332542.html
301307,美利信,美利信:关于重大资产购买事项的进展公告,收购出售资产/股权,2024-12-17,https://data.eastmoney.com/notices/detail/301307/AN202412171641332600.html
301127,武汉天源,天源环保:关于控股股东、实际控制人及其一致行动人持股比例变动超过1%的公告,其他,2024-12-17,https://data.eastmoney.com/notices/detail/301127/AN202412171641332599.html
688322,奥比中光,奥比中光:投资者关系活动记录表(2024年12月17日),调研活动,2024-12-17,https://data.eastmoney.com/notices/detail/688322/AN202412171641332495.html
301378,通达海,通达海:301378通达海投资者关系管理信息20241217,调研活动,2024-12-17,https://data.eastmoney.com/notices/detail/301378/AN202412171641332496.html
688556,高测股份,高测股份:投资者关系活动记录表688556,调研活动,2024-12-17,https://data.eastmoney.com/notices/detail/688556/AN202412171641332497.html
002939,长城证券,长城证券:长城证券股份有限公司2024年面向专业投资者公开发行次级公司债券(第二期)发行结果公告,其他,2024-12-17,https://data.eastmoney.com/notices/detail/002939/AN202412171641332569.html
002939,长城证券,长城证券:长城证券股份有限公司2023年面向专业投资者公开发行公司债券(第六期)(品种一)2024年付息公告,其他,2024-12-17,https://data.eastmoney.com/notices/detail/002939/AN202412171641332568.html
002939,长城证券,长城证券:长城证券股份有限公司2023年面向专业投资者公开发行公司债券(第六期)(品种二)2024年付息公告,其他,2024-12-17,https://data.eastmoney.com/notices/detail/002939/AN202412171641332567.html
300663,科蓝软件,科蓝软件:关于持股5%以上股东股份质押及解除质押的公告,股份质押、冻结,2024-12-17,https://data.eastmoney.com/notices/detail/300663/AN202412171641332431.html
301040,中环海陆,中环海陆:关于持股5%以上股东、部分董事及高级管理人员减持股份的预披露公告,股东/实际控制人股份减持,2024-12-17,https://data.eastmoney.com/notices/detail/301040/AN202412171641332390.html
300570,太辰光,太辰光:简式权益变动报告书,权益变动报告书,2024-12-17,https://data.eastmoney.com/notices/detail/300570/AN202412171641332340.html
300570,太辰光,太辰光:关于股东减持后持股比例低于5%的权益变动提示性公告,权益变动报告书,2024-12-17,https://data.eastmoney.com/notices/detail/300570/AN202412171641332341.html
688110,东芯股份,东芯股份:东芯半导体股份有限公司投资者关系活动记录表(2024年12月17日),调研活动,2024-12-17,https://data.eastmoney.com/notices/detail/688110/AN202412171641332016.html
300220,金运激光,金运激光:关于控股股东部分股份解除质押的公告,股份质押、冻结,2024-12-17,https://data.eastmoney.com/notices/detail/300220/AN202412171641332291.html
300969,恒帅股份,恒帅股份:投资者关系活动记录表20241217,调研活动,2024-12-17,https://data.eastmoney.com/notices/detail/300969/AN202412171641332009.html
000417,合百集团,合百集团:000417合百集团投资者关系管理信息20241217,调研活动,2024-12-17,https://data.eastmoney.com/notices/detail/000417/AN202412171641331996.html
920081,欧伦电气,欧伦电气:关于第一届董事会第九次会议相关事项的独立董事意见的公告,专项说明/独立意见,2024-12-17,https://data.eastmoney.com/notices/detail/920081/AN202412171641332275.html
920081,欧伦电气,欧伦电气:董事、监事、高级管理人员薪酬管理制度(北京证券交易所上市后适用),管理办法/制度,2024-12-17,https://data.eastmoney.com/notices/detail/920081/AN202412171641332266.html
920081,欧伦电气,欧伦电气:子公司管理制度(北京证券交易所上市后适用),管理办法/制度,2024-12-17,https://data.eastmoney.com/notices/detail/920081/AN202412171641332247.html
920081,欧伦电气,欧伦电气:独立董事专门会议工作制度(北京证券交易所上市后适用),管理办法/制度,2024-12-17,https://data.eastmoney.com/notices/detail/920081/AN202412171641332236.html
920081,欧伦电气,欧伦电气:公司章程(草案)(北京证券交易所上市后适用),公司章程,2024-12-17,https://data.eastmoney.com/notices/detail/920081/AN202412171641332235.html
920081,欧伦电气,欧伦电气:年度报告重大差错责任追究制度(北京证券交易所上市后适用),管理办法/制度,2024-12-17,https://data.eastmoney.com/notices/detail/920081/AN202412171641332218.html
300350,华鹏飞,华鹏飞:关于使用闲置自有资金进行现金管理的进展公告,投资理财,2024-12-17,https://data.eastmoney.com/notices/detail/300350/AN202412171641332206.html
300750,宁德时代,宁德时代:关于2021年股票期权与限制性股票激励计划部分股票期权注销完成的公告,股本变动,2024-12-17,https://data.eastmoney.com/notices/detail/300750/AN202412171641332204.html
920081,欧伦电气,欧伦电气:内幕信息知情人登记管理制度(北京证券交易所上市后适用),管理办法/制度,2024-12-17,https://data.eastmoney.com/notices/detail/920081/AN202412171641332198.html
920081,欧伦电气,欧伦电气:信息披露管理制度(北京证券交易所上市后适用),管理办法/制度,2024-12-17,https://data.eastmoney.com/notices/detail/920081/AN202412171641332196.html
600690,海尔智家,海尔智家:2024年11月28日投资者关系活动记录,调研活动,2024-12-17,https://data.eastmoney.com/notices/detail/600690/AN202412171641331984.html
600804,退市鹏博,*ST鹏博:鹏博士投资者关系活动记录表,调研活动,2024-12-17,https://data.eastmoney.com/notices/detail/600804/AN202412171641331985.html
920081,欧伦电气,欧伦电气:内部控制制度(北京证券交易所上市后适用),内部控制报告,2024-12-17,https://data.eastmoney.com/notices/detail/920081/AN202412171641332182.html
688190,云路股份,云路股份:投资者关系活动记录表,调研活动,2024-12-17,https://data.eastmoney.com/notices/detail/688190/AN202412171641331977.html
688501,青达环保,青达环保:投资者关系活动记录表,调研活动,2024-12-17,https://data.eastmoney.com/notices/detail/688501/AN202412171641331976.html
920081,欧伦电气,欧伦电气:薪酬与考核委员会工作细则(北京证券交易所上市后适用),议事规则/实施细则,2024-12-17,https://data.eastmoney.com/notices/detail/920081/AN202412171641332173.html
920081,欧伦电气,欧伦电气:提名委员会工作细则(北京证券交易所上市后适用),议事规则/实施细则,2024-12-17,https://data.eastmoney.com/notices/detail/920081/AN202412171641332171.html
920081,欧伦电气,欧伦电气:总经理工作细则(北京证券交易所上市后适用),议事规则/实施细则,2024-12-17,https://data.eastmoney.com/notices/detail/920081/AN202412171641332153.html
920081,欧伦电气,欧伦电气:战略委员会工作细则(北京证券交易所上市后适用),议事规则/实施细则,2024-12-17,https://data.eastmoney.com/notices/detail/920081/AN202412171641332155.html
920081,欧伦电气,欧伦电气:审计委员会工作细则(北京证券交易所上市后适用),议事规则/实施细则,2024-12-17,https://data.eastmoney.com/notices/detail/920081/AN202412171641332154.html
300862,蓝盾光电,蓝盾光电:关于使用暂时闲置募集资金和自有资金进行现金管理的进展公告,募集资金使用进展情况,2024-12-17,https://data.eastmoney.com/notices/detail/300862/AN202412171641332147.html
920081,欧伦电气,欧伦电气:董事会秘书工作细则(北京证券交易所上市后适用),议事规则/实施细则,2024-12-17,https://data.eastmoney.com/notices/detail/920081/AN202412171641332134.html
920932,科达自控,科达自控:关于投资者关系活动记录表的公告,调研活动,2024-12-17,https://data.eastmoney.com/notices/detail/920932/AN202412171641332106.html
920081,欧伦电气,欧伦电气:防范控股股东、实际控制人及其关联方资金占用制度(北京证券交易所上市后适用),管理办法/制度,2024-12-17,https://data.eastmoney.com/notices/detail/920081/AN202412171641332103.html
920943,优机股份,优机股份:员工持股平台拟减持公司股份不超过1%的减持结果公告,股东/实际控制人股份减持,2024-12-17,https://data.eastmoney.com/notices/detail/920943/AN202412171641332092.html
920081,欧伦电气,欧伦电气:网络投票实施细则(北京证券交易所上市后适用),议事规则/实施细则,2024-12-17,https://data.eastmoney.com/notices/detail/920081/AN202412171641332083.html
300906,日月明,日月明:关于购买土地使用权暨关联交易进展完成的公告,收购出售资产/股权,2024-12-17,https://data.eastmoney.com/notices/detail/300906/AN202412171641332082.html
920081,欧伦电气,欧伦电气:承诺管理制度(北京证券交易所上市后适用),管理办法/制度,2024-12-17,https://data.eastmoney.com/notices/detail/920081/AN202412171641332070.html
920081,欧伦电气,欧伦电气:投资者关系管理制度(北京证券交易所上市后适用),管理办法/制度,2024-12-17,https://data.eastmoney.com/notices/detail/920081/AN202412171641332069.html
920081,欧伦电气,欧伦电气:募集资金管理制度(北京证券交易所上市后适用),管理办法/制度,2024-12-17,https://data.eastmoney.com/notices/detail/920081/AN202412171641332060.html
920066,科拜尔,科拜尔:关于取得发明专利证书的公告,获得认证,2024-12-17,https://data.eastmoney.com/notices/detail/920066/AN202412171641331948.html
920081,欧伦电气,欧伦电气:利润分配制度(北京证券交易所上市后适用),管理办法/制度,2024-12-17,https://data.eastmoney.com/notices/detail/920081/AN202412171641331943.html
301511,德福科技,德福科技:关于为子公司提供担保的进展公告,提供/对外担保公告,2024-12-17,https://data.eastmoney.com/notices/detail/301511/AN202412171641331942.html
920081,欧伦电气,欧伦电气:对外担保管理制度(北京证券交易所上市后适用),管理办法/制度,2024-12-17,https://data.eastmoney.com/notices/detail/920081/AN202412171641331931.html
920081,欧伦电气,欧伦电气:投资管理制度(北京证券交易所上市后适用),管理办法/制度,2024-12-17,https://data.eastmoney.com/notices/detail/920081/AN202412171641331932.html
920081,欧伦电气,欧伦电气:关联交易管理制度(北京证券交易所上市后适用),管理办法/制度,2024-12-17,https://data.eastmoney.com/notices/detail/920081/AN202412171641331915.html
601366,利群股份,利群股份:利群商业集团股份有限公司投资者关系活动记录表(2024年11月28日),调研活动,2024-12-17,https://data.eastmoney.com/notices/detail/601366/AN202412171641331743.html
600894,广日股份,广日股份: 2024年12月6、10、11、12、16日投资者交流记录,调研活动,2024-12-17,https://data.eastmoney.com/notices/detail/600894/AN202412171641331740.html
688677,海泰新光,海泰新光:2024年11月网上集体接待日活动记录,调研活动,2024-12-17,https://data.eastmoney.com/notices/detail/688677/AN202412171641331741.html
301201,诚达药业,诚达药业:301201诚达药业调研活动信息20241217,调研活动,2024-12-17,https://data.eastmoney.com/notices/detail/301201/AN202412171641331742.html
920081,欧伦电气,欧伦电气:独立董事工作制度(北京证券交易所上市后适用),管理办法/制度,2024-12-17,https://data.eastmoney.com/notices/detail/920081/AN202412171641331887.html
920081,欧伦电气,欧伦电气:累积投票制度实施细则(北京证券交易所上市后适用),议事规则/实施细则,2024-12-17,https://data.eastmoney.com/notices/detail/920081/AN202412171641331883.html
300656,民德电子,民德电子:关于召开2024年第五次临时股东大会的提示性公告,召开股东大会提示性公告,2024-12-17,https://data.eastmoney.com/notices/detail/300656/AN202412171641331869.html
920081,欧伦电气,欧伦电气:监事会议事规则(北京证券交易所上市后适用),议事规则/实施细则,2024-12-17,https://data.eastmoney.com/notices/detail/920081/AN202412171641331866.html
920081,欧伦电气,欧伦电气:董事会议事规则(北京证券交易所上市后适用),议事规则/实施细则,2024-12-17,https://data.eastmoney.com/notices/detail/920081/AN202412171641331803.html
920081,欧伦电气,欧伦电气:关于公司申请向不特定合格投资者公开发行股票并在北京证券交易所上市募集资金投资项目及其可行性的公告,其他,2024-12-17,https://data.eastmoney.com/notices/detail/920081/AN202412171641331793.html
920081,欧伦电气,欧伦电气:股东大会议事规则(北京证券交易所上市后适用),议事规则/实施细则,2024-12-17,https://data.eastmoney.com/notices/detail/920081/AN202412171641331790.html
300183,东软载波,东软载波:300183东软载波投资者关系管理信息20241217,调研活动,2024-12-17,https://data.eastmoney.com/notices/detail/300183/AN202412171641331735.html
920081,欧伦电气,欧伦电气:关于公司向不特定合格投资者公开发行股票并在北京证券交易所上市前滚存利润的分配方案的公告,其他,2024-12-17,https://data.eastmoney.com/notices/detail/920081/AN202412171641331786.html
920081,欧伦电气,欧伦电气:关于公司向不特定合格投资者公开发行股票并在北京证券交易所上市后摊薄即期回报填补措施及相关承诺的公告,其他,2024-12-17,https://data.eastmoney.com/notices/detail/920081/AN202412171641331777.html
920081,欧伦电气,欧伦电气:关于公司向不特定合格投资者公开发行股票并在北京证券交易所上市后三年股东分红回报规划的公告,其他,2024-12-17,https://data.eastmoney.com/notices/detail/920081/AN202412171641331771.html
920081,欧伦电气,欧伦电气:关于公司向不特定合格投资者公开发行股票并在北京证券交易所上市事项作出有关承诺并接受相应约束措施的公告,其他,2024-12-17,https://data.eastmoney.com/notices/detail/920081/AN202412171641331655.html
920081,欧伦电气,欧伦电气:关于公司存在虚假记载、误导性陈述或者重大遗漏的情况下回购股份和赔偿投资者损失的公告,其他,2024-12-17,https://data.eastmoney.com/notices/detail/920081/AN202412171641331759.html
920081,欧伦电气,欧伦电气:关于公司向不特定合格投资者公开发行股票并在北京证券交易所上市后三年内稳定公司股价的预案的公告,其他,2024-12-17,https://data.eastmoney.com/notices/detail/920081/AN202412171641331642.html
688179,阿拉丁,阿拉丁:接待投资者调研活动记录(2024年12月13日-12月17日),调研活动,2024-12-17,https://data.eastmoney.com/notices/detail/688179/AN202412171641331529.html
920081,欧伦电气,欧伦电气:关于董事会审议公开发行股票并在北交所上市议案的提示性公告,其他,2024-12-17,https://data.eastmoney.com/notices/detail/920081/AN202412171641331625.html
920099,瑞华技术,瑞华技术:关于终止与中信银行签署的《最高额保证合同》的公告,其他,2024-12-17,https://data.eastmoney.com/notices/detail/920099/AN202412171641331621.html
920081,欧伦电气,欧伦电气:监事会关于公司申请向不特定合格投资者公开发行股票并在北京证券交易所上市方案的审核意见公告,专项说明/独立意见,2024-12-17,https://data.eastmoney.com/notices/detail/920081/AN202412171641331613.html
920081,欧伦电气,欧伦电气:关于召开2025年第一次临时股东大会通知公告(提供网络投票),召开股东大会通知,2024-12-17,https://data.eastmoney.com/notices/detail/920081/AN202412171641331591.html
920081,欧伦电气,欧伦电气:第一届监事会第八次会议决议公告,监事会决议公告,2024-12-17,https://data.eastmoney.com/notices/detail/920081/AN202412171641331578.html
920876,慧为智能,慧为智能:2024年第二次临时股东大会决议公告,股东大会决议公告,2024-12-17,https://data.eastmoney.com/notices/detail/920876/AN202412171641331453.html
920876,慧为智能,慧为智能:广东信达律师事务所关于深圳市慧为智能科技股份有限公司2024年第二次临时股东大会的法律意见书,法律意见书,2024-12-17,https://data.eastmoney.com/notices/detail/920876/AN202412171641331452.html
002153,石基信息,石基信息:2024年12月17日投资者关系活动记录表,调研活动,2024-12-17,https://data.eastmoney.com/notices/detail/002153/AN202412171641331255.html
920081,欧伦电气,欧伦电气:第一届董事会第九次会议决议公告,董事会决议公告,2024-12-17,https://data.eastmoney.com/notices/detail/920081/AN202412171641331444.html
600579,中化装备,关于克劳斯玛菲股份有限公司的重大资产重组预案审核意见函,重大资产重组预案审核意见函,2024-12-17,https://data.eastmoney.com/notices/detail/600579/AN202412171641331389.html
600105,永鼎股份,关于对江苏永鼎股份有限公司及有关责任人予以通报批评的决定,上交所股票监管措施,2024-12-17,https://data.eastmoney.com/notices/detail/600105/AN202412171641331388.html
600105,永鼎股份,关于对江苏永鼎股份有限公司有关责任人予以监管警示的决定,上交所股票监管措施,2024-12-17,https://data.eastmoney.com/notices/detail/600105/AN202412171641331387.html
920263,中航泰达,中航泰达:第四届董事会第七次会议决议公告,董事会决议公告,2024-12-17,https://data.eastmoney.com/notices/detail/920263/AN202412171641331328.html
920263,中航泰达,中航泰达:关于新增2024年日常性关联交易的公告,关联交易,2024-12-17,https://data.eastmoney.com/notices/detail/920263/AN202412171641331327.html
300790,宇瞳光学,宇瞳光学:关于宇瞳转债即将停止转股暨赎回前最后一个交易日的重要提示性公告,其他,2024-12-17,https://data.eastmoney.com/notices/detail/300790/AN202412171641331337.html
601456,国联民生,上海证券交易所并购重组审核委员会2024年第6次审议会议结果公告,上交所并购重组委会议结果公告,2024-12-17,https://data.eastmoney.com/notices/detail/601456/AN202412171641331067.html
300959,线上线下,线上线下:关于2024年第二期回购公司股份的首次回购公告,回购实施公告,2024-12-17,https://data.eastmoney.com/notices/detail/300959/AN202412171641331281.html
300398,飞凯材料,飞凯材料:关于“飞凯转债”暂停转股的提示性公告,其他,2024-12-17,https://data.eastmoney.com/notices/detail/300398/AN202412171641331280.html
600644,乐山电力,6-1中天运会计师事务所(特殊普通合伙)关于乐山电力股份有限公司以简易程序向特定对象发行A股股票的财务报告及审计报告,沪主板再融资审计报告,2024-12-17,https://data.eastmoney.com/notices/detail/600644/AN202412171641331110.html
600644,乐山电力,3-1中国银河证券股份有限公司关于乐山电力股份有限公司以简易程序向特定对象发行A股股票之发行保荐书,沪主板再融资发行保荐书,2024-12-17,https://data.eastmoney.com/notices/detail/600644/AN202412171641331114.html
600644,乐山电力,4-1北京市君泽君律师事务所关于乐山电力股份有限公司2024年度以简易程序向特定对象发行A股股票的法律意见书,沪主板再融资法律意见书,2024-12-17,https://data.eastmoney.com/notices/detail/600644/AN202412171641331113.html
300118,东方日升,东方日升:浙江和义观达律师事务所关于东方日升2024年第三次临时股东大会的法律意见书,法律意见书,2024-12-17,https://data.eastmoney.com/notices/detail/300118/AN202412171641331151.html
301382,蜂助手,蜂助手:蜂助手股份有限公司关于持股5%以上股东部分股份解除质押的公告,股份质押、冻结,2024-12-17,https://data.eastmoney.com/notices/detail/301382/AN202412171641331261.html
301217,铜冠铜箔,铜冠铜箔:会计师事务所选聘制度,管理办法/制度,2024-12-17,https://data.eastmoney.com/notices/detail/301217/AN202412171641331155.html
301217,铜冠铜箔,铜冠铜箔:第二届董事会第十一次会议决议公告,董事会决议公告,2024-12-17,https://data.eastmoney.com/notices/detail/301217/AN202412171641331258.html
301075,多瑞医药,多瑞医药:关于使用暂时闲置募集资金进行现金管理到期赎回并继续进行现金管理的进展公告,募集资金使用进展情况,2024-12-17,https://data.eastmoney.com/notices/detail/301075/AN202412171641331154.html
300911,亿田智能,亿田智能:关于控股股东可转换公司债券解除质押的公告,股份质押、冻结,2024-12-17,https://data.eastmoney.com/notices/detail/300911/AN202412171641331156.html
300398,飞凯材料,飞凯材料:关于使用暂时闲置募集资金进行现金管理的进展公告,募集资金使用进展情况,2024-12-17,https://data.eastmoney.com/notices/detail/300398/AN202412171641331152.html
600644,乐山电力,1-1乐山电力股份有限公司2024年度以简易程序向特定对象发行A股股票证券募集说明书(申报稿),沪主板再融资募集说明书申报稿,2024-12-17,https://data.eastmoney.com/notices/detail/600644/AN202412171641331111.html
600644,乐山电力,3-2中国银河证券股份有限公司关于乐山电力股份有限公司以简易程序向特定对象发行A股股票之上市保荐书,沪主板再融资上市保荐书,2024-12-17,https://data.eastmoney.com/notices/detail/600644/AN202412171641331115.html
300118,东方日升,东方日升:2024年第三次临时股东大会决议公告,股东大会决议公告,2024-12-17,https://data.eastmoney.com/notices/detail/300118/AN202412171641331063.html
600807,济高发展,关于终止对济南高新发展股份有限公司向特定对象发行股票审核的决定,沪主板再融资审核终止审核通知,2024-12-17,https://data.eastmoney.com/notices/detail/600807/AN202412171641330890.html
603153,上海建科,上海建科:上海建科集团股份有限公司投资者关系活动记录表(2024年12月16日),调研活动,2024-12-17,https://data.eastmoney.com/notices/detail/603153/AN202412171641330833.html
603639,海利尔,海利尔:投资者关系活动记录表(2024年11月28日),调研活动,2024-12-17,https://data.eastmoney.com/notices/detail/603639/AN202412171641330832.html
601298,青岛港,青岛港:青岛港国际股份有限公司投资者关系活动记录表,调研活动,2024-12-17,https://data.eastmoney.com/notices/detail/601298/AN202412171641330809.html
002995,天地在线,天地在线:2024年12月17日投资者关系活动记录表,调研活动,2024-12-17,https://data.eastmoney.com/notices/detail/002995/AN202412171641330764.html
300981,中红医疗,中红医疗:关于子公司江西科伦医疗器械制造有限公司完成医疗器械变更注册的公告,其他,2024-12-17,https://data.eastmoney.com/notices/detail/300981/AN202412171641330750.html
300787,海能实业,海能实业:关于持股5%以上股东部分股份质押及解除质押的公告,股份质押、冻结,2024-12-17,https://data.eastmoney.com/notices/detail/300787/AN202412171641330748.html
300698,万马科技,万马科技:300698万马科技投资者关系管理信息20241217,调研活动,2024-12-17,https://data.eastmoney.com/notices/detail/300698/AN202412171641330631.html
000951,中国重汽,中国重汽:2024年12月17日投资者关系活动记录表,调研活动,2024-12-17,https://data.eastmoney.com/notices/detail/000951/AN202412171641330630.html
300968,格林精密,格林精密:关于使用部分闲置募集资金进行现金管理的进展公告,募集资金使用进展情况,2024-12-17,https://data.eastmoney.com/notices/detail/300968/AN202412171641330547.html
300968,格林精密,格林精密:关于对外投资建设越南生产基地项目的进展公告,对外项目投资,2024-12-17,https://data.eastmoney.com/notices/detail/300968/AN202412171641330551.html
300428,立中集团,立中集团:内部控制制度(2024年12月修订),内部控制报告,2024-12-17,https://data.eastmoney.com/notices/detail/300428/AN202412171641330550.html
300428,立中集团,立中集团:第五届董事会第二十五次会议决议公告,董事会决议公告,2024-12-17,https://data.eastmoney.com/notices/detail/300428/AN202412171641330556.html
300428,立中集团,立中集团:第五届监事会第二十次会议决议公告,监事会决议公告,2024-12-17,https://data.eastmoney.com/notices/detail/300428/AN202412171641330552.html
300428,立中集团,立中集团:中原证券股份有限公司关于立中四通轻合金集团股份有限公司控股股东为公司向银行申请综合授信提供担保暨关联交易的核查意见,保荐/核查意见,2024-12-17,https://data.eastmoney.com/notices/detail/300428/AN202412171641330546.html
300428,立中集团,立中集团:关于控股股东为公司向银行申请综合授信提供担保暨关联交易的公告,提供/对外担保公告,2024-12-17,https://data.eastmoney.com/notices/detail/300428/AN202412171641330545.html
300332,天壕能源,天壕能源:关于天壕转债2024年付息的公告,其他,2024-12-17,https://data.eastmoney.com/notices/detail/300332/AN202412171641330548.html
920128,胜业电气,胜业电气:关于签署募集资金三方监管协议的公告,签订协议,2024-12-17,https://data.eastmoney.com/notices/detail/920128/AN202412171641330472.html
300265,通光线缆,通光线缆:重大合同预中标提示性公告,重大合同,2024-12-17,https://data.eastmoney.com/notices/detail/300265/AN202412171641330471.html
300962,中金辐照,中金辐照:中金辐照股份有限公司关于总会计师辞职的公告,高管人员任职变动,2024-12-17,https://data.eastmoney.com/notices/detail/300962/AN202412171641330461.html
300307,慈星股份,慈星股份:关于为控股子公司提供担保的进展公告,提供/对外担保公告,2024-12-17,https://data.eastmoney.com/notices/detail/300307/AN202412171641330422.html
300824,北鼎股份,北鼎股份:关于为全资子公司向银行申请授信提供担保的进展公告,提供/对外担保公告,2024-12-17,https://data.eastmoney.com/notices/detail/300824/AN202412171641330365.html
300272,开能健康,开能健康:长江证券承销保荐有限公司关于开能健康科技集团股份有限公司2024年度持续督导期间现场培训工作报告,保荐/核查意见,2024-12-17,https://data.eastmoney.com/notices/detail/300272/AN202412171641330369.html
603755,日辰股份,日辰股份:投资者关系活动记录表,调研活动,2024-12-17,https://data.eastmoney.com/notices/detail/603755/AN202412171641330193.html
002507,涪陵榨菜,涪陵榨菜:002507涪陵榨菜投资者关系管理信息20241217,调研活动,2024-12-17,https://data.eastmoney.com/notices/detail/002507/AN202412171641330181.html
300956,英力股份,英力股份:关于重新签订募集资金三方监管协议的公告,签订协议,2024-12-17,https://data.eastmoney.com/notices/detail/300956/AN202412171641330135.html
300879,大叶股份,大叶股份:东方金诚国际信用评估有限公司关于对宁波大叶园林设备股份有限公司主体及大叶转债终止评级的公告,其他,2024-12-17,https://data.eastmoney.com/notices/detail/300879/AN202412171641330136.html
300209,行云科技,*ST有树:关于公司股价可能较大幅度向下除权的第二次风险提示公告,风险提示性公告,2024-12-17,https://data.eastmoney.com/notices/detail/300209/AN202412171641330137.html
920022,世昌股份,世昌股份:关于申请公开发行股票并在北交所上市暨停牌进展公告,停牌公告,2024-12-17,https://data.eastmoney.com/notices/detail/920022/AN202412171641330079.html
688290,景业智能,景业智能:杭州景业智能科技股份有限公司投资者关系活动记录表(12月),调研活动,2024-12-17,https://data.eastmoney.com/notices/detail/688290/AN202412171641329815.html
300967,晓鸣股份,晓鸣股份:宁夏晓鸣农牧股份有限公司向不特定对象发行可转换公司债券第三次临时受托管理事务报告(2024年度),其他,2024-12-17,https://data.eastmoney.com/notices/detail/300967/AN202412171641330043.html
300708,聚灿光电,聚灿光电:关于监事辞职暨选举职工代表监事的公告,高管人员任职变动,2024-12-17,https://data.eastmoney.com/notices/detail/300708/AN202412171641330045.html
300040,九洲集团,九洲集团:关于持有100%股权的大庆风电项目进入《2024年第十二批可再生能源发电补贴清单》的公告,获得补贴（资助）,2024-12-17,https://data.eastmoney.com/notices/detail/300040/AN202412171641330046.html
300112,万讯自控,万讯自控:关于股东股份质押的公告,股份质押、冻结,2024-12-17,https://data.eastmoney.com/notices/detail/300112/AN202412171641330044.html
300610,晨化股份,晨化股份:2024年12月16日投资者关系活动记录表,调研活动,2024-12-17,https://data.eastmoney.com/notices/detail/300610/AN202412171641329806.html
000503,国新健康,国新健康:国新健康投资者关系活动记录,调研活动,2024-12-17,https://data.eastmoney.com/notices/detail/000503/AN202412171641329788.html
603739,蔚蓝生物,蔚蓝生物:青岛蔚蓝生物股份有限公司投资者关系活动记录表,调研活动,2024-12-17,https://data.eastmoney.com/notices/detail/603739/AN202412171641329787.html
301162,国能日新,国能日新:长江证券承销保荐有限公司关于国能日新科技股份有限公司2024年度向特定对象发行A股股票之发行保荐书,发行保荐书,2024-12-17,https://data.eastmoney.com/notices/detail/301162/AN202412171641329960.html
301162,国能日新,国能日新:长江证券承销保荐有限公司关于国能日新科技股份有限公司2024年度向特定对象发行A股股票之上市保荐书,上市保荐书,2024-12-17,https://data.eastmoney.com/notices/detail/301162/AN202412171641329961.html
301162,国能日新,国能日新:关于向特定对象发行股票的募集说明书(注册稿)等申请文件更新的提示性公告,其他,2024-12-17,https://data.eastmoney.com/notices/detail/301162/AN202412171641329962.html
920071,金钛股份,金钛股份:申请公开发行股票并在北交所上市辅导验收完成的提示性公告,上市辅导公告,2024-12-17,https://data.eastmoney.com/notices/detail/920071/AN202412171641329864.html
301162,国能日新,国能日新:国能日新科技股份有限公司2024年度向特定对象发行A股股票募集说明书(注册稿),创业板再融资募集说明书注册稿,2024-12-17,https://data.eastmoney.com/notices/detail/301162/AN202412171641329859.html
300555,ST路通,ST路通:无锡路通视信网络股份有限公司关于与关联方共同投资产业基金的进展公告,投资设立公司,2024-12-17,https://data.eastmoney.com/notices/detail/300555/AN202412171641329857.html
300555,ST路通,ST路通:无锡路通视信网络股份有限公司第五届董事会独立董事专门会议第四次会议决议公告,其他,2024-12-17,https://data.eastmoney.com/notices/detail/300555/AN202412171641329755.html
300555,ST路通,ST路通:无锡路通视信网络股份有限公司第五届董事会第四次会议决议公告,董事会决议公告,2024-12-17,https://data.eastmoney.com/notices/detail/300555/AN202412171641329754.html
300984,金沃股份,金沃股份:关于合计持股5%以上股东持股变动比例达到1%的公告,股东/实际控制人股份减持,2024-12-17,https://data.eastmoney.com/notices/detail/300984/AN202412171641329756.html
300941,创识科技,创识科技:兴业证券股份有限公司关于福建创识科技股份有限公司2024年度持续督导的培训情况报告,保荐/核查意见,2024-12-17,https://data.eastmoney.com/notices/detail/300941/AN202412171641329738.html
301063,海锅股份,海锅股份:301063海锅股份投资者关系管理信息20241217,调研活动,2024-12-17,https://data.eastmoney.com/notices/detail/301063/AN202412171641329540.html
300555,ST路通,ST路通:无锡路通视信网络股份有限公司第五届监事会第四次会议决议公告,监事会决议公告,2024-12-17,https://data.eastmoney.com/notices/detail/300555/AN202412171641329698.html
300871,回盛生物,回盛生物:关于回盛转债预计触发转股价格向下修正条件的提示性公告,其他,2024-12-17,https://data.eastmoney.com/notices/detail/300871/AN202412171641329669.html
603967,中创物流,中创物流:中创物流股份有限公司投资者关系活动记录表,调研活动,2024-12-17,https://data.eastmoney.com/notices/detail/603967/AN202412171641329510.html
920187,通领科技,通领科技:第四届董事会第三次会议决议公告,董事会决议公告,2024-12-17,https://data.eastmoney.com/notices/detail/920187/AN202412171641329629.html
920187,通领科技,通领科技:前次募集资金使用情况及鉴证报告,保荐/核查意见,2024-12-17,https://data.eastmoney.com/notices/detail/920187/AN202412171641329620.html
301287,康力源,康力源:东海证券股份有限公司关于江苏康力源体育科技股份有限公司2024年度持续督导培训情况报告,保荐/核查意见,2024-12-17,https://data.eastmoney.com/notices/detail/301287/AN202412171641329621.html
002749,国光股份,国光股份:002749国光股份投资者关系管理信息20241217,调研活动,2024-12-17,https://data.eastmoney.com/notices/detail/002749/AN202412171641329503.html
920187,通领科技,通领科技:内部控制鉴证报告,保荐/核查意见,2024-12-17,https://data.eastmoney.com/notices/detail/920187/AN202412171641329611.html
300565,科信技术,科信技术:关于使用部分闲置募集资金进行现金管理到期赎回的公告,投资理财,2024-12-17,https://data.eastmoney.com/notices/detail/300565/AN202412171641329616.html
301193,家联科技,家联科技:2024年12月16日投资者关系活动记录表,调研活动,2024-12-17,https://data.eastmoney.com/notices/detail/301193/AN202412171641329499.html
300197,节能铁汉,节能铁汉:300197节能铁汉投资者关系管理信息20241217,调研活动,2024-12-17,https://data.eastmoney.com/notices/detail/300197/AN202412171641329498.html
002003,伟星股份,伟星股份:2024年12月16日投资者关系活动记录表,调研活动,2024-12-17,https://data.eastmoney.com/notices/detail/002003/AN202412171641329500.html
300720,海川智能,海川智能:300720海川智能投资者关系管理信息20241217,调研活动,2024-12-17,https://data.eastmoney.com/notices/detail/300720/AN202412171641329501.html
920187,通领科技,通领科技:内部控制的自我评价报告,内部控制报告,2024-12-17,https://data.eastmoney.com/notices/detail/920187/AN202412171641329566.html
601058,赛轮轮胎,赛轮轮胎:赛轮集团股份有限公司投资者关系活动记录表,调研活动,2024-12-17,https://data.eastmoney.com/notices/detail/601058/AN202412171641329481.html
605001,威奥股份,威奥股份:投资者关系活动记录表(2024年11月28日),调研活动,2024-12-17,https://data.eastmoney.com/notices/detail/605001/AN202412171641329480.html
002616,长青集团,长青集团:002616长青集团投资者关系管理信息20241217,调研活动,2024-12-17,https://data.eastmoney.com/notices/detail/002616/AN202412171641329479.html
300670,大烨智能,大烨智能:关于选举监事会主席的公告,高管人员任职变动,2024-12-17,https://data.eastmoney.com/notices/detail/300670/AN202412171641329573.html
300670,大烨智能,大烨智能:第四届监事会第八次会议决议公告,高管人员任职变动,2024-12-17,https://data.eastmoney.com/notices/detail/300670/AN202412171641329433.html
920187,通领科技,通领科技:非经常性损益明细表及鉴证报告,保荐/核查意见,2024-12-17,https://data.eastmoney.com/notices/detail/920187/AN202412171641329428.html
920187,通领科技,通领科技:2024年半年度审计报告,审计报告,2024-12-17,https://data.eastmoney.com/notices/detail/920187/AN202412171641329404.html
920187,通领科技,通领科技:2024年1-9月审阅报告,保荐/核查意见,2024-12-17,https://data.eastmoney.com/notices/detail/920187/AN202412171641329365.html
920187,通领科技,通领科技:对2021年、2022年、2023年年度报告及2024年半年度报告中重要非财务数据进行更正的公告,半年报更正公告,2024-12-17,https://data.eastmoney.com/notices/detail/920187/AN202412171641329357.html
920187,通领科技,通领科技:关于前期会计差错更正后的2021年、2022年、2023年、2024年1-6月财务报表和附注,会计差错更正公告,2024-12-17,https://data.eastmoney.com/notices/detail/920187/AN202412171641329245.html
920187,通领科技,通领科技:关于2021年、2022年、2023年度、2024年1-6月前期会计差错更正公告,会计差错更正公告,2024-12-17,https://data.eastmoney.com/notices/detail/920187/AN202412171641329243.html
300584,海辰药业,海辰药业:关于第一期员工股计划延期的公告,员工持股计划,2024-12-17,https://data.eastmoney.com/notices/detail/300584/AN202412171641329234.html
300584,海辰药业,海辰药业:第四届监事会第十六次会议决议公告,监事会决议公告,2024-12-17,https://data.eastmoney.com/notices/detail/300584/AN202412171641329233.html
300584,海辰药业,海辰药业:第四届董事会第十八次会议决议公告,董事会决议公告,2024-12-17,https://data.eastmoney.com/notices/detail/300584/AN202412171641329232.html
920187,通领科技,通领科技:关于2021年、2022年、2023年度前期会计差错更正专项说明的鉴证报告,保荐/核查意见,2024-12-17,https://data.eastmoney.com/notices/detail/920187/AN202412171641329211.html
920187,通领科技,通领科技:关于确认2021年、2022年、2023年、2024年1-6月关联交易的议案,关联交易,2024-12-17,https://data.eastmoney.com/notices/detail/920187/AN202412171641329203.html
300681,英搏尔,英搏尔:关于变更持续督导保荐代表人的公告,保荐代表人（机构）变更,2024-12-17,https://data.eastmoney.com/notices/detail/300681/AN202412171641329157.html
300605,恒锋信息,恒锋信息:关于累计诉讼、仲裁情况的进展公告,诉讼仲裁,2024-12-17,https://data.eastmoney.com/notices/detail/300605/AN202412171641329054.html
300984,金沃股份,金沃股份:关于金沃转债预计触发赎回条件的提示性公告,其他,2024-12-17,https://data.eastmoney.com/notices/detail/300984/AN202412171641329052.html
300980,祥源新材,祥源新材:关于祥源转债赎回实施的第十四次提示性公告,其他,2024-12-17,https://data.eastmoney.com/notices/detail/300980/AN202412171641329159.html
300067,安诺其,安诺其:关于获得政府补助的公告,获得补贴（资助）,2024-12-17,https://data.eastmoney.com/notices/detail/300067/AN202412171641329051.html
920187,通领科技,通领科技:关于召开2025年第一次临时股东会通知公告(提供网络投票),召开股东大会通知,2024-12-17,https://data.eastmoney.com/notices/detail/920187/AN202412171641329041.html
920187,通领科技,通领科技:独立董事关于第四届董事会第三次会议相关事项事先认可意见,专项说明/独立意见,2024-12-17,https://data.eastmoney.com/notices/detail/920187/AN202412171641329028.html
301555,惠柏新材,惠柏新材:关于签订募集资金监管协议的公告,签订协议,2024-12-17,https://data.eastmoney.com/notices/detail/301555/AN202412171641329025.html
300682,朗新科技,朗新集团:关于收到深圳证券交易所并购重组审核委员会审核公司发行股份及支付现金购买资产事项会议安排的公告,其他增发事项公告,2024-12-17,https://data.eastmoney.com/notices/detail/300682/AN202412171641329006.html
300635,中达安,中达安:关于公司通过高新技术企业重新认定的公告,获得认证,2024-12-17,https://data.eastmoney.com/notices/detail/300635/AN202412171641329007.html
920187,通领科技,通领科技:独立董事关于第四届董事会第三次会议相关事项的独立意见,专项说明/独立意见,2024-12-17,https://data.eastmoney.com/notices/detail/920187/AN202412171641329000.html
920187,通领科技,通领科技:第四届监事会第三次会议决议公告,监事会决议公告,2024-12-17,https://data.eastmoney.com/notices/detail/920187/AN202412171641328979.html
688349,三一重能,三一重能:投资者关系活动记录表2024-004,调研活动,2024-12-17,https://data.eastmoney.com/notices/detail/688349/AN202412171641328195.html
605305,中际联合,中际联合:投资者关系活动记录表(2024年12月16日),调研活动,2024-12-17,https://data.eastmoney.com/notices/detail/605305/AN202412171641328198.html
600628,新世界,新世界:投资者关系活动记录表(2024年12月10日),调研活动,2024-12-17,https://data.eastmoney.com/notices/detail/600628/AN202412171641328196.html
600628,新世界,新世界:投资者关系活动记录表(2024年12月6日),调研活动,2024-12-17,https://data.eastmoney.com/notices/detail/600628/AN202412171641328197.html
600378,昊华科技,昊华科技:机构投资者调研记录(2024年11月1日-12月15日),调研活动,2024-12-17,https://data.eastmoney.com/notices/detail/600378/AN202412171641328194.html
920191,瑞尔竞达,瑞尔竞达:关于拟增加公司经营范围并修订《公司章程》的公告,公司经营范围变更,2024-12-17,https://data.eastmoney.com/notices/detail/920191/AN202412171641328265.html
920027,交大铁发,交大铁发:关于申请公开发行股票并上市暨停牌进展公告,停牌公告,2024-12-17,https://data.eastmoney.com/notices/detail/920027/AN202412171641328444.html
920191,瑞尔竞达,瑞尔竞达:第一届董事会第十六次会议决议公告,董事会决议公告,2024-12-17,https://data.eastmoney.com/notices/detail/920191/AN202412171641328402.html
920191,瑞尔竞达,瑞尔竞达:关于召开2025年第一次临时股东大会通知公告,召开股东大会通知,2024-12-17,https://data.eastmoney.com/notices/detail/920191/AN202412171641328364.html
600157,永泰能源,永泰能源:永泰能源集团股份有限公司关于上调回购股份价格上限至2.62元/股的公告,回购方案修订,2024-12-17,https://data.eastmoney.com/notices/detail/600157/AN202412171641327052.html
301376,致欧科技,致欧科技:关于为全资子公司提供担保的进展公告,提供/对外担保公告,2024-12-17,https://data.eastmoney.com/notices/detail/301376/AN202412171641326959.html
001317,三羊马,三羊马:关于对外担保的进展公告,提供/对外担保公告,2024-12-17,https://data.eastmoney.com/notices/detail/001317/AN202412171641326960.html
300841,康华生物,康华生物:关于重组六价诺如病毒疫苗(毕赤酵母)获得临床试验批准通知书的公告,其他,2024-12-17,https://data.eastmoney.com/notices/detail/300841/AN202412171641326958.html
000062,深圳华强,深圳华强:关于为全资子公司提供担保的公告,提供/对外担保公告,2024-12-17,https://data.eastmoney.com/notices/detail/000062/AN202412171641326957.html
000952,广济药业,广济药业:关于取得盐酸伐昔洛韦片药品补充申请批准通知书的公告,其他,2024-12-17,https://data.eastmoney.com/notices/detail/000952/AN202412171641326555.html
002138,顺络电子,顺络电子:2024年12月16日投资者关系活动记录表,调研活动,2024-12-17,https://data.eastmoney.com/notices/detail/002138/AN202412171641325291.html
301051,信濠光电,信濠光电:301051信濠光电投资者关系管理信息20241217,调研活动,2024-12-17,https://data.eastmoney.com/notices/detail/301051/AN202412171641324463.html
000725,京东方A,京东方Ａ:025-2024年12月16日投资者关系活动记录表,调研活动,2024-12-17,https://data.eastmoney.com/notices/detail/000725/AN202412171641323816.html
000750,国海证券,国海证券:关于涉及诉讼的公告,诉讼仲裁,2024-12-17,https://data.eastmoney.com/notices/detail/000750/AN202412161641321503.html
601788,光大证券,光大证券:光大证券股份有限公司重大诉讼公告,诉讼仲裁,2024-12-17,https://data.eastmoney.com/notices/detail/601788/AN202412161641321377.html
600106,重庆路桥,重庆路桥:重庆路桥股份有限公司股东减持股份计划公告,股东/实际控制人股份减持,2024-12-17,https://data.eastmoney.com/notices/detail/600106/AN202412161641321007.html
002926,华西证券,华西证券:华西证券股份有限公司重大诉讼公告,诉讼仲裁,2024-12-17,https://data.eastmoney.com/notices/detail/002926/AN202412161641320972.html
000776,广发证券,广发证券:广发证券股份有限公司重大诉讼公告,诉讼仲裁,2024-12-17,https://data.eastmoney.com/notices/detail/000776/AN202412161641320850.html
688131,皓元医药,皓元医药:上海皓元医药股份有限公司向不特定对象发行可转换公司债券上市公告书,其他,2024-12-17,https://data.eastmoney.com/notices/detail/688131/AN202412161641320834.html
301488,豪恩汽电,豪恩汽电:关于控股股东取得金融机构专项贷款承诺函的公告,借贷,2024-12-17,https://data.eastmoney.com/notices/detail/301488/AN202412161641320784.html
000670,盈方微,盈方微:关于以债权转股权的方式向全资子公司增资的公告,增资扩股,2024-12-17,https://data.eastmoney.com/notices/detail/000670/AN202412161641320783.html
000670,盈方微,盈方微:关于放弃控股子公司部分股权优先受让权暨关联交易的公告,关联交易,2024-12-17,https://data.eastmoney.com/notices/detail/000670/AN202412161641320786.html
000670,盈方微,盈方微:关于为子公司新增担保额度预计的公告,提供/对外担保公告,2024-12-17,https://data.eastmoney.com/notices/detail/000670/AN202412161641320785.html
000670,盈方微,盈方微:第十二届董事会第二十二次会议决议公告,董事会决议公告,2024-12-17,https://data.eastmoney.com/notices/detail/000670/AN202412161641320781.html
002371,北方华创,北方华创:第八届董事会第十八次会议决议公告,高管人员任职变动,2024-12-17,https://data.eastmoney.com/notices/detail/002371/AN202412161641320782.html
000670,盈方微,盈方微:独立董事专门会议2024年第六次会议审核意见,专项说明/独立意见,2024-12-17,https://data.eastmoney.com/notices/detail/000670/AN202412161641320780.html
002371,北方华创,北方华创:关于聘任高级管理人员的公告,高管人员任职变动,2024-12-17,https://data.eastmoney.com/notices/detail/002371/AN202412161641320787.html
002371,北方华创,北方华创:关于向全资子公司增资并参与设立北京集成电路装备产业投资并购二期基金暨关联交易的公告,关联交易,2024-12-17,https://data.eastmoney.com/notices/detail/002371/AN202412161641320778.html
000670,盈方微,盈方微:第十二届监事会第二十一次会议决议公告,监事会决议公告,2024-12-17,https://data.eastmoney.com/notices/detail/000670/AN202412161641320779.html
688004,博汇科技,博汇科技:博汇科技关于收到《贷款承诺函》的自愿性信息披露公告,借贷,2024-12-17,https://data.eastmoney.com/notices/detail/688004/AN202412161641320695.html
603590,康辰药业,康辰药业:康辰药业关于独立董事辞职暨提名独立董事候选人的公告,高管人员任职变动,2024-12-17,https://data.eastmoney.com/notices/detail/603590/AN202412161641320672.html
603590,康辰药业,康辰药业:康辰药业关于部分募投项目延期的公告,变更募集资金投资项目,2024-12-17,https://data.eastmoney.com/notices/detail/603590/AN202412161641320664.html
603590,康辰药业,康辰药业:康辰药业关于公司第一期员工持股计划存续期延长并修订相关内容的公告,员工持股计划,2024-12-17,https://data.eastmoney.com/notices/detail/603590/AN202412161641320662.html
603590,康辰药业,康辰药业:康辰药业第四届董事会第十四次会议决议公告,高管人员任职变动,2024-12-17,https://data.eastmoney.com/notices/detail/603590/AN202412161641320670.html
603590,康辰药业,康辰药业:北京康辰药业股份有限公司独立董事提名人声明与承诺,独立董事提名人声明,2024-12-17,https://data.eastmoney.com/notices/detail/603590/AN202412161641320666.html
603590,康辰药业,康辰药业:北京康辰药业股份有限公司第一期员工持股计划管理办法(修订稿),员工持股计划,2024-12-17,https://data.eastmoney.com/notices/detail/603590/AN202412161641320663.html
603590,康辰药业,康辰药业:康辰药业关于召开2025年第一次临时股东大会的通知,召开股东大会通知,2024-12-17,https://data.eastmoney.com/notices/detail/603590/AN202412161641320665.html
603590,康辰药业,康辰药业:康辰药业关于计提商誉减值准备的公告,其他,2024-12-17,https://data.eastmoney.com/notices/detail/603590/AN202412161641320669.html
603590,康辰药业,康辰药业:北京市中伦(广州)律师事务所关于北京康辰药业股份有限公司调整第一期员工持股计划相关事项的法律意见书,法律意见书,2024-12-17,https://data.eastmoney.com/notices/detail/603590/AN202412161641320674.html
603590,康辰药业,康辰药业:康辰药业第四届监事会第十二次会议决议公告,监事会决议公告,2024-12-17,https://data.eastmoney.com/notices/detail/603590/AN202412161641320661.html
603590,康辰药业,康辰药业:北京康辰药业股份有限公司第一期员工持股计划摘要(修订稿),员工持股计划,2024-12-17,https://data.eastmoney.com/notices/detail/603590/AN202412161641320667.html
603590,康辰药业,康辰药业:天风证券股份有限公司关于北京康辰药业股份有限公司部分募投项目延期的核查意见,保荐/核查意见,2024-12-17,https://data.eastmoney.com/notices/detail/603590/AN202412161641320671.html
603590,康辰药业,康辰药业:独立董事候选人声明与承诺,独立董事候选人声明,2024-12-17,https://data.eastmoney.com/notices/detail/603590/AN202412161641320668.html
603590,康辰药业,康辰药业:北京康辰药业股份有限公司第一期员工持股计划(修订稿),员工持股计划,2024-12-17,https://data.eastmoney.com/notices/detail/603590/AN202412161641320673.html
600300,维维股份,维维股份:维维食品饮料股份有限公司关于提供担保的进展公告,提供/对外担保公告,2024-12-17,https://data.eastmoney.com/notices/detail/600300/AN202412161641320547.html
603477,巨星农牧,巨星农牧:乐山巨星农牧股份有限公司关于回购公司股份比例达1%暨回购进展公告,回购进展情况,2024-12-17,https://data.eastmoney.com/notices/detail/603477/AN202412161641320537.html
000801,四川九洲,四川九洲:四川九洲电器股份有限公司关于筹划对控股子公司增资扩股的提示性公告,增资扩股,2024-12-17,https://data.eastmoney.com/notices/detail/000801/AN202412161641320509.html
603023,威帝股份,*ST威帝:哈尔滨威帝电子股份有限公司第五届董事会第二十五次会议决议公告,董事会决议公告,2024-12-17,https://data.eastmoney.com/notices/detail/603023/AN202412161641320501.html
603023,威帝股份,*ST威帝:哈尔滨威帝电子股份有限公司关于收购安徽阿法硅新能源共性技术研究院有限公司51%股权的公告,收购出售资产/股权,2024-12-17,https://data.eastmoney.com/notices/detail/603023/AN202412161641320500.html
603023,威帝股份,*ST威帝:哈尔滨威帝电子股份有限公司第五届监事会第二十二次会议决议公告,监事会决议公告,2024-12-17,https://data.eastmoney.com/notices/detail/603023/AN202412161641320502.html
300530,领湃科技,领湃科技:衡阳弘新资产收购领湃锂能设备资产评估报告,其他,2024-12-17,https://data.eastmoney.com/notices/detail/300530/AN202412161641320421.html
300530,领湃科技,领湃科技:川财证券有限责任公司关于湖南领湃科技集团股份有限公司全资子公司签订租赁合同暨关联交易的核查意见,保荐/核查意见,2024-12-17,https://data.eastmoney.com/notices/detail/300530/AN202412161641320423.html
300530,领湃科技,领湃科技:关于全资子公司签订《租赁合同》暨关联交易的公告,其他,2024-12-17,https://data.eastmoney.com/notices/detail/300530/AN202412161641320422.html
300530,领湃科技,领湃科技:衡阳弘新建设租金项目资产评估报告,其他,2024-12-17,https://data.eastmoney.com/notices/detail/300530/AN202412161641320420.html
300530,领湃科技,领湃科技:川财证券有限责任公司关于湖南领湃科技集团股份有限公司全资子公司出售设备暨关联交易的核查意见,保荐/核查意见,2024-12-17,https://data.eastmoney.com/notices/detail/300530/AN202412161641320418.html
300530,领湃科技,领湃科技:第五届董事会第三十五次会议决议公告,董事会决议公告,2024-12-17,https://data.eastmoney.com/notices/detail/300530/AN202412161641320417.html
300530,领湃科技,领湃科技:关于召开2025年第一次临时股东大会的通知,召开股东大会通知,2024-12-17,https://data.eastmoney.com/notices/detail/300530/AN202412161641320419.html
300530,领湃科技,领湃科技:关于全资子公司出售设备暨关联交易的公告,其他,2024-12-17,https://data.eastmoney.com/notices/detail/300530/AN202412161641320424.html
002385,大北农,大北农:关于公司控股股东、实际控制人减持股份的预披露公告,股东/实际控制人股份减持,2024-12-17,https://data.eastmoney.com/notices/detail/002385/AN202412161641320402.html
000498,山东路桥,山东路桥:广发证券股份有限公司关于山东高速路桥集团股份有限公司调整2024年度日常关联交易预计事项的核查意见,保荐/核查意见,2024-12-17,https://data.eastmoney.com/notices/detail/000498/AN202412161641320410.html
000498,山东路桥,山东路桥:关于调整2024年度日常关联交易预计的公告,关联交易,2024-12-17,https://data.eastmoney.com/notices/detail/000498/AN202412161641320404.html
000498,山东路桥,山东路桥:关于2024年第三次临时股东大会增加临时提案的公告,增加股东大会议案,2024-12-17,https://data.eastmoney.com/notices/detail/000498/AN202412161641320409.html
000498,山东路桥,山东路桥:关于召开2024年第三次临时股东大会的补充通知,召开股东大会通知,2024-12-17,https://data.eastmoney.com/notices/detail/000498/AN202412161641320412.html
000498,山东路桥,山东路桥:第十届董事会第五次会议决议公告,董事会决议公告,2024-12-17,https://data.eastmoney.com/notices/detail/000498/AN202412161641320407.html
000009,中国宝安,中国宝安:薪酬与考核委员会实施细则(2024年12月),议事规则/实施细则,2024-12-17,https://data.eastmoney.com/notices/detail/000009/AN202412161641320393.html
000009,中国宝安,中国宝安:投资与风险管理委员会实施细则(2024年12月),议事规则/实施细则,2024-12-17,https://data.eastmoney.com/notices/detail/000009/AN202412161641320394.html
000009,中国宝安,中国宝安:2024年第一次临时股东大会法律意见书,法律意见书,2024-12-17,https://data.eastmoney.com/notices/detail/000009/AN202412161641320391.html
000009,中国宝安,中国宝安:第十一届监事会第一次会议决议公告,高管人员任职变动,2024-12-17,https://data.eastmoney.com/notices/detail/000009/AN202412161641320389.html
000009,中国宝安,中国宝安:第十五届董事局第一次会议决议公告,高管人员任职变动,2024-12-17,https://data.eastmoney.com/notices/detail/000009/AN202412161641320390.html
000009,中国宝安,中国宝安:2024年第一次临时股东大会决议公告,股东大会决议公告,2024-12-17,https://data.eastmoney.com/notices/detail/000009/AN202412161641320392.html
002945,华林证券,华林证券:关于公司涉及仲裁的进展公告,诉讼仲裁,2024-12-17,https://data.eastmoney.com/notices/detail/002945/AN202412161641320345.html
002542,*ST中岩,中化岩土:董事会议事规则,议事规则/实施细则,2024-12-17,https://data.eastmoney.com/notices/detail/002542/AN202412161641320349.html
002542,*ST中岩,中化岩土:监事会议事规则,议事规则/实施细则,2024-12-17,https://data.eastmoney.com/notices/detail/002542/AN202412161641320347.html
002542,*ST中岩,中化岩土:关于聘任公司总经理、补选公司非独立董事的公告,高管人员任职变动,2024-12-17,https://data.eastmoney.com/notices/detail/002542/AN202412161641320352.html
002542,*ST中岩,中化岩土:关于补选公司非职工代表监事的公告,高管人员任职变动,2024-12-17,https://data.eastmoney.com/notices/detail/002542/AN202412161641320346.html
002542,*ST中岩,中化岩土:第五届监事会第四次临时会议决议公告,高管人员任职变动,2024-12-17,https://data.eastmoney.com/notices/detail/002542/AN202412161641320351.html
002542,*ST中岩,中化岩土:关于召开2025年第一次临时股东会的通知,召开股东大会通知,2024-12-17,https://data.eastmoney.com/notices/detail/002542/AN202412161641320353.html
002542,*ST中岩,中化岩土:第五届董事会第五次临时会议决议公告,高管人员任职变动,2024-12-17,https://data.eastmoney.com/notices/detail/002542/AN202412161641320344.html
688289,圣湘生物,圣湘生物:圣湘生物科技股份有限公司监事会关于2023年第二期限制性股票激励计划预留授予激励对象名单的核查意见,股权激励进展公告,2024-12-17,https://data.eastmoney.com/notices/detail/688289/AN202412161641320315.html
688289,圣湘生物,圣湘生物:圣湘生物科技股份有限公司关于调整2023年第二期限制性股票激励计划授予价格的公告,股权激励行权价（数量）调整,2024-12-17,https://data.eastmoney.com/notices/detail/688289/AN202412161641320318.html
688289,圣湘生物,圣湘生物:圣湘生物科技股份有限公司第二届董事会2024年第十次临时会议决议公告,高管人员任职变动,2024-12-17,https://data.eastmoney.com/notices/detail/688289/AN202412161641320322.html
688289,圣湘生物,圣湘生物:圣湘生物科技股份有限公司关于向2023年第二期限制性股票激励计划激励对象授予预留部分限制性股票的公告,股权激励进展公告,2024-12-17,https://data.eastmoney.com/notices/detail/688289/AN202412161641320314.html
688289,圣湘生物,圣湘生物:圣湘生物科技股份有限公司关于聘任高级管理人员的公告,高管人员任职变动,2024-12-17,https://data.eastmoney.com/notices/detail/688289/AN202412161641320317.html
688289,圣湘生物,圣湘生物:圣湘生物科技股份有限公司2023年第二期限制性股票激励计划预留授予激励对象名单,股权激励对象名单,2024-12-17,https://data.eastmoney.com/notices/detail/688289/AN202412161641320319.html
688289,圣湘生物,圣湘生物:上海信公轶禾企业管理咨询有限公司关于圣湘生物科技股份有限公司2023年第二期限制性股票激励计划预留授予相关事项之独立财务顾问报告,保荐/核查意见,2024-12-17,https://data.eastmoney.com/notices/detail/688289/AN202412161641320321.html
688289,圣湘生物,圣湘生物:圣湘生物科技股份有限公司第二届监事会2024年第七次临时会议决议公告,监事会决议公告,2024-12-17,https://data.eastmoney.com/notices/detail/688289/AN202412161641320316.html
688289,圣湘生物,圣湘生物:湖南启元律师事务所关于圣湘生物科技股份有限公司2023年第二期限制性股票激励计划授予价格调整及授予预留部分限制性股票的法律意见书,产品价格调整,2024-12-17,https://data.eastmoney.com/notices/detail/688289/AN202412161641320320.html
688289,圣湘生物,圣湘生物:圣湘生物科技股份有限公司关于自愿披露相关产品取得医疗器械注册证的公告,其他,2024-12-17,https://data.eastmoney.com/notices/detail/688289/AN202412161641320323.html
601198,东兴证券,东兴证券:东兴证券股份有限公司重大诉讼公告,诉讼仲裁,2024-12-17,https://data.eastmoney.com/notices/detail/601198/AN202412161641320313.html
300949,奥雅股份,奥雅股份:深圳奥雅设计股份有限公司舆情管理制度,管理办法/制度,2024-12-17,https://data.eastmoney.com/notices/detail/300949/AN202412161641320284.html
300949,奥雅股份,奥雅股份:光大证券股份有限公司关于深圳奥雅设计股份有限公司部分募投项目结项并将节余募集资金永久补充流动资金的核查意见,保荐/核查意见,2024-12-17,https://data.eastmoney.com/notices/detail/300949/AN202412161641320297.html
300949,奥雅股份,奥雅股份:关于部分募投项目结项并将节余募集资金永久补充流动资金的公告,募集资金补充流动资金,2024-12-17,https://data.eastmoney.com/notices/detail/300949/AN202412161641320285.html
300949,奥雅股份,奥雅股份:关于公司监事辞职暨补选非职工代表监事的公告,高管人员任职变动,2024-12-17,https://data.eastmoney.com/notices/detail/300949/AN202412161641320293.html
300949,奥雅股份,奥雅股份:第四届监事会第五次会议决议公告,高管人员任职变动,2024-12-17,https://data.eastmoney.com/notices/detail/300949/AN202412161641320294.html
300949,奥雅股份,奥雅股份:关于召开2025年第一次临时股东大会的通知,召开股东大会通知,2024-12-17,https://data.eastmoney.com/notices/detail/300949/AN202412161641320292.html
300949,奥雅股份,奥雅股份:股票交易异常波动公告,股票交易异常波动,2024-12-17,https://data.eastmoney.com/notices/detail/300949/AN202412161641320291.html
300949,奥雅股份,奥雅股份:第四届董事会第六次会议决议公告,董事会决议公告,2024-12-17,https://data.eastmoney.com/notices/detail/300949/AN202412161641320290.html
002615,哈尔斯,哈尔斯:关于部分限制性股票回购注销完成暨股份变动的公告,股本变动,2024-12-17,https://data.eastmoney.com/notices/detail/002615/AN202412161641320296.html
002402,和而泰,和而泰:公司章程(2024年12月),公司章程,2024-12-17,https://data.eastmoney.com/notices/detail/002402/AN202412161641320281.html
002402,和而泰,和而泰:监事会关于回购注销部分限制性股票数量及人员名单的审核意见,专项说明/独立意见,2024-12-17,https://data.eastmoney.com/notices/detail/002402/AN202412161641320295.html
002402,和而泰,和而泰:北京君合(杭州)律师事务所关于和而泰2022年限制性股票激励计划回购注销部分限制性股票的法律意见书,法律意见书,2024-12-17,https://data.eastmoney.com/notices/detail/002402/AN202412161641320288.html
002402,和而泰,和而泰:关于变更注册资本并修订《公司章程》的公告,公司章程修订,2024-12-17,https://data.eastmoney.com/notices/detail/002402/AN202412161641320287.html
002402,和而泰,和而泰:第六届监事会第二十二次会议决议公告,监事会决议公告,2024-12-17,https://data.eastmoney.com/notices/detail/002402/AN202412161641320283.html
002402,和而泰,和而泰:关于回购注销部分限制性股票的公告,回购进展情况,2024-12-17,https://data.eastmoney.com/notices/detail/002402/AN202412161641320286.html
002402,和而泰,和而泰:第六届董事会第二十三次会议决议公告,董事会决议公告,2024-12-17,https://data.eastmoney.com/notices/detail/002402/AN202412161641320289.html
002402,和而泰,和而泰:关于完成股份回购暨回购实施结果的公告,回购实施公告,2024-12-17,https://data.eastmoney.com/notices/detail/002402/AN202412161641320280.html
001391,国货航,国货航:首次公开发行股票并在主板上市网上路演公告,首发网上路演公告,2024-12-17,https://data.eastmoney.com/notices/detail/001391/AN202412161641320282.html
600439,ST瑞贝卡,瑞贝卡:关于2024年第三季度报告的信息披露监管工作函的部分回复公告,监管工作函回复公告,2024-12-17,https://data.eastmoney.com/notices/detail/600439/AN202412161641320268.html
600749,西藏旅游,西藏旅游:西藏旅游关于持股5%以上股东集中竞价减持股份计划的公告,股东/实际控制人股份减持,2024-12-17,https://data.eastmoney.com/notices/detail/600749/AN202412161641320214.html
002016,世荣兆业,世荣兆业:关于持股5%以上股东被司法拍卖股份完成过户的公告,诉讼仲裁,2024-12-17,https://data.eastmoney.com/notices/detail/002016/AN202412161641320183.html
300187,永清环保,永清环保:关于公司部分董监高增持公司股份计划的进展公告,股东/实际控制人股份增持,2024-12-17,https://data.eastmoney.com/notices/detail/300187/AN202412161641320171.html
300187,永清环保,永清环保:关于召开2025年第一次临时股东大会的通知,召开股东大会通知,2024-12-17,https://data.eastmoney.com/notices/detail/300187/AN202412161641320170.html
300187,永清环保,永清环保:第六届董事会2024年第五次临时会议决议公告,董事会决议公告,2024-12-17,https://data.eastmoney.com/notices/detail/300187/AN202412161641320168.html
001979,招商蛇口,招商蛇口:关于为合肥招盛提供担保的公告,提供/对外担保公告,2024-12-17,https://data.eastmoney.com/notices/detail/001979/AN202412161641320169.html
002226,江南化工,江南化工:关于控股股东及其一致行动人之间无偿划转所持公司股份的进展暨完成过户登记的公告,股权转让,2024-12-17,https://data.eastmoney.com/notices/detail/002226/AN202412161641320148.html
688449,联芸科技,联芸科技:中信建投证券股份有限公司关于联芸科技(杭州)股份有限公司使用募集资金置换预先投入募投项目及已支付发行费用的自筹资金的核查意见,保荐/核查意见,2024-12-17,https://data.eastmoney.com/notices/detail/688449/AN202412161641320112.html
688449,联芸科技,联芸科技:关于使用募集资金置换预先投入募投项目及已支付发行费用的自筹资金的公告,募集资金使用情况报告,2024-12-17,https://data.eastmoney.com/notices/detail/688449/AN202412161641320100.html
688449,联芸科技,联芸科技:中信建投证券股份有限公司关于联芸科技(杭州)股份有限公司使用基本存款账户及自有外汇支付募投项目所需资金并以募集资金等额置换的核查意见,保荐/核查意见,2024-12-17,https://data.eastmoney.com/notices/detail/688449/AN202412161641320099.html
688449,联芸科技,联芸科技:第一届监事会第八次会议决议公告,监事会决议公告,2024-12-17,https://data.eastmoney.com/notices/detail/688449/AN202412161641320105.html
688449,联芸科技,联芸科技:关于召开2025年第一次临时股东大会的通知,召开股东大会通知,2024-12-17,https://data.eastmoney.com/notices/detail/688449/AN202412161641320102.html
688449,联芸科技,联芸科技:关于变更注册资本、公司类型及修订《公司章程》暨办理工商变更的公告,公司注册资本变更,2024-12-17,https://data.eastmoney.com/notices/detail/688449/AN202412161641320111.html
688449,联芸科技,联芸科技:联芸科技(杭州)股份有限公司章程,公司章程,2024-12-17,https://data.eastmoney.com/notices/detail/688449/AN202412161641320106.html
688449,联芸科技,联芸科技:关于调整募集资金投资项目拟投入募集资金金额并延期的公告,变更募集资金投资项目,2024-12-17,https://data.eastmoney.com/notices/detail/688449/AN202412161641320107.html
688449,联芸科技,联芸科技:中信建投证券股份有限公司关于联芸科技(杭州)股份有限公司使用部分暂时闲置募集资金及自有资金进行现金管理的核查意见,保荐/核查意见,2024-12-17,https://data.eastmoney.com/notices/detail/688449/AN202412161641320109.html
688449,联芸科技,联芸科技:中信建投证券股份有限公司关于联芸科技(杭州)股份有限公司调整募集资金投资项目拟投入募集资金金额并延期的核查意见,保荐/核查意见,2024-12-17,https://data.eastmoney.com/notices/detail/688449/AN202412161641320104.html
688449,联芸科技,联芸科技:关于使用基本存款账户及自有外汇支付募投项目所需资金并以募集资金等额置换的公告,募集资金使用情况报告,2024-12-17,https://data.eastmoney.com/notices/detail/688449/AN202412161641320101.html
688449,联芸科技,联芸科技:关于使用部分暂时闲置募集资金及自有资金进行现金管理的公告,投资理财,2024-12-17,https://data.eastmoney.com/notices/detail/688449/AN202412161641320110.html
688449,联芸科技,联芸科技:德勤华永会计师事务所(特殊普通合伙)关于联芸科技(杭州)股份有限公司以自筹资金预先投入募集资金投资项目和支付发行费用情况的审核报告,保荐/核查意见,2024-12-17,https://data.eastmoney.com/notices/detail/688449/AN202412161641320103.html
688449,联芸科技,联芸科技:第一届董事会第十八次会议决议公告,董事会决议公告,2024-12-17,https://data.eastmoney.com/notices/detail/688449/AN202412161641320108.html
600193,退市创兴,创兴资源:北京市中伦(上海)律师事务所关于上海创兴资源开发股份有限公司2024年第二次临时股东大会的法律意见书,法律意见书,2024-12-17,https://data.eastmoney.com/notices/detail/600193/AN202412161641320094.html
600549,厦门钨业,厦门钨业:中信证券股份有限公司关于厦门钨业股份有限公司2023年度向特定对象发行A股股票之上市保荐书,上市保荐书,2024-12-17,https://data.eastmoney.com/notices/detail/600549/AN202412161641320085.html
600549,厦门钨业,厦门钨业:厦门钨业股份有限公司简式权益变动报告书,权益变动报告书,2024-12-17,https://data.eastmoney.com/notices/detail/600549/AN202412161641320087.html
600193,退市创兴,创兴资源:上海创兴资源开发股份有限公司2024年第二次临时股东大会决议公告,股东大会决议公告,2024-12-17,https://data.eastmoney.com/notices/detail/600193/AN202412161641320089.html
600193,退市创兴,创兴资源:上海创兴资源开发股份有限公司第九届董事会第15次会议决议的公告,高管人员任职变动,2024-12-17,https://data.eastmoney.com/notices/detail/600193/AN202412161641320090.html
600193,退市创兴,创兴资源:上海创兴资源开发股份有限公司关于公司高级管理人员辞职的公告,高管人员任职变动,2024-12-17,https://data.eastmoney.com/notices/detail/600193/AN202412161641320091.html
600549,厦门钨业,厦门钨业:福建至理律师事务所关于厦门钨业股份有限公司投资者权益变动及向特定对象发行股票免于发出要约的法律意见书,法律意见书,2024-12-17,https://data.eastmoney.com/notices/detail/600549/AN202412161641320093.html
600549,厦门钨业,厦门钨业:厦门钨业关于向特定对象发行A股股票结果暨股本变动公告,增发发行结果公告,2024-12-17,https://data.eastmoney.com/notices/detail/600549/AN202412161641320086.html
600549,厦门钨业,厦门钨业:厦门钨业关于控股股东及其一致行动人权益变动的提示性公告,权益变动报告书,2024-12-17,https://data.eastmoney.com/notices/detail/600549/AN202412161641320092.html
600549,厦门钨业,厦门钨业:厦门钨业股份有限公司2023年度向特定对象发行A股股票上市公告书,增发上市公告书,2024-12-17,https://data.eastmoney.com/notices/detail/600549/AN202412161641320088.html
600549,厦门钨业,厦门钨业:厦门钨业关于5%以上股东权益变动的提示性公告,权益变动报告书,2024-12-17,https://data.eastmoney.com/notices/detail/600549/AN202412161641320095.html
301558,三态股份,三态股份:第六届监事会第一次会议决议公告,高管人员任职变动,2024-12-17,https://data.eastmoney.com/notices/detail/301558/AN202412161641320079.html
301558,三态股份,三态股份:2024年第三次临时股东大会法律意见书,法律意见书,2024-12-17,https://data.eastmoney.com/notices/detail/301558/AN202412161641320081.html
301558,三态股份,三态股份:2024年第三次临时股东大会决议公告,股东大会决议公告,2024-12-17,https://data.eastmoney.com/notices/detail/301558/AN202412161641320076.html
301558,三态股份,三态股份:第六届董事会第一次会议决议公告,高管人员任职变动,2024-12-17,https://data.eastmoney.com/notices/detail/301558/AN202412161641320077.html
301558,三态股份,三态股份:关于完成董事会、监事会换届选举及聘任高级管理人员、证券事务代表的公告,高管人员任职变动,2024-12-17,https://data.eastmoney.com/notices/detail/301558/AN202412161641320080.html
000929,兰州黄河,兰州黄河:关于召开2025年第一次临时股东大会的通知-241207,召开股东大会通知,2024-12-17,https://data.eastmoney.com/notices/detail/000929/AN202412161641320056.html
000929,兰州黄河,兰州黄河:关于全资子公司继续使用自有闲置资金进行证券投资的公告,其他,2024-12-17,https://data.eastmoney.com/notices/detail/000929/AN202412161641320054.html
000929,兰州黄河,兰州黄河:董事会十二届六次会议决议公告-241216,高管人员任职变动,2024-12-17,https://data.eastmoney.com/notices/detail/000929/AN202412161641320062.html
000929,兰州黄河,兰州黄河:监事会十二届六次会议决议公告,高管人员任职变动,2024-12-17,https://data.eastmoney.com/notices/detail/000929/AN202412161641320051.html
000929,兰州黄河,兰州黄河:北京京师(兰州)律师事务所关于兰州黄河企业股份有限公司2024年第一次临时股东大会的法律意见书,法律意见书,2024-12-17,https://data.eastmoney.com/notices/detail/000929/AN202412161641320055.html
000929,兰州黄河,兰州黄河:关于完成部分非独立董事、股东代表监事改选及聘任高管、董秘的公告,高管人员任职变动,2024-12-17,https://data.eastmoney.com/notices/detail/000929/AN202412161641320063.html
000929,兰州黄河,兰州黄河:兰州黄河第十二届董事会提名委员会审核意见,专项说明/独立意见,2024-12-17,https://data.eastmoney.com/notices/detail/000929/AN202412161641320061.html
000929,兰州黄河,兰州黄河:关于拟变更会计师事务所的公告,审计机构变更,2024-12-17,https://data.eastmoney.com/notices/detail/000929/AN202412161641320058.html
000929,兰州黄河,兰州黄河:关于申请银行授信额度暨为控股子公司提供担保的公告,提供/对外担保公告,2024-12-17,https://data.eastmoney.com/notices/detail/000929/AN202412161641320052.html
000929,兰州黄河,兰州黄河:兰州黄河第十二届董事会审计委员会关于聘任财务总监的审核意见,专项说明/独立意见,2024-12-17,https://data.eastmoney.com/notices/detail/000929/AN202412161641320060.html
000929,兰州黄河,兰州黄河:兰州黄河企业股份有限公司章程(2024年11月修订),公司章程修订,2024-12-17,https://data.eastmoney.com/notices/detail/000929/AN202412161641320059.html
002853,皮阿诺,皮阿诺:简式权益变动报告书(珠海鸿禄企业管理合伙企业(有限合伙)),权益变动报告书,2024-12-17,https://data.eastmoney.com/notices/detail/002853/AN202412161641320053.html
000929,兰州黄河,兰州黄河:2024年第一次临时股东大会决议公告,股东大会决议公告,2024-12-17,https://data.eastmoney.com/notices/detail/000929/AN202412161641320057.html
002853,皮阿诺,皮阿诺:关于公司控股股东、持股5%以上股东拟协议转让公司股份暨权益变动的提示性公告,权益变动报告书,2024-12-17,https://data.eastmoney.com/notices/detail/002853/AN202412161641320000.html
002141,贤丰控股,*ST贤丰:2024年第三次临时股东大会法律意见书,法律意见书,2024-12-17,https://data.eastmoney.com/notices/detail/002141/AN202412161641320002.html
002141,贤丰控股,*ST贤丰:股票交易异常波动公告,股票交易异常波动,2024-12-17,https://data.eastmoney.com/notices/detail/002141/AN202412161641320003.html
002853,皮阿诺,皮阿诺:简式权益变动报告书(马礼斌),权益变动报告书,2024-12-17,https://data.eastmoney.com/notices/detail/002853/AN202412161641320005.html
002853,皮阿诺,皮阿诺:简式权益变动报告书(受让方深圳市通捷企业管理合伙企业(有限合伙)),权益变动报告书,2024-12-17,https://data.eastmoney.com/notices/detail/002853/AN202412161641320004.html
002313,日海智能,日海智能:关于收到《行政处罚事先告知书》的公告,处罚,2024-12-17,https://data.eastmoney.com/notices/detail/002313/AN202412161641320001.html
002141,贤丰控股,*ST贤丰:2024年第三次临时股东大会决议公告,股东大会决议公告,2024-12-17,https://data.eastmoney.com/notices/detail/002141/AN202412161641319999.html
002313,日海智能,日海智能:股票交易异常波动公告,股票交易异常波动,2024-12-17,https://data.eastmoney.com/notices/detail/002313/AN202412161641320006.html
603577,汇金通,汇金通:汇金通关于股东减持股份计划公告,股东/实际控制人股份减持,2024-12-17,https://data.eastmoney.com/notices/detail/603577/AN202412161641319985.html
000525,红太阳,*ST红阳:关于撤销退市风险警示及部分其他风险警示情形暨继续被实施其他风险警示暨停复牌安排的公告,撤销退市风险警示,2024-12-17,https://data.eastmoney.com/notices/detail/000525/AN202412161641319980.html
600599,退市熊猫,ST熊猫:ST熊猫股票交易异常波动公告,股票交易异常波动,2024-12-17,https://data.eastmoney.com/notices/detail/600599/AN202412161641319978.html
600599,退市熊猫,ST熊猫:ST熊猫关于全资子公司相关银行账户资金被冻结的公告,其他,2024-12-17,https://data.eastmoney.com/notices/detail/600599/AN202412161641319979.html
688381,帝奥微,帝奥微:中信证券股份有限公司关于江苏帝奥微电子股份有限公司股东向特定机构投资者询价转让股份的核查报告,询价转让核查报告/意见,2024-12-17,https://data.eastmoney.com/notices/detail/688381/AN202412161641319974.html
688381,帝奥微,帝奥微:简式权益变动报告书(國泰集成電路發展有限公司),权益变动报告书,2024-12-17,https://data.eastmoney.com/notices/detail/688381/AN202412161641319973.html
688381,帝奥微,帝奥微:简式权益变动报告书(湖北小米长江产业基金合伙企业(有限合伙)),权益变动报告书,2024-12-17,https://data.eastmoney.com/notices/detail/688381/AN202412161641319972.html
688381,帝奥微,帝奥微:股东询价转让结果报告书暨持股5%以上股东持有权益比例降至5%以下的权益变动提示性公告,权益变动报告书,2024-12-17,https://data.eastmoney.com/notices/detail/688381/AN202412161641319975.html
603003,退市龙宇,*ST龙宇:关于收到中国证券监督管理委员会立案告知书的公告,其他,2024-12-17,https://data.eastmoney.com/notices/detail/603003/AN202412161641319965.html
002457,青龙管业,青龙管业:关于为控股子公司提供担保的公告,提供/对外担保公告,2024-12-17,https://data.eastmoney.com/notices/detail/002457/AN202412161641319846.html
002650,ST加加,ST加加:关于股票交易异常波动的公告,股票交易异常波动,2024-12-17,https://data.eastmoney.com/notices/detail/002650/AN202412161641319832.html
002056,横店东磁,横店东磁:关于解除担保和提供担保进展的公告,提供/对外担保公告,2024-12-17,https://data.eastmoney.com/notices/detail/002056/AN202412161641319834.html
002056,横店东磁,横店东磁:关于全资子公司股权转让进展的公告,其他,2024-12-17,https://data.eastmoney.com/notices/detail/002056/AN202412161641319837.html
000863,三湘印象,三湘印象:股票交易异常波动公告,股票交易异常波动,2024-12-17,https://data.eastmoney.com/notices/detail/000863/AN202412161641319835.html
000813,德展健康,德展健康:德展大健康股份有限公司简式权益变动报告书,权益变动报告书,2024-12-17,https://data.eastmoney.com/notices/detail/000813/AN202412161641319836.html
000813,德展健康,德展健康:关于公司持股5%以上股东部分股份司法拍卖过户完成公告,诉讼仲裁,2024-12-17,https://data.eastmoney.com/notices/detail/000813/AN202412161641319833.html
300243,瑞丰高材,瑞丰高材:关于向下修正瑞丰转债转股价格的公告,其他,2024-12-17,https://data.eastmoney.com/notices/detail/300243/AN202412161641319820.html
000048,京基智农,京基智农:公司章程(2024年12月),公司章程,2024-12-17,https://data.eastmoney.com/notices/detail/000048/AN202412161641319770.html
000048,京基智农,京基智农:关于深圳市京基智农时代股份有限公司2024年第五次临时股东大会的法律意见书,法律意见书,2024-12-17,https://data.eastmoney.com/notices/detail/000048/AN202412161641319771.html
000048,京基智农,京基智农:关于回购注销部分限制性股票减少注册资本暨通知债权人的公告,公司注册资本变更,2024-12-17,https://data.eastmoney.com/notices/detail/000048/AN202412161641319769.html
000048,京基智农,京基智农:2024年第五次临时股东大会决议公告,股东大会决议公告,2024-12-17,https://data.eastmoney.com/notices/detail/000048/AN202412161641319772.html
688165,埃夫特,埃夫特:北京市竞天公诚律师事务所关于埃夫特2024年第三次临时股东大会的法律意见书,法律意见书,2024-12-17,https://data.eastmoney.com/notices/detail/688165/AN202412161641319766.html
688165,埃夫特,埃夫特:埃夫特2024年第三次临时股东大会决议公告,股东大会决议公告,2024-12-17,https://data.eastmoney.com/notices/detail/688165/AN202412161641319765.html
600858,银座股份,银座股份:银座股份2025年第一次临时股东大会资料,股东大会资料,2024-12-17,https://data.eastmoney.com/notices/detail/600858/AN202412161641319619.html
002669,康达新材,康达新材:关于控股股东增持公司股份比例达到1%的公告,股东/实际控制人股份增持,2024-12-17,https://data.eastmoney.com/notices/detail/002669/AN202412161641319620.html
600858,银座股份,银座股份:银座股份独立董事提名人声明与承诺,独立董事提名人声明,2024-12-17,https://data.eastmoney.com/notices/detail/600858/AN202412161641319599.html
600858,银座股份,银座股份:国浩律师(济南)事务所关于银座集团股份有限公司股票期权激励计划第三个行权期未达行权条件及注销股票期权之法律意见书,法律意见书,2024-12-17,https://data.eastmoney.com/notices/detail/600858/AN202412161641319598.html
600858,银座股份,银座股份:银座股份独立董事候选人声明与承诺,独立董事候选人声明,2024-12-17,https://data.eastmoney.com/notices/detail/600858/AN202412161641319603.html
600858,银座股份,银座股份:银座股份关于召开2025年第一次临时股东大会的通知,召开股东大会通知,2024-12-17,https://data.eastmoney.com/notices/detail/600858/AN202412161641319600.html
600858,银座股份,银座股份:银座股份关于注销股票期权的公告,股权激励进展公告,2024-12-17,https://data.eastmoney.com/notices/detail/600858/AN202412161641319602.html
600858,银座股份,银座股份:银座股份第十三届董事会2024年第七次临时会议决议公告,高管人员任职变动,2024-12-17,https://data.eastmoney.com/notices/detail/600858/AN202412161641319601.html
600858,银座股份,银座股份:银座股份关于续签委托经营管理协议暨关联交易的公告,签订协议,2024-12-17,https://data.eastmoney.com/notices/detail/600858/AN202412161641319604.html
688085,三友医疗,三友医疗:关于上海三友医疗器械股份有限公司发行股份及支付现金购买资产并募集配套资金暨关联交易申请的审核问询函的回复(豁免版),回复问询函公告,2024-12-17,https://data.eastmoney.com/notices/detail/688085/AN202412161641319590.html
688085,三友医疗,三友医疗:关于发行股份及支付现金购买资产并募集配套资金暨关联交易审核问询函回复的公告,回复问询函公告,2024-12-17,https://data.eastmoney.com/notices/detail/688085/AN202412161641319593.html
688085,三友医疗,三友医疗:上海三友医疗器械股份有限公司发行股份及支付现金购买资产并募集配套资金暨关联交易报告书(草案)(修订稿),其他增发事项公告,2024-12-17,https://data.eastmoney.com/notices/detail/688085/AN202412161641319597.html
688085,三友医疗,三友医疗:东方证券股份有限公司关于上海三友医疗器械股份有限公司发行股份及支付现金购买资产并募集配套资金暨关联交易之独立财务顾问报告(修订稿),保荐/核查意见,2024-12-17,https://data.eastmoney.com/notices/detail/688085/AN202412161641319596.html
688085,三友医疗,三友医疗:关于发行股份及支付现金购买资产并募集配套资金暨关联交易报告书(草案)(修订稿)修订说明的公告,其他,2024-12-17,https://data.eastmoney.com/notices/detail/688085/AN202412161641319594.html
688085,三友医疗,三友医疗:东方证券股份有限公司《关于上海三友医疗器械股份有限公司发行股份及支付现金购买资产并募集配套资金暨关联交易申请的审核问询函的回复》之核查意见(豁免版),保荐/核查意见,2024-12-17,https://data.eastmoney.com/notices/detail/688085/AN202412161641319589.html
000949,新乡化纤,新乡化纤:2024年第三季度分红派息实施公告,分配方案实施,2024-12-17,https://data.eastmoney.com/notices/detail/000949/AN202412161641319569.html
600509,天富能源,天富能源:新疆天富能源股份有限公司关于收到八师发改委有关事项通知的公告,其他,2024-12-17,https://data.eastmoney.com/notices/detail/600509/AN202412161641319456.html
002775,文科股份,文科股份:独立董事提名人声明与承诺,独立董事提名人声明,2024-12-17,https://data.eastmoney.com/notices/detail/002775/AN202412161641319396.html
002775,文科股份,文科股份:关于2024年第四次临时股东大会增加临时提案暨股东大会补充通知的公告,增加股东大会议案,2024-12-17,https://data.eastmoney.com/notices/detail/002775/AN202412161641319398.html
002052,同洲电子,*ST同洲:股票交易异常波动公告,股票交易异常波动,2024-12-17,https://data.eastmoney.com/notices/detail/002052/AN202412161641319400.html
002775,文科股份,文科股份:关于新增重大诉讼及其他诉讼进展的公告,诉讼仲裁,2024-12-17,https://data.eastmoney.com/notices/detail/002775/AN202412161641319399.html
002775,文科股份,文科股份:独立董事候选人声明与承诺,独立董事候选人声明,2024-12-17,https://data.eastmoney.com/notices/detail/002775/AN202412161641319402.html
002775,文科股份,文科股份:关于独立董事辞职及增补独立董事的公告,高管人员任职变动,2024-12-17,https://data.eastmoney.com/notices/detail/002775/AN202412161641319401.html
002775,文科股份,文科股份:第五届董事会第三十八次会议决议的公告,高管人员任职变动,2024-12-17,https://data.eastmoney.com/notices/detail/002775/AN202412161641319403.html
600593,大连圣亚,大连圣亚:股票交易风险提示公告,风险提示性公告,2024-12-17,https://data.eastmoney.com/notices/detail/600593/AN202412161641319365.html
300308,中际旭创,中际旭创:关于使用部分自有资金进行现金管理的进展公告,投资理财,2024-12-17,https://data.eastmoney.com/notices/detail/300308/AN202412161641319156.html
600778,友好集团,友好集团:友好集团关于股票交易风险的提示性公告,风险提示性公告,2024-12-17,https://data.eastmoney.com/notices/detail/600778/AN202412161641319129.html
000541,佛山照明,佛山照明:佛山电器照明股份有限公司2024年度第三次临时股东大会的法律意见书,法律意见书,2024-12-17,https://data.eastmoney.com/notices/detail/000541/AN202412161641319128.html
000541,佛山照明,佛山照明:关于注销回购股份并减少注册资本暨通知债权人的公告,公司注册资本变更,2024-12-17,https://data.eastmoney.com/notices/detail/000541/AN202412161641319127.html
000541,佛山照明,佛山照明:2024年第三次临时股东大会决议公告,股东大会决议公告,2024-12-17,https://data.eastmoney.com/notices/detail/000541/AN202412161641319123.html
000541,佛山照明,佛山照明:第十届董事会第四次会议决议公告,董事会决议公告,2024-12-17,https://data.eastmoney.com/notices/detail/000541/AN202412161641319126.html
688689,银河微电,银河微电:大股东及其一致行动人减持股份计划公告,股东/实际控制人股份减持,2024-12-17,https://data.eastmoney.com/notices/detail/688689/AN202412161641319080.html
301456,盘古智能,盘古智能:监事会关于公司2023年限制性股票激励计划预留授予激励对象名单的核查意见及公示情况说明,专项说明/独立意见,2024-12-17,https://data.eastmoney.com/notices/detail/301456/AN202412161641319057.html
301456,盘古智能,盘古智能:2024年前三季度权益分派实施公告,分配方案实施,2024-12-17,https://data.eastmoney.com/notices/detail/301456/AN202412161641318949.html
300420,五洋自控,五洋自控:江苏五洋自控技术股份有限公司详式权益变动报告书(蔡继东、赫宏优、侯友夫),权益变动报告书,2024-12-17,https://data.eastmoney.com/notices/detail/300420/AN202412161641318952.html
300420,五洋自控,五洋自控:江苏五洋自控技术股份有限公司简式权益变动报告书(蔡敏、侯友夫),权益变动报告书,2024-12-17,https://data.eastmoney.com/notices/detail/300420/AN202412161641318955.html
002203,海亮股份,海亮股份:独立董事提名人声明与承诺,独立董事提名人声明,2024-12-17,https://data.eastmoney.com/notices/detail/002203/AN202412161641318947.html
002203,海亮股份,海亮股份:独立董事候选人声明与承诺,独立董事候选人声明,2024-12-17,https://data.eastmoney.com/notices/detail/002203/AN202412161641318948.html
002203,海亮股份,海亮股份:关于独立董事任期届满离任暨增补独立董事的公告,高管人员任职变动,2024-12-17,https://data.eastmoney.com/notices/detail/002203/AN202412161641318953.html
002203,海亮股份,海亮股份:第八届董事会第十九次会议决议公告,高管人员任职变动,2024-12-17,https://data.eastmoney.com/notices/detail/002203/AN202412161641318954.html
002203,海亮股份,海亮股份:2024年第三次临时股东大会会议决议公告,股东大会决议公告,2024-12-17,https://data.eastmoney.com/notices/detail/002203/AN202412161641318950.html
002203,海亮股份,海亮股份:关于召开2025年第一次临时股东大会的通知,召开股东大会通知,2024-12-17,https://data.eastmoney.com/notices/detail/002203/AN202412161641318951.html
002055,ST得润,得润电子:关于高级管理人员辞职的公告,高管人员任职变动,2024-12-17,https://data.eastmoney.com/notices/detail/002055/AN202412161641318956.html
001376,百通能源,百通能源:关于董事会、监事会换届完成及聘任高级管理人员、证券事务代表的公告,高管人员任职变动,2024-12-17,https://data.eastmoney.com/notices/detail/001376/AN202412161641318910.html
001376,百通能源,百通能源:2024年第三次临时股东大会法律意见书,法律意见书,2024-12-17,https://data.eastmoney.com/notices/detail/001376/AN202412161641318918.html
300433,蓝思科技,蓝思科技:独立董事候选人关于参加最近一次独立董事培训的承诺,其他,2024-12-17,https://data.eastmoney.com/notices/detail/300433/AN202412161641318919.html
300433,蓝思科技,蓝思科技:上市公司独立董事提名人声明与承诺-万炜,独立董事提名人声明,2024-12-17,https://data.eastmoney.com/notices/detail/300433/AN202412161641318924.html
001376,百通能源,百通能源:第四届董事会第一次会议决议公告,高管人员任职变动,2024-12-17,https://data.eastmoney.com/notices/detail/001376/AN202412161641318921.html
002203,海亮股份,海亮股份:海亮股份2024年第三次临时股东大会法律意见书,法律意见书,2024-12-17,https://data.eastmoney.com/notices/detail/002203/AN202412161641318931.html
002019,亿帆医药,亿帆医药:关于除湿止痒软膏获得新加坡注册批文的公告,其他,2024-12-17,https://data.eastmoney.com/notices/detail/002019/AN202412161641318928.html
300433,蓝思科技,蓝思科技:上市公司独立董事候选人声明与承诺-万炜,独立董事候选人声明,2024-12-17,https://data.eastmoney.com/notices/detail/300433/AN202412161641318927.html
001376,百通能源,百通能源:关于选举第四届监事会职工代表监事的公告,高管人员任职变动,2024-12-17,https://data.eastmoney.com/notices/detail/001376/AN202412161641318909.html
300433,蓝思科技,蓝思科技:上市公司独立董事提名人声明与承诺-刘岳,独立董事提名人声明,2024-12-17,https://data.eastmoney.com/notices/detail/300433/AN202412161641318916.html
300433,蓝思科技,蓝思科技:上市公司独立董事提名人声明与承诺-谢志明,独立董事提名人声明,2024-12-17,https://data.eastmoney.com/notices/detail/300433/AN202412161641318914.html
001376,百通能源,百通能源:第四届监事会第一次会议决议公告,高管人员任职变动,2024-12-17,https://data.eastmoney.com/notices/detail/001376/AN202412161641318915.html
300433,蓝思科技,蓝思科技:上市公司独立董事候选人声明与承诺-谢志明,独立董事候选人声明,2024-12-17,https://data.eastmoney.com/notices/detail/300433/AN202412161641318930.html
002940,昂利康,昂利康:关于获得政府补助的公告,获得补贴（资助）,2024-12-17,https://data.eastmoney.com/notices/detail/002940/AN202412161641318908.html
300433,蓝思科技,蓝思科技:第四届监事会第二十五次会议决议公告,高管人员任职变动,2024-12-17,https://data.eastmoney.com/notices/detail/300433/AN202412161641318922.html
300433,蓝思科技,蓝思科技:关于召开2025年第一次临时股东大会的通知,召开股东大会通知,2024-12-17,https://data.eastmoney.com/notices/detail/300433/AN202412161641318925.html
001376,百通能源,百通能源:2024年第三次临时股东大会决议公告,股东大会决议公告,2024-12-17,https://data.eastmoney.com/notices/detail/001376/AN202412161641318920.html
300433,蓝思科技,蓝思科技:上市公司独立董事候选人声明与承诺-田宏,独立董事候选人声明,2024-12-17,https://data.eastmoney.com/notices/detail/300433/AN202412161641318907.html
300433,蓝思科技,蓝思科技:第四届董事会第二十八次会议决议公告,高管人员任职变动,2024-12-17,https://data.eastmoney.com/notices/detail/300433/AN202412161641318912.html
300433,蓝思科技,蓝思科技:上市公司独立董事候选人声明与承诺-刘岳,独立董事候选人声明,2024-12-17,https://data.eastmoney.com/notices/detail/300433/AN202412161641318923.html
300433,蓝思科技,蓝思科技:上市公司独立董事提名人声明与承诺-田宏,独立董事提名人声明,2024-12-17,https://data.eastmoney.com/notices/detail/300433/AN202412161641318917.html
688576,西山科技,西山科技:重庆西山科技股份有限公司第四届监事会第二次会议决议公告,监事会决议公告,2024-12-17,https://data.eastmoney.com/notices/detail/688576/AN202412161641318902.html
688576,西山科技,西山科技:东方证券股份有限公司关于重庆西山科技股份有限公司募集资金投资项目延期的核查意见,保荐/核查意见,2024-12-17,https://data.eastmoney.com/notices/detail/688576/AN202412161641318903.html
688576,西山科技,西山科技:重庆西山科技股份有限公司关于部分募集资金投资项目延期的公告,变更募集资金投资项目,2024-12-17,https://data.eastmoney.com/notices/detail/688576/AN202412161641318904.html
688065,凯赛生物,凯赛生物:关于与创科生物等主体共同投资设立合伙企业暨关联交易的公告,关联交易,2024-12-17,https://data.eastmoney.com/notices/detail/688065/AN202412161641318884.html
688065,凯赛生物,凯赛生物:关于控股股东签署《股票出资协议之补充协议暨股份转让协议》的公告,签订协议,2024-12-17,https://data.eastmoney.com/notices/detail/688065/AN202412161641318885.html
688065,凯赛生物,凯赛生物:第二届监事会第二十二次会议决议公告,监事会决议公告,2024-12-17,https://data.eastmoney.com/notices/detail/688065/AN202412161641318883.html
600016,民生银行,民生银行:中国民生银行第九届董事会第七次会议决议公告,董事会决议公告,2024-12-17,https://data.eastmoney.com/notices/detail/600016/AN202412161641318630.html
600016,民生银行,民生银行:中国民生银行关于股东所持权益变动的提示性公告,权益变动报告书,2024-12-17,https://data.eastmoney.com/notices/detail/600016/AN202412161641318628.html
600016,民生银行,民生银行:简式权益变动报告书(新希望化工及其一致行动人),权益变动报告书,2024-12-17,https://data.eastmoney.com/notices/detail/600016/AN202412161641318631.html
601077,渝农商行,渝农商行:泰和泰(重庆)律师事务所关于重庆农村商业银行股份有限公司2024年第一次临时股东大会的法律意见书,法律意见书,2024-12-17,https://data.eastmoney.com/notices/detail/601077/AN202412161641318632.html
601077,渝农商行,渝农商行:重庆农村商业银行股份有限公司2024年第一次临时股东大会决议公告,分配方案决议公告,2024-12-17,https://data.eastmoney.com/notices/detail/601077/AN202412161641318629.html
688772,珠海冠宇,珠海冠宇:2024年第二次临时股东大会会议资料,股东大会资料,2024-12-17,https://data.eastmoney.com/notices/detail/688772/AN202412161641318591.html
603729,ST龙韵,龙韵股份:上海龙韵文创科技集团股份有限公司关于控股股东部分股份质押的公告,股份质押、冻结,2024-12-17,https://data.eastmoney.com/notices/detail/603729/AN202412161641318531.html
300243,瑞丰高材,瑞丰高材:关于董事会、监事会完成换届选举暨部分独立董事离任、聘任高级管理人员及证券事务代表的公告,高管人员任职变动,2024-12-17,https://data.eastmoney.com/notices/detail/300243/AN202412161641318523.html
300243,瑞丰高材,瑞丰高材:关于选举第六届监事会职工代表监事的公告,高管人员任职变动,2024-12-17,https://data.eastmoney.com/notices/detail/300243/AN202412161641318526.html
300243,瑞丰高材,瑞丰高材:瑞丰高材2024年第一次临时股东大会法律意见书,法律意见书,2024-12-17,https://data.eastmoney.com/notices/detail/300243/AN202412161641318525.html
300243,瑞丰高材,瑞丰高材:关于第六届监事会第一次会议决议的公告,高管人员任职变动,2024-12-17,https://data.eastmoney.com/notices/detail/300243/AN202412161641318524.html
300243,瑞丰高材,瑞丰高材:关于2024年第一次临时股东大会决议的公告,股东大会决议公告,2024-12-17,https://data.eastmoney.com/notices/detail/300243/AN202412161641318528.html
300243,瑞丰高材,瑞丰高材:关于第六届董事会第一次会议决议的公告,高管人员任职变动,2024-12-17,https://data.eastmoney.com/notices/detail/300243/AN202412161641318527.html
603000,人民网,人民网:人民网股份有限公司关于使用部分闲置募集资金进行现金管理到期赎回的公告,投资理财,2024-12-17,https://data.eastmoney.com/notices/detail/603000/AN202412161641318513.html
688395,正弦电气,正弦电气:关于股东减持股份计划公告,股东/实际控制人股份减持,2024-12-17,https://data.eastmoney.com/notices/detail/688395/AN202412161641318510.html
300896,爱美客,爱美客:可持续发展管理制度,管理办法/制度,2024-12-17,https://data.eastmoney.com/notices/detail/300896/AN202412161641318395.html
300896,爱美客,爱美客:公司章程(2024年12月),公司章程,2024-12-17,https://data.eastmoney.com/notices/detail/300896/AN202412161641318397.html
300896,爱美客,爱美客:中信证券股份有限公司关于爱美客技术发展股份有限公司部分募集资金投资项目延期的核查意见,保荐/核查意见,2024-12-17,https://data.eastmoney.com/notices/detail/300896/AN202412161641318414.html
300896,爱美客,爱美客:关于变更注册资本、修订《公司章程》并办理工商变更登记的公告,公司注册资本变更,2024-12-17,https://data.eastmoney.com/notices/detail/300896/AN202412161641318421.html
300896,爱美客,爱美客:第三届监事会第十二次会议决议公告,监事会决议公告,2024-12-17,https://data.eastmoney.com/notices/detail/300896/AN202412161641318403.html
300896,爱美客,爱美客:关于部分募集资金投资项目延期的公告,变更募集资金投资项目,2024-12-17,https://data.eastmoney.com/notices/detail/300896/AN202412161641318405.html
300896,爱美客,爱美客:关于召开2025年第一次临时股东大会的通知,召开股东大会通知,2024-12-17,https://data.eastmoney.com/notices/detail/300896/AN202412161641318392.html
300896,爱美客,爱美客:第三届董事会第十五次会议决议公告,董事会决议公告,2024-12-17,https://data.eastmoney.com/notices/detail/300896/AN202412161641318410.html
603677,奇精机械,奇精机械:关于“奇精转债”到期兑付结果暨股份变动公告,股本变动,2024-12-17,https://data.eastmoney.com/notices/detail/603677/AN202412161641318389.html
300626,华瑞股份,华瑞股份:北京炜衡(宁波)律师事务所关于华瑞电器股份有限公司2024年第一次临时股东会之法律意见书,法律意见书,2024-12-17,https://data.eastmoney.com/notices/detail/300626/AN202412161641318400.html
300626,华瑞股份,华瑞股份:第五届监事会第一次会议决议公告,高管人员任职变动,2024-12-17,https://data.eastmoney.com/notices/detail/300626/AN202412161641318394.html
300626,华瑞股份,华瑞股份:2024年第一次临时股东会决议公告,股东大会决议公告,2024-12-17,https://data.eastmoney.com/notices/detail/300626/AN202412161641318413.html
300626,华瑞股份,华瑞股份:第五届董事会第一次会议决议公告,高管人员任职变动,2024-12-17,https://data.eastmoney.com/notices/detail/300626/AN202412161641318417.html
300626,华瑞股份,华瑞股份:关于完成董事会、监事会换届选举并聘任高级管理人员及证券事务代表暨部分董事离任的公告,高管人员任职变动,2024-12-17,https://data.eastmoney.com/notices/detail/300626/AN202412161641318423.html
002826,易明医药,易明医药:2024年限制性股票激励计划(草案),股权激励计划,2024-12-17,https://data.eastmoney.com/notices/detail/002826/AN202412161641318429.html
002826,易明医药,易明医药:2024年限制性股票激励计划自查表,股权激励计划,2024-12-17,https://data.eastmoney.com/notices/detail/002826/AN202412161641318401.html
002826,易明医药,易明医药:2024年限制性股票激励计划实施考核管理办法,管理办法/制度,2024-12-17,https://data.eastmoney.com/notices/detail/002826/AN202412161641318422.html
002826,易明医药,易明医药:2024年限制性股票激励计划首次授予激励对象名单,股权激励对象名单,2024-12-17,https://data.eastmoney.com/notices/detail/002826/AN202412161641318404.html
002826,易明医药,易明医药:2024年限制性股票激励计划(草案)摘要,股权激励计划摘要,2024-12-17,https://data.eastmoney.com/notices/detail/002826/AN202412161641318425.html
002826,易明医药,易明医药:北京植德律师事务所关于西藏易明西雅医药科技股份有限公司2024年限制性股票激励计划的法律意见书,法律意见书,2024-12-17,https://data.eastmoney.com/notices/detail/002826/AN202412161641318411.html
002826,易明医药,易明医药:第三届监事会第十九次临时会议决议公告,监事会决议公告,2024-12-17,https://data.eastmoney.com/notices/detail/002826/AN202412161641318426.html
002826,易明医药,易明医药:第三届董事会第二十一次临时会议决议公告,董事会决议公告,2024-12-17,https://data.eastmoney.com/notices/detail/002826/AN202412161641318408.html
002826,易明医药,易明医药:关于召开2025年第一次临时股东大会的通知,召开股东大会通知,2024-12-17,https://data.eastmoney.com/notices/detail/002826/AN202412161641318415.html
002592,ST八菱,ST八菱:北京市君泽君律师事务所关于南宁八菱科技股份有限公司2024年第二次临时股东大会的法律意见,法律意见书,2024-12-17,https://data.eastmoney.com/notices/detail/002592/AN202412161641318428.html
002592,ST八菱,ST八菱:2024年第二次临时股东大会决议公告,增发预案,2024-12-17,https://data.eastmoney.com/notices/detail/002592/AN202412161641318407.html
001258,立新能源,立新能源:新疆立新能源股份有限公司关于控股股东变更暨控股股东被吸收合并的提示性公告,股东/实际控制人变更,2024-12-17,https://data.eastmoney.com/notices/detail/001258/AN202412161641318396.html
001202,炬申股份,炬申股份:北京市嘉源律师事务所关于广东炬申物流股份有限公司2024年第五次临时股东大会的法律意见书,法律意见书,2024-12-17,https://data.eastmoney.com/notices/detail/001202/AN202412161641318402.html
001202,炬申股份,炬申股份:2024年第五次临时股东大会决议公告,股东大会决议公告,2024-12-17,https://data.eastmoney.com/notices/detail/001202/AN202412161641318399.html
000858,五粮液,五粮液:第六届董事会2024年第15次会议决议公告,董事会决议公告,2024-12-17,https://data.eastmoney.com/notices/detail/000858/AN202412161641318420.html
002861,瀛通通讯,瀛通通讯:关于公司实际控制人及其一致行动人持股比例因公司可转债转股被动稀释超过1%的提示性公告,其他,2024-12-17,https://data.eastmoney.com/notices/detail/002861/AN202412161641318254.html
002640,跨境通,跨境通:公司章程(2024年12月),公司章程,2024-12-17,https://data.eastmoney.com/notices/detail/002640/AN202412161641318255.html
002640,跨境通,跨境通:山西晋商律师事务所关于跨境通宝电子商务股份有限公司2024年第二次临时股东会之法律意见书,法律意见书,2024-12-17,https://data.eastmoney.com/notices/detail/002640/AN202412161641318361.html
002640,跨境通,跨境通:2024年第二次临时股东会决议公告,股东大会决议公告,2024-12-17,https://data.eastmoney.com/notices/detail/002640/AN202412161641318253.html
000858,五粮液,五粮液:《ESG专业委员会实施细则》,议事规则/实施细则,2024-12-17,https://data.eastmoney.com/notices/detail/000858/AN202412161641318256.html
000401,金隅冀东,冀东水泥:北京市海问律师事务所关于唐山冀东水泥股份有限公司可转换公司债券回售的法律意见书,其他,2024-12-17,https://data.eastmoney.com/notices/detail/000401/AN202412161641318357.html
000401,金隅冀东,冀东水泥:中信证券股份有限公司关于唐山冀东水泥股份有限公司可转换公司债券回售有关事项的核查意见,保荐/核查意见,2024-12-17,https://data.eastmoney.com/notices/detail/000401/AN202412161641318359.html
000401,金隅冀东,冀东水泥:关于“冀东转债”回售期间暂停转股的公告,其他,2024-12-17,https://data.eastmoney.com/notices/detail/000401/AN202412161641318358.html
000401,金隅冀东,冀东水泥:关于“冀东转债”回售的公告,其他,2024-12-17,https://data.eastmoney.com/notices/detail/000401/AN202412161641318360.html
601598,中国外运,中国外运:H股公告-翌日披露报表,其他,2024-12-17,https://data.eastmoney.com/notices/detail/601598/AN202412161641318233.html
002838,道恩股份,道恩股份:董事会关于奋斗者1号员工持股计划(草案)合规性说明,员工持股计划,2024-12-17,https://data.eastmoney.com/notices/detail/002838/AN202412161641318192.html
002838,道恩股份,道恩股份:第五届董事会第十八次会议决议公告,董事会决议公告,2024-12-17,https://data.eastmoney.com/notices/detail/002838/AN202412161641318201.html
002810,山东赫达,山东赫达:关于公司对外投资的公告,对外项目投资,2024-12-17,https://data.eastmoney.com/notices/detail/002810/AN202412161641318212.html
002840,华统股份,华统股份:关于召开公司2025年第一次临时股东大会的通知,召开股东大会通知,2024-12-17,https://data.eastmoney.com/notices/detail/002840/AN202412161641318191.html
002838,道恩股份,道恩股份:申港证券股份有限公司关于山东道恩高分子材料股份有限公司非公开发行股票募集资金投资项目增加实施内容的核查意见,保荐/核查意见,2024-12-17,https://data.eastmoney.com/notices/detail/002838/AN202412161641318211.html
002838,道恩股份,道恩股份:第五届监事会第十一次会议决议公告,监事会决议公告,2024-12-17,https://data.eastmoney.com/notices/detail/002838/AN202412161641318186.html
002840,华统股份,华统股份:关于公司2022年限制性股票激励计划预留授予部分第一个解除限售期解除限售条件成就相关事宜的法律意见书,法律意见书,2024-12-17,https://data.eastmoney.com/notices/detail/002840/AN202412161641318210.html
002838,道恩股份,道恩股份:关于召开2025年第一次临时股东大会的通知,召开股东大会通知,2024-12-17,https://data.eastmoney.com/notices/detail/002838/AN202412161641318189.html
002840,华统股份,华统股份:关于回购注销激励对象部分已获授但尚未解除限售的限制性股票的公告,回购进展情况,2024-12-17,https://data.eastmoney.com/notices/detail/002840/AN202412161641318214.html
002838,道恩股份,道恩股份:关于增加2024年度日常关联交易预计额度的公告,关联交易,2024-12-17,https://data.eastmoney.com/notices/detail/002838/AN202412161641318187.html
002840,华统股份,华统股份:关于公司2025年度日常关联交易预计的公告,关联交易,2024-12-17,https://data.eastmoney.com/notices/detail/002840/AN202412161641318202.html
002840,华统股份,华统股份:第五届监事会第十一次会议决议公告,监事会决议公告,2024-12-17,https://data.eastmoney.com/notices/detail/002840/AN202412161641318188.html
002840,华统股份,华统股份:第五届董事会第十四次会议决议公告,董事会决议公告,2024-12-17,https://data.eastmoney.com/notices/detail/002840/AN202412161641318213.html
002840,华统股份,华统股份:上海荣正企业咨询服务(集团)股份有限公司关于公司2022年限制性股票激励计划预留授予部分第一个解除限售期解除限售条件成就之独立财务顾问报告,保荐/核查意见,2024-12-17,https://data.eastmoney.com/notices/detail/002840/AN202412161641318190.html
002838,道恩股份,道恩股份:上海泽昌律师事务所关于山东道恩高分子材料股份有限公司奋斗者1号员工持股计划之法律意见书,法律意见书,2024-12-17,https://data.eastmoney.com/notices/detail/002838/AN202412161641318219.html
002840,华统股份,华统股份:关于公司开展融资租赁业务的公告,其他,2024-12-17,https://data.eastmoney.com/notices/detail/002840/AN202412161641318209.html
002840,华统股份,华统股份:关于修订《公司章程》及办理相关工商变更登记的公告,公司章程修订,2024-12-17,https://data.eastmoney.com/notices/detail/002840/AN202412161641318203.html
002608,江苏国信,江苏国信:2024年第一次临时股东大会决议公告,股东大会决议公告,2024-12-17,https://data.eastmoney.com/notices/detail/002608/AN202412161641318217.html
002840,华统股份,华统股份:关于公司向银行等金融机构申请综合授信额度的公告,借贷,2024-12-17,https://data.eastmoney.com/notices/detail/002840/AN202412161641318222.html
002810,山东赫达,山东赫达:关于公司第九届董事会第十八次会议决议的公告,董事会决议公告,2024-12-17,https://data.eastmoney.com/notices/detail/002810/AN202412161641318197.html
002838,道恩股份,道恩股份:监事会关于奋斗者1号员工持股计划相关事项的审核意见,专项说明/独立意见,2024-12-17,https://data.eastmoney.com/notices/detail/002838/AN202412161641318195.html
002840,华统股份,华统股份:关于续聘2024年度审计机构的公告,审计机构变更,2024-12-17,https://data.eastmoney.com/notices/detail/002840/AN202412161641318194.html
002840,华统股份,华统股份:关于预计2025年度为子公司饲料及饲料原料采购提供担保的公告,担保年度额度预计,2024-12-17,https://data.eastmoney.com/notices/detail/002840/AN202412161641318218.html
688281,华秦科技,华秦科技:关于召开2025年第一次临时股东大会的通知,召开股东大会通知,2024-12-17,https://data.eastmoney.com/notices/detail/688281/AN202412161641318225.html
300520,科大国创,科大国创:关于为下属公司提供担保的进展公告,提供/对外担保公告,2024-12-17,https://data.eastmoney.com/notices/detail/300520/AN202412161641318200.html
688281,华秦科技,华秦科技:第二届独立董事专门会议第四次会议决议,其他,2024-12-17,https://data.eastmoney.com/notices/detail/688281/AN202412161641318228.html
002840,华统股份,华统股份:关于公司回购注销部分限制性股票的法律意见书,法律意见书,2024-12-17,https://data.eastmoney.com/notices/detail/002840/AN202412161641318216.html
002838,道恩股份,道恩股份:第五届董事会独立董事2024年第六次专门会议审查意见,专项说明/独立意见,2024-12-17,https://data.eastmoney.com/notices/detail/002838/AN202412161641318196.html
002838,道恩股份,道恩股份:山东道恩高分子材料股份有限公司奋斗者1号员工持股计划(草案)摘要,员工持股计划,2024-12-17,https://data.eastmoney.com/notices/detail/002838/AN202412161641318204.html
002838,道恩股份,道恩股份:山东道恩高分子材料股份有限公司奋斗者1号员工持股计划管理办法,员工持股计划,2024-12-17,https://data.eastmoney.com/notices/detail/002838/AN202412161641318206.html
688281,华秦科技,华秦科技:中信建投证券股份有限公司关于陕西华秦科技实业股份有限公司增资暨关联交易的核查意见,保荐/核查意见,2024-12-17,https://data.eastmoney.com/notices/detail/688281/AN202412161641318227.html
688281,华秦科技,华秦科技:关于向安徽汉正轴承科技有限公司增资暨关联交易的进展公告,关联交易,2024-12-17,https://data.eastmoney.com/notices/detail/688281/AN202412161641318226.html
002840,华统股份,华统股份:公司章程(2024年12月),公司章程,2024-12-17,https://data.eastmoney.com/notices/detail/002840/AN202412161641318208.html
002838,道恩股份,道恩股份:山东道恩高分子材料股份有限公司奋斗者1号员工持股计划(草案),员工持股计划,2024-12-17,https://data.eastmoney.com/notices/detail/002838/AN202412161641318205.html
688281,华秦科技,华秦科技:第二届监事会第七次会议决议公告,监事会决议公告,2024-12-17,https://data.eastmoney.com/notices/detail/688281/AN202412161641318223.html
002840,华统股份,华统股份:关于2022年限制性股票激励计划预留授予部分第一个解除限售期解除限售条件成就的公告,限售股份上市流通,2024-12-17,https://data.eastmoney.com/notices/detail/002840/AN202412161641318193.html
002840,华统股份,华统股份:关于预计2025年度为子公司融资提供担保额度的公告,担保年度额度预计,2024-12-17,https://data.eastmoney.com/notices/detail/002840/AN202412161641318198.html
688281,华秦科技,华秦科技:关于取消2024年第一次临时股东大会并重新召开股东大会的公告,取消股东大会公告,2024-12-17,https://data.eastmoney.com/notices/detail/688281/AN202412161641318224.html
002838,道恩股份,道恩股份:关于非公开发行股票募集资金投资项目增加实施内容的公告,变更募集资金投资项目,2024-12-17,https://data.eastmoney.com/notices/detail/002838/AN202412161641318221.html
603194,中力股份,中力股份:中力股份首次公开发行股票并在主板上市网下初步配售结果及网上中签结果公告,网下中签及配售结果公告,2024-12-17,https://data.eastmoney.com/notices/detail/603194/AN202412161641318185.html
603682,锦和商管,锦和商管:上海锦和商业经营管理股份有限公司股票交易异常波动公告,股票交易异常波动,2024-12-17,https://data.eastmoney.com/notices/detail/603682/AN202412161641318178.html
603682,锦和商管,锦和商管:上海锦和商业经营管理股份有限公司关于召开2025年第一次临时股东大会的通知,召开股东大会通知,2024-12-17,https://data.eastmoney.com/notices/detail/603682/AN202412161641318173.html
603682,锦和商管,锦和商管:上海锦和商业经营管理股份有限公司第五届董事会第七次会议决议公告,高管人员任职变动,2024-12-17,https://data.eastmoney.com/notices/detail/603682/AN202412161641318177.html
603682,锦和商管,锦和商管:上海锦和商业经营管理股份有限公司2024年度“提质增效重回报”行动方案,其他,2024-12-17,https://data.eastmoney.com/notices/detail/603682/AN202412161641318176.html
603682,锦和商管,锦和商管:上海锦和商业经营管理股份有限公司关于聘任财务总监的公告,高管人员任职变动,2024-12-17,https://data.eastmoney.com/notices/detail/603682/AN202412161641318175.html
603682,锦和商管,锦和商管:上海锦和商业经营管理股份有限公司关于拟与同昌盛业及相关方签署变更业绩补偿承诺相关文件的公告,签订协议,2024-12-17,https://data.eastmoney.com/notices/detail/603682/AN202412161641318174.html
603682,锦和商管,锦和商管:股票交易异常波动问询函的复函,回复问询函公告,2024-12-17,https://data.eastmoney.com/notices/detail/603682/AN202412161641318172.html
002608,江苏国信,江苏国信:法律意见书,法律意见书,2024-12-17,https://data.eastmoney.com/notices/detail/002608/AN202412161641318168.html
601880,辽港股份,辽港股份:辽宁港口股份有限公司关于股份回购进展公告,回购进展情况,2024-12-17,https://data.eastmoney.com/notices/detail/601880/AN202412161641318140.html
601162,天风证券,天风证券:天风证券股份有限公司第四届董事会第四十五次会议决议公告,董事会决议公告,2024-12-17,https://data.eastmoney.com/notices/detail/601162/AN202412161641318147.html
605222,起帆电缆,起帆电缆:起帆电缆2024年第二次临时股东大会决议公告,股东大会决议公告,2024-12-17,https://data.eastmoney.com/notices/detail/605222/AN202412161641318124.html
605222,起帆电缆,起帆电缆:起帆电缆2024年第二次临时股东大会法律意见书,法律意见书,2024-12-17,https://data.eastmoney.com/notices/detail/605222/AN202412161641318125.html
688328,深科达,深科达:关于收购控股子公司少数股东股权暨关联交易的进展公告,收购出售资产/股权,2024-12-17,https://data.eastmoney.com/notices/detail/688328/AN202412161641318121.html
688328,深科达,深科达:广东华商律师事务所关于深圳市深科达智能装备股份有限公司2024年第三次临时股东大会的法律意见书,法律意见书,2024-12-17,https://data.eastmoney.com/notices/detail/688328/AN202412161641318123.html
688328,深科达,深科达:2024年第三次临时股东大会决议公告,股东大会决议公告,2024-12-17,https://data.eastmoney.com/notices/detail/688328/AN202412161641318122.html
688306,均普智能,均普智能:宁波均普智能制造股份有限公司2024年第四次临时股东大会决议公告,股东大会决议公告,2024-12-17,https://data.eastmoney.com/notices/detail/688306/AN202412161641318116.html
688306,均普智能,均普智能:国浩律师(上海)事务所关于宁波均普智能制造股份有限公司2024年第四次临时股东大会的法律意见书,法律意见书,2024-12-17,https://data.eastmoney.com/notices/detail/688306/AN202412161641318115.html
600979,广安爱众,广安爱众:四川广安爱众股份有限公司关于全资子公司与专业投资机构共同设立基金的进展公告,投资设立公司,2024-12-17,https://data.eastmoney.com/notices/detail/600979/AN202412161641318113.html
000078,ST海王,海王生物:第九届董事局第二十一次会议决议公告,董事会决议公告,2024-12-17,https://data.eastmoney.com/notices/detail/000078/AN202412161641318108.html
000078,ST海王,海王生物:监事会关于第九届监事会第十七次会议相关事项的审核意见,专项说明/独立意见,2024-12-17,https://data.eastmoney.com/notices/detail/000078/AN202412161641318109.html
000078,ST海王,海王生物:关于公司控股股东避免同业竞争承诺延期的公告,其他,2024-12-17,https://data.eastmoney.com/notices/detail/000078/AN202412161641318111.html
000078,ST海王,海王生物:独立董事关于公开征集表决权的公告,其他,2024-12-17,https://data.eastmoney.com/notices/detail/000078/AN202412161641318107.html
000078,ST海王,海王生物:关于2024年第四次临时股东大会增加临时提案暨股东大会补充通知的公告,增加股东大会议案,2024-12-17,https://data.eastmoney.com/notices/detail/000078/AN202412161641318110.html
601800,中国交建,中国交建:中国交建第五届董事会第四十一次会议决议公告,董事会决议公告,2024-12-17,https://data.eastmoney.com/notices/detail/601800/AN202412161641318100.html
600679,上海凤凰,上海凤凰:上海凤凰关于股票交易风险的提示公告,风险提示性公告,2024-12-17,https://data.eastmoney.com/notices/detail/600679/AN202412161641318102.html
603662,柯力传感,柯力传感:柯力传感关于与专业投资机构共同投资的进展公告,对外项目投资,2024-12-17,https://data.eastmoney.com/notices/detail/603662/AN202412161641318103.html
300272,开能健康,开能健康:2024年第二次中期权益分派实施公告,分配方案实施,2024-12-17,https://data.eastmoney.com/notices/detail/300272/AN202412161641318091.html
000078,ST海王,海王生物:第九届监事会第十七次会议决议公告,监事会决议公告,2024-12-17,https://data.eastmoney.com/notices/detail/000078/AN202412161641318090.html
603690,至纯科技,至纯科技:为子公司提供担保的进展公告,提供/对外担保公告,2024-12-17,https://data.eastmoney.com/notices/detail/603690/AN202412161641318086.html
600196,复星医药,复星医药:复星医药关于对控股子公司上海复宏汉霖生物技术股份有限公司实施吸收合并及私有化的进展公告,吸收合并进展公告,2024-12-17,https://data.eastmoney.com/notices/detail/600196/AN202412161641317944.html
000610,*ST西旅,西安旅游:关于召开2025年第一次临时股东大会的通知,召开股东大会通知,2024-12-17,https://data.eastmoney.com/notices/detail/000610/AN202412161641318067.html
300381,溢多利,溢多利:关于溢利转债到期兑付及摘牌的公告,其他,2024-12-17,https://data.eastmoney.com/notices/detail/300381/AN202412161641318068.html
000801,四川九洲,四川九洲:四川九洲电器股份有限公司关于控股股东股权结构拟发生变更的提示性公告,其他,2024-12-17,https://data.eastmoney.com/notices/detail/000801/AN202412161641318073.html
000610,*ST西旅,西安旅游:关于公司董事长辞职的公告,高管人员任职变动,2024-12-17,https://data.eastmoney.com/notices/detail/000610/AN202412161641318069.html
300272,开能健康,开能健康:关于可转换公司债券转股价格调整的公告,其他,2024-12-17,https://data.eastmoney.com/notices/detail/300272/AN202412161641318070.html
000610,*ST西旅,西安旅游:关于为下属公司提供担保额度的公告,提供/对外担保公告,2024-12-17,https://data.eastmoney.com/notices/detail/000610/AN202412161641318066.html
000610,*ST西旅,西安旅游:关于推举董事代行董事长职责及补选董事的公告,高管人员任职变动,2024-12-17,https://data.eastmoney.com/notices/detail/000610/AN202412161641318074.html
000610,*ST西旅,西安旅游:第十届董事会2024年第三次临时会议决议公告,高管人员任职变动,2024-12-17,https://data.eastmoney.com/notices/detail/000610/AN202412161641318071.html
000610,*ST西旅,西安旅游:关于变更为迭部县扎尕那生态旅游文化发展有限公司项目贷款提供保证担保的公告,提供/对外担保公告,2024-12-17,https://data.eastmoney.com/notices/detail/000610/AN202412161641318072.html
688030,山石网科,山石网科:简式权益变动报告书(元禾重元),权益变动报告书,2024-12-17,https://data.eastmoney.com/notices/detail/688030/AN202412161641317937.html
688030,山石网科,山石网科:关于持股5%以上股东权益变动至5%的提示性公告,权益变动报告书,2024-12-17,https://data.eastmoney.com/notices/detail/688030/AN202412161641317938.html
688138,清溢光电,清溢光电:关于对全资子公司增资的公告,增资扩股,2024-12-17,https://data.eastmoney.com/notices/detail/688138/AN202412161641317935.html
688138,清溢光电,清溢光电:关于对控股子公司增资暨关联交易的公告,关联交易,2024-12-17,https://data.eastmoney.com/notices/detail/688138/AN202412161641317936.html
688138,清溢光电,清溢光电:信息披露暂缓及豁免管理制度,管理办法/制度,2024-12-17,https://data.eastmoney.com/notices/detail/688138/AN202412161641317934.html
600728,佳都科技,佳都科技:佳都科技2024年员工持股计划(草案)摘要,员工持股计划,2024-12-17,https://data.eastmoney.com/notices/detail/600728/AN202412161641317875.html
600728,佳都科技,佳都科技:佳都科技关于执行总裁辞任暨聘任执行总裁的公告,高管人员任职变动,2024-12-17,https://data.eastmoney.com/notices/detail/600728/AN202412161641317876.html
600728,佳都科技,佳都科技:佳都科技内部控制制度,内部控制报告,2024-12-17,https://data.eastmoney.com/notices/detail/600728/AN202412161641317883.html
600728,佳都科技,佳都科技:佳都科技第十届董事会2024年第九次临时会议决议公告,高管人员任职变动,2024-12-17,https://data.eastmoney.com/notices/detail/600728/AN202412161641317889.html
600728,佳都科技,佳都科技:北京国枫律师事务所关于佳都科技集团股份有限公司实施2024年员工持股计划的法律意见书,法律意见书,2024-12-17,https://data.eastmoney.com/notices/detail/600728/AN202412161641317891.html
600728,佳都科技,佳都科技:佳都科技信息披露事务管理制度,管理办法/制度,2024-12-17,https://data.eastmoney.com/notices/detail/600728/AN202412161641317878.html
600728,佳都科技,佳都科技:佳都科技关于召开2025年第一次临时股东大会的通知,召开股东大会通知,2024-12-17,https://data.eastmoney.com/notices/detail/600728/AN202412161641317880.html
600728,佳都科技,佳都科技:佳都科技工会委员会决议公告,其他,2024-12-17,https://data.eastmoney.com/notices/detail/600728/AN202412161641317886.html
600728,佳都科技,佳都科技:佳都科技2024年员工持股计划管理办法,员工持股计划,2024-12-17,https://data.eastmoney.com/notices/detail/600728/AN202412161641317890.html
600728,佳都科技,佳都科技:佳都科技独立董事年报工作制度,管理办法/制度,2024-12-17,https://data.eastmoney.com/notices/detail/600728/AN202412161641317888.html
600728,佳都科技,佳都科技:佳都科技投资者投诉处理工作制度,管理办法/制度,2024-12-17,https://data.eastmoney.com/notices/detail/600728/AN202412161641317887.html
600728,佳都科技,佳都科技:佳都科技外部信息报送和使用管理制度,管理办法/制度,2024-12-17,https://data.eastmoney.com/notices/detail/600728/AN202412161641317882.html
600728,佳都科技,佳都科技:佳都科技第十届监事会2024年第六次临时会议决议公告,监事会决议公告,2024-12-17,https://data.eastmoney.com/notices/detail/600728/AN202412161641317881.html
600728,佳都科技,佳都科技:佳都科技2024年员工持股计划(草案),员工持股计划,2024-12-17,https://data.eastmoney.com/notices/detail/600728/AN202412161641317884.html
600728,佳都科技,佳都科技:佳都科技关于聘任高级副总裁的公告,高管人员任职变动,2024-12-17,https://data.eastmoney.com/notices/detail/600728/AN202412161641317879.html
600728,佳都科技,佳都科技:佳都科技监事会关于公司2024年员工持股计划相关事项的核查意见,专项说明/独立意见,2024-12-17,https://data.eastmoney.com/notices/detail/600728/AN202412161641317885.html
600728,佳都科技,佳都科技:佳都科技关于对全资子公司及孙公司增资的公告,增资扩股,2024-12-17,https://data.eastmoney.com/notices/detail/600728/AN202412161641317877.html
603992,松霖科技,松霖科技:厦门松霖科技股份有限公司章程(2024年12月修订),公司章程修订,2024-12-17,https://data.eastmoney.com/notices/detail/603992/AN202412161641317843.html
603992,松霖科技,松霖科技:环境、社会和治理(ESG)管理制度,管理办法/制度,2024-12-17,https://data.eastmoney.com/notices/detail/603992/AN202412161641317859.html
600391,航发科技,航发科技:中国航发航空科技股份有限公司关于放弃全资子公司四川法斯特机械制造有限责任公司同比例增资权暨关联交易公告,关联交易,2024-12-17,https://data.eastmoney.com/notices/detail/600391/AN202412161641317848.html
603992,松霖科技,松霖科技:关于企业类型、注册资本变更并修订《公司章程》部分条款的公告,公司注册资本变更,2024-12-17,https://data.eastmoney.com/notices/detail/603992/AN202412161641317858.html
603992,松霖科技,松霖科技:上海荣正企业咨询服务(集团)股份有限公司关于厦门松霖科技股份有限公司2023年限制性股票激励计划预留授予相关事项之独立财务顾问报告,保荐/核查意见,2024-12-17,https://data.eastmoney.com/notices/detail/603992/AN202412161641317839.html
600391,航发科技,航发科技:中国航发航空科技股份有限公司第八届董事会第七次会议决议公告,董事会决议公告,2024-12-17,https://data.eastmoney.com/notices/detail/600391/AN202412161641317856.html
603992,松霖科技,松霖科技:关于预计2025年度日常性关联交易的公告,关联交易,2024-12-17,https://data.eastmoney.com/notices/detail/603992/AN202412161641317853.html
603992,松霖科技,松霖科技:第三届独立董事专门会议第二次会议决议,其他,2024-12-17,https://data.eastmoney.com/notices/detail/603992/AN202412161641317855.html
603992,松霖科技,松霖科技:关于回购注销部分限制性股票的公告,回购进展情况,2024-12-17,https://data.eastmoney.com/notices/detail/603992/AN202412161641317857.html
603992,松霖科技,松霖科技:关于开展外汇远期结售汇套期保值业务、人民币外汇掉期业务、人民币对外汇期权组合业务的公告,其他,2024-12-17,https://data.eastmoney.com/notices/detail/603992/AN202412161641317847.html
603992,松霖科技,松霖科技:监事会关于公司2023年限制性股票激励计划预留授予部分激励对象名单(授予日)的核查意见,专项说明/独立意见,2024-12-17,https://data.eastmoney.com/notices/detail/603992/AN202412161641317845.html
603992,松霖科技,松霖科技:公司内部审计制度(2024年12月修订),管理办法/制度,2024-12-17,https://data.eastmoney.com/notices/detail/603992/AN202412161641317844.html
603992,松霖科技,松霖科技:关于向2023年限制性股票激励计划激励对象授予预留部分限制性股票的公告,股权激励进展公告,2024-12-17,https://data.eastmoney.com/notices/detail/603992/AN202412161641317850.html
603992,松霖科技,松霖科技:北京植德关于松霖科技2023年限制性股票预留授予及回购注销的法律意见书,法律意见书,2024-12-17,https://data.eastmoney.com/notices/detail/603992/AN202412161641317840.html
603992,松霖科技,松霖科技:关于公司使用闲置自有资金进行现金管理的公告,投资理财,2024-12-17,https://data.eastmoney.com/notices/detail/603992/AN202412161641317838.html
603992,松霖科技,松霖科技:董事会战略与ESG委员会议事规则(2024年12月修订),议事规则/实施细则,2024-12-17,https://data.eastmoney.com/notices/detail/603992/AN202412161641317852.html
603992,松霖科技,松霖科技:国泰君安证券股份有限公司关于厦门松霖科技股份有限公司使用闲置募集资金进行现金管理的核查意见,保荐/核查意见,2024-12-17,https://data.eastmoney.com/notices/detail/603992/AN202412161641317849.html
603992,松霖科技,松霖科技:关于第三届董事会第十六次会议决议的公告,董事会决议公告,2024-12-17,https://data.eastmoney.com/notices/detail/603992/AN202412161641317851.html
603992,松霖科技,松霖科技:关于公司使用闲置募集资金进行现金管理的公告,投资理财,2024-12-17,https://data.eastmoney.com/notices/detail/603992/AN202412161641317854.html
603992,松霖科技,松霖科技:关于召开2025年第一次临时股东大会的通知,召开股东大会通知,2024-12-17,https://data.eastmoney.com/notices/detail/603992/AN202412161641317841.html
603992,松霖科技,松霖科技:2023年限制性股票激励计划预留授予部分激励对象名单(授予日),股权激励对象名单,2024-12-17,https://data.eastmoney.com/notices/detail/603992/AN202412161641317842.html
603587,地素时尚,地素时尚:地素时尚股票交易异常波动公告,股票交易异常波动,2024-12-17,https://data.eastmoney.com/notices/detail/603587/AN202412161641317809.html
603587,地素时尚,地素时尚:《关于地素时尚股票交易异常波动的询证函》的回函,股票交易异常波动,2024-12-17,https://data.eastmoney.com/notices/detail/603587/AN202412161641317810.html
000792,盐湖股份,盐湖股份:关于持股5%以上股东股份变动比例超过1%的公告,股东/实际控制人股份减持,2024-12-17,https://data.eastmoney.com/notices/detail/000792/AN202412161641317791.html
000603,盛达资源,盛达资源:2024年第五次临时股东大会的法律意见书,法律意见书,2024-12-17,https://data.eastmoney.com/notices/detail/000603/AN202412161641317784.html
000603,盛达资源,盛达资源:关于《民事调解书》履行进展的公告,诉讼仲裁,2024-12-17,https://data.eastmoney.com/notices/detail/000603/AN202412161641317785.html
000603,盛达资源,盛达资源:2024年第五次临时股东大会决议公告,股东大会决议公告,2024-12-17,https://data.eastmoney.com/notices/detail/000603/AN202412161641317778.html
603328,依顿电子,依顿电子:关于控股股东股权结构拟发生变更的提示性公告,其他,2024-12-17,https://data.eastmoney.com/notices/detail/603328/AN202412161641317773.html
600575,淮河能源,淮河能源:淮河能源(集团)股份有限公司关于筹划重大资产重组事项的停牌公告,停牌公告,2024-12-17,https://data.eastmoney.com/notices/detail/600575/AN202412161641317774.html
688187,时代电气,时代电气:H股公告(翌日披露报表),其他,2024-12-17,https://data.eastmoney.com/notices/detail/688187/AN202412161641317766.html
603388,*ST元成,ST元成:元成环境股份有限公司关于累计诉讼、仲裁事项的公告,诉讼仲裁,2024-12-17,https://data.eastmoney.com/notices/detail/603388/AN202412161641317751.html
002897,意华股份,意华股份:锦天城律师事务所关于意华股份2024年第一次临时股东大会的法律意见书,法律意见书,2024-12-17,https://data.eastmoney.com/notices/detail/002897/AN202412161641317749.html
002897,意华股份,意华股份:2024年第一次临时股东大会决议公告,股东大会决议公告,2024-12-17,https://data.eastmoney.com/notices/detail/002897/AN202412161641317735.html
002210,飞马国际,飞马国际:关于公司及子公司前期重整涉及的相关事项的进展公告,重组进展公告,2024-12-17,https://data.eastmoney.com/notices/detail/002210/AN202412161641317750.html
002185,华天科技,华天科技:监事会关于2023年股票期权激励计划预留授予的激励对象名单的核查意见,专项说明/独立意见,2024-12-17,https://data.eastmoney.com/notices/detail/002185/AN202412161641317743.html
002185,华天科技,华天科技:2023年股票期权激励计划预留授予的激励对象名单(授予日),股权激励对象名单,2024-12-17,https://data.eastmoney.com/notices/detail/002185/AN202412161641317746.html
002185,华天科技,华天科技:平安证券股份有限公司关于天水华天科技股份有限公司2023年股票期权激励计划预留授予相关事项之独立财务顾问报告,保荐/核查意见,2024-12-17,https://data.eastmoney.com/notices/detail/002185/AN202412161641317742.html
002185,华天科技,华天科技:第七届监事会第十六次会议决议公告,监事会决议公告,2024-12-17,https://data.eastmoney.com/notices/detail/002185/AN202412161641317740.html
002185,华天科技,华天科技:北京市竞天公诚律师事务所上海分所关于天水华天科技股份有限公司2023年股票期权激励计划调整及预留授予相关事项之法律意见书,法律意见书,2024-12-17,https://data.eastmoney.com/notices/detail/002185/AN202412161641317734.html
002185,华天科技,华天科技:监事会关于相关事项发表的意见,专项说明/独立意见,2024-12-17,https://data.eastmoney.com/notices/detail/002185/AN202412161641317747.html
002185,华天科技,华天科技:关于调整2023年股票期权激励计划行权价格的公告,股权激励行权价（数量）调整,2024-12-17,https://data.eastmoney.com/notices/detail/002185/AN202412161641317745.html
002185,华天科技,华天科技:关于向2023年股票期权激励计划激励对象授予预留股票期权的公告,股权激励进展公告,2024-12-17,https://data.eastmoney.com/notices/detail/002185/AN202412161641317748.html
002185,华天科技,华天科技:第七届董事会第十九次会议决议公告,董事会决议公告,2024-12-17,https://data.eastmoney.com/notices/detail/002185/AN202412161641317738.html
002053,云南能投,云南能投:云南能源投资股份有限公司关于使用闲置募集资金进行现金管理的进展公告,募集资金使用进展情况,2024-12-17,https://data.eastmoney.com/notices/detail/002053/AN202412161641317730.html
000410,沈阳机床,沈阳机床:独立董事专门会议决议,其他,2024-12-17,https://data.eastmoney.com/notices/detail/000410/AN202412161641317744.html
000410,沈阳机床,沈阳机床:关于接受控股股东以委托贷款方式拨付国有资本经营预算资金暨关联交易的公告,委托（受托）事项,2024-12-17,https://data.eastmoney.com/notices/detail/000410/AN202412161641317739.html
000410,沈阳机床,沈阳机床:沈阳机床股份有限公司第十届监事会第十五次会议决议公告,监事会决议公告,2024-12-17,https://data.eastmoney.com/notices/detail/000410/AN202412161641317741.html
000410,沈阳机床,沈阳机床:沈阳机床股份有限公司第十届董事会第十六次会议决议公告,董事会决议公告,2024-12-17,https://data.eastmoney.com/notices/detail/000410/AN202412161641317732.html
603636,南威软件,南威软件:关于为控股子公司银行授信提供担保的进展公告,提供/对外担保公告,2024-12-17,https://data.eastmoney.com/notices/detail/603636/AN202412161641317727.html
601866,中远海发,中远海发:H股公告:翌日披露报表,其他,2024-12-17,https://data.eastmoney.com/notices/detail/601866/AN202412161641317726.html
000711,ST京蓝,*ST京蓝:第十一届董事会第九次临时会议决议公告,董事会决议公告,2024-12-17,https://data.eastmoney.com/notices/detail/000711/AN202412161641317710.html
000685,中山公用,中山公用:关于召开2025年第1次临时股东大会的通知,召开股东大会通知,2024-12-17,https://data.eastmoney.com/notices/detail/000685/AN202412161641317714.html
000711,ST京蓝,*ST京蓝:关于变更经营范围及修订《公司章程》部分条款的公告,公司经营范围变更,2024-12-17,https://data.eastmoney.com/notices/detail/000711/AN202412161641317708.html
300990,同飞股份,同飞股份:舆情管理制度,管理办法/制度,2024-12-17,https://data.eastmoney.com/notices/detail/300990/AN202412161641317716.html
000711,ST京蓝,*ST京蓝:关于续聘公司2024年度审计机构的公告,审计机构变更,2024-12-17,https://data.eastmoney.com/notices/detail/000711/AN202412161641317695.html
000711,ST京蓝,*ST京蓝:关于在哈尔滨市投资设立全资子公司的公告,投资设立公司,2024-12-17,https://data.eastmoney.com/notices/detail/000711/AN202412161641317696.html
300990,同飞股份,同飞股份:关于召开2025年第一次临时股东大会的通知,召开股东大会通知,2024-12-17,https://data.eastmoney.com/notices/detail/300990/AN202412161641317707.html
000685,中山公用,中山公用:第十届监事会2024年第1次临时会议决议公告,监事会决议公告,2024-12-17,https://data.eastmoney.com/notices/detail/000685/AN202412161641317717.html
002189,中光学,中光学:关于控股子公司经营期限将到期并拟申请破产清算的提示性公告,其他,2024-12-17,https://data.eastmoney.com/notices/detail/002189/AN202412161641317718.html
000685,中山公用,中山公用:第十届董事会2024年第5次临时会议决议公告,分配预案,2024-12-17,https://data.eastmoney.com/notices/detail/000685/AN202412161641317700.html
000711,ST京蓝,*ST京蓝:关于为控股子公司贷款提供担保的公告,提供/对外担保公告,2024-12-17,https://data.eastmoney.com/notices/detail/000711/AN202412161641317693.html
000711,ST京蓝,*ST京蓝:关于召开2025年第一次临时股东大会的通知,召开股东大会通知,2024-12-17,https://data.eastmoney.com/notices/detail/000711/AN202412161641317705.html
300990,同飞股份,同飞股份:第三届监事会第十一次会议决议公告,监事会决议公告,2024-12-17,https://data.eastmoney.com/notices/detail/300990/AN202412161641317706.html
000685,中山公用,中山公用:关于回报股东特别分红预案的公告,分配预案,2024-12-17,https://data.eastmoney.com/notices/detail/000685/AN202412161641317697.html
300990,同飞股份,同飞股份:《公司章程》(2024年修订),公司章程修订,2024-12-17,https://data.eastmoney.com/notices/detail/300990/AN202412161641317694.html
300990,同飞股份,同飞股份:关于公司2024年前三季度利润分配预案的公告,分配预案,2024-12-17,https://data.eastmoney.com/notices/detail/300990/AN202412161641317702.html
000711,ST京蓝,*ST京蓝:关于公司及公司全资子公司、控股子公司向银行申请授信额度的公告,借贷,2024-12-17,https://data.eastmoney.com/notices/detail/000711/AN202412161641317698.html
002189,中光学,中光学:第六届董事会第二十四次(临时)会议决议公告,董事会决议公告,2024-12-17,https://data.eastmoney.com/notices/detail/002189/AN202412161641317701.html
300990,同飞股份,同飞股份:第三届董事会第十一次会议决议公告,董事会决议公告,2024-12-17,https://data.eastmoney.com/notices/detail/300990/AN202412161641317703.html
300990,同飞股份,同飞股份:关于修订《公司章程》并办理工商变更登记的公告,公司章程修订,2024-12-17,https://data.eastmoney.com/notices/detail/300990/AN202412161641317712.html
600824,益民集团,益民集团:关于益民集团股票交易异常波动征询函的回复函,股票交易异常波动,2024-12-17,https://data.eastmoney.com/notices/detail/600824/AN202412161641317683.html
603161,科华控股,科华控股:科华控股股份有限公司关于持股5%以上股东所持部分股份被司法变卖暨权益变动超过5%的提示性公告,权益变动报告书,2024-12-17,https://data.eastmoney.com/notices/detail/603161/AN202412161641317684.html
603161,科华控股,科华控股:科华控股股份有限公司简式权益变动报告书(张宇),权益变动报告书,2024-12-17,https://data.eastmoney.com/notices/detail/603161/AN202412161641317681.html
600824,益民集团,益民集团:益民集团股票交易异常波动公告,股票交易异常波动,2024-12-17,https://data.eastmoney.com/notices/detail/600824/AN202412161641317682.html
603161,科华控股,科华控股:科华控股股份有限公司简式权益变动报告书(陈伟),权益变动报告书,2024-12-17,https://data.eastmoney.com/notices/detail/603161/AN202412161641317685.html
000513,丽珠集团,丽珠集团:H股公告:翌日披露报表-回购股份,其他,2024-12-17,https://data.eastmoney.com/notices/detail/000513/AN202412161641317669.html
000068,华控赛格,华控赛格:关于同方投资再次提起仲裁的进展暨收到《撤案决定》的公告,诉讼仲裁,2024-12-17,https://data.eastmoney.com/notices/detail/000068/AN202412161641317673.html
688259,创耀科技,创耀科技:第二届监事会第十次会议决议公告,监事会决议公告,2024-12-17,https://data.eastmoney.com/notices/detail/688259/AN202412161641317660.html
688259,创耀科技,创耀科技:关于公司2024年前三季度利润分配预案的公告,分配预案,2024-12-17,https://data.eastmoney.com/notices/detail/688259/AN202412161641317662.html
688259,创耀科技,创耀科技:关于召开2025年第一次临时股东大会的通知,召开股东大会通知,2024-12-17,https://data.eastmoney.com/notices/detail/688259/AN202412161641317658.html
688259,创耀科技,创耀科技:湖南启元律师事务所关于创耀(苏州)通信科技股份有限公司2024年第一次临时股东大会的法律意见书,法律意见书,2024-12-17,https://data.eastmoney.com/notices/detail/688259/AN202412161641317661.html
688259,创耀科技,创耀科技:2024年第一次临时股东大会决议公告,股东大会决议公告,2024-12-17,https://data.eastmoney.com/notices/detail/688259/AN202412161641317659.html
688693,锴威特,锴威特:苏州锴威特半导体股份有限公司关于召开2025年第一次临时股东大会的通知,召开股东大会通知,2024-12-17,https://data.eastmoney.com/notices/detail/688693/AN202412161641317649.html
688693,锴威特,锴威特:苏州锴威特半导体股份有限公司关于对外投资的公告,对外项目投资,2024-12-17,https://data.eastmoney.com/notices/detail/688693/AN202412161641317650.html
688693,锴威特,锴威特:苏州锴威特半导体股份有限公司第二届监事会第十二次会议决议公告,高管人员任职变动,2024-12-17,https://data.eastmoney.com/notices/detail/688693/AN202412161641317645.html
688693,锴威特,锴威特:苏州锴威特半导体股份有限公司关于监事辞职暨补选监事的公告,高管人员任职变动,2024-12-17,https://data.eastmoney.com/notices/detail/688693/AN202412161641317648.html
688693,锴威特,锴威特:华泰联合证券有限责任公司关于苏州锴威特半导体股份有限公司使用部分超募资金回购股份的核查意见,保荐/核查意见,2024-12-17,https://data.eastmoney.com/notices/detail/688693/AN202412161641317651.html
688693,锴威特,锴威特:苏州锴威特半导体股份有限公司第二届董事会第十七次会议决议公告,董事会决议公告,2024-12-17,https://data.eastmoney.com/notices/detail/688693/AN202412161641317652.html
688693,锴威特,锴威特:苏州锴威特半导体股份有限公司关于以集中竞价交易方式回购股份方案的公告,回购预案,2024-12-17,https://data.eastmoney.com/notices/detail/688693/AN202412161641317647.html
688575,亚辉龙,亚辉龙:第四届监事会第一次会议决议公告,高管人员任职变动,2024-12-17,https://data.eastmoney.com/notices/detail/688575/AN202412161641317637.html
688575,亚辉龙,亚辉龙:北京市君合(深圳)律师事务所关于深圳市亚辉龙生物科技股份有限公司2024年第一次临时股东大会的法律意见书,法律意见书,2024-12-17,https://data.eastmoney.com/notices/detail/688575/AN202412161641317635.html
688575,亚辉龙,亚辉龙:关于选举职工代表监事的公告,高管人员任职变动,2024-12-17,https://data.eastmoney.com/notices/detail/688575/AN202412161641317634.html
300172,中电环保,中电环保:关于承担的江苏省科技成果转化项目成功通过验收的公告,其他,2024-12-17,https://data.eastmoney.com/notices/detail/300172/AN202412161641317640.html
688575,亚辉龙,亚辉龙:关于选举董事长、副董事长、董事会各专门委员会委员、监事会主席及聘任高级管理人员、证券事务代表的公告,高管人员任职变动,2024-12-17,https://data.eastmoney.com/notices/detail/688575/AN202412161641317638.html
688575,亚辉龙,亚辉龙:2024年第一次临时股东大会决议公告,股东大会决议公告,2024-12-17,https://data.eastmoney.com/notices/detail/688575/AN202412161641317636.html
000762,西藏矿业,西藏矿业:第八届董事会第四次会议决议公告,董事会决议公告,2024-12-17,https://data.eastmoney.com/notices/detail/000762/AN202412161641317607.html
600345,长江通信,长江通信:北京德和衡(上海)律师事务所关于电信科学技术第一研究所有限公司免于发出要约事宜之法律意见书,法律意见书,2024-12-17,https://data.eastmoney.com/notices/detail/600345/AN202412161641317591.html
600345,长江通信,长江通信:北京德和衡(上海)律师事务所关于《武汉长江通信产业集团股份有限公司收购报告书》之法律意见书,保荐/核查意见,2024-12-17,https://data.eastmoney.com/notices/detail/600345/AN202412161641317592.html
600345,长江通信,长江通信:申港证券股份有限公司关于武汉长江通信产业集团股份有限公司收购报告书暨免于发出要约收购申请之财务顾问报告,保荐/核查意见,2024-12-17,https://data.eastmoney.com/notices/detail/600345/AN202412161641317589.html
600345,长江通信,长江通信:武汉长江通信产业集团股份有限公司收购报告书,要约收购报告书,2024-12-17,https://data.eastmoney.com/notices/detail/600345/AN202412161641317590.html
688339,亿华通,亿华通:亿华通第三届监事会第十六次会议决议公告,监事会决议公告,2024-12-17,https://data.eastmoney.com/notices/detail/688339/AN202412161641317585.html
688339,亿华通,亿华通:亿华通关于使用以简易程序向特定对象发行股票的部分闲置募集资金暂时补充流动资金的公告,募集资金补充流动资金,2024-12-17,https://data.eastmoney.com/notices/detail/688339/AN202412161641317582.html
688339,亿华通,亿华通:亿华通关于向合营公司增资暨关联交易的公告,关联交易,2024-12-17,https://data.eastmoney.com/notices/detail/688339/AN202412161641317581.html
688339,亿华通,亿华通:亿华通权益变动公告,权益变动报告书,2024-12-17,https://data.eastmoney.com/notices/detail/688339/AN202412161641317584.html
688339,亿华通,亿华通:国泰君安证券股份有限公司关于北京亿华通科技股份有限公司使用部分闲置募集资金暂时补充流动资金的核查意见,保荐/核查意见,2024-12-17,https://data.eastmoney.com/notices/detail/688339/AN202412161641317583.html
603389,亚振家居,亚振家居:股票交易风险提示公告,风险提示性公告,2024-12-17,https://data.eastmoney.com/notices/detail/603389/AN202412161641317578.html
001289,龙源电力,龙源电力:龙源电力集团股份有限公司关于公司2024年第十八期超短期融资券发行的公告,其他,2024-12-17,https://data.eastmoney.com/notices/detail/001289/AN202412161641317554.html
301106,骏成科技,骏成科技:关于收到深圳证券交易所《关于终止对江苏骏成电子科技股份有限公司发行股份购买资产并募集配套资金申请审核的决定》的公告,增发终止,2024-12-17,https://data.eastmoney.com/notices/detail/301106/AN202412161641317566.html
301106,骏成科技,骏成科技:海通证券股份有限公司关于江苏骏成电子科技股份有限公司部分募集资金投资项目延期的核查意见,保荐/核查意见,2024-12-17,https://data.eastmoney.com/notices/detail/301106/AN202412161641317555.html
301106,骏成科技,骏成科技:关于部分募集资金投资项目延期的公告,变更募集资金投资项目,2024-12-17,https://data.eastmoney.com/notices/detail/301106/AN202412161641317550.html
301106,骏成科技,骏成科技:上海市金茂律师事务所关于江苏骏成电子科技股份有限公司终止发行股份及支付现金购买资产并募集配套资金暨关联交易并撤回申请文件相关内幕信息知情人买卖股票情况的专项核查意见,保荐/核查意见,2024-12-17,https://data.eastmoney.com/notices/detail/301106/AN202412161641317565.html
000762,西藏矿业,西藏矿业:关于出售参股公司股权的公告,收购出售资产/股权,2024-12-17,https://data.eastmoney.com/notices/detail/000762/AN202412161641317553.html
001301,尚太科技,尚太科技:关于以集中竞价交易方式首次回购公司股份的公告,回购实施公告,2024-12-17,https://data.eastmoney.com/notices/detail/001301/AN202412161641317548.html
301106,骏成科技,骏成科技:华泰联合证券有限责任公司关于江苏骏成电子科技股份有限公司终止发行股份及支付现金购买资产并募集配套资金暨关联交易事项并撤回申请文件相关内幕信息知情人买卖股票情况自查报告的核查意见,保荐/核查意见,2024-12-17,https://data.eastmoney.com/notices/detail/301106/AN202412161641317552.html
000519,中兵红箭,中兵红箭:2024年第五次临时股东大会决议公告,股东大会决议公告,2024-12-17,https://data.eastmoney.com/notices/detail/000519/AN202412161641317563.html
301106,骏成科技,骏成科技:第四届董事会第三次会议决议公告,董事会决议公告,2024-12-17,https://data.eastmoney.com/notices/detail/301106/AN202412161641317561.html
000558,天府文旅,莱茵体育:2024年第五次临时股东大会决议公告,股东大会决议公告,2024-12-17,https://data.eastmoney.com/notices/detail/000558/AN202412161641317568.html
000558,天府文旅,莱茵体育:国浩律师(成都)事务所关于莱茵达体育发展股份有限公司2024年第五次临时股东大会之法律意见书,法律意见书,2024-12-17,https://data.eastmoney.com/notices/detail/000558/AN202412161641317564.html
301106,骏成科技,骏成科技:第四届监事会第三次会议决议公告,监事会决议公告,2024-12-17,https://data.eastmoney.com/notices/detail/301106/AN202412161641317567.html
000519,中兵红箭,中兵红箭:北京市京师律师事务所关于中兵红箭股份有限公司2024年第五次临时股东大会的法律意见书,法律意见书,2024-12-17,https://data.eastmoney.com/notices/detail/000519/AN202412161641317559.html
301106,骏成科技,骏成科技:关于终止发行股份及支付现金购买资产并募集配套资金暨关联交易事项内幕信息知情人买卖股票情况的自查报告,增发终止,2024-12-17,https://data.eastmoney.com/notices/detail/301106/AN202412161641317557.html
000612,焦作万方,焦作万方:焦作万方铝业股份有限公司关于持股5%以上股东所持股份将被司法拍卖的提示性公告,诉讼仲裁,2024-12-17,https://data.eastmoney.com/notices/detail/000612/AN202412161641317558.html
688619,罗普特,罗普特:罗普特科技集团股份有限公司2024年第二次临时股东大会决议公告,股东大会决议公告,2024-12-17,https://data.eastmoney.com/notices/detail/688619/AN202412161641317540.html
688619,罗普特,罗普特:上海国仕律师事务所关于罗普特科技集团股份有限公司2024年第二次临时股东大会的法律意见书,法律意见书,2024-12-17,https://data.eastmoney.com/notices/detail/688619/AN202412161641317541.html
603986,兆易创新,兆易创新:兆易创新第五届监事会第一次会议决议公告,高管人员任职变动,2024-12-17,https://data.eastmoney.com/notices/detail/603986/AN202412161641317527.html
603986,兆易创新,兆易创新:兆易创新董事会、监事会换届完成并聘任高级管理人员、证券事务代表的公告,高管人员任职变动,2024-12-17,https://data.eastmoney.com/notices/detail/603986/AN202412161641317529.html
603986,兆易创新,兆易创新:兆易创新2024年第五次临时股东会决议公告,股东大会决议公告,2024-12-17,https://data.eastmoney.com/notices/detail/603986/AN202412161641317532.html
603986,兆易创新,兆易创新:北京中银律师事务所关于兆易创新科技集团股份有限公司2024年第五次临时股东会的法律意见书,法律意见书,2024-12-17,https://data.eastmoney.com/notices/detail/603986/AN202412161641317534.html
603986,兆易创新,兆易创新:兆易创新关于注销回购股份并减少注册资本通知债权人的公告,公司注册资本变更,2024-12-17,https://data.eastmoney.com/notices/detail/603986/AN202412161641317530.html
603986,兆易创新,兆易创新:兆易创新独立董事关于公司第五届董事会第一次会议相关事项的独立意见,专项说明/独立意见,2024-12-17,https://data.eastmoney.com/notices/detail/603986/AN202412161641317528.html
603986,兆易创新,兆易创新:兆易创新独立董事专门会议决议,其他,2024-12-17,https://data.eastmoney.com/notices/detail/603986/AN202412161641317535.html
603986,兆易创新,兆易创新:兆易创新关于2025年上半年度日常关联交易预计额度的公告,关联交易,2024-12-17,https://data.eastmoney.com/notices/detail/603986/AN202412161641317533.html
603986,兆易创新,兆易创新:兆易创新第五届董事会第一次会议决议公告,高管人员任职变动,2024-12-17,https://data.eastmoney.com/notices/detail/603986/AN202412161641317531.html
603986,兆易创新,兆易创新:兆易创新关于延长屹唐华创投资基金经营期限暨参与私募股权投资基金的进展公告,投资设立公司,2024-12-17,https://data.eastmoney.com/notices/detail/603986/AN202412161641317536.html
002948,青岛银行,青岛银行:关于2024年二级资本债券发行完毕的公告,其他,2024-12-17,https://data.eastmoney.com/notices/detail/002948/AN202412161641317524.html
002301,齐心集团,齐心集团:国浩律师(深圳)事务所关于深圳齐心集团股份有限公司2024年第二次临时股东大会之法律意见书,法律意见书,2024-12-17,https://data.eastmoney.com/notices/detail/002301/AN202412161641317525.html
600279,重庆港,重庆港:重庆港关于2024年第三次临时股东大会增加临时提案的公告,增加股东大会议案,2024-12-17,https://data.eastmoney.com/notices/detail/600279/AN202412161641317509.html
600279,重庆港,重庆港:重庆港关于收购重庆果园件散货码头有限公司相关资产暨关联交易的公告,收购出售资产/股权,2024-12-17,https://data.eastmoney.com/notices/detail/600279/AN202412161641317510.html
600279,重庆港,重庆港:果集司收购件散货公司相关资产的评估报告,其他,2024-12-17,https://data.eastmoney.com/notices/detail/600279/AN202412161641317508.html
600279,重庆港,重庆港:重庆港第八届董事会第四十次会议决议公告,董事会决议公告,2024-12-17,https://data.eastmoney.com/notices/detail/600279/AN202412161641317507.html
000430,张家界,张家界:关于公司预重整事项的进展公告,重组进展公告,2024-12-17,https://data.eastmoney.com/notices/detail/000430/AN202412161641317493.html
002075,沙钢股份,沙钢股份:关于2024年第四次临时股东大会增加临时提案暨股东大会补充通知的公告,增加股东大会议案,2024-12-17,https://data.eastmoney.com/notices/detail/002075/AN202412161641317490.html
002075,沙钢股份,沙钢股份:2024年第七次独立董事专门会议审查意见,专项说明/独立意见,2024-12-17,https://data.eastmoney.com/notices/detail/002075/AN202412161641317489.html
002075,沙钢股份,沙钢股份:第八届监事会第十二次会议决议公告,监事会决议公告,2024-12-17,https://data.eastmoney.com/notices/detail/002075/AN202412161641317498.html
002075,沙钢股份,沙钢股份:第八届董事会第十五次会议决议公告,董事会决议公告,2024-12-17,https://data.eastmoney.com/notices/detail/002075/AN202412161641317495.html
002301,齐心集团,齐心集团:2024年第二次临时股东大会决议公告,股东大会决议公告,2024-12-17,https://data.eastmoney.com/notices/detail/002301/AN202412161641317499.html
002075,沙钢股份,沙钢股份:关于调整2024年度日常关联交易预计的公告,关联交易,2024-12-17,https://data.eastmoney.com/notices/detail/002075/AN202412161641317492.html
300298,三诺生物,三诺生物:关于持续葡萄糖监测系统取得医疗器械注册证的公告,其他,2024-12-17,https://data.eastmoney.com/notices/detail/300298/AN202412161641317496.html
600718,东软集团,东软集团:东软集团关于筹划发行股份及支付现金购买资产并募集配套资金事项的停牌公告,停牌公告,2024-12-17,https://data.eastmoney.com/notices/detail/600718/AN202412161641317476.html
600718,东软集团,东软集团:东软集团关于获得政府补助的公告,获得补贴（资助）,2024-12-17,https://data.eastmoney.com/notices/detail/600718/AN202412161641317475.html
603636,南威软件,南威软件:2024年第一次临时股东大会会议资料,股东大会资料,2024-12-17,https://data.eastmoney.com/notices/detail/603636/AN202412161641317454.html
600645,中源协和,中源协和:中源协和细胞基因工程股份有限公司关于全资子公司药物临床试验及获得美国FDA孤儿药资格认定的进展公告,其他,2024-12-17,https://data.eastmoney.com/notices/detail/600645/AN202412161641317447.html
003009,中天火箭,中天火箭:陕西中天火箭技术股份有限公司关于公司财务总监辞职的公告,高管人员任职变动,2024-12-17,https://data.eastmoney.com/notices/detail/003009/AN202412161641317426.html
001316,润贝航科,润贝航科:北京市中伦(深圳)律师事务所关于润贝航空科技股份有限公司2024年第三次临时股东会的法律意见书,法律意见书,2024-12-17,https://data.eastmoney.com/notices/detail/001316/AN202412161641317424.html
001316,润贝航科,润贝航科:润贝航空科技股份有限公司2024年第三次临时股东会决议公告,股东大会决议公告,2024-12-17,https://data.eastmoney.com/notices/detail/001316/AN202412161641317428.html
600556,天下秀,天下秀:天下秀数字科技(集团)股份有限公司关于股票交易风险提示的公告,风险提示性公告,2024-12-17,https://data.eastmoney.com/notices/detail/600556/AN202412161641317388.html
600880,博瑞传播,博瑞传播:博瑞传播关于股票交易异常波动公告,股票交易异常波动,2024-12-17,https://data.eastmoney.com/notices/detail/600880/AN202412161641317378.html
600880,博瑞传播,博瑞传播:核查确认函,其他,2024-12-17,https://data.eastmoney.com/notices/detail/600880/AN202412161641317377.html
603839,安正时尚,安正时尚:安正时尚集团股份有限公司关于股东解除质押的公告,股份质押、冻结,2024-12-17,https://data.eastmoney.com/notices/detail/603839/AN202412161641317376.html
002811,郑中设计,郑中设计:2024-098:关于获得专利证书的公告-已核,获得认证,2024-12-17,https://data.eastmoney.com/notices/detail/002811/AN202412161641317390.html
002811,郑中设计,郑中设计:第五届董事会第九次会议决议公告,董事会决议公告,2024-12-17,https://data.eastmoney.com/notices/detail/002811/AN202412161641317394.html
002681,奋达科技,奋达科技:股票交易异常波动公告,股票交易异常波动,2024-12-17,https://data.eastmoney.com/notices/detail/002681/AN202412161641317402.html
002406,远东传动,远东传动:北京市嘉源律师事务所关于许昌远东传动轴股份有限公司2024年第一次临时股东大会的法律意见书,法律意见书,2024-12-17,https://data.eastmoney.com/notices/detail/002406/AN202412161641317397.html
002406,远东传动,远东传动:2024年第一次临时股东大会决议公告,股东大会决议公告,2024-12-17,https://data.eastmoney.com/notices/detail/002406/AN202412161641317393.html
002323,*ST雅博,雅博股份:关于公司为子公司向银行借款提供担保和反担保的公告,提供/对外担保公告,2024-12-17,https://data.eastmoney.com/notices/detail/002323/AN202412161641317398.html
002323,*ST雅博,雅博股份:关于公司为子公司拟向银行借款提供担保和反担保的公告,提供/对外担保公告,2024-12-17,https://data.eastmoney.com/notices/detail/002323/AN202412161641317395.html
002219,新里程,新里程:关于全资子公司为二级控股子公司提供担保的公告,提供/对外担保公告,2024-12-17,https://data.eastmoney.com/notices/detail/002219/AN202412161641317401.html
001229,魅视科技,魅视科技:关于对外投资设立海南全资子公司及香港全资孙公司的公告,投资设立公司,2024-12-17,https://data.eastmoney.com/notices/detail/001229/AN202412161641317403.html
001229,魅视科技,魅视科技:第二届董事会第八次会议决议公告,董事会决议公告,2024-12-17,https://data.eastmoney.com/notices/detail/001229/AN202412161641317392.html
688155,先惠技术,先惠技术:上海市广发律师事务所关于上海先惠自动化技术股份有限公司2024年第三次临时股东大会法律意见书,法律意见书,2024-12-17,https://data.eastmoney.com/notices/detail/688155/AN202412161641317135.html
688155,先惠技术,先惠技术:上海先惠自动化技术股份有限公司2024年第三次临时股东大会决议公告,股东大会决议公告,2024-12-17,https://data.eastmoney.com/notices/detail/688155/AN202412161641317134.html
000948,南天信息,南天信息:2024年第二次临时股东会的法律意见,法律意见书,2024-12-17,https://data.eastmoney.com/notices/detail/000948/AN202412161641317149.html
000948,南天信息,南天信息:2024年第二次临时股东大会决议公告,股东大会决议公告,2024-12-17,https://data.eastmoney.com/notices/detail/000948/AN202412161641317147.html
000911,*ST广糖,广农糖业:国浩律师(南宁)事务所关于广西农投糖业集团股份有限公司2024年第六次临时股东大会的法律意见书,法律意见书,2024-12-17,https://data.eastmoney.com/notices/detail/000911/AN202412161641317142.html
000911,*ST广糖,广农糖业:广西农投糖业集团股份有限公司2024年第六次临时股东大会决议公告,股东大会决议公告,2024-12-17,https://data.eastmoney.com/notices/detail/000911/AN202412161641317148.html
000887,中鼎股份,中鼎股份:2024年第一次临时股东大会决议公告,股东大会决议公告,2024-12-17,https://data.eastmoney.com/notices/detail/000887/AN202412161641317152.html
000887,中鼎股份,中鼎股份:安徽承义律师事务所关于安徽中鼎密封件股份有限公司召开2024年第一次临时股东大会的法律意见书,法律意见书,2024-12-17,https://data.eastmoney.com/notices/detail/000887/AN202412161641317144.html
000785,居然智家,居然智家:股票交易异常波动公告,股票交易异常波动,2024-12-17,https://data.eastmoney.com/notices/detail/000785/AN202412161641317145.html
688516,奥特维,奥特维:无锡奥特维科技股份有限公司监事会关于公司2023年限制性股票激励计划第一类限制性股票第一个解除限售期解除限售条件成就事项的核查意见,专项说明/独立意见,2024-12-17,https://data.eastmoney.com/notices/detail/688516/AN202412161641317128.html
688516,奥特维,奥特维:无锡奥特维科技股份有限公司关于2023年限制性股票激励计划限制性股票第一个解除限售期解除限售暨上市流通公告,限售股份上市流通,2024-12-17,https://data.eastmoney.com/notices/detail/688516/AN202412161641317127.html
603585,苏利股份,苏利股份:苏利股份关于使用部分闲置募集资金进行现金管理到期赎回的公告,投资理财,2024-12-17,https://data.eastmoney.com/notices/detail/603585/AN202412161641317103.html
002958,青农商行,青农商行:第五届董事会第五次临时会议决议公告,董事会决议公告,2024-12-17,https://data.eastmoney.com/notices/detail/002958/AN202412161641317121.html
002929,润建股份,润建股份:关于公司与专业投资机构合作投资的进展公告,对外项目投资,2024-12-17,https://data.eastmoney.com/notices/detail/002929/AN202412161641317114.html
002837,英维克,英维克:关于完成工商变更登记的公告,公司注册资本变更,2024-12-17,https://data.eastmoney.com/notices/detail/002837/AN202412161641317116.html
002476,新叶股份,宝莫股份:国泰君安证券股份有限公司关于山东宝莫生物化工股份有限公司向特定对象发行股票之发行保荐书,发行保荐书,2024-12-17,https://data.eastmoney.com/notices/detail/002476/AN202412161641317113.html
002476,新叶股份,宝莫股份:国泰君安证券股份有限公司关于山东宝莫生物化工股份有限公司向特定对象发行股票之上市保荐书,上市保荐书,2024-12-17,https://data.eastmoney.com/notices/detail/002476/AN202412161641317120.html
002476,新叶股份,宝莫股份:北京市天元律师事务所关于山东宝莫生物化工股份有限公司向特定对象发行股票的补充法律意见书(一),法律意见书,2024-12-17,https://data.eastmoney.com/notices/detail/002476/AN202412161641317123.html
002476,新叶股份,宝莫股份:发行人及保荐机构关于山东宝莫生物化工股份有限公司申请向特定对象发行股票审核问询函的回复,保荐代表人（机构）变更,2024-12-17,https://data.eastmoney.com/notices/detail/002476/AN202412161641317117.html
002476,新叶股份,宝莫股份:致同会计师事务所(特殊普通合伙)关于山东宝莫生物化工股份有限公司申请向特定对象发行股票的审核问询函中有关财务会计问题的专项说明,专项说明/独立意见,2024-12-17,https://data.eastmoney.com/notices/detail/002476/AN202412161641317118.html
002476,新叶股份,宝莫股份:山东宝莫生物化工股份有限公司向特定对象发行股票募集说明书(申报稿),深主板再融资募集说明书申报稿,2024-12-17,https://data.eastmoney.com/notices/detail/002476/AN202412161641317122.html
002476,新叶股份,宝莫股份:关于向特定对象发行股票的审核问询函回复及募集说明书等申请文件修订的提示性公告,回复问询函公告,2024-12-17,https://data.eastmoney.com/notices/detail/002476/AN202412161641317119.html
002476,新叶股份,宝莫股份:关于控股股东、实际控制人出具特定期间不存在减持情况或减持计划的公告,股东/实际控制人股份减持,2024-12-17,https://data.eastmoney.com/notices/detail/002476/AN202412161641317124.html
000811,冰轮环境,冰轮环境:股票交易异常波动公告,股票交易异常波动,2024-12-17,https://data.eastmoney.com/notices/detail/000811/AN202412161641317115.html
600576,祥源文旅,祥源文旅:关于股东部分股份质押的公告,股份质押、冻结,2024-12-17,https://data.eastmoney.com/notices/detail/600576/AN202412161641317090.html
603887,城地香江,城地香江:上海城地香江数据科技股份有限公司关于实施“城地转债”赎回暨摘牌的最后一次提示性公告,其他,2024-12-17,https://data.eastmoney.com/notices/detail/603887/AN202412161641317080.html
002966,苏州银行,苏州银行:关于2024年第二期金融债券发行完毕的公告,其他,2024-12-17,https://data.eastmoney.com/notices/detail/002966/AN202412161641317085.html
000034,神州数码,神州数码:关于可转换公司债券2024年付息的公告,其他,2024-12-17,https://data.eastmoney.com/notices/detail/000034/AN202412161641317087.html
002493,荣盛石化,荣盛石化:募集资金管理制度(2024年12月),管理办法/制度,2024-12-17,https://data.eastmoney.com/notices/detail/002493/AN202412161641316853.html
002493,荣盛石化,荣盛石化:对外投资管理制度(2024年12月),管理办法/制度,2024-12-17,https://data.eastmoney.com/notices/detail/002493/AN202412161641316854.html
002493,荣盛石化,荣盛石化:第六届监事会第二十次会议决议公告,监事会决议公告,2024-12-17,https://data.eastmoney.com/notices/detail/002493/AN202412161641316856.html
002493,荣盛石化,荣盛石化:关于公司2025年年度互保额度的公告,其他担保公告,2024-12-17,https://data.eastmoney.com/notices/detail/002493/AN202412161641316855.html
002493,荣盛石化,荣盛石化:关于召开2025年第一次临时股东大会的通知,召开股东大会通知,2024-12-17,https://data.eastmoney.com/notices/detail/002493/AN202412161641316851.html
002493,荣盛石化,荣盛石化:第六届董事会第二十一次会议决议公告,董事会决议公告,2024-12-17,https://data.eastmoney.com/notices/detail/002493/AN202412161641316852.html
002126,银轮股份,银轮股份:关于获得国际客户定点的公告,其他,2024-12-17,https://data.eastmoney.com/notices/detail/002126/AN202412161641317064.html
000901,航天科技,航天科技:关于公开挂牌打包转让所持AC公司100%股权和TIS工厂0.003%股权的进展公告,股权转让,2024-12-17,https://data.eastmoney.com/notices/detail/000901/AN202412161641317062.html
000901,航天科技,航天科技:关于召开公司2024年第五次临时股东大会的提示性公告,召开股东大会提示性公告,2024-12-17,https://data.eastmoney.com/notices/detail/000901/AN202412161641317061.html
000727,冠捷科技,冠捷科技:关于重选职工代表监事的公告,高管人员任职变动,2024-12-17,https://data.eastmoney.com/notices/detail/000727/AN202412161641317063.html
000727,冠捷科技,冠捷科技:第十一届监事会第二次临时会议决议公告,高管人员任职变动,2024-12-17,https://data.eastmoney.com/notices/detail/000727/AN202412161641317060.html
688486,龙迅股份,龙迅股份:龙迅股份持股5%以上股东减持股份结果公告,股东/实际控制人股份减持,2024-12-17,https://data.eastmoney.com/notices/detail/688486/AN202412161641316839.html
603667,五洲新春,五洲新春:五洲新春关于2025年度日常关联交易预计的公告,关联交易,2024-12-17,https://data.eastmoney.com/notices/detail/603667/AN202412161641316830.html
603214,爱婴室,爱婴室:关于对股票交易价格异常波动问询函的回复,回复问询函公告,2024-12-17,https://data.eastmoney.com/notices/detail/603214/AN202412161641316833.html
603667,五洲新春,五洲新春:五洲新春第四届监事会第二十七次会议决议公告,监事会决议公告,2024-12-17,https://data.eastmoney.com/notices/detail/603667/AN202412161641316836.html
603667,五洲新春,五洲新春:关于召开2025年第一次临时股东大会的通知,召开股东大会通知,2024-12-17,https://data.eastmoney.com/notices/detail/603667/AN202412161641316829.html
603667,五洲新春,五洲新春:五洲新春第四届董事会第三十次会议决议公告,董事会决议公告,2024-12-17,https://data.eastmoney.com/notices/detail/603667/AN202412161641316832.html
603667,五洲新春,五洲新春:五洲新春舆情管理制度(2024年12月),管理办法/制度,2024-12-17,https://data.eastmoney.com/notices/detail/603667/AN202412161641316834.html
603667,五洲新春,五洲新春:中信证券股份有限公司关于浙江五洲新春集团股份有限公司2025年度日常关联交易预计情况的核查意见,保荐/核查意见,2024-12-17,https://data.eastmoney.com/notices/detail/603667/AN202412161641316831.html
603214,爱婴室,爱婴室:关于股票交易异常波动的公告,股票交易异常波动,2024-12-17,https://data.eastmoney.com/notices/detail/603214/AN202412161641316835.html
601108,财通证券,财通证券:2024年前三季度权益分派实施公告,分配方案实施,2024-12-17,https://data.eastmoney.com/notices/detail/601108/AN202412161641316825.html
601108,财通证券,财通证券:关于因实施2024年前三季度权益分派调整“财通转债”转股价格的公告,其他,2024-12-17,https://data.eastmoney.com/notices/detail/601108/AN202412161641316826.html
688239,航宇科技,航宇科技:航宇科技2024年第五次临时股东大会之见证法律意见书,法律意见书,2024-12-17,https://data.eastmoney.com/notices/detail/688239/AN202412161641316819.html
688239,航宇科技,航宇科技:航宇科技2024年第五次临时股东大会决议公告,股东大会决议公告,2024-12-17,https://data.eastmoney.com/notices/detail/688239/AN202412161641316820.html
301502,华阳智能,华阳智能:关于召开2024年第二次临时股东大会的通知的更正公告,股东大会通知更正公告,2024-12-17,https://data.eastmoney.com/notices/detail/301502/AN202412161641316817.html
301502,华阳智能,华阳智能:第二届董事会第十四次会议决议的更正公告,其他,2024-12-17,https://data.eastmoney.com/notices/detail/301502/AN202412161641316816.html
000727,冠捷科技,冠捷科技:第十一届董事会第二次临时会议决议公告,高管人员任职变动,2024-12-17,https://data.eastmoney.com/notices/detail/000727/AN202412161641316815.html
603776,永安行,永安行:关于使用部分闲置募集资金进行现金管理到期赎回的公告,投资理财,2024-12-17,https://data.eastmoney.com/notices/detail/603776/AN202412161641316809.html
601065,江盐集团,江盐集团:简式权益变动报告书,权益变动报告书,2024-12-17,https://data.eastmoney.com/notices/detail/601065/AN202412161641316807.html
601065,江盐集团,江盐集团:关于持股5%以上股东减持至5%暨权益变动1%的提示性公告,权益变动报告书,2024-12-17,https://data.eastmoney.com/notices/detail/601065/AN202412161641316808.html
605289,罗曼股份,罗曼股份:控股股东及实际控制人关于股票交易异常波动的问询函的回复,回复问询函公告,2024-12-17,https://data.eastmoney.com/notices/detail/605289/AN202412161641316800.html
688568,中科星图,中科星图:中科星图股份有限公司关于控股子公司星图测控申请公开发行股票并在北京证券交易所上市的自愿性进展提示公告,其他,2024-12-17,https://data.eastmoney.com/notices/detail/688568/AN202412161641316790.html
601016,节能风电,节能风电:中节能风力发电股份有限公司关于公开摘牌取得内蒙古古恒新能源有限责任公司100%股权的公告,股权转让,2024-12-17,https://data.eastmoney.com/notices/detail/601016/AN202412161641316789.html
601016,节能风电,节能风电:中节能风力发电股份有限公司2024年第四次临时股东大会决议公告,股东大会决议公告,2024-12-17,https://data.eastmoney.com/notices/detail/601016/AN202412161641316788.html
601016,节能风电,节能风电:北京市天元律师事务所关于中节能风力发电股份有限公司2024年第四次临时股东大会的法律意见,法律意见书,2024-12-17,https://data.eastmoney.com/notices/detail/601016/AN202412161641316787.html
002983,芯瑞达,芯瑞达:关于变更签字注册会计师的公告,公司关联方基本资料变更,2024-12-17,https://data.eastmoney.com/notices/detail/002983/AN202412161641316760.html
002983,芯瑞达,芯瑞达:第三届监事会第十四次会议决议公告,监事会决议公告,2024-12-17,https://data.eastmoney.com/notices/detail/002983/AN202412161641316761.html
002983,芯瑞达,芯瑞达:关于回购注销部分限制性股票的公告,回购进展情况,2024-12-17,https://data.eastmoney.com/notices/detail/002983/AN202412161641316759.html
002983,芯瑞达,芯瑞达:关于回购注销部分限制性股票减资暨通知债权人的公告,公司注册资本变更,2024-12-17,https://data.eastmoney.com/notices/detail/002983/AN202412161641316762.html
002983,芯瑞达,芯瑞达:第三届董事会第十六次会议决议公告,董事会决议公告,2024-12-17,https://data.eastmoney.com/notices/detail/002983/AN202412161641316763.html
601828,美凯龙,美凯龙:关于完成工商变更登记的公告,公司其他基本信息变更,2024-12-17,https://data.eastmoney.com/notices/detail/601828/AN202412161641316756.html
603858,步长制药,步长制药:山东步长制药股份有限公司关于控股子公司减少注册资本暨关联交易的进展公告,公司关联方基本资料变更,2024-12-17,https://data.eastmoney.com/notices/detail/603858/AN202412161641316757.html
603858,步长制药,步长制药:山东步长制药股份有限公司关于公司拟投资设立控股子公司的进展公告,投资设立公司,2024-12-17,https://data.eastmoney.com/notices/detail/603858/AN202412161641316758.html
600462,退市九有,*ST九有:关于股票交易价格短期波动幅度较大的风险提示公告,风险提示性公告,2024-12-17,https://data.eastmoney.com/notices/detail/600462/AN202412161641316749.html
688617,惠泰医疗,惠泰医疗:关于自愿披露取得医疗器械注册证的公告,其他,2024-12-17,https://data.eastmoney.com/notices/detail/688617/AN202412161641316746.html
688455,科捷智能,科捷智能:国泰君安证券股份有限公司关于科捷智能科技股份有限公司预计2025年度日常关联交易的核查意见,保荐/核查意见,2024-12-17,https://data.eastmoney.com/notices/detail/688455/AN202412161641316729.html
688455,科捷智能,科捷智能:关于使用部分超额募集资金永久补充流动资金的公告,募集资金补充流动资金,2024-12-17,https://data.eastmoney.com/notices/detail/688455/AN202412161641316730.html
688455,科捷智能,科捷智能:第二届独立董事专门会议第一次会议决议,其他,2024-12-17,https://data.eastmoney.com/notices/detail/688455/AN202412161641316728.html
688455,科捷智能,科捷智能:关于预计2025年度日常关联交易的公告,关联交易,2024-12-17,https://data.eastmoney.com/notices/detail/688455/AN202412161641316733.html
688455,科捷智能,科捷智能:国泰君安证券股份有限公司关于科捷智能科技股份有限公司使用部分超额募集资金永久补充流动资金的核查意见,保荐/核查意见,2024-12-17,https://data.eastmoney.com/notices/detail/688455/AN202412161641316732.html
688455,科捷智能,科捷智能:关于召开2025年第一次临时股东大会的通知,召开股东大会通知,2024-12-17,https://data.eastmoney.com/notices/detail/688455/AN202412161641316734.html
688455,科捷智能,科捷智能:第二届监事会第七次会议决议公告,监事会决议公告,2024-12-17,https://data.eastmoney.com/notices/detail/688455/AN202412161641316731.html
603579,荣泰健康,荣泰健康:上海荣泰健康科技股份有限公司关于“荣泰转债”可选择回售的第四次提示性公告,其他,2024-12-17,https://data.eastmoney.com/notices/detail/603579/AN202412161641316719.html
601577,长沙银行,长沙银行:长沙银行股份有限公司第七届董事会第十三次会议决议公告,董事会决议公告,2024-12-17,https://data.eastmoney.com/notices/detail/601577/AN202412161641316709.html
601577,长沙银行,长沙银行:长沙银行股份有限公司关于优先股股息发放实施公告,其他,2024-12-17,https://data.eastmoney.com/notices/detail/601577/AN202412161641316710.html
601577,长沙银行,长沙银行:长沙银行股份有限公司第七届监事会第十三次会议决议公告,监事会决议公告,2024-12-17,https://data.eastmoney.com/notices/detail/601577/AN202412161641316708.html
601577,长沙银行,长沙银行:长沙银行股份有限公司第七届董事会独立董事2024年第8次专门会议决议,董事会决议公告,2024-12-17,https://data.eastmoney.com/notices/detail/601577/AN202412161641316711.html
688548,广钢气体,广钢气体:关于股东减持股份计划时间届满暨减持结果公告,股东/实际控制人股份减持,2024-12-17,https://data.eastmoney.com/notices/detail/688548/AN202412161641316705.html
603081,大丰实业,大丰实业:关于《浙江大丰实业股份有限公司股票交易异常波动问询函》的回函,回复问询函公告,2024-12-17,https://data.eastmoney.com/notices/detail/603081/AN202412161641316693.html
600829,人民同泰,人民同泰:关于重大诉讼事项重审进展的公告,诉讼仲裁,2024-12-17,https://data.eastmoney.com/notices/detail/600829/AN202412161641316695.html
600829,人民同泰,人民同泰:股票交易风险提示公告,风险提示性公告,2024-12-17,https://data.eastmoney.com/notices/detail/600829/AN202412161641316692.html
603081,大丰实业,大丰实业:浙江大丰实业股份有限公司股票交易异常波动公告,股票交易异常波动,2024-12-17,https://data.eastmoney.com/notices/detail/603081/AN202412161641316694.html
000937,冀中能源,冀中能源:北京市金杜律师事务所关于冀中能源股份有限公司2024年第六次临时股东大会的法律意见书,法律意见书,2024-12-17,https://data.eastmoney.com/notices/detail/000937/AN202412161641316679.html
000937,冀中能源,冀中能源:2024年第六次临时股东大会决议公告,股东大会决议公告,2024-12-17,https://data.eastmoney.com/notices/detail/000937/AN202412161641316682.html
601919,中远海控,中远海控:中远海控H股公告:翌日披露报表,其他,2024-12-17,https://data.eastmoney.com/notices/detail/601919/AN202412161641316672.html
601218,吉鑫科技,吉鑫科技:江苏吉鑫风能科技股份有限公司关于注销公司回购专用证券账户剩余股份实施的公告,回购实施公告,2024-12-17,https://data.eastmoney.com/notices/detail/601218/AN202412161641316647.html
600595,中孚实业,中孚实业:河南中孚实业股份有限公司关于郑州广贤工贸有限公司新丰煤矿复产的公告,其他,2024-12-17,https://data.eastmoney.com/notices/detail/600595/AN202412161641316645.html
603896,寿仙谷,寿仙谷:寿仙谷关于“寿22转债”可选择回售的公告,其他,2024-12-17,https://data.eastmoney.com/notices/detail/603896/AN202412161641316646.html
688499,利元亨,利元亨:广东利元亨智能装备股份有限公司关于实施“利元转债”赎回暨摘牌的第三次提示公告,其他,2024-12-17,https://data.eastmoney.com/notices/detail/688499/AN202412161641316638.html
688408,中信博,中信博:容诚会计师事务所(特殊普通合伙)关于江苏中信博新能源科技股份有限公司以自筹资金预先投入募集资金投资项目的鉴证报告,保荐/核查意见,2024-12-17,https://data.eastmoney.com/notices/detail/688408/AN202412161641316639.html
688408,中信博,中信博:国投证券股份有限公司关于江苏中信博新能源科技股份有限公司使用募集资金置换预先投入的自筹资金的核查意见,保荐/核查意见,2024-12-17,https://data.eastmoney.com/notices/detail/688408/AN202412161641316640.html
688408,中信博,中信博:江苏中信博新能源科技股份有限公司市值管理制度,管理办法/制度,2024-12-17,https://data.eastmoney.com/notices/detail/688408/AN202412161641316641.html
688408,中信博,中信博:中信博关于使用募集资金置换预先投入的自筹资金的公告,募集资金使用情况报告,2024-12-17,https://data.eastmoney.com/notices/detail/688408/AN202412161641316642.html
000571,新大洲A,新大洲A:新大洲控股股份有限公司信息披露事务管理制度(修订稿),管理办法/制度,2024-12-17,https://data.eastmoney.com/notices/detail/000571/AN202412161641316658.html
000571,新大洲A,新大洲A:新大洲控股股份有限公司董事会薪酬与考核委员会工作细则,议事规则/实施细则,2024-12-17,https://data.eastmoney.com/notices/detail/000571/AN202412161641316664.html
000571,新大洲A,新大洲A:新大洲控股股份有限公司董事会审计委员会工作细则,议事规则/实施细则,2024-12-17,https://data.eastmoney.com/notices/detail/000571/AN202412161641316665.html
000571,新大洲A,新大洲A:新大洲控股股份有限公司董事会议事规则(修订稿),议事规则/实施细则,2024-12-17,https://data.eastmoney.com/notices/detail/000571/AN202412161641316652.html
000571,新大洲A,新大洲A:新大洲控股股份有限公司董事会提名委员会工作细则,议事规则/实施细则,2024-12-17,https://data.eastmoney.com/notices/detail/000571/AN202412161641316650.html
000571,新大洲A,新大洲A:新大洲控股股份有限公司董事会战略委员会工作细则,议事规则/实施细则,2024-12-17,https://data.eastmoney.com/notices/detail/000571/AN202412161641316659.html
000571,新大洲A,新大洲A:新大洲控股股份有限公司监事会议事规则(修订稿),议事规则/实施细则,2024-12-17,https://data.eastmoney.com/notices/detail/000571/AN202412161641316660.html
000571,新大洲A,新大洲A:新大洲控股股份有限公司股东会议事规则(修订稿),议事规则/实施细则,2024-12-17,https://data.eastmoney.com/notices/detail/000571/AN202412161641316655.html
000571,新大洲A,新大洲A:新大洲控股股份有限公司章程(修订稿),公司章程修订,2024-12-17,https://data.eastmoney.com/notices/detail/000571/AN202412161641316663.html
000571,新大洲A,新大洲A:关于与中国长城资产管理股份有限公司大连市分公司债务重组项目期限内债务清偿计划调整的公告,债务重组,2024-12-17,https://data.eastmoney.com/notices/detail/000571/AN202412161641316657.html
000571,新大洲A,新大洲A:关于拟续聘会计师事务所的公告,审计机构变更,2024-12-17,https://data.eastmoney.com/notices/detail/000571/AN202412161641316654.html
000571,新大洲A,新大洲A:关于修订《公司章程》及其附件的公告,公司章程修订,2024-12-17,https://data.eastmoney.com/notices/detail/000571/AN202412161641316661.html
000571,新大洲A,新大洲A:关于为中航新大洲航空制造有限公司融资提供担保暨关联交易的公告,提供/对外担保公告,2024-12-17,https://data.eastmoney.com/notices/detail/000571/AN202412161641316662.html
000571,新大洲A,新大洲A:第十一届监事会2024年第三次临时会议决议公告,监事会决议公告,2024-12-17,https://data.eastmoney.com/notices/detail/000571/AN202412161641316656.html
000571,新大洲A,新大洲A:关于召开2025年第一次临时股东大会的通知,召开股东大会通知,2024-12-17,https://data.eastmoney.com/notices/detail/000571/AN202412161641316651.html
000571,新大洲A,新大洲A:第十一届董事会2024年第五次临时会议决议公告,董事会决议公告,2024-12-17,https://data.eastmoney.com/notices/detail/000571/AN202412161641316653.html
003007,直真科技,直真科技:关于签订日常经营重大合同的公告,重大合同,2024-12-17,https://data.eastmoney.com/notices/detail/003007/AN202412161641316615.html
002908,德生科技,德生科技:关于闲置募集资金暂时补充流动资金归还的公告,募集资金补充流动资金,2024-12-17,https://data.eastmoney.com/notices/detail/002908/AN202412161641316613.html
002683,广东宏大,广东宏大:关于为子公司提供担保的进展公告,提供/对外担保公告,2024-12-17,https://data.eastmoney.com/notices/detail/002683/AN202412161641316614.html
002475,立讯精密,立讯精密:关于控股股东部分股权解除质押及质押的公告,股份质押、冻结,2024-12-17,https://data.eastmoney.com/notices/detail/002475/AN202412161641316610.html
002236,大华股份,大华股份:关于为子公司提供担保的进展公告,提供/对外担保公告,2024-12-17,https://data.eastmoney.com/notices/detail/002236/AN202412161641316616.html
000166,申万宏源,申万宏源:关于申万宏源证券有限公司2024年面向专业投资者公开发行短期公司债券(第四期)在深圳证券交易所上市的公告,其他,2024-12-17,https://data.eastmoney.com/notices/detail/000166/AN202412161641316611.html
603110,东方材料,东方材料:新东方新材料股份有限公司2024年第二次临时股东大会决议公告,股东大会决议公告,2024-12-17,https://data.eastmoney.com/notices/detail/603110/AN202412161641316594.html
603110,东方材料,东方材料:国浩律师(合肥)事务所关于新东方新材料股份有限公司2024年第二次临时股东大会法律意见书,法律意见书,2024-12-17,https://data.eastmoney.com/notices/detail/603110/AN202412161641316595.html
600623,华谊集团,华谊集团:第十届董事会第三十五次会议决议公告,高管人员任职变动,2024-12-17,https://data.eastmoney.com/notices/detail/600623/AN202412161641316588.html
688521,芯原股份,芯原股份:2023年度向特定对象发行A股股票方案的论证分析报告(修订稿),其他,2024-12-17,https://data.eastmoney.com/notices/detail/688521/AN202412161641316569.html
688521,芯原股份,芯原股份:2023年度向特定对象发行A股股票募集资金使用可行性分析报告(修订稿),其他,2024-12-17,https://data.eastmoney.com/notices/detail/688521/AN202412161641316571.html
688521,芯原股份,芯原股份:第二届董事会第十九次会议决议公告,增发方案修订,2024-12-17,https://data.eastmoney.com/notices/detail/688521/AN202412161641316577.html
688521,芯原股份,芯原股份:第二届监事会第十七次会议决议公告,监事会决议公告,2024-12-17,https://data.eastmoney.com/notices/detail/688521/AN202412161641316575.html
688521,芯原股份,芯原股份:关于本次募集资金投向属于科技创新领域的说明(修订稿),其他,2024-12-17,https://data.eastmoney.com/notices/detail/688521/AN202412161641316573.html
688521,芯原股份,芯原股份:关于2023年度向特定对象发行A股股票摊薄即期回报的影响与填补回报措施及相关主体承诺(修订稿)的公告,其他,2024-12-17,https://data.eastmoney.com/notices/detail/688521/AN202412161641316572.html
688521,芯原股份,芯原股份:第二届董事会独立董事第五次专门会议决议,增发方案修订,2024-12-17,https://data.eastmoney.com/notices/detail/688521/AN202412161641316570.html
688521,芯原股份,芯原股份:2023年度向特定对象发行A股股票预案(修订稿),增发方案修订,2024-12-17,https://data.eastmoney.com/notices/detail/688521/AN202412161641316568.html
688521,芯原股份,芯原股份:关于2023年度向特定对象发行A股股票预案及相关文件修订情况说明的公告,增发方案修订,2024-12-17,https://data.eastmoney.com/notices/detail/688521/AN202412161641316574.html
688521,芯原股份,芯原股份:关于2023年度向特定对象发行A股股票预案(修订稿)披露的提示性公告,增发提示性公告,2024-12-17,https://data.eastmoney.com/notices/detail/688521/AN202412161641316576.html
600734,*ST实达,实达集团:福建实达集团股份有限公司关于变更公司住所及经营范围完成工商登记的公告,公司经营范围变更,2024-12-17,https://data.eastmoney.com/notices/detail/600734/AN202412161641316567.html
600704,物产中大,物产中大:物产中大关于股份回购实施结果暨股份变动的公告,股本变动,2024-12-17,https://data.eastmoney.com/notices/detail/600704/AN202412161641316565.html
300190,维尔利,维尔利:舆情管理制度,管理办法/制度,2024-12-17,https://data.eastmoney.com/notices/detail/300190/AN202412161641316442.html
300190,维尔利,维尔利:关于公司子公司为全资孙公司提供担保的公告,提供/对外担保公告,2024-12-17,https://data.eastmoney.com/notices/detail/300190/AN202412161641316444.html
300190,维尔利,维尔利:关于为全资子公司提供担保的公告,提供/对外担保公告,2024-12-17,https://data.eastmoney.com/notices/detail/300190/AN202412161641316446.html
300190,维尔利,维尔利:第五届董事会第三十七次会议决议公告,董事会决议公告,2024-12-17,https://data.eastmoney.com/notices/detail/300190/AN202412161641316447.html
600131,国网信通,国网信通:国网信息通信股份有限公司2024年第二次临时股东大会会议资料,股东大会资料,2024-12-17,https://data.eastmoney.com/notices/detail/600131/AN202412161641316435.html
600536,中国软件,中国软件:中国软件对外投资交易公告,对外项目投资,2024-12-17,https://data.eastmoney.com/notices/detail/600536/AN202412161641316434.html
600536,中国软件,中国软件:中国软件第八届董事会第十七次会议决议公告,董事会决议公告,2024-12-17,https://data.eastmoney.com/notices/detail/600536/AN202412161641316437.html
600536,中国软件,中国软件:中国软件关于召开2025年第一次临时股东大会的通知,召开股东大会通知,2024-12-17,https://data.eastmoney.com/notices/detail/600536/AN202412161641316436.html
600536,中国软件,中国软件:中软信息技术创新有限公司(原天津中软)2024年1-6月、2023年度财务报表审计报告书,审计报告,2024-12-17,https://data.eastmoney.com/notices/detail/600536/AN202412161641316438.html
600363,联创光电,联创光电:关于控股股东部分股份解除质押的公告,股份质押、冻结,2024-12-17,https://data.eastmoney.com/notices/detail/600363/AN202412161641316433.html
600909,华安证券,华安证券:华安证券股份有限公司关于以集中竞价交易方式回购股份的回购报告书,回购报告书,2024-12-17,https://data.eastmoney.com/notices/detail/600909/AN202412161641316432.html
600968,海油发展,海油发展:2024年第一次临时股东大会决议公告,股东大会决议公告,2024-12-17,https://data.eastmoney.com/notices/detail/600968/AN202412161641316430.html
600968,海油发展,海油发展:北京德恒律师事务所关于中海油能源发展股份有限公司2024年第一次临时股东大会的法律意见,法律意见书,2024-12-17,https://data.eastmoney.com/notices/detail/600968/AN202412161641316431.html
603797,联泰环保,联泰环保:关于“联泰转债”到期兑付暨摘牌的第一次提示性公告,其他,2024-12-17,https://data.eastmoney.com/notices/detail/603797/AN202412161641316422.html
002842,翔鹭钨业,翔鹭钨业:关于公司股东解除质押的公告,股份质押、冻结,2024-12-17,https://data.eastmoney.com/notices/detail/002842/AN202412161641316408.html
002176,江特电机,江特电机:北京市康达律师事务所关于江西特种电机股份有限公司2024年第三次临时股东大会法律意见书,法律意见书,2024-12-17,https://data.eastmoney.com/notices/detail/002176/AN202412161641316420.html
002176,江特电机,江特电机:2024年第三次临时股东大会决议公告,股东大会决议公告,2024-12-17,https://data.eastmoney.com/notices/detail/002176/AN202412161641316415.html
000721,西安饮食,西安饮食:关于公司董事长辞职的公告,高管人员任职变动,2024-12-17,https://data.eastmoney.com/notices/detail/000721/AN202412161641316401.html
000721,西安饮食,西安饮食:关于召开公司2025年度第一次临时股东大会的通知,召开股东大会通知,2024-12-17,https://data.eastmoney.com/notices/detail/000721/AN202412161641316419.html
000721,西安饮食,西安饮食:公司第十届董事会第三次临时会议决议公告,高管人员任职变动,2024-12-17,https://data.eastmoney.com/notices/detail/000721/AN202412161641316409.html
002311,海大集团,海大集团:关于公司独立董事辞职的公告,高管人员任职变动,2024-12-17,https://data.eastmoney.com/notices/detail/002311/AN202412161641316397.html
002843,泰嘉股份,泰嘉股份:关于对外担保的进展公告,提供/对外担保公告,2024-12-17,https://data.eastmoney.com/notices/detail/002843/AN202412161641316413.html
301259,艾布鲁,艾布鲁:关于2025年度向银行等金融机构申请综合授信额度及担保暨关联交易的公告,其他担保公告,2024-12-17,https://data.eastmoney.com/notices/detail/301259/AN202412161641316410.html
301259,艾布鲁,艾布鲁:第三届监事会第十二次会议决议公告,监事会决议公告,2024-12-17,https://data.eastmoney.com/notices/detail/301259/AN202412161641316398.html
301259,艾布鲁,艾布鲁:董事会薪酬与考核委员会议事规则,议事规则/实施细则,2024-12-17,https://data.eastmoney.com/notices/detail/301259/AN202412161641316400.html
301259,艾布鲁,艾布鲁:董事会提名委员会议事规则,议事规则/实施细则,2024-12-17,https://data.eastmoney.com/notices/detail/301259/AN202412161641316403.html
301259,艾布鲁,艾布鲁:关于召开2025年第一次临时股东大会的通知,召开股东大会通知,2024-12-17,https://data.eastmoney.com/notices/detail/301259/AN202412161641316417.html
301259,艾布鲁,艾布鲁:董事会审计委员会议事规则,议事规则/实施细则,2024-12-17,https://data.eastmoney.com/notices/detail/301259/AN202412161641316406.html
301259,艾布鲁,艾布鲁:关于注销子公司的公告,公司关联方基本资料变更,2024-12-17,https://data.eastmoney.com/notices/detail/301259/AN202412161641316411.html
301259,艾布鲁,艾布鲁:董事会战略与发展委员会议事规则,议事规则/实施细则,2024-12-17,https://data.eastmoney.com/notices/detail/301259/AN202412161641316396.html
301259,艾布鲁,艾布鲁:第三届董事会第十三次会议决议公告,董事会决议公告,2024-12-17,https://data.eastmoney.com/notices/detail/301259/AN202412161641316414.html
301259,艾布鲁,艾布鲁:西部证券股份有限公司关于湖南艾布鲁环保科技股份有限公司2025年度向银行等金融机构申请综合授信额度及担保暨关联交易的核查意见,保荐/核查意见,2024-12-17,https://data.eastmoney.com/notices/detail/301259/AN202412161641316402.html
300151,昌红科技,昌红科技:关于2024年年度审计机构变更质量控制复核人的公告,审计机构变更,2024-12-17,https://data.eastmoney.com/notices/detail/300151/AN202412161641316412.html
688192,迪哲医药,迪哲医药:独立董事提名人声明与承诺,独立董事提名人声明,2024-12-17,https://data.eastmoney.com/notices/detail/688192/AN202412161641316376.html
688192,迪哲医药,迪哲医药:监事会关于2022年限制性股票激励计划首次授予部分的第二类激励对象第一个归属期及第一类激励对象第二个归属期归属名单的核查意见,专项说明/独立意见,2024-12-17,https://data.eastmoney.com/notices/detail/688192/AN202412161641316372.html
688192,迪哲医药,迪哲医药:第二届监事会第十次会议决议公告,监事会决议公告,2024-12-17,https://data.eastmoney.com/notices/detail/688192/AN202412161641316380.html
688192,迪哲医药,迪哲医药:第二届董事会独立董事第三次专门会议决议,董事会决议公告,2024-12-17,https://data.eastmoney.com/notices/detail/688192/AN202412161641316377.html
688192,迪哲医药,迪哲医药:北京市中伦律师事务所关于迪哲(江苏)医药股份有限公司2022年限制性股票激励计划首次授予部分归属事项的法律意见书,法律意见书,2024-12-17,https://data.eastmoney.com/notices/detail/688192/AN202412161641316374.html
688192,迪哲医药,迪哲医药:关于2022年限制性股票激励计划首次授予部分的归属条件成就的公告,股权激励进展公告,2024-12-17,https://data.eastmoney.com/notices/detail/688192/AN202412161641316375.html
688192,迪哲医药,迪哲医药:关于变更独立董事及调整董事会专门委员会委员的公告,高管人员任职变动,2024-12-17,https://data.eastmoney.com/notices/detail/688192/AN202412161641316379.html
688192,迪哲医药,迪哲医药:独立董事候选人声明与承诺,独立董事候选人声明,2024-12-17,https://data.eastmoney.com/notices/detail/688192/AN202412161641316373.html
688192,迪哲医药,迪哲医药:关于召开2024年第三次临时股东大会的通知,召开股东大会通知,2024-12-17,https://data.eastmoney.com/notices/detail/688192/AN202412161641316378.html
603180,金牌家居,金牌家居:兴业证券股份有限公司关于金牌厨柜家居科技股份有限公司差异化分红事项的核查意见,保荐/核查意见,2024-12-17,https://data.eastmoney.com/notices/detail/603180/AN202412161641316370.html
600323,瀚蓝环境,瀚蓝环境:关于广东南海控股集团有限公司增持公司股份的公告,股东/实际控制人股份增持,2024-12-17,https://data.eastmoney.com/notices/detail/600323/AN202412161641316369.html
600323,瀚蓝环境,瀚蓝环境:北京大成(广州)律师事务所关于广东南海控股集团有限公司增持瀚蓝环境股份有限公司股份的法律意见书,法律意见书,2024-12-17,https://data.eastmoney.com/notices/detail/600323/AN202412161641316371.html
600221,海航控股,海航控股:2024年11月主要运营数据公告,月度经营情况,2024-12-17,https://data.eastmoney.com/notices/detail/600221/AN202412161641316344.html
600869,远东股份,远东股份:关于转让水木源华电气有限公司100%股权进展暨关联交易的公告,股权转让,2024-12-17,https://data.eastmoney.com/notices/detail/600869/AN202412161641316346.html
603887,城地香江,城地香江:海通证券股份有限公司关于上海城地香江数据科技股份有限公司公开发行可转换公司债券第七次临时受托管理事务报告(2024年度),其他,2024-12-17,https://data.eastmoney.com/notices/detail/603887/AN202412161641316345.html
002202,金风科技,金风科技:关于为全资子公司德国金风提供担保的公告,提供/对外担保公告,2024-12-17,https://data.eastmoney.com/notices/detail/002202/AN202412161641316338.html
600269,赣粤高速,赣粤高速:赣粤高速第九届董事会第六次会议决议公告,高管人员任职变动,2024-12-17,https://data.eastmoney.com/notices/detail/600269/AN202412161641316342.html
600239,ST云城,云南城投:云南城投置业股份有限公司关于公司重大资产重组(2022年)的进展公告,重组进展公告,2024-12-17,https://data.eastmoney.com/notices/detail/600239/AN202412161641316330.html
600239,ST云城,云南城投:云南城投置业股份有限公司关于公司重大资产重组的进展公告,重组进展公告,2024-12-17,https://data.eastmoney.com/notices/detail/600239/AN202412161641316329.html
002861,瀛通通讯,瀛通通讯:关于瀛通转债赎回实施暨即将停止转股的重要提示性公告,其他,2024-12-17,https://data.eastmoney.com/notices/detail/002861/AN202412161641316339.html
002163,海南发展,海南发展:2024年第四次临时股东大会决议公告,股东大会决议公告,2024-12-17,https://data.eastmoney.com/notices/detail/002163/AN202412161641316340.html
000721,西安饮食,西安饮食:关于推举董事代行董事长职责及补选董事的公告,高管人员任职变动,2024-12-17,https://data.eastmoney.com/notices/detail/000721/AN202412161641316341.html
688578,艾力斯,艾力斯:上海艾力斯医药科技股份有限公司关于使用部分暂时闲置募集资金进行现金管理的公告,投资理财,2024-12-17,https://data.eastmoney.com/notices/detail/688578/AN202412161641316328.html
688578,艾力斯,艾力斯:中信证券股份有限公司关于上海艾力斯医药科技股份有限公司使用部分暂时闲置募集资金进行现金管理的核查意见,保荐/核查意见,2024-12-17,https://data.eastmoney.com/notices/detail/688578/AN202412161641316327.html
688578,艾力斯,艾力斯:上海艾力斯医药科技股份有限公司第二届监事会第十次会议决议公告,监事会决议公告,2024-12-17,https://data.eastmoney.com/notices/detail/688578/AN202412161641316326.html
600282,南钢股份,南钢股份:南京钢铁股份有限公司关于对外提供担保的进展公告,提供/对外担保公告,2024-12-17,https://data.eastmoney.com/notices/detail/600282/AN202412161641316325.html
601038,一拖股份,一拖股份:一拖股份关于聘任公司财务总监的公告,高管人员任职变动,2024-12-17,https://data.eastmoney.com/notices/detail/601038/AN202412161641316322.html
002460,赣锋锂业,赣锋锂业:关于2024年度第一期短期融资券(科创票据)发行结果的公告,其他,2024-12-17,https://data.eastmoney.com/notices/detail/002460/AN202412161641316291.html
301122,采纳股份,采纳股份:第三届董事会第十二次会议决议公告,董事会决议公告,2024-12-17,https://data.eastmoney.com/notices/detail/301122/AN202412161641316289.html
301122,采纳股份,采纳股份:关于使用部分闲置募集资金和自有资金进行现金管理的进展公告,募集资金使用进展情况,2024-12-17,https://data.eastmoney.com/notices/detail/301122/AN202412161641316276.html
002782,可立克,可立克:关于使用部分闲置自有资金购买理财产品到期赎回并继续购买的实施公告,投资理财,2024-12-17,https://data.eastmoney.com/notices/detail/002782/AN202412161641316287.html
301206,三元生物,三元生物:关于部分募投项目结项并将节余募集资金永久补充流动资金的公告,募集资金补充流动资金,2024-12-17,https://data.eastmoney.com/notices/detail/301206/AN202412161641316286.html
301206,三元生物,三元生物:第五届监事会第四次会议决议公告,监事会决议公告,2024-12-17,https://data.eastmoney.com/notices/detail/301206/AN202412161641316295.html
301122,采纳股份,采纳股份:关于补选监事的公告,高管人员任职变动,2024-12-17,https://data.eastmoney.com/notices/detail/301122/AN202412161641316296.html
002163,海南发展,海南发展:北京市君合(广州)律师事务所关于海控南海发展股份有限公司2024年第四次临时股东大会的法律意见,法律意见书,2024-12-17,https://data.eastmoney.com/notices/detail/002163/AN202412161641316297.html
002783,凯龙股份,凯龙股份:关于2021年限制性股票激励计划首次授予部分第一个解除限售期解除限售股份上市流通的提示性公告,限售股份上市流通,2024-12-17,https://data.eastmoney.com/notices/detail/002783/AN202412161641316288.html
301122,采纳股份,采纳股份:海通证券股份有限公司关于采纳科技股份有限公司控股子公司预计发生关联交易的核查意见,保荐/核查意见,2024-12-17,https://data.eastmoney.com/notices/detail/301122/AN202412161641316302.html
301122,采纳股份,采纳股份:股东大会议事规则,议事规则/实施细则,2024-12-17,https://data.eastmoney.com/notices/detail/301122/AN202412161641316285.html
301206,三元生物,三元生物:2025年第一次临时股东大会通知公告,召开股东大会通知,2024-12-17,https://data.eastmoney.com/notices/detail/301206/AN202412161641316278.html
301122,采纳股份,采纳股份:关于召开2025年第一次临时股东大会的通知,召开股东大会通知,2024-12-17,https://data.eastmoney.com/notices/detail/301122/AN202412161641316290.html
002401,中远海科,中远海科:第七届董事会第三十五次会议决议公告,董事会决议公告,2024-12-17,https://data.eastmoney.com/notices/detail/002401/AN202412161641316283.html
301206,三元生物,三元生物:中信建投证券股份有限公司关于山东三元生物科技股份有限公司部分募投项目结项并将节余募集资金永久补充流动资金的核查意见,保荐/核查意见,2024-12-17,https://data.eastmoney.com/notices/detail/301206/AN202412161641316299.html
301122,采纳股份,采纳股份:第三届监事会第十一次会议决议公告,高管人员任职变动,2024-12-17,https://data.eastmoney.com/notices/detail/301122/AN202412161641316294.html
301122,采纳股份,采纳股份:董事、监事和高级管理人员所持公司股份及其变动管理制度,管理办法/制度,2024-12-17,https://data.eastmoney.com/notices/detail/301122/AN202412161641316300.html
301122,采纳股份,采纳股份:关于使用部分闲置募集资金和自有资金进行现金管理的公告,投资理财,2024-12-17,https://data.eastmoney.com/notices/detail/301122/AN202412161641316280.html
301122,采纳股份,采纳股份:董事会议事规则,议事规则/实施细则,2024-12-17,https://data.eastmoney.com/notices/detail/301122/AN202412161641316279.html
002314,南山控股,南山控股:关于对外担保的进展公告,提供/对外担保公告,2024-12-17,https://data.eastmoney.com/notices/detail/002314/AN202412161641316284.html
301122,采纳股份,采纳股份:监事会议事规则,议事规则/实施细则,2024-12-17,https://data.eastmoney.com/notices/detail/301122/AN202412161641316281.html
301206,三元生物,三元生物:第五届董事会第四次会议决议公告,董事会决议公告,2024-12-17,https://data.eastmoney.com/notices/detail/301206/AN202412161641316304.html
301122,采纳股份,采纳股份:采纳科技股份有限公司章程,公司章程,2024-12-17,https://data.eastmoney.com/notices/detail/301122/AN202412161641316293.html
301122,采纳股份,采纳股份:关于修订《公司章程》的公告,公司章程修订,2024-12-17,https://data.eastmoney.com/notices/detail/301122/AN202412161641316303.html
301206,三元生物,三元生物:关于美国对中国赤藓糖醇启动反倾销、反补贴调查的公告,其他,2024-12-17,https://data.eastmoney.com/notices/detail/301206/AN202412161641316292.html
301122,采纳股份,采纳股份:海通证券股份有限公司关于采纳科技股份有限公司使用部分闲置募集资金和自有资金进行现金管理的核查意见,保荐/核查意见,2024-12-17,https://data.eastmoney.com/notices/detail/301122/AN202412161641316298.html
301122,采纳股份,采纳股份:关于控股子公司预计发生关联交易的公告,其他,2024-12-17,https://data.eastmoney.com/notices/detail/301122/AN202412161641316301.html
600605,汇通能源,汇通能源:关于召开2025年第一次临时股东大会的通知,召开股东大会通知,2024-12-17,https://data.eastmoney.com/notices/detail/600605/AN202412161641316244.html
600605,汇通能源,汇通能源:第十一届监事会第十二次会议决议公告,高管人员任职变动,2024-12-17,https://data.eastmoney.com/notices/detail/600605/AN202412161641316245.html
600605,汇通能源,汇通能源:第十一届董事会第十三次会议决议公告,高管人员任职变动,2024-12-17,https://data.eastmoney.com/notices/detail/600605/AN202412161641316247.html
600605,汇通能源,汇通能源:关于拟变更公司董事、监事的公告,高管人员任职变动,2024-12-17,https://data.eastmoney.com/notices/detail/600605/AN202412161641316246.html
601188,龙江交通,龙江交通:《黑龙江省交投信科新能源工程建设有限公司2023年度及2024年度1-9月财务报表审计报告书》,其他,2024-12-17,https://data.eastmoney.com/notices/detail/601188/AN202412161641316242.html
601188,龙江交通,龙江交通:龙江交通第四届董事会2024年第七次临时会议决议公告,董事会决议公告,2024-12-17,https://data.eastmoney.com/notices/detail/601188/AN202412161641316235.html
601188,龙江交通,龙江交通:龙江交通第四届董事会2024年第五次独立董事专门会议决议,董事会决议公告,2024-12-17,https://data.eastmoney.com/notices/detail/601188/AN202412161641316238.html
601188,龙江交通,龙江交通:龙江交通第四届监事会2024年第五次临时会议决议公告,监事会决议公告,2024-12-17,https://data.eastmoney.com/notices/detail/601188/AN202412161641316236.html
601188,龙江交通,龙江交通:《黑龙江交通发展股份有限公司拟收购黑龙江省交投信科新能源工程建设有限公司股权项目资产评估报告》,其他,2024-12-17,https://data.eastmoney.com/notices/detail/601188/AN202412161641316239.html
601188,龙江交通,龙江交通:龙江交通关于全资子公司购买资产暨关联交易的公告,其他,2024-12-17,https://data.eastmoney.com/notices/detail/601188/AN202412161641316237.html
000555,神州信息,神州信息:关于为控股子公司提供担保的进展公告,提供/对外担保公告,2024-12-17,https://data.eastmoney.com/notices/detail/000555/AN202412161641316234.html
603322,超讯科技,超讯通信:公司章程(2024年12月拟修订),公司章程修订,2024-12-17,https://data.eastmoney.com/notices/detail/603322/AN202412161641316224.html
603322,超讯科技,超讯通信:第五届董事会第十一次会议决议公告,董事会决议公告,2024-12-17,https://data.eastmoney.com/notices/detail/603322/AN202412161641316225.html
603322,超讯科技,超讯通信:关于修改《公司章程》及办理工商变更登记的公告,公司注册资本变更,2024-12-17,https://data.eastmoney.com/notices/detail/603322/AN202412161641316223.html
603322,超讯科技,超讯通信:关于召开2025年第一次临时股东大会通知公告,召开股东大会通知,2024-12-17,https://data.eastmoney.com/notices/detail/603322/AN202412161641316226.html
600643,爱建集团,爱建集团:爱建集团关于为控股子公司及控股孙公司提供担保的公告,提供/对外担保公告,2024-12-17,https://data.eastmoney.com/notices/detail/600643/AN202412161641316215.html
600643,爱建集团,爱建集团:爱建集团关于控股股东部分股份解除质押的公告,股份质押、冻结,2024-12-17,https://data.eastmoney.com/notices/detail/600643/AN202412161641316216.html
002130,沃尔核材,沃尔核材:关于财务总监辞职的公告,高管人员任职变动,2024-12-17,https://data.eastmoney.com/notices/detail/002130/AN202412161641316211.html
002777,久远银海,久远银海:关于中标项目签订合同的进展公告,重大合同,2024-12-17,https://data.eastmoney.com/notices/detail/002777/AN202412161641316212.html
600505,西昌电力,西昌电力:西昌电力关于公司及全资子公司诉讼进展的公告,诉讼仲裁,2024-12-17,https://data.eastmoney.com/notices/detail/600505/AN202412161641316210.html
605289,罗曼股份,罗曼股份:股票交易异常波动公告,股票交易异常波动,2024-12-17,https://data.eastmoney.com/notices/detail/605289/AN202412161641316209.html
603180,金牌家居,金牌家居:金牌家居关于实施权益分派调整可转债转股价格的公告,分配方案调整,2024-12-17,https://data.eastmoney.com/notices/detail/603180/AN202412161641316200.html
603180,金牌家居,金牌家居:金牌家居2024年前三季度权益分派实施公告,分配方案实施,2024-12-17,https://data.eastmoney.com/notices/detail/603180/AN202412161641316201.html
603998,方盛制药,方盛制药:方盛制药关于公司参与投资设立的并购基金合伙人合伙份额发生变动的提示性公告,其他,2024-12-17,https://data.eastmoney.com/notices/detail/603998/AN202412161641316199.html
605009,豪悦护理,豪悦护理:国浩律师(杭州)事务所关于杭州豪悦护理用品股份有限公司2021年限制性股票回购注销相关事项之法律意见书,法律意见书,2024-12-17,https://data.eastmoney.com/notices/detail/605009/AN202412161641316197.html
603029,天鹅股份,天鹅股份:山东天鹅棉业机械股份有限公司2024年第二次临时股东大会决议公告,股东大会决议公告,2024-12-17,https://data.eastmoney.com/notices/detail/603029/AN202412161641316196.html
603029,天鹅股份,天鹅股份:山东天鹅棉业机械股份有限公司2024年第二次临时股东大会法律意见书,法律意见书,2024-12-17,https://data.eastmoney.com/notices/detail/603029/AN202412161641316198.html
605009,豪悦护理,豪悦护理:杭州豪悦护理用品股份有限公司关于股权激励限制性股票回购注销实施公告,回购实施公告,2024-12-17,https://data.eastmoney.com/notices/detail/605009/AN202412161641316195.html
601899,紫金矿业,紫金矿业:紫金矿业集团股份有限公司关于为子公司提供担保的实施公告,提供/对外担保公告,2024-12-17,https://data.eastmoney.com/notices/detail/601899/AN202412161641316054.html
000876,新希望,新希望:关于召开2024年第三次临时股东大会的提示性公告,召开股东大会提示性公告,2024-12-17,https://data.eastmoney.com/notices/detail/000876/AN202412161641316182.html
000810,创维数字,创维数字:关于公司董事退休离任的公告,高管人员任职变动,2024-12-17,https://data.eastmoney.com/notices/detail/000810/AN202412161641316183.html
603180,金牌家居,金牌家居:兴业证券股份有限公司关于金牌厨柜家居科技股份有限公司2024年度现场检查报告,保荐/核查意见,2024-12-17,https://data.eastmoney.com/notices/detail/603180/AN202412161641316008.html
301129,瑞纳智能,瑞纳智能:关于审计机构变更签字注册会计师的公告,审计机构变更,2024-12-17,https://data.eastmoney.com/notices/detail/301129/AN202412161641316003.html
002653,海思科,海思科:关于控股股东部分股份质押及解除质押的公告,股份质押、冻结,2024-12-17,https://data.eastmoney.com/notices/detail/002653/AN202412161641316002.html
603903,中持股份,中持股份:中持水务股份有限公司关于拟与专业机构合作设立投资基金的进展公告,投资设立公司,2024-12-17,https://data.eastmoney.com/notices/detail/603903/AN202412161641315985.html
002661,克明食品,克明食品:关于首次回购公司股份的公告,回购实施公告,2024-12-17,https://data.eastmoney.com/notices/detail/002661/AN202412161641315981.html
002051,中工国际,中工国际:经营合同公告,重大合同,2024-12-17,https://data.eastmoney.com/notices/detail/002051/AN202412161641315984.html
000928,中钢国际,中钢国际:关于国有股权无偿划转暨直接控股股东变更的进展公告,股权转让,2024-12-17,https://data.eastmoney.com/notices/detail/000928/AN202412161641315982.html
000501,武商集团,武商集团:股票交易异常波动公告,股票交易异常波动,2024-12-17,https://data.eastmoney.com/notices/detail/000501/AN202412161641315983.html
600318,新力金融,新力金融:安徽新力金融股份有限公司关于2024年第三季度业绩说明会召开情况的公告,其他,2024-12-17,https://data.eastmoney.com/notices/detail/600318/AN202412161641315979.html
603506,南都物业,南都物业:南都物业服务集团股份有限公司2024年第二次临时股东大会决议公告,股东大会决议公告,2024-12-17,https://data.eastmoney.com/notices/detail/603506/AN202412161641315978.html
603506,南都物业,南都物业:浙江天册律师事务所关于南都物业服务集团股份有限公司2024年第二次临时股东大会法律意见书,法律意见书,2024-12-17,https://data.eastmoney.com/notices/detail/603506/AN202412161641315977.html
601968,宝钢包装,宝钢包装:关于向特定对象发行股票发行情况的提示性公告,其他增发事项公告,2024-12-17,https://data.eastmoney.com/notices/detail/601968/AN202412161641315963.html
601968,宝钢包装,宝钢包装:上海宝钢包装股份有限公司验资报告,保荐/核查意见,2024-12-17,https://data.eastmoney.com/notices/detail/601968/AN202412161641315959.html
601968,宝钢包装,宝钢包装:上海市方达律师事务所关于上海宝钢包装股份有限公司向特定对象发行股票发行过程和认购对象合规性的法律意见书,法律意见书,2024-12-17,https://data.eastmoney.com/notices/detail/601968/AN202412161641315964.html
601968,宝钢包装,宝钢包装:中国国际金融股份有限公司、中信证券股份有限公司关于上海宝钢包装股份有限公司向特定对象发行股票发行过程和认购对象合规性的报告,保荐/核查意见,2024-12-17,https://data.eastmoney.com/notices/detail/601968/AN202412161641315962.html
601968,宝钢包装,宝钢包装:上海宝钢包装股份有限公司向特定对象发行A股股票发行情况报告书,其他增发事项公告,2024-12-17,https://data.eastmoney.com/notices/detail/601968/AN202412161641315960.html
601968,宝钢包装,宝钢包装:上海宝钢包装股份有限公司向特定对象发行A股股票申购资金验证报告,保荐/核查意见,2024-12-17,https://data.eastmoney.com/notices/detail/601968/AN202412161641315961.html
688347,华虹宏力,华虹公司:关于持股5%以上股东权益变动达到1%的提示性公告,权益变动报告书,2024-12-17,https://data.eastmoney.com/notices/detail/688347/AN202412161641315950.html
688249,晶合集成,晶合集成:晶合集成股东询价转让定价情况提示性公告,询价转让定价情况提示性公告,2024-12-17,https://data.eastmoney.com/notices/detail/688249/AN202412161641315949.html
603799,华友钴业,华友钴业:国浩律师(杭州)事务所关于浙江华友钴业股份有限公司2024年第四次临时股东大会法律意见书,法律意见书,2024-12-17,https://data.eastmoney.com/notices/detail/603799/AN202412161641315931.html
603799,华友钴业,华友钴业:华友钴业2024年第四次临时股东大会决议公告,股东大会决议公告,2024-12-17,https://data.eastmoney.com/notices/detail/603799/AN202412161641315930.html
600028,中国石化,中国石化:中国石化H股公告-翌日披露表格,其他,2024-12-17,https://data.eastmoney.com/notices/detail/600028/AN202412161641315866.html
601789,宁波建工,宁波建工:北京恒都(宁波)律师事务所关于宁波交通投资集团有限公司免于发出要约之法律意见书,法律意见书,2024-12-17,https://data.eastmoney.com/notices/detail/601789/AN202412161641315926.html
601789,宁波建工,宁波建工:宁波建工关于发行股份购买资产暨关联交易事项获得宁波市人民政府国有资产监督管理委员会批复的公告,增发获准公告,2024-12-17,https://data.eastmoney.com/notices/detail/601789/AN202412161641315927.html
603312,西典新能,西典新能:关于公司发布新产品的公告,其他,2024-12-17,https://data.eastmoney.com/notices/detail/603312/AN202412161641315924.html
601789,宁波建工,宁波建工:宁波建工2024年第二次临时股东大会决议公告,股东大会决议公告,2024-12-17,https://data.eastmoney.com/notices/detail/601789/AN202412161641315925.html
601789,宁波建工,宁波建工:上海段和段(宁波)律师事务所关于宁波建工2024年第二次临时股东大会的法律意见书,法律意见书,2024-12-17,https://data.eastmoney.com/notices/detail/601789/AN202412161641315928.html
600029,南方航空,南方航空:南方航空2024年11月主要运营数据公告,月度经营情况,2024-12-17,https://data.eastmoney.com/notices/detail/600029/AN202412161641315900.html
600933,爱柯迪,爱柯迪:第四届董事会第四次会议决议公告,高管人员任职变动,2024-12-17,https://data.eastmoney.com/notices/detail/600933/AN202412161641315901.html
003002,壶化股份,壶化股份:关于控股股东股权解除质押的公告,股份质押、冻结,2024-12-17,https://data.eastmoney.com/notices/detail/003002/AN202412161641315899.html
600420,国药现代,国药现代:关于全资子公司获得化学原料药上市申请批准通知书的公告,其他,2024-12-17,https://data.eastmoney.com/notices/detail/600420/AN202412161641315891.html
600995,南网储能,南网储能:南方电网储能股份有限公司2024年第四次临时股东大会会议材料,股东大会资料,2024-12-17,https://data.eastmoney.com/notices/detail/600995/AN202412161641315882.html
688084,晶品特装,晶品特装:2024年第一次临时股东大会会议资料,股东大会资料,2024-12-17,https://data.eastmoney.com/notices/detail/688084/AN202412161641315880.html
688656,浩欧博,浩欧博:江苏浩欧博生物医药股份有限公司2024年第二次临时股东大会决议公告,股东大会决议公告,2024-12-17,https://data.eastmoney.com/notices/detail/688656/AN202412161641315878.html
688656,浩欧博,浩欧博:国浩律师(上海)事务所关于江苏浩欧博生物医药股份有限公司2024年第二次临时股东大会的法律意见书,法律意见书,2024-12-17,https://data.eastmoney.com/notices/detail/688656/AN202412161641315879.html
600900,长江电力,长江电力:长江电力2024年第四次临时股东大会资料,股东大会资料,2024-12-17,https://data.eastmoney.com/notices/detail/600900/AN202412161641315870.html
600105,永鼎股份,永鼎股份:永鼎股份关于实施“永鼎转债”赎回暨摘牌的第十次提示性公告,其他,2024-12-17,https://data.eastmoney.com/notices/detail/600105/AN202412161641315863.html
688177,百奥泰,百奥泰:百奥泰第二届董事会第二十次会议决议的公告,董事会决议公告,2024-12-17,https://data.eastmoney.com/notices/detail/688177/AN202412161641315742.html
688177,百奥泰,百奥泰:百奥泰自愿披露关于与SteinCares就BAT2306(司库奇尤单抗)注射液签署授权许可及生产、供货和商业化协议的公告,签订协议,2024-12-17,https://data.eastmoney.com/notices/detail/688177/AN202412161641315741.html
688337,普源精电,普源精电:普源精电科技股份有限公司关于新增募集资金专户并签订四方监管协议的公告,签订协议,2024-12-17,https://data.eastmoney.com/notices/detail/688337/AN202412161641315740.html
688350,富淼科技,富淼科技:江苏世纪同仁律师事务所关于江苏富淼科技股份有限公司2024年第四次临时股东会的法律意见书,法律意见书,2024-12-17,https://data.eastmoney.com/notices/detail/688350/AN202412161641315735.html
688350,富淼科技,富淼科技:富淼科技关于向下修正“富淼转债”转股价格暨转股停牌的公告,停牌公告,2024-12-17,https://data.eastmoney.com/notices/detail/688350/AN202412161641315734.html
688350,富淼科技,富淼科技:江苏富淼科技股份有限公司2024年第四次临时股东大会决议公告,股东大会决议公告,2024-12-17,https://data.eastmoney.com/notices/detail/688350/AN202412161641315733.html
601377,兴业证券,兴业证券:兴业证券2024年第二次临时股东大会决议公告,分配方案决议公告,2024-12-17,https://data.eastmoney.com/notices/detail/601377/AN202412161641315730.html
601377,兴业证券,兴业证券:国浩律师(上海)事务所关于兴业证券股份有限公司2024年第二次临时股东大会的法律意见书,法律意见书,2024-12-17,https://data.eastmoney.com/notices/detail/601377/AN202412161641315729.html
688669,聚石化学,聚石化学:2024年第四次临时股东大会会议资料,股东大会资料,2024-12-17,https://data.eastmoney.com/notices/detail/688669/AN202412161641315726.html
688179,阿拉丁,阿拉丁:阿拉丁监事会关于公司2024年限制性股票计划激励对象名单的公示情况说明及核查意见,专项说明/独立意见,2024-12-17,https://data.eastmoney.com/notices/detail/688179/AN202412161641315727.html
688528,秦川物联,秦川物联:关于终止重大资产重组的提示性公告,重组进展公告,2024-12-17,https://data.eastmoney.com/notices/detail/688528/AN202412161641315721.html
601238,广汽集团,广汽集团:H股公告-翌日披露报表,其他,2024-12-17,https://data.eastmoney.com/notices/detail/601238/AN202412161641315679.html
603759,海天股份,海天股份:海天股份关于为子公司提供担保及子公司间相互担保的进展公告,提供/对外担保公告,2024-12-17,https://data.eastmoney.com/notices/detail/603759/AN202412161641315683.html
603316,诚邦股份,诚邦股份:诚邦生态环境股份有限公司2024年第二次临时股东大会决议公告,股东大会决议公告,2024-12-17,https://data.eastmoney.com/notices/detail/603316/AN202412161641315682.html
603316,诚邦股份,诚邦股份:2024年第二次临时股东大会法律意见书,法律意见书,2024-12-17,https://data.eastmoney.com/notices/detail/603316/AN202412161641315681.html
603713,密尔克卫,密尔克卫:密尔克卫智能供应链服务集团股份有限公司对外担保进展公告,提供/对外担保公告,2024-12-17,https://data.eastmoney.com/notices/detail/603713/AN202412161641315680.html
603778,国晟科技,国晟科技:2024年限制性股票与股票期权激励计划首次授予结果公告,股权激励进展公告,2024-12-17,https://data.eastmoney.com/notices/detail/603778/AN202412161641315678.html
603316,诚邦股份,诚邦股份:诚邦生态环境股份有限公司关于签订工程施工专业分包合同的公告,重大合同,2024-12-17,https://data.eastmoney.com/notices/detail/603316/AN202412161641315677.html
600617,国新能源,国新能源:山西省国新能源股份有限公司第十届监事会第十三次会议决议公告,高管人员任职变动,2024-12-17,https://data.eastmoney.com/notices/detail/600617/AN202412161641315602.html
601137,博威合金,博威合金:博威合金关于“博23转债”付息的公告,其他,2024-12-17,https://data.eastmoney.com/notices/detail/601137/AN202412161641315639.html
601137,博威合金,博威合金:博威合金关于为全资子公司提供担保的公告,提供/对外担保公告,2024-12-17,https://data.eastmoney.com/notices/detail/601137/AN202412161641315640.html
600617,国新能源,国新能源:国浩律师(上海)事务所关于山西省国新能源股份有限公司2024年第三次临时股东大会之法律意见书,法律意见书,2024-12-17,https://data.eastmoney.com/notices/detail/600617/AN202412161641315601.html
600617,国新能源,国新能源:山西省国新能源股份有限公司2024年第三次临时股东大会决议公告,股东大会决议公告,2024-12-17,https://data.eastmoney.com/notices/detail/600617/AN202412161641315600.html
603321,梅轮电梯,梅轮电梯:浙江梅轮电梯股份有限公司关于股份性质变更暨2024年限制性股票激励计划授予的进展公告,股权激励进展公告,2024-12-17,https://data.eastmoney.com/notices/detail/603321/AN202412161641315580.html
603987,康德莱,康德莱:上海康德莱企业发展集团股份有限公司2024年第二次临时股东会决议公告,股东大会决议公告,2024-12-17,https://data.eastmoney.com/notices/detail/603987/AN202412161641315575.html
603987,康德莱,康德莱:德恒上海律师事务所关于上海康德莱企业发展集团股份有限公司2024年第二次临时股东会之见证意见,法律意见书,2024-12-17,https://data.eastmoney.com/notices/detail/603987/AN202412161641315574.html
002403,爱仕达,爱仕达:关于为全资子公司提供担保的进展公告,提供/对外担保公告,2024-12-17,https://data.eastmoney.com/notices/detail/002403/AN202412161641315571.html
002245,蔚蓝锂芯,蔚蓝锂芯:关于使用部分闲置募集资金进行现金管理的进展公告,募集资金使用进展情况,2024-12-17,https://data.eastmoney.com/notices/detail/002245/AN202412161641315573.html
000829,天音控股,天音控股:关于董事会、监事会延期换届的公告,高管人员任职变动,2024-12-17,https://data.eastmoney.com/notices/detail/000829/AN202412161641315572.html
600759,ST洲际,洲际油气:洲际油气股份有限公司2024年第三次临时股东大会会议决议公告,股东大会决议公告,2024-12-17,https://data.eastmoney.com/notices/detail/600759/AN202412161641315456.html
600759,ST洲际,洲际油气:湖南启元律师事务所关于洲际油气股份有限公司2024年第三次临时股东大会的法律意见书,法律意见书,2024-12-17,https://data.eastmoney.com/notices/detail/600759/AN202412161641315454.html
600223,福瑞达,福瑞达:鲁商福瑞达医药股份有限公司关于控股股东非公开发行可交换公司债券部分股份拟解除质押的提示性公告,股份质押、冻结,2024-12-17,https://data.eastmoney.com/notices/detail/600223/AN202412161641315455.html
600959,江苏有线,江苏有线:江苏有线2024年第二次临时股东会决议公告,股东大会决议公告,2024-12-17,https://data.eastmoney.com/notices/detail/600959/AN202412161641315385.html
600959,江苏有线,江苏有线:江苏有线2024年第二次临时股东会之法律意见书,法律意见书,2024-12-17,https://data.eastmoney.com/notices/detail/600959/AN202412161641315384.html
600688,上海石化,上海石化:上海石化H股公告-翌日披露表格,其他,2024-12-17,https://data.eastmoney.com/notices/detail/600688/AN202412161641315282.html
688091,上海谊众,上海谊众:上海谊众药业股份有限公司2022年限制性股票激励计划第一个归属期首次授予部分股票归属结果暨股份上市公告,限售股份上市流通,2024-12-17,https://data.eastmoney.com/notices/detail/688091/AN202412161641315378.html
603238,诺邦股份,诺邦股份:诺邦股份股票交易异常波动公告,股票交易异常波动,2024-12-17,https://data.eastmoney.com/notices/detail/603238/AN202412161641315369.html
603238,诺邦股份,诺邦股份:控股股东及实控人关于《杭州诺邦无纺股份有限公司关于股票交易异常波动有关事项的问询函》的回函,回复问询函公告,2024-12-17,https://data.eastmoney.com/notices/detail/603238/AN202412161641315368.html
300673,佩蒂股份,佩蒂股份:关于佩蒂转债2024年付息的公告,其他,2024-12-17,https://data.eastmoney.com/notices/detail/300673/AN202412161641315365.html
605155,西大门,西大门:关于部分股权激励限制性股票回购注销实施公告,回购实施公告,2024-12-17,https://data.eastmoney.com/notices/detail/605155/AN202412161641315342.html
603360,百傲化学,百傲化学:大连百傲化学股份有限公司关于为子公司提供担保的进展公告,提供/对外担保公告,2024-12-17,https://data.eastmoney.com/notices/detail/603360/AN202412161641315343.html
605001,威奥股份,威奥股份:威奥股份关于持股5%以上股东拟协议转让部分股份暨权益变动的提示性公告,权益变动报告书,2024-12-17,https://data.eastmoney.com/notices/detail/605001/AN202412161641315322.html
605001,威奥股份,威奥股份:简式权益变动报告书(一),权益变动报告书,2024-12-17,https://data.eastmoney.com/notices/detail/605001/AN202412161641315321.html
605001,威奥股份,威奥股份:简式权益变动报告书(二),权益变动报告书,2024-12-17,https://data.eastmoney.com/notices/detail/605001/AN202412161641315323.html
002291,遥望科技,遥望科技:关于股票交易异常波动的公告,股票交易异常波动,2024-12-17,https://data.eastmoney.com/notices/detail/002291/AN202412161641315320.html
600172,黄河旋风,黄河旋风:河南黄河旋风股份有限公司2024年第四次临时股东大会决议公告,股东大会决议公告,2024-12-17,https://data.eastmoney.com/notices/detail/600172/AN202412161641315305.html
600172,黄河旋风,黄河旋风:河南世纪通律师事务所关于河南黄河旋风股份有限公司2024年第四次临时股东大会的法律意见书,法律意见书,2024-12-17,https://data.eastmoney.com/notices/detail/600172/AN202412161641315304.html
600779,水井坊,水井坊:水井坊2021年员工持股计划第二次持有人会议决议公告,员工持股计划,2024-12-17,https://data.eastmoney.com/notices/detail/600779/AN202412161641315267.html
601615,明阳智能,明阳智能:关于境外公司债券完成本息兑付的公告,其他,2024-12-17,https://data.eastmoney.com/notices/detail/601615/AN202412161641315268.html
603718,*ST海利,海利生物:海利生物第五届董事会第十次会议决议公告,董事会决议公告,2024-12-17,https://data.eastmoney.com/notices/detail/603718/AN202412161641315266.html
603718,*ST海利,海利生物:海利生物关于“提质增效重回报”行动方案的公告,其他,2024-12-17,https://data.eastmoney.com/notices/detail/603718/AN202412161641315265.html
603087,甘李药业,甘李药业:关于控股股东及实际控制人部分股份解押的公告,股份质押、冻结,2024-12-17,https://data.eastmoney.com/notices/detail/603087/AN202412161641315259.html
600581,*ST八钢,八一钢铁:八一钢铁第八届董事会第十七次会议决议公告,董事会决议公告,2024-12-17,https://data.eastmoney.com/notices/detail/600581/AN202412161641315262.html
600581,*ST八钢,八一钢铁:八一钢铁第八届监事会第十五次会议决议公告,监事会决议公告,2024-12-17,https://data.eastmoney.com/notices/detail/600581/AN202412161641315260.html
603718,*ST海利,海利生物:海利生物关于公司使用闲置自有资金委托理财的公告,委托（受托）事项,2024-12-17,https://data.eastmoney.com/notices/detail/603718/AN202412161641315261.html
603718,*ST海利,海利生物:海利生物第五届监事会第五次会议决议公告,监事会决议公告,2024-12-17,https://data.eastmoney.com/notices/detail/603718/AN202412161641315264.html
600581,*ST八钢,八一钢铁:八一钢铁关于召开2024年第二次临时股东大会的通知,召开股东大会通知,2024-12-17,https://data.eastmoney.com/notices/detail/600581/AN202412161641315263.html
600395,盘江股份,盘江股份:盘江股份2024年第二次临时股东大会决议公告,股东大会决议公告,2024-12-17,https://data.eastmoney.com/notices/detail/600395/AN202412161641315146.html
600395,盘江股份,盘江股份:盘江股份2024年第二次临时股东大会法律意见书,法律意见书,2024-12-17,https://data.eastmoney.com/notices/detail/600395/AN202412161641315144.html
600793,宜宾纸业,宜宾纸业:股票交易风险提示性公告,风险提示性公告,2024-12-17,https://data.eastmoney.com/notices/detail/600793/AN202412161641315145.html
600884,杉杉股份,杉杉股份:关于变更会计师事务所的公告,审计机构变更,2024-12-17,https://data.eastmoney.com/notices/detail/600884/AN202412161641315142.html
600884,杉杉股份,杉杉股份:杉杉股份关于2024年第一次临时股东大会增加临时提案的公告,增加股东大会议案,2024-12-17,https://data.eastmoney.com/notices/detail/600884/AN202412161641315141.html
600375,汉马科技,*ST汉马:汉马科技集团股份有限公司关于控股股东权益变动的提示性公告,权益变动报告书,2024-12-17,https://data.eastmoney.com/notices/detail/600375/AN202412161641315128.html
600375,汉马科技,*ST汉马:汉马科技集团股份有限公司简式权益变动报告书(吉利商用车集团),权益变动报告书,2024-12-17,https://data.eastmoney.com/notices/detail/600375/AN202412161641315129.html
002378,章源钨业,章源钨业:关于为全资子公司赣州澳克泰工具技术有限公司申请银行贷款提供担保的公告,提供/对外担保公告,2024-12-17,https://data.eastmoney.com/notices/detail/002378/AN202412161641315257.html
002378,章源钨业,章源钨业:第六届监事会第十次会议决议公告,监事会决议公告,2024-12-17,https://data.eastmoney.com/notices/detail/002378/AN202412161641315155.html
002378,章源钨业,章源钨业:关于2024年1-10月资产损失的公告,其他,2024-12-17,https://data.eastmoney.com/notices/detail/002378/AN202412161641315258.html
002378,章源钨业,章源钨业:第六届董事会第十三次会议决议公告,董事会决议公告,2024-12-17,https://data.eastmoney.com/notices/detail/002378/AN202412161641315156.html
603357,设计总院,设计总院:设计总院关于董事辞职的公告,高管人员任职变动,2024-12-17,https://data.eastmoney.com/notices/detail/603357/AN202412161641315118.html
002671,龙泉股份,龙泉股份:关于签订合同的公告,重大合同,2024-12-17,https://data.eastmoney.com/notices/detail/002671/AN202412161641315108.html
002613,北玻股份,北玻股份:北京大成律师事务所关于洛阳北方玻璃技术股份有限公司2024年第一次临时股东大会的法律意见书,法律意见书,2024-12-17,https://data.eastmoney.com/notices/detail/002613/AN202412161641315111.html
002613,北玻股份,北玻股份:2024年第一次临时股东大会决议公告,股东大会决议公告,2024-12-17,https://data.eastmoney.com/notices/detail/002613/AN202412161641315110.html
002584,西陇科学,西陇科学:2024年第四次临时股东大会法律意见书,法律意见书,2024-12-17,https://data.eastmoney.com/notices/detail/002584/AN202412161641315112.html
002584,西陇科学,西陇科学:2024年第四次临时股东大会决议公告,股东大会决议公告,2024-12-17,https://data.eastmoney.com/notices/detail/002584/AN202412161641315113.html
600745,*ST闻泰,闻泰科技:关于“闻泰转债”预计满足转股价格修正条件的提示性公告,其他,2024-12-17,https://data.eastmoney.com/notices/detail/600745/AN202412161641315099.html
603111,康尼机电,康尼机电:南京康尼机电股份有限公司2024年第一次临时股东会会议材料,股东大会资料,2024-12-17,https://data.eastmoney.com/notices/detail/603111/AN202412161641315100.html
002805,丰元股份,丰元股份:关于全资孙公司收到增值税留抵退税的公告,其他,2024-12-17,https://data.eastmoney.com/notices/detail/002805/AN202412161641315064.html
600476,*ST湘邮,湘邮科技:湖南湘邮科技股份有限公司关于董事辞职的公告,高管人员任职变动,2024-12-17,https://data.eastmoney.com/notices/detail/600476/AN202412161641315061.html
600985,淮北矿业,淮北矿业:淮北矿业控股股份有限公司关于控股股东首次增持公司股份暨增持计划进展的公告,股东/实际控制人股份增持,2024-12-17,https://data.eastmoney.com/notices/detail/600985/AN202412161641315060.html
603833,欧派家居,欧派家居:欧派家居第四届董事会第二十次会议决议公告,董事会决议公告,2024-12-17,https://data.eastmoney.com/notices/detail/603833/AN202412161641315043.html
603800,洪田股份,洪田股份:2024年第五次临时股东大会会议决议公告,股东大会决议公告,2024-12-17,https://data.eastmoney.com/notices/detail/603800/AN202412161641315026.html
603800,洪田股份,洪田股份:上海市锦天城律师事务所关于江苏洪田科技股份有限公司2024年第五次临时股东大会的法律意见书,法律意见书,2024-12-17,https://data.eastmoney.com/notices/detail/603800/AN202412161641315025.html
603826,坤彩科技,坤彩科技:关于公司为全资子公司提供担保事项进展的公告,提供/对外担保公告,2024-12-17,https://data.eastmoney.com/notices/detail/603826/AN202412161641315022.html
002532,天山铝业,天山铝业:关于控股股东部分股份解除质押的公告,股份质押、冻结,2024-12-17,https://data.eastmoney.com/notices/detail/002532/AN202412161641315015.html
002471,中超控股,中超控股:2024年第八次临时股东大会法律意见,法律意见书,2024-12-17,https://data.eastmoney.com/notices/detail/002471/AN202412161641315011.html
002471,中超控股,中超控股:2024年第八次临时股东大会决议公告,股东大会决议公告,2024-12-17,https://data.eastmoney.com/notices/detail/002471/AN202412161641315013.html
002346,柘中股份,柘中股份:关于借款展期暨关联交易的公告,借贷,2024-12-17,https://data.eastmoney.com/notices/detail/002346/AN202412161641315014.html
002346,柘中股份,柘中股份:第五届董事会第十七次会议决议公告,董事会决议公告,2024-12-17,https://data.eastmoney.com/notices/detail/002346/AN202412161641315016.html
002086,东方海洋,东方海洋:关于募集资金专户销户完成的公告,募集资金使用情况报告,2024-12-17,https://data.eastmoney.com/notices/detail/002086/AN202412161641315012.html
002022,科华生物,科华生物:关于产品获得医疗器械注册证的公告,其他,2024-12-17,https://data.eastmoney.com/notices/detail/002022/AN202412161641315017.html
601881,中国银河,中国银河:2024年度第十七期短期融资券发行结果公告,其他,2024-12-17,https://data.eastmoney.com/notices/detail/601881/AN202412161641314996.html
600272,开开实业,开开实业:股票交易风险提示公告,风险提示性公告,2024-12-17,https://data.eastmoney.com/notices/detail/600272/AN202412161641314995.html
600127,金健米业,金健米业:湖南启元律师事务所关于金健米业2024年第五次临时股东大会法律意见书,法律意见书,2024-12-17,https://data.eastmoney.com/notices/detail/600127/AN202412161641314983.html
600127,金健米业,金健米业:金健米业第九届董事会第三十三次会议决议公告,高管人员任职变动,2024-12-17,https://data.eastmoney.com/notices/detail/600127/AN202412161641314985.html
600127,金健米业,金健米业:金健米业2024年第六次临时股东大会决议公告,股东大会决议公告,2024-12-17,https://data.eastmoney.com/notices/detail/600127/AN202412161641314984.html
600127,金健米业,金健米业:金健米业关于选举公司董事长的公告,高管人员任职变动,2024-12-17,https://data.eastmoney.com/notices/detail/600127/AN202412161641314986.html
000809,和展能源,*ST和展:股票交易异常波动公告,股票交易异常波动,2024-12-17,https://data.eastmoney.com/notices/detail/000809/AN202412161641314972.html
002888,惠威科技,惠威科技:2024年第三次临时股东大会决议公告,股东大会决议公告,2024-12-17,https://data.eastmoney.com/notices/detail/002888/AN202412161641314971.html
600000,浦发银行,浦发银行:上海浦东发展银行股份有限公司第七届董事会第七十八次会议决议公告,董事会决议公告,2024-12-17,https://data.eastmoney.com/notices/detail/600000/AN202412161641314962.html
603939,益丰药房,益丰药房:2024年第四次临时股东会决议公告,股东大会决议公告,2024-12-17,https://data.eastmoney.com/notices/detail/603939/AN202412161641314964.html
603939,益丰药房,益丰药房:湖南启元律师事务所关于益丰大药房连锁股份有限公司2024年第四次临时股东会的法律意见书,法律意见书,2024-12-17,https://data.eastmoney.com/notices/detail/603939/AN202412161641314965.html
600000,浦发银行,浦发银行:上海浦东发展银行股份有限公司第七届监事会第七十五次会议决议公告,监事会决议公告,2024-12-17,https://data.eastmoney.com/notices/detail/600000/AN202412161641314963.html
688388,嘉元科技,嘉元科技:广东嘉元科技股份有限公司关于签订重大采购合同的公告,重大合同,2024-12-17,https://data.eastmoney.com/notices/detail/688388/AN202412161641314960.html
603809,豪能股份,豪能股份:关于2024年度对外担保计划的进展公告,提供/对外担保公告,2024-12-17,https://data.eastmoney.com/notices/detail/603809/AN202412161641314845.html
688235,百济神州,百济神州:港股公告:翌日披露报表,其他,2024-12-17,https://data.eastmoney.com/notices/detail/688235/AN202412161641314829.html
002888,惠威科技,惠威科技:惠威科技2024年第三次临时股东大会法律意见书,法律意见书,2024-12-17,https://data.eastmoney.com/notices/detail/002888/AN202412161641314837.html
002484,江海股份,江海股份:江苏世纪同仁律师事务所关于南通江海电容器股份有限公司2024年第二次临时股东大会法律意见书,法律意见书,2024-12-17,https://data.eastmoney.com/notices/detail/002484/AN202412161641314839.html
002533,金杯电工,金杯电工:关于公司控股股东股份解除质押的公告,股份质押、冻结,2024-12-17,https://data.eastmoney.com/notices/detail/002533/AN202412161641314836.html
002484,江海股份,江海股份:南通江海电容器股份有限公司2024年第二次临时股东大会决议公告,股东大会决议公告,2024-12-17,https://data.eastmoney.com/notices/detail/002484/AN202412161641314835.html
002001,新和成,新和成:关于回购股份注销完成暨股份变动的公告,股本变动,2024-12-17,https://data.eastmoney.com/notices/detail/002001/AN202412161641314838.html
600231,凌钢股份,凌钢股份:凌源钢铁股份有限公司关于控股股东7%股权无偿划转事项获国务院国有资产监督管理委员会批准暨实际控制人变更的进展提示性公告,股权转让,2024-12-17,https://data.eastmoney.com/notices/detail/600231/AN202412161641314833.html
600851,海欣股份,海欣股份:上海海欣集团股份有限公司股票交易风险提示公告,风险提示性公告,2024-12-17,https://data.eastmoney.com/notices/detail/600851/AN202412161641314818.html
301193,家联科技,家联科技:关于“家联转债”2024年付息的公告,其他,2024-12-17,https://data.eastmoney.com/notices/detail/301193/AN202412161641314817.html
600515,海南机场,海南机场:海南机场设施股份有限公司2024年11月机场业务生产经营数据快报,月度经营情况,2024-12-17,https://data.eastmoney.com/notices/detail/600515/AN202412161641314807.html
601006,大秦铁路,大秦铁路:大秦铁路股份有限公司关于“大秦转债”可能满足赎回条件的提示性公告,其他,2024-12-17,https://data.eastmoney.com/notices/detail/601006/AN202412161641314806.html
603608,天创时尚,*ST天创:关于广东证监局对公司采取责令改正监管措施所涉问题的整改报告,整改报告,2024-12-17,https://data.eastmoney.com/notices/detail/603608/AN202412161641314793.html
603608,天创时尚,*ST天创:关于“天创转债”可回售的第五次提示性公告,其他,2024-12-17,https://data.eastmoney.com/notices/detail/603608/AN202412161641314791.html
603608,天创时尚,*ST天创:关于第五届监事会第八次会议决议公告,监事会决议公告,2024-12-17,https://data.eastmoney.com/notices/detail/603608/AN202412161641314792.html
603608,天创时尚,*ST天创:关于第五届董事会第九次会议决议公告,董事会决议公告,2024-12-17,https://data.eastmoney.com/notices/detail/603608/AN202412161641314794.html
002128,电投能源,电投能源:内蒙古电投能源股份有限公司2024年度第七次临时股东大会的法律意见书,法律意见书,2024-12-17,https://data.eastmoney.com/notices/detail/002128/AN202412161641314789.html
002128,电投能源,电投能源:关于副总经理辞职的公告,高管人员任职变动,2024-12-17,https://data.eastmoney.com/notices/detail/002128/AN202412161641314788.html
002128,电投能源,电投能源:2024年第七次临时股东大会决议公告,股东大会决议公告,2024-12-17,https://data.eastmoney.com/notices/detail/002128/AN202412161641314790.html
688185,康希诺,康希诺:自愿披露关于婴幼儿用吸附无细胞百(组分)白破联合疫苗药品注册申请获得受理的公告,其他,2024-12-17,https://data.eastmoney.com/notices/detail/688185/AN202412161641314653.html
600961,株冶集团,株冶集团:株冶集团总经理工作规则,议事规则/实施细则,2024-12-17,https://data.eastmoney.com/notices/detail/600961/AN202412161641314762.html
600961,株冶集团,株冶集团:株冶集团关于对五矿集团财务有限责任公司的风险持续评估报告,其他,2024-12-17,https://data.eastmoney.com/notices/detail/600961/AN202412161641314765.html
600961,株冶集团,株冶集团:株冶集团关于开展商品期货套期保值业务的可行性分析报告,其他,2024-12-17,https://data.eastmoney.com/notices/detail/600961/AN202412161641314775.html
600961,株冶集团,株冶集团:中信建投证券股份有限公司关于株洲冶炼集团股份有限公司2025年度日常关联交易预计的核查意见,保荐/核查意见,2024-12-17,https://data.eastmoney.com/notices/detail/600961/AN202412161641314772.html
600961,株冶集团,株冶集团:株冶集团第八届监事会第九次会议决议公告,监事会决议公告,2024-12-17,https://data.eastmoney.com/notices/detail/600961/AN202412161641314761.html
600961,株冶集团,株冶集团:株冶集团关于与五矿集团财务有限责任公司签订《金融服务协议》暨关联交易的公告,签订协议,2024-12-17,https://data.eastmoney.com/notices/detail/600961/AN202412161641314776.html
600961,株冶集团,株冶集团:株冶集团关于2025年度公司开展商品期货套期保值业务和外汇衍生品业务的公告,其他,2024-12-17,https://data.eastmoney.com/notices/detail/600961/AN202412161641314764.html
603038,华立股份,华立股份:2024年第四次临时股东大会决议公告,股东大会决议公告,2024-12-17,https://data.eastmoney.com/notices/detail/603038/AN202412161641314773.html
600961,株冶集团,株冶集团:株冶集团关于2025年度日常关联交易预计的公告,关联交易,2024-12-17,https://data.eastmoney.com/notices/detail/600961/AN202412161641314769.html
603038,华立股份,华立股份:北京国枫(深圳)律师事务所关于东莞市华立实业股份有限公司2024年第四次临时股东大会的法律意见书,法律意见书,2024-12-17,https://data.eastmoney.com/notices/detail/603038/AN202412161641314760.html
600961,株冶集团,株冶集团:株冶集团关于开展外汇衍生品业务的可行性分析报告,其他,2024-12-17,https://data.eastmoney.com/notices/detail/600961/AN202412161641314771.html
600961,株冶集团,株冶集团:株冶集团关于召开2025年第一次临时股东大会的通知,召开股东大会通知,2024-12-17,https://data.eastmoney.com/notices/detail/600961/AN202412161641314763.html
600961,株冶集团,株冶集团:中信建投证券股份有限公司关于株洲冶炼集团股份有限公司与五矿集团财务有限责任公司签订《金融服务协议》暨关联交易的核查意见,保荐/核查意见,2024-12-17,https://data.eastmoney.com/notices/detail/600961/AN202412161641314767.html
600961,株冶集团,株冶集团:株冶集团独立董事专门会议决议,其他,2024-12-17,https://data.eastmoney.com/notices/detail/600961/AN202412161641314770.html
600961,株冶集团,株冶集团:中信建投证券股份有限公司关于株洲冶炼集团股份有限公司2025年度开展商品期货套期保值业务和外汇衍生品业务的核查意见,保荐/核查意见,2024-12-17,https://data.eastmoney.com/notices/detail/600961/AN202412161641314768.html
600961,株冶集团,株冶集团:株冶集团第八届董事会第九次会议决议公告,董事会决议公告,2024-12-17,https://data.eastmoney.com/notices/detail/600961/AN202412161641314774.html
600961,株冶集团,株冶集团:株冶集团董事会审计委员会会议决议暨审核意见,专项说明/独立意见,2024-12-17,https://data.eastmoney.com/notices/detail/600961/AN202412161641314766.html
600381,*ST春天,ST春天:青海春天2024年第一次临时股东大会资料,股东大会资料,2024-12-17,https://data.eastmoney.com/notices/detail/600381/AN202412161641314646.html
300196,长海股份,长海股份:关于长海转债2024年付息的公告,其他,2024-12-17,https://data.eastmoney.com/notices/detail/300196/AN202412161641314641.html
002065,东华软件,东华软件:2024年第三次临时股东大会决议公告,股东大会决议公告,2024-12-17,https://data.eastmoney.com/notices/detail/002065/AN202412161641314642.html
002065,东华软件,东华软件:北京市天元律师事务所关于东华软件股份公司2024年第三次临时股东大会的法律意见,法律意见书,2024-12-17,https://data.eastmoney.com/notices/detail/002065/AN202412161641314639.html
603059,倍加洁,倍加洁:关于全资孙公司住所变更并换发营业执照的公告,公司关联方基本资料变更,2024-12-17,https://data.eastmoney.com/notices/detail/603059/AN202412161641314610.html
600521,华海药业,华海药业:浙江华海药业股份有限公司关于“华海转债”可选择回售的第一次提示性公告,其他,2024-12-17,https://data.eastmoney.com/notices/detail/600521/AN202412161641314578.html
601328,交通银行,交通银行:交通银行第十届董事会第十九次会议决议公告,董事会决议公告,2024-12-17,https://data.eastmoney.com/notices/detail/601328/AN202412161641314541.html
000967,盈峰环境,盈峰环境:关于盈峰转债回售的第一次提示性公告,其他,2024-12-17,https://data.eastmoney.com/notices/detail/000967/AN202412161641314558.html
601002,晋亿实业,晋亿实业:晋亿实业股份有限公司关于收到中标通知书的公告,重大合同,2024-12-17,https://data.eastmoney.com/notices/detail/601002/AN202412161641314547.html
600057,厦门象屿,厦门象屿:厦门象屿2024年第三次临时股东大会法律意见书,法律意见书,2024-12-17,https://data.eastmoney.com/notices/detail/600057/AN202412161641314542.html
600057,厦门象屿,厦门象屿:厦门象屿2024年第三次临时股东大会决议公告,股东大会决议公告,2024-12-17,https://data.eastmoney.com/notices/detail/600057/AN202412161641314540.html
301268,铭利达,铭利达:第二届董事会第二十九次会议决议的公告,董事会决议公告,2024-12-17,https://data.eastmoney.com/notices/detail/301268/AN202412161641314520.html
301268,铭利达,铭利达:关于董事会提议向下修正“铭利转债”转股价格的公告,其他,2024-12-17,https://data.eastmoney.com/notices/detail/301268/AN202412161641314517.html
002549,凯美特气,凯美特气:关于使用部分暂时闲置募集资金进行现金管理的进展公告,募集资金使用进展情况,2024-12-17,https://data.eastmoney.com/notices/detail/002549/AN202412161641314519.html
301268,铭利达,铭利达:关于召开2025年第一次临时股东大会的通知,召开股东大会通知,2024-12-17,https://data.eastmoney.com/notices/detail/301268/AN202412161641314518.html
601728,中国电信,中国电信:中国电信股份有限公司第八届董事会第十七次会议决议公告,董事会决议公告,2024-12-17,https://data.eastmoney.com/notices/detail/601728/AN202412161641314481.html
601728,中国电信,中国电信:中国电信股份有限公司第八届监事会第十三次会议决议公告,监事会决议公告,2024-12-17,https://data.eastmoney.com/notices/detail/601728/AN202412161641314478.html
601728,中国电信,中国电信:中国电信股份有限公司关于预计与中国铁塔股份有限公司2025年度关联交易金额上限的公告,关联交易,2024-12-17,https://data.eastmoney.com/notices/detail/601728/AN202412161641314479.html
688012,中微公司,中微公司:关于董事会、监事会延期换届选举的提示性公告,高管人员任职变动,2024-12-17,https://data.eastmoney.com/notices/detail/688012/AN202412161641314497.html
603111,康尼机电,康尼机电:康尼机电关于控股子公司为其下属子公司提供担保的公告,提供/对外担保公告,2024-12-17,https://data.eastmoney.com/notices/detail/603111/AN202412161641314482.html
603319,美湖股份,湘油泵:国金证券股份有限公司关于湖南美湖智造股份有限公司2024年度持续督导工作现场检查报告,保荐/核查意见,2024-12-17,https://data.eastmoney.com/notices/detail/603319/AN202412161641314480.html
000016,*ST康佳A,深康佳Ａ:第十届董事局独立董事专门会议第六次会议决议,董事会决议公告,2024-12-17,https://data.eastmoney.com/notices/detail/000016/AN202412161641314466.html
000016,*ST康佳A,深康佳Ａ:2025年第一次临时股东大会会议文件,股东大会资料,2024-12-17,https://data.eastmoney.com/notices/detail/000016/AN202412161641314468.html
000016,*ST康佳A,深康佳Ａ:关于乌镇佳域基金投资期限延长暨关联交易的公告,关联交易,2024-12-17,https://data.eastmoney.com/notices/detail/000016/AN202412161641314464.html
000016,*ST康佳A,深康佳Ａ:关于召开2025年第一次临时股东大会的通知,召开股东大会通知,2024-12-17,https://data.eastmoney.com/notices/detail/000016/AN202412161641314465.html
000016,*ST康佳A,深康佳Ａ:第十届董事局第三十八次会议决议公告,董事会决议公告,2024-12-17,https://data.eastmoney.com/notices/detail/000016/AN202412161641314467.html
002324,普利特,普利特:上海市通力律师事务所关于上海普利特复合材料股份有限公司2024年第五次临时股东会的法律意见书,法律意见书,2024-12-17,https://data.eastmoney.com/notices/detail/002324/AN202412161641314463.html
002324,普利特,普利特:关于回购注销部分限制性股票减少注册资本暨通知债权人的公告,公司注册资本变更,2024-12-17,https://data.eastmoney.com/notices/detail/002324/AN202412161641314461.html
002324,普利特,普利特:2024年第五次临时股东会决议公告,股东大会决议公告,2024-12-17,https://data.eastmoney.com/notices/detail/002324/AN202412161641314460.html
002686,亿利达,亿利达:关于为全资子公司提供担保的进展公告,提供/对外担保公告,2024-12-17,https://data.eastmoney.com/notices/detail/002686/AN202412161641314462.html
605228,神通科技,神通科技:关于2023年限制性股票与股票期权激励计划首次授予限制性股票第一个解除限售期解除限售暨上市的公告,限售股份上市流通,2024-12-17,https://data.eastmoney.com/notices/detail/605228/AN202412161641314443.html
603037,凯众股份,凯众股份:关于2024年股票期权与限制性股票激励计划预留授予结果的公告,股权激励进展公告,2024-12-17,https://data.eastmoney.com/notices/detail/603037/AN202412161641314434.html
605488,福莱新材,福莱新材:福莱新材关于“福新转债”预计满足赎回条件的提示性公告,其他,2024-12-17,https://data.eastmoney.com/notices/detail/605488/AN202412161641314435.html
603908,牧高笛,牧高笛:牧高笛户外用品股份有限公司章程,公司章程,2024-12-17,https://data.eastmoney.com/notices/detail/603908/AN202412161641314392.html
603908,牧高笛,牧高笛:牧高笛户外用品股份有限公司关于完成《公司章程》备案的公告,公司章程,2024-12-17,https://data.eastmoney.com/notices/detail/603908/AN202412161641314394.html
600079,ST人福,人福医药:人福医药关于控股股东重整第一次债权人会议召开情况的公告,资产重组债权人会议,2024-12-17,https://data.eastmoney.com/notices/detail/600079/AN202412161641314393.html
300784,利安科技,利安科技:关于使用部分暂时闲置募集资金进行现金管理到期赎回的公告,投资理财,2024-12-17,https://data.eastmoney.com/notices/detail/300784/AN202412161641314401.html
601086,国芳集团,国芳集团:关于控股股东一致行动人股票质押式回购交易股份提前购回的公告,股份质押、冻结,2024-12-17,https://data.eastmoney.com/notices/detail/601086/AN202412161641314386.html
600761,安徽合力,安徽合力:安徽王良其律师事务所关于安徽合力股份有限公司2024年第一次临时股东大会的法律意见书,法律意见书,2024-12-17,https://data.eastmoney.com/notices/detail/600761/AN202412161641314381.html
600761,安徽合力,安徽合力:安徽合力股份有限公司2024年第一次临时股东大会决议公告,股东大会决议公告,2024-12-17,https://data.eastmoney.com/notices/detail/600761/AN202412161641314378.html
688128,中国电研,中国电研:中国电研投资者关系管理办法(2024年12月修订),管理办法/制度,2024-12-17,https://data.eastmoney.com/notices/detail/688128/AN202412161641314365.html
688128,中国电研,中国电研:中国电研关于开展远期结售汇业务的公告,其他,2024-12-17,https://data.eastmoney.com/notices/detail/688128/AN202412161641314362.html
688128,中国电研,中国电研:被担保人最近一期财务报表,其他,2024-12-17,https://data.eastmoney.com/notices/detail/688128/AN202412161641314359.html
688128,中国电研,中国电研:中国电研关于投资建设长三角总部项目的公告,对外项目投资,2024-12-17,https://data.eastmoney.com/notices/detail/688128/AN202412161641314361.html
688128,中国电研,中国电研:中国电研关于2025年度对外担保计划的公告,提供/对外担保公告,2024-12-17,https://data.eastmoney.com/notices/detail/688128/AN202412161641314360.html
600160,巨化股份,巨化股份:巨化股份关于投资者接待日活动召开情况的公告,其他,2024-12-17,https://data.eastmoney.com/notices/detail/600160/AN202412161641314255.html
600115,中国东航,中国东航:中国东方航空股份有限公司2024年11月运营数据公告,月度经营情况,2024-12-17,https://data.eastmoney.com/notices/detail/600115/AN202412161641314245.html
688728,格科微,格科微:格科微有限公司关于董事辞职的公告,高管人员任职变动,2024-12-17,https://data.eastmoney.com/notices/detail/688728/AN202412161641314244.html
603567,珍宝岛,珍宝岛:黑龙江珍宝岛药业股份有限公司关于分公司获得化学原料药上市申请批准通知书的公告,其他,2024-12-17,https://data.eastmoney.com/notices/detail/603567/AN202412161641314239.html
688479,友车科技,友车科技:关于董事会秘书辞职及聘任董事会秘书的公告,高管人员任职变动,2024-12-17,https://data.eastmoney.com/notices/detail/688479/AN202412161641314212.html
603216,梦天家居,梦天家居:梦天家居股票交易风险提示性公告,风险提示性公告,2024-12-17,https://data.eastmoney.com/notices/detail/603216/AN202412161641314209.html
300263,隆华科技,隆华科技:未来三年(2024-2026年)股东分红回报规划,其他,2024-12-17,https://data.eastmoney.com/notices/detail/300263/AN202412161641314172.html
300263,隆华科技,隆华科技:关于募集资金专户完成销户的公告,其他,2024-12-17,https://data.eastmoney.com/notices/detail/300263/AN202412161641314169.html
300263,隆华科技,隆华科技:北京市安理律师事务所关于隆华科技集团(洛阳)股份有限公司2024年限制性股票激励计划(草案)之法律意见书,法律意见书,2024-12-17,https://data.eastmoney.com/notices/detail/300263/AN202412161641314173.html
300263,隆华科技,隆华科技:独立董事关于公开征集表决权的公告,其他,2024-12-17,https://data.eastmoney.com/notices/detail/300263/AN202412161641314177.html
300263,隆华科技,隆华科技:2024年限制性股票激励计划实施考核管理办法,管理办法/制度,2024-12-17,https://data.eastmoney.com/notices/detail/300263/AN202412161641314167.html
300263,隆华科技,隆华科技:2024年限制性股票激励计划自查表,股权激励计划,2024-12-17,https://data.eastmoney.com/notices/detail/300263/AN202412161641314175.html
300263,隆华科技,隆华科技:第六届监事会第三次会议决议公告,监事会决议公告,2024-12-17,https://data.eastmoney.com/notices/detail/300263/AN202412161641314164.html
300263,隆华科技,隆华科技:2024年限制性股票激励计划激励对象名单,股权激励对象名单,2024-12-17,https://data.eastmoney.com/notices/detail/300263/AN202412161641314165.html
300263,隆华科技,隆华科技:第六届董事会第三次会议决议公告,董事会决议公告,2024-12-17,https://data.eastmoney.com/notices/detail/300263/AN202412161641314163.html
300263,隆华科技,隆华科技:关于召开2025年第一次临时股东大会的通知,召开股东大会通知,2024-12-17,https://data.eastmoney.com/notices/detail/300263/AN202412161641314170.html
002893,京能热力,京能热力:关于持股5%以上股东部分股份解除质押的公告,股份质押、冻结,2024-12-17,https://data.eastmoney.com/notices/detail/002893/AN202412161641314174.html
002893,京能热力,京能热力:关于召开2024年第二次临时股东大会的通知(更正后),股东大会通知更正公告,2024-12-17,https://data.eastmoney.com/notices/detail/002893/AN202412161641314162.html
002893,京能热力,京能热力:关于召开2024年第二次临时股东大会通知的更正公告,股东大会通知更正公告,2024-12-17,https://data.eastmoney.com/notices/detail/002893/AN202412161641314176.html
002326,永太科技,永太科技:关于为子公司提供担保的公告,提供/对外担保公告,2024-12-17,https://data.eastmoney.com/notices/detail/002326/AN202412161641314033.html
600640,国脉文化,国脉文化:新国脉数字文化股份有限公司2024年第一次临时股东会资料,股东大会资料,2024-12-17,https://data.eastmoney.com/notices/detail/600640/AN202412161641313936.html
603613,国联股份,国联股份:2025年第一次临时股东大会通知,召开股东大会通知,2024-12-17,https://data.eastmoney.com/notices/detail/603613/AN202412161641313934.html
600854,春兰股份,春兰股份:春兰股份关于董事、副总经理辞职的公告,高管人员任职变动,2024-12-17,https://data.eastmoney.com/notices/detail/600854/AN202412161641313931.html
603613,国联股份,国联股份:关于公司及控股子公司向银行等金融机构申请授信额度及担保事项的公告,其他担保公告,2024-12-17,https://data.eastmoney.com/notices/detail/603613/AN202412161641313932.html
603613,国联股份,国联股份:章程(2024年12月修订),公司章程修订,2024-12-17,https://data.eastmoney.com/notices/detail/603613/AN202412161641313938.html
603613,国联股份,国联股份:关于公司变更经营范围及修订《公司章程》的公告,公司经营范围变更,2024-12-17,https://data.eastmoney.com/notices/detail/603613/AN202412161641313930.html
603613,国联股份,国联股份:第九届监事会第三次会议决议公告,监事会决议公告,2024-12-17,https://data.eastmoney.com/notices/detail/603613/AN202412161641313937.html
603613,国联股份,国联股份:第九届董事会第三次会议决议公告,董事会决议公告,2024-12-17,https://data.eastmoney.com/notices/detail/603613/AN202412161641313933.html
603613,国联股份,国联股份:2025年第一次临时股东大会会议资料,股东大会资料,2024-12-17,https://data.eastmoney.com/notices/detail/603613/AN202412161641313935.html
603885,吉祥航空,吉祥航空:上海吉祥航空股份有限公司2024年11月主要运营数据公告,月度经营情况,2024-12-17,https://data.eastmoney.com/notices/detail/603885/AN202412161641313919.html
002955,鸿合科技,鸿合科技:关于公司给子公司提供担保的进展公告,提供/对外担保公告,2024-12-17,https://data.eastmoney.com/notices/detail/002955/AN202412161641313797.html
002678,珠江钢琴,珠江钢琴:关于公司副总经理辞职的公告,高管人员任职变动,2024-12-17,https://data.eastmoney.com/notices/detail/002678/AN202412161641313799.html
002376,新北洋,新北洋:关于新北转债赎回实施的第七次提示性公告,其他,2024-12-17,https://data.eastmoney.com/notices/detail/002376/AN202412161641313798.html
603011,合锻智能,合锻智能:合肥合锻智能制造股份有限公司第五届监事会第十三次会议决议公告,监事会决议公告,2024-12-17,https://data.eastmoney.com/notices/detail/603011/AN202412161641313789.html
603011,合锻智能,合锻智能:合肥合锻智能制造股份有限公司关于确认应收账款核销的公告,其他,2024-12-17,https://data.eastmoney.com/notices/detail/603011/AN202412161641313786.html
600812,华北制药,华北制药:关于下属子公司撤回药品注册申请的公告,其他,2024-12-17,https://data.eastmoney.com/notices/detail/600812/AN202412161641313788.html
603011,合锻智能,合锻智能:合肥合锻智能制造股份有限公司第五届董事会第十四次会议决议公告,董事会决议公告,2024-12-17,https://data.eastmoney.com/notices/detail/603011/AN202412161641313787.html
603011,合锻智能,合锻智能:合肥合锻智能制造股份有限公司关于2025年度向金融机构申请融资额度的公告,借贷,2024-12-17,https://data.eastmoney.com/notices/detail/603011/AN202412161641313790.html
603011,合锻智能,合锻智能:合肥合锻智能制造股份有限公司关于使用闲置自有资金委托理财的公告,委托（受托）事项,2024-12-17,https://data.eastmoney.com/notices/detail/603011/AN202412161641313785.html
601966,玲珑轮胎,玲珑轮胎:山东玲珑轮胎股份有限公司2024年第三季度权益分派实施公告,分配方案实施,2024-12-17,https://data.eastmoney.com/notices/detail/601966/AN202412161641313781.html
601089,福元医药,福元医药:北京福元医药股份有限公司关于获得化学原料药上市申请批准通知书的公告,其他,2024-12-17,https://data.eastmoney.com/notices/detail/601089/AN202412161641313775.html
600889,*ST京化,南京化纤:公司第十一届董事会第十五次会议决议公告(2024-068),董事会决议公告,2024-12-17,https://data.eastmoney.com/notices/detail/600889/AN202412161641313767.html
688425,铁建重工,铁建重工:中国铁建重工集团股份有限公司2024年第二次临时股东大会会议资料,股东大会资料,2024-12-17,https://data.eastmoney.com/notices/detail/688425/AN202412161641313766.html
603099,长白山,长白山:长白山旅游股份有限公司股票异常波动公告,股票交易异常波动,2024-12-17,https://data.eastmoney.com/notices/detail/603099/AN202412161641313761.html
603099,长白山,长白山:关于长白山旅游股份有限公司股票交易异常波动问询函的回函,回复问询函公告,2024-12-17,https://data.eastmoney.com/notices/detail/603099/AN202412161641313760.html
605008,长鸿高科,长鸿高科:关于全资孙公司拟通过公开拍卖方式购买资产的进展公告,其他,2024-12-17,https://data.eastmoney.com/notices/detail/605008/AN202412161641313753.html
603737,三棵树,三棵树:关于向全资子公司增资的公告,增资扩股,2024-12-17,https://data.eastmoney.com/notices/detail/603737/AN202412161641313729.html
603737,三棵树,三棵树:关于公司实际控制人、控股股东部分股份质押续期的公告,股份质押、冻结,2024-12-17,https://data.eastmoney.com/notices/detail/603737/AN202412161641313728.html
603501,豪威集团,韦尔股份:关于控股股东部分股权质押及解除质押的公告,股份质押、冻结,2024-12-17,https://data.eastmoney.com/notices/detail/603501/AN202412161641313725.html
603379,三美股份,三美股份:浙江三美化工股份有限公司关于使用部分闲置募集资金进行现金管理到期赎回的公告,投资理财,2024-12-17,https://data.eastmoney.com/notices/detail/603379/AN202412161641313724.html
600939,重庆建工,重庆建工:北京德恒(重庆)律师事务所关于重庆建工集团股份有限公司2024年第三次临时股东大会的法律意见,法律意见书,2024-12-17,https://data.eastmoney.com/notices/detail/600939/AN202412161641313720.html
600939,重庆建工,重庆建工:重庆建工2024年第三次临时股东大会决议公告,股东大会决议公告,2024-12-17,https://data.eastmoney.com/notices/detail/600939/AN202412161641313719.html
603920,世运电路,世运电路:世运电路关于控股股东协议转让公司股份完成过户登记暨控制权拟发生变更事项的进展公告,股权转让,2024-12-17,https://data.eastmoney.com/notices/detail/603920/AN202412161641313718.html
603979,金诚信,金诚信:金诚信“金诚转债”2024年付息公告,其他,2024-12-17,https://data.eastmoney.com/notices/detail/603979/AN202412161641313717.html
600030,中信证券,中信证券:中信证券股份有限公司关于间接子公司发行中期票据并由全资子公司提供担保的公告,提供/对外担保公告,2024-12-17,https://data.eastmoney.com/notices/detail/600030/AN202412161641313710.html
603818,曲美家居,曲美家居:2024年第六次临时股东大会决议公告,股东大会决议公告,2024-12-17,https://data.eastmoney.com/notices/detail/603818/AN202412161641313711.html
603818,曲美家居,曲美家居:上海市锦天城律师事务所关于曲美家居2024年第六次临时股东大会之法律意见书,法律意见书,2024-12-17,https://data.eastmoney.com/notices/detail/603818/AN202412161641313712.html
603396,金辰股份,金辰股份:营口金辰机械股份有限公司关于使用部分闲置募集资金购买理财产品到期赎回的公告,投资理财,2024-12-17,https://data.eastmoney.com/notices/detail/603396/AN202412161641313709.html
688025,杰普特,杰普特:关于2024年员工持股计划完成股票非交易过户的公告,员工持股计划,2024-12-17,https://data.eastmoney.com/notices/detail/688025/AN202412161641313704.html
003038,鑫铂股份,鑫铂股份:关于完成工商变更登记并换发营业执照的公告,公司注册资本变更,2024-12-17,https://data.eastmoney.com/notices/detail/003038/AN202412161641313702.html
003038,鑫铂股份,鑫铂股份:关于公司为子公司向银行申请授信额度提供最高额担保的公告,提供/对外担保公告,2024-12-17,https://data.eastmoney.com/notices/detail/003038/AN202412161641313703.html
688389,普门科技,普门科技:深圳普门科技股份有限公司关于自愿披露公司获得海关AEO高级认证企业证书的公告,获得认证,2024-12-17,https://data.eastmoney.com/notices/detail/688389/AN202412161641313693.html
603938,三孚股份,三孚股份:关于公司“年产12万吨氢氧化钾(折百)项目”投产的公告,其他,2024-12-17,https://data.eastmoney.com/notices/detail/603938/AN202412161641313664.html
002691,*ST冀凯,冀凯股份:关于全资子公司向银行申请授信及相关担保的公告,其他担保公告,2024-12-17,https://data.eastmoney.com/notices/detail/002691/AN202412161641313659.html
600711,盛屯矿业,ST盛屯:盛屯矿业集团股份有限公司关于担保进展的公告,其他担保公告,2024-12-17,https://data.eastmoney.com/notices/detail/600711/AN202412161641313555.html
603348,文灿股份,文灿股份:关于实施“文灿转债”赎回暨摘牌的最后一次提示性公告,其他,2024-12-17,https://data.eastmoney.com/notices/detail/603348/AN202412161641313534.html
000875,电投绿能,吉电股份:关于职工代表监事辞职的公告,高管人员任职变动,2024-12-17,https://data.eastmoney.com/notices/detail/000875/AN202412161641313517.html
002691,*ST冀凯,冀凯股份:第五届董事会第六次会议决议公告,董事会决议公告,2024-12-17,https://data.eastmoney.com/notices/detail/002691/AN202412161641313518.html
600971,恒源煤电,恒源煤电:恒源煤电2024年第三次临时股东大会会议资料,股东大会资料,2024-12-17,https://data.eastmoney.com/notices/detail/600971/AN202412161641313514.html
603888,新华网,新华网:新华网股份有限公司关于聘任公司高级管理人员的公告,高管人员任职变动,2024-12-17,https://data.eastmoney.com/notices/detail/603888/AN202412161641313490.html
603888,新华网,新华网:新华网股份有限公司2024年第三次临时股东大会决议公告,股东大会决议公告,2024-12-17,https://data.eastmoney.com/notices/detail/603888/AN202412161641313492.html
603888,新华网,新华网:北京德恒律师事务所关于新华网股份有限公司2024年第三次临时股东大会的法律意见,法律意见书,2024-12-17,https://data.eastmoney.com/notices/detail/603888/AN202412161641313493.html
603888,新华网,新华网:新华网股份有限公司第五届董事会第十二次(临时)会议决议公告,高管人员任职变动,2024-12-17,https://data.eastmoney.com/notices/detail/603888/AN202412161641313491.html
600072,中船科技,中船科技:中船科技股份有限公司全资子公司出售部分资产的结果公告,其他,2024-12-17,https://data.eastmoney.com/notices/detail/600072/AN202412161641313472.html
002488,金固股份,金固股份:关于收到项目定点通知的自愿性信息披露公告,其他,2024-12-17,https://data.eastmoney.com/notices/detail/002488/AN202412161641313459.html
002510,天汽模,天汽模:关于汽模转2赎回实施暨即将停止转股的重要提示性公告,其他,2024-12-17,https://data.eastmoney.com/notices/detail/002510/AN202412161641313458.html
600446,金证股份,金证股份:金证股份2024年第三次临时股东大会会议资料,股东大会资料,2024-12-17,https://data.eastmoney.com/notices/detail/600446/AN202412161641313430.html
603730,岱美股份,岱美股份:上海岱美汽车内饰件股份有限公司关于使用闲置募集资金进行现金管理到期收回的公告,投资理财,2024-12-17,https://data.eastmoney.com/notices/detail/603730/AN202412161641313415.html
600540,新赛股份,新赛股份:新疆赛里木现代农业股份有限公司关于提前归还用于暂时补充流动资金和进行现金管理的闲置募集资金的公告,归还募集资金,2024-12-17,https://data.eastmoney.com/notices/detail/600540/AN202412161641313408.html
603810,丰山集团,丰山集团:关于使用部分闲置募集资金进行现金管理到期赎回的公告,投资理财,2024-12-17,https://data.eastmoney.com/notices/detail/603810/AN202412161641313399.html
002030,达安基因,达安基因:关于取得一个医疗器械注册证的提示性公告,其他,2024-12-17,https://data.eastmoney.com/notices/detail/002030/AN202412161641313403.html
002687,乔治白,乔治白:持股5%股东的一致行动人增持公司股份计划实施完成的公告,股东/实际控制人股份增持,2024-12-17,https://data.eastmoney.com/notices/detail/002687/AN202412161641313369.html
603722,阿科力,阿科力:无锡阿科力科技股份有限公司关于香港子公司完成注册登记的公告,公司关联方基本资料变更,2024-12-17,https://data.eastmoney.com/notices/detail/603722/AN202412161641313368.html
600026,中远海能,中远海能:中远海能监事会关于公司2023年股票期权激励计划预留授予激励对象名单的核查意见及公示情况说明,专项说明/独立意见,2024-12-17,https://data.eastmoney.com/notices/detail/600026/AN202412161641313234.html
688167,炬光科技,炬光科技:中信建投证券股份有限公司关于西安炬光科技股份有限公司首次公开发行限售股上市流通的核查意见,保荐/核查意见,2024-12-17,https://data.eastmoney.com/notices/detail/688167/AN202412161641313251.html
688167,炬光科技,炬光科技:西安炬光科技股份有限公司首次公开发行限售股上市流通公告,限售股份上市流通,2024-12-17,https://data.eastmoney.com/notices/detail/688167/AN202412161641313250.html
002387,维信诺,维信诺:关于2021年股票期权与限制性股票激励计划部分股票期权注销完成的公告,股本变动,2024-12-17,https://data.eastmoney.com/notices/detail/002387/AN202412161641313213.html
603239,浙江仙通,浙江仙通:浙江仙通-关于控股股东增持股份计划的公告,股东/实际控制人股份增持,2024-12-17,https://data.eastmoney.com/notices/detail/603239/AN202412161641313172.html
300381,溢多利,溢多利:关于控股股东部分股份解除质押的公告,股份质押、冻结,2024-12-17,https://data.eastmoney.com/notices/detail/300381/AN202412161641313169.html
603557,*ST起步,ST起步:2024年第五次临时股东会会议资料,股东大会资料,2024-12-17,https://data.eastmoney.com/notices/detail/603557/AN202412161641313152.html
600276,恒瑞医药,恒瑞医药:恒瑞医药关于药物纳入拟突破性治疗品种公示名单的公告,其他,2024-12-17,https://data.eastmoney.com/notices/detail/600276/AN202412161641313139.html
688569,铁科轨道,铁科轨道:铁科轨道2024年第五次临时股东大会会议资料,股东大会资料,2024-12-17,https://data.eastmoney.com/notices/detail/688569/AN202412161641313124.html
600446,金证股份,金证股份:金证股份关于股东部分股份质押延期及质押解除的公告,股份质押、冻结,2024-12-17,https://data.eastmoney.com/notices/detail/600446/AN202412161641313121.html
600798,宁波海运,宁波海运:宁波海运股份有限公司第十届董事会第二次临时会议决议公告,董事会决议公告,2024-12-17,https://data.eastmoney.com/notices/detail/600798/AN202412161641313096.html
600798,宁波海运,宁波海运:宁波海运股份有限公司关于变更公司经营范围并修改《公司章程》的公告,公司经营范围变更,2024-12-17,https://data.eastmoney.com/notices/detail/600798/AN202412161641313094.html
600798,宁波海运,宁波海运:宁波海运股份有限公司第十届监事会第二次临时会议决议公告,监事会决议公告,2024-12-17,https://data.eastmoney.com/notices/detail/600798/AN202412161641313095.html
600798,宁波海运,宁波海运:宁波海运股份有限公司关于召开2025年第一次临时股东大会的通知,召开股东大会通知,2024-12-17,https://data.eastmoney.com/notices/detail/600798/AN202412161641313098.html
600798,宁波海运,宁波海运:宁波海运股份有限公司章程(2024年修改),公司章程修订,2024-12-17,https://data.eastmoney.com/notices/detail/600798/AN202412161641313097.html
002858,力盛体育,力盛体育:关于公司2021年股票期权激励计划部分股票期权注销完成的公告,股权激励进展公告,2024-12-17,https://data.eastmoney.com/notices/detail/002858/AN202412161641313104.html
605007,五洲特纸,五洲特纸:五洲特种纸业集团股份有限公司关于控股股东之一致行动人部分股份质押的公告,股份质押、冻结,2024-12-17,https://data.eastmoney.com/notices/detail/605007/AN202412161641313081.html
300462,ST华铭,华铭智能:关于“华铭定转”2024年付息公告,其他,2024-12-17,https://data.eastmoney.com/notices/detail/300462/AN202412161641313080.html
603995,甬金股份,甬金股份:关于为控股子公司提供担保的公告,提供/对外担保公告,2024-12-17,https://data.eastmoney.com/notices/detail/603995/AN202412161641313077.html
600488,津药药业,津药药业:津药药业股份有限公司关于子公司产品在全国药品集中采购中拟中选的公告,其他,2024-12-17,https://data.eastmoney.com/notices/detail/600488/AN202412161641313078.html
600590,泰豪科技,泰豪科技:关于第二大股东部分股份解除质押及再质押的公告,股份质押、冻结,2024-12-17,https://data.eastmoney.com/notices/detail/600590/AN202412161641313061.html
600486,扬农化工,扬农化工:关于对全资子公司增资的公告,增资扩股,2024-12-17,https://data.eastmoney.com/notices/detail/600486/AN202412161641313058.html
300057,万顺新材,万顺新材:民生证券股份有限公司关于汕头万顺新材集团股份有限公司2024年度现场检查报告,保荐/核查意见,2024-12-17,https://data.eastmoney.com/notices/detail/300057/AN202412161641313072.html
003031,中瓷电子,中瓷电子:关于独立董事取得独立董事培训证明的公告,其他,2024-12-17,https://data.eastmoney.com/notices/detail/003031/AN202412161641313069.html
003026,中晶科技,中晶科技:关于注销部分募集资金专户的公告,募集资金使用情况报告,2024-12-17,https://data.eastmoney.com/notices/detail/003026/AN202412161641313070.html
002787,华源控股,华源控股:东方金诚国际信用评估有限公司关于对华源控股主体及华源转债终止评级的公告,其他,2024-12-17,https://data.eastmoney.com/notices/detail/002787/AN202412161641313073.html
002031,巨轮智能,巨轮智能:关于持股5%以上股东股份被司法冻结的公告,股份质押、冻结,2024-12-17,https://data.eastmoney.com/notices/detail/002031/AN202412161641313071.html
600289,ST信通,*ST信通:亿阳信通对外投资管理制度(2024年12月),管理办法/制度,2024-12-17,https://data.eastmoney.com/notices/detail/600289/AN202412161641313052.html
603077,和邦生物,和邦生物:和邦生物关于以集中竞价交易方式首次回购公司股份的公告,回购实施公告,2024-12-17,https://data.eastmoney.com/notices/detail/603077/AN202412161641313032.html
300057,万顺新材,万顺新材:民生证券股份有限公司关于汕头万顺新材集团股份有限公司2024年度持续督导培训情况的报告,保荐/核查意见,2024-12-17,https://data.eastmoney.com/notices/detail/300057/AN202412161641313033.html
003031,中瓷电子,中瓷电子:关于变更公司注册资本、修订《公司章程》并办理完成工商变更登记换发营业执照的公告,公司注册资本变更,2024-12-17,https://data.eastmoney.com/notices/detail/003031/AN202412161641313034.html
002696,百洋股份,百洋股份:关于为全资子公司提供担保的进展公告,提供/对外担保公告,2024-12-17,https://data.eastmoney.com/notices/detail/002696/AN202412161641312953.html
600983,惠而浦,惠而浦:惠而浦2024年第四次临时监事会会议决议公告,监事会决议公告,2024-12-17,https://data.eastmoney.com/notices/detail/600983/AN202412161641312943.html
600983,惠而浦,惠而浦:独立董事对董事会相关议案的审核意见,专项说明/独立意见,2024-12-17,https://data.eastmoney.com/notices/detail/600983/AN202412161641312938.html
600983,惠而浦,惠而浦:惠而浦2024年第四次临时董事会决议公告,董事会决议公告,2024-12-17,https://data.eastmoney.com/notices/detail/600983/AN202412161641312941.html
600983,惠而浦,惠而浦:惠而浦关于预计2025年度日常关联交易额度的公告,关联交易,2024-12-17,https://data.eastmoney.com/notices/detail/600983/AN202412161641312942.html
600983,惠而浦,惠而浦:独立董事专门会议关于预计2025年度日常关联交易额度的事前认可的独立意见,专项说明/独立意见,2024-12-17,https://data.eastmoney.com/notices/detail/600983/AN202412161641312939.html
600983,惠而浦,惠而浦:惠而浦关于召开2025年第一次临时股东大会的通知,召开股东大会通知,2024-12-17,https://data.eastmoney.com/notices/detail/600983/AN202412161641312940.html
300129,泰胜风能,泰胜风能:华泰联合证券有限责任公司、粤开证券股份有限公司关于上海泰胜风能装备股份有限公司2024年度向特定对象发行股票并在创业板上市之发行保荐书,发行保荐书,2024-12-17,https://data.eastmoney.com/notices/detail/300129/AN202412161641312923.html
300129,泰胜风能,泰胜风能:国浩律师(上海)事务所关于上海泰胜风能装备股份有限公司2024年度向特定对象发行人民币普通股股票之补充法律意见书(一),法律意见书,2024-12-17,https://data.eastmoney.com/notices/detail/300129/AN202412161641312926.html
300129,泰胜风能,泰胜风能:华泰联合证券有限责任公司、粤开证券股份有限公司关于上海泰胜风能装备股份有限公司2024年度向特定对象发行股票并在创业板上市之上市保荐书,上市保荐书,2024-12-17,https://data.eastmoney.com/notices/detail/300129/AN202412161641312924.html
300129,泰胜风能,泰胜风能:关于向特定对象发行A股股票募集说明书(修订稿)等申请文件更新的提示性公告,增发方案修订,2024-12-17,https://data.eastmoney.com/notices/detail/300129/AN202412161641312927.html
300129,泰胜风能,泰胜风能:上海泰胜风能装备股份有限公司向特定对象发行股票并在创业板上市募集说明书(修订稿),再融资修订稿,2024-12-17,https://data.eastmoney.com/notices/detail/300129/AN202412161641312925.html
002536,飞龙股份,飞龙股份:关于公司获得海关AEO高级认证企业证书的公告,获得认证,2024-12-17,https://data.eastmoney.com/notices/detail/002536/AN202412161641312928.html
688648,中邮科技,中邮科技:关于完成签订《信源物流地块国有土地补偿协议》的公告,签订协议,2024-12-17,https://data.eastmoney.com/notices/detail/688648/AN202412161641312919.html
603967,中创物流,中创物流:中创物流股份有限公司关于签订募集资金专户存储三方监管协议的公告,签订协议,2024-12-17,https://data.eastmoney.com/notices/detail/603967/AN202412161641312902.html
300767,震安科技,震安科技:震安科技股份有限公司关于震安转债赎回实施的第十次提示性公告,其他,2024-12-17,https://data.eastmoney.com/notices/detail/300767/AN202412161641312886.html
300767,震安科技,震安科技:震安科技股份有限公司关于使用部分闲置募集资金进行现金管理的进展公告,募集资金使用进展情况,2024-12-17,https://data.eastmoney.com/notices/detail/300767/AN202412161641312887.html
002952,亚世光电,亚世光电:舆情管理制度,管理办法/制度,2024-12-17,https://data.eastmoney.com/notices/detail/002952/AN202412161641312889.html
002952,亚世光电,亚世光电:第五届董事会第三次会议决议公告,董事会决议公告,2024-12-17,https://data.eastmoney.com/notices/detail/002952/AN202412161641312884.html
002171,楚江新材,楚江新材:关于控股子公司申请公开发行股票并在北京证券交易所上市辅导验收完成的提示性公告,其他,2024-12-17,https://data.eastmoney.com/notices/detail/002171/AN202412161641312890.html
002515,金字火腿,金字火腿:关于全资子公司变更经营范围并完成工商变更登记的公告,公司关联方基本资料变更,2024-12-17,https://data.eastmoney.com/notices/detail/002515/AN202412161641312888.html
300012,华测检测,华测检测:关于第二期员工持股计划延期的公告,员工持股计划,2024-12-17,https://data.eastmoney.com/notices/detail/300012/AN202412161641312865.html
300012,华测检测,华测检测:第六届董事会第二十次会议决议公告,董事会决议公告,2024-12-17,https://data.eastmoney.com/notices/detail/300012/AN202412161641312870.html
002626,金达威,金达威:关于取得美国发明专利证书的公告,获得认证,2024-12-17,https://data.eastmoney.com/notices/detail/002626/AN202412161641312861.html
002545,东方铁塔,东方铁塔:第八届监事会第十五次会议决议公告,高管人员任职变动,2024-12-17,https://data.eastmoney.com/notices/detail/002545/AN202412161641312872.html
002545,东方铁塔,东方铁塔:关于监事会主席辞职暨改选非职工代表监事的公告,高管人员任职变动,2024-12-17,https://data.eastmoney.com/notices/detail/002545/AN202412161641312873.html
000762,西藏矿业,西藏矿业:关于公开挂牌转让控股子公司白银扎布耶锂业有限公司100%股权的进展公告,股权转让,2024-12-17,https://data.eastmoney.com/notices/detail/000762/AN202412161641312860.html
002192,融捷股份,融捷股份:关于投资设立全资子公司的进展公告,投资设立公司,2024-12-17,https://data.eastmoney.com/notices/detail/002192/AN202412161641312868.html
002631,德尔未来,德尔未来:关于“未来转债”赎回实施的第十二次提示性公告,其他,2024-12-17,https://data.eastmoney.com/notices/detail/002631/AN202412161641312862.html
600388,紫金龙净,龙净环保:关于实施“龙净转债”赎回(暨摘牌)最后一次提示性公告,其他,2024-12-17,https://data.eastmoney.com/notices/detail/600388/AN202412161641312859.html
688563,航材股份,航材股份:关于选举第二届监事会职工代表监事的公告,高管人员任职变动,2024-12-17,https://data.eastmoney.com/notices/detail/688563/AN202412161641312858.html
688160,步科股份,步科股份:中信证券股份有限公司关于上海步科自动化股份有限公司股东向特定机构投资者询价转让股份的核查报告,询价转让核查报告/意见,2024-12-17,https://data.eastmoney.com/notices/detail/688160/AN202412161641312690.html
688160,步科股份,步科股份:上海步科自动化股份有限公司股东询价转让结果报告书暨持股5%以上股东权益变动超过1%的提示性公告,权益变动报告书,2024-12-17,https://data.eastmoney.com/notices/detail/688160/AN202412161641312691.html
301397,溯联股份,溯联股份:关于完成工商变更登记并换发营业执照的公告,公司注册资本变更,2024-12-17,https://data.eastmoney.com/notices/detail/301397/AN202412161641312677.html
000910,大亚圣象,大亚圣象:关于投资新建铝板带和电池箔项目的进展公告,对外项目投资,2024-12-17,https://data.eastmoney.com/notices/detail/000910/AN202412161641312676.html
600750,华润江中,江中药业:江中药业2024年第三次临时股东大会会议材料,股东大会资料,2024-12-17,https://data.eastmoney.com/notices/detail/600750/AN202412161641312675.html
600348,华阳股份,华阳股份:山西华阳集团新能股份有限公司关于七元公司进入联合试运转的公告,其他,2024-12-17,https://data.eastmoney.com/notices/detail/600348/AN202412161641312674.html
603109,神驰机电,神驰机电:关于对外投资的进展公告,对外项目投资,2024-12-17,https://data.eastmoney.com/notices/detail/603109/AN202412161641312657.html
688122,西部超导,西部超导:关于召开2024年第三季度业绩说明会的公告,其他,2024-12-17,https://data.eastmoney.com/notices/detail/688122/AN202412161641312652.html
603637,镇海股份,镇海股份:镇海石化工程股份有限公司关于变更签字注册会计师的公告,高管人员任职变动,2024-12-17,https://data.eastmoney.com/notices/detail/603637/AN202412161641312638.html
688262,国芯科技,国芯科技:关于自愿披露公司研发的服务器和云应用高性能量子安全芯片新产品内部测试成功的公告,其他,2024-12-17,https://data.eastmoney.com/notices/detail/688262/AN202412161641312623.html
605005,合兴股份,合兴股份:合兴汽车电子股份有限公司关于变更签字会计师的公告,公司关联方基本资料变更,2024-12-17,https://data.eastmoney.com/notices/detail/605005/AN202412161641312624.html
600733,北汽蓝谷,北汽蓝谷:关于股东向子公司增资暨关联交易的进展公告,关联交易,2024-12-17,https://data.eastmoney.com/notices/detail/600733/AN202412161641312399.html
600456,宝钛股份,宝钛股份:宝鸡钛业股份有限公司关于聘任副总经理、财务负责人的公告,高管人员任职变动,2024-12-17,https://data.eastmoney.com/notices/detail/600456/AN202412161641312391.html
603310,巍华新材,巍华新材:关于控股子公司完成工商变更登记的公告,公司关联方基本资料变更,2024-12-17,https://data.eastmoney.com/notices/detail/603310/AN202412161641312398.html
600456,宝钛股份,宝钛股份:宝鸡钛业股份有限公司第八届董事会第十一次临时会议决议公告,高管人员任职变动,2024-12-17,https://data.eastmoney.com/notices/detail/600456/AN202412161641312386.html
605066,天正电气,天正电气:关于办公地址及传真变更的公告,公司办公地址变更,2024-12-17,https://data.eastmoney.com/notices/detail/605066/AN202412161641312388.html
603889,新澳股份,新澳股份:新澳股份第六届董事会第十六次会议决议公告,董事会决议公告,2024-12-17,https://data.eastmoney.com/notices/detail/603889/AN202412161641312400.html
603203,快克智能,快克智能:快克智能关于全资子公司通过高新技术企业认定的公告,其他,2024-12-17,https://data.eastmoney.com/notices/detail/603203/AN202412161641312394.html
603255,鼎际得,鼎际得:辽宁鼎际得石化股份有限公司关于为子公司提供担保的进展公告,提供/对外担保公告,2024-12-17,https://data.eastmoney.com/notices/detail/603255/AN202412161641312397.html
603889,新澳股份,新澳股份:新澳股份第六届监事会第十六次会议决议公告,监事会决议公告,2024-12-17,https://data.eastmoney.com/notices/detail/603889/AN202412161641312387.html
603668,天马科技,天马科技:天马科技关于全资子公司完成工商变更登记并换发营业执照的公告,公司关联方基本资料变更,2024-12-17,https://data.eastmoney.com/notices/detail/603668/AN202412161641312389.html
603966,法兰泰克,法兰泰克:关于可转换公司债券募集资金专户销户完成的公告,其他,2024-12-17,https://data.eastmoney.com/notices/detail/603966/AN202412161641312390.html
605117,德业股份,德业股份:关于对外投资并设立境外子公司的公告,投资设立公司,2024-12-17,https://data.eastmoney.com/notices/detail/605117/AN202412161641312401.html
600642,申能股份,申能股份:申能股份有限公司关于完成2024年度第六期超短期融资券发行的公告,其他,2024-12-17,https://data.eastmoney.com/notices/detail/600642/AN202412161641312392.html
603889,新澳股份,新澳股份:新澳股份关于子公司增资扩股并引入投资者的公告,公司关联方基本资料变更,2024-12-17,https://data.eastmoney.com/notices/detail/603889/AN202412161641312396.html
600082,ST海泰,海泰发展:天津海泰科技发展股份有限公司2024年第三次临时股东会材料汇编,股东大会资料,2024-12-17,https://data.eastmoney.com/notices/detail/600082/AN202412161641312403.html
603255,鼎际得,鼎际得:辽宁鼎际得石化股份有限公司2024年第五次临时股东大会会议资料,股东大会资料,2024-12-17,https://data.eastmoney.com/notices/detail/603255/AN202412161641312393.html
600797,浙大网新,浙大网新:浙大网新科技股份有限公司股东集中竞价减持股份结果公告,股东/实际控制人股份减持,2024-12-17,https://data.eastmoney.com/notices/detail/600797/AN202412161641312395.html
600721,百花医药,百花医药:新疆百花村医药集团股份有限公司关于控股股东拟协议转让股份的进展暨股份完成过户登记的公告,股权转让,2024-12-17,https://data.eastmoney.com/notices/detail/600721/AN202412161641312402.html
