代码,名称,公告标题,公告类型,公告日期,网址
300343,联创股份,联创股份:关于收到司法执行款的公告,其他,2025-01-21,https://data.eastmoney.com/notices/detail/300343/AN202501211642411902.html
000953,中哲精化,河化股份:2024年度业绩预告,业绩预告,2025-01-21,https://data.eastmoney.com/notices/detail/000953/AN202501201642371345.html
003004,声迅股份,声迅股份:2024年度业绩预告,业绩预告,2025-01-21,https://data.eastmoney.com/notices/detail/003004/AN202501201642370046.html
000518,四环生物,四环生物:江苏四环生物股份有限公司公司独立董事制度(2025年1月),管理办法/制度,2025-01-21,https://data.eastmoney.com/notices/detail/000518/AN202501201642366186.html
000518,四环生物,四环生物:江苏四环生物股份有限公司关于修订公司章程的公告,公司章程修订,2025-01-21,https://data.eastmoney.com/notices/detail/000518/AN202501201642366173.html
603007,顺景科技,ST花王:关于完成工商变更登记并换发营业执照的公告,公司其他基本信息变更,2025-01-21,https://data.eastmoney.com/notices/detail/603007/AN202501201642373033.html
002542,*ST中岩,中化岩土:关于召开2025年第二次临时股东会的提示性公告,召开股东大会提示性公告,2025-01-21,https://data.eastmoney.com/notices/detail/002542/AN202501201642373858.html
920640,富士达,富士达:投资者关系活动记录表,调研活动,2025-01-21,https://data.eastmoney.com/notices/detail/920640/AN202501211642414108.html
600289,ST信通,*ST信通:亿阳信通关于公司股票可能被终止上市的风险提示公告,终止上市风险提示,2025-01-21,https://data.eastmoney.com/notices/detail/600289/AN202501201642368095.html
002607,中公教育,中公教育:关于召开2025年第二次临时股东大会的通知,召开股东大会通知,2025-01-21,https://data.eastmoney.com/notices/detail/002607/AN202502121643017782.html
920181,赛英电子,关于江阴市赛英电子股份有限公司首次公开发行股票并上市辅导备案报告,辅导企业基本情况,2025-01-21,https://data.eastmoney.com/notices/detail/920181/AN202502121643002709.html
300170,汉得信息,汉得信息:2024年年度业绩预告,业绩预告,2025-01-21,https://data.eastmoney.com/notices/detail/300170/AN202501221642440880.html
001322,箭牌家居,箭牌家居:001322箭牌家居投资者关系管理信息20250121,调研活动,2025-01-21,https://data.eastmoney.com/notices/detail/001322/AN202501211642418435.html
920160,北矿检测,北矿检测:关于北矿检测技术股份有限公司公开发行股票并在北交所上市申请文件的审核问询函,问询函,2025-01-21,https://data.eastmoney.com/notices/detail/920160/AN202501211642418067.html
000725,京东方A,京东方Ａ:002-2025年1月21日投资者关系活动记录表,调研活动,2025-01-21,https://data.eastmoney.com/notices/detail/000725/AN202501211642417852.html
920218,新天力,新天力:关于新天力科技股份有限公司公开发行股票并在北交所上市申请文件的审核问询函,问询函,2025-01-21,https://data.eastmoney.com/notices/detail/920218/AN202501211642417665.html
689009,九号公司,关于兴业证券股份有限公司对科创板股票九号公司开展做市交易业务的公告,科创板做市商信息,2025-01-21,https://data.eastmoney.com/notices/detail/689009/AN202501211642416752.html
688568,中科星图,关于兴业证券股份有限公司对科创板股票中科星图开展做市交易业务的公告,科创板做市商信息,2025-01-21,https://data.eastmoney.com/notices/detail/688568/AN202501211642416733.html
688203,海正生材,关于兴业证券股份有限公司对科创板股票海正生材开展做市交易业务的公告,科创板做市商信息,2025-01-21,https://data.eastmoney.com/notices/detail/688203/AN202501211642416692.html
001270,铖昌科技,铖昌科技:001270铖昌科技投资者关系管理信息20250120,调研活动,2025-01-21,https://data.eastmoney.com/notices/detail/001270/AN202501211642416704.html
002436,兴森科技,兴森科技:2025年1月21日投资者关系活动记录表,调研活动,2025-01-21,https://data.eastmoney.com/notices/detail/002436/AN202501211642416557.html
002957,科瑞技术,6-1发行人最近一年的财务报告及其审计报告以及最近一期的财务报告(申报稿)(深圳科瑞技术股份有限公司),深主板再融资审计报告,2025-01-21,https://data.eastmoney.com/notices/detail/002957/AN202501211642416464.html
002957,科瑞技术,4-1法律意见书(申报稿)(深圳科瑞技术股份有限公司),深主板再融资法律意见书,2025-01-21,https://data.eastmoney.com/notices/detail/002957/AN202501211642416463.html
002957,科瑞技术,3-3上市保荐书(申报稿)(深圳科瑞技术股份有限公司),深主板再融资上市保荐书,2025-01-21,https://data.eastmoney.com/notices/detail/002957/AN202501211642416461.html
002957,科瑞技术,1-1募集说明书(申报稿)(深圳科瑞技术股份有限公司),深主板再融资募集说明书申报稿,2025-01-21,https://data.eastmoney.com/notices/detail/002957/AN202501211642416462.html
002957,科瑞技术,3-1证券发行保荐书(申报稿)(深圳科瑞技术股份有限公司),深主板再融资发行保荐书,2025-01-21,https://data.eastmoney.com/notices/detail/002957/AN202501211642416460.html
301070,开勒股份,开勒股份:2024年度业绩预告,业绩预告,2025-01-21,https://data.eastmoney.com/notices/detail/301070/AN202501211642415920.html
920419,路斯股份,路斯股份:持股5%以上股东减持公司股份的预披露公告,股东/实际控制人股份减持,2025-01-21,https://data.eastmoney.com/notices/detail/920419/AN202501211642415235.html
A23242,盾源聚芯,关于终止对盾源聚芯首次公开发行股票并在主板上市审核的决定,创业板发行上市审核终止审核通知,2025-01-21,https://data.eastmoney.com/notices/detail/A23242/AN202501211642415221.html
300628,亿联网络,亿联网络:关于特定股东累计减持股份超过1%暨减持计划实施完毕的公告,股东/实际控制人股份减持,2025-01-21,https://data.eastmoney.com/notices/detail/300628/AN202501211642415225.html
301219,腾远钴业,腾远钴业:关于持股5%以上股东未减持暨提前结束减持计划的公告,股东/实际控制人股份减持,2025-01-21,https://data.eastmoney.com/notices/detail/301219/AN202501211642415208.html
300853,申昊科技,申昊科技:2024年年度业绩预告,业绩预告,2025-01-21,https://data.eastmoney.com/notices/detail/300853/AN202501211642415185.html
300853,申昊科技,申昊科技:关于全资子公司取得发明专利证书的公告,获得认证,2025-01-21,https://data.eastmoney.com/notices/detail/300853/AN202501211642415168.html
300581,晨曦航空,晨曦航空:西安晨曦航空科技股份有限公司2024年度业绩预告,业绩预告,2025-01-21,https://data.eastmoney.com/notices/detail/300581/AN202501211642415169.html
300233,金城医药,金城医药:关于为子公司提供担保的公告,提供/对外担保公告,2025-01-21,https://data.eastmoney.com/notices/detail/300233/AN202501211642415161.html
300051,琏升科技,琏升科技:关于琏升科技股份有限公司2025年第一次临时股东大会的法律意见书,法律意见书,2025-01-21,https://data.eastmoney.com/notices/detail/300051/AN202501211642415053.html
300051,琏升科技,琏升科技:2025年第一次临时股东大会决议公告,股东大会决议公告,2025-01-21,https://data.eastmoney.com/notices/detail/300051/AN202501211642415048.html
300901,中胤时尚,中胤时尚:2024年年度业绩预告,业绩预告,2025-01-21,https://data.eastmoney.com/notices/detail/300901/AN202501211642414793.html
300688,创业黑马,创业黑马:关于与湖北方阵签订合作协议的自愿性信息披露公告,签订协议,2025-01-21,https://data.eastmoney.com/notices/detail/300688/AN202501211642414632.html
920974,凯大催化,凯大催化:2024年年度业绩预告公告,业绩预告,2025-01-21,https://data.eastmoney.com/notices/detail/920974/AN202501211642414621.html
300945,曼卡龙,曼卡龙:2025年1月21日投资者关系活动记录表,调研活动,2025-01-21,https://data.eastmoney.com/notices/detail/300945/AN202501211642414527.html
300523,辰安科技,辰安科技:北京市环球律师事务所关于北京辰安科技股份有限公司2025年第一次临时股东大会之法律意见书,法律意见书,2025-01-21,https://data.eastmoney.com/notices/detail/300523/AN202501211642414601.html
300523,辰安科技,辰安科技:2025年第一次临时股东大会决议公告,股东大会决议公告,2025-01-21,https://data.eastmoney.com/notices/detail/300523/AN202501211642414606.html
920526,凯华材料,凯华材料:关于使用部分闲置自有资金购买理财产品的进展公告,投资理财,2025-01-21,https://data.eastmoney.com/notices/detail/920526/AN202501211642414599.html
300965,恒宇信通,*ST恒宇:2024年度业绩预告,业绩预告,2025-01-21,https://data.eastmoney.com/notices/detail/300965/AN202501211642414577.html
300965,恒宇信通,*ST恒宇:关于公司股票可能被终止上市的风险提示公告,终止上市风险提示,2025-01-21,https://data.eastmoney.com/notices/detail/300965/AN202501211642414559.html
920925,锦好医疗,锦好医疗:2024年年度业绩预告公告,业绩预告,2025-01-21,https://data.eastmoney.com/notices/detail/920925/AN202501211642414268.html
920522,纳科诺尔,纳科诺尔:持股5%以上股东减持股份的预披露公告(再次披露),股东/实际控制人股份减持,2025-01-21,https://data.eastmoney.com/notices/detail/920522/AN202501211642414134.html
920522,纳科诺尔,纳科诺尔:投资者关系活动记录表,调研活动,2025-01-21,https://data.eastmoney.com/notices/detail/920522/AN202501211642414133.html
920160,北矿检测,北矿检测:关于召开2025年第一次临时股东大会通知公告,召开股东大会通知,2025-01-21,https://data.eastmoney.com/notices/detail/920160/AN202501211642414128.html
920160,北矿检测,北矿检测:续聘会计师事务所公告,审计机构变更,2025-01-21,https://data.eastmoney.com/notices/detail/920160/AN202501211642414119.html
920160,北矿检测,北矿检测:董监高任免公告,高管人员任职变动,2025-01-21,https://data.eastmoney.com/notices/detail/920160/AN202501211642414105.html
920640,富士达,富士达:2024年年度业绩预告公告,业绩预告,2025-01-21,https://data.eastmoney.com/notices/detail/920640/AN202501211642414106.html
920061,西磁科技,西磁科技:2024年年度业绩预告公告,业绩预告,2025-01-21,https://data.eastmoney.com/notices/detail/920061/AN202501211642414107.html
300611,美力科技,美力科技:关于公司股东减持时间届满的公告,股东/实际控制人股份减持,2025-01-21,https://data.eastmoney.com/notices/detail/300611/AN202501211642414069.html
301338,凯格精机,凯格精机:第二届监事会第十二次会议决议公告,监事会决议公告,2025-01-21,https://data.eastmoney.com/notices/detail/301338/AN202501211642414067.html
301338,凯格精机,凯格精机:关于2024年第四季度计提资产减值准备的公告,其他,2025-01-21,https://data.eastmoney.com/notices/detail/301338/AN202501211642414070.html
301338,凯格精机,凯格精机:第二届董事会第十三次会议决议公告,董事会决议公告,2025-01-21,https://data.eastmoney.com/notices/detail/301338/AN202501211642414068.html
920469,富恒新材,富恒新材:第五届监事会第一次会议决议公告,高管人员任职变动,2025-01-21,https://data.eastmoney.com/notices/detail/920469/AN202501211642413902.html
920469,富恒新材,富恒新材:第五届董事会第一次会议决议公告,高管人员任职变动,2025-01-21,https://data.eastmoney.com/notices/detail/920469/AN202501211642413904.html
920469,富恒新材,富恒新材:2025年第一次临时股东大会决议公告,股东大会决议公告,2025-01-21,https://data.eastmoney.com/notices/detail/920469/AN202501211642413899.html
920469,富恒新材,富恒新材:舆情管理制度,管理办法/制度,2025-01-21,https://data.eastmoney.com/notices/detail/920469/AN202501211642413898.html
920469,富恒新材,富恒新材:公司章程,公司章程,2025-01-21,https://data.eastmoney.com/notices/detail/920469/AN202501211642413903.html
920469,富恒新材,富恒新材:董事长、监事会主席、高级管理人员换届的公告,高管人员任职变动,2025-01-21,https://data.eastmoney.com/notices/detail/920469/AN202501211642413901.html
920469,富恒新材,富恒新材:关于选举第五届董事会审计委员会委员的公告,高管人员任职变动,2025-01-21,https://data.eastmoney.com/notices/detail/920469/AN202501211642413897.html
920469,富恒新材,富恒新材:国浩律师(北京)事务所关于深圳市富恒新材料股份有限公司2025年第一次临时股东大会之法律意见书,法律意见书,2025-01-21,https://data.eastmoney.com/notices/detail/920469/AN202501211642413900.html
920160,北矿检测,北矿检测:独立董事关于第一届董事会第二十一次会议的独立意见,专项说明/独立意见,2025-01-21,https://data.eastmoney.com/notices/detail/920160/AN202501211642413896.html
920160,北矿检测,北矿检测:第一届董事会第二十一次会议决议公告,高管人员任职变动,2025-01-21,https://data.eastmoney.com/notices/detail/920160/AN202501211642413879.html
300668,杰恩股份,杰恩设计:关于持股5%以上股东减持计划实施完毕的公告,股东/实际控制人股份减持,2025-01-21,https://data.eastmoney.com/notices/detail/300668/AN202501211642413712.html
920810,春光智能,春光药装:第四届董事会第三次会议决议公告,董事会决议公告,2025-01-21,https://data.eastmoney.com/notices/detail/920810/AN202501211642413550.html
920810,春光智能,春光药装:关于预计2025年日常性关联交易的公告,关联交易,2025-01-21,https://data.eastmoney.com/notices/detail/920810/AN202501211642413551.html
920810,春光智能,春光药装:中信建投证券股份有限公司关于辽宁春光制药装备股份有限公司预计2025年日常性关联交易的专项核查意见,保荐/核查意见,2025-01-21,https://data.eastmoney.com/notices/detail/920810/AN202501211642413549.html
920523,德瑞锂电,德瑞锂电:2024年年度业绩预告公告,业绩预告,2025-01-21,https://data.eastmoney.com/notices/detail/920523/AN202501211642413463.html
300571,平治信息,平治信息:关于签订《算力综合服务协议》的公告,签订协议,2025-01-21,https://data.eastmoney.com/notices/detail/300571/AN202501211642413416.html
300504,天邑股份,天邑股份:2024年度业绩预告,业绩预告,2025-01-21,https://data.eastmoney.com/notices/detail/300504/AN202501211642413420.html
300849,锦盛新材,锦盛新材:关于持股5%以上股东减持计划期限届满的公告,股东/实际控制人股份减持,2025-01-21,https://data.eastmoney.com/notices/detail/300849/AN202501211642413408.html
920403,康农种业,康农种业:股票解除限售公告,限售股份上市流通,2025-01-21,https://data.eastmoney.com/notices/detail/920403/AN202501211642413388.html
300750,宁德时代,宁德时代:2024年年度业绩预告,业绩预告,2025-01-21,https://data.eastmoney.com/notices/detail/300750/AN202501211642413186.html
920533,骏创科技,骏创科技:关于控股股东、实际控制人及其一致行动人权益变动达到5%的提示性公告,权益变动报告书,2025-01-21,https://data.eastmoney.com/notices/detail/920533/AN202501211642412601.html
920533,骏创科技,骏创科技:简式权益变动报告书,权益变动报告书,2025-01-21,https://data.eastmoney.com/notices/detail/920533/AN202501211642412602.html
920533,骏创科技,骏创科技:关于控股股东、实际控制人及其一致行动人权益变动达到1%的提示性公告,权益变动报告书,2025-01-21,https://data.eastmoney.com/notices/detail/920533/AN202501211642412600.html
920436,大地电气,大地电气:关于向银行申请并购贷的进展公告,借贷,2025-01-21,https://data.eastmoney.com/notices/detail/920436/AN202501211642412599.html
920396,常辅股份,常辅股份:关于公司收到拆迁补偿款的公告,其他,2025-01-21,https://data.eastmoney.com/notices/detail/920396/AN202501211642412579.html
920593,鼎智科技,鼎智科技:委托理财进展的公告,委托（受托）事项,2025-01-21,https://data.eastmoney.com/notices/detail/920593/AN202501211642412578.html
300685,艾德生物,艾德生物:关于“质量回报双提升”行动方案的公告,其他,2025-01-21,https://data.eastmoney.com/notices/detail/300685/AN202501211642412563.html
300619,金银河,金银河:2024年度业绩预告,业绩预告,2025-01-21,https://data.eastmoney.com/notices/detail/300619/AN202501211642412564.html
300685,艾德生物,艾德生物:第四届董事会第五次会议决议公告,董事会决议公告,2025-01-21,https://data.eastmoney.com/notices/detail/300685/AN202501211642412439.html
301202,朗威股份,朗威股份:2024年度业绩预告,业绩预告,2025-01-21,https://data.eastmoney.com/notices/detail/301202/AN202501211642412273.html
300719,安达维尔,安达维尔:关于为全资子公司的银行授信提供担保的进展公告,提供/对外担保公告,2025-01-21,https://data.eastmoney.com/notices/detail/300719/AN202501211642412278.html
920239,长虹能源,长虹能源:关于控股子公司增资扩股事项的进展公告,增资扩股,2025-01-21,https://data.eastmoney.com/notices/detail/920239/AN202501211642411877.html
300529,健帆生物,健帆生物:2024年度业绩预增公告,业绩预告,2025-01-21,https://data.eastmoney.com/notices/detail/300529/AN202501211642411751.html
300343,联创股份,联创股份:2024年度业绩预告,业绩预告,2025-01-21,https://data.eastmoney.com/notices/detail/300343/AN202501211642411755.html
300917,特发服务,特发服务:北京市兰台(前海)律师事务所关于深圳市特发服务股份有限公司2025年第一次临时股东会的法律意见书,法律意见书,2025-01-21,https://data.eastmoney.com/notices/detail/300917/AN202501211642411756.html
300917,特发服务,特发服务:2025年第一次临时股东会决议公告,股东大会决议公告,2025-01-21,https://data.eastmoney.com/notices/detail/300917/AN202501211642411749.html
300157,新锦动力,新锦动力:2024年度业绩预告,业绩预告,2025-01-21,https://data.eastmoney.com/notices/detail/300157/AN202501211642411747.html
300322,硕贝德,硕贝德:关于转让全资子公司股权暨关联交易的进展公告,股权转让,2025-01-21,https://data.eastmoney.com/notices/detail/300322/AN202501211642411750.html
920198,微创光电,微创光电:2024年年度业绩预告公告,业绩预告,2025-01-21,https://data.eastmoney.com/notices/detail/920198/AN202501211642411700.html
920571,国航远洋,国航远洋:2024年年度业绩预告公告,业绩预告,2025-01-21,https://data.eastmoney.com/notices/detail/920571/AN202501211642411574.html
000776,广发证券,广发证券:广发证券股份有限公司2025年面向专业投资者公开发行公司债券(第一期)发行结果公告,其他,2025-01-21,https://data.eastmoney.com/notices/detail/000776/AN202501211642411321.html
000669,ST金鸿,ST金鸿:渤海证券股份有限公司关于中油金鸿能源投资股份有限公司2015年公司债券临时受托管理事务报告,其他,2025-01-21,https://data.eastmoney.com/notices/detail/000669/AN202501211642411322.html
300261,雅本化学,雅本化学:雅本化学股份有限公司2024年度业绩预告,业绩预告,2025-01-21,https://data.eastmoney.com/notices/detail/300261/AN202501211642411312.html
300436,广生堂,广生堂:2024年度业绩预告,业绩预告,2025-01-21,https://data.eastmoney.com/notices/detail/300436/AN202501211642411284.html
300766,每日互动,每日互动:关于累计诉讼、仲裁的公告,诉讼仲裁,2025-01-21,https://data.eastmoney.com/notices/detail/300766/AN202501211642411283.html
300766,每日互动,每日互动:2024年度业绩预告,业绩预告,2025-01-21,https://data.eastmoney.com/notices/detail/300766/AN202501211642411282.html
301045,天禄科技,天禄科技:关于控股股东、实际控制人部分股份质押及解除质押的公告,股份质押、冻结,2025-01-21,https://data.eastmoney.com/notices/detail/301045/AN202501211642411287.html
301296,新巨丰,新巨丰:关于重大资产重组进展的公告,重组进展公告,2025-01-21,https://data.eastmoney.com/notices/detail/301296/AN202501211642411285.html
300391,长药退,长药控股:关于法院同意公司启动预重整程序并指定预重整临时管理人的公告,其他,2025-01-21,https://data.eastmoney.com/notices/detail/300391/AN202501211642411288.html
300926,博俊科技,博俊科技:300926博俊科技投资者关系管理信息20250121,调研活动,2025-01-21,https://data.eastmoney.com/notices/detail/300926/AN202501211642411228.html
000951,中国重汽,中国重汽:2025年1月20日投资者关系活动记录表,调研活动,2025-01-21,https://data.eastmoney.com/notices/detail/000951/AN202501211642411229.html
300391,长药退,长药控股:关于被债权人申请预重整及重整事项的专项自查报告,自查报告,2025-01-21,https://data.eastmoney.com/notices/detail/300391/AN202501211642411264.html
300239,东宝生物,东宝生物:关于取得金融机构股票回购专项贷款承诺函的公告,借贷,2025-01-21,https://data.eastmoney.com/notices/detail/300239/AN202501211642411267.html
300237,ST美晨,美晨科技:2024年度业绩预告,业绩预告,2025-01-21,https://data.eastmoney.com/notices/detail/300237/AN202501211642411266.html
300510,金冠股份,金冠股份:2024年度业绩预告,业绩预告,2025-01-21,https://data.eastmoney.com/notices/detail/300510/AN202501211642411265.html
920856,浩淼科技,浩淼科技:股票交易异常波动公告,股票交易异常波动,2025-01-21,https://data.eastmoney.com/notices/detail/920856/AN202501211642411082.html
920204,沪江材料,沪江材料:关于变更签字会计师的公告,公司关联方基本资料变更,2025-01-21,https://data.eastmoney.com/notices/detail/920204/AN202501211642410839.html
300615,欣天科技,欣天科技:2024年度业绩预告,业绩预告,2025-01-21,https://data.eastmoney.com/notices/detail/300615/AN202501211642410822.html
301236,软通动力,软通动力:关于变更持续督导保荐代表人的公告,保荐代表人（机构）变更,2025-01-21,https://data.eastmoney.com/notices/detail/301236/AN202501211642410823.html
920970,大禹生物,大禹生物:持股5%以上股东权益变动达到1%的提示性公告,权益变动报告书,2025-01-21,https://data.eastmoney.com/notices/detail/920970/AN202501211642410773.html
300598,诚迈科技,诚迈科技:关于对外商投资股份有限公司企业类型进行变更并完成工商变更登记的公告,对外项目投资,2025-01-21,https://data.eastmoney.com/notices/detail/300598/AN202501211642410757.html
300569,天能重工,天能重工:关于关停全资子公司工厂的公告,其他,2025-01-21,https://data.eastmoney.com/notices/detail/300569/AN202501211642410553.html
300569,天能重工,天能重工:关于债券持有人减持公司可转换债券的公告,其他,2025-01-21,https://data.eastmoney.com/notices/detail/300569/AN202501211642410758.html
300569,天能重工,天能重工:关于终止挂牌转让全资子公司远景汇力100%股权的公告,股权转让,2025-01-21,https://data.eastmoney.com/notices/detail/300569/AN202501211642410552.html
300569,天能重工,天能重工:青岛天能重工股份有限公司第五届董事会第三次会议决议公告,董事会决议公告,2025-01-21,https://data.eastmoney.com/notices/detail/300569/AN202501211642410555.html
300919,中伟新材,中伟股份:关于全资子公司取得采矿许可证的公告,其他,2025-01-21,https://data.eastmoney.com/notices/detail/300919/AN202501211642410528.html
300926,博俊科技,博俊科技:关于设立全资子公司暨建设汽车轻量化零部件研发及生产基地项目的进展公告,投资设立公司,2025-01-21,https://data.eastmoney.com/notices/detail/300926/AN202501211642410517.html
300594,ST朗进,朗进科技:山东朗进科技股份有限公司关于持股5%以上股东拟通过公开征集转让的方式协议转让公司股份的进展公告,股权转让,2025-01-21,https://data.eastmoney.com/notices/detail/300594/AN202501211642410469.html
301006,迈拓股份,迈拓股份:中国国际金融股份有限公司关于迈拓仪表股份有限公司2024年度持续督导培训情况的报告,保荐/核查意见,2025-01-21,https://data.eastmoney.com/notices/detail/301006/AN202501211642410467.html
301006,迈拓股份,迈拓股份:中国国际金融股份有限公司关于迈拓仪表股份有限公司2024年度持续督导定期现场检查报告,保荐/核查意见,2025-01-21,https://data.eastmoney.com/notices/detail/301006/AN202501211642410474.html
301049,超越科技,超越科技:2024年年度业绩预告,业绩预告,2025-01-21,https://data.eastmoney.com/notices/detail/301049/AN202501211642410343.html
300623,捷捷微电,捷捷微电:江苏捷捷微电子股份有限公司2024年度业绩预告,业绩预告,2025-01-21,https://data.eastmoney.com/notices/detail/300623/AN202501211642410341.html
300740,水羊股份,水羊股份:关于公司实际控制人部分股份质押的公告,股份质押、冻结,2025-01-21,https://data.eastmoney.com/notices/detail/300740/AN202501211642410274.html
920363,莱赛激光,莱赛激光:2025年第一次临时股东大会决议公告,股东大会决议公告,2025-01-21,https://data.eastmoney.com/notices/detail/920363/AN202501211642410133.html
920363,莱赛激光,莱赛激光:北京市康达律师事务所关于莱赛激光科技股份有限公司2025年第一次临时股东大会的法律意见书,法律意见书,2025-01-21,https://data.eastmoney.com/notices/detail/920363/AN202501211642410134.html
300696,爱乐达,爱乐达:2024年度业绩预告,业绩预告,2025-01-21,https://data.eastmoney.com/notices/detail/300696/AN202501211642410123.html
300665,飞鹿股份,飞鹿股份:关于全资子公司为公司提供担保的公告,提供/对外担保公告,2025-01-21,https://data.eastmoney.com/notices/detail/300665/AN202501211642410120.html
920690,捷众科技,捷众科技:第四届董事会第二次会议决议公告,董事会决议公告,2025-01-21,https://data.eastmoney.com/notices/detail/920690/AN202501211642410097.html
920690,捷众科技,捷众科技:舆情管理制度,管理办法/制度,2025-01-21,https://data.eastmoney.com/notices/detail/920690/AN202501211642410096.html
300108,*ST吉药,*ST吉药:吉药控股集团股份有限公司关于公司控股股东及其一致行动人涉及诉讼事项的进展公告,诉讼仲裁,2025-01-21,https://data.eastmoney.com/notices/detail/300108/AN202501211642410023.html
300108,*ST吉药,*ST吉药:吉药控股集团股份有限公司关于公司控股股东及其一致行动人股份将被司法拍卖的提示性公告,诉讼仲裁,2025-01-21,https://data.eastmoney.com/notices/detail/300108/AN202501211642410015.html
300108,*ST吉药,*ST吉药:吉药控股集团股份有限公司关于公司股票可能被终止上市的风险提示公告,终止上市风险提示,2025-01-21,https://data.eastmoney.com/notices/detail/300108/AN202501211642410016.html
300108,*ST吉药,*ST吉药:吉药控股集团股份有限公司2024年度业绩预告,业绩预告,2025-01-21,https://data.eastmoney.com/notices/detail/300108/AN202501211642410020.html
920122,中纺标,中纺标:持股5%以上股东提前终止减持计划暨减持股份结果公告,股东/实际控制人股份减持,2025-01-21,https://data.eastmoney.com/notices/detail/920122/AN202501211642409999.html
300126,锐奇股份,锐奇股份:2024年度业绩预告,业绩预告,2025-01-21,https://data.eastmoney.com/notices/detail/300126/AN202501211642409976.html
301068,大地海洋,大地海洋:2024年度业绩预告,业绩预告,2025-01-21,https://data.eastmoney.com/notices/detail/301068/AN202501211642409832.html
301013,利和兴,利和兴:关于对外投资设立全资孙公司的进展公告,投资设立公司,2025-01-21,https://data.eastmoney.com/notices/detail/301013/AN202501211642409831.html
300432,富临精工,富临精工:2024年度业绩预告,业绩预告,2025-01-21,https://data.eastmoney.com/notices/detail/300432/AN202501211642409802.html
300472,*ST新元,新元科技:关于部分银行账户被冻结的公告,其他,2025-01-21,https://data.eastmoney.com/notices/detail/300472/AN202501211642409799.html
300706,阿石创,阿石创:2024年度业绩预告,业绩预告,2025-01-21,https://data.eastmoney.com/notices/detail/300706/AN202501211642409803.html
300368,汇金股份,ST汇金:2024年度业绩预告,业绩预告,2025-01-21,https://data.eastmoney.com/notices/detail/300368/AN202501211642409797.html
300137,先河环保,ST先河:2024年度业绩预告,业绩预告,2025-01-21,https://data.eastmoney.com/notices/detail/300137/AN202501211642409798.html
920045,蘅东光,蘅东光:关于全资子公司经营范围变更并完成工商变更登记的公告,公司关联方基本资料变更,2025-01-21,https://data.eastmoney.com/notices/detail/920045/AN202501211642409619.html
300672,国科微,国科微:关于持股5%以上股东减持股份变动比例触及1%整数倍的公告,股东/实际控制人股份减持,2025-01-21,https://data.eastmoney.com/notices/detail/300672/AN202501211642409611.html
300506,名家汇,*ST名家:关于公司股票可能被终止上市的风险提示公告,终止上市风险提示,2025-01-21,https://data.eastmoney.com/notices/detail/300506/AN202501211642409617.html
300929,华骐环保,华骐环保:2024年年度业绩预告,业绩预告,2025-01-21,https://data.eastmoney.com/notices/detail/300929/AN202501211642409608.html
300395,菲利华,菲利华:2024年度业绩预告,业绩预告,2025-01-21,https://data.eastmoney.com/notices/detail/300395/AN202501211642409614.html
300506,名家汇,*ST名家:2024年度业绩预告,业绩预告,2025-01-21,https://data.eastmoney.com/notices/detail/300506/AN202501211642409618.html
002036,联创电子,联创电子:联创电子科技股份有限公司2025年1月21日投资者关系活动记录表,调研活动,2025-01-21,https://data.eastmoney.com/notices/detail/002036/AN202501211642409415.html
000962,东方钽业,东方钽业:000962东方钽业投资者关系管理信息20250121,调研活动,2025-01-21,https://data.eastmoney.com/notices/detail/000962/AN202501211642409414.html
002920,德赛西威,德赛西威:2025年1月17日-21日投资者关系活动记录表,调研活动,2025-01-21,https://data.eastmoney.com/notices/detail/002920/AN202501211642409413.html
300759,康龙化成,康龙化成:2024年年度业绩预告,业绩预告,2025-01-21,https://data.eastmoney.com/notices/detail/300759/AN202501211642409539.html
601127,赛力斯,上海证券交易所并购重组审核委员会2025年第3次审议会议结果公告,上交所并购重组委会议结果公告,2025-01-21,https://data.eastmoney.com/notices/detail/601127/AN202501211642409463.html
300489,光智科技,光智科技:2025年第一次临时股东大会法律意见书,法律意见书,2025-01-21,https://data.eastmoney.com/notices/detail/300489/AN202501211642409503.html
300489,光智科技,光智科技:2025年第一次临时股东大会决议公告,股东大会决议公告,2025-01-21,https://data.eastmoney.com/notices/detail/300489/AN202501211642409510.html
300762,上海瀚讯,上海瀚讯:2024年度业绩预告,业绩预告,2025-01-21,https://data.eastmoney.com/notices/detail/300762/AN202501211642409518.html
300500,启迪设计,启迪设计:2024年度业绩预告,业绩预告,2025-01-21,https://data.eastmoney.com/notices/detail/300500/AN202501211642409509.html
300476,胜宏科技,胜宏科技:2024年度业绩预告,业绩预告,2025-01-21,https://data.eastmoney.com/notices/detail/300476/AN202501211642409508.html
301270,汉仪股份,汉仪股份:2024年度业绩预告,业绩预告,2025-01-21,https://data.eastmoney.com/notices/detail/301270/AN202501211642409519.html
300986,志特新材,志特新材:关于控股股东部分股份质押的公告,股份质押、冻结,2025-01-21,https://data.eastmoney.com/notices/detail/300986/AN202501211642409512.html
300986,志特新材,志特新材:关于债券持有人可转债持有比例变动达10%的公告,其他,2025-01-21,https://data.eastmoney.com/notices/detail/300986/AN202501211642409515.html
300687,赛意信息,赛意信息:关于公司持股5%以上非控股股东股份减持计划的预披露公告,股东/实际控制人股份减持,2025-01-21,https://data.eastmoney.com/notices/detail/300687/AN202501211642409504.html
300138,晨光生物,晨光生物:关于签署募集资金三方监管协议的公告,签订协议,2025-01-21,https://data.eastmoney.com/notices/detail/300138/AN202501211642409506.html
601229,上海银行,上海银行:上海银行股份有限公司2025年1月13-21日投资者关系活动记录表,调研活动,2025-01-21,https://data.eastmoney.com/notices/detail/601229/AN202501211642409369.html
300688,创业黑马,创业黑马:关于2024年度业绩预告的公告,业绩预告,2025-01-21,https://data.eastmoney.com/notices/detail/300688/AN202501211642409355.html
300678,中科信息,中科信息:2024年度业绩预告,业绩预告,2025-01-21,https://data.eastmoney.com/notices/detail/300678/AN202501211642409354.html
301305,朗坤科技,朗坤环境:关于合计持股5%以上股东及其一致行动人减持公司股份触及1%的整数倍的公告,股东/实际控制人股份减持,2025-01-21,https://data.eastmoney.com/notices/detail/301305/AN202501211642409458.html
300785,值得买,值得买:关于持股5%以上股东、董事减持至5%以下暨披露简式权益变动报告书的提示性公告,权益变动报告书,2025-01-21,https://data.eastmoney.com/notices/detail/300785/AN202501211642409457.html
300785,值得买,值得买:简式权益变动报告书(刘超),权益变动报告书,2025-01-21,https://data.eastmoney.com/notices/detail/300785/AN202501211642409353.html
301487,盟固利,盟固利:2024年年度业绩预告,业绩预告,2025-01-21,https://data.eastmoney.com/notices/detail/301487/AN202501211642409300.html
300656,民德电子,民德电子:深圳市民德电子科技股份有限公司2024年度业绩预告,业绩预告,2025-01-21,https://data.eastmoney.com/notices/detail/300656/AN202501211642409302.html
300568,星源材质,星源材质:北京市金杜(深圳)律师事务所关于深圳市星源材质科技股份有限公司2025年第一次临时股东大会之法律意见书,法律意见书,2025-01-21,https://data.eastmoney.com/notices/detail/300568/AN202501211642409294.html
300568,星源材质,星源材质:2025年第一次临时股东大会决议公告,股东大会决议公告,2025-01-21,https://data.eastmoney.com/notices/detail/300568/AN202501211642409292.html
301391,卡莱特,卡莱特:2024年度业绩预告,业绩预告,2025-01-21,https://data.eastmoney.com/notices/detail/301391/AN202501211642409306.html
300785,值得买,值得买:关于持股5%以上股东、董事减持股份达到1%的公告,股东/实际控制人股份减持,2025-01-21,https://data.eastmoney.com/notices/detail/300785/AN202501211642409303.html
300376,易事特,ST易事特:关于公司董事会秘书辞职的公告,高管人员任职变动,2025-01-21,https://data.eastmoney.com/notices/detail/300376/AN202501211642409299.html
300376,易事特,ST易事特:2024年度业绩预告,业绩预告,2025-01-21,https://data.eastmoney.com/notices/detail/300376/AN202501211642409297.html
600279,重庆港,重庆港:重庆港股份有限公司投资者关系活动记录(2025年1月15日),调研活动,2025-01-21,https://data.eastmoney.com/notices/detail/600279/AN202501211642409197.html
301428,世纪恒通,世纪恒通:关于变更持续督导保荐代表人的公告,保荐代表人（机构）变更,2025-01-21,https://data.eastmoney.com/notices/detail/301428/AN202501211642409261.html
301376,致欧科技,致欧科技:关于合计持股5%以上股东减持公司股份触及1%的整数倍的公告,股东/实际控制人股份减持,2025-01-21,https://data.eastmoney.com/notices/detail/301376/AN202501211642409004.html
301231,荣信文化,荣信文化:关于使用闲置自有资金进行委托理财的进展公告,委托（受托）事项,2025-01-21,https://data.eastmoney.com/notices/detail/301231/AN202501211642408998.html
301051,信濠光电,信濠光电:关于使用部分闲置募集资金进行现金管理的进展公告,募集资金使用进展情况,2025-01-21,https://data.eastmoney.com/notices/detail/301051/AN202501211642408995.html
301089,拓新药业,拓新药业:2024年年度业绩预告,业绩预告,2025-01-21,https://data.eastmoney.com/notices/detail/301089/AN202501211642408997.html
300996,普联软件,普联软件:2024年度业绩预告,业绩预告,2025-01-21,https://data.eastmoney.com/notices/detail/300996/AN202501211642409005.html
300579,数字认证,数字认证:2024年度业绩预告,业绩预告,2025-01-21,https://data.eastmoney.com/notices/detail/300579/AN202501211642409001.html
300045,华力创通,华力创通:2024年度业绩预告,业绩预告,2025-01-21,https://data.eastmoney.com/notices/detail/300045/AN202501211642408999.html
301358,湖南裕能,湖南裕能:2024年度业绩预告,业绩预告,2025-01-21,https://data.eastmoney.com/notices/detail/301358/AN202501211642408840.html
300250,初灵信息,初灵信息:2024年度业绩预告,业绩预告,2025-01-21,https://data.eastmoney.com/notices/detail/300250/AN202501211642408837.html
301077,星华新材,星华新材:2024年度业绩预告,业绩预告,2025-01-21,https://data.eastmoney.com/notices/detail/301077/AN202501211642408835.html
300686,智动力,智动力:2024年年度业绩预告,业绩预告,2025-01-21,https://data.eastmoney.com/notices/detail/300686/AN202501211642408833.html
300115,长盈精密,长盈精密:2024年度业绩预告,业绩预告,2025-01-21,https://data.eastmoney.com/notices/detail/300115/AN202501211642408810.html
301096,百诚医药,百诚医药:关于HQ2216获得临床试验批准通知书的公告,其他,2025-01-21,https://data.eastmoney.com/notices/detail/301096/AN202501211642408806.html
300145,南方泵业,中金环境:关于部分限制性股票回购注销完成的公告,股本变动,2025-01-21,https://data.eastmoney.com/notices/detail/300145/AN202501211642408802.html
300400,劲拓股份,劲拓股份:2024年度业绩预增公告,业绩预告,2025-01-21,https://data.eastmoney.com/notices/detail/300400/AN202501211642408804.html
300825,阿尔特,阿尔特:2024年度业绩预告,业绩预告,2025-01-21,https://data.eastmoney.com/notices/detail/300825/AN202501211642408814.html
300640,德艺文创,德艺文创:关于归还部分用于暂时补充流动资金的闲置募集资金的公告,归还募集资金,2025-01-21,https://data.eastmoney.com/notices/detail/300640/AN202501211642408811.html
300373,扬杰科技,扬杰科技:关于变更签字注册会计师的公告,公司关联方基本资料变更,2025-01-21,https://data.eastmoney.com/notices/detail/300373/AN202501211642408812.html
300602,飞荣达,飞荣达:2024年度业绩预告,业绩预告,2025-01-21,https://data.eastmoney.com/notices/detail/300602/AN202501211642408805.html
920108,宏海科技,宏海科技:向不特定合格投资者公开发行股票并在北京证券交易所上市发行结果公告,首发发行结果公告,2025-01-21,https://data.eastmoney.com/notices/detail/920108/AN202501211642408796.html
301631,壹连科技,壹连科技:第五届董事会第十四次会议决议公告,董事会决议公告,2025-01-21,https://data.eastmoney.com/notices/detail/301631/AN202501211642408654.html
300095,华伍股份,华伍股份:第六届董事会第七次会议决议公告,董事会决议公告,2025-01-21,https://data.eastmoney.com/notices/detail/300095/AN202501211642408651.html
300074,华平股份,华平股份:2024年度业绩预告,业绩预告,2025-01-21,https://data.eastmoney.com/notices/detail/300074/AN202501211642408637.html
300105,龙源技术,龙源技术:2024年度业绩预告,业绩预告,2025-01-21,https://data.eastmoney.com/notices/detail/300105/AN202501211642408650.html
300095,华伍股份,华伍股份:关于注销全资子公司江西华伍智能传动装备有限公司的公告,公司关联方基本资料变更,2025-01-21,https://data.eastmoney.com/notices/detail/300095/AN202501211642408647.html
300095,华伍股份,华伍股份:回购股份报告书,回购报告书,2025-01-21,https://data.eastmoney.com/notices/detail/300095/AN202501211642408656.html
301631,壹连科技,壹连科技:2025年第一次临时股东大会法律意见书,法律意见书,2025-01-21,https://data.eastmoney.com/notices/detail/301631/AN202501211642408655.html
300095,华伍股份,华伍股份:第六届监事会第七次会议决议公告,监事会决议公告,2025-01-21,https://data.eastmoney.com/notices/detail/300095/AN202501211642408652.html
300095,华伍股份,华伍股份:关于回购公司股份方案的公告,回购预案,2025-01-21,https://data.eastmoney.com/notices/detail/300095/AN202501211642408643.html
300095,华伍股份,华伍股份:2024年度业绩预告,业绩预告,2025-01-21,https://data.eastmoney.com/notices/detail/300095/AN202501211642408642.html
300711,广哈通信,广哈通信:关于对外投资的进展公告,对外项目投资,2025-01-21,https://data.eastmoney.com/notices/detail/300711/AN202501211642408638.html
300042,朗科科技,朗科科技:2024年度业绩预告,业绩预告,2025-01-21,https://data.eastmoney.com/notices/detail/300042/AN202501211642408639.html
301631,壹连科技,壹连科技:2025年第一次临时股东大会决议公告,股东大会决议公告,2025-01-21,https://data.eastmoney.com/notices/detail/301631/AN202501211642408641.html
301631,壹连科技,壹连科技:深圳壹连科技股份有限公司董事会印章管理制度,管理办法/制度,2025-01-21,https://data.eastmoney.com/notices/detail/301631/AN202501211642408646.html
301631,壹连科技,壹连科技:深圳壹连科技股份有限公司舆情管理制度,管理办法/制度,2025-01-21,https://data.eastmoney.com/notices/detail/301631/AN202501211642408649.html
688591,泰凌微,泰凌微:投资者关系活动记录表2025年1月3日、1月16日、1月21日,调研活动,2025-01-21,https://data.eastmoney.com/notices/detail/688591/AN202501211642408492.html
300588,熙菱信息,熙菱信息:国投证券股份有限公司关于新疆熙菱信息技术股份有限公司使用部分闲置募集资金临时补充流动资金的核查意见,保荐/核查意见,2025-01-21,https://data.eastmoney.com/notices/detail/300588/AN202501211642408560.html
300588,熙菱信息,熙菱信息:关于使用部分闲置募集资金临时补充流动资金的公告,募集资金补充流动资金,2025-01-21,https://data.eastmoney.com/notices/detail/300588/AN202501211642408566.html
300588,熙菱信息,熙菱信息:第五届监事会第六次会议决议公告,监事会决议公告,2025-01-21,https://data.eastmoney.com/notices/detail/300588/AN202501211642408565.html
300588,熙菱信息,熙菱信息:第五届董事会第六次会议决议公告,董事会决议公告,2025-01-21,https://data.eastmoney.com/notices/detail/300588/AN202501211642408567.html
300398,飞凯材料,飞凯材料:关于公司及控股子公司担保进展的公告,其他担保公告,2025-01-21,https://data.eastmoney.com/notices/detail/300398/AN202501211642408240.html
301095,广立微,广立微:第二届董事会第十五次会议决议公告,董事会决议公告,2025-01-21,https://data.eastmoney.com/notices/detail/301095/AN202501211642408238.html
605488,福莱新材,福莱新材:投资者关系活动记录表(2025年01月21日),调研活动,2025-01-21,https://data.eastmoney.com/notices/detail/605488/AN202501211642408266.html
001267,汇绿生态,汇绿生态:001267汇绿生态投资者关系管理信息20250121,调研活动,2025-01-21,https://data.eastmoney.com/notices/detail/001267/AN202501211642408016.html
300533,冰川网络,冰川网络:关于使用闲置自有资金购买理财产品的进展公告,投资理财,2025-01-21,https://data.eastmoney.com/notices/detail/300533/AN202501211642408162.html
920425,乐创技术,乐创技术:第五届董事会第五次会议决议公告,董事会决议公告,2025-01-21,https://data.eastmoney.com/notices/detail/920425/AN202501211642408098.html
920425,乐创技术,乐创技术:第五届监事会第五次会议决议公告,监事会决议公告,2025-01-21,https://data.eastmoney.com/notices/detail/920425/AN202501211642408092.html
920425,乐创技术,乐创技术:舆情管理制度,管理办法/制度,2025-01-21,https://data.eastmoney.com/notices/detail/920425/AN202501211642408097.html
920425,乐创技术,乐创技术:关于召开2025年第一次临时股东大会通知公告(提供网络投票),召开股东大会通知,2025-01-21,https://data.eastmoney.com/notices/detail/920425/AN202501211642408093.html
920425,乐创技术,乐创技术:关于使用自有资金进行现金管理的公告,投资理财,2025-01-21,https://data.eastmoney.com/notices/detail/920425/AN202501211642408094.html
920425,乐创技术,乐创技术:国金证券股份有限公司关于成都乐创自动化技术股份有限公司使用部分暂时闲置募集资金进行现金管理的核查意见,保荐/核查意见,2025-01-21,https://data.eastmoney.com/notices/detail/920425/AN202501211642408096.html
920425,乐创技术,乐创技术:关于使用部分闲置募集资金进行现金管理的公告,投资理财,2025-01-21,https://data.eastmoney.com/notices/detail/920425/AN202501211642408095.html
300220,金运激光,金运激光:2024年年度业绩预告,业绩预告,2025-01-21,https://data.eastmoney.com/notices/detail/300220/AN202501211642407706.html
920445,龙竹科技,龙竹科技:关于持股5%以上股东权益变动触及1%的提示性公告,权益变动报告书,2025-01-21,https://data.eastmoney.com/notices/detail/920445/AN202501211642407687.html
920445,龙竹科技,龙竹科技:回购股份注销完成暨股份变动公告,股本变动,2025-01-21,https://data.eastmoney.com/notices/detail/920445/AN202501211642407686.html
920083,金戈新材,金戈新材:公开转让说明书(更正公告),其他,2025-01-21,https://data.eastmoney.com/notices/detail/920083/AN202501211642407658.html
920083,金戈新材,金戈新材:公开转让说明书(更正后),公开转让说明书,2025-01-21,https://data.eastmoney.com/notices/detail/920083/AN202501211642407659.html
301266,宇邦新材,宇邦新材:关于完成工商变更登记备案并换发营业执照的公告,公司注册资本变更,2025-01-21,https://data.eastmoney.com/notices/detail/301266/AN202501211642407518.html
301152,天力锂能,天力锂能:天力锂能集团股份有限公司关于全资子公司签订重大合同的公告(更正后),其他,2025-01-21,https://data.eastmoney.com/notices/detail/301152/AN202501211642407523.html
300022,吉峰科技,吉峰科技:2024年度业绩预告,业绩预告,2025-01-21,https://data.eastmoney.com/notices/detail/300022/AN202501211642407519.html
301152,天力锂能,天力锂能:天力锂能集团股份有限公司关于全资子公司签订重大合同的更正公告,其他,2025-01-21,https://data.eastmoney.com/notices/detail/301152/AN202501211642407521.html
301266,宇邦新材,宇邦新材:2024年度业绩预告,业绩预告,2025-01-21,https://data.eastmoney.com/notices/detail/301266/AN202501211642407517.html
301516,中远通,中远通:2024年度业绩预告,业绩预告,2025-01-21,https://data.eastmoney.com/notices/detail/301516/AN202501211642407477.html
300221,银禧科技,银禧科技:北京国枫律师事务所关于广东银禧科技股份有限公司2025年第一次临时股东大会的法律意见书,法律意见书,2025-01-21,https://data.eastmoney.com/notices/detail/300221/AN202501211642407464.html
300221,银禧科技,银禧科技:2025年第一次临时股东大会决议公告,股东大会决议公告,2025-01-21,https://data.eastmoney.com/notices/detail/300221/AN202501211642407469.html
688553,汇宇制药,关于对四川汇宇制药股份有限公司时任董事长兼总经理丁兆予以通报批评的决定,上交所股票监管措施,2025-01-21,https://data.eastmoney.com/notices/detail/688553/AN202501211642407341.html
301458,钧崴电子,钧崴电子:301458钧崴电子投资者关系管理信息20250121,调研活动,2025-01-21,https://data.eastmoney.com/notices/detail/301458/AN202501211642407399.html
920932,科达自控,科达自控:关于投资者关系活动记录表的公告,调研活动,2025-01-21,https://data.eastmoney.com/notices/detail/920932/AN202501211642407289.html
300334,津膜科技,津膜科技:关于公司诉讼案件的进展公告,诉讼仲裁,2025-01-21,https://data.eastmoney.com/notices/detail/300334/AN202501211642407247.html
300718,长盛轴承,长盛轴承:关于股票交易异常波动的公告,股票交易异常波动,2025-01-21,https://data.eastmoney.com/notices/detail/300718/AN202501211642407248.html
301041,金百泽,金百泽:关于持股5%以上股东减持股份计划进展暨权益变动比例超过1%的公告,权益变动报告书,2025-01-21,https://data.eastmoney.com/notices/detail/301041/AN202501211642407250.html
300152,*ST动力,新动力:2024年度业绩预告,业绩预告,2025-01-21,https://data.eastmoney.com/notices/detail/300152/AN202501211642407251.html
688253,英诺特,英诺特:2025年1月17日至1月21日投资者关系活动记录表,调研活动,2025-01-21,https://data.eastmoney.com/notices/detail/688253/AN202501211642406910.html
300402,宝色股份,宝色股份:华泰联合证券有限责任公司关于南京宝色股份公司与关联方续签日常关联交易框架协议的核查意见,保荐/核查意见,2025-01-21,https://data.eastmoney.com/notices/detail/300402/AN202501211642407181.html
300402,宝色股份,宝色股份:华泰联合证券有限责任公司关于南京宝色股份公司确认2024年度日常关联交易及2025年日常关联交易预计的核查意见,保荐/核查意见,2025-01-21,https://data.eastmoney.com/notices/detail/300402/AN202501211642407052.html
300402,宝色股份,宝色股份:第六届监事会第七次会议决议公告,监事会决议公告,2025-01-21,https://data.eastmoney.com/notices/detail/300402/AN202501211642407169.html
300402,宝色股份,宝色股份:关于确认2024年度日常关联交易及2025年度日常关联交易预计的公告,关联交易,2025-01-21,https://data.eastmoney.com/notices/detail/300402/AN202501211642407180.html
300402,宝色股份,宝色股份:关于与关联方续签日常关联交易框架协议的公告,签订协议,2025-01-21,https://data.eastmoney.com/notices/detail/300402/AN202501211642407187.html
300402,宝色股份,宝色股份:第六届董事会第八次会议决议公告,董事会决议公告,2025-01-21,https://data.eastmoney.com/notices/detail/300402/AN202501211642407159.html
301259,艾布鲁,艾布鲁:2024年度业绩预告,业绩预告,2025-01-21,https://data.eastmoney.com/notices/detail/301259/AN202501211642407193.html
300377,赢时胜,赢时胜:2024年度业绩预告,业绩预告,2025-01-21,https://data.eastmoney.com/notices/detail/300377/AN202501211642407164.html
300198,*ST纳川,纳川股份:关于公司欠付银行贷款利息的公告,借贷,2025-01-21,https://data.eastmoney.com/notices/detail/300198/AN202501211642407173.html
301613,新铝时代,新铝时代:关于完成工商变更登记并换发营业执照的公告,公司注册资本变更,2025-01-21,https://data.eastmoney.com/notices/detail/301613/AN202501211642407195.html
301468,博盈特焊,博盈特焊:中信建投证券股份有限公司关于广东博盈特焊技术股份有限公司首次公开发行前部分已发行股份上市流通的核查意见,保荐/核查意见,2025-01-21,https://data.eastmoney.com/notices/detail/301468/AN202501211642407161.html
301468,博盈特焊,博盈特焊:关于首次回购公司股份的公告,回购实施公告,2025-01-21,https://data.eastmoney.com/notices/detail/301468/AN202501211642407192.html
301468,博盈特焊,博盈特焊:关于首次公开发行前部分已发行股份上市流通提示性公告,限售股份上市流通,2025-01-21,https://data.eastmoney.com/notices/detail/301468/AN202501211642407179.html
300614,百川畅银,百川畅银:2024年度业绩预告,业绩预告,2025-01-21,https://data.eastmoney.com/notices/detail/300614/AN202501211642407186.html
300118,东方日升,东方日升:浙江和义观达律师事务所关于东方日升2025年第一次临时股东大会的法律意见书,法律意见书,2025-01-21,https://data.eastmoney.com/notices/detail/300118/AN202501211642407167.html
300118,东方日升,东方日升:2025年第一次临时股东大会决议公告,股东大会决议公告,2025-01-21,https://data.eastmoney.com/notices/detail/300118/AN202501211642407165.html
301555,惠柏新材,惠柏新材:关于为全资子公司申请银行授信额度提供担保进展的公告,提供/对外担保公告,2025-01-21,https://data.eastmoney.com/notices/detail/301555/AN202501211642407158.html
301120,新特电气,新特电气:2024年度业绩预告,业绩预告,2025-01-21,https://data.eastmoney.com/notices/detail/301120/AN202501211642407163.html
300555,ST路通,ST路通:无锡路通视信网络股份有限公司第五届董事会独立董事专门会议第六次会议决议公告,董事会决议公告,2025-01-21,https://data.eastmoney.com/notices/detail/300555/AN202501211642406793.html
301125,腾亚精工,腾亚精工:第二届董事会第二十一次会议决议公告,董事会决议公告,2025-01-21,https://data.eastmoney.com/notices/detail/301125/AN202501211642406797.html
301125,腾亚精工,腾亚精工:东吴证券股份有限公司关于南京腾亚精工科技股份有限公司2025年度日常性关联交易预计的核查意见,保荐/核查意见,2025-01-21,https://data.eastmoney.com/notices/detail/301125/AN202501211642406783.html
300555,ST路通,ST路通:无锡路通视信网络股份有限公司2024年度业绩预告,业绩预告,2025-01-21,https://data.eastmoney.com/notices/detail/300555/AN202501211642406806.html
301125,腾亚精工,腾亚精工:第二届监事会第二十一次会议决议公告,监事会决议公告,2025-01-21,https://data.eastmoney.com/notices/detail/301125/AN202501211642406786.html
300555,ST路通,ST路通:无锡路通视信网络股份有限公司关于2024年第四季度计提资产减值准备及核销坏账的公告,其他,2025-01-21,https://data.eastmoney.com/notices/detail/300555/AN202501211642406802.html
301125,腾亚精工,腾亚精工:关于2025年度日常性关联交易预计的公告,关联交易,2025-01-21,https://data.eastmoney.com/notices/detail/301125/AN202501211642406803.html
300188,国投智能,国投智能:2025年1月21日投资者关系活动记录表,调研活动,2025-01-21,https://data.eastmoney.com/notices/detail/300188/AN202501211642406638.html
301307,美利信,美利信:2024年度业绩预告,业绩预告,2025-01-21,https://data.eastmoney.com/notices/detail/301307/AN202501211642406550.html
300743,天地数码,天地数码:2024年度业绩预增公告,业绩预告,2025-01-21,https://data.eastmoney.com/notices/detail/300743/AN202501211642406554.html
300562,乐心医疗,乐心医疗:2024年度业绩预告,业绩预告,2025-01-21,https://data.eastmoney.com/notices/detail/300562/AN202501211642406548.html
300352,ST信源,北信源:第五届监事会第十四次临时会议决议公告,监事会决议公告,2025-01-21,https://data.eastmoney.com/notices/detail/300352/AN202501211642406507.html
300352,ST信源,北信源:第五届董事会第十六次临时会议决议公告,董事会决议公告,2025-01-21,https://data.eastmoney.com/notices/detail/300352/AN202501211642406506.html
300352,ST信源,北信源:关于控股股东、实际控制人向公司提供无偿资金支持暨关联交易的公告,关联交易,2025-01-21,https://data.eastmoney.com/notices/detail/300352/AN202501211642406508.html
920011,晨光电机,晨光电机:独立董事关于第一届董事会第十次会议相关事项的事前认可意见,专项说明/独立意见,2025-01-21,https://data.eastmoney.com/notices/detail/920011/AN202501211642406477.html
920011,晨光电机,晨光电机:独立董事关于第一届董事会第十次会议相关事项的独立意见,专项说明/独立意见,2025-01-21,https://data.eastmoney.com/notices/detail/920011/AN202501211642406475.html
920870,恒进感应,恒进感应:2025年第一次临时股东大会决议公告,股东大会决议公告,2025-01-21,https://data.eastmoney.com/notices/detail/920870/AN202501211642406464.html
920870,恒进感应,恒进感应:北京盈科(武汉)律师事务所关于恒进感应科技(十堰)股份有限公司2025年第一次临时股东大会的法律意见书,法律意见书,2025-01-21,https://data.eastmoney.com/notices/detail/920870/AN202501211642406463.html
920011,晨光电机,晨光电机:第一届监事会第八次会议决议公告,监事会决议公告,2025-01-21,https://data.eastmoney.com/notices/detail/920011/AN202501211642406356.html
920011,晨光电机,晨光电机:第一届董事会第十次会议决议公告,董事会决议公告,2025-01-21,https://data.eastmoney.com/notices/detail/920011/AN202501211642406317.html
920011,晨光电机,晨光电机:监事会关于公司向不特定合格投资者公开发行股票并在北京证券交易所上市方案的审核意见的公告,专项说明/独立意见,2025-01-21,https://data.eastmoney.com/notices/detail/920011/AN202501211642406318.html
920011,晨光电机,晨光电机:关于聘请公司申请向不特定合格投资者公开发行股票并在北京证券交易所上市的中介机构的公告,审计机构变更,2025-01-21,https://data.eastmoney.com/notices/detail/920011/AN202501211642406306.html
920011,晨光电机,晨光电机:关于召开2025年第一次临时股东会通知公告(提供网络投票),召开股东大会通知,2025-01-21,https://data.eastmoney.com/notices/detail/920011/AN202501211642406305.html
301292,海科新源,海科新源:关于触发稳定股价措施启动条件的提示性公告,其他,2025-01-21,https://data.eastmoney.com/notices/detail/301292/AN202501211642406301.html
301292,海科新源,海科新源:2024年度业绩预告,业绩预告,2025-01-21,https://data.eastmoney.com/notices/detail/301292/AN202501211642406293.html
301075,多瑞医药,多瑞医药:关于控股股东质押部分股权的公告,股份质押、冻结,2025-01-21,https://data.eastmoney.com/notices/detail/301075/AN202501211642406286.html
300779,惠城环保,惠城环保:关于为参股公司申请授信业务提供担保暨关联交易的进展公告,提供/对外担保公告,2025-01-21,https://data.eastmoney.com/notices/detail/300779/AN202501211642406303.html
300487,蓝晓科技,蓝晓科技:关于可转换公司债券转股价格调整的公告,其他,2025-01-21,https://data.eastmoney.com/notices/detail/300487/AN202501211642406288.html
300487,蓝晓科技,蓝晓科技:关于2021年限制性股票激励计划预留授予部分第一个归属期归属结果暨股份上市的公告,限售股份上市流通,2025-01-21,https://data.eastmoney.com/notices/detail/300487/AN202501211642406295.html
300109,新开源,新开源:关于公司董事收到立案告知书的公告,其他,2025-01-21,https://data.eastmoney.com/notices/detail/300109/AN202501211642406290.html
300109,新开源,新开源:关于控股股东、实际控制人之一部分股份解除质押的公告,股份质押、冻结,2025-01-21,https://data.eastmoney.com/notices/detail/300109/AN202501211642406302.html
300207,欣旺达,欣旺达:关于全资子公司与专业投资机构共同投资的进展公告,其他,2025-01-21,https://data.eastmoney.com/notices/detail/300207/AN202501211642406294.html
920011,晨光电机,晨光电机:关于公司申请向不特定合格投资者公开发行股票并在北京证券交易所上市所涉及承诺事项及相应约束措施的公告,其他,2025-01-21,https://data.eastmoney.com/notices/detail/920011/AN202501211642406273.html
920011,晨光电机,晨光电机:关于公司就虚假陈述导致回购股份和向投资者赔偿事项进行承诺并接受约束措施的承诺,其他,2025-01-21,https://data.eastmoney.com/notices/detail/920011/AN202501211642406272.html
920011,晨光电机,晨光电机:关于公司申请向不特定合格投资者公开发行股票并在北京证券交易所上市后三年内稳定股价预案的公告,其他,2025-01-21,https://data.eastmoney.com/notices/detail/920011/AN202501211642406261.html
920011,晨光电机,晨光电机:关于公司申请向不特定合格投资者公开发行股票并在北京证券交易所上市后三年分红回报规划的公告,其他,2025-01-21,https://data.eastmoney.com/notices/detail/920011/AN202501211642406040.html
920011,晨光电机,晨光电机:关于公司申请向不特定合格投资者公开发行股票并在北京证券交易所上市摊薄即期回报的填补措施及相关承诺的公告,其他,2025-01-21,https://data.eastmoney.com/notices/detail/920011/AN202501211642406041.html
920011,晨光电机,"晨光电机:关于公司申请向不特定合格投资者公开发行股票并在北京证券交易所上市前滚存利润,分配方案的公告",其他,2025-01-21,https://data.eastmoney.com/notices/detail/920011/AN202501211642406012.html
300110,华仁药业,华仁药业:关于全资子公司吡非尼酮原料药获得上市申请批准通知书的公告,其他,2025-01-21,https://data.eastmoney.com/notices/detail/300110/AN202501211642406004.html
300889,爱克股份,爱克股份:关于公司股东部分股份质押的公告,股份质押、冻结,2025-01-21,https://data.eastmoney.com/notices/detail/300889/AN202501211642406007.html
300889,爱克股份,爱克股份:2024年度业绩预告,业绩预告,2025-01-21,https://data.eastmoney.com/notices/detail/300889/AN202501211642406001.html
300053,航宇微,航宇微:2024年度业绩预告,业绩预告,2025-01-21,https://data.eastmoney.com/notices/detail/300053/AN202501211642406002.html
920011,晨光电机,晨光电机:关于设立募集资金专项账户并签署募集资金三方监管协议的公告,签订协议,2025-01-21,https://data.eastmoney.com/notices/detail/920011/AN202501211642405992.html
920011,晨光电机,晨光电机:关于提请公司股东会授权董事会办理公司申请向不特定合格投资者公开发行股票并在北京证券交易所上市事宜的公告,其他,2025-01-21,https://data.eastmoney.com/notices/detail/920011/AN202501211642405977.html
920011,晨光电机,晨光电机:关于公司申请向不特定合格投资者公开发行股票并在北京证券交易所上市募集资金投资项目及其可行性的公告,其他,2025-01-21,https://data.eastmoney.com/notices/detail/920011/AN202501211642405978.html
300267,尔康制药,尔康制药:关于2024年度计提信用及资产减值损失的公告,其他,2025-01-21,https://data.eastmoney.com/notices/detail/300267/AN202501211642405982.html
300267,尔康制药,尔康制药:2024年年度业绩预告,业绩预告,2025-01-21,https://data.eastmoney.com/notices/detail/300267/AN202501211642405981.html
300583,赛托生物,赛托生物:2024年度业绩预告,业绩预告,2025-01-21,https://data.eastmoney.com/notices/detail/300583/AN202501211642405984.html
920011,晨光电机,晨光电机:关于董事会审议公开发行股票并在北交所上市议案的提示性公告,其他,2025-01-21,https://data.eastmoney.com/notices/detail/920011/AN202501211642405966.html
300732,设研院,设研院:关于暂不向下修正设研转债转股价格的公告,其他,2025-01-21,https://data.eastmoney.com/notices/detail/300732/AN202501211642405854.html
300732,设研院,设研院:第四届董事会第二次会议决议公告,董事会决议公告,2025-01-21,https://data.eastmoney.com/notices/detail/300732/AN202501211642405855.html
301002,崧盛股份,崧盛股份:关于公司实际控制人之一所持部分股份办理质押的公告,股份质押、冻结,2025-01-21,https://data.eastmoney.com/notices/detail/301002/AN202501211642405838.html
301002,崧盛股份,崧盛股份:关于向控股子公司提供担保的进展公告,提供/对外担保公告,2025-01-21,https://data.eastmoney.com/notices/detail/301002/AN202501211642405835.html
301085,亚康股份,亚康股份:关于控股股东及公司作为第三人参加诉讼暨重大诉讼的进展公告,诉讼仲裁,2025-01-21,https://data.eastmoney.com/notices/detail/301085/AN202501211642405839.html
300465,高伟达,高伟达:关于子公司涉及仲裁的公告,其他,2025-01-21,https://data.eastmoney.com/notices/detail/300465/AN202501211642405652.html
300787,海能实业,海能实业:关于控股股东、实际控制人部分股份解除质押的公告,股份质押、冻结,2025-01-21,https://data.eastmoney.com/notices/detail/300787/AN202501211642405649.html
300775,三角防务,三角防务:关于持股5%以上股东减持股份超过1%的公告,股东/实际控制人股份减持,2025-01-21,https://data.eastmoney.com/notices/detail/300775/AN202501211642405647.html
300509,新美星,新美星:2024年度业绩预告,业绩预告,2025-01-21,https://data.eastmoney.com/notices/detail/300509/AN202501211642405645.html
301217,铜冠铜箔,铜冠铜箔:2024年度业绩预告,业绩预告,2025-01-21,https://data.eastmoney.com/notices/detail/301217/AN202501211642405650.html
300449,汉邦高科,汉邦高科:信达证券股份有限公司关于北京汉邦高科数字技术股份有限公司2024年持续督导定期现场检查报告,保荐/核查意见,2025-01-21,https://data.eastmoney.com/notices/detail/300449/AN202501211642405334.html
688521,芯原股份,芯原股份:2025年1月20日投资者关系活动记录表,调研活动,2025-01-21,https://data.eastmoney.com/notices/detail/688521/AN202501211642405174.html
300916,朗特智能,朗特智能:关于终止股权收购意向协议的公告,收购出售资产/股权,2025-01-21,https://data.eastmoney.com/notices/detail/300916/AN202501211642405133.html
300916,朗特智能,朗特智能:关于调整公司组织结构的公告,其他,2025-01-21,https://data.eastmoney.com/notices/detail/300916/AN202501211642405131.html
300916,朗特智能,朗特智能:第三届董事会第二十次会议决议公告,董事会决议公告,2025-01-21,https://data.eastmoney.com/notices/detail/300916/AN202501211642405132.html
300916,朗特智能,朗特智能:2024年度业绩预告,业绩预告,2025-01-21,https://data.eastmoney.com/notices/detail/300916/AN202501211642405130.html
000551,创元科技,创元科技:000551创元科技投资者关系管理信息20250121,调研活动,2025-01-21,https://data.eastmoney.com/notices/detail/000551/AN202501211642405027.html
301035,润丰股份,润丰股份:关于完成工商变更登记并换发营业执照的公告,公司注册资本变更,2025-01-21,https://data.eastmoney.com/notices/detail/301035/AN202501211642404717.html
300783,三只松鼠,三只松鼠:2024年度业绩预告,业绩预告,2025-01-21,https://data.eastmoney.com/notices/detail/300783/AN202501211642404726.html
300329,海伦钢琴,海伦钢琴:2025-002关于公司2024年年度业绩预告的公告,业绩预告,2025-01-21,https://data.eastmoney.com/notices/detail/300329/AN202501211642404518.html
300333,兆日科技,兆日科技:深圳兆日科技股份有限公司2024年度业绩预告,业绩预告,2025-01-21,https://data.eastmoney.com/notices/detail/300333/AN202501211642404516.html
301236,软通动力,软通动力:关于股东股份质押的公告,股份质押、冻结,2025-01-21,https://data.eastmoney.com/notices/detail/301236/AN202501211642404476.html
301236,软通动力,软通动力:关于股东部分股份解除质押的公告,股份质押、冻结,2025-01-21,https://data.eastmoney.com/notices/detail/301236/AN202501211642404472.html
300865,大宏立,大宏立:国都证券关于大宏立部分募投项目结项、终止并将节余募集资金永久补充流动资金的核查意见,保荐/核查意见,2025-01-21,https://data.eastmoney.com/notices/detail/300865/AN202501211642404349.html
300865,大宏立,大宏立:关于部分募投项目结项、终止并将节余募集资金永久补充流动资金的公告,募集资金补充流动资金,2025-01-21,https://data.eastmoney.com/notices/detail/300865/AN202501211642404348.html
300865,大宏立,大宏立:第四届监事会第二十六次会议决议公告,监事会决议公告,2025-01-21,https://data.eastmoney.com/notices/detail/300865/AN202501211642404352.html
300865,大宏立,大宏立:第四届董事会第三十二次会议决议公告,董事会决议公告,2025-01-21,https://data.eastmoney.com/notices/detail/300865/AN202501211642404347.html
301093,华兰股份,华兰股份:关于开立募集资金现金管理产品专用结算账户的公告,投资理财,2025-01-21,https://data.eastmoney.com/notices/detail/301093/AN202501211642404475.html
300830,金现代,金现代:关于公司办公地址变更的公告,公司办公地址变更,2025-01-21,https://data.eastmoney.com/notices/detail/300830/AN202501211642404351.html
300710,万隆光电,万隆光电:关于完成法定代表人工商变更登记的公告,法定代表人变更,2025-01-21,https://data.eastmoney.com/notices/detail/300710/AN202501211642404470.html
300138,晨光生物,晨光生物:2024年度业绩预告,业绩预告,2025-01-21,https://data.eastmoney.com/notices/detail/300138/AN202501211642404459.html
301298,东利机械,东利机械:关于回购股份实施完成暨股份变动的公告,股本变动,2025-01-21,https://data.eastmoney.com/notices/detail/301298/AN202501211642404473.html
300094,国联水产,国联水产:关于为子公司提供担保额度的进展公告,提供/对外担保公告,2025-01-21,https://data.eastmoney.com/notices/detail/300094/AN202501211642404350.html
300651,金陵体育,金陵体育:江苏金陵体育器材股份有限公司2024年度业绩预告,业绩预告,2025-01-21,https://data.eastmoney.com/notices/detail/300651/AN202501211642404296.html
301291,明阳电气,明阳电气:2024年年度业绩预告,业绩预告,2025-01-21,https://data.eastmoney.com/notices/detail/301291/AN202501211642404301.html
300132,诺斯贝尔,青松股份:关于变更公司网址的公告,其他,2025-01-21,https://data.eastmoney.com/notices/detail/300132/AN202501211642404300.html
300664,鹏鹞环保,鹏鹞环保:申万宏源证券承销保荐有限责任公司关于鹏鹞环保股份有限公司2024年度现场检查报告,保荐/核查意见,2025-01-21,https://data.eastmoney.com/notices/detail/300664/AN202501211642404297.html
301291,明阳电气,明阳电气:关于2024年度拟计提信用及资产减值准备的公告,其他,2025-01-21,https://data.eastmoney.com/notices/detail/301291/AN202501211642404299.html
300132,诺斯贝尔,青松股份:2024年度业绩预告,业绩预告,2025-01-21,https://data.eastmoney.com/notices/detail/300132/AN202501211642404298.html
002536,飞龙股份,飞龙股份:002536飞龙股份投资者关系管理信息20250121,调研活动,2025-01-21,https://data.eastmoney.com/notices/detail/002536/AN202501211642404211.html
301072,中捷精工,中捷精工:第三届董事会第十一次会议决议公告,董事会决议公告,2025-01-21,https://data.eastmoney.com/notices/detail/301072/AN202501211642404282.html
301356,天振股份,天振股份:关于2024年度业绩预告的公告,业绩预告,2025-01-21,https://data.eastmoney.com/notices/detail/301356/AN202501211642404284.html
300597,吉大通信,吉大通信:吉大通信2024年度业绩预告,业绩预告,2025-01-21,https://data.eastmoney.com/notices/detail/300597/AN202501211642404283.html
301072,中捷精工,中捷精工:关于公司申请授信额度的公告,借贷,2025-01-21,https://data.eastmoney.com/notices/detail/301072/AN202501211642404286.html
301072,中捷精工,中捷精工:关于公司为子公司提供担保进展的公告,提供/对外担保公告,2025-01-21,https://data.eastmoney.com/notices/detail/301072/AN202501211642404285.html
300850,新强联,新强联:2024年度业绩预告,业绩预告,2025-01-21,https://data.eastmoney.com/notices/detail/300850/AN202501211642403966.html
300354,东华测试,东华测试:2024年度业绩预告,业绩预告,2025-01-21,https://data.eastmoney.com/notices/detail/300354/AN202501211642403969.html
301308,江波龙,江波龙:关于为全资子公司提供担保的进展公告,提供/对外担保公告,2025-01-21,https://data.eastmoney.com/notices/detail/301308/AN202501211642403971.html
300889,爱克股份,爱克股份:关于签署股权收购协议的进展公告,签订协议,2025-01-21,https://data.eastmoney.com/notices/detail/300889/AN202501211642403973.html
920156,海昌智能,海昌智能:关于公司及相关责任主体收到全国股转公司自律监管措施决定书的公告,其他,2025-01-21,https://data.eastmoney.com/notices/detail/920156/AN202501211642403960.html
300135,宝利国际,宝利国际:2024年年度业绩预告,业绩预告,2025-01-21,https://data.eastmoney.com/notices/detail/300135/AN202501211642403840.html
301020,密封科技,密封科技:关于董事会、监事会延期换届的提示性公告,高管人员任职变动,2025-01-21,https://data.eastmoney.com/notices/detail/301020/AN202501211642403841.html
300558,贝达药业,贝达药业:关于股东股份质押变动的公告,股份质押、冻结,2025-01-21,https://data.eastmoney.com/notices/detail/300558/AN202501211642403499.html
300915,海融科技,海融科技:关于使用闲置自有资金进行现金管理到期赎回的公告,投资理财,2025-01-21,https://data.eastmoney.com/notices/detail/300915/AN202501211642403500.html
600628,新世界,新世界:投资者关系活动记录表(2025年1月14日),调研活动,2025-01-21,https://data.eastmoney.com/notices/detail/600628/AN202501211642403628.html
300595,欧普康视,欧普康视:关于持股5%以上股东部分股份解除质押的公告,股份质押、冻结,2025-01-21,https://data.eastmoney.com/notices/detail/300595/AN202501211642403477.html
300364,中文在线,中文在线:关于公司高级管理人员变更的公告,高管人员任职变动,2025-01-21,https://data.eastmoney.com/notices/detail/300364/AN202501211642403478.html
300364,中文在线,中文在线:第五届董事会第十四次会议决议公告,高管人员任职变动,2025-01-21,https://data.eastmoney.com/notices/detail/300364/AN202501211642403479.html
301089,拓新药业,拓新药业:关于全资子公司通过高新技术企业认定的公告,其他,2025-01-21,https://data.eastmoney.com/notices/detail/301089/AN202501211642403227.html
300231,银信科技,银信科技:2024年度业绩预告,业绩预告,2025-01-21,https://data.eastmoney.com/notices/detail/300231/AN202501211642403230.html
301128,强瑞技术,强瑞技术:关于实际控制人部分股份解除质押的公告,股份质押、冻结,2025-01-21,https://data.eastmoney.com/notices/detail/301128/AN202501211642403223.html
300862,蓝盾光电,蓝盾光电:2024年度业绩预告,业绩预告,2025-01-21,https://data.eastmoney.com/notices/detail/300862/AN202501211642403226.html
300638,广和通,广和通:关于控股股东、实际控制人部分股份质押及部分股份提前购回解除质押的公告,股份质押、冻结,2025-01-21,https://data.eastmoney.com/notices/detail/300638/AN202501211642403229.html
301533,威马农机,威马农机:关于使用部分暂时闲置募集资金进行现金管理的进展公告,募集资金使用进展情况,2025-01-21,https://data.eastmoney.com/notices/detail/301533/AN202501211642403224.html
300885,海昌新材,海昌新材:2024年度业绩预告,业绩预告,2025-01-21,https://data.eastmoney.com/notices/detail/300885/AN202501211642403228.html
300822,贝仕达克,贝仕达克:关于全资子公司再次通过国家高新技术企业认定的公告,其他,2025-01-21,https://data.eastmoney.com/notices/detail/300822/AN202501211642403159.html
301027,华蓝集团,华蓝集团:第五届监事会第一次会议决议公告,高管人员任职变动,2025-01-21,https://data.eastmoney.com/notices/detail/301027/AN202501211642403160.html
300268,佳沃食品,ST佳沃:关于控股股东股份解除质押的公告,股份质押、冻结,2025-01-21,https://data.eastmoney.com/notices/detail/300268/AN202501211642402856.html
300820,英杰电气,英杰电气:关于完成工商变更登记并换发营业执照的公告,公司注册资本变更,2025-01-21,https://data.eastmoney.com/notices/detail/300820/AN202501211642402852.html
300040,九洲集团,九洲集团:关于召开2025年第一次临时股东大会的提示性公告,召开股东大会提示性公告,2025-01-21,https://data.eastmoney.com/notices/detail/300040/AN202501211642402854.html
300765,石药创新,新诺威:关于使用部分闲置募集资金进行现金管理的进展公告,募集资金使用进展情况,2025-01-21,https://data.eastmoney.com/notices/detail/300765/AN202501211642402853.html
301468,博盈特焊,博盈特焊:关于变更持续督导保荐代表人的公告,保荐代表人（机构）变更,2025-01-21,https://data.eastmoney.com/notices/detail/301468/AN202501211642402846.html
301617,博苑新材,博苑股份:关于完成工商变更登记并换发营业执照的公告,公司注册资本变更,2025-01-21,https://data.eastmoney.com/notices/detail/301617/AN202501211642402851.html
300848,美瑞新材,美瑞新材:关于为子公司提供担保的进展公告,提供/对外担保公告,2025-01-21,https://data.eastmoney.com/notices/detail/300848/AN202501211642402850.html
301027,华蓝集团,华蓝集团:关于聘任高级管理人员、证券事务代表及内审负责人的公告,高管人员任职变动,2025-01-21,https://data.eastmoney.com/notices/detail/301027/AN202501211642402840.html
301027,华蓝集团,华蓝集团:第五届董事会第一次会议决议公告,高管人员任职变动,2025-01-21,https://data.eastmoney.com/notices/detail/301027/AN202501211642402855.html
301027,华蓝集团,华蓝集团:关于公司董事会、监事会完成换届选举的公告,高管人员任职变动,2025-01-21,https://data.eastmoney.com/notices/detail/301027/AN202501211642402849.html
600177,雅戈尔,雅戈尔:2025年1月17日投资者关系活动记录表,调研活动,2025-01-21,https://data.eastmoney.com/notices/detail/600177/AN202501211642402345.html
601898,中煤能源,中煤能源:中国中煤能源股份有限公司投资者关系活动记录单,调研活动,2025-01-21,https://data.eastmoney.com/notices/detail/601898/AN202501211642402344.html
688793,倍轻松,倍轻松:【2025-001】投资者关系活动记录表,调研活动,2025-01-21,https://data.eastmoney.com/notices/detail/688793/AN202501211642402342.html
688109,品茗科技,品茗科技:投资者关系活动记录表(2025-001),调研活动,2025-01-21,https://data.eastmoney.com/notices/detail/688109/AN202501211642402343.html
920220,朗信电气,朗信电气:上海市锦天城律师事务所关于江苏朗信电气股份有限公司2025年第一次临时股东大会的法律意见书,法律意见书,2025-01-21,https://data.eastmoney.com/notices/detail/920220/AN202501211642402482.html
920258,聚仁新材,聚仁新材:第一届董事会第六次会议决议公告,董事会决议公告,2025-01-21,https://data.eastmoney.com/notices/detail/920258/AN202501211642402526.html
920220,朗信电气,朗信电气:2025年第一次临时股东大会决议公告,股东大会决议公告,2025-01-21,https://data.eastmoney.com/notices/detail/920220/AN202501211642402524.html
001335,信凯科技,关于同意信凯科技首次公开发行股票注册的批复,创业板发行上市审核注册结果通知,2025-01-21,https://data.eastmoney.com/notices/detail/001335/AN202501211642400920.html
300615,欣天科技,欣天科技:关于2021年限制性股票激励计划预留授予部分第三个归属期归属结果暨股份上市的公告,限售股份上市流通,2025-01-21,https://data.eastmoney.com/notices/detail/300615/AN202501211642396719.html
002931,锋龙股份,锋龙股份:关于锋龙转债预计满足赎回条件的提示性公告,其他,2025-01-21,https://data.eastmoney.com/notices/detail/002931/AN202501211642396721.html
002899,英派斯,英派斯:关于控股股东部分股份提前购回解除质押的公告,股份质押、冻结,2025-01-21,https://data.eastmoney.com/notices/detail/002899/AN202501211642396720.html
002876,三利谱,三利谱:关于提前归还募集资金的公告,归还募集资金,2025-01-21,https://data.eastmoney.com/notices/detail/002876/AN202501211642396718.html
002377,国创高新,国创高新:关于项目中标的自愿性信息披露公告,重大合同,2025-01-21,https://data.eastmoney.com/notices/detail/002377/AN202501211642396722.html
002966,苏州银行,苏州银行:2025年1月17日投资者关系活动记录表,调研活动,2025-01-21,https://data.eastmoney.com/notices/detail/002966/AN202501211642394148.html
000028,国药一致,国药一致:000028国药一致投资者关系管理信息20250121,调研活动,2025-01-21,https://data.eastmoney.com/notices/detail/000028/AN202501211642392810.html
301602,超研股份,关于汕头市超声仪器研究所股份有限公司股票上市交易的公告,首发提示性公告,2025-01-21,https://data.eastmoney.com/notices/detail/301602/AN202501211642387448.html
688545,兴福电子,关于湖北兴福电子材料股份有限公司人民币普通股股票科创板上市交易的公告,首发提示性公告,2025-01-21,https://data.eastmoney.com/notices/detail/688545/AN202501211642387996.html
A21157,中科科仪,关于北京中科科仪股份有限公司首次公开发行股票并上市辅导工作进展报告(第十七期),辅导工作进展报告,2025-01-21,https://data.eastmoney.com/notices/detail/A21157/AN202501211642384360.html
A24041,樱桃谷,关于樱桃谷育种科技股份有限公司首次公开发行股票并上市辅导工作进展报告(第二期),辅导工作进展报告,2025-01-21,https://data.eastmoney.com/notices/detail/A24041/AN202501211642384372.html
A21012,星际荣耀,关于北京星际荣耀空间科技股份有限公司首次公开发行股票并上市辅导工作进展报告(第十八期),辅导工作进展报告,2025-01-21,https://data.eastmoney.com/notices/detail/A21012/AN202501211642384349.html
920078,族兴新材,关于长沙族兴新材料股份有限公司首次公开发行股票并上市辅导工作进展报告(第十七期),辅导工作进展报告,2025-01-21,https://data.eastmoney.com/notices/detail/920078/AN202501211642384328.html
A20672,艾美疫苗,关于艾美疫苗股份有限公司首次公开发行股票并上市辅导工作进展报告(第五期),辅导工作进展报告,2025-01-21,https://data.eastmoney.com/notices/detail/A20672/AN202501211642384327.html
A19070,恒安嘉新,关于恒安嘉新(北京)科技股份公司首次公开发行股票并上市辅导工作进展报告(第十五期),辅导工作进展报告,2025-01-21,https://data.eastmoney.com/notices/detail/A19070/AN202501211642384333.html
002439,启明星辰,启明星辰:2025年1月20日投资者关系活动记录表,调研活动,2025-01-21,https://data.eastmoney.com/notices/detail/002439/AN202501211642379693.html
002742,冀衡医药,ST三圣:关于公司股票交易可能被实施退市风险警示的提示性公告,其它风险提示公告,2025-01-21,https://data.eastmoney.com/notices/detail/002742/AN202501201642377632.html
002742,冀衡医药,ST三圣:2024年年度业绩预告的补充公告,业绩预告,2025-01-21,https://data.eastmoney.com/notices/detail/002742/AN202501201642377631.html
600837,海通证券,海通证券:海通证券股份有限公司关于国泰君安证券股份有限公司换股吸收合并公司并募集配套资金暨关联交易相关事项获得香港联合交易所有限公司批准的公告,关联交易,2025-01-21,https://data.eastmoney.com/notices/detail/600837/AN202501201642377031.html
601211,国泰海通,国泰君安:国泰君安证券股份有限公司关于公司换股吸收合并海通证券股份有限公司并募集配套资金暨关联交易相关事项获得香港联合交易所有限公司批准的公告,关联交易,2025-01-21,https://data.eastmoney.com/notices/detail/601211/AN202501201642377012.html
688793,倍轻松,倍轻松:2024年年度业绩预告,业绩预告,2025-01-21,https://data.eastmoney.com/notices/detail/688793/AN202501201642376842.html
688793,倍轻松,倍轻松:湖南启元律师事务所关于深圳市倍轻松科技股份有限公司2025年第一次临时股东大会的法律意见书,法律意见书,2025-01-21,https://data.eastmoney.com/notices/detail/688793/AN202501201642376841.html
688793,倍轻松,倍轻松:2025年第一次临时股东大会决议公告,股东大会决议公告,2025-01-21,https://data.eastmoney.com/notices/detail/688793/AN202501201642376838.html
300473,德尔股份,德尔股份:董事会关于本次交易摊薄上市公司即期回报情况及填补措施的说明,专项说明/独立意见,2025-01-21,https://data.eastmoney.com/notices/detail/300473/AN202501201642376828.html
300473,德尔股份,德尔股份:北京市汉坤律师事务所关于阜新德尔汽车部件股份有限公司发行股份购买资产并募集配套资金暨关联交易之法律意见书,法律意见书,2025-01-21,https://data.eastmoney.com/notices/detail/300473/AN202501201642376810.html
300473,德尔股份,德尔股份:董事会关于本次交易符合《上市公司监管指引第9号——上市公司筹划和实施重大资产重组的监管要求》第四条规定的说明,专项说明/独立意见,2025-01-21,https://data.eastmoney.com/notices/detail/300473/AN202501201642376814.html
300473,德尔股份,德尔股份:董事会关于本次交易履行法定程序的完备性、合规性及提交法律文件的有效性的说明,专项说明/独立意见,2025-01-21,https://data.eastmoney.com/notices/detail/300473/AN202501201642376798.html
300473,德尔股份,德尔股份:阜新德尔汽车部件股份有限公司发行股份购买资产并募集配套资金暨关联交易报告书(草案)摘要,其他增发事项公告,2025-01-21,https://data.eastmoney.com/notices/detail/300473/AN202501201642376805.html
300473,德尔股份,德尔股份:发行股份购买资产并募集配套资金暨关联交易报告书(草案)与预案差异情况对比表,关联交易,2025-01-21,https://data.eastmoney.com/notices/detail/300473/AN202501201642376825.html
300473,德尔股份,德尔股份:北京市汉坤律师事务所关于上海德迩实业集团有限公司免于发出要约事宜之法律意见书,法律意见书,2025-01-21,https://data.eastmoney.com/notices/detail/300473/AN202501201642376792.html
300473,德尔股份,德尔股份:董事会关于本次交易符合《上市公司重大资产重组管理办法》第十一条和第四十三条规定的说明,管理办法/制度,2025-01-21,https://data.eastmoney.com/notices/detail/300473/AN202501201642376812.html
300473,德尔股份,德尔股份:第五届监事会第二次会议决议公告,监事会决议公告,2025-01-21,https://data.eastmoney.com/notices/detail/300473/AN202501201642376824.html
300473,德尔股份,德尔股份:董事会关于本次交易符合《创业板上市公司持续监管办法(试行)》第十八条、第二十一条和《深圳证券交易所上市公司重大资产重组审核规则》第八条规定的说明,专项说明/独立意见,2025-01-21,https://data.eastmoney.com/notices/detail/300473/AN202501201642376830.html
300473,德尔股份,德尔股份:董事会关于本次交易采取的保密措施及保密制度的说明,专项说明/独立意见,2025-01-21,https://data.eastmoney.com/notices/detail/300473/AN202501201642376827.html
300473,德尔股份,德尔股份:收购报告书摘要,要约收购报告书摘要,2025-01-21,https://data.eastmoney.com/notices/detail/300473/AN202501201642376834.html
300473,德尔股份,德尔股份:董事会关于本次交易前十二个月内上市公司购买、出售资产情况的说明,专项说明/独立意见,2025-01-21,https://data.eastmoney.com/notices/detail/300473/AN202501201642376813.html
300473,德尔股份,德尔股份:发行股份购买资产并募集配套资金暨关联交易的一般风险提示,关联交易,2025-01-21,https://data.eastmoney.com/notices/detail/300473/AN202501201642376831.html
300473,德尔股份,德尔股份:东方证券股份有限公司关于本次交易产业政策和交易类型的核查意见,保荐/核查意见,2025-01-21,https://data.eastmoney.com/notices/detail/300473/AN202501201642376806.html
300473,德尔股份,德尔股份:关于暂不召开股东大会的公告,其他,2025-01-21,https://data.eastmoney.com/notices/detail/300473/AN202501201642376796.html
300473,德尔股份,德尔股份:董事会关于本次交易信息发布前公司股票价格波动情况的说明,专项说明/独立意见,2025-01-21,https://data.eastmoney.com/notices/detail/300473/AN202501201642376820.html
300473,德尔股份,德尔股份:董事会关于本次交易评估机构独立性、评估假设前提合理性、评估方法和评估目的相关性及定价公允性的说明,专项说明/独立意见,2025-01-21,https://data.eastmoney.com/notices/detail/300473/AN202501201642376800.html
300473,德尔股份,德尔股份:东方证券股份有限公司关于本次交易摊薄即期回报情况及填补措施的核查意见,保荐/核查意见,2025-01-21,https://data.eastmoney.com/notices/detail/300473/AN202501201642376803.html
300473,德尔股份,德尔股份:董事会关于本次交易不构成重大资产重组及重组上市的说明,专项说明/独立意见,2025-01-21,https://data.eastmoney.com/notices/detail/300473/AN202501201642376790.html
300473,德尔股份,德尔股份:董事会关于拟购买资产不存在关联方非经营性资金占用问题的说明,专项说明/独立意见,2025-01-21,https://data.eastmoney.com/notices/detail/300473/AN202501201642376829.html
300473,德尔股份,德尔股份:阜新德尔汽车部件股份有限公司2023年度及2024年1-9月备考合并财务报表及审阅报告,保荐/核查意见,2025-01-21,https://data.eastmoney.com/notices/detail/300473/AN202501201642376795.html
300473,德尔股份,德尔股份:东方证券股份有限公司关于阜新德尔汽车部件股份有限公司发行股份购买资产并募集配套资金暨关联交易之独立财务顾问报告,保荐/核查意见,2025-01-21,https://data.eastmoney.com/notices/detail/300473/AN202501201642376833.html
300473,德尔股份,德尔股份:关于股东权益变动的提示性公告,权益变动报告书,2025-01-21,https://data.eastmoney.com/notices/detail/300473/AN202501201642376816.html
300473,德尔股份,德尔股份:东方证券股份有限公司关于本次交易符合创业板定位核查意见,保荐/核查意见,2025-01-21,https://data.eastmoney.com/notices/detail/300473/AN202501201642376797.html
300473,德尔股份,德尔股份:东方证券股份有限公司关于本次交易符合《关于加强证券公司在投资银行类业务中聘请第三方等廉洁从业风险防控的意见》的相关规定之核查意见,保荐/核查意见,2025-01-21,https://data.eastmoney.com/notices/detail/300473/AN202501201642376823.html
300473,德尔股份,德尔股份:东方证券股份有限公司关于本次交易不构成重大资产重组、不构成重组上市的专项审核意见,保荐/核查意见,2025-01-21,https://data.eastmoney.com/notices/detail/300473/AN202501201642376815.html
300473,德尔股份,德尔股份:阜新德尔汽车部件股份有限公司发行股份购买资产并募集配套资金暨关联交易报告书(草案),其他增发事项公告,2025-01-21,https://data.eastmoney.com/notices/detail/300473/AN202501201642376832.html
300473,德尔股份,德尔股份:独立财务顾问作为阜新德尔汽车部件股份有限公司在充分尽职调查和内核基础上出具的承诺函,其他,2025-01-21,https://data.eastmoney.com/notices/detail/300473/AN202501201642376794.html
300473,德尔股份,德尔股份:董事会关于本次交易符合《上市公司证券发行注册管理办法》第十一条规定的说明,管理办法/制度,2025-01-21,https://data.eastmoney.com/notices/detail/300473/AN202501201642376818.html
300473,德尔股份,德尔股份:东方证券关于本次交易相关主体不存在《上市公司监管指引第7号——上市公司重大资产重组相关股票异常交易监管》第十二条以及《深圳证券交易所上市公司自律监管指引第8号——重大资产重组》第三十条规定的不得参与任何上市公司重大资产重组情形的核查意见,保荐/核查意见,2025-01-21,https://data.eastmoney.com/notices/detail/300473/AN202501201642376804.html
300473,德尔股份,德尔股份:爱卓智能科技(上海)有限公司财务报表及审计报告,其他,2025-01-21,https://data.eastmoney.com/notices/detail/300473/AN202501201642376821.html
300473,德尔股份,德尔股份:东方证券股份有限公司关于本次交易前12个月购买、出售资产的核查意见,保荐/核查意见,2025-01-21,https://data.eastmoney.com/notices/detail/300473/AN202501201642376807.html
300473,德尔股份,德尔股份:董事会关于本次交易产业政策和交易类型的说明,专项说明/独立意见,2025-01-21,https://data.eastmoney.com/notices/detail/300473/AN202501201642376791.html
300473,德尔股份,德尔股份:东方证券股份有限公司关于内幕信息知情人登记制度的制定和执行情况的核查意见,保荐/核查意见,2025-01-21,https://data.eastmoney.com/notices/detail/300473/AN202501201642376822.html
300473,德尔股份,德尔股份:董事会关于本次交易相关主体不存在《上市公司监管指引第7号——上市公司重大资产重组相关股票异常交易监管》第十二条以及《深圳证券交易所上市公司自律监管指引第8号——重大资产重组》第三十条规定的不得参与任何上市公司重大资产重组情形的说明,专项说明/独立意见,2025-01-21,https://data.eastmoney.com/notices/detail/300473/AN202501201642376809.html
300473,德尔股份,德尔股份:董事会关于本次交易定价的依据及公平合理性的说明,专项说明/独立意见,2025-01-21,https://data.eastmoney.com/notices/detail/300473/AN202501201642376826.html
300473,德尔股份,德尔股份:第五届董事会第二次会议决议公告,董事会决议公告,2025-01-21,https://data.eastmoney.com/notices/detail/300473/AN202501201642376811.html
300473,德尔股份,德尔股份:董事会关于本次交易是否存在直接或间接有偿聘请其他第三方机构和个人的说明,专项说明/独立意见,2025-01-21,https://data.eastmoney.com/notices/detail/300473/AN202501201642376802.html
300473,德尔股份,德尔股份:东方证券股份有限公司关于拟购买资产不存在关联方非经营性资金占用问题的核查意见,保荐/核查意见,2025-01-21,https://data.eastmoney.com/notices/detail/300473/AN202501201642376793.html
300473,德尔股份,德尔股份:独立董事专门会议对第五届董事会第二次会议相关事项的审核意见,专项说明/独立意见,2025-01-21,https://data.eastmoney.com/notices/detail/300473/AN202501201642376817.html
300473,德尔股份,德尔股份:关于提请股东大会批准免于发出收购要约的公告,其他,2025-01-21,https://data.eastmoney.com/notices/detail/300473/AN202501201642376819.html
300473,德尔股份,德尔股份:阜新德尔汽车部件股份有限公司拟发行股份购买资产所涉及的爱卓智能科技(上海)有限公司股东全部权益价值资产评估报告,其他,2025-01-21,https://data.eastmoney.com/notices/detail/300473/AN202501201642376801.html
300473,德尔股份,德尔股份:东方证券股份有限公司关于公司股价在本次停牌前20个交易日内是否异常波动的核查意见,保荐/核查意见,2025-01-21,https://data.eastmoney.com/notices/detail/300473/AN202501201642376808.html
300473,德尔股份,德尔股份:未来三年(2025年-2027年)股东回报规划,其他,2025-01-21,https://data.eastmoney.com/notices/detail/300473/AN202501201642376799.html
002559,亚威股份,亚威股份:2025年度向特定对象发行A股股票预案,增发预案,2025-01-21,https://data.eastmoney.com/notices/detail/002559/AN202501201642376536.html
002559,亚威股份,亚威股份:2025年度向特定对象发行A股股票募集资金使用可行性分析报告,其他,2025-01-21,https://data.eastmoney.com/notices/detail/002559/AN202501201642376535.html
002559,亚威股份,亚威股份:2025年度向特定对象发行A股股票方案的论证分析报告,其他,2025-01-21,https://data.eastmoney.com/notices/detail/002559/AN202501201642376534.html
002559,亚威股份,亚威股份:监事会关于公司向特定对象发行A股股票事项的书面审核意见,专项说明/独立意见,2025-01-21,https://data.eastmoney.com/notices/detail/002559/AN202501201642376541.html
002559,亚威股份,亚威股份:江苏亚威机床股份有限公司详式权益变动报告书,权益变动报告书,2025-01-21,https://data.eastmoney.com/notices/detail/002559/AN202501201642376548.html
002559,亚威股份,亚威股份:关于最近五年不存在被证券监管部门和证券交易所采取监管措施或处罚情况的公告,处罚,2025-01-21,https://data.eastmoney.com/notices/detail/002559/AN202501201642376538.html
002559,亚威股份,亚威股份:关于无需编制前次募集资金使用情况报告的说明,募集资金使用情况报告,2025-01-21,https://data.eastmoney.com/notices/detail/002559/AN202501201642376544.html
002559,亚威股份,亚威股份:关于与特定对象签订《附条件生效的股份认购协议》暨涉及关联交易事项的公告,签订协议,2025-01-21,https://data.eastmoney.com/notices/detail/002559/AN202501201642376547.html
002559,亚威股份,亚威股份:第六届监事会第十三次会议决议公告,监事会决议公告,2025-01-21,https://data.eastmoney.com/notices/detail/002559/AN202501201642376533.html
002559,亚威股份,亚威股份:关于2025年度向特定对象发行A股股票预案披露的提示性公告,增发提示性公告,2025-01-21,https://data.eastmoney.com/notices/detail/002559/AN202501201642376537.html
002559,亚威股份,亚威股份:关于扬州产业投资发展集团有限责任公司与江苏亚威科技投资有限公司等相关方签订《合作框架协议》的公告,签订协议,2025-01-21,https://data.eastmoney.com/notices/detail/002559/AN202501201642376542.html
002559,亚威股份,亚威股份:关于本次向特定对象发行A股股票摊薄即期回报的风险提示及填补回报措施和相关主体承诺的公告,其他,2025-01-21,https://data.eastmoney.com/notices/detail/002559/AN202501201642376545.html
002559,亚威股份,亚威股份:关于本次向特定对象发行A股股票不存在直接或通过利益相关方向参与认购的投资者提供财务资助或补偿的公告,增发预案,2025-01-21,https://data.eastmoney.com/notices/detail/002559/AN202501201642376539.html
002559,亚威股份,亚威股份:第六届董事会第十七次会议决议公告,增发预案,2025-01-21,https://data.eastmoney.com/notices/detail/002559/AN202501201642376540.html
002559,亚威股份,亚威股份:关于召开2025年第一次临时股东大会的通知公告,召开股东大会通知,2025-01-21,https://data.eastmoney.com/notices/detail/002559/AN202501201642376543.html
002559,亚威股份,亚威股份:关于股东权益变动的提示性公告,权益变动报告书,2025-01-21,https://data.eastmoney.com/notices/detail/002559/AN202501201642376546.html
000301,东方盛虹,东方盛虹:详式权益变动报告书,权益变动报告书,2025-01-21,https://data.eastmoney.com/notices/detail/000301/AN202501201642376489.html
000301,东方盛虹,东方盛虹:关于控股股东及其一致行动人增持计划的进展情况暨权益变动的提示性公告,权益变动报告书,2025-01-21,https://data.eastmoney.com/notices/detail/000301/AN202501201642376484.html
600708,光明地产,光明地产:光明地产关于对外担保的情况简报,提供/对外担保公告,2025-01-21,https://data.eastmoney.com/notices/detail/600708/AN202501201642376459.html
688141,杰华特,杰华特:2024年年度业绩预告,业绩预告,2025-01-21,https://data.eastmoney.com/notices/detail/688141/AN202501201642376044.html
002681,奋达科技,奋达科技:简式权益变动报告书(格力金投),权益变动报告书,2025-01-21,https://data.eastmoney.com/notices/detail/002681/AN202501201642376004.html
002681,奋达科技,奋达科技:关于股份回购结果暨股份变动的公告,股本变动,2025-01-21,https://data.eastmoney.com/notices/detail/002681/AN202501201642376002.html
002681,奋达科技,奋达科技:关于持股5%以上股东减持至5%以下暨权益变动的提示性公告,权益变动报告书,2025-01-21,https://data.eastmoney.com/notices/detail/002681/AN202501201642376003.html
000547,航天发展,航天发展:关于航天工业发展股份有限公司前期会计差错更正的专项报告,其他,2025-01-21,https://data.eastmoney.com/notices/detail/000547/AN202501201642375990.html
000547,航天发展,航天发展:关于前期会计差错更正后的财务报表及相关附注,会计差错更正公告,2025-01-21,https://data.eastmoney.com/notices/detail/000547/AN202501201642375991.html
000547,航天发展,航天发展:关于前期会计差错更正及追溯调整的公告,会计差错更正公告,2025-01-21,https://data.eastmoney.com/notices/detail/000547/AN202501201642375995.html
000547,航天发展,航天发展:第十届监事会第十二次(临时)会议决议公告,监事会决议公告,2025-01-21,https://data.eastmoney.com/notices/detail/000547/AN202501201642375992.html
000547,航天发展,航天发展:第十届董事会第十八次(临时)会议决议公告,董事会决议公告,2025-01-21,https://data.eastmoney.com/notices/detail/000547/AN202501201642375993.html
000547,航天发展,航天发展:2024年度业绩预告,业绩预告,2025-01-21,https://data.eastmoney.com/notices/detail/000547/AN202501201642375994.html
000615,*ST美谷,ST美谷:关于新增累计诉讼、仲裁情况的公告,诉讼仲裁,2025-01-21,https://data.eastmoney.com/notices/detail/000615/AN202501201642375980.html
000615,*ST美谷,ST美谷:2024年度业绩预告,业绩预告,2025-01-21,https://data.eastmoney.com/notices/detail/000615/AN202501201642375982.html
000615,*ST美谷,ST美谷:关于公司股票交易可能被叠加实施退市风险警示及其他风险警示的提示性公告,其它风险提示公告,2025-01-21,https://data.eastmoney.com/notices/detail/000615/AN202501201642375981.html
000809,和展能源,*ST和展:关于公司股票可能被终止上市的风险提示公告,终止上市风险提示,2025-01-21,https://data.eastmoney.com/notices/detail/000809/AN202501201642375977.html
000525,红太阳,ST红太阳:2024年度业绩预告,业绩预告,2025-01-21,https://data.eastmoney.com/notices/detail/000525/AN202501201642375978.html
000809,和展能源,*ST和展:2024年度业绩预告公告,业绩预告,2025-01-21,https://data.eastmoney.com/notices/detail/000809/AN202501201642375979.html
002976,瑞玛精密,瑞玛精密:北京金诚同达(上海)律师事务所关于公司2021年股票期权激励计划注销部分股票期权的法律意见书,法律意见书,2025-01-21,https://data.eastmoney.com/notices/detail/002976/AN202501201642375959.html
002976,瑞玛精密,瑞玛精密:上海荣正企业咨询服务(集团)股份有限公司关于公司2021年股票期权激励计划注销部分股票期权之独立财务顾问报告,保荐/核查意见,2025-01-21,https://data.eastmoney.com/notices/detail/002976/AN202501201642375751.html
002976,瑞玛精密,瑞玛精密:国金证券股份有限公司关于公司2024年股票期权激励计划注销部分股票期权之独立财务顾问报告,保荐/核查意见,2025-01-21,https://data.eastmoney.com/notices/detail/002976/AN202501201642375960.html
002976,瑞玛精密,瑞玛精密:北京金诚同达(上海)律师事务所关于公司2024年股票期权激励计划注销部分股票期权的法律意见书,法律意见书,2025-01-21,https://data.eastmoney.com/notices/detail/002976/AN202501201642375756.html
002976,瑞玛精密,瑞玛精密:关于拟在墨西哥购买土地事项的提示性公告,其他,2025-01-21,https://data.eastmoney.com/notices/detail/002976/AN202501201642375755.html
002976,瑞玛精密,瑞玛精密:第三届董事会第十四次会议决议公告,董事会决议公告,2025-01-21,https://data.eastmoney.com/notices/detail/002976/AN202501201642375958.html
002976,瑞玛精密,瑞玛精密:关于注销2024年股票期权激励计划部分股票期权的公告,股权激励进展公告,2025-01-21,https://data.eastmoney.com/notices/detail/002976/AN202501201642375754.html
002976,瑞玛精密,瑞玛精密:关于注销2021年股票期权激励计划部分股票期权的公告,股权激励进展公告,2025-01-21,https://data.eastmoney.com/notices/detail/002976/AN202501201642375752.html
002976,瑞玛精密,瑞玛精密:第三届监事会第十二次会议决议公告,监事会决议公告,2025-01-21,https://data.eastmoney.com/notices/detail/002976/AN202501201642375957.html
002011,盾安环境,盾安环境:关于股东减持计划实施期限届满暨实施结果的公告,股东/实际控制人股份减持,2025-01-21,https://data.eastmoney.com/notices/detail/002011/AN202501201642375753.html
002340,格林美,格林美:关于授权公司管理层启动公司境外发行股份(H股)并在香港联合交易所有限公司上市相关筹备工作的提示性公告,其他,2025-01-21,https://data.eastmoney.com/notices/detail/002340/AN202501201642375740.html
002340,格林美,格林美:第六届监事会第二十八次会议决议公告,监事会决议公告,2025-01-21,https://data.eastmoney.com/notices/detail/002340/AN202501201642375742.html
002340,格林美,格林美:关于召开2025年第二次临时股东大会的通知,召开股东大会通知,2025-01-21,https://data.eastmoney.com/notices/detail/002340/AN202501201642375738.html
002340,格林美,格林美:第六届董事会第三十三次会议决议公告,董事会决议公告,2025-01-21,https://data.eastmoney.com/notices/detail/002340/AN202501201642375743.html
002340,格林美,格林美:关于回购公司股份方案的公告,回购预案,2025-01-21,https://data.eastmoney.com/notices/detail/002340/AN202501201642375744.html
001379,腾达科技,腾达科技:中泰证券股份有限公司关于山东腾达紧固科技股份有限公司部分首次公开发行前已发行股份上市流通的核查意见,保荐/核查意见,2025-01-21,https://data.eastmoney.com/notices/detail/001379/AN202501201642375741.html
001379,腾达科技,腾达科技:关于部分首次公开发行前已发行股份上市流通提示性公告,限售股份上市流通,2025-01-21,https://data.eastmoney.com/notices/detail/001379/AN202501201642375739.html
600903,贵州燃气,贵州燃气:贵州燃气集团股份有限公司关于持股5%以上股东部分股份解除质押的公告,股份质押、冻结,2025-01-21,https://data.eastmoney.com/notices/detail/600903/AN202501201642375703.html
002769,普路通,普路通:关于与关联方共同投资设立公司的公告,投资设立公司,2025-01-21,https://data.eastmoney.com/notices/detail/002769/AN202501201642375508.html
301331,恩威医药,恩威医药:关于控股股东一致行动人取得金融机构增持贷款承诺暨增持公司股份计划的公告,借贷,2025-01-21,https://data.eastmoney.com/notices/detail/301331/AN202501201642375494.html
600706,曲江文旅,曲江文旅:西安曲江文化旅游股份有限公司2024年年度业绩预告,业绩预告,2025-01-21,https://data.eastmoney.com/notices/detail/600706/AN202501201642375474.html
002789,*ST建艺,建艺集团:关于子公司提起重大仲裁事项的公告,其他,2025-01-21,https://data.eastmoney.com/notices/detail/002789/AN202501201642375105.html
002656,摩登大道,*ST摩登:关于公司股票可能被终止上市的风险提示公告,终止上市风险提示,2025-01-21,https://data.eastmoney.com/notices/detail/002656/AN202501201642375098.html
601236,红塔证券,红塔证券:红塔证券股份有限公司对外担保管理办法,管理办法/制度,2025-01-21,https://data.eastmoney.com/notices/detail/601236/AN202501201642375088.html
601236,红塔证券,红塔证券:红塔证券股份有限公司董事会议事规则,议事规则/实施细则,2025-01-21,https://data.eastmoney.com/notices/detail/601236/AN202501201642375087.html
601236,红塔证券,红塔证券:北京德恒(昆明)律师事务所关于红塔证券股份有限公司2025年第一次临时股东会的法律意见,法律意见书,2025-01-21,https://data.eastmoney.com/notices/detail/601236/AN202501201642375084.html
601236,红塔证券,红塔证券:红塔证券股份有限公司2025年第一次临时股东大会决议公告,股东大会决议公告,2025-01-21,https://data.eastmoney.com/notices/detail/601236/AN202501201642375086.html
601236,红塔证券,红塔证券:红塔证券股份有限公司关联交易管理制度,管理办法/制度,2025-01-21,https://data.eastmoney.com/notices/detail/601236/AN202501201642375082.html
601236,红塔证券,红塔证券:红塔证券股份有限公司章程,公司章程,2025-01-21,https://data.eastmoney.com/notices/detail/601236/AN202501201642375081.html
601236,红塔证券,红塔证券:红塔证券股份有限公司2024年年度业绩预告,业绩预告,2025-01-21,https://data.eastmoney.com/notices/detail/601236/AN202501201642375085.html
601236,红塔证券,红塔证券:红塔证券股份有限公司股东大会议事规则,议事规则/实施细则,2025-01-21,https://data.eastmoney.com/notices/detail/601236/AN202501201642375083.html
002822,ST中装,ST中装:关于实际控制人部分股份将被司法拍卖的提示性公告,诉讼仲裁,2025-01-21,https://data.eastmoney.com/notices/detail/002822/AN202501201642375090.html
002822,ST中装,ST中装:2024年度业绩预告,业绩预告,2025-01-21,https://data.eastmoney.com/notices/detail/002822/AN202501201642375089.html
000910,大亚圣象,大亚圣象:2024年度业绩预告,业绩预告,2025-01-21,https://data.eastmoney.com/notices/detail/000910/AN202501201642375057.html
605580,恒盛能源,恒盛能源:恒盛能源股份有限公司第三届监事会第九次会议决议公告,监事会决议公告,2025-01-21,https://data.eastmoney.com/notices/detail/605580/AN202501201642374945.html
605580,恒盛能源,恒盛能源:恒盛能源股份有限公司第三届董事会第十一次会议决议公告,董事会决议公告,2025-01-21,https://data.eastmoney.com/notices/detail/605580/AN202501201642374944.html
605580,恒盛能源,恒盛能源:恒盛能源股份有限公司对外投资公告,对外项目投资,2025-01-21,https://data.eastmoney.com/notices/detail/605580/AN202501201642374946.html
600863,华能蒙电,内蒙华电:内蒙古蒙电华能热电股份有限公司2024年销售量完成情况公告,月度经营情况,2025-01-21,https://data.eastmoney.com/notices/detail/600863/AN202501201642374939.html
301602,超研股份,超研股份:中国银河证券股份有限公司关于公司首次公开发行股票并在创业板上市的上市保荐书,上市保荐书,2025-01-21,https://data.eastmoney.com/notices/detail/301602/AN202501201642374927.html
301602,超研股份,超研股份:首次公开发行股票并在创业板上市之上市公告书提示性公告,首发提示性公告,2025-01-21,https://data.eastmoney.com/notices/detail/301602/AN202501201642374930.html
301602,超研股份,超研股份:国浩律师(广州)事务所关于公司首次公开发行股票并在创业板上市的法律意见书,法律意见书,2025-01-21,https://data.eastmoney.com/notices/detail/301602/AN202501201642374926.html
301602,超研股份,超研股份:首次公开发行股票并在创业板上市之上市公告书,首发上市公告书,2025-01-21,https://data.eastmoney.com/notices/detail/301602/AN202501201642374931.html
300767,震安科技,震安科技:震安科技股份有限公司关于使用部分闲置募集资金进行现金管理的进展公告,募集资金使用进展情况,2025-01-21,https://data.eastmoney.com/notices/detail/300767/AN202501201642374932.html
300767,震安科技,震安科技:震安科技股份有限公司2024年年度业绩预告,业绩预告,2025-01-21,https://data.eastmoney.com/notices/detail/300767/AN202501201642374928.html
000776,广发证券,广发证券:关于召开2025年第一次临时股东大会、2025年第一次A股类别股东大会及2025年第一次H股类别股东大会的议案之附件,其他,2025-01-21,https://data.eastmoney.com/notices/detail/000776/AN202501201642374716.html
000776,广发证券,广发证券:关于变更回购A股股份用途并注销的公告,回购进展情况,2025-01-21,https://data.eastmoney.com/notices/detail/000776/AN202501201642374725.html
000776,广发证券,广发证券:第十一届董事会第六次会议决议公告,董事会决议公告,2025-01-21,https://data.eastmoney.com/notices/detail/000776/AN202501201642374715.html
000701,厦门信达,厦门信达:厦门信达股份有限公司关于2025年面向专业投资者非公开发行可续期公司债券(第一期)发行结果公告,其他,2025-01-21,https://data.eastmoney.com/notices/detail/000701/AN202501201642374718.html
002717,*ST岭南,岭南股份:关于累计诉讼、仲裁情况的公告,诉讼仲裁,2025-01-21,https://data.eastmoney.com/notices/detail/002717/AN202501201642374719.html
002418,康盛股份,康盛股份:关于2025年度公司担保额度预计的公告,担保年度额度预计,2025-01-21,https://data.eastmoney.com/notices/detail/002418/AN202501201642374717.html
002418,康盛股份,康盛股份:第六届董事会第十五次会议决议公告,董事会决议公告,2025-01-21,https://data.eastmoney.com/notices/detail/002418/AN202501201642374724.html
002418,康盛股份,康盛股份:关于召开2025年第一次临时股东大会的通知,召开股东大会通知,2025-01-21,https://data.eastmoney.com/notices/detail/002418/AN202501201642374723.html
000778,新兴铸管,新兴铸管:2024年度业绩预告,业绩预告,2025-01-21,https://data.eastmoney.com/notices/detail/000778/AN202501201642374722.html
002360,ST同德,同德化工:关于为子公司提供担保的进展公告,提供/对外担保公告,2025-01-21,https://data.eastmoney.com/notices/detail/002360/AN202501201642374721.html
000776,广发证券,广发证券:《广发证券股份有限公司章程》(草案),公司章程,2025-01-21,https://data.eastmoney.com/notices/detail/000776/AN202501201642374703.html
000776,广发证券,广发证券:关于召开2025年第一次临时股东大会、2025年第一次A股类别股东大会及2025年第一次H股类别股东大会的通知,召开股东大会通知,2025-01-21,https://data.eastmoney.com/notices/detail/000776/AN202501201642374704.html
002717,*ST岭南,岭南股份:岭南生态文旅股份有限公司向不特定对象发行可转换公司债券2025年度第三次临时受托管理事务报告,其他,2025-01-21,https://data.eastmoney.com/notices/detail/002717/AN202501201642374702.html
002418,康盛股份,康盛股份:2024年度业绩预告,业绩预告,2025-01-21,https://data.eastmoney.com/notices/detail/002418/AN202501201642374705.html
002812,恩捷股份,恩捷股份:国浩律师(上海)事务所关于云南恩捷新材料股份有限公司2025年第二次临时股东会的法律意见书,法律意见书,2025-01-21,https://data.eastmoney.com/notices/detail/002812/AN202501201642374335.html
002812,恩捷股份,恩捷股份:关于回购注销部分限制性股票的减资暨通知债权人的公告,公司注册资本变更,2025-01-21,https://data.eastmoney.com/notices/detail/002812/AN202501201642374339.html
002472,双环传动,双环传动:2024年度业绩预告,业绩预告,2025-01-21,https://data.eastmoney.com/notices/detail/002472/AN202501201642374336.html
002422,科伦药业,科伦药业:关于子公司SKB445新药临床试验申请获国家药品监督管理局批准的公告,其他,2025-01-21,https://data.eastmoney.com/notices/detail/002422/AN202501201642374337.html
002812,恩捷股份,恩捷股份:关于2025年第二次临时股东会决议的公告,股东大会决议公告,2025-01-21,https://data.eastmoney.com/notices/detail/002812/AN202501201642374316.html
002422,科伦药业,科伦药业:关于子公司抗PD-L1塔戈利单抗获国家药品监督管理局批准上市的公告,其他,2025-01-21,https://data.eastmoney.com/notices/detail/002422/AN202501201642374317.html
002487,大金重工,大金重工:关于公司董事、高级管理人员减持期限届满暨未减持公司股份的公告,股东/实际控制人股份减持,2025-01-21,https://data.eastmoney.com/notices/detail/002487/AN202501201642374295.html
002836,新宏泽,新宏泽:2024年年度业绩预告,业绩预告,2025-01-21,https://data.eastmoney.com/notices/detail/002836/AN202501201642374284.html
001309,德明利,德明利:关于公司控股股东持股比例变动超过1%的公告,股东/实际控制人股份减持,2025-01-21,https://data.eastmoney.com/notices/detail/001309/AN202501201642374264.html
002208,合肥城建,合肥城建:关于设立全资子公司的公告(一),投资设立公司,2025-01-21,https://data.eastmoney.com/notices/detail/002208/AN202501201642374215.html
000627,*ST天茂,天茂集团:天茂集团2024年度业绩预告,业绩预告,2025-01-21,https://data.eastmoney.com/notices/detail/000627/AN202501201642374226.html
001309,德明利,德明利:广东信达律师事务所关于李虎先生认购深圳市德明利技术股份有限公司向特定对象发行股票免于发出要约事宜的法律意见书,法律意见书,2025-01-21,https://data.eastmoney.com/notices/detail/001309/AN202501201642374214.html
001309,德明利,德明利:深圳市德明利技术股份有限公司2023年度向特定对象发行股票并在主板上市上市公告书,增发上市公告书,2025-01-21,https://data.eastmoney.com/notices/detail/001309/AN202501201642374240.html
001309,德明利,德明利:华泰联合证券有限责任公司关于深圳市德明利技术股份有限公司2023年度向特定对象发行股票并在主板上市之上市保荐书,上市保荐书,2025-01-21,https://data.eastmoney.com/notices/detail/001309/AN202501201642374224.html
001309,德明利,德明利:关于董事、监事和高级管理人员持股情况变动的公告,高管人员持股变动,2025-01-21,https://data.eastmoney.com/notices/detail/001309/AN202501201642374233.html
001309,德明利,德明利:关于2023年度向特定对象发行股票上市公告书披露的提示性公告,增发提示性公告,2025-01-21,https://data.eastmoney.com/notices/detail/001309/AN202501201642374230.html
002208,合肥城建,合肥城建:第八届监事会第十次会议决议公告,监事会决议公告,2025-01-21,https://data.eastmoney.com/notices/detail/002208/AN202501201642374220.html
002208,合肥城建,合肥城建:第八届董事会第十一次会议决议公告,董事会决议公告,2025-01-21,https://data.eastmoney.com/notices/detail/002208/AN202501201642374235.html
002208,合肥城建,合肥城建:关于为方启璟兴提供担保的公告,提供/对外担保公告,2025-01-21,https://data.eastmoney.com/notices/detail/002208/AN202501201642374244.html
002208,合肥城建,合肥城建:关于设立全资子公司的公告(二),投资设立公司,2025-01-21,https://data.eastmoney.com/notices/detail/002208/AN202501201642374227.html
300422,博世科,博世科:第六届监事会第十七次会议决议公告,监事会决议公告,2025-01-21,https://data.eastmoney.com/notices/detail/300422/AN202501201642374221.html
300422,博世科,博世科:前次募集资金使用情况专项报告,募集资金使用情况报告,2025-01-21,https://data.eastmoney.com/notices/detail/300422/AN202501201642374236.html
300422,博世科,博世科:前次募集资金使用情况鉴证报告,保荐/核查意见,2025-01-21,https://data.eastmoney.com/notices/detail/300422/AN202501201642374232.html
300422,博世科,博世科:关于2025年度向特定对象发行股票摊薄即期回报的风险提示、填补措施及相关主体承诺的公告,其他,2025-01-21,https://data.eastmoney.com/notices/detail/300422/AN202501201642374237.html
300422,博世科,博世科:关于向特定对象发行股票预案披露的提示性公告,增发提示性公告,2025-01-21,https://data.eastmoney.com/notices/detail/300422/AN202501201642374219.html
300422,博世科,博世科:关于择期召开股东大会的公告,召开股东大会通知,2025-01-21,https://data.eastmoney.com/notices/detail/300422/AN202501201642374225.html
300422,博世科,博世科:关于股东签署《表决权委托解除协议》《表决权委托协议》暨公司控制权拟发生变更的提示性公告,签订协议,2025-01-21,https://data.eastmoney.com/notices/detail/300422/AN202501201642374238.html
300422,博世科,博世科:关于终止2024年度向特定对象发行股票事项的公告,增发终止,2025-01-21,https://data.eastmoney.com/notices/detail/300422/AN202501201642374223.html
300422,博世科,博世科:安徽博世科环保科技股份有限公司2025年度向特定对象发行股票预案,增发预案,2025-01-21,https://data.eastmoney.com/notices/detail/300422/AN202501201642374242.html
300422,博世科,博世科:关于与认购对象签订《附条件生效的股份认购协议》暨关联交易的公告,签订协议,2025-01-21,https://data.eastmoney.com/notices/detail/300422/AN202501201642374228.html
300422,博世科,博世科:安徽博世科环保科技股份有限公司2025年度向特定对象发行股票募集资金使用可行性分析报告,其他,2025-01-21,https://data.eastmoney.com/notices/detail/300422/AN202501201642374234.html
300422,博世科,博世科:关于股东部分股份解除质押及再质押的公告,股份质押、冻结,2025-01-21,https://data.eastmoney.com/notices/detail/300422/AN202501201642374216.html
300422,博世科,博世科:《舆情管理制度》(2025年1月制定),管理办法/制度,2025-01-21,https://data.eastmoney.com/notices/detail/300422/AN202501201642374239.html
300422,博世科,博世科:安徽博世科环保科技股份有限公司2025年度向特定对象发行股票方案论证分析报告,其他,2025-01-21,https://data.eastmoney.com/notices/detail/300422/AN202501201642374222.html
300422,博世科,博世科:关于最近五年被证券监管部门和交易所采取监管措施或处罚及整改情况的公告,其他,2025-01-21,https://data.eastmoney.com/notices/detail/300422/AN202501201642374243.html
300422,博世科,博世科:第六届董事会第二十七次会议决议公告,增发终止,2025-01-21,https://data.eastmoney.com/notices/detail/300422/AN202501201642374229.html
300422,博世科,博世科:《未来三年股东分红回报规划(2024-2026年)》,其他,2025-01-21,https://data.eastmoney.com/notices/detail/300422/AN202501201642374217.html
300422,博世科,博世科:关于本次向特定对象发行股票不存在直接或通过利益相关方向参与认购的投资者提供财务资助或补偿的公告,获得补贴（资助）,2025-01-21,https://data.eastmoney.com/notices/detail/300422/AN202501201642374231.html
300422,博世科,博世科:关于筹划公司控制权变更事项进展暨股票复牌的公告,复牌公告,2025-01-21,https://data.eastmoney.com/notices/detail/300422/AN202501201642374218.html
002799,环球印务,环球印务:关于公司为子公司逾期贷款承担担保责任的公告,提供/对外担保公告,2025-01-21,https://data.eastmoney.com/notices/detail/002799/AN202501201642374201.html
002869,金溢科技,金溢科技:北京市中伦(深圳)律师事务所关于深圳市金溢科技股份有限公司2025年第一次临时股东大会的法律意见书,法律意见书,2025-01-21,https://data.eastmoney.com/notices/detail/002869/AN202501201642374204.html
002869,金溢科技,金溢科技:2025年第一次临时股东大会决议公告,股东大会决议公告,2025-01-21,https://data.eastmoney.com/notices/detail/002869/AN202501201642374202.html
300807,天迈科技,天迈科技:2024年度业绩预告,业绩预告,2025-01-21,https://data.eastmoney.com/notices/detail/300807/AN202501201642374203.html
600405,动力源,动力源:动力源2025年第一次临时股东大会决议公告,股东大会决议公告,2025-01-21,https://data.eastmoney.com/notices/detail/600405/AN202501201642374187.html
600405,动力源,动力源:动力源关于监事减持股份结果公告,股东/实际控制人股份减持,2025-01-21,https://data.eastmoney.com/notices/detail/600405/AN202501201642374192.html
600405,动力源,动力源:康达关于北京动力源科技股份有限公司2025年第一次临时股东大会的法律意见书,法律意见书,2025-01-21,https://data.eastmoney.com/notices/detail/600405/AN202501201642374189.html
600405,动力源,动力源:动力源关于选举董事长、副董事长、聘任常务副总经理及调整董事会专门委员会委员的公告,高管人员任职变动,2025-01-21,https://data.eastmoney.com/notices/detail/600405/AN202501201642374191.html
600405,动力源,动力源:动力源关于高级管理人员辞职的公告,高管人员任职变动,2025-01-21,https://data.eastmoney.com/notices/detail/600405/AN202501201642374188.html
600405,动力源,动力源:动力源第八届董事会第三十八次会议决议公告,高管人员任职变动,2025-01-21,https://data.eastmoney.com/notices/detail/600405/AN202501201642374190.html
002783,凯龙股份,凯龙股份:详式权益变动报告书,权益变动报告书,2025-01-21,https://data.eastmoney.com/notices/detail/002783/AN202501201642374168.html
603377,ST东时,ST东时:关于控股股东所持公司部分股份被司法拍卖的进展公告,诉讼仲裁,2025-01-21,https://data.eastmoney.com/notices/detail/603377/AN202501201642373955.html
603377,ST东时,ST东时:关于诉讼事项的公告,诉讼仲裁,2025-01-21,https://data.eastmoney.com/notices/detail/603377/AN202501201642373954.html
002783,凯龙股份,凯龙股份:中信建投证券股份有限公司关于湖北凯龙化工集团股份有限公司详式权益变动报告书之财务顾问核查意见,保荐/核查意见,2025-01-21,https://data.eastmoney.com/notices/detail/002783/AN202501201642373952.html
605208,永茂泰,永茂泰:关于收到股票回购专项贷款承诺函的公告,借贷,2025-01-21,https://data.eastmoney.com/notices/detail/605208/AN202501201642373946.html
002783,凯龙股份,凯龙股份:简式权益变动报告书,权益变动报告书,2025-01-21,https://data.eastmoney.com/notices/detail/002783/AN202501201642373951.html
000600,建投能源,建投能源:2024年度业绩预告公告,业绩预告,2025-01-21,https://data.eastmoney.com/notices/detail/000600/AN202501201642373953.html
688378,奥来德,奥来德:第五届董事会第九次会议决议公告,董事会决议公告,2025-01-21,https://data.eastmoney.com/notices/detail/688378/AN202501201642373944.html
688378,奥来德,奥来德:关于以集中竞价方式回购股份的预案,回购预案,2025-01-21,https://data.eastmoney.com/notices/detail/688378/AN202501201642373943.html
002769,普路通,普路通:公司章程(2025年1月),公司章程,2025-01-21,https://data.eastmoney.com/notices/detail/002769/AN202501201642373936.html
002769,普路通,普路通:关于变更公司经营范围及修订《公司章程》的公告,公司经营范围变更,2025-01-21,https://data.eastmoney.com/notices/detail/002769/AN202501201642373931.html
002769,普路通,普路通:第六届监事会第四次会议决议公告,监事会决议公告,2025-01-21,https://data.eastmoney.com/notices/detail/002769/AN202501201642373937.html
002769,普路通,普路通:关于子公司开展供应链业务暨关联交易的公告,其他,2025-01-21,https://data.eastmoney.com/notices/detail/002769/AN202501201642373932.html
002769,普路通,普路通:第六届董事会第四次会议决议公告,高管人员任职变动,2025-01-21,https://data.eastmoney.com/notices/detail/002769/AN202501201642373935.html
002769,普路通,普路通:关于召开2025年第一次临时股东大会的通知,召开股东大会通知,2025-01-21,https://data.eastmoney.com/notices/detail/002769/AN202501201642373933.html
000061,农产品,农产品:关于“质量回报双提升”行动方案的公告,其他,2025-01-21,https://data.eastmoney.com/notices/detail/000061/AN202501201642373934.html
688234,天岳先进,天岳先进:关于持股5%以上股东权益变动触及1%的提示性公告,权益变动报告书,2025-01-21,https://data.eastmoney.com/notices/detail/688234/AN202501201642373887.html
002354,天娱数科,天娱数科:北京市京都(大连)律师事务所关于天娱数字科技(大连)集团股份有限公司召开2025年第一次临时股东大会的法律意见书,法律意见书,2025-01-21,https://data.eastmoney.com/notices/detail/002354/AN202501201642373890.html
002354,天娱数科,天娱数科:2025年第一次临时股东大会决议的公告,股东大会决议公告,2025-01-21,https://data.eastmoney.com/notices/detail/002354/AN202501201642373891.html
002156,通富微电,通富微电:关于持股5%以上股东股份变动比例触及1%整数倍的公告,股东/实际控制人股份减持,2025-01-21,https://data.eastmoney.com/notices/detail/002156/AN202501201642373859.html
688099,晶晨股份,晶晨股份:晶晨股份2024年年度业绩预增公告,业绩预告,2025-01-21,https://data.eastmoney.com/notices/detail/688099/AN202501201642373643.html
002909,集泰股份,集泰股份:中航证券有限公司关于公司继续为经销商申请银行授信提供担保的核查意见,保荐/核查意见,2025-01-21,https://data.eastmoney.com/notices/detail/002909/AN202501201642373603.html
002909,集泰股份,集泰股份:中航证券有限公司关于公司及子公司2025年度申请综合授信额度并由关联方提供担保暨关联交易事项的核查意见,保荐/核查意见,2025-01-21,https://data.eastmoney.com/notices/detail/002909/AN202501201642373616.html
002909,集泰股份,集泰股份:中航证券有限公司关于公司2025年度日常关联交易预计情况的核查意见,保荐/核查意见,2025-01-21,https://data.eastmoney.com/notices/detail/002909/AN202501201642373615.html
002909,集泰股份,集泰股份:关于公司及子公司2025年度申请综合授信额度并提供抵押担保及接受关联方担保的公告,提供/对外担保公告,2025-01-21,https://data.eastmoney.com/notices/detail/002909/AN202501201642373601.html
002909,集泰股份,集泰股份:关于2025年度日常关联交易预计的公告,关联交易,2025-01-21,https://data.eastmoney.com/notices/detail/002909/AN202501201642373611.html
002909,集泰股份,集泰股份:关于继续为公司经销商申请银行授信提供担保的公告,提供/对外担保公告,2025-01-21,https://data.eastmoney.com/notices/detail/002909/AN202501201642373612.html
002909,集泰股份,集泰股份:第四届监事会第五次会议决议公告,监事会决议公告,2025-01-21,https://data.eastmoney.com/notices/detail/002909/AN202501201642373600.html
002909,集泰股份,集泰股份:第四届董事会第九次会议决议公告,董事会决议公告,2025-01-21,https://data.eastmoney.com/notices/detail/002909/AN202501201642373606.html
002793,罗欣药业,罗欣药业:第五届监事会第十九次会议决议公告,监事会决议公告,2025-01-21,https://data.eastmoney.com/notices/detail/002793/AN202501201642373610.html
002793,罗欣药业,罗欣药业:第五届董事会第二十二次会议决议公告,董事会决议公告,2025-01-21,https://data.eastmoney.com/notices/detail/002793/AN202501201642373614.html
002793,罗欣药业,罗欣药业:关于召开2025年第一次临时股东大会的通知,召开股东大会通知,2025-01-21,https://data.eastmoney.com/notices/detail/002793/AN202501201642373607.html
002990,盛视科技,盛视科技:国浩律师(深圳)事务所关于盛视科技股份有限公司2025年第一次临时股东大会之法律意见书,法律意见书,2025-01-21,https://data.eastmoney.com/notices/detail/002990/AN202501201642373588.html
002990,盛视科技,盛视科技:2024年限制性股票激励计划,股权激励计划,2025-01-21,https://data.eastmoney.com/notices/detail/002990/AN202501201642373592.html
002990,盛视科技,盛视科技:关于2024年限制性股票激励计划内幕信息知情人及激励对象买卖公司股票情况的自查报告,自查报告,2025-01-21,https://data.eastmoney.com/notices/detail/002990/AN202501201642373593.html
002829,星网宇达,星网宇达:2024年度业绩预告,业绩预告,2025-01-21,https://data.eastmoney.com/notices/detail/002829/AN202501201642373590.html
002793,罗欣药业,罗欣药业:关于为控股子公司提供担保的公告,提供/对外担保公告,2025-01-21,https://data.eastmoney.com/notices/detail/002793/AN202501201642373591.html
600165,ST宁科,*ST宁科:*ST宁科股票交易风险提示公告,风险提示性公告,2025-01-21,https://data.eastmoney.com/notices/detail/600165/AN202501201642373453.html
600165,ST宁科,*ST宁科:*ST宁科关于新增及累计诉讼、仲裁情况的公告,诉讼仲裁,2025-01-21,https://data.eastmoney.com/notices/detail/600165/AN202501201642373455.html
605567,春雪食品,春雪食品:春雪食品集团股份有限公司关于2024年年度业绩预盈的公告,业绩预告,2025-01-21,https://data.eastmoney.com/notices/detail/605567/AN202501201642373454.html
002990,盛视科技,盛视科技:2025年第一次临时股东大会决议公告,股东大会决议公告,2025-01-21,https://data.eastmoney.com/notices/detail/002990/AN202501201642373561.html
002267,陕天然气,陕天然气:合规管理办法,管理办法/制度,2025-01-21,https://data.eastmoney.com/notices/detail/002267/AN202501201642373456.html
002267,陕天然气,陕天然气:2025年度日常关联交易预计公告,关联交易,2025-01-21,https://data.eastmoney.com/notices/detail/002267/AN202501201642373559.html
002267,陕天然气,陕天然气:关于因工程施工形成关联交易的公告,关联交易,2025-01-21,https://data.eastmoney.com/notices/detail/002267/AN202501201642373558.html
002267,陕天然气,陕天然气:第六届监事会第十四次会议决议公告,监事会决议公告,2025-01-21,https://data.eastmoney.com/notices/detail/002267/AN202501201642373562.html
002267,陕天然气,陕天然气:关于召开2025年第一次临时股东大会通知的公告,召开股东大会通知,2025-01-21,https://data.eastmoney.com/notices/detail/002267/AN202501201642373560.html
002267,陕天然气,陕天然气:第六届董事会第十五次会议决议公告,高管人员任职变动,2025-01-21,https://data.eastmoney.com/notices/detail/002267/AN202501201642373557.html
688192,迪哲医药,迪哲医药:关于董事兼高级管理人员减持股份计划公告,高管人员持股变动,2025-01-21,https://data.eastmoney.com/notices/detail/688192/AN202501201642373418.html
600520,三佳科技,文一科技:文一科技2024年年度业绩预盈公告,业绩预告,2025-01-21,https://data.eastmoney.com/notices/detail/600520/AN202501201642373412.html
603799,华友钴业,华友钴业:国浩律师(杭州)事务所关于浙江华友钴业股份有限公司2025年第一次临时股东大会法律意见书,法律意见书,2025-01-21,https://data.eastmoney.com/notices/detail/603799/AN202501201642373404.html
603799,华友钴业,华友钴业:华友钴业2025年第一次临时股东大会决议公告,股东大会决议公告,2025-01-21,https://data.eastmoney.com/notices/detail/603799/AN202501201642373402.html
603799,华友钴业,华友钴业:华友钴业关于公司2024年限制性股票激励计划内幕信息知情人买卖公司股票情况的自查报告,自查报告,2025-01-21,https://data.eastmoney.com/notices/detail/603799/AN202501201642373403.html
600095,湘财股份,湘财股份:湘财股份关于拟变更公司董事长的公告,高管人员任职变动,2025-01-21,https://data.eastmoney.com/notices/detail/600095/AN202501201642372749.html
603903,中持股份,中持股份:中持水务股份有限公司第四届董事会第一次会议决议公告,高管人员任职变动,2025-01-21,https://data.eastmoney.com/notices/detail/603903/AN202501201642372738.html
603903,中持股份,中持股份:北京市嘉源律师事务所关于中持水务股份有限公司2025年第一次临时股东大会的法律意见书,法律意见书,2025-01-21,https://data.eastmoney.com/notices/detail/603903/AN202501201642372739.html
603903,中持股份,中持股份:中持水务股份有限公司第四届监事会第一次会议决议公告,高管人员任职变动,2025-01-21,https://data.eastmoney.com/notices/detail/603903/AN202501201642372735.html
603903,中持股份,中持股份:中持水务股份有限公司2025年第一次临时股东大会决议公告,股东大会决议公告,2025-01-21,https://data.eastmoney.com/notices/detail/603903/AN202501201642372737.html
603903,中持股份,中持股份:中持水务股份有限公司关于选举职工代表监事的公告,高管人员任职变动,2025-01-21,https://data.eastmoney.com/notices/detail/603903/AN202501201642372736.html
300153,科泰电源,科泰电源:关于股票交易异常波动的公告,股票交易异常波动,2025-01-21,https://data.eastmoney.com/notices/detail/300153/AN202501201642372709.html
002872,ST天圣,ST天圣:2024年度业绩预告,业绩预告,2025-01-21,https://data.eastmoney.com/notices/detail/002872/AN202501201642372710.html
002669,康达新材,康达新材:关于回购股份事项前十名股东及前十名无限售条件股东持股信息的公告,其他,2025-01-21,https://data.eastmoney.com/notices/detail/002669/AN202501201642372713.html
002625,光启技术,光启技术:北京市金杜(深圳)律师事务所关于光启技术股份有限公司2025年第一次临时股东大会的法律意见书,法律意见书,2025-01-21,https://data.eastmoney.com/notices/detail/002625/AN202501201642372712.html
002625,光启技术,光启技术:2025年第一次临时股东大会会议决议公告,股东大会决议公告,2025-01-21,https://data.eastmoney.com/notices/detail/002625/AN202501201642372708.html
002625,光启技术,光启技术:关于控股股东转让公司部分股份的补充公告,股权转让,2025-01-21,https://data.eastmoney.com/notices/detail/002625/AN202501201642372714.html
603700,宁水集团,宁水集团:高级管理人员集中竞价减持股份计划公告,高管人员持股变动,2025-01-21,https://data.eastmoney.com/notices/detail/603700/AN202501201642372705.html
003013,地铁设计,地铁设计:第三届董事会独立董事专门会议第一次会议审核意见,专项说明/独立意见,2025-01-21,https://data.eastmoney.com/notices/detail/003013/AN202501201642372684.html
003013,地铁设计,地铁设计:董事会关于本次交易相关主体不存在《上市公司监管指引第7号——上市公司重大资产重组相关股票异常交易监管》第十二条规定的不得参与任何上市公司重大资产重组情形的说明,专项说明/独立意见,2025-01-21,https://data.eastmoney.com/notices/detail/003013/AN202501201642372691.html
003013,地铁设计,地铁设计:董事会关于本次交易符合《上市公司监管指引第9号——上市公司筹划和实施重大资产重组的监管要求》第四条规定的说明,专项说明/独立意见,2025-01-21,https://data.eastmoney.com/notices/detail/003013/AN202501201642372675.html
003013,地铁设计,地铁设计:董事会关于本次交易符合《上市公司重大资产重组管理办法》第十一条和第四十三条规定的说明,专项说明/独立意见,2025-01-21,https://data.eastmoney.com/notices/detail/003013/AN202501201642372674.html
003013,地铁设计,地铁设计:董事会关于本次交易信息发布前公司股票价格波动情况的说明,专项说明/独立意见,2025-01-21,https://data.eastmoney.com/notices/detail/003013/AN202501201642372697.html
003013,地铁设计,地铁设计:董事会关于本次交易履行法定程序的完备性、合规性及提交法律文件的有效性的说明,专项说明/独立意见,2025-01-21,https://data.eastmoney.com/notices/detail/003013/AN202501201642372695.html
003013,地铁设计,地铁设计:董事会关于本次交易采取的保密措施及保密制度的说明,专项说明/独立意见,2025-01-21,https://data.eastmoney.com/notices/detail/003013/AN202501201642372680.html
003013,地铁设计,地铁设计:董事会关于本次交易前十二个月内购买、出售资产情况的说明,专项说明/独立意见,2025-01-21,https://data.eastmoney.com/notices/detail/003013/AN202501201642372692.html
003013,地铁设计,地铁设计:董事会关于本次交易符合《上市公司证券发行注册管理办法》第十一条规定的说明,专项说明/独立意见,2025-01-21,https://data.eastmoney.com/notices/detail/003013/AN202501201642372689.html
003013,地铁设计,地铁设计:董事会关于本次交易是否构成重大资产重组、关联交易及重组上市的说明,专项说明/独立意见,2025-01-21,https://data.eastmoney.com/notices/detail/003013/AN202501201642372672.html
003013,地铁设计,地铁设计:广州地铁设计研究院股份有限公司发行股份购买资产并募集配套资金暨关联交易预案,增发预案,2025-01-21,https://data.eastmoney.com/notices/detail/003013/AN202501201642372696.html
003013,地铁设计,地铁设计:广州地铁设计研究院股份有限公司发行股份购买资产并募集配套资金暨关联交易预案(摘要),增发预案,2025-01-21,https://data.eastmoney.com/notices/detail/003013/AN202501201642372688.html
003013,地铁设计,地铁设计:关于筹划本次交易停牌前一个交易日前十大股东和前十大流通股股东持股情况的公告,停牌公告,2025-01-21,https://data.eastmoney.com/notices/detail/003013/AN202501201642372690.html
003013,地铁设计,地铁设计:关于发行股份购买资产并募集配套资金暨关联交易的一般风险提示暨公司股票复牌的公告,复牌公告,2025-01-21,https://data.eastmoney.com/notices/detail/003013/AN202501201642372678.html
003013,地铁设计,地铁设计:第三届监事会第二次会议决议公告,监事会决议公告,2025-01-21,https://data.eastmoney.com/notices/detail/003013/AN202501201642372693.html
003013,地铁设计,地铁设计:关于暂不召开股东大会的公告,其他,2025-01-21,https://data.eastmoney.com/notices/detail/003013/AN202501201642372681.html
003013,地铁设计,地铁设计:第三届董事会第二次会议决议公告,董事会决议公告,2025-01-21,https://data.eastmoney.com/notices/detail/003013/AN202501201642372676.html
002862,实丰文化,实丰文化:2024年度业绩预告,业绩预告,2025-01-21,https://data.eastmoney.com/notices/detail/002862/AN202501201642372685.html
002501,*ST利源,利源股份:2024年度业绩预告,业绩预告,2025-01-21,https://data.eastmoney.com/notices/detail/002501/AN202501201642372687.html
002492,恒基达鑫,恒基达鑫:关于2025年度日常关联交易预计的公告,关联交易,2025-01-21,https://data.eastmoney.com/notices/detail/002492/AN202501201642372673.html
002492,恒基达鑫,恒基达鑫:第六届董事会第十二次会议决议公告,董事会决议公告,2025-01-21,https://data.eastmoney.com/notices/detail/002492/AN202501201642372677.html
002492,恒基达鑫,恒基达鑫:关于全资子公司通过高新技术企业重新认定的公告,其他,2025-01-21,https://data.eastmoney.com/notices/detail/002492/AN202501201642372679.html
002492,恒基达鑫,恒基达鑫:关于召开2025年第一次临时股东大会的公告,召开股东大会通知,2025-01-21,https://data.eastmoney.com/notices/detail/002492/AN202501201642372682.html
688073,毕得医药,毕得医药:关于筹划发行股份购买资产事项的进展并继续停牌的公告,停牌公告,2025-01-21,https://data.eastmoney.com/notices/detail/688073/AN202501201642372658.html
688709,成都华微,成都华微:成都华微电子科技股份有限公司关于自愿披露签订日常经营重大合同的公告,重大合同,2025-01-21,https://data.eastmoney.com/notices/detail/688709/AN202501201642372255.html
688709,成都华微,成都华微:成都华微电子科技股份有限公司首次公开发行部分限售股及部分战略配售限售股上市流通公告,限售股份上市流通,2025-01-21,https://data.eastmoney.com/notices/detail/688709/AN202501201642372253.html
688709,成都华微,成都华微:成都华微电子科技股份有限公司关于公司部分股东承诺特定期间不减持公司股份的公告,其他,2025-01-21,https://data.eastmoney.com/notices/detail/688709/AN202501201642372256.html
688709,成都华微,成都华微:华泰联合证券有限责任公司关于成都华微电子科技股份有限公司首次公开发行部分限售股及部分战略配售限售股上市流通的核查意见,保荐/核查意见,2025-01-21,https://data.eastmoney.com/notices/detail/688709/AN202501201642372254.html
002140,东华科技,东华科技:安徽承义律师事务所关于东华科技2019年限制性股票激励计划第四个解除限售期解除限售条件成就之法律意见书,法律意见书,2025-01-21,https://data.eastmoney.com/notices/detail/002140/AN202501201642372252.html
002140,东华科技,东华科技:东华科技关于公司2019年限制性股票激励计划第四个解除限售期解除限售条件成就的公告,限售股份上市流通,2025-01-21,https://data.eastmoney.com/notices/detail/002140/AN202501201642372248.html
002140,东华科技,东华科技:东华科技八届七次董事会(现场结合通讯方式)决议公告,董事会决议公告,2025-01-21,https://data.eastmoney.com/notices/detail/002140/AN202501201642372246.html
002140,东华科技,东华科技:东华科技董事会薪酬与考核委员会关于2019年限制性股票激励计划第四期解除限售事项的意见,专项说明/独立意见,2025-01-21,https://data.eastmoney.com/notices/detail/002140/AN202501201642372247.html
002174,游族网络,游族网络:关于公司董事会秘书变更的公告,高管人员任职变动,2025-01-21,https://data.eastmoney.com/notices/detail/002174/AN202501201642372245.html
002140,东华科技,东华科技:上海荣正企业咨询服务(集团)股份有限公司关于东华科技2019年限制性股票激励计划第四个解除限售期解除限售相关事项之独立财务顾问报告,保荐/核查意见,2025-01-21,https://data.eastmoney.com/notices/detail/002140/AN202501201642372251.html
002140,东华科技,东华科技:东华科技第八届监事会第六次会议决议公告,监事会决议公告,2025-01-21,https://data.eastmoney.com/notices/detail/002140/AN202501201642372243.html
001314,亿道信息,亿道信息:2024年度业绩预告,业绩预告,2025-01-21,https://data.eastmoney.com/notices/detail/001314/AN202501201642372244.html
002174,游族网络,游族网络:2024年度业绩预告,业绩预告,2025-01-21,https://data.eastmoney.com/notices/detail/002174/AN202501201642372249.html
002174,游族网络,游族网络:关于第二期员工持股计划存续期即将届满的提示性公告,员工持股计划,2025-01-21,https://data.eastmoney.com/notices/detail/002174/AN202501201642372250.html
002174,游族网络,游族网络:第七届董事会第八次会议决议公告,高管人员任职变动,2025-01-21,https://data.eastmoney.com/notices/detail/002174/AN202501201642372240.html
300174,元力股份,元力股份:关于持股5%以上股东减持股份触及1%的整数倍的公告,股东/实际控制人股份减持,2025-01-21,https://data.eastmoney.com/notices/detail/300174/AN202501201642372241.html
000016,*ST康佳A,深康佳Ａ:关于提供对外担保的进展公告,提供/对外担保公告,2025-01-21,https://data.eastmoney.com/notices/detail/000016/AN202501201642372227.html
000980,众泰汽车,众泰汽车:关于公司破产企业财产处置专用账户部分剩余偿债股票公开处置的预披露公告,破产清算,2025-01-21,https://data.eastmoney.com/notices/detail/000980/AN202501201642372223.html
600060,海信视像,海信视像:海信视像关于2024年年度业绩预告的自愿性披露公告,业绩预告,2025-01-21,https://data.eastmoney.com/notices/detail/600060/AN202501201642372169.html
603335,迪生力,迪生力:信息披露管理制度,管理办法/制度,2025-01-21,https://data.eastmoney.com/notices/detail/603335/AN202501201642372096.html
603335,迪生力,迪生力:董事会秘书工作制度,管理办法/制度,2025-01-21,https://data.eastmoney.com/notices/detail/603335/AN202501201642372104.html
603335,迪生力,迪生力:对外投资管理制度,管理办法/制度,2025-01-21,https://data.eastmoney.com/notices/detail/603335/AN202501201642372091.html
603335,迪生力,迪生力:迪生力关于召开2025年第一次临时股东大会的通知,召开股东大会通知,2025-01-21,https://data.eastmoney.com/notices/detail/603335/AN202501201642372087.html
603335,迪生力,迪生力:年报信息披露重大差错追究制度,管理办法/制度,2025-01-21,https://data.eastmoney.com/notices/detail/603335/AN202501201642372100.html
688072,拓荆科技,拓荆科技:2025年第一次临时股东大会决议公告,股东大会决议公告,2025-01-21,https://data.eastmoney.com/notices/detail/688072/AN202501201642372098.html
603335,迪生力,迪生力:对外担保管理制度,管理办法/制度,2025-01-21,https://data.eastmoney.com/notices/detail/603335/AN202501201642372099.html
603335,迪生力,迪生力:投资者关系管理制度,管理办法/制度,2025-01-21,https://data.eastmoney.com/notices/detail/603335/AN202501201642372086.html
603335,迪生力,迪生力:总经理(经理)工作细则,议事规则/实施细则,2025-01-21,https://data.eastmoney.com/notices/detail/603335/AN202501201642372095.html
603335,迪生力,迪生力:募集资金管理制度,管理办法/制度,2025-01-21,https://data.eastmoney.com/notices/detail/603335/AN202501201642372089.html
688072,拓荆科技,拓荆科技:2024年年度业绩预告的自愿性披露公告,业绩预告,2025-01-21,https://data.eastmoney.com/notices/detail/688072/AN202501201642372105.html
603335,迪生力,迪生力:迪生力第四届董事会第六次会议决议公告,董事会决议公告,2025-01-21,https://data.eastmoney.com/notices/detail/603335/AN202501201642372101.html
688072,拓荆科技,拓荆科技:北京市中伦律师事务所关于拓荆科技股份有限公司2025年第一次临时股东大会的法律意见书,法律意见书,2025-01-21,https://data.eastmoney.com/notices/detail/688072/AN202501201642372103.html
603335,迪生力,迪生力:关联交易管理制度,管理办法/制度,2025-01-21,https://data.eastmoney.com/notices/detail/603335/AN202501201642372092.html
603335,迪生力,迪生力:迪生力关于为子公司提供担保额度预计的公告,提供/对外担保公告,2025-01-21,https://data.eastmoney.com/notices/detail/603335/AN202501201642372090.html
603335,迪生力,迪生力:控股股东、实际控制人行为规范,其他,2025-01-21,https://data.eastmoney.com/notices/detail/603335/AN202501201642372102.html
603335,迪生力,迪生力:迪生力关于制定及修订公司部分治理制度的公告,管理办法/制度,2025-01-21,https://data.eastmoney.com/notices/detail/603335/AN202501201642372094.html
603335,迪生力,迪生力:会计师事务所选聘制度,管理办法/制度,2025-01-21,https://data.eastmoney.com/notices/detail/603335/AN202501201642372097.html
603335,迪生力,迪生力:内幕信息知情人管理制度,管理办法/制度,2025-01-21,https://data.eastmoney.com/notices/detail/603335/AN202501201642372088.html
603335,迪生力,迪生力:子公司管理制度,管理办法/制度,2025-01-21,https://data.eastmoney.com/notices/detail/603335/AN202501201642372093.html
002605,姚记科技,姚记科技:关于可转换公司债券2025年付息公告,其他,2025-01-21,https://data.eastmoney.com/notices/detail/002605/AN202501201642372162.html
002360,ST同德,同德化工:关于获得政府补助的公告,获得补贴（资助）,2025-01-21,https://data.eastmoney.com/notices/detail/002360/AN202501201642372161.html
000929,兰州黄河,兰州黄河:兰州黄河关于间接控股股东及其一致行动人股份质押的公告-250120,股份质押、冻结,2025-01-21,https://data.eastmoney.com/notices/detail/000929/AN202501201642372154.html
688150,莱特光电,莱特光电:陕西莱特光电材料股份有限公司2024年年度业绩预增公告,业绩预告,2025-01-21,https://data.eastmoney.com/notices/detail/688150/AN202501201642372075.html
002401,中远海科,中远海科:关于拟以公开挂牌方式转让参股公司股权的公告,股权转让,2025-01-21,https://data.eastmoney.com/notices/detail/002401/AN202501201642372076.html
600438,通威股份,通威股份:通威股份有限公司关于控股股东股份质押解除及质押的公告,股份质押、冻结,2025-01-21,https://data.eastmoney.com/notices/detail/600438/AN202501201642372071.html
601012,隆基绿能,隆基绿能:联合资信评估股份有限公司关于隆基绿能科技股份有限公司2024年度业绩亏损的关注公告,其他,2025-01-21,https://data.eastmoney.com/notices/detail/601012/AN202501201642372070.html
688506,百利天恒,百利天恒:四川百利天恒药业股份有限公司2024年年度业绩预告,业绩预告,2025-01-21,https://data.eastmoney.com/notices/detail/688506/AN202501201642372067.html
688020,方邦股份,方邦股份:第四届监事会第一次会议决议公告,高管人员任职变动,2025-01-21,https://data.eastmoney.com/notices/detail/688020/AN202501201642372062.html
688020,方邦股份,方邦股份:关于2024年度计提资产减值准备的公告,其他,2025-01-21,https://data.eastmoney.com/notices/detail/688020/AN202501201642372061.html
688020,方邦股份,方邦股份:关于完成董事会、监事会换届选举及聘任高级管理人员、证券事务代表的公告,高管人员任职变动,2025-01-21,https://data.eastmoney.com/notices/detail/688020/AN202501201642372060.html
688020,方邦股份,方邦股份:广东信达律师事务所关于广州方邦电子股份有限公司2025年第一次临时股东大会的法律意见书,法律意见书,2025-01-21,https://data.eastmoney.com/notices/detail/688020/AN202501201642372063.html
688020,方邦股份,方邦股份:2025年第一次临时股东大会决议公告,股东大会决议公告,2025-01-21,https://data.eastmoney.com/notices/detail/688020/AN202501201642372064.html
601012,隆基绿能,隆基绿能:第五届董事会2025年第一次会议决议公告,董事会决议公告,2025-01-21,https://data.eastmoney.com/notices/detail/601012/AN202501201642371838.html
601012,隆基绿能,隆基绿能:关于暂不向下修正“隆22转债”转股价格的公告,其他,2025-01-21,https://data.eastmoney.com/notices/detail/601012/AN202501201642371839.html
002692,远程股份,远程股份:2024年年度业绩预告,业绩预告,2025-01-21,https://data.eastmoney.com/notices/detail/002692/AN202501201642371808.html
002317,众生药业,众生药业:关于获得《药品注册证书》的公告,获得认证,2025-01-21,https://data.eastmoney.com/notices/detail/002317/AN202501201642371809.html
688545,兴福电子,兴福电子:兴福电子首次公开发行股票科创板上市公告书,首发上市公告书,2025-01-21,https://data.eastmoney.com/notices/detail/688545/AN202501201642371799.html
688545,兴福电子,兴福电子:兴福电子公司章程,公司章程,2025-01-21,https://data.eastmoney.com/notices/detail/688545/AN202501201642371798.html
688545,兴福电子,兴福电子:兴福电子首次公开发行股票科创板上市公告书提示性公告,首发提示性公告,2025-01-21,https://data.eastmoney.com/notices/detail/688545/AN202501201642371800.html
601985,中国核电,中国核电:中国核电2025年第一次临时股东大会决议公告,股东大会决议公告,2025-01-21,https://data.eastmoney.com/notices/detail/601985/AN202501201642371792.html
601985,中国核电,中国核电:北京市中伦律师事务所关于中国核能电力股份有限公司2025年第一次临时股东大会的法律意见书,法律意见书,2025-01-21,https://data.eastmoney.com/notices/detail/601985/AN202501201642371793.html
603680,今创集团,今创集团:关于子公司筹划出售资产暨签署备忘录的公告,其他,2025-01-21,https://data.eastmoney.com/notices/detail/603680/AN202501201642371785.html
603680,今创集团,今创集团:关于公司副总经理辞任的公告,高管人员任职变动,2025-01-21,https://data.eastmoney.com/notices/detail/603680/AN202501201642371784.html
002307,北新路桥,北新路桥:2024年度业绩预告,业绩预告,2025-01-21,https://data.eastmoney.com/notices/detail/002307/AN202501201642371628.html
002800,天顺股份,天顺股份:关于2024年度计提资产减值准备的公告,其他,2025-01-21,https://data.eastmoney.com/notices/detail/002800/AN202501201642371636.html
002190,成飞集成,成飞集成:北京中伦(成都)律师事务所关于成飞集成2025年第一次临时股东大会的法律意见书,法律意见书,2025-01-21,https://data.eastmoney.com/notices/detail/002190/AN202501201642371629.html
002190,成飞集成,成飞集成:2025年第一次临时股东大会决议公告,股东大会决议公告,2025-01-21,https://data.eastmoney.com/notices/detail/002190/AN202501201642371630.html
002861,瀛通通讯,瀛通通讯:关于公司股东部分股份解除质押的公告,股份质押、冻结,2025-01-21,https://data.eastmoney.com/notices/detail/002861/AN202501201642371631.html
002861,瀛通通讯,瀛通通讯:2024年度业绩预告,业绩预告,2025-01-21,https://data.eastmoney.com/notices/detail/002861/AN202501201642371632.html
002800,天顺股份,天顺股份:2024年度业绩预告,业绩预告,2025-01-21,https://data.eastmoney.com/notices/detail/002800/AN202501201642371634.html
688289,圣湘生物,圣湘生物:湖南启元律师事务所关于圣湘生物科技股份有限公司2025年第一次临时股东大会的法律意见书,法律意见书,2025-01-21,https://data.eastmoney.com/notices/detail/688289/AN202501201642371588.html
688289,圣湘生物,圣湘生物:圣湘生物科技股份有限公司2025年第一次临时股东大会决议公告,股东大会决议公告,2025-01-21,https://data.eastmoney.com/notices/detail/688289/AN202501201642371587.html
300410,正业科技,正业科技:关于公司党支部副书记及全体高级管理人员自愿降薪的公告,其他,2025-01-21,https://data.eastmoney.com/notices/detail/300410/AN202501201642371572.html
300410,正业科技,正业科技:2024年度业绩预告,业绩预告,2025-01-21,https://data.eastmoney.com/notices/detail/300410/AN202501201642371570.html
002938,鹏鼎控股,鹏鼎控股:鹏鼎控股(深圳)股份有限公司金融衍生品交易可行性报告,其他,2025-01-21,https://data.eastmoney.com/notices/detail/002938/AN202501201642371557.html
002938,鹏鼎控股,鹏鼎控股:鹏鼎控股(深圳)股份有限公司关于开展以套期保值为目的金融衍生品业务的公告,其他,2025-01-21,https://data.eastmoney.com/notices/detail/002938/AN202501201642371569.html
002938,鹏鼎控股,鹏鼎控股:鹏鼎控股(深圳)股份有限公司关于预计公司2025年度日常关联交易的公告,关联交易,2025-01-21,https://data.eastmoney.com/notices/detail/002938/AN202501201642371354.html
002938,鹏鼎控股,鹏鼎控股:鹏鼎控股(深圳)股份有限公司关于申请银行授信额度的公告,借贷,2025-01-21,https://data.eastmoney.com/notices/detail/002938/AN202501201642371578.html
002938,鹏鼎控股,鹏鼎控股:鹏鼎控股(深圳)股份有限公司第三届董事会第十四次会议决议公告,董事会决议公告,2025-01-21,https://data.eastmoney.com/notices/detail/002938/AN202501201642371565.html
002682,龙洲股份,龙洲股份:2024年度业绩预告,业绩预告,2025-01-21,https://data.eastmoney.com/notices/detail/002682/AN202501201642371575.html
002567,唐人神,唐人神:世纪证券有限责任公司关于公司使用闲置募集资金暂时补充流动资金的核查意见,保荐/核查意见,2025-01-21,https://data.eastmoney.com/notices/detail/002567/AN202501201642371355.html
002567,唐人神,唐人神:关于使用闲置募集资金暂时补充流动资金的公告,募集资金补充流动资金,2025-01-21,https://data.eastmoney.com/notices/detail/002567/AN202501201642371353.html
002567,唐人神,唐人神:关于控股股东向公司提供财务资助暨关联交易的公告,获得补贴（资助）,2025-01-21,https://data.eastmoney.com/notices/detail/002567/AN202501201642371571.html
002567,唐人神,唐人神:第九届监事会第二十五次会议决议公告,监事会决议公告,2025-01-21,https://data.eastmoney.com/notices/detail/002567/AN202501201642371567.html
002567,唐人神,唐人神:第九届董事会第三十三次会议决议公告,董事会决议公告,2025-01-21,https://data.eastmoney.com/notices/detail/002567/AN202501201642371560.html
002012,凯恩股份,凯恩股份:独立董事候选人声明与承诺(胡小龙),独立董事候选人声明,2025-01-21,https://data.eastmoney.com/notices/detail/002012/AN202501201642371356.html
002012,凯恩股份,凯恩股份:独立董事候选人声明与承诺(王跃生),独立董事候选人声明,2025-01-21,https://data.eastmoney.com/notices/detail/002012/AN202501201642371559.html
002012,凯恩股份,凯恩股份:独立董事提名人声明与承诺(胡小龙),独立董事提名人声明,2025-01-21,https://data.eastmoney.com/notices/detail/002012/AN202501201642371563.html
002012,凯恩股份,凯恩股份:独立董事提名人声明与承诺(韩正强),独立董事提名人声明,2025-01-21,https://data.eastmoney.com/notices/detail/002012/AN202501201642371558.html
002012,凯恩股份,凯恩股份:独立董事提名人声明与承诺(王跃生),独立董事提名人声明,2025-01-21,https://data.eastmoney.com/notices/detail/002012/AN202501201642371561.html
002012,凯恩股份,凯恩股份:独立董事候选人声明与承诺(韩正强),独立董事候选人声明,2025-01-21,https://data.eastmoney.com/notices/detail/002012/AN202501201642371576.html
002012,凯恩股份,凯恩股份:关于董事会换届选举的公告,高管人员任职变动,2025-01-21,https://data.eastmoney.com/notices/detail/002012/AN202501201642371562.html
002012,凯恩股份,凯恩股份:关于监事会换届选举的公告,高管人员任职变动,2025-01-21,https://data.eastmoney.com/notices/detail/002012/AN202501201642371568.html
002012,凯恩股份,凯恩股份:第九届监事会第十七次会议决议公告,高管人员任职变动,2025-01-21,https://data.eastmoney.com/notices/detail/002012/AN202501201642371574.html
002012,凯恩股份,凯恩股份:关于召开2025年第一次临时股东大会的通知,召开股东大会通知,2025-01-21,https://data.eastmoney.com/notices/detail/002012/AN202501201642371577.html
002012,凯恩股份,凯恩股份:第九届董事会第二十二次会议决议公告,高管人员任职变动,2025-01-21,https://data.eastmoney.com/notices/detail/002012/AN202501201642371566.html
002012,凯恩股份,凯恩股份:2024年度业绩预告,业绩预告,2025-01-21,https://data.eastmoney.com/notices/detail/002012/AN202501201642371564.html
000767,晋控电力,晋控电力:2024年度业绩预告,业绩预告,2025-01-21,https://data.eastmoney.com/notices/detail/000767/AN202501201642371573.html
000963,华东医药,华东医药:关于独家市场推广产品获得药品注册证书的公告,获得认证,2025-01-21,https://data.eastmoney.com/notices/detail/000963/AN202501201642371344.html
688119,中钢洛耐,中钢洛耐:中钢洛耐2025年第一次临时股东大会决议公告,股东大会决议公告,2025-01-21,https://data.eastmoney.com/notices/detail/688119/AN202501201642371340.html
688119,中钢洛耐,中钢洛耐:北京市康达律师事务所关于中钢洛耐科技股份有限公司2025年第一次临时股东大会的法律意见书,法律意见书,2025-01-21,https://data.eastmoney.com/notices/detail/688119/AN202501201642371339.html
002928,华夏航空,华夏航空:2024年度业绩预告,业绩预告,2025-01-21,https://data.eastmoney.com/notices/detail/002928/AN202501201642371343.html
002569,*ST步森,ST步森:2025-006:关于公司股票交易可能被实施退市风险警示的提示性公告,其它风险提示公告,2025-01-21,https://data.eastmoney.com/notices/detail/002569/AN202501201642371342.html
002569,*ST步森,ST步森:2025-005:2024年年度业绩预告,业绩预告,2025-01-21,https://data.eastmoney.com/notices/detail/002569/AN202501201642371341.html
688295,中复神鹰,中复神鹰:中复神鹰碳纤维股份有限公司关于选举公司董事长、变更公司副董事长暨调整董事会专门委员会委员的公告,高管人员任职变动,2025-01-21,https://data.eastmoney.com/notices/detail/688295/AN202501201642371319.html
688295,中复神鹰,中复神鹰:北京市嘉源律师事务所关于中复神鹰碳纤维股份有限公司2025年第一次临时股东大会的法律意见书,法律意见书,2025-01-21,https://data.eastmoney.com/notices/detail/688295/AN202501201642371321.html
688295,中复神鹰,中复神鹰:中复神鹰碳纤维股份有限公司2025年第一次临时股东大会决议公告,股东大会决议公告,2025-01-21,https://data.eastmoney.com/notices/detail/688295/AN202501201642371320.html
002497,雅化集团,雅化集团:2024年度业绩预告,业绩预告,2025-01-21,https://data.eastmoney.com/notices/detail/002497/AN202501201642371333.html
002324,普利特,普利特:关于“质量回报双提升”行动方案的公告,其他,2025-01-21,https://data.eastmoney.com/notices/detail/002324/AN202501201642371329.html
002324,普利特,普利特:第六届董事会第三十五次会议决议公告,董事会决议公告,2025-01-21,https://data.eastmoney.com/notices/detail/002324/AN202501201642371325.html
000793,ST华闻,华闻集团:2024年年度业绩预告,业绩预告,2025-01-21,https://data.eastmoney.com/notices/detail/000793/AN202501201642371327.html
000725,京东方A,京东方Ａ:2024年度业绩预告,业绩预告,2025-01-21,https://data.eastmoney.com/notices/detail/000725/AN202501201642371330.html
003000,劲仔食品,劲仔食品:启元_关于劲仔食品2025年第一次临时股东大会的法律意见书,法律意见书,2025-01-21,https://data.eastmoney.com/notices/detail/003000/AN202501201642371300.html
003000,劲仔食品,劲仔食品:劲仔食品2025年第一次临时股东大会决议公告,股东大会决议公告,2025-01-21,https://data.eastmoney.com/notices/detail/003000/AN202501201642371298.html
001209,洪兴股份,洪兴股份:关于广东洪兴实业股份有限公司首次公开发行前已发行股份部分解除限售并上市流通的核查意见,保荐/核查意见,2025-01-21,https://data.eastmoney.com/notices/detail/001209/AN202501201642371299.html
001209,洪兴股份,洪兴股份:关于首次公开发行前已发行股份部分解除限售并上市流通的提示性公告,限售股份上市流通,2025-01-21,https://data.eastmoney.com/notices/detail/001209/AN202501201642371297.html
003000,劲仔食品,劲仔食品:关于回购注销部分限制性股票减少注册资本暨通知债权人的公告,公司注册资本变更,2025-01-21,https://data.eastmoney.com/notices/detail/003000/AN202501201642371296.html
002827,高争民爆,高争民爆:2025年第一次临时股东大会决议公告,分配方案决议公告,2025-01-21,https://data.eastmoney.com/notices/detail/002827/AN202501201642371270.html
002827,高争民爆,高争民爆:西藏珠穆朗玛律师事务所关于西藏高争民爆股份有限公司2025年第一次临时股东大会之法律意见书,法律意见书,2025-01-21,https://data.eastmoney.com/notices/detail/002827/AN202501201642371274.html
003040,楚天龙,楚天龙:2024年度业绩预告,业绩预告,2025-01-21,https://data.eastmoney.com/notices/detail/003040/AN202501201642371272.html
002026,山东威达,山东威达:2024年度业绩预告,业绩预告,2025-01-21,https://data.eastmoney.com/notices/detail/002026/AN202501201642371271.html
002122,ST汇洲,汇洲智能:关于计提资产减值准备及资产核销的公告,其他,2025-01-21,https://data.eastmoney.com/notices/detail/002122/AN202501201642371273.html
600509,天富能源,天富能源:新疆天富能源股份有限公司关于为天富集团提供担保暨关联交易的实施公告,提供/对外担保公告,2025-01-21,https://data.eastmoney.com/notices/detail/600509/AN202501201642371260.html
002122,ST汇洲,汇洲智能:2024年度业绩预告,业绩预告,2025-01-21,https://data.eastmoney.com/notices/detail/002122/AN202501201642371146.html
603585,苏利股份,苏利股份:新世纪评级关于江苏苏利精细化工股份有限公司2024年年度业绩预亏的关注公告,业绩预告,2025-01-21,https://data.eastmoney.com/notices/detail/603585/AN202501201642371144.html
688726,拉普拉斯,拉普拉斯:广东信达律师事务所关于拉普拉斯新能源科技股份有限公司2025年第一次临时股东大会的法律意见书,法律意见书,2025-01-21,https://data.eastmoney.com/notices/detail/688726/AN202501201642371136.html
688726,拉普拉斯,拉普拉斯:2025年第一次临时股东大会决议公告,股东大会决议公告,2025-01-21,https://data.eastmoney.com/notices/detail/688726/AN202501201642371135.html
600036,招商银行,招商银行:招商银行股份有限公司董事会决议公告,高管人员任职变动,2025-01-21,https://data.eastmoney.com/notices/detail/600036/AN202501201642371107.html
001366,播恩集团,播恩集团:第三届董事会第十四次会议决议公告,高管人员任职变动,2025-01-21,https://data.eastmoney.com/notices/detail/001366/AN202501201642371130.html
001366,播恩集团,播恩集团:关于2025年度担保额度预计的公告,担保年度额度预计,2025-01-21,https://data.eastmoney.com/notices/detail/001366/AN202501201642371110.html
001366,播恩集团,播恩集团:第三届监事会第十一次会议决议公告,监事会决议公告,2025-01-21,https://data.eastmoney.com/notices/detail/001366/AN202501201642371121.html
001223,欧克科技,欧克科技:关于2024年度业绩预告的公告,业绩预告,2025-01-21,https://data.eastmoney.com/notices/detail/001223/AN202501201642371129.html
001366,播恩集团,播恩集团:关于2025年度申请银行授信额度的公告,借贷,2025-01-21,https://data.eastmoney.com/notices/detail/001366/AN202501201642371113.html
000090,天健集团,天健集团:天健集团2024年年度业绩预告,业绩预告,2025-01-21,https://data.eastmoney.com/notices/detail/000090/AN202501201642371124.html
001366,播恩集团,播恩集团:2025年度日常关联交易预计的公告,关联交易,2025-01-21,https://data.eastmoney.com/notices/detail/001366/AN202501201642371120.html
001366,播恩集团,播恩集团:独立董事提名人声明与承诺,独立董事提名人声明,2025-01-21,https://data.eastmoney.com/notices/detail/001366/AN202501201642371127.html
001366,播恩集团,播恩集团:关于召开2025年第一次临时股东大会的通知,召开股东大会通知,2025-01-21,https://data.eastmoney.com/notices/detail/001366/AN202501201642371128.html
002229,鸿博股份,鸿博股份:2024年度业绩预告,业绩预告,2025-01-21,https://data.eastmoney.com/notices/detail/002229/AN202501201642371114.html
002055,ST得润,得润电子:关于转让控股子公司部分股权的进展公告,股权转让,2025-01-21,https://data.eastmoney.com/notices/detail/002055/AN202501201642371125.html
001366,播恩集团,播恩集团:关于2025年度接受关联方无偿担保额度预计的公告,担保年度额度预计,2025-01-21,https://data.eastmoney.com/notices/detail/001366/AN202501201642371117.html
001366,播恩集团,播恩集团:海通证券股份有限公司关于播恩集团2025年度接受关联方无偿担保额度预计的核查意见,保荐/核查意见,2025-01-21,https://data.eastmoney.com/notices/detail/001366/AN202501201642371112.html
001366,播恩集团,播恩集团:关于选举独立董事及调整董事会专门委员会委员的公告,高管人员任职变动,2025-01-21,https://data.eastmoney.com/notices/detail/001366/AN202501201642371132.html
001366,播恩集团,播恩集团:关于开展供应链融资业务合作暨对外担保的公告,提供/对外担保公告,2025-01-21,https://data.eastmoney.com/notices/detail/001366/AN202501201642371119.html
001366,播恩集团,播恩集团:海通证券股份有限公司关于播恩集团2025年度日常关联交易预计的核查意见,保荐/核查意见,2025-01-21,https://data.eastmoney.com/notices/detail/001366/AN202501201642371111.html
001366,播恩集团,播恩集团:关于使用闲置自有资金进行现金管理的公告,投资理财,2025-01-21,https://data.eastmoney.com/notices/detail/001366/AN202501201642371122.html
001366,播恩集团,播恩集团:海通证券股份有限公司关于播恩集团开展供应链融资业务合作暨对外担保的核查意见,保荐/核查意见,2025-01-21,https://data.eastmoney.com/notices/detail/001366/AN202501201642371123.html
001366,播恩集团,播恩集团:独立董事候选人声明与承诺,独立董事候选人声明,2025-01-21,https://data.eastmoney.com/notices/detail/001366/AN202501201642371126.html
300444,双杰电气,双杰电气:关于召开2025年第一次临时股东大会的通知,召开股东大会通知,2025-01-21,https://data.eastmoney.com/notices/detail/300444/AN202501201642371118.html
300444,双杰电气,双杰电气:关于公司第二期员工持股计划存续期延期的公告,员工持股计划,2025-01-21,https://data.eastmoney.com/notices/detail/300444/AN202501201642371131.html
300444,双杰电气,双杰电气:关于为子公司及孙公司提供担保的公告,提供/对外担保公告,2025-01-21,https://data.eastmoney.com/notices/detail/300444/AN202501201642371116.html
300444,双杰电气,双杰电气:第六届董事会第二次会议决议公告,董事会决议公告,2025-01-21,https://data.eastmoney.com/notices/detail/300444/AN202501201642371133.html
600050,中国联通,中国联通:北京市通商律师事务所关于中国联合网络通信股份有限公司2025年第一次临时股东大会的法律意见书,法律意见书,2025-01-21,https://data.eastmoney.com/notices/detail/600050/AN202501201642371103.html
600050,中国联通,中国联通:中国联合网络通信股份有限公司2025年第一次临时股东大会决议公告,股东大会决议公告,2025-01-21,https://data.eastmoney.com/notices/detail/600050/AN202501201642371105.html
600050,中国联通,中国联通:中国联合网络通信股份有限公司关于注销回购股份并减少公司注册资本暨通知债权人公告,公司注册资本变更,2025-01-21,https://data.eastmoney.com/notices/detail/600050/AN202501201642371104.html
603998,方盛制药,方盛制药:湖南启元律师事务所关于湖南方盛制药股份有限公司2025年第一次临时股东大会的法律意见书,法律意见书,2025-01-21,https://data.eastmoney.com/notices/detail/603998/AN202501201642371099.html
603998,方盛制药,方盛制药:方盛制药公司章程(已经公司2025年第一次临时股东大会审议通过),公司章程,2025-01-21,https://data.eastmoney.com/notices/detail/603998/AN202501201642371098.html
603998,方盛制药,方盛制药:方盛制药2025年第一次临时股东大会决议公告,股东大会决议公告,2025-01-21,https://data.eastmoney.com/notices/detail/603998/AN202501201642371100.html
688322,奥比中光,奥比中光:第二届监事会第十一次会议决议公告,监事会决议公告,2025-01-21,https://data.eastmoney.com/notices/detail/688322/AN202501201642371095.html
688322,奥比中光,奥比中光:2024年年度业绩预告,业绩预告,2025-01-21,https://data.eastmoney.com/notices/detail/688322/AN202501201642371096.html
688322,奥比中光,奥比中光:中国国际金融股份有限公司关于奥比中光2025年度日常关联交易预计的专项核查意见,保荐/核查意见,2025-01-21,https://data.eastmoney.com/notices/detail/688322/AN202501201642371094.html
688322,奥比中光,奥比中光:关于2025年度日常关联交易预计的公告,关联交易,2025-01-21,https://data.eastmoney.com/notices/detail/688322/AN202501201642371089.html
688322,奥比中光,奥比中光:第二届董事会第十一次会议决议公告,董事会决议公告,2025-01-21,https://data.eastmoney.com/notices/detail/688322/AN202501201642371090.html
688322,奥比中光,奥比中光:独立董事专门会议2025年第一次会议决议,其他,2025-01-21,https://data.eastmoney.com/notices/detail/688322/AN202501201642371091.html
688322,奥比中光,奥比中光:关于股份回购实施结果暨股份变动的公告,股本变动,2025-01-21,https://data.eastmoney.com/notices/detail/688322/AN202501201642371092.html
688322,奥比中光,奥比中光:关于召开2025年第一次临时股东会的通知,召开股东大会通知,2025-01-21,https://data.eastmoney.com/notices/detail/688322/AN202501201642371093.html
000090,天健集团,天健集团:关于2024年计提存货跌价准备的公告,其他,2025-01-21,https://data.eastmoney.com/notices/detail/000090/AN202501201642371086.html
603650,彤程新材,彤程新材:彤程新材关于可转换公司债券付息公告,其他,2025-01-21,https://data.eastmoney.com/notices/detail/603650/AN202501201642371084.html
688717,艾罗能源,艾罗能源:2024年年度业绩预告,业绩预告,2025-01-21,https://data.eastmoney.com/notices/detail/688717/AN202501201642371083.html
688006,杭可科技,杭可科技:浙江杭可科技股份有限公司关于召开2025年第一次临时股东大会的通知,召开股东大会通知,2025-01-21,https://data.eastmoney.com/notices/detail/688006/AN202501201642371078.html
688006,杭可科技,杭可科技:浙江杭可科技股份有限公司第三届监事会第十九次会议决议公告,监事会决议公告,2025-01-21,https://data.eastmoney.com/notices/detail/688006/AN202501201642371080.html
688006,杭可科技,杭可科技:浙江杭可科技股份有限公司关于公司2024年中期利润分配方案的公告,分配预案,2025-01-21,https://data.eastmoney.com/notices/detail/688006/AN202501201642371079.html
002755,奥赛康,奥赛康:关于子公司曲氟尿苷替匹嘧啶片获得药品注册证书的公告,获得认证,2025-01-21,https://data.eastmoney.com/notices/detail/002755/AN202501201642371077.html
600051,宁波联合,宁波联合:宁波联合关于子公司投资设立全资子公司的公告,其他,2025-01-21,https://data.eastmoney.com/notices/detail/600051/AN202501201642371069.html
600051,宁波联合,宁波联合:宁波联合第十届监事会2025年第一次临时会议决议公告,监事会决议公告,2025-01-21,https://data.eastmoney.com/notices/detail/600051/AN202501201642371071.html
600051,宁波联合,宁波联合:宁波联合关于子公司对其子公司提供财务资助进行展期的公告,获得补贴（资助）,2025-01-21,https://data.eastmoney.com/notices/detail/600051/AN202501201642371068.html
600051,宁波联合,宁波联合:宁波联合第十届董事会2025年第一次临时会议决议公告,董事会决议公告,2025-01-21,https://data.eastmoney.com/notices/detail/600051/AN202501201642371070.html
688261,东微半导,东微半导:苏州东微半导体股份有限公司2024年年度业绩预告,业绩预告,2025-01-21,https://data.eastmoney.com/notices/detail/688261/AN202501201642371067.html
002542,*ST中岩,中化岩土:2024年度业绩预告,业绩预告,2025-01-21,https://data.eastmoney.com/notices/detail/002542/AN202501201642371058.html
002277,友阿股份,友阿股份:市值管理制度,管理办法/制度,2025-01-21,https://data.eastmoney.com/notices/detail/002277/AN202501201642370935.html
002277,友阿股份,友阿股份:关于为控股子公司提供财务资助展期的公告,获得补贴（资助）,2025-01-21,https://data.eastmoney.com/notices/detail/002277/AN202501201642370937.html
002277,友阿股份,友阿股份:第七届董事会第三次临时会议决议公告,董事会决议公告,2025-01-21,https://data.eastmoney.com/notices/detail/002277/AN202501201642370938.html
002277,友阿股份,友阿股份:关于召开2025年第一次临时股东大会的通知,召开股东大会通知,2025-01-21,https://data.eastmoney.com/notices/detail/002277/AN202501201642370934.html
000790,华神科技,华神科技:关于提供担保的公告,提供/对外担保公告,2025-01-21,https://data.eastmoney.com/notices/detail/000790/AN202501201642370932.html
000610,*ST西旅,西安旅游:2024年度业绩预告,业绩预告,2025-01-21,https://data.eastmoney.com/notices/detail/000610/AN202501201642370936.html
000009,中国宝安,中国宝安:关于大股东股权质押的公告,股份质押、冻结,2025-01-21,https://data.eastmoney.com/notices/detail/000009/AN202501201642370933.html
688073,毕得医药,毕得医药:2025年第二次临时股东大会会议资料,股东大会资料,2025-01-21,https://data.eastmoney.com/notices/detail/688073/AN202501201642370928.html
600860,京城股份,京城股份:京城股份2024年年度业绩扭亏为盈的公告,业绩预告,2025-01-21,https://data.eastmoney.com/notices/detail/600860/AN202501201642370916.html
688429,时创能源,时创能源:常州时创能源股份有限公司2024年年度业绩预告,业绩预告,2025-01-21,https://data.eastmoney.com/notices/detail/688429/AN202501201642370919.html
688228,开普云,开普云:2024年年度业绩预告,业绩预告,2025-01-21,https://data.eastmoney.com/notices/detail/688228/AN202501201642370917.html
688016,心脉医疗,心脉医疗:2024年年度业绩预告,业绩预告,2025-01-21,https://data.eastmoney.com/notices/detail/688016/AN202501201642370918.html
002016,世荣兆业,世荣兆业:2024年年度业绩预告,业绩预告,2025-01-21,https://data.eastmoney.com/notices/detail/002016/AN202501201642370924.html
000513,丽珠集团,丽珠集团:H股公告:翌日披露报表-回购股份,其他,2025-01-21,https://data.eastmoney.com/notices/detail/000513/AN202501201642370901.html
301105,鸿铭股份,鸿铭股份:北京植德(深圳)律师事务所关于广东鸿铭智能股份有限公司2025年第一次临时股东大会的法律意见书,法律意见书,2025-01-21,https://data.eastmoney.com/notices/detail/301105/AN202501201642370900.html
301105,鸿铭股份,鸿铭股份:2025年第一次临时股东大会决议公告,股东大会决议公告,2025-01-21,https://data.eastmoney.com/notices/detail/301105/AN202501201642370897.html
300483,首华燃气,首华燃气:关于不向下修正首华转债转股价格的公告,其他,2025-01-21,https://data.eastmoney.com/notices/detail/300483/AN202501201642370906.html
300483,首华燃气,首华燃气:第六届董事会第五次会议决议公告,董事会决议公告,2025-01-21,https://data.eastmoney.com/notices/detail/300483/AN202501201642370895.html
002885,京泉华,京泉华:北京市康达律师事务所关于2025年第一次临时股东大会的法律意见书,法律意见书,2025-01-21,https://data.eastmoney.com/notices/detail/002885/AN202501201642370904.html
002885,京泉华,京泉华:2025年第一次临时股东大会决议公告,股东大会决议公告,2025-01-21,https://data.eastmoney.com/notices/detail/002885/AN202501201642370908.html
002514,*ST宝馨,宝馨科技:关于监事辞职的公告,高管人员任职变动,2025-01-21,https://data.eastmoney.com/notices/detail/002514/AN202501201642370898.html
002514,*ST宝馨,宝馨科技:关于补选职工代表监事的公告,高管人员任职变动,2025-01-21,https://data.eastmoney.com/notices/detail/002514/AN202501201642370903.html
002514,*ST宝馨,宝馨科技:2024年度业绩预告公告,业绩预告,2025-01-21,https://data.eastmoney.com/notices/detail/002514/AN202501201642370902.html
002226,江南化工,江南化工:关于公开挂牌转让控股子公司四川省南部永生化工有限责任公司55%股权的进展公告,股权转让,2025-01-21,https://data.eastmoney.com/notices/detail/002226/AN202501201642370907.html
002203,海亮股份,海亮股份:关于公司董事会秘书辞职暨聘任董事会秘书的公告,高管人员任职变动,2025-01-21,https://data.eastmoney.com/notices/detail/002203/AN202501201642370909.html
002203,海亮股份,海亮股份:第八届董事会第二十二次会议决议公告,高管人员任职变动,2025-01-21,https://data.eastmoney.com/notices/detail/002203/AN202501201642370899.html
001337,四川黄金,四川黄金:关于股东减持计划实施完毕的公告,股东/实际控制人股份减持,2025-01-21,https://data.eastmoney.com/notices/detail/001337/AN202501201642370912.html
000601,韶能股份,韶能股份:2024年度业绩预告,业绩预告,2025-01-21,https://data.eastmoney.com/notices/detail/000601/AN202501201642370896.html
601598,中国外运,中国外运:H股公告-翌日披露报表,其他,2025-01-21,https://data.eastmoney.com/notices/detail/601598/AN202501201642370862.html
300520,科大国创,科大国创:2024年度业绩预告,业绩预告,2025-01-21,https://data.eastmoney.com/notices/detail/300520/AN202501201642370882.html
002827,高争民爆,高争民爆:关于控股子公司重大诉讼事项进展的公告,其他,2025-01-21,https://data.eastmoney.com/notices/detail/002827/AN202501201642370881.html
002827,高争民爆,高争民爆:2024年度业绩预告,业绩预告,2025-01-21,https://data.eastmoney.com/notices/detail/002827/AN202501201642370880.html
002253,川大智胜,川大智胜:关于公司股票交易可能被实施退市风险警示的风险提示公告,其它风险提示公告,2025-01-21,https://data.eastmoney.com/notices/detail/002253/AN202501201642370879.html
603559,中通国脉,*ST通脉:中通国脉通信股份有限公司2025年第一次临时股东大会决议公告,股东大会决议公告,2025-01-21,https://data.eastmoney.com/notices/detail/603559/AN202501201642370644.html
603559,中通国脉,*ST通脉:中通国脉通信股份有限公司2025年第一次临时股东大会法律意见书,法律意见书,2025-01-21,https://data.eastmoney.com/notices/detail/603559/AN202501201642370645.html
002694,*ST顾地,顾地科技:2024年年度业绩预告,业绩预告,2025-01-21,https://data.eastmoney.com/notices/detail/002694/AN202501201642370655.html
002253,川大智胜,川大智胜:四川川大智胜软件股份有限公司2024年度业绩预告,业绩预告,2025-01-21,https://data.eastmoney.com/notices/detail/002253/AN202501201642370654.html
000963,华东医药,华东医药:关于全资子公司合作项目获美国FDA批准的公告,其他,2025-01-21,https://data.eastmoney.com/notices/detail/000963/AN202501201642370648.html
000963,华东医药,华东医药:关于全资子公司获得医疗器械注册证的公告,其他,2025-01-21,https://data.eastmoney.com/notices/detail/000963/AN202501201642370653.html
000888,峨眉山A,峨眉山Ａ:关于修订德宏州天祥旅游开发有限公司章程的公告,公司章程修订,2025-01-21,https://data.eastmoney.com/notices/detail/000888/AN202501201642370651.html
000888,峨眉山A,峨眉山Ａ:第五届监事会第一百二十五次会议决议公告,监事会决议公告,2025-01-21,https://data.eastmoney.com/notices/detail/000888/AN202501201642370652.html
000888,峨眉山A,峨眉山Ａ:第五届董事会第一百四十二次会议决议公告,高管人员任职变动,2025-01-21,https://data.eastmoney.com/notices/detail/000888/AN202501201642370649.html
000752,*ST西发,ST西发:西藏发展股份有限公司2024年年度业绩预告,业绩预告,2025-01-21,https://data.eastmoney.com/notices/detail/000752/AN202501201642370647.html
603511,爱慕股份,爱慕股份:关于爱慕股份有限公司股票交易异常波动的问询函的回函,回复问询函公告,2025-01-21,https://data.eastmoney.com/notices/detail/603511/AN202501201642370638.html
603511,爱慕股份,爱慕股份:股票交易异常波动公告,股票交易异常波动,2025-01-21,https://data.eastmoney.com/notices/detail/603511/AN202501201642370637.html
600433,冠豪高新,冠豪高新:冠豪高新2024年年度业绩预盈公告,业绩预告,2025-01-21,https://data.eastmoney.com/notices/detail/600433/AN202501201642370636.html
688180,君实生物,君实生物:君实生物自愿披露关于与利奥制药签署分销与商业化协议的公告,签订协议,2025-01-21,https://data.eastmoney.com/notices/detail/688180/AN202501201642370633.html
301200,大族数控,大族数控:关于2024年第四季度计提资产减值准备的公告,其他,2025-01-21,https://data.eastmoney.com/notices/detail/301200/AN202501201642370622.html
301200,大族数控,大族数控:2024年度业绩预告,业绩预告,2025-01-21,https://data.eastmoney.com/notices/detail/301200/AN202501201642370618.html
300338,*ST开元,*ST开元:2024年度业绩预告,业绩预告,2025-01-21,https://data.eastmoney.com/notices/detail/300338/AN202501201642370621.html
002036,联创电子,联创电子:2024年度业绩预告,业绩预告,2025-01-21,https://data.eastmoney.com/notices/detail/002036/AN202501201642370619.html
000688,国城矿业,国城矿业:2024年度业绩预告,业绩预告,2025-01-21,https://data.eastmoney.com/notices/detail/000688/AN202501201642370626.html
000688,国城矿业,国城矿业:关于收到四川证监局行政监管措施决定书的公告,其他,2025-01-21,https://data.eastmoney.com/notices/detail/000688/AN202501201642370584.html
601995,中金公司,中金公司:中金公司关于中国中金财富证券有限公司2024年度主要财务数据的公告,其他,2025-01-21,https://data.eastmoney.com/notices/detail/601995/AN202501201642370567.html
688210,统联精密,统联精密:深圳市泛海统联精密制造股份有限公司关于持股5%以上股东及其一致行动人权益变动触及1%的提示性公告,权益变动报告书,2025-01-21,https://data.eastmoney.com/notices/detail/688210/AN202501201642370575.html
688210,统联精密,统联精密:深圳市泛海统联精密制造股份有限公司股东集中竞价减持股份结果公告,股东/实际控制人股份减持,2025-01-21,https://data.eastmoney.com/notices/detail/688210/AN202501201642370574.html
605388,均瑶健康,均瑶健康:湖北均瑶大健康饮品股份有限公司关于实际控制人部分股份解除质押及部分股份质押的公告,股份质押、冻结,2025-01-21,https://data.eastmoney.com/notices/detail/605388/AN202501201642370573.html
601995,中金公司,中金公司:中金公司关于为全资子公司申请增加授信额度提供担保的公告,提供/对外担保公告,2025-01-21,https://data.eastmoney.com/notices/detail/601995/AN202501201642370568.html
600558,大西洋,大西洋:大西洋关于聘任副总经理的公告,高管人员任职变动,2025-01-21,https://data.eastmoney.com/notices/detail/600558/AN202501201642370564.html
600558,大西洋,大西洋:大西洋第五届董事会第八十四次会议决议公告,高管人员任职变动,2025-01-21,https://data.eastmoney.com/notices/detail/600558/AN202501201642370565.html
600558,大西洋,大西洋:大西洋对外担保管理办法,管理办法/制度,2025-01-21,https://data.eastmoney.com/notices/detail/600558/AN202501201642370569.html
600558,大西洋,大西洋:大西洋2024年年度业绩预增公告,业绩预告,2025-01-21,https://data.eastmoney.com/notices/detail/600558/AN202501201642370566.html
601096,宏盛华源,宏盛华源:宏盛华源2025年第一次临时股东大会决议公告,股东大会决议公告,2025-01-21,https://data.eastmoney.com/notices/detail/601096/AN202501201642370445.html
601096,宏盛华源,宏盛华源:北京德恒(济南)律师事务所关于宏盛华源2025年第一次临时股东大会的法律意见,法律意见书,2025-01-21,https://data.eastmoney.com/notices/detail/601096/AN202501201642370444.html
301306,西测测试,西测测试:2024年度业绩预告,业绩预告,2025-01-21,https://data.eastmoney.com/notices/detail/301306/AN202501201642370441.html
001289,龙源电力,龙源电力:龙源电力集团股份有限公司关于完成2025年度第一期中期票据发行的公告,其他,2025-01-21,https://data.eastmoney.com/notices/detail/001289/AN202501201642370427.html
000665,湖北广电,湖北广电:2024年年度业绩预告,业绩预告,2025-01-21,https://data.eastmoney.com/notices/detail/000665/AN202501201642370425.html
002797,第一创业,第一创业:2024年度业绩预告,业绩预告,2025-01-21,https://data.eastmoney.com/notices/detail/002797/AN202501201642370432.html
002181,粤传媒,粤传媒:关于子公司对外投资的进展公告,其他,2025-01-21,https://data.eastmoney.com/notices/detail/002181/AN202501201642370428.html
300433,蓝思科技,蓝思科技:蓝思科技2025年第一次临时股东大会法律意见书,法律意见书,2025-01-21,https://data.eastmoney.com/notices/detail/300433/AN202501201642370433.html
300433,蓝思科技,蓝思科技:关于董事会、监事会换届暨部分董事、监事离任的公告,高管人员任职变动,2025-01-21,https://data.eastmoney.com/notices/detail/300433/AN202501201642370431.html
300433,蓝思科技,蓝思科技:关于选举产生第五届监事会职工代表监事的公告,高管人员任职变动,2025-01-21,https://data.eastmoney.com/notices/detail/300433/AN202501201642370420.html
300433,蓝思科技,蓝思科技:2025年第一次临时股东大会决议公告,股东大会决议公告,2025-01-21,https://data.eastmoney.com/notices/detail/300433/AN202501201642370422.html
301526,国际复材,国际复材:2024年度业绩预告,业绩预告,2025-01-21,https://data.eastmoney.com/notices/detail/301526/AN202501201642370434.html
002271,东方雨虹,东方雨虹:关于北京东方雨虹防水技术股份有限公司2025年第一次临时股东大会的法律意见书,法律意见书,2025-01-21,https://data.eastmoney.com/notices/detail/002271/AN202501201642370423.html
002271,东方雨虹,东方雨虹:关于公司控股股东部分股份质押及解除质押的公告,股份质押、冻结,2025-01-21,https://data.eastmoney.com/notices/detail/002271/AN202501201642370426.html
002271,东方雨虹,东方雨虹:2025年第一次临时股东大会决议公告,股东大会决议公告,2025-01-21,https://data.eastmoney.com/notices/detail/002271/AN202501201642370430.html
001317,三羊马,三羊马:关于不向下修正可转债转股价格的公告,其他,2025-01-21,https://data.eastmoney.com/notices/detail/001317/AN202501201642370421.html
001317,三羊马,三羊马:第三届董事会第二十六次会议决议公告,董事会决议公告,2025-01-21,https://data.eastmoney.com/notices/detail/001317/AN202501201642370424.html
000593,德龙汇能,德龙汇能:2024年年度业绩预告,业绩预告,2025-01-21,https://data.eastmoney.com/notices/detail/000593/AN202501201642370429.html
002201,九鼎新材,正威新材:公司章程修正案,公司章程修订,2025-01-21,https://data.eastmoney.com/notices/detail/002201/AN202501201642370385.html
002201,九鼎新材,正威新材:关于拟变更公司名称、证券简称的公告,证券简称变更,2025-01-21,https://data.eastmoney.com/notices/detail/002201/AN202501201642370399.html
002201,九鼎新材,正威新材:关于召开2025年第一次临时股东大会的通知,召开股东大会通知,2025-01-21,https://data.eastmoney.com/notices/detail/002201/AN202501201642370401.html
002201,九鼎新材,正威新材:第十一届董事会第一次临时会议决议公告,董事会决议公告,2025-01-21,https://data.eastmoney.com/notices/detail/002201/AN202501201642370383.html
002382,蓝帆医疗,蓝帆医疗:关于公司为子公司开展融资租赁业务提供担保的进展公告,提供/对外担保公告,2025-01-21,https://data.eastmoney.com/notices/detail/002382/AN202501201642370396.html
002382,蓝帆医疗,蓝帆医疗:关于暂不向下修正蓝帆转债转股价格的公告,其他,2025-01-21,https://data.eastmoney.com/notices/detail/002382/AN202501201642370380.html
002382,蓝帆医疗,蓝帆医疗:第六届董事会第十七次会议决议公告,董事会决议公告,2025-01-21,https://data.eastmoney.com/notices/detail/002382/AN202501201642370393.html
002910,庄园牧场,庄园牧场:兰州庄园牧场股份有限公司2024年度业绩预告,业绩预告,2025-01-21,https://data.eastmoney.com/notices/detail/002910/AN202501201642370390.html
001205,盛航股份,盛航股份:南京盛航海运股份有限公司向不特定对象发行可转换公司债券第一次临时受托管理事务报告(2025年度),其他,2025-01-21,https://data.eastmoney.com/notices/detail/001205/AN202501201642370404.html
002072,凯瑞德,凯瑞德:董事会战略委员会实施细则(2025年1月),议事规则/实施细则,2025-01-21,https://data.eastmoney.com/notices/detail/002072/AN202501201642370391.html
002072,凯瑞德,凯瑞德:北京市观远律师事务所关于凯瑞德控股股份有限公司2025年第一次临时股东大会的法律意见书,法律意见书,2025-01-21,https://data.eastmoney.com/notices/detail/002072/AN202501201642370403.html
002072,凯瑞德,凯瑞德:关于公司高级管理人员任职资格的审查意见,专项说明/独立意见,2025-01-21,https://data.eastmoney.com/notices/detail/002072/AN202501201642370406.html
002072,凯瑞德,凯瑞德:关于完成监事会换届选举的公告,高管人员任职变动,2025-01-21,https://data.eastmoney.com/notices/detail/002072/AN202501201642370394.html
002072,凯瑞德,凯瑞德:第八届监事会第一次会议决议公告,高管人员任职变动,2025-01-21,https://data.eastmoney.com/notices/detail/002072/AN202501201642370381.html
002072,凯瑞德,凯瑞德:2025年第一次临时股东大会决议公告,股东大会决议公告,2025-01-21,https://data.eastmoney.com/notices/detail/002072/AN202501201642370405.html
002072,凯瑞德,凯瑞德:关于聘任公司高级管理人员的公告,高管人员任职变动,2025-01-21,https://data.eastmoney.com/notices/detail/002072/AN202501201642370387.html
002072,凯瑞德,凯瑞德:关于完成董事会换届选举的公告,高管人员任职变动,2025-01-21,https://data.eastmoney.com/notices/detail/002072/AN202501201642370392.html
002072,凯瑞德,凯瑞德:第八届董事会第一次会议决议公告,高管人员任职变动,2025-01-21,https://data.eastmoney.com/notices/detail/002072/AN202501201642370379.html
301031,中熔电气,中熔电气:西安中熔电气股份有限公司2024年年度业绩预告,业绩预告,2025-01-21,https://data.eastmoney.com/notices/detail/301031/AN202501201642370386.html
002413,雷科防务,雷科防务:2024年度业绩预告,业绩预告,2025-01-21,https://data.eastmoney.com/notices/detail/002413/AN202501201642370362.html
600721,百花医药,百花医药:新疆百花村医药集团股份有限公司2024年年度业绩预增公告,业绩预告,2025-01-21,https://data.eastmoney.com/notices/detail/600721/AN202501201642370155.html
002241,歌尔股份,歌尔股份:关于控股子公司歌尔微电子股份有限公司向香港联交所递交境外首次公开发行股份并上市申请的公告,其他,2025-01-21,https://data.eastmoney.com/notices/detail/002241/AN202501201642370121.html
300839,博汇股份,博汇股份:2025年第一次临时股东大会通知公告,召开股东大会通知,2025-01-21,https://data.eastmoney.com/notices/detail/300839/AN202501201642370138.html
300839,博汇股份,博汇股份:关于终止与宁波经济技术开发区管理委员会投资合作协议的公告,其他,2025-01-21,https://data.eastmoney.com/notices/detail/300839/AN202501201642370137.html
300839,博汇股份,博汇股份:关于补选公司第四届董事会非独立董事的公告,高管人员任职变动,2025-01-21,https://data.eastmoney.com/notices/detail/300839/AN202501201642370139.html
688516,奥特维,奥特维:无锡奥特维科技股份有限公司关于回购注销2023年限制性股票激励计划部分限制性股票的公告,回购进展情况,2025-01-21,https://data.eastmoney.com/notices/detail/688516/AN202501201642370113.html
688516,奥特维,奥特维:无锡奥特维科技股份有限公司关于回购股份注销完成暨不调整“奥维转债”转股价格的公告,回购实施公告,2025-01-21,https://data.eastmoney.com/notices/detail/688516/AN202501201642370110.html
688516,奥特维,奥特维:无锡奥特维科技股份有限公司第四届监事会第九次会议决议公告,监事会决议公告,2025-01-21,https://data.eastmoney.com/notices/detail/688516/AN202501201642370111.html
688516,奥特维,奥特维:国浩律师(上海)事务所关于无锡奥特维科技股份有限公司2023年限制性股票激励计划调整回购价格、回购注销部分限制性股票相关事项之法律意见书,法律意见书,2025-01-21,https://data.eastmoney.com/notices/detail/688516/AN202501201642370114.html
688516,奥特维,奥特维:无锡奥特维科技股份有限公司关于调整2023年限制性股票激励计划回购价格的公告,股权激励行权价（数量）调整,2025-01-21,https://data.eastmoney.com/notices/detail/688516/AN202501201642370116.html
688516,奥特维,奥特维:无锡奥特维科技股份有限公司关于回购注销2023年限制性股票激励计划部分股票减少注册资本暨通知债权人的公告,公司注册资本变更,2025-01-21,https://data.eastmoney.com/notices/detail/688516/AN202501201642370112.html
688516,奥特维,奥特维:无锡奥特维科技股份有限公司第四届董事会第九次会议决议公告,董事会决议公告,2025-01-21,https://data.eastmoney.com/notices/detail/688516/AN202501201642370115.html
603353,和顺石油,和顺石油:湖南和顺石油股份有限公司2025年第一次临时股东大会会议资料,股东大会资料,2025-01-21,https://data.eastmoney.com/notices/detail/603353/AN202501201642370092.html
603353,和顺石油,和顺石油:和顺石油关于召开2025年第一次临时股东大会的通知,召开股东大会通知,2025-01-21,https://data.eastmoney.com/notices/detail/603353/AN202501201642370091.html
603353,和顺石油,和顺石油:和顺石油2024年三季度利润分配方案的公告,分配预案,2025-01-21,https://data.eastmoney.com/notices/detail/603353/AN202501201642370090.html
603353,和顺石油,和顺石油:和顺石油第四届监事会第二次会议决议公告,监事会决议公告,2025-01-21,https://data.eastmoney.com/notices/detail/603353/AN202501201642370089.html
603353,和顺石油,和顺石油:和顺石油第四届董事会第二次会议决议公告,分配预案,2025-01-21,https://data.eastmoney.com/notices/detail/603353/AN202501201642370093.html
300839,博汇股份,博汇股份:舆情管理制度,管理办法/制度,2025-01-21,https://data.eastmoney.com/notices/detail/300839/AN202501201642370106.html
300839,博汇股份,博汇股份:第四届董事会第十八次会议决议公告,高管人员任职变动,2025-01-21,https://data.eastmoney.com/notices/detail/300839/AN202501201642370105.html
300839,博汇股份,博汇股份:2024年度业绩预告,业绩预告,2025-01-21,https://data.eastmoney.com/notices/detail/300839/AN202501201642370104.html
301335,天元宠物,天元宠物:关于签订募集资金三方监管协议的公告,签订协议,2025-01-21,https://data.eastmoney.com/notices/detail/301335/AN202501201642370083.html
300812,易天股份,易天股份:2024年度业绩预告,业绩预告,2025-01-21,https://data.eastmoney.com/notices/detail/300812/AN202501201642370086.html
002202,金风科技,金风科技:关于为全资子公司金风新能提供担保的公告,提供/对外担保公告,2025-01-21,https://data.eastmoney.com/notices/detail/002202/AN202501201642370087.html
002190,成飞集成,成飞集成:2024年度业绩预告,业绩预告,2025-01-21,https://data.eastmoney.com/notices/detail/002190/AN202501201642370088.html
688395,正弦电气,正弦电气:第五届监事会第六次会议决议公告,监事会决议公告,2025-01-21,https://data.eastmoney.com/notices/detail/688395/AN202501201642370045.html
688395,正弦电气,正弦电气:关于补充确认使用部分闲置募集资金进行现金管理的公告,投资理财,2025-01-21,https://data.eastmoney.com/notices/detail/688395/AN202501201642370044.html
688395,正弦电气,正弦电气:国泰君安证券股份有限公司关于深圳市正弦电气股份有限公司补充确认使用部分闲置募集资金进行现金管理的核查意见,保荐/核查意见,2025-01-21,https://data.eastmoney.com/notices/detail/688395/AN202501201642370043.html
603153,上海建科,上海建科:上海建科咨询集团股份有限公司2024年度业绩快报公告,业绩快报,2025-01-21,https://data.eastmoney.com/notices/detail/603153/AN202501201642370028.html
601336,新华保险,新华保险:新华保险2024年度业绩预增公告,业绩预告,2025-01-21,https://data.eastmoney.com/notices/detail/601336/AN202501201642370019.html
603858,步长制药,步长制药:山东步长制药股份有限公司2024年年度业绩预告,业绩预告,2025-01-21,https://data.eastmoney.com/notices/detail/603858/AN202501201642370020.html
603110,东方材料,东方材料:新东方新材料股份有限公司关于2024年年度业绩预告的公告,业绩预告,2025-01-21,https://data.eastmoney.com/notices/detail/603110/AN202501201642370018.html
603181,皇马科技,皇马科技:皇马科技2024年度业绩预增公告,业绩预告,2025-01-21,https://data.eastmoney.com/notices/detail/603181/AN202501201642369987.html
300412,迦南科技,迦南科技:2024年度业绩预告,业绩预告,2025-01-21,https://data.eastmoney.com/notices/detail/300412/AN202501201642369990.html
300306,远方信息,远方信息:2024年度业绩预告,业绩预告,2025-01-21,https://data.eastmoney.com/notices/detail/300306/AN202501201642369993.html
300142,沃森生物,沃森生物:2024年度业绩预告,业绩预告,2025-01-21,https://data.eastmoney.com/notices/detail/300142/AN202501201642369997.html
002685,华东重机,华东重机:2024年度业绩预告,业绩预告,2025-01-21,https://data.eastmoney.com/notices/detail/002685/AN202501201642370000.html
002440,闰土股份,闰土股份:2024年度业绩预告,业绩预告,2025-01-21,https://data.eastmoney.com/notices/detail/002440/AN202501201642369991.html
002054,德美化工,德美化工:2024年度业绩预告,业绩预告,2025-01-21,https://data.eastmoney.com/notices/detail/002054/AN202501201642370005.html
000686,东北证券,东北证券:关于持股5%以上股东股份解除质押的公告,股份质押、冻结,2025-01-21,https://data.eastmoney.com/notices/detail/000686/AN202501201642369989.html
000510,新金路,新金路:2024年度业绩预告,业绩预告,2025-01-21,https://data.eastmoney.com/notices/detail/000510/AN202501201642369998.html
000426,兴业银锡,兴业银锡:2024年年度业绩预告,业绩预告,2025-01-21,https://data.eastmoney.com/notices/detail/000426/AN202501201642369994.html
000039,中集集团,中集集团:中国国际海运集装箱(集团)股份有限公司关于董事辞任的公告,高管人员任职变动,2025-01-21,https://data.eastmoney.com/notices/detail/000039/AN202501201642370001.html
688610,埃科光电,埃科光电:关于开立募集资金现金管理产品专用结算账户的公告,投资理财,2025-01-21,https://data.eastmoney.com/notices/detail/688610/AN202501201642369984.html
600605,汇通能源,汇通能源:2024年年度业绩预告,业绩预告,2025-01-21,https://data.eastmoney.com/notices/detail/600605/AN202501201642369968.html
600605,汇通能源,汇通能源:关于控股股东质押部分股份的公告,股份质押、冻结,2025-01-21,https://data.eastmoney.com/notices/detail/600605/AN202501201642369967.html
002946,新乳业,新乳业:2025年第一次临时股东大会决议公告,分配方案决议公告,2025-01-21,https://data.eastmoney.com/notices/detail/002946/AN202501201642369961.html
002135,东南网架,东南网架:浙江东南网架股份有限公司会计师事务所选聘制度(2025年1月),管理办法/制度,2025-01-21,https://data.eastmoney.com/notices/detail/002135/AN202501201642369963.html
002135,东南网架,东南网架:开源证券股份有限公司关于浙江东南网架股份有限公司2025年度使用闲置自有资金购买理财产品的核查意见,保荐/核查意见,2025-01-21,https://data.eastmoney.com/notices/detail/002135/AN202501201642369957.html
002135,东南网架,东南网架:关于2025年度使用闲置自有资金购买理财产品的公告,投资理财,2025-01-21,https://data.eastmoney.com/notices/detail/002135/AN202501201642369960.html
002135,东南网架,东南网架:关于公司2025年度对外担保额度预计的公告,担保年度额度预计,2025-01-21,https://data.eastmoney.com/notices/detail/002135/AN202501201642369959.html
002135,东南网架,东南网架:第八届监事会第十四次会议决议公告,监事会决议公告,2025-01-21,https://data.eastmoney.com/notices/detail/002135/AN202501201642369962.html
002135,东南网架,东南网架:第八届董事会第十九次会议决议公告,董事会决议公告,2025-01-21,https://data.eastmoney.com/notices/detail/002135/AN202501201642369958.html
002135,东南网架,东南网架:关于召开2025年第一次临时股东大会的通知,召开股东大会通知,2025-01-21,https://data.eastmoney.com/notices/detail/002135/AN202501201642369964.html
601727,上海电气,上海电气:上海电气关于土地收储的进展公告,其他,2025-01-21,https://data.eastmoney.com/notices/detail/601727/AN202501201642369816.html
601727,上海电气,上海电气:上海电气2024年度业绩预增公告,业绩预告,2025-01-21,https://data.eastmoney.com/notices/detail/601727/AN202501201642369819.html
688629,华丰科技,华丰科技:2024年年度业绩预告,业绩预告,2025-01-21,https://data.eastmoney.com/notices/detail/688629/AN202501201642369818.html
601919,中远海控,中远海控:中远海控H股公告:翌日披露报表,其他,2025-01-21,https://data.eastmoney.com/notices/detail/601919/AN202501201642369817.html
002946,新乳业,新乳业:北京金杜(成都)律师事务所关于新希望乳业股份有限公司2025年第一次临时股东大会之法律意见书,法律意见书,2025-01-21,https://data.eastmoney.com/notices/detail/002946/AN202501201642369847.html
603685,晨丰科技,晨丰科技:天健会计师事务所(特殊普通合伙)关于浙江晨丰科技股份有限公司向特定对象发行股票的审核中心意见落实函有关财务事项的说明,其他,2025-01-21,https://data.eastmoney.com/notices/detail/603685/AN202501201642369787.html
603685,晨丰科技,晨丰科技:关于浙江晨丰科技股份有限公司向特定对象发行股票的审核中心意见落实函的回复,其他,2025-01-21,https://data.eastmoney.com/notices/detail/603685/AN202501201642369786.html
300102,乾照光电,乾照光电:关于变更签字注册会计师与项目质量复核人的公告,公司关联方基本资料变更,2025-01-21,https://data.eastmoney.com/notices/detail/300102/AN202501201642369793.html
600830,香溢融通,香溢融通:香溢融通控股集团股份有限公司2024年度业绩预增公告,业绩预告,2025-01-21,https://data.eastmoney.com/notices/detail/600830/AN202501201642369771.html
600755,厦门国贸,厦门国贸:厦门国贸集团股份有限公司2025年第一次临时股东大会决议公告,股东大会决议公告,2025-01-21,https://data.eastmoney.com/notices/detail/600755/AN202501201642369767.html
600755,厦门国贸,厦门国贸:关于厦门国贸集团股份有限公司2025年第一次临时股东大会的法律意见书,法律意见书,2025-01-21,https://data.eastmoney.com/notices/detail/600755/AN202501201642369766.html
688383,新益昌,新益昌:深圳新益昌科技股份有限公司关于控股股东及其一致行动人权益变动触及1%的提示性公告,权益变动报告书,2025-01-21,https://data.eastmoney.com/notices/detail/688383/AN202501201642369646.html
603345,安井食品,安井食品:安井食品关于向香港联交所递交H股发行上市的申请并刊发申请资料的公告,其他,2025-01-21,https://data.eastmoney.com/notices/detail/603345/AN202501201642369645.html
300102,乾照光电,乾照光电:2024年度业绩预告,业绩预告,2025-01-21,https://data.eastmoney.com/notices/detail/300102/AN202501201642369764.html
301180,万祥科技,万祥科技:东吴证券股份有限公司关于苏州万祥科技股份有限公司变更部分募集资金投资项目的核查意见,保荐/核查意见,2025-01-21,https://data.eastmoney.com/notices/detail/301180/AN202501201642369619.html
301180,万祥科技,万祥科技:消费电子精密零组件智能化改造及扩能项目可行性研究报告,其他,2025-01-21,https://data.eastmoney.com/notices/detail/301180/AN202501201642369620.html
301180,万祥科技,万祥科技:第二届监事会第十三次会议决议公告,监事会决议公告,2025-01-21,https://data.eastmoney.com/notices/detail/301180/AN202501201642369606.html
301180,万祥科技,万祥科技:第二届董事会第十四次会议决议公告,董事会决议公告,2025-01-21,https://data.eastmoney.com/notices/detail/301180/AN202501201642369601.html
301180,万祥科技,万祥科技:第二届董事会独立董事2025年第一次会议决议公告,董事会决议公告,2025-01-21,https://data.eastmoney.com/notices/detail/301180/AN202501201642369597.html
301180,万祥科技,万祥科技:关于调整部分募投项目投资总额及变更部分募集资金投资项目的公告,变更募集资金投资项目,2025-01-21,https://data.eastmoney.com/notices/detail/301180/AN202501201642369616.html
300925,法本信息,法本信息:关于深圳市法本信息技术股份有限公司2025年第一次临时股东大会的法律意见书,法律意见书,2025-01-21,https://data.eastmoney.com/notices/detail/300925/AN202501201642369611.html
300925,法本信息,法本信息:2025年第一次临时股东大会决议公告,股东大会决议公告,2025-01-21,https://data.eastmoney.com/notices/detail/300925/AN202501201642369614.html
002745,木林森,木林森:上海市锦天城(深圳)律师事务所关于木林森股份有限公司2025年第一次临时股东大会的法律意见书,法律意见书,2025-01-21,https://data.eastmoney.com/notices/detail/002745/AN202501201642369596.html
002745,木林森,木林森:2025年第一次临时股东大会决议公告,股东大会决议公告,2025-01-21,https://data.eastmoney.com/notices/detail/002745/AN202501201642369609.html
002402,和而泰,和而泰:北京君合(杭州)律师事务所关于和而泰2025年第一次临时股东大会之法律意见书,法律意见书,2025-01-21,https://data.eastmoney.com/notices/detail/002402/AN202501201642369605.html
002402,和而泰,和而泰:关于回购注销部分限制性股票减资暨通知债权人的公告,公司注册资本变更,2025-01-21,https://data.eastmoney.com/notices/detail/002402/AN202501201642369604.html
002402,和而泰,和而泰:2025年第一次临时股东大会决议公告,股东大会决议公告,2025-01-21,https://data.eastmoney.com/notices/detail/002402/AN202501201642369608.html
002024,ST易购,ST易购:关于股东被申请重整的提示性公告,其他,2025-01-21,https://data.eastmoney.com/notices/detail/002024/AN202501201642369621.html
002024,ST易购,ST易购:2024年度业绩预告,业绩预告,2025-01-21,https://data.eastmoney.com/notices/detail/002024/AN202501201642369612.html
000797,中国武夷,中国武夷:关于签署刚果(布)蒙哥1200kta钾肥项目协议书的公告,签订协议,2025-01-21,https://data.eastmoney.com/notices/detail/000797/AN202501201642369615.html
000545,金浦钛业,金浦钛业:关于变更第八届董事会审计委员会委员的公告,高管人员任职变动,2025-01-21,https://data.eastmoney.com/notices/detail/000545/AN202501201642369603.html
000545,金浦钛业,金浦钛业:关于委托装修调减费用暨关联交易的公告,委托（受托）事项,2025-01-21,https://data.eastmoney.com/notices/detail/000545/AN202501201642369599.html
000545,金浦钛业,金浦钛业:2025-003关于收购控股子公司少数股东股权的公告,收购出售资产/股权,2025-01-21,https://data.eastmoney.com/notices/detail/000545/AN202501201642369617.html
000545,金浦钛业,金浦钛业:第八届董事会第三十五次会议决议公告,高管人员任职变动,2025-01-21,https://data.eastmoney.com/notices/detail/000545/AN202501201642369610.html
000526,学大教育,学大教育:关于股东股份质押的公告,股份质押、冻结,2025-01-21,https://data.eastmoney.com/notices/detail/000526/AN202501201642369613.html
688521,芯原股份,芯原股份:监事会关于2020年限制性股票激励计划首次授予部分第三个归属期及预留授予部分第二批次第二个归属期归属名单的核查意见,专项说明/独立意见,2025-01-21,https://data.eastmoney.com/notices/detail/688521/AN202501201642369585.html
688521,芯原股份,芯原股份:2024年年度业绩预告公告,业绩预告,2025-01-21,https://data.eastmoney.com/notices/detail/688521/AN202501201642369582.html
688521,芯原股份,芯原股份:2020年限制性股票激励计划首次授予部分第三个归属期及预留授予第二批次第二个归属期归属条件成就的公告,股权激励进展公告,2025-01-21,https://data.eastmoney.com/notices/detail/688521/AN202501201642369578.html
688521,芯原股份,芯原股份:第二届监事会第十八次会议决议公告,监事会决议公告,2025-01-21,https://data.eastmoney.com/notices/detail/688521/AN202501201642369583.html
688521,芯原股份,芯原股份:独立董事关于公司第二届董事会第二十次会议审议的相关事项的独立意见,专项说明/独立意见,2025-01-21,https://data.eastmoney.com/notices/detail/688521/AN202501201642369579.html
688521,芯原股份,芯原股份:上海市方达(北京)律师事务所关于公司2020年限制性股票激励计划部分限制性股票归属条件成就及2020年、2022年限制性股票激励计划部分限制性股票作废相关事项的法律意见书,法律意见书,2025-01-21,https://data.eastmoney.com/notices/detail/688521/AN202501201642369580.html
688521,芯原股份,芯原股份:第二届董事会第二十次会议决议公告,董事会决议公告,2025-01-21,https://data.eastmoney.com/notices/detail/688521/AN202501201642369581.html
688521,芯原股份,芯原股份:关于作废处理部分限制性股票的公告,其他,2025-01-21,https://data.eastmoney.com/notices/detail/688521/AN202501201642369584.html
601866,中远海发,中远海发:H股公告:翌日披露报表,其他,2025-01-21,https://data.eastmoney.com/notices/detail/601866/AN202501201642369558.html
605166,聚合顺,聚合顺:杭州聚合顺新材料股份有限公司关于“合顺转债”开始转股的公告,其他,2025-01-21,https://data.eastmoney.com/notices/detail/605166/AN202501201642369555.html
688048,长光华芯,长光华芯:关于召开2025年第一次临时股东大会的通知,召开股东大会通知,2025-01-21,https://data.eastmoney.com/notices/detail/688048/AN202501201642369552.html
688048,长光华芯,长光华芯:关于募投项目结项并将节余募集资金永久补充流动资金的公告,募集资金补充流动资金,2025-01-21,https://data.eastmoney.com/notices/detail/688048/AN202501201642369551.html
688048,长光华芯,长光华芯:关于增加暂时闲置自有资金现金管理额度的公告,其他,2025-01-21,https://data.eastmoney.com/notices/detail/688048/AN202501201642369549.html
688048,长光华芯,长光华芯:2025年第一次临时股东大会会议资料,股东大会资料,2025-01-21,https://data.eastmoney.com/notices/detail/688048/AN202501201642369550.html
688048,长光华芯,长光华芯:第二届监事会第十一次会议决议公告,监事会决议公告,2025-01-21,https://data.eastmoney.com/notices/detail/688048/AN202501201642369553.html
600156,华升股份,华升股份:华升股份2025年第一次临时股东大会法律意见书,法律意见书,2025-01-21,https://data.eastmoney.com/notices/detail/600156/AN202501201642369481.html
600156,华升股份,华升股份:华升股份第九届董事会第十三次会议决议公告,高管人员任职变动,2025-01-21,https://data.eastmoney.com/notices/detail/600156/AN202501201642369482.html
600156,华升股份,华升股份:华升股份2025年第一次临时股东大会决议公告,股东大会决议公告,2025-01-21,https://data.eastmoney.com/notices/detail/600156/AN202501201642369480.html
600156,华升股份,华升股份:华升股份关于控股子公司部分资产整体公开招租的公告,其他,2025-01-21,https://data.eastmoney.com/notices/detail/600156/AN202501201642369483.html
688235,百济神州,百济神州:港股公告:董事名单及其角色与职能,其他,2025-01-21,https://data.eastmoney.com/notices/detail/688235/AN202501201642369323.html
301577,美信科技,美信科技:国金证券股份有限公司关于广东美信科技股份有限公司部分首次公开发行前已发行股份上市流通的核查意见,保荐/核查意见,2025-01-21,https://data.eastmoney.com/notices/detail/301577/AN202501201642369343.html
301577,美信科技,美信科技:部分首次公开发行前已发行股份上市流通提示性公告,限售股份上市流通,2025-01-21,https://data.eastmoney.com/notices/detail/301577/AN202501201642369339.html
300567,精测电子,精测电子:武汉精测电子集团股份有限公司关于收购参股公司股权的进展公告,收购出售资产/股权,2025-01-21,https://data.eastmoney.com/notices/detail/300567/AN202501201642369338.html
300465,高伟达,高伟达:关于使用自有闲置资金进行现金管理的公告,投资理财,2025-01-21,https://data.eastmoney.com/notices/detail/300465/AN202501201642369467.html
300435,中泰股份,中泰股份:中泰股份2024年度业绩预告,业绩预告,2025-01-21,https://data.eastmoney.com/notices/detail/300435/AN202501201642369347.html
003029,吉大正元,吉大正元:关于召开2025年第一次临时股东大会的提示性公告,召开股东大会提示性公告,2025-01-21,https://data.eastmoney.com/notices/detail/003029/AN202501201642369470.html
002445,中南文化,中南文化:北京植德律师事务所关于中南红文化集团股份有限公司2025年第一次临时股东大会法律意见书,法律意见书,2025-01-21,https://data.eastmoney.com/notices/detail/002445/AN202501201642369463.html
002445,中南文化,中南文化:第六届监事会第十二次会议决议公告,高管人员任职变动,2025-01-21,https://data.eastmoney.com/notices/detail/002445/AN202501201642369355.html
002445,中南文化,中南文化:2025年第一次临时股东大会决议公告,股东大会决议公告,2025-01-21,https://data.eastmoney.com/notices/detail/002445/AN202501201642369340.html
002405,四维图新,四维图新:关于获得发明专利证书的公告,获得认证,2025-01-21,https://data.eastmoney.com/notices/detail/002405/AN202501201642369337.html
002405,四维图新,四维图新:2024年度业绩预告,业绩预告,2025-01-21,https://data.eastmoney.com/notices/detail/002405/AN202501201642369457.html
002139,拓邦股份,拓邦股份:北京市中伦(深圳)律师事务所关于深圳拓邦股份有限公司2025年第一次临时股东大会的法律意见书,法律意见书,2025-01-21,https://data.eastmoney.com/notices/detail/002139/AN202501201642369342.html
002139,拓邦股份,拓邦股份:2025年第一次临时股东大会决议公告,股东大会决议公告,2025-01-21,https://data.eastmoney.com/notices/detail/002139/AN202501201642369346.html
002110,三钢闽光,三钢闽光:2025年第一次临时股东大会法律意见书,法律意见书,2025-01-21,https://data.eastmoney.com/notices/detail/002110/AN202501201642369459.html
002110,三钢闽光,三钢闽光:2025年第一次临时股东大会决议公告,股东大会决议公告,2025-01-21,https://data.eastmoney.com/notices/detail/002110/AN202501201642369336.html
002060,广东建工,广东建工:关于2024年第四季度工程项目经营情况的公告,月度经营情况,2025-01-21,https://data.eastmoney.com/notices/detail/002060/AN202501201642369465.html
002060,广东建工,广东建工:关于签订漳州超级城市综合体酒店项目施工总承包合同的公告,重大合同,2025-01-21,https://data.eastmoney.com/notices/detail/002060/AN202501201642369351.html
001979,招商蛇口,招商蛇口:关于子公司为南通招润提供担保的公告,提供/对外担保公告,2025-01-21,https://data.eastmoney.com/notices/detail/001979/AN202501201642369473.html
001208,华菱线缆,华菱线缆:国浩律师(长沙)事务所关于湖南华菱线缆股份有限公司2025年第一次临时股东大会之法律意见书,法律意见书,2025-01-21,https://data.eastmoney.com/notices/detail/001208/AN202501201642369472.html
001208,华菱线缆,华菱线缆:湖南华菱线缆股份有限公司2025年第一次临时股东大会决议公告,股东大会决议公告,2025-01-21,https://data.eastmoney.com/notices/detail/001208/AN202501201642369350.html
600004,白云机场,白云机场:广州白云国际机场股份有限公司关于2024年度业绩预告的公告,业绩预告,2025-01-21,https://data.eastmoney.com/notices/detail/600004/AN202501201642369326.html
688126,沪硅产业,沪硅产业:沪硅产业关于董事、高级管理人员增持公司股份计划的公告,股东/实际控制人股份增持,2025-01-21,https://data.eastmoney.com/notices/detail/688126/AN202501201642369314.html
300659,中孚信息,中孚信息:中孚信息关于2022年员工持股计划存续期即将届满的提示性公告,员工持股计划,2025-01-21,https://data.eastmoney.com/notices/detail/300659/AN202501201642369304.html
300659,中孚信息,中孚信息:中孚信息关于公司办公地址变更的公告,公司办公地址变更,2025-01-21,https://data.eastmoney.com/notices/detail/300659/AN202501201642369290.html
003005,竞业达,竞业达:国金证券关于北京竞业达数码科技股份有限公司增加自有资金现金管理额度的核查意见,保荐/核查意见,2025-01-21,https://data.eastmoney.com/notices/detail/003005/AN202501201642369289.html
003005,竞业达,竞业达:关于增加闲置自有资金现金管理额度的公告,投资理财,2025-01-21,https://data.eastmoney.com/notices/detail/003005/AN202501201642369296.html
003005,竞业达,竞业达:第三届董事会第十三次会议决议公告,董事会决议公告,2025-01-21,https://data.eastmoney.com/notices/detail/003005/AN202501201642369277.html
000970,中科三环,中科三环:中科三环2024年度业绩预告,业绩预告,2025-01-21,https://data.eastmoney.com/notices/detail/000970/AN202501201642369276.html
000919,金陵药业,金陵药业:中信证券股份有限公司关于金陵药业股份有限公司2025年度日常关联交易预计情况的核查意见,保荐/核查意见,2025-01-21,https://data.eastmoney.com/notices/detail/000919/AN202501201642369279.html
000919,金陵药业,金陵药业:中信证券股份有限公司关于金陵药业股份有限公司及子公司使用闲置自有资金进行委托理财及闲置募集资金进行现金管理核查意见,保荐/核查意见,2025-01-21,https://data.eastmoney.com/notices/detail/000919/AN202501201642369293.html
000919,金陵药业,金陵药业:金陵药业股份有限公司2025年第一次独立董事专门会议的审查意见,专项说明/独立意见,2025-01-21,https://data.eastmoney.com/notices/detail/000919/AN202501201642369295.html
000919,金陵药业,金陵药业:金陵药业股份有限公司监事会关于公司及子公司使用闲置自有资金进行委托理财及募集资金进行现金管理的审核意见,专项说明/独立意见,2025-01-21,https://data.eastmoney.com/notices/detail/000919/AN202501201642369281.html
000919,金陵药业,金陵药业:金陵药业股份有限公司关于2025年度日常关联交易预计情况的公告,关联交易,2025-01-21,https://data.eastmoney.com/notices/detail/000919/AN202501201642369283.html
000919,金陵药业,金陵药业:金陵药业股份有限公司第九届监事会第十五次会议决议公告,监事会决议公告,2025-01-21,https://data.eastmoney.com/notices/detail/000919/AN202501201642369278.html
000919,金陵药业,金陵药业:金陵药业股份有限公司关于南京新工医疗产业投资基金合伙企业(有限合伙)拟清算注销暨关联交易的公告,关联交易,2025-01-21,https://data.eastmoney.com/notices/detail/000919/AN202501201642369306.html
000919,金陵药业,金陵药业:金陵药业股份有限公司关于公司及子公司使用闲置自有资金进行委托理财及闲置募集资金进行现金管理的公告,委托（受托）事项,2025-01-21,https://data.eastmoney.com/notices/detail/000919/AN202501201642369285.html
000919,金陵药业,金陵药业:金陵药业股份有限公司关于公司及子公司使用闲置自有资金购买理财产品进展的公告,投资理财,2025-01-21,https://data.eastmoney.com/notices/detail/000919/AN202501201642369299.html
000919,金陵药业,金陵药业:金陵药业股份有限公司第九届董事会第十五次会议决议公告,董事会决议公告,2025-01-21,https://data.eastmoney.com/notices/detail/000919/AN202501201642369287.html
000919,金陵药业,金陵药业:金陵药业股份有限公司关于召开2025年第一次临时股东大会的通知,召开股东大会通知,2025-01-21,https://data.eastmoney.com/notices/detail/000919/AN202501201642369282.html
000756,新华制药,新华制药:关于获得《药品补充申请批准通知书》等相关情况的公告,其他,2025-01-21,https://data.eastmoney.com/notices/detail/000756/AN202501201642369284.html
000592,平潭发展,平潭发展:2024年度业绩预告,业绩预告,2025-01-21,https://data.eastmoney.com/notices/detail/000592/AN202501201642369280.html
000422,湖北宜化,湖北宜化:湖北宜化化工股份有限公司章程(2025年1月),公司章程,2025-01-21,https://data.eastmoney.com/notices/detail/000422/AN202501201642369288.html
000422,湖北宜化,湖北宜化:2025年第一次独立董事专门会议决议,其他,2025-01-21,https://data.eastmoney.com/notices/detail/000422/AN202501201642369303.html
000422,湖北宜化,湖北宜化:湖北宜化化工股份有限公司监事会关于回购注销2024年限制性股票激励计划部分限制性股票的核查意见,专项说明/独立意见,2025-01-21,https://data.eastmoney.com/notices/detail/000422/AN202501201642369302.html
000422,湖北宜化,湖北宜化:上海荣正企业咨询服务(集团)股份有限公司关于湖北宜化化工股份有限公司2024年限制性股票激励计划回购注销部分限制性股票相关事项之独立财务顾问报告,保荐/核查意见,2025-01-21,https://data.eastmoney.com/notices/detail/000422/AN202501201642369297.html
000422,湖北宜化,湖北宜化:北京德恒律师事务所关于湖北宜化化工股份有限公司2024年限制性股票激励计划回购注销部分限制性股票的法律意见,法律意见书,2025-01-21,https://data.eastmoney.com/notices/detail/000422/AN202501201642369292.html
000422,湖北宜化,湖北宜化:关于变更注册资本及修订《公司章程》的公告,公司章程修订,2025-01-21,https://data.eastmoney.com/notices/detail/000422/AN202501201642369298.html
000422,湖北宜化,湖北宜化:关于董事会、监事会延期换届的提示性公告,高管人员任职变动,2025-01-21,https://data.eastmoney.com/notices/detail/000422/AN202501201642369291.html
000422,湖北宜化,湖北宜化:关于2025年度日常关联交易预计的公告,关联交易,2025-01-21,https://data.eastmoney.com/notices/detail/000422/AN202501201642369301.html
000422,湖北宜化,湖北宜化:第十届监事会第三十一次会议决议公告,监事会决议公告,2025-01-21,https://data.eastmoney.com/notices/detail/000422/AN202501201642369294.html
000422,湖北宜化,湖北宜化:关于召开2025年第一次临时股东会的通知,召开股东大会通知,2025-01-21,https://data.eastmoney.com/notices/detail/000422/AN202501201642369274.html
000422,湖北宜化,湖北宜化:第十届董事会第四十四次会议决议公告,董事会决议公告,2025-01-21,https://data.eastmoney.com/notices/detail/000422/AN202501201642369300.html
000422,湖北宜化,湖北宜化:关于回购注销2024年限制性股票激励计划部分限制性股票的公告,回购进展情况,2025-01-21,https://data.eastmoney.com/notices/detail/000422/AN202501201642369305.html
000006,深振业A,深振业Ａ:2024年度业绩预告,业绩预告,2025-01-21,https://data.eastmoney.com/notices/detail/000006/AN202501201642369275.html
688428,诺诚健华,诺诚健华:诺诚健华医药有限公司关于子公司与Prolium签订CD20×CD3双特异性抗体(ICP-B02/CM355)许可协议的公告,其他,2025-01-21,https://data.eastmoney.com/notices/detail/688428/AN202501201642369264.html
600722,金牛化工,金牛化工:金牛化工2024年年度业绩预增公告,业绩预告,2025-01-21,https://data.eastmoney.com/notices/detail/600722/AN202501201642369046.html
688223,晶科能源,晶科能源:晶科能源关于不向下修正“晶能转债”转股价格的公告,其他,2025-01-21,https://data.eastmoney.com/notices/detail/688223/AN202501201642368999.html
688184,ST帕瓦,帕瓦股份:浙江帕瓦新能源股份有限公司关于副总经理、董事会秘书辞职的公告,高管人员任职变动,2025-01-21,https://data.eastmoney.com/notices/detail/688184/AN202501201642368995.html
688184,ST帕瓦,帕瓦股份:浙江帕瓦新能源股份有限公司关于稳定股价措施暨第四期以集中竞价交易方式回购股份的回购报告书,回购报告书,2025-01-21,https://data.eastmoney.com/notices/detail/688184/AN202501201642368996.html
002842,翔鹭钨业,翔鹭钨业:广东翔鹭钨业股份有限公司2024年度业绩预告,业绩预告,2025-01-21,https://data.eastmoney.com/notices/detail/002842/AN202501201642369004.html
002549,凯美特气,凯美特气:2024年度业绩预告,业绩预告,2025-01-21,https://data.eastmoney.com/notices/detail/002549/AN202501201642369006.html
002364,中恒电气,中恒电气:2024年度业绩预告,业绩预告,2025-01-21,https://data.eastmoney.com/notices/detail/002364/AN202501201642369008.html
001322,箭牌家居,箭牌家居:关于以集中竞价交易方式首次回购公司股份的公告,回购实施公告,2025-01-21,https://data.eastmoney.com/notices/detail/001322/AN202501201642369005.html
688308,欧科亿,欧科亿:2024年年度业绩预告,业绩预告,2025-01-21,https://data.eastmoney.com/notices/detail/688308/AN202501201642368981.html
600200,退市苏吴,江苏吴中:江苏吴中医药发展股份有限公司2024年度业绩预盈公告,业绩预告,2025-01-21,https://data.eastmoney.com/notices/detail/600200/AN202501201642368977.html
001269,欧晶科技,欧晶科技:2024年度业绩预告,业绩预告,2025-01-21,https://data.eastmoney.com/notices/detail/001269/AN202501201642368968.html
603612,索通发展,索通发展:索通发展股份有限公司2024年年度业绩预告,业绩预告,2025-01-21,https://data.eastmoney.com/notices/detail/603612/AN202501201642368962.html
600929,雪天盐业,雪天盐业:关于2021年限制性股票激励计划预留授予部分限制性股票第二个解除限售期解除限售暨上市流通的提示性公告,限售股份上市流通,2025-01-21,https://data.eastmoney.com/notices/detail/600929/AN202501201642368959.html
605339,南侨食品,南侨食品:申万宏源证券承销保荐有限责任公司关于南侨食品集团(上海)股份有限公司使用部分闲置募集资金进行现金管理的核查意见,保荐/核查意见,2025-01-21,https://data.eastmoney.com/notices/detail/605339/AN202501201642368753.html
605339,南侨食品,南侨食品:南侨食品集团(上海)股份有限公司关于使用闲置募集资金现金管理到期并继续进行现金管理的公告,投资理财,2025-01-21,https://data.eastmoney.com/notices/detail/605339/AN202501201642368752.html
605339,南侨食品,南侨食品:南侨食品集团(上海)股份有限公司关于使用部分闲置募集资金进行现金管理的公告,投资理财,2025-01-21,https://data.eastmoney.com/notices/detail/605339/AN202501201642368756.html
688458,美芯晟,美芯晟:关于以集中竞价交易方式首次回购公司股份的公告,回购实施公告,2025-01-21,https://data.eastmoney.com/notices/detail/688458/AN202501201642368754.html
688280,精进电动,精进电动:精进电动科技股份有限公司关于实际控制人、董事长、总经理增持公司股份计划实施完毕暨增持结果的公告,股东/实际控制人股份增持,2025-01-21,https://data.eastmoney.com/notices/detail/688280/AN202501201642368958.html
605339,南侨食品,南侨食品:南侨食品集团(上海)股份有限公司2024年12月归属于母公司股东的净利润简报,月度经营情况,2025-01-21,https://data.eastmoney.com/notices/detail/605339/AN202501201642368751.html
605339,南侨食品,南侨食品:南侨食品集团(上海)股份有限公司第三届监事会第十一次会议决议公告,监事会决议公告,2025-01-21,https://data.eastmoney.com/notices/detail/605339/AN202501201642368957.html
600811,*ST东方,东方集团:东方集团关于涉及诉讼的公告,诉讼仲裁,2025-01-21,https://data.eastmoney.com/notices/detail/600811/AN202501201642368755.html
002513,蓝丰生化,蓝丰生化:2024年度业绩预告,业绩预告,2025-01-21,https://data.eastmoney.com/notices/detail/002513/AN202501201642368747.html
600188,兖矿能源,兖矿能源:兖矿能源集团股份有限公司2024年第四季度主要运营数据公告,月度经营情况,2025-01-21,https://data.eastmoney.com/notices/detail/600188/AN202501201642368711.html
688575,亚辉龙,亚辉龙:上海荣正企业咨询服务(集团)股份有限公司关于深圳市亚辉龙生物科技股份有限公司2022年限制性股票激励计划授予价格调整及预留部分(第二批次)第二个归属期归属条件成就之独立财务顾问报告,保荐/核查意见,2025-01-21,https://data.eastmoney.com/notices/detail/688575/AN202501201642368731.html
688575,亚辉龙,亚辉龙:第四届董事会第二次会议决议公告,董事会决议公告,2025-01-21,https://data.eastmoney.com/notices/detail/688575/AN202501201642368734.html
688575,亚辉龙,亚辉龙:监事会关于公司2022年限制性股票激励计划预留部分(第二批次)第二个归属期归属名单的核查意见,专项说明/独立意见,2025-01-21,https://data.eastmoney.com/notices/detail/688575/AN202501201642368732.html
688575,亚辉龙,亚辉龙:关于2022年限制性股票激励计划预留部分(第二批次)第二个归属期归属条件成就的公告,股权激励进展公告,2025-01-21,https://data.eastmoney.com/notices/detail/688575/AN202501201642368727.html
688575,亚辉龙,亚辉龙:北京市君合(深圳)律师事务所关于深圳市亚辉龙生物科技股份有限公司2022年限制性股票激励计划预留授予部分(第二批次)第二个归属期归属条件成就、授予价格调整及部分限制性股票作废事项的法律意见书,法律意见书,2025-01-21,https://data.eastmoney.com/notices/detail/688575/AN202501201642368726.html
688575,亚辉龙,亚辉龙:关于调整2022年限制性股票激励计划授予价格的公告,股权激励行权价（数量）调整,2025-01-21,https://data.eastmoney.com/notices/detail/688575/AN202501201642368729.html
688575,亚辉龙,亚辉龙:关于作废部分已授予尚未归属的限制性股票的公告,股权激励进展公告,2025-01-21,https://data.eastmoney.com/notices/detail/688575/AN202501201642368730.html
688575,亚辉龙,亚辉龙:第四届监事会第二次会议决议公告,监事会决议公告,2025-01-21,https://data.eastmoney.com/notices/detail/688575/AN202501201642368733.html
688575,亚辉龙,亚辉龙:关于开展外汇套期保值业务的公告,其他,2025-01-21,https://data.eastmoney.com/notices/detail/688575/AN202501201642368728.html
600188,兖矿能源,兖矿能源:兖矿能源集团股份有限公司境外控股子公司发布2024年第四季度产量销量,月度经营情况,2025-01-21,https://data.eastmoney.com/notices/detail/600188/AN202501201642368713.html
603856,东宏股份,东宏股份:华福证券有限责任公司关于山东东宏管业股份有限公司向特定对象发行股票发行过程和认购对象合规性的报告,保荐/核查意见,2025-01-21,https://data.eastmoney.com/notices/detail/603856/AN202501201642368719.html
603856,东宏股份,东宏股份:东宏股份关于向特定对象发行股票发行情况报告书披露的提示性公告,其他增发事项公告,2025-01-21,https://data.eastmoney.com/notices/detail/603856/AN202501201642368718.html
603856,东宏股份,东宏股份:山东东宏管业股份有限公司向特定对象发行股票发行情况报告书,其他增发事项公告,2025-01-21,https://data.eastmoney.com/notices/detail/603856/AN202501201642368715.html
603856,东宏股份,东宏股份:北京市天元律师事务所关于山东东宏管业股份有限公司向特定对象发行A股股票发行过程及认购对象合规性的法律意见,法律意见书,2025-01-21,https://data.eastmoney.com/notices/detail/603856/AN202501201642368716.html
603856,东宏股份,东宏股份:山东东宏管业股份有限公司验资报告,保荐/核查意见,2025-01-21,https://data.eastmoney.com/notices/detail/603856/AN202501201642368720.html
603856,东宏股份,东宏股份:东宏股份关于签订募集资金专户存储三方监管协议的公告,签订协议,2025-01-21,https://data.eastmoney.com/notices/detail/603856/AN202501201642368717.html
600666,奥瑞德,奥瑞德:奥瑞德2025年第一次临时股东会法律意见书,法律意见书,2025-01-21,https://data.eastmoney.com/notices/detail/600666/AN202501201642368710.html
600666,奥瑞德,奥瑞德:奥瑞德2025年第一次临时股东会决议公告,股东大会决议公告,2025-01-21,https://data.eastmoney.com/notices/detail/600666/AN202501201642368712.html
000059,华锦股份,华锦股份:2024年度业绩预告,业绩预告,2025-01-21,https://data.eastmoney.com/notices/detail/000059/AN202501201642368707.html
001230,劲旅环境,劲旅环境:关于对控股子公司提供担保的进展公告,提供/对外担保公告,2025-01-21,https://data.eastmoney.com/notices/detail/001230/AN202501201642368706.html
002513,蓝丰生化,蓝丰生化:关于2024年度计提资产减值准备的公告,其他,2025-01-21,https://data.eastmoney.com/notices/detail/002513/AN202501201642368704.html
001373,翔腾新材,翔腾新材:2024年度业绩预告,业绩预告,2025-01-21,https://data.eastmoney.com/notices/detail/001373/AN202501201642368708.html
600173,卧龙新能,卧龙地产:卧龙资源集团股份有限公司关于审计机构变更签字会计师的公告,审计机构变更,2025-01-21,https://data.eastmoney.com/notices/detail/600173/AN202501201642368694.html
603116,红蜻蜓,红蜻蜓:关于使用闲置募集资金进行委托理财的进展公告,委托（受托）事项,2025-01-21,https://data.eastmoney.com/notices/detail/603116/AN202501201642368693.html
600257,大湖股份,大湖股份:大湖水殖股份有限公司关于使用闲置自有资金进行现金管理的公告,投资理财,2025-01-21,https://data.eastmoney.com/notices/detail/600257/AN202501201642368687.html
600257,大湖股份,大湖股份:大湖水殖股份有限公司关于2025年度日常关联交易预计的公告,关联交易,2025-01-21,https://data.eastmoney.com/notices/detail/600257/AN202501201642368684.html
600257,大湖股份,大湖股份:大湖水殖股份有限公司关于召开2025年第一次临时股东会的通知,召开股东大会通知,2025-01-21,https://data.eastmoney.com/notices/detail/600257/AN202501201642368685.html
600257,大湖股份,大湖股份:大湖水殖股份有限公司关于2025年度为子公司提供担保额度预计的公告,担保年度额度预计,2025-01-21,https://data.eastmoney.com/notices/detail/600257/AN202501201642368683.html
600257,大湖股份,大湖股份:大湖水殖股份有限公司第九届董事会第十四次会议决议公告,董事会决议公告,2025-01-21,https://data.eastmoney.com/notices/detail/600257/AN202501201642368686.html
603082,北自科技,北自科技:20250120-关于《北自所(北京)科技发展股份有限公司股票交易异常波动问询函》的回函-间接控股股东总院(盖章版),回复问询函公告,2025-01-21,https://data.eastmoney.com/notices/detail/603082/AN202501201642368671.html
601838,成都银行,成都银行:成都银行股份有限公司关于实施“成银转债”赎回暨摘牌的第十七次提示性公告,其他,2025-01-21,https://data.eastmoney.com/notices/detail/601838/AN202501201642368668.html
603082,北自科技,北自科技:股票交易异常波动公告,股票交易异常波动,2025-01-21,https://data.eastmoney.com/notices/detail/603082/AN202501201642368669.html
603082,北自科技,北自科技:20250120-关于《北自所(北京)科技发展股份有限公司股票交易异常波动问询函》的回函-控股股东北自所(盖章版),回复问询函公告,2025-01-21,https://data.eastmoney.com/notices/detail/603082/AN202501201642368670.html
601077,渝农商行,渝农商行:重庆农村商业银行股份有限公司第五届监事会第二十九次会议决议公告,监事会决议公告,2025-01-21,https://data.eastmoney.com/notices/detail/601077/AN202501201642368665.html
600117,西宁特钢,西宁特钢:西宁特殊钢股份有限公司2025年第一次临时股东大会决议公告,股东大会决议公告,2025-01-21,https://data.eastmoney.com/notices/detail/600117/AN202501201642368664.html
600117,西宁特钢,西宁特钢:西宁特殊钢股份有限公司2025年1月20日第一次临时股东大会法律意见书,法律意见书,2025-01-21,https://data.eastmoney.com/notices/detail/600117/AN202501201642368663.html
605138,盛泰集团,盛泰集团:盛泰智造集团股份有限公司关于不向下修正“盛泰转债”转股价格公告,其他,2025-01-21,https://data.eastmoney.com/notices/detail/605138/AN202501201642368544.html
688290,景业智能,景业智能:景业智能2025年第一次临时股东大会决议公告,股东大会决议公告,2025-01-21,https://data.eastmoney.com/notices/detail/688290/AN202501201642368541.html
688290,景业智能,景业智能:国浩律师(杭州)事务所关于景业智能2025年第一次临时股东大会的法律意见书,法律意见书,2025-01-21,https://data.eastmoney.com/notices/detail/688290/AN202501201642368543.html
688326,经纬恒润,经纬恒润:关于以集中竞价交易方式首次回购公司股份的公告,回购实施公告,2025-01-21,https://data.eastmoney.com/notices/detail/688326/AN202501201642368542.html
600935,华塑股份,华塑股份:安徽华塑股份有限公司第五届董事会第二十四次会议决议公告,高管人员任职变动,2025-01-21,https://data.eastmoney.com/notices/detail/600935/AN202501201642368526.html
600935,华塑股份,华塑股份:安徽华塑股份有限公司第五届董事会独立董事专门会议2025年第一次会议审核意见,专项说明/独立意见,2025-01-21,https://data.eastmoney.com/notices/detail/600935/AN202501201642368530.html
600935,华塑股份,华塑股份:安徽华塑股份有限公司关于2025年度日常关联交易预计的公告,关联交易,2025-01-21,https://data.eastmoney.com/notices/detail/600935/AN202501201642368527.html
600935,华塑股份,华塑股份:安徽华塑股份有限公司关于召开2025年第一次临时股东大会的通知,召开股东大会通知,2025-01-21,https://data.eastmoney.com/notices/detail/600935/AN202501201642368528.html
600935,华塑股份,华塑股份:安徽华塑股份有限公司第五届监事会第二十一次会议决议公告,高管人员任职变动,2025-01-21,https://data.eastmoney.com/notices/detail/600935/AN202501201642368529.html
600935,华塑股份,华塑股份:安徽华塑股份有限公司关于更换非独立董事及补选非职工代表监事的公告,高管人员任职变动,2025-01-21,https://data.eastmoney.com/notices/detail/600935/AN202501201642368531.html
600325,华发股份,华发股份:华发股份2025年第二次临时股东大会文件,股东大会资料,2025-01-21,https://data.eastmoney.com/notices/detail/600325/AN202501201642368522.html
600664,哈药股份,哈药股份:哈药集团股份有限公司十届十一次董事会决议公告,高管人员任职变动,2025-01-21,https://data.eastmoney.com/notices/detail/600664/AN202501201642368523.html
600683,京投发展,京投发展:京投发展股份有限公司2025年第二次临时股东会(总第117次)会议资料,股东大会资料,2025-01-21,https://data.eastmoney.com/notices/detail/600683/AN202501201642368521.html
002810,山东赫达,山东赫达:关于不向下修正赫达转债转股价格的公告,其他,2025-01-21,https://data.eastmoney.com/notices/detail/002810/AN202501201642368509.html
002810,山东赫达,山东赫达:关于公司第九届董事会第二十次会议决议的公告,董事会决议公告,2025-01-21,https://data.eastmoney.com/notices/detail/002810/AN202501201642368507.html
001255,博菲电气,博菲电气:2024年年度业绩预告,业绩预告,2025-01-21,https://data.eastmoney.com/notices/detail/001255/AN202501201642368508.html
000826,*ST启环,启迪环境:2024年度业绩预告,业绩预告,2025-01-21,https://data.eastmoney.com/notices/detail/000826/AN202501201642368502.html
000571,新大洲A,新大洲A:2025年第二次临时股东大会法律意见书,法律意见书,2025-01-21,https://data.eastmoney.com/notices/detail/000571/AN202501201642368510.html
000571,新大洲A,新大洲A:2025年第二次临时股东大会决议公告,股东大会决议公告,2025-01-21,https://data.eastmoney.com/notices/detail/000571/AN202501201642368514.html
605020,永和股份,永和股份:浙江永和制冷股份有限公司关于公司2021年股票期权与限制性股票激励计划首次授予部分股票期权第三个行权期自主行权实施公告,股权激励进展公告,2025-01-21,https://data.eastmoney.com/notices/detail/605020/AN202501201642368496.html
600636,退市国化,国新文化:国新文化控股股份有限公司2024年年度业绩预亏公告,业绩预告,2025-01-21,https://data.eastmoney.com/notices/detail/600636/AN202501201642368484.html
600636,退市国化,国新文化:国新文化控股股份有限公司关于公司股票可能被实施退市风险警示的风险提示公告,其它风险提示公告,2025-01-21,https://data.eastmoney.com/notices/detail/600636/AN202501201642368483.html
600875,东方电气,东方电气:关于公司总会计师辞职的公告,高管人员任职变动,2025-01-21,https://data.eastmoney.com/notices/detail/600875/AN202501201642368467.html
600875,东方电气,东方电气:关于部分限制性股票回购注销实施的公告,回购实施公告,2025-01-21,https://data.eastmoney.com/notices/detail/600875/AN202501201642368468.html
688015,交控科技,交控科技:交控科技股份有限公司股东集中竞价减持股份结果暨权益变动触及1%的公告,权益变动报告书,2025-01-21,https://data.eastmoney.com/notices/detail/688015/AN202501201642368472.html
600236,桂冠电力,桂冠电力:广西桂冠电力股份有限公司2024年度业绩预增公告,业绩预告,2025-01-21,https://data.eastmoney.com/notices/detail/600236/AN202501201642368459.html
600236,桂冠电力,桂冠电力:广西桂冠电力股份有限公司2024年年度发电量完成情况公告,月度经营情况,2025-01-21,https://data.eastmoney.com/notices/detail/600236/AN202501201642368460.html
688235,百济神州,百济神州:百济神州有限公司关于全资子公司向关联方租赁房产暨关联交易及公司为全资子公司提供担保的公告,提供/对外担保公告,2025-01-21,https://data.eastmoney.com/notices/detail/688235/AN202501201642368346.html
688235,百济神州,百济神州:百济神州有限公司关于董事会提名及企业管治委员会成员变动的公告,高管人员任职变动,2025-01-21,https://data.eastmoney.com/notices/detail/688235/AN202501201642368347.html
600996,贵广网络,贵广网络:关于贵广转债到期兑付暨摘牌的第一次提示性公告,其他,2025-01-21,https://data.eastmoney.com/notices/detail/600996/AN202501201642368344.html
603320,迪贝电气,迪贝电气:2024年度业绩快报公告,业绩快报,2025-01-21,https://data.eastmoney.com/notices/detail/603320/AN202501201642368315.html
603162,海通发展,海通发展:福建海通发展股份有限公司2024年年度业绩预增公告,业绩预告,2025-01-21,https://data.eastmoney.com/notices/detail/603162/AN202501201642368316.html
688109,品茗科技,品茗科技:2024年年度业绩预告,业绩预告,2025-01-21,https://data.eastmoney.com/notices/detail/688109/AN202501201642368314.html
603320,迪贝电气,迪贝电气:关于实施“迪贝转债”赎回暨摘牌的第二次提示性公告,其他,2025-01-21,https://data.eastmoney.com/notices/detail/603320/AN202501201642368313.html
601066,中信建投,中信建投:关于中信建投(国际)金融控股有限公司为其全资子公司提供担保的公告,提供/对外担保公告,2025-01-21,https://data.eastmoney.com/notices/detail/601066/AN202501201642368288.html
003816,中国广核,中国广核:关于收购中广核台山第二核电有限公司100%股权暨关联交易的进展公告,收购出售资产/股权,2025-01-21,https://data.eastmoney.com/notices/detail/003816/AN202501201642368301.html
002943,宇晶股份,宇晶股份:2024年度业绩预告,业绩预告,2025-01-21,https://data.eastmoney.com/notices/detail/002943/AN202501201642368307.html
000800,一汽解放,一汽解放:关于中国第一汽车股份有限公司自愿承诺2025年不减持公司股份的公告,其他,2025-01-21,https://data.eastmoney.com/notices/detail/000800/AN202501201642368299.html
000800,一汽解放,一汽解放:关于重大资产出售暨关联交易事项的进展公告,关联交易,2025-01-21,https://data.eastmoney.com/notices/detail/000800/AN202501201642368302.html
000514,渝开发,渝开发:2024年年度业绩预告,业绩预告,2025-01-21,https://data.eastmoney.com/notices/detail/000514/AN202501201642368300.html
600900,长江电力,长江电力:长江电力2024年度业绩快报公告,业绩快报,2025-01-21,https://data.eastmoney.com/notices/detail/600900/AN202501201642368269.html
688169,石头科技,石头科技:北京石头世纪科技股份有限公司2025年第一次临时股东会会议资料,股东大会资料,2025-01-21,https://data.eastmoney.com/notices/detail/688169/AN202501201642368268.html
300318,博晖创新,博晖创新:2024年度业绩预告,业绩预告,2025-01-21,https://data.eastmoney.com/notices/detail/300318/AN202501201642368261.html
002778,中晟高科,中晟高科:中晟高科第九届董事会第十七次会议决议公告,董事会决议公告,2025-01-21,https://data.eastmoney.com/notices/detail/002778/AN202501201642368266.html
002778,中晟高科,中晟高科:中晟高科2024年度业绩预告,业绩预告,2025-01-21,https://data.eastmoney.com/notices/detail/002778/AN202501201642368265.html
000663,永安林业,永安林业:2024年年度业绩预告,业绩预告,2025-01-21,https://data.eastmoney.com/notices/detail/000663/AN202501201642368264.html
002778,中晟高科,中晟高科:中晟高科关于2024年度计提资产减值准备的公告,其他,2025-01-21,https://data.eastmoney.com/notices/detail/002778/AN202501201642368262.html
002778,中晟高科,中晟高科:中晟高科第九届监事会第十六次会议决议公告,监事会决议公告,2025-01-21,https://data.eastmoney.com/notices/detail/002778/AN202501201642368267.html
002628,成都路桥,成都路桥:2024年度业绩预告,业绩预告,2025-01-21,https://data.eastmoney.com/notices/detail/002628/AN202501201642368260.html
600545,卓郎智能,卓郎智能:关于股份回购进展公告,回购进展情况,2025-01-21,https://data.eastmoney.com/notices/detail/600545/AN202501201642368152.html
603700,宁水集团,宁水集团:关于股份回购实施结果暨股份变动的公告,股本变动,2025-01-21,https://data.eastmoney.com/notices/detail/603700/AN202501201642368147.html
600032,浙江新能,浙江新能:浙江新能2024年发电量完成情况公告,月度经营情况,2025-01-21,https://data.eastmoney.com/notices/detail/600032/AN202501201642368144.html
600059,古越龙山,古越龙山:古越龙山关于控股股东增持公司股份进展暨增持股份比例达到1%的公告,股东/实际控制人股份增持,2025-01-21,https://data.eastmoney.com/notices/detail/600059/AN202501201642368143.html
002126,银轮股份,银轮股份:上海锦天城律师事务所关于公司2025年第一次临时股东大会的法律意见书,法律意见书,2025-01-21,https://data.eastmoney.com/notices/detail/002126/AN202501201642368138.html
002126,银轮股份,银轮股份:2025年第一次临时股东大会决议公告,股东大会决议公告,2025-01-21,https://data.eastmoney.com/notices/detail/002126/AN202501201642368134.html
002305,*ST南置,南国置业:南国置业公司2025年第一次临时股东大会法律意见书,法律意见书,2025-01-21,https://data.eastmoney.com/notices/detail/002305/AN202501201642368120.html
002305,*ST南置,南国置业:2025年第一次临时股东大会决议公告,股东大会决议公告,2025-01-21,https://data.eastmoney.com/notices/detail/002305/AN202501201642368118.html
000586,汇源通信,汇源通信:四川汇源光通信股份有限公司2024年度业绩预告,业绩预告,2025-01-21,https://data.eastmoney.com/notices/detail/000586/AN202501201642368128.html
002385,大北农,大北农:2024年度业绩预告,业绩预告,2025-01-21,https://data.eastmoney.com/notices/detail/002385/AN202501201642368132.html
002032,苏泊尔,苏泊尔:关于完成工商变更登记并换发营业执照的公告,公司注册资本变更,2025-01-21,https://data.eastmoney.com/notices/detail/002032/AN202501201642368129.html
002573,清新环境,清新环境:关于2022年限制性股票激励计划预留授予部分第一个解除限售期解除限售股份上市流通的提示性公告,限售股份上市流通,2025-01-21,https://data.eastmoney.com/notices/detail/002573/AN202501201642368119.html
002302,西部建设,西部建设:2024年度业绩预告,业绩预告,2025-01-21,https://data.eastmoney.com/notices/detail/002302/AN202501201642368121.html
002326,永太科技,永太科技:2024年度业绩预告,业绩预告,2025-01-21,https://data.eastmoney.com/notices/detail/002326/AN202501201642368131.html
002304,洋河股份,洋河股份:2024年度中期权益分派实施公告,分配方案实施,2025-01-21,https://data.eastmoney.com/notices/detail/002304/AN202501201642368137.html
000889,中嘉博创,ST中嘉:关于召开2025年第一次临时股东大会的提示性公告,召开股东大会提示性公告,2025-01-21,https://data.eastmoney.com/notices/detail/000889/AN202501201642368123.html
002875,安奈儿,安奈儿:2024年度业绩预告,业绩预告,2025-01-21,https://data.eastmoney.com/notices/detail/002875/AN202501201642368140.html
002628,成都路桥,成都路桥:2024年第四季度经营情况公告,月度经营情况,2025-01-21,https://data.eastmoney.com/notices/detail/002628/AN202501201642368130.html
002037,保利联合,保利联合:2024年度业绩预告,业绩预告,2025-01-21,https://data.eastmoney.com/notices/detail/002037/AN202501201642368126.html
002727,一心堂,一心堂:关于控股子公司四川本草堂药业有限公司为下属子公司提供担保的进展公告,提供/对外担保公告,2025-01-21,https://data.eastmoney.com/notices/detail/002727/AN202501201642368135.html
300415,伊之密,伊之密:关于公司实际控制人及实际控制人的一致行动人股份减持比例达到1%的公告,股东/实际控制人股份减持,2025-01-21,https://data.eastmoney.com/notices/detail/300415/AN202501201642368124.html
600477,杭萧钢构,杭萧钢构:杭萧钢构关于提前归还部分募集资金的公告,归还募集资金,2025-01-21,https://data.eastmoney.com/notices/detail/600477/AN202501201642368113.html
603029,天鹅股份,天鹅股份:山东天鹅棉业机械股份有限公司2024年年度业绩预告,业绩预告,2025-01-21,https://data.eastmoney.com/notices/detail/603029/AN202501201642368114.html
601916,浙商银行,浙商银行:浙商银行股份有限公司第七届监事会第六次会议决议公告,监事会决议公告,2025-01-21,https://data.eastmoney.com/notices/detail/601916/AN202501201642368090.html
688006,杭可科技,杭可科技:浙江杭可科技股份有限公司2025年第一次临时股东大会会议资料,股东大会资料,2025-01-21,https://data.eastmoney.com/notices/detail/688006/AN202501201642368100.html
601998,中信银行,中信银行:中信银行股份有限公司关于“中信转债”到期兑付暨摘牌的第三次提示性公告,其他,2025-01-21,https://data.eastmoney.com/notices/detail/601998/AN202501201642368091.html
603289,泰瑞机器,泰瑞机器:财通证券股份有限公司关于泰瑞机器股份有限公司向不特定对象发行可转换公司债券2025年第一次临时受托管理事务报告,其他,2025-01-21,https://data.eastmoney.com/notices/detail/603289/AN202501201642368092.html
603577,汇金通,汇金通:汇金通2024年年度业绩预增公告,业绩预告,2025-01-21,https://data.eastmoney.com/notices/detail/603577/AN202501201642368089.html
000985,大庆华科,大庆华科:大庆华科股份有限公司2024年度业绩预告,业绩预告,2025-01-21,https://data.eastmoney.com/notices/detail/000985/AN202501201642368098.html
002036,联创电子,联创电子:第九届董事会第二次会议决议公告,董事会决议公告,2025-01-21,https://data.eastmoney.com/notices/detail/002036/AN202501201642368088.html
002036,联创电子,联创电子:关于新增对外担保额度的公告,提供/对外担保公告,2025-01-21,https://data.eastmoney.com/notices/detail/002036/AN202501201642368082.html
002036,联创电子,联创电子:关于董事会提议向下修正联创转债转股价格的公告,其他,2025-01-21,https://data.eastmoney.com/notices/detail/002036/AN202501201642368083.html
002036,联创电子,联创电子:关于召开2025年第二次临时股东会的通知,召开股东大会通知,2025-01-21,https://data.eastmoney.com/notices/detail/002036/AN202501201642368087.html
000408,藏格矿业,藏格矿业:简式权益变动报告书(藏格创投、林吉芳、永鸿实业及其一致行动人),权益变动报告书,2025-01-21,https://data.eastmoney.com/notices/detail/000408/AN202501201642368080.html
000408,藏格矿业,藏格矿业:详式权益变动报告书(紫金国际及其一致行动人),权益变动报告书,2025-01-21,https://data.eastmoney.com/notices/detail/000408/AN202501201642368081.html
000408,藏格矿业,藏格矿业:国投证券股份有限公司关于藏格矿业股份有限公司详式权益变动报告书之财务顾问核查意见,保荐/核查意见,2025-01-21,https://data.eastmoney.com/notices/detail/000408/AN202501201642368085.html
000408,藏格矿业,藏格矿业:简式权益变动报告书(新沙鸿运),权益变动报告书,2025-01-21,https://data.eastmoney.com/notices/detail/000408/AN202501201642368078.html
002243,力合科创,力合科创:第六届监事会第十二次会议决议公告,监事会决议公告,2025-01-21,https://data.eastmoney.com/notices/detail/002243/AN202501201642368070.html
002243,力合科创,力合科创:第六届董事会第十二次会议决议公告,董事会决议公告,2025-01-21,https://data.eastmoney.com/notices/detail/002243/AN202501201642368074.html
002243,力合科创,力合科创:关于“质量回报双提升”行动方案的公告,其他,2025-01-21,https://data.eastmoney.com/notices/detail/002243/AN202501201642368084.html
002029,七匹狼,七匹狼:七匹狼关于控股股东部分股权解除质押及再质押的公告,股份质押、冻结,2025-01-21,https://data.eastmoney.com/notices/detail/002029/AN202501201642368076.html
002214,大立科技,大立科技:浙江大立科技股份有限公司2025年第一次临时股东大会的法律意见书,法律意见书,2025-01-21,https://data.eastmoney.com/notices/detail/002214/AN202501201642368071.html
002214,大立科技,大立科技:浙江大立科技股份有限公司2025年第一次临时股东大会决议公告,股东大会决议公告,2025-01-21,https://data.eastmoney.com/notices/detail/002214/AN202501201642368077.html
002032,苏泊尔,苏泊尔:关于对部分获授的限制性股票回购注销完成暨股本变动的公告,股本变动,2025-01-21,https://data.eastmoney.com/notices/detail/002032/AN202501201642368079.html
002062,宏润建设,宏润建设:2024年第四季度建筑业经营情况简报,月度经营情况,2025-01-21,https://data.eastmoney.com/notices/detail/002062/AN202501201642368073.html
300375,鹏翎股份,鹏翎股份:北京国枫(南京)律师事务所关于天津鹏翎集团股份有限公司2025年第一次临时股东大会的法律意见书,法律意见书,2025-01-21,https://data.eastmoney.com/notices/detail/300375/AN202501201642368072.html
300375,鹏翎股份,鹏翎股份:关于变更非独立董事的公告,高管人员任职变动,2025-01-21,https://data.eastmoney.com/notices/detail/300375/AN202501201642368075.html
300375,鹏翎股份,鹏翎股份:2025年第一次临时股东大会决议公告,股东大会决议公告,2025-01-21,https://data.eastmoney.com/notices/detail/300375/AN202501201642368086.html
688443,智翔金泰,智翔金泰:自愿披露关于赛立奇单抗新适应症上市申请获得批准的公告,其他,2025-01-21,https://data.eastmoney.com/notices/detail/688443/AN202501201642367956.html
688708,佳驰科技,佳驰科技:2024年前三季度权益分派实施公告,分配方案实施,2025-01-21,https://data.eastmoney.com/notices/detail/688708/AN202501201642367947.html
600109,国金证券,国金证券:国金证券股份有限公司2024年面向专业投资者公开发行公司债券(第一期)2025年付息公告,其他,2025-01-21,https://data.eastmoney.com/notices/detail/600109/AN202501201642367948.html
688618,三旺通信,三旺通信:关于股东解散暨权益变动的提示性公告,权益变动报告书,2025-01-21,https://data.eastmoney.com/notices/detail/688618/AN202501201642367949.html
002977,*ST天箭,天箭科技:关于向银行申请综合授信额度的公告,借贷,2025-01-21,https://data.eastmoney.com/notices/detail/002977/AN202501201642367926.html
002977,*ST天箭,天箭科技:第三届董事会第六次会议决议公告,董事会决议公告,2025-01-21,https://data.eastmoney.com/notices/detail/002977/AN202501201642367941.html
002977,*ST天箭,天箭科技:2024年度业绩预告,业绩预告,2025-01-21,https://data.eastmoney.com/notices/detail/002977/AN202501201642367946.html
002942,新农股份,新农股份:2024年限制性股票激励计划激励对象名单(授予日),股权激励对象名单,2025-01-21,https://data.eastmoney.com/notices/detail/002942/AN202501201642367936.html
002942,新农股份,新农股份:上海锦天城(杭州)律师事务所关于浙江新农化工股份有限公司2024年限制性股票激励计划调整及授予相关事项的法律意见书,法律意见书,2025-01-21,https://data.eastmoney.com/notices/detail/002942/AN202501201642367942.html
002942,新农股份,新农股份:关于调整公司2024年限制性股票激励计划相关事项的公告,股权激励其他事项公告,2025-01-21,https://data.eastmoney.com/notices/detail/002942/AN202501201642367939.html
002942,新农股份,新农股份:监事会关于公司2024年限制性股票激励计划激励对象名单(授予日)的核查意见,专项说明/独立意见,2025-01-21,https://data.eastmoney.com/notices/detail/002942/AN202501201642367943.html
002942,新农股份,新农股份:关于向激励对象授予限制性股票的公告,股权激励进展公告,2025-01-21,https://data.eastmoney.com/notices/detail/002942/AN202501201642367927.html
002942,新农股份,新农股份:第六届监事会第十二次会议决议公告,监事会决议公告,2025-01-21,https://data.eastmoney.com/notices/detail/002942/AN202501201642367932.html
002942,新农股份,新农股份:第六届董事会第十三次会议决议公告,董事会决议公告,2025-01-21,https://data.eastmoney.com/notices/detail/002942/AN202501201642367933.html
002652,扬子新材,扬子新材:2024年度业绩预告,业绩预告,2025-01-21,https://data.eastmoney.com/notices/detail/002652/AN202501201642367940.html
002588,史丹利,史丹利:关于控股股东部分股份质押延期购回的公告,股份质押、冻结,2025-01-21,https://data.eastmoney.com/notices/detail/002588/AN202501201642367938.html
002452,长高电气,长高电新:2024年度业绩预告,业绩预告,2025-01-21,https://data.eastmoney.com/notices/detail/002452/AN202501201642367934.html
002420,毅昌科技,毅昌科技:2024年年度业绩预告,业绩预告,2025-01-21,https://data.eastmoney.com/notices/detail/002420/AN202501201642367930.html
002296,辉煌科技,辉煌科技:2024年度业绩预告,业绩预告,2025-01-21,https://data.eastmoney.com/notices/detail/002296/AN202501201642367945.html
000717,中南股份,中南股份:内部审计制度,管理办法/制度,2025-01-21,https://data.eastmoney.com/notices/detail/000717/AN202501201642367937.html
000717,中南股份,中南股份:关于挂牌转让参股公司部分股权及放弃优先购买权暨关联交易的公告,关联交易,2025-01-21,https://data.eastmoney.com/notices/detail/000717/AN202501201642367944.html
000717,中南股份,中南股份:第九届董事会2025年第一次临时会议决议公告,董事会决议公告,2025-01-21,https://data.eastmoney.com/notices/detail/000717/AN202501201642367931.html
000546,金圆股份,金圆股份:关于控股股东及其一致行动人部分股份解除质押及办理质押的公告,股份质押、冻结,2025-01-21,https://data.eastmoney.com/notices/detail/000546/AN202501201642367929.html
603922,ST金鸿顺,金鸿顺:金鸿顺2024年年度业绩预告,业绩预告,2025-01-21,https://data.eastmoney.com/notices/detail/603922/AN202501201642367925.html
600070,*ST富润,*ST富润:关于股票交易风险的提示性公告,风险提示性公告,2025-01-21,https://data.eastmoney.com/notices/detail/600070/AN202501201642367924.html
688606,奥泰生物,奥泰生物:2024年年度业绩预告,业绩预告,2025-01-21,https://data.eastmoney.com/notices/detail/688606/AN202501201642367911.html
603598,引力传媒,引力传媒:北京市金杜律师事务所关于引力传媒股份有限公司2025年第一次临时股东大会之法律意见书,法律意见书,2025-01-21,https://data.eastmoney.com/notices/detail/603598/AN202501201642367908.html
601018,宁波港,宁波港:宁波舟山港股份有限公司2024年度业绩快报公告,业绩快报,2025-01-21,https://data.eastmoney.com/notices/detail/601018/AN202501201642367909.html
603598,引力传媒,引力传媒:2025年第一次临时股东大会决议公告,股东大会决议公告,2025-01-21,https://data.eastmoney.com/notices/detail/603598/AN202501201642367910.html
601319,中国人保,中国人保:H股公告(董事名單與其角色和職能),其他,2025-01-21,https://data.eastmoney.com/notices/detail/601319/AN202501201642367887.html
688659,元琛科技,元琛科技:关于以集中竞价交易方式回购公司股份比例达到1%暨回购进展公告,回购进展情况,2025-01-21,https://data.eastmoney.com/notices/detail/688659/AN202501201642367885.html
603281,江瀚新材,江瀚新材:募集资金现金管理全部赎回公告,投资理财,2025-01-21,https://data.eastmoney.com/notices/detail/603281/AN202501201642367889.html
603281,江瀚新材,江瀚新材:中信证券股份有限公司关于湖北江瀚新材料股份有限公司使用部分暂时闲置募集资金进行现金管理的核查意见,保荐/核查意见,2025-01-21,https://data.eastmoney.com/notices/detail/603281/AN202501201642367888.html
603281,江瀚新材,江瀚新材:关于使用部分暂时闲置募集资金进行现金管理的公告,投资理财,2025-01-21,https://data.eastmoney.com/notices/detail/603281/AN202501201642367886.html
688009,中国通号,中国通号:关于自愿披露轨道交通市场重要项目中标的公告,重大合同,2025-01-21,https://data.eastmoney.com/notices/detail/688009/AN202501201642367872.html
688009,中国通号,中国通号:第四届监事会第十七次会议决议公告,监事会决议公告,2025-01-21,https://data.eastmoney.com/notices/detail/688009/AN202501201642367870.html
688009,中国通号,中国通号:关于对外担保计划的公告,提供/对外担保公告,2025-01-21,https://data.eastmoney.com/notices/detail/688009/AN202501201642367869.html
688009,中国通号,中国通号:被担保人的基本情况和最近一期的财务报表以及担保协议主要内容,其他,2025-01-21,https://data.eastmoney.com/notices/detail/688009/AN202501201642367873.html
601328,交通银行,交通银行:交通银行关于交通银行(香港)有限公司未分配利润转增股本获监管批复的公告,其他,2025-01-21,https://data.eastmoney.com/notices/detail/601328/AN202501201642367747.html
688020,方邦股份,方邦股份:2024年年度业绩预告,业绩预告,2025-01-21,https://data.eastmoney.com/notices/detail/688020/AN202501201642367871.html
600258,首旅酒店,首旅酒店:北京首旅酒店(集团)股份有限公司关于使用闲置募集资金进行现金管理到期赎回并继续进行现金管理进展的公告,募集资金使用进展情况,2025-01-21,https://data.eastmoney.com/notices/detail/600258/AN202501201642367748.html
002802,洪汇新材,洪汇新材:关于控股股东、实际控制人签署《控制权转让框架协议》暨公司控制权拟变更的提示性公告,签订协议,2025-01-21,https://data.eastmoney.com/notices/detail/002802/AN202501201642367744.html
001339,智微智能,智微智能:关于2023年股票期权与限制性股票激励计划部分限制性股票回购注销完成的公告,股本变动,2025-01-21,https://data.eastmoney.com/notices/detail/001339/AN202501201642367745.html
603066,音飞储存,音飞储存:音飞储存第五届董事会第十五次会议决议公告,高管人员任职变动,2025-01-21,https://data.eastmoney.com/notices/detail/603066/AN202501201642367723.html
601766,中国中车,中国中车:中国中车关于召开2025年第一次临时股东大会的通知,召开股东大会通知,2025-01-21,https://data.eastmoney.com/notices/detail/601766/AN202501201642367724.html
603066,音飞储存,音飞储存:音飞储存关于罗伯泰克设立子公司并签署《投资发展监管协议》《商务合同》的公告,签订协议,2025-01-21,https://data.eastmoney.com/notices/detail/603066/AN202501201642367722.html
603066,音飞储存,音飞储存:音飞储存关于聘任公司董事会秘书的公告,高管人员任职变动,2025-01-21,https://data.eastmoney.com/notices/detail/603066/AN202501201642367725.html
603136,天目湖,天目湖:江苏天目湖旅游股份有限公司关于使用部分闲置募集资金进行现金管理的公告,投资理财,2025-01-21,https://data.eastmoney.com/notices/detail/603136/AN202501201642367718.html
600063,皖维高新,皖维高新:《皖维高新募集资金管理办法》(2025年1月修订),管理办法/制度,2025-01-21,https://data.eastmoney.com/notices/detail/600063/AN202501201642367690.html
600063,皖维高新,皖维高新:皖维高新关于修订《公司章程》的公告,公司章程修订,2025-01-21,https://data.eastmoney.com/notices/detail/600063/AN202501201642367697.html
600063,皖维高新,皖维高新:皖维高新2025年度向特定对象发行A股股票募集资金使用的可行性分析报告,其他,2025-01-21,https://data.eastmoney.com/notices/detail/600063/AN202501201642367696.html
600063,皖维高新,皖维高新:皖维高新前次募集资金使用情况报告,募集资金使用情况报告,2025-01-21,https://data.eastmoney.com/notices/detail/600063/AN202501201642367699.html
600063,皖维高新,皖维高新:皖维高新前次募集资金使用情况报告,募集资金使用情况报告,2025-01-21,https://data.eastmoney.com/notices/detail/600063/AN202501201642367675.html
600063,皖维高新,皖维高新:皖维高新关于最近五年未被证券监管部门和交易所采取监管措施或处罚情况的公告,自查报告,2025-01-21,https://data.eastmoney.com/notices/detail/600063/AN202501201642367695.html
600063,皖维高新,皖维高新:皖维高新第九届董事会独立董事专门会议2025年第一次会议决议,增发预案,2025-01-21,https://data.eastmoney.com/notices/detail/600063/AN202501201642367673.html
600063,皖维高新,皖维高新:《皖维高新股东会议事规则》(2025年1月修订),议事规则/实施细则,2025-01-21,https://data.eastmoney.com/notices/detail/600063/AN202501201642367694.html
600063,皖维高新,皖维高新:皖维高新关于2025年度向特定对象发行A股股票导致股东权益变动的提示性公告,权益变动报告书,2025-01-21,https://data.eastmoney.com/notices/detail/600063/AN202501201642367684.html
600063,皖维高新,皖维高新:皖维高新关于修订部分公司治理制度的公告,管理办法/制度,2025-01-21,https://data.eastmoney.com/notices/detail/600063/AN202501201642367685.html
600063,皖维高新,皖维高新:皖维高新关于召开2025年第一次临时股东大会的通知,召开股东大会通知,2025-01-21,https://data.eastmoney.com/notices/detail/600063/AN202501201642367691.html
600063,皖维高新,皖维高新:皖维高新九届六次监事会决议公告,监事会决议公告,2025-01-21,https://data.eastmoney.com/notices/detail/600063/AN202501201642367686.html
600063,皖维高新,皖维高新:皖维高新关于与特定对象签署附条件生效的股份认购协议暨关联交易的公告,签订协议,2025-01-21,https://data.eastmoney.com/notices/detail/600063/AN202501201642367688.html
600063,皖维高新,皖维高新:皖维高新关于本次向特定对象发行A股股票不存在直接或通过利益相关方向参与认购的投资者提供财务资助或补偿事宜的公告,增发预案,2025-01-21,https://data.eastmoney.com/notices/detail/600063/AN202501201642367687.html
600063,皖维高新,皖维高新:皖维高新前次募集资金使用情况鉴证报告-天健审〔2025〕5-1号,保荐/核查意见,2025-01-21,https://data.eastmoney.com/notices/detail/600063/AN202501201642367677.html
600063,皖维高新,皖维高新:皖维高新关于2025年度向特定对象发行A股股票摊薄即期回报、采取填补措施和相关主体承诺的公告,其他,2025-01-21,https://data.eastmoney.com/notices/detail/600063/AN202501201642367679.html
600063,皖维高新,皖维高新:皖维高新公司章程全文(2025年1月修订),公司章程修订,2025-01-21,https://data.eastmoney.com/notices/detail/600063/AN202501201642367680.html
600063,皖维高新,皖维高新:皖维高新监事会关于公司向特定对象发行A股股票的书面审核意见,专项说明/独立意见,2025-01-21,https://data.eastmoney.com/notices/detail/600063/AN202501201642367676.html
600063,皖维高新,皖维高新:皖维高新九届十次董事会决议公告,增发预案,2025-01-21,https://data.eastmoney.com/notices/detail/600063/AN202501201642367692.html
600063,皖维高新,皖维高新:皖维高新关于提请股东大会批准认购对象免于发出要约的公告,其他,2025-01-21,https://data.eastmoney.com/notices/detail/600063/AN202501201642367682.html
600063,皖维高新,皖维高新:皖维高新关于2025年度向特定对象发行A股股票预案披露的提示性公告,增发提示性公告,2025-01-21,https://data.eastmoney.com/notices/detail/600063/AN202501201642367689.html
600063,皖维高新,皖维高新:资产评估报告-鹏信资评报【2024】第S405号,其他,2025-01-21,https://data.eastmoney.com/notices/detail/600063/AN202501201642367693.html
600063,皖维高新,皖维高新:《皖维高新董事会议事规则》(2025年1月修订),议事规则/实施细则,2025-01-21,https://data.eastmoney.com/notices/detail/600063/AN202501201642367674.html
600063,皖维高新,皖维高新:《皖维高新监事会议事规则》(2025年1月修订),议事规则/实施细则,2025-01-21,https://data.eastmoney.com/notices/detail/600063/AN202501201642367698.html
600063,皖维高新,皖维高新:皖维高新2025年度向特定对象发行A股股票预案,增发预案,2025-01-21,https://data.eastmoney.com/notices/detail/600063/AN202501201642367678.html
600063,皖维高新,皖维高新:容诚审字[2024]230Z1548号-皖维高新2023年度审计报告,审计报告,2025-01-21,https://data.eastmoney.com/notices/detail/600063/AN202501201642367683.html
600063,皖维高新,皖维高新:皖维高新2025年度向特定对象发行A股股票方案论证分析报告,其他,2025-01-21,https://data.eastmoney.com/notices/detail/600063/AN202501201642367700.html
600063,皖维高新,皖维高新:皖维高新未来三年(2024年-2026年)股东分红回报规划,其他,2025-01-21,https://data.eastmoney.com/notices/detail/600063/AN202501201642367681.html
603042,华脉科技,华脉科技:股票交易异常波动公告,股票交易异常波动,2025-01-21,https://data.eastmoney.com/notices/detail/603042/AN202501201642367669.html
605080,浙江自然,浙江自然:浙江自然关于使用部分闲置募集资金进行现金管理的进展公告,募集资金使用进展情况,2025-01-21,https://data.eastmoney.com/notices/detail/605080/AN202501201642367671.html
603042,华脉科技,华脉科技:控股股东、实际控制人关于公司股票交易异常波动有关情况的说明,股票交易异常波动,2025-01-21,https://data.eastmoney.com/notices/detail/603042/AN202501201642367670.html
002996,顺博合金,顺博合金:2024年度业绩预告,业绩预告,2025-01-21,https://data.eastmoney.com/notices/detail/002996/AN202501201642367555.html
002828,贝肯能源,贝肯能源:2024年度业绩预告,业绩预告,2025-01-21,https://data.eastmoney.com/notices/detail/002828/AN202501201642367661.html
002617,露笑科技,露笑科技:2024年年度业绩预告,业绩预告,2025-01-21,https://data.eastmoney.com/notices/detail/002617/AN202501201642367659.html
002584,西陇科学,西陇科学:关于合并报表范围内提供担保的进展公告,提供/对外担保公告,2025-01-21,https://data.eastmoney.com/notices/detail/002584/AN202501201642367657.html
002408,齐翔腾达,齐翔腾达:2024年年度业绩预告,业绩预告,2025-01-21,https://data.eastmoney.com/notices/detail/002408/AN202501201642367665.html
002377,国创高新,国创高新:2024年度业绩预告,业绩预告,2025-01-21,https://data.eastmoney.com/notices/detail/002377/AN202501201642367554.html
002369,卓翼科技,卓翼科技:2024年度业绩预告,业绩预告,2025-01-21,https://data.eastmoney.com/notices/detail/002369/AN202501201642367664.html
002197,证通电子,ST证通:2024年度业绩预告,业绩预告,2025-01-21,https://data.eastmoney.com/notices/detail/002197/AN202501201642367663.html
002138,顺络电子,顺络电子:关于股东部分股份质押的公告,股份质押、冻结,2025-01-21,https://data.eastmoney.com/notices/detail/002138/AN202501201642367553.html
002084,海鸥住工,海鸥住工:2024年度业绩预告,业绩预告,2025-01-21,https://data.eastmoney.com/notices/detail/002084/AN202501201642367658.html
001339,智微智能,智微智能:2024年度业绩预告,业绩预告,2025-01-21,https://data.eastmoney.com/notices/detail/001339/AN202501201642367666.html
001201,东瑞股份,东瑞股份:2024年度业绩预告,业绩预告,2025-01-21,https://data.eastmoney.com/notices/detail/001201/AN202501201642367556.html
000558,天府文旅,莱茵体育:2024年度业绩预告,业绩预告,2025-01-21,https://data.eastmoney.com/notices/detail/000558/AN202501201642367660.html
000031,大悦城,大悦城:关于为全资子公司深圳市锦峰城房地产开发有限公司提供担保的公告,提供/对外担保公告,2025-01-21,https://data.eastmoney.com/notices/detail/000031/AN202501201642367552.html
688556,高测股份,高测股份:关于不向下修正“高测转债”转股价格的公告,其他,2025-01-21,https://data.eastmoney.com/notices/detail/688556/AN202501201642367540.html
688187,时代电气,时代电气:H股公告(翌日披露报表),其他,2025-01-21,https://data.eastmoney.com/notices/detail/688187/AN202501201642367526.html
605298,必得科技,必得科技:兴业证券股份有限公司关于江苏必得科技股份有限公司部分募集资金投资项目结项并将结余募集资金永久补充流动资金的核查意见,保荐/核查意见,2025-01-21,https://data.eastmoney.com/notices/detail/605298/AN202501201642367534.html
605298,必得科技,必得科技:江苏必得科技股份有限公司关于首次公开发行股票募集资金投资项目结项并将节余募集资金永久补充流动资金的公告,募集资金补充流动资金,2025-01-21,https://data.eastmoney.com/notices/detail/605298/AN202501201642367533.html
605298,必得科技,必得科技:江苏必得科技股份有限公司第四届董事会第五次会议决议公告,董事会决议公告,2025-01-21,https://data.eastmoney.com/notices/detail/605298/AN202501201642367536.html
605298,必得科技,必得科技:江苏必得科技股份有限公司第四届监事会第五次会议决议公告,监事会决议公告,2025-01-21,https://data.eastmoney.com/notices/detail/605298/AN202501201642367537.html
605298,必得科技,必得科技:江苏必得科技股份有限公司关于召开2025年第一次临时股东大会的通知,召开股东大会通知,2025-01-21,https://data.eastmoney.com/notices/detail/605298/AN202501201642367538.html
605298,必得科技,必得科技:江苏必得科技股份有限公司2025年第一次临时股东大会资料,股东大会资料,2025-01-21,https://data.eastmoney.com/notices/detail/605298/AN202501201642367535.html
600066,宇通客车,宇通客车:2024年年度业绩预告,业绩预告,2025-01-21,https://data.eastmoney.com/notices/detail/600066/AN202501201642367525.html
603208,江山欧派,江山欧派:江山欧派关于“江山转债”预计满足转股价格修正条件的提示性公告,其他,2025-01-21,https://data.eastmoney.com/notices/detail/603208/AN202501201642367511.html
600601,方正科技,方正科技:方正科技2024年年度业绩预增公告,业绩预告,2025-01-21,https://data.eastmoney.com/notices/detail/600601/AN202501201642367500.html
603533,掌阅科技,掌阅科技:北京市中伦(深圳)律师事务所关于掌阅科技股份有限公司2025年第一次临时股东大会的法律意见书,法律意见书,2025-01-21,https://data.eastmoney.com/notices/detail/603533/AN202501201642367491.html
603533,掌阅科技,掌阅科技:掌阅科技股份有限公司2025年第一次临时股东大会决议公告,股东大会决议公告,2025-01-21,https://data.eastmoney.com/notices/detail/603533/AN202501201642367492.html
000978,桂林旅游,桂林旅游:2024年度业绩预告,业绩预告,2025-01-21,https://data.eastmoney.com/notices/detail/000978/AN202501201642367472.html
000599,青岛双星,青岛双星:关于聘任公司总经理的公告,高管人员任职变动,2025-01-21,https://data.eastmoney.com/notices/detail/000599/AN202501201642367473.html
000599,青岛双星,青岛双星:董事会提名委员会关于聘任高级管理人员的审查意见,专项说明/独立意见,2025-01-21,https://data.eastmoney.com/notices/detail/000599/AN202501201642367476.html
000632,ST三木,三木集团:2024年年度业绩预告,业绩预告,2025-01-21,https://data.eastmoney.com/notices/detail/000632/AN202501201642367474.html
605001,威奥股份,威奥股份:威奥股份2024年年度业绩预减公告,业绩预告,2025-01-21,https://data.eastmoney.com/notices/detail/605001/AN202501201642367345.html
002021,中捷资源,中捷资源:2024年度业绩预告,业绩预告,2025-01-21,https://data.eastmoney.com/notices/detail/002021/AN202501201642367353.html
000599,青岛双星,青岛双星:第十届董事会第十五次会议决议公告,高管人员任职变动,2025-01-21,https://data.eastmoney.com/notices/detail/000599/AN202501201642367352.html
600502,安徽建工,安徽建工:安徽建工关于项目中标的公告,重大合同,2025-01-21,https://data.eastmoney.com/notices/detail/600502/AN202501201642367340.html
600502,安徽建工,安徽建工:安徽建工第九届董事会第四次会议决议公告,董事会决议公告,2025-01-21,https://data.eastmoney.com/notices/detail/600502/AN202501201642367339.html
600446,金证股份,金证股份:金证股份关于董事提前终止减持计划暨减持股份结果公告,股东/实际控制人股份减持,2025-01-21,https://data.eastmoney.com/notices/detail/600446/AN202501201642367341.html
601006,大秦铁路,大秦铁路:大秦铁路关于实施“大秦转债”赎回暨摘牌的第十次提示性公告,其他,2025-01-21,https://data.eastmoney.com/notices/detail/601006/AN202501201642367343.html
600502,安徽建工,安徽建工:安徽建工关于公司及子公司涉及诉讼、仲裁的公告,诉讼仲裁,2025-01-21,https://data.eastmoney.com/notices/detail/600502/AN202501201642367342.html
601226,华电科工,华电科工:2025年第一次临时股东会决议公告,股东大会决议公告,2025-01-21,https://data.eastmoney.com/notices/detail/601226/AN202501201642367320.html
601226,华电科工,华电科工:北京市竞天公诚律师事务所关于华电科工股份有限公司2025年第一次临时股东会的法律意见书,法律意见书,2025-01-21,https://data.eastmoney.com/notices/detail/601226/AN202501201642367319.html
601858,中国科传,中国科传:中国科技出版传媒股份有限公司关于使用部分闲置募集资金进行现金管理到期赎回并继续进行现金管理的公告,投资理财,2025-01-21,https://data.eastmoney.com/notices/detail/601858/AN202501201642367321.html
603733,仙鹤股份,仙鹤股份:仙鹤股份有限公司投资者关系活动记录表,调研活动,2025-01-21,https://data.eastmoney.com/notices/detail/603733/AN202501201642367310.html
688221,前沿生物,前沿生物:前沿生物关于FB3002洛索洛芬钠贴剂获得境内生产药品注册上市许可受理通知书的自愿性披露公告,其他,2025-01-21,https://data.eastmoney.com/notices/detail/688221/AN202501201642367304.html
601808,中海油服,中海油服:中海油服H股公告-联席公司秘书辞任,其他,2025-01-21,https://data.eastmoney.com/notices/detail/601808/AN202501201642367276.html
600683,京投发展,京投发展:京投发展股份有限公司关于不参与相关商业机会的公告,其他,2025-01-21,https://data.eastmoney.com/notices/detail/600683/AN202501201642367296.html
600683,京投发展,京投发展:京投发展股份有限公司第十二届董事会第九次会议决议公告,董事会决议公告,2025-01-21,https://data.eastmoney.com/notices/detail/600683/AN202501201642367295.html
688267,中触媒,中触媒:中触媒新材料股份有限公司2024年年度业绩预告,业绩预告,2025-01-21,https://data.eastmoney.com/notices/detail/688267/AN202501201642367293.html
603326,我乐家居,我乐家居:第四届监事会第六次会议决议公告,监事会决议公告,2025-01-21,https://data.eastmoney.com/notices/detail/603326/AN202501201642367285.html
603326,我乐家居,我乐家居:第四届董事会第六次会议决议公告,分配预案,2025-01-21,https://data.eastmoney.com/notices/detail/603326/AN202501201642367282.html
603326,我乐家居,我乐家居:关于2024年前三季度现金分红方案的公告,分配预案,2025-01-21,https://data.eastmoney.com/notices/detail/603326/AN202501201642367283.html
603326,我乐家居,我乐家居:关于召开2025年第一次临时股东大会的通知,召开股东大会通知,2025-01-21,https://data.eastmoney.com/notices/detail/603326/AN202501201642367284.html
600579,中化装备,克劳斯:中化装备科技(青岛)股份有限公司证券简称变更实施公告,证券简称变更,2025-01-21,https://data.eastmoney.com/notices/detail/600579/AN202501201642367280.html
603113,金能科技,金能科技:金能科技2025年第一次临时股东大会会议材料,股东大会资料,2025-01-21,https://data.eastmoney.com/notices/detail/603113/AN202501201642367270.html
000619,海螺新材,海螺新材:国元证券股份有限公司关于海螺(安徽)节能环保新材料股份有限公司2025年度日常关联交易预计的核查意见,保荐/核查意见,2025-01-21,https://data.eastmoney.com/notices/detail/000619/AN202501201642367274.html
000619,海螺新材,海螺新材:2025年度日常关联交易预计公告,关联交易,2025-01-21,https://data.eastmoney.com/notices/detail/000619/AN202501201642367272.html
000030,富奥股份,富奥股份:公司章程(2025年1月修订),公司章程修订,2025-01-21,https://data.eastmoney.com/notices/detail/000030/AN202501201642367273.html
002992,宝明科技,宝明科技:关于全资子公司为公司提供担保的进展公告,提供/对外担保公告,2025-01-21,https://data.eastmoney.com/notices/detail/002992/AN202501201642367269.html
603776,永安行,永安行:关于控股股东提议2024年度利润分配预案的公告,分配预案,2025-01-21,https://data.eastmoney.com/notices/detail/603776/AN202501201642367257.html
000030,富奥股份,富奥股份:公司章程修正案,公司章程修订,2025-01-21,https://data.eastmoney.com/notices/detail/000030/AN202501201642367204.html
000030,富奥股份,富奥股份:监事会决议公告,监事会决议公告,2025-01-21,https://data.eastmoney.com/notices/detail/000030/AN202501201642367208.html
000030,富奥股份,富奥股份:关于召开2025年第一次临时股东大会通知的公告,召开股东大会通知,2025-01-21,https://data.eastmoney.com/notices/detail/000030/AN202501201642367210.html
000030,富奥股份,富奥股份:董事会决议公告,高管人员任职变动,2025-01-21,https://data.eastmoney.com/notices/detail/000030/AN202501201642367209.html
000619,海螺新材,海螺新材:关于召开2025年第一次临时股东大会的通知,召开股东大会通知,2025-01-21,https://data.eastmoney.com/notices/detail/000619/AN202501201642367207.html
000619,海螺新材,海螺新材:第十届监事会第五次会议决议公告,监事会决议公告,2025-01-21,https://data.eastmoney.com/notices/detail/000619/AN202501201642367205.html
002291,遥望科技,遥望科技:舆情管理制度,管理办法/制度,2025-01-21,https://data.eastmoney.com/notices/detail/002291/AN202501201642367203.html
002291,遥望科技,遥望科技:第五届董事会第三十七次会议决议公告,董事会决议公告,2025-01-21,https://data.eastmoney.com/notices/detail/002291/AN202501201642367211.html
600585,海螺水泥,海螺水泥:H股公告(没收未领取的股息),其他,2025-01-21,https://data.eastmoney.com/notices/detail/600585/AN202501201642367196.html
601808,中海油服,中海油服:中海油服2025年战略指引公告,其他,2025-01-21,https://data.eastmoney.com/notices/detail/601808/AN202501201642367190.html
603087,甘李药业,甘李药业:2024年年度业绩预增公告,业绩预告,2025-01-21,https://data.eastmoney.com/notices/detail/603087/AN202501201642367199.html
688206,概伦电子,概伦电子:董事会提名委员会关于第二届董事会独立董事候选人任职资格的审查意见,专项说明/独立意见,2025-01-21,https://data.eastmoney.com/notices/detail/688206/AN202501201642367195.html
688206,概伦电子,概伦电子:独立董事提名人声明与承诺-张卫,独立董事提名人声明,2025-01-21,https://data.eastmoney.com/notices/detail/688206/AN202501201642367192.html
688206,概伦电子,概伦电子:独立董事候选人声明与承诺-张卫,独立董事候选人声明,2025-01-21,https://data.eastmoney.com/notices/detail/688206/AN202501201642367193.html
688206,概伦电子,概伦电子:关于独立董事辞职暨补选第二届董事会独立董事并调整董事会专门委员会委员的公告,高管人员任职变动,2025-01-21,https://data.eastmoney.com/notices/detail/688206/AN202501201642367194.html
600941,中国移动,中国移动:2024年12月客户数据公告,月度经营情况,2025-01-21,https://data.eastmoney.com/notices/detail/600941/AN202501201642367008.html
002607,中公教育,中公教育:关于参加最近一次独董培训的书面承诺(江荣海),其他,2025-01-21,https://data.eastmoney.com/notices/detail/002607/AN202501201642367164.html
002607,中公教育,中公教育:独立董事提名人声明与承诺(江涛),独立董事提名人声明,2025-01-21,https://data.eastmoney.com/notices/detail/002607/AN202501201642367162.html
002607,中公教育,中公教育:独立董事候选人声明与承诺(陈玉琴),独立董事候选人声明,2025-01-21,https://data.eastmoney.com/notices/detail/002607/AN202501201642367165.html
002607,中公教育,中公教育:独立董事候选人声明与承诺(江涛),独立董事候选人声明,2025-01-21,https://data.eastmoney.com/notices/detail/002607/AN202501201642367168.html
002607,中公教育,中公教育:独立董事候选人声明与承诺(江荣海),独立董事候选人声明,2025-01-21,https://data.eastmoney.com/notices/detail/002607/AN202501201642367166.html
002607,中公教育,中公教育:独立董事提名人声明与承诺(江荣海),独立董事提名人声明,2025-01-21,https://data.eastmoney.com/notices/detail/002607/AN202501201642367167.html
002607,中公教育,中公教育:独立董事提名人声明与承诺(陈玉琴),独立董事提名人声明,2025-01-21,https://data.eastmoney.com/notices/detail/002607/AN202501201642367163.html
002607,中公教育,中公教育:关于监事会换届选举的公告,高管人员任职变动,2025-01-21,https://data.eastmoney.com/notices/detail/002607/AN202501201642367160.html
002607,中公教育,中公教育:关于董事会换届选举的公告,高管人员任职变动,2025-01-21,https://data.eastmoney.com/notices/detail/002607/AN202501201642367171.html
002607,中公教育,中公教育:第六届监事会第十六次会议决议公告,高管人员任职变动,2025-01-21,https://data.eastmoney.com/notices/detail/002607/AN202501201642367169.html
002607,中公教育,中公教育:第六届董事会第二十二次会议决议公告,高管人员任职变动,2025-01-21,https://data.eastmoney.com/notices/detail/002607/AN202501201642367170.html
000619,海螺新材,海螺新材:第十届董事会第十次会议决议公告,董事会决议公告,2025-01-21,https://data.eastmoney.com/notices/detail/000619/AN202501201642367172.html
600639,浦东金桥,浦东金桥:浦东金桥关于股份回购比例达到2%的进展公告,回购进展情况,2025-01-21,https://data.eastmoney.com/notices/detail/600639/AN202501201642367158.html
688105,诺唯赞,诺唯赞:诺唯赞关于注销部分募集资金专项账户的公告,募集资金使用情况报告,2025-01-21,https://data.eastmoney.com/notices/detail/688105/AN202501201642367041.html
301168,通灵股份,通灵股份:2024年业绩预告,业绩预告,2025-01-21,https://data.eastmoney.com/notices/detail/301168/AN202501201642367009.html
603477,巨星农牧,巨星农牧:乐山巨星农牧股份有限公司2024年年度业绩预告,业绩预告,2025-01-21,https://data.eastmoney.com/notices/detail/603477/AN202501201642366999.html
600391,航发科技,航发科技:中国航发航空科技股份有限公司2025年第一次临时股东大会会议资料,股东大会资料,2025-01-21,https://data.eastmoney.com/notices/detail/600391/AN202501201642366986.html
603950,长源东谷,长源东谷:襄阳长源东谷实业股份有限公司2024年业绩预告的公告,业绩预告,2025-01-21,https://data.eastmoney.com/notices/detail/603950/AN202501201642366983.html
600515,海南机场,海南机场:海南机场设施股份有限公司关于子公司对外增资进展暨完成工商变更登记的公告,公司关联方基本资料变更,2025-01-21,https://data.eastmoney.com/notices/detail/600515/AN202501201642366979.html
603093,南华期货,南华期货:南华期货股份有限公司关于聘请H股发行并上市审计机构的公告,审计机构变更,2025-01-21,https://data.eastmoney.com/notices/detail/603093/AN202501201642366822.html
603093,南华期货,南华期货:南华期货股份有限公司第四届董事会第十八次会议决议公告,董事会决议公告,2025-01-21,https://data.eastmoney.com/notices/detail/603093/AN202501201642366824.html
603093,南华期货,南华期货:南华期货股份有限公司第四届监事会第十五次会议决议公告,监事会决议公告,2025-01-21,https://data.eastmoney.com/notices/detail/603093/AN202501201642366820.html
603093,南华期货,南华期货:南华期货股份有限公司境外发行上市保密及档案管理制度,管理办法/制度,2025-01-21,https://data.eastmoney.com/notices/detail/603093/AN202501201642366821.html
603093,南华期货,南华期货:南华期货股份有限公司关于筹划H股股票发行并上市相关事项的提示性公告,其他,2025-01-21,https://data.eastmoney.com/notices/detail/603093/AN202501201642366823.html
603093,南华期货,南华期货:南华期货股份有限公司关于召开2025年第一次临时股东大会的通知,召开股东大会通知,2025-01-21,https://data.eastmoney.com/notices/detail/603093/AN202501201642366819.html
002989,中天精装,中天精装:2025-013关于全资子公司认购的合伙企业对外投资的进展公告,对外项目投资,2025-01-21,https://data.eastmoney.com/notices/detail/002989/AN202501201642366803.html
002989,中天精装,中天精装:深圳中天精装股份有限公司第四届董事会第二十二次会议决议公告,董事会决议公告,2025-01-21,https://data.eastmoney.com/notices/detail/002989/AN202501201642366806.html
002989,中天精装,中天精装:关于放弃参股公司增资优先认缴出资权的公告,其他,2025-01-21,https://data.eastmoney.com/notices/detail/002989/AN202501201642366805.html
601089,福元医药,福元医药:北京福元医药股份有限公司关于乳果糖口服溶液获得药品注册证书的公告,获得认证,2025-01-21,https://data.eastmoney.com/notices/detail/601089/AN202501201642366789.html
601089,福元医药,福元医药:北京福元医药股份有限公司关于达格列净二甲双胍缓释片(I)、(III)获得药品注册证书的公告,获得认证,2025-01-21,https://data.eastmoney.com/notices/detail/601089/AN202501201642366788.html
688209,英集芯,英集芯:英集芯关于获得政府补助的公告,获得补贴（资助）,2025-01-21,https://data.eastmoney.com/notices/detail/688209/AN202501201642366787.html
605009,豪悦护理,豪悦护理:州豪悦护理用品股份有限公司关于收购股权完成交割的公告,收购出售资产/股权,2025-01-21,https://data.eastmoney.com/notices/detail/605009/AN202501201642366772.html
601666,平煤股份,平煤股份:平煤股份关于以集中竞价交易方式回购股份比例变动1%的进展公告,回购进展情况,2025-01-21,https://data.eastmoney.com/notices/detail/601666/AN202501201642366764.html
601666,平煤股份,平煤股份:平煤股份关于“平煤主焦一号”入选大商所首批焦煤品牌的公告,其他,2025-01-21,https://data.eastmoney.com/notices/detail/601666/AN202501201642366763.html
300391,长药退,长药控股:关于为子公司提供担保的进展公告,提供/对外担保公告,2025-01-21,https://data.eastmoney.com/notices/detail/300391/AN202501201642366770.html
002890,弘宇股份,弘宇股份:通过开立募集资金保证金账户方式开具银行承兑汇票及信用证支付募投项目款项的核查意见,保荐/核查意见,2025-01-21,https://data.eastmoney.com/notices/detail/002890/AN202501201642366796.html
002890,弘宇股份,弘宇股份:关于通过开立募集资金保证金账户方式开具银行承兑汇票及信用证支付募投项目款项的公告,募集资金使用情况报告,2025-01-21,https://data.eastmoney.com/notices/detail/002890/AN202501201642366792.html
002890,弘宇股份,弘宇股份:第四届董事会第十一次会议决议公告,董事会决议公告,2025-01-21,https://data.eastmoney.com/notices/detail/002890/AN202501201642366794.html
002890,弘宇股份,弘宇股份:第四届监事会第十一次会议决议公告,监事会决议公告,2025-01-21,https://data.eastmoney.com/notices/detail/002890/AN202501201642366795.html
002890,弘宇股份,弘宇股份:关于变更募集资金专户并授权签订募集资金三方监管协议的公告,签订协议,2025-01-21,https://data.eastmoney.com/notices/detail/002890/AN202501201642366797.html
002693,双成药业,双成药业:海南双成药业股份有限公司关于公司药品生产许可证变更的公告,其他,2025-01-21,https://data.eastmoney.com/notices/detail/002693/AN202501201642366793.html
002671,龙泉股份,龙泉股份:关于收购南通市电站阀门有限公司控股权事项完成股权过户工商变更登记的公告,收购出售资产/股权,2025-01-21,https://data.eastmoney.com/notices/detail/002671/AN202501201642366766.html
002312,川发龙蟒,川发龙蟒:关于召开2025年第一次临时股东大会的提示性公告,召开股东大会提示性公告,2025-01-21,https://data.eastmoney.com/notices/detail/002312/AN202501201642366769.html
002787,华源控股,华源控股:关于使用自有资金购买理财产品的进展公告,投资理财,2025-01-21,https://data.eastmoney.com/notices/detail/002787/AN202501201642366768.html
000590,古汉医药,启迪药业:关于收到股权收购业绩承诺补偿款的公告,收购出售资产/股权,2025-01-21,https://data.eastmoney.com/notices/detail/000590/AN202501201642366765.html
600161,天坛生物,天坛生物:天坛生物2024年度业绩快报公告,业绩快报,2025-01-21,https://data.eastmoney.com/notices/detail/600161/AN202501201642366549.html
603779,威龙股份,威龙股份:威龙葡萄酒股份有限公司关于控股股东部分股份解除质押及再质押的公告,股份质押、冻结,2025-01-21,https://data.eastmoney.com/notices/detail/603779/AN202501201642366550.html
600115,中国东航,中国东航:中国东方航空股份有限公司关于召开2025年第一次临时股东大会的通知,召开股东大会通知,2025-01-21,https://data.eastmoney.com/notices/detail/600115/AN202501201642366530.html
603368,柳药集团,柳药集团:广西柳药集团股份有限公司关于“柳药转债”可选择回售的提示性公告,其他,2025-01-21,https://data.eastmoney.com/notices/detail/603368/AN202501201642366536.html
603368,柳药集团,柳药集团:广西柳药集团股份有限公司关于闲置募集资金暂时补充流动资金提前归还的公告,募集资金补充流动资金,2025-01-21,https://data.eastmoney.com/notices/detail/603368/AN202501201642366535.html
603368,柳药集团,柳药集团:广西柳药集团股份有限公司关于签订募集资金专户存储三方监管协议的公告,签订协议,2025-01-21,https://data.eastmoney.com/notices/detail/603368/AN202501201642366537.html
603583,捷昌驱动,捷昌驱动:关于为子公司提供担保的进展公告,提供/对外担保公告,2025-01-21,https://data.eastmoney.com/notices/detail/603583/AN202501201642366527.html
002890,弘宇股份,弘宇股份:使用银行承兑汇票、信用证等方式支付募投项目资金并以募集资金等额置换的核查意见,保荐/核查意见,2025-01-21,https://data.eastmoney.com/notices/detail/002890/AN202501201642366524.html
002890,弘宇股份,弘宇股份:关于使用银行承兑汇票、信用证等方式支付募投项目资金并以募集资金等额置换的的公告,募集资金使用情况报告,2025-01-21,https://data.eastmoney.com/notices/detail/002890/AN202501201642366523.html
688719,爱科赛博,爱科赛博:西安爱科赛博电气股份有限公司2024年年度业绩预告,业绩预告,2025-01-21,https://data.eastmoney.com/notices/detail/688719/AN202501201642366517.html
600231,凌钢股份,凌钢股份:凌源钢铁股份有限公司股份质押公告,股份质押、冻结,2025-01-21,https://data.eastmoney.com/notices/detail/600231/AN202501201642366516.html
603386,骏亚科技,骏亚科技:关于为下属全资子公司提供担保的进展公告,提供/对外担保公告,2025-01-21,https://data.eastmoney.com/notices/detail/603386/AN202501201642366513.html
600734,*ST实达,实达集团:福建实达集团股份有限公司关于公司副总裁辞职的公告,高管人员任职变动,2025-01-21,https://data.eastmoney.com/notices/detail/600734/AN202501201642366484.html
600738,丽尚国潮,丽尚国潮:兰州丽尚国潮实业集团股份有限公司未来三年(2025-2027年)股东分红回报规划,其他,2025-01-21,https://data.eastmoney.com/notices/detail/600738/AN202501201642366483.html
600738,丽尚国潮,丽尚国潮:丽尚国潮第十届监事会第十五次会议决议公告,监事会决议公告,2025-01-21,https://data.eastmoney.com/notices/detail/600738/AN202501201642366485.html
600738,丽尚国潮,丽尚国潮:兰州丽尚国潮实业集团股份有限公司未来三年(2025-2027年)股份回购规划,其他,2025-01-21,https://data.eastmoney.com/notices/detail/600738/AN202501201642366487.html
600738,丽尚国潮,丽尚国潮:丽尚国潮第十届董事会第二十八次会议决议公告,董事会决议公告,2025-01-21,https://data.eastmoney.com/notices/detail/600738/AN202501201642366486.html
002995,天地在线,天地在线:舆情管理制度(2025年1月),管理办法/制度,2025-01-21,https://data.eastmoney.com/notices/detail/002995/AN202501201642366489.html
002995,天地在线,天地在线:第三届董事会提名委员会关于第四届董事会董事候选人任职资格的审查意见,专项说明/独立意见,2025-01-21,https://data.eastmoney.com/notices/detail/002995/AN202501201642366494.html
002995,天地在线,天地在线:独立董事候选人声明与承诺(穆林娟),独立董事候选人声明,2025-01-21,https://data.eastmoney.com/notices/detail/002995/AN202501201642366490.html
002995,天地在线,天地在线:独立董事提名人声明与承诺(岳利强),独立董事提名人声明,2025-01-21,https://data.eastmoney.com/notices/detail/002995/AN202501201642366491.html
002995,天地在线,天地在线:独立董事候选人声明与承诺(岳利强),独立董事候选人声明,2025-01-21,https://data.eastmoney.com/notices/detail/002995/AN202501201642366497.html
002995,天地在线,天地在线:独立董事提名人声明与承诺(穆林娟),独立董事提名人声明,2025-01-21,https://data.eastmoney.com/notices/detail/002995/AN202501201642366495.html
002995,天地在线,天地在线:关于董事会换届选举的公告,高管人员任职变动,2025-01-21,https://data.eastmoney.com/notices/detail/002995/AN202501201642366492.html
002995,天地在线,天地在线:关于监事会换届选举的公告,高管人员任职变动,2025-01-21,https://data.eastmoney.com/notices/detail/002995/AN202501201642366498.html
002995,天地在线,天地在线:关于第三届监事会第十八次会议决议的公告,高管人员任职变动,2025-01-21,https://data.eastmoney.com/notices/detail/002995/AN202501201642366488.html
002995,天地在线,天地在线:关于第三届董事会第二十次会议决议的公告,高管人员任职变动,2025-01-21,https://data.eastmoney.com/notices/detail/002995/AN202501201642366493.html
002995,天地在线,天地在线:关于召开2025年第一次临时股东大会的通知,召开股东大会通知,2025-01-21,https://data.eastmoney.com/notices/detail/002995/AN202501201642366496.html
600728,佳都科技,佳都科技:佳都科技关于闲置募集资金暂时补充流动资金全部归还公告,募集资金补充流动资金,2025-01-21,https://data.eastmoney.com/notices/detail/600728/AN202501201642366465.html
300025,华星创业,华星创业:2024年度业绩预告,业绩预告,2025-01-21,https://data.eastmoney.com/notices/detail/300025/AN202501201642366463.html
002667,*ST威领,威领股份:关于2025年度对外担保额度的公告,提供/对外担保公告,2025-01-21,https://data.eastmoney.com/notices/detail/002667/AN202501201642366464.html
002667,*ST威领,威领股份:第七届监事会第六次会议决议公告,监事会决议公告,2025-01-21,https://data.eastmoney.com/notices/detail/002667/AN202501201642366459.html
002667,*ST威领,威领股份:关于全资子公司减资的公告,公司关联方基本资料变更,2025-01-21,https://data.eastmoney.com/notices/detail/002667/AN202501201642366462.html
002667,*ST威领,威领股份:第七届董事会第六次会议决议公告,董事会决议公告,2025-01-21,https://data.eastmoney.com/notices/detail/002667/AN202501201642366458.html
002667,*ST威领,威领股份:关于控股子公司减资暨少数股东退出的公告,公司关联方基本资料变更,2025-01-21,https://data.eastmoney.com/notices/detail/002667/AN202501201642366460.html
002667,*ST威领,威领股份:关于召开2025年第一次临时股东大会的通知,召开股东大会通知,2025-01-21,https://data.eastmoney.com/notices/detail/002667/AN202501201642366457.html
002439,启明星辰,启明星辰:2024年度业绩预告,业绩预告,2025-01-21,https://data.eastmoney.com/notices/detail/002439/AN202501201642366461.html
600729,重百集团,重庆百货:重庆百货大楼股份有限公司关于公司股东权益变动的进展公告,权益变动报告书,2025-01-21,https://data.eastmoney.com/notices/detail/600729/AN202501201642366248.html
000622,恒立退,*ST恒立:第九届董事会2025年度第一次临时会议决议公告,高管人员任职变动,2025-01-21,https://data.eastmoney.com/notices/detail/000622/AN202501201642366204.html
000518,四环生物,四环生物:江苏四环生物股份有限公司第十届董事会第九次会议决议公告,董事会决议公告,2025-01-21,https://data.eastmoney.com/notices/detail/000518/AN202501201642366201.html
002674,兴业科技,兴业科技:关于为子公司提供担保的进展公告(七),提供/对外担保公告,2025-01-21,https://data.eastmoney.com/notices/detail/002674/AN202501201642366203.html
000622,恒立退,*ST恒立:恒立实业发展集团股份有限公司舆情管理制度,管理办法/制度,2025-01-21,https://data.eastmoney.com/notices/detail/000622/AN202501201642366200.html
001234,泰慕士,泰慕士:关于使用闲置募集资金进行现金管理到期赎回并继续进行现金管理的进展公告,募集资金使用进展情况,2025-01-21,https://data.eastmoney.com/notices/detail/001234/AN202501201642366199.html
000622,恒立退,*ST恒立:关于副总裁兼董事会秘书辞职暨聘任董事会秘书的公告,高管人员任职变动,2025-01-21,https://data.eastmoney.com/notices/detail/000622/AN202501201642366202.html
002298,中电鑫龙,中电兴发:独立董事提名人声明与承诺((许礼进),独立董事提名人声明,2025-01-21,https://data.eastmoney.com/notices/detail/002298/AN202501201642366185.html
002298,中电鑫龙,中电兴发:公司章程(2025年1月),公司章程,2025-01-21,https://data.eastmoney.com/notices/detail/002298/AN202501201642366176.html
002298,中电鑫龙,中电兴发:董事会提名委员会关于提名公司第十届董事会董事候选人的审核意见,专项说明/独立意见,2025-01-21,https://data.eastmoney.com/notices/detail/002298/AN202501201642366170.html
002298,中电鑫龙,中电兴发:独立董事候选人声明与承诺(许礼进),独立董事候选人声明,2025-01-21,https://data.eastmoney.com/notices/detail/002298/AN202501201642366181.html
002298,中电鑫龙,中电兴发:独立董事提名人声明与承诺(郑湘),独立董事提名人声明,2025-01-21,https://data.eastmoney.com/notices/detail/002298/AN202501201642366177.html
002298,中电鑫龙,中电兴发:独立董事候选人声明与承诺(刘芳端),独立董事候选人声明,2025-01-21,https://data.eastmoney.com/notices/detail/002298/AN202501201642366169.html
002298,中电鑫龙,中电兴发:独立董事提名人声明与承诺(刘芳端),独立董事提名人声明,2025-01-21,https://data.eastmoney.com/notices/detail/002298/AN202501201642366172.html
002298,中电鑫龙,中电兴发:章程修正案,公司章程修订,2025-01-21,https://data.eastmoney.com/notices/detail/002298/AN202501201642366183.html
002298,中电鑫龙,中电兴发:独立董事候选人声明与承诺(郑湘),独立董事候选人声明,2025-01-21,https://data.eastmoney.com/notices/detail/002298/AN202501201642366187.html
002298,中电鑫龙,中电兴发:关于选举第十届职工代表监事的公告,高管人员任职变动,2025-01-21,https://data.eastmoney.com/notices/detail/002298/AN202501201642366192.html
002298,中电鑫龙,中电兴发:关于监事会换届选举的公告,高管人员任职变动,2025-01-21,https://data.eastmoney.com/notices/detail/002298/AN202501201642366179.html
002298,中电鑫龙,中电兴发:关于公司变更名称、证券简称及修订《公司章程》相应条款的公告,证券简称变更,2025-01-21,https://data.eastmoney.com/notices/detail/002298/AN202501201642366168.html
002298,中电鑫龙,中电兴发:关于董事会换届选举的公告,高管人员任职变动,2025-01-21,https://data.eastmoney.com/notices/detail/002298/AN202501201642366171.html
002298,中电鑫龙,中电兴发:第九届监事会第十四次会议决议公告,高管人员任职变动,2025-01-21,https://data.eastmoney.com/notices/detail/002298/AN202501201642366174.html
002298,中电鑫龙,中电兴发:第九届董事会第十九次会议决议公告,高管人员任职变动,2025-01-21,https://data.eastmoney.com/notices/detail/002298/AN202501201642366190.html
002298,中电鑫龙,中电兴发:关于召开2025年第一次临时股东会的通知,召开股东大会通知,2025-01-21,https://data.eastmoney.com/notices/detail/002298/AN202501201642366180.html
002247,聚力文化,聚力文化:2024年度业绩预告,业绩预告,2025-01-21,https://data.eastmoney.com/notices/detail/002247/AN202501201642366189.html
000518,四环生物,四环生物:江苏四环生物股份有限公司公司章程(2025年1月),公司章程,2025-01-21,https://data.eastmoney.com/notices/detail/000518/AN202501201642366191.html
000518,四环生物,四环生物:江苏四环生物股份有限公司独立董事2025年第一次专门会议决议,其他,2025-01-21,https://data.eastmoney.com/notices/detail/000518/AN202501201642366184.html
000518,四环生物,四环生物:江苏四环生物股份有限公司关于公司接受无息借款暨关联交易的公告,借贷,2025-01-21,https://data.eastmoney.com/notices/detail/000518/AN202501201642366167.html
000518,四环生物,四环生物:江苏四环生物股份有限公司关于召开2025年第一次临时股东大会的通知,召开股东大会通知,2025-01-21,https://data.eastmoney.com/notices/detail/000518/AN202501201642366175.html
601702,华峰铝业,华峰铝业:上海华峰铝业股份有限公司2024年年度业绩预增公告,业绩预告,2025-01-21,https://data.eastmoney.com/notices/detail/601702/AN202501201642366166.html
688686,奥普特,奥普特:关于收购东莞市泰莱自动化科技有限公司51%股权的公告,收购出售资产/股权,2025-01-21,https://data.eastmoney.com/notices/detail/688686/AN202501201642366158.html
603809,豪能股份,豪能股份:关于2024年度向银行申请授信额度的进展公告,借贷,2025-01-21,https://data.eastmoney.com/notices/detail/603809/AN202501201642365849.html
605499,东鹏饮料,东鹏饮料:东鹏饮料(集团)股份有限公司2024年年度业绩预增公告,业绩预告,2025-01-21,https://data.eastmoney.com/notices/detail/605499/AN202501201642365848.html
603836,海程邦达,海程邦达:2025年第一次临时股东大会会议资料,股东大会资料,2025-01-21,https://data.eastmoney.com/notices/detail/603836/AN202501201642365828.html
601918,新集能源,新集能源:新集能源关于控股股东首次增持公司股份暨增持计划进展的公告,股东/实际控制人股份增持,2025-01-21,https://data.eastmoney.com/notices/detail/601918/AN202501201642365812.html
600778,友好集团,友好集团:友好集团2024年年度业绩预盈公告,业绩预告,2025-01-21,https://data.eastmoney.com/notices/detail/600778/AN202501201642365809.html
600030,中信证券,中信证券:中信证券股份有限公司关于间接子公司发行中期票据并由全资子公司提供担保的公告,提供/对外担保公告,2025-01-21,https://data.eastmoney.com/notices/detail/600030/AN202501201642365795.html
603102,百合股份,百合股份:广发证券股份有限公司关于威海百合生物技术股份有限公司首次公开发行部分限售股上市流通的核查意见,保荐/核查意见,2025-01-21,https://data.eastmoney.com/notices/detail/603102/AN202501201642365807.html
603102,百合股份,百合股份:威海百合生物技术股份有限公司关于首次公开发行部分限售股上市流通的公告,限售股份上市流通,2025-01-21,https://data.eastmoney.com/notices/detail/603102/AN202501201642365806.html
002303,美盈森,美盈森:关于为子公司提供担保的进展公告,提供/对外担保公告,2025-01-21,https://data.eastmoney.com/notices/detail/002303/AN202501201642365796.html
688205,德科立,德科立:无锡市德科立光电子技术股份有限公司关于开立募集资金现金管理专用结算账户的公告,投资理财,2025-01-21,https://data.eastmoney.com/notices/detail/688205/AN202501201642365789.html
001296,长江材料,长江材料:关于独立董事任期届满辞职的公告,高管人员任职变动,2025-01-21,https://data.eastmoney.com/notices/detail/001296/AN202501201642365781.html
000570,苏常柴A,苏常柴Ａ:2024年年度业绩预告,业绩预告,2025-01-21,https://data.eastmoney.com/notices/detail/000570/AN202501201642365782.html
605058,澳弘电子,澳弘电子:控股股东《关于常州澳弘电子股份有限公司股票交易异常波动的问询函》的回函,回复问询函公告,2025-01-21,https://data.eastmoney.com/notices/detail/605058/AN202501201642365769.html
603488,展鹏科技,展鹏科技:展鹏科技股份有限公司2024年年度业绩预告,业绩预告,2025-01-21,https://data.eastmoney.com/notices/detail/603488/AN202501201642365767.html
605058,澳弘电子,澳弘电子:实际控制人《关于常州澳弘电子股份有限公司股票交易异常波动的问询函》的回函,回复问询函公告,2025-01-21,https://data.eastmoney.com/notices/detail/605058/AN202501201642365770.html
605058,澳弘电子,澳弘电子:澳弘电子股票交易异常波动公告,股票交易异常波动,2025-01-21,https://data.eastmoney.com/notices/detail/605058/AN202501201642365768.html
600388,紫金龙净,龙净环保:龙净环保2025年第一次临时股东会法律意见书,法律意见书,2025-01-21,https://data.eastmoney.com/notices/detail/600388/AN202501201642365764.html
600388,紫金龙净,龙净环保:2025年第一次临时股东会决议公告,股东大会决议公告,2025-01-21,https://data.eastmoney.com/notices/detail/600388/AN202501201642365763.html
603799,华友钴业,华友钴业:华友钴业关于股权激励限制性股票回购注销实施公告,回购实施公告,2025-01-21,https://data.eastmoney.com/notices/detail/603799/AN202501201642365757.html
600462,退市九有,*ST九有:关于股票交易价格短期波动幅度较大的风险提示公告,风险提示性公告,2025-01-21,https://data.eastmoney.com/notices/detail/600462/AN202501201642365652.html
002375,亚厦股份,亚厦股份:关于实际控制人股份质押部分购回的公告,股份质押、冻结,2025-01-21,https://data.eastmoney.com/notices/detail/002375/AN202501201642365656.html
603225,新凤鸣,新凤鸣:第六届董事会第二十八次会议决议公告,董事会决议公告,2025-01-21,https://data.eastmoney.com/notices/detail/603225/AN202501201642365644.html
603225,新凤鸣,新凤鸣:关于变更公司注册资本暨修订《公司章程》的公告,公司注册资本变更,2025-01-21,https://data.eastmoney.com/notices/detail/603225/AN202501201642365643.html
603225,新凤鸣,新凤鸣:关于全资子公司中维化纤向其控股子公司增资的公告,其他,2025-01-21,https://data.eastmoney.com/notices/detail/603225/AN202501201642365642.html
603322,超讯科技,超讯通信:2024年度业绩预亏公告,业绩预告,2025-01-21,https://data.eastmoney.com/notices/detail/603322/AN202501201642365640.html
603225,新凤鸣,新凤鸣:公司章程修正案,公司章程修订,2025-01-21,https://data.eastmoney.com/notices/detail/603225/AN202501201642365641.html
603225,新凤鸣,新凤鸣:关于召开2025年第一次临时股东大会的通知,召开股东大会通知,2025-01-21,https://data.eastmoney.com/notices/detail/603225/AN202501201642365646.html
603225,新凤鸣,新凤鸣:第六届监事会第十六次会议决议公告,监事会决议公告,2025-01-21,https://data.eastmoney.com/notices/detail/603225/AN202501201642365647.html
603225,新凤鸣,新凤鸣:关于确认公司2024年度日常关联交易执行情况并预计2025年度日常关联交易的公告,关联交易,2025-01-21,https://data.eastmoney.com/notices/detail/603225/AN202501201642365645.html
688076,ST诺泰,诺泰生物:关于自愿披露新建口服固体制剂车间干混悬剂及颗粒剂生产线通过药品GMP符合性检查的公告,其他,2025-01-21,https://data.eastmoney.com/notices/detail/688076/AN202501201642365632.html
300920,润阳科技,润阳科技:2025年第一次临时股东大会决议公告,股东大会决议公告,2025-01-21,https://data.eastmoney.com/notices/detail/300920/AN202501201642365627.html
300920,润阳科技,润阳科技:北京中伦(杭州)律师事务所关于浙江润阳新材料科技股份有限公司2025年第一次临时股东大会的法律意见书,法律意见书,2025-01-21,https://data.eastmoney.com/notices/detail/300920/AN202501201642365624.html
002940,昂利康,昂利康:关于获得药品注册证书的公告,获得认证,2025-01-21,https://data.eastmoney.com/notices/detail/002940/AN202501201642365625.html
000635,英力特,英力特:关于召开2025年第一次临时股东大会的提示性公告,召开股东大会提示性公告,2025-01-21,https://data.eastmoney.com/notices/detail/000635/AN202501201642365623.html
600318,新力金融,新力金融:安徽新力金融股份有限公司第九届监事会第十二次会议决议公告,监事会决议公告,2025-01-21,https://data.eastmoney.com/notices/detail/600318/AN202501201642365605.html
600318,新力金融,新力金融:安徽新力金融股份有限公司关于中国证券监督管理委员会安徽监管局对公司采取责令改正措施决定的整改报告,整改报告,2025-01-21,https://data.eastmoney.com/notices/detail/600318/AN202501201642365607.html
603079,圣达生物,圣达生物:浙江圣达生物药业股份有限公司2024年年度业绩预盈公告,业绩预告,2025-01-21,https://data.eastmoney.com/notices/detail/603079/AN202501201642365608.html
600318,新力金融,新力金融:安徽新力金融股份有限公司第九届董事会第十三次会议决议公告,董事会决议公告,2025-01-21,https://data.eastmoney.com/notices/detail/600318/AN202501201642365606.html
603079,圣达生物,圣达生物:浙江圣达生物药业股份有限公司关于拟计提资产减值准备的提示性公告,其他,2025-01-21,https://data.eastmoney.com/notices/detail/603079/AN202501201642365603.html
600318,新力金融,新力金融:安徽新力金融股份有限公司舆情管理制度,管理办法/制度,2025-01-21,https://data.eastmoney.com/notices/detail/600318/AN202501201642365604.html
600653,申华控股,申华控股:申华控股2024年度业绩扭亏为盈的公告,业绩预告,2025-01-21,https://data.eastmoney.com/notices/detail/600653/AN202501201642365591.html
300732,设研院,设研院:2024年度业绩预告,业绩预告,2025-01-21,https://data.eastmoney.com/notices/detail/300732/AN202501201642365582.html
002471,中超控股,中超控股:关于中标的提示性公告,重大合同,2025-01-21,https://data.eastmoney.com/notices/detail/002471/AN202501201642365584.html
603108,润达医疗,润达医疗:2024年度业绩预减预告,业绩预告,2025-01-21,https://data.eastmoney.com/notices/detail/603108/AN202501201642365571.html
600513,联环药业,联环药业:联环药业关于公司1类新药LH-1801片Ⅲ期联合二甲双胍临床试验完成受试者入组的公告,其他,2025-01-21,https://data.eastmoney.com/notices/detail/600513/AN202501201642365572.html
600079,ST人福,人福医药:人福医药关于卡马西平缓释片获得美国FDA批准文号的公告,其他,2025-01-21,https://data.eastmoney.com/notices/detail/600079/AN202501201642365570.html
600463,空港股份,空港股份:空港股份关于调整2025年度日常关联交易预计额度的公告,关联交易,2025-01-21,https://data.eastmoney.com/notices/detail/600463/AN202501201642365445.html
600463,空港股份,空港股份:空港股份第八届董事会第四次会议决议公告,董事会决议公告,2025-01-21,https://data.eastmoney.com/notices/detail/600463/AN202501201642365451.html
600463,空港股份,空港股份:空港股份独立董事关于第八届董事会第四次会议审议相关事项的独立意见,专项说明/独立意见,2025-01-21,https://data.eastmoney.com/notices/detail/600463/AN202501201642365452.html
600463,空港股份,空港股份:北京天利动力供热有限公司2023年12月31日及2024年9月30日财务报表,其他,2025-01-21,https://data.eastmoney.com/notices/detail/600463/AN202501201642365449.html
600463,空港股份,空港股份:空港股份关于召开2025年第二次临时股东大会的通知,召开股东大会通知,2025-01-21,https://data.eastmoney.com/notices/detail/600463/AN202501201642365450.html
600463,空港股份,空港股份:北京空港天地物业管理有限公司2023年12月31日及2024年9月30日财务报表,其他,2025-01-21,https://data.eastmoney.com/notices/detail/600463/AN202501201642365447.html
600463,空港股份,空港股份:空港股份董事会审计委员会关于第八届董事会第四次会议审议事项的书面审核意见,专项说明/独立意见,2025-01-21,https://data.eastmoney.com/notices/detail/600463/AN202501201642365446.html
600463,空港股份,空港股份:空港股份关于为全资子公司提供担保的公告,提供/对外担保公告,2025-01-21,https://data.eastmoney.com/notices/detail/600463/AN202501201642365448.html
301212,联盛化学,联盛化学:浙江联盛化学股份有限公司2024年度业绩预告,业绩预告,2025-01-21,https://data.eastmoney.com/notices/detail/301212/AN202501201642365440.html
300883,龙利得,龙利得:关于2024年度拟计提资产减值准备的公告,其他,2025-01-21,https://data.eastmoney.com/notices/detail/300883/AN202501201642365442.html
002661,克明食品,克明食品:关于陈克明食品股份有限公司2025年第一次临时股东会的法律意见书,法律意见书,2025-01-21,https://data.eastmoney.com/notices/detail/002661/AN202501201642365437.html
300883,龙利得,龙利得:关于调整2024年员工持股计划管理委员会委员的公告,员工持股计划,2025-01-21,https://data.eastmoney.com/notices/detail/300883/AN202501201642365441.html
300883,龙利得,龙利得:2024年度业绩预告,业绩预告,2025-01-21,https://data.eastmoney.com/notices/detail/300883/AN202501201642365436.html
002661,克明食品,克明食品:2025年第一次临时股东会决议的公告,股东大会决议公告,2025-01-21,https://data.eastmoney.com/notices/detail/002661/AN202501201642365438.html
688183,生益电子,生益电子:生益电子关于发起设立产业基金暨关联交易的进展公告,关联交易,2025-01-21,https://data.eastmoney.com/notices/detail/688183/AN202501201642365434.html
605033,美邦股份,美邦股份:陕西美邦药业集团股份有限公司股票交易异常波动公告,股票交易异常波动,2025-01-21,https://data.eastmoney.com/notices/detail/605033/AN202501201642365430.html
605266,健之佳,健之佳:关于公司实际控制人部分股份提前解除质押的公告,股份质押、冻结,2025-01-21,https://data.eastmoney.com/notices/detail/605266/AN202501201642365432.html
605266,健之佳,健之佳:关于以集中竞价交易方式回购股份比例达到1%暨回购进展公告,回购进展情况,2025-01-21,https://data.eastmoney.com/notices/detail/605266/AN202501201642365431.html
605033,美邦股份,美邦股份:《关于陕西美邦药业集团股份有限公司股票交易异常波动问询函》的回函,回复问询函公告,2025-01-21,https://data.eastmoney.com/notices/detail/605033/AN202501201642365433.html
600988,赤峰黄金,赤峰黄金:赤峰黄金2024年年度业绩预增预告,业绩预告,2025-01-21,https://data.eastmoney.com/notices/detail/600988/AN202501201642365416.html
600479,千金药业,千金药业:千金药业关于子公司获得药品补充申请批准通知书的公告,其他,2025-01-21,https://data.eastmoney.com/notices/detail/600479/AN202501201642365415.html
688578,艾力斯,艾力斯:上海艾力斯医药科技股份有限公司2024年年度业绩预告,业绩预告,2025-01-21,https://data.eastmoney.com/notices/detail/688578/AN202501201642365399.html
688085,三友医疗,三友医疗:2024年度业绩预告,业绩预告,2025-01-21,https://data.eastmoney.com/notices/detail/688085/AN202501201642365400.html
300566,激智科技,激智科技:2024年度业绩预告,业绩预告,2025-01-21,https://data.eastmoney.com/notices/detail/300566/AN202501201642365370.html
603005,晶方科技,晶方科技:晶方科技2024年年度业绩预告,业绩预告,2025-01-21,https://data.eastmoney.com/notices/detail/603005/AN202501201642365361.html
600496,精工钢构,精工钢构:精工钢构关于“精工转债”预计触发转股价格修正条件的提示性公告,其他,2025-01-21,https://data.eastmoney.com/notices/detail/600496/AN202501201642365248.html
600160,巨化股份,巨化股份:巨化股份关于担保进展情况的公告,其他担保公告,2025-01-21,https://data.eastmoney.com/notices/detail/600160/AN202501201642365244.html
603893,瑞芯微,瑞芯微:2024年年度业绩预告,业绩预告,2025-01-21,https://data.eastmoney.com/notices/detail/603893/AN202501201642365245.html
600160,巨化股份,巨化股份:巨化股份董事会九届十三次(通讯方式)会议决议公告,董事会决议公告,2025-01-21,https://data.eastmoney.com/notices/detail/600160/AN202501201642365243.html
601689,拓普集团,拓普集团:拓普集团2024年年度业绩预增公告,业绩预告,2025-01-21,https://data.eastmoney.com/notices/detail/601689/AN202501201642365242.html
002863,今飞凯达,今飞凯达:关于今飞转债到期兑付暨摘牌的第三次提示性公告,其他,2025-01-21,https://data.eastmoney.com/notices/detail/002863/AN202501201642365241.html
002076,星光股份,星光股份:2024年度业绩预告,业绩预告,2025-01-21,https://data.eastmoney.com/notices/detail/002076/AN202501201642365221.html
601728,中国电信,中国电信:中国电信股份有限公司2024年12月主要运营数据公告,月度经营情况,2025-01-21,https://data.eastmoney.com/notices/detail/601728/AN202501201642365209.html
603963,*ST大药,*ST大药:大理药业股份有限公司关于公司股票可能存在因市值低于5亿元而终止上市的第四次风险提示公告,终止上市风险提示,2025-01-21,https://data.eastmoney.com/notices/detail/603963/AN202501201642365213.html
601952,苏垦农发,苏垦农发:苏垦农发2024年度业绩快报公告,业绩快报,2025-01-21,https://data.eastmoney.com/notices/detail/601952/AN202501201642365214.html
600283,钱江水利,钱江水利:钱江水利开发股份有限公司2022年度第一期中期票据还本付息公告,其他,2025-01-21,https://data.eastmoney.com/notices/detail/600283/AN202501201642365212.html
600335,国机汽车,国机汽车:国机汽车2024年度业绩预增公告,业绩预告,2025-01-21,https://data.eastmoney.com/notices/detail/600335/AN202501201642365188.html
605378,野马电池,野马电池:浙江野马电池股份有限公司2024年年度业绩预告,业绩预告,2025-01-21,https://data.eastmoney.com/notices/detail/605378/AN202501201642365183.html
603306,华懋科技,华懋科技:华懋科技关于以集中竞价交易方式回购公司股份的进展公告,回购进展情况,2025-01-21,https://data.eastmoney.com/notices/detail/603306/AN202501201642365182.html
603936,博敏电子,博敏电子:博敏电子关于使用部分闲置募集资金进行现金管理的进展公告,募集资金使用进展情况,2025-01-21,https://data.eastmoney.com/notices/detail/603936/AN202501201642365181.html
605222,起帆电缆,起帆电缆:起帆电缆关于对外担保的进展公告,提供/对外担保公告,2025-01-21,https://data.eastmoney.com/notices/detail/605222/AN202501201642365165.html
600166,福田汽车,福田汽车:关于年度担保计划范围内担保进展的公告,其他担保公告,2025-01-21,https://data.eastmoney.com/notices/detail/600166/AN202501201642365166.html
600330,天通股份,天通股份:天通股份2024年年度业绩预告,业绩预告,2025-01-21,https://data.eastmoney.com/notices/detail/600330/AN202501201642365164.html
300358,楚天科技,楚天科技:关于楚天转债2025年付息的公告,其他,2025-01-21,https://data.eastmoney.com/notices/detail/300358/AN202501201642365160.html
300259,新天科技,新天科技:关于控股股东部分股份质押延期购回的公告,股份质押、冻结,2025-01-21,https://data.eastmoney.com/notices/detail/300259/AN202501201642365161.html
603329,上海雅仕,上海雅仕:华英证券有限责任公司关于上海雅仕投资发展股份有限公司向特定对象发行股票之发行保荐书,发行保荐书,2025-01-21,https://data.eastmoney.com/notices/detail/603329/AN202501201642365158.html
603329,上海雅仕,上海雅仕:华英证券有限责任公司关于上海雅仕投资发展股份有限公司向特定对象发行股票之上市保荐书,上市保荐书,2025-01-21,https://data.eastmoney.com/notices/detail/603329/AN202501201642364954.html
603329,上海雅仕,上海雅仕:关于上海雅仕投资发展股份有限公司向特定对象发行股票申请文件的审核问询函的回复,回复问询函公告,2025-01-21,https://data.eastmoney.com/notices/detail/603329/AN202501201642364956.html
603329,上海雅仕,上海雅仕:北京市中伦律师事务所关于上海雅仕投资发展股份有限公司向特定对象发行股票的补充法律意见书(一),法律意见书,2025-01-21,https://data.eastmoney.com/notices/detail/603329/AN202501201642365159.html
603329,上海雅仕,上海雅仕:关于向特定对象发行股票申请文件的审核问询函回复及募集说明书等申请文件更新的提示性公告,回复问询函公告,2025-01-21,https://data.eastmoney.com/notices/detail/603329/AN202501201642364953.html
603329,上海雅仕,上海雅仕:上海雅仕投资发展股份有限公司向特定对象发行股票证券募集说明书(修订稿),增发方案修订,2025-01-21,https://data.eastmoney.com/notices/detail/603329/AN202501201642364955.html
603329,上海雅仕,上海雅仕:立信会计师事务所(特殊普通合伙)关于上海雅仕投资发展股份有限公司向特定对象发行股票申请文件的审核问询函的回复,会计师事务所问询函回复公告,2025-01-21,https://data.eastmoney.com/notices/detail/603329/AN202501201642365157.html
600867,通化东宝,通化东宝:通化东宝2024年年度业绩预减公告,业绩预告,2025-01-21,https://data.eastmoney.com/notices/detail/600867/AN202501201642364952.html
600770,综艺股份,综艺股份:综艺股份关于2024年年度业绩预盈公告,业绩预告,2025-01-21,https://data.eastmoney.com/notices/detail/600770/AN202501201642364946.html
600196,复星医药,复星医药:复星医药关于控股子公司获药品注册批准的公告,其他,2025-01-21,https://data.eastmoney.com/notices/detail/600196/AN202501201642364938.html
600196,复星医药,复星医药:复星医药关于控股子公司获药品注册批准的公告,其他,2025-01-21,https://data.eastmoney.com/notices/detail/600196/AN202501201642364939.html
603655,朗博科技,朗博科技:2024年年度业绩预告,业绩预告,2025-01-21,https://data.eastmoney.com/notices/detail/603655/AN202501201642364940.html
605258,协和电子,协和电子:2024年年度业绩预告,业绩预告,2025-01-21,https://data.eastmoney.com/notices/detail/605258/AN202501201642364897.html
002819,东方中科,东方中科:2024年度业绩预告,业绩预告,2025-01-21,https://data.eastmoney.com/notices/detail/002819/AN202501201642364893.html
002759,ST天际,天际股份:关于2024年度拟计提资产减值准备的公告,其他,2025-01-21,https://data.eastmoney.com/notices/detail/002759/AN202501201642364892.html
002759,ST天际,天际股份:2024年度业绩预告,业绩预告,2025-01-21,https://data.eastmoney.com/notices/detail/002759/AN202501201642364890.html
002734,利民股份,利民股份:公司关于增加回购公司股份用途的公告,回购方案修订,2025-01-21,https://data.eastmoney.com/notices/detail/002734/AN202501201642364891.html
002546,新联电子,新联电子:2024年年度业绩预告,业绩预告,2025-01-21,https://data.eastmoney.com/notices/detail/002546/AN202501201642364895.html
002535,林州重机,林州重机:关于公司控股股东部分股份再质押及部分股份解除质押的公告,股份质押、冻结,2025-01-21,https://data.eastmoney.com/notices/detail/002535/AN202501201642364886.html
002532,天山铝业,天山铝业:2024年度业绩预告,业绩预告,2025-01-21,https://data.eastmoney.com/notices/detail/002532/AN202501201642364882.html
002068,黑猫股份,黑猫股份:2024年度业绩预告,业绩预告,2025-01-21,https://data.eastmoney.com/notices/detail/002068/AN202501201642364881.html
000838,*ST发展,财信发展:2024年度业绩预告,业绩预告,2025-01-21,https://data.eastmoney.com/notices/detail/000838/AN202501201642364889.html
000631,顺发恒能,顺发恒业:2024年度业绩预告,业绩预告,2025-01-21,https://data.eastmoney.com/notices/detail/000631/AN202501201642364887.html
000430,张家界,张家界:2024年度业绩预告,业绩预告,2025-01-21,https://data.eastmoney.com/notices/detail/000430/AN202501201642364884.html
600887,伊利股份,伊利股份:内蒙古伊利实业集团股份有限公司关于股东股份解除质押及再质押的公告,股份质押、冻结,2025-01-21,https://data.eastmoney.com/notices/detail/600887/AN202501201642364639.html
603928,兴业股份,兴业股份:兴业股份股票交易异常波动公告,股票交易异常波动,2025-01-21,https://data.eastmoney.com/notices/detail/603928/AN202501201642364624.html
600969,郴电国际,郴电国际:郴电国际关于完成公司法人工商变更登记及章程备案的公告,法定代表人变更,2025-01-21,https://data.eastmoney.com/notices/detail/600969/AN202501201642364625.html
300635,中达安,中达安:第五届董事会第三次会议决议公告,高管人员任职变动,2025-01-21,https://data.eastmoney.com/notices/detail/300635/AN202501201642364602.html
300635,中达安,中达安:关于为控股子公司提供担保的公告,提供/对外担保公告,2025-01-21,https://data.eastmoney.com/notices/detail/300635/AN202501201642364605.html
300635,中达安,中达安:舆情管理制度(2025年1月制定),管理办法/制度,2025-01-21,https://data.eastmoney.com/notices/detail/300635/AN202501201642364599.html
300635,中达安,中达安:公司章程修订对照表(2025年1月),公司章程修订,2025-01-21,https://data.eastmoney.com/notices/detail/300635/AN202501201642364604.html
300635,中达安,中达安:公司章程(2025年1月),公司章程,2025-01-21,https://data.eastmoney.com/notices/detail/300635/AN202501201642364601.html
300635,中达安,中达安:关于公司变更注册资本、增加经营范围及修订《公司章程》的公告,公司经营范围变更,2025-01-21,https://data.eastmoney.com/notices/detail/300635/AN202501201642364603.html
300635,中达安,中达安:关于召开2025年第一次临时股东大会的通知,召开股东大会通知,2025-01-21,https://data.eastmoney.com/notices/detail/300635/AN202501201642364600.html
600135,乐凯胶片,乐凯胶片:乐凯胶片股份有限公司关于子公司使用募集资金临时补充流动资金部分提前归还的公告,其他,2025-01-21,https://data.eastmoney.com/notices/detail/600135/AN202501201642364598.html
300635,中达安,中达安:关于聘任公司高级管理人员的公告,高管人员任职变动,2025-01-21,https://data.eastmoney.com/notices/detail/300635/AN202501201642364583.html
300599,雄塑科技,雄塑科技:2024年度业绩预告,业绩预告,2025-01-21,https://data.eastmoney.com/notices/detail/300599/AN202501201642364585.html
600641,先导基电,万业企业:上海万业企业股份有限公司关于公司办公地址及邮政编码变更的公告,公司办公地址变更,2025-01-21,https://data.eastmoney.com/notices/detail/600641/AN202501201642364578.html
600478,科力远,科力远:科力远2024年年度业绩预盈公告,业绩预告,2025-01-21,https://data.eastmoney.com/notices/detail/600478/AN202501201642364577.html
002487,大金重工,大金重工:关于大金重工2025年第一次临时股东大会的法律意见,法律意见书,2025-01-21,https://data.eastmoney.com/notices/detail/002487/AN202501201642364570.html
002487,大金重工,大金重工:关于为子公司代为开具保函的公告,其他,2025-01-21,https://data.eastmoney.com/notices/detail/002487/AN202501201642364569.html
002487,大金重工,大金重工:关于提供担保的进展公告,提供/对外担保公告,2025-01-21,https://data.eastmoney.com/notices/detail/002487/AN202501201642364571.html
002487,大金重工,大金重工:2025年第一次临时股东大会决议公告,股东大会决议公告,2025-01-21,https://data.eastmoney.com/notices/detail/002487/AN202501201642364572.html
603233,大参林,大参林:大参林医药集团股份有限公司第四届董事会第二十四次会议决议公告,董事会决议公告,2025-01-21,https://data.eastmoney.com/notices/detail/603233/AN202501201642364561.html
603895,天永智能,天永智能:2025年第一次临时股东大会会议资料,股东大会资料,2025-01-21,https://data.eastmoney.com/notices/detail/603895/AN202501201642364562.html
603233,大参林,大参林:大参林医药集团股份有限公司关于不向下修正“大参转债”转股价格的公告,其他,2025-01-21,https://data.eastmoney.com/notices/detail/603233/AN202501201642364563.html
601138,工业富联,工业富联:富士康工业互联网股份有限公司2019年股票期权与限制性股票激励计划剩余预留授予限制性股票第五期解锁暨上市公告,限售股份上市流通,2025-01-21,https://data.eastmoney.com/notices/detail/601138/AN202501201642364542.html
001211,双枪科技,双枪科技:关于完成工商变更的公告,公司经营范围变更,2025-01-21,https://data.eastmoney.com/notices/detail/001211/AN202501201642364504.html
000089,深圳机场,深圳机场:关于签署战略合作协议暨关联交易的公告,签订协议,2025-01-21,https://data.eastmoney.com/notices/detail/000089/AN202501201642364510.html
603099,长白山,长白山:长白山旅游股份有限公司关于补选非独立董事及非职工监事的公告,高管人员任职变动,2025-01-21,https://data.eastmoney.com/notices/detail/603099/AN202501201642364228.html
603099,长白山,长白山:长白山旅游股份有限公司关于召开2025年第一次临时股东会的通知,召开股东大会通知,2025-01-21,https://data.eastmoney.com/notices/detail/603099/AN202501201642364229.html
603099,长白山,长白山:长白山旅游股份有限公司第四届董事会第三十二次会议决议公告,高管人员任职变动,2025-01-21,https://data.eastmoney.com/notices/detail/603099/AN202501201642364227.html
603099,长白山,长白山:长白山旅游股份有限公司关于公司签订雪地摩托车租赁协议暨关联交易的公告,签订协议,2025-01-21,https://data.eastmoney.com/notices/detail/603099/AN202501201642364225.html
603099,长白山,长白山:长白山旅游股份有限公司第四届监事会第三十一次会议决议公告,高管人员任职变动,2025-01-21,https://data.eastmoney.com/notices/detail/603099/AN202501201642364224.html
603099,长白山,长白山:独立董事关于关联交易的事前认可意见及独立董事意见,专项说明/独立意见,2025-01-21,https://data.eastmoney.com/notices/detail/603099/AN202501201642364226.html
600796,钱江生化,钱江生化:关于持股5%以上股东所持部分公司股份被司法拍卖的进展公告,诉讼仲裁,2025-01-21,https://data.eastmoney.com/notices/detail/600796/AN202501201642364219.html
688485,九州一轨,九州一轨:北京九州一轨环境科技股份有限公司2025年第一次临时股东大会会议资料,股东大会资料,2025-01-21,https://data.eastmoney.com/notices/detail/688485/AN202501201642364202.html
688485,九州一轨,九州一轨:北京九州一轨环境科技股份有限公司关于自愿披露收到中标通知书的公告,重大合同,2025-01-21,https://data.eastmoney.com/notices/detail/688485/AN202501201642364194.html
603979,金诚信,金诚信:金诚信2024年年度业绩预增公告,业绩预告,2025-01-21,https://data.eastmoney.com/notices/detail/603979/AN202501201642364189.html
003031,中瓷电子,中瓷电子:关于使用部分闲置募集资金进行现金管理到期赎回公告,投资理财,2025-01-21,https://data.eastmoney.com/notices/detail/003031/AN202501201642364180.html
003031,中瓷电子,中瓷电子:关于使用部分闲置募集资金进行现金管理的进展公告,募集资金使用进展情况,2025-01-21,https://data.eastmoney.com/notices/detail/003031/AN202501201642364051.html
000902,新洋丰,新洋丰:关于对外投资进展暨完成工商登记的公告,对外项目投资,2025-01-21,https://data.eastmoney.com/notices/detail/000902/AN202501201642364049.html
603030,全筑股份,全筑股份:第五届董事会第二十六次会议决议公告,高管人员任职变动,2025-01-21,https://data.eastmoney.com/notices/detail/603030/AN202501201642363965.html
603030,全筑股份,全筑股份:关于聘任副总经理的公告,高管人员任职变动,2025-01-21,https://data.eastmoney.com/notices/detail/603030/AN202501201642363964.html
600742,富维股份,一汽富维:关于重大资产出售暨关联交易事项的进展公告,关联交易,2025-01-21,https://data.eastmoney.com/notices/detail/600742/AN202501201642363961.html
600674,川投能源,川投能源:四川川投能源股份有限公司十一届三十五次监事会决议公告,监事会决议公告,2025-01-21,https://data.eastmoney.com/notices/detail/600674/AN202501201642363545.html
600674,川投能源,川投能源:四川川投能源股份有限公司关于通过摘牌方式收购湖北远安抽水蓄能有限公司87%股权暨投资建设湖北远安抽水蓄能电站的公告,收购出售资产/股权,2025-01-21,https://data.eastmoney.com/notices/detail/600674/AN202501201642363546.html
688143,长盈通,长盈通:关于发行股份及支付现金购买资产并募集配套资金事项的进展公告,其他增发事项公告,2025-01-21,https://data.eastmoney.com/notices/detail/688143/AN202501201642363541.html
000761,本钢板材,本钢板材:本钢板材股份有限公司关于重大资产置换暨关联交易的进展公告,关联交易,2025-01-21,https://data.eastmoney.com/notices/detail/000761/AN202501201642363539.html
600255,鑫科材料,鑫科材料:鑫科材料2024年年度业绩预盈公告,业绩预告,2025-01-21,https://data.eastmoney.com/notices/detail/600255/AN202501201642363537.html
600805,悦达投资,悦达投资:悦达投资关于东台市东悦新能源科技有限公司投资建设100MW／200MWh共享储能电站项目的公告,其他,2025-01-21,https://data.eastmoney.com/notices/detail/600805/AN202501201642363538.html
600805,悦达投资,悦达投资:悦达投资关于对东台市东悦新能源科技有限公司增资暨关联交易的公告,关联交易,2025-01-21,https://data.eastmoney.com/notices/detail/600805/AN202501201642363534.html
600820,隧道股份,隧道股份:上海隧道工程股份有限公司2024年度主要经营情况公告,月度经营情况,2025-01-21,https://data.eastmoney.com/notices/detail/600820/AN202501201642363536.html
600805,悦达投资,悦达投资:悦达投资第十二届董事会第三次会议决议公告,董事会决议公告,2025-01-21,https://data.eastmoney.com/notices/detail/600805/AN202501201642363535.html
600327,大东方,大东方:大东方2025年第一次临时董事会决议公告,董事会决议公告,2025-01-21,https://data.eastmoney.com/notices/detail/600327/AN202501201642363523.html
600327,大东方,大东方:大东方2025年第一次临时监事会决议公告,监事会决议公告,2025-01-21,https://data.eastmoney.com/notices/detail/600327/AN202501201642363527.html
600327,大东方,大东方:上海申威资产评估有限公司关于安徽相泰汽车底盘部件有限公司股东全部权益价值资产评估报告,其他,2025-01-21,https://data.eastmoney.com/notices/detail/600327/AN202501201642363526.html
600327,大东方,大东方:大东方关于对参股公司减资暨关联交易及股权转让的公告,股权转让,2025-01-21,https://data.eastmoney.com/notices/detail/600327/AN202501201642363524.html
600327,大东方,大东方:上海申威资产评估有限公司关于安徽陶铝新材料研究院有限公司股东全部权益价值资产评估报告,其他,2025-01-21,https://data.eastmoney.com/notices/detail/600327/AN202501201642363525.html
600655,豫园股份,豫园股份:上海豫园旅游商城(集团)股份有限公司关于以集中竞价交易方式回购公司A股股份的回购报告书,回购报告书,2025-01-21,https://data.eastmoney.com/notices/detail/600655/AN202501201642363522.html
605056,咸亨国际,咸亨国际:2024年年度业绩预告,业绩预告,2025-01-21,https://data.eastmoney.com/notices/detail/605056/AN202501201642363516.html
688590,新致软件,新致软件:关于召开“新致转债”2025年第一次债券持有人会议的通知,其他,2025-01-21,https://data.eastmoney.com/notices/detail/688590/AN202501201642363510.html
600114,东睦股份,东睦股份:东睦股份2024年年度业绩预告,业绩预告,2025-01-21,https://data.eastmoney.com/notices/detail/600114/AN202501201642363503.html
002177,御银股份,御银股份:独立董事提名人声明与承诺,独立董事提名人声明,2025-01-21,https://data.eastmoney.com/notices/detail/002177/AN202501201642363494.html
002177,御银股份,御银股份:独立董事候选人声明与承诺,独立董事候选人声明,2025-01-21,https://data.eastmoney.com/notices/detail/002177/AN202501201642363495.html
002177,御银股份,御银股份:关于召开2025年第一次临时股东大会的通知,召开股东大会通知,2025-01-21,https://data.eastmoney.com/notices/detail/002177/AN202501201642363498.html
002177,御银股份,御银股份:第八届董事会第四次会议决议公告,高管人员任职变动,2025-01-21,https://data.eastmoney.com/notices/detail/002177/AN202501201642363497.html
000972,中基健康,中基健康:关于重大资产重组的进展公告,重组进展公告,2025-01-21,https://data.eastmoney.com/notices/detail/000972/AN202501201642363499.html
601609,金田股份,金田股份:金田股份2025年第一次临时股东大会会议资料,股东大会资料,2025-01-21,https://data.eastmoney.com/notices/detail/601609/AN202501201642363493.html
603878,武进不锈,武进不锈:江苏武进不锈股份有限公司2024年第四季度经营数据公告,月度经营情况,2025-01-21,https://data.eastmoney.com/notices/detail/603878/AN202501201642363492.html
603727,博迈科,博迈科:博迈科海洋工程股份有限公司2024年年度业绩预盈公告,业绩预告,2025-01-21,https://data.eastmoney.com/notices/detail/603727/AN202501201642363484.html
002177,御银股份,御银股份:关于补选独立董事的公告,高管人员任职变动,2025-01-21,https://data.eastmoney.com/notices/detail/002177/AN202501201642363488.html
002177,御银股份,御银股份:关于对全资子公司减资及注销的进展公告,公司关联方基本资料变更,2025-01-21,https://data.eastmoney.com/notices/detail/002177/AN202501201642363487.html
001331,胜通能源,胜通能源:关于注销部分募集资金专户的公告,其他,2025-01-21,https://data.eastmoney.com/notices/detail/001331/AN202501201642363489.html
603270,金帝股份,金帝股份:山东金帝精密机械科技股份有限公司关于对外担保进展的公告,提供/对外担保公告,2025-01-21,https://data.eastmoney.com/notices/detail/603270/AN202501201642363472.html
603330,天洋新材,天洋新材:监事会关于第四届监事会第二十一次会议有关事项的意见,专项说明/独立意见,2025-01-21,https://data.eastmoney.com/notices/detail/603330/AN202501201642363351.html
603330,天洋新材,天洋新材:关于2025年子公司使用闲置募集资金进行现金管理的公告,投资理财,2025-01-21,https://data.eastmoney.com/notices/detail/603330/AN202501201642363350.html
603280,南方路机,南方路机:南方路机关于使用闲置募集资金进行现金管理到期赎回的公告,投资理财,2025-01-21,https://data.eastmoney.com/notices/detail/603280/AN202501201642363346.html
603330,天洋新材,天洋新材:第四届监事会第二十一次会议决议公告,监事会决议公告,2025-01-21,https://data.eastmoney.com/notices/detail/603330/AN202501201642363344.html
603330,天洋新材,天洋新材:关于新增募集资金专项账户签署三方监管协议的公告,签订协议,2025-01-21,https://data.eastmoney.com/notices/detail/603330/AN202501201642363345.html
603330,天洋新材,天洋新材:第四届董事会第二十一次会议决议公告,董事会决议公告,2025-01-21,https://data.eastmoney.com/notices/detail/603330/AN202501201642363347.html
603330,天洋新材,天洋新材:中信证券股份有限公司关于天洋新材(上海)科技股份有限公司子公司使用闲置募集资金进行现金管理的核查意见,保荐/核查意见,2025-01-21,https://data.eastmoney.com/notices/detail/603330/AN202501201642363343.html
002262,恩华药业,恩华药业:关于获得《药品注册证书》的公告,获得认证,2025-01-21,https://data.eastmoney.com/notices/detail/002262/AN202501201642363332.html
002015,协鑫能科,协鑫能科:关于对控股子公司提供担保的进展公告,提供/对外担保公告,2025-01-21,https://data.eastmoney.com/notices/detail/002015/AN202501201642363331.html
000937,冀中能源,冀中能源:关于选举职工监事的公告,高管人员任职变动,2025-01-21,https://data.eastmoney.com/notices/detail/000937/AN202501201642363333.html
603466,风语筑,风语筑:上海风语筑文化科技股份有限公司关于“风语转债”预计满足转股价格修正条件的提示性公告,其他,2025-01-21,https://data.eastmoney.com/notices/detail/603466/AN202501201642363321.html
000028,国药一致,国药一致:独立董事提名人声明与承诺(陈建南),独立董事提名人声明,2025-01-21,https://data.eastmoney.com/notices/detail/000028/AN202501201642363308.html
000028,国药一致,国药一致:独立董事候选人声明与承诺(陈建南),独立董事候选人声明,2025-01-21,https://data.eastmoney.com/notices/detail/000028/AN202501201642363307.html
000028,国药一致,国药一致:关于拟变更独立董事的公告,高管人员任职变动,2025-01-21,https://data.eastmoney.com/notices/detail/000028/AN202501201642363309.html
000028,国药一致,国药一致:关于召开2025年第一次临时股东大会通知的公告,召开股东大会通知,2025-01-21,https://data.eastmoney.com/notices/detail/000028/AN202501201642363305.html
000028,国药一致,国药一致:第十届董事会2025年第一次临时会议决议公告,高管人员任职变动,2025-01-21,https://data.eastmoney.com/notices/detail/000028/AN202501201642363306.html
603933,睿能科技,睿能科技:睿能科技关于更换2024年度审计项目合伙人及签字注册会计师的公告,高管人员任职变动,2025-01-21,https://data.eastmoney.com/notices/detail/603933/AN202501201642363299.html
603396,金辰股份,金辰股份:营口金辰机械股份有限公司关于使用部分闲置募集资金购买理财产品到期赎回的公告,投资理财,2025-01-21,https://data.eastmoney.com/notices/detail/603396/AN202501201642363293.html
600488,津药药业,津药药业:津药药业股份有限公司关于股东大会开设网络投票提示服务的公告,其他,2025-01-21,https://data.eastmoney.com/notices/detail/600488/AN202501201642363292.html
300018,中元股份,中元股份:2024年度业绩预告,业绩预告,2025-01-21,https://data.eastmoney.com/notices/detail/300018/AN202501201642363287.html
002728,特一药业,特一药业:关于第五届董事会第二十九次会议决议的公告,董事会决议公告,2025-01-21,https://data.eastmoney.com/notices/detail/002728/AN202501201642363273.html
002728,特一药业,特一药业:舆情管理制度(2025年1月),管理办法/制度,2025-01-21,https://data.eastmoney.com/notices/detail/002728/AN202501201642363282.html
300264,佳创视讯,佳创视讯:2024年度业绩预告,业绩预告,2025-01-21,https://data.eastmoney.com/notices/detail/300264/AN202501201642363289.html
002734,利民股份,利民股份:公司关于召开2025年第一次临时股东大会的通知,召开股东大会通知,2025-01-21,https://data.eastmoney.com/notices/detail/002734/AN202501201642363279.html
002294,信立泰,信立泰:关于JK07境外临床试验进展的公告,其他,2025-01-21,https://data.eastmoney.com/notices/detail/002294/AN202501201642363288.html
002734,利民股份,利民股份:公司第六届监事会第三次会议决议公告,监事会决议公告,2025-01-21,https://data.eastmoney.com/notices/detail/002734/AN202501201642363270.html
002427,尤夫股份,尤夫股份:关于职工代表监事离职暨补选职工代表监事的公告,高管人员任职变动,2025-01-21,https://data.eastmoney.com/notices/detail/002427/AN202501201642363275.html
002734,利民股份,利民股份:公司第六届董事会第三次会议决议公告,董事会决议公告,2025-01-21,https://data.eastmoney.com/notices/detail/002734/AN202501201642363268.html
002598,ST章鼓,山东章鼓:关于控股股东部分股份解除质押的公告,股份质押、冻结,2025-01-21,https://data.eastmoney.com/notices/detail/002598/AN202501201642363265.html
002630,*ST华西,华西能源:关于董事会秘书取得董事会秘书培训证明并正式履职的公告,其他,2025-01-21,https://data.eastmoney.com/notices/detail/002630/AN202501201642363267.html
003018,金富科技,金富科技:关于变更注册地址并完成工商变更登记的公告,公司注册地址变更,2025-01-21,https://data.eastmoney.com/notices/detail/003018/AN202501201642363274.html
002232,启明信息,启明信息:关于实际控制人中国第一汽车集团有限公司自愿承诺2025年不减持公司股份的公告,其他,2025-01-21,https://data.eastmoney.com/notices/detail/002232/AN202501201642363281.html
002881,美格智能,美格智能:关于公司控股股东部分股份解除质押的公告,股份质押、冻结,2025-01-21,https://data.eastmoney.com/notices/detail/002881/AN202501201642363277.html
603255,鼎际得,鼎际得:辽宁鼎际得石化股份有限公司2025年第一次临时股东大会会议资料,股东大会资料,2025-01-21,https://data.eastmoney.com/notices/detail/603255/AN202501201642363147.html
688186,广大特材,广大特材:2024年员工持股计划第一次持有人会议决议公告,员工持股计划,2025-01-21,https://data.eastmoney.com/notices/detail/688186/AN202501201642363122.html
688186,广大特材,广大特材:关于不向下修正“广大转债”转股价格的公告,其他,2025-01-21,https://data.eastmoney.com/notices/detail/688186/AN202501201642363123.html
600822,上海物贸,上海物贸:关于增补第十届董事会非独立董事的公告,高管人员任职变动,2025-01-21,https://data.eastmoney.com/notices/detail/600822/AN202501201642362955.html
600698,湖南天雁,湖南天雁:湖南天雁机械股份有限公司关于变更签字注册会计师的公告,公司关联方基本资料变更,2025-01-21,https://data.eastmoney.com/notices/detail/600698/AN202501201642362956.html
600123,兰花科创,兰花科创:兰花科创关于2025年第一期中期票据发行结果公告,其他,2025-01-21,https://data.eastmoney.com/notices/detail/600123/AN202501201642362946.html
688513,苑东生物,苑东生物:关于自愿披露注射用维库溴铵获得药品注册证书的公告,获得认证,2025-01-21,https://data.eastmoney.com/notices/detail/688513/AN202501201642362944.html
601108,财通证券,财通证券:2024年度第五期短期融资券兑付完成公告,其他,2025-01-21,https://data.eastmoney.com/notices/detail/601108/AN202501201642362339.html
688517,金冠电气,金冠电气:产品中标的自愿性披露公告,重大合同,2025-01-21,https://data.eastmoney.com/notices/detail/688517/AN202501201642362329.html
600906,财达证券,财达证券:财达证券股份有限公司第四届董事会第二次会议决议公告,董事会决议公告,2025-01-21,https://data.eastmoney.com/notices/detail/600906/AN202501201642362330.html
600612,老凤祥,老凤祥:老凤祥股份有限公司关于2025年度“提质增效重回报”行动方案的提示性公告,其他,2025-01-21,https://data.eastmoney.com/notices/detail/600612/AN202501201642361594.html
600276,恒瑞医药,恒瑞医药:恒瑞医药关于获得药品注册证书的公告,获得认证,2025-01-21,https://data.eastmoney.com/notices/detail/600276/AN202501201642361600.html
600281,华阳新材,华阳新材:华阳新材关于召开2025年第一次临时股东大会的提示性公告,召开股东大会提示性公告,2025-01-21,https://data.eastmoney.com/notices/detail/600281/AN202501201642361596.html
600527,江南高纤,江南高纤:江南高纤第八届董事会第十六次会议决议公告,董事会决议公告,2025-01-21,https://data.eastmoney.com/notices/detail/600527/AN202501201642361587.html
603969,银龙股份,银龙股份:天津银龙预应力材料股份有限公司关于对全资子公司提供担保的公告,提供/对外担保公告,2025-01-21,https://data.eastmoney.com/notices/detail/603969/AN202501201642361601.html
600281,华阳新材,华阳新材:华阳新材2025年第一次临时股东大会会议资料,股东大会资料,2025-01-21,https://data.eastmoney.com/notices/detail/600281/AN202501201642361597.html
603268,松发股份,松发股份:关于向银行申请抵押贷款的公告,借贷,2025-01-21,https://data.eastmoney.com/notices/detail/603268/AN202501201642361595.html
605589,圣泉集团,圣泉集团:圣泉集团关于控股股东、实际控制人部分股份解除质押及再质押的公告,股份质押、冻结,2025-01-21,https://data.eastmoney.com/notices/detail/605589/AN202501201642361606.html
603182,嘉华股份,嘉华股份:国泰君安证券股份有限公司关于山东嘉华生物科技股份有限公司2024年持续督导工作现场检查报告,保荐/核查意见,2025-01-21,https://data.eastmoney.com/notices/detail/603182/AN202501201642361608.html
600527,江南高纤,江南高纤:江南高纤关于2025年度日常关联交易预计的公告,关联交易,2025-01-21,https://data.eastmoney.com/notices/detail/600527/AN202501201642361607.html
603117,万林物流,万林物流:江苏万林现代物流股份有限公司关于控股股东之一致行动人股份解除质押的公告,股份质押、冻结,2025-01-21,https://data.eastmoney.com/notices/detail/603117/AN202501201642361590.html
600527,江南高纤,江南高纤:江南高纤2025年第一次独立董事专门会议决议,董事会决议公告,2025-01-21,https://data.eastmoney.com/notices/detail/600527/AN202501201642361598.html
603268,松发股份,松发股份:第六届监事会第三次会议决议公告,监事会决议公告,2025-01-21,https://data.eastmoney.com/notices/detail/603268/AN202501201642361588.html
603268,松发股份,松发股份:第六届董事会第三次会议决议公告,董事会决议公告,2025-01-21,https://data.eastmoney.com/notices/detail/603268/AN202501201642361602.html
605177,东亚药业,东亚药业:东亚药业关于卢立康唑原料药获得韩国原料药品注册证书的公告,获得认证,2025-01-21,https://data.eastmoney.com/notices/detail/605177/AN202501201642361591.html
600995,南网储能,南网储能:南方电网储能股份有限公司关于非独立董事辞职的公告,高管人员任职变动,2025-01-21,https://data.eastmoney.com/notices/detail/600995/AN202501201642361605.html
600867,通化东宝,通化东宝:通化东宝关于依托考昔片获得上市许可的公告,其他,2025-01-21,https://data.eastmoney.com/notices/detail/600867/AN202501201642361592.html
600096,云天化,云天化:云天化关于控股股东部分解决同业竞争承诺履行完毕的公告,其他,2025-01-21,https://data.eastmoney.com/notices/detail/600096/AN202501201642361599.html
605016,百龙创园,百龙创园:关于全资子公司变更注册地址的公告,公司关联方基本资料变更,2025-01-21,https://data.eastmoney.com/notices/detail/605016/AN202501201642361593.html
603178,圣龙股份,圣龙股份:圣龙股份关于与福耀玻璃工业集团股份有限公司签订产品开发协议的公告,签订协议,2025-01-21,https://data.eastmoney.com/notices/detail/603178/AN202501201642361604.html
605099,共创草坪,共创草坪:关于变更签字注册会计师的公告,公司关联方基本资料变更,2025-01-21,https://data.eastmoney.com/notices/detail/605099/AN202501201642361589.html
600527,江南高纤,江南高纤:江南高纤第八届监事会第十三次会议决议公告,监事会决议公告,2025-01-21,https://data.eastmoney.com/notices/detail/600527/AN202501201642361603.html
600530,ST交昂,交大昂立:关于上海饰杰装饰设计工程有限公司要约收购公司股份的第一次提示性公告,要约收购报告书,2025-01-21,https://data.eastmoney.com/notices/detail/600530/AN202501201642361584.html
