代码,名称,公告标题,公告类型,公告日期,网址
301098,金埔园林,金埔园林:关于使用部分暂时闲置募集资金进行现金管理的进展公告,募集资金使用进展情况,2025-11-21,https://data.eastmoney.com/notices/detail/301098/AN202511211785606156.html
688335,复洁科技,复洁环保:投资者关系活动记录表(2025年11月20、21日),调研活动,2025-11-21,https://data.eastmoney.com/notices/detail/688335/AN202511211785563670.html
000061,农产品,农 产 品:000061农产品2025年11月21日投资者关系活动记录表,调研活动,2025-11-21,https://data.eastmoney.com/notices/detail/000061/AN202511211785694564.html
300620,光库科技,光库科技:苏州安捷讯光电科技股份有限公司审计报告,其他,2025-11-21,https://data.eastmoney.com/notices/detail/300620/AN202511211785671824.html
301600,慧翰股份,慧翰股份:2025年11月19日-20日投资者关系活动记录表,调研活动,2025-11-21,https://data.eastmoney.com/notices/detail/301600/AN202511211785607057.html
920039,国义招标,国义招标:关于召开2025年第三次临时股东会通知公告(提供网络投票),召开股东大会通知,2025-11-21,https://data.eastmoney.com/notices/detail/920039/AN202511211785601839.html
300393,中来股份,中来股份:关于为控股子公司提供担保的进展公告,提供/对外担保公告,2025-11-21,https://data.eastmoney.com/notices/detail/300393/AN202511211785585107.html
002062,宏润建设,宏润建设:宏润建设投资者关系管理信息20251121,调研活动,2025-11-21,https://data.eastmoney.com/notices/detail/002062/AN202511211785579759.html
300310,宜通世纪,宜通世纪:关于为控股子公司提供担保的进展公告,提供/对外担保公告,2025-11-21,https://data.eastmoney.com/notices/detail/300310/AN202511211785558422.html
300037,新宙邦,新宙邦:2025年11月20日投资者关系活动记录表,调研活动,2025-11-21,https://data.eastmoney.com/notices/detail/300037/AN202511211785460872.html
600771,广誉远,关于对利安达会计师事务所(特殊普通合伙)及注册会计师孙光辉、刘戈、乔鑫、李瑾予以纪律处分的决定,上交所股票通报批评,2025-11-21,https://data.eastmoney.com/notices/detail/600771/AN202512051794567531.html
600771,广誉远,关于对利安达会计师事务所(特殊普通合伙)及注册会计师孙光辉、刘戈、乔鑫、李瑾予以纪律处分的决定,上交所股票公开谴责,2025-11-21,https://data.eastmoney.com/notices/detail/600771/AN202512051794495717.html
688816,易思维,3-1-3上市保荐书(注册稿)(易思维(杭州)科技股份有限公司),科创板发行上市上市保荐书,2025-11-21,https://data.eastmoney.com/notices/detail/688816/AN202511211785713434.html
688816,易思维,3-3-1法律意见书(注册稿)(易思维(杭州)科技股份有限公司),科创板发行上市法律意见书,2025-11-21,https://data.eastmoney.com/notices/detail/688816/AN202511211785713432.html
688816,易思维,3-1-2发行保荐书(注册稿)(易思维(杭州)科技股份有限公司),科创板发行上市发行保荐书,2025-11-21,https://data.eastmoney.com/notices/detail/688816/AN202511211785713431.html
688816,易思维,3-2-1财务报告及审计报告(注册稿)(易思维(杭州)科技股份有限公司),科创板发行上市审计报告,2025-11-21,https://data.eastmoney.com/notices/detail/688816/AN202511211785713433.html
688816,易思维,易思维(杭州)科技股份有限公司科创板首次公开发行股票招股说明书(注册稿),科创板发行上市招股说明书注册稿,2025-11-21,https://data.eastmoney.com/notices/detail/688816/AN202511211785713426.html
000636,风华高科,风华高科:000636风华高科投资者关系管理信息20251121,调研活动,2025-11-21,https://data.eastmoney.com/notices/detail/000636/AN202511211785700413.html
920183,海菲曼,海菲曼:法律意见书(上会稿),北交所发行上市法律意见书,2025-11-21,https://data.eastmoney.com/notices/detail/920183/AN202511211785682447.html
920183,海菲曼,海菲曼:最近三年及一期的财务报告和审计报告(上会稿),北交所发行上市审计报告,2025-11-21,https://data.eastmoney.com/notices/detail/920183/AN202511211785682431.html
920183,海菲曼,北京证券交易所上市委员会2025年第37次审议会议公告,北交所上市审核会议公告,2025-11-21,https://data.eastmoney.com/notices/detail/920183/AN202511211785682428.html
002198,ST嘉应,深交所:嘉应制药_监管函,深交所股票监管函,2025-11-21,https://data.eastmoney.com/notices/detail/002198/AN202511211785682435.html
920183,海菲曼,海菲曼:招股说明书(上会稿),北交所发行上市招股说明书上会稿,2025-11-21,https://data.eastmoney.com/notices/detail/920183/AN202511211785682429.html
920183,海菲曼,海菲曼:上市保荐书(上会稿),北交所发行上市上市保荐书,2025-11-21,https://data.eastmoney.com/notices/detail/920183/AN202511211785682432.html
920183,海菲曼,海菲曼:发行保荐书(上会稿),北交所发行上市发行保荐书,2025-11-21,https://data.eastmoney.com/notices/detail/920183/AN202511211785682430.html
300552,万集科技,万集科技:关于公司董事减持计划期限届满暨未实施减持的公告,股东/实际控制人股份减持,2025-11-21,https://data.eastmoney.com/notices/detail/300552/AN202511211785682437.html
300507,苏奥传感,苏奥传感:2025年第一次临时股东大会决议公告,股东大会决议公告,2025-11-21,https://data.eastmoney.com/notices/detail/300507/AN202511211785682412.html
300507,苏奥传感,苏奥传感:关于董事会完成换届选举及聘任高级管理人员、证券事务代表的公告,高管人员任职变动,2025-11-21,https://data.eastmoney.com/notices/detail/300507/AN202511211785682414.html
300507,苏奥传感,苏奥传感:上海仁盈律师事务所关于江苏奥力威传感高科股份有限公司2025年第一次临时股东大会的法律意见书,法律意见书,2025-11-21,https://data.eastmoney.com/notices/detail/300507/AN202511211785682410.html
300322,硕贝德,硕贝德:关于独立董事取得独立董事资格证书的公告,高管人员任职变动,2025-11-21,https://data.eastmoney.com/notices/detail/300322/AN202511211785682387.html
300322,硕贝德,硕贝德:关于选举第六届董事会职工代表董事的公告,高管人员任职变动,2025-11-21,https://data.eastmoney.com/notices/detail/300322/AN202511211785682383.html
300322,硕贝德,硕贝德:关于董事会完成换届选举暨聘任高级管理人员、内部审计部门负责人及证券事务代表的公告,高管人员任职变动,2025-11-21,https://data.eastmoney.com/notices/detail/300322/AN202511211785682382.html
300322,硕贝德,硕贝德:2025年第三次临时股东大会的法律意见书,法律意见书,2025-11-21,https://data.eastmoney.com/notices/detail/300322/AN202511211785682385.html
300322,硕贝德,硕贝德:第六届董事会第一次临时会议决议公告,高管人员任职变动,2025-11-21,https://data.eastmoney.com/notices/detail/300322/AN202511211785682381.html
300507,苏奥传感,苏奥传感:关于选举产生第六届董事会职工代表董事的公告,高管人员任职变动,2025-11-21,https://data.eastmoney.com/notices/detail/300507/AN202511211785682386.html
300507,苏奥传感,苏奥传感:苏奥传感第六届董事会第一次会议决议公告,高管人员任职变动,2025-11-21,https://data.eastmoney.com/notices/detail/300507/AN202511211785682384.html
002198,ST嘉应,关于对广东嘉应制药股份有限公司及相关当事人给予公开谴责处分的决定,公开谴责,2025-11-21,https://data.eastmoney.com/notices/detail/002198/AN202511211785682366.html
300322,硕贝德,硕贝德:2025年第三次临时股东大会决议公告,股东大会决议公告,2025-11-21,https://data.eastmoney.com/notices/detail/300322/AN202511211785682372.html
300827,上能电气,关于同意上能电气再融资注册的批复,创业板发行上市审核注册结果通知,2025-11-21,https://data.eastmoney.com/notices/detail/300827/AN202511211785677043.html
300456,赛微电子,赛微电子:股票交易异常波动公告,股票交易异常波动,2025-11-21,https://data.eastmoney.com/notices/detail/300456/AN202511211785676996.html
300533,冰川网络,冰川网络:关于使用闲置自有资金购买理财产品赎回的公告,投资理财,2025-11-21,https://data.eastmoney.com/notices/detail/300533/AN202511211785676957.html
300782,卓胜微,卓胜微:关于公司及子公司涉及诉讼的公告,诉讼仲裁,2025-11-21,https://data.eastmoney.com/notices/detail/300782/AN202511211785672756.html
300620,光库科技,光库科技:华泰联合证券有限责任公司关于珠海光库科技股份有限公司本次交易前十二个月内购买、出售资产情况的核查意见,保荐/核查意见,2025-11-21,https://data.eastmoney.com/notices/detail/300620/AN202511211785671833.html
300620,光库科技,光库科技:关于披露重组报告书暨一般风险提示性公告,风险提示性公告,2025-11-21,https://data.eastmoney.com/notices/detail/300620/AN202511211785671830.html
300620,光库科技,光库科技:关于本次交易履行法定程序的完备性、合规性及提交的法律文件的有效性的说明,专项说明/独立意见,2025-11-21,https://data.eastmoney.com/notices/detail/300620/AN202511211785671825.html
300620,光库科技,光库科技:华泰联合证券有限责任公司关于珠海光库科技股份有限公司本次交易摊薄即期回报情况及填补措施的核查意见,保荐/核查意见,2025-11-21,https://data.eastmoney.com/notices/detail/300620/AN202511211785671836.html
300620,光库科技,光库科技:可转换公司债券持有人会议规则,议事规则/实施细则,2025-11-21,https://data.eastmoney.com/notices/detail/300620/AN202511211785671815.html
300620,光库科技,光库科技:简式权益变动报告书(张关明及一致行动人),权益变动报告书,2025-11-21,https://data.eastmoney.com/notices/detail/300620/AN202511211785671845.html
300620,光库科技,光库科技:华泰联合证券有限责任公司关于珠海光库科技股份有限公司本次交易内幕信息知情人登记制度的制定和执行情况的核查意见,保荐/核查意见,2025-11-21,https://data.eastmoney.com/notices/detail/300620/AN202511211785671829.html
300620,光库科技,光库科技:关于本次交易符合《上市公司监管指引第9号——上市公司筹划和实施重大资产重组的监管要求》第四条规定的说明,专项说明/独立意见,2025-11-21,https://data.eastmoney.com/notices/detail/300620/AN202511211785671840.html
300620,光库科技,光库科技:关于本次交易涉及控股股东、实际控制人及其他5%以上股东权益变动的提示性公告,权益变动报告书,2025-11-21,https://data.eastmoney.com/notices/detail/300620/AN202511211785671814.html
300620,光库科技,光库科技:华泰联合证券有限责任公司关于不存在《上市公司监管指引第7号——上市公司重大资产重组相关股票异常交易监管》第十二条不得参与任何上市公司重大资产重组情形的说明,其他,2025-11-21,https://data.eastmoney.com/notices/detail/300620/AN202511211785671847.html
300620,光库科技,光库科技:第四届董事会第二十次会议决议公告,董事会决议公告,2025-11-21,https://data.eastmoney.com/notices/detail/300620/AN202511211785671852.html
300620,光库科技,光库科技:华泰联合证券有限责任公司关于本次交易方案调整不构成重组方案重大调整的核查意见,保荐/核查意见,2025-11-21,https://data.eastmoney.com/notices/detail/300620/AN202511211785671832.html
300620,光库科技,光库科技:华泰联合证券有限责任公司关于本次交易符合《关于加强证券公司在投资银行类业务中聘请第三方等廉洁从业风险防控的意见》的相关规定之核查意见,保荐/核查意见,2025-11-21,https://data.eastmoney.com/notices/detail/300620/AN202511211785671849.html
300620,光库科技,光库科技:华泰联合证券有限责任公司关于珠海光库科技股份有限公司本次交易首次公告日前20个交易日内公司股票价格波动情况的核查意见,保荐/核查意见,2025-11-21,https://data.eastmoney.com/notices/detail/300620/AN202511211785671823.html
300620,光库科技,光库科技:中联国际房地产土地资产评估咨询(广东)有限公司关于不存在《上市公司监管指引第7号——上市公司重大资产重组相关股票异常交易监管》第十二条不得参与任何上市公司重大资产重组情形的说明,专项说明/独立意见,2025-11-21,https://data.eastmoney.com/notices/detail/300620/AN202511211785671851.html
300620,光库科技,光库科技:关于本次交易相关主体不存在《上市公司监管指引第7号——上市公司重大资产重组相关股票异常交易监管》第十二条以及《深圳证券交易所上市公司自律监管指引第8号——重大资产重组》第三十条规定的不得参与任何上市公司重大资产重组情形的说明,专项说明/独立意见,2025-11-21,https://data.eastmoney.com/notices/detail/300620/AN202511211785671843.html
300620,光库科技,光库科技:关于本次交易中不存在直接或间接有偿聘请其他第三方机构或个人的说明,专项说明/独立意见,2025-11-21,https://data.eastmoney.com/notices/detail/300620/AN202511211785671821.html
300620,光库科技,光库科技:关于发行股份、可转换公司债券及支付现金购买资产并募集配套资金暨关联交易报告书(草案)与预案差异对比说明,关联交易,2025-11-21,https://data.eastmoney.com/notices/detail/300620/AN202511211785671848.html
300620,光库科技,光库科技:北京德恒律师事务所关于不存在《上市公司监管指引第7号——上市公司重大资产重组相关股票异常交易监管》第十二条不得参与上市公司重大资产重组情形的说明,专项说明/独立意见,2025-11-21,https://data.eastmoney.com/notices/detail/300620/AN202511211785671819.html
300620,光库科技,光库科技:北京德皓国际会计师事务所(特殊普通合伙)关于不存在《上市公司监管指引第7号——上市公司重大资产重组相关股票异常交易监管》第十二条不得参与任何上市公司重大资产重组情形的说明,专项说明/独立意见,2025-11-21,https://data.eastmoney.com/notices/detail/300620/AN202511211785671818.html
300620,光库科技,光库科技:关于本次交易方案调整不构成重组方案重大调整的公告,其他,2025-11-21,https://data.eastmoney.com/notices/detail/300620/AN202511211785671837.html
300620,光库科技,光库科技:华泰联合证券有限责任公司关于珠海光库科技股份有限公司本次交易产业政策和交易类型之专项核查意见,保荐/核查意见,2025-11-21,https://data.eastmoney.com/notices/detail/300620/AN202511211785671842.html
300620,光库科技,光库科技:珠海光库科技股份有限公司发行股份、可转换公司债券及支付现金购买资产并募集配套资金暨关联交易报告书(草案)(摘要),其他增发事项公告,2025-11-21,https://data.eastmoney.com/notices/detail/300620/AN202511211785671839.html
300620,光库科技,光库科技:华泰联合证券有限责任公司关于珠海光库科技股份有限公司发行股份、可转换公司债券及支付现金购买资产并募集配套资金暨关联交易之独立财务顾问报告,保荐/核查意见,2025-11-21,https://data.eastmoney.com/notices/detail/300620/AN202511211785671820.html
300620,光库科技,光库科技:关于本次交易摊薄即期回报影响的情况及采取填补回报措施的说明,专项说明/独立意见,2025-11-21,https://data.eastmoney.com/notices/detail/300620/AN202511211785671844.html
300620,光库科技,光库科技:珠海光库科技股份有限公司审阅报告,保荐/核查意见,2025-11-21,https://data.eastmoney.com/notices/detail/300620/AN202511211785671856.html
300620,光库科技,光库科技:关于评估机构的独立性、评估假设前提的合理性、评估方法与评估目的的相关性以及评估定价的公允性的说明,专项说明/独立意见,2025-11-21,https://data.eastmoney.com/notices/detail/300620/AN202511211785671828.html
300620,光库科技,光库科技:关于本次交易符合《上市公司向特定对象发行可转换公司债券购买资产规则》第四条规定的说明,其他,2025-11-21,https://data.eastmoney.com/notices/detail/300620/AN202511211785671846.html
300620,光库科技,光库科技:关于本次交易采取的保密措施及保密制度的说明,专项说明/独立意见,2025-11-21,https://data.eastmoney.com/notices/detail/300620/AN202511211785671835.html
300620,光库科技,光库科技:珠海光库科技股份有限公司拟发行股份、可转换公司债券及支付现金购买资产涉及苏州安捷讯光电科技股份有限公司模拟合并后的股东全部权益价值资产评估报告,其他,2025-11-21,https://data.eastmoney.com/notices/detail/300620/AN202511211785671855.html
300620,光库科技,光库科技:关于本次交易构成重大资产重组及关联交易且不构成重组上市的说明,关联交易,2025-11-21,https://data.eastmoney.com/notices/detail/300620/AN202511211785671841.html
300620,光库科技,光库科技:北京德恒律师事务所关于珠海光库科技股份有限公司发行股份、可转换公司债券及支付现金购买资产并募集配套资金暨关联交易的法律意见,法律意见书,2025-11-21,https://data.eastmoney.com/notices/detail/300620/AN202511211785671850.html
300620,光库科技,光库科技:珠海光库科技股份有限公司发行股份、可转换公司债券及支付现金购买资产并募集配套资金暨关联交易报告书(草案),其他增发事项公告,2025-11-21,https://data.eastmoney.com/notices/detail/300620/AN202511211785671813.html
300620,光库科技,光库科技:关于本次交易符合《上市公司证券发行注册管理办法》第十一条、第十三条和第十四条规定的说明,专项说明/独立意见,2025-11-21,https://data.eastmoney.com/notices/detail/300620/AN202511211785671853.html
300620,光库科技,光库科技:华泰联合证券有限责任公司关于本次交易相关主体不存在《上市公司监管指引第7号——上市公司重大资产重组相关股票异常交易监管》第十二条和《深圳证券交易所上市公司自律监管指引第8号——重大资产重组》第三十条规定情形的核查意见,保荐/核查意见,2025-11-21,https://data.eastmoney.com/notices/detail/300620/AN202511211785671822.html
300620,光库科技,光库科技:关于本次交易符合《创业板上市公司持续监管办法(试行)》第十八条、第二十一条和《深圳证券交易所上市公司重大资产重组审核规则》第八条规定的说明,专项说明/独立意见,2025-11-21,https://data.eastmoney.com/notices/detail/300620/AN202511211785671826.html
300620,光库科技,光库科技:关于本次交易符合《上市公司重大资产重组管理办法》第十一条、第四十三条和第四十四条规定的说明,专项说明/独立意见,2025-11-21,https://data.eastmoney.com/notices/detail/300620/AN202511211785671834.html
300620,光库科技,光库科技:华泰联合证券有限责任公司在充分尽职调查和内核基础上出具的承诺函,其他,2025-11-21,https://data.eastmoney.com/notices/detail/300620/AN202511211785671827.html
300620,光库科技,光库科技:华泰联合证券有限责任公司关于珠海光库科技股份有限公司本次交易不构成《上市公司重大资产重组管理办法》第十三条规定的重组上市情形的核查意见,保荐/核查意见,2025-11-21,https://data.eastmoney.com/notices/detail/300620/AN202511211785671816.html
300620,光库科技,光库科技:关于本次交易首次公告日前20个交易日内公司股票价格波动情况的说明,专项说明/独立意见,2025-11-21,https://data.eastmoney.com/notices/detail/300620/AN202511211785671838.html
300620,光库科技,光库科技:第四届独立董事专门会议决议,其他,2025-11-21,https://data.eastmoney.com/notices/detail/300620/AN202511211785671817.html
300620,光库科技,光库科技:关于本次交易前十二个月内购买、出售资产的说明,专项说明/独立意见,2025-11-21,https://data.eastmoney.com/notices/detail/300620/AN202511211785671831.html
300620,光库科技,光库科技:北京德恒律师事务所关于内幕信息知情人登记制度的制定和执行情况的核查意见,保荐/核查意见,2025-11-21,https://data.eastmoney.com/notices/detail/300620/AN202511211785671854.html
301688,格林生物,3-3-1法律意见书(申报稿)(格林生物科技股份有限公司),创业板IPO法律意见书申报稿,2025-11-21,https://data.eastmoney.com/notices/detail/301688/AN202511211785668291.html
301688,格林生物,3-1-3上市保荐书(申报稿)(格林生物科技股份有限公司),创业板IPO上市保荐书申报稿,2025-11-21,https://data.eastmoney.com/notices/detail/301688/AN202511211785668289.html
301688,格林生物,1-1招股说明书(申报稿)(格林生物科技股份有限公司),创业板IPO招股说明书申报稿,2025-11-21,https://data.eastmoney.com/notices/detail/301688/AN202511211785668292.html
301688,格林生物,3-2-1财务报告及审计报告(申报稿)(格林生物科技股份有限公司),创业板IPO审计报告申报稿,2025-11-21,https://data.eastmoney.com/notices/detail/301688/AN202511211785668290.html
300008,天海防务,天海防务:关于持股5%以上股东减持股份预披露公告,股东/实际控制人股份减持,2025-11-21,https://data.eastmoney.com/notices/detail/300008/AN202511211785668294.html
301688,格林生物,3-1-2发行保荐书(申报稿)(格林生物科技股份有限公司),创业板IPO发行保荐书申报稿,2025-11-21,https://data.eastmoney.com/notices/detail/301688/AN202511211785668293.html
002209,达意隆,达 意 隆:2025年11月20日-11月21日投资者关系活动记录表,调研活动,2025-11-21,https://data.eastmoney.com/notices/detail/002209/AN202511211785670308.html
301308,江波龙,江波龙:关于为子公司提供担保的进展公告,提供/对外担保公告,2025-11-21,https://data.eastmoney.com/notices/detail/301308/AN202511211785667796.html
301391,卡莱特,卡莱特:广东信达律师事务所关于卡莱特云科技股份有限公司2025年第三次临时股东会之法律意见书,法律意见书,2025-11-21,https://data.eastmoney.com/notices/detail/301391/AN202511211785664785.html
301391,卡莱特,卡莱特:2025年第三次临时股东会决议公告,股东大会决议公告,2025-11-21,https://data.eastmoney.com/notices/detail/301391/AN202511211785664783.html
301391,卡莱特,卡莱特:关于公司非独立董事辞任暨选举职工代表董事的公告,高管人员任职变动,2025-11-21,https://data.eastmoney.com/notices/detail/301391/AN202511211785664780.html
300315,掌趣科技,掌趣科技:2025年第三次临时股东会决议公告,股东大会决议公告,2025-11-21,https://data.eastmoney.com/notices/detail/300315/AN202511211785664772.html
300315,掌趣科技,掌趣科技:北京市中伦律师事务所关于北京掌趣科技股份有限公司2025年第三次临时股东会的法律意见书,法律意见书,2025-11-21,https://data.eastmoney.com/notices/detail/300315/AN202511211785664771.html
920186,中科仪,中科仪:关于中国科学院沈阳科学仪器股份有限公司公开发行股票并在北交所上市申请文件的第二轮审核问询函,北交所发行上市问询与回复,2025-11-21,https://data.eastmoney.com/notices/detail/920186/AN202511211785661355.html
300094,国联水产,深交所:国联水产_监管函,深交所股票监管函,2025-11-21,https://data.eastmoney.com/notices/detail/300094/AN202511211785661351.html
300501,海顺新材,海顺新材:关于选举职工代表董事的公告,高管人员任职变动,2025-11-21,https://data.eastmoney.com/notices/detail/300501/AN202511211785658551.html
300501,海顺新材,海顺新材:关于完成董事会换届选举并聘任高级管理人员、证券事务代表的公告,高管人员任职变动,2025-11-21,https://data.eastmoney.com/notices/detail/300501/AN202511211785658552.html
300501,海顺新材,海顺新材:第六届董事会第一次会议决议公告,高管人员任职变动,2025-11-21,https://data.eastmoney.com/notices/detail/300501/AN202511211785658553.html
300501,海顺新材,海顺新材:2025年第一次临时股东大会决议公告,股东大会决议公告,2025-11-21,https://data.eastmoney.com/notices/detail/300501/AN202511211785658549.html
300501,海顺新材,海顺新材:湖南启元律师事务所关于上海海顺新型药用包装材料股份有限公司2025年第一次临时股东大会法律意见书,法律意见书,2025-11-21,https://data.eastmoney.com/notices/detail/300501/AN202511211785658550.html
300511,雪榕生物,雪榕生物:上海雪榕生物科技股份有限公司第六届董事会第一次会议决议公告,高管人员任职变动,2025-11-21,https://data.eastmoney.com/notices/detail/300511/AN202511211785651254.html
300511,雪榕生物,雪榕生物:国浩律师(上海)事务所关于上海雪榕生物科技股份有限公司2025年第四次临时股东会的法律意见书,法律意见书,2025-11-21,https://data.eastmoney.com/notices/detail/300511/AN202511211785651255.html
301191,菲菱科思,菲菱科思:关于首次公开发行前已发行股份部分解除限售并上市流通的提示性公告,限售股份上市流通,2025-11-21,https://data.eastmoney.com/notices/detail/301191/AN202511211785651253.html
300511,雪榕生物,雪榕生物:上海雪榕生物科技股份有限公司关于聘任终身名誉董事长暨关联交易的公告,高管人员任职变动,2025-11-21,https://data.eastmoney.com/notices/detail/300511/AN202511211785653757.html
301586,佳力奇,佳力奇:关于选举产生第四届董事会职工董事的公告,高管人员任职变动,2025-11-21,https://data.eastmoney.com/notices/detail/301586/AN202511211785653759.html
301586,佳力奇,佳力奇:2025年第一次临时股东会决议公告,股东大会决议公告,2025-11-21,https://data.eastmoney.com/notices/detail/301586/AN202511211785651251.html
301586,佳力奇,佳力奇:上海市锦天城(北京)律师事务所关于安徽佳力奇先进复合材料科技股份公司2025年第一次临时股东会的法律意见书,法律意见书,2025-11-21,https://data.eastmoney.com/notices/detail/301586/AN202511211785651250.html
300511,雪榕生物,雪榕生物:上海雪榕生物科技股份有限公司关于董事会完成换届选举及聘任高级管理人员、证券事务代表的公告,高管人员任职变动,2025-11-21,https://data.eastmoney.com/notices/detail/300511/AN202511211785651249.html
301191,菲菱科思,菲菱科思:国信证券股份有限公司关于深圳市菲菱科思通信技术股份有限公司首次公开发行前已发行股份部分解除限售并上市流通的核查意见,保荐/核查意见,2025-11-21,https://data.eastmoney.com/notices/detail/301191/AN202511211785651252.html
300511,雪榕生物,雪榕生物:上海雪榕生物科技股份有限公司2025年第四次临时股东会决议公告,股东大会决议公告,2025-11-21,https://data.eastmoney.com/notices/detail/300511/AN202511211785651256.html
300511,雪榕生物,雪榕生物:上海雪榕生物科技股份有限公司关于子公司为公司提供担保的公告,提供/对外担保公告,2025-11-21,https://data.eastmoney.com/notices/detail/300511/AN202511211785653758.html
300852,四会富仕,四会富仕:2025年第二次临时股东大会决议公告,股东大会决议公告,2025-11-21,https://data.eastmoney.com/notices/detail/300852/AN202511211785649542.html
300143,盈康生命,盈康生命:北京市金杜(青岛)律师事务所关于盈康生命科技股份有限公司2023年限制性股票激励计划首次授予部分第二个归属期、预留授予部分第一个归属期归属条件成就及部分限制性股票作废事项的法律意见书,法律意见书,2025-11-21,https://data.eastmoney.com/notices/detail/300143/AN202511211785649553.html
300143,盈康生命,盈康生命:董事会薪酬与考核委员会关于2023年限制性股票激励计划首次授予部分第二个归属期及预留授予部分第一个归属期归属名单的核查意见,专项说明/独立意见,2025-11-21,https://data.eastmoney.com/notices/detail/300143/AN202511211785649552.html
300143,盈康生命,盈康生命:上海荣正企业咨询服务(集团)股份有限公司关于盈康生命科技股份有限公司2023年限制性股票激励计划首次授予部分第二个归属期及预留授予部分第一个归属期归属条件成就之独立财务顾问报告,保荐/核查意见,2025-11-21,https://data.eastmoney.com/notices/detail/300143/AN202511211785649535.html
300143,盈康生命,盈康生命:第六届董事会第二十二次(临时)会议决议公告,董事会决议公告,2025-11-21,https://data.eastmoney.com/notices/detail/300143/AN202511211785649540.html
300143,盈康生命,盈康生命:关于作废部分已授予尚未归属的限制性股票的公告,股权激励进展公告,2025-11-21,https://data.eastmoney.com/notices/detail/300143/AN202511211785649544.html
300143,盈康生命,盈康生命:关于公司2023年限制性股票激励计划首次授予部分第二个归属期及预留授予部分第一个归属期归属条件成就的公告,股权激励进展公告,2025-11-21,https://data.eastmoney.com/notices/detail/300143/AN202511211785649534.html
300852,四会富仕,四会富仕:北京观韬(深圳)律师事务所关于四会富仕电子科技股份有限公司2025年第二次临时股东大会的法律意见书,法律意见书,2025-11-21,https://data.eastmoney.com/notices/detail/300852/AN202511211785649547.html
603402,陕西旅游,关于同意陕西旅游文化产业股份有限公司首次公开发行股票注册的批复,沪主板发行上市审核注册结果通知,2025-11-21,https://data.eastmoney.com/notices/detail/603402/AN202511211785649468.html
A25181,植物医生,3-1-2发行保荐书(申报稿)(北京植物医生化妆品股份有限公司),深主板发行上市发行保荐书,2025-11-21,https://data.eastmoney.com/notices/detail/A25181/AN202511211785647503.html
A25181,植物医生,3-3-1法律意见书(申报稿)(北京植物医生化妆品股份有限公司),深主板发行上市法律意见书,2025-11-21,https://data.eastmoney.com/notices/detail/A25181/AN202511211785647501.html
A25181,植物医生,3-2-1财务报告及审计报告(申报稿)(北京植物医生化妆品股份有限公司),深主板发行上市审计报告,2025-11-21,https://data.eastmoney.com/notices/detail/A25181/AN202511211785647504.html
A25181,植物医生,1-1招股说明书(申报稿)(北京植物医生化妆品股份有限公司),深主板发行上市招股说明书申报稿,2025-11-21,https://data.eastmoney.com/notices/detail/A25181/AN202511211785647502.html
300739,明阳电路,明阳电路:国泰海通证券股份有限公司关于深圳明阳电路科技股份有限公司提前赎回“明电转02”的核查意见,保荐/核查意见,2025-11-21,https://data.eastmoney.com/notices/detail/300739/AN202511211785647517.html
300739,明阳电路,明阳电路:关于提前赎回“明电转02”的第一次提示性公告,其他,2025-11-21,https://data.eastmoney.com/notices/detail/300739/AN202511211785647516.html
A25181,植物医生,3-1-3上市保荐书(申报稿)(北京植物医生化妆品股份有限公司),深主板发行上市上市保荐书,2025-11-21,https://data.eastmoney.com/notices/detail/A25181/AN202511211785647500.html
301190,善水科技,善水科技:2025-053关于完成工商变更登记并换发营业执照的公告,法定代表人变更,2025-11-21,https://data.eastmoney.com/notices/detail/301190/AN202511211785647507.html
301190,善水科技,善水科技:关于股东权益变动实施完成暨公司控股权已发生变更的提示性公告,权益变动报告书,2025-11-21,https://data.eastmoney.com/notices/detail/301190/AN202511211785647508.html
300555,ST路通,ST路通:关于收到撤诉裁定的公告,其他,2025-11-21,https://data.eastmoney.com/notices/detail/300555/AN202511211785647462.html
300835,龙磁科技,龙磁科技:国浩律师(上海)事务所关于安徽龙磁科技股份有限公司2025年第二次临时股东会的法律意见书,法律意见书,2025-11-21,https://data.eastmoney.com/notices/detail/300835/AN202511211785646568.html
300835,龙磁科技,龙磁科技:2025年第二次临时股东会决议公告,股东大会决议公告,2025-11-21,https://data.eastmoney.com/notices/detail/300835/AN202511211785646571.html
300835,龙磁科技,龙磁科技:关于监事离任、增选非独立董事和职工代表董事的公告,高管人员任职变动,2025-11-21,https://data.eastmoney.com/notices/detail/300835/AN202511211785646572.html
000422,湖北宜化,湖北宜化:2025年11月21日投资者关系活动记录表,调研活动,2025-11-21,https://data.eastmoney.com/notices/detail/000422/AN202511211785645458.html
300289,利德曼,利德曼:2025年第一次临时股东大会的法律意见书,法律意见书,2025-11-21,https://data.eastmoney.com/notices/detail/300289/AN202511211785643347.html
300289,利德曼,利德曼:2025年第一次临时股东大会决议公告,股东大会决议公告,2025-11-21,https://data.eastmoney.com/notices/detail/300289/AN202511211785643341.html
301287,康力源,康力源:2025年第二次临时股东大会决议公告,股东大会决议公告,2025-11-21,https://data.eastmoney.com/notices/detail/301287/AN202511211785643343.html
301287,康力源,康力源:上海市锦天城律师事务所关于江苏康力源体育科技股份有限公司2025年第二次临时股东大会的法律意见书,法律意见书,2025-11-21,https://data.eastmoney.com/notices/detail/301287/AN202511211785643346.html
002480,新筑股份,新筑股份:002480新筑股份投资者关系管理信息20251121,调研活动,2025-11-21,https://data.eastmoney.com/notices/detail/002480/AN202511211785641694.html
300130,新国都,新国都:关于对外投资进展暨全资子公司取得土地证的公告,对外项目投资,2025-11-21,https://data.eastmoney.com/notices/detail/300130/AN202511211785641617.html
002353,杰瑞股份,杰瑞股份:2025年11月20日-11月21日投资者关系活动记录表,调研活动,2025-11-21,https://data.eastmoney.com/notices/detail/002353/AN202511211785641208.html
920059,双英集团,双英集团:关于广西双英集团股份有限公司公开发行股票并在北交所上市申请文件的第二轮审核问询函,北交所发行上市问询与回复,2025-11-21,https://data.eastmoney.com/notices/detail/920059/AN202511211785639725.html
920076,国亮新材,国亮新材:国亮新材及东兴证券关于落实上市委员会审议会议意见的函的回复,北交所发行上市问询与回复,2025-11-21,https://data.eastmoney.com/notices/detail/920076/AN202511211785636887.html
000089,深圳机场,深圳机场:2025年11月20日投资者关系活动记录表,调研活动,2025-11-21,https://data.eastmoney.com/notices/detail/000089/AN202511211785638591.html
300446,航天智造,航天智造:投资者关系活动记录表,调研活动,2025-11-21,https://data.eastmoney.com/notices/detail/300446/AN202511211785638592.html
002912,中新赛克,中新赛克:2025年11月20日投资者关系活动记录表,调研活动,2025-11-21,https://data.eastmoney.com/notices/detail/002912/AN202511211785638590.html
920076,国亮新材,国亮新材:立信会计师事务所(特殊普通合伙)关于国亮新材落实上市委员会审议会议意见的函的回复,北交所发行上市问询与回复,2025-11-21,https://data.eastmoney.com/notices/detail/920076/AN202511211785636886.html
300837,浙矿股份,浙矿股份:浙矿重工股份有限公司关于持股5%以上股东股份变动触及1%整数倍的公告,股东/实际控制人股份减持,2025-11-21,https://data.eastmoney.com/notices/detail/300837/AN202511211785636885.html
920036,觅睿科技,觅睿科技:关于申请公开发行股票并在北交所上市暨停牌进展公告,停牌公告,2025-11-21,https://data.eastmoney.com/notices/detail/920036/AN202511211785633409.html
301498,乖宝宠物,乖宝宠物:关于公司投建新西兰高端宠物食品项目的公告,对外项目投资,2025-11-21,https://data.eastmoney.com/notices/detail/301498/AN202511211785633395.html
301498,乖宝宠物,乖宝宠物:关于第二届董事会第十五次会议决议的公告,董事会决议公告,2025-11-21,https://data.eastmoney.com/notices/detail/301498/AN202511211785633394.html
300451,创业慧康,创业慧康:关于筹划控制权变更事项进展的公告,其他,2025-11-21,https://data.eastmoney.com/notices/detail/300451/AN202511211785633396.html
300591,万里马,万里马:关于2025年股票期权激励计划预留授予登记完成的公告,股权激励进展公告,2025-11-21,https://data.eastmoney.com/notices/detail/300591/AN202511211785633376.html
920058,华洋赛车,华洋赛车:关于拟减少注册资本并修订《公司章程》的公告,公司注册资本变更,2025-11-21,https://data.eastmoney.com/notices/detail/920058/AN202511211785633359.html
920058,华洋赛车,华洋赛车:关于召开2025年第四次临时股东会通知公告(提供网络投票),召开股东大会通知,2025-11-21,https://data.eastmoney.com/notices/detail/920058/AN202511211785633358.html
920058,华洋赛车,华洋赛车:关于回购注销部分限制性股票方案及调整回购价格的公告,回购方案修订,2025-11-21,https://data.eastmoney.com/notices/detail/920058/AN202511211785633362.html
920058,华洋赛车,华洋赛车:北京金诚同达(上海)律师事务所关于浙江华洋赛车股份有限公司2024年股权激励计划部分限制性股票回购注销相关事项的法律意见书,法律意见书,2025-11-21,https://data.eastmoney.com/notices/detail/920058/AN202511211785633360.html
920058,华洋赛车,华洋赛车:第四届董事会第十四次会议决议公告,董事会决议公告,2025-11-21,https://data.eastmoney.com/notices/detail/920058/AN202511211785633361.html
920564,天润科技,天润科技:投资者关系活动记录表,调研活动,2025-11-21,https://data.eastmoney.com/notices/detail/920564/AN202511211785630348.html
603407,长裕集团,8-1发行人及中介机构关于第二轮审核问询函的回复(长裕控股集团股份有限公司),沪主板发行上市问询与回复,2025-11-21,https://data.eastmoney.com/notices/detail/603407/AN202511211785630317.html
300898,熊猫乳品,熊猫乳品:关于合计持股5%以上股东减持至5%暨权益变动的提示性公告,权益变动报告书,2025-11-21,https://data.eastmoney.com/notices/detail/300898/AN202511211785630258.html
300722,新余国科,新余国科:关于持股5%以上股东减持股份变动触及1%整数倍的公告,股东/实际控制人股份减持,2025-11-21,https://data.eastmoney.com/notices/detail/300722/AN202511211785630261.html
300912,凯龙高科,凯龙高科:第四届董事会第二十七次(临时)会议决议公告,董事会决议公告,2025-11-21,https://data.eastmoney.com/notices/detail/300912/AN202511211785630263.html
301237,和顺科技,和顺科技:关于特定股东股份减持计划实施完毕的公告,股东/实际控制人股份减持,2025-11-21,https://data.eastmoney.com/notices/detail/301237/AN202511211785630260.html
300898,熊猫乳品,熊猫乳品:关于股东减持计划期限届满的公告,股东/实际控制人股份减持,2025-11-21,https://data.eastmoney.com/notices/detail/300898/AN202511211785630257.html
300898,熊猫乳品,熊猫乳品:简式权益变动报告书,权益变动报告书,2025-11-21,https://data.eastmoney.com/notices/detail/300898/AN202511211785630259.html
300912,凯龙高科,凯龙高科:关于对外投资暨关联交易的公告,对外项目投资,2025-11-21,https://data.eastmoney.com/notices/detail/300912/AN202511211785630262.html
A24055,兢强科技,北京证券交易所上市委员会2025年第34次审议会议结果公告,北交所上市审核会议结果,2025-11-21,https://data.eastmoney.com/notices/detail/A24055/AN202511211785627308.html
300232,洲明科技,洲明科技:2025年11月20日投资者关系活动记录表,调研活动,2025-11-21,https://data.eastmoney.com/notices/detail/300232/AN202511211785629249.html
920725,惠丰钻石,惠丰钻石:第四届董事会第五次会议决议公告,董事会决议公告,2025-11-21,https://data.eastmoney.com/notices/detail/920725/AN202511211785627274.html
920725,惠丰钻石,惠丰钻石:与私募基金合作投资的公告,投资设立公司,2025-11-21,https://data.eastmoney.com/notices/detail/920725/AN202511211785627275.html
920158,长江能科,长江能科:关于获得中国化工学会科技进步一等奖的公告,其他,2025-11-21,https://data.eastmoney.com/notices/detail/920158/AN202511211785627273.html
300743,天地数码,天地数码:关于部分募集资金专户注销完成的公告,募集资金使用情况报告,2025-11-21,https://data.eastmoney.com/notices/detail/300743/AN202511211785627265.html
301377,鼎泰高科,鼎泰高科:关于子公司为公司提供担保的进展公告,提供/对外担保公告,2025-11-21,https://data.eastmoney.com/notices/detail/301377/AN202511211785627267.html
920839,万通液压,万通液压:投资者关系活动记录表,调研活动,2025-11-21,https://data.eastmoney.com/notices/detail/920839/AN202511211785627261.html
603330,天洋新材,天洋新材:2025年11月21日投资者关系活动记录表,调研活动,2025-11-21,https://data.eastmoney.com/notices/detail/603330/AN202511211785626024.html
300674,宇信科技,宇信科技:关于控股股东股份减持计划期限届满暨实施结果的公告,股东/实际控制人股份减持,2025-11-21,https://data.eastmoney.com/notices/detail/300674/AN202511211785625036.html
300618,寒锐钴业,寒锐钴业:北京国枫(深圳)律师事务所关于南京寒锐钴业股份有限公司2025年第一次临时股东大会的法律意见书,法律意见书,2025-11-21,https://data.eastmoney.com/notices/detail/300618/AN202511211785625039.html
301312,智立方,智立方:2025年第二次临时股东会决议公告,股东大会决议公告,2025-11-21,https://data.eastmoney.com/notices/detail/301312/AN202511211785625040.html
300618,寒锐钴业,寒锐钴业:2025年第一次临时股东大会决议公告,股东大会决议公告,2025-11-21,https://data.eastmoney.com/notices/detail/300618/AN202511211785625038.html
301312,智立方,智立方:北京德恒(深圳)律师事务所关于深圳市智立方自动化设备股份有限公司2025年第二次临时股东会的法律意见,法律意见书,2025-11-21,https://data.eastmoney.com/notices/detail/301312/AN202511211785625037.html
300968,格林精密,格林精密:2025年第二次临时股东会决议公告,股东大会决议公告,2025-11-21,https://data.eastmoney.com/notices/detail/300968/AN202511211785622034.html
300968,格林精密,格林精密:北京市中伦律师事务所关于广东格林精密部件股份有限公司2025年第二次临时股东会的法律意见书,法律意见书,2025-11-21,https://data.eastmoney.com/notices/detail/300968/AN202511211785622035.html
688576,西山科技,西山科技:重庆西山科技股份有限公司2025年11月19-21日投资者关系活动记录表,调研活动,2025-11-21,https://data.eastmoney.com/notices/detail/688576/AN202511211785623359.html
600280,中央商场,关于对南京中央商场(集团)股份有限公司及有关责任人予以监管警示的决定,上交所股票监管关注,2025-11-21,https://data.eastmoney.com/notices/detail/600280/AN202511211785621974.html
000603,盛达资源,盛达资源:000603盛达资源投资者关系管理信息20251121,调研活动,2025-11-21,https://data.eastmoney.com/notices/detail/000603/AN202511211785621168.html
688685,迈信林,迈信林:投资者关系活动记录表-2025年11月21日,调研活动,2025-11-21,https://data.eastmoney.com/notices/detail/688685/AN202511211785618643.html
300128,锦富技术,锦富技术:国泰海通证券股份有限公司关于苏州锦富技术股份有限公司持续督导专项培训情况报告,保荐/核查意见,2025-11-21,https://data.eastmoney.com/notices/detail/300128/AN202511211785618090.html
300959,线上线下,线上线下:关于公司控股股东涉及诉讼的公告,诉讼仲裁,2025-11-21,https://data.eastmoney.com/notices/detail/300959/AN202511211785618086.html
000800,一汽解放,一汽解放:000800一汽解放投资者关系管理信息20251121,调研活动,2025-11-21,https://data.eastmoney.com/notices/detail/000800/AN202511211785617373.html
688065,凯赛生物,凯赛生物:2025年11月20日投资者关系活动记录表,调研活动,2025-11-21,https://data.eastmoney.com/notices/detail/688065/AN202511211785617372.html
300552,万集科技,万集科技:关于获得发明专利证书的公告,获得认证,2025-11-21,https://data.eastmoney.com/notices/detail/300552/AN202511211785615844.html
688262,国芯科技,国芯科技:2025年11月19日至20日投资者关系活动记录表,调研活动,2025-11-21,https://data.eastmoney.com/notices/detail/688262/AN202511211785617078.html
600995,南网储能,南网储能:南方电网储能股份有限公司2025年11月20日-21日投资者关系活动记录表,调研活动,2025-11-21,https://data.eastmoney.com/notices/detail/600995/AN202511211785617077.html
300072,海新能科,海新能科:关于公司涉及重大诉讼的公告,诉讼仲裁,2025-11-21,https://data.eastmoney.com/notices/detail/300072/AN202511211785612535.html
300772,运达股份,运达股份:300772运达股份投资者关系管理信息20251121,调研活动,2025-11-21,https://data.eastmoney.com/notices/detail/300772/AN202511211785613897.html
920021,流金科技,流金科技:关于股东所持公司股票自愿限售的公告,其他,2025-11-21,https://data.eastmoney.com/notices/detail/920021/AN202511211785612488.html
688330,宏力达,宏力达:投资者关系活动记录表(2025年第三季度业绩说明会),调研活动,2025-11-21,https://data.eastmoney.com/notices/detail/688330/AN202511211785612385.html
688655,迅捷兴,迅捷兴:2025年11月20日投资者关系活动记录表(编号:202515),调研活动,2025-11-21,https://data.eastmoney.com/notices/detail/688655/AN202511211785612384.html
300249,依米康,依米康:关于变更保荐代表人的公告,保荐代表人（机构）变更,2025-11-21,https://data.eastmoney.com/notices/detail/300249/AN202511211785612464.html
300746,汉嘉数智,汉嘉设计:关于全资子公司完成注销登记的公告,公司关联方基本资料变更,2025-11-21,https://data.eastmoney.com/notices/detail/300746/AN202511211785612463.html
300693,盛弘股份,盛弘股份:关于特定股东减持计划实施完成的公告,股东/实际控制人股份减持,2025-11-21,https://data.eastmoney.com/notices/detail/300693/AN202511211785612462.html
002320,海峡股份,海峡股份:002320海峡股份投资者关系管理信息20251121,调研活动,2025-11-21,https://data.eastmoney.com/notices/detail/002320/AN202511211785612008.html
002805,丰元股份,丰元股份:2025-011投资者关系活动记录表,调研活动,2025-11-21,https://data.eastmoney.com/notices/detail/002805/AN202511211785612009.html
689009,九号公司,九号公司:九号有限公司投资者关系活动记录表(2025年11月20日),调研活动,2025-11-21,https://data.eastmoney.com/notices/detail/689009/AN202511211785596060.html
301257,普蕊斯,普蕊斯:301257普蕊斯调研活动信息20251121,调研活动,2025-11-21,https://data.eastmoney.com/notices/detail/301257/AN202511211785611630.html
301002,崧盛股份,崧盛股份:2025年11月21日投资者关系活动记录表,调研活动,2025-11-21,https://data.eastmoney.com/notices/detail/301002/AN202511211785611629.html
920180,爱得科技,北京证券交易所上市委员会2025年第33次审议会议结果公告,北交所上市审核会议结果,2025-11-21,https://data.eastmoney.com/notices/detail/920180/AN202511211785606135.html
301338,凯格精机,凯格精机:关于高级管理人员被采取强制措施的进展公告,违法违规,2025-11-21,https://data.eastmoney.com/notices/detail/301338/AN202511211785608253.html
300187,永清环保,永清环保:永清环保股份有限公司2025年11月21日投资者关系活动记录,调研活动,2025-11-21,https://data.eastmoney.com/notices/detail/300187/AN202511211785607828.html
301098,金埔园林,金埔园林:关于非独立董事辞职、选举职工代表董事并调整董事会提名与薪酬考核委员会委员的公告,高管人员任职变动,2025-11-21,https://data.eastmoney.com/notices/detail/301098/AN202511211785606155.html
301098,金埔园林,金埔园林:第五届董事会第二十九次会议决议公告,高管人员任职变动,2025-11-21,https://data.eastmoney.com/notices/detail/301098/AN202511211785606154.html
301360,荣旗科技,荣旗科技:投资者关系活动记录表_2025年11月11日-11月21日,调研活动,2025-11-21,https://data.eastmoney.com/notices/detail/301360/AN202511211785607058.html
920261,一诺威,一诺威:投资者关系活动记录表,调研活动,2025-11-21,https://data.eastmoney.com/notices/detail/920261/AN202511211785606126.html
301320,豪江智能,豪江智能:关于财务总监辞职暨聘任财务总监的公告,高管人员任职变动,2025-11-21,https://data.eastmoney.com/notices/detail/301320/AN202511211785606067.html
300598,诚迈科技,诚迈科技:关于控股股东部分股份解除质押的公告,股份质押、冻结,2025-11-21,https://data.eastmoney.com/notices/detail/300598/AN202511211785606064.html
300793,佳禾智能,佳禾智能:关于收购事项的进展公告,收购出售资产/股权,2025-11-21,https://data.eastmoney.com/notices/detail/300793/AN202511211785606069.html
300022,吉峰科技,吉峰科技:关于完成工商变更登记并换发营业执照的公告,公司章程修订,2025-11-21,https://data.eastmoney.com/notices/detail/300022/AN202511211785606068.html
301320,豪江智能,豪江智能:第三届董事会第十九次会议决议公告,高管人员任职变动,2025-11-21,https://data.eastmoney.com/notices/detail/301320/AN202511211785606065.html
002378,章源钨业,章源钨业:002378章源钨业投资者关系管理信息20251121,调研活动,2025-11-21,https://data.eastmoney.com/notices/detail/002378/AN202511211785605553.html
688036,传音控股,传音控股:2025年11月20日投资者关系活动记录表,调研活动,2025-11-21,https://data.eastmoney.com/notices/detail/688036/AN202511211785604802.html
688686,奥普特,奥普特:广东奥普特科技股份有限公司投资者关系活动记录表2025.11.21,调研活动,2025-11-21,https://data.eastmoney.com/notices/detail/688686/AN202511211785604801.html
300684,中石科技,中石科技:关于公司股份回购完成暨股份变动的公告,股本变动,2025-11-21,https://data.eastmoney.com/notices/detail/300684/AN202511211785603739.html
600339,中油工程,中油工程:2025年11月20日投资者关系活动记录表(2025年第三季度业绩说明会),调研活动,2025-11-21,https://data.eastmoney.com/notices/detail/600339/AN202511211785604168.html
600784,鲁银投资,鲁银投资:-鲁银投资:2025年第三季度业绩说明会投资者关系活动记录表,调研活动,2025-11-21,https://data.eastmoney.com/notices/detail/600784/AN202511211785604309.html
000537,绿发电力,中绿电:000537中绿电投资者关系管理信息20251121,调研活动,2025-11-21,https://data.eastmoney.com/notices/detail/000537/AN202511211785603882.html
603108,润达医疗,润达医疗:上海润达医疗科技股份有限公司2025年半年度暨第三季度业绩说明会召开情况,调研活动,2025-11-21,https://data.eastmoney.com/notices/detail/603108/AN202511211785603606.html
920039,国义招标,国义招标:拟续聘2025年度会计师事务所公告,审计机构变更,2025-11-21,https://data.eastmoney.com/notices/detail/920039/AN202511211785601842.html
920895,花溪科技,花溪科技:高级管理人员离任公告,高管人员任职变动,2025-11-21,https://data.eastmoney.com/notices/detail/920895/AN202511211785601840.html
920039,国义招标,国义招标:第六届董事会第十五次会议决议公告,董事会决议公告,2025-11-21,https://data.eastmoney.com/notices/detail/920039/AN202511211785601841.html
920640,富士达,富士达:投资者关系活动记录表,调研活动,2025-11-21,https://data.eastmoney.com/notices/detail/920640/AN202511211785601838.html
920065,千岸科技,千岸科技:2025年1-9月审阅报告,保荐/核查意见,2025-11-21,https://data.eastmoney.com/notices/detail/920065/AN202511211785601801.html
920065,千岸科技,千岸科技:独立董事关于第二届董事会第十八次会议相关事项的独立意见,专项说明/独立意见,2025-11-21,https://data.eastmoney.com/notices/detail/920065/AN202511211785600948.html
300611,美力科技,美力科技:关于重大资产购买事项的进展的公告,收购出售资产/股权,2025-11-21,https://data.eastmoney.com/notices/detail/300611/AN202511211785600911.html
920227,美登科技,美登科技:自有资金委托理财进展公告,委托（受托）事项,2025-11-21,https://data.eastmoney.com/notices/detail/920227/AN202511211785598325.html
920810,春光智能,春光智能:公司对全资子公司提供担保的进展公告,提供/对外担保公告,2025-11-21,https://data.eastmoney.com/notices/detail/920810/AN202511211785598302.html
920065,千岸科技,千岸科技:第二届董事会第十八次会议决议公告,董事会决议公告,2025-11-21,https://data.eastmoney.com/notices/detail/920065/AN202511211785598293.html
603257,中国瑞林,中国瑞林:2025年第三季度业绩说明会投资者关系活动记录表,调研活动,2025-11-21,https://data.eastmoney.com/notices/detail/603257/AN202511211785598427.html
603125,常青科技,常青科技:2025年第三季度业绩说明会交流稿,调研活动,2025-11-21,https://data.eastmoney.com/notices/detail/603125/AN202511211785598071.html
600939,重庆建工,重庆建工:重庆建工集团股份有限公司投资者关系活动记录表(2025年第三季度业绩说明会),调研活动,2025-11-21,https://data.eastmoney.com/notices/detail/600939/AN202511211785598073.html
688698,伟创电气,伟创电气:投资者关系活动记录表(2025年11月12日-11月18日),调研活动,2025-11-21,https://data.eastmoney.com/notices/detail/688698/AN202511211785598072.html
300358,楚天科技,楚天科技:楚天科技投资者关系管理信息20251120,调研活动,2025-11-21,https://data.eastmoney.com/notices/detail/300358/AN202511211785597368.html
920950,迅安科技,迅安科技:投资者关系活动记录表,调研活动,2025-11-21,https://data.eastmoney.com/notices/detail/920950/AN202511211785596393.html
920964,润农节水,润农节水:第四届董事会第十八次会议决议公告,董事会决议公告,2025-11-21,https://data.eastmoney.com/notices/detail/920964/AN202511211785596395.html
920964,润农节水,润农节水:拟续聘2025年度会计师事务所公告,审计机构变更,2025-11-21,https://data.eastmoney.com/notices/detail/920964/AN202511211785596392.html
920964,润农节水,润农节水:关于召开公司2025年第四次临时股东会通知公告(提供网络投票),召开股东大会通知,2025-11-21,https://data.eastmoney.com/notices/detail/920964/AN202511211785596394.html
300774,倍杰特,倍杰特:关于公司股票交易异常波动的公告,股票交易异常波动,2025-11-21,https://data.eastmoney.com/notices/detail/300774/AN202511211785596389.html
301148,嘉戎技术,嘉戎技术:关于筹划重大资产重组的停牌进展公告,停牌公告,2025-11-21,https://data.eastmoney.com/notices/detail/301148/AN202511211785596391.html
300195,长荣股份,长荣股份:关于对外投资设立控股子公司的进展公告,投资设立公司,2025-11-21,https://data.eastmoney.com/notices/detail/300195/AN202511211785596390.html
688816,易思维,上海证券交易所上市审核委员会2025年第57次审议会议结果公告,沪主板发行上市审核委会议结果公告,2025-11-21,https://data.eastmoney.com/notices/detail/688816/AN202511211785592903.html
688676,金盘科技,金盘科技:2025年11月20日 投资者关系活动记录表—2025年第三季度业绩说明会,调研活动,2025-11-21,https://data.eastmoney.com/notices/detail/688676/AN202511211785596521.html
688127,蓝特光学,蓝特光学:2025-11-21投资者关系活动记录表,调研活动,2025-11-21,https://data.eastmoney.com/notices/detail/688127/AN202511211785596520.html
300260,新莱应材,新莱应材:300260新莱应材投资者关系管理信息20251120,调研活动,2025-11-21,https://data.eastmoney.com/notices/detail/300260/AN202511211785595669.html
603626,科森科技,关于对昆山科森科技股份有限公司及有关责任人予以通报批评的决定,上交所股票通报批评,2025-11-21,https://data.eastmoney.com/notices/detail/603626/AN202511211785594797.html
603402,陕西旅游,关于同意陕西旅游文化产业股份有限公司首次公开发行股票注册的批复,沪主板发行上市审核注册结果通知,2025-11-21,https://data.eastmoney.com/notices/detail/603402/AN202511211785587833.html
300751,迈为股份,迈为股份:关于日常经营重大合同进展暨部分应收账款进行债务重组的公告,重大合同,2025-11-21,https://data.eastmoney.com/notices/detail/300751/AN202511211785594791.html
300751,迈为股份,迈为股份:第三届董事会第十八次会议决议公告,董事会决议公告,2025-11-21,https://data.eastmoney.com/notices/detail/300751/AN202511211785594789.html
301111,粤万年青,粤万年青:关于控股股东上层股权结构拟发生变动的提示性公告,公司关联方基本资料变更,2025-11-21,https://data.eastmoney.com/notices/detail/301111/AN202511211785594785.html
300751,迈为股份,迈为股份:关于与专业机构共同投资的进展公告,对外项目投资,2025-11-21,https://data.eastmoney.com/notices/detail/300751/AN202511211785594788.html
300093,金刚光伏,*ST金刚:关于日常经营重大合同的进展公告,重大合同,2025-11-21,https://data.eastmoney.com/notices/detail/300093/AN202511211785594790.html
300024,机器人,机器人:关于变更签字注册会计师的公告,公司关联方基本资料变更,2025-11-21,https://data.eastmoney.com/notices/detail/300024/AN202511211785594787.html
301111,粤万年青,粤万年青:简式权益变动报告书,权益变动报告书,2025-11-21,https://data.eastmoney.com/notices/detail/301111/AN202511211785594786.html
920425,乐创技术,乐创技术:关于取得发明专利证书的公告,获得认证,2025-11-21,https://data.eastmoney.com/notices/detail/920425/AN202511211785594784.html
301587,中瑞股份,中瑞股份:关于变更签字注册会计师的公告,公司关联方基本资料变更,2025-11-21,https://data.eastmoney.com/notices/detail/301587/AN202511211785590955.html
300424,航新科技,航新科技:第六届监事会第十一次会议决议公告,监事会决议公告,2025-11-21,https://data.eastmoney.com/notices/detail/300424/AN202511211785590947.html
300326,ST凯利,ST凯利:关于投资动之医学技术(上海)有限公司暨关联交易的公告,关联交易,2025-11-21,https://data.eastmoney.com/notices/detail/300326/AN202511211785590953.html
300326,ST凯利,ST凯利:第六届董事会第十三次会议决议公告,董事会决议公告,2025-11-21,https://data.eastmoney.com/notices/detail/300326/AN202511211785590954.html
300424,航新科技,航新科技:关于接受财务资助的公告,获得补贴（资助）,2025-11-21,https://data.eastmoney.com/notices/detail/300424/AN202511211785590950.html
300424,航新科技,航新科技:第六届董事会第十二次会议决议公告,董事会决议公告,2025-11-21,https://data.eastmoney.com/notices/detail/300424/AN202511211785590948.html
300326,ST凯利,ST凯利:关于公司股票被实施其他风险警示相关事项的进展公告,其它风险提示公告,2025-11-21,https://data.eastmoney.com/notices/detail/300326/AN202511211785590946.html
300692,中赋科技,中环环保:关于特定股东减持计划期限届满暨实施情况的公告,股东/实际控制人股份减持,2025-11-21,https://data.eastmoney.com/notices/detail/300692/AN202511211785590949.html
300014,亿纬锂能,亿纬锂能:关于控股股东部分股份解除质押及质押的公告,股份质押、冻结,2025-11-21,https://data.eastmoney.com/notices/detail/300014/AN202511211785590951.html
920592,华信永道,华信永道:关于投资者关系活动记录表的公告,调研活动,2025-11-21,https://data.eastmoney.com/notices/detail/920592/AN202511211785590943.html
920222,益坤电气,益坤电气:公司章程(2025年11月),公司章程,2025-11-21,https://data.eastmoney.com/notices/detail/920222/AN202511211785590939.html
688683,莱尔科技,6-1中审众环会计师事务所(特殊普通合伙)关于广东莱尔新材料科技股份有限公司2025年以简易程序向特定对象发行股票的财务报告及审计报告(申报稿)(广东莱尔新材料科技股份有限公司),科创板再融资审计报告,2025-11-21,https://data.eastmoney.com/notices/detail/688683/AN202511211785590909.html
A23082,北斗院,中泰证券股份有限公司关于长沙北斗产业安全技术研究院集团股份有限公司首次公开发行股票并在科创板上市的发行保荐书(申报稿)(长沙北斗产业安全技术研究院集团股份有限公司),科创板发行上市发行保荐书,2025-11-21,https://data.eastmoney.com/notices/detail/A23082/AN202511211785590891.html
A23082,北斗院,中泰证券股份有限公司关于长沙北斗产业安全技术研究院集团股份有限公司首次公开发行股票并在科创板上市的上市保荐书(申报稿)(长沙北斗产业安全技术研究院集团股份有限公司),科创板发行上市上市保荐书,2025-11-21,https://data.eastmoney.com/notices/detail/A23082/AN202511211785590889.html
A23082,北斗院,国浩律师(长沙)事务所关于长沙北斗产业安全技术研究院集团股份有限公司首次公开发行股票并在科创板上市之法律意见书(申报稿)(长沙北斗产业安全技术研究院集团股份有限公司),科创板发行上市法律意见书,2025-11-21,https://data.eastmoney.com/notices/detail/A23082/AN202511211785590888.html
688130,晶华微,晶华微:投资者关系活动记录表(20251120),调研活动,2025-11-21,https://data.eastmoney.com/notices/detail/688130/AN202511211785591622.html
688202,美迪西,美迪西:投资者关系活动记录表(2025-11-003),调研活动,2025-11-21,https://data.eastmoney.com/notices/detail/688202/AN202511211785591624.html
688623,双元科技,双元科技:投资者关系活动记录表2025-003(2025年第三季度业绩说明会),调研活动,2025-11-21,https://data.eastmoney.com/notices/detail/688623/AN202511211785591623.html
688683,莱尔科技,3-2世纪证券有限责任公司关于广东莱尔新材料科技股份有限公司2025年以简易程序向特定对象发行股票之上市保荐书(申报稿)(广东莱尔新材料科技股份有限公司),科创板再融资上市保荐书,2025-11-21,https://data.eastmoney.com/notices/detail/688683/AN202511211785590911.html
688683,莱尔科技,3-1世纪证券有限责任公司关于广东莱尔新材料科技股份有限公司2025年以简易程序向特定对象发行股票之证券发行保荐书(申报稿)(广东莱尔新材料科技股份有限公司),科创板再融资发行保荐书,2025-11-21,https://data.eastmoney.com/notices/detail/688683/AN202511211785590910.html
688683,莱尔科技,4-1广东信达律师事务所关于广东莱尔新材料科技股份有限公司2025年以简易程序向特定对象发行股票之法律意见书(申报稿)(广东莱尔新材料科技股份有限公司),科创板再融资法律意见书,2025-11-21,https://data.eastmoney.com/notices/detail/688683/AN202511211785590908.html
A23082,北斗院,天职国际会计师事务所(特殊普通合伙)关于长沙北斗产业安全技术研究院集团股份有限公司首次公开发行股票并在科创板上市的财务报告及审计报告(申报稿)(长沙北斗产业安全技术研究院集团股份有限公司),科创板发行上市审计报告,2025-11-21,https://data.eastmoney.com/notices/detail/A23082/AN202511211785590890.html
A23082,北斗院,长沙北斗产业安全技术研究院集团股份有限公司科创板首次公开发行股票招股说明书(申报稿),科创板发行上市招股说明书申报稿,2025-11-21,https://data.eastmoney.com/notices/detail/A23082/AN202511211785590869.html
605177,东亚药业,东亚药业:投资者关系活动记录表-2025年第三季度业绩说明会,调研活动,2025-11-21,https://data.eastmoney.com/notices/detail/605177/AN202511211785590803.html
600735,ST新华锦,ST新华锦:2025年半年度暨第三季度业绩说明会投资者关系活动记录表,调研活动,2025-11-21,https://data.eastmoney.com/notices/detail/600735/AN202511211785590805.html
688638,誉辰智能,誉辰智能:深圳市誉辰智能装备股份有限公司投资者关系活动记录表-2025-008,调研活动,2025-11-21,https://data.eastmoney.com/notices/detail/688638/AN202511211785590804.html
688683,莱尔科技,1-1广东莱尔新材料科技股份有限公司2025年以简易程序向特定对象发行股票证券募集说明书(申报稿),科创板再融资募集说明书申报稿,2025-11-21,https://data.eastmoney.com/notices/detail/688683/AN202511211785590866.html
688806,泰诺麦博,8-1发行人及中介机构关于首轮审核问询函的回复(珠海泰诺麦博制药股份有限公司),科创板发行上市问询与回复,2025-11-21,https://data.eastmoney.com/notices/detail/688806/AN202511211785590865.html
600746,江苏索普,关于终止对江苏索普化工股份有限公司向特定对象发行股票审核的决定,沪主板再融资审核终止审核通知,2025-11-21,https://data.eastmoney.com/notices/detail/600746/AN202511211785590867.html
688160,步科股份,步科股份:投资者关系活动记录表(2025年11月19日-20日),调研活动,2025-11-21,https://data.eastmoney.com/notices/detail/688160/AN202511211785589724.html
601212,白银有色,白银有色:白银有色集团股份有限公司关于召开2025年第三季度业绩说明会的活动记录,调研活动,2025-11-21,https://data.eastmoney.com/notices/detail/601212/AN202511211785589725.html
300096,ST易联众,ST易联众:关于控股股东上层股东股权结构调整的公告,其他,2025-11-21,https://data.eastmoney.com/notices/detail/300096/AN202511211785589023.html
920222,益坤电气,益坤电气:2025年第三次临时股东会会议决议公告,股东大会决议公告,2025-11-21,https://data.eastmoney.com/notices/detail/920222/AN202511211785589009.html
688589,力合微,力合微:2025年11月19日投资者关系活动记录表,调研活动,2025-11-21,https://data.eastmoney.com/notices/detail/688589/AN202511211785589149.html
688589,力合微,力合微:投资者关系活动记录表(2025年度深圳辖区上市公司投资者网上集体接待日活动暨2025年第三季度业绩说明会),调研活动,2025-11-21,https://data.eastmoney.com/notices/detail/688589/AN202511211785589150.html
688238,和元生物,和元生物:投资者关系活动记录表(2025年第三季度业绩说明会),调研活动,2025-11-21,https://data.eastmoney.com/notices/detail/688238/AN202511211785587869.html
688389,普门科技,普门科技:2025年11月20日投资者关系活动记录表2025-014,调研活动,2025-11-21,https://data.eastmoney.com/notices/detail/688389/AN202511211785587870.html
300666,江丰电子,江丰电子:国泰海通证券股份有限公司关于宁波江丰电子材料股份有限公司募集资金投资项目延期及调整内部投资结构的核查意见,保荐/核查意见,2025-11-21,https://data.eastmoney.com/notices/detail/300666/AN202511211785586720.html
300666,江丰电子,江丰电子:第四届董事会第二十八次会议决议公告,董事会决议公告,2025-11-21,https://data.eastmoney.com/notices/detail/300666/AN202511211785586716.html
300666,江丰电子,江丰电子:关于募集资金投资项目延期及调整内部投资结构的公告,变更募集资金投资项目,2025-11-21,https://data.eastmoney.com/notices/detail/300666/AN202511211785586718.html
920260,中寰股份,中寰股份:股东拟减持股份的预披露公告,股东/实际控制人股份减持,2025-11-21,https://data.eastmoney.com/notices/detail/920260/AN202511211785586700.html
000543,皖能电力,皖能电力:000543皖能电力投资者关系管理信息2025-11,调研活动,2025-11-21,https://data.eastmoney.com/notices/detail/000543/AN202511211785586519.html
301162,国能日新,国能日新:关于对外投资进展暨设立合资公司并取得营业执照的公告,投资设立公司,2025-11-21,https://data.eastmoney.com/notices/detail/301162/AN202511211785586688.html
300094,国联水产,关于对湛江国联水产开发股份有限公司及相关当事人给予通报批评处分的决定,通报批评,2025-11-21,https://data.eastmoney.com/notices/detail/300094/AN202511211785585121.html
300665,飞鹿股份,飞鹿股份:关于股份协议转让完成过户登记暨公司控股股东发生变更的公告,股权转让,2025-11-21,https://data.eastmoney.com/notices/detail/300665/AN202511211785585078.html
301006,迈拓股份,迈拓股份:关于完成工商变更登记备案的公告,高管人员任职变动,2025-11-21,https://data.eastmoney.com/notices/detail/301006/AN202511211785585081.html
301006,迈拓股份,迈拓股份:迈拓仪表股份有限公司章程,公司章程,2025-11-21,https://data.eastmoney.com/notices/detail/301006/AN202511211785585077.html
920022,世昌股份,世昌股份:关于开立募集资金现金管理专用结算账户的公告,投资理财,2025-11-21,https://data.eastmoney.com/notices/detail/920022/AN202511211785585070.html
920018,宏远股份,宏远股份:北京国枫律师事务所关于沈阳宏远电磁线股份有限公司2025年第五次临时股东会的法律意见书,法律意见书,2025-11-21,https://data.eastmoney.com/notices/detail/920018/AN202511211785585073.html
920022,世昌股份,世昌股份:关于使用暂时闲置募集资金进行现金管理的进展公告,募集资金使用进展情况,2025-11-21,https://data.eastmoney.com/notices/detail/920022/AN202511211785585072.html
920018,宏远股份,宏远股份:2025年第五次临时股东会决议公告,分配方案决议公告,2025-11-21,https://data.eastmoney.com/notices/detail/920018/AN202511211785585071.html
920050,爱舍伦,爱舍伦:2025年第三次临时股东会会议决议公告,股东大会决议公告,2025-11-21,https://data.eastmoney.com/notices/detail/920050/AN202511211785582046.html
920050,爱舍伦,爱舍伦:关于认定核心员工的公告,获得认证,2025-11-21,https://data.eastmoney.com/notices/detail/920050/AN202511211785582044.html
920873,中设咨询,中设咨询:第五届董事会第十五次会议决议公告,董事会决议公告,2025-11-21,https://data.eastmoney.com/notices/detail/920873/AN202511211785582035.html
920873,中设咨询,中设咨询:关于使用自有资金支付募投项目人员费用并以募集资金等额置换的公告,募集资金使用进展情况,2025-11-21,https://data.eastmoney.com/notices/detail/920873/AN202511211785582036.html
920873,中设咨询,中设咨询:中国银河证券股份有限公司关于中设工程咨询(重庆)股份有限公司使用自有资金支付募投项目人员费用并以募集资金等额置换的专项核查意见,保荐/核查意见,2025-11-21,https://data.eastmoney.com/notices/detail/920873/AN202511211785582037.html
301263,泰恩康,泰恩康:2025年11月21日投资者关系活动记录表,调研活动,2025-11-21,https://data.eastmoney.com/notices/detail/301263/AN202511211785583581.html
920027,交大铁发,交大铁发:持股5%以上股东减持股份结果公告,股东/实际控制人股份减持,2025-11-21,https://data.eastmoney.com/notices/detail/920027/AN202511211785582021.html
001338,永顺泰,永顺泰:2025年11月21日投资者关系活动记录表,调研活动,2025-11-21,https://data.eastmoney.com/notices/detail/001338/AN202511211785582257.html
300357,我武生物,我武生物:关于获得豚草花粉点刺液药物临床试验补充申请批准通知书的公告,其他,2025-11-21,https://data.eastmoney.com/notices/detail/300357/AN202511211785581984.html
920699,海达尔,海达尔:关于公司使用部分闲置募集资金委托理财进展的公告,委托（受托）事项,2025-11-21,https://data.eastmoney.com/notices/detail/920699/AN202511211785579314.html
301263,泰恩康,泰恩康:关于控股股东、实际控制人部分股份解除质押的公告,股份质押、冻结,2025-11-21,https://data.eastmoney.com/notices/detail/301263/AN202511211785579301.html
300713,英可瑞,英可瑞:关于香港子公司完成注册登记的公告,公司关联方基本资料变更,2025-11-21,https://data.eastmoney.com/notices/detail/300713/AN202511211785579302.html
920001,纬达光电,纬达光电:2025年第三季度报告业绩说明会预告公告,其他,2025-11-21,https://data.eastmoney.com/notices/detail/920001/AN202511211785579293.html
920001,纬达光电,纬达光电:2025年第三次临时股东会决议公告,分配方案决议公告,2025-11-21,https://data.eastmoney.com/notices/detail/920001/AN202511211785579295.html
920001,纬达光电,纬达光电:北京市盈科(广州)律师事务所关于佛山纬达光电材料股份有限公司2025年第三次临时股东会之法律意见书,法律意见书,2025-11-21,https://data.eastmoney.com/notices/detail/920001/AN202511211785579296.html
920001,纬达光电,纬达光电:第三届董事会第十三次会议决议公告,高管人员任职变动,2025-11-21,https://data.eastmoney.com/notices/detail/920001/AN202511211785579294.html
920001,纬达光电,纬达光电:副董事长任命公告,高管人员任职变动,2025-11-21,https://data.eastmoney.com/notices/detail/920001/AN202511211785579297.html
300843,胜蓝股份,胜蓝股份:关于2025年员工持股计划的进展公告,员工持股计划,2025-11-21,https://data.eastmoney.com/notices/detail/300843/AN202511211785576396.html
300504,天邑股份,天邑股份:关于使用部分闲置自有资金进行现金管理到期赎回并继续进行现金管理的公告,投资理财,2025-11-21,https://data.eastmoney.com/notices/detail/300504/AN202511211785576392.html
300678,中科信息,中科信息:关于使用自有资金购买理财产品的进展公告,投资理财,2025-11-21,https://data.eastmoney.com/notices/detail/300678/AN202511211785576395.html
300699,光威复材,光威复材:关于控股股东减持计划时间届满的公告,股东/实际控制人股份减持,2025-11-21,https://data.eastmoney.com/notices/detail/300699/AN202511211785576390.html
300843,胜蓝股份,胜蓝股份:2025年员工持股计划第一次持有人会议决议公告,员工持股计划,2025-11-21,https://data.eastmoney.com/notices/detail/300843/AN202511211785576393.html
300843,胜蓝股份,胜蓝股份:陕国投·胜蓝股份2025年员工持股集合资金信托计划信托合同,重大合同,2025-11-21,https://data.eastmoney.com/notices/detail/300843/AN202511211785576388.html
300948,冠中生态,冠中生态:关于公司募集资金专项账户部分资金被冻结的公告,其他,2025-11-21,https://data.eastmoney.com/notices/detail/300948/AN202511211785576360.html
300168,万达信息,万达信息:关于累计诉讼、仲裁事项的公告,诉讼仲裁,2025-11-21,https://data.eastmoney.com/notices/detail/300168/AN202511211785576365.html
300702,天宇股份,天宇股份:关于控股股东部分股份解除质押和质押的公告,股份质押、冻结,2025-11-21,https://data.eastmoney.com/notices/detail/300702/AN202511211785573853.html
300948,冠中生态,冠中生态:国金证券股份有限公司关于青岛冠中生态股份有限公司募集资金专项账户部分资金被冻结的核查意见,保荐/核查意见,2025-11-21,https://data.eastmoney.com/notices/detail/300948/AN202511211785573850.html
301019,宁波色母,宁波色母:关于回购股份注销完成暨股份变动的公告,股本变动,2025-11-21,https://data.eastmoney.com/notices/detail/301019/AN202511211785573851.html
300812,易天股份,易天股份:关于实际控制人部分股份解除质押的公告,股份质押、冻结,2025-11-21,https://data.eastmoney.com/notices/detail/300812/AN202511211785573852.html
920011,晨光电机,晨光电机:关于申请公开发行股票并在北京证券交易所上市暨停牌进展公告,停牌公告,2025-11-21,https://data.eastmoney.com/notices/detail/920011/AN202511211785573826.html
688322,奥比中光,奥比中光:投资者关系活动记录表(2025年11月21日),调研活动,2025-11-21,https://data.eastmoney.com/notices/detail/688322/AN202511211785574759.html
600271,航天信息,航天信息:_2025年11月21日投资者关系活动记录表,调研活动,2025-11-21,https://data.eastmoney.com/notices/detail/600271/AN202511211785574056.html
688131,皓元医药,皓元医药:投资者关系活动记录表(2025年11月10日-21日),调研活动,2025-11-21,https://data.eastmoney.com/notices/detail/688131/AN202511211785574057.html
300204,舒泰神,舒泰神:关于换发药品生产许可证及营业执照的公告,其他,2025-11-21,https://data.eastmoney.com/notices/detail/300204/AN202511211785573773.html
300321,同大股份,同大股份:关于5%股东权益变动触及1%整数倍暨减持计划时间届满的公告,权益变动报告书,2025-11-21,https://data.eastmoney.com/notices/detail/300321/AN202511211785572874.html
300572,安车检测,安车检测:关于持股5%以上股东股份质押的公告,股份质押、冻结,2025-11-21,https://data.eastmoney.com/notices/detail/300572/AN202511211785572880.html
301109,军信股份,军信股份:关于使用闲置自有资金进行现金管理的进展公告,投资理财,2025-11-21,https://data.eastmoney.com/notices/detail/301109/AN202511211785572876.html
300321,同大股份,同大股份:关于使用闲置自有资金购买国债逆回购和理财产品的进展公告,投资理财,2025-11-21,https://data.eastmoney.com/notices/detail/300321/AN202511211785572877.html
920177,恒道科技,恒道科技:关于申请公开发行股票并在北京证券交易所上市暨停牌进展公告,停牌公告,2025-11-21,https://data.eastmoney.com/notices/detail/920177/AN202511211785570018.html
920445,龙竹科技,龙竹科技:2025年股权激励计划首次授予结果公告,股权激励进展公告,2025-11-21,https://data.eastmoney.com/notices/detail/920445/AN202511211785569989.html
000811,冰轮环境,冰轮环境:000811冰轮环境投资者关系管理信息20251121-2,调研活动,2025-11-21,https://data.eastmoney.com/notices/detail/000811/AN202511211785568580.html
000811,冰轮环境,冰轮环境:000811冰轮环境投资者关系管理信息20251121-1,调研活动,2025-11-21,https://data.eastmoney.com/notices/detail/000811/AN202511211785567532.html
301039,中集车辆,中集车辆:2025年11月20日投资者关系活动记录表,调研活动,2025-11-21,https://data.eastmoney.com/notices/detail/301039/AN202511211785567533.html
300428,立中集团,立中集团:关于提前赎回立中转债的第四次提示性公告,其他,2025-11-21,https://data.eastmoney.com/notices/detail/300428/AN202511211785568257.html
300796,贝斯美,贝斯美:关于为控股子公司提供担保的进展公告,提供/对外担保公告,2025-11-21,https://data.eastmoney.com/notices/detail/300796/AN202511211785566844.html
001979,招商蛇口,招商蛇口:招商局蛇口工业区控股股份有限公司2025年面向专业投资者公开发行公司债券(第三期)发行公告,其他,2025-11-21,https://data.eastmoney.com/notices/detail/001979/AN202511211785566767.html
001979,招商蛇口,招商蛇口:招商局蛇口工业区控股股份有限公司2025年面向专业投资者公开发行公司债券(第三期)募集说明书,其他,2025-11-21,https://data.eastmoney.com/notices/detail/001979/AN202511211785566763.html
300438,鹏辉能源,鹏辉能源:关于全资子公司与专业投资机构共同投资的进展公告,其他,2025-11-21,https://data.eastmoney.com/notices/detail/300438/AN202511211785566769.html
001979,招商蛇口,招商蛇口:招商局蛇口工业区控股股份有限公司2025年面向专业投资者公开发行公司债券(第三期)更名公告,其他,2025-11-21,https://data.eastmoney.com/notices/detail/001979/AN202511211785566762.html
603373,安邦护卫,安邦护卫:投资者关系活动记录表003,调研活动,2025-11-21,https://data.eastmoney.com/notices/detail/603373/AN202511211785563955.html
688507,索辰科技,索辰科技:投资者关系活动记录表_2025年11月18日,调研活动,2025-11-21,https://data.eastmoney.com/notices/detail/688507/AN202511211785563668.html
002006,精工科技,精工科技:002006精工科技投资者关系管理信息20251121,调研活动,2025-11-21,https://data.eastmoney.com/notices/detail/002006/AN202511211785563669.html
301039,中集车辆,中集车辆:2025年11月14日投资者关系活动记录表,调研活动,2025-11-21,https://data.eastmoney.com/notices/detail/301039/AN202511211785563594.html
002983,芯瑞达,芯瑞达:2025年11月20日投资者关系活动记录表,调研活动,2025-11-21,https://data.eastmoney.com/notices/detail/002983/AN202511211785563671.html
300581,晨曦航空,晨曦航空:西安晨曦航空科技股份有限公司关于使用部分闲置募集资金进行现金管理的进展公告,募集资金使用进展情况,2025-11-21,https://data.eastmoney.com/notices/detail/300581/AN202511211785558449.html
300581,晨曦航空,晨曦航空:西安晨曦航空科技股份有限公司关于变更签字注册会计师的公告,公司关联方基本资料变更,2025-11-21,https://data.eastmoney.com/notices/detail/300581/AN202511211785558451.html
300310,宜通世纪,宜通世纪:关于涉及诉讼事项的进展公告,诉讼仲裁,2025-11-21,https://data.eastmoney.com/notices/detail/300310/AN202511211785558426.html
000987,越秀资本,越秀资本:广州越秀资本控股集团股份有限公司2025年面向专业投资者公开发行公司债券(第四期)(品种一)在深圳证券交易所上市的公告,其他,2025-11-21,https://data.eastmoney.com/notices/detail/000987/AN202511211785558429.html
300950,德固特,德固特:青岛德固特节能装备股份有限公司关于拟终止重大资产重组的进展公告,重组进展公告,2025-11-21,https://data.eastmoney.com/notices/detail/300950/AN202511211785558419.html
000987,越秀资本,越秀资本:广州越秀资本控股集团股份有限公司2025年面向专业投资者公开发行公司债券(第四期)(品种二)在深圳证券交易所上市的公告,其他,2025-11-21,https://data.eastmoney.com/notices/detail/000987/AN202511211785558420.html
002736,国信证券,国信证券:国信证券股份有限公司2025年面向专业投资者公开发行永续次级债券(第五期)在深圳证券交易所上市的公告,其他,2025-11-21,https://data.eastmoney.com/notices/detail/002736/AN202511211785558427.html
000875,电投绿能,吉电股份:国泰海通证券股份有限公司关于吉林电力股份有限公司涉及拟变更公司会计师事务所的临时受托管理事务报告,审计机构变更,2025-11-21,https://data.eastmoney.com/notices/detail/000875/AN202511211785558418.html
300368,汇金股份,汇金股份:关于筹划重大资产重组的进展公告,重组进展公告,2025-11-21,https://data.eastmoney.com/notices/detail/300368/AN202511211785558428.html
301150,中一科技,中一科技:关于为子公司提供担保的进展公告,提供/对外担保公告,2025-11-21,https://data.eastmoney.com/notices/detail/301150/AN202511211785558431.html
002520,日发精机,日发精机:2025年11月20日至21日投资者关系活动记录表,调研活动,2025-11-21,https://data.eastmoney.com/notices/detail/002520/AN202511211785559635.html
301581,黄山谷捷,黄山谷捷:关于募集资金投资项目延期的公告,变更募集资金投资项目,2025-11-21,https://data.eastmoney.com/notices/detail/301581/AN202511211785558396.html
301581,黄山谷捷,黄山谷捷:国元证券股份有限公司关于黄山谷捷股份有限公司募集资金投资项目延期的核查意见,保荐/核查意见,2025-11-21,https://data.eastmoney.com/notices/detail/301581/AN202511211785558395.html
301581,黄山谷捷,黄山谷捷:第二届董事会第三次会议决议公告,董事会决议公告,2025-11-21,https://data.eastmoney.com/notices/detail/301581/AN202511211785558394.html
300314,戴维医疗,戴维医疗:关于全资子公司医疗器械注册证变更的公告,公司关联方基本资料变更,2025-11-21,https://data.eastmoney.com/notices/detail/300314/AN202511211785558392.html
301487,盟固利,盟固利:华泰联合证券有限责任公司关于天津国安盟固利新材料科技股份有限公司持续督导期2025年培训情况报告,保荐/核查意见,2025-11-21,https://data.eastmoney.com/notices/detail/301487/AN202511211785558397.html
301581,黄山谷捷,黄山谷捷:国元证券股份有限公司关于黄山谷捷股份有限公司2025年度持续督导培训情况的报告,保荐/核查意见,2025-11-21,https://data.eastmoney.com/notices/detail/301581/AN202511211785558393.html
300577,开润股份,开润股份:关于开润转债即将到期及停止交易的第二次提示性公告,其他,2025-11-21,https://data.eastmoney.com/notices/detail/300577/AN202511211785558366.html
300826,测绘股份,测绘股份:关于提前赎回“测绘转债”的第六次提示性公告,其他,2025-11-21,https://data.eastmoney.com/notices/detail/300826/AN202511211785558372.html
301039,中集车辆,中集车辆:2025年11月7日投资者关系活动记录表,调研活动,2025-11-21,https://data.eastmoney.com/notices/detail/301039/AN202511211785556498.html
301021,英诺激光,英诺激光:301021英诺激光投资者关系管理信息20251120,调研活动,2025-11-21,https://data.eastmoney.com/notices/detail/301021/AN202511211785554842.html
002301,齐心集团,齐心集团:2025年11月20日投资者关系活动记录表,调研活动,2025-11-21,https://data.eastmoney.com/notices/detail/002301/AN202511211785553390.html
300094,国联水产,国联水产:关于公司、公司控股股东及相关责任人收到广东证监局警示函的公告,警示函公告,2025-11-21,https://data.eastmoney.com/notices/detail/300094/AN202511211785552384.html
300989,蕾奥规划,蕾奥规划:关于完成工商变更登记的公告,公司注册资本变更,2025-11-21,https://data.eastmoney.com/notices/detail/300989/AN202511211785552383.html
301085,亚康股份,亚康股份:关于控股股东及公司作为第三人参加诉讼的进展公告,诉讼仲裁,2025-11-21,https://data.eastmoney.com/notices/detail/301085/AN202511211785552373.html
301003,江苏博云,江苏博云:关于变更签字会计师的公告,公司关联方基本资料变更,2025-11-21,https://data.eastmoney.com/notices/detail/301003/AN202511211785552378.html
300576,容大感光,容大感光:关于控股股东、一致行动人部分股份解除质押的公告,股份质押、冻结,2025-11-21,https://data.eastmoney.com/notices/detail/300576/AN202511211785552382.html
300358,楚天科技,楚天科技:关于楚天转债转股数额累计达到转股前公司已发行股份总额10%的公告,其他,2025-11-21,https://data.eastmoney.com/notices/detail/300358/AN202511211785552376.html
300358,楚天科技,楚天科技:关于提前赎回楚天转债的第四次提示性公告,其他,2025-11-21,https://data.eastmoney.com/notices/detail/300358/AN202511211785552380.html
301500,飞南资源,飞南资源:关于为全资子公司江西飞南、广西飞南提供担保的公告,提供/对外担保公告,2025-11-21,https://data.eastmoney.com/notices/detail/301500/AN202511211785552374.html
300627,华测导航,华测导航:关于变更签字注册会计师的公告,公司关联方基本资料变更,2025-11-21,https://data.eastmoney.com/notices/detail/300627/AN202511211785552381.html
301198,喜悦智行,喜悦智行:关于使用闲置募集资金进行现金管理到期赎回的公告,投资理财,2025-11-21,https://data.eastmoney.com/notices/detail/301198/AN202511211785552379.html
300708,聚灿光电,聚灿光电:关于召开2025年第三次临时股东大会的提示性公告,召开股东大会提示性公告,2025-11-21,https://data.eastmoney.com/notices/detail/300708/AN202511211785552375.html
300249,依米康,依米康:关于控股股东部分股份解除质押的公告,股份质押、冻结,2025-11-21,https://data.eastmoney.com/notices/detail/300249/AN202511211785552377.html
301039,中集车辆,中集车辆:2025年10月27日投资者关系活动记录表,调研活动,2025-11-21,https://data.eastmoney.com/notices/detail/301039/AN202511211785549931.html
002938,鹏鼎控股,鹏鼎控股:2025年11月20日投资者关系活动记录表,调研活动,2025-11-21,https://data.eastmoney.com/notices/detail/002938/AN202511211785549930.html
920036,觅睿科技,觅睿科技:天健会计师事务所(特殊普通合伙)关于觅睿科技第三轮问询的回复,北交所发行上市问询与回复,2025-11-21,https://data.eastmoney.com/notices/detail/920036/AN202511211785548255.html
920036,觅睿科技,觅睿科技:觅睿科技及国信证券关于第三轮问询的回复,北交所发行上市问询与回复,2025-11-21,https://data.eastmoney.com/notices/detail/920036/AN202511211785548254.html
603123,翠微股份,翠微股份:2025年第三季度业绩说明会投资者关系活动记录表,调研活动,2025-11-21,https://data.eastmoney.com/notices/detail/603123/AN202511211785547751.html
600749,西藏旅游,西藏旅游:投资者关系活动记录表 2025年第三季度业绩说明会,调研活动,2025-11-21,https://data.eastmoney.com/notices/detail/600749/AN202511211785547753.html
688392,骄成超声,骄成超声:投资者关系活动记录表(2025.11.18~11.20),调研活动,2025-11-21,https://data.eastmoney.com/notices/detail/688392/AN202511211785547760.html
688028,沃尔德,沃尔德:投资者关系活动记录表(11月18日-20日),调研活动,2025-11-21,https://data.eastmoney.com/notices/detail/688028/AN202511211785547748.html
688305,科德数控,科德数控:2025年11月投资者关系活动记录表(2),调研活动,2025-11-21,https://data.eastmoney.com/notices/detail/688305/AN202511211785547759.html
688646,逸飞激光,ST逸飞:投资者关系活动记录表-(2025年第三季度业绩说明会 ),调研活动,2025-11-21,https://data.eastmoney.com/notices/detail/688646/AN202511211785547741.html
688588,凌志软件,凌志软件:2025年11月21日投资者关系活动记录表,调研活动,2025-11-21,https://data.eastmoney.com/notices/detail/688588/AN202511211785547758.html
603989,艾华集团,艾华集团:湖南艾华集团股份有限公司2025年第三季度业绩说明会投资者关系活动记录表,调研活动,2025-11-21,https://data.eastmoney.com/notices/detail/603989/AN202511211785547757.html
688418,震有科技,震有科技:2025年11月20日投资者关系活动记录表,调研活动,2025-11-21,https://data.eastmoney.com/notices/detail/688418/AN202511211785547742.html
600925,苏能股份,苏能股份:江苏徐矿能源股份有限公司投资者关系活动记录表(2025-003),调研活动,2025-11-21,https://data.eastmoney.com/notices/detail/600925/AN202511211785547755.html
688435,英方软件,英方软件:投资者关系活动记录表-2025-11-20,调研活动,2025-11-21,https://data.eastmoney.com/notices/detail/688435/AN202511211785547743.html
601089,福元医药,福元医药:北京福元医药股份有限公司投资者关系活动记录表(2025-18),调研活动,2025-11-21,https://data.eastmoney.com/notices/detail/601089/AN202511211785547746.html
603175,超颖电子,超颖电子:2025-002 投资者关系活动记录表,调研活动,2025-11-21,https://data.eastmoney.com/notices/detail/603175/AN202511211785547754.html
603353,和顺石油,和顺石油:2025-004湖南和顺石油股份有限公司投资者关系活动记录表1120(最终),调研活动,2025-11-21,https://data.eastmoney.com/notices/detail/603353/AN202511211785547747.html
688288,鸿泉技术,鸿泉技术:杭州鸿泉物联网技术股份有限公司投资者关系活动记录表(2025年11月),调研活动,2025-11-21,https://data.eastmoney.com/notices/detail/688288/AN202511211785547761.html
688383,新益昌,新益昌:深圳新益昌科技股份有限公司投资者关系活动记录表(2025-004),调研活动,2025-11-21,https://data.eastmoney.com/notices/detail/688383/AN202511211785547750.html
603118,共进股份,共进股份:2025年11月20日投资者关系活动记录表,调研活动,2025-11-21,https://data.eastmoney.com/notices/detail/603118/AN202511211785547744.html
688777,中控技术,中控技术:中控技术股份有限公司投资者关系活动记录表 2025-010,调研活动,2025-11-21,https://data.eastmoney.com/notices/detail/688777/AN202511211785547756.html
603682,锦和商管,锦和商管:投资者关系活动记录表(2025-004),调研活动,2025-11-21,https://data.eastmoney.com/notices/detail/603682/AN202511211785547752.html
688045,必易微,必易微:深圳市必易微电子股份有限公司投资者关系活动记录表-2025年度深圳辖区上市公司投资者网上集体接待日活动暨2025年第三季度业绩说明会,调研活动,2025-11-21,https://data.eastmoney.com/notices/detail/688045/AN202511211785547749.html
600712,南宁百货,南宁百货:南宁百货大楼股份有限公司投资者关系活动记录,调研活动,2025-11-21,https://data.eastmoney.com/notices/detail/600712/AN202511211785547745.html
300693,盛弘股份,盛弘股份:2025年11月21日投资者关系活动记录表,调研活动,2025-11-21,https://data.eastmoney.com/notices/detail/300693/AN202511211785543528.html
002952,亚世光电,亚世光电:2025年11月20日投资者关系活动记录表,调研活动,2025-11-21,https://data.eastmoney.com/notices/detail/002952/AN202511211785541744.html
001220,世盟股份,3-2-1财务报告及审计报告(注册稿)(世盟供应链管理股份有限公司),深主板发行上市审计报告,2025-11-21,https://data.eastmoney.com/notices/detail/001220/AN202511211785524517.html
001220,世盟股份,3-1-3上市保荐书(注册稿)(世盟供应链管理股份有限公司),深主板发行上市上市保荐书,2025-11-21,https://data.eastmoney.com/notices/detail/001220/AN202511211785524525.html
001312,福恩股份,3-3-1法律意见书(申报稿)(杭州福恩股份有限公司),深主板发行上市法律意见书,2025-11-21,https://data.eastmoney.com/notices/detail/001312/AN202511211785524523.html
001220,世盟股份,3-1-2发行保荐书(注册稿)(世盟供应链管理股份有限公司),深主板发行上市发行保荐书,2025-11-21,https://data.eastmoney.com/notices/detail/001220/AN202511211785524522.html
001220,世盟股份,1-1招股说明书(注册稿)(世盟供应链管理股份有限公司),深主板发行上市招股说明书注册稿,2025-11-21,https://data.eastmoney.com/notices/detail/001220/AN202511211785524524.html
001312,福恩股份,3-2-1财务报告及审计报告(申报稿)(杭州福恩股份有限公司),深主板发行上市审计报告,2025-11-21,https://data.eastmoney.com/notices/detail/001312/AN202511211785524521.html
001312,福恩股份,1-1招股说明书(申报稿)(杭州福恩股份有限公司),深主板发行上市招股说明书申报稿,2025-11-21,https://data.eastmoney.com/notices/detail/001312/AN202511211785524519.html
001220,世盟股份,3-3-1法律意见书(注册稿)(世盟供应链管理股份有限公司),深主板发行上市法律意见书,2025-11-21,https://data.eastmoney.com/notices/detail/001220/AN202511211785524518.html
001312,福恩股份,3-1-3上市保荐书(申报稿)(杭州福恩股份有限公司),深主板发行上市上市保荐书,2025-11-21,https://data.eastmoney.com/notices/detail/001312/AN202511211785524520.html
001312,福恩股份,3-1-2发行保荐书(申报稿)(杭州福恩股份有限公司),深主板发行上市发行保荐书,2025-11-21,https://data.eastmoney.com/notices/detail/001312/AN202511211785524516.html
300708,聚灿光电,聚灿光电:300708聚灿光电投资者关系管理信息20251121,调研活动,2025-11-21,https://data.eastmoney.com/notices/detail/300708/AN202511211785519886.html
301581,黄山谷捷,黄山谷捷:301581黄山谷捷投资者关系管理信息20251121,调研活动,2025-11-21,https://data.eastmoney.com/notices/detail/301581/AN202511211785507384.html
000061,农产品,农 产 品:000061农产品2025年11月20日投资者关系活动记录表,调研活动,2025-11-21,https://data.eastmoney.com/notices/detail/000061/AN202511211785480930.html
301288,清研环境,*ST清研:投资者关系活动记录表（2025年11月20日）,调研活动,2025-11-21,https://data.eastmoney.com/notices/detail/301288/AN202511211785450379.html
301665,泰禾股份,泰禾股份:关于增加埃及农药及功能化学品项目投资额度暨对外投资进展的公告,对外项目投资,2025-11-21,https://data.eastmoney.com/notices/detail/301665/AN202511211785447167.html
003038,鑫铂股份,鑫铂股份:关于公司为子公司向银行申请授信额度提供最高额担保的公告,提供/对外担保公告,2025-11-21,https://data.eastmoney.com/notices/detail/003038/AN202511211785447168.html
301665,泰禾股份,泰禾股份:关于召开2025年第三次临时股东会的通知,召开股东大会通知,2025-11-21,https://data.eastmoney.com/notices/detail/301665/AN202511211785447169.html
301665,泰禾股份,泰禾股份:第四届董事会第四次会议决议公告,董事会决议公告,2025-11-21,https://data.eastmoney.com/notices/detail/301665/AN202511211785447164.html
300188,国投智能,国投智能:关于参加国投集团新质生产力上市公司集体路演暨召开2025年三季度业绩说明会的公告,其他,2025-11-21,https://data.eastmoney.com/notices/detail/300188/AN202511211785447158.html
000560,我爱我家,我爱我家:关于实际控制人所持股份解除司法冻结的公告,股份质押、冻结,2025-11-21,https://data.eastmoney.com/notices/detail/000560/AN202511211785447160.html
300969,恒帅股份,恒帅股份:关于恒帅转债可选择回售的第三次提示性公告,其他,2025-11-21,https://data.eastmoney.com/notices/detail/300969/AN202511211785447159.html
920091,大鹏工业,关于N大鹏(920091)盘中临时停牌的公告,交易所停复牌公告,2025-11-21,https://data.eastmoney.com/notices/detail/920091/AN202511211785433197.html
920091,大鹏工业,关于N大鹏(920091)盘中临时停牌的公告,交易所停复牌公告,2025-11-21,https://data.eastmoney.com/notices/detail/920091/AN202511211785420400.html
002191,劲嘉股份,劲嘉股份:2025年11月20日投资者关系活动记录表,调研活动,2025-11-21,https://data.eastmoney.com/notices/detail/002191/AN202511211785425686.html
300040,九洲集团,九洲集团:300040九洲集团投资者关系管理信息20251121,调研活动,2025-11-21,https://data.eastmoney.com/notices/detail/300040/AN202511211785413763.html
002812,恩捷股份,恩捷股份:2025年11月20日投资者关系活动记录表,调研活动,2025-11-21,https://data.eastmoney.com/notices/detail/002812/AN202511211785387147.html
000878,云南铜业,云南铜业:2025年11月20日云南铜业投资者关系活动记录表,调研活动,2025-11-21,https://data.eastmoney.com/notices/detail/000878/AN202511211785387146.html
002736,国信证券,国信证券:2025年11月20日投资者关系活动记录表,调研活动,2025-11-21,https://data.eastmoney.com/notices/detail/002736/AN202511211785384504.html
301622,英思特,英思特:2025年11月20日投资者关系活动记录表,调研活动,2025-11-21,https://data.eastmoney.com/notices/detail/301622/AN202511211785383095.html
000060,中金岭南,中金岭南:000060中金岭南投资者关系管理信息20251121,调研活动,2025-11-21,https://data.eastmoney.com/notices/detail/000060/AN202511211785375379.html
000725,京东方A,京东方Ａ:029-2025年11月20日投资者关系活动记录表,调研活动,2025-11-21,https://data.eastmoney.com/notices/detail/000725/AN202511211785375378.html
002121,科陆电子,科陆电子:2025年11月20日投资者关系活动记录表,调研活动,2025-11-21,https://data.eastmoney.com/notices/detail/002121/AN202511211785374532.html
002709,天赐材料,天赐材料:2025年11月20日投资者关系活动记录表,调研活动,2025-11-21,https://data.eastmoney.com/notices/detail/002709/AN202511211785371779.html
000055,方大集团,方大集团:方大集团股份有限公司投资者关系活动记录表20251120,调研活动,2025-11-21,https://data.eastmoney.com/notices/detail/000055/AN202511211785363950.html
000811,冰轮环境,冰轮环境:000811冰轮环境投资者关系管理信息20251120,调研活动,2025-11-21,https://data.eastmoney.com/notices/detail/000811/AN202511211785360120.html
002869,金溢科技,金溢科技:2025年11月20日投资者关系活动记录表,调研活动,2025-11-21,https://data.eastmoney.com/notices/detail/002869/AN202511211785348705.html
300757,罗博特科,罗博特科:环境、社会及管治(ESG)管理制度(H股发行上市后适用),管理办法/制度,2025-11-21,https://data.eastmoney.com/notices/detail/300757/AN202511211785335355.html
300757,罗博特科,罗博特科:信息披露暂缓与豁免制度(2025年11月),管理办法/制度,2025-11-21,https://data.eastmoney.com/notices/detail/300757/AN202511211785335345.html
300757,罗博特科,罗博特科:反洗钱管理制度(草案)(H股发行上市后适用),管理办法/制度,2025-11-21,https://data.eastmoney.com/notices/detail/300757/AN202511211785335348.html
300757,罗博特科,罗博特科:企业管治报告制度(草案)(H股发行上市后适用),管理办法/制度,2025-11-21,https://data.eastmoney.com/notices/detail/300757/AN202511211785335351.html
300757,罗博特科,罗博特科:关于新增关联方及发生日常经营和其他关联交易的公告,关联交易,2025-11-21,https://data.eastmoney.com/notices/detail/300757/AN202511211785335352.html
300757,罗博特科,罗博特科:董事、高级管理人员离职管理制度(2025年11月),管理办法/制度,2025-11-21,https://data.eastmoney.com/notices/detail/300757/AN202511211785335353.html
300757,罗博特科,罗博特科:利益冲突管理制度(草案)(H股发行上市后适用),管理办法/制度,2025-11-21,https://data.eastmoney.com/notices/detail/300757/AN202511211785335354.html
300757,罗博特科,罗博特科:风险管理制度(草案)(H股发行上市后适用),管理办法/制度,2025-11-21,https://data.eastmoney.com/notices/detail/300757/AN202511211785335349.html
300757,罗博特科,罗博特科:董事会多元化政策(草案)(H股发行上市后适用),其他,2025-11-21,https://data.eastmoney.com/notices/detail/300757/AN202511211785335346.html
300757,罗博特科,罗博特科:东方证券股份有限公司关于罗博特科智能科技股份有限公司新增关联方及发生日常经营和其他关联交易的核查意见,保荐/核查意见,2025-11-21,https://data.eastmoney.com/notices/detail/300757/AN202511211785335347.html
300757,罗博特科,罗博特科:第四届董事会第四次会议决议公告,董事会决议公告,2025-11-21,https://data.eastmoney.com/notices/detail/300757/AN202511211785335350.html
001360,南矿集团,南矿集团:2025年11月20日投资者关系活动记录表,调研活动,2025-11-21,https://data.eastmoney.com/notices/detail/001360/AN202511211785157668.html
600436,片仔癀,片仔癀:漳州片仔癀药业股份有限公司关于董事会秘书变更的公告,高管人员任职变动,2025-11-21,https://data.eastmoney.com/notices/detail/600436/AN202511201785092616.html
600436,片仔癀,片仔癀:漳州片仔癀药业股份有限公司董事会议事规则(2025年11月修订),议事规则/实施细则,2025-11-21,https://data.eastmoney.com/notices/detail/600436/AN202511201785092619.html
600436,片仔癀,片仔癀:漳州片仔癀药业股份有限公司2025年第一次临时股东大会会议材料,股东大会资料,2025-11-21,https://data.eastmoney.com/notices/detail/600436/AN202511201785092614.html
600436,片仔癀,片仔癀:漳州片仔癀药业股份有限公司投融资管理制度(2025年11月修订),管理办法/制度,2025-11-21,https://data.eastmoney.com/notices/detail/600436/AN202511201785092611.html
600436,片仔癀,片仔癀:漳州片仔癀药业股份有限公司关于召开2025年第一次临时股东大会的通知,召开股东大会通知,2025-11-21,https://data.eastmoney.com/notices/detail/600436/AN202511201785092617.html
600436,片仔癀,片仔癀:漳州片仔癀药业股份有限公司第七届董事会第三十六次会议决议公告,高管人员任职变动,2025-11-21,https://data.eastmoney.com/notices/detail/600436/AN202511201785092612.html
600436,片仔癀,片仔癀:漳州片仔癀药业股份有限公司章程(2025年11月修订),公司章程,2025-11-21,https://data.eastmoney.com/notices/detail/600436/AN202511201785092610.html
600436,片仔癀,片仔癀:漳州片仔癀药业股份有限公司股东会议事规则(2025年11月修订),议事规则/实施细则,2025-11-21,https://data.eastmoney.com/notices/detail/600436/AN202511201785092615.html
600436,片仔癀,片仔癀:漳州片仔癀药业股份有限公司关于修订《公司章程》的公告,公司章程修订,2025-11-21,https://data.eastmoney.com/notices/detail/600436/AN202511201785092613.html
600436,片仔癀,片仔癀:漳州片仔癀药业股份有限公司关于PZH2108片Ⅱa期临床试验完成首例受试者入组的公告,其他,2025-11-21,https://data.eastmoney.com/notices/detail/600436/AN202511201785092618.html
002319,乐通股份,乐通股份:长城证券股份有限公司关于乐通股份2025年半年度持续督导现场检查报告,保荐/核查意见,2025-11-21,https://data.eastmoney.com/notices/detail/002319/AN202511201785092579.html
002319,乐通股份,乐通股份:关于全资子公司变更法定代表人、董事暨完成工商变更登记的公告,公司关联方基本资料变更,2025-11-21,https://data.eastmoney.com/notices/detail/002319/AN202511201785092578.html
688110,东芯股份,东芯股份:关于回购股份集中竞价减持股份暨董监高减持股份计划公告,股东/实际控制人股份减持,2025-11-21,https://data.eastmoney.com/notices/detail/688110/AN202511201785084300.html
688110,东芯股份,东芯股份:第三届董事会第七次会议决议公告,董事会决议公告,2025-11-21,https://data.eastmoney.com/notices/detail/688110/AN202511201785084301.html
603828,*ST利达,ST柯利达:柯利达关于公司控股股东协议转让股份过户完成的公告,股权转让,2025-11-21,https://data.eastmoney.com/notices/detail/603828/AN202511201785074121.html
002727,一心堂,一心堂:关于公司2026年度与广州白云山医药集团股份有限公司及其子公司日常关联交易预计的公告,关联交易,2025-11-21,https://data.eastmoney.com/notices/detail/002727/AN202511201785070650.html
002727,一心堂,一心堂:关于公司向关联方租赁房产的公告,其他,2025-11-21,https://data.eastmoney.com/notices/detail/002727/AN202511201785070647.html
002727,一心堂,一心堂:关于公司董事会完成换届选举并聘任高级管理人员、证券事务代表、内部审计机构负责人的公告,审计机构变更,2025-11-21,https://data.eastmoney.com/notices/detail/002727/AN202511201785070638.html
002727,一心堂,一心堂:关于续聘任会计师事务所的公告,审计机构变更,2025-11-21,https://data.eastmoney.com/notices/detail/002727/AN202511201785070642.html
002727,一心堂,一心堂:关于公司2018年度公开发行可转换公司债券募集资金投资项目延期的公告,变更募集资金投资项目,2025-11-21,https://data.eastmoney.com/notices/detail/002727/AN202511201785070651.html
002727,一心堂,一心堂:第七届董事会2025年第一次独立董事专门会议审核意见,专项说明/独立意见,2025-11-21,https://data.eastmoney.com/notices/detail/002727/AN202511201785070640.html
002727,一心堂,一心堂:关于召开2025年度第四次临时股东会的通知,召开股东大会通知,2025-11-21,https://data.eastmoney.com/notices/detail/002727/AN202511201785070644.html
002727,一心堂,一心堂:关于公司2026年度与云南国鹤药业有限公司日常关联交易预计的公告,关联交易,2025-11-21,https://data.eastmoney.com/notices/detail/002727/AN202511201785070645.html
002727,一心堂,一心堂:互动易平台信息发布及回复内部审核制度,管理办法/制度,2025-11-21,https://data.eastmoney.com/notices/detail/002727/AN202511201785070641.html
002727,一心堂,一心堂:关于公司2026年度与刘琼女士及其控制下的企业日常关联交易预计的公告,关联交易,2025-11-21,https://data.eastmoney.com/notices/detail/002727/AN202511201785070649.html
002727,一心堂,一心堂:未来三年(2025年-2027年)股东分红回报规划,其他,2025-11-21,https://data.eastmoney.com/notices/detail/002727/AN202511201785070646.html
002727,一心堂,一心堂:关于公司2026年度与红云制药集团股份有限公司及其控制下的企业、云南通红温泉有限公司日常关联交易预计的公告,关联交易,2025-11-21,https://data.eastmoney.com/notices/detail/002727/AN202511201785070652.html
002727,一心堂,一心堂:关于公司股东阮鸿献先生部分股票质押融资到期还款解除质押的公告,股份质押、冻结,2025-11-21,https://data.eastmoney.com/notices/detail/002727/AN202511201785070656.html
002727,一心堂,一心堂:第七届董事会第一次临时会议决议公告,高管人员任职变动,2025-11-21,https://data.eastmoney.com/notices/detail/002727/AN202511201785070654.html
002727,一心堂,一心堂:关于同意子公司2026年向相关银行申请综合授信额度并为其提供担保的公告,提供/对外担保公告,2025-11-21,https://data.eastmoney.com/notices/detail/002727/AN202511201785070648.html
002434,万里扬,万里扬:关于修订《公司章程》的公告,公司章程修订,2025-11-21,https://data.eastmoney.com/notices/detail/002434/AN202511201785070639.html
002727,一心堂,一心堂:关于公司及子公司2026年向相关银行申请综合授信额度的公告,借贷,2025-11-21,https://data.eastmoney.com/notices/detail/002727/AN202511201785070655.html
002727,一心堂,一心堂:董事、高级管理人员薪酬管理制度,管理办法/制度,2025-11-21,https://data.eastmoney.com/notices/detail/002727/AN202511201785070653.html
002727,一心堂,一心堂:东兴证券股份有限公司关于一心堂药业集团股份有限公司募集资金投资项目延期的核查意见,保荐/核查意见,2025-11-21,https://data.eastmoney.com/notices/detail/002727/AN202511201785070643.html
000697,炼石航空,*ST炼石:关于公司股价向下除权的风险提示的公告,风险提示性公告,2025-11-21,https://data.eastmoney.com/notices/detail/000697/AN202511201785070624.html
000697,炼石航空,*ST炼石:关于重整计划资本公积金转增股本除权事项的公告,其他,2025-11-21,https://data.eastmoney.com/notices/detail/000697/AN202511201785070626.html
000697,炼石航空,*ST炼石:关于收到重整投资人重整投资款的公告,其他,2025-11-21,https://data.eastmoney.com/notices/detail/000697/AN202511201785070625.html
000697,炼石航空,*ST炼石:中信证券股份有限公司关于对炼石航空科技股份有限公司调整资本公积转增股本除权参考价格的计算公式的专项意见,保荐/核查意见,2025-11-21,https://data.eastmoney.com/notices/detail/000697/AN202511201785070623.html
300358,楚天科技,楚天科技:关于提前赎回楚天转债的第三次提示性公告,其他,2025-11-21,https://data.eastmoney.com/notices/detail/300358/AN202511201785070613.html
300358,楚天科技,楚天科技:关于控股股东持股比例被动稀释触及1%及5%整数倍的权益变动公告,权益变动报告书,2025-11-21,https://data.eastmoney.com/notices/detail/300358/AN202511201785070612.html
000692,惠天热电,惠天热电:关于全资子公司被列入被执行人名单的公告,其他,2025-11-21,https://data.eastmoney.com/notices/detail/000692/AN202511201785070599.html
002845,同兴达,同兴达:深圳同兴达科技股份有限公司简式权益变动报告书,权益变动报告书,2025-11-21,https://data.eastmoney.com/notices/detail/002845/AN202511201785070603.html
002602,世纪华通,世纪华通:关于回购股份事项前十名股东和前十名无限售条件股东持股情况的公告,回购进展情况,2025-11-21,https://data.eastmoney.com/notices/detail/002602/AN202511201785070609.html
000692,惠天热电,惠天热电:关于召开2025年第八次临时股东会通知的更正公告,股东大会通知更正公告,2025-11-21,https://data.eastmoney.com/notices/detail/000692/AN202511201785070601.html
000002,万科A,万科A:广东信达律师事务所关于2025年第一次临时股东会的法律意见书,法律意见书,2025-11-21,https://data.eastmoney.com/notices/detail/000002/AN202511201785070580.html
000002,万科A,万科A:2025年第一次临时股东会决议公告,股东大会决议公告,2025-11-21,https://data.eastmoney.com/notices/detail/000002/AN202511201785070578.html
000692,惠天热电,惠天热电:关于召开2025年第八次临时股东会的通知(更正后),召开股东大会通知,2025-11-21,https://data.eastmoney.com/notices/detail/000692/AN202511201785070577.html
000592,平潭发展,平潭发展:关于股票交易停牌核查结果暨复牌的公告,停牌公告,2025-11-21,https://data.eastmoney.com/notices/detail/000592/AN202511201785070579.html
688275,万润新能,万润新能:2025年第一次临时股东大会会议资料,股东大会资料,2025-11-21,https://data.eastmoney.com/notices/detail/688275/AN202511201785063852.html
688410,山外山,山外山:关于持股5%以上股东权益变动触及1%刻度的提示性公告,权益变动报告书,2025-11-21,https://data.eastmoney.com/notices/detail/688410/AN202511201785063851.html
600221,海航控股,海航控股:关于召开2025年第三季度业绩说明会的公告,其他,2025-11-21,https://data.eastmoney.com/notices/detail/600221/AN202511201785056901.html
002463,沪电股份,沪电股份:第八届董事会第十一次会议决议公告,董事会决议公告,2025-11-21,https://data.eastmoney.com/notices/detail/002463/AN202511201785048139.html
002491,通鼎互联,通鼎互联:关于持股5%以上股东减持计划期限届满暨实施情况的公告,股东/实际控制人股份减持,2025-11-21,https://data.eastmoney.com/notices/detail/002491/AN202511201785048140.html
002463,沪电股份,沪电股份:关于购买股权、专利及技术资产暨关联交易的公告,收购出售资产/股权,2025-11-21,https://data.eastmoney.com/notices/detail/002463/AN202511201785048133.html
688486,龙迅股份,龙迅股份:龙迅股份股东减持股份计划公告,股东/实际控制人股份减持,2025-11-21,https://data.eastmoney.com/notices/detail/688486/AN202511201785048062.html
301297,富乐德,富乐德:关于部分董事、高级管理人员减持股份的预披露公告,高管人员持股变动,2025-11-21,https://data.eastmoney.com/notices/detail/301297/AN202511201785048061.html
301380,挖金客,挖金客:2025年第二次临时股东会会议资料,股东大会资料,2025-11-21,https://data.eastmoney.com/notices/detail/301380/AN202511201785043850.html
301380,挖金客,挖金客:关于召开2025年第二次临时股东会的提示性公告,召开股东大会提示性公告,2025-11-21,https://data.eastmoney.com/notices/detail/301380/AN202511201785043849.html
001211,双枪科技,双枪科技:关于部分董事、高级管理人员股份减持计划实施完毕的公告,股东/实际控制人股份减持,2025-11-21,https://data.eastmoney.com/notices/detail/001211/AN202511201785043775.html
300300,海峡创新,海峡创新:关于股票交易停牌核查结果暨复牌的公告,停牌公告,2025-11-21,https://data.eastmoney.com/notices/detail/300300/AN202511201785043766.html
002761,浙江建投,浙江建投:关于收到深圳证券交易所并购重组审核委员会审核浙江省建设投资集团股份有限公司发行股份购买资产并募集配套资金事项会议安排的公告,其他,2025-11-21,https://data.eastmoney.com/notices/detail/002761/AN202511201785043765.html
688208,道通科技,道通科技:道通科技2025年第三次临时股东大会会议资料,股东大会资料,2025-11-21,https://data.eastmoney.com/notices/detail/688208/AN202511201785040432.html
600107,*ST尔雅,ST尔雅:关于间接控股股东部分股权公开拍卖的进展公告,其他,2025-11-21,https://data.eastmoney.com/notices/detail/600107/AN202511201785040431.html
300341,麦克奥迪,麦克奥迪:关于公司股东减持股份计划期限届满的公告,股东/实际控制人股份减持,2025-11-21,https://data.eastmoney.com/notices/detail/300341/AN202511201785040418.html
002202,金风科技,金风科技:关于2025年度第三期绿色科技创新债券发行结果的公告,其他,2025-11-21,https://data.eastmoney.com/notices/detail/002202/AN202511201785040380.html
002799,环球印务,环球印务:关于收到应诉通知书的公告,诉讼仲裁,2025-11-21,https://data.eastmoney.com/notices/detail/002799/AN202511201785040383.html
000807,云铝股份,云铝股份:云南铝业股份有限公司关于董事长辞职的公告,高管人员任职变动,2025-11-21,https://data.eastmoney.com/notices/detail/000807/AN202511201785040382.html
000807,云铝股份,云铝股份:云南铝业股份有限公司关于召开2025年第三次临时股东会的通知,召开股东大会通知,2025-11-21,https://data.eastmoney.com/notices/detail/000807/AN202511201785040379.html
000807,云铝股份,云铝股份:云南铝业股份有限公司第九届董事会第十八次(临时)会议决议公告,高管人员任职变动,2025-11-21,https://data.eastmoney.com/notices/detail/000807/AN202511201785040384.html
601098,中南传媒,中南传媒:中南传媒关于收到控股股东延长承诺期限的函的公告,其他,2025-11-21,https://data.eastmoney.com/notices/detail/601098/AN202511201785039246.html
601098,中南传媒,中南传媒:中南传媒关于增补公司第六届董事会独立董事的公告,高管人员任职变动,2025-11-21,https://data.eastmoney.com/notices/detail/601098/AN202511201785039249.html
601098,中南传媒,中南传媒:中银国际证券股份有限公司关于中南出版传媒集团股份有限公司新增募投项目的专项核查意见,保荐/核查意见,2025-11-21,https://data.eastmoney.com/notices/detail/601098/AN202511201785039245.html
601098,中南传媒,中南传媒:中南传媒关于与关联方签订委托经营管理合同暨控股股东申请延长解决同业竞争承诺履行期限的公告,重大合同,2025-11-21,https://data.eastmoney.com/notices/detail/601098/AN202511201785039243.html
601098,中南传媒,中南传媒:湖南图书城升级改造项目可行性研究报告,其他,2025-11-21,https://data.eastmoney.com/notices/detail/601098/AN202511201785039244.html
601098,中南传媒,中南传媒:湖南出版投资控股集团有限公司关于延长承诺期限的函,其他,2025-11-21,https://data.eastmoney.com/notices/detail/601098/AN202511201785039240.html
601098,中南传媒,中南传媒:中南传媒关于召开2025年第三次临时股东会的通知,召开股东大会通知,2025-11-21,https://data.eastmoney.com/notices/detail/601098/AN202511201785039250.html
601098,中南传媒,中南传媒:中南传媒独立董事提名人声明公告,独立董事提名人声明,2025-11-21,https://data.eastmoney.com/notices/detail/601098/AN202511201785039248.html
601098,中南传媒,中南传媒:中南传媒独立董事候选人声明公告,独立董事候选人声明,2025-11-21,https://data.eastmoney.com/notices/detail/601098/AN202511201785039239.html
601098,中南传媒,中南传媒:中南传媒独立董事候选人承诺函,其他,2025-11-21,https://data.eastmoney.com/notices/detail/601098/AN202511201785039241.html
601098,中南传媒,中南传媒:中南传媒关于使用募集资金投资湖南图书城升级改造项目的公告,募集资金使用情况报告,2025-11-21,https://data.eastmoney.com/notices/detail/601098/AN202511201785039242.html
601098,中南传媒,中南传媒:中南传媒第六届董事会第八次会议决议公告,高管人员任职变动,2025-11-21,https://data.eastmoney.com/notices/detail/601098/AN202511201785039247.html
002947,恒铭达,恒铭达:第三届董事会第二十七次会议决议的公告,董事会决议公告,2025-11-21,https://data.eastmoney.com/notices/detail/002947/AN202511201785039203.html
002709,天赐材料,天赐材料:关于提前赎回天赐转债的第七次提示性公告,其他,2025-11-21,https://data.eastmoney.com/notices/detail/002709/AN202511201785039211.html
002947,恒铭达,恒铭达:信息披露与投资者关系管理制度(2025年11月),管理办法/制度,2025-11-21,https://data.eastmoney.com/notices/detail/002947/AN202511201785039198.html
002947,恒铭达,恒铭达:征集投票权实施细则(2025年11月),议事规则/实施细则,2025-11-21,https://data.eastmoney.com/notices/detail/002947/AN202511201785039233.html
002947,恒铭达,恒铭达:累积投票实施制度(2025年11月),管理办法/制度,2025-11-21,https://data.eastmoney.com/notices/detail/002947/AN202511201785039205.html
002947,恒铭达,恒铭达:关于召开2025年第二次临时股东大会的通知,召开股东大会通知,2025-11-21,https://data.eastmoney.com/notices/detail/002947/AN202511201785039232.html
002947,恒铭达,恒铭达:董事会薪酬与考核委员会工作细则(2025年11月),议事规则/实施细则,2025-11-21,https://data.eastmoney.com/notices/detail/002947/AN202511201785039234.html
002947,恒铭达,恒铭达:远期结售汇管理制度(2025年11月),管理办法/制度,2025-11-21,https://data.eastmoney.com/notices/detail/002947/AN202511201785039227.html
002947,恒铭达,恒铭达:对外担保管理制度(2025年11月),管理办法/制度,2025-11-21,https://data.eastmoney.com/notices/detail/002947/AN202511201785039200.html
002947,恒铭达,恒铭达:第三届监事会第二十二次会议决议的公告,监事会决议公告,2025-11-21,https://data.eastmoney.com/notices/detail/002947/AN202511201785039220.html
002947,恒铭达,恒铭达:董事、高级管理人员持有本公司股票及其变动管理办法(2025年11月),管理办法/制度,2025-11-21,https://data.eastmoney.com/notices/detail/002947/AN202511201785039236.html
002947,恒铭达,恒铭达:关于2022年限制性股票激励计划第三个限售期解除限售条件成就的公告,限售股份上市流通,2025-11-21,https://data.eastmoney.com/notices/detail/002947/AN202511201785039202.html
001288,运机集团,运机集团:关于部分限制性股票回购注销完成暨不调整运机转债转股价格的公告,股本变动,2025-11-21,https://data.eastmoney.com/notices/detail/001288/AN202511201785039209.html
002947,恒铭达,恒铭达:控股子公司管理制度(2025年11月),管理办法/制度,2025-11-21,https://data.eastmoney.com/notices/detail/002947/AN202511201785039225.html
002947,恒铭达,恒铭达:内部审计管理制度(2025年11月),管理办法/制度,2025-11-21,https://data.eastmoney.com/notices/detail/002947/AN202511201785039218.html
002947,恒铭达,恒铭达:股东会网络投票实施细则(2025年11月),议事规则/实施细则,2025-11-21,https://data.eastmoney.com/notices/detail/002947/AN202511201785039216.html
002947,恒铭达,恒铭达:股东会议事规则(2025年11月),议事规则/实施细则,2025-11-21,https://data.eastmoney.com/notices/detail/002947/AN202511201785039229.html
002947,恒铭达,恒铭达:会计师事务所选聘制度(2025年11月),管理办法/制度,2025-11-21,https://data.eastmoney.com/notices/detail/002947/AN202511201785039235.html
002947,恒铭达,恒铭达:控股股东、实际控制人行为规范(2025年11月),议事规则/实施细则,2025-11-21,https://data.eastmoney.com/notices/detail/002947/AN202511201785039197.html
002012,凯恩股份,凯恩股份:2025年第二次临时股东会决议公告,股东大会决议公告,2025-11-21,https://data.eastmoney.com/notices/detail/002012/AN202511201785039226.html
002947,恒铭达,恒铭达:董事会战略委员会工作细则(2025年11月),议事规则/实施细则,2025-11-21,https://data.eastmoney.com/notices/detail/002947/AN202511201785039238.html
000652,泰达股份,泰达股份:2025年面向专业投资者非公开发行低碳转型挂钩公司债券(第一期)发行结果公告,其他,2025-11-21,https://data.eastmoney.com/notices/detail/000652/AN202511201785039208.html
002947,恒铭达,恒铭达:重大信息内部报告制度(2025年11月),管理办法/制度,2025-11-21,https://data.eastmoney.com/notices/detail/002947/AN202511201785039196.html
002947,恒铭达,恒铭达:北京市中伦律师事务所关于苏州恒铭达电子科技股份有限公司股票激励计划相关事项的法律意见书,法律意见书,2025-11-21,https://data.eastmoney.com/notices/detail/002947/AN202511201785039199.html
002947,恒铭达,恒铭达:关于修订《公司章程》并办理工商变更登记及修订、制定公司部分治理制度的公告,公司章程修订,2025-11-21,https://data.eastmoney.com/notices/detail/002947/AN202511201785039228.html
002947,恒铭达,恒铭达:外汇管理制度(2025年11月),管理办法/制度,2025-11-21,https://data.eastmoney.com/notices/detail/002947/AN202511201785039213.html
002947,恒铭达,恒铭达:总经理工作细则(2025年11月),议事规则/实施细则,2025-11-21,https://data.eastmoney.com/notices/detail/002947/AN202511201785039201.html
002947,恒铭达,恒铭达:董事会审计委员会工作细则(2025年11月),议事规则/实施细则,2025-11-21,https://data.eastmoney.com/notices/detail/002947/AN202511201785039219.html
002947,恒铭达,恒铭达:苏州恒铭达电子科技股份有限公司章程(2025年11月),公司章程,2025-11-21,https://data.eastmoney.com/notices/detail/002947/AN202511201785039214.html
002947,恒铭达,恒铭达:信息披露暂缓与豁免管理制度(2025年11月),管理办法/制度,2025-11-21,https://data.eastmoney.com/notices/detail/002947/AN202511201785039237.html
002947,恒铭达,恒铭达:关联交易决策制度(2025年11月),管理办法/制度,2025-11-21,https://data.eastmoney.com/notices/detail/002947/AN202511201785039204.html
002947,恒铭达,恒铭达:募集资金管理办法(2025年11月),管理办法/制度,2025-11-21,https://data.eastmoney.com/notices/detail/002947/AN202511201785039221.html
002947,恒铭达,恒铭达:董事、高级管理人员薪酬及绩效考核管理制度(2025年11月),管理办法/制度,2025-11-21,https://data.eastmoney.com/notices/detail/002947/AN202511201785039210.html
002947,恒铭达,恒铭达:董事会秘书工作细则(2025年11月),议事规则/实施细则,2025-11-21,https://data.eastmoney.com/notices/detail/002947/AN202511201785039207.html
002947,恒铭达,恒铭达:董事会议事规则(2025年11月),议事规则/实施细则,2025-11-21,https://data.eastmoney.com/notices/detail/002947/AN202511201785039224.html
002947,恒铭达,恒铭达:内幕信息知情人登记管理制度(2025年11月),管理办法/制度,2025-11-21,https://data.eastmoney.com/notices/detail/002947/AN202511201785039231.html
002947,恒铭达,恒铭达:董事会提名委员会工作细则(2025年11月),议事规则/实施细则,2025-11-21,https://data.eastmoney.com/notices/detail/002947/AN202511201785039212.html
002947,恒铭达,恒铭达:对外投资管理办法(2025年11月),管理办法/制度,2025-11-21,https://data.eastmoney.com/notices/detail/002947/AN202511201785039215.html
002947,恒铭达,恒铭达:投资者关系管理档案制度(2025年11月),管理办法/制度,2025-11-21,https://data.eastmoney.com/notices/detail/002947/AN202511201785039206.html
002947,恒铭达,恒铭达:苏州恒铭达电子科技股份有限公司第三届董事会薪酬与考核委员会关于2022年限制性股票激励计划第三个限售期解除限售激励对象名单和数量的核查意见,专项说明/独立意见,2025-11-21,https://data.eastmoney.com/notices/detail/002947/AN202511201785039222.html
002947,恒铭达,恒铭达:独立董事工作制度(2025年11月),管理办法/制度,2025-11-21,https://data.eastmoney.com/notices/detail/002947/AN202511201785039223.html
000017,深中华A,深中华A:股票交易异常波动公告,股票交易异常波动,2025-11-21,https://data.eastmoney.com/notices/detail/000017/AN202511201785039166.html
002518,科士达,科士达:深圳科士达科技股份有限公司章程(2025年11月),公司章程,2025-11-21,https://data.eastmoney.com/notices/detail/002518/AN202511201785039172.html
002518,科士达,科士达:独立董事提名人声明与承诺(张锦慧),独立董事提名人声明,2025-11-21,https://data.eastmoney.com/notices/detail/002518/AN202511201785036442.html
002518,科士达,科士达:关于会计政策变更的公告,其他,2025-11-21,https://data.eastmoney.com/notices/detail/002518/AN202511201785036433.html
002518,科士达,科士达:总经理工作细则(2025年11月),议事规则/实施细则,2025-11-21,https://data.eastmoney.com/notices/detail/002518/AN202511201785036441.html
002518,科士达,科士达:会计政策、会计估计变更及会计差错管理制度(2025年11月),管理办法/制度,2025-11-21,https://data.eastmoney.com/notices/detail/002518/AN202511201785036443.html
002518,科士达,科士达:股东会议事规则(2025年11月),议事规则/实施细则,2025-11-21,https://data.eastmoney.com/notices/detail/002518/AN202511201785039164.html
002518,科士达,科士达:董事和高级管理人员薪酬管理办法(合并原董事监事薪酬制度+高管薪酬制度)(2025年11月),管理办法/制度,2025-11-21,https://data.eastmoney.com/notices/detail/002518/AN202511201785039159.html
002518,科士达,科士达:独立董事提名人声明与承诺(彭建春),独立董事提名人声明,2025-11-21,https://data.eastmoney.com/notices/detail/002518/AN202511201785036445.html
002518,科士达,科士达:防范大股东及关联方占用公司资金管理制度(2025年11月),管理办法/制度,2025-11-21,https://data.eastmoney.com/notices/detail/002518/AN202511201785036421.html
002518,科士达,科士达:审计委员会年报工作规程(2025年11月),管理办法/制度,2025-11-21,https://data.eastmoney.com/notices/detail/002518/AN202511201785039161.html
002518,科士达,科士达:第六届董事会第二十六次会议决议公告,高管人员任职变动,2025-11-21,https://data.eastmoney.com/notices/detail/002518/AN202511201785036422.html
002518,科士达,科士达:关于选举第七届董事会职工代表董事的公告,高管人员任职变动,2025-11-21,https://data.eastmoney.com/notices/detail/002518/AN202511201785036438.html
002518,科士达,科士达:第六届监事会第二十二次会议决议公告,监事会决议公告,2025-11-21,https://data.eastmoney.com/notices/detail/002518/AN202511201785036428.html
002518,科士达,科士达:关于修订《公司章程》及部分治理制度的公告,公司章程修订,2025-11-21,https://data.eastmoney.com/notices/detail/002518/AN202511201785036453.html
002518,科士达,科士达:独立董事候选人声明(彭建春),独立董事候选人声明,2025-11-21,https://data.eastmoney.com/notices/detail/002518/AN202511201785036426.html
002518,科士达,科士达:关于召开2025年第二次临时股东大会的通知,召开股东大会通知,2025-11-21,https://data.eastmoney.com/notices/detail/002518/AN202511201785039158.html
002518,科士达,科士达:董事会战略委员会工作细则(2025年11月),议事规则/实施细则,2025-11-21,https://data.eastmoney.com/notices/detail/002518/AN202511201785039163.html
002518,科士达,科士达:远期结售汇套期保值业务内控管理制度(2025年11月),管理办法/制度,2025-11-21,https://data.eastmoney.com/notices/detail/002518/AN202511201785036418.html
002518,科士达,科士达:对外提供财务资助管理制度(2025年11月),管理办法/制度,2025-11-21,https://data.eastmoney.com/notices/detail/002518/AN202511201785036436.html
002518,科士达,科士达:董事、高级管理人员持有和买卖本公司股票管理制度(2025年11月),管理办法/制度,2025-11-21,https://data.eastmoney.com/notices/detail/002518/AN202511201785039165.html
002518,科士达,科士达:独立董事候选人声明(张锦慧),独立董事候选人声明,2025-11-21,https://data.eastmoney.com/notices/detail/002518/AN202511201785036451.html
002518,科士达,科士达:会计师事务所选聘制度(2025年11月),管理办法/制度,2025-11-21,https://data.eastmoney.com/notices/detail/002518/AN202511201785036431.html
000663,永安林业,永安林业:股票交易异常波动公告,股票交易异常波动,2025-11-21,https://data.eastmoney.com/notices/detail/000663/AN202511201785036447.html
002518,科士达,科士达:关联交易决策制度(2025年11月),管理办法/制度,2025-11-21,https://data.eastmoney.com/notices/detail/002518/AN202511201785036446.html
002223,鱼跃医疗,鱼跃医疗:2025年第二次临时股东大会决议公告,分配方案决议公告,2025-11-21,https://data.eastmoney.com/notices/detail/002223/AN202511201785036452.html
002518,科士达,科士达:董事会议事规则(2025年11月),议事规则/实施细则,2025-11-21,https://data.eastmoney.com/notices/detail/002518/AN202511201785036435.html
002518,科士达,科士达:董事会审计委员会工作细则(2025年11月),议事规则/实施细则,2025-11-21,https://data.eastmoney.com/notices/detail/002518/AN202511201785039175.html
002518,科士达,科士达:董事会秘书工作制度(2025年11月),管理办法/制度,2025-11-21,https://data.eastmoney.com/notices/detail/002518/AN202511201785036429.html
002518,科士达,科士达:关于公司董事会换届选举的公告,高管人员任职变动,2025-11-21,https://data.eastmoney.com/notices/detail/002518/AN202511201785039168.html
002518,科士达,科士达:内部审计制度(2025年11月),管理办法/制度,2025-11-21,https://data.eastmoney.com/notices/detail/002518/AN202511201785036437.html
002518,科士达,科士达:董事会提名委员会工作细则(2025年11月),议事规则/实施细则,2025-11-21,https://data.eastmoney.com/notices/detail/002518/AN202511201785036455.html
002518,科士达,科士达:独立董事提名人声明与承诺(刘迎双),独立董事提名人声明,2025-11-21,https://data.eastmoney.com/notices/detail/002518/AN202511201785036424.html
002518,科士达,科士达:独立董事候选人声明(刘迎双),独立董事候选人声明,2025-11-21,https://data.eastmoney.com/notices/detail/002518/AN202511201785039162.html
002518,科士达,科士达:外部信息使用人管理制度(2025年11月),管理办法/制度,2025-11-21,https://data.eastmoney.com/notices/detail/002518/AN202511201785036419.html
002518,科士达,科士达:独立董事工作制度(2025年11月),管理办法/制度,2025-11-21,https://data.eastmoney.com/notices/detail/002518/AN202511201785036439.html
002518,科士达,科士达:内幕信息知情人登记管理制度(2025年11月),管理办法/制度,2025-11-21,https://data.eastmoney.com/notices/detail/002518/AN202511201785039173.html
002748,世龙实业,世龙实业:2025年第二次临时股东大会决议公告,股东大会决议公告,2025-11-21,https://data.eastmoney.com/notices/detail/002748/AN202511201785039167.html
002223,鱼跃医疗,鱼跃医疗:关于董事辞职暨选举职工代表董事、补选战略委员会委员的公告,高管人员任职变动,2025-11-21,https://data.eastmoney.com/notices/detail/002223/AN202511201785036444.html
002518,科士达,科士达:对外担保管理办法(2025年11月),管理办法/制度,2025-11-21,https://data.eastmoney.com/notices/detail/002518/AN202511201785036423.html
000767,晋控电力,晋控电力:2025年第四次临时股东会决议公告,股东大会决议公告,2025-11-21,https://data.eastmoney.com/notices/detail/000767/AN202511201785036425.html
002518,科士达,科士达:财务负责人管理制度(2025年11月),管理办法/制度,2025-11-21,https://data.eastmoney.com/notices/detail/002518/AN202511201785036420.html
002748,世龙实业,世龙实业:2025年第二次临时股东大会法律意见书,法律意见书,2025-11-21,https://data.eastmoney.com/notices/detail/002748/AN202511201785036432.html
002947,恒铭达,恒铭达:对外捐赠管理办法(2025年11月),管理办法/制度,2025-11-21,https://data.eastmoney.com/notices/detail/002947/AN202511201785036434.html
002518,科士达,科士达:独立董事年报工作制度(2025年11月),管理办法/制度,2025-11-21,https://data.eastmoney.com/notices/detail/002518/AN202511201785039171.html
002518,科士达,科士达:募集资金管理办法(2025年11月),管理办法/制度,2025-11-21,https://data.eastmoney.com/notices/detail/002518/AN202511201785039157.html
002518,科士达,科士达:董事会提名委员会关于第七届董事会董事候选人任职资格的审查意见,专项说明/独立意见,2025-11-21,https://data.eastmoney.com/notices/detail/002518/AN202511201785039170.html
002518,科士达,科士达:对外投资管理制度(2025年11月),管理办法/制度,2025-11-21,https://data.eastmoney.com/notices/detail/002518/AN202511201785036427.html
002518,科士达,科士达:反贪腐与举报投诉管理制度(原制度名:反舞弊与举报制度)(2025年11月),管理办法/制度,2025-11-21,https://data.eastmoney.com/notices/detail/002518/AN202511201785036450.html
002518,科士达,科士达:子公司管理制度(2025年11月),管理办法/制度,2025-11-21,https://data.eastmoney.com/notices/detail/002518/AN202511201785036454.html
002518,科士达,科士达:投资者关系管理制度(2025年11月),管理办法/制度,2025-11-21,https://data.eastmoney.com/notices/detail/002518/AN202511201785036430.html
002223,鱼跃医疗,鱼跃医疗:上海市通力律师事务所关于江苏鱼跃医疗设备股份有限公司2025年第二次临时股东大会的法律意见书,法律意见书,2025-11-21,https://data.eastmoney.com/notices/detail/002223/AN202511201785036440.html
002518,科士达,科士达:证券投资及衍生品交易管理制度(2025年11月),管理办法/制度,2025-11-21,https://data.eastmoney.com/notices/detail/002518/AN202511201785039160.html
002012,凯恩股份,凯恩股份:北京德恒律师事务所关于浙江凯恩特种材料股份有限公司2025年第二次临时股东会的法律意见,法律意见书,2025-11-21,https://data.eastmoney.com/notices/detail/002012/AN202511201785039174.html
002518,科士达,科士达:董事会薪酬与考核委员会工作细则(2025年11月),议事规则/实施细则,2025-11-21,https://data.eastmoney.com/notices/detail/002518/AN202511201785039169.html
002518,科士达,科士达:信息披露事务管理制度(2025年11月),管理办法/制度,2025-11-21,https://data.eastmoney.com/notices/detail/002518/AN202511201785036456.html
000767,晋控电力,晋控电力:山西华炬律师事务所关于晋能控股山西电力股份有限公司2025年第四次临时股东会之法律意见书,法律意见书,2025-11-21,https://data.eastmoney.com/notices/detail/000767/AN202511201785036396.html
002223,鱼跃医疗,鱼跃医疗:第六届董事会第十四次临时会议决议公告,高管人员任职变动,2025-11-21,https://data.eastmoney.com/notices/detail/002223/AN202511201785036393.html
000541,佛山照明,佛山照明:第十届董事会第十四次会议决议公告,董事会决议公告,2025-11-21,https://data.eastmoney.com/notices/detail/000541/AN202511201785036367.html
000541,佛山照明,佛山照明:第十届监事会第八次会议决议公告,监事会决议公告,2025-11-21,https://data.eastmoney.com/notices/detail/000541/AN202511201785036370.html
000541,佛山照明,佛山照明:关于修订《公司章程》及公司部分治理制度的公告,公司章程修订,2025-11-21,https://data.eastmoney.com/notices/detail/000541/AN202511201785036363.html
000541,佛山照明,佛山照明:关于召开2025年第二次临时股东会的通知,召开股东大会通知,2025-11-21,https://data.eastmoney.com/notices/detail/000541/AN202511201785036368.html
000541,佛山照明,佛山照明:《公司章程》修订对比表,公司章程修订,2025-11-21,https://data.eastmoney.com/notices/detail/000541/AN202511201785036372.html
000541,佛山照明,佛山照明:《公司章程(2025年修订)》,公司章程修订,2025-11-21,https://data.eastmoney.com/notices/detail/000541/AN202511201785036369.html
000541,佛山照明,佛山照明:《董事会议事规则(2025年修订)》,议事规则/实施细则,2025-11-21,https://data.eastmoney.com/notices/detail/000541/AN202511201785036366.html
000541,佛山照明,佛山照明:《募集资金管理制度(2025年修订)》,管理办法/制度,2025-11-21,https://data.eastmoney.com/notices/detail/000541/AN202511201785036371.html
002972,科安达,科安达:关于2023年员工持股计划预留授予部分第一个锁定期届满的提示性公告,员工持股计划,2025-11-21,https://data.eastmoney.com/notices/detail/002972/AN202511201785036365.html
002972,科安达,科安达:关于2023年员工持股计划首次授予部分第二个锁定期届满的提示性公告,首发提示性公告,2025-11-21,https://data.eastmoney.com/notices/detail/002972/AN202511201785036364.html
002812,恩捷股份,恩捷股份:关于公司合并报表范围内提供担保的进展公告,提供/对外担保公告,2025-11-21,https://data.eastmoney.com/notices/detail/002812/AN202511201785036358.html
000534,万泽股份,万泽股份:万泽股份关于召开2025年第五次临时股东会的通知,召开股东大会通知,2025-11-21,https://data.eastmoney.com/notices/detail/000534/AN202511201785032846.html
002792,通宇通讯,通宇通讯:2025年第四次临时股东会决议公告,股东大会决议公告,2025-11-21,https://data.eastmoney.com/notices/detail/002792/AN202511201785032847.html
000534,万泽股份,万泽股份:万泽股份第十一届董事会第五十五次会议决议公告,高管人员任职变动,2025-11-21,https://data.eastmoney.com/notices/detail/000534/AN202511201785032853.html
000688,国城矿业,国城矿业:关于持股5%以上股东持股比例被动稀释至5%以下权益变动的提示性公告,权益变动报告书,2025-11-21,https://data.eastmoney.com/notices/detail/000688/AN202511201785032850.html
000555,神州信息,神州信息:2025年度第五次临时股东大会决议公告,股东大会决议公告,2025-11-21,https://data.eastmoney.com/notices/detail/000555/AN202511201785036357.html
002835,同为股份,同为股份:2025年第一次临时股东会决议公告,股东大会决议公告,2025-11-21,https://data.eastmoney.com/notices/detail/002835/AN202511201785032855.html
002835,同为股份,同为股份:同为股份2025年第一次临时股东会法律意见书,法律意见书,2025-11-21,https://data.eastmoney.com/notices/detail/002835/AN202511201785032848.html
000555,神州信息,神州信息:关于神州数码信息服务集团股份有限公司2025年度第五次临时股东大会的法律意见书,法律意见书,2025-11-21,https://data.eastmoney.com/notices/detail/000555/AN202511201785032851.html
000688,国城矿业,国城矿业:关于提前赎回国城转债的第一次提示性公告,其他,2025-11-21,https://data.eastmoney.com/notices/detail/000688/AN202511201785036359.html
002792,通宇通讯,通宇通讯:上海中联(广州)律师事务所关于广东通宇通讯股份有限公司2025年第四次临时股东会的法律意见,法律意见书,2025-11-21,https://data.eastmoney.com/notices/detail/002792/AN202511201785032854.html
000688,国城矿业,国城矿业:简式权益变动报告书,权益变动报告书,2025-11-21,https://data.eastmoney.com/notices/detail/000688/AN202511201785032856.html
000039,中集集团,中集集团:H股公告-翌日披露报表,其他,2025-11-21,https://data.eastmoney.com/notices/detail/000039/AN202511201785032809.html
000541,佛山照明,佛山照明:《股东会议事规则(2025年修订)》,议事规则/实施细则,2025-11-21,https://data.eastmoney.com/notices/detail/000541/AN202511201785032814.html
000932,华菱钢铁,华菱钢铁:湖南华菱钢铁股份有限公司股东会议事规则(2025年11月修订),议事规则/实施细则,2025-11-21,https://data.eastmoney.com/notices/detail/000932/AN202511201785032821.html
002887,绿茵生态,绿茵生态:关于免于要约收购的提示性公告,其他,2025-11-21,https://data.eastmoney.com/notices/detail/002887/AN202511201785032825.html
002887,绿茵生态,绿茵生态:关于实际控制人增加一致行动人及一致行动人之间协议转让股份暨权益变动的提示性公告,权益变动报告书,2025-11-21,https://data.eastmoney.com/notices/detail/002887/AN202511201785032803.html
002327,富安娜,富安娜:北京市君泽君(深圳)律师事务所关于深圳市富安娜家居用品股份有限公司2025年第三次临时股东会的法律意见书,法律意见书,2025-11-21,https://data.eastmoney.com/notices/detail/002327/AN202511201785032819.html
002320,海峡股份,海峡股份:2025年第八次临时股东会决议公告,股东大会决议公告,2025-11-21,https://data.eastmoney.com/notices/detail/002320/AN202511201785032830.html
002178,延华智能,延华智能:2025年第一次临时股东大会决议公告,股东大会决议公告,2025-11-21,https://data.eastmoney.com/notices/detail/002178/AN202511201785032820.html
000932,华菱钢铁,华菱钢铁:湖南华菱钢铁股份有限公司独立董事制度(2025年11月修订),管理办法/制度,2025-11-21,https://data.eastmoney.com/notices/detail/000932/AN202511201785032816.html
000935,四川双马,四川双马:关于持股5%以上股东减持股份触及1%整数倍的公告,股东/实际控制人股份减持,2025-11-21,https://data.eastmoney.com/notices/detail/000935/AN202511201785032804.html
002320,海峡股份,海峡股份:关于海南海峡航运股份有限公司2025年第八次临时股东会的法律意见书,法律意见书,2025-11-21,https://data.eastmoney.com/notices/detail/002320/AN202511201785032822.html
000859,国风新材,国风新材:安徽天禾律师事务所关于安徽国风新材料股份有限公司2025年第二次临时股东大会之法律意见书,法律意见书,2025-11-21,https://data.eastmoney.com/notices/detail/000859/AN202511201785032808.html
000932,华菱钢铁,华菱钢铁:湖南华菱钢铁股份有限公司董事会议事规则(2025年11月修订),议事规则/实施细则,2025-11-21,https://data.eastmoney.com/notices/detail/000932/AN202511201785032828.html
002887,绿茵生态,绿茵生态:收购报告书摘要,收购出售资产/股权,2025-11-21,https://data.eastmoney.com/notices/detail/002887/AN202511201785032829.html
002887,绿茵生态,绿茵生态:简式权益变动报告书,权益变动报告书,2025-11-21,https://data.eastmoney.com/notices/detail/002887/AN202511201785032807.html
000932,华菱钢铁,华菱钢铁:华菱钢铁2025年第三次临时股东会法律意见书,法律意见书,2025-11-21,https://data.eastmoney.com/notices/detail/000932/AN202511201785032827.html
000932,华菱钢铁,华菱钢铁:湖南华菱钢铁股份有限公司关联交易管理办法(2025年11月修订),管理办法/制度,2025-11-21,https://data.eastmoney.com/notices/detail/000932/AN202511201785032812.html
000932,华菱钢铁,华菱钢铁:2025年第三次临时股东会决议公告,股东大会决议公告,2025-11-21,https://data.eastmoney.com/notices/detail/000932/AN202511201785032823.html
002178,延华智能,延华智能:2025年第一次临时股东大会法律意见书,法律意见书,2025-11-21,https://data.eastmoney.com/notices/detail/002178/AN202511201785032811.html
000859,国风新材,国风新材:2025年第二次临时股东大会决议公告,股东大会决议公告,2025-11-21,https://data.eastmoney.com/notices/detail/000859/AN202511201785032815.html
000520,凤凰航运,凤凰航运:2025年第三次临时股东会法律意见,法律意见书,2025-11-21,https://data.eastmoney.com/notices/detail/000520/AN202511201785032824.html
000520,凤凰航运,凤凰航运:关于变更董事的公告,高管人员任职变动,2025-11-21,https://data.eastmoney.com/notices/detail/000520/AN202511201785032826.html
000859,国风新材,国风新材:关于股票交易异常波动的公告,股票交易异常波动,2025-11-21,https://data.eastmoney.com/notices/detail/000859/AN202511201785032806.html
002327,富安娜,富安娜:关于回购注销部分第六期限制性股票暨通知债权人的公告,通知债权人公告,2025-11-21,https://data.eastmoney.com/notices/detail/002327/AN202511201785032805.html
000932,华菱钢铁,华菱钢铁:湖南华菱钢铁股份有限公司募集资金管理办法(2025年11月修订),管理办法/制度,2025-11-21,https://data.eastmoney.com/notices/detail/000932/AN202511201785032817.html
000520,凤凰航运,凤凰航运:关于2025年第三次临时股东大会决议的公告,股东大会决议公告,2025-11-21,https://data.eastmoney.com/notices/detail/000520/AN202511201785032818.html
002327,富安娜,富安娜:2025年第三次临时股东会决议公告,股东大会决议公告,2025-11-21,https://data.eastmoney.com/notices/detail/002327/AN202511201785032813.html
002327,富安娜,富安娜:关于非独立董事辞职暨选举职工董事的公告,高管人员任职变动,2025-11-21,https://data.eastmoney.com/notices/detail/002327/AN202511201785032810.html
003043,华亚智能,华亚智能:关于公司股东计划减持股票的预披露公告,股东/实际控制人股份减持,2025-11-21,https://data.eastmoney.com/notices/detail/003043/AN202511201785032763.html
002434,万里扬,万里扬:关于公司董事辞职及补选董事的公告,高管人员任职变动,2025-11-21,https://data.eastmoney.com/notices/detail/002434/AN202511201785029236.html
002434,万里扬,万里扬:浙江万里扬股份有限公司外部信息使用人登记制度(2025年11月修订),管理办法/制度,2025-11-21,https://data.eastmoney.com/notices/detail/002434/AN202511201785029235.html
002434,万里扬,万里扬:浙江万里扬股份有限公司董事会薪酬与考核委员会工作细则(2025年11月修订),议事规则/实施细则,2025-11-21,https://data.eastmoney.com/notices/detail/002434/AN202511201785029218.html
002434,万里扬,万里扬:浙江万里扬股份有限公司董事和高级管理人员所持本公司股份及其变动管理制度(2025年11月修订),管理办法/制度,2025-11-21,https://data.eastmoney.com/notices/detail/002434/AN202511201785029234.html
002434,万里扬,万里扬:浙江万里扬股份有限公司董事会提名委员会工作细则(2025年11月修订),议事规则/实施细则,2025-11-21,https://data.eastmoney.com/notices/detail/002434/AN202511201785029222.html
002434,万里扬,万里扬:关于召开2025年第二次临时股东会的通知,召开股东大会通知,2025-11-21,https://data.eastmoney.com/notices/detail/002434/AN202511201785029226.html
002434,万里扬,万里扬:浙江万里扬股份有限公司非金融企业债务融资工具信息披露事务管理制度(2025年11月修订),管理办法/制度,2025-11-21,https://data.eastmoney.com/notices/detail/002434/AN202511201785029207.html
002434,万里扬,万里扬:浙江万里扬股份有限公司对外担保制度(2025年11月修订),管理办法/制度,2025-11-21,https://data.eastmoney.com/notices/detail/002434/AN202511201785029203.html
002434,万里扬,万里扬:关于为参股子公司提供担保的进展公告,提供/对外担保公告,2025-11-21,https://data.eastmoney.com/notices/detail/002434/AN202511201785029232.html
002434,万里扬,万里扬:浙江万里扬股份有限公司独立董事制度(2025年11月修订),管理办法/制度,2025-11-21,https://data.eastmoney.com/notices/detail/002434/AN202511201785029224.html
002434,万里扬,万里扬:浙江万里扬股份有限公司募集资金管理办法(2025年11月修订),管理办法/制度,2025-11-21,https://data.eastmoney.com/notices/detail/002434/AN202511201785029230.html
002434,万里扬,万里扬:浙江万里扬股份有限公司董事会秘书工作细则(2025年11月修订),议事规则/实施细则,2025-11-21,https://data.eastmoney.com/notices/detail/002434/AN202511201785029231.html
002434,万里扬,万里扬:《浙江万里扬股份有限公司章程》(2025年11月修订),公司章程修订,2025-11-21,https://data.eastmoney.com/notices/detail/002434/AN202511201785029212.html
002434,万里扬,万里扬:浙江万里扬股份有限公司董事会议事规则(2025年11月修订),议事规则/实施细则,2025-11-21,https://data.eastmoney.com/notices/detail/002434/AN202511201785029220.html
002434,万里扬,万里扬:浙江万里扬股份有限公司关联交易制度(2025年11月修订),管理办法/制度,2025-11-21,https://data.eastmoney.com/notices/detail/002434/AN202511201785029213.html
003004,声迅股份,*ST声迅:第五届董事会第二十七次会议决议的公告,董事会决议公告,2025-11-21,https://data.eastmoney.com/notices/detail/003004/AN202511201785029223.html
002434,万里扬,万里扬:浙江万里扬股份有限公司董事会审计委员会工作细则(2025年11月修订),议事规则/实施细则,2025-11-21,https://data.eastmoney.com/notices/detail/002434/AN202511201785029233.html
002434,万里扬,万里扬:浙江万里扬股份有限公司内部审计工作制度(2025年11月修订),管理办法/制度,2025-11-21,https://data.eastmoney.com/notices/detail/002434/AN202511201785029201.html
002434,万里扬,万里扬:第六届董事会第十一次会议决议公告,高管人员任职变动,2025-11-21,https://data.eastmoney.com/notices/detail/002434/AN202511201785029209.html
002434,万里扬,万里扬:浙江万里扬股份有限公司信息披露制度(2025年11月修订),管理办法/制度,2025-11-21,https://data.eastmoney.com/notices/detail/002434/AN202511201785029202.html
003004,声迅股份,*ST声迅:关于不向下修正声迅转债转股价格的公告,其他,2025-11-21,https://data.eastmoney.com/notices/detail/003004/AN202511201785029227.html
002434,万里扬,万里扬:浙江万里扬股份有限公司董事、高级管理人员离职管理制度(2025年11月制定),管理办法/制度,2025-11-21,https://data.eastmoney.com/notices/detail/002434/AN202511201785029228.html
002434,万里扬,万里扬:浙江万里扬股份有限公司子公司管理制度(2025年11月修订),管理办法/制度,2025-11-21,https://data.eastmoney.com/notices/detail/002434/AN202511201785029205.html
002434,万里扬,万里扬:浙江万里扬股份有限公司独立董事专门会议工作制度(2025年11月修订),管理办法/制度,2025-11-21,https://data.eastmoney.com/notices/detail/002434/AN202511201785029215.html
002434,万里扬,万里扬:浙江万里扬股份有限公司股东会议事规则(2025年11月修订),议事规则/实施细则,2025-11-21,https://data.eastmoney.com/notices/detail/002434/AN202511201785029200.html
002434,万里扬,万里扬:浙江万里扬股份有限公司信息披露暂缓与豁免管理制度(2025年11月制定),管理办法/制度,2025-11-21,https://data.eastmoney.com/notices/detail/002434/AN202511201785029216.html
002434,万里扬,万里扬:浙江万里扬股份有限公司投资者关系管理制度(2025年11月修订),管理办法/制度,2025-11-21,https://data.eastmoney.com/notices/detail/002434/AN202511201785029217.html
002434,万里扬,万里扬:浙江万里扬股份有限公司董事会战略委员会工作细则(2025年11月修订),议事规则/实施细则,2025-11-21,https://data.eastmoney.com/notices/detail/002434/AN202511201785029229.html
002434,万里扬,万里扬:第六届监事会第十次会议决议公告,监事会决议公告,2025-11-21,https://data.eastmoney.com/notices/detail/002434/AN202511201785029211.html
002434,万里扬,万里扬:浙江万里扬股份有限公司互动易平台信息发布及回复内部审核制度(2025年11月制定),管理办法/制度,2025-11-21,https://data.eastmoney.com/notices/detail/002434/AN202511201785029219.html
002925,盈趣科技,盈趣科技:关于公司控股股东部分股份质押展期的公告,股份质押、冻结,2025-11-21,https://data.eastmoney.com/notices/detail/002925/AN202511201785029210.html
002434,万里扬,万里扬:浙江万里扬股份有限公司总裁工作细则(2025年11月修订),议事规则/实施细则,2025-11-21,https://data.eastmoney.com/notices/detail/002434/AN202511201785029214.html
002434,万里扬,万里扬:浙江万里扬股份有限公司内幕信息知情人登记管理制度(2025年11月修订),管理办法/制度,2025-11-21,https://data.eastmoney.com/notices/detail/002434/AN202511201785029221.html
002434,万里扬,万里扬:浙江万里扬股份有限公司突发事件危机处理应急制度(2025年11月修订),管理办法/制度,2025-11-21,https://data.eastmoney.com/notices/detail/002434/AN202511201785029225.html
002434,万里扬,万里扬:浙江万里扬股份有限公司对外提供财务资助管理制度(2025年11月修订),管理办法/制度,2025-11-21,https://data.eastmoney.com/notices/detail/002434/AN202511201785029208.html
688620,安凯微,安凯微:广州安凯微电子股份有限公司2025年第二次临时股东会会议资料,股东大会资料,2025-11-21,https://data.eastmoney.com/notices/detail/688620/AN202511201785029197.html
688620,安凯微,安凯微:国泰海通证券股份有限公司关于广州安凯微电子股份有限公司增加金融衍生品交易业务的核查意见,保荐/核查意见,2025-11-21,https://data.eastmoney.com/notices/detail/688620/AN202511201785029198.html
003003,天元股份,天元股份:关于2022年股票期权与限制性股票激励计划部分限制性股票回购注销完成的公告,股本变动,2025-11-21,https://data.eastmoney.com/notices/detail/003003/AN202511201785029169.html
002570,贝因美,贝因美:关于回购公司股份达到1%的进展公告,回购进展情况,2025-11-21,https://data.eastmoney.com/notices/detail/002570/AN202511201785029159.html
000686,东北证券,东北证券:关于持股5%以上股东部分股份质押的公告,股份质押、冻结,2025-11-21,https://data.eastmoney.com/notices/detail/000686/AN202511201785025844.html
000510,新金路,新金路:关于公司第一大股东、实际控制人、董事长及其一致行动人股份质押式回购交易延期购回的公告,股份质押、冻结,2025-11-21,https://data.eastmoney.com/notices/detail/000510/AN202511201785025846.html
301380,挖金客,挖金客:关于控股股东、实际控制人减持股份预披露的公告,股东/实际控制人股份减持,2025-11-21,https://data.eastmoney.com/notices/detail/301380/AN202511201785025847.html
002253,川大智胜,*ST智胜:四川川大智胜软件股份有限公司关于支付现金购买成都兴仁科技有限公司70%股权进展的公告,收购出售资产/股权,2025-11-21,https://data.eastmoney.com/notices/detail/002253/AN202511201785025806.html
002839,张家港行,张家港行:江苏张家港农村商业银行股份有限公司关于《营业执照》登记信息变更及《公司章程》备案的公告,公司章程修订,2025-11-21,https://data.eastmoney.com/notices/detail/002839/AN202511201785025796.html
688273,麦澜德,麦澜德:南京证券股份有限公司关于南京麦澜德医疗科技股份有限公司差异化权益分派事项的核查意见,保荐/核查意见,2025-11-21,https://data.eastmoney.com/notices/detail/688273/AN202511201785025763.html
688273,麦澜德,麦澜德:2025年前三季度权益分派实施公告,分配方案实施,2025-11-21,https://data.eastmoney.com/notices/detail/688273/AN202511201785025764.html
688131,皓元医药,皓元医药:上海皓元医药股份有限公司关于”皓元转债“2025年付息公告,其他,2025-11-21,https://data.eastmoney.com/notices/detail/688131/AN202511201785024050.html
688131,皓元医药,皓元医药:上海皓元医药股份有限公司关于子公司开立可转换公司债券募集资金专项账户并签订募集资金专户存储监管协议的公告,签订协议,2025-11-21,https://data.eastmoney.com/notices/detail/688131/AN202511201785024051.html
300682,朗新科技,朗新集团:公司章程(2025年11月),公司章程,2025-11-21,https://data.eastmoney.com/notices/detail/300682/AN202511201785024007.html
300682,朗新科技,朗新集团:投资者关系管理制度,管理办法/制度,2025-11-21,https://data.eastmoney.com/notices/detail/300682/AN202511201785024018.html
300682,朗新科技,朗新集团:募集资金管理办法,管理办法/制度,2025-11-21,https://data.eastmoney.com/notices/detail/300682/AN202511201785024004.html
300682,朗新科技,朗新集团:规范与关联方资金往来的管理制度,管理办法/制度,2025-11-21,https://data.eastmoney.com/notices/detail/300682/AN202511201785024011.html
300682,朗新科技,朗新集团:董事会薪酬与考核委员会工作细则,议事规则/实施细则,2025-11-21,https://data.eastmoney.com/notices/detail/300682/AN202511201785024010.html
300682,朗新科技,朗新集团:信息披露管理办法,管理办法/制度,2025-11-21,https://data.eastmoney.com/notices/detail/300682/AN202511201785024025.html
300682,朗新科技,朗新集团:关于董事会换届选举的公告,高管人员任职变动,2025-11-21,https://data.eastmoney.com/notices/detail/300682/AN202511201785024005.html
300682,朗新科技,朗新集团:对外投资管理制度,管理办法/制度,2025-11-21,https://data.eastmoney.com/notices/detail/300682/AN202511201785024028.html
300682,朗新科技,朗新集团:第四届董事会第三十五次会议决议公告,高管人员任职变动,2025-11-21,https://data.eastmoney.com/notices/detail/300682/AN202511201785024006.html
300682,朗新科技,朗新集团:独立董事候选人声明与承诺(姚立杰),独立董事候选人声明,2025-11-21,https://data.eastmoney.com/notices/detail/300682/AN202511201785024012.html
300682,朗新科技,朗新集团:关于修订《公司章程》并办理工商变更登记的公告,公司章程修订,2025-11-21,https://data.eastmoney.com/notices/detail/300682/AN202511201785024024.html
300682,朗新科技,朗新集团:重大信息内部报告制度,管理办法/制度,2025-11-21,https://data.eastmoney.com/notices/detail/300682/AN202511201785024022.html
300682,朗新科技,朗新集团:关联交易管理制度,管理办法/制度,2025-11-21,https://data.eastmoney.com/notices/detail/300682/AN202511201785024001.html
300682,朗新科技,朗新集团:关于召开2025年第二次临时股东大会的通知,召开股东大会通知,2025-11-21,https://data.eastmoney.com/notices/detail/300682/AN202511201785024023.html
300682,朗新科技,朗新集团:子公司管理制度,管理办法/制度,2025-11-21,https://data.eastmoney.com/notices/detail/300682/AN202511201785024003.html
300682,朗新科技,朗新集团:内幕信息知情人登记管理制度,管理办法/制度,2025-11-21,https://data.eastmoney.com/notices/detail/300682/AN202511201785024009.html
300682,朗新科技,朗新集团:独立董事提名人声明与承诺(李晓),独立董事提名人声明,2025-11-21,https://data.eastmoney.com/notices/detail/300682/AN202511201785024031.html
002542,*ST中岩,中化岩土:关于重大诉讼、仲裁情况进展的公告,诉讼仲裁,2025-11-21,https://data.eastmoney.com/notices/detail/002542/AN202511201785024016.html
300682,朗新科技,朗新集团:董事会审计委员会工作细则,议事规则/实施细则,2025-11-21,https://data.eastmoney.com/notices/detail/300682/AN202511201785024008.html
300682,朗新科技,朗新集团:董事会议事规则,议事规则/实施细则,2025-11-21,https://data.eastmoney.com/notices/detail/300682/AN202511201785024020.html
300682,朗新科技,朗新集团:独立董事工作制度,管理办法/制度,2025-11-21,https://data.eastmoney.com/notices/detail/300682/AN202511201785024014.html
300682,朗新科技,朗新集团:董事会秘书工作细则,议事规则/实施细则,2025-11-21,https://data.eastmoney.com/notices/detail/300682/AN202511201785024027.html
300682,朗新科技,朗新集团:独立董事提名人声明与承诺(邓祎璐),独立董事提名人声明,2025-11-21,https://data.eastmoney.com/notices/detail/300682/AN202511201785024026.html
300682,朗新科技,朗新集团:独立董事候选人声明与承诺(邓祎璐),独立董事候选人声明,2025-11-21,https://data.eastmoney.com/notices/detail/300682/AN202511201785024019.html
300682,朗新科技,朗新集团:董事会战略委员会工作细则,议事规则/实施细则,2025-11-21,https://data.eastmoney.com/notices/detail/300682/AN202511201785024002.html
300682,朗新科技,朗新集团:独立董事提名人声明与承诺(姚立杰),独立董事提名人声明,2025-11-21,https://data.eastmoney.com/notices/detail/300682/AN202511201785024000.html
300682,朗新科技,朗新集团:股东会议事规则,议事规则/实施细则,2025-11-21,https://data.eastmoney.com/notices/detail/300682/AN202511201785024030.html
300682,朗新科技,朗新集团:独立董事候选人声明与承诺(李晓),独立董事候选人声明,2025-11-21,https://data.eastmoney.com/notices/detail/300682/AN202511201785024015.html
300682,朗新科技,朗新集团:董事会提名委员会工作细则,议事规则/实施细则,2025-11-21,https://data.eastmoney.com/notices/detail/300682/AN202511201785024021.html
300682,朗新科技,朗新集团:对外担保管理制度,管理办法/制度,2025-11-21,https://data.eastmoney.com/notices/detail/300682/AN202511201785024017.html
301658,首航新能,首航新能:董事、高级管理人员所持公司股份及其变动管理制度(2025年11月),管理办法/制度,2025-11-21,https://data.eastmoney.com/notices/detail/301658/AN202511201785023154.html
301658,首航新能,首航新能:公司章程(2025年11月),公司章程,2025-11-21,https://data.eastmoney.com/notices/detail/301658/AN202511201785023964.html
301658,首航新能,首航新能:审计委员会工作细则(2025年11月),议事规则/实施细则,2025-11-21,https://data.eastmoney.com/notices/detail/301658/AN202511201785023150.html
300264,佳创视讯,佳创视讯:2025年第二次临时股东大会的法律意见书,法律意见书,2025-11-21,https://data.eastmoney.com/notices/detail/300264/AN202511201785023152.html
301658,首航新能,首航新能:募集资金管理制度(2025年11月),管理办法/制度,2025-11-21,https://data.eastmoney.com/notices/detail/301658/AN202511201785023970.html
301658,首航新能,首航新能:战略委员会工作细则(2025年11月),议事规则/实施细则,2025-11-21,https://data.eastmoney.com/notices/detail/301658/AN202511201785023957.html
301658,首航新能,首航新能:第二届董事会第十六次会议决议公告,董事会决议公告,2025-11-21,https://data.eastmoney.com/notices/detail/301658/AN202511201785023138.html
301658,首航新能,首航新能:独立董事工作制度(2025年11月),管理办法/制度,2025-11-21,https://data.eastmoney.com/notices/detail/301658/AN202511201785023962.html
301658,首航新能,首航新能:关于修订《公司章程》及修订、制定部分治理制度的公告,公司章程修订,2025-11-21,https://data.eastmoney.com/notices/detail/301658/AN202511201785023146.html
301658,首航新能,首航新能:投资者关系管理制度(2025年11月),管理办法/制度,2025-11-21,https://data.eastmoney.com/notices/detail/301658/AN202511201785023147.html
301658,首航新能,首航新能:关联交易管理制度(2025年11月),管理办法/制度,2025-11-21,https://data.eastmoney.com/notices/detail/301658/AN202511201785023149.html
301658,首航新能,首航新能:股东会议事规则(2025年11月),议事规则/实施细则,2025-11-21,https://data.eastmoney.com/notices/detail/301658/AN202511201785023148.html
301658,首航新能,首航新能:对外担保管理制度(2025年11月),管理办法/制度,2025-11-21,https://data.eastmoney.com/notices/detail/301658/AN202511201785023143.html
301658,首航新能,首航新能:关于调整首航储能系统建设项目的公告,其他,2025-11-21,https://data.eastmoney.com/notices/detail/301658/AN202511201785023968.html
301658,首航新能,首航新能:《公司章程》修订对照(2025年11月),公司章程修订,2025-11-21,https://data.eastmoney.com/notices/detail/301658/AN202511201785023965.html
301658,首航新能,首航新能:内部审计制度(2025年11月),管理办法/制度,2025-11-21,https://data.eastmoney.com/notices/detail/301658/AN202511201785023969.html
301658,首航新能,首航新能:关于召开2025年第一次临时股东大会的通知,召开股东大会通知,2025-11-21,https://data.eastmoney.com/notices/detail/301658/AN202511201785023141.html
301658,首航新能,首航新能:会计师事务所选聘制度(2025年11月),管理办法/制度,2025-11-21,https://data.eastmoney.com/notices/detail/301658/AN202511201785023144.html
301658,首航新能,首航新能:第二届监事会第九次会议决议公告,监事会决议公告,2025-11-21,https://data.eastmoney.com/notices/detail/301658/AN202511201785023156.html
301658,首航新能,首航新能:对外投资管理制度(2025年11月),管理办法/制度,2025-11-21,https://data.eastmoney.com/notices/detail/301658/AN202511201785023140.html
301658,首航新能,首航新能:董事、高级管理人员离职管理制度(2025年11月),管理办法/制度,2025-11-21,https://data.eastmoney.com/notices/detail/301658/AN202511201785023145.html
301658,首航新能,首航新能:董事会议事规则(2025年11月),议事规则/实施细则,2025-11-21,https://data.eastmoney.com/notices/detail/301658/AN202511201785023963.html
301658,首航新能,首航新能:信息披露管理制度(2025年11月),管理办法/制度,2025-11-21,https://data.eastmoney.com/notices/detail/301658/AN202511201785023960.html
301658,首航新能,首航新能:提名委员会工作细则(2025年11月),议事规则/实施细则,2025-11-21,https://data.eastmoney.com/notices/detail/301658/AN202511201785023155.html
301658,首航新能,首航新能:薪酬与考核委员会工作细则(2025年11月),议事规则/实施细则,2025-11-21,https://data.eastmoney.com/notices/detail/301658/AN202511201785023966.html
301658,首航新能,首航新能:董事、高级管理人员薪酬管理制度(2025年11月),管理办法/制度,2025-11-21,https://data.eastmoney.com/notices/detail/301658/AN202511201785023959.html
300264,佳创视讯,佳创视讯:2025年第二次临时股东大会决议公告,股东大会决议公告,2025-11-21,https://data.eastmoney.com/notices/detail/300264/AN202511201785023967.html
301658,首航新能,首航新能:关于公司为子公司提供担保的公告,提供/对外担保公告,2025-11-21,https://data.eastmoney.com/notices/detail/301658/AN202511201785023153.html
301399,英特科技,英特科技:浙商证券股份有限公司关于浙江英特科技股份有限公司使用闲置自有资金进行现金管理的核查意见,保荐/核查意见,2025-11-21,https://data.eastmoney.com/notices/detail/301399/AN202511201785022155.html
301399,英特科技,英特科技:关于使用部分闲置募集资金(含超募资金)进行现金管理的公告,投资理财,2025-11-21,https://data.eastmoney.com/notices/detail/301399/AN202511201785023058.html
301399,英特科技,英特科技:关于使用闲置自有资金进行现金管理的公告,投资理财,2025-11-21,https://data.eastmoney.com/notices/detail/301399/AN202511201785023067.html
301399,英特科技,英特科技:浙商证券股份有限公司关于浙江英特科技股份有限公司使用部分闲置募集资金(含超募资金)进行现金管理的核查意见,保荐/核查意见,2025-11-21,https://data.eastmoney.com/notices/detail/301399/AN202511201785023068.html
301002,崧盛股份,崧盛股份:内部审计制度(2025年11月修订),管理办法/制度,2025-11-21,https://data.eastmoney.com/notices/detail/301002/AN202511201785022094.html
301002,崧盛股份,崧盛股份:董事会议事规则(2025年11月修订),议事规则/实施细则,2025-11-21,https://data.eastmoney.com/notices/detail/301002/AN202511201785022097.html
301002,崧盛股份,崧盛股份:累积投票制度实施细则(2025年11月修订),议事规则/实施细则,2025-11-21,https://data.eastmoney.com/notices/detail/301002/AN202511201785022102.html
301002,崧盛股份,崧盛股份:独立董事工作制度(2025年11月修订),管理办法/制度,2025-11-21,https://data.eastmoney.com/notices/detail/301002/AN202511201785022089.html
301002,崧盛股份,崧盛股份:重大信息内部报告制度(2025年11月修订),管理办法/制度,2025-11-21,https://data.eastmoney.com/notices/detail/301002/AN202511201785022108.html
301002,崧盛股份,崧盛股份:公司章程(2025年11月修订),公司章程修订,2025-11-21,https://data.eastmoney.com/notices/detail/301002/AN202511201785022078.html
301002,崧盛股份,崧盛股份:募集资金管理制度(2025年11月修订),管理办法/制度,2025-11-21,https://data.eastmoney.com/notices/detail/301002/AN202511201785022090.html
301002,崧盛股份,崧盛股份:独立董事提名人声明与承诺(李志君),独立董事提名人声明,2025-11-21,https://data.eastmoney.com/notices/detail/301002/AN202511201785022085.html
301002,崧盛股份,崧盛股份:关联交易制度(2025年11月修订),管理办法/制度,2025-11-21,https://data.eastmoney.com/notices/detail/301002/AN202511201785022111.html
301002,崧盛股份,崧盛股份:董事会提名委员会工作细则(2025年11月修订),议事规则/实施细则,2025-11-21,https://data.eastmoney.com/notices/detail/301002/AN202511201785022084.html
301002,崧盛股份,崧盛股份:独立董事提名人声明与承诺(周立辉),独立董事提名人声明,2025-11-21,https://data.eastmoney.com/notices/detail/301002/AN202511201785022079.html
301002,崧盛股份,崧盛股份:独立董事提名人声明与承诺(代新社),独立董事提名人声明,2025-11-21,https://data.eastmoney.com/notices/detail/301002/AN202511201785022104.html
301002,崧盛股份,崧盛股份:股东会议事规则(2025年11月修订),议事规则/实施细则,2025-11-21,https://data.eastmoney.com/notices/detail/301002/AN202511201785022095.html
301002,崧盛股份,崧盛股份:总经理工作细则(2025年11月修订),议事规则/实施细则,2025-11-21,https://data.eastmoney.com/notices/detail/301002/AN202511201785022093.html
301002,崧盛股份,崧盛股份:董事、高级管理人员离职管理制度(2025年11月),管理办法/制度,2025-11-21,https://data.eastmoney.com/notices/detail/301002/AN202511201785022081.html
301002,崧盛股份,崧盛股份:关于召开2025年第一次临时股东会的通知,召开股东大会通知,2025-11-21,https://data.eastmoney.com/notices/detail/301002/AN202511201785022107.html
301002,崧盛股份,崧盛股份:年报信息披露重大差错责任追究制度(2025年11月修订),管理办法/制度,2025-11-21,https://data.eastmoney.com/notices/detail/301002/AN202511201785022099.html
301002,崧盛股份,崧盛股份:独立董事候选人声明与承诺(李志君),独立董事候选人声明,2025-11-21,https://data.eastmoney.com/notices/detail/301002/AN202511201785022092.html
301002,崧盛股份,崧盛股份:独立董事候选人声明与承诺(周立辉),独立董事候选人声明,2025-11-21,https://data.eastmoney.com/notices/detail/301002/AN202511201785022098.html
301002,崧盛股份,崧盛股份:信息披露暂缓与豁免管理制度(2025年11月),管理办法/制度,2025-11-21,https://data.eastmoney.com/notices/detail/301002/AN202511201785022088.html
301002,崧盛股份,崧盛股份:委托理财管理制度(2025年11月修订),管理办法/制度,2025-11-21,https://data.eastmoney.com/notices/detail/301002/AN202511201785022083.html
301002,崧盛股份,崧盛股份:关于董事会换届选举的公告,高管人员任职变动,2025-11-21,https://data.eastmoney.com/notices/detail/301002/AN202511201785022087.html
301002,崧盛股份,崧盛股份:未来三年(2025-2027)股东分红回报规划(2025年11月修订),其他,2025-11-21,https://data.eastmoney.com/notices/detail/301002/AN202511201785022112.html
301002,崧盛股份,崧盛股份:董事会秘书工作制度(2025年11月修订),管理办法/制度,2025-11-21,https://data.eastmoney.com/notices/detail/301002/AN202511201785022106.html
301002,崧盛股份,崧盛股份:董事会薪酬与考核委员会工作细则(2025年11月修订),议事规则/实施细则,2025-11-21,https://data.eastmoney.com/notices/detail/301002/AN202511201785022110.html
301002,崧盛股份,崧盛股份:规范与关联方资金往来的管理制度(2025年11月修订),管理办法/制度,2025-11-21,https://data.eastmoney.com/notices/detail/301002/AN202511201785022103.html
301002,崧盛股份,崧盛股份:信息披露管理制度(2025年11月修订),管理办法/制度,2025-11-21,https://data.eastmoney.com/notices/detail/301002/AN202511201785022082.html
301002,崧盛股份,崧盛股份:对外担保管理制度(2025年11月修订),管理办法/制度,2025-11-21,https://data.eastmoney.com/notices/detail/301002/AN202511201785022109.html
301002,崧盛股份,崧盛股份:投资者关系管理制度(2025年11月修订),管理办法/制度,2025-11-21,https://data.eastmoney.com/notices/detail/301002/AN202511201785022091.html
301002,崧盛股份,崧盛股份:《公司章程》修订对照表,公司章程修订,2025-11-21,https://data.eastmoney.com/notices/detail/301002/AN202511201785022077.html
301002,崧盛股份,崧盛股份:对外投资管理制度(2025年11月修订),管理办法/制度,2025-11-21,https://data.eastmoney.com/notices/detail/301002/AN202511201785022080.html
301002,崧盛股份,崧盛股份:第三届董事会第二十五次会议决议公告,高管人员任职变动,2025-11-21,https://data.eastmoney.com/notices/detail/301002/AN202511201785022113.html
301002,崧盛股份,崧盛股份:外汇套期保值业务管理制度(2025年11月),管理办法/制度,2025-11-21,https://data.eastmoney.com/notices/detail/301002/AN202511201785022105.html
301002,崧盛股份,崧盛股份:董事会战略与可持续发展委员会工作细则(2025年11月修订),议事规则/实施细则,2025-11-21,https://data.eastmoney.com/notices/detail/301002/AN202511201785022100.html
301002,崧盛股份,崧盛股份:独立董事候选人声明与承诺(代新社),独立董事候选人声明,2025-11-21,https://data.eastmoney.com/notices/detail/301002/AN202511201785022096.html
301002,崧盛股份,崧盛股份:反舞弊制度(2025年11月),管理办法/制度,2025-11-21,https://data.eastmoney.com/notices/detail/301002/AN202511201785022101.html
301002,崧盛股份,崧盛股份:关于变更注册资本并修订《公司章程》的公告,公司注册资本变更,2025-11-21,https://data.eastmoney.com/notices/detail/301002/AN202511201785022086.html
301548,崇德科技,崇德科技:关于持股5%以上股东、董事减持股份预披露公告,股东/实际控制人股份减持,2025-11-21,https://data.eastmoney.com/notices/detail/301548/AN202511201785022074.html
688795,摩尔线程,摩尔线程:摩尔线程首次公开发行股票并在科创板上市发行公告,网下发行公告,2025-11-21,https://data.eastmoney.com/notices/detail/688795/AN202511201785019809.html
688795,摩尔线程,摩尔线程:中信证券股份有限公司关于摩尔线程智能科技(北京)股份有限公司首次公开发行股票并在科创板上市之参与战略配售的投资者的专项核查报告,保荐/核查意见,2025-11-21,https://data.eastmoney.com/notices/detail/688795/AN202511201785019808.html
688795,摩尔线程,摩尔线程:北京德恒律师事务所关于摩尔线程智能科技(北京)股份有限公司首次公开发行股票并在科创板上市参与战略配售的投资者核查事项的法律意见,法律意见书,2025-11-21,https://data.eastmoney.com/notices/detail/688795/AN202511201785019807.html
688795,摩尔线程,摩尔线程:摩尔线程首次公开发行股票并在科创板上市投资风险特别公告,首发投资风险特别公告,2025-11-21,https://data.eastmoney.com/notices/detail/688795/AN202511201785019805.html
001289,龙源电力,龙源电力:龙源电力集团股份有限公司关于公司2025年第八期超短期融资券发行的公告,其他,2025-11-21,https://data.eastmoney.com/notices/detail/001289/AN202511201785019790.html
001289,龙源电力,龙源电力:龙源电力集团股份有限公司关于公司2025年第九期超短期融资券发行的公告,其他,2025-11-21,https://data.eastmoney.com/notices/detail/001289/AN202511201785019774.html
603966,法兰泰克,法兰泰克:关于2024年股票期权与限制性股票激励计划回购注销部分限制性股票的实施公告,回购实施公告,2025-11-21,https://data.eastmoney.com/notices/detail/603966/AN202511201785019796.html
300503,昊志机电,昊志机电:2025年第一次临时股东大会决议公告,股东大会决议公告,2025-11-21,https://data.eastmoney.com/notices/detail/300503/AN202511201785019775.html
300503,昊志机电,昊志机电:广州市昊志机电股份有限公司2025年第一次临时股东大会法律意见书,法律意见书,2025-11-21,https://data.eastmoney.com/notices/detail/300503/AN202511201785019782.html
002271,东方雨虹,东方雨虹:关于签署《SHAREPURCHASEAGREEMENTANDOTHERCOVENANTS(股份购买协议及其他契约)》的公告,签订协议,2025-11-21,https://data.eastmoney.com/notices/detail/002271/AN202511201785019786.html
002431,ST棕榈,棕榈股份:2025年第五次临时股东会决议公告,股东大会决议公告,2025-11-21,https://data.eastmoney.com/notices/detail/002431/AN202511201785019780.html
300407,凯发电气,凯发电气:凯发电气第六届董事会第十七次会议决议公告,董事会决议公告,2025-11-21,https://data.eastmoney.com/notices/detail/300407/AN202511201785019777.html
300407,凯发电气,凯发电气:关于第二期限制性股票激励计划作废部分已授予尚未归属的第二类限制性股票的公告,股权激励进展公告,2025-11-21,https://data.eastmoney.com/notices/detail/300407/AN202511201785019784.html
300407,凯发电气,凯发电气:关于调整第二期限制性股票激励计划第二类限制性股票授予价格的公告,股权激励行权价（数量）调整,2025-11-21,https://data.eastmoney.com/notices/detail/300407/AN202511201785019781.html
300407,凯发电气,凯发电气:北京中伦文德(天津)律师事务所关于天津凯发电气股份有限公司第二期限制性股票授予价格调整、第一个归属期归属条件成就及部分限制性股票作废之法律意见书,法律意见书,2025-11-21,https://data.eastmoney.com/notices/detail/300407/AN202511201785019778.html
002439,启明星辰,启明星辰:关于2026年度日常关联交易预计的公告,关联交易,2025-11-21,https://data.eastmoney.com/notices/detail/002439/AN202511201785019783.html
002439,启明星辰,启明星辰:启明星辰第六届董事会第十三次会议决议公告,董事会决议公告,2025-11-21,https://data.eastmoney.com/notices/detail/002439/AN202511201785019779.html
002439,启明星辰,启明星辰:中信建投证券股份有限公司关于启明星辰信息技术集团股份有限公司2026年度日常关联交易预计的核查意见,保荐/核查意见,2025-11-21,https://data.eastmoney.com/notices/detail/002439/AN202511201785019788.html
300407,凯发电气,凯发电气:薪酬与考核委员会会议决议,其他,2025-11-21,https://data.eastmoney.com/notices/detail/300407/AN202511201785019789.html
002439,启明星辰,启明星辰:关于召开2025年第四次临时股东大会的通知,召开股东大会通知,2025-11-21,https://data.eastmoney.com/notices/detail/002439/AN202511201785019776.html
002439,启明星辰,启明星辰:启明星辰第六届董事会2025年第三次独立董事专门会议的审查意见,专项说明/独立意见,2025-11-21,https://data.eastmoney.com/notices/detail/002439/AN202511201785019772.html
300407,凯发电气,凯发电气:关于第二期限制性股票激励计划第一个归属期归属条件成就的公告,股权激励进展公告,2025-11-21,https://data.eastmoney.com/notices/detail/300407/AN202511201785019785.html
002431,ST棕榈,棕榈股份:棕榈股份2025年第五次临时股东会法律意见书,法律意见书,2025-11-21,https://data.eastmoney.com/notices/detail/002431/AN202511201785019773.html
000908,石药景峰,*ST景峰:关于公司召开第一次债权人会议的提示性公告,资产重组债权人会议,2025-11-21,https://data.eastmoney.com/notices/detail/000908/AN202511201785013656.html
600373,中文传媒,中文传媒:中文传媒2025年度第四期和第五期超短期融资券发行情况的公告,其他,2025-11-21,https://data.eastmoney.com/notices/detail/600373/AN202511201785013652.html
301216,万凯新材,万凯新材:关于公司及相关人员收到中国证券监督管理委员会浙江监管局警示函的公告,警示函公告,2025-11-21,https://data.eastmoney.com/notices/detail/301216/AN202511201785013642.html
300201,海伦哲,海伦哲:关于股东减持计划期限届满暨未实施减持的公告,股东/实际控制人股份减持,2025-11-21,https://data.eastmoney.com/notices/detail/300201/AN202511201785013641.html
603092,德力佳,德力佳:股票交易异常波动公告,股票交易异常波动,2025-11-21,https://data.eastmoney.com/notices/detail/603092/AN202511201785013638.html
603122,合富中国,合富中国:合富中国股票交易风险提示公告,风险提示性公告,2025-11-21,https://data.eastmoney.com/notices/detail/603122/AN202511201785013618.html
300484,蓝海华腾,蓝海华腾:关于持股5%以上股东、董事减持计划期间届满的公告,股东/实际控制人股份减持,2025-11-21,https://data.eastmoney.com/notices/detail/300484/AN202511201785013613.html
300462,ST华铭,ST华铭:关于“华铭定转”即将到期及停止转让的第三次提示性公告,其他,2025-11-21,https://data.eastmoney.com/notices/detail/300462/AN202511201785013614.html
002586,ST围海,*ST围海:关于签订重大合同的公告,重大合同,2025-11-21,https://data.eastmoney.com/notices/detail/002586/AN202511201785013601.html
603955,大千生态,大千生态:大千生态关于向特定对象发行股票申请文件的审核问询函回复的提示性公告,回复问询函公告,2025-11-21,https://data.eastmoney.com/notices/detail/603955/AN202511201785013581.html
603955,大千生态,大千生态:关于大千生态环境集团股份有限公司向特定对象发行股票申请文件的审核问询函的回复,回复问询函公告,2025-11-21,https://data.eastmoney.com/notices/detail/603955/AN202511201785013584.html
603955,大千生态,大千生态:天衡会计师事务所(特殊普通合伙)关于大千生态环境集团股份有限公司向特定对象发行股票申请文件的审核问询函的回复,会计师事务所问询函回复公告,2025-11-21,https://data.eastmoney.com/notices/detail/603955/AN202511201785013582.html
603955,大千生态,大千生态:上海市锦天城律师事务所关于大千生态环境集团股份有限公司2025年度向特定对象发行A股股票的补充法律意见书(一),法律意见书,2025-11-21,https://data.eastmoney.com/notices/detail/603955/AN202511201785013583.html
688072,拓荆科技,拓荆科技:股东大宗交易减持股份计划公告,股东/实际控制人股份减持,2025-11-21,https://data.eastmoney.com/notices/detail/688072/AN202511201785013580.html
300739,明阳电路,明阳电路:关于提前赎回“明电转02”的公告,其他,2025-11-21,https://data.eastmoney.com/notices/detail/300739/AN202511201785011342.html
300739,明阳电路,明阳电路:第四届董事会第十次会议决议公告,董事会决议公告,2025-11-21,https://data.eastmoney.com/notices/detail/300739/AN202511201785011344.html
300739,明阳电路,明阳电路:北京市中伦(深圳)律师事务所关于深圳明阳电路科技股份有限公司可转换公司债券提前赎回的法律意见书,法律意见书,2025-11-21,https://data.eastmoney.com/notices/detail/300739/AN202511201785011346.html
001311,多利科技,多利科技:独立董事工作制度(2025年11月),管理办法/制度,2025-11-21,https://data.eastmoney.com/notices/detail/001311/AN202511201785011326.html
001311,多利科技,多利科技:信息披露暂缓、豁免管理制度(2025年11月),管理办法/制度,2025-11-21,https://data.eastmoney.com/notices/detail/001311/AN202511201785011321.html
001311,多利科技,多利科技:董事会审计委员会工作细则(2025年11月),议事规则/实施细则,2025-11-21,https://data.eastmoney.com/notices/detail/001311/AN202511201785011314.html
001311,多利科技,多利科技:关于召开2025年第二次临时股东会的通知,召开股东大会通知,2025-11-21,https://data.eastmoney.com/notices/detail/001311/AN202511201785011329.html
001311,多利科技,多利科技:第二届董事会第二十六次会议决议公告,高管人员任职变动,2025-11-21,https://data.eastmoney.com/notices/detail/001311/AN202511201785011303.html
001311,多利科技,多利科技:对外投资决策制度(2025年11月),管理办法/制度,2025-11-21,https://data.eastmoney.com/notices/detail/001311/AN202511201785011327.html
001311,多利科技,多利科技:关联交易决策制度(2025年11月),管理办法/制度,2025-11-21,https://data.eastmoney.com/notices/detail/001311/AN202511201785011301.html
001311,多利科技,多利科技:关于修订公司部分制度的公告,管理办法/制度,2025-11-21,https://data.eastmoney.com/notices/detail/001311/AN202511201785011310.html
001311,多利科技,多利科技:董事、高级管理人员离职管理制度(2025年11月),管理办法/制度,2025-11-21,https://data.eastmoney.com/notices/detail/001311/AN202511201785011323.html
001311,多利科技,多利科技:滁州多利汽车科技股份有限公司章程(2025年11月),公司章程,2025-11-21,https://data.eastmoney.com/notices/detail/001311/AN202511201785011307.html
001311,多利科技,多利科技:内部审计制度(2025年11月),管理办法/制度,2025-11-21,https://data.eastmoney.com/notices/detail/001311/AN202511201785011322.html
001311,多利科技,多利科技:股东会议事规则(2025年11月),议事规则/实施细则,2025-11-21,https://data.eastmoney.com/notices/detail/001311/AN202511201785011335.html
002032,苏泊尔,苏泊尔:关于子公司股权划转事项的进展公告,其他,2025-11-21,https://data.eastmoney.com/notices/detail/002032/AN202511201785011313.html
001311,多利科技,多利科技:上市公司独立董事候选人声明与承诺(史海昇),独立董事候选人声明,2025-11-21,https://data.eastmoney.com/notices/detail/001311/AN202511201785011304.html
301043,绿岛风,绿岛风:2025年第四次临时股东会的法律意见书,法律意见书,2025-11-21,https://data.eastmoney.com/notices/detail/301043/AN202511201785011312.html
001311,多利科技,多利科技:募集资金管理制度(2025年11月),管理办法/制度,2025-11-21,https://data.eastmoney.com/notices/detail/001311/AN202511201785011325.html
001311,多利科技,多利科技:上市公司独立董事提名人声明与承诺(汤晓建),独立董事提名人声明,2025-11-21,https://data.eastmoney.com/notices/detail/001311/AN202511201785011302.html
001311,多利科技,多利科技:内幕信息知情人登记制度(2025年11月),管理办法/制度,2025-11-21,https://data.eastmoney.com/notices/detail/001311/AN202511201785011311.html
001311,多利科技,多利科技:上市公司独立董事候选人声明与承诺(罗亮),独立董事候选人声明,2025-11-21,https://data.eastmoney.com/notices/detail/001311/AN202511201785011334.html
001311,多利科技,多利科技:董事会议事规则(2025年11月),议事规则/实施细则,2025-11-21,https://data.eastmoney.com/notices/detail/001311/AN202511201785011297.html
001311,多利科技,多利科技:独立董事专门会议工作细则(2025年11月),议事规则/实施细则,2025-11-21,https://data.eastmoney.com/notices/detail/001311/AN202511201785011328.html
001311,多利科技,多利科技:上市公司独立董事候选人声明与承诺(汤晓建),独立董事候选人声明,2025-11-21,https://data.eastmoney.com/notices/detail/001311/AN202511201785011308.html
001311,多利科技,多利科技:董事会秘书工作制度(2025年11月),管理办法/制度,2025-11-21,https://data.eastmoney.com/notices/detail/001311/AN202511201785011296.html
001311,多利科技,多利科技:投资者关系管理制度(2025年11月),管理办法/制度,2025-11-21,https://data.eastmoney.com/notices/detail/001311/AN202511201785011295.html
001311,多利科技,多利科技:防范大股东及其关联方占用公司资金的制度(2025年11月),管理办法/制度,2025-11-21,https://data.eastmoney.com/notices/detail/001311/AN202511201785011330.html
001311,多利科技,多利科技:对外担保管理制度(2025年11月),管理办法/制度,2025-11-21,https://data.eastmoney.com/notices/detail/001311/AN202511201785011331.html
001311,多利科技,多利科技:互动易平台信息发布及回复内部审核制度(2025年11月),管理办法/制度,2025-11-21,https://data.eastmoney.com/notices/detail/001311/AN202511201785011305.html
001311,多利科技,多利科技:董事、高级管理人员薪酬管理制度(2025年11月),管理办法/制度,2025-11-21,https://data.eastmoney.com/notices/detail/001311/AN202511201785011337.html
001311,多利科技,多利科技:会计师事务所选聘制度(2025年11月),管理办法/制度,2025-11-21,https://data.eastmoney.com/notices/detail/001311/AN202511201785011300.html
301043,绿岛风,绿岛风:2025年第四次临时股东会决议公告,股东大会决议公告,2025-11-21,https://data.eastmoney.com/notices/detail/301043/AN202511201785011306.html
001311,多利科技,多利科技:关于变更注册资本、修订《公司章程》并办理工商登记的公告,公司注册资本变更,2025-11-21,https://data.eastmoney.com/notices/detail/001311/AN202511201785011317.html
001311,多利科技,多利科技:董事会薪酬与考核委员会工作细则(2025年11月),议事规则/实施细则,2025-11-21,https://data.eastmoney.com/notices/detail/001311/AN202511201785011320.html
001311,多利科技,多利科技:第二届监事会第二十一次会议决议公告,监事会决议公告,2025-11-21,https://data.eastmoney.com/notices/detail/001311/AN202511201785011298.html
001311,多利科技,多利科技:关于董事会换届选举的公告,高管人员任职变动,2025-11-21,https://data.eastmoney.com/notices/detail/001311/AN202511201785011333.html
001311,多利科技,多利科技:重大信息内部报告制度(2025年11月),管理办法/制度,2025-11-21,https://data.eastmoney.com/notices/detail/001311/AN202511201785011319.html
001311,多利科技,多利科技:董事会战略委员会工作细则(2025年11月),议事规则/实施细则,2025-11-21,https://data.eastmoney.com/notices/detail/001311/AN202511201785011309.html
001311,多利科技,多利科技:信息披露管理制度(2025年11月),管理办法/制度,2025-11-21,https://data.eastmoney.com/notices/detail/001311/AN202511201785011324.html
001311,多利科技,多利科技:董事会提名委员会工作细则(2025年11月),议事规则/实施细则,2025-11-21,https://data.eastmoney.com/notices/detail/001311/AN202511201785011318.html
001311,多利科技,多利科技:上市公司独立董事提名人声明与承诺(罗亮),独立董事提名人声明,2025-11-21,https://data.eastmoney.com/notices/detail/001311/AN202511201785011299.html
301043,绿岛风,绿岛风:关于选举职工代表董事的公告,高管人员任职变动,2025-11-21,https://data.eastmoney.com/notices/detail/301043/AN202511201785011315.html
001311,多利科技,多利科技:累积投票制实施细则(2025年11月),议事规则/实施细则,2025-11-21,https://data.eastmoney.com/notices/detail/001311/AN202511201785011316.html
001311,多利科技,多利科技:总经理工作细则(2025年11月),议事规则/实施细则,2025-11-21,https://data.eastmoney.com/notices/detail/001311/AN202511201785011336.html
001311,多利科技,多利科技:上市公司独立董事提名人声明与承诺(史海昇),独立董事提名人声明,2025-11-21,https://data.eastmoney.com/notices/detail/001311/AN202511201785011332.html
002600,领益智造,领益智造:关于向香港联交所递交H股发行上市申请并刊发申请资料的公告,其他,2025-11-21,https://data.eastmoney.com/notices/detail/002600/AN202511201785011292.html
301257,普蕊斯,普蕊斯:2025年前三季度权益分派实施公告,分配方案实施,2025-11-21,https://data.eastmoney.com/notices/detail/301257/AN202511201785011291.html
300868,杰美特,杰美特:关于筹划重大资产重组的进展公告,重组进展公告,2025-11-21,https://data.eastmoney.com/notices/detail/300868/AN202511201785008047.html
001277,速达股份,速达股份:国信证券关于速达股份增加2025年度日常关联交易额度预计的核查意见,保荐/核查意见,2025-11-21,https://data.eastmoney.com/notices/detail/001277/AN202511201785008045.html
002795,永和智控,永和智控:关于公开挂牌转让普乐新能源科技(泰兴)有限公司51%股权及债权的进展公告,股权转让,2025-11-21,https://data.eastmoney.com/notices/detail/002795/AN202511201785008043.html
002795,永和智控,永和智控:关于控股股东、实际控制人所持公司部分股份解除司法冻结及被司法再冻结的公告,股份质押、冻结,2025-11-21,https://data.eastmoney.com/notices/detail/002795/AN202511201785008042.html
000609,*ST中迪,ST中迪:中迪投资关于公司股票交易异常波动的公告,股票交易异常波动,2025-11-21,https://data.eastmoney.com/notices/detail/000609/AN202511201785008048.html
001277,速达股份,速达股份:第四届董事会第十三次会议决议公告,董事会决议公告,2025-11-21,https://data.eastmoney.com/notices/detail/001277/AN202511201785008044.html
001277,速达股份,速达股份:关于增加2025年度日常关联交易额度预计的公告,关联交易,2025-11-21,https://data.eastmoney.com/notices/detail/001277/AN202511201785008046.html
600704,物产中大,物产中大:物产中大关于2025年度第十一期超短期融资券发行情况的公告,其他,2025-11-21,https://data.eastmoney.com/notices/detail/600704/AN202511201785008031.html
001236,弘业期货,弘业期货:关于参加江苏省苏豪控股集团有限公司控股上市公司集体投资者交流会暨召开2025年第三季度业绩说明会的公告,其他,2025-11-21,https://data.eastmoney.com/notices/detail/001236/AN202511201785007998.html
600250,南京商旅,南京商旅:南京商旅关于控股股东重组完成的公告,其他,2025-11-21,https://data.eastmoney.com/notices/detail/600250/AN202511201785007976.html
000062,深圳华强,深圳华强:关于控股股东面向专业投资者非公开发行可交换公司债券换股价格调整的提示性公告,产品价格调整,2025-11-21,https://data.eastmoney.com/notices/detail/000062/AN202511201785007981.html
600250,南京商旅,南京商旅:南京商旅简式权益变动报告书,权益变动报告书,2025-11-21,https://data.eastmoney.com/notices/detail/600250/AN202511201785007975.html
688183,生益电子,生益电子:生益电子股东减持股份计划公告,股东/实际控制人股份减持,2025-11-21,https://data.eastmoney.com/notices/detail/688183/AN202511201785007968.html
603596,伯特利,伯特利:伯特利关于公司提起诉讼事项的公告,诉讼仲裁,2025-11-21,https://data.eastmoney.com/notices/detail/603596/AN202511201785006752.html
603333,福华尚纬,尚纬股份:尚纬股份有限公司关于公司股东权益变动触及5%刻度及提前终止减持计划暨减持股份结果公告,权益变动报告书,2025-11-21,https://data.eastmoney.com/notices/detail/603333/AN202511201785006674.html
603333,福华尚纬,尚纬股份:尚纬股份有限公司关于变更签字会计师的公告,公司关联方基本资料变更,2025-11-21,https://data.eastmoney.com/notices/detail/603333/AN202511201785006673.html
603333,福华尚纬,尚纬股份:尚纬股份有限公司简式权益变动报告(李广元),权益变动报告书,2025-11-21,https://data.eastmoney.com/notices/detail/603333/AN202511201785006675.html
603333,福华尚纬,尚纬股份:尚纬股份有限公司关于为全资子公司担保的公告,提供/对外担保公告,2025-11-21,https://data.eastmoney.com/notices/detail/603333/AN202511201785006672.html
000700,模塑科技,模塑科技:2025年第二次临时股东大会法律意见书,法律意见书,2025-11-21,https://data.eastmoney.com/notices/detail/000700/AN202511201785006665.html
000700,模塑科技,模塑科技:模塑科技2025年第二次临时股东会决议公告,分配方案决议公告,2025-11-21,https://data.eastmoney.com/notices/detail/000700/AN202511201785006663.html
001965,招商公路,招商公路:关于公司持股5%以上股东部分股份质押公告,股份质押、冻结,2025-11-21,https://data.eastmoney.com/notices/detail/001965/AN202511201785006664.html
300344,立方退,ST立方:关于立案调查事项进展暨风险提示的公告,违法违规,2025-11-21,https://data.eastmoney.com/notices/detail/300344/AN202511201785006660.html
603686,福龙马,福龙马:关于控股股东、实际控制人权益变动触及1%整数倍的提示性公告,权益变动报告书,2025-11-21,https://data.eastmoney.com/notices/detail/603686/AN202511201785005648.html
603588,高能环境,高能环境:高能环境关于为全资子公司及控股子公司提供担保的公告,提供/对外担保公告,2025-11-21,https://data.eastmoney.com/notices/detail/603588/AN202511201785005638.html
600008,首创环保,首创环保:北京天达共和律师事务所关于北京首创生态环保集团股份有限公司2025年第四次临时股东会召开之法律意见书,法律意见书,2025-11-21,https://data.eastmoney.com/notices/detail/600008/AN202511201785005633.html
600008,首创环保,首创环保:首创环保2025年第四次临时股东会决议公告,分配方案决议公告,2025-11-21,https://data.eastmoney.com/notices/detail/600008/AN202511201785005632.html
601368,绿城水务,绿城水务:广西绿城水务集团股份有限公司内幕信息知情人登记制度(2025年11月修订),管理办法/制度,2025-11-21,https://data.eastmoney.com/notices/detail/601368/AN202511201785005092.html
601368,绿城水务,绿城水务:广西绿城水务集团股份有限公司董事会秘书工作制度(2025年11月修订),管理办法/制度,2025-11-21,https://data.eastmoney.com/notices/detail/601368/AN202511201785005091.html
600354,敦煌种业,敦煌种业:甘肃省敦煌种业集团股份有限公司2025年第一次临时股东大会决议公告,股东大会决议公告,2025-11-21,https://data.eastmoney.com/notices/detail/600354/AN202511201785004484.html
600354,敦煌种业,敦煌种业:甘肃省敦煌种业集团股份有限公司关于召开2025年第三季度业绩说明会的公告,其他,2025-11-21,https://data.eastmoney.com/notices/detail/600354/AN202511201785004486.html
600354,敦煌种业,敦煌种业:上海市汇业(兰州)律师事务所关于甘肃省敦煌种业集团股份有限公司2025年第一次临时股东大会的法律意见书,法律意见书,2025-11-21,https://data.eastmoney.com/notices/detail/600354/AN202511201785004485.html
601872,招商轮船,招商轮船:招商轮船高级管理人员股权激励所获股票减持结果的公告,股东/实际控制人股份减持,2025-11-21,https://data.eastmoney.com/notices/detail/601872/AN202511201785004302.html
601866,中远海发,中远海发:H股公告:翌日披露报表,其他,2025-11-21,https://data.eastmoney.com/notices/detail/601866/AN202511201785000140.html
688062,迈威生物,迈威生物:迈威生物关于发行境外上市外资股(H股)获得中国证监会备案的公告,其他,2025-11-21,https://data.eastmoney.com/notices/detail/688062/AN202511201785002933.html
000166,申万宏源,申万宏源:关于申万宏源证券有限公司2025年面向专业投资者公开发行次级债券(第二期)在深圳证券交易所上市的公告,其他,2025-11-21,https://data.eastmoney.com/notices/detail/000166/AN202511201785000124.html
601825,沪农商行,沪农商行:上海农村商业银行股份有限公司2025年第一次临时股东会决议公告,股东大会决议公告,2025-11-21,https://data.eastmoney.com/notices/detail/601825/AN202511201785000099.html
601825,沪农商行,沪农商行:关于上海农村商业银行股份有限公司2025年第一次临时股东会的法律意见书,法律意见书,2025-11-21,https://data.eastmoney.com/notices/detail/601825/AN202511201785000098.html
688297,中无人机,中无人机:中无人机独立董事工作制度(2025年11月),管理办法/制度,2025-11-21,https://data.eastmoney.com/notices/detail/688297/AN202511201785000088.html
688297,中无人机,中无人机:北京市嘉源律师事务所关于中航(成都)无人机系统股份有限公司2025年第二次临时股东大会的法律意见书,法律意见书,2025-11-21,https://data.eastmoney.com/notices/detail/688297/AN202511201785000092.html
688297,中无人机,中无人机:中无人机累积投票制度实施细则(2025年11月),议事规则/实施细则,2025-11-21,https://data.eastmoney.com/notices/detail/688297/AN202511201785000091.html
688297,中无人机,中无人机:中无人机公司章程(2025年11月),公司章程,2025-11-21,https://data.eastmoney.com/notices/detail/688297/AN202511201785000087.html
688297,中无人机,中无人机:中无人机董事会议事规则(2025年11月),议事规则/实施细则,2025-11-21,https://data.eastmoney.com/notices/detail/688297/AN202511201785000090.html
688297,中无人机,中无人机:中无人机股东会议事规则(2025年11月),议事规则/实施细则,2025-11-21,https://data.eastmoney.com/notices/detail/688297/AN202511201785000093.html
688297,中无人机,中无人机:中无人机2025年第二次临时股东大会决议公告,股东大会决议公告,2025-11-21,https://data.eastmoney.com/notices/detail/688297/AN202511201785000089.html
688655,迅捷兴,迅捷兴:第四届董事会第六次会议决议,董事会决议公告,2025-11-21,https://data.eastmoney.com/notices/detail/688655/AN202511201785000082.html
688655,迅捷兴,迅捷兴:2025年第三次临时股东会通知,召开股东大会通知,2025-11-21,https://data.eastmoney.com/notices/detail/688655/AN202511201785000080.html
688655,迅捷兴,迅捷兴:关于续聘会计师事务所的公告,审计机构变更,2025-11-21,https://data.eastmoney.com/notices/detail/688655/AN202511201785000079.html
688655,迅捷兴,迅捷兴:关于向全资子公司增资的公告,增资扩股,2025-11-21,https://data.eastmoney.com/notices/detail/688655/AN202511201785000081.html
603206,嘉环科技,嘉环科技:关于控股股东、实际控制人及其一致行动人权益变动触及1%刻度暨减持股份结果公告,权益变动报告书,2025-11-21,https://data.eastmoney.com/notices/detail/603206/AN202511201785000076.html
000788,北大医药,北大医药:关于持股5%以上股东减持公司股份比例触及1%整数倍的公告,股东/实际控制人股份减持,2025-11-21,https://data.eastmoney.com/notices/detail/000788/AN202511201784998236.html
300142,沃森生物,沃森生物:关于注销部分募集资金专用账户的公告,募集资金使用情况报告,2025-11-21,https://data.eastmoney.com/notices/detail/300142/AN202511201784998235.html
002615,哈尔斯,哈尔斯:关于完成工商变更登记的公告,公司经营范围变更,2025-11-21,https://data.eastmoney.com/notices/detail/002615/AN202511201784998234.html
600651,飞乐音响,飞乐音响:飞乐音响第十三届董事会第十一次会议决议公告,高管人员任职变动,2025-11-21,https://data.eastmoney.com/notices/detail/600651/AN202511201784998229.html
600651,飞乐音响,飞乐音响:飞乐音响2025年第二次临时股东会决议公告,股东大会决议公告,2025-11-21,https://data.eastmoney.com/notices/detail/600651/AN202511201784998227.html
600651,飞乐音响,飞乐音响:飞乐音响2025年第二次临时股东会的法律意见书,法律意见书,2025-11-21,https://data.eastmoney.com/notices/detail/600651/AN202511201784998228.html
600821,金开新能,金开新能:关于2025年第三季度业绩说明会召开情况的公告,其他,2025-11-21,https://data.eastmoney.com/notices/detail/600821/AN202511201784998226.html
603261,立航科技,*ST立航:投资者关系管理制度(2025年11月修订),管理办法/制度,2025-11-21,https://data.eastmoney.com/notices/detail/603261/AN202511201784998189.html
603261,立航科技,*ST立航:信息披露管理制度(2025年11月修订),管理办法/制度,2025-11-21,https://data.eastmoney.com/notices/detail/603261/AN202511201784998198.html
603261,立航科技,*ST立航:董事、高级管理人员所持本公司股份及其变动管理制度(2025年11月修订),管理办法/制度,2025-11-21,https://data.eastmoney.com/notices/detail/603261/AN202511201784998183.html
603261,立航科技,*ST立航:重大信息内部报告制度(2025年11月修订),管理办法/制度,2025-11-21,https://data.eastmoney.com/notices/detail/603261/AN202511201784998202.html
603261,立航科技,*ST立航:成都立航科技股份有限公司章程(2025年11月修订),公司章程修订,2025-11-21,https://data.eastmoney.com/notices/detail/603261/AN202511201784998207.html
603261,立航科技,*ST立航:董事会提名委员会议事规则(2025年11月修订),议事规则/实施细则,2025-11-21,https://data.eastmoney.com/notices/detail/603261/AN202511201784998192.html
603261,立航科技,*ST立航:成都立航科技股份有限公司第三届董事会第十二次会议决议的公告,董事会决议公告,2025-11-21,https://data.eastmoney.com/notices/detail/603261/AN202511201784998186.html
603261,立航科技,*ST立航:独立董事制度(2025年11月修订),管理办法/制度,2025-11-21,https://data.eastmoney.com/notices/detail/603261/AN202511201784998194.html
603261,立航科技,*ST立航:成都立航科技股份有限公司关于撤销监事会、修订公司章程及修订和制定部分公司治理制度的公告,公司章程修订,2025-11-21,https://data.eastmoney.com/notices/detail/603261/AN202511201784998185.html
603261,立航科技,*ST立航:自愿信息披露管理制度(2025年11月),管理办法/制度,2025-11-21,https://data.eastmoney.com/notices/detail/603261/AN202511201784998191.html
603261,立航科技,*ST立航:利润分配管理制度(2025年11月修订),管理办法/制度,2025-11-21,https://data.eastmoney.com/notices/detail/603261/AN202511201784998199.html
603261,立航科技,*ST立航:对外担保管理制度(2025年11月修订),管理办法/制度,2025-11-21,https://data.eastmoney.com/notices/detail/603261/AN202511201784998205.html
603261,立航科技,*ST立航:董事、高级管理人员离任管理制度(2025年11月),管理办法/制度,2025-11-21,https://data.eastmoney.com/notices/detail/603261/AN202511201784998206.html
603261,立航科技,*ST立航:累计投票制实施细则(2025年11月修订),议事规则/实施细则,2025-11-21,https://data.eastmoney.com/notices/detail/603261/AN202511201784998208.html
603261,立航科技,*ST立航:股东会议事规则(2025年11月修订),议事规则/实施细则,2025-11-21,https://data.eastmoney.com/notices/detail/603261/AN202511201784998187.html
603261,立航科技,*ST立航:防范控股股东及关联方占用公司资金管理制度(2025年11月修订),管理办法/制度,2025-11-21,https://data.eastmoney.com/notices/detail/603261/AN202511201784998196.html
603261,立航科技,*ST立航:董事会薪酬与考核委员会议事规则(2025年11月修订),议事规则/实施细则,2025-11-21,https://data.eastmoney.com/notices/detail/603261/AN202511201784998190.html
603261,立航科技,*ST立航:关联交易管理制度(2025年11月修订),管理办法/制度,2025-11-21,https://data.eastmoney.com/notices/detail/603261/AN202511201784998209.html
603261,立航科技,*ST立航:成都立航科技股份有限公司第三届监事会第十次会议决议的公告,监事会决议公告,2025-11-21,https://data.eastmoney.com/notices/detail/603261/AN202511201784998200.html
603261,立航科技,*ST立航:董事会议事规则(2025年11月修订),议事规则/实施细则,2025-11-21,https://data.eastmoney.com/notices/detail/603261/AN202511201784998193.html
603261,立航科技,*ST立航:对外投资管理制度(2025年11月修订),管理办法/制度,2025-11-21,https://data.eastmoney.com/notices/detail/603261/AN202511201784998195.html
603261,立航科技,*ST立航:募集资金管理制度(2025年11月修订),管理办法/制度,2025-11-21,https://data.eastmoney.com/notices/detail/603261/AN202511201784998188.html
603261,立航科技,*ST立航:信息披露暂缓与豁免管理制度(2025年11月),管理办法/制度,2025-11-21,https://data.eastmoney.com/notices/detail/603261/AN202511201784998204.html
603261,立航科技,*ST立航:成都立航科技股份有限公司关于召开2025年第二次临时股东大会的通知,召开股东大会通知,2025-11-21,https://data.eastmoney.com/notices/detail/603261/AN202511201784998201.html
603261,立航科技,*ST立航:董事会战略委员会议事规则(2025年11月修订),议事规则/实施细则,2025-11-21,https://data.eastmoney.com/notices/detail/603261/AN202511201784998203.html
603261,立航科技,*ST立航:董事会秘书工作制度(2025年11月修订),管理办法/制度,2025-11-21,https://data.eastmoney.com/notices/detail/603261/AN202511201784998184.html
603261,立航科技,*ST立航:内幕信息知情人登记管理制度(2025年11月修订),管理办法/制度,2025-11-21,https://data.eastmoney.com/notices/detail/603261/AN202511201784998210.html
603261,立航科技,*ST立航:董事会审计委员会议事规则(2025年11月修订),议事规则/实施细则,2025-11-21,https://data.eastmoney.com/notices/detail/603261/AN202511201784998197.html
688050,爱博医疗,爱博医疗:688050爱博医疗关于召开2025年第三季度业绩说明会的公告,其他,2025-11-21,https://data.eastmoney.com/notices/detail/688050/AN202511201784998175.html
000159,国际实业,国际实业:关于公司高级管理人员辞职的公告,高管人员任职变动,2025-11-21,https://data.eastmoney.com/notices/detail/000159/AN202511201784998166.html
601168,西部矿业,西部矿业:西部矿业2025年面向专业投资者公开发行科技创新公司债券(支持西部大开发)(第二期)发行结果的公告,其他,2025-11-21,https://data.eastmoney.com/notices/detail/601168/AN202511201784998157.html
600993,马应龙,马应龙:马应龙2025年第一次临时股东大会法律意见书,法律意见书,2025-11-21,https://data.eastmoney.com/notices/detail/600993/AN202511201784995251.html
600993,马应龙,马应龙:马应龙2025年第一次临时股东大会决议公告,股东大会决议公告,2025-11-21,https://data.eastmoney.com/notices/detail/600993/AN202511201784995252.html
688105,诺唯赞,诺唯赞:北京市天元律师事务所关于南京诺唯赞生物科技股份有限公司2025年第一次临时股东会的法律意见,法律意见书,2025-11-21,https://data.eastmoney.com/notices/detail/688105/AN202511201784995234.html
688105,诺唯赞,诺唯赞:诺唯赞关于选举职工董事的公告,高管人员任职变动,2025-11-21,https://data.eastmoney.com/notices/detail/688105/AN202511201784995235.html
688105,诺唯赞,诺唯赞:2025年第一次临时股东会决议公告,股东大会决议公告,2025-11-21,https://data.eastmoney.com/notices/detail/688105/AN202511201784995236.html
300629,新劲刚,新劲刚:关于聘任会计师事务所的公告,审计机构变更,2025-11-21,https://data.eastmoney.com/notices/detail/300629/AN202511201784995233.html
300629,新劲刚,新劲刚:第五届董事会第十次会议决议公告,董事会决议公告,2025-11-21,https://data.eastmoney.com/notices/detail/300629/AN202511201784995232.html
601969,海南矿业,海南矿业:海南矿业股份有限公司关于5%以上股东减持股份计划公告,股东/实际控制人股份减持,2025-11-21,https://data.eastmoney.com/notices/detail/601969/AN202511201784995206.html
605099,共创草坪,共创草坪:关于股权激励限制性股票回购注销实施的公告,回购实施公告,2025-11-21,https://data.eastmoney.com/notices/detail/605099/AN202511201784995178.html
605099,共创草坪,共创草坪:北京大成(南京)律师事务所关于江苏共创人造草坪股份有限公司2024年股票期权与限制性股票激励计划实施回购注销部分限制性股票的法律意见书,法律意见书,2025-11-21,https://data.eastmoney.com/notices/detail/605099/AN202511201784995177.html
601566,九牧王,九牧王:九牧王关于股票交易严重异常波动暨风险提示公告,股票交易异常波动,2025-11-21,https://data.eastmoney.com/notices/detail/601566/AN202511201784995170.html
603737,三棵树,三棵树:关于第四期员工持股计划出售完毕暨终止的公告,员工持股计划,2025-11-21,https://data.eastmoney.com/notices/detail/603737/AN202511201784993354.html
000785,居然智家,居然智家:关于公司及子公司2025年度担保的进展公告,其他担保公告,2025-11-21,https://data.eastmoney.com/notices/detail/000785/AN202511201784993353.html
603638,艾迪精密,艾迪精密:艾迪精密第五届董事会第十一次会议决议公告,董事会决议公告,2025-11-21,https://data.eastmoney.com/notices/detail/603638/AN202511201784993277.html
603638,艾迪精密,艾迪精密:艾迪精密关于向下修正“艾迪转债”转股价格暨转股停复牌的公告,停牌公告,2025-11-21,https://data.eastmoney.com/notices/detail/603638/AN202511201784993274.html
603638,艾迪精密,艾迪精密:艾迪精密-2025年第二次临时股东会法律意见书,法律意见书,2025-11-21,https://data.eastmoney.com/notices/detail/603638/AN202511201784993276.html
603638,艾迪精密,艾迪精密:艾迪精密关于以集中竞价交易方式回购股份预案的公告,回购预案,2025-11-21,https://data.eastmoney.com/notices/detail/603638/AN202511201784993275.html
603638,艾迪精密,艾迪精密:艾迪精密2025年第二次临时股东会决议公告,分配方案决议公告,2025-11-21,https://data.eastmoney.com/notices/detail/603638/AN202511201784993273.html
000803,山高环能,山高环能:关于获得政府补助的公告,获得补贴（资助）,2025-11-21,https://data.eastmoney.com/notices/detail/000803/AN202511201784990955.html
600604,市北高新,市北高新:市北高新关于参与投资设立中保投信思创(嘉兴)股权投资合伙企业(有限合伙)的公告,投资设立公司,2025-11-21,https://data.eastmoney.com/notices/detail/600604/AN202511201784990941.html
600189,泉阳泉,泉阳泉:关于控股子公司已中标项目的进展公告,其他,2025-11-21,https://data.eastmoney.com/notices/detail/600189/AN202511201784990946.html
601919,中远海控,中远海控:中远海控H股公告:翌日披露报表,其他,2025-11-21,https://data.eastmoney.com/notices/detail/601919/AN202511201784990943.html
603825,ST华扬,ST华扬:华扬联众数字技术股份有限公司关于向控股股东提供反担保暨关联交易的进展公告,提供/对外担保公告,2025-11-21,https://data.eastmoney.com/notices/detail/603825/AN202511201784990889.html
603172,万丰股份,万丰股份:关于特定股东减持股份计划的公告,股东/实际控制人股份减持,2025-11-21,https://data.eastmoney.com/notices/detail/603172/AN202511201784990888.html
000977,浪潮信息,浪潮信息:关于公司2025年度第七期超短期融资券发行情况公告,其他,2025-11-21,https://data.eastmoney.com/notices/detail/000977/AN202511201784990882.html
002960,青鸟智控,青鸟消防:关于公司股东部分股份质押及解除质押的公告,股份质押、冻结,2025-11-21,https://data.eastmoney.com/notices/detail/002960/AN202511201784990881.html
688593,新相微,新相微:新相微2025年第一次临时股东会决议公告,股东大会决议公告,2025-11-21,https://data.eastmoney.com/notices/detail/688593/AN202511201784990873.html
688593,新相微,新相微:广东信达律师事务所关于上海新相微电子股份有限公司2025年第一次临时股东会的法律意见书,法律意见书,2025-11-21,https://data.eastmoney.com/notices/detail/688593/AN202511201784990874.html
601169,北京银行,北京银行:北京银行股份有限公司关于赎回优先股的第二次提示性公告,其他,2025-11-21,https://data.eastmoney.com/notices/detail/601169/AN202511201784990872.html
688593,新相微,新相微:新相微关于2025年限制性股票激励计划内幕信息知情人买卖公司股票情况的自查报告,自查报告,2025-11-21,https://data.eastmoney.com/notices/detail/688593/AN202511201784990870.html
603717,天域生物,天域生物:关于变更保荐机构后重新签订募集资金三方监管协议的公告,保荐代表人（机构）变更,2025-11-21,https://data.eastmoney.com/notices/detail/603717/AN202511201784990858.html
603717,天域生物,天域生物:关于公司2025年度对外担保预计的进展公告,提供/对外担保公告,2025-11-21,https://data.eastmoney.com/notices/detail/603717/AN202511201784990859.html
600887,伊利股份,伊利股份:内蒙古伊利实业集团股份有限公司2025年第一次临时股东大会会议资料,股东大会资料,2025-11-21,https://data.eastmoney.com/notices/detail/600887/AN202511201784989750.html
688143,长盈通,长盈通:长盈通2025年第二次临时股东大会法律意见书,法律意见书,2025-11-21,https://data.eastmoney.com/notices/detail/688143/AN202511201784989744.html
688143,长盈通,长盈通:2025年第二次临时股东大会决议公告,股东大会决议公告,2025-11-21,https://data.eastmoney.com/notices/detail/688143/AN202511201784989743.html
688143,长盈通,长盈通:关于选举第二届董事会职工代表董事的公告,高管人员任职变动,2025-11-21,https://data.eastmoney.com/notices/detail/688143/AN202511201784989742.html
001390,古麒绒材,古麒绒材:关于股价异动的公告,股票交易异常波动,2025-11-21,https://data.eastmoney.com/notices/detail/001390/AN202511201784989679.html
002393,力生制药,力生制药:关于公司高级管理人员减持股份预披露公告,高管人员持股变动,2025-11-21,https://data.eastmoney.com/notices/detail/002393/AN202511201784989678.html
600536,中国软件,中国软件:中信证券股份有限公司关于中国软件与技术服务股份有限公司与关联方对共同投资企业减资的关联交易的核查意见,保荐/核查意见,2025-11-21,https://data.eastmoney.com/notices/detail/600536/AN202511201784987546.html
603043,广州酒家,广州酒家:2025年第三次临时股东大会会议资料,股东大会资料,2025-11-21,https://data.eastmoney.com/notices/detail/603043/AN202511201784987547.html
603444,吉比特,吉比特:厦门吉比特网络技术股份有限公司2025年第三季度权益分派实施公告,分配方案实施,2025-11-21,https://data.eastmoney.com/notices/detail/603444/AN202511201784987534.html
603444,吉比特,吉比特:福建天衡联合律师事务所关于厦门吉比特网络技术股份有限公司差异化权益分派事项的法律意见书,法律意见书,2025-11-21,https://data.eastmoney.com/notices/detail/603444/AN202511201784987535.html
688249,晶合集成,晶合集成:晶合集成关于2023年限制性股票激励计划首次授予部分第一个归属期归属结果暨股份上市公告,限售股份上市流通,2025-11-21,https://data.eastmoney.com/notices/detail/688249/AN202511201784987533.html
688227,品高股份,品高股份:独立董事专门会议2025年第一次会议决议,高管人员任职变动,2025-11-21,https://data.eastmoney.com/notices/detail/688227/AN202511201784987528.html
688227,品高股份,品高股份:简式权益变动报告书(北京市尚高企业管理有限公司),权益变动报告书,2025-11-21,https://data.eastmoney.com/notices/detail/688227/AN202511201784987525.html
688227,品高股份,品高股份:关于变更公司总经理的公告,高管人员任职变动,2025-11-21,https://data.eastmoney.com/notices/detail/688227/AN202511201784987527.html
688227,品高股份,品高股份:简式权益变动报告书(江原聚芯、江原创芯),权益变动报告书,2025-11-21,https://data.eastmoney.com/notices/detail/688227/AN202511201784987531.html
688227,品高股份,品高股份:关于控股股东及部分股东协议转让部分股份暨权益变动的提示性公告,权益变动报告书,2025-11-21,https://data.eastmoney.com/notices/detail/688227/AN202511201784987526.html
688227,品高股份,品高股份:第四届董事会第五次会议决议公告,高管人员任职变动,2025-11-21,https://data.eastmoney.com/notices/detail/688227/AN202511201784987529.html
688227,品高股份,品高股份:关于拟对外投资暨关联交易并签署投资框架协议的公告,签订协议,2025-11-21,https://data.eastmoney.com/notices/detail/688227/AN202511201784987530.html
603058,永吉股份,永吉股份:贵州永吉印务股份有限公司董事会薪酬与考核委员会工作细则,议事规则/实施细则,2025-11-21,https://data.eastmoney.com/notices/detail/603058/AN202511201784987506.html
603058,永吉股份,永吉股份:贵州永吉印务股份有限公司董事和高级管理人员所持本公司股份及其变动管理制度,管理办法/制度,2025-11-21,https://data.eastmoney.com/notices/detail/603058/AN202511201784987508.html
603058,永吉股份,永吉股份:贵州永吉印务股份有限公司内部审计制度,管理办法/制度,2025-11-21,https://data.eastmoney.com/notices/detail/603058/AN202511201784987507.html
603058,永吉股份,永吉股份:贵州永吉印务股份有限公司独立董事专门会议工作制度,管理办法/制度,2025-11-21,https://data.eastmoney.com/notices/detail/603058/AN202511201784987495.html
603058,永吉股份,永吉股份:贵州永吉印务股份有限公司信息披露管理制度,管理办法/制度,2025-11-21,https://data.eastmoney.com/notices/detail/603058/AN202511201784987500.html
603058,永吉股份,永吉股份:贵州永吉印务股份有限公司2025年第四次临时股东大会决议公告,股东大会决议公告,2025-11-21,https://data.eastmoney.com/notices/detail/603058/AN202511201784987496.html
603058,永吉股份,永吉股份:贵州永吉印务股份有限公司市值管理制度,管理办法/制度,2025-11-21,https://data.eastmoney.com/notices/detail/603058/AN202511201784987503.html
603058,永吉股份,永吉股份:贵州永吉印务股份有限公司关于公司非独立董事辞职暨选举职工代表董事及部分专门委员会委员的公告,高管人员任职变动,2025-11-21,https://data.eastmoney.com/notices/detail/603058/AN202511201784987498.html
603058,永吉股份,永吉股份:《贵州永吉印务股份有限公司章程》(2025年10月),公司章程,2025-11-21,https://data.eastmoney.com/notices/detail/603058/AN202511201784987499.html
603058,永吉股份,永吉股份:贵州永吉印务股份有限公司董事会提名委员会工作细则,议事规则/实施细则,2025-11-21,https://data.eastmoney.com/notices/detail/603058/AN202511201784987510.html
603058,永吉股份,永吉股份:贵州永吉印务股份有限公司董事会战略委员会工作细则,议事规则/实施细则,2025-11-21,https://data.eastmoney.com/notices/detail/603058/AN202511201784987502.html
603058,永吉股份,永吉股份:北京浩天(广州)律师事务所关于贵州永吉印务股份有限公司2025年第四次临时股东大会之法律意见书,法律意见书,2025-11-21,https://data.eastmoney.com/notices/detail/603058/AN202511201784987511.html
603058,永吉股份,永吉股份:贵州永吉印务股份有限公司董事和高级管理人员离职管理制度,管理办法/制度,2025-11-21,https://data.eastmoney.com/notices/detail/603058/AN202511201784987494.html
603058,永吉股份,永吉股份:贵州永吉印务股份有限公司内幕信息知情人登记管理制度,管理办法/制度,2025-11-21,https://data.eastmoney.com/notices/detail/603058/AN202511201784987505.html
603058,永吉股份,永吉股份:贵州永吉印务股份有限公司控股子公司管理制度,管理办法/制度,2025-11-21,https://data.eastmoney.com/notices/detail/603058/AN202511201784987509.html
603058,永吉股份,永吉股份:贵州永吉印务股份有限公司信息披露暂缓与豁免管理制度,管理办法/制度,2025-11-21,https://data.eastmoney.com/notices/detail/603058/AN202511201784987501.html
603058,永吉股份,永吉股份:贵州永吉印务股份有限公司第六届董事会第十六次会议决议公告,高管人员任职变动,2025-11-21,https://data.eastmoney.com/notices/detail/603058/AN202511201784987497.html
603058,永吉股份,永吉股份:贵州永吉印务股份有限公司投资者关系管理制度,管理办法/制度,2025-11-21,https://data.eastmoney.com/notices/detail/603058/AN202511201784987493.html
603058,永吉股份,永吉股份:贵州永吉印务股份有限公司董事会审计委员会工作细则,议事规则/实施细则,2025-11-21,https://data.eastmoney.com/notices/detail/603058/AN202511201784987512.html
603058,永吉股份,永吉股份:贵州永吉印务股份有限公司总经理工作细则,议事规则/实施细则,2025-11-21,https://data.eastmoney.com/notices/detail/603058/AN202511201784987504.html
688559,海目星,海目星:关于2025年限制性股票激励计划内幕信息知情人买卖公司股票情况的自查报告,自查报告,2025-11-21,https://data.eastmoney.com/notices/detail/688559/AN202511201784987476.html
688559,海目星,海目星:上海市锦天城律师事务所关于海目星激光科技集团股份有限公司2025年第二次临时股东会法律意见书,法律意见书,2025-11-21,https://data.eastmoney.com/notices/detail/688559/AN202511201784987477.html
688559,海目星,海目星:2025年第二次临时股东会决议公告,股东大会决议公告,2025-11-21,https://data.eastmoney.com/notices/detail/688559/AN202511201784987478.html
003008,开普检测,开普检测:2025年前三季度权益分派实施公告,分配方案实施,2025-11-21,https://data.eastmoney.com/notices/detail/003008/AN202511201784987473.html
003018,金富科技,金富科技:关于控股股东终止协议转让部分公司股份的公告,股权转让,2025-11-21,https://data.eastmoney.com/notices/detail/003018/AN202511201784987474.html
002930,宏川智慧,宏川智慧:关于不向下修正“宏川转债”转股价格的公告,其他,2025-11-21,https://data.eastmoney.com/notices/detail/002930/AN202511201784985830.html
002930,宏川智慧,宏川智慧:第四届监事会第十五次会议决议公告,监事会决议公告,2025-11-21,https://data.eastmoney.com/notices/detail/002930/AN202511201784985829.html
002930,宏川智慧,宏川智慧:关于公司申请银行授信并接受子公司及关联方提供担保的公告,提供/对外担保公告,2025-11-21,https://data.eastmoney.com/notices/detail/002930/AN202511201784985828.html
002930,宏川智慧,宏川智慧:关于召开2025年第十次临时股东大会的通知,召开股东大会通知,2025-11-21,https://data.eastmoney.com/notices/detail/002930/AN202511201784985827.html
002930,宏川智慧,宏川智慧:关于公司申请银行授信、开展集团池业务及接受关联方提供担保并为下属公司提供担保的公告,提供/对外担保公告,2025-11-21,https://data.eastmoney.com/notices/detail/002930/AN202511201784985831.html
603071,物产环能,物产环能:浙江物产环保能源股份有限公司关于公司高级管理人员离任的公告,高管人员任职变动,2025-11-21,https://data.eastmoney.com/notices/detail/603071/AN202511201784985826.html
600028,中国石化,中国石化:中国石化H股公告-翌日披露表格,其他,2025-11-21,https://data.eastmoney.com/notices/detail/600028/AN202511201784984698.html
600200,退市苏吴,*ST苏吴:江苏吴中医药发展股份有限公司关于公司股票可能被实施重大违法强制退市的第十九次风险提示公告,其它风险提示公告,2025-11-21,https://data.eastmoney.com/notices/detail/600200/AN202511201784985791.html
002911,佛燃能源,佛燃能源:关于2023年度第一期中期票据兑付完成的公告,其他,2025-11-21,https://data.eastmoney.com/notices/detail/002911/AN202511201784985764.html
002930,宏川智慧,宏川智慧:第四届董事会第二十次会议决议公告,董事会决议公告,2025-11-21,https://data.eastmoney.com/notices/detail/002930/AN202511201784985765.html
688107,安路科技,安路科技:安路科技股东减持计划时间届满暨减持股份结果公告,股东/实际控制人股份减持,2025-11-21,https://data.eastmoney.com/notices/detail/688107/AN202511201784985761.html
688563,航材股份,航材股份:股东会议事规则,议事规则/实施细则,2025-11-21,https://data.eastmoney.com/notices/detail/688563/AN202511201784984714.html
688563,航材股份,航材股份:内幕信息知情人登记管理办法,管理办法/制度,2025-11-21,https://data.eastmoney.com/notices/detail/688563/AN202511201784984725.html
688563,航材股份,航材股份:募集资金管理办法,管理办法/制度,2025-11-21,https://data.eastmoney.com/notices/detail/688563/AN202511201784984720.html
688563,航材股份,航材股份:独立董事专门会议制度,管理办法/制度,2025-11-21,https://data.eastmoney.com/notices/detail/688563/AN202511201784984730.html
688563,航材股份,航材股份:董事会薪酬与考核委员会工作细则,议事规则/实施细则,2025-11-21,https://data.eastmoney.com/notices/detail/688563/AN202511201784984718.html
688563,航材股份,航材股份:关于召开2025年第三次临时股东大会的通知,召开股东大会通知,2025-11-21,https://data.eastmoney.com/notices/detail/688563/AN202511201784984724.html
688563,航材股份,航材股份:中信证券股份有限公司关于北京航空材料研究院股份有限公司使用部分超募资金回购股份的核查意见,保荐/核查意见,2025-11-21,https://data.eastmoney.com/notices/detail/688563/AN202511201784984737.html
688563,航材股份,航材股份:第二届董事会第七次会议决议公告,高管人员任职变动,2025-11-21,https://data.eastmoney.com/notices/detail/688563/AN202511201784984716.html
688563,航材股份,航材股份:公司章程,公司章程,2025-11-21,https://data.eastmoney.com/notices/detail/688563/AN202511201784984717.html
688563,航材股份,航材股份:董事会议事规则,议事规则/实施细则,2025-11-21,https://data.eastmoney.com/notices/detail/688563/AN202511201784984723.html
688563,航材股份,航材股份:中信证券股份有限公司关于北京航空材料研究院股份有限公司部分募投项目调整变更的核查意见,保荐/核查意见,2025-11-21,https://data.eastmoney.com/notices/detail/688563/AN202511201784984715.html
688563,航材股份,航材股份:董事会提名委员会工作细则,议事规则/实施细则,2025-11-21,https://data.eastmoney.com/notices/detail/688563/AN202511201784984722.html
688563,航材股份,航材股份:关于续聘会计师事务所的公告,审计机构变更,2025-11-21,https://data.eastmoney.com/notices/detail/688563/AN202511201784984735.html
688563,航材股份,航材股份:关于部分募投项目调整变更的公告,变更募集资金投资项目,2025-11-21,https://data.eastmoney.com/notices/detail/688563/AN202511201784984728.html
688563,航材股份,航材股份:关于选举非独立董事的公告,高管人员任职变动,2025-11-21,https://data.eastmoney.com/notices/detail/688563/AN202511201784984719.html
688563,航材股份,航材股份:投资者关系管理办法,管理办法/制度,2025-11-21,https://data.eastmoney.com/notices/detail/688563/AN202511201784984727.html
688563,航材股份,航材股份:独立董事工作制度,管理办法/制度,2025-11-21,https://data.eastmoney.com/notices/detail/688563/AN202511201784984729.html
688563,航材股份,航材股份:内部审计制度,管理办法/制度,2025-11-21,https://data.eastmoney.com/notices/detail/688563/AN202511201784984732.html
688563,航材股份,航材股份:关联交易管理制度,管理办法/制度,2025-11-21,https://data.eastmoney.com/notices/detail/688563/AN202511201784984721.html
688563,航材股份,航材股份:关于以集中竞价交易方式回购股份的预案,回购预案,2025-11-21,https://data.eastmoney.com/notices/detail/688563/AN202511201784984734.html
688563,航材股份,航材股份:董事会审计委员会工作细则,议事规则/实施细则,2025-11-21,https://data.eastmoney.com/notices/detail/688563/AN202511201784984738.html
688563,航材股份,航材股份:信息披露管理办法,管理办法/制度,2025-11-21,https://data.eastmoney.com/notices/detail/688563/AN202511201784984733.html
688563,航材股份,航材股份:关于取消监事会、修订《公司章程》及其附件并办理工商变更登记及修订、制定公司部分治理制度的公告,公司章程修订,2025-11-21,https://data.eastmoney.com/notices/detail/688563/AN202511201784984736.html
688563,航材股份,航材股份:董事会战略与可持续发展委员会工作细则,议事规则/实施细则,2025-11-21,https://data.eastmoney.com/notices/detail/688563/AN202511201784984731.html
688563,航材股份,航材股份:第二届监事会第七次会议决议公告,监事会决议公告,2025-11-21,https://data.eastmoney.com/notices/detail/688563/AN202511201784984726.html
603967,中创物流,中创物流:中创物流股份有限公司关于选举职工董事及调整董事会审计委员会委员的公告,高管人员任职变动,2025-11-21,https://data.eastmoney.com/notices/detail/603967/AN202511201784984694.html
603967,中创物流,中创物流:北京市金杜(青岛)律师事务所关于中创物流股份有限公司2025年第一次临时股东大会之法律意见书,法律意见书,2025-11-21,https://data.eastmoney.com/notices/detail/603967/AN202511201784984693.html
603967,中创物流,中创物流:中创物流股份有限公司2025年第一次临时股东大会决议公告,股东大会决议公告,2025-11-21,https://data.eastmoney.com/notices/detail/603967/AN202511201784984695.html
601997,贵阳银行,贵阳银行:贵阳银行股份有限公司关于2025年科技创新债券发行完毕的公告,其他,2025-11-21,https://data.eastmoney.com/notices/detail/601997/AN202511201784984692.html
603355,莱克电气,莱克电气:莱克电气关于拟转让全资子公司股权并签署意向书暨授权管理层的公告,股权转让,2025-11-21,https://data.eastmoney.com/notices/detail/603355/AN202511201784984666.html
601179,中国西电,中国西电:中国西电关于持股5%以上股东减持股份计划的公告,股东/实际控制人股份减持,2025-11-21,https://data.eastmoney.com/notices/detail/601179/AN202511201784984669.html
603355,莱克电气,莱克电气:莱克电气第六届董事会第二十二次会议决议公告,董事会决议公告,2025-11-21,https://data.eastmoney.com/notices/detail/603355/AN202511201784984667.html
603355,莱克电气,莱克电气:华泰联合证券有限责任公司关于莱克电气向不特定对象发行可转换公司债券募投项目结项并将节余募集资金永久补充流动资金的核查意见,保荐/核查意见,2025-11-21,https://data.eastmoney.com/notices/detail/603355/AN202511201784984665.html
603355,莱克电气,莱克电气:莱克电气关于召开2025年第二次临时股东会的通知,召开股东大会通知,2025-11-21,https://data.eastmoney.com/notices/detail/603355/AN202511201784984668.html
603355,莱克电气,莱克电气:莱克电气关于向不特定对象发行可转换公司债券募投项目结项并将节余募集资金永久补充流动资金的公告,募集资金补充流动资金,2025-11-21,https://data.eastmoney.com/notices/detail/603355/AN202511201784984670.html
688012,中微公司,中微公司:关于回购股份集中竞价减持股份进展公告,回购进展情况,2025-11-21,https://data.eastmoney.com/notices/detail/688012/AN202511201784984671.html
601636,旗滨集团,旗滨集团:旗滨集团关于实施“旗滨转债”赎回暨摘牌的第三次提示性公告,其他,2025-11-21,https://data.eastmoney.com/notices/detail/601636/AN202511201784982248.html
603697,有友食品,有友食品:有友食品关于使用自有资金进行委托理财的公告,委托（受托）事项,2025-11-21,https://data.eastmoney.com/notices/detail/603697/AN202511201784982247.html
600675,中华企业,中华企业:2025年第一次临时股东大会会议资料,股东大会资料,2025-11-21,https://data.eastmoney.com/notices/detail/600675/AN202511201784982244.html
301073,君亭酒店,君亭酒店:关于现金收购控股子公司少数股权的公告,收购出售资产/股权,2025-11-21,https://data.eastmoney.com/notices/detail/301073/AN202511201784982234.html
301073,君亭酒店,君亭酒店:第四届董事会第八次会议决议公告,董事会决议公告,2025-11-21,https://data.eastmoney.com/notices/detail/301073/AN202511201784982233.html
601198,东兴证券,东兴证券:东兴证券股份有限公司2024年度第七期短期融资券兑付完成的公告,其他,2025-11-21,https://data.eastmoney.com/notices/detail/601198/AN202511201784982232.html
688191,智洋创新,智洋创新:2025年前三季度权益分派实施公告,分配方案实施,2025-11-21,https://data.eastmoney.com/notices/detail/688191/AN202511201784982225.html
688136,科兴制药,科兴制药:简式权益变动报告书(科益医药、邓学勤),权益变动报告书,2025-11-21,https://data.eastmoney.com/notices/detail/688136/AN202511201784982224.html
688695,中创股份,中创股份:国浩律师(济南)事务所关于山东中创软件商用中间件股份有限公司2025年第一次临时股东大会之法律意见书,法律意见书,2025-11-21,https://data.eastmoney.com/notices/detail/688695/AN202511201784982226.html
688695,中创股份,中创股份:山东中创软件商用中间件股份有限公司2025年第一次临时股东大会决议公告,股东大会决议公告,2025-11-21,https://data.eastmoney.com/notices/detail/688695/AN202511201784982228.html
688136,科兴制药,科兴制药:股东询价转让结果报告书暨持股5%以上股东权益变动触及5%整数倍的提示性公告,权益变动报告书,2025-11-21,https://data.eastmoney.com/notices/detail/688136/AN202511201784982229.html
688136,科兴制药,科兴制药:中国国际金融股份有限公司关于科兴生物制药股份有限公司股东向特定机构投资者询价转让股份的核查报告,询价转让核查报告/意见,2025-11-21,https://data.eastmoney.com/notices/detail/688136/AN202511201784982227.html
603738,泰晶科技,泰晶科技:泰晶科技股份有限公司关于公司非独立董事辞职暨选举职工代表董事的公告,高管人员任职变动,2025-11-21,https://data.eastmoney.com/notices/detail/603738/AN202511201784982214.html
603738,泰晶科技,泰晶科技:广东华商律师事务所关于泰晶科技股份有限公司2025年第一次临时股东大会的法律意见书,法律意见书,2025-11-21,https://data.eastmoney.com/notices/detail/603738/AN202511201784982212.html
603738,泰晶科技,泰晶科技:泰晶科技股份有限公司2025年第一次临时股东大会决议公告,股东大会决议公告,2025-11-21,https://data.eastmoney.com/notices/detail/603738/AN202511201784982213.html
603323,苏农银行,苏农银行:江苏世纪同仁律师事务所关于江苏苏州农村商业银行股份有限公司2025年第二次临时股东会的法律意见书,法律意见书,2025-11-21,https://data.eastmoney.com/notices/detail/603323/AN202511201784982204.html
600734,*ST实达,实达集团:福建实达集团股份有限公司2025年第四次临时股东会决议公告,股东大会决议公告,2025-11-21,https://data.eastmoney.com/notices/detail/600734/AN202511201784982208.html
603323,苏农银行,苏农银行:苏农银行2025年第二次临时股东会决议公告,股东大会决议公告,2025-11-21,https://data.eastmoney.com/notices/detail/603323/AN202511201784982203.html
600734,*ST实达,实达集团:福建至理律师事务所关于福建实达集团股份有限公司2025年第四次临时股东大会的法律意见书,法律意见书,2025-11-21,https://data.eastmoney.com/notices/detail/600734/AN202511201784982206.html
600734,*ST实达,实达集团:福建实达集团股份有限公司关于召开2025年第三季度业绩说明会的公告,其他,2025-11-21,https://data.eastmoney.com/notices/detail/600734/AN202511201784982205.html
601010,ST文峰,文峰股份:文峰股份2025年第三次临时股东会决议公告,股东大会决议公告,2025-11-21,https://data.eastmoney.com/notices/detail/601010/AN202511201784982197.html
601010,ST文峰,文峰股份:北京市君泽君(上海)律师事务所关于文峰大世界连锁发展股份有限公司2025年第三次临时股东会的律师见证意见,法律意见书,2025-11-21,https://data.eastmoney.com/notices/detail/601010/AN202511201784982198.html
601010,ST文峰,文峰股份:文峰股份关于公司副总经理被留置的公告,其他,2025-11-21,https://data.eastmoney.com/notices/detail/601010/AN202511201784982199.html
605339,南侨食品,南侨食品:南侨食品集团(上海)股份有限公司2025年第一次临时股东会会议资料,股东大会资料,2025-11-21,https://data.eastmoney.com/notices/detail/605339/AN202511201784982207.html
688066,*ST航图,航天宏图:关于“宏图转债”付息公告,其他,2025-11-21,https://data.eastmoney.com/notices/detail/688066/AN202511201784982195.html
600900,长江电力,长江电力:北京市天元律师事务所关于中国长江电力股份有限公司2025年第三次临时股东会的法律意见,法律意见书,2025-11-21,https://data.eastmoney.com/notices/detail/600900/AN202511201784980235.html
600900,长江电力,长江电力:长江电力2025年第三次临时股东会决议公告,股东大会决议公告,2025-11-21,https://data.eastmoney.com/notices/detail/600900/AN202511201784980236.html
300856,科思股份,科思股份:关于公司实际控制人变更的提示性公告,股东/实际控制人变更,2025-11-21,https://data.eastmoney.com/notices/detail/300856/AN202511201784980218.html
002836,新宏泽,新宏泽:股票交易异常波动公告,股票交易异常波动,2025-11-21,https://data.eastmoney.com/notices/detail/002836/AN202511201784980209.html
002932,*ST明德,明德生物:关于完成工商变更登记并换发营业执照的公告,公司注册地址变更,2025-11-21,https://data.eastmoney.com/notices/detail/002932/AN202511201784980217.html
002457,青龙管业,青龙管业:关于收到中标通知书的公告,重大合同,2025-11-21,https://data.eastmoney.com/notices/detail/002457/AN202511201784980213.html
002457,青龙管业,青龙管业:关于收到中标通知书的公告,重大合同,2025-11-21,https://data.eastmoney.com/notices/detail/002457/AN202511201784980214.html
002702,海欣食品,海欣食品:关于选举第七届董事会职工代表董事的公告,高管人员任职变动,2025-11-21,https://data.eastmoney.com/notices/detail/002702/AN202511201784980211.html
603986,兆易创新,兆易创新:兆易创新2025年第二次临时股东会决议公告,股东大会决议公告,2025-11-21,https://data.eastmoney.com/notices/detail/603986/AN202511201784980203.html
603986,兆易创新,兆易创新:北京中银律师事务所关于兆易创新2025年第二次临时股东会的法律意见书,法律意见书,2025-11-21,https://data.eastmoney.com/notices/detail/603986/AN202511201784980204.html
301538,骏鼎达,骏鼎达:董事会薪酬与考核委员会关于2025年限制性股票激励计划首次授予激励对象名单的审核意见及公示情况的说明,专项说明/独立意见,2025-11-21,https://data.eastmoney.com/notices/detail/301538/AN202511201784980183.html
301538,骏鼎达,骏鼎达:关于2025年限制性股票激励计划内幕信息知情人及激励对象买卖公司股票情况的自查报告,自查报告,2025-11-21,https://data.eastmoney.com/notices/detail/301538/AN202511201784980184.html
688258,卓易信息,卓易信息:江苏卓易信息科技股份有限公司关于筹划发行H股股票并在香港联合交易所有限公司上市相关事项的提示性公告,其他,2025-11-21,https://data.eastmoney.com/notices/detail/688258/AN202511201784980167.html
603028,赛福天,赛福天:关于控股公司办理融资租赁售后回租业务并为其提供担保的公告,提供/对外担保公告,2025-11-21,https://data.eastmoney.com/notices/detail/603028/AN202511201784977545.html
601288,农业银行,农业银行:农业银行关于2025年二级资本债券(第四期)(债券通)发行完毕的公告,其他,2025-11-21,https://data.eastmoney.com/notices/detail/601288/AN202511201784977519.html
603167,渤海轮渡,渤海轮渡:渤海轮渡集团股份有限公司董事、高级管理人员减持股份结果暨未减持公告,高管人员持股变动,2025-11-21,https://data.eastmoney.com/notices/detail/603167/AN202511201784977541.html
600408,安泰集团,安泰集团:安泰集团股票交易异常波动公告,股票交易异常波动,2025-11-21,https://data.eastmoney.com/notices/detail/600408/AN202511201784977538.html
603341,龙旗科技,龙旗科技:2025年限制性股票激励计划预留授予部分激励对象名单,股权激励对象名单,2025-11-21,https://data.eastmoney.com/notices/detail/603341/AN202511201784977523.html
603341,龙旗科技,龙旗科技:关于合计持股5%以上股东权益变动的提示性公告,权益变动报告书,2025-11-21,https://data.eastmoney.com/notices/detail/603341/AN202511201784977526.html
603341,龙旗科技,龙旗科技:董事会薪酬与考核委员会关于2025年限制性股票激励计划预留授予部分激励对象名单的核查意见,专项说明/独立意见,2025-11-21,https://data.eastmoney.com/notices/detail/603341/AN202511201784977521.html
603341,龙旗科技,龙旗科技:关于首次公开发行股票募集资金部分专户销户完成的公告,其他,2025-11-21,https://data.eastmoney.com/notices/detail/603341/AN202511201784977517.html
603341,龙旗科技,龙旗科技:德恒上海律师事务所关于龙旗科技2025年限制性股票激励计划预留部分授予事项的法律意见书,法律意见书,2025-11-21,https://data.eastmoney.com/notices/detail/603341/AN202511201784977520.html
600751,海航科技,海航科技:海航科技股份有限公司2025年第三次临时股东会会议资料,股东大会资料,2025-11-21,https://data.eastmoney.com/notices/detail/600751/AN202511201784977518.html
603341,龙旗科技,龙旗科技:第四届董事会第十一次会议决议公告,董事会决议公告,2025-11-21,https://data.eastmoney.com/notices/detail/603341/AN202511201784977522.html
603341,龙旗科技,龙旗科技:简式权益变动报告书(天津金米、苏州顺为),权益变动报告书,2025-11-21,https://data.eastmoney.com/notices/detail/603341/AN202511201784977525.html
603341,龙旗科技,龙旗科技:上海荣正企业咨询服务(集团)股份有限公司关于上海龙旗科技股份有限公司2025年限制性股票激励计划预留授予相关事项之独立财务顾问报告,保荐/核查意见,2025-11-21,https://data.eastmoney.com/notices/detail/603341/AN202511201784977524.html
603341,龙旗科技,龙旗科技:关于向公司2025年限制性股票激励计划激励对象授予预留部分限制性股票的公告,股权激励进展公告,2025-11-21,https://data.eastmoney.com/notices/detail/603341/AN202511201784977527.html
600479,千金药业,千金药业:千金药业关于2025年第三季度业绩说明会召开情况的公告,其他,2025-11-21,https://data.eastmoney.com/notices/detail/600479/AN202511201784977487.html
688335,复洁科技,复洁环保:公司证券简称变更实施公告,证券简称变更,2025-11-21,https://data.eastmoney.com/notices/detail/688335/AN202511201784977474.html
000776,广发证券,广发证券:关于召开2025年第二次临时股东大会的提示性公告,召开股东大会提示性公告,2025-11-21,https://data.eastmoney.com/notices/detail/000776/AN202511201784975124.html
600117,西宁特钢,西宁特钢:西宁特殊钢股份有限公司关于持股5%以上股东股份解除质押的公告,股份质押、冻结,2025-11-21,https://data.eastmoney.com/notices/detail/600117/AN202511201784975142.html
600117,西宁特钢,西宁特钢:西宁特殊钢股份有限公司关于第一期员工持股计划存续期即将届满的提示性公告,员工持股计划,2025-11-21,https://data.eastmoney.com/notices/detail/600117/AN202511201784975143.html
002928,华夏航空,华夏航空:关于控股股东部分股份质押的公告,股份质押、冻结,2025-11-21,https://data.eastmoney.com/notices/detail/002928/AN202511201784975126.html
000595,新能股份,*ST宝实:关于第一大股东所持公司部分股份拟被第二次公开拍卖的进展公告,其他,2025-11-21,https://data.eastmoney.com/notices/detail/000595/AN202511201784975130.html
002686,亿利达,亿利达:关于回购公司股份比例达到1%的进展公告,回购进展情况,2025-11-21,https://data.eastmoney.com/notices/detail/002686/AN202511201784975131.html
002516,旷达科技,旷达科技:关于控股股东部分股份质押、解除质押及质押展期的公告,股份质押、冻结,2025-11-21,https://data.eastmoney.com/notices/detail/002516/AN202511201784975128.html
002682,龙洲股份,龙洲股份:第七届董事会第四十八次会议决议公告,董事会决议公告,2025-11-21,https://data.eastmoney.com/notices/detail/002682/AN202511201784975132.html
300391,长药退,*ST长药:关于立案调查进展暨风险提示公告,违法违规,2025-11-21,https://data.eastmoney.com/notices/detail/300391/AN202511201784975125.html
688210,统联精密,统联精密:关于2022年限制性股票激励计划部分限制性股票归属结果暨股票上市公告,限售股份上市流通,2025-11-21,https://data.eastmoney.com/notices/detail/688210/AN202511201784975123.html
688692,达梦数据,达梦数据:2025年第五次临时股东会决议公告,股东大会决议公告,2025-11-21,https://data.eastmoney.com/notices/detail/688692/AN202511201784975108.html
688692,达梦数据,达梦数据:关于2025年限制性股票激励计划内幕信息知情人及激励对象买卖公司股票情况的自查报告,自查报告,2025-11-21,https://data.eastmoney.com/notices/detail/688692/AN202511201784975106.html
688692,达梦数据,达梦数据:武汉达梦数据2025年第五次临时股东会见证法律意见书,法律意见书,2025-11-21,https://data.eastmoney.com/notices/detail/688692/AN202511201784975109.html
600368,五洲交通,五洲交通:五洲交通关于收到广西证监局行政监管措施决定书的公告,其他,2025-11-21,https://data.eastmoney.com/notices/detail/600368/AN202511201784975107.html
600029,南方航空,南方航空:南方航空H股公告-暂停办理股份过户登记手续,其他,2025-11-21,https://data.eastmoney.com/notices/detail/600029/AN202511201784973651.html
600698,湖南天雁,湖南天雁:湖南天雁机械股份有限公司关于召开2025年第二次临时股东会决议公告,股东大会决议公告,2025-11-21,https://data.eastmoney.com/notices/detail/600698/AN202511201784975066.html
600698,湖南天雁,湖南天雁:湖南居安律师事务所关于湖南天雁机械股份有限公司2025年第二次临时股东会法律意见书,法律意见书,2025-11-21,https://data.eastmoney.com/notices/detail/600698/AN202511201784975067.html
688366,昊海生科,昊海生科:H股公告:翌日披露报表,其他,2025-11-21,https://data.eastmoney.com/notices/detail/688366/AN202511201784975065.html
601968,宝钢包装,宝钢包装:关于持股5%以上股东权益变动触及1%刻度的提示性公告,权益变动报告书,2025-11-21,https://data.eastmoney.com/notices/detail/601968/AN202511201784973652.html
688167,炬光科技,炬光科技:西安炬光科技股份有限公司关于持股5%以上股东权益变动触及1%刻度的提示性公告,权益变动报告书,2025-11-21,https://data.eastmoney.com/notices/detail/688167/AN202511201784973650.html
601800,中国交建,中国交建:中国交建H股公告-翌日披露报表,其他,2025-11-21,https://data.eastmoney.com/notices/detail/601800/AN202511201784973598.html
000967,盈峰环境,盈峰环境:关于股东拟非公开发行可交换公司债券获得深圳证券交易所无异议函的提示性公告,其他,2025-11-21,https://data.eastmoney.com/notices/detail/000967/AN202511201784973633.html
002240,盛新锂能,盛新锂能:关于控股股东进行股份质押的公告,股份质押、冻结,2025-11-21,https://data.eastmoney.com/notices/detail/002240/AN202511201784973634.html
002065,东华软件,东华软件:关于控股股东、实际控制人减持股份权益变动触及1%刻度的公告,权益变动报告书,2025-11-21,https://data.eastmoney.com/notices/detail/002065/AN202511201784973637.html
600655,豫园股份,豫园股份:豫园股份信息披露暂缓与豁免业务管理制度(2025年11月修订),管理办法/制度,2025-11-21,https://data.eastmoney.com/notices/detail/600655/AN202511201784973631.html
600655,豫园股份,豫园股份:豫园股份章程(尚需股东大会审议通过),公司章程,2025-11-21,https://data.eastmoney.com/notices/detail/600655/AN202511201784973626.html
600655,豫园股份,豫园股份:豫园股份内幕信息知情人登记管理制度(2025年11月修订),管理办法/制度,2025-11-21,https://data.eastmoney.com/notices/detail/600655/AN202511201784973612.html
600655,豫园股份,豫园股份:上海豫园旅游商城(集团)股份有限公司关于2025年第三次临时股东大会增加临时提案的公告,增加股东大会议案,2025-11-21,https://data.eastmoney.com/notices/detail/600655/AN202511201784973627.html
600655,豫园股份,豫园股份:豫园股份独立董事工作制度(尚需股东大会审议通过),管理办法/制度,2025-11-21,https://data.eastmoney.com/notices/detail/600655/AN202511201784973621.html
600655,豫园股份,豫园股份:豫园股份董事会薪酬与考核委员会实施细则(2025年11月修订),议事规则/实施细则,2025-11-21,https://data.eastmoney.com/notices/detail/600655/AN202511201784973616.html
600655,豫园股份,豫园股份:上海豫园旅游商城(集团)股份有限公司关于变更签字注册会计师的公告,公司关联方基本资料变更,2025-11-21,https://data.eastmoney.com/notices/detail/600655/AN202511201784973611.html
600655,豫园股份,豫园股份:豫园股份股东会议事规则(尚需股东大会审议通过),议事规则/实施细则,2025-11-21,https://data.eastmoney.com/notices/detail/600655/AN202511201784973620.html
600655,豫园股份,豫园股份:豫园股份董事会发展战略与投资委员会实施细则(2025年11月修订),议事规则/实施细则,2025-11-21,https://data.eastmoney.com/notices/detail/600655/AN202511201784973629.html
600655,豫园股份,豫园股份:上海豫园旅游商城(集团)股份有限公司第十一届董事会第四十七次会议决议公告,董事会决议公告,2025-11-21,https://data.eastmoney.com/notices/detail/600655/AN202511201784973624.html
600655,豫园股份,豫园股份:豫园股份信息披露管理制度(2025年11月修订),管理办法/制度,2025-11-21,https://data.eastmoney.com/notices/detail/600655/AN202511201784973632.html
600655,豫园股份,豫园股份:豫园股份关联交易管理制度(尚需股东大会审议通过),管理办法/制度,2025-11-21,https://data.eastmoney.com/notices/detail/600655/AN202511201784973617.html
600655,豫园股份,豫园股份:豫园股份总裁办公会议事规则(2025年11月修订),议事规则/实施细则,2025-11-21,https://data.eastmoney.com/notices/detail/600655/AN202511201784973630.html
600655,豫园股份,豫园股份:豫园股份独立董事专门会议工作制度(2025年11月修订),管理办法/制度,2025-11-21,https://data.eastmoney.com/notices/detail/600655/AN202511201784973615.html
600655,豫园股份,豫园股份:豫园股份董事会议事规则(尚需股东大会审议通过),议事规则/实施细则,2025-11-21,https://data.eastmoney.com/notices/detail/600655/AN202511201784973622.html
600655,豫园股份,豫园股份:上海豫园旅游商城(集团)股份有限公司关于取消监事会并修订公司章程及部分公司制度的公告,公司章程修订,2025-11-21,https://data.eastmoney.com/notices/detail/600655/AN202511201784973628.html
600655,豫园股份,豫园股份:豫园股份募集资金管理制度(尚需股东大会审议通过),管理办法/制度,2025-11-21,https://data.eastmoney.com/notices/detail/600655/AN202511201784973610.html
600655,豫园股份,豫园股份:上海豫园旅游商城(集团)股份有限公司关于股东部分股份解除质押及质押的公告,股份质押、冻结,2025-11-21,https://data.eastmoney.com/notices/detail/600655/AN202511201784973625.html
600655,豫园股份,豫园股份:豫园股份董事会审计与财务委员会实施细则(2025年11月修订),议事规则/实施细则,2025-11-21,https://data.eastmoney.com/notices/detail/600655/AN202511201784973613.html
600655,豫园股份,豫园股份:豫园股份董事及高级管理人员持有本公司股份及其变动管理制度(2025年11月修订),管理办法/制度,2025-11-21,https://data.eastmoney.com/notices/detail/600655/AN202511201784973618.html
600655,豫园股份,豫园股份:豫园股份董事会提名与人力资源委员会实施细则(2025年11月修订),议事规则/实施细则,2025-11-21,https://data.eastmoney.com/notices/detail/600655/AN202511201784973619.html
600655,豫园股份,豫园股份:豫园股份内部审计管理制度(2025年11月修订),管理办法/制度,2025-11-21,https://data.eastmoney.com/notices/detail/600655/AN202511201784973623.html
600655,豫园股份,豫园股份:上海豫园旅游商城(集团)股份有限公司第十一届监事会第三十一次会议决议公告,监事会决议公告,2025-11-21,https://data.eastmoney.com/notices/detail/600655/AN202511201784973614.html
600360,华微电子,*ST华微:关于公司股票被实施退市风险警示及其他风险警示相关事项的进展公告,实施退市风险警示,2025-11-21,https://data.eastmoney.com/notices/detail/600360/AN202511201784973558.html
600693,东百集团,东百集团:东百集团股票交易异常波动公告,股票交易异常波动,2025-11-21,https://data.eastmoney.com/notices/detail/600693/AN202511201784971551.html
688629,华丰科技,华丰科技:关于召开2025年第三季度业绩说明会的公告,其他,2025-11-21,https://data.eastmoney.com/notices/detail/688629/AN202511201784971546.html
000070,特发信息,特发信息:董事会第九届二十四次会议决议公告,董事会决议公告,2025-11-21,https://data.eastmoney.com/notices/detail/000070/AN202511201784971544.html
000952,广济药业,广济药业:关于独立董事辞职的公告,高管人员任职变动,2025-11-21,https://data.eastmoney.com/notices/detail/000952/AN202511201784971545.html
000070,特发信息,特发信息:关于增加控股子公司开展铝期货套期保值业务交易额度的公告,其他,2025-11-21,https://data.eastmoney.com/notices/detail/000070/AN202511201784971541.html
000070,特发信息,特发信息:关于增加开展铝期货套期保值业务交易额度的可行性分析报告,其他,2025-11-21,https://data.eastmoney.com/notices/detail/000070/AN202511201784971542.html
001376,百通能源,百通能源:关于变更保荐机构后重新签订募集资金监管协议的公告,保荐代表人（机构）变更,2025-11-21,https://data.eastmoney.com/notices/detail/001376/AN202511201784971543.html
603268,松发股份,*ST松发:2025年第六次临时股东会决议公告,股东大会决议公告,2025-11-21,https://data.eastmoney.com/notices/detail/603268/AN202511201784971515.html
603268,松发股份,*ST松发:北京市康达律师事务所关于广东松发陶瓷股份有限公司2025年第六次临时股东会的法律意见书,法律意见书,2025-11-21,https://data.eastmoney.com/notices/detail/603268/AN202511201784971516.html
603398,*ST沐邦,*ST沐邦:江西沐邦高科股份有限公司关于控股股东及其他关联方非经营性资金占用清偿完毕的公告,资金占用,2025-11-21,https://data.eastmoney.com/notices/detail/603398/AN202511201784971505.html
603398,*ST沐邦,*ST沐邦:江西沐邦高科股份有限公司关于法院决定对公司启动预重整并指定临时管理人的公告,其他,2025-11-21,https://data.eastmoney.com/notices/detail/603398/AN202511201784971503.html
603398,*ST沐邦,*ST沐邦:江西沐邦高科股份有限公司控股股东及其他关联方非经营性资金占用及清偿情况的专项审核报告,保荐/核查意见,2025-11-21,https://data.eastmoney.com/notices/detail/603398/AN202511201784971507.html
603398,*ST沐邦,*ST沐邦:江西沐邦高科股份有限公司关于公司预重整债权申报的公告,其他,2025-11-21,https://data.eastmoney.com/notices/detail/603398/AN202511201784971504.html
603398,*ST沐邦,*ST沐邦:江西沐邦高科股份有限公司关于法院决定对控股股东启动预重整并指定临时管理人的公告,其他,2025-11-21,https://data.eastmoney.com/notices/detail/603398/AN202511201784971506.html
600287,苏豪时尚,苏豪时尚:苏豪时尚关于参加江苏省苏豪控股集团有限公司控股上市公司集体投资者交流会暨召开2025年第三季度业绩说明会的公告,其他,2025-11-21,https://data.eastmoney.com/notices/detail/600287/AN202511201784971491.html
600280,中央商场,中央商场:南京中央商场(集团)股份有限公司关于为控股子公司提供担保的进展公告,提供/对外担保公告,2025-11-21,https://data.eastmoney.com/notices/detail/600280/AN202511201784971475.html
600295,鄂尔多斯,鄂尔多斯:内蒙古鄂尔多斯资源股份有限公司关于2025年第三季度业绩说明会召开情况的公告,其他,2025-11-21,https://data.eastmoney.com/notices/detail/600295/AN202511201784971458.html
688793,倍轻松,倍轻松:中信证券股份有限公司关于深圳市倍轻松科技股份有限公司股东向特定机构投资者询价转让股份的核查报告,询价转让核查报告/意见,2025-11-21,https://data.eastmoney.com/notices/detail/688793/AN202511201784969832.html
688793,倍轻松,倍轻松:股东询价转让结果报告书暨持股5%以上股东权益变动触及5%和1%整数倍的提示性公告,权益变动报告书,2025-11-21,https://data.eastmoney.com/notices/detail/688793/AN202511201784969833.html
688793,倍轻松,倍轻松:简式权益变动报告书(马学军及其一致行动人),权益变动报告书,2025-11-21,https://data.eastmoney.com/notices/detail/688793/AN202511201784969831.html
603520,司太立,司太立:司太立2025年第一次临时股东会决议公告,股东大会决议公告,2025-11-21,https://data.eastmoney.com/notices/detail/603520/AN202511201784969829.html
603520,司太立,司太立:司太立2025年第一次临时股东会法律意见书,法律意见书,2025-11-21,https://data.eastmoney.com/notices/detail/603520/AN202511201784969828.html
601688,华泰证券,华泰证券:华泰证券股份有限公司关于间接全资子公司根据中期票据计划进行发行并由全资子公司提供担保的公告,提供/对外担保公告,2025-11-21,https://data.eastmoney.com/notices/detail/601688/AN202511201784969812.html
688126,沪硅产业,沪硅产业:沪硅产业关于发行股份及支付现金购买资产并募集配套资金暨关联交易之标的资产过户完成的公告,其他增发事项公告,2025-11-21,https://data.eastmoney.com/notices/detail/688126/AN202511201784969818.html
688126,沪硅产业,沪硅产业:北京市嘉源律师事务所关于上海硅产业集团股份有限公司发行股份及支付现金购买资产并募集配套资金暨关联交易之资产过户情况的法律意见书,法律意见书,2025-11-21,https://data.eastmoney.com/notices/detail/688126/AN202511201784969817.html
688126,沪硅产业,沪硅产业:中国国际金融股份有限公司关于上海硅产业集团股份有限公司发行股份及支付现金购买资产并募集配套资金暨关联交易标的资产过户情况之独立财务顾问核查意见,专项说明/独立意见,2025-11-21,https://data.eastmoney.com/notices/detail/688126/AN202511201784969815.html
605186,健麾信息,健麾信息:上海健麾信息技术股份有限公司关于设立募集资金专户并签订募集资金专户存储三方监管协议的公告,签订协议,2025-11-21,https://data.eastmoney.com/notices/detail/605186/AN202511201784969816.html
600575,淮河能源,淮河能源:淮河能源(集团)股份有限公司关于2025年第三季度业绩说明会召开情况的公告,其他,2025-11-21,https://data.eastmoney.com/notices/detail/600575/AN202511201784969811.html
603816,顾家家居,顾家家居:关于法院裁定受理持股5%以上股东重整的公告,其他,2025-11-21,https://data.eastmoney.com/notices/detail/603816/AN202511201784969810.html
605058,澳弘电子,澳弘电子:澳弘电子关于向不特定对象发行可转换公司债券申请获得中国证券监督管理委员会同意注册批复的公告,其他,2025-11-21,https://data.eastmoney.com/notices/detail/605058/AN202511201784969770.html
600403,大有能源,大有能源:河南大有能源股份有限公司股票交易异常波动公告,股票交易异常波动,2025-11-21,https://data.eastmoney.com/notices/detail/600403/AN202511201784969771.html
600051,宁波联合,宁波联合:宁波联合关于2025年第三季度业绩说明会召开情况的公告,其他,2025-11-21,https://data.eastmoney.com/notices/detail/600051/AN202511201784968047.html
000592,平潭发展,平潭发展:2025年第一次临时股东会决议公告,股东大会决议公告,2025-11-21,https://data.eastmoney.com/notices/detail/000592/AN202511201784968043.html
300008,天海防务,天海防务:关于2022年员工持股计划减持完毕暨提前终止的公告,股东/实际控制人股份减持,2025-11-21,https://data.eastmoney.com/notices/detail/300008/AN202511201784968046.html
002892,科力尔,科力尔:关于回购事项前十名股东及前十名无限售条件股东持股情况的公告,回购进展情况,2025-11-21,https://data.eastmoney.com/notices/detail/002892/AN202511201784968045.html
002468,申通快递,申通快递:关于与专业机构共同投资暨关联交易的进展公告,关联交易,2025-11-21,https://data.eastmoney.com/notices/detail/002468/AN202511201784968042.html
002228,合兴包装,合兴包装:关于持股5%以上股东持股比例降至5%以下暨权益变动的提示性公告,权益变动报告书,2025-11-21,https://data.eastmoney.com/notices/detail/002228/AN202511201784968040.html
002291,遥望科技,遥望科技:关于2025年股票期权与限制性股票激励计划部分股票期权注销完成的公告,股本变动,2025-11-21,https://data.eastmoney.com/notices/detail/002291/AN202511201784968041.html
600621,华鑫股份,华鑫股份:华鑫股份关于全资子公司华鑫证券有限责任公司2025年面向专业投资者公开发行短期公司债券(第二期)发行结果的公告,其他,2025-11-21,https://data.eastmoney.com/notices/detail/600621/AN202511201784968034.html
603120,肯特催化,肯特催化:关于使用部分暂时闲置募集资金进行现金管理的进展公告,募集资金使用进展情况,2025-11-21,https://data.eastmoney.com/notices/detail/603120/AN202511201784968035.html
603001,奥康国际,奥康国际:关于公司控股股东部分股份被继续司法冻结的公告,股份质押、冻结,2025-11-21,https://data.eastmoney.com/notices/detail/603001/AN202511201784968024.html
603001,奥康国际,奥康国际:关于公司控股股东部分股份解除质押的公告,股份质押、冻结,2025-11-21,https://data.eastmoney.com/notices/detail/603001/AN202511201784968025.html
600226,亨通股份,亨通股份:浙江亨通控股股份有限公司诉讼进展公告,诉讼仲裁,2025-11-21,https://data.eastmoney.com/notices/detail/600226/AN202511201784968014.html
688326,经纬恒润,经纬恒润:持股5%以上的股东兼监事减持股份结果公告,股东/实际控制人股份减持,2025-11-21,https://data.eastmoney.com/notices/detail/688326/AN202511201784968013.html
300084,海默科技,海默科技:关于全资子公司股权转让完成的公告,其他,2025-11-21,https://data.eastmoney.com/notices/detail/300084/AN202511201784967988.html
002228,合兴包装,合兴包装:简式权益变动报告书,权益变动报告书,2025-11-21,https://data.eastmoney.com/notices/detail/002228/AN202511201784967989.html
301399,英特科技,英特科技:关于第二届董事会第十九次会议决议的公告,董事会决议公告,2025-11-21,https://data.eastmoney.com/notices/detail/301399/AN202511201784967990.html
301399,英特科技,英特科技:关于召开2025年第二次临时股东会通知的公告,召开股东大会通知,2025-11-21,https://data.eastmoney.com/notices/detail/301399/AN202511201784967991.html
301399,英特科技,英特科技:浙商证券股份有限公司关于浙江英特科技股份有限公司及子公司2026年度拟向金融机构申请授信额度暨关联担保的核查意见,保荐/核查意见,2025-11-21,https://data.eastmoney.com/notices/detail/301399/AN202511201784967994.html
301399,英特科技,英特科技:浙商证券股份有限公司关于浙江英特科技股份有限公司使用自有资金支付募投项目部分款项并以募集资金等额置换的核查意见,保荐/核查意见,2025-11-21,https://data.eastmoney.com/notices/detail/301399/AN202511201784967993.html
301399,英特科技,英特科技:关于公司及子公司2026年度向金融机构申请授信额度暨关联担保的公告,其他担保公告,2025-11-21,https://data.eastmoney.com/notices/detail/301399/AN202511201784967992.html
000592,平潭发展,平潭发展:2025年第一次临时股东会法律意见书,法律意见书,2025-11-21,https://data.eastmoney.com/notices/detail/000592/AN202511201784967984.html
000157,中联重科,中联重科:H股公告,其他,2025-11-21,https://data.eastmoney.com/notices/detail/000157/AN202511201784966499.html
000536,华映科技,华映科技:关于控股股东为公司提供短期资金拆借暨关联交易的进展公告,关联交易,2025-11-21,https://data.eastmoney.com/notices/detail/000536/AN202511201784966539.html
301399,英特科技,英特科技:关于使用自有资金支付募投项目部分款项并以募集资金等额置换的公告,募集资金使用情况报告,2025-11-21,https://data.eastmoney.com/notices/detail/301399/AN202511201784966538.html
002451,摩恩电气,摩恩电气:股票交易异常波动公告,股票交易异常波动,2025-11-21,https://data.eastmoney.com/notices/detail/002451/AN202511201784966536.html
002815,崇达技术,崇达技术:关于为子公司提供担保的进展公告,提供/对外担保公告,2025-11-21,https://data.eastmoney.com/notices/detail/002815/AN202511201784966537.html
600580,卧龙电驱,卧龙电驱:卧龙电驱关于调整2025年限制性股票激励计划首次授予激励对象名单的公告,股权激励对象名单,2025-11-21,https://data.eastmoney.com/notices/detail/600580/AN202511201784966526.html
600580,卧龙电驱,卧龙电驱:卧龙电驱董事会薪酬与考核委员会关于公司2025年限制性股票激励计划相关事项的核查意见,专项说明/独立意见,2025-11-21,https://data.eastmoney.com/notices/detail/600580/AN202511201784966527.html
600580,卧龙电驱,卧龙电驱:卧龙电驱2025年限制性股票激励计划首次授予激励对象名单(授予日),股权激励对象名单,2025-11-21,https://data.eastmoney.com/notices/detail/600580/AN202511201784966528.html
600981,苏豪汇鸿,苏豪汇鸿:关于参加江苏省苏豪控股集团有限公司控股上市公司集体投资者交流会暨召开2025年第三季度业绩说明会的公告,其他,2025-11-21,https://data.eastmoney.com/notices/detail/600981/AN202511201784966531.html
600580,卧龙电驱,卧龙电驱:上海君澜律师事务所关于卧龙电气驱动集团股份有限公司调整2025年限制性股票激励计划及首次授予相关事项之法律意见书,法律意见书,2025-11-21,https://data.eastmoney.com/notices/detail/600580/AN202511201784966525.html
600580,卧龙电驱,卧龙电驱:卧龙电驱九届二十一次临时董事会决议公告,董事会决议公告,2025-11-21,https://data.eastmoney.com/notices/detail/600580/AN202511201784966529.html
600580,卧龙电驱,卧龙电驱:卧龙电驱关于向2025年限制性股票激励计划激励对象首次授予限制性股票的公告,股权激励进展公告,2025-11-21,https://data.eastmoney.com/notices/detail/600580/AN202511201784966530.html
603216,梦天家居,梦天家居:梦天家居股票交易异常波动公告,股票交易异常波动,2025-11-21,https://data.eastmoney.com/notices/detail/603216/AN202511201784966522.html
688599,天合光能,天合光能:天合光能股份有限公司关于以集中竞价交易方式回购股份比例达到总股本2%暨回购进展公告,回购进展情况,2025-11-21,https://data.eastmoney.com/notices/detail/688599/AN202511201784966521.html
603216,梦天家居,梦天家居:梦天家居控股股东的一致行动人减持股份结果公告,股东/实际控制人股份减持,2025-11-21,https://data.eastmoney.com/notices/detail/603216/AN202511201784966523.html
601798,蓝科高新,蓝科高新:甘肃蓝科石化高新装备股份有限公司2025年第二次临时股东会决议公告,股东大会决议公告,2025-11-21,https://data.eastmoney.com/notices/detail/601798/AN202511201784966494.html
601798,蓝科高新,蓝科高新:北京海润天睿律师事务所关于甘肃蓝科石化高新装备股份有限公司2025年第二次临时股东会的法律意见书,法律意见书,2025-11-21,https://data.eastmoney.com/notices/detail/601798/AN202511201784966495.html
002907,华森制药,华森制药:关于公司产品完成境内生产药品备案的公告,其他,2025-11-21,https://data.eastmoney.com/notices/detail/002907/AN202511201784966498.html
688337,普源精电,普源精电:君合律师事务所上海分所关于回购注销2024年度限制性股票激励计划第一类限制性股票实施情况的法律意见书,法律意见书,2025-11-21,https://data.eastmoney.com/notices/detail/688337/AN202511201784966493.html
688337,普源精电,普源精电:普源精电科技股份有限公司2024年限制性股票激励计划第一类限制性股票回购注销的实施公告,回购实施公告,2025-11-21,https://data.eastmoney.com/notices/detail/688337/AN202511201784966492.html
600276,恒瑞医药,恒瑞医药:H股公告-翌日披露报表,其他,2025-11-21,https://data.eastmoney.com/notices/detail/600276/AN202511201784966490.html
601865,福莱特,福莱特:福莱特H股公告(二零二五年第一次臨時股東大會代表委任表格),其他,2025-11-21,https://data.eastmoney.com/notices/detail/601865/AN202511201784966475.html
601865,福莱特,福莱特:福莱特H股公告(二零二五年第一次臨時股東大會通函),其他,2025-11-21,https://data.eastmoney.com/notices/detail/601865/AN202511201784966474.html
601865,福莱特,福莱特:福莱特H股公告(二零二五年第一次臨時股東大會通告),其他,2025-11-21,https://data.eastmoney.com/notices/detail/601865/AN202511201784966473.html
600757,长江传媒,长江传媒:长江传媒2025年第三次临时股东会决议公告,股东大会决议公告,2025-11-21,https://data.eastmoney.com/notices/detail/600757/AN202511201784963540.html
600757,长江传媒,长江传媒:长江传媒2025年第三次临时股东会法律意见,法律意见书,2025-11-21,https://data.eastmoney.com/notices/detail/600757/AN202511201784963541.html
600063,皖维高新,皖维高新:皖维高新关于间接控股股东拟发生变更的进展公告,其他,2025-11-21,https://data.eastmoney.com/notices/detail/600063/AN202511201784963523.html
002474,榕基软件,榕基软件:股票交易异常波动公告,股票交易异常波动,2025-11-21,https://data.eastmoney.com/notices/detail/002474/AN202511201784963522.html
601077,渝农商行,渝农商行:重庆农村商业银行股份有限公司关于股东权益变动事项的进展公告,权益变动报告书,2025-11-21,https://data.eastmoney.com/notices/detail/601077/AN202511201784963513.html
605228,神通科技,神通科技:浙商证券股份有限公司关于神通科技集团股份有限公司差异化分红事项的核查意见,保荐/核查意见,2025-11-21,https://data.eastmoney.com/notices/detail/605228/AN202511201784963514.html
601077,渝农商行,渝农商行:重庆农村商业银行股份有限公司第五届董事会第六十四次会议决议公告,董事会决议公告,2025-11-21,https://data.eastmoney.com/notices/detail/601077/AN202511201784963512.html
600527,江南高纤,江南高纤:江南高纤2025年第一次临时股东大会的法律意见书,法律意见书,2025-11-21,https://data.eastmoney.com/notices/detail/600527/AN202511201784963517.html
600527,江南高纤,江南高纤:江南高纤2025年第一次临时股东大会决议公告,股东大会决议公告,2025-11-21,https://data.eastmoney.com/notices/detail/600527/AN202511201784963519.html
605228,神通科技,神通科技:浙商证券股份有限公司关于神通科技集团股份有限公司“神通转债”转股价格调整的临时受托管理事务报告,其他,2025-11-21,https://data.eastmoney.com/notices/detail/605228/AN202511201784963516.html
605228,神通科技,神通科技:关于因利润分配调整“神通转债”转股价格的公告,其他,2025-11-21,https://data.eastmoney.com/notices/detail/605228/AN202511201784963518.html
605228,神通科技,神通科技:2025年前三季度权益分派实施公告,分配方案实施,2025-11-21,https://data.eastmoney.com/notices/detail/605228/AN202511201784963515.html
600576,祥源文旅,祥源文旅:关于股份回购事项前十名股东及前十名无限售条件股东持股情况的公告,回购进展情况,2025-11-21,https://data.eastmoney.com/notices/detail/600576/AN202511201784963505.html
002796,世嘉科技,世嘉科技:关于为子公司提供担保事项的进展公告,提供/对外担保公告,2025-11-21,https://data.eastmoney.com/notices/detail/002796/AN202511201784963494.html
002008,大族激光,大族激光:关于股东部分股份解除质押及质押的公告,股份质押、冻结,2025-11-21,https://data.eastmoney.com/notices/detail/002008/AN202511201784963492.html
000712,锦龙股份,锦龙股份:关于股东被司法拍卖股份部分完成过户暨权益变动的提示性公告,权益变动报告书,2025-11-21,https://data.eastmoney.com/notices/detail/000712/AN202511201784963491.html
603859,能科科技,能科科技:2025年第三次临时股东大会决议公告,股东大会决议公告,2025-11-21,https://data.eastmoney.com/notices/detail/603859/AN202511201784963487.html
601233,桐昆股份,桐昆股份:桐昆集团股份有限公司第二次临时股东大会决议公告,股东大会决议公告,2025-11-21,https://data.eastmoney.com/notices/detail/601233/AN202511201784963485.html
601233,桐昆股份,桐昆股份:2025年第二次临时股东大会的法律意见书,法律意见书,2025-11-21,https://data.eastmoney.com/notices/detail/601233/AN202511201784963486.html
603859,能科科技,能科科技:北京德恒律师事务所关于能科科技股份有限公司2025年第三次临时股东大会的法律意见,法律意见书,2025-11-21,https://data.eastmoney.com/notices/detail/603859/AN202511201784963484.html
600185,珠免集团,珠免集团:关于收到上海证券交易所《关于对珠海珠免集团股份有限公司重大资产出售暨关联交易草案的问询函》的公告,收到问询函公告,2025-11-21,https://data.eastmoney.com/notices/detail/600185/AN202511201784963476.html
601328,交通银行,交通银行:交通银行2025年第四次临时股东会资料,股东大会资料,2025-11-21,https://data.eastmoney.com/notices/detail/601328/AN202511201784963458.html
601799,星宇股份,星宇股份:北京市君合律师事务所关于常州星宇车灯股份有限公司2025年第二次临时股东会的法律意见书,法律意见书,2025-11-21,https://data.eastmoney.com/notices/detail/601799/AN202511201784963470.html
601799,星宇股份,星宇股份:星宇股份2025年第二次临时股东会决议公告,股东大会决议公告,2025-11-21,https://data.eastmoney.com/notices/detail/601799/AN202511201784963471.html
002272,川润股份,川润股份:关于变更保荐代表人的公告,保荐代表人（机构）变更,2025-11-21,https://data.eastmoney.com/notices/detail/002272/AN202511201784961556.html
002489,浙江永强,浙江永强:关于公司股东部分股份质押的公告,股份质押、冻结,2025-11-21,https://data.eastmoney.com/notices/detail/002489/AN202511201784961554.html
002865,钧达股份,钧达股份:关于为全资孙公司提供担保的公告,提供/对外担保公告,2025-11-21,https://data.eastmoney.com/notices/detail/002865/AN202511201784961552.html
002840,华统股份,华统股份:关于对外担保的进展公告,提供/对外担保公告,2025-11-21,https://data.eastmoney.com/notices/detail/002840/AN202511201784963457.html
601328,交通银行,交通银行:交通银行关于召开2025年第四次临时股东会的通知,召开股东大会通知,2025-11-21,https://data.eastmoney.com/notices/detail/601328/AN202511201784961533.html
600176,中国巨石,中国巨石:中国巨石股份质押公告,股份质押、冻结,2025-11-21,https://data.eastmoney.com/notices/detail/600176/AN202511201784961543.html
600176,中国巨石,中国巨石:中国巨石关于2025年度第八期科技创新债券发行结果的公告,其他,2025-11-21,https://data.eastmoney.com/notices/detail/600176/AN202511201784961542.html
600729,重百集团,重庆百货:重庆百货大楼股份有限公司关于公司股东权益变动的进展公告,权益变动报告书,2025-11-21,https://data.eastmoney.com/notices/detail/600729/AN202511201784961541.html
601528,瑞丰银行,瑞丰银行:浙江绍兴瑞丰农村商业银行股份有限公司关于选举产生职工董事的公告,高管人员任职变动,2025-11-21,https://data.eastmoney.com/notices/detail/601528/AN202511201784961529.html
603357,设计总院,设计总院:设计总院第四届董事会第二十五次会议决议公告,高管人员任职变动,2025-11-21,https://data.eastmoney.com/notices/detail/603357/AN202511201784961530.html
000060,中金岭南,中金岭南:关于提前赎回中金转债实施暨即将停止转股的重要提示性公告,其他,2025-11-21,https://data.eastmoney.com/notices/detail/000060/AN202511201784961501.html
688480,赛恩斯,赛恩斯:赛恩斯环保股份有限公司关于实际控制人续签一致行动协议的公告,签订协议,2025-11-21,https://data.eastmoney.com/notices/detail/688480/AN202511201784961493.html
600540,新赛股份,新赛股份:新疆赛里木现代农业股份有限公司关于对子公司流动资金借款担保计划的进展公告,提供/对外担保公告,2025-11-21,https://data.eastmoney.com/notices/detail/600540/AN202511201784961484.html
688767,博拓生物,博拓生物:博拓生物关于实际控制人及其一致行动人权益变动触及1%刻度的提示性公告,权益变动报告书,2025-11-21,https://data.eastmoney.com/notices/detail/688767/AN202511201784961483.html
601018,宁波港,宁波港:宁波舟山港股份有限公司关于召开2025年第三季度业绩说明会的公告,其他,2025-11-21,https://data.eastmoney.com/notices/detail/601018/AN202511201784961477.html
603014,威高血净,威高血净:华泰联合证券有限责任公司关于山东威高血液净化制品股份有限公司对合营企业同比例增资暨关联交易的核查意见,保荐/核查意见,2025-11-21,https://data.eastmoney.com/notices/detail/603014/AN202511201784961475.html
603014,威高血净,威高血净:山东威高血液净化制品股份有限公司第二届董事会第十八次会议决议公告,董事会决议公告,2025-11-21,https://data.eastmoney.com/notices/detail/603014/AN202511201784961474.html
603014,威高血净,威高血净:山东威高血液净化制品股份有限公司关于对合营企业同比例增资暨关联交易的公告,增资扩股,2025-11-21,https://data.eastmoney.com/notices/detail/603014/AN202511201784961476.html
301596,瑞迪智驱,瑞迪智驱:对外投资管理制度(2025年11月),管理办法/制度,2025-11-21,https://data.eastmoney.com/notices/detail/301596/AN202511201784959739.html
301596,瑞迪智驱,瑞迪智驱:成都瑞迪智驱科技股份有限公司章程(2025年11月),公司章程,2025-11-21,https://data.eastmoney.com/notices/detail/301596/AN202511201784959745.html
301596,瑞迪智驱,瑞迪智驱:董事会提名委员会工作制度(2025年11月),管理办法/制度,2025-11-21,https://data.eastmoney.com/notices/detail/301596/AN202511201784959755.html
301596,瑞迪智驱,瑞迪智驱:董事会办公室工作细则(2025年11月),议事规则/实施细则,2025-11-21,https://data.eastmoney.com/notices/detail/301596/AN202511201784959741.html
301596,瑞迪智驱,瑞迪智驱:筹融资管理制度(2025年11月),管理办法/制度,2025-11-21,https://data.eastmoney.com/notices/detail/301596/AN202511201784961464.html
301596,瑞迪智驱,瑞迪智驱:外部信息报送和使用管理制度(2025年11月),管理办法/制度,2025-11-21,https://data.eastmoney.com/notices/detail/301596/AN202511201784961468.html
301596,瑞迪智驱,瑞迪智驱:董事会战略与发展委员会工作制度(2025年11月),管理办法/制度,2025-11-21,https://data.eastmoney.com/notices/detail/301596/AN202511201784959752.html
301596,瑞迪智驱,瑞迪智驱:内部审计管理制度(2025年11月),管理办法/制度,2025-11-21,https://data.eastmoney.com/notices/detail/301596/AN202511201784959754.html
301596,瑞迪智驱,瑞迪智驱:董事会秘书工作制度(2025年11月),管理办法/制度,2025-11-21,https://data.eastmoney.com/notices/detail/301596/AN202511201784959738.html
301596,瑞迪智驱,瑞迪智驱:内部控制制度(2025年11月),内部控制报告,2025-11-21,https://data.eastmoney.com/notices/detail/301596/AN202511201784959736.html
301596,瑞迪智驱,瑞迪智驱:投资者关系管理制度(2025年11月),管理办法/制度,2025-11-21,https://data.eastmoney.com/notices/detail/301596/AN202511201784959746.html
301596,瑞迪智驱,瑞迪智驱:对外担保管理制度(2025年11月),管理办法/制度,2025-11-21,https://data.eastmoney.com/notices/detail/301596/AN202511201784959756.html
301596,瑞迪智驱,瑞迪智驱:第二届董事会第十四次会议决议公告,董事会决议公告,2025-11-21,https://data.eastmoney.com/notices/detail/301596/AN202511201784961461.html
301596,瑞迪智驱,瑞迪智驱:战略管理制度(2025年11月),管理办法/制度,2025-11-21,https://data.eastmoney.com/notices/detail/301596/AN202511201784961465.html
301596,瑞迪智驱,瑞迪智驱:财务报告制度(2025年11月),管理办法/制度,2025-11-21,https://data.eastmoney.com/notices/detail/301596/AN202511201784959735.html
301596,瑞迪智驱,瑞迪智驱:重大事项内部报告制度(2025年11月),管理办法/制度,2025-11-21,https://data.eastmoney.com/notices/detail/301596/AN202511201784961466.html
301596,瑞迪智驱,瑞迪智驱:董事、高级管理人员离职管理制度(2025年11月),管理办法/制度,2025-11-21,https://data.eastmoney.com/notices/detail/301596/AN202511201784961460.html
301596,瑞迪智驱,瑞迪智驱:信息披露管理制度(2025年11月),管理办法/制度,2025-11-21,https://data.eastmoney.com/notices/detail/301596/AN202511201784959747.html
301596,瑞迪智驱,瑞迪智驱:独立董事专门会议工作制度(2025年11月),管理办法/制度,2025-11-21,https://data.eastmoney.com/notices/detail/301596/AN202511201784961459.html
301596,瑞迪智驱,瑞迪智驱:内幕信息知情人登记制度(2025年11月),管理办法/制度,2025-11-21,https://data.eastmoney.com/notices/detail/301596/AN202511201784959748.html
301596,瑞迪智驱,瑞迪智驱:子公司管理制度(2025年11月),管理办法/制度,2025-11-21,https://data.eastmoney.com/notices/detail/301596/AN202511201784959737.html
301596,瑞迪智驱,瑞迪智驱:内部控制评价管理办法(2025年11月),管理办法/制度,2025-11-21,https://data.eastmoney.com/notices/detail/301596/AN202511201784961458.html
301596,瑞迪智驱,瑞迪智驱:独立董事工作制度(2025年11月),管理办法/制度,2025-11-21,https://data.eastmoney.com/notices/detail/301596/AN202511201784961469.html
301596,瑞迪智驱,瑞迪智驱:募集资金管理制度(2025年11月),管理办法/制度,2025-11-21,https://data.eastmoney.com/notices/detail/301596/AN202511201784959743.html
301596,瑞迪智驱,瑞迪智驱:总经理工作细则(2025年11月),议事规则/实施细则,2025-11-21,https://data.eastmoney.com/notices/detail/301596/AN202511201784961467.html
301596,瑞迪智驱,瑞迪智驱:董事长工作细则(2025年11月),议事规则/实施细则,2025-11-21,https://data.eastmoney.com/notices/detail/301596/AN202511201784959749.html
002568,百润股份,百润股份:关于百润转债回售的提示性公告,其他,2025-11-21,https://data.eastmoney.com/notices/detail/002568/AN202511201784959751.html
301596,瑞迪智驱,瑞迪智驱:关联交易管理制度(2025年11月),管理办法/制度,2025-11-21,https://data.eastmoney.com/notices/detail/301596/AN202511201784961463.html
301596,瑞迪智驱,瑞迪智驱:关于修订《公司章程》并办理工商变更登记及修订、制定公司制度的公告,公司章程修订,2025-11-21,https://data.eastmoney.com/notices/detail/301596/AN202511201784959753.html
301596,瑞迪智驱,瑞迪智驱:关于召开2025年第三次临时股东大会的通知,召开股东大会通知,2025-11-21,https://data.eastmoney.com/notices/detail/301596/AN202511201784959734.html
301596,瑞迪智驱,瑞迪智驱:董事会审计委员会工作制度(2025年11月),管理办法/制度,2025-11-21,https://data.eastmoney.com/notices/detail/301596/AN202511201784959750.html
301596,瑞迪智驱,瑞迪智驱:董事会议事规则(2025年11月),议事规则/实施细则,2025-11-21,https://data.eastmoney.com/notices/detail/301596/AN202511201784959744.html
301596,瑞迪智驱,瑞迪智驱:累积投票制实施细则(2025年11月),议事规则/实施细则,2025-11-21,https://data.eastmoney.com/notices/detail/301596/AN202511201784959740.html
301596,瑞迪智驱,瑞迪智驱:董事、高级管理人员薪酬管理制度(2025年11月),管理办法/制度,2025-11-21,https://data.eastmoney.com/notices/detail/301596/AN202511201784961457.html
301596,瑞迪智驱,瑞迪智驱:股东会议事规则(2025年11月),议事规则/实施细则,2025-11-21,https://data.eastmoney.com/notices/detail/301596/AN202511201784961462.html
301596,瑞迪智驱,瑞迪智驱:董事会薪酬与考核委员会工作制度(2025年11月),管理办法/制度,2025-11-21,https://data.eastmoney.com/notices/detail/301596/AN202511201784961470.html
600791,京能置业,京能置业:京能置业股份有限公司2025年第三次临时股东会决议公告,股东大会决议公告,2025-11-21,https://data.eastmoney.com/notices/detail/600791/AN202511201784959729.html
600791,京能置业,京能置业:京能置业2025年第三次临时股东会法律意见书,法律意见书,2025-11-21,https://data.eastmoney.com/notices/detail/600791/AN202511201784959728.html
603505,金石资源,金石资源:金石资源集团股份有限公司关于召开2025年第三季度业绩说明会的公告,其他,2025-11-21,https://data.eastmoney.com/notices/detail/603505/AN202511201784959725.html
603505,金石资源,金石资源:金石资源集团股份有限公司2025年前三季度权益分派实施公告,分配方案实施,2025-11-21,https://data.eastmoney.com/notices/detail/603505/AN202511201784959727.html
603505,金石资源,金石资源:北京市中伦律师事务所关于金石资源集团股份有限公司差异化分红事项之法律意见书,法律意见书,2025-11-21,https://data.eastmoney.com/notices/detail/603505/AN202511201784959726.html
688789,宏华数科,宏华数科:杭州宏华数码科技股份有限公司关于2024年限制性股票激励计划首次及预留授予第一个归属期归属结果暨股份上市的公告,限售股份上市流通,2025-11-21,https://data.eastmoney.com/notices/detail/688789/AN202511201784959724.html
688232,新点软件,新点软件:独立董事提名人声明与承诺(宋李兵),独立董事提名人声明,2025-11-21,https://data.eastmoney.com/notices/detail/688232/AN202511201784959700.html
688232,新点软件,新点软件:新点软件第二届董事会第二十二次会议决议公告,高管人员任职变动,2025-11-21,https://data.eastmoney.com/notices/detail/688232/AN202511201784959702.html
688232,新点软件,新点软件:新点软件关于召开2025年第五次临时股东会的通知,召开股东大会通知,2025-11-21,https://data.eastmoney.com/notices/detail/688232/AN202511201784959703.html
688232,新点软件,新点软件:独立董事提名人声明与承诺(刘博),独立董事提名人声明,2025-11-21,https://data.eastmoney.com/notices/detail/688232/AN202511201784959704.html
688232,新点软件,新点软件:独立董事候选人声明与承诺(陈立平),独立董事候选人声明,2025-11-21,https://data.eastmoney.com/notices/detail/688232/AN202511201784959699.html
688232,新点软件,新点软件:新点软件关于董事会换届选举的公告,高管人员任职变动,2025-11-21,https://data.eastmoney.com/notices/detail/688232/AN202511201784959701.html
688232,新点软件,新点软件:独立董事候选人声明与承诺(宋李兵),独立董事候选人声明,2025-11-21,https://data.eastmoney.com/notices/detail/688232/AN202511201784959707.html
603611,诺力股份,诺力股份:诺力股份关于为控股孙公司提供担保额度的进展公告,提供/对外担保公告,2025-11-21,https://data.eastmoney.com/notices/detail/603611/AN202511201784959694.html
688455,科捷智能,科捷智能:关于召开2025年第三季度业绩说明会的公告,其他,2025-11-21,https://data.eastmoney.com/notices/detail/688455/AN202511201784959696.html
688455,科捷智能,科捷智能:2025年第三次临时股东会会议资料,股东大会资料,2025-11-21,https://data.eastmoney.com/notices/detail/688455/AN202511201784959695.html
600207,安彩高科,安彩高科:安彩高科关于召开2025年第三季度业绩说明会的公告,其他,2025-11-21,https://data.eastmoney.com/notices/detail/600207/AN202511201784959677.html
600955,维远股份,维远股份:利华益维远化学股份有限公司关于2025年第三季度业绩说明会召开情况的公告,其他,2025-11-21,https://data.eastmoney.com/notices/detail/600955/AN202511201784959676.html
605339,南侨食品,南侨食品:南侨食品集团(上海)股份有限公司2025年10月归属母公司净利润简报,月度经营情况,2025-11-21,https://data.eastmoney.com/notices/detail/605339/AN202511201784959678.html
688583,思看科技,思看科技:关于召开2025年第三季度业绩说明会的公告,其他,2025-11-21,https://data.eastmoney.com/notices/detail/688583/AN202511201784959669.html
001212,中旗新材,中旗新材:关于中旗转债预计触发赎回条件的提示性公告,其他,2025-11-21,https://data.eastmoney.com/notices/detail/001212/AN202511201784958152.html
600979,广安爱众,广安爱众:四川广安爱众股份有限公司财务资助管理制度(修订稿),管理办法/制度,2025-11-21,https://data.eastmoney.com/notices/detail/600979/AN202511201784958141.html
600979,广安爱众,广安爱众:四川广安爱众股份有限公司第七届董事会第三十五次会议决议公告,高管人员任职变动,2025-11-21,https://data.eastmoney.com/notices/detail/600979/AN202511201784958138.html
600979,广安爱众,广安爱众:四川广安爱众股份有限公司关于聘任副总经理的公告,高管人员任职变动,2025-11-21,https://data.eastmoney.com/notices/detail/600979/AN202511201784958140.html
600979,广安爱众,广安爱众:四川广安爱众股份有限公司担保管理制度(修订稿),管理办法/制度,2025-11-21,https://data.eastmoney.com/notices/detail/600979/AN202511201784958139.html
600196,复星医药,复星医药:复星医药关于控股子公司药品纳入突破性治疗药物程序的提示性公告,其他,2025-11-21,https://data.eastmoney.com/notices/detail/600196/AN202511201784958104.html
600885,宏发股份,宏发股份:东方证券股份有限公司关于宏发科技股份有限公司公开发行可转换公司债券第一次临时受托管理事务报告(2025年度),其他,2025-11-21,https://data.eastmoney.com/notices/detail/600885/AN202511201784958125.html
601696,中银证券,中银证券:2024年度第三期短期融资券兑付完成公告,其他,2025-11-21,https://data.eastmoney.com/notices/detail/601696/AN202511201784958126.html
600885,宏发股份,宏发股份:关于控股股东权益变动触及1%刻度的提示性公告,权益变动报告书,2025-11-21,https://data.eastmoney.com/notices/detail/600885/AN202511201784958127.html
600885,宏发股份,宏发股份:关于提前赎回“宏发转债”的公告,其他,2025-11-21,https://data.eastmoney.com/notices/detail/600885/AN202511201784958123.html
601009,南京银行,南京银行:南京银行股份有限公司关于变更注册资本获监管机构核准的公告,公司注册资本变更,2025-11-21,https://data.eastmoney.com/notices/detail/601009/AN202511201784958119.html
600731,湖南海利,湖南海利:湖南海利2025年限制性股票激励计划首次授予结果公告,股权激励进展公告,2025-11-21,https://data.eastmoney.com/notices/detail/600731/AN202511201784958120.html
600941,中国移动,中国移动:2025年第九次董事会决议公告,高管人员任职变动,2025-11-21,https://data.eastmoney.com/notices/detail/600941/AN202511201784958093.html
600941,中国移动,中国移动:独立非执行董事的独立意见,专项说明/独立意见,2025-11-21,https://data.eastmoney.com/notices/detail/600941/AN202511201784958095.html
600941,中国移动,中国移动:关于日常关联交易的公告,关联交易,2025-11-21,https://data.eastmoney.com/notices/detail/600941/AN202511201784958094.html
000661,长春高新,长春高新:关于控股股东股权结构发生变更的公告,公司关联方基本资料变更,2025-11-21,https://data.eastmoney.com/notices/detail/000661/AN202511201784958113.html
001205,盛航股份,盛航股份:关于为控股子公司提供担保的进展公告,提供/对外担保公告,2025-11-21,https://data.eastmoney.com/notices/detail/001205/AN202511201784958111.html
003042,中农联合,中农联合:关于为全资子公司提供担保的进展公告,提供/对外担保公告,2025-11-21,https://data.eastmoney.com/notices/detail/003042/AN202511201784958112.html
603065,宿迁联盛,宿迁联盛:宿迁联盛关于募投项目延期的公告,变更募集资金投资项目,2025-11-21,https://data.eastmoney.com/notices/detail/603065/AN202511201784958108.html
603065,宿迁联盛,宿迁联盛:宿迁联盛第三届董事会第六次会议决议公告,董事会决议公告,2025-11-21,https://data.eastmoney.com/notices/detail/603065/AN202511201784958106.html
603065,宿迁联盛,宿迁联盛:宿迁联盛关于注销全资孙公司的公告,公司关联方基本资料变更,2025-11-21,https://data.eastmoney.com/notices/detail/603065/AN202511201784958107.html
603065,宿迁联盛,宿迁联盛:国泰海通证券股份有限公司关于宿迁联盛科技股份有限公司募投项目延期的核查意见,保荐/核查意见,2025-11-21,https://data.eastmoney.com/notices/detail/603065/AN202511201784958105.html
603083,剑桥科技,剑桥科技:2024年股票期权激励计划第一个行权期行权结果暨股份上市公告,股权激励行权结果,2025-11-21,https://data.eastmoney.com/notices/detail/603083/AN202511201784956439.html
603681,永冠新材,永冠新材:上海永冠众诚新材料科技(集团)股份有限公司关于注销2021年股票期权激励计划部分股票期权的公告,股权激励进展公告,2025-11-21,https://data.eastmoney.com/notices/detail/603681/AN202511201784956425.html
603681,永冠新材,永冠新材:上海市广发律师事务所关于上海永冠众诚新材料科技(集团)股份有限公司2021年股票期权激励计划相关事项的法律意见,法律意见书,2025-11-21,https://data.eastmoney.com/notices/detail/603681/AN202511201784956424.html
600009,上海机场,上海机场:上海机场第九届董事会第二十八次会议决议公告,董事会决议公告,2025-11-21,https://data.eastmoney.com/notices/detail/600009/AN202511201784956408.html
600009,上海机场,上海机场:上海机场关于召开2025年第一次临时股东会的通知,召开股东大会通知,2025-11-21,https://data.eastmoney.com/notices/detail/600009/AN202511201784956403.html
600009,上海机场,上海机场:《上海国际机场股份有限公司章程》(2025年11月修订),公司章程修订,2025-11-21,https://data.eastmoney.com/notices/detail/600009/AN202511201784956407.html
600009,上海机场,上海机场:上海机场关于减少公司注册资本暨修订公司章程的公告,公司注册资本变更,2025-11-21,https://data.eastmoney.com/notices/detail/600009/AN202511201784956406.html
600009,上海机场,上海机场:《上海浦东机场四期扩建工程航站区工程涉及海天五路2号“上海国际机场股份有限公司”土地使用权价格及附属设施估价报告》(沪城估(2025)(估)字第02051号),其他,2025-11-21,https://data.eastmoney.com/notices/detail/600009/AN202511201784956401.html
600009,上海机场,上海机场:上海机场关于签订国有土地使用权收回及设施补偿协议暨关联交易的公告,签订协议,2025-11-21,https://data.eastmoney.com/notices/detail/600009/AN202511201784956404.html
603888,新华网,新华网:新华网股份有限公司关于全资子公司新华网创业投资有限公司参与投资设立中保投信思创(嘉兴)股权投资合伙企业(有限合伙)的公告,投资设立公司,2025-11-21,https://data.eastmoney.com/notices/detail/603888/AN202511201784956405.html
600009,上海机场,上海机场:上海机场关于向机场集团转让浦东机场三期扩建相关捷运资产暨关联交易的公告,关联交易,2025-11-21,https://data.eastmoney.com/notices/detail/600009/AN202511201784956400.html
600009,上海机场,上海机场:《上海国际机场股份有限公司拟向上海机场(集团)有限公司资产协议转让行为涉及的部分资产评估报告》(沪财瑞评报字(2025)第2075号),其他,2025-11-21,https://data.eastmoney.com/notices/detail/600009/AN202511201784956402.html
603855,华荣股份,华荣股份:德恒上海律师事务所关于华荣科技股份有限公司2023年限制性股票激励计划第二个解除限售期解除限售条件成就的法律意见,法律意见书,2025-11-21,https://data.eastmoney.com/notices/detail/603855/AN202511201784956382.html
603855,华荣股份,华荣股份:关于2023年限制性股票激励计划第二个解除限售期解除限售条件成就的公告,限售股份上市流通,2025-11-21,https://data.eastmoney.com/notices/detail/603855/AN202511201784956384.html
603855,华荣股份,华荣股份:公司董事会薪酬与考核委员会关于2023年限制性股票激励计划第二个解除限售期解除限售条件成就的核查意见,保荐/核查意见,2025-11-21,https://data.eastmoney.com/notices/detail/603855/AN202511201784956383.html
002810,山东赫达,山东赫达:关于变更签字注册会计师的公告,公司关联方基本资料变更,2025-11-21,https://data.eastmoney.com/notices/detail/002810/AN202511201784956381.html
600370,*ST三房,三房巷:江苏三房巷聚材股份有限公司关于控股股东部分股份解除质押及再质押的公告,股份质押、冻结,2025-11-21,https://data.eastmoney.com/notices/detail/600370/AN202511201784956379.html
601021,春秋航空,春秋航空:春秋航空关于以集中竞价交易方式首次回购公司股份的公告,回购实施公告,2025-11-21,https://data.eastmoney.com/notices/detail/601021/AN202511201784956364.html
600760,中航沈飞,中航沈飞:中航沈飞股份有限公司关于使用募集资金置换预先投入募投项目及已支付发行费用的自筹资金的公告,募集资金使用情况报告,2025-11-21,https://data.eastmoney.com/notices/detail/600760/AN202511201784955035.html
600760,中航沈飞,中航沈飞:中航证券有限公司关于中航沈飞股份有限公司使用募集资金置换预先投入募投项目及已支付发行费用的自筹资金的核查意见,保荐/核查意见,2025-11-21,https://data.eastmoney.com/notices/detail/600760/AN202511201784955030.html
600760,中航沈飞,中航沈飞:中航沈飞股份有限公司关于2025年度日常关联交易执行情况及2026年度日常关联交易预计情况的公告,关联交易,2025-11-21,https://data.eastmoney.com/notices/detail/600760/AN202511201784955031.html
600760,中航沈飞,中航沈飞:中信建投证券股份有限公司关于中航沈飞股份有限公司使用募集资金置换预先投入募投项目及已支付发行费用的自筹资金的核查意见,保荐/核查意见,2025-11-21,https://data.eastmoney.com/notices/detail/600760/AN202511201784955028.html
600760,中航沈飞,中航沈飞:中航沈飞股份有限公司董事会独立董事专门会议2025年第五次会议的审核意见,专项说明/独立意见,2025-11-21,https://data.eastmoney.com/notices/detail/600760/AN202511201784955026.html
600760,中航沈飞,中航沈飞:中航沈飞股份有限公司第十届董事会第二十次会议决议公告,董事会决议公告,2025-11-21,https://data.eastmoney.com/notices/detail/600760/AN202511201784955032.html
600760,中航沈飞,中航沈飞:中航沈飞股份有限公司关于召开2025年第三次临时股东会的通知,召开股东大会通知,2025-11-21,https://data.eastmoney.com/notices/detail/600760/AN202511201784955037.html
600760,中航沈飞,中航沈飞:中航沈飞股份有限公司环境、社会与公司治理(ESG)管理制度(2025年11月),管理办法/制度,2025-11-21,https://data.eastmoney.com/notices/detail/600760/AN202511201784955034.html
600760,中航沈飞,中航沈飞:中信建投证券股份有限公司关于中航沈飞股份有限公司部分募集资金投资项目延期及建设内容优化调整的核查意见,保荐/核查意见,2025-11-21,https://data.eastmoney.com/notices/detail/600760/AN202511201784955033.html
600760,中航沈飞,中航沈飞:中航证券有限公司关于中航沈飞股份有限公司部分募集资金投资项目延期及建设内容优化调整的核查意见,保荐/核查意见,2025-11-21,https://data.eastmoney.com/notices/detail/600760/AN202511201784955025.html
600760,中航沈飞,中航沈飞:中航沈飞股份有限公司关于部分募集资金投资项目延期及建设内容优化调整的公告,变更募集资金投资项目,2025-11-21,https://data.eastmoney.com/notices/detail/600760/AN202511201784955027.html
600760,中航沈飞,中航沈飞:中航沈飞股份有限公司董事会审计委员会关于中航沈飞2025年度日常关联交易执行情况及2026年度日常关联交易预计情况的审核意见,专项说明/独立意见,2025-11-21,https://data.eastmoney.com/notices/detail/600760/AN202511201784955029.html
600760,中航沈飞,中航沈飞:中航沈飞股份有限公司使用募集资金置换预先投入募投项目及已支付发行费用的自筹资金的审核报告,保荐/核查意见,2025-11-21,https://data.eastmoney.com/notices/detail/600760/AN202511201784955036.html
600362,江西铜业,江西铜业:江西铜业股份有限公司关于召开2025年第三季度业绩说明会的公告,其他,2025-11-21,https://data.eastmoney.com/notices/detail/600362/AN202511201784954961.html
600362,江西铜业,江西铜业:北京德恒律师事务所关于江西铜业股份有限公司差异化分红事项的法律意见,法律意见书,2025-11-21,https://data.eastmoney.com/notices/detail/600362/AN202511201784954962.html
600362,江西铜业,江西铜业:江西铜业股份有限公司2025年半年度权益分派实施公告,分配方案实施,2025-11-21,https://data.eastmoney.com/notices/detail/600362/AN202511201784954963.html
603833,欧派家居,欧派家居:欧派家居关于为控股子公司提供担保的公告,提供/对外担保公告,2025-11-21,https://data.eastmoney.com/notices/detail/603833/AN202511201784955010.html
688420,美腾科技,美腾科技:独立董事提名人声明与承诺(康鹏),独立董事提名人声明,2025-11-21,https://data.eastmoney.com/notices/detail/688420/AN202511201784954980.html
688420,美腾科技,美腾科技:天津美腾科技股份有限公司关于公司董事会换届选举的公告,高管人员任职变动,2025-11-21,https://data.eastmoney.com/notices/detail/688420/AN202511201784954994.html
688420,美腾科技,美腾科技:天津美腾科技股份有限公司章程,公司章程,2025-11-21,https://data.eastmoney.com/notices/detail/688420/AN202511201784954998.html
688420,美腾科技,美腾科技:独立董事候选人声明与承诺(邢月改),独立董事候选人声明,2025-11-21,https://data.eastmoney.com/notices/detail/688420/AN202511201784955003.html
688420,美腾科技,美腾科技:天津美腾科技股份有限公司对外投资管理制度,管理办法/制度,2025-11-21,https://data.eastmoney.com/notices/detail/688420/AN202511201784954985.html
688420,美腾科技,美腾科技:天津美腾科技股份有限公司第二届监事会第十八次会议决议公告,监事会决议公告,2025-11-21,https://data.eastmoney.com/notices/detail/688420/AN202511201784954993.html
688420,美腾科技,美腾科技:天津美腾科技股份有限公司内部审计制度,管理办法/制度,2025-11-21,https://data.eastmoney.com/notices/detail/688420/AN202511201784954978.html
688420,美腾科技,美腾科技:天津美腾科技股份有限公司独立董事工作制度,管理办法/制度,2025-11-21,https://data.eastmoney.com/notices/detail/688420/AN202511201784954987.html
688420,美腾科技,美腾科技:天津美腾科技股份有限公司关于终止部分募投项目并将剩余募集资金继续存放募集资金专户管理以及部分募投项目延期的公告,募集资金使用情况报告,2025-11-21,https://data.eastmoney.com/notices/detail/688420/AN202511201784954984.html
688420,美腾科技,美腾科技:天津美腾科技股份有限公司关于变更注册地址、增加经营范围、取消监事会、修改《公司章程》并办理工商变更登记以及制定、修订、废止部分公司内部制度的公告,公司经营范围变更,2025-11-21,https://data.eastmoney.com/notices/detail/688420/AN202511201784954976.html
688420,美腾科技,美腾科技:天津美腾科技股份有限公司信息披露暂缓与豁免制度,管理办法/制度,2025-11-21,https://data.eastmoney.com/notices/detail/688420/AN202511201784954988.html
688420,美腾科技,美腾科技:天津美腾科技股份有限公司董事会议事规则,议事规则/实施细则,2025-11-21,https://data.eastmoney.com/notices/detail/688420/AN202511201784954999.html
688420,美腾科技,美腾科技:华泰联合证券有限责任公司关于天津美腾科技股份有限公司终止部分募投项目并将剩余募集资金继续存放募集资金专户管理以及部分募投项目延期事项的核查意见,保荐/核查意见,2025-11-21,https://data.eastmoney.com/notices/detail/688420/AN202511201784954997.html
688420,美腾科技,美腾科技:天津美腾科技股份有限公司累积投票制度实施细则,议事规则/实施细则,2025-11-21,https://data.eastmoney.com/notices/detail/688420/AN202511201784954975.html
688420,美腾科技,美腾科技:天津美腾科技股份有限公司信息披露管理制度,管理办法/制度,2025-11-21,https://data.eastmoney.com/notices/detail/688420/AN202511201784954982.html
688420,美腾科技,美腾科技:天津美腾科技股份有限公司董事及高级管理人员薪酬管理制度,管理办法/制度,2025-11-21,https://data.eastmoney.com/notices/detail/688420/AN202511201784954992.html
688420,美腾科技,美腾科技:天津美腾科技股份有限公司股东会议事规则,议事规则/实施细则,2025-11-21,https://data.eastmoney.com/notices/detail/688420/AN202511201784954983.html
688420,美腾科技,美腾科技:独立董事候选人声明与承诺(康鹏),独立董事候选人声明,2025-11-21,https://data.eastmoney.com/notices/detail/688420/AN202511201784955001.html
688420,美腾科技,美腾科技:独立董事提名人声明与承诺(邢月改),独立董事提名人声明,2025-11-21,https://data.eastmoney.com/notices/detail/688420/AN202511201784954981.html
688420,美腾科技,美腾科技:独立董事提名人声明与承诺(何勇军),独立董事提名人声明,2025-11-21,https://data.eastmoney.com/notices/detail/688420/AN202511201784954977.html
688420,美腾科技,美腾科技:天津美腾科技股份有限公司募集资金管理制度,管理办法/制度,2025-11-21,https://data.eastmoney.com/notices/detail/688420/AN202511201784954989.html
688420,美腾科技,美腾科技:天津美腾科技股份有限公司防范控股股东或实际控制人及其他关联方资金占用制度,管理办法/制度,2025-11-21,https://data.eastmoney.com/notices/detail/688420/AN202511201784954979.html
688420,美腾科技,美腾科技:天津美腾科技股份有限公司对外担保管理制度,管理办法/制度,2025-11-21,https://data.eastmoney.com/notices/detail/688420/AN202511201784954996.html
688420,美腾科技,美腾科技:天津美腾科技股份有限公司关联交易管理制度,管理办法/制度,2025-11-21,https://data.eastmoney.com/notices/detail/688420/AN202511201784954974.html
688420,美腾科技,美腾科技:天津美腾科技股份有限公司董事、高级管理人员所持公司股份及其变动管理制度,管理办法/制度,2025-11-21,https://data.eastmoney.com/notices/detail/688420/AN202511201784955004.html
688420,美腾科技,美腾科技:天津美腾科技股份有限公司第二届董事会提名委员会2025年第一次会议决议,其他,2025-11-21,https://data.eastmoney.com/notices/detail/688420/AN202511201784954995.html
688420,美腾科技,美腾科技:天津美腾科技股份有限公司关于召开2025年第二次临时股东大会的通知,召开股东大会通知,2025-11-21,https://data.eastmoney.com/notices/detail/688420/AN202511201784955000.html
688420,美腾科技,美腾科技:独立董事候选人声明与承诺(何勇军),独立董事候选人声明,2025-11-21,https://data.eastmoney.com/notices/detail/688420/AN202511201784955002.html
688420,美腾科技,美腾科技:天津美腾科技股份有限公司第二届董事会第二十一次会议决议公告,高管人员任职变动,2025-11-21,https://data.eastmoney.com/notices/detail/688420/AN202511201784954990.html
688420,美腾科技,美腾科技:天津美腾科技股份有限公司关于续聘会计师事务所的公告,审计机构变更,2025-11-21,https://data.eastmoney.com/notices/detail/688420/AN202511201784954986.html
688420,美腾科技,美腾科技:天津美腾科技股份有限公司投资者关系管理制度,管理办法/制度,2025-11-21,https://data.eastmoney.com/notices/detail/688420/AN202511201784954991.html
688298,东方生物,东方生物:国浩律师(杭州)事务所关于浙江东方基因生物制品股份有限公司2025年第二次临时股东会法律意见书,法律意见书,2025-11-21,https://data.eastmoney.com/notices/detail/688298/AN202511201784953334.html
688298,东方生物,东方生物:2025年第二次临时股东会决议公告,股东大会决议公告,2025-11-21,https://data.eastmoney.com/notices/detail/688298/AN202511201784953335.html
603392,万泰生物,万泰生物:万泰生物2025年第二次临时股东会会议资料,股东大会资料,2025-11-21,https://data.eastmoney.com/notices/detail/603392/AN202511201784953333.html
600018,上港集团,上港集团:上港集团与关联人共同投资关联交易进展公告,关联交易,2025-11-21,https://data.eastmoney.com/notices/detail/600018/AN202511201784953327.html
603903,中持股份,中持股份:中持水务股份有限公司关于为全资子公司提供融资担保的公告,提供/对外担保公告,2025-11-21,https://data.eastmoney.com/notices/detail/603903/AN202511201784953316.html
002868,绿康生化,*ST绿康:关于召开2025年第四次临时股东会的提示性公告,召开股东大会提示性公告,2025-11-21,https://data.eastmoney.com/notices/detail/002868/AN202511201784953315.html
600939,重庆建工,重庆建工:重庆建工关于“建工转债”到期兑付暨摘牌的第三次提示性公告,其他,2025-11-21,https://data.eastmoney.com/notices/detail/600939/AN202511201784953309.html
600515,海南机场,海南机场:海南机场设施股份有限公司关于完成工商变更登记并取得营业执照的公告,公司其他基本信息变更,2025-11-21,https://data.eastmoney.com/notices/detail/600515/AN202511201784953297.html
605507,国邦医药,国邦医药:国邦医药关于召开2025年第三季度业绩说明会的公告,其他,2025-11-21,https://data.eastmoney.com/notices/detail/605507/AN202511201784953299.html
600128,苏豪弘业,苏豪弘业:苏豪弘业关于债务人清盘进展的公告,其他,2025-11-21,https://data.eastmoney.com/notices/detail/600128/AN202511201784953296.html
600128,苏豪弘业,苏豪弘业:苏豪弘业关于参加江苏省苏豪控股集团有限公司控股上市公司集体投资者交流会暨召开2025年第三季度业绩说明会的公告,其他,2025-11-21,https://data.eastmoney.com/notices/detail/600128/AN202511201784953298.html
601865,福莱特,福莱特:福莱特玻璃集团股份有限公司关于召开2025年第一次临时股东大会的通知,召开股东大会通知,2025-11-21,https://data.eastmoney.com/notices/detail/601865/AN202511201784953284.html
002868,绿康生化,*ST绿康:关于控股股东部分股票解除质押的公告,股份质押、冻结,2025-11-21,https://data.eastmoney.com/notices/detail/002868/AN202511201784950948.html
603200,上海洗霸,上海洗霸:上海洗霸科技股份有限公司自有资金委托理财进展公告,委托（受托）事项,2025-11-21,https://data.eastmoney.com/notices/detail/603200/AN202511201784950915.html
601279,英利汽车,英利汽车:长春英利汽车工业股份有限公司股票交易异常波动公告,股票交易异常波动,2025-11-21,https://data.eastmoney.com/notices/detail/601279/AN202511201784950916.html
600663,陆家嘴,陆家嘴:关于董事离任的公告,高管人员任职变动,2025-11-21,https://data.eastmoney.com/notices/detail/600663/AN202511201784950914.html
688381,帝奥微,帝奥微:关于筹划发行股份及支付现金购买资产并募集配套资金事项的进展公告,其他增发事项公告,2025-11-21,https://data.eastmoney.com/notices/detail/688381/AN202511201784950906.html
601368,绿城水务,绿城水务:广西绿城水务集团股份有限公司关于增加国有独享资本公积的公告,其他,2025-11-21,https://data.eastmoney.com/notices/detail/601368/AN202511201784950904.html
601368,绿城水务,绿城水务:广西绿城水务集团股份有限公司关于召开2025年第三次临时股东会的通知,召开股东大会通知,2025-11-21,https://data.eastmoney.com/notices/detail/601368/AN202511201784950901.html
601368,绿城水务,绿城水务:广西绿城水务集团股份有限公司第五届董事会第二十九次会议决议,董事会决议公告,2025-11-21,https://data.eastmoney.com/notices/detail/601368/AN202511201784950903.html
601368,绿城水务,绿城水务:广西绿城水务集团股份有限公司第五届董事会第二十九次会议决议公告,董事会决议公告,2025-11-21,https://data.eastmoney.com/notices/detail/601368/AN202511201784950902.html
601069,西部黄金,西部黄金:西部黄金股份有限公司2025年第四次临时股东会会议资料,股东大会资料,2025-11-21,https://data.eastmoney.com/notices/detail/601069/AN202511201784950900.html
603787,新日股份,新日股份:关于控股股东一致行动人部分股票质押展期的公告,股份质押、冻结,2025-11-21,https://data.eastmoney.com/notices/detail/603787/AN202511201784950899.html
600769,祥龙电业,祥龙电业:武汉祥龙电业股份有限公司关于召开2025年第三季度业绩说明会的公告,其他,2025-11-21,https://data.eastmoney.com/notices/detail/600769/AN202511201784950898.html
600313,农发种业,农发种业:中农发种业集团股份有限公司关于2026年度使用暂时闲置自有资金进行现金管理的公告,投资理财,2025-11-21,https://data.eastmoney.com/notices/detail/600313/AN202511201784950879.html
600313,农发种业,农发种业:中农发种业集团股份有限公司关于使用公积金弥补亏损的公告,其他,2025-11-21,https://data.eastmoney.com/notices/detail/600313/AN202511201784950880.html
600313,农发种业,农发种业:中农发种业集团股份有限公司第七届董事会第五十四次会议决议公告,董事会决议公告,2025-11-21,https://data.eastmoney.com/notices/detail/600313/AN202511201784950876.html
600313,农发种业,农发种业:中农发种业集团股份有限公司关于续聘会计师事务所公告,审计机构变更,2025-11-21,https://data.eastmoney.com/notices/detail/600313/AN202511201784950878.html
600313,农发种业,农发种业:中农发种业集团股份有限公司关于召开2025年第三次临时股东会的通知,召开股东大会通知,2025-11-21,https://data.eastmoney.com/notices/detail/600313/AN202511201784950877.html
600313,农发种业,农发种业:中农发种业集团股份有限公司关于控股子公司增加2025年度日常关联交易额度的公告,其他,2025-11-21,https://data.eastmoney.com/notices/detail/600313/AN202511201784950875.html
688291,金橙子,金橙子:2025年第三次临时股东会会议资料,股东大会资料,2025-11-21,https://data.eastmoney.com/notices/detail/688291/AN202511201784950867.html
601116,三江购物,三江购物:三江购物关于收到非住宅房屋征收货币补偿资金的进展公告,其他,2025-11-21,https://data.eastmoney.com/notices/detail/601116/AN202511201784950235.html
603813,原尚股份,*ST原尚:广东原尚物流股份有限公司股票交易异常波动公告,股票交易异常波动,2025-11-21,https://data.eastmoney.com/notices/detail/603813/AN202511201784950234.html
600577,精达股份,精达股份:精达股份关于实际控制人及其一致行动人权益变动触及1%刻度的提示性公告,权益变动报告书,2025-11-21,https://data.eastmoney.com/notices/detail/600577/AN202511201784947614.html
601609,金田股份,金田股份:金田股份关于“金田转债”变更转股股份来源的公告,其他,2025-11-21,https://data.eastmoney.com/notices/detail/601609/AN202511201784947594.html
000739,普洛药业,普洛药业:关于获得药品注册证书的公告,获得认证,2025-11-21,https://data.eastmoney.com/notices/detail/000739/AN202511201784947593.html
600332,白云山,白云山:广州白云山医药集团股份有限公司关于召开2025年第三季度业绩说明会的公告,其他,2025-11-21,https://data.eastmoney.com/notices/detail/600332/AN202511201784944547.html
002202,金风科技,金风科技:关于股份回购期限过半尚未实施回购A股股份的公告,回购实施公告,2025-11-21,https://data.eastmoney.com/notices/detail/002202/AN202511201784944543.html
002971,和远气体,和远气体:关于控股股东的一致行动人部分股份质押的公告,股份质押、冻结,2025-11-21,https://data.eastmoney.com/notices/detail/002971/AN202511201784944542.html
688087,英科再生,英科再生:英科再生资源股份有限公司2025年第三次临时股东会会议资料,股东大会资料,2025-11-21,https://data.eastmoney.com/notices/detail/688087/AN202511201784944525.html
601700,风范股份,风范股份:关于对外担保进展的公告,提供/对外担保公告,2025-11-21,https://data.eastmoney.com/notices/detail/601700/AN202511201784944523.html
002326,永太科技,永太科技:关于控股股东部分股权解除质押的公告,股份质押、冻结,2025-11-21,https://data.eastmoney.com/notices/detail/002326/AN202511201784944476.html
002541,鸿路钢构,鸿路钢构:关于鸿路转债回售的第一次提示性公告,其他,2025-11-21,https://data.eastmoney.com/notices/detail/002541/AN202511201784944475.html
603139,康惠股份,康惠股份:康惠股份关于新增2025年度日常关联交易预计额度的公告,关联交易,2025-11-21,https://data.eastmoney.com/notices/detail/603139/AN202511201784944465.html
000761,本钢板材,本钢板材:本钢板材股份有限公司关于重大资产置换暨关联交易的进展公告,关联交易,2025-11-21,https://data.eastmoney.com/notices/detail/000761/AN202511201784944463.html
600262,北方股份,北方股份:内蒙古北方重型汽车股份有限公司关于召开2025年第三季度业绩说明会的公告,其他,2025-11-21,https://data.eastmoney.com/notices/detail/600262/AN202511201784944464.html
603609,禾丰股份,禾丰股份:禾丰股份关于股票回购专项借款展期的公告,借贷,2025-11-21,https://data.eastmoney.com/notices/detail/603609/AN202511201784939951.html
688011,新光光电,新光光电:哈尔滨新光光电科技股份有限公司关于非独立董事辞任暨选举职工代表董事的公告,高管人员任职变动,2025-11-21,https://data.eastmoney.com/notices/detail/688011/AN202511201784939943.html
603091,众鑫股份,众鑫股份:关于开立募集资金现金管理产品专用结算账户的公告,投资理财,2025-11-21,https://data.eastmoney.com/notices/detail/603091/AN202511201784939940.html
603690,至纯科技,至纯科技:关于第一期员工持股计划完成股票非交易过户的公告,员工持股计划,2025-11-21,https://data.eastmoney.com/notices/detail/603690/AN202511201784939934.html
600448,华纺股份,华纺股份:关于召开2025年第三季度业绩说明会的公告,其他,2025-11-21,https://data.eastmoney.com/notices/detail/600448/AN202511201784939933.html
301168,通灵股份,通灵股份:关于注销部分募集资金账户的公告,募集资金使用情况报告,2025-11-21,https://data.eastmoney.com/notices/detail/301168/AN202511201784939929.html
688116,天奈科技,天奈科技:天奈科技关于2022年限制性股票激励计划预留授予部分第三个归属期归属结果暨股份上市的公告,限售股份上市流通,2025-11-21,https://data.eastmoney.com/notices/detail/688116/AN202511201784939924.html
002878,元隆雅图,元隆雅图:关于归还用于暂时补充流动资金的部分闲置募集资金的公告,归还募集资金,2025-11-21,https://data.eastmoney.com/notices/detail/002878/AN202511201784939919.html
600561,江西长运,江西长运:江西长运关于召开2025年第三季度业绩说明会的公告,其他,2025-11-21,https://data.eastmoney.com/notices/detail/600561/AN202511201784939907.html
688439,振华风光,振华风光:贵州振华风光半导体股份有限公司2025年第三次临时股东会会议资料,股东大会资料,2025-11-21,https://data.eastmoney.com/notices/detail/688439/AN202511201784939897.html
000630,铜陵有色,铜陵有色:募集资金管理制度,管理办法/制度,2025-11-21,https://data.eastmoney.com/notices/detail/000630/AN202511201784939890.html
000630,铜陵有色,铜陵有色:关联交易管理制度,管理办法/制度,2025-11-21,https://data.eastmoney.com/notices/detail/000630/AN202511201784939895.html
000630,铜陵有色,铜陵有色:关于召开2025年第三次临时股东会的通知,召开股东大会通知,2025-11-21,https://data.eastmoney.com/notices/detail/000630/AN202511201784939891.html
001218,丽臣实业,丽臣实业:关于公司募集资金专项账户全部注销完成的公告,其他,2025-11-21,https://data.eastmoney.com/notices/detail/001218/AN202511201784939888.html
000630,铜陵有色,铜陵有色:对外投资管理办法,管理办法/制度,2025-11-21,https://data.eastmoney.com/notices/detail/000630/AN202511201784939892.html
002791,坚朗五金,坚朗五金:关于为全资子公司向银行申请综合授信提供担保的进展公告,提供/对外担保公告,2025-11-21,https://data.eastmoney.com/notices/detail/002791/AN202511201784939893.html
000630,铜陵有色,铜陵有色:十届二十七次董事会会议决议公告,高管人员任职变动,2025-11-21,https://data.eastmoney.com/notices/detail/000630/AN202511201784939887.html
600618,氯碱化工,氯碱化工:氯碱化工关于召开2025年第三季度业绩说明会的公告,其他,2025-11-21,https://data.eastmoney.com/notices/detail/600618/AN202511201784939886.html
603199,九华旅游,九华旅游:九华旅游第九届董事会第八次会议决议公告,董事会决议公告,2025-11-21,https://data.eastmoney.com/notices/detail/603199/AN202511201784939876.html
000630,铜陵有色,铜陵有色:对外担保管理制度,管理办法/制度,2025-11-21,https://data.eastmoney.com/notices/detail/000630/AN202511201784939874.html
603370,华新精科,华新精科:关于使用部分闲置募集资金进行现金管理到期赎回的公告,投资理财,2025-11-21,https://data.eastmoney.com/notices/detail/603370/AN202511201784939860.html
603370,华新精科,华新精科:2025年第三季度业绩说明会投资者关系活动记录表,调研活动,2025-11-21,https://data.eastmoney.com/notices/detail/603370/AN202511201784939859.html
600375,汉马科技,汉马科技:汉马科技关于公司营销分公司诉讼事项进展的公告,诉讼仲裁,2025-11-21,https://data.eastmoney.com/notices/detail/600375/AN202511201784935339.html
603100,川仪股份,川仪股份:川仪股份2025年第三次临时股东大会会议资料,股东大会资料,2025-11-21,https://data.eastmoney.com/notices/detail/603100/AN202511201784935328.html
600353,旭光电子,旭光电子:旭光电子关于第二期员工持股计划存续期即将届满的提示性公告,员工持股计划,2025-11-21,https://data.eastmoney.com/notices/detail/600353/AN202511201784935317.html
600353,旭光电子,旭光电子:旭光电子关于召开2025年第三季度业绩说明会的公告,其他,2025-11-21,https://data.eastmoney.com/notices/detail/600353/AN202511201784935318.html
002926,华西证券,华西证券:华西证券股份有限公司关于监事离任的公告,高管人员任职变动,2025-11-21,https://data.eastmoney.com/notices/detail/002926/AN202511201784935314.html
000711,ST京蓝,ST京蓝:关于控股股东部分股份质押的公告,股份质押、冻结,2025-11-21,https://data.eastmoney.com/notices/detail/000711/AN202511201784935310.html
002734,利民股份,利民股份:公司关于子公司新型高效多功能植保原药技改项目取得环评批复的公告,其他,2025-11-21,https://data.eastmoney.com/notices/detail/002734/AN202511201784935309.html
000504,南华生物,*ST生物:南华生物关于债权转让暨关联交易的进展公告,关联交易,2025-11-21,https://data.eastmoney.com/notices/detail/000504/AN202511201784935312.html
000035,中国天楹,中国天楹:关于控股股东部分股份解除质押的公告,股份质押、冻结,2025-11-21,https://data.eastmoney.com/notices/detail/000035/AN202511201784935311.html
300103,达刚控股,达刚控股:关于全资子公司达刚智慧电力完成工商变更登记的公告,公司关联方基本资料变更,2025-11-21,https://data.eastmoney.com/notices/detail/300103/AN202511201784935313.html
688119,中钢洛耐,中钢洛耐:中钢洛耐股东减持股份计划完成暨减持股份结果公告,股东/实际控制人股份减持,2025-11-21,https://data.eastmoney.com/notices/detail/688119/AN202511201784935302.html
603665,康隆达,康隆达:康隆达关于股东部分股份解除质押及质押的公告,股份质押、冻结,2025-11-21,https://data.eastmoney.com/notices/detail/603665/AN202511201784935294.html
603992,松霖科技,松霖科技:2025年第三次临时股东会会议资料,股东大会资料,2025-11-21,https://data.eastmoney.com/notices/detail/603992/AN202511201784935293.html
603180,金牌家居,金牌家居:金牌家居关于“金23转债”预计触发转股价格向下修正条件的提示性公告,其他,2025-11-21,https://data.eastmoney.com/notices/detail/603180/AN202511201784935292.html
600961,株冶集团,株冶集团:株冶集团2025年第三次临时股东会会议资料,股东大会资料,2025-11-21,https://data.eastmoney.com/notices/detail/600961/AN202511201784935286.html
600022,山东钢铁,山东钢铁:山东钢铁股份有限公司第八届董事会第十八次会议决议公告,高管人员任职变动,2025-11-21,https://data.eastmoney.com/notices/detail/600022/AN202511201784935285.html
600022,山东钢铁,山东钢铁:山东钢铁股份有限公司关于控股子公司拟申请破产清算的公告,公司关联方基本资料变更,2025-11-21,https://data.eastmoney.com/notices/detail/600022/AN202511201784935283.html
600715,文投控股,文投控股:文投控股股份有限公司2025年第二次临时股东会会议材料,股东大会资料,2025-11-21,https://data.eastmoney.com/notices/detail/600715/AN202511201784935284.html
001380,华纬科技,华纬科技:关于召开2025年第六次临时股东大会的提示性公告,召开股东大会提示性公告,2025-11-21,https://data.eastmoney.com/notices/detail/001380/AN202511201784935278.html
002694,*ST顾地,顾地科技:关于自愿披露公司涉及诉讼的进展公告,诉讼仲裁,2025-11-21,https://data.eastmoney.com/notices/detail/002694/AN202511201784935277.html
688693,锴威特,锴威特:苏州锴威特半导体股份有限公司关于召开2025年第三季度业绩说明会的公告,其他,2025-11-21,https://data.eastmoney.com/notices/detail/688693/AN202511201784935270.html
601128,常熟银行,常熟银行:江苏常熟农村商业银行股份有限公司关于部分高级管理人员自愿增持股份计划公告,高管人员持股变动,2025-11-21,https://data.eastmoney.com/notices/detail/601128/AN202511201784935265.html
603112,华翔股份,华翔股份:关于2024年限制性股票激励计划首次授予部分第一期解锁条件成就的公告,股权激励进展公告,2025-11-21,https://data.eastmoney.com/notices/detail/603112/AN202511201784935259.html
603112,华翔股份,华翔股份:第三届董事会第三十四次会议决议公告,董事会决议公告,2025-11-21,https://data.eastmoney.com/notices/detail/603112/AN202511201784935262.html
603112,华翔股份,华翔股份:北京市康达律师事务所关于山西华翔集团股份有限公司2024年限制性股票激励计划首次授予部分第一期解锁条件成就及回购注销部分限制性股票相关事项的法律意见书,法律意见书,2025-11-21,https://data.eastmoney.com/notices/detail/603112/AN202511201784935261.html
603112,华翔股份,华翔股份:关于回购注销部分限制性股票的公告,回购进展情况,2025-11-21,https://data.eastmoney.com/notices/detail/603112/AN202511201784935258.html
603112,华翔股份,华翔股份:关于回购注销部分限制性股票通知债权人的公告,回购进展情况,2025-11-21,https://data.eastmoney.com/notices/detail/603112/AN202511201784935260.html
603107,上海汽配,上海汽配:上海汽车空调配件股份有限公司股东减持股份结果公告,股东/实际控制人股份减持,2025-11-21,https://data.eastmoney.com/notices/detail/603107/AN202511201784933951.html
603016,新宏泰,新宏泰:关于公开挂牌转让子公司部分股权的进展公告,股权转让,2025-11-21,https://data.eastmoney.com/notices/detail/603016/AN202511201784933932.html
605136,丽人丽妆,丽人丽妆:关于完成公司章程备案的公告,公司章程修订,2025-11-21,https://data.eastmoney.com/notices/detail/605136/AN202511201784933926.html
688352,颀中科技,颀中科技:合肥颀中科技股份有限公司关于召开2025年第三季度业绩说明会的公告,其他,2025-11-21,https://data.eastmoney.com/notices/detail/688352/AN202511201784931974.html
000420,吉林化纤,吉林化纤:关于控股股东股权结构变动的提示性公告,公司关联方基本资料变更,2025-11-21,https://data.eastmoney.com/notices/detail/000420/AN202511201784931972.html
002276,万马股份,万马股份:关于选举第七届董事会职工代表董事的公告,高管人员任职变动,2025-11-21,https://data.eastmoney.com/notices/detail/002276/AN202511201784931973.html
601963,重庆银行,重庆银行:关于股东权益变动事项的进展公告,权益变动报告书,2025-11-21,https://data.eastmoney.com/notices/detail/601963/AN202511201784927946.html
301149,隆华新材,隆华新材:关于年产33万吨聚醚多元醇扩建项目建成投产的公告,其他,2025-11-21,https://data.eastmoney.com/notices/detail/301149/AN202511201784927951.html
002396,星网锐捷,星网锐捷:关于召开2025年第四次临时股东大会的提示性公告,召开股东大会提示性公告,2025-11-21,https://data.eastmoney.com/notices/detail/002396/AN202511201784927955.html
002787,华源控股,华源控股:关于对外投资进展暨设立全资子公司并取得营业执照的公告,投资设立公司,2025-11-21,https://data.eastmoney.com/notices/detail/002787/AN202511201784931960.html
301149,隆华新材,隆华新材:关于公司部分募集资金账户注销的公告,其他,2025-11-21,https://data.eastmoney.com/notices/detail/301149/AN202511201784931958.html
600195,中牧股份,中牧股份:审计报告(天健审〔2025〕16079号),审计报告,2025-11-21,https://data.eastmoney.com/notices/detail/600195/AN202511201784927949.html
600195,中牧股份,中牧股份:中牧实业股份有限公司2025年第三次临时股东会会议资料,股东大会资料,2025-11-21,https://data.eastmoney.com/notices/detail/600195/AN202511201784927948.html
601555,东吴证券,东吴证券:东吴证券股份有限公司2024年度第十四期短期融资券兑付完成的公告,其他,2025-11-21,https://data.eastmoney.com/notices/detail/601555/AN202511201784927947.html
601162,天风证券,天风证券:天风证券股份有限公司2024年度第三期短期融资券兑付完成的公告,其他,2025-11-21,https://data.eastmoney.com/notices/detail/601162/AN202511201784927939.html
601686,友发集团,友发集团:投资者关系活动记录表,调研活动,2025-11-21,https://data.eastmoney.com/notices/detail/601686/AN202511201784927938.html
002237,恒邦股份,恒邦股份:关于提前赎回恒邦转债实施暨即将停止交易的重要提示性公告,其他,2025-11-21,https://data.eastmoney.com/notices/detail/002237/AN202511201784927923.html
603980,吉华集团,吉华集团:吉华集团股东及董监高减持股份结果公告,股东/实际控制人股份减持,2025-11-21,https://data.eastmoney.com/notices/detail/603980/AN202511201784927921.html
601515,衢州东峰,衢州东峰:衢州东峰关于“东风转债”到期兑付暨摘牌的第三次提示性公告,其他,2025-11-21,https://data.eastmoney.com/notices/detail/601515/AN202511201784927920.html
600744,华银电力,华银电力:大唐华银电力股份有限公司关于召开2025年第三季度业绩说明会的公告,其他,2025-11-21,https://data.eastmoney.com/notices/detail/600744/AN202511201784927918.html
603969,银龙股份,银龙股份:天津银龙预应力材料股份有限公司关于变更公司名称、修订《公司章程》的公告,公司名称变更,2025-11-21,https://data.eastmoney.com/notices/detail/603969/AN202511201784927907.html
603969,银龙股份,银龙股份:天津银龙预应力材料股份有限公司第五届董事会第十九次会议决议公告,董事会决议公告,2025-11-21,https://data.eastmoney.com/notices/detail/603969/AN202511201784927908.html
603969,银龙股份,银龙股份:天津银龙集团股份有限公司章程(2025年11月修订),公司章程修订,2025-11-21,https://data.eastmoney.com/notices/detail/603969/AN202511201784927910.html
603969,银龙股份,银龙股份:天津银龙预应力材料股份有限公司关于召开2025年第二次临时股东会的通知,召开股东大会通知,2025-11-21,https://data.eastmoney.com/notices/detail/603969/AN202511201784927909.html
600819,耀皮玻璃,耀皮玻璃:耀皮玻璃2025年度向特定对象发行A股股票证券募集说明书(注册稿),沪主板再融资募集说明书注册稿,2025-11-21,https://data.eastmoney.com/notices/detail/600819/AN202511201784927899.html
601216,君正集团,君正集团:君正集团2025年第一次临时股东大会会议资料,股东大会资料,2025-11-21,https://data.eastmoney.com/notices/detail/601216/AN202511201784927901.html
605133,嵘泰股份,嵘泰股份:嵘泰股份关于召开2025年第三季度业绩说明会的公告,其他,2025-11-21,https://data.eastmoney.com/notices/detail/605133/AN202511201784927900.html
688299,长阳科技,长阳科技:宁波长阳科技股份有限公司关于召开2025年第三季度业绩说明会的公告,其他,2025-11-21,https://data.eastmoney.com/notices/detail/688299/AN202511201784927894.html
600827,百联股份,百联股份:联华超市股份有限公司下属上海世纪联华超市发展有限公司拟股权转让所涉及的上海世纪联华超市杨浦有限公司股东全部权益价值资产评估报告,其他,2025-11-21,https://data.eastmoney.com/notices/detail/600827/AN202511201784927869.html
688310,迈得医疗,迈得医疗:迈得医疗工业设备股份有限公司关于使用暂时闲置募集资金进行现金管理的公告,投资理财,2025-11-21,https://data.eastmoney.com/notices/detail/688310/AN202511201784927890.html
688310,迈得医疗,迈得医疗:广发证券股份有限公司关于迈得医疗工业设备股份有限公司使用暂时闲置募集资金进行现金管理的核查意见,保荐/核查意见,2025-11-21,https://data.eastmoney.com/notices/detail/688310/AN202511201784927889.html
688310,迈得医疗,迈得医疗:迈得医疗工业设备股份有限公司第五届董事会第七次会议决议公告,董事会决议公告,2025-11-21,https://data.eastmoney.com/notices/detail/688310/AN202511201784927888.html
603225,新凤鸣,新凤鸣:2025年第七次临时股东会会议资料,股东大会资料,2025-11-21,https://data.eastmoney.com/notices/detail/603225/AN202511201784927887.html
601100,恒立液压,恒立液压:江苏恒立液压股份有限公司关于持股5%以上的股东权益变动触及5%刻度的提示性公告,权益变动报告书,2025-11-21,https://data.eastmoney.com/notices/detail/601100/AN202511201784927882.html
601100,恒立液压,恒立液压:简式权益变动报告书,权益变动报告书,2025-11-21,https://data.eastmoney.com/notices/detail/601100/AN202511201784927881.html
600782,新钢股份,新钢股份:新钢股份关于召开2025年第三季度业绩说明会的公告,其他,2025-11-21,https://data.eastmoney.com/notices/detail/600782/AN202511201784926652.html
600997,开滦股份,开滦股份:开滦能源化工股份有限公司关于召开2025年第三季度业绩说明会的公告,其他,2025-11-21,https://data.eastmoney.com/notices/detail/600997/AN202511201784926655.html
601686,友发集团,友发集团:关于向下属子公司增资暨累计对外投资的公告,增资扩股,2025-11-21,https://data.eastmoney.com/notices/detail/601686/AN202511201784927870.html
601019,山东出版,山东出版:山东出版关于召开2025年第三次临时股东会的通知,召开股东大会通知,2025-11-21,https://data.eastmoney.com/notices/detail/601019/AN202511201784927861.html
603918,金桥信息,金桥信息:关于部分股票期权注销完成的公告,股权激励进展公告,2025-11-21,https://data.eastmoney.com/notices/detail/603918/AN202511201784926651.html
601216,君正集团,君正集团:君正集团关于召开2025年第三季度业绩说明会的公告,其他,2025-11-21,https://data.eastmoney.com/notices/detail/601216/AN202511201784927871.html
600159,大龙地产,大龙地产:关于召开2025年第三季度业绩说明会的公告,其他,2025-11-21,https://data.eastmoney.com/notices/detail/600159/AN202511201784927858.html
600328,中盐化工,中盐化工:中盐化工关于控股股东部分股份解除质押的公告,股份质押、冻结,2025-11-21,https://data.eastmoney.com/notices/detail/600328/AN202511201784927874.html
603680,今创集团,今创集团:关于召开2025年第三季度业绩说明会的公告,其他,2025-11-21,https://data.eastmoney.com/notices/detail/603680/AN202511201784927873.html
600459,贵研铂业,贵研铂业:云南省贵金属新材料控股集团股份有限公司关于为子公司担保进展的公告,提供/对外担保公告,2025-11-21,https://data.eastmoney.com/notices/detail/600459/AN202511201784927857.html
603678,火炬电子,火炬电子:火炬电子关于召开2025年第三季度业绩说明会的公告,其他,2025-11-21,https://data.eastmoney.com/notices/detail/603678/AN202511201784926656.html
601619,嘉泽新能,嘉泽新能:嘉泽新能源股份有限公司关于召开2025年第三季度业绩说明会的公告,其他,2025-11-21,https://data.eastmoney.com/notices/detail/601619/AN202511201784927862.html
603359,*ST东珠,东珠生态:东珠生态环保股份有限公司关于非独立董事辞任的公告,高管人员任职变动,2025-11-21,https://data.eastmoney.com/notices/detail/603359/AN202511201784926654.html
605058,澳弘电子,澳弘电子:澳弘电子关于召开2025年第三季度业绩说明会的公告,其他,2025-11-21,https://data.eastmoney.com/notices/detail/605058/AN202511201784926648.html
603039,泛微网络,泛微网络:泛微网络关于召开2025年第三季度业绩说明会的公告,其他,2025-11-21,https://data.eastmoney.com/notices/detail/603039/AN202511201784927860.html
603301,振德医疗,振德医疗:振德医疗关于开展套期保值业务的公告,其他,2025-11-21,https://data.eastmoney.com/notices/detail/603301/AN202511201784927876.html
603225,新凤鸣,新凤鸣:关于2025年第三季度业绩说明会的公告,其他,2025-11-21,https://data.eastmoney.com/notices/detail/603225/AN202511201784927866.html
600530,ST交昂,交大昂立:关于召开2025年第三季度业绩说明会的公告,其他,2025-11-21,https://data.eastmoney.com/notices/detail/600530/AN202511201784926642.html
605117,德业股份,德业股份:关于公司完成工商变更登记并换发营业执照的公告,公司注册资本变更,2025-11-21,https://data.eastmoney.com/notices/detail/605117/AN202511201784926650.html
601117,中国化学,中国化学:中国化学关于经营情况简报的公告(1-10月),月度经营情况,2025-11-21,https://data.eastmoney.com/notices/detail/601117/AN202511201784927864.html
605151,西上海,西上海:西上海关于召开2025年第三季度业绩说明会的公告,其他,2025-11-21,https://data.eastmoney.com/notices/detail/605151/AN202511201784927865.html
603379,三美股份,三美股份:浙江三美化工股份有限公司关于使用部分闲置募集资金进行现金管理到期赎回的公告,投资理财,2025-11-21,https://data.eastmoney.com/notices/detail/603379/AN202511201784927867.html
601611,中国核建,中国核建:中国核建关于经营情况简报的公告,月度经营情况,2025-11-21,https://data.eastmoney.com/notices/detail/601611/AN202511201784927872.html
603039,泛微网络,泛微网络:泛微网络关于变更签字注册会计师的公告,公司关联方基本资料变更,2025-11-21,https://data.eastmoney.com/notices/detail/603039/AN202511201784927859.html
603367,辰欣药业,辰欣药业:辰欣药业股份有限公司关于召开2025年第三季度业绩说明会的公告,其他,2025-11-21,https://data.eastmoney.com/notices/detail/603367/AN202511201784927868.html
603699,纽威股份,纽威股份:关于第二期员工持股计划股票出售完毕暨终止的公告,员工持股计划,2025-11-21,https://data.eastmoney.com/notices/detail/603699/AN202511201784926653.html
600764,中国海防,中国海防:中国海防关于召开2025年第三季度业绩说明会情况的公告,其他,2025-11-21,https://data.eastmoney.com/notices/detail/600764/AN202511201784927863.html
603989,艾华集团,艾华集团:湖南艾华集团股份有限公司关于完成工商变更登记并换发营业执照的公告,公司经营范围变更,2025-11-21,https://data.eastmoney.com/notices/detail/603989/AN202511201784926649.html
601686,友发集团,友发集团:关于第五届董事会第二十三次会议决议公告,董事会决议公告,2025-11-21,https://data.eastmoney.com/notices/detail/601686/AN202511201784927875.html
688502,茂莱光学,茂莱光学:南京茂莱光学科技股份有限公司向不特定对象发行可转换公司债券发行提示性公告,其他,2025-11-21,https://data.eastmoney.com/notices/detail/688502/AN202511201784926646.html
688378,奥来德,奥来德:关于召开2025年第三季度业绩说明会的公告,其他,2025-11-21,https://data.eastmoney.com/notices/detail/688378/AN202511201784926626.html
688485,九州一轨,九州一轨:北京九州一轨环境科技股份有限公司关于召开2025年第三季度业绩说明会的公告,其他,2025-11-21,https://data.eastmoney.com/notices/detail/688485/AN202511201784926645.html
688739,成大生物,成大生物:辽宁成大生物股份有限公司关于召开2025年第三季度业绩说明会的公告,其他,2025-11-21,https://data.eastmoney.com/notices/detail/688739/AN202511201784926643.html
688293,奥浦迈,奥浦迈:2025年第三次临时股东大会会议资料,股东大会资料,2025-11-21,https://data.eastmoney.com/notices/detail/688293/AN202511201784926647.html
688458,美芯晟,美芯晟:关于召开2025年第三季度业绩说明会的公告,其他,2025-11-21,https://data.eastmoney.com/notices/detail/688458/AN202511201784926644.html
688389,普门科技,普门科技:深圳普门科技股份有限公司关于自愿披露获得MDSAP认证的公告,获得认证,2025-11-21,https://data.eastmoney.com/notices/detail/688389/AN202511201784926627.html
688389,普门科技,普门科技:深圳普门科技股份有限公司关于自愿披露公司产品获得IVDRCE认证的公告,获得认证,2025-11-21,https://data.eastmoney.com/notices/detail/688389/AN202511201784926628.html
688252,天德钰,天德钰:深圳天德钰科技股份有限公司关于召开2025年第三季度业绩说明会的公告,其他,2025-11-21,https://data.eastmoney.com/notices/detail/688252/AN202511201784926625.html
688401,路维光电,路维光电:路维光电关于可转债投资者适当性要求的风险提示性公告,风险提示性公告,2025-11-21,https://data.eastmoney.com/notices/detail/688401/AN202511201784926624.html
002439,启明星辰,启明星辰:启明星辰第六届监事会第十一次会议决议公告,监事会决议公告,2025-11-21,https://data.eastmoney.com/notices/detail/002439/AN202511201785019787.html
600313,农发种业,农发种业:中农发种业集团股份有限公司关于控股子公司采购麦种的日常关联交易公告,其他,2025-11-21,https://data.eastmoney.com/notices/detail/600313/AN202511201784950881.html
002518,科士达,科士达:年报信息披露重大差错责任追究制度(2025年11月),管理办法/制度,2025-11-21,https://data.eastmoney.com/notices/detail/002518/AN202511201785036448.html
002947,恒铭达,恒铭达:董事、高级管理人员离职管理制度(2025年11月),管理办法/制度,2025-11-21,https://data.eastmoney.com/notices/detail/002947/AN202511201785036449.html
002434,万里扬,万里扬:浙江万里扬股份有限公司年报信息披露重大差错责任追究制度(2025年11月修订),管理办法/制度,2025-11-21,https://data.eastmoney.com/notices/detail/002434/AN202511201785029206.html
301002,崧盛股份,崧盛股份:董事会审计委员会工作细则(2025年11月修订),议事规则/实施细则,2025-11-21,https://data.eastmoney.com/notices/detail/301002/AN202511201785022075.html
301002,崧盛股份,崧盛股份:内幕信息知情人登记管理制度(2025年11月修订),管理办法/制度,2025-11-21,https://data.eastmoney.com/notices/detail/301002/AN202511201785022076.html
300629,新劲刚,新劲刚:关于召开2025年第三次临时股东会的通知,召开股东大会通知,2025-11-21,https://data.eastmoney.com/notices/detail/300629/AN202511201784995197.html
600887,伊利股份,伊利股份:内蒙古伊利实业集团股份有限公司关于境外全资子公司美元债券兑付完成的公告,其他,2025-11-21,https://data.eastmoney.com/notices/detail/600887/AN202511201784990926.html
603201,常润股份,常润股份:常熟通润汽车零部件股份有限公司关于使用部分暂时闲置募集资金进行现金管理到期赎回的公告,投资理财,2025-11-21,https://data.eastmoney.com/notices/detail/603201/AN202511201784977480.html
603311,金海高科,金海高科:金海高科关于使用部分闲置募集资金进行现金管理赎回的公告,投资理财,2025-11-21,https://data.eastmoney.com/notices/detail/603311/AN202511201784966524.html
688232,新点软件,新点软件:独立董事提名人声明与承诺(陈立平),独立董事提名人声明,2025-11-21,https://data.eastmoney.com/notices/detail/688232/AN202511201784959705.html
688232,新点软件,新点软件:独立董事候选人声明与承诺(刘博),独立董事候选人声明,2025-11-21,https://data.eastmoney.com/notices/detail/688232/AN202511201784959706.html
600885,宏发股份,宏发股份:东方证券股份有限公司关于宏发科技股份有限公司提前赎回“宏发转债”的核查意见,保荐/核查意见,2025-11-21,https://data.eastmoney.com/notices/detail/600885/AN202511201784958124.html
