代码,名称,公告标题,公告类型,公告日期,网址
A23088,高景太阳,关于高景太阳能股份有限公司首次公开发行股票并上市辅导工作进展报告(第一期),辅导工作进展报告,2024-01-16,https://data.eastmoney.com/notices/detail/A23088/AN202512261808127846.html
A21068,中图科技,关于广东中图半导体科技股份有限公司首次公开发行股票并上市辅导工作进展报告(第三期),辅导工作进展报告,2024-01-16,https://data.eastmoney.com/notices/detail/A21068/AN202512261808125225.html
A21407,辛帕智能,关于上海辛帕智能科技股份有限公司首次公开发行股票并上市辅导工作进展报告(第一期),辅导工作进展报告,2024-01-16,https://data.eastmoney.com/notices/detail/A21407/AN202507021701434369.html
A25066,志达精密,关于广东志达精密管业制造股份有限公司首次公开发行股票并上市辅导工作进展报告(第六期),辅导工作进展报告,2024-01-16,https://data.eastmoney.com/notices/detail/A25066/AN202507021701438021.html
A25010,德博科技,关于萍乡德博科技股份有限公司首次公开发行股票并上市辅导工作进展报告(第二期),辅导工作进展报告,2024-01-16,https://data.eastmoney.com/notices/detail/A25010/AN202507021701435881.html
A17225,西子停车,关于杭州西子智能停车股份有限公司首次公开发行股票并上市辅导工作进展报告(第十一期),辅导工作进展报告,2024-01-16,https://data.eastmoney.com/notices/detail/A17225/AN202507021701435776.html
A18061,中星技术,关于中星微技术股份有限公司首次公开发行股票并上市辅导工作进展报告(第二期),辅导工作进展报告,2024-01-16,https://data.eastmoney.com/notices/detail/A18061/AN202507021701435825.html
A21562,赛灵药业,关于赛灵药业科技集团股份有限公司首次公开发行股票并上市辅导工作进展报告(第一期),辅导工作进展报告,2024-01-16,https://data.eastmoney.com/notices/detail/A21562/AN202507021701437030.html
A12228,博浩生物,关于云南博浩生物科技集团股份有限公司首次公开发行股票并上市辅导工作进展报告(第十期),辅导工作进展报告,2024-01-16,https://data.eastmoney.com/notices/detail/A12228/AN202507021701437024.html
A20217,创尔生物,关于广州创尔生物技术股份有限公司首次公开发行股票并上市辅导工作进展报告(第二期),辅导工作进展报告,2024-01-16,https://data.eastmoney.com/notices/detail/A20217/AN202507021701435462.html
A19166,金源照明,关于广东金源光能股份有限公司首次公开发行股票并上市辅导工作进展报告(第十期),辅导工作进展报告,2024-01-16,https://data.eastmoney.com/notices/detail/A19166/AN202507021701435358.html
A22365,新大禹,关于广东新大禹环境科技股份有限公司首次公开发行股票并上市辅导工作进展报告(第四期),辅导工作进展报告,2024-01-16,https://data.eastmoney.com/notices/detail/A22365/AN202507021701435362.html
A18038,景兴健护,关于广东景兴健康护理实业股份有限公司首次公开发行股票并上市辅导工作进展报告(第九期),辅导工作进展报告,2024-01-16,https://data.eastmoney.com/notices/detail/A18038/AN202507021701435494.html
A21115,飞旋科技,关于天津飞旋科技股份有限公司首次公开发行股票并上市辅导工作进展报告(第四期),辅导工作进展报告,2024-01-16,https://data.eastmoney.com/notices/detail/A21115/AN202507021701435224.html
A22224,杭州国芯,关于杭州国芯科技股份有限公司首次公开发行股票并上市辅导工作进展报告(第二期),辅导工作进展报告,2024-01-16,https://data.eastmoney.com/notices/detail/A22224/AN202507021701435206.html
A21123,有屋智能,关于青岛有屋智能家居科技股份有限公司首次公开发行股票并上市辅导工作进展报告(第六期),辅导工作进展报告,2024-01-16,https://data.eastmoney.com/notices/detail/A21123/AN202507021701435097.html
A12019,利泰制药,关于广东利泰制药股份有限公司首次公开发行股票并上市辅导工作进展报告(第二期),辅导工作进展报告,2024-01-16,https://data.eastmoney.com/notices/detail/A12019/AN202507021701435243.html
A24049,虎丘影像,关于虎丘影像(苏州)股份有限公司首次公开发行股票并上市辅导工作进展报告(第八期),辅导工作进展报告,2024-01-16,https://data.eastmoney.com/notices/detail/A24049/AN202507021701434150.html
A21641,本松新材,关于杭州本松新材料技术股份有限公司首次公开发行股票并上市辅导工作进展报告(第二期),辅导工作进展报告,2024-01-16,https://data.eastmoney.com/notices/detail/A21641/AN202507021701434242.html
A24038,舒友仪器,关于浙江舒友仪器设备股份有限公司首次公开发行股票并上市辅导工作进展报告(第四期),辅导工作进展报告,2024-01-16,https://data.eastmoney.com/notices/detail/A24038/AN202507021701434272.html
A20189,犇星新材,关于湖北犇星新材料股份有限公司首次公开发行股票并上市辅导工作进展报告(第六期),辅导工作进展报告,2024-01-16,https://data.eastmoney.com/notices/detail/A20189/AN202507021701433970.html
A20412,德宝股份,关于浙江德宝通讯科技股份有限公司首次公开发行股票并上市辅导工作进展报告(第七期),辅导工作进展报告,2024-01-16,https://data.eastmoney.com/notices/detail/A20412/AN202507021701433951.html
A22190,北平机床,关于北平机床(浙江)股份有限公司首次公开发行股票并上市辅导工作进展报告(第二期),辅导工作进展报告,2024-01-16,https://data.eastmoney.com/notices/detail/A22190/AN202507021701434365.html
A21585,浙江亿得,关于浙江亿得新材料股份有限公司首次公开发行股票并上市辅导工作进展报告(第四期),辅导工作进展报告,2024-01-16,https://data.eastmoney.com/notices/detail/A21585/AN202507021701433933.html
A21490,亿钧耀能,关于湖北亿钧耀能新材股份公司首次公开发行股票并上市辅导工作进展报告(第四期),辅导工作进展报告,2024-01-16,https://data.eastmoney.com/notices/detail/A21490/AN202507021701434356.html
A24035,衣科股份,关于杭州衣科信息技术股份有限公司首次公开发行股票并上市辅导工作进展报告(第八期),辅导工作进展报告,2024-01-16,https://data.eastmoney.com/notices/detail/A24035/AN202507021701433519.html
A21579,戈尔德,关于浙江戈尔德智能悬架股份有限公司首次公开发行股票并上市辅导工作进展报告(第四期),辅导工作进展报告,2024-01-16,https://data.eastmoney.com/notices/detail/A21579/AN202507021701432844.html
A21375,胜利监理,关于山东胜利建设监理股份有限公司首次公开发行股票并上市辅导工作进展报告(第六期),辅导工作进展报告,2024-01-16,https://data.eastmoney.com/notices/detail/A21375/AN202507021701433492.html
A22005,宏远氧业,关于烟台宏远氧业股份有限公司首次公开发行股票并上市辅导工作进展报告(第十七期),辅导工作进展报告,2024-01-16,https://data.eastmoney.com/notices/detail/A22005/AN202507021701433383.html
A20139,翼捷股份,关于上海翼捷工业安全设备股份有限公司首次公开发行股票并上市辅导工作进展报告(第一期),辅导工作进展报告,2024-01-16,https://data.eastmoney.com/notices/detail/A20139/AN202507021701432807.html
002875,安奈儿,安奈儿:002875安奈儿投资者关系管理信息20240116,调研活动,2024-01-16,https://data.eastmoney.com/notices/detail/002875/AN202401161617551720.html
300748,金力永磁,金力永磁:2024年1月16日投资者关系活动记录表,调研活动,2024-01-16,https://data.eastmoney.com/notices/detail/300748/AN202401161617543605.html
600335,国机汽车,关于国机汽车股份有限公司业绩预告相关事项的监管工作函,上交所股票监管工作函,2024-01-16,https://data.eastmoney.com/notices/detail/600335/AN202401161617543603.html
002797,第一创业,第一创业:第一创业证券股份有限公司2024年面向专业投资者公开发行公司债券(第一期)票面利率公告,其他,2024-01-16,https://data.eastmoney.com/notices/detail/002797/AN202401161617543459.html
300181,佐力药业,佐力药业:2024年1月14日投资者关系活动记录表,调研活动,2024-01-16,https://data.eastmoney.com/notices/detail/300181/AN202401161617542282.html
000709,河钢股份,河钢股份:河钢股份有限公司2024年面向专业投资者公开发行公司债券(第一期)票面利率公告,其他,2024-01-16,https://data.eastmoney.com/notices/detail/000709/AN202401161617542194.html
A23158,联纲光电,发行人及保荐机构关于第二轮审核问询函的回复意见(联纲光电科技股份有限公司),创业板IPO问询与回复,2024-01-16,https://data.eastmoney.com/notices/detail/A23158/AN202401161617541959.html
A23158,联纲光电,2会计师事务所关于第二轮审核问询函的回复意见(联纲光电科技股份有限公司),创业板IPO问询与回复,2024-01-16,https://data.eastmoney.com/notices/detail/A23158/AN202401161617541958.html
A23158,联纲光电,3补充法律意见书(三)(联纲光电科技股份有限公司),创业板IPO问询与回复,2024-01-16,https://data.eastmoney.com/notices/detail/A23158/AN202401161617541960.html
301368,丰立智能,丰立智能:关于持股5%以上股东持股比例降至5%以下的提示性公告,股东/实际控制人股份减持,2024-01-16,https://data.eastmoney.com/notices/detail/301368/AN202401161617535785.html
301368,丰立智能,丰立智能:简式权益变动报告书,权益变动报告书,2024-01-16,https://data.eastmoney.com/notices/detail/301368/AN202401161617535784.html
300855,图南股份,图南股份:2023年度业绩预告,业绩预告,2024-01-16,https://data.eastmoney.com/notices/detail/300855/AN202401161617535493.html
300511,雪榕生物,雪榕生物:上海雪榕生物科技股份有限公司关于2023年度担保额度预计的进展公告,担保年度额度预计,2024-01-16,https://data.eastmoney.com/notices/detail/300511/AN202401161617535106.html
300769,德方纳米,德方纳米:关于使用部分闲置募集资金进行现金管理的进展公告,募集资金使用进展情况,2024-01-16,https://data.eastmoney.com/notices/detail/300769/AN202401161617534716.html
301197,工大科雅,工大科雅:河北工大科雅能源科技股份有限公司关于对外提供财务资助的公告,获得补贴（资助）,2024-01-16,https://data.eastmoney.com/notices/detail/301197/AN202401161617534579.html
301197,工大科雅,工大科雅:河北工大科雅能源科技股份有限公司第三届监事会第十一次会议决议公告,监事会决议公告,2024-01-16,https://data.eastmoney.com/notices/detail/301197/AN202401161617534575.html
301197,工大科雅,工大科雅:独立董事议事规则,议事规则/实施细则,2024-01-16,https://data.eastmoney.com/notices/detail/301197/AN202401161617534574.html
301197,工大科雅,工大科雅:河北工大科雅能源科技股份有限公司第三届董事会第十四次会议决议公告,高管人员任职变动,2024-01-16,https://data.eastmoney.com/notices/detail/301197/AN202401161617534577.html
301197,工大科雅,工大科雅:河北工大科雅能源科技股份有限公司关于调整第三届董事会审计委员会委员的公告,高管人员任职变动,2024-01-16,https://data.eastmoney.com/notices/detail/301197/AN202401161617534578.html
301197,工大科雅,工大科雅:河北工大科雅能源科技有限公司关于募投项目延期及内部投资结构调整的公告,募集资金使用情况报告,2024-01-16,https://data.eastmoney.com/notices/detail/301197/AN202401161617534573.html
301177,迪阿股份,迪阿股份:北京市中伦(深圳)律师事务所关于迪阿股份有限公司2024年第一次临时股东大会的法律意见书,法律意见书,2024-01-16,https://data.eastmoney.com/notices/detail/301177/AN202401161617534567.html
301177,迪阿股份,迪阿股份:2024年第一次临时股东大会决议公告,股东大会决议公告,2024-01-16,https://data.eastmoney.com/notices/detail/301177/AN202401161617534566.html
301197,工大科雅,工大科雅:河北工大科雅能源科技股份有限公司章程,公司章程,2024-01-16,https://data.eastmoney.com/notices/detail/301197/AN202401161617534568.html
301197,工大科雅,工大科雅:河北工大科雅能源科技股份有限公司关于修订《公司章程》的公告,公司章程修订,2024-01-16,https://data.eastmoney.com/notices/detail/301197/AN202401161617534565.html
300594,ST朗进,朗进科技:山东朗进科技股份有限公司关于控股股东部分股权质押及解除质押的公告,股份质押、冻结,2024-01-16,https://data.eastmoney.com/notices/detail/300594/AN202401161617533736.html
300168,万达信息,万达信息:万达信息2024年第一次临时股东大会法律意见书,法律意见书,2024-01-16,https://data.eastmoney.com/notices/detail/300168/AN202401161617533562.html
300168,万达信息,万达信息:2024-004-关于选举副董事长并补选董事会专门委员会委员的公告,高管人员任职变动,2024-01-16,https://data.eastmoney.com/notices/detail/300168/AN202401161617533561.html
300168,万达信息,万达信息:2024-003-第八届董事会第五次会议决议公告,高管人员任职变动,2024-01-16,https://data.eastmoney.com/notices/detail/300168/AN202401161617533560.html
300168,万达信息,万达信息:2024-002-2024年第一次临时股东大会决议公告,股东大会决议公告,2024-01-16,https://data.eastmoney.com/notices/detail/300168/AN202401161617533559.html
300168,万达信息,万达信息:2024-005-关于董事辞职并提名非独立董事候选人的公告,高管人员任职变动,2024-01-16,https://data.eastmoney.com/notices/detail/300168/AN202401161617533443.html
300168,万达信息,万达信息:独立董事关于第八届董事会第五次会议相关事项的意见,专项说明/独立意见,2024-01-16,https://data.eastmoney.com/notices/detail/300168/AN202401161617533444.html
300799,左江退,*ST左江:股票交易异常波动暨风险提示公告,股票交易异常波动,2024-01-16,https://data.eastmoney.com/notices/detail/300799/AN202401161617533296.html
000776,广发证券,广发证券:广发证券股份有限公司2024年面向专业投资者公开发行公司债券(第一期)信用评级报告,其他,2024-01-16,https://data.eastmoney.com/notices/detail/000776/AN202401161617533069.html
000776,广发证券,广发证券:广发证券股份有限公司2024年面向专业投资者公开发行公司债券(第一期)募集说明书,其他,2024-01-16,https://data.eastmoney.com/notices/detail/000776/AN202401161617533071.html
000776,广发证券,广发证券:广发证券股份有限公司2022年面向专业投资者公开发行公司债券(第二次)更名公告,其他,2024-01-16,https://data.eastmoney.com/notices/detail/000776/AN202401161617533072.html
000776,广发证券,广发证券:广发证券股份有限公司2024年面向专业投资者公开发行公司债券(第一期)募集说明书摘要,其他,2024-01-16,https://data.eastmoney.com/notices/detail/000776/AN202401161617533070.html
000776,广发证券,广发证券:广发证券股份有限公司2024年面向专业投资者公开发行公司债券(第一期)发行公告,其他,2024-01-16,https://data.eastmoney.com/notices/detail/000776/AN202401161617532955.html
301002,崧盛股份,崧盛股份:2024年1月16日投资者关系活动记录表,调研活动,2024-01-16,https://data.eastmoney.com/notices/detail/301002/AN202401161617523054.html
A23053,艾柯医疗,8-1发行人及保荐人关于审核问询函之回复报告(艾柯医疗器械(北京)股份有限公司),科创板发行上市问询与回复,2024-01-16,https://data.eastmoney.com/notices/detail/A23053/AN202401161617521174.html
A23053,艾柯医疗,8-3北京市通商律师事务所关于艾柯医疗器械(北京)股份有限公司首次公开发行股票并在科创板上市的补充法律意见书(一),科创板发行上市问询与回复,2024-01-16,https://data.eastmoney.com/notices/detail/A23053/AN202401161617521173.html
A23053,艾柯医疗,8-2会计师关于审核问询函之回复意见(艾柯医疗器械(北京)股份有限公司),科创板发行上市问询与回复,2024-01-16,https://data.eastmoney.com/notices/detail/A23053/AN202401161617521172.html
920149,旭杰科技,旭杰科技:关于为控股子公司提供担保的公告,提供/对外担保公告,2024-01-16,https://data.eastmoney.com/notices/detail/920149/AN202401161617521460.html
002917,金奥博,金奥博:002917金奥博投资者关系管理信息20240116,调研活动,2024-01-16,https://data.eastmoney.com/notices/detail/002917/AN202401161617521247.html
300456,赛微电子,赛微电子:2024年第二次临时股东大会的法律意见书,法律意见书,2024-01-16,https://data.eastmoney.com/notices/detail/300456/AN202401161617521306.html
000048,京基智农,京基智农:000048京基智农调研活动信息20240116,调研活动,2024-01-16,https://data.eastmoney.com/notices/detail/000048/AN202401161617521030.html
300456,赛微电子,赛微电子:2024年第二次临时股东大会决议公告,股东大会决议公告,2024-01-16,https://data.eastmoney.com/notices/detail/300456/AN202401161617521257.html
300402,宝色股份,宝色股份:董事会审计委员会实施细则(2024年1月),议事规则/实施细则,2024-01-16,https://data.eastmoney.com/notices/detail/300402/AN202401161617520847.html
300402,宝色股份,宝色股份:董事会薪酬与考核委员会实施细则(2024年1月),议事规则/实施细则,2024-01-16,https://data.eastmoney.com/notices/detail/300402/AN202401161617520843.html
300402,宝色股份,宝色股份:董事会提名委员会实施细则(2024年1月),议事规则/实施细则,2024-01-16,https://data.eastmoney.com/notices/detail/300402/AN202401161617520844.html
300402,宝色股份,宝色股份:2024年第一次临时股东大会决议公告,股东大会决议公告,2024-01-16,https://data.eastmoney.com/notices/detail/300402/AN202401161617520848.html
300402,宝色股份,宝色股份:第五届董事会第二十三次会议决议公告,董事会决议公告,2024-01-16,https://data.eastmoney.com/notices/detail/300402/AN202401161617520842.html
300402,宝色股份,宝色股份:北京观韬(西安)律师事务所关于南京宝色股份公司2024年第一次临时股东大会的法律意见书,法律意见书,2024-01-16,https://data.eastmoney.com/notices/detail/300402/AN202401161617520849.html
000069,华侨城A,华侨城Ａ:深圳华侨城股份有限公司关于“21侨城03”回售结果公告,其他,2024-01-16,https://data.eastmoney.com/notices/detail/000069/AN202401161617520823.html
000069,华侨城A,华侨城Ａ:149353深圳华侨城股份有限公司2021年面向合格投资者公开发行公司债券(第二期)(品种一)2024年付息公告,其他,2024-01-16,https://data.eastmoney.com/notices/detail/000069/AN202401161617520822.html
300402,宝色股份,宝色股份:董事会战略委员会实施细则(2024年1月),议事规则/实施细则,2024-01-16,https://data.eastmoney.com/notices/detail/300402/AN202401161617520820.html
600449,宁夏建材,上海证券交易所并购重组审核委员会2024年第1次审议会议结果公告,上交所并购重组委会议结果公告,2024-01-16,https://data.eastmoney.com/notices/detail/600449/AN202401161617519895.html
000069,华侨城A,华侨城Ａ:149354深圳华侨城股份有限公司2021年面向合格投资者公开发行公司债券(第二期)(品种二)2024年付息公告,其他,2024-01-16,https://data.eastmoney.com/notices/detail/000069/AN202401161617520626.html
A22064,德和科技,2会计师关于德和科技集团股份有限公司首次公开发行股票并在主板上市第二轮审核问询函中有关财务事项的说明(天健函〔2024〕73号),深主板发行上市问询与回复,2024-01-16,https://data.eastmoney.com/notices/detail/A22064/AN202401161617519920.html
A22064,德和科技,3北京德恒律师事务所关于德和科技集团股份有限公司首次公开发行股票并在主板上市的补充法律意见书(四),深主板发行上市问询与回复,2024-01-16,https://data.eastmoney.com/notices/detail/A22064/AN202401161617519924.html
A22064,德和科技,发行人及保荐机构关于第二轮审核问询函的回复意见(德和科技集团股份有限公司),深主板发行上市问询与回复,2024-01-16,https://data.eastmoney.com/notices/detail/A22064/AN202401161617519923.html
301272,英华特,英华特:301272英华特投资者关系管理信息20240116,调研活动,2024-01-16,https://data.eastmoney.com/notices/detail/301272/AN202401161617519934.html
002037,保利联合,深交所:保利联合_监管函,深交所股票监管函,2024-01-16,https://data.eastmoney.com/notices/detail/002037/AN202401161617519893.html
002037,保利联合,深交所:保利联合_监管函,深交所股票监管函,2024-01-16,https://data.eastmoney.com/notices/detail/002037/AN202401161617519892.html
301337,亚华电子,亚华电子:关于公司获得发明专利证书的公告,获得认证,2024-01-16,https://data.eastmoney.com/notices/detail/301337/AN202401161617519894.html
603100,川仪股份,川仪股份:2023年12月投资者调研报告,调研活动,2024-01-16,https://data.eastmoney.com/notices/detail/603100/AN202401161617517655.html
920961,创远信科,创远信科:2024年第一次临时股东大会决议公告,股东大会决议公告,2024-01-16,https://data.eastmoney.com/notices/detail/920961/AN202401161617519504.html
920961,创远信科,创远信科:2024年第一次临时股东大会法律意见书,法律意见书,2024-01-16,https://data.eastmoney.com/notices/detail/920961/AN202401161617519502.html
920961,创远信科,创远信科:投资者关系活动记录表,调研活动,2024-01-16,https://data.eastmoney.com/notices/detail/920961/AN202401161617519503.html
300192,科德教育,科德教育:2023年度业绩预告,业绩预告,2024-01-16,https://data.eastmoney.com/notices/detail/300192/AN202401161617519499.html
300078,思创智联,思创医惠:北京天元(杭州)律师事务所关于思创医惠科技股份有限公司2024年第一次临时股东大会的法律意见,法律意见书,2024-01-16,https://data.eastmoney.com/notices/detail/300078/AN202401161617519402.html
300078,思创智联,思创医惠:2024年第一次临时股东大会决议公告,股东大会决议公告,2024-01-16,https://data.eastmoney.com/notices/detail/300078/AN202401161617519390.html
300380,安硕信息,安硕信息:安硕信息2024年第一次临时股东大会见证法律意见书,法律意见书,2024-01-16,https://data.eastmoney.com/notices/detail/300380/AN202401161617519401.html
300369,绿盟科技,绿盟科技:关于减少注册资本的公告,公司注册资本变更,2024-01-16,https://data.eastmoney.com/notices/detail/300369/AN202401161617519389.html
300369,绿盟科技,绿盟科技:北京市金杜律师事务所关于绿盟科技集团股份有限公司2024年第一次临时股东大会之法律意见书,法律意见书,2024-01-16,https://data.eastmoney.com/notices/detail/300369/AN202401161617519400.html
300369,绿盟科技,绿盟科技:2024年第一次临时股东大会决议公告,股东大会决议公告,2024-01-16,https://data.eastmoney.com/notices/detail/300369/AN202401161617519399.html
300380,安硕信息,安硕信息:2024年第一次临时股东大会决议的公告,股东大会决议公告,2024-01-16,https://data.eastmoney.com/notices/detail/300380/AN202401161617519361.html
300409,道氏技术,道氏技术:关于公司2020年股票期权激励计划第三个行权期采用自主行权模式的提示性公告,股权激励进展公告,2024-01-16,https://data.eastmoney.com/notices/detail/300409/AN202401161617519318.html
A23258,正泰安能,8-2会计师回复意见(正泰安能数字能源(浙江)股份有限公司),沪主板发行上市问询与回复,2024-01-16,https://data.eastmoney.com/notices/detail/A23258/AN202401161617518959.html
920701,豪声电子,豪声电子:投资者关系活动记录表,调研活动,2024-01-16,https://data.eastmoney.com/notices/detail/920701/AN202401161617519172.html
A23258,正泰安能,8-1发行人及保荐机构回复意见(正泰安能数字能源(浙江)股份有限公司),沪主板发行上市问询与回复,2024-01-16,https://data.eastmoney.com/notices/detail/A23258/AN202401161617518962.html
002037,保利联合,关于对保利联合化工控股集团股份有限公司及相关当事人给予通报批评的决定,深交所股票通报批评,2024-01-16,https://data.eastmoney.com/notices/detail/002037/AN202401161617518961.html
A23258,正泰安能,8-3补充法律意见书(一)(正泰安能数字能源(浙江)股份有限公司),沪主板发行上市问询与回复,2024-01-16,https://data.eastmoney.com/notices/detail/A23258/AN202401161617518963.html
002639,雪人集团,雪人股份:2024年1月16日投资者关系活动记录表,调研活动,2024-01-16,https://data.eastmoney.com/notices/detail/002639/AN202401161617518987.html
002184,海得控制,2-1重大资产重组报告书(申报稿)(上海海得控制系统股份有限公司),深主板并购重组报告书申报稿,2024-01-16,https://data.eastmoney.com/notices/detail/002184/AN202401161617518978.html
002184,海得控制,1上海海得控制系统股份有限公司关于深圳证券交易所《关于上海海得控制系统股份有限公司发行股份购买资产并募集配套资金申请的第二轮审核问询函》的回复(修订稿),深主板并购重组问询与回复,2024-01-16,https://data.eastmoney.com/notices/detail/002184/AN202401161617518975.html
002186,全聚德,全聚德:002186全 聚 德调研活动信息20240112,调研活动,2024-01-16,https://data.eastmoney.com/notices/detail/002186/AN202401161617518926.html
301505,苏州规划,苏州规划:2024-002关于首次公开发行网下配售限售股份上市流通提示性公告,限售股份上市流通,2024-01-16,https://data.eastmoney.com/notices/detail/301505/AN202401161617518955.html
920374,云里物里,云里物里:持股5%以上股东拟通过大宗交易方式减持公司股份不超过2%的预披露公告,股东/实际控制人股份减持,2024-01-16,https://data.eastmoney.com/notices/detail/920374/AN202401161617518941.html
301505,苏州规划,苏州规划:长江证券承销保荐有限公司关于苏州规划设计研究院股份有限公司首次公开发行网下配售限售股份上市流通的核查意见,保荐/核查意见,2024-01-16,https://data.eastmoney.com/notices/detail/301505/AN202401161617518933.html
688352,颀中科技,颀中科技:合肥颀中科技股份有限公司投资者关系活动记录表(2024年1月16日),调研活动,2024-01-16,https://data.eastmoney.com/notices/detail/688352/AN202401161617518853.html
920249,利尔达,利尔达:关于召开2024年第一次临时股东大会通知公告(提供网络投票),召开股东大会通知,2024-01-16,https://data.eastmoney.com/notices/detail/920249/AN202401161617518894.html
920249,利尔达,利尔达:第四届监事会第十二次会议决议公告,监事会决议公告,2024-01-16,https://data.eastmoney.com/notices/detail/920249/AN202401161617518892.html
920249,利尔达,利尔达:第四届董事会第十五次会议决议公告,董事会决议公告,2024-01-16,https://data.eastmoney.com/notices/detail/920249/AN202401161617518893.html
920249,利尔达,利尔达:关于预计2024年日常性关联交易的公告,关联交易,2024-01-16,https://data.eastmoney.com/notices/detail/920249/AN202401161617518890.html
920249,利尔达,利尔达:关于预计公司及子公司2024年度向银行等金融机构申请总体授信额度的公告,借贷,2024-01-16,https://data.eastmoney.com/notices/detail/920249/AN202401161617518891.html
920249,利尔达,利尔达:国信证券股份有限公司关于利尔达科技集团股份有限公司关联交易的核查意见,保荐/核查意见,2024-01-16,https://data.eastmoney.com/notices/detail/920249/AN202401161617518889.html
605116,奥锐特,上海证券交易所上市审核委员会2024年第5次审议会议公告,沪主板发行上市审核上市委会议公告,2024-01-16,https://data.eastmoney.com/notices/detail/605116/AN202401161617518432.html
300487,蓝晓科技,蓝晓科技:2024年第一次临时股东大会决议公告,股东大会决议公告,2024-01-16,https://data.eastmoney.com/notices/detail/300487/AN202401161617518747.html
300890,翔丰华,翔丰华:关于控股股东、实际控制人部分股份解除质押的公告,股份质押、冻结,2024-01-16,https://data.eastmoney.com/notices/detail/300890/AN202401161617518738.html
920580,科创新材,科创新材:关于取得发明专利证书的公告,获得认证,2024-01-16,https://data.eastmoney.com/notices/detail/920580/AN202401161617518587.html
300803,指南针,指南针:关于全资子公司麦高证券有限责任公司披露2023年度未经审计非合并财务报表的提示性公告,其他,2024-01-16,https://data.eastmoney.com/notices/detail/300803/AN202401161617518652.html
300829,金丹科技,金丹科技:关于金丹转债开始转股的提示性公告,其他,2024-01-16,https://data.eastmoney.com/notices/detail/300829/AN202401161617518629.html
300487,蓝晓科技,蓝晓科技:北京德恒律师事务所关于西安蓝晓科技新材料股份有限公司2024年第一次临时股东大会的法律意见,法律意见书,2024-01-16,https://data.eastmoney.com/notices/detail/300487/AN202401161617518630.html
300803,指南针,指南针:麦高证券有限责任公司2023年度未经审计非合并财务报表,其他,2024-01-16,https://data.eastmoney.com/notices/detail/300803/AN202401161617518582.html
301578,辰奕智能,辰奕智能:301578辰奕智能投资者关系管理信息20240116,调研活动,2024-01-16,https://data.eastmoney.com/notices/detail/301578/AN202401161617518416.html
002907,华森制药,华森制药:2024年1月15日投资者关系活动记录表,调研活动,2024-01-16,https://data.eastmoney.com/notices/detail/002907/AN202401161617518389.html
300527,ST应急,中船应急:第三届董事会第十一次会议决议公告,董事会决议公告,2024-01-16,https://data.eastmoney.com/notices/detail/300527/AN202401161617518434.html
920261,一诺威,一诺威:董事、高级管理人员辞职公告,高管人员任职变动,2024-01-16,https://data.eastmoney.com/notices/detail/920261/AN202401161617518390.html
300525,博思软件,博思软件:关于完成工商变更登记及公司章程备案并换发营业执照的公告,公司章程,2024-01-16,https://data.eastmoney.com/notices/detail/300525/AN202401161617518397.html
301220,亚香股份,亚香股份:关于公司股东减持计划期限届满暨减持计划实施结果的公告,股东/实际控制人股份减持,2024-01-16,https://data.eastmoney.com/notices/detail/301220/AN202401161617518396.html
301220,亚香股份,亚香股份:关于持股5%以上股东减持计划期限届满暨减持计划实施结果的公告,股东/实际控制人股份减持,2024-01-16,https://data.eastmoney.com/notices/detail/301220/AN202401161617518408.html
300695,兆丰股份,兆丰股份:第五届董事会第十四次会议决议公告,董事会决议公告,2024-01-16,https://data.eastmoney.com/notices/detail/300695/AN202401161617518407.html
300527,ST应急,中船应急:营业收入扣除情况专项审核报告(大信专审字[2023]第1-05321号),专项说明/独立意见,2024-01-16,https://data.eastmoney.com/notices/detail/300527/AN202401161617518405.html
300527,ST应急,中船应急:2022年度审计报告(大信审字[2023]第1-06110号),审计报告,2024-01-16,https://data.eastmoney.com/notices/detail/300527/AN202401161617518406.html
300527,ST应急,中船应急:关于前期会计差错更正后的财务报表及相关附注,会计差错更正公告,2024-01-16,https://data.eastmoney.com/notices/detail/300527/AN202401161617518398.html
300527,ST应急,中船应急:关于湖北证监局对公司出具警示函的整改报告,整改报告,2024-01-16,https://data.eastmoney.com/notices/detail/300527/AN202401161617518409.html
300527,ST应急,中船应急:第三届监事会第十一次会议决议公告,监事会决议公告,2024-01-16,https://data.eastmoney.com/notices/detail/300527/AN202401161617518358.html
300695,兆丰股份,兆丰股份:关于公司与专业投资机构合作设立投资基金的公告,投资设立公司,2024-01-16,https://data.eastmoney.com/notices/detail/300695/AN202401161617518350.html
300527,ST应急,中船应急:关于前期会计差错更正的公告,会计差错更正公告,2024-01-16,https://data.eastmoney.com/notices/detail/300527/AN202401161617518290.html
300730,科创信息,科创信息:西部证券股份有限公司关于湖南科创信息技术股份有限公司使用部分闲置募集资金暂时补充流动资金的专项核查意见,保荐/核查意见,2024-01-16,https://data.eastmoney.com/notices/detail/300730/AN202401161617518225.html
300730,科创信息,科创信息:第六届董事会第十四次会议决议公告,董事会决议公告,2024-01-16,https://data.eastmoney.com/notices/detail/300730/AN202401161617518224.html
300730,科创信息,科创信息:第六届监事会第十三次会议决议公告,监事会决议公告,2024-01-16,https://data.eastmoney.com/notices/detail/300730/AN202401161617518227.html
300730,科创信息,科创信息:关于使用部分闲置募集资金暂时补充流动资金的公告,募集资金补充流动资金,2024-01-16,https://data.eastmoney.com/notices/detail/300730/AN202401161617518223.html
300730,科创信息,科创信息:2024年第一次临时股东大会决议公告,股东大会决议公告,2024-01-16,https://data.eastmoney.com/notices/detail/300730/AN202401161617518218.html
300612,宣亚国际,宣亚国际:第五届监事会第二十五次会议决议公告,监事会决议公告,2024-01-16,https://data.eastmoney.com/notices/detail/300612/AN202401161617518220.html
300612,宣亚国际,宣亚国际:关于控股股东向公司二级全资子公司提供借款暨关联交易的公告,借贷,2024-01-16,https://data.eastmoney.com/notices/detail/300612/AN202401161617518221.html
300612,宣亚国际,宣亚国际:第四届董事会第二十六次会议决议公告,董事会决议公告,2024-01-16,https://data.eastmoney.com/notices/detail/300612/AN202401161617518226.html
300937,药易购,药易购:北京德恒(成都)律师事务所关于四川合纵药易购医药股份有限公司2024年第一次临时股东大会的法律意见,法律意见书,2024-01-16,https://data.eastmoney.com/notices/detail/300937/AN202401161617518228.html
300937,药易购,药易购:2024年第一次临时股东大会决议公告,股东大会决议公告,2024-01-16,https://data.eastmoney.com/notices/detail/300937/AN202401161617518219.html
600422,昆药集团,昆药集团:昆药集团投资者关系活动记录表(2024-001),调研活动,2024-01-16,https://data.eastmoney.com/notices/detail/600422/AN202401161617518120.html
300730,科创信息,科创信息:湖南启元律师事务所关于湖南科创信息技术股份有限公司2024年第一次临时股东大会的法律意见书,法律意见书,2024-01-16,https://data.eastmoney.com/notices/detail/300730/AN202401161617518153.html
300491,通合科技,通合科技:中泰证券股份有限公司关于石家庄通合电子科技股份有限公司2023年持续督导培训情况报告,保荐/核查意见,2024-01-16,https://data.eastmoney.com/notices/detail/300491/AN202401161617518133.html
301211,亨迪药业,亨迪药业:2023年年度业绩预告,业绩预告,2024-01-16,https://data.eastmoney.com/notices/detail/301211/AN202401161617518132.html
000725,京东方A,京东方A:004-2024年1月16日投资者关系活动记录表,调研活动,2024-01-16,https://data.eastmoney.com/notices/detail/000725/AN202401161617517882.html
000709,河钢股份,河钢股份:关于延长“河钢股份有限公司2024年面向专业投资者公开发行公司债券(第一期)”簿记建档时间的公告,其他,2024-01-16,https://data.eastmoney.com/notices/detail/000709/AN202401161617518081.html
301182,凯旺科技,凯旺科技:河南凯旺电子科技股份有限公司关于特定股东减持股份预披露的公告,股东/实际控制人股份减持,2024-01-16,https://data.eastmoney.com/notices/detail/301182/AN202401161617517927.html
300731,科创新源,科创新源:深圳科创新源新材料股份有限公司关于放弃参股公司增资优先认缴出资权的公告,其他,2024-01-16,https://data.eastmoney.com/notices/detail/300731/AN202401161617517926.html
300731,科创新源,科创新源:深圳科创新源新材料股份有限公司第三届董事会第二十五次会议决议公告,董事会决议公告,2024-01-16,https://data.eastmoney.com/notices/detail/300731/AN202401161617517944.html
300747,锐科激光,锐科激光:2023年年度业绩预告,业绩预告,2024-01-16,https://data.eastmoney.com/notices/detail/300747/AN202401161617517942.html
300731,科创新源,科创新源:深圳科创新源新材料股份有限公司关于为控股子公司提供担保额度预计的公告,提供/对外担保公告,2024-01-16,https://data.eastmoney.com/notices/detail/300731/AN202401161617517889.html
300776,帝尔激光,帝尔激光:关于帝尔转债回售的第三次提示性公告,其他,2024-01-16,https://data.eastmoney.com/notices/detail/300776/AN202401161617517610.html
300776,帝尔激光,帝尔激光:中证鹏元关于关注武汉帝尔激光科技股份有限公司变更部分可转债募集资金用途事项的公告,变更募集资金投资项目,2024-01-16,https://data.eastmoney.com/notices/detail/300776/AN202401161617517550.html
300245,ST天玑,天玑科技:关于使用部分闲置募集资金进行现金管理的进展公告,募集资金使用进展情况,2024-01-16,https://data.eastmoney.com/notices/detail/300245/AN202401161617517442.html
301317,鑫磊股份,鑫磊股份:中泰证券股份有限公司关于鑫磊压缩机股份有限公司首次公开发行前限售股上市流通的核查意见,保荐/核查意见,2024-01-16,https://data.eastmoney.com/notices/detail/301317/AN202401161617517441.html
301317,鑫磊股份,鑫磊股份:关于首次公开发行前部分限售股上市流通的提示性公告,限售股份上市流通,2024-01-16,https://data.eastmoney.com/notices/detail/301317/AN202401161617517447.html
300888,稳健医疗,稳健医疗:中国国际金融股份有限公司关于稳健医疗用品股份有限公司2023年度持续督导定期现场检查报告,保荐/核查意见,2024-01-16,https://data.eastmoney.com/notices/detail/300888/AN202401161617517439.html
300641,正丹股份,正丹股份:第四届监事会第十三次会议决议公告,监事会决议公告,2024-01-16,https://data.eastmoney.com/notices/detail/300641/AN202401161617517438.html
300641,正丹股份,正丹股份:中信证券股份有限公司关于江苏正丹化学工业股份有限公司使用部分闲置募集资金和自有资金进行现金管理的核查意见,保荐/核查意见,2024-01-16,https://data.eastmoney.com/notices/detail/300641/AN202401161617517437.html
300641,正丹股份,正丹股份:关于开展外汇衍生品套期保值交易业务的可行性分析报告,其他,2024-01-16,https://data.eastmoney.com/notices/detail/300641/AN202401161617517436.html
300641,正丹股份,正丹股份:第四届董事会第十九次会议决议公告,董事会决议公告,2024-01-16,https://data.eastmoney.com/notices/detail/300641/AN202401161617517456.html
300641,正丹股份,正丹股份:关于使用部分闲置募集资金和自有资金进行现金管理的公告,投资理财,2024-01-16,https://data.eastmoney.com/notices/detail/300641/AN202401161617517454.html
300641,正丹股份,正丹股份:关于开展外汇衍生品套期保值交易业务的公告,其他,2024-01-16,https://data.eastmoney.com/notices/detail/300641/AN202401161617517455.html
688480,赛恩斯,赛恩斯:赛恩斯环保股份有限公司投资者关系活动记录表(2024.1.15),调研活动,2024-01-16,https://data.eastmoney.com/notices/detail/688480/AN202401161617517362.html
300888,稳健医疗,稳健医疗:中国国际金融股份有限公司关于稳健医疗用品股份有限公司2023年持续督导培训情况报告,保荐/核查意见,2024-01-16,https://data.eastmoney.com/notices/detail/300888/AN202401161617517398.html
300641,正丹股份,正丹股份:中信证券股份有限公司关于江苏正丹化学工业股份有限公司开展外汇衍生品套期保值交易业务的核查意见,保荐/核查意见,2024-01-16,https://data.eastmoney.com/notices/detail/300641/AN202401161617517397.html
301051,信濠光电,信濠光电:关于签订募集资金四方监管协议的公告,签订协议,2024-01-16,https://data.eastmoney.com/notices/detail/301051/AN202401161617517386.html
002378,章源钨业,章源钨业:002378章源钨业投资者关系管理信息20240116,调研活动,2024-01-16,https://data.eastmoney.com/notices/detail/002378/AN202401161617517278.html
300068,ST南都,南都电源:关于签署储能项目采购合同的公告,签订协议,2024-01-16,https://data.eastmoney.com/notices/detail/300068/AN202401161617517263.html
301191,菲菱科思,菲菱科思:关于公司通过高新技术企业重新认定的公告,获得认证,2024-01-16,https://data.eastmoney.com/notices/detail/301191/AN202401161617517266.html
301022,海泰科,海泰科:关于投资设立全资孙公司并完成工商注册登记的公告,投资设立公司,2024-01-16,https://data.eastmoney.com/notices/detail/301022/AN202401161617517218.html
000729,燕京啤酒,燕京啤酒:2024年1月16日投资者关系活动记录表,调研活动,2024-01-16,https://data.eastmoney.com/notices/detail/000729/AN202401161617517017.html
301046,能辉科技,能辉科技:关于为全资子公司提供担保的进展公告,提供/对外担保公告,2024-01-16,https://data.eastmoney.com/notices/detail/301046/AN202401161617516988.html
300780,德恩精工,德恩精工:关于控股股东、实际控制人股份减持计划期限届满暨实施情况的公告,股东/实际控制人股份减持,2024-01-16,https://data.eastmoney.com/notices/detail/300780/AN202401161617516973.html
688353,华盛锂电,华盛锂电:江苏华盛锂电材料股份有限公司投资者关系活动记录表2024-001,调研活动,2024-01-16,https://data.eastmoney.com/notices/detail/688353/AN202401161617516812.html
600956,新天绿能,新天绿能:投资者关系活动记录表-2023年12月,调研活动,2024-01-16,https://data.eastmoney.com/notices/detail/600956/AN202401161617516748.html
688052,纳芯微,纳芯微:2024年1月12日、1月16日苏州纳芯微电子股份有限公司投资者关系活动会议纪要,调研活动,2024-01-16,https://data.eastmoney.com/notices/detail/688052/AN202401161617516746.html
920471,美邦科技,美邦科技:投资者关系活动记录表,调研活动,2024-01-16,https://data.eastmoney.com/notices/detail/920471/AN202401161617516784.html
920489,佳先股份,佳先股份:关于完成购买股权资产的公告,收购出售资产/股权,2024-01-16,https://data.eastmoney.com/notices/detail/920489/AN202401161617516773.html
920768,拾比佰,拾比佰:持股5%以上股东拟通过大宗交易方式减持公司股份不超过2%的预披露公告,股东/实际控制人股份减持,2024-01-16,https://data.eastmoney.com/notices/detail/920768/AN202401161617516719.html
920225,利通科技,利通科技:投资者关系活动记录表,调研活动,2024-01-16,https://data.eastmoney.com/notices/detail/920225/AN202401161617516684.html
300507,苏奥传感,苏奥传感:关于筹划重大资产重组的进展公告,重组进展公告,2024-01-16,https://data.eastmoney.com/notices/detail/300507/AN202401161617516635.html
301188,力诺药包,力诺特玻:第三届监事会第二十四次会议决议公告,监事会决议公告,2024-01-16,https://data.eastmoney.com/notices/detail/301188/AN202401161617516396.html
301188,力诺药包,力诺特玻:第三届董事会独立董事2024年第一次专门会议审核意见,专项说明/独立意见,2024-01-16,https://data.eastmoney.com/notices/detail/301188/AN202401161617516395.html
301188,力诺药包,力诺特玻:关于回购公司股份方案的公告,回购预案,2024-01-16,https://data.eastmoney.com/notices/detail/301188/AN202401161617516398.html
301188,力诺药包,力诺特玻:第三届董事会第二十四次会议决议公告,董事会决议公告,2024-01-16,https://data.eastmoney.com/notices/detail/301188/AN202401161617516399.html
301012,扬电科技,扬电科技:关于公司持股5%以上股东减持股份的预披露公告,股东/实际控制人股份减持,2024-01-16,https://data.eastmoney.com/notices/detail/301012/AN202401161617516394.html
301188,力诺药包,力诺特玻:关于投资设立全资子公司的公告,投资设立公司,2024-01-16,https://data.eastmoney.com/notices/detail/301188/AN202401161617516360.html
300706,阿石创,阿石创:关于控股股东、实际控制人部分股份质押的公告,股份质押、冻结,2024-01-16,https://data.eastmoney.com/notices/detail/300706/AN202401161617516361.html
920007,酉立智能,酉立智能:独立董事津贴方案,其他,2024-01-16,https://data.eastmoney.com/notices/detail/920007/AN202401161617516077.html
A23038,捍宇医疗,关于终止对上海捍宇医疗科技股份有限公司首次公开发行股票并在科创板上市审核的决定,科创板发行上市审核终止审核通知,2024-01-16,https://data.eastmoney.com/notices/detail/A23038/AN202401161617515793.html
920576,天力复合,天力复合:股票解除限售公告,限售股份上市流通,2024-01-16,https://data.eastmoney.com/notices/detail/920576/AN202401161617516207.html
002736,国信证券,国信证券:国信证券股份有限公司2024年面向专业投资者公开发行公司债券(第一期)募集说明书摘要,其他,2024-01-16,https://data.eastmoney.com/notices/detail/002736/AN202401161617516105.html
002736,国信证券,国信证券:国信证券股份有限公司2024年面向专业投资者公开发行公司债券(第一期)信用评级报告,其他,2024-01-16,https://data.eastmoney.com/notices/detail/002736/AN202401161617516106.html
002736,国信证券,国信证券:国信证券股份有限公司2024年面向专业投资者公开发行公司债券(第一期)更名公告,其他,2024-01-16,https://data.eastmoney.com/notices/detail/002736/AN202401161617516103.html
002736,国信证券,国信证券:国信证券股份有限公司2024年面向专业投资者公开发行公司债券(第一期)发行公告,其他,2024-01-16,https://data.eastmoney.com/notices/detail/002736/AN202401161617516057.html
002736,国信证券,国信证券:国信证券股份有限公司2024年面向专业投资者公开发行公司债券(第一期)募集说明书,其他,2024-01-16,https://data.eastmoney.com/notices/detail/002736/AN202401161617516053.html
920007,酉立智能,酉立智能:独立董事工作制度,管理办法/制度,2024-01-16,https://data.eastmoney.com/notices/detail/920007/AN202401161617516010.html
920007,酉立智能,酉立智能:利润分配管理制度,管理办法/制度,2024-01-16,https://data.eastmoney.com/notices/detail/920007/AN202401161617516006.html
600995,南网储能,南网储能:南方电网储能股份有限公司2024年1月11日-12日投资者关系活动记录表,调研活动,2024-01-16,https://data.eastmoney.com/notices/detail/600995/AN202401161617515776.html
688306,均普智能,均普智能:2024年1月12日投资者关系活动记录表,调研活动,2024-01-16,https://data.eastmoney.com/notices/detail/688306/AN202401161617515775.html
920007,酉立智能,酉立智能:关联交易管理制度,管理办法/制度,2024-01-16,https://data.eastmoney.com/notices/detail/920007/AN202401161617515791.html
920522,纳科诺尔,纳科诺尔:第三届监事会第二十四次会议决议公告,监事会决议公告,2024-01-16,https://data.eastmoney.com/notices/detail/920522/AN202401161617515803.html
920522,纳科诺尔,纳科诺尔:第三届董事会第三十四次会议决议公告,高管人员任职变动,2024-01-16,https://data.eastmoney.com/notices/detail/920522/AN202401161617515804.html
920522,纳科诺尔,纳科诺尔:副董事长任命公告,高管人员任职变动,2024-01-16,https://data.eastmoney.com/notices/detail/920522/AN202401161617515801.html
920522,纳科诺尔,纳科诺尔:关于拟修订《公司章程》公告,公司章程修订,2024-01-16,https://data.eastmoney.com/notices/detail/920522/AN202401161617515802.html
920522,纳科诺尔,纳科诺尔:关于召开2024年第二次临时股东大会通知公告(提供网络投票),召开股东大会通知,2024-01-16,https://data.eastmoney.com/notices/detail/920522/AN202401161617515800.html
920522,纳科诺尔,纳科诺尔:国泰君安证券股份有限公司关于纳科诺尔预计2024年日常性关联交易的核查意见,保荐/核查意见,2024-01-16,https://data.eastmoney.com/notices/detail/920522/AN202401161617515799.html
920522,纳科诺尔,纳科诺尔:关于预计2024年日常性关联交易的公告,关联交易,2024-01-16,https://data.eastmoney.com/notices/detail/920522/AN202401161617515798.html
920522,纳科诺尔,纳科诺尔:国泰君安证券股份有限公司关于纳科诺尔调整募集资金投资项目拟投入募集资金金额的核查意见,保荐/核查意见,2024-01-16,https://data.eastmoney.com/notices/detail/920522/AN202401161617515797.html
920522,纳科诺尔,纳科诺尔:关于调整募集资金投资项目拟投入募集资金金额的公告,变更募集资金投资项目,2024-01-16,https://data.eastmoney.com/notices/detail/920522/AN202401161617515796.html
920007,酉立智能,酉立智能:对外担保管理制度,管理办法/制度,2024-01-16,https://data.eastmoney.com/notices/detail/920007/AN202401161617515645.html
301391,卡莱特,卡莱特:关于首次回购公司股份的公告,回购预案,2024-01-16,https://data.eastmoney.com/notices/detail/301391/AN202401161617515769.html
920007,酉立智能,酉立智能:董事会议事规则,议事规则/实施细则,2024-01-16,https://data.eastmoney.com/notices/detail/920007/AN202401161617515637.html
300282,三盛退,*ST三盛:关于延期回复深圳证券交易所关注函的公告,延期回复关注函公告,2024-01-16,https://data.eastmoney.com/notices/detail/300282/AN202401161617515651.html
920007,酉立智能,酉立智能:股东大会议事规则,议事规则/实施细则,2024-01-16,https://data.eastmoney.com/notices/detail/920007/AN202401161617515619.html
300138,晨光生物,晨光生物:关于子公司完成注销的公告,公司关联方基本资料变更,2024-01-16,https://data.eastmoney.com/notices/detail/300138/AN202401161617515630.html
300739,明阳电路,明阳电路:关于高级管理人员减持计划到期暨未实施减持的公告,股东/实际控制人股份减持,2024-01-16,https://data.eastmoney.com/notices/detail/300739/AN202401161617515629.html
920992,中科美菱,中科美菱:关于使用自有闲置资金购买理财产品的进展公告,投资理财,2024-01-16,https://data.eastmoney.com/notices/detail/920992/AN202401161617515578.html
000811,冰轮环境,冰轮环境:000811冰轮环境投资者关系管理信息20240116,调研活动,2024-01-16,https://data.eastmoney.com/notices/detail/000811/AN202401161617515078.html
920199,倍益康,倍益康:关于更换持续督导保荐代表人的公告,保荐代表人（机构）变更,2024-01-16,https://data.eastmoney.com/notices/detail/920199/AN202401161617515486.html
920266,生物谷,生物谷:第四届董事会第二十三次会议决议公告,董事会决议公告,2024-01-16,https://data.eastmoney.com/notices/detail/920266/AN202401161617515432.html
000027,深圳能源,深圳能源:深圳能源集团股份有限公司关于“19深能G1”票面利率调整及回售实施办法第三次提示性公告,其他,2024-01-16,https://data.eastmoney.com/notices/detail/000027/AN202401161617515384.html
920396,常辅股份,常辅股份:股票解除限售公告,限售股份上市流通,2024-01-16,https://data.eastmoney.com/notices/detail/920396/AN202401161617515368.html
300692,中赋科技,中环环保:关于自愿披露签订日常经营重要合同的公告,重大合同,2024-01-16,https://data.eastmoney.com/notices/detail/300692/AN202401161617515248.html
920262,太湖雪,太湖雪:回购股份结果公告,回购进展情况,2024-01-16,https://data.eastmoney.com/notices/detail/920262/AN202401161617515214.html
688478,晶升股份,晶升股份:晶升股份投资者关系活动记录表-2024年1月12日,调研活动,2024-01-16,https://data.eastmoney.com/notices/detail/688478/AN202401161617515124.html
301049,超越科技,超越科技:关于部分募集资金专户销户完成的公告,募集资金使用进展情况,2024-01-16,https://data.eastmoney.com/notices/detail/301049/AN202401161617515183.html
920932,科达自控,科达自控:关于注销部分募集资金专项账户的公告,其他,2024-01-16,https://data.eastmoney.com/notices/detail/920932/AN202401161617515074.html
300286,安科瑞,安科瑞:300286安科瑞投资者关系管理信息20240116,调研活动,2024-01-16,https://data.eastmoney.com/notices/detail/300286/AN202401161617514946.html
301320,豪江智能,豪江智能:投资者关系活动记录表,调研活动,2024-01-16,https://data.eastmoney.com/notices/detail/301320/AN202401161617514945.html
003021,兆威机电,兆威机电:2024年1月16日投资者关系活动记录表,调研活动,2024-01-16,https://data.eastmoney.com/notices/detail/003021/AN202401161617514944.html
688151,华强科技,华强科技:湖北华强科技股份有限公司投资者关系活动记录表(2024年1月15日),调研活动,2024-01-16,https://data.eastmoney.com/notices/detail/688151/AN202401161617514930.html
002183,怡亚通,怡亚通:深圳市怡亚通供应链股份有限公司2024年面向专业投资者公开发行公司债券(第一期)发行结果公告,其他,2024-01-16,https://data.eastmoney.com/notices/detail/002183/AN202401161617515010.html
920007,酉立智能,酉立智能:关于拟修订公司章程公告,公司章程修订,2024-01-16,https://data.eastmoney.com/notices/detail/920007/AN202401161617514938.html
300691,联合光电,联合光电:关于部分限制性股票回购注销完成的公告,股本变动,2024-01-16,https://data.eastmoney.com/notices/detail/300691/AN202401161617514986.html
920571,国航远洋,国航远洋:第八届董事会第十七次临时会议决议公告,高管人员任职变动,2024-01-16,https://data.eastmoney.com/notices/detail/920571/AN202401161617514969.html
920339,恒太照明,恒太照明:投资者关系活动记录表,调研活动,2024-01-16,https://data.eastmoney.com/notices/detail/920339/AN202401161617514968.html
920571,国航远洋,国航远洋:提供担保暨关联交易的公告,提供/对外担保公告,2024-01-16,https://data.eastmoney.com/notices/detail/920571/AN202401161617514970.html
920571,国航远洋,国航远洋:兴业证券股份有限公司关于福建国航远洋运输(集团)股份有限公司关联担保的核查意见,保荐/核查意见,2024-01-16,https://data.eastmoney.com/notices/detail/920571/AN202401161617514967.html
920007,酉立智能,酉立智能:关于召开2024年第一次临时股东大会通知公告,召开股东大会通知,2024-01-16,https://data.eastmoney.com/notices/detail/920007/AN202401161617514899.html
002626,金达威,金达威:002626金达威投资者关系管理信息20240116,调研活动,2024-01-16,https://data.eastmoney.com/notices/detail/002626/AN202401161617514750.html
301389,隆扬电子,隆扬电子:2024年01月16日 投资者关系活动记录表,调研活动,2024-01-16,https://data.eastmoney.com/notices/detail/301389/AN202401161617514749.html
000797,中国武夷,中国武夷:中国武夷实业股份有限公司关于“22中武01”赎回完成暨摘牌公告,其他,2024-01-16,https://data.eastmoney.com/notices/detail/000797/AN202401161617514868.html
920007,酉立智能,酉立智能:第一届监事会第八次会议决议公告,监事会决议公告,2024-01-16,https://data.eastmoney.com/notices/detail/920007/AN202401161617514832.html
301093,华兰股份,华兰股份:关于使用部分超募资金以集中竞价方式回购公司股份比例达1%暨回购进展公告,募集资金使用进展情况,2024-01-16,https://data.eastmoney.com/notices/detail/301093/AN202401161617514871.html
920007,酉立智能,酉立智能:关于公司2024年拟开展外汇衍生品交易业务的公告,其他,2024-01-16,https://data.eastmoney.com/notices/detail/920007/AN202401161617514768.html
000797,中国武夷,中国武夷:中国武夷实业股份有限公司关于“22中武01”付息公告,其他,2024-01-16,https://data.eastmoney.com/notices/detail/000797/AN202401161617514783.html
300956,英力股份,英力股份:中证鹏元关于关注安徽英力电子科技股份有限公司及相关人员收到深圳证券交易所监管函的公告,其他,2024-01-16,https://data.eastmoney.com/notices/detail/300956/AN202401161617514685.html
920007,酉立智能,酉立智能:独立董事候选人声明(庞云华),独立董事候选人声明,2024-01-16,https://data.eastmoney.com/notices/detail/920007/AN202401161617514668.html
920007,酉立智能,酉立智能:独立董事候选人声明(周喻),独立董事候选人声明,2024-01-16,https://data.eastmoney.com/notices/detail/920007/AN202401161617514641.html
300296,利亚德,利亚德:2024年1月16日投资者关系记录表,调研活动,2024-01-16,https://data.eastmoney.com/notices/detail/300296/AN202401161617514575.html
920007,酉立智能,酉立智能:独立董事提名人声明(庞云华),独立董事提名人声明,2024-01-16,https://data.eastmoney.com/notices/detail/920007/AN202401161617514603.html
300614,百川畅银,百川畅银:关于控股股东部分可转换公司债券解除质押的公告,股份质押、冻结,2024-01-16,https://data.eastmoney.com/notices/detail/300614/AN202401161617514646.html
300447,全信股份,全信股份:南京全信传输科技股份有限公司第六届监事会十二次会议决议公告,监事会决议公告,2024-01-16,https://data.eastmoney.com/notices/detail/300447/AN202401161617514645.html
300447,全信股份,全信股份:南京全信传输科技股份有限公司第六届董事会十二次会议决议公告,董事会决议公告,2024-01-16,https://data.eastmoney.com/notices/detail/300447/AN202401161617514650.html
300447,全信股份,全信股份:北京浩天(上海)律师事务所关于南京全信传输科技股份有限公司2020年限制性股票激励计划预留授予的限制性股票第三期解除限售相关事项的法律意见书,法律意见书,2024-01-16,https://data.eastmoney.com/notices/detail/300447/AN202401161617514651.html
300447,全信股份,全信股份:上海荣正企业咨询服务(集团)股份有限公司关于全信股份2020年限制性股票激励计划预留授予限制性股票第三个限售期解除限售条件成就之独立财务顾问报告,限售股份上市流通,2024-01-16,https://data.eastmoney.com/notices/detail/300447/AN202401161617514644.html
300447,全信股份,全信股份:南京全信传输科技股份有限公司关于2020年限制性股票激励计划预留授予的限制性股票第三个限售期解除限售条件成就的公告,限售股份上市流通,2024-01-16,https://data.eastmoney.com/notices/detail/300447/AN202401161617514605.html
920075,柏星龙,柏星龙:关于公司通过高新技术企业重新认定的公告,获得认证,2024-01-16,https://data.eastmoney.com/notices/detail/920075/AN202401161617514598.html
920007,酉立智能,酉立智能:独立董事提名人声明(周喻),独立董事提名人声明,2024-01-16,https://data.eastmoney.com/notices/detail/920007/AN202401161617514571.html
920007,酉立智能,酉立智能:独立董事任命公告,高管人员任职变动,2024-01-16,https://data.eastmoney.com/notices/detail/920007/AN202401161617514397.html
300584,海辰药业,海辰药业:关于公司获得高新技术企业证书的公告,获得认证,2024-01-16,https://data.eastmoney.com/notices/detail/300584/AN202401161617514381.html
920403,康农种业,康农种业:关于公司股票在全国中小企业股份转让系统终止挂牌的提示性公告,终止上市提示公告,2024-01-16,https://data.eastmoney.com/notices/detail/920403/AN202401161617514262.html
688195,腾景科技,腾景科技:腾景科技股份有限公司投资者关系活动记录(2024-001),调研活动,2024-01-16,https://data.eastmoney.com/notices/detail/688195/AN202401161617513986.html
301357,北方长龙,北方长龙:关于使用部分闲置募集资金进行现金管理的进展公告,募集资金使用进展情况,2024-01-16,https://data.eastmoney.com/notices/detail/301357/AN202401161617514083.html
301357,北方长龙,北方长龙:关于公司副总经理辞职暨聘任新副总经理的公告,高管人员任职变动,2024-01-16,https://data.eastmoney.com/notices/detail/301357/AN202401161617514082.html
301357,北方长龙,北方长龙:董事会提名委员会关于聘任公司副总经理候选人的审查意见,专项说明/独立意见,2024-01-16,https://data.eastmoney.com/notices/detail/301357/AN202401161617514061.html
301357,北方长龙,北方长龙:第二届董事会独立董事专门会议2024年第一次会议的审查意见,专项说明/独立意见,2024-01-16,https://data.eastmoney.com/notices/detail/301357/AN202401161617514062.html
301357,北方长龙,北方长龙:关于调整公司组织架构的公告,其他,2024-01-16,https://data.eastmoney.com/notices/detail/301357/AN202401161617514080.html
301357,北方长龙,北方长龙:第二届董事会第四次会议决议公告,高管人员任职变动,2024-01-16,https://data.eastmoney.com/notices/detail/301357/AN202401161617514081.html
301357,北方长龙,北方长龙:独立董事关于第二届董事会第四次会议相关事项的独立意见,专项说明/独立意见,2024-01-16,https://data.eastmoney.com/notices/detail/301357/AN202401161617514022.html
688522,纳睿雷达,纳睿雷达:投资者关系活动记录表(2024年1月15日-16日),调研活动,2024-01-16,https://data.eastmoney.com/notices/detail/688522/AN202401161617513556.html
002291,遥望科技,深交所:遥望科技_监管函,深交所股票监管函,2024-01-16,https://data.eastmoney.com/notices/detail/002291/AN202401161617513868.html
920082,方正阀门,方正阀门:关于申请公开发行股票并在北京证券交易所上市暨停牌进展公告,停牌公告,2024-01-16,https://data.eastmoney.com/notices/detail/920082/AN202401161617513500.html
300265,通光线缆,通光线缆:关于向特定对象发行股票限售股份解除限售并上市流通的提示性公告,限售股份上市流通,2024-01-16,https://data.eastmoney.com/notices/detail/300265/AN202401161617513543.html
300265,通光线缆,通光线缆:中信证券股份有限公司关于江苏通光电子线缆股份有限公司向特定对象发行股票限售股份解除限售并上市流通的核查意见,保荐/核查意见,2024-01-16,https://data.eastmoney.com/notices/detail/300265/AN202401161617513526.html
002520,日发精机,日发精机:2024年1月15日及16日投资者关系活动记录表,调研活动,2024-01-16,https://data.eastmoney.com/notices/detail/002520/AN202401161617513346.html
920403,康农种业,康农种业:向不特定合格投资者公开发行股票并在北京证券交易所上市提示性公告,首发提示性公告,2024-01-16,https://data.eastmoney.com/notices/detail/920403/AN202401161617513338.html
920403,康农种业,康农种业:向不特定合格投资者公开发行股票并在北京证券交易所上市公告书,首发上市公告书,2024-01-16,https://data.eastmoney.com/notices/detail/920403/AN202401161617513339.html
300605,恒锋信息,恒锋信息:中泰证券股份有限公司关于公司2023年度持续督导培训情况报告,保荐/核查意见,2024-01-16,https://data.eastmoney.com/notices/detail/300605/AN202401161617513461.html
301019,宁波色母,宁波色母:关于使用部分闲置自有资金进行现金管理到期赎回并继续进行现金管理的公告,投资理财,2024-01-16,https://data.eastmoney.com/notices/detail/301019/AN202401161617513466.html
300650,太龙股份,太龙股份:关于2023年度为子公司提供担保的进展公告,提供/对外担保公告,2024-01-16,https://data.eastmoney.com/notices/detail/300650/AN202401161617513104.html
920000,安徽凤凰,安徽凤凰:回购股份结果公告,回购进展情况,2024-01-16,https://data.eastmoney.com/notices/detail/920000/AN202401161617512368.html
920000,安徽凤凰,安徽凤凰:关于回购期满未实施回购的公告,回购进展情况,2024-01-16,https://data.eastmoney.com/notices/detail/920000/AN202401161617512369.html
300333,兆日科技,兆日科技:关于全资子公司收到现金分红的公告,其他,2024-01-16,https://data.eastmoney.com/notices/detail/300333/AN202401161617512288.html
301302,华如科技,华如科技:关于公司高管离任的公告,高管人员任职变动,2024-01-16,https://data.eastmoney.com/notices/detail/301302/AN202401161617512287.html
301383,天键股份,天键股份:关于2023年限制性股票激励计划第一类限制性股票授予登记完成公告,股本变动,2024-01-16,https://data.eastmoney.com/notices/detail/301383/AN202401161617512290.html
A22204,荣盛生物,关于对上海荣盛生物药业股份有限公司予以通报批评的决定,上交所股票通报批评,2024-01-16,https://data.eastmoney.com/notices/detail/A22204/AN202401161617511579.html
920007,酉立智能,酉立智能:第一届董事会第八次会议决议公告,高管人员任职变动,2024-01-16,https://data.eastmoney.com/notices/detail/920007/AN202401161617512236.html
301239,普瑞眼科,普瑞眼科:2023年度业绩预告,业绩预告,2024-01-16,https://data.eastmoney.com/notices/detail/301239/AN202401161617511780.html
300394,天孚通信,天孚通信:第五届董事会第一次临时会议决议公告,董事会决议公告,2024-01-16,https://data.eastmoney.com/notices/detail/300394/AN202401161617511782.html
300394,天孚通信,天孚通信:第五届监事会第一次临时会议决议公告,监事会决议公告,2024-01-16,https://data.eastmoney.com/notices/detail/300394/AN202401161617511784.html
300666,江丰电子,江丰电子:关于控股子公司通过高新技术企业认定的公告,其他,2024-01-16,https://data.eastmoney.com/notices/detail/300666/AN202401161617511763.html
300394,天孚通信,天孚通信:关于向银行申请综合授信额度的公告,借贷,2024-01-16,https://data.eastmoney.com/notices/detail/300394/AN202401161617511764.html
300931,通用电梯,通用电梯:关于重大诉讼的进展公告,诉讼仲裁,2024-01-16,https://data.eastmoney.com/notices/detail/300931/AN202401161617511752.html
300666,江丰电子,江丰电子:关于控股股东、实际控制人部分股份质押及解除质押的公告,股份质押、冻结,2024-01-16,https://data.eastmoney.com/notices/detail/300666/AN202401161617511735.html
300648,星云股份,星云股份:关于福建星云电子股份有限公司2023年申请向特定对象发行股票第三轮审核问询函的回复,回复问询函公告,2024-01-16,https://data.eastmoney.com/notices/detail/300648/AN202401161617511734.html
300648,星云股份,星云股份:关于申请向特定对象发行股票的第三轮审核问询函回复的提示性公告,回复问询函公告,2024-01-16,https://data.eastmoney.com/notices/detail/300648/AN202401161617511668.html
603477,巨星农牧,巨星农牧:乐山巨星农牧股份有限公司投资者关系活动记录表,调研活动,2024-01-16,https://data.eastmoney.com/notices/detail/603477/AN202401161617511449.html
688130,晶华微,晶华微:晶华微投资者关系活动记录表(20240112),调研活动,2024-01-16,https://data.eastmoney.com/notices/detail/688130/AN202401161617511448.html
603693,江苏新能,江苏新能:江苏新能2023年12月投资者关系活动记录,调研活动,2024-01-16,https://data.eastmoney.com/notices/detail/603693/AN202401161617511447.html
920924,广脉科技,广脉科技:关于分公司完成工商登记并取得营业执照的公告,公司关联方基本资料变更,2024-01-16,https://data.eastmoney.com/notices/detail/920924/AN202401161617511408.html
300927,江天化学,江天化学:关于完成《公司章程》备案登记的公告,公司章程,2024-01-16,https://data.eastmoney.com/notices/detail/300927/AN202401161617511407.html
300821,东岳硅材,东岳硅材:中信建投证券股份有限公司关于对山东东岳有机硅材料股份有限公司2023年定期现场检查报告,保荐/核查意见,2024-01-16,https://data.eastmoney.com/notices/detail/300821/AN202401161617511405.html
300582,英飞特,英飞特:关于控股股东所持股份解除司法冻结的公告,股份质押、冻结,2024-01-16,https://data.eastmoney.com/notices/detail/300582/AN202401161617511404.html
300922,天秦装备,天秦装备:关于使用部分闲置自有资金进行现金管理到期赎回的公告,投资理财,2024-01-16,https://data.eastmoney.com/notices/detail/300922/AN202401161617511406.html
301328,维峰电子,维峰电子:关于审计机构变更签字注册会计师及项目质量复核人员的公告,审计机构变更,2024-01-16,https://data.eastmoney.com/notices/detail/301328/AN202401161617511388.html
301399,英特科技,英特科技:关于使用部分闲置募集资金进行现金管理的进展公告,募集资金使用进展情况,2024-01-16,https://data.eastmoney.com/notices/detail/301399/AN202401161617511370.html
001282,三联锻造,三联锻造:2024年1月16日投资者关系活动记录表,调研活动,2024-01-16,https://data.eastmoney.com/notices/detail/001282/AN202401161617511227.html
300584,海辰药业,海辰药业:关于公司获得非布司他片药品注册批件的公告,其他,2024-01-16,https://data.eastmoney.com/notices/detail/300584/AN202401161617511252.html
300872,天阳科技,天阳科技:关于完成工商变更登记并换发营业执照的公告,公司经营范围变更,2024-01-16,https://data.eastmoney.com/notices/detail/300872/AN202401161617511198.html
301189,奥尼电子,奥尼电子:关于公司通过高新技术企业重新认定的公告,获得认证,2024-01-16,https://data.eastmoney.com/notices/detail/301189/AN202401161617511195.html
300406,九强生物,九强生物:关于取得医疗器械注册证书的公告,获得认证,2024-01-16,https://data.eastmoney.com/notices/detail/300406/AN202401161617511197.html
300180,华峰超纤,华峰超纤:关于公司独立董事辞职的公告,高管人员任职变动,2024-01-16,https://data.eastmoney.com/notices/detail/300180/AN202401161617511192.html
300735,光弘科技,光弘科技:关于公司对子公司担保的进展公告,提供/对外担保公告,2024-01-16,https://data.eastmoney.com/notices/detail/300735/AN202401161617511161.html
300389,艾比森,艾比森:2023年员工持股计划第一次持有人会议决议公告,员工持股计划,2024-01-16,https://data.eastmoney.com/notices/detail/300389/AN202401161617511156.html
300826,测绘股份,测绘股份:关于使用部分闲置募集资金进行现金管理的进展公告,募集资金使用进展情况,2024-01-16,https://data.eastmoney.com/notices/detail/300826/AN202401161617511157.html
688389,普门科技,普门科技:普门科技2024年1月10日-1月12日投资者关系活动记录表2024-001,调研活动,2024-01-16,https://data.eastmoney.com/notices/detail/688389/AN202401161617510827.html
603998,方盛制药,方盛制药:方盛制药:投资者关系活动记录表(2024-002场),调研活动,2024-01-16,https://data.eastmoney.com/notices/detail/603998/AN202401161617510826.html
688317,之江生物,之江生物:之江生物:投资者关系活动记录表【编号:2024-001】,调研活动,2024-01-16,https://data.eastmoney.com/notices/detail/688317/AN202401161617510825.html
688138,清溢光电,清溢光电:清溢光电2024年1月11日投资者关系活动记录表,调研活动,2024-01-16,https://data.eastmoney.com/notices/detail/688138/AN202401161617510785.html
688395,正弦电气,正弦电气:正弦电气:投资者关系活动记录表(2024年1月12日),调研活动,2024-01-16,https://data.eastmoney.com/notices/detail/688395/AN202401161617510784.html
688458,美芯晟,美芯晟:美芯晟投资者关系活动记录表(2024年1月10日-12日),调研活动,2024-01-16,https://data.eastmoney.com/notices/detail/688458/AN202401161617510783.html
603300,海南华铁,华铁应急:浙江华铁应急设备科技股份有限公司投资者关系活动记录表20240116,调研活动,2024-01-16,https://data.eastmoney.com/notices/detail/603300/AN202401161617510782.html
688210,统联精密,统联精密:深圳市泛海统联精密制造股份有限公司投资者关系活动记录汇总表(2024年1月12日),调研活动,2024-01-16,https://data.eastmoney.com/notices/detail/688210/AN202401161617510780.html
600970,中材国际,中材国际:中材国际2024年1月8日至1月12日投资者沟通情况,调研活动,2024-01-16,https://data.eastmoney.com/notices/detail/600970/AN202401161617510779.html
688391,钜泉科技,钜泉科技:钜泉光电科技(上海)股份有限公司投资者关系活动记录表(2024.01.16),调研活动,2024-01-16,https://data.eastmoney.com/notices/detail/688391/AN202401161617510778.html
600399,抚顺特钢,抚顺特钢:抚顺特钢:投资者关系活动记录表2024-001,调研活动,2024-01-16,https://data.eastmoney.com/notices/detail/600399/AN202401161617510777.html
601985,中国核电,中国核电:2023年四季度投资者关系活动记录表,调研活动,2024-01-16,https://data.eastmoney.com/notices/detail/601985/AN202401161617510776.html
601985,中国核电,中国核电:2023年12月投资者沟通情况通报,调研活动,2024-01-16,https://data.eastmoney.com/notices/detail/601985/AN202401161617510775.html
002600,领益智造,6-1发行人最近三年的财务报告及其审计报告以及最近一期的财务报告(申报稿)(广东领益智造股份有限公司),深主板再融资审计报告,2024-01-16,https://data.eastmoney.com/notices/detail/002600/AN202401161617510615.html
A22343,耀坤液压,3补充法律意见书(五)(补充2023年半年报更新版)(江苏耀坤液压股份有限公司),深主板发行上市问询与回复,2024-01-16,https://data.eastmoney.com/notices/detail/A22343/AN202401161617510646.html
A22343,耀坤液压,2会计师事务所关于审核中心意见落实函的回复(豁免版)(江苏耀坤液压股份有限公司),深主板发行上市问询与回复,2024-01-16,https://data.eastmoney.com/notices/detail/A22343/AN202401161617510643.html
A22343,耀坤液压,2会计师事务所回复意见(豁免版)(补充2023年半年报更新版)(江苏耀坤液压股份有限公司),深主板发行上市问询与回复,2024-01-16,https://data.eastmoney.com/notices/detail/A22343/AN202401161617510645.html
A22343,耀坤液压,1发行人及保荐人回复意见(豁免版)(补充2023年半年报更新版)(江苏耀坤液压股份有限公司),深主板发行上市问询与回复,2024-01-16,https://data.eastmoney.com/notices/detail/A22343/AN202401161617510644.html
A22343,耀坤液压,发行人及保荐机构关于审核中心意见落实函的回复(江苏耀坤液压股份有限公司),深主板发行上市问询与回复,2024-01-16,https://data.eastmoney.com/notices/detail/A22343/AN202401161617510642.html
A23078,祥邦科技,1-1招股说明书(申报稿)(浙江祥邦科技股份有限公司),创业板IPO招股说明书申报稿,2024-01-16,https://data.eastmoney.com/notices/detail/A23078/AN202401161617510624.html
A23167,汇乐技术,2会计师事务所回复意见(豁免版)(东莞汇乐技术股份有限公司),创业板IPO问询与回复,2024-01-16,https://data.eastmoney.com/notices/detail/A23167/AN202401161617510621.html
A23162,斯比特,2会计师事务所回复意见(豁免版)(深圳市斯比特技术股份有限公司),创业板IPO问询与回复,2024-01-16,https://data.eastmoney.com/notices/detail/A23162/AN202401161617510619.html
A16313,鸿禧能源,1-1招股说明书(申报稿)(浙江鸿禧能源股份有限公司),创业板IPO招股说明书申报稿,2024-01-16,https://data.eastmoney.com/notices/detail/A16313/AN202401161617510626.html
A23078,祥邦科技,3补充法律意见书(二)(浙江祥邦科技股份有限公司),创业板IPO问询与回复,2024-01-16,https://data.eastmoney.com/notices/detail/A23078/AN202401161617510623.html
A23162,斯比特,3补充法律意见书(一)(豁免版)(深圳市斯比特技术股份有限公司),创业板IPO问询与回复,2024-01-16,https://data.eastmoney.com/notices/detail/A23162/AN202401161617510618.html
A23165,丹耀光学,8-3-1补充法律意见书(二)(丹阳丹耀光学股份有限公司),创业板IPO问询与回复,2024-01-16,https://data.eastmoney.com/notices/detail/A23165/AN202401161617510617.html
A23167,汇乐技术,3律师事务所补充法律意见书(一)(东莞汇乐技术股份有限公司),创业板IPO问询与回复,2024-01-16,https://data.eastmoney.com/notices/detail/A23167/AN202401161617510622.html
002600,领益智造,1发行人与保荐人关于第三轮审核问询函的回复(修订稿)(广东领益智造股份有限公司),深主板再融资问询与回复,2024-01-16,https://data.eastmoney.com/notices/detail/002600/AN202401161617510631.html
A23167,汇乐技术,发行人及保荐机构回复意见(东莞汇乐技术股份有限公司),创业板IPO问询与回复,2024-01-16,https://data.eastmoney.com/notices/detail/A23167/AN202401161617510620.html
002600,领益智造,1-1募集说明书(申报稿)(广东领益智造股份有限公司),深主板再融资募集说明书申报稿,2024-01-16,https://data.eastmoney.com/notices/detail/002600/AN202401161617510630.html
002600,领益智造,1发行人及保荐人关于审核问询函的回复(修订稿)(广东领益智造股份有限公司),深主板再融资问询与回复,2024-01-16,https://data.eastmoney.com/notices/detail/002600/AN202401161617510627.html
A16313,鸿禧能源,8-2会计师事务所回复意见(浙江鸿禧能源股份有限公司),创业板IPO问询与回复,2024-01-16,https://data.eastmoney.com/notices/detail/A16313/AN202401161617510625.html
002600,领益智造,1发行人与保荐人关于第二轮审核问询函的回复(修订稿)(广东领益智造股份有限公司),深主板再融资问询与回复,2024-01-16,https://data.eastmoney.com/notices/detail/002600/AN202401161617510629.html
A16313,鸿禧能源,3-1-3上市保荐书(申报稿)(浙江鸿禧能源股份有限公司),创业板IPO上市保荐书申报稿,2024-01-16,https://data.eastmoney.com/notices/detail/A16313/AN202401161617510628.html
002600,领益智造,3-1证券发行保荐书(申报稿)(广东领益智造股份有限公司),深主板再融资发行保荐书,2024-01-16,https://data.eastmoney.com/notices/detail/002600/AN202401161617510613.html
A22096,科瑞德,1-1招股说明书(申报稿)(四川科瑞德制药股份有限公司),创业板IPO招股说明书申报稿,2024-01-16,https://data.eastmoney.com/notices/detail/A22096/AN202401161617510609.html
A23078,祥邦科技,2申报会计师第二轮审核问询函回复报告(浙江祥邦科技股份有限公司),创业板IPO问询与回复,2024-01-16,https://data.eastmoney.com/notices/detail/A23078/AN202401161617510605.html
A16313,鸿禧能源,8-3律师事务所补充法律意见书(二)(浙江鸿禧能源股份有限公司),创业板IPO问询与回复,2024-01-16,https://data.eastmoney.com/notices/detail/A16313/AN202401161617510607.html
A23162,斯比特,发行人及保荐机构回复意见(深圳市斯比特技术股份有限公司),创业板IPO问询与回复,2024-01-16,https://data.eastmoney.com/notices/detail/A23162/AN202401161617510603.html
A23165,丹耀光学,8-2-1申报会计师回复意见(丹阳丹耀光学股份有限公司),创业板IPO问询与回复,2024-01-16,https://data.eastmoney.com/notices/detail/A23165/AN202401161617510616.html
A16313,鸿禧能源,发行人及保荐机构回复意见(浙江鸿禧能源股份有限公司),创业板IPO问询与回复,2024-01-16,https://data.eastmoney.com/notices/detail/A16313/AN202401161617510606.html
A23165,丹耀光学,发行人及保荐机构回复意见(丹阳丹耀光学股份有限公司),创业板IPO问询与回复,2024-01-16,https://data.eastmoney.com/notices/detail/A23165/AN202401161617510602.html
002600,领益智造,3补充法律意见书(四)(广东领益智造股份有限公司),深主板再融资问询与回复,2024-01-16,https://data.eastmoney.com/notices/detail/002600/AN202401161617510612.html
A23078,祥邦科技,发行人及保荐机构关于第二轮审核问询函的回复意见(浙江祥邦科技股份有限公司),创业板IPO问询与回复,2024-01-16,https://data.eastmoney.com/notices/detail/A23078/AN202401161617510604.html
002600,领益智造,2会计师关于审核问询函的回复(修订稿)(广东领益智造股份有限公司),深主板再融资问询与回复,2024-01-16,https://data.eastmoney.com/notices/detail/002600/AN202401161617510610.html
002600,领益智造,3-3上市保荐书(申报稿)(广东领益智造股份有限公司),深主板再融资上市保荐书,2024-01-16,https://data.eastmoney.com/notices/detail/002600/AN202401161617510614.html
002600,领益智造,2会计师关于第三轮审核问询函的回复(修订稿)(广东领益智造股份有限公司),深主板再融资问询与回复,2024-01-16,https://data.eastmoney.com/notices/detail/002600/AN202401161617510611.html
A16313,鸿禧能源,3-1-2发行保荐书(申报稿)(浙江鸿禧能源股份有限公司),创业板IPO发行保荐书申报稿,2024-01-16,https://data.eastmoney.com/notices/detail/A16313/AN202401161617510608.html
002947,恒铭达,恒铭达:002947恒铭达投资者调研记录20240112,调研活动,2024-01-16,https://data.eastmoney.com/notices/detail/002947/AN202401161617509697.html
000058,深赛格,深赛格:关于召开公司2024年第一次临时股东大会通知的变更公告,召开股东大会通知,2024-01-16,https://data.eastmoney.com/notices/detail/000058/AN202401161617509273.html
000676,智度股份,智度股份:第十届监事会第一次会议决议公告,高管人员任职变动,2024-01-16,https://data.eastmoney.com/notices/detail/000676/AN202401161617509265.html
000676,智度股份,智度股份:第十届董事会第一次会议决议公告,高管人员任职变动,2024-01-16,https://data.eastmoney.com/notices/detail/000676/AN202401161617509264.html
002521,齐峰新材,齐峰新材:募集说明书(注册稿),深主板再融资募集说明书注册稿,2024-01-16,https://data.eastmoney.com/notices/detail/002521/AN202401161617509260.html
002521,齐峰新材,齐峰新材:上市保荐书,上市保荐书,2024-01-16,https://data.eastmoney.com/notices/detail/002521/AN202401161617509261.html
002091,江苏国泰,江苏国泰:关于2023年第四季度可转换公司债券转股情况公告,其他,2024-01-16,https://data.eastmoney.com/notices/detail/002091/AN202401161617509262.html
002521,齐峰新材,齐峰新材:法律意见书,法律意见书,2024-01-16,https://data.eastmoney.com/notices/detail/002521/AN202401161617509259.html
002521,齐峰新材,齐峰新材:证券发行保荐书,发行保荐书,2024-01-16,https://data.eastmoney.com/notices/detail/002521/AN202401161617509263.html
301567,贝隆精密,关于“N贝隆精密”盘中临时停牌的公告,交易所停复牌公告,2024-01-16,https://data.eastmoney.com/notices/detail/301567/AN202401161617508772.html
000055,方大集团,方大集团:方大集团股份有限公司投资者关系活动记录表(2024.1.15),调研活动,2024-01-16,https://data.eastmoney.com/notices/detail/000055/AN202401161617507613.html
301193,家联科技,家联科技:2024年1月15日投资者关系活动记录表,调研活动,2024-01-16,https://data.eastmoney.com/notices/detail/301193/AN202401161617507596.html
002270,华明装备,华明装备:002270华明装备投资者关系管理信息20240112,调研活动,2024-01-16,https://data.eastmoney.com/notices/detail/002270/AN202401161617507061.html
002385,大北农,大北农:2024年1月15日投资者关系活动记录表,调研活动,2024-01-16,https://data.eastmoney.com/notices/detail/002385/AN202401161617506179.html
001286,陕西能源,陕西能源:关于清水川能源电厂三期项目(2×1000MW)首台机组通过168小时试运行的自愿性披露公告,其他,2024-01-16,https://data.eastmoney.com/notices/detail/001286/AN202401161617506147.html
001211,双枪科技,双枪科技:第三届董事会第三次会议决议公告,董事会决议公告,2024-01-16,https://data.eastmoney.com/notices/detail/001211/AN202401161617506104.html
001211,双枪科技,双枪科技:关于召开2024年第一次临时股东大会通知的公告,召开股东大会通知,2024-01-16,https://data.eastmoney.com/notices/detail/001211/AN202401161617506102.html
001211,双枪科技,双枪科技:薪酬与考核委员会工作细则(2024年1月修订),议事规则/实施细则,2024-01-16,https://data.eastmoney.com/notices/detail/001211/AN202401161617506109.html
001211,双枪科技,双枪科技:董事会议事规则(2024年1月修订),议事规则/实施细则,2024-01-16,https://data.eastmoney.com/notices/detail/001211/AN202401161617506112.html
001211,双枪科技,双枪科技:独立董事工作制度(2024年1月修订),管理办法/制度,2024-01-16,https://data.eastmoney.com/notices/detail/001211/AN202401161617506116.html
001211,双枪科技,双枪科技:募集资金管理制度(2024年1月修订),管理办法/制度,2024-01-16,https://data.eastmoney.com/notices/detail/001211/AN202401161617506117.html
001211,双枪科技,双枪科技:总经理工作细则(2024年1月修订),议事规则/实施细则,2024-01-16,https://data.eastmoney.com/notices/detail/001211/AN202401161617506110.html
001211,双枪科技,双枪科技:战略委员会工作细则(2024年1月修订),议事规则/实施细则,2024-01-16,https://data.eastmoney.com/notices/detail/001211/AN202401161617506114.html
001211,双枪科技,双枪科技:内部审计制度(2024年1月修订),管理办法/制度,2024-01-16,https://data.eastmoney.com/notices/detail/001211/AN202401161617506103.html
001211,双枪科技,双枪科技:第三届监事会第三次会议决议公告,监事会决议公告,2024-01-16,https://data.eastmoney.com/notices/detail/001211/AN202401161617506105.html
001211,双枪科技,双枪科技:独立董事专门会议工作制度,管理办法/制度,2024-01-16,https://data.eastmoney.com/notices/detail/001211/AN202401161617506106.html
001211,双枪科技,双枪科技:关于修订《公司章程》并办理工商变更登记的公告,公司章程修订,2024-01-16,https://data.eastmoney.com/notices/detail/001211/AN202401161617506101.html
001211,双枪科技,双枪科技:信息披露管理制度(2024年1月修订),管理办法/制度,2024-01-16,https://data.eastmoney.com/notices/detail/001211/AN202401161617506115.html
001211,双枪科技,双枪科技:审计委员会工作细则(2024年1月修订),议事规则/实施细则,2024-01-16,https://data.eastmoney.com/notices/detail/001211/AN202401161617506107.html
001211,双枪科技,双枪科技:公司章程(2024年1月修订),公司章程修订,2024-01-16,https://data.eastmoney.com/notices/detail/001211/AN202401161617506113.html
001211,双枪科技,双枪科技:监事会议事规则(2024年1月修订),议事规则/实施细则,2024-01-16,https://data.eastmoney.com/notices/detail/001211/AN202401161617506111.html
001211,双枪科技,双枪科技:股东大会议事规则(2024年1月修订),议事规则/实施细则,2024-01-16,https://data.eastmoney.com/notices/detail/001211/AN202401161617506108.html
001211,双枪科技,双枪科技:关联交易管理制度(2024年1月修订),管理办法/制度,2024-01-16,https://data.eastmoney.com/notices/detail/001211/AN202401161617506097.html
001211,双枪科技,双枪科技:对外担保管理制度(2024年1月修订),管理办法/制度,2024-01-16,https://data.eastmoney.com/notices/detail/001211/AN202401161617506094.html
001211,双枪科技,双枪科技:董事会秘书工作细则(2024年1月修订),议事规则/实施细则,2024-01-16,https://data.eastmoney.com/notices/detail/001211/AN202401161617506095.html
001211,双枪科技,双枪科技:提名委员会工作细则(2024年1月修订),议事规则/实施细则,2024-01-16,https://data.eastmoney.com/notices/detail/001211/AN202401161617506099.html
000729,燕京啤酒,燕京啤酒:关于公司部分高级管理人员变更的公告,高管人员任职变动,2024-01-16,https://data.eastmoney.com/notices/detail/000729/AN202401161617506088.html
000729,燕京啤酒,燕京啤酒:第八届董事会第二十三次会议决议公告,高管人员任职变动,2024-01-16,https://data.eastmoney.com/notices/detail/000729/AN202401161617506085.html
003043,华亚智能,关于苏州华亚智能科技股份有限公司申请发行股份、现金购买资产并募集配套资金的审核问询函,深主板并购重组问询与回复,2024-01-16,https://data.eastmoney.com/notices/detail/003043/AN202401161617504873.html
002875,安奈儿,安奈儿:002875安奈儿投资者关系管理信息20240116,调研活动,2024-01-16,https://data.eastmoney.com/notices/detail/002875/AN202401161617504958.html
603958,哈森股份,哈森股份:哈森股份发行股份及支付现金购买资产并募集配套资金暨关联交易预案之补充公告,其他,2024-01-16,https://data.eastmoney.com/notices/detail/603958/AN202401151617504606.html
600728,佳都科技,佳都科技:佳都科技第十届董事会2024年第一次临时会议决议公告,董事会决议公告,2024-01-16,https://data.eastmoney.com/notices/detail/600728/AN202401151617504146.html
600728,佳都科技,佳都科技:佳都科技第十届监事会2024年第一次临时会议决议公告,监事会决议公告,2024-01-16,https://data.eastmoney.com/notices/detail/600728/AN202401151617504144.html
600728,佳都科技,佳都科技:佳都科技关于使用暂时闲置募集资金进行现金管理的公告,投资理财,2024-01-16,https://data.eastmoney.com/notices/detail/600728/AN202401151617504147.html
600728,佳都科技,佳都科技:广发证券股份有限公司关于佳都科技集团股份有限公司使用暂时闲置募集资金进行现金管理的核查意见,保荐/核查意见,2024-01-16,https://data.eastmoney.com/notices/detail/600728/AN202401151617504145.html
600728,佳都科技,佳都科技:佳都科技关于预计2024年度使用自有资金进行委托理财的公告,委托（受托）事项,2024-01-16,https://data.eastmoney.com/notices/detail/600728/AN202401151617504143.html
688733,壹石通,壹石通:壹石通2024年第一次临时股东大会决议公告,股东大会决议公告,2024-01-16,https://data.eastmoney.com/notices/detail/688733/AN202401151617503692.html
688733,壹石通,壹石通:北京德恒(合肥)律师事务所关于安徽壹石通材料科技股份有限公司2024年第一次临时股东大会见证法律意见,法律意见书,2024-01-16,https://data.eastmoney.com/notices/detail/688733/AN202401151617503693.html
688025,杰普特,杰普特:关于深圳市杰普特光电股份有限公司2024年第一次临时股东大会的法律意见书,法律意见书,2024-01-16,https://data.eastmoney.com/notices/detail/688025/AN202401151617503669.html
688025,杰普特,杰普特:2024年第一次临时股东大会决议公告,增发预案,2024-01-16,https://data.eastmoney.com/notices/detail/688025/AN202401151617503668.html
002086,东方海洋,*ST东洋:关于子公司取得医疗器械注册证的公告,其他,2024-01-16,https://data.eastmoney.com/notices/detail/002086/AN202401151617503498.html
301502,华阳智能,华阳智能:公司财务报表及审阅报告(2023年1月-9月),保荐/核查意见,2024-01-16,https://data.eastmoney.com/notices/detail/301502/AN202401151617502651.html
300799,左江退,*ST左江:独立董事工作制度,管理办法/制度,2024-01-16,https://data.eastmoney.com/notices/detail/300799/AN202401151617503460.html
300799,左江退,*ST左江:第三届监事会第十一次会议决议公告,监事会决议公告,2024-01-16,https://data.eastmoney.com/notices/detail/300799/AN202401151617503462.html
300799,左江退,*ST左江:关于拟变更会计师事务所的公告,审计机构变更,2024-01-16,https://data.eastmoney.com/notices/detail/300799/AN202401151617503461.html
300799,左江退,*ST左江:关于召开2024年第一次临时股东大会的通知,召开股东大会通知,2024-01-16,https://data.eastmoney.com/notices/detail/300799/AN202401151617503426.html
300799,左江退,*ST左江:第三届董事会第十三次会议决议公告,董事会决议公告,2024-01-16,https://data.eastmoney.com/notices/detail/300799/AN202401151617503402.html
301502,华阳智能,华阳智能:募集资金具体运用情况,募集资金使用情况报告,2024-01-16,https://data.eastmoney.com/notices/detail/301502/AN202401151617502636.html
301502,华阳智能,华阳智能:董事会有关本次发行并上市的决议,首发提示性公告,2024-01-16,https://data.eastmoney.com/notices/detail/301502/AN202401151617502648.html
301502,华阳智能,华阳智能:股东大会有关本次发行并上市的决议,首发提示性公告,2024-01-16,https://data.eastmoney.com/notices/detail/301502/AN202401151617502658.html
301502,华阳智能,华阳智能:发行人及其他责任主体作出的与发行人本次发行上市相关的其他承诺事项,其他,2024-01-16,https://data.eastmoney.com/notices/detail/301502/AN202401151617502657.html
301502,华阳智能,华阳智能:子公司、参股公司简要情况,其他,2024-01-16,https://data.eastmoney.com/notices/detail/301502/AN202401151617502646.html
301502,华阳智能,华阳智能:落实投资者关系管理相关规定的安排、股利分配决策程序、股东投票机制建立情况,其他,2024-01-16,https://data.eastmoney.com/notices/detail/301502/AN202401151617502639.html
301502,华阳智能,华阳智能:与投资者保护相关的承诺,其他,2024-01-16,https://data.eastmoney.com/notices/detail/301502/AN202401151617502634.html
301502,华阳智能,华阳智能:国浩律师(南京)事务所关于公司首次公开发行股票并在创业板上市的法律意见书及补充法律意见书,法律意见书,2024-01-16,https://data.eastmoney.com/notices/detail/301502/AN202401151617502647.html
301502,华阳智能,华阳智能:审计委员会及其他专门委员会的设置情况说明,专项说明/独立意见,2024-01-16,https://data.eastmoney.com/notices/detail/301502/AN202401151617502638.html
301502,华阳智能,华阳智能:首次公开发行股票并在创业板上市提示公告,首发提示性公告,2024-01-16,https://data.eastmoney.com/notices/detail/301502/AN202401151617502649.html
301502,华阳智能,华阳智能:首次公开发行股票并在创业板上市初步询价及推介公告,初步询价及推介公告,2024-01-16,https://data.eastmoney.com/notices/detail/301502/AN202401151617502640.html
002617,露笑科技,露笑科技:关于对全资子公司提供担保的进展公告,提供/对外担保公告,2024-01-16,https://data.eastmoney.com/notices/detail/002617/AN202401151617503054.html
002617,露笑科技,露笑科技:关于公司控股股东、实际控制人部分股份质押的公告,股份质押、冻结,2024-01-16,https://data.eastmoney.com/notices/detail/002617/AN202401151617503053.html
301502,华阳智能,华阳智能:经注册会计师鉴证的非经常性损益明细表,保荐/核查意见,2024-01-16,https://data.eastmoney.com/notices/detail/301502/AN202401151617502635.html
301502,华阳智能,华阳智能:股东大会、董事会、监事会、独立董事、董事会秘书制度的建立健全及运行情况说明,专项说明/独立意见,2024-01-16,https://data.eastmoney.com/notices/detail/301502/AN202401151617502641.html
301502,华阳智能,华阳智能:东吴证券股份有限公司关于公司首次公开发行股票并在创业板上市的上市保荐书,上市保荐书,2024-01-16,https://data.eastmoney.com/notices/detail/301502/AN202401151617502637.html
301502,华阳智能,华阳智能:东吴证券股份有限公司关于公司首次公开发行股票并在创业板上市的发行保荐书,发行保荐书,2024-01-16,https://data.eastmoney.com/notices/detail/301502/AN202401151617502645.html
301502,华阳智能,华阳智能:公司章程(草案),公司章程,2024-01-16,https://data.eastmoney.com/notices/detail/301502/AN202401151617502655.html
301502,华阳智能,华阳智能:首次公开发行股票并在创业板上市招股意向书,首发招股意向书,2024-01-16,https://data.eastmoney.com/notices/detail/301502/AN202401151617502650.html
301502,华阳智能,华阳智能:内部控制鉴证报告,保荐/核查意见,2024-01-16,https://data.eastmoney.com/notices/detail/301502/AN202401151617502654.html
300494,盛天网络,盛天网络:关于公司董事会、监事会换届选举的公告,高管人员任职变动,2024-01-16,https://data.eastmoney.com/notices/detail/300494/AN202401151617502992.html
300494,盛天网络,盛天网络:独立董事提名人声明与承诺(何国华),独立董事提名人声明,2024-01-16,https://data.eastmoney.com/notices/detail/300494/AN202401151617502994.html
300494,盛天网络,盛天网络:独立董事提名人声明与承诺(杜耀文),独立董事提名人声明,2024-01-16,https://data.eastmoney.com/notices/detail/300494/AN202401151617503002.html
300494,盛天网络,盛天网络:独立董事候选人声明与承诺(何国华),独立董事候选人声明,2024-01-16,https://data.eastmoney.com/notices/detail/300494/AN202401151617502993.html
300494,盛天网络,盛天网络:独立董事提名人声明与承诺(孟军梅),独立董事提名人声明,2024-01-16,https://data.eastmoney.com/notices/detail/300494/AN202401151617503001.html
300494,盛天网络,盛天网络:关于选举产生第五届监事会职工代表监事的公告,高管人员任职变动,2024-01-16,https://data.eastmoney.com/notices/detail/300494/AN202401151617502990.html
300494,盛天网络,盛天网络:第四届监事会第二十二次会议决议公告,高管人员任职变动,2024-01-16,https://data.eastmoney.com/notices/detail/300494/AN202401151617502991.html
300494,盛天网络,盛天网络:关于召开2024年第一次临时股东大会的通知,召开股东大会通知,2024-01-16,https://data.eastmoney.com/notices/detail/300494/AN202401151617503003.html
300494,盛天网络,盛天网络:第四届董事会第二十四次会议决议公告,高管人员任职变动,2024-01-16,https://data.eastmoney.com/notices/detail/300494/AN202401151617502989.html
001314,亿道信息,亿道信息:募集资金管理制度(2024年1月),管理办法/制度,2024-01-16,https://data.eastmoney.com/notices/detail/001314/AN202401151617502986.html
001314,亿道信息,亿道信息:国泰君安证券股份有限公司关于深圳市亿道信息股份有限公司2024年度日常关联交易预计的核查意见,保荐/核查意见,2024-01-16,https://data.eastmoney.com/notices/detail/001314/AN202401151617502983.html
001314,亿道信息,亿道信息:关于变更注册地址、增加经营范围、修订《公司章程》并办理工商登记的公告,公司经营范围变更,2024-01-16,https://data.eastmoney.com/notices/detail/001314/AN202401151617502999.html
001314,亿道信息,亿道信息:关于董事辞职暨补选董事的公告,高管人员任职变动,2024-01-16,https://data.eastmoney.com/notices/detail/001314/AN202401151617502985.html
001314,亿道信息,亿道信息:关于公司继续使用闲置募集资金及闲置自有资金进行现金管理的公告,投资理财,2024-01-16,https://data.eastmoney.com/notices/detail/001314/AN202401151617502998.html
001314,亿道信息,亿道信息:关于公司2024年度日常关联交易预计的公告,关联交易,2024-01-16,https://data.eastmoney.com/notices/detail/001314/AN202401151617502984.html
001314,亿道信息,亿道信息:关于召开2024年第一次临时股东大会的通知,召开股东大会通知,2024-01-16,https://data.eastmoney.com/notices/detail/001314/AN202401151617503000.html
001314,亿道信息,亿道信息:第三届监事会第十五次会议决议公告,监事会决议公告,2024-01-16,https://data.eastmoney.com/notices/detail/001314/AN202401151617502982.html
001314,亿道信息,亿道信息:第三届董事会第十九次会议决议公告,高管人员任职变动,2024-01-16,https://data.eastmoney.com/notices/detail/001314/AN202401151617502997.html
001258,立新能源,立新能源:北京国枫律师事务所关于新疆立新能源股份有限公司2024年第一次临时股东大会的法律意见书,法律意见书,2024-01-16,https://data.eastmoney.com/notices/detail/001258/AN202401151617502988.html
001258,立新能源,立新能源:新疆立新能源股份有限公司2024年第一次临时股东大会决议公告,增发预案,2024-01-16,https://data.eastmoney.com/notices/detail/001258/AN202401151617502987.html
000917,电广传媒,电广传媒:2024年第一次临时股东大会法律意见书,法律意见书,2024-01-16,https://data.eastmoney.com/notices/detail/000917/AN202401151617502996.html
000917,电广传媒,电广传媒:2024年第一次临时股东大会决议公告,股东大会决议公告,2024-01-16,https://data.eastmoney.com/notices/detail/000917/AN202401151617502995.html
300494,盛天网络,盛天网络:独立董事候选人声明与承诺(孟军梅),独立董事候选人声明,2024-01-16,https://data.eastmoney.com/notices/detail/300494/AN202401151617502979.html
300494,盛天网络,盛天网络:独立董事候选人声明与承诺(杜耀文),独立董事候选人声明,2024-01-16,https://data.eastmoney.com/notices/detail/300494/AN202401151617502977.html
001314,亿道信息,亿道信息:公司章程(2024年1月),公司章程,2024-01-16,https://data.eastmoney.com/notices/detail/001314/AN202401151617502976.html
001314,亿道信息,亿道信息:国泰君安证券股份有限公司关于深圳市亿道信息股份有限公司继续使用闲置募集资金及闲置自有资金进行现金管理的核查意见,保荐/核查意见,2024-01-16,https://data.eastmoney.com/notices/detail/001314/AN202401151617502980.html
000676,智度股份,智度股份:北京市中伦(上海)律师事务所关于智度科技股份有限公司2024年第一次临时股东大会的法律意见书,法律意见书,2024-01-16,https://data.eastmoney.com/notices/detail/000676/AN202401151617502827.html
000676,智度股份,智度股份:关于选举第十届监事会职工代表监事的公告,高管人员任职变动,2024-01-16,https://data.eastmoney.com/notices/detail/000676/AN202401151617502828.html
000676,智度股份,智度股份:2024年第一次临时股东大会决议公告2024-013,股东大会决议公告,2024-01-16,https://data.eastmoney.com/notices/detail/000676/AN202401151617502826.html
300489,光智科技,光智科技:第五届董事会第七次会议决议公告,董事会决议公告,2024-01-16,https://data.eastmoney.com/notices/detail/300489/AN202401151617502830.html
300489,光智科技,光智科技:关于2024年度日常关联交易预计公告,关联交易,2024-01-16,https://data.eastmoney.com/notices/detail/300489/AN202401151617502829.html
300489,光智科技,光智科技:第五届监事会第六次会议决议公告,监事会决议公告,2024-01-16,https://data.eastmoney.com/notices/detail/300489/AN202401151617502706.html
300489,光智科技,光智科技:关于召开2024年第一次临时股东大会的通知,召开股东大会通知,2024-01-16,https://data.eastmoney.com/notices/detail/300489/AN202401151617502707.html
301577,美信科技,美信科技:首次公开发行股票并在创业板上市网上申购情况及中签率公告,网上申购及中签率公告,2024-01-16,https://data.eastmoney.com/notices/detail/301577/AN202401151617502652.html
301315,威士顿,威士顿:北京市金杜律师事务所上海分所关于上海威士顿信息技术股份有限公司2024年第一次临时股东大会之法律意见书,法律意见书,2024-01-16,https://data.eastmoney.com/notices/detail/301315/AN202401151617502632.html
301315,威士顿,威士顿:关于董事会、监事会完成换届选举及聘任高级管理人员和证券事务代表的公告,高管人员任职变动,2024-01-16,https://data.eastmoney.com/notices/detail/301315/AN202401151617502633.html
301315,威士顿,威士顿:第四届董事会第一次会议决议公告,高管人员任职变动,2024-01-16,https://data.eastmoney.com/notices/detail/301315/AN202401151617502643.html
301315,威士顿,威士顿:第四届监事会第一次会议决议公告,高管人员任职变动,2024-01-16,https://data.eastmoney.com/notices/detail/301315/AN202401151617502642.html
301315,威士顿,威士顿:2024年第一次临时股东大会决议公告,股东大会决议公告,2024-01-16,https://data.eastmoney.com/notices/detail/301315/AN202401151617502629.html
688167,炬光科技,炬光科技:西安炬光科技股份有限公司关于2024年度日常关联交易预计的公告,关联交易,2024-01-16,https://data.eastmoney.com/notices/detail/688167/AN202401151617502543.html
688167,炬光科技,炬光科技:西安炬光科技股份有限公司第三届董事会第二十六次会议相关事项的独立意见,专项说明/独立意见,2024-01-16,https://data.eastmoney.com/notices/detail/688167/AN202401151617502549.html
688167,炬光科技,炬光科技:中信建投证券股份有限公司关于西安炬光科技股份有限公司2024年度日常关联交易预计的核查意见,保荐/核查意见,2024-01-16,https://data.eastmoney.com/notices/detail/688167/AN202401151617502550.html
688167,炬光科技,炬光科技:西安炬光科技股份有限公司第三届监事会第二十三次会议决议公告,监事会决议公告,2024-01-16,https://data.eastmoney.com/notices/detail/688167/AN202401151617502548.html
688167,炬光科技,炬光科技:西安炬光科技股份有限公司第三届董事会第二十六次会议决议公告,董事会决议公告,2024-01-16,https://data.eastmoney.com/notices/detail/688167/AN202401151617502544.html
688167,炬光科技,炬光科技:西安炬光科技股份有限公司关于拟收购SUSSMicroOpticsSA100%股权的公告,收购出售资产/股权,2024-01-16,https://data.eastmoney.com/notices/detail/688167/AN202401151617502542.html
688167,炬光科技,炬光科技:《SUSSMicroOpticsSA2022年度及截至2023年9月30日止九个月期间财务报表及审计报告》(普华永道中天特审字(2024)第0087号),其他,2024-01-16,https://data.eastmoney.com/notices/detail/688167/AN202401151617502547.html
688167,炬光科技,炬光科技:西安炬光科技股份有限公司关于就拟收购瑞士SMO100%股权事项召开投资者说明会的公告,其他,2024-01-16,https://data.eastmoney.com/notices/detail/688167/AN202401151617502541.html
300160,秀强股份,秀强股份:关于召开2024年第一次临时股东大会的通知,召开股东大会通知,2024-01-16,https://data.eastmoney.com/notices/detail/300160/AN202401151617502540.html
300160,秀强股份,秀强股份:江苏秀强玻璃工艺股份有限公司章程(2024年1月修订),公司章程修订,2024-01-16,https://data.eastmoney.com/notices/detail/300160/AN202401151617502545.html
688023,安恒信息,安恒信息:独立董事提名人声明与承诺(周淳),独立董事提名人声明,2024-01-16,https://data.eastmoney.com/notices/detail/688023/AN202401151617502532.html
688023,安恒信息,安恒信息:独立董事候选人声明(苏忠秦),独立董事候选人声明,2024-01-16,https://data.eastmoney.com/notices/detail/688023/AN202401151617502535.html
688023,安恒信息,安恒信息:独立董事提名人声明与承诺(苏忠秦),独立董事提名人声明,2024-01-16,https://data.eastmoney.com/notices/detail/688023/AN202401151617502531.html
688023,安恒信息,安恒信息:独立董事提名人声明与承诺(王宝会),独立董事提名人声明,2024-01-16,https://data.eastmoney.com/notices/detail/688023/AN202401151617502533.html
688023,安恒信息,安恒信息:信息披露管理制度,管理办法/制度,2024-01-16,https://data.eastmoney.com/notices/detail/688023/AN202401151617502536.html
688023,安恒信息,安恒信息:关于修改《公司章程》的公告,公司章程修订,2024-01-16,https://data.eastmoney.com/notices/detail/688023/AN202401151617502537.html
688023,安恒信息,安恒信息:独立董事候选人声明(周淳),独立董事候选人声明,2024-01-16,https://data.eastmoney.com/notices/detail/688023/AN202401151617502534.html
688023,安恒信息,安恒信息:2024年限制性股票激励计划(草案)摘要公告,股权激励计划摘要,2024-01-16,https://data.eastmoney.com/notices/detail/688023/AN202401151617502515.html
688023,安恒信息,安恒信息:关于公司2024年度日常关联交易预计的公告,关联交易,2024-01-16,https://data.eastmoney.com/notices/detail/688023/AN202401151617502529.html
688023,安恒信息,安恒信息:关于《公司2024年限制性股票激励计划(草案)》的核查意见,保荐/核查意见,2024-01-16,https://data.eastmoney.com/notices/detail/688023/AN202401151617502527.html
688023,安恒信息,安恒信息:国浩律师(杭州)事务所关于杭州安恒信息技术股份有限公司2024年限制性股票激励计划(草案)之法律意见书,法律意见书,2024-01-16,https://data.eastmoney.com/notices/detail/688023/AN202401151617502526.html
688023,安恒信息,安恒信息:第二届监事会第二十九次会议决议公告,高管人员任职变动,2024-01-16,https://data.eastmoney.com/notices/detail/688023/AN202401151617502514.html
688023,安恒信息,安恒信息:2024年限制性股票激励计划实施考核管理办法,管理办法/制度,2024-01-16,https://data.eastmoney.com/notices/detail/688023/AN202401151617502513.html
688023,安恒信息,安恒信息:关于使用暂时闲置募集资金进行现金管理的公告,投资理财,2024-01-16,https://data.eastmoney.com/notices/detail/688023/AN202401151617502524.html
688023,安恒信息,安恒信息:第二届董事会独立董事第一次专门会议决议,董事会决议公告,2024-01-16,https://data.eastmoney.com/notices/detail/688023/AN202401151617502530.html
688023,安恒信息,安恒信息:独立董事候选人声明(王宝会),独立董事候选人声明,2024-01-16,https://data.eastmoney.com/notices/detail/688023/AN202401151617502517.html
688023,安恒信息,安恒信息:2024年限制性股票激励计划(草案),股权激励计划,2024-01-16,https://data.eastmoney.com/notices/detail/688023/AN202401151617502525.html
688023,安恒信息,安恒信息:国泰君安证券股份有限公司关于杭州安恒信息技术股份有限公司使用暂时闲置募集资金进行现金管理的核查意见,保荐/核查意见,2024-01-16,https://data.eastmoney.com/notices/detail/688023/AN202401151617502523.html
688023,安恒信息,安恒信息:第二届董事会第三十六次会议决议公告,高管人员任职变动,2024-01-16,https://data.eastmoney.com/notices/detail/688023/AN202401151617502528.html
688023,安恒信息,安恒信息:提名委员会关于提名独立董事候选人的审查意见,专项说明/独立意见,2024-01-16,https://data.eastmoney.com/notices/detail/688023/AN202401151617502518.html
688023,安恒信息,安恒信息:关于独立董事公开征集委托投票权的公告,其他,2024-01-16,https://data.eastmoney.com/notices/detail/688023/AN202401151617502521.html
688023,安恒信息,安恒信息:公司章程(2024年1月修订),公司章程修订,2024-01-16,https://data.eastmoney.com/notices/detail/688023/AN202401151617502520.html
688023,安恒信息,安恒信息:上海信公轶禾企业管理咨询有限公司关于杭州安恒信息技术股份有限公司2024年限制性股票激励计划(草案)之独立财务顾问报告,保荐/核查意见,2024-01-16,https://data.eastmoney.com/notices/detail/688023/AN202401151617502516.html
688023,安恒信息,安恒信息:关于公司董事会、监事会换届选举的公告,高管人员任职变动,2024-01-16,https://data.eastmoney.com/notices/detail/688023/AN202401151617502519.html
688023,安恒信息,安恒信息:关于召开2024年第一次临时股东大会的通知,召开股东大会通知,2024-01-16,https://data.eastmoney.com/notices/detail/688023/AN202401151617502522.html
002969,嘉美包装,嘉美包装:2023年度业绩预告,业绩预告,2024-01-16,https://data.eastmoney.com/notices/detail/002969/AN202401151617502504.html
002969,嘉美包装,嘉美包装:关于控股股东与实际控制人之间通过大宗交易转让股份计划的公告,股权转让,2024-01-16,https://data.eastmoney.com/notices/detail/002969/AN202401151617502503.html
000801,四川九洲,四川九洲:关于控股子公司转让参股公司股权的进展公告,其他,2024-01-16,https://data.eastmoney.com/notices/detail/000801/AN202401151617502508.html
300160,秀强股份,秀强股份:章程修订案(2024年1月),公司章程修订,2024-01-16,https://data.eastmoney.com/notices/detail/300160/AN202401151617502507.html
300160,秀强股份,秀强股份:关于董事、总经理辞职的公告,高管人员任职变动,2024-01-16,https://data.eastmoney.com/notices/detail/300160/AN202401151617502506.html
300160,秀强股份,秀强股份:保本型理财管理制度(2024年1月制订),管理办法/制度,2024-01-16,https://data.eastmoney.com/notices/detail/300160/AN202401151617502510.html
300160,秀强股份,秀强股份:关于聘任常务副总经理、副总经理的公告,高管人员任职变动,2024-01-16,https://data.eastmoney.com/notices/detail/300160/AN202401151617502509.html
300160,秀强股份,秀强股份:第五届董事会第六次会议决议公告,高管人员任职变动,2024-01-16,https://data.eastmoney.com/notices/detail/300160/AN202401151617502505.html
002837,英维克,英维克:关于召开2024年第一次临时股东大会的通知,召开股东大会通知,2024-01-16,https://data.eastmoney.com/notices/detail/002837/AN202401151617502173.html
002837,英维克,英维克:第四届董事会第八次会议决议公告,董事会决议公告,2024-01-16,https://data.eastmoney.com/notices/detail/002837/AN202401151617502172.html
002460,赣锋锂业,赣锋锂业:关于2023年员工持股计划首次授予部分购买完成的公告,员工持股计划,2024-01-16,https://data.eastmoney.com/notices/detail/002460/AN202401151617502170.html
301503,智迪科技,智迪科技:第三届监事会第十次会议决议公告,监事会决议公告,2024-01-16,https://data.eastmoney.com/notices/detail/301503/AN202401151617502171.html
002837,英维克,英维克:上海荣正关于公司2024年股票期权激励计划(草案)之独立财务顾问报告,保荐/核查意见,2024-01-16,https://data.eastmoney.com/notices/detail/002837/AN202401151617502159.html
002837,英维克,英维克:第四届监事会第八次会议决议公告,监事会决议公告,2024-01-16,https://data.eastmoney.com/notices/detail/002837/AN202401151617502155.html
002837,英维克,英维克:上市公司股权激励计划自查表,股权激励其他事项公告,2024-01-16,https://data.eastmoney.com/notices/detail/002837/AN202401151617502160.html
002837,英维克,英维克:2024年股票期权激励计划授予激励对象名单,股权激励对象名单,2024-01-16,https://data.eastmoney.com/notices/detail/002837/AN202401151617502157.html
002837,英维克,英维克:2024年股票期权激励计划(草案)摘要,股权激励计划摘要,2024-01-16,https://data.eastmoney.com/notices/detail/002837/AN202401151617502158.html
002837,英维克,英维克:2024年股票期权激励计划(草案),股权激励计划,2024-01-16,https://data.eastmoney.com/notices/detail/002837/AN202401151617502154.html
301503,智迪科技,智迪科技:关于召开2024年第一次临时股东大会的通知,召开股东大会通知,2024-01-16,https://data.eastmoney.com/notices/detail/301503/AN202401151617502142.html
301503,智迪科技,智迪科技:国泰君安证券股份有限公司关于珠海市智迪科技股份有限公司2024年度日常关联交易预计的核查意见,保荐/核查意见,2024-01-16,https://data.eastmoney.com/notices/detail/301503/AN202401151617502115.html
301503,智迪科技,智迪科技:关于部分募投项目增加实施主体和实施地点、延长实施期限、调整内部投资结构及使用部分募集资金向子公司增资和提供借款实施募投项目的公告,募集资金使用情况报告,2024-01-16,https://data.eastmoney.com/notices/detail/301503/AN202401151617502116.html
301503,智迪科技,智迪科技:第三届董事会第十一次会议决议公告,董事会决议公告,2024-01-16,https://data.eastmoney.com/notices/detail/301503/AN202401151617502113.html
301503,智迪科技,智迪科技:关于2024年度日常关联交易预计的公告,关联交易,2024-01-16,https://data.eastmoney.com/notices/detail/301503/AN202401151617502114.html
002002,ST鸿达,ST鸿达:鸿达兴业股份有限公司关于公司股票存在可能因股价低于面值被终止上市的第八次风险提示性公告,终止上市风险提示,2024-01-16,https://data.eastmoney.com/notices/detail/002002/AN202401151617502057.html
002422,科伦药业,科伦药业:股东大会议事规则(2024年1月),议事规则/实施细则,2024-01-16,https://data.eastmoney.com/notices/detail/002422/AN202401151617502055.html
002422,科伦药业,科伦药业:长江证券承销保荐有限公司关于四川科伦药业股份有限公司使用部分闲置募集资金暂时补充流动资金的核查意见,保荐/核查意见,2024-01-16,https://data.eastmoney.com/notices/detail/002422/AN202401151617502079.html
002422,科伦药业,科伦药业:董事会战略委员会实施细则(2024年1月),议事规则/实施细则,2024-01-16,https://data.eastmoney.com/notices/detail/002422/AN202401151617502056.html
002422,科伦药业,科伦药业:独立董事工作制度(2024年1月),管理办法/制度,2024-01-16,https://data.eastmoney.com/notices/detail/002422/AN202401151617502077.html
002422,科伦药业,科伦药业:公司章程(2024年1月),公司章程,2024-01-16,https://data.eastmoney.com/notices/detail/002422/AN202401151617502078.html
002422,科伦药业,科伦药业:董事会薪酬与考核委员会实施细则(2024年1月),议事规则/实施细则,2024-01-16,https://data.eastmoney.com/notices/detail/002422/AN202401151617502054.html
002422,科伦药业,科伦药业:第七届董事会2024年第一次独立董事专门会议审议意见,专项说明/独立意见,2024-01-16,https://data.eastmoney.com/notices/detail/002422/AN202401151617502076.html
002422,科伦药业,科伦药业:环境、社会及治理(ESG)委员会实施细则(2024年1月),议事规则/实施细则,2024-01-16,https://data.eastmoney.com/notices/detail/002422/AN202401151617502053.html
002422,科伦药业,科伦药业:长江证券承销保荐有限公司关于四川科伦药业股份有限公司预计2024年度日常关联交易暨开展外汇套期保值业务的核查意见,保荐/核查意见,2024-01-16,https://data.eastmoney.com/notices/detail/002422/AN202401151617502052.html
002422,科伦药业,科伦药业:关于开展外汇套期保值业务的可行性分析报告,其他,2024-01-16,https://data.eastmoney.com/notices/detail/002422/AN202401151617502051.html
002422,科伦药业,科伦药业:关于预计公司与科伦斗山2024年度日常关联交易情况的公告,关联交易,2024-01-16,https://data.eastmoney.com/notices/detail/002422/AN202401151617502070.html
002422,科伦药业,科伦药业:关于预计公司与辰欣药业集团2024年度日常关联交易情况的公告,关联交易,2024-01-16,https://data.eastmoney.com/notices/detail/002422/AN202401151617502073.html
002422,科伦药业,科伦药业:关于使用部分闲置募集资金暂时补充流动资金的公告,募集资金补充流动资金,2024-01-16,https://data.eastmoney.com/notices/detail/002422/AN202401151617502050.html
002422,科伦药业,科伦药业:第七届监事会第二十一次会议决议公告,监事会决议公告,2024-01-16,https://data.eastmoney.com/notices/detail/002422/AN202401151617502069.html
002422,科伦药业,科伦药业:关于召开2024年第一次临时股东大会的通知,召开股东大会通知,2024-01-16,https://data.eastmoney.com/notices/detail/002422/AN202401151617502072.html
002422,科伦药业,科伦药业:关于预计公司与华润科伦2024年度日常关联交易情况的公告,关联交易,2024-01-16,https://data.eastmoney.com/notices/detail/002422/AN202401151617502048.html
002422,科伦药业,科伦药业:第七届董事会第三十四次会议决议公告,董事会决议公告,2024-01-16,https://data.eastmoney.com/notices/detail/002422/AN202401151617502049.html
002584,西陇科学,西陇科学:关联交易管理制度,管理办法/制度,2024-01-16,https://data.eastmoney.com/notices/detail/002584/AN202401151617502067.html
002584,西陇科学,西陇科学:关于选举产生监事会职工代表监事的公告,高管人员任职变动,2024-01-16,https://data.eastmoney.com/notices/detail/002584/AN202401151617502068.html
002584,西陇科学,西陇科学:独立董事候选人声明(刘晓暄),独立董事候选人声明,2024-01-16,https://data.eastmoney.com/notices/detail/002584/AN202401151617502066.html
002584,西陇科学,西陇科学:提名委员会工作制度,管理办法/制度,2024-01-16,https://data.eastmoney.com/notices/detail/002584/AN202401151617502047.html
002584,西陇科学,西陇科学:审计委员会工作制度,管理办法/制度,2024-01-16,https://data.eastmoney.com/notices/detail/002584/AN202401151617502046.html
002584,西陇科学,西陇科学:公司章程,公司章程,2024-01-16,https://data.eastmoney.com/notices/detail/002584/AN202401151617502065.html
002584,西陇科学,西陇科学:独立董事提名人声明(曾幸荣),独立董事提名人声明,2024-01-16,https://data.eastmoney.com/notices/detail/002584/AN202401151617502074.html
002584,西陇科学,西陇科学:独立董事工作制度,管理办法/制度,2024-01-16,https://data.eastmoney.com/notices/detail/002584/AN202401151617502071.html
002584,西陇科学,西陇科学:独立董事提名人声明(吴守富),独立董事提名人声明,2024-01-16,https://data.eastmoney.com/notices/detail/002584/AN202401151617502064.html
002584,西陇科学,西陇科学:董事会议事规则,议事规则/实施细则,2024-01-16,https://data.eastmoney.com/notices/detail/002584/AN202401151617502045.html
002584,西陇科学,西陇科学:独立董事候选人声明(曾幸荣),独立董事候选人声明,2024-01-16,https://data.eastmoney.com/notices/detail/002584/AN202401151617502075.html
002584,西陇科学,西陇科学:内部审计制度,管理办法/制度,2024-01-16,https://data.eastmoney.com/notices/detail/002584/AN202401151617502044.html
002584,西陇科学,西陇科学:《公司章程》及附件修订对照表,公司章程修订,2024-01-16,https://data.eastmoney.com/notices/detail/002584/AN202401151617502062.html
002584,西陇科学,西陇科学:独立董事候选人声明(吴守富),独立董事候选人声明,2024-01-16,https://data.eastmoney.com/notices/detail/002584/AN202401151617502061.html
002584,西陇科学,西陇科学:关于董事会换届选举的公告,高管人员任职变动,2024-01-16,https://data.eastmoney.com/notices/detail/002584/AN202401151617502043.html
002584,西陇科学,西陇科学:关于变更签字注册会计师的公告,公司关联方基本资料变更,2024-01-16,https://data.eastmoney.com/notices/detail/002584/AN202401151617502042.html
002584,西陇科学,西陇科学:第五届监事会第十九次会议决议公告,高管人员任职变动,2024-01-16,https://data.eastmoney.com/notices/detail/002584/AN202401151617502040.html
002584,西陇科学,西陇科学:关于监事会换届选举的公告,高管人员任职变动,2024-01-16,https://data.eastmoney.com/notices/detail/002584/AN202401151617502041.html
002584,西陇科学,西陇科学:第五届董事会第二十五次会议决议公告,高管人员任职变动,2024-01-16,https://data.eastmoney.com/notices/detail/002584/AN202401151617502060.html
002837,英维克,英维克:关于独立董事公开征集委托投票权的公告,其他,2024-01-16,https://data.eastmoney.com/notices/detail/002837/AN202401151617502063.html
002837,英维克,英维克:2024年股票期权激励计划实施考核管理办法,管理办法/制度,2024-01-16,https://data.eastmoney.com/notices/detail/002837/AN202401151617502038.html
002837,英维克,英维克:广东信达关于公司2024年股票期权激励计划(草案)的法律意见书,法律意见书,2024-01-16,https://data.eastmoney.com/notices/detail/002837/AN202401151617502039.html
300240,飞力达,飞力达:江苏飞力达国际物流股份有限公司2023年度以简易程序向特定对象发行股票募集资金使用可行性分析报告(修订稿),其他,2024-01-16,https://data.eastmoney.com/notices/detail/300240/AN202401151617502089.html
300240,飞力达,飞力达:关于公司2023年度以简易程序向特定对象发行股票无需编制前次募集资金使用情况报告的公告,募集资金使用情况报告,2024-01-16,https://data.eastmoney.com/notices/detail/300240/AN202401151617502088.html
300240,飞力达,飞力达:简式权益变动报告书,权益变动报告书,2024-01-16,https://data.eastmoney.com/notices/detail/300240/AN202401151617502087.html
300240,飞力达,飞力达:江苏飞力达国际物流股份有限公司2023年度以简易程序向特定对象发行股票预案(修订稿),增发方案修订,2024-01-16,https://data.eastmoney.com/notices/detail/300240/AN202401151617502084.html
300240,飞力达,飞力达:关于股东权益变动的提示性公告,权益变动报告书,2024-01-16,https://data.eastmoney.com/notices/detail/300240/AN202401151617502086.html
300240,飞力达,飞力达:第六届监事会第六次会议决议公告,监事会决议公告,2024-01-16,https://data.eastmoney.com/notices/detail/300240/AN202401151617502083.html
300240,飞力达,飞力达:关于公司2023年度以简易程序向特定对象发行股票预案修订说明的公告,增发方案修订,2024-01-16,https://data.eastmoney.com/notices/detail/300240/AN202401151617502085.html
300240,飞力达,飞力达:江苏飞力达国际物流股份有限公司非经常性损益鉴证报告,保荐/核查意见,2024-01-16,https://data.eastmoney.com/notices/detail/300240/AN202401151617502082.html
300240,飞力达,飞力达:关于召开2024年第二次临时股东大会的通知,召开股东大会通知,2024-01-16,https://data.eastmoney.com/notices/detail/300240/AN202401151617502059.html
300240,飞力达,飞力达:第六届董事会第六次会议决议公告,增发方案修订,2024-01-16,https://data.eastmoney.com/notices/detail/300240/AN202401151617502080.html
300240,飞力达,飞力达:关于公司2023年度以简易程序向特定对象发行股票预案(修订稿)披露的提示性公告,增发提示性公告,2024-01-16,https://data.eastmoney.com/notices/detail/300240/AN202401151617502058.html
301503,智迪科技,智迪科技:国泰君安证券股份有限公司关于珠海市智迪科技股份有限公司部分募投项目增加实施主体和实施地点、调整内部投资结构、延长实施期限及使用部分募集资金向子公司增资和提供借款实施募投项目的核查意见,保荐/核查意见,2024-01-16,https://data.eastmoney.com/notices/detail/301503/AN202401151617502081.html
002600,领益智造,领益智造:国泰君安关于公司向不特定对象发行可转换公司债券之发行保荐书,发行保荐书,2024-01-16,https://data.eastmoney.com/notices/detail/002600/AN202401151617501977.html
002600,领益智造,领益智造:嘉源关于公司向不特定对象发行可转换公司债券的补充法律意见书(四),法律意见书,2024-01-16,https://data.eastmoney.com/notices/detail/002600/AN202401151617501976.html
002600,领益智造,领益智造:国泰君安关于公司向不特定对象发行可转换公司债券之上市保荐书,上市保荐书,2024-01-16,https://data.eastmoney.com/notices/detail/002600/AN202401151617501985.html
002600,领益智造,领益智造:公司关于向不特定对象发行可转换公司债券募集说明书(修订稿),其他,2024-01-16,https://data.eastmoney.com/notices/detail/002600/AN202401151617501974.html
002600,领益智造,领益智造:最近三年的财务报告及其审计报告以及最近一期的财务报告,审计报告,2024-01-16,https://data.eastmoney.com/notices/detail/002600/AN202401151617501987.html
002600,领益智造,领益智造:公司与国泰君安关于申请向不特定对象发行可转换公司债券的审核问询函的回复(修订稿),回复问询函公告,2024-01-16,https://data.eastmoney.com/notices/detail/002600/AN202401151617501975.html
002600,领益智造,领益智造:大华关于公司申请向不特定对象发行可转换公司债券审核问询函的回复(修订稿),回复问询函公告,2024-01-16,https://data.eastmoney.com/notices/detail/002600/AN202401151617501986.html
002600,领益智造,领益智造:公司与国泰君安关于申请向不特定对象发行可转换公司债券的第二轮审核问询函的回复(修订稿),回复问询函公告,2024-01-16,https://data.eastmoney.com/notices/detail/002600/AN202401151617501973.html
002422,科伦药业,科伦药业:董事会提名委员会实施细则(2024年1月),议事规则/实施细则,2024-01-16,https://data.eastmoney.com/notices/detail/002422/AN202401151617501988.html
002422,科伦药业,科伦药业:董事会议事规则(2024年1月),议事规则/实施细则,2024-01-16,https://data.eastmoney.com/notices/detail/002422/AN202401151617501984.html
002422,科伦药业,科伦药业:董事会审计委员会实施细则(2024年1月),议事规则/实施细则,2024-01-16,https://data.eastmoney.com/notices/detail/002422/AN202401151617501972.html
002422,科伦药业,科伦药业:关于公司及子公司开展外汇套期保值业务的公告,其他,2024-01-16,https://data.eastmoney.com/notices/detail/002422/AN202401151617501971.html
002584,西陇科学,西陇科学:薪酬与考核委员会工作制度,管理办法/制度,2024-01-16,https://data.eastmoney.com/notices/detail/002584/AN202401151617501970.html
002584,西陇科学,西陇科学:独立董事提名人声明(刘晓暄),独立董事提名人声明,2024-01-16,https://data.eastmoney.com/notices/detail/002584/AN202401151617501982.html
002584,西陇科学,西陇科学:股东大会议事规则,议事规则/实施细则,2024-01-16,https://data.eastmoney.com/notices/detail/002584/AN202401151617501983.html
002584,西陇科学,西陇科学:关于召开公司2024年第一次临时股东大会的通知,召开股东大会通知,2024-01-16,https://data.eastmoney.com/notices/detail/002584/AN202401151617501981.html
000042,中洲控股,中洲控股:关于股东减持后持股比例低于5%的提示性公告,股东/实际控制人股份减持,2024-01-16,https://data.eastmoney.com/notices/detail/000042/AN202401151617501980.html
300240,飞力达,飞力达:关于分配第一期员工持股计划预留份额的公告,员工持股计划,2024-01-16,https://data.eastmoney.com/notices/detail/300240/AN202401151617501979.html
300240,飞力达,飞力达:关于公司2023年度以简易程序向特定对象发行股票摊薄即期回报及填补回报措施和相关主体承诺(修订稿)的公告,其他,2024-01-16,https://data.eastmoney.com/notices/detail/300240/AN202401151617501989.html
300240,飞力达,飞力达:江苏飞力达国际物流股份有限公司2023年度以简易程序向特定对象发行股票方案的论证分析报告(修订稿),其他,2024-01-16,https://data.eastmoney.com/notices/detail/300240/AN202401151617501978.html
002600,领益智造,领益智造:公司与国泰君安关于申请向不特定对象发行可转换公司债券的第三轮审核问询函的回复(修订稿),回复问询函公告,2024-01-16,https://data.eastmoney.com/notices/detail/002600/AN202401151617501967.html
002600,领益智造,领益智造:大华关于公司申请向不特定对象发行可转换公司债券第三轮审核问询函的回复,回复问询函公告,2024-01-16,https://data.eastmoney.com/notices/detail/002600/AN202401151617501966.html
002399,海普瑞,海普瑞:关于收到深圳证监局监管关注函的公告,收到关注函公告,2024-01-16,https://data.eastmoney.com/notices/detail/002399/AN202401151617501726.html
300454,深信服,深信服:深信服科技股份有限公司2024年度第一期限制性股票激励计划实施考核管理办法,管理办法/制度,2024-01-16,https://data.eastmoney.com/notices/detail/300454/AN202401151617501524.html
300454,深信服,深信服:深信服科技股份有限公司独立董事关于公开征集表决权的公告,其他,2024-01-16,https://data.eastmoney.com/notices/detail/300454/AN202401151617501530.html
300454,深信服,深信服:深信服科技股份有限公司2024年度第一期限制性股票激励计划自查表,股权激励计划,2024-01-16,https://data.eastmoney.com/notices/detail/300454/AN202401151617501527.html
300454,深信服,深信服:北京市金杜(深圳)律师事务所关于深信服科技股份有限公司2024年度第一期限制性股票激励计划(草案)的法律意见书,法律意见书,2024-01-16,https://data.eastmoney.com/notices/detail/300454/AN202401151617501529.html
300454,深信服,深信服:深信服科技股份有限公司2024年度第一期限制性股票激励计划(草案)摘要,股权激励计划摘要,2024-01-16,https://data.eastmoney.com/notices/detail/300454/AN202401151617501526.html
300454,深信服,深信服:深信服科技股份有限公司2024年度第一期限制性股票激励计划首次授予激励对象名单,股权激励对象名单,2024-01-16,https://data.eastmoney.com/notices/detail/300454/AN202401151617501523.html
300454,深信服,深信服:深信服科技股份有限公司2024年度第一期限制性股票激励计划(草案),股权激励计划,2024-01-16,https://data.eastmoney.com/notices/detail/300454/AN202401151617501528.html
300454,深信服,深信服:深信服科技股份有限公司第三届董事会第十二次会议决议公告,董事会决议公告,2024-01-16,https://data.eastmoney.com/notices/detail/300454/AN202401151617501525.html
300454,深信服,深信服:深信服科技股份有限公司第三届监事会第九次会议决议公告,监事会决议公告,2024-01-16,https://data.eastmoney.com/notices/detail/300454/AN202401151617501460.html
300454,深信服,深信服:深信服科技股份有限公司关于召开2024年第一次临时股东大会的通知,召开股东大会通知,2024-01-16,https://data.eastmoney.com/notices/detail/300454/AN202401151617501465.html
002570,贝因美,贝因美:关于2024年第一次临时股东大会增加临时议案暨召开2024年第一次临时股东大会补充通知的公告,增加股东大会议案,2024-01-16,https://data.eastmoney.com/notices/detail/002570/AN202401151617501451.html
002570,贝因美,贝因美:第八届董事会第二十九次会议决议公告,董事会决议公告,2024-01-16,https://data.eastmoney.com/notices/detail/002570/AN202401151617501452.html
002570,贝因美,贝因美:关于向银行申请资产抵押贷款的公告,借贷,2024-01-16,https://data.eastmoney.com/notices/detail/002570/AN202401151617501450.html
002570,贝因美,贝因美:关于以集中竞价交易方式回购公司股份方案的公告,回购进展情况,2024-01-16,https://data.eastmoney.com/notices/detail/002570/AN202401151617501447.html
002570,贝因美,贝因美:关于公司向银行申请综合授信额度的公告,借贷,2024-01-16,https://data.eastmoney.com/notices/detail/002570/AN202401151617501448.html
002570,贝因美,贝因美:关于预计2024年度日常关联交易的公告,关联交易,2024-01-16,https://data.eastmoney.com/notices/detail/002570/AN202401151617501449.html
002570,贝因美,贝因美:关于公司为子公司提供担保的公告,提供/对外担保公告,2024-01-16,https://data.eastmoney.com/notices/detail/002570/AN202401151617501446.html
002570,贝因美,贝因美:第八届监事会第十八次会议决议公告,监事会决议公告,2024-01-16,https://data.eastmoney.com/notices/detail/002570/AN202401151617501416.html
301386,未来电器,未来电器:董事会薪酬与考核委员会工作细则(2024年1月),议事规则/实施细则,2024-01-16,https://data.eastmoney.com/notices/detail/301386/AN202401151617501154.html
301386,未来电器,未来电器:关联交易管理制度(2024年1月),管理办法/制度,2024-01-16,https://data.eastmoney.com/notices/detail/301386/AN202401151617501153.html
301386,未来电器,未来电器:董事会审计委员会工作细则(2024年1月),议事规则/实施细则,2024-01-16,https://data.eastmoney.com/notices/detail/301386/AN202401151617501157.html
301386,未来电器,未来电器:独立董事专门会议制度(2024年1月),管理办法/制度,2024-01-16,https://data.eastmoney.com/notices/detail/301386/AN202401151617501152.html
301386,未来电器,未来电器:募集资金管理制度(2024年1月),管理办法/制度,2024-01-16,https://data.eastmoney.com/notices/detail/301386/AN202401151617501155.html
301386,未来电器,未来电器:董事会提名委员会工作细则(2024年1月),议事规则/实施细则,2024-01-16,https://data.eastmoney.com/notices/detail/301386/AN202401151617501120.html
301386,未来电器,未来电器:董事会战略委员会工作细则(2024年1月),议事规则/实施细则,2024-01-16,https://data.eastmoney.com/notices/detail/301386/AN202401151617501121.html
002056,横店东磁,横店东磁:董事会关于2024年度为子公司提供担保额度预计的意见,专项说明/独立意见,2024-01-16,https://data.eastmoney.com/notices/detail/002056/AN202401151617501115.html
002056,横店东磁,横店东磁:内部控制制度,内部控制报告,2024-01-16,https://data.eastmoney.com/notices/detail/002056/AN202401151617501114.html
002056,横店东磁,横店东磁:董事会审计委员会关于公司2024年度开展外汇套期保值业务的审查意见,专项说明/独立意见,2024-01-16,https://data.eastmoney.com/notices/detail/002056/AN202401151617501113.html
002056,横店东磁,横店东磁:关于2024年度开展外汇套期保值业务的可行性分析报告,其他,2024-01-16,https://data.eastmoney.com/notices/detail/002056/AN202401151617501112.html
002056,横店东磁,横店东磁:内部审计管理制度,管理办法/制度,2024-01-16,https://data.eastmoney.com/notices/detail/002056/AN202401151617501145.html
002056,横店东磁,横店东磁:会计师事务所选聘制度,管理办法/制度,2024-01-16,https://data.eastmoney.com/notices/detail/002056/AN202401151617501111.html
002056,横店东磁,横店东磁:关于2024年度日常关联交易预计的公告,关联交易,2024-01-16,https://data.eastmoney.com/notices/detail/002056/AN202401151617501144.html
002056,横店东磁,横店东磁:第九届监事会第六次会议决议公告,监事会决议公告,2024-01-16,https://data.eastmoney.com/notices/detail/002056/AN202401151617501143.html
002056,横店东磁,横店东磁:关于2024年度为子公司提供担保额度预计的公告,担保年度额度预计,2024-01-16,https://data.eastmoney.com/notices/detail/002056/AN202401151617501142.html
002056,横店东磁,横店东磁:关于投资建设光伏发电项目的公告,对外项目投资,2024-01-16,https://data.eastmoney.com/notices/detail/002056/AN202401151617501110.html
002056,横店东磁,横店东磁:关于2024年度开展外汇套期保值业务的公告,其他,2024-01-16,https://data.eastmoney.com/notices/detail/002056/AN202401151617501141.html
002056,横店东磁,横店东磁:第九届董事会第七次会议决议公告,董事会决议公告,2024-01-16,https://data.eastmoney.com/notices/detail/002056/AN202401151617501109.html
002437,誉衡药业,誉衡药业:关于独立董事公开征集委托投票权的公告,其他,2024-01-16,https://data.eastmoney.com/notices/detail/002437/AN202401151617501108.html
002437,誉衡药业,誉衡药业:2024年限制性股票激励计划首次授予激励对象名单,股权激励对象名单,2024-01-16,https://data.eastmoney.com/notices/detail/002437/AN202401151617501140.html
002437,誉衡药业,誉衡药业:2024年限制性股票激励计划(草案)摘要,股权激励计划摘要,2024-01-16,https://data.eastmoney.com/notices/detail/002437/AN202401151617501139.html
002437,誉衡药业,誉衡药业:2024年限制性股票激励计划(草案),股权激励计划,2024-01-16,https://data.eastmoney.com/notices/detail/002437/AN202401151617501107.html
002437,誉衡药业,誉衡药业:2024限制性股票激励计划法律意见书,法律意见书,2024-01-16,https://data.eastmoney.com/notices/detail/002437/AN202401151617501106.html
002437,誉衡药业,誉衡药业:2024年限制性股票激励计划实施考核管理办法,管理办法/制度,2024-01-16,https://data.eastmoney.com/notices/detail/002437/AN202401151617501138.html
002437,誉衡药业,誉衡药业:关于召开2024年第一次临时股东大会的通知,召开股东大会通知,2024-01-16,https://data.eastmoney.com/notices/detail/002437/AN202401151617501137.html
002437,誉衡药业,誉衡药业:关于副总经理辞职的公告,高管人员任职变动,2024-01-16,https://data.eastmoney.com/notices/detail/002437/AN202401151617501136.html
002146,荣盛发展,荣盛发展:2024年度第一次临时股东大会决议公告,股东大会决议公告,2024-01-16,https://data.eastmoney.com/notices/detail/002146/AN202401151617501134.html
002146,荣盛发展,荣盛发展:荣盛发展2024年度第一次临时股东大会法律意见书,法律意见书,2024-01-16,https://data.eastmoney.com/notices/detail/002146/AN202401151617501135.html
301386,未来电器,未来电器:独立董事工作制度(2024年1月),管理办法/制度,2024-01-16,https://data.eastmoney.com/notices/detail/301386/AN202401151617501128.html
301386,未来电器,未来电器:独立董事候选人声明与承诺-耿志坚,独立董事候选人声明,2024-01-16,https://data.eastmoney.com/notices/detail/301386/AN202401151617501156.html
301386,未来电器,未来电器:第三届董事会提名委员会关于独立董事候选人任职资格的审查意见,专项说明/独立意见,2024-01-16,https://data.eastmoney.com/notices/detail/301386/AN202401151617501127.html
301386,未来电器,未来电器:关于选举产生第四届监事会职工代表监事的公告,高管人员任职变动,2024-01-16,https://data.eastmoney.com/notices/detail/301386/AN202401151617501125.html
301386,未来电器,未来电器:独立董事关于第三届董事会第二十一次会议相关事项的独立意见,专项说明/独立意见,2024-01-16,https://data.eastmoney.com/notices/detail/301386/AN202401151617501126.html
301386,未来电器,未来电器:关于董事会换届选举的公告,高管人员任职变动,2024-01-16,https://data.eastmoney.com/notices/detail/301386/AN202401151617501123.html
301386,未来电器,未来电器:独立董事候选人声明与承诺-彭炳松,独立董事候选人声明,2024-01-16,https://data.eastmoney.com/notices/detail/301386/AN202401151617501124.html
301386,未来电器,未来电器:第三届董事会第二十一次会议决议公告,高管人员任职变动,2024-01-16,https://data.eastmoney.com/notices/detail/301386/AN202401151617501122.html
301386,未来电器,未来电器:董事会议事规则(2024年1月),议事规则/实施细则,2024-01-16,https://data.eastmoney.com/notices/detail/301386/AN202401151617501119.html
301386,未来电器,未来电器:第三届监事会第二十次会议决议公告,高管人员任职变动,2024-01-16,https://data.eastmoney.com/notices/detail/301386/AN202401151617501151.html
301386,未来电器,未来电器:独立董事提名人声明与承诺-彭炳松,独立董事提名人声明,2024-01-16,https://data.eastmoney.com/notices/detail/301386/AN202401151617501118.html
301386,未来电器,未来电器:独立董事提名人声明与承诺-耿志坚,独立董事提名人声明,2024-01-16,https://data.eastmoney.com/notices/detail/301386/AN202401151617501150.html
301386,未来电器,未来电器:独立董事候选人声明与承诺-郭明全,独立董事候选人声明,2024-01-16,https://data.eastmoney.com/notices/detail/301386/AN202401151617501117.html
301386,未来电器,未来电器:《公司章程》(2024年1月),公司章程,2024-01-16,https://data.eastmoney.com/notices/detail/301386/AN202401151617501149.html
301386,未来电器,未来电器:独立董事提名人声明与承诺-郭明全,独立董事提名人声明,2024-01-16,https://data.eastmoney.com/notices/detail/301386/AN202401151617501148.html
301386,未来电器,未来电器:关于监事会换届选举的公告,高管人员任职变动,2024-01-16,https://data.eastmoney.com/notices/detail/301386/AN202401151617501147.html
301386,未来电器,未来电器:关于修订《公司章程》的公告,公司章程修订,2024-01-16,https://data.eastmoney.com/notices/detail/301386/AN202401151617501116.html
301386,未来电器,未来电器:关于召开2024年第一次临时股东大会通知的公告,召开股东大会通知,2024-01-16,https://data.eastmoney.com/notices/detail/301386/AN202401151617501146.html
002056,横店东磁,横店东磁:委托理财管理制度,管理办法/制度,2024-01-16,https://data.eastmoney.com/notices/detail/002056/AN202401151617501078.html
002056,横店东磁,横店东磁:董事会独立董事专门会议关于公司2024年度日常关联交易预计的审查意见,专项说明/独立意见,2024-01-16,https://data.eastmoney.com/notices/detail/002056/AN202401151617501076.html
002056,横店东磁,横店东磁:关于召开2024年第一次临时股东大会的通知,召开股东大会通知,2024-01-16,https://data.eastmoney.com/notices/detail/002056/AN202401151617501077.html
002437,誉衡药业,誉衡药业:上市公司股权激励计划自查表,股权激励其他事项公告,2024-01-16,https://data.eastmoney.com/notices/detail/002437/AN202401151617501075.html
002437,誉衡药业,誉衡药业:第六届董事会第十一次会议决议公告,高管人员任职变动,2024-01-16,https://data.eastmoney.com/notices/detail/002437/AN202401151617501074.html
002437,誉衡药业,誉衡药业:第六届监事会第九次会议决议公告暨关于2024年限制性股票激励计划相关事项的核查意见,专项说明/独立意见,2024-01-16,https://data.eastmoney.com/notices/detail/002437/AN202401151617501073.html
000813,德展健康,德展健康:关于公开挂牌转让控股孙公司51%股权完成工商变更登记的公告,公司关联方基本资料变更,2024-01-16,https://data.eastmoney.com/notices/detail/000813/AN202401151617501024.html
002265,建设工业,建设工业:2024年第一次独立董事专门会议审查意见,专项说明/独立意见,2024-01-16,https://data.eastmoney.com/notices/detail/002265/AN202401151617500487.html
002772,众兴菌业,众兴菌业:关于为子公司提供担保的进展公告,提供/对外担保公告,2024-01-16,https://data.eastmoney.com/notices/detail/002772/AN202401151617500483.html
002265,建设工业,建设工业:2024年度日常关联交易预计公告,关联交易,2024-01-16,https://data.eastmoney.com/notices/detail/002265/AN202401151617500489.html
002772,众兴菌业,众兴菌业:国浩律师(北京)事务所关于公司2024年第一次临时股东大会之法律意见书,法律意见书,2024-01-16,https://data.eastmoney.com/notices/detail/002772/AN202401151617500492.html
000524,岭南控股,岭南控股:董事会十一届四次会议决议公告,董事会决议公告,2024-01-16,https://data.eastmoney.com/notices/detail/000524/AN202401151617500490.html
000524,岭南控股,岭南控股:2024年第一次临时股东大会决议公告,股东大会决议公告,2024-01-16,https://data.eastmoney.com/notices/detail/000524/AN202401151617500491.html
000524,岭南控股,岭南控股:2024年第一次临时股东大会的法律意见书,法律意见书,2024-01-16,https://data.eastmoney.com/notices/detail/000524/AN202401151617500482.html
002265,建设工业,建设工业:关于召开2024年第一次临时股东大会的通知,召开股东大会通知,2024-01-16,https://data.eastmoney.com/notices/detail/002265/AN202401151617500484.html
002772,众兴菌业,众兴菌业:2024年第一次临时股东大会决议公告,股东大会决议公告,2024-01-16,https://data.eastmoney.com/notices/detail/002772/AN202401151617500488.html
002265,建设工业,建设工业:2024年第一次临时董事会会议决议公告,董事会决议公告,2024-01-16,https://data.eastmoney.com/notices/detail/002265/AN202401151617500486.html
002265,建设工业,建设工业:关于购买董监高责任险的公告,其他,2024-01-16,https://data.eastmoney.com/notices/detail/002265/AN202401151617500485.html
002265,建设工业,建设工业:2024年第一次临时监事会会议决议公告,监事会决议公告,2024-01-16,https://data.eastmoney.com/notices/detail/002265/AN202401151617500477.html
000524,岭南控股,岭南控股:关于向全资子公司提供财务资助的公告,获得补贴（资助）,2024-01-16,https://data.eastmoney.com/notices/detail/000524/AN202401151617500476.html
600863,华能蒙电,内蒙华电:内蒙古蒙电华能热电股份有限公司2023年销售量完成情况公告,月度经营情况,2024-01-16,https://data.eastmoney.com/notices/detail/600863/AN202401151617500475.html
000966,长源电力,长源电力:中信建投证券股份有限公司关于国家能源集团长源电力股份有限公司向特定对象发行股票之发行保荐书,发行保荐书,2024-01-16,https://data.eastmoney.com/notices/detail/000966/AN202401151617500423.html
000966,长源电力,长源电力:中信建投证券股份有限公司关于国家能源集团长源电力股份有限公司向特定对象发行股票之上市保荐书,上市保荐书,2024-01-16,https://data.eastmoney.com/notices/detail/000966/AN202401151617500428.html
000966,长源电力,长源电力:国家能源集团长源电力股份有限公司向特定对象发行股票募集说明书(注册稿),深主板再融资募集说明书注册稿,2024-01-16,https://data.eastmoney.com/notices/detail/000966/AN202401151617500422.html
000966,长源电力,长源电力:关于向特定对象发行股票提交募集说明书(注册稿)等申请文件的提示性公告,其他,2024-01-16,https://data.eastmoney.com/notices/detail/000966/AN202401151617500427.html
000030,富奥股份,富奥股份:北京市金杜(无锡)律师事务所关于富奥汽车零部件股份有限公司2024年第一次临时股东大会的法律意见书,法律意见书,2024-01-16,https://data.eastmoney.com/notices/detail/000030/AN202401151617500390.html
000030,富奥股份,富奥股份:董事会决议公告,董事会决议公告,2024-01-16,https://data.eastmoney.com/notices/detail/000030/AN202401151617500392.html
000030,富奥股份,富奥股份:2024年第一次临时股东大会决议公告,股东大会决议公告,2024-01-16,https://data.eastmoney.com/notices/detail/000030/AN202401151617500391.html
001316,润贝航科,润贝航科:国信证券股份有限公司关于润贝航空科技股份有限公司使用部分闲置募集资金暂时补充流动资金的核查意见,保荐/核查意见,2024-01-16,https://data.eastmoney.com/notices/detail/001316/AN202401151617500389.html
001316,润贝航科,润贝航科:润贝航空科技股份有限公司第二届董事会第六次会议决议公告,董事会决议公告,2024-01-16,https://data.eastmoney.com/notices/detail/001316/AN202401151617500388.html
001316,润贝航科,润贝航科:润贝航空科技股份有限公司关于召开2024年第一次临时股东大会的通知,召开股东大会通知,2024-01-16,https://data.eastmoney.com/notices/detail/001316/AN202401151617500395.html
001316,润贝航科,润贝航科:润贝航空科技股份有限公司关于公司财务总监退休离任暨聘任财务总监的公告,高管人员任职变动,2024-01-16,https://data.eastmoney.com/notices/detail/001316/AN202401151617500394.html
001316,润贝航科,润贝航科:润贝航空科技股份有限公司第二届监事会第五次会议决议公告,监事会决议公告,2024-01-16,https://data.eastmoney.com/notices/detail/001316/AN202401151617500393.html
001316,润贝航科,润贝航科:润贝航空科技股份有限公司关于使用部分闲置募集资金暂时补充流动资金的公告,募集资金补充流动资金,2024-01-16,https://data.eastmoney.com/notices/detail/001316/AN202401151617500387.html
001316,润贝航科,润贝航科:国信证券股份有限公司关于润贝航空科技股份有限公司调整部分募投项目投资规模、新增募投项目并向全资子公司增资以实施募投项目的核查意见,保荐/核查意见,2024-01-16,https://data.eastmoney.com/notices/detail/001316/AN202401151617500377.html
001316,润贝航科,润贝航科:润贝航空科技股份有限公司关于调整部分募投项目投资规模、新增募投项目并向子公司增资以实施募投项目的公告,募集资金使用情况报告,2024-01-16,https://data.eastmoney.com/notices/detail/001316/AN202401151617500376.html
600941,中国移动,中国移动:港股公告:翌日披露报表,其他,2024-01-16,https://data.eastmoney.com/notices/detail/600941/AN202401151617500372.html
000912,泸天化,泸天化:第七届监事会第二十六次临时会议决议公告,监事会决议公告,2024-01-16,https://data.eastmoney.com/notices/detail/000912/AN202401151617500345.html
000912,泸天化,泸天化:关于召开2024年第一次临时股东大会会议通知,召开股东大会通知,2024-01-16,https://data.eastmoney.com/notices/detail/000912/AN202401151617500357.html
000912,泸天化,泸天化:关于选举王积慧女士任独立董事的公告,高管人员任职变动,2024-01-16,https://data.eastmoney.com/notices/detail/000912/AN202401151617500360.html
000912,泸天化,泸天化:关于选举傅利才先生任非独立董事的公告,高管人员任职变动,2024-01-16,https://data.eastmoney.com/notices/detail/000912/AN202401151617500359.html
000912,泸天化,泸天化:关于2024年度日常关联交易预计的公告,关联交易,2024-01-16,https://data.eastmoney.com/notices/detail/000912/AN202401151617500358.html
000912,泸天化,泸天化:第七届董事会第三十六次临时会议决议公告,高管人员任职变动,2024-01-16,https://data.eastmoney.com/notices/detail/000912/AN202401151617500344.html
000912,泸天化,泸天化:关于选举向朝阳先生任独立董事的公告,高管人员任职变动,2024-01-16,https://data.eastmoney.com/notices/detail/000912/AN202401151617500356.html
000912,泸天化,泸天化:关于与中国农业银行股份有限公司开展业务合作暨关联交易的公告,关联交易,2024-01-16,https://data.eastmoney.com/notices/detail/000912/AN202401151617500343.html
000912,泸天化,泸天化:独立董事候选人声明与承诺(王积慧),独立董事候选人声明,2024-01-16,https://data.eastmoney.com/notices/detail/000912/AN202401151617500355.html
000912,泸天化,泸天化:独立董事提名人声明与承诺(王积慧),独立董事提名人声明,2024-01-16,https://data.eastmoney.com/notices/detail/000912/AN202401151617500354.html
000912,泸天化,泸天化:关于副总经理辞职及聘任公司副总经理的公告,高管人员任职变动,2024-01-16,https://data.eastmoney.com/notices/detail/000912/AN202401151617500364.html
000912,泸天化,泸天化:独立董事提名人声明与承诺(向朝阳),独立董事提名人声明,2024-01-16,https://data.eastmoney.com/notices/detail/000912/AN202401151617500365.html
000912,泸天化,泸天化:独立董事候选人声明与承诺(向朝阳),独立董事候选人声明,2024-01-16,https://data.eastmoney.com/notices/detail/000912/AN202401151617500361.html
000912,泸天化,泸天化:关于对四川中蓝国塑新材料科技有限公司股权投资计提减值准备的公告,其他,2024-01-16,https://data.eastmoney.com/notices/detail/000912/AN202401151617500362.html
000912,泸天化,泸天化:关于与中国银行股份有限公司开展业务合作暨关联交易的公告,关联交易,2024-01-16,https://data.eastmoney.com/notices/detail/000912/AN202401151617500363.html
002736,国信证券,国信证券:国信证券股份有限公司董事会秘书工作细则,议事规则/实施细则,2024-01-16,https://data.eastmoney.com/notices/detail/002736/AN202401151617500322.html
002736,国信证券,国信证券:国信证券股份有限公司董事会审计委员会年报工作规程,议事规则/实施细则,2024-01-16,https://data.eastmoney.com/notices/detail/002736/AN202401151617500336.html
002736,国信证券,国信证券:国信证券股份有限公司独立董事年报工作制度,管理办法/制度,2024-01-16,https://data.eastmoney.com/notices/detail/002736/AN202401151617500334.html
002736,国信证券,国信证券:国信证券股份有限公司总裁工作细则,议事规则/实施细则,2024-01-16,https://data.eastmoney.com/notices/detail/002736/AN202401151617500335.html
002736,国信证券,国信证券:国信证券股份有限公司董事会专门委员会议事规则,议事规则/实施细则,2024-01-16,https://data.eastmoney.com/notices/detail/002736/AN202401151617500323.html
002736,国信证券,国信证券:独立董事提名人声明与承诺,独立董事提名人声明,2024-01-16,https://data.eastmoney.com/notices/detail/002736/AN202401151617500333.html
002736,国信证券,国信证券:关于修订《公司章程》及其附件的公告,公司章程修订,2024-01-16,https://data.eastmoney.com/notices/detail/002736/AN202401151617500321.html
002736,国信证券,国信证券:关于召开2024年第一次临时股东大会的通知,召开股东大会通知,2024-01-16,https://data.eastmoney.com/notices/detail/002736/AN202401151617500324.html
002736,国信证券,国信证券:独立董事候选人声明与承诺,独立董事候选人声明,2024-01-16,https://data.eastmoney.com/notices/detail/002736/AN202401151617500337.html
002736,国信证券,国信证券:2024年第一次临时股东大会会议材料,股东大会资料,2024-01-16,https://data.eastmoney.com/notices/detail/002736/AN202401151617500332.html
000961,ST中南,中南建设:关于控股股东持股拍卖进展公告,其他,2024-01-16,https://data.eastmoney.com/notices/detail/000961/AN202401151617500331.html
002736,国信证券,国信证券:国信证券股份有限公司投资者关系管理制度,管理办法/制度,2024-01-16,https://data.eastmoney.com/notices/detail/002736/AN202401151617500329.html
002736,国信证券,国信证券:第五届董事会第二十一次会议(临时)决议公告,高管人员任职变动,2024-01-16,https://data.eastmoney.com/notices/detail/002736/AN202401151617500326.html
002485,ST雪发,ST雪发:董事会薪酬与考核委员会实施细则(2024年1月),议事规则/实施细则,2024-01-16,https://data.eastmoney.com/notices/detail/002485/AN202401151617500217.html
002485,ST雪发,ST雪发:公司章程(2024年1月),公司章程,2024-01-16,https://data.eastmoney.com/notices/detail/002485/AN202401151617500232.html
002485,ST雪发,ST雪发:独立董事候选人声明与承诺(户青),独立董事候选人声明,2024-01-16,https://data.eastmoney.com/notices/detail/002485/AN202401151617500231.html
002485,ST雪发,ST雪发:董事会提名委员会实施细则(2024年1月),议事规则/实施细则,2024-01-16,https://data.eastmoney.com/notices/detail/002485/AN202401151617500216.html
002485,ST雪发,ST雪发:独立董事年报工作制度(2024年1月),管理办法/制度,2024-01-16,https://data.eastmoney.com/notices/detail/002485/AN202401151617500214.html
002485,ST雪发,ST雪发:独立董事提名人声明与承诺(徐尧),独立董事提名人声明,2024-01-16,https://data.eastmoney.com/notices/detail/002485/AN202401151617500215.html
002485,ST雪发,ST雪发:独立董事候选人声明与承诺(徐尧),独立董事候选人声明,2024-01-16,https://data.eastmoney.com/notices/detail/002485/AN202401151617500213.html
002485,ST雪发,ST雪发:第五届监事会第十三次会议决议公告,高管人员任职变动,2024-01-16,https://data.eastmoney.com/notices/detail/002485/AN202401151617500230.html
002485,ST雪发,ST雪发:董事会议事规则(2024年1月),议事规则/实施细则,2024-01-16,https://data.eastmoney.com/notices/detail/002485/AN202401151617500212.html
002485,ST雪发,ST雪发:公司章程修正案(2024年1月),公司章程修订,2024-01-16,https://data.eastmoney.com/notices/detail/002485/AN202401151617500211.html
002485,ST雪发,ST雪发:独立董事工作制度(2024年1月),管理办法/制度,2024-01-16,https://data.eastmoney.com/notices/detail/002485/AN202401151617500229.html
002485,ST雪发,ST雪发:独立董事提名人声明与承诺(户青),独立董事提名人声明,2024-01-16,https://data.eastmoney.com/notices/detail/002485/AN202401151617500210.html
002485,ST雪发,ST雪发:第五届董事会第二十九次会议决议公告,高管人员任职变动,2024-01-16,https://data.eastmoney.com/notices/detail/002485/AN202401151617500208.html
002485,ST雪发,ST雪发:关于召开2024年第一次临时股东大会的通知,召开股东大会通知,2024-01-16,https://data.eastmoney.com/notices/detail/002485/AN202401151617500209.html
002984,森麒麟,森麒麟:关于股份回购注销完成暨股份变动的公告,股本变动,2024-01-16,https://data.eastmoney.com/notices/detail/002984/AN202401151617500228.html
002307,北新路桥,北新路桥:2023年第四季度建筑业经营情况简报,月度经营情况,2024-01-16,https://data.eastmoney.com/notices/detail/002307/AN202401151617500227.html
002307,北新路桥,北新路桥:工程中标公告,重大合同,2024-01-16,https://data.eastmoney.com/notices/detail/002307/AN202401151617500226.html
300588,熙菱信息,熙菱信息:关于召开2024年第一次临时股东大会的通知,召开股东大会通知,2024-01-16,https://data.eastmoney.com/notices/detail/300588/AN202401151617500221.html
300588,熙菱信息,熙菱信息:2024-002关于补选公司第四届董事会独立董事的公告,高管人员任职变动,2024-01-16,https://data.eastmoney.com/notices/detail/300588/AN202401151617500219.html
300588,熙菱信息,熙菱信息:关于聘任公司副总经理、财务总监的公告,高管人员任职变动,2024-01-16,https://data.eastmoney.com/notices/detail/300588/AN202401151617500233.html
300588,熙菱信息,熙菱信息:独立董事提名人声明,独立董事提名人声明,2024-01-16,https://data.eastmoney.com/notices/detail/300588/AN202401151617500220.html
300588,熙菱信息,熙菱信息:第四届董事会第二十次会议决议公告,高管人员任职变动,2024-01-16,https://data.eastmoney.com/notices/detail/300588/AN202401151617500218.html
002485,ST雪发,ST雪发:董事会审计委员会实施细则(2024年1月),议事规则/实施细则,2024-01-16,https://data.eastmoney.com/notices/detail/002485/AN202401151617500190.html
002485,ST雪发,ST雪发:独立董事候选人声明与承诺(曹文荟),独立董事候选人声明,2024-01-16,https://data.eastmoney.com/notices/detail/002485/AN202401151617500185.html
002485,ST雪发,ST雪发:独立董事提名人声明与承诺(曹文荟),独立董事提名人声明,2024-01-16,https://data.eastmoney.com/notices/detail/002485/AN202401151617500189.html
002984,森麒麟,森麒麟:关于调整麒麟转债转股价格的公告,其他,2024-01-16,https://data.eastmoney.com/notices/detail/002984/AN202401151617500184.html
002181,粤传媒,粤传媒:关于转让参股公司华美洁具有限公司股权的公告,股权转让,2024-01-16,https://data.eastmoney.com/notices/detail/002181/AN202401151617500188.html
300588,熙菱信息,熙菱信息:独立董事候选人声明与承诺,独立董事候选人声明,2024-01-16,https://data.eastmoney.com/notices/detail/300588/AN202401151617500192.html
001872,招商港口,招商港口:关于调整公司股票期权激励计划(第一期)行权价格的公告,股权激励行权价（数量）调整,2024-01-16,https://data.eastmoney.com/notices/detail/001872/AN202401151617500168.html
001872,招商港口,招商港口:第十一届监事会2024年度第一次临时会议决议公告,监事会决议公告,2024-01-16,https://data.eastmoney.com/notices/detail/001872/AN202401151617500158.html
001872,招商港口,招商港口:关于董事辞职及补选董事的公告,高管人员任职变动,2024-01-16,https://data.eastmoney.com/notices/detail/001872/AN202401151617500159.html
001872,招商港口,招商港口:关于公司股票期权激励计划(第一期)股票期权(首批授予部分)第三个行权期行权条件满足的公告,股权激励进展公告,2024-01-16,https://data.eastmoney.com/notices/detail/001872/AN202401151617500157.html
001872,招商港口,招商港口:关于调整公司股票期权激励计划(第一期)激励对象数量和授予股票期权数量的公告,股权激励行权价（数量）调整,2024-01-16,https://data.eastmoney.com/notices/detail/001872/AN202401151617500156.html
001872,招商港口,招商港口:关于召开2024年度第一次临时股东大会的通知,召开股东大会通知,2024-01-16,https://data.eastmoney.com/notices/detail/001872/AN202401151617500167.html
001872,招商港口,招商港口:关于注销公司股票期权激励计划(第一期)部分股票期权的公告,股权激励进展公告,2024-01-16,https://data.eastmoney.com/notices/detail/001872/AN202401151617500166.html
001872,招商港口,招商港口:关于2023年12月业务量数据的自愿性信息披露公告,月度经营情况,2024-01-16,https://data.eastmoney.com/notices/detail/001872/AN202401151617500154.html
001872,招商港口,招商港口:关于公司股票期权激励计划(第一期)股票期权(预留授予部分)第二个行权期行权条件满足的公告,股权激励进展公告,2024-01-16,https://data.eastmoney.com/notices/detail/001872/AN202401151617500155.html
000543,皖能电力,皖能电力:国浩律师(合肥)事务所关于安徽省皖能股份有限公司2024年第一次临时股东大会法律意见书,法律意见书,2024-01-16,https://data.eastmoney.com/notices/detail/000543/AN202401151617500153.html
000543,皖能电力,皖能电力:第十届监事会第二十次会议决议公告,高管人员任职变动,2024-01-16,https://data.eastmoney.com/notices/detail/000543/AN202401151617500152.html
688205,德科立,德科立:无锡市德科立光电子技术股份有限公司关于向2023年限制性股票激励计划激励对象首次授予限制性股票的公告,股权激励进展公告,2024-01-16,https://data.eastmoney.com/notices/detail/688205/AN202401151617500165.html
688205,德科立,德科立:无锡市德科立光电子技术股份有限公司监事会关于2023年限制性股票激励计划首次授予激励对象名单的核查意见(截至授予日),专项说明/独立意见,2024-01-16,https://data.eastmoney.com/notices/detail/688205/AN202401151617500171.html
688205,德科立,德科立:江苏世纪同仁律师事务所关于无锡市德科立光电子技术股份有限公司2023年限制性股票激励计划首次授予事项的法律意见书,法律意见书,2024-01-16,https://data.eastmoney.com/notices/detail/688205/AN202401151617500164.html
688205,德科立,德科立:无锡市德科立光电子技术股份有限公司2023年限制性股票激励计划首次授予激励对象名单(截至授予日),股权激励对象名单,2024-01-16,https://data.eastmoney.com/notices/detail/688205/AN202401151617500163.html
688205,德科立,德科立:无锡市德科立光电子技术股份有限公司2024年第二次临时股东大会决议公告,股东大会决议公告,2024-01-16,https://data.eastmoney.com/notices/detail/688205/AN202401151617500170.html
688205,德科立,德科立:江苏世纪同仁律师事务所关于无锡市德科立光电子技术股份有限公司2024年第二次临时股东大会的法律意见书,法律意见书,2024-01-16,https://data.eastmoney.com/notices/detail/688205/AN202401151617500169.html
688205,德科立,德科立:无锡市德科立光电子技术股份有限公司关于公司2023年限制性股票激励计划内幕信息知情人买卖公司股票情况的自查报告,自查报告,2024-01-16,https://data.eastmoney.com/notices/detail/688205/AN202401151617500162.html
688205,德科立,德科立:无锡市德科立光电子技术股份有限公司第二届董事会第四次会议决议公告,董事会决议公告,2024-01-16,https://data.eastmoney.com/notices/detail/688205/AN202401151617500160.html
688205,德科立,德科立:无锡市德科立光电子技术股份有限公司第二届监事会第四次会议决议公告,监事会决议公告,2024-01-16,https://data.eastmoney.com/notices/detail/688205/AN202401151617500161.html
001872,招商港口,招商港口:上海市方达律师事务所关于招商局港口集团股份有限公司股票期权激励计划(第一期)调整、行权及注销事项的法律意见书,法律意见书,2024-01-16,https://data.eastmoney.com/notices/detail/001872/AN202401151617500120.html
001872,招商港口,招商港口:第十一届董事会2024年度第一次临时会议决议公告,高管人员任职变动,2024-01-16,https://data.eastmoney.com/notices/detail/001872/AN202401151617500112.html
000543,皖能电力,皖能电力:2024年第一次临时股东大会决议公告,股东大会决议公告,2024-01-16,https://data.eastmoney.com/notices/detail/000543/AN202401151617500119.html
002254,泰和新材,泰和新材:中信证券股份有限公司关于泰和新材集团股份有限公司2023年度持续督导培训情况的报告,保荐/核查意见,2024-01-16,https://data.eastmoney.com/notices/detail/002254/AN202401151617500105.html
002254,泰和新材,泰和新材:公司章程,公司章程,2024-01-16,https://data.eastmoney.com/notices/detail/002254/AN202401151617500102.html
002254,泰和新材,泰和新材:独立董事工作制度,管理办法/制度,2024-01-16,https://data.eastmoney.com/notices/detail/002254/AN202401151617500106.html
002254,泰和新材,泰和新材:董事会议事规则,议事规则/实施细则,2024-01-16,https://data.eastmoney.com/notices/detail/002254/AN202401151617500101.html
002254,泰和新材,泰和新材:2024年第一次临时股东大会决议公告,股东大会决议公告,2024-01-16,https://data.eastmoney.com/notices/detail/002254/AN202401151617500104.html
603396,金辰股份,金辰股份:营口金辰机械股份有限公司向特定对象发行股票资金验证报告,其他,2024-01-16,https://data.eastmoney.com/notices/detail/603396/AN202401151617499995.html
603396,金辰股份,金辰股份:营口金辰机械股份有限公司2024年第一次临时股东大会决议公告,股东大会决议公告,2024-01-16,https://data.eastmoney.com/notices/detail/603396/AN202401151617499993.html
002254,泰和新材,泰和新材:山东松茂律师事务所关于泰和新材集团股份有限公司2024年第一次临时股东大会之法律意见书,法律意见书,2024-01-16,https://data.eastmoney.com/notices/detail/002254/AN202401151617500012.html
603396,金辰股份,金辰股份:营口金辰机械股份有限公司验资报告,保荐/核查意见,2024-01-16,https://data.eastmoney.com/notices/detail/603396/AN202401151617499994.html
603396,金辰股份,金辰股份:营口金辰机械股份有限公司2023年度向特定对象发行A股股票发行情况报告书,其他增发事项公告,2024-01-16,https://data.eastmoney.com/notices/detail/603396/AN202401151617499996.html
002254,泰和新材,泰和新材:关于回购注销部分限制性股票减少注册资本暨通知债权人的公告,公司注册资本变更,2024-01-16,https://data.eastmoney.com/notices/detail/002254/AN202401151617499992.html
603396,金辰股份,金辰股份:上海市锦天城律师事务所关于营口金辰机械股份有限公司2024年第一次临时股东大会法律意见书,法律意见书,2024-01-16,https://data.eastmoney.com/notices/detail/603396/AN202401151617499971.html
603396,金辰股份,金辰股份:营口金辰机械股份有限公司关于董事会、监事会换届完成及聘任高级管理人员、证券事务代表的公告,高管人员任职变动,2024-01-16,https://data.eastmoney.com/notices/detail/603396/AN202401151617499975.html
603396,金辰股份,金辰股份:营口金辰机械股份有限公司关于2023年度向特定对象发行A股股票发行情况的提示性公告,增发提示性公告,2024-01-16,https://data.eastmoney.com/notices/detail/603396/AN202401151617499974.html
000897,津滨发展,津滨发展:2023年年度业绩预告,业绩预告,2024-01-16,https://data.eastmoney.com/notices/detail/000897/AN202401151617499991.html
603396,金辰股份,金辰股份:营口金辰机械股份有限公司第五届董事会第一次会议决议公告,高管人员任职变动,2024-01-16,https://data.eastmoney.com/notices/detail/603396/AN202401151617499976.html
603396,金辰股份,金辰股份:营口金辰机械股份有限公司独立董事专门会议制度,管理办法/制度,2024-01-16,https://data.eastmoney.com/notices/detail/603396/AN202401151617499977.html
603396,金辰股份,金辰股份:营口金辰机械股份有限公司第五届监事会第一次会议决议公告,高管人员任职变动,2024-01-16,https://data.eastmoney.com/notices/detail/603396/AN202401151617499970.html
603396,金辰股份,金辰股份:上海市锦天城律师事务所关于营口金辰机械股份有限公司2023年度向特定对象发行A股股票发行过程和认购对象合规性的法律意见书,法律意见书,2024-01-16,https://data.eastmoney.com/notices/detail/603396/AN202401151617499973.html
603396,金辰股份,金辰股份:国金证券股份有限公司关于营口金辰机械股份有限公司2023年度向特定对象发行A股股票发行过程和认购对象合规性审核报告,保荐/核查意见,2024-01-16,https://data.eastmoney.com/notices/detail/603396/AN202401151617499972.html
002548,金新农,金新农:广东华商律师事务所关于金新农2024年第一次临时股东大会的法律意见书,法律意见书,2024-01-16,https://data.eastmoney.com/notices/detail/002548/AN202401151617499860.html
002548,金新农,金新农:2024年第一次临时股东大会决议公告,股东大会决议公告,2024-01-16,https://data.eastmoney.com/notices/detail/002548/AN202401151617499862.html
688282,理工导航,理工导航:北京理工导航控制科技股份有限公司关于2023年股票期权激励计划内幕信息知情人及激励对象买卖公司股票情况的自查报告,自查报告,2024-01-16,https://data.eastmoney.com/notices/detail/688282/AN202401151617499850.html
688282,理工导航,理工导航:北京市嘉源律师事务所关于北京理工导航控制科技股份有限公司2023年股票期权激励计划首次授予事项的法律意见书,法律意见书,2024-01-16,https://data.eastmoney.com/notices/detail/688282/AN202401151617499852.html
688282,理工导航,理工导航:北京理工导航控制科技股份有限公司2024年第一次临时股东大会决议公告,股东大会决议公告,2024-01-16,https://data.eastmoney.com/notices/detail/688282/AN202401151617499849.html
688282,理工导航,理工导航:北京理工导航控制科技股份有限公司监事会关于2023年股票期权激励计划首次授予激励对象名单的核查意见(截至授予日),专项说明/独立意见,2024-01-16,https://data.eastmoney.com/notices/detail/688282/AN202401151617499851.html
688282,理工导航,理工导航:北京理工导航控制科技股份有限公司2023年股票期权激励计划首次授予激励对象名单(授予日),股权激励对象名单,2024-01-16,https://data.eastmoney.com/notices/detail/688282/AN202401151617499846.html
688282,理工导航,理工导航:北京理工导航控制科技股份有限公司第二届董事会第七次会议决议公告,董事会决议公告,2024-01-16,https://data.eastmoney.com/notices/detail/688282/AN202401151617499848.html
688282,理工导航,理工导航:北京理工导航控制科技股份有限公司独立董事关于第二届董事会第七次会议相关事项的独立意见,专项说明/独立意见,2024-01-16,https://data.eastmoney.com/notices/detail/688282/AN202401151617499853.html
688282,理工导航,理工导航:北京理工导航控制科技股份有限公司第二届监事会第七次会议决议公告,监事会决议公告,2024-01-16,https://data.eastmoney.com/notices/detail/688282/AN202401151617499854.html
688282,理工导航,理工导航:北京理工导航控制科技股份有限公司关于向2023年股票期权激励计划激励对象首次授予股票期权的公告,股权激励进展公告,2024-01-16,https://data.eastmoney.com/notices/detail/688282/AN202401151617499847.html
688282,理工导航,理工导航:北京市嘉源律师事务所关于北京理工导航控制科技股份有限公司2024年第一次临时股东大会的法律意见书,法律意见书,2024-01-16,https://data.eastmoney.com/notices/detail/688282/AN202401151617499855.html
002140,东华科技,东华科技:东华科技章程,公司章程,2024-01-16,https://data.eastmoney.com/notices/detail/002140/AN202401151617499826.html
002140,东华科技,东华科技:东华科技独立董事工作规则,议事规则/实施细则,2024-01-16,https://data.eastmoney.com/notices/detail/002140/AN202401151617499827.html
002140,东华科技,东华科技:东华科技董事会薪酬与考核委员会关于第三期限制性股票解售条件成就的意见,专项说明/独立意见,2024-01-16,https://data.eastmoney.com/notices/detail/002140/AN202401151617499837.html
002140,东华科技,东华科技:东华科技股东大会议事规则,议事规则/实施细则,2024-01-16,https://data.eastmoney.com/notices/detail/002140/AN202401151617499834.html
002140,东华科技,东华科技:东华科技第七届监事会第三十次会议决议公告,监事会决议公告,2024-01-16,https://data.eastmoney.com/notices/detail/002140/AN202401151617499832.html
002140,东华科技,东华科技:东华科技独立董事专门会议制度,管理办法/制度,2024-01-16,https://data.eastmoney.com/notices/detail/002140/AN202401151617499833.html
002140,东华科技,东华科技:东华科技独立董事关于2019年限制性股票激励计划第三个解除限售期解除限售条件成就的独立意见,专项说明/独立意见,2024-01-16,https://data.eastmoney.com/notices/detail/002140/AN202401151617499838.html
002140,东华科技,东华科技:独立董事关于公司修改章程的独立意见,专项说明/独立意见,2024-01-16,https://data.eastmoney.com/notices/detail/002140/AN202401151617499828.html
002140,东华科技,东华科技:上海荣正企业咨询服务(集团)股份有限公司关于东华工程科技股份有限公司2019年限制性股票激励计划第三个解除限售期解除限售相关事项之独立财务顾问报告,限售股份上市流通,2024-01-16,https://data.eastmoney.com/notices/detail/002140/AN202401151617499835.html
002140,东华科技,东华科技:东华科技董事会议事规则,议事规则/实施细则,2024-01-16,https://data.eastmoney.com/notices/detail/002140/AN202401151617499836.html
002140,东华科技,东华科技:安徽承义律师事务所关于东华工程科技股份有限公司2019年限制性股票激励计划第三个解除限售期解除限售条件成就之法律意见书,法律意见书,2024-01-16,https://data.eastmoney.com/notices/detail/002140/AN202401151617499825.html
002140,东华科技,东华科技:东华科技股票交易异常波动公告,股票交易异常波动,2024-01-16,https://data.eastmoney.com/notices/detail/002140/AN202401151617499824.html
002140,东华科技,东华科技:东华科技关于公司2019年限制性股票激励计划第三个解除限售期解除限售条件成就的公告,限售股份上市流通,2024-01-16,https://data.eastmoney.com/notices/detail/002140/AN202401151617499816.html
002140,东华科技,东华科技:东华科技关于召开2024年第一次临时股东大会通知的公告,召开股东大会通知,2024-01-16,https://data.eastmoney.com/notices/detail/002140/AN202401151617499818.html
002140,东华科技,东华科技:东华科技七届三十九次董事会(现场结合通讯方式)决议公告,董事会决议公告,2024-01-16,https://data.eastmoney.com/notices/detail/002140/AN202401151617499817.html
002269,美邦服饰,美邦服饰:君合律师事务所上海分所关于上海美特斯邦威服饰股份有限公司2024年第一次临时股东大会的法律意见书,法律意见书,2024-01-16,https://data.eastmoney.com/notices/detail/002269/AN202401151617499779.html
002860,星帅尔,星帅尔:上海市锦天城律师事务所关于星帅尔2024年第一次临时股东大会的法律意见书,法律意见书,2024-01-16,https://data.eastmoney.com/notices/detail/002860/AN202401151617499778.html
002860,星帅尔,星帅尔:2024年第一次临时股东大会决议公告,股东大会决议公告,2024-01-16,https://data.eastmoney.com/notices/detail/002860/AN202401151617499777.html
001215,千味央厨,千味央厨:2023年度向特定对象发行股票上市公告书,增发上市公告书,2024-01-16,https://data.eastmoney.com/notices/detail/001215/AN202401151617499792.html
001215,千味央厨,千味央厨:关于公司董事、监事和高级管理人员持股情况变动的报告,高管人员持股变动,2024-01-16,https://data.eastmoney.com/notices/detail/001215/AN202401151617499791.html
001215,千味央厨,千味央厨:中德证券有限责任公司关于郑州千味央厨食品股份有限公司2023年度向特定对象发行股票之上市保荐书,上市保荐书,2024-01-16,https://data.eastmoney.com/notices/detail/001215/AN202401151617499790.html
001215,千味央厨,千味央厨:简式权益变动报告书,权益变动报告书,2024-01-16,https://data.eastmoney.com/notices/detail/001215/AN202401151617499776.html
001215,千味央厨,千味央厨:关于控股股东持股比例被动稀释超过5%暨权益变动的提示性公告,权益变动报告书,2024-01-16,https://data.eastmoney.com/notices/detail/001215/AN202401151617499789.html
002371,北方华创,北方华创:2023年度业绩预告,业绩预告,2024-01-16,https://data.eastmoney.com/notices/detail/002371/AN202401151617499788.html
002155,湖南黄金,湖南黄金:第六届董事会第二十二次会议决议公告,董事会决议公告,2024-01-16,https://data.eastmoney.com/notices/detail/002155/AN202401151617499775.html
002155,湖南黄金,湖南黄金:第六届监事会第二十次会议决议公告,监事会决议公告,2024-01-16,https://data.eastmoney.com/notices/detail/002155/AN202401151617499774.html
002155,湖南黄金,湖南黄金:关于预计2024年度日常关联交易的公告,关联交易,2024-01-16,https://data.eastmoney.com/notices/detail/002155/AN202401151617499773.html
002155,湖南黄金,湖南黄金:关于召开2024年第一次临时股东大会的通知,召开股东大会通知,2024-01-16,https://data.eastmoney.com/notices/detail/002155/AN202401151617499787.html
300911,亿田智能,亿田智能:关于公司使用闲置自有资金进行现金管理的公告,投资理财,2024-01-16,https://data.eastmoney.com/notices/detail/300911/AN202401151617499799.html
300911,亿田智能,亿田智能:关于使用部分闲置募集资金进行现金管理的公告,投资理财,2024-01-16,https://data.eastmoney.com/notices/detail/300911/AN202401151617499798.html
300911,亿田智能,亿田智能:关于2024年度日常关联交易预计的公告,关联交易,2024-01-16,https://data.eastmoney.com/notices/detail/300911/AN202401151617499797.html
300911,亿田智能,亿田智能:关于使用闲置自有资金进行现金管理暨关联交易的公告,投资理财,2024-01-16,https://data.eastmoney.com/notices/detail/300911/AN202401151617499781.html
300911,亿田智能,亿田智能:财通证券股份有限公司关于浙江亿田智能厨电股份有限公司使用闲置自有资金进行现金管理的核查意见,保荐/核查意见,2024-01-16,https://data.eastmoney.com/notices/detail/300911/AN202401151617499796.html
300911,亿田智能,亿田智能:财通证券股份有限公司关于浙江亿田智能厨电股份有限公司使用闲置自有资金进行现金管理暨关联交易的核查意见,保荐/核查意见,2024-01-16,https://data.eastmoney.com/notices/detail/300911/AN202401151617499795.html
300911,亿田智能,亿田智能:财通证券股份有限公司关于浙江亿田智能厨电股份有限公司使用闲置募集资金进行现金管理的核查意见,保荐/核查意见,2024-01-16,https://data.eastmoney.com/notices/detail/300911/AN202401151617499794.html
300911,亿田智能,亿田智能:第三届董事会第四次会议决议公告,董事会决议公告,2024-01-16,https://data.eastmoney.com/notices/detail/300911/AN202401151617499793.html
300911,亿田智能,亿田智能:第三届监事会第四次会议决议公告,监事会决议公告,2024-01-16,https://data.eastmoney.com/notices/detail/300911/AN202401151617499780.html
300911,亿田智能,亿田智能:关于召开2024年第二次临时股东大会的通知,召开股东大会通知,2024-01-16,https://data.eastmoney.com/notices/detail/300911/AN202401151617499741.html
001215,千味央厨,千味央厨:关于2023年度向特定对象发行股票上市公告书披露的提示性公告,增发提示性公告,2024-01-16,https://data.eastmoney.com/notices/detail/001215/AN202401151617499737.html
600657,信达地产,信达地产:信达地产关于公司对外投资暨关联交易公告,对外项目投资,2024-01-16,https://data.eastmoney.com/notices/detail/600657/AN202401151617499736.html
300911,亿田智能,亿田智能:财通证券股份有限公司关于浙江亿田智能厨电股份有限公司2024年度日常关联交易预计的核查意见,保荐/核查意见,2024-01-16,https://data.eastmoney.com/notices/detail/300911/AN202401151617499742.html
002269,美邦服饰,美邦服饰:2024年第一次临时股东大会决议公告,股东大会决议公告,2024-01-16,https://data.eastmoney.com/notices/detail/002269/AN202401151617499740.html
600246,万通发展,万通发展:关于持股5%以上股东集中竞价减持股份计划公告,股东/实际控制人股份减持,2024-01-16,https://data.eastmoney.com/notices/detail/600246/AN202401151617499739.html
002708,光洋股份,光洋股份:常州光洋轴承股份有限公司会计师事务所选聘制度,管理办法/制度,2024-01-16,https://data.eastmoney.com/notices/detail/002708/AN202401151617499684.html
002708,光洋股份,光洋股份:常州光洋轴承股份有限公司独立董事制度,管理办法/制度,2024-01-16,https://data.eastmoney.com/notices/detail/002708/AN202401151617499682.html
002708,光洋股份,光洋股份:常州光洋轴承股份有限公司章程,公司章程,2024-01-16,https://data.eastmoney.com/notices/detail/002708/AN202401151617499683.html
002708,光洋股份,光洋股份:北京市金杜律师事务所上海分所关于常州光洋轴承股份有限公司2024年第一次临时股东大会之法律意见书,法律意见书,2024-01-16,https://data.eastmoney.com/notices/detail/002708/AN202401151617499685.html
002708,光洋股份,光洋股份:2024年第一次临时股东大会决议公告,股东大会决议公告,2024-01-16,https://data.eastmoney.com/notices/detail/002708/AN202401151617499681.html
002660,茂硕电源,茂硕电源:关于使用闲置自有资金进行现金管理的进展公告,投资理财,2024-01-16,https://data.eastmoney.com/notices/detail/002660/AN202401151617499680.html
002427,尤夫股份,尤夫股份:2024年第一次临时股东大会决议的公告,股东大会决议公告,2024-01-16,https://data.eastmoney.com/notices/detail/002427/AN202401151617499707.html
002266,浙富控股,浙富控股:关于子公司通过高新技术企业再次认定的公告,其他,2024-01-16,https://data.eastmoney.com/notices/detail/002266/AN202401151617499701.html
002266,浙富控股,浙富控股:浙富控股2024年第一次临时股东大会的法律意见书,法律意见书,2024-01-16,https://data.eastmoney.com/notices/detail/002266/AN202401151617499702.html
002266,浙富控股,浙富控股:2024年第一次临时股东大会决议公告,股东大会决议公告,2024-01-16,https://data.eastmoney.com/notices/detail/002266/AN202401151617499703.html
002053,云南能投,云南能投:云南能源投资股份有限公司2023年度业绩预告,业绩预告,2024-01-16,https://data.eastmoney.com/notices/detail/002053/AN202401151617499709.html
001206,依依股份,依依股份:天津金诺律师事务所关于天津市依依卫生用品股份有限公司2024年第一次临时股东大会律师见证法律意见书,法律意见书,2024-01-16,https://data.eastmoney.com/notices/detail/001206/AN202401151617499706.html
001206,依依股份,依依股份:2024年第一次临时股东大会决议公告,股东大会决议公告,2024-01-16,https://data.eastmoney.com/notices/detail/001206/AN202401151617499705.html
000972,中基健康,中基健康:中基健康2023年度业绩预告,业绩预告,2024-01-16,https://data.eastmoney.com/notices/detail/000972/AN202401151617499704.html
000519,中兵红箭,中兵红箭:董事会议事规则,议事规则/实施细则,2024-01-16,https://data.eastmoney.com/notices/detail/000519/AN202401151617499708.html
000519,中兵红箭,中兵红箭:独立董事工作制度,管理办法/制度,2024-01-16,https://data.eastmoney.com/notices/detail/000519/AN202401151617499687.html
000519,中兵红箭,中兵红箭:2024年第一次临时股东大会决议公告,股东大会决议公告,2024-01-16,https://data.eastmoney.com/notices/detail/000519/AN202401151617499686.html
300428,立中集团,立中集团:股东大会议事规则(2024年1月),议事规则/实施细则,2024-01-16,https://data.eastmoney.com/notices/detail/300428/AN202401151617499698.html
300428,立中集团,立中集团:子公司管理制度,管理办法/制度,2024-01-16,https://data.eastmoney.com/notices/detail/300428/AN202401151617499728.html
300428,立中集团,立中集团:关联交易管理制度(2024年1月),管理办法/制度,2024-01-16,https://data.eastmoney.com/notices/detail/300428/AN202401151617499727.html
300428,立中集团,立中集团:关于公司及控股子公司向控股股东及其关联方借款暨关联交易的公告,借贷,2024-01-16,https://data.eastmoney.com/notices/detail/300428/AN202401151617499697.html
300428,立中集团,立中集团:证券投资及衍生品交易管理制度,管理办法/制度,2024-01-16,https://data.eastmoney.com/notices/detail/300428/AN202401151617499726.html
300428,立中集团,立中集团:信息披露管理制度(2024年1月),管理办法/制度,2024-01-16,https://data.eastmoney.com/notices/detail/300428/AN202401151617499725.html
300428,立中集团,立中集团:第五届监事会第十三次会议决议公告,监事会决议公告,2024-01-16,https://data.eastmoney.com/notices/detail/300428/AN202401151617499696.html
300428,立中集团,立中集团:独立董事专门会议工作制度,管理办法/制度,2024-01-16,https://data.eastmoney.com/notices/detail/300428/AN202401151617499695.html
300428,立中集团,立中集团:董事、监事和高级管理人员所持本公司股份及其变动管理制度,高管人员任职变动,2024-01-16,https://data.eastmoney.com/notices/detail/300428/AN202401151617499694.html
300428,立中集团,立中集团:审计委员会议事规则(2024年1月),议事规则/实施细则,2024-01-16,https://data.eastmoney.com/notices/detail/300428/AN202401151617499724.html
300428,立中集团,立中集团:中原证券股份有限公司关于立中四通轻合金集团股份有限公司关联交易的核查意见,保荐/核查意见,2024-01-16,https://data.eastmoney.com/notices/detail/300428/AN202401151617499723.html
300428,立中集团,立中集团:独立董事候选人声明(张建行),独立董事候选人声明,2024-01-16,https://data.eastmoney.com/notices/detail/300428/AN202401151617499722.html
300428,立中集团,立中集团:内幕信息知情人登记管理制度(2024年1月),管理办法/制度,2024-01-16,https://data.eastmoney.com/notices/detail/300428/AN202401151617499692.html
300428,立中集团,立中集团:印章管理制度,管理办法/制度,2024-01-16,https://data.eastmoney.com/notices/detail/300428/AN202401151617499721.html
300428,立中集团,立中集团:会计师事务所选聘制度,管理办法/制度,2024-01-16,https://data.eastmoney.com/notices/detail/300428/AN202401151617499693.html
300428,立中集团,立中集团:对外投资管理制度(2024年1月),管理办法/制度,2024-01-16,https://data.eastmoney.com/notices/detail/300428/AN202401151617499691.html
300428,立中集团,立中集团:内部审计制度(2024年1月),管理办法/制度,2024-01-16,https://data.eastmoney.com/notices/detail/300428/AN202401151617499720.html
300428,立中集团,立中集团:董事会议事规则(2024年1月),议事规则/实施细则,2024-01-16,https://data.eastmoney.com/notices/detail/300428/AN202401151617499719.html
300428,立中集团,立中集团:募集资金使用管理办法(2024年1月),管理办法/制度,2024-01-16,https://data.eastmoney.com/notices/detail/300428/AN202401151617499718.html
300428,立中集团,立中集团:薪酬与考核委员会议事规则(2024年1月),议事规则/实施细则,2024-01-16,https://data.eastmoney.com/notices/detail/300428/AN202401151617499717.html
300428,立中集团,立中集团:对外担保管理制度(2024年1月),管理办法/制度,2024-01-16,https://data.eastmoney.com/notices/detail/300428/AN202401151617499715.html
300428,立中集团,立中集团:第五届董事会提名委员会关于独立董事候选人任职资格的审查意见,专项说明/独立意见,2024-01-16,https://data.eastmoney.com/notices/detail/300428/AN202401151617499716.html
300428,立中集团,立中集团:独立董事提名人声明(张建行),独立董事提名人声明,2024-01-16,https://data.eastmoney.com/notices/detail/300428/AN202401151617499714.html
300428,立中集团,立中集团:累积投票制度实施细则,议事规则/实施细则,2024-01-16,https://data.eastmoney.com/notices/detail/300428/AN202401151617499713.html
300428,立中集团,立中集团:关于2023年度日常关联交易执行情况及2024年度日常关联交易预计的公告,关联交易,2024-01-16,https://data.eastmoney.com/notices/detail/300428/AN202401151617499712.html
300428,立中集团,立中集团:关于召开2024年第一次临时股东大会的通知,召开股东大会通知,2024-01-16,https://data.eastmoney.com/notices/detail/300428/AN202401151617499711.html
300428,立中集团,立中集团:第五届董事会第十三次会议决议公告,高管人员任职变动,2024-01-16,https://data.eastmoney.com/notices/detail/300428/AN202401151617499689.html
300661,圣邦股份,圣邦股份:关于公司与专业机构合作设立投资基金的进展公告,投资设立公司,2024-01-16,https://data.eastmoney.com/notices/detail/300661/AN202401151617499690.html
300682,朗新科技,朗新集团:北京市君合律师事务所关于朗新科技集团股份有限公司2024年第一次临时股东大会的法律意见书,法律意见书,2024-01-16,https://data.eastmoney.com/notices/detail/300682/AN202401151617499688.html
300682,朗新科技,朗新集团:2024年第一次临时股东大会决议公告,股东大会决议公告,2024-01-16,https://data.eastmoney.com/notices/detail/300682/AN202401151617499710.html
603097,江苏华辰,江苏华辰:关于江苏华辰变压器股份有限公司股票交易异常波动问询函的回函,回复问询函公告,2024-01-16,https://data.eastmoney.com/notices/detail/603097/AN202401151617499676.html
688150,莱特光电,莱特光电:北京市中伦律师事务所关于陕西莱特光电材料股份有限公司2024年第一次临时股东大会的法律意见书,法律意见书,2024-01-16,https://data.eastmoney.com/notices/detail/688150/AN202401151617499673.html
603097,江苏华辰,江苏华辰:江苏华辰股票交易异常波动公告,股票交易异常波动,2024-01-16,https://data.eastmoney.com/notices/detail/603097/AN202401151617499675.html
688150,莱特光电,莱特光电:陕西莱特光电材料股份有限公司2023年员工持股计划,员工持股计划,2024-01-16,https://data.eastmoney.com/notices/detail/688150/AN202401151617499672.html
688150,莱特光电,莱特光电:陕西莱特光电材料股份有限公司2024年第一次临时股东大会决议公告,股东大会决议公告,2024-01-16,https://data.eastmoney.com/notices/detail/688150/AN202401151617499674.html
002053,云南能投,云南能投:云南能源投资股份有限公司关于全资子公司云南省盐业有限公司再次通过高新技术企业认定的公告,其他,2024-01-16,https://data.eastmoney.com/notices/detail/002053/AN202401151617499622.html
000519,中兵红箭,中兵红箭:北京市京师律师事务所关于中兵红箭股份有限公司2024年第一次临时股东大会的法律意见书,法律意见书,2024-01-16,https://data.eastmoney.com/notices/detail/000519/AN202401151617499621.html
002427,尤夫股份,尤夫股份:上海市锦天城律师事务所关于浙江尤夫高新纤维股份有限公司2024年第一次临时股东大会的法律意见书,法律意见书,2024-01-16,https://data.eastmoney.com/notices/detail/002427/AN202401151617499620.html
300428,立中集团,立中集团:提名委员会议事规则(2024年1月),议事规则/实施细则,2024-01-16,https://data.eastmoney.com/notices/detail/300428/AN202401151617499623.html
300428,立中集团,立中集团:投资者关系管理制度(2024年1月),管理办法/制度,2024-01-16,https://data.eastmoney.com/notices/detail/300428/AN202401151617499624.html
300428,立中集团,立中集团:关于公司独立董事离职暨补选独立董事的公告,高管人员任职变动,2024-01-16,https://data.eastmoney.com/notices/detail/300428/AN202401151617499625.html
300428,立中集团,立中集团:公司章程(2024年1月修订),公司章程修订,2024-01-16,https://data.eastmoney.com/notices/detail/300428/AN202401151617499627.html
300428,立中集团,立中集团:关于修订公司章程的公告,公司章程修订,2024-01-16,https://data.eastmoney.com/notices/detail/300428/AN202401151617499626.html
603231,索宝蛋白,索宝蛋白:宁波索宝蛋白科技股份有限公司提名委员会工作细则,议事规则/实施细则,2024-01-16,https://data.eastmoney.com/notices/detail/603231/AN202401151617499617.html
603231,索宝蛋白,索宝蛋白:宁波索宝蛋白科技股份有限公司关联交易决策制度,管理办法/制度,2024-01-16,https://data.eastmoney.com/notices/detail/603231/AN202401151617499611.html
603231,索宝蛋白,索宝蛋白:宁波索宝蛋白科技股份有限公司董事会议事规则,议事规则/实施细则,2024-01-16,https://data.eastmoney.com/notices/detail/603231/AN202401151617499614.html
603231,索宝蛋白,索宝蛋白:宁波索宝蛋白科技股份有限公司薪酬与考核委员会工作细则,议事规则/实施细则,2024-01-16,https://data.eastmoney.com/notices/detail/603231/AN202401151617499616.html
603231,索宝蛋白,索宝蛋白:宁波索宝蛋白科技股份有限公司总经理工作细则,议事规则/实施细则,2024-01-16,https://data.eastmoney.com/notices/detail/603231/AN202401151617499615.html
603231,索宝蛋白,索宝蛋白:关于召开2024年第一次临时股东大会的通知,召开股东大会通知,2024-01-16,https://data.eastmoney.com/notices/detail/603231/AN202401151617499618.html
603231,索宝蛋白,索宝蛋白:宁波索宝蛋白科技股份有限公司对外投资管理办法,管理办法/制度,2024-01-16,https://data.eastmoney.com/notices/detail/603231/AN202401151617499609.html
603231,索宝蛋白,索宝蛋白:宁波索宝蛋白科技股份有限公司信息披露管理制度,管理办法/制度,2024-01-16,https://data.eastmoney.com/notices/detail/603231/AN202401151617499610.html
603231,索宝蛋白,索宝蛋白:宁波索宝蛋白科技股份有限公司独立董事工作制度,管理办法/制度,2024-01-16,https://data.eastmoney.com/notices/detail/603231/AN202401151617499607.html
603231,索宝蛋白,索宝蛋白:宁波索宝蛋白科技股份有限公司累积投票制实施细则,议事规则/实施细则,2024-01-16,https://data.eastmoney.com/notices/detail/603231/AN202401151617499613.html
603231,索宝蛋白,索宝蛋白:东吴证券股份有限公司关于宁波索宝蛋白科技股份有限公司使用部分募集资金向全资子公司增资以实施募投项目的核查意见,保荐/核查意见,2024-01-16,https://data.eastmoney.com/notices/detail/603231/AN202401151617499595.html
603231,索宝蛋白,索宝蛋白:宁波索宝蛋白科技股份有限公司投资者关系管理制度,管理办法/制度,2024-01-16,https://data.eastmoney.com/notices/detail/603231/AN202401151617499593.html
603231,索宝蛋白,索宝蛋白:宁波索宝蛋白科技股份有限公司章程,公司章程,2024-01-16,https://data.eastmoney.com/notices/detail/603231/AN202401151617499600.html
603231,索宝蛋白,索宝蛋白:宁波索宝蛋白科技股份有限公司以自筹资金预先投入募集资金投资项目及支付发行费用的鉴证报告,保荐/核查意见,2024-01-16,https://data.eastmoney.com/notices/detail/603231/AN202401151617499602.html
603231,索宝蛋白,索宝蛋白:宁波索宝蛋白科技股份有限公司审计委员会工作细则,议事规则/实施细则,2024-01-16,https://data.eastmoney.com/notices/detail/603231/AN202401151617499591.html
603231,索宝蛋白,索宝蛋白:宁波索宝蛋白科技股份有限公司董事会秘书工作细则,议事规则/实施细则,2024-01-16,https://data.eastmoney.com/notices/detail/603231/AN202401151617499592.html
603231,索宝蛋白,索宝蛋白:宁波索宝蛋白科技股份有限公司董事、监事薪酬管理制度,管理办法/制度,2024-01-16,https://data.eastmoney.com/notices/detail/603231/AN202401151617499606.html
603231,索宝蛋白,索宝蛋白:宁波索宝蛋白科技股份有限公司独立董事专门会议工作制度,管理办法/制度,2024-01-16,https://data.eastmoney.com/notices/detail/603231/AN202401151617499605.html
603231,索宝蛋白,索宝蛋白:关于使用募集资金置换预先投入募投项目及已支付发行费用的自筹资金的公告,募集资金使用情况报告,2024-01-16,https://data.eastmoney.com/notices/detail/603231/AN202401151617499603.html
603231,索宝蛋白,索宝蛋白:宁波索宝蛋白科技股份有限公司内幕信息知情人登记管理制度,管理办法/制度,2024-01-16,https://data.eastmoney.com/notices/detail/603231/AN202401151617499604.html
603231,索宝蛋白,索宝蛋白:宁波索宝蛋白科技股份有限公司股东大会网络投票实施细则,议事规则/实施细则,2024-01-16,https://data.eastmoney.com/notices/detail/603231/AN202401151617499612.html
603231,索宝蛋白,索宝蛋白:关于使用部分募集资金向全资子公司增资以实施募投项目的公告,募集资金使用情况报告,2024-01-16,https://data.eastmoney.com/notices/detail/603231/AN202401151617499596.html
603231,索宝蛋白,索宝蛋白:第二届董事会第十一次会议决议公告,董事会决议公告,2024-01-16,https://data.eastmoney.com/notices/detail/603231/AN202401151617499594.html
603231,索宝蛋白,索宝蛋白:宁波索宝蛋白科技股份有限公司募集资金管理制度,管理办法/制度,2024-01-16,https://data.eastmoney.com/notices/detail/603231/AN202401151617499590.html
603231,索宝蛋白,索宝蛋白:宁波索宝蛋白科技股份有限公司防范控股股东及关联方资金占用管理制度,管理办法/制度,2024-01-16,https://data.eastmoney.com/notices/detail/603231/AN202401151617499608.html
603231,索宝蛋白,索宝蛋白:宁波索宝蛋白科技股份有限公司监事会议事规则,议事规则/实施细则,2024-01-16,https://data.eastmoney.com/notices/detail/603231/AN202401151617499601.html
603231,索宝蛋白,索宝蛋白:关于变更公司注册资本、公司类型、修改《公司章程》并办理工商变更登记的公告,公司注册资本变更,2024-01-16,https://data.eastmoney.com/notices/detail/603231/AN202401151617499599.html
603231,索宝蛋白,索宝蛋白:第二届监事会第八次会议决议公告,监事会决议公告,2024-01-16,https://data.eastmoney.com/notices/detail/603231/AN202401151617499586.html
603231,索宝蛋白,索宝蛋白:关于开立募集资金专项账户并签订募集资金存储四方监管协议的公告,签订协议,2024-01-16,https://data.eastmoney.com/notices/detail/603231/AN202401151617499587.html
603231,索宝蛋白,索宝蛋白:东吴证券股份有限公司关于宁波索宝蛋白科技股份有限公司以募集资金置换预先投入募集资金投资项目及已支付发行费用的自筹资金的核查意见,保荐/核查意见,2024-01-16,https://data.eastmoney.com/notices/detail/603231/AN202401151617499588.html
603231,索宝蛋白,索宝蛋白:宁波索宝蛋白科技股份有限公司内部审计制度,管理办法/制度,2024-01-16,https://data.eastmoney.com/notices/detail/603231/AN202401151617499589.html
603218,日月股份,日月股份:日月重工股份有限公司关于使用闲置募集资金进行现金管理到期赎回的公告,投资理财,2024-01-16,https://data.eastmoney.com/notices/detail/603218/AN202401151617499585.html
002423,中粮资本,中粮资本:中粮信托有限责任公司2023年度财务报表(未经审计),其他,2024-01-16,https://data.eastmoney.com/notices/detail/002423/AN202401151617499552.html
002423,中粮资本,中粮资本:中粮资本控股股份有限公司关于中英人寿、中粮信托披露2023年度未经审计财务报表的自愿性信息披露公告,其他,2024-01-16,https://data.eastmoney.com/notices/detail/002423/AN202401151617499568.html
000958,电投产融,电投产融:百瑞信托有限责任公司2023年度未经审计财务报表,其他,2024-01-16,https://data.eastmoney.com/notices/detail/000958/AN202401151617499551.html
000958,电投产融,电投产融:关于百瑞信托2023年度财务报表的自愿性信息披露公告,年度财务报告,2024-01-16,https://data.eastmoney.com/notices/detail/000958/AN202401151617499566.html
000958,电投产融,电投产融:2024年第一次临时股东大会决议公告,股东大会决议公告,2024-01-16,https://data.eastmoney.com/notices/detail/000958/AN202401151617499550.html
000875,电投绿能,吉电股份:独立董事候选人声明与承诺,独立董事候选人声明,2024-01-16,https://data.eastmoney.com/notices/detail/000875/AN202401151617499549.html
000875,电投绿能,吉电股份:关于申请注册发行公司债券的公告,其他,2024-01-16,https://data.eastmoney.com/notices/detail/000875/AN202401151617499565.html
000875,电投绿能,吉电股份:关于投资建设广西邕宁百济新平200兆瓦风电项目的公告,对外项目投资,2024-01-16,https://data.eastmoney.com/notices/detail/000875/AN202401151617499564.html
000875,电投绿能,吉电股份:关于以新能源资产发行资产支持证券进行融资的公告,其他,2024-01-16,https://data.eastmoney.com/notices/detail/000875/AN202401151617499567.html
000875,电投绿能,吉电股份:第九届董事会第十四次会议决议公告,高管人员任职变动,2024-01-16,https://data.eastmoney.com/notices/detail/000875/AN202401151617499563.html
000875,电投绿能,吉电股份:关于投资建设广西邕宁那楼200兆瓦风电项目的公告,对外项目投资,2024-01-16,https://data.eastmoney.com/notices/detail/000875/AN202401151617499562.html
000875,电投绿能,吉电股份:关于提名金华先生为第九届董事会独立董事候选人的公告,独立董事候选人声明,2024-01-16,https://data.eastmoney.com/notices/detail/000875/AN202401151617499547.html
002277,友阿股份,友阿股份:湖南启元律师事务所关于湖南友谊阿波罗商业股份有限公司2024年第一次临时股东大会的法律意见书,法律意见书,2024-01-16,https://data.eastmoney.com/notices/detail/002277/AN202401151617499548.html
002277,友阿股份,友阿股份:2024年第一次临时股东大会决议公告,股东大会决议公告,2024-01-16,https://data.eastmoney.com/notices/detail/002277/AN202401151617499546.html
002845,同兴达,同兴达:深圳同兴达科技股份有限公司关于向子公司提供担保的进展公告,提供/对外担保公告,2024-01-16,https://data.eastmoney.com/notices/detail/002845/AN202401151617499560.html
002590,万安科技,万安科技:公司2023年年度业绩预告,业绩预告,2024-01-16,https://data.eastmoney.com/notices/detail/002590/AN202401151617499545.html
000415,渤海租赁,渤海租赁:关于境外子公司2023年第四季度主要运营数据的自愿性信息披露公告,其他,2024-01-16,https://data.eastmoney.com/notices/detail/000415/AN202401151617499559.html
000524,岭南控股,岭南控股:关于控股股东拟发生变更暨国有股权无偿划转的进展公告,股权转让,2024-01-16,https://data.eastmoney.com/notices/detail/000524/AN202401151617499561.html
300567,精测电子,精测电子:广发证券股份有限公司关于武汉精测电子集团股份有限公司2024年度日常经营性关联交易预计的核查意见,保荐/核查意见,2024-01-16,https://data.eastmoney.com/notices/detail/300567/AN202401151617499570.html
300567,精测电子,精测电子:武汉精测电子集团股份有限公司关于董事辞职及补选董事的公告,高管人员任职变动,2024-01-16,https://data.eastmoney.com/notices/detail/300567/AN202401151617499557.html
300567,精测电子,精测电子:武汉精测电子集团股份有限公司2024年第一次独立董事专门会议审核意见,专项说明/独立意见,2024-01-16,https://data.eastmoney.com/notices/detail/300567/AN202401151617499556.html
300567,精测电子,精测电子:武汉精测电子集团股份有限公司第四届董事会第三十一次会议决议公告,高管人员任职变动,2024-01-16,https://data.eastmoney.com/notices/detail/300567/AN202401151617499569.html
300567,精测电子,精测电子:武汉精测电子集团股份有限公司第四届监事会第二十三次会议决议公告,监事会决议公告,2024-01-16,https://data.eastmoney.com/notices/detail/300567/AN202401151617499554.html
300567,精测电子,精测电子:武汉精测电子集团股份有限公司关于召开2024年第一次临时股东大会的通知,召开股东大会通知,2024-01-16,https://data.eastmoney.com/notices/detail/300567/AN202401151617499555.html
301236,软通动力,软通动力:关于与专业投资机构共同投资的进展公告,投资设立公司,2024-01-16,https://data.eastmoney.com/notices/detail/301236/AN202401151617499553.html
002423,中粮资本,中粮资本:中英人寿保险有限公司2023年度财务报表(未经审计),其他,2024-01-16,https://data.eastmoney.com/notices/detail/002423/AN202401151617499510.html
000958,电投产融,电投产融:2024年第一次临时股东大会的法律意见书,法律意见书,2024-01-16,https://data.eastmoney.com/notices/detail/000958/AN202401151617499524.html
000875,电投绿能,吉电股份:独立董事提名人声明与承诺,独立董事提名人声明,2024-01-16,https://data.eastmoney.com/notices/detail/000875/AN202401151617499508.html
000875,电投绿能,吉电股份:关于召开2024年第一次临时股东大会的通知,召开股东大会通知,2024-01-16,https://data.eastmoney.com/notices/detail/000875/AN202401151617499509.html
002845,同兴达,同兴达:深圳同兴达科技股份有限公司关于2023年四季度计提资产减值准备的公告,其他,2024-01-16,https://data.eastmoney.com/notices/detail/002845/AN202401151617499523.html
000411,英特集团,英特集团:2023年年度业绩预告,业绩预告,2024-01-16,https://data.eastmoney.com/notices/detail/000411/AN202401151617499511.html
300567,精测电子,精测电子:武汉精测电子集团股份有限公司关于公司2024年度日常经营性关联交易预计的公告,关联交易,2024-01-16,https://data.eastmoney.com/notices/detail/300567/AN202401151617499515.html
002735,王子新材,王子新材:北京市竞天公诚律师事务所关于深圳王子新材料股份有限公司2024年第一次临时股东大会的法律意见书,法律意见书,2024-01-16,https://data.eastmoney.com/notices/detail/002735/AN202401151617499476.html
002735,王子新材,王子新材:2024年第一次临时股东大会决议公告,股东大会决议公告,2024-01-16,https://data.eastmoney.com/notices/detail/002735/AN202401151617499470.html
000088,盐田港,盐田港:2024年第一次临时股东大会法律意见书,法律意见书,2024-01-16,https://data.eastmoney.com/notices/detail/000088/AN202401151617499469.html
000088,盐田港,盐田港:2024年第一次临时股东大会决议公告,股东大会决议公告,2024-01-16,https://data.eastmoney.com/notices/detail/000088/AN202401151617499475.html
000088,盐田港,盐田港:第八届董事会第五次会议决议公告,高管人员任职变动,2024-01-16,https://data.eastmoney.com/notices/detail/000088/AN202401151617499468.html
002572,索菲亚,索菲亚:回购报告书,回购报告书,2024-01-16,https://data.eastmoney.com/notices/detail/002572/AN202401151617499466.html
002902,铭普光磁,铭普光磁:广东华商律师事务所关于东莞铭普光磁股份有限公司2024年第一次临时股东大会的法律意见书,法律意见书,2024-01-16,https://data.eastmoney.com/notices/detail/002902/AN202401151617499467.html
002902,铭普光磁,铭普光磁:关于回购注销部分限制性股票减少注册资本暨通知债权人的公告,公司注册资本变更,2024-01-16,https://data.eastmoney.com/notices/detail/002902/AN202401151617499474.html
002902,铭普光磁,铭普光磁:2024年第一次临时股东大会决议公告,股东大会决议公告,2024-01-16,https://data.eastmoney.com/notices/detail/002902/AN202401151617499473.html
000797,中国武夷,中国武夷:2024年第一次临时股东大会法律意见书,法律意见书,2024-01-16,https://data.eastmoney.com/notices/detail/000797/AN202401151617499465.html
300478,杭州高新,杭州高新:浙江天册律师事务所关于杭州高新橡塑材料股份有限公司2024年第一次临时股东大会的法律意见书,法律意见书,2024-01-16,https://data.eastmoney.com/notices/detail/300478/AN202401151617499472.html
300478,杭州高新,杭州高新:2024年第一次临时股东大会决议公告,股东大会决议公告,2024-01-16,https://data.eastmoney.com/notices/detail/300478/AN202401151617499471.html
000088,盐田港,盐田港:关于公司董事会成员变动的公告,高管人员任职变动,2024-01-16,https://data.eastmoney.com/notices/detail/000088/AN202401151617499457.html
300478,杭州高新,杭州高新:关于2023年限制性股票激励计划内幕信息知情人及激励对象买卖公司股票情况的自查报告,自查报告,2024-01-16,https://data.eastmoney.com/notices/detail/300478/AN202401151617499460.html
000797,中国武夷,中国武夷:2024年第一次临时股东大会决议公告,股东大会决议公告,2024-01-16,https://data.eastmoney.com/notices/detail/000797/AN202401151617499456.html
000609,*ST中迪,中迪投资:中迪投资独立董事候选人声明与承诺,独立董事候选人声明,2024-01-16,https://data.eastmoney.com/notices/detail/000609/AN202401151617499445.html
000609,*ST中迪,中迪投资:中迪投资独立董事提名人声明与承诺,独立董事提名人声明,2024-01-16,https://data.eastmoney.com/notices/detail/000609/AN202401151617499444.html
000609,*ST中迪,中迪投资:中迪投资关于提名第十届董事会独立董事候选人的公告,独立董事候选人声明,2024-01-16,https://data.eastmoney.com/notices/detail/000609/AN202401151617499443.html
000609,*ST中迪,中迪投资:中迪投资第十届董事会第二十三次临时会议决议公告,高管人员任职变动,2024-01-16,https://data.eastmoney.com/notices/detail/000609/AN202401151617499442.html
002723,小崧股份,小崧股份:北京国枫律师事务所关于广东小崧科技股份有限公司2024年第一次临时股东大会的法律意见书,法律意见书,2024-01-16,https://data.eastmoney.com/notices/detail/002723/AN202401151617499449.html
000961,ST中南,中南建设:2024年第一次临时股东大会的法律意见书,法律意见书,2024-01-16,https://data.eastmoney.com/notices/detail/000961/AN202401151617499448.html
605169,洪通燃气,洪通燃气:新疆洪通燃气股份有限公司2024年第一次临时股东大会决议公告,股东大会决议公告,2024-01-16,https://data.eastmoney.com/notices/detail/605169/AN202401151617499441.html
605169,洪通燃气,洪通燃气:上海市锦天城律师事务所关于新疆洪通燃气股份有限公司2024年第一次临时股东大会的法律意见书,法律意见书,2024-01-16,https://data.eastmoney.com/notices/detail/605169/AN202401151617499447.html
605169,洪通燃气,洪通燃气:新疆洪通燃气股份有限公司股东大会议事规则,议事规则/实施细则,2024-01-16,https://data.eastmoney.com/notices/detail/605169/AN202401151617499438.html
605169,洪通燃气,洪通燃气:新疆洪通燃气股份有限公司董事会议事规则,议事规则/实施细则,2024-01-16,https://data.eastmoney.com/notices/detail/605169/AN202401151617499440.html
605169,洪通燃气,洪通燃气:新疆洪通燃气股份有限公司独立董事工作制度,管理办法/制度,2024-01-16,https://data.eastmoney.com/notices/detail/605169/AN202401151617499439.html
688591,泰凌微,泰凌微:国投证券股份有限公司关于泰凌微电子(上海)股份有限公司2023年度持续督导现场检查报告,保荐/核查意见,2024-01-16,https://data.eastmoney.com/notices/detail/688591/AN202401151617499408.html
002723,小崧股份,小崧股份:2024年第一次临时股东大会决议的公告,股东大会决议公告,2024-01-16,https://data.eastmoney.com/notices/detail/002723/AN202401151617499389.html
000609,*ST中迪,中迪投资:中迪投资关于召开公司2024年第一次临时股东大会的通知,召开股东大会通知,2024-01-16,https://data.eastmoney.com/notices/detail/000609/AN202401151617499390.html
000608,阳光股份,阳光股份:独立董事关于全资子公司向控股股东借款展期暨关联交易事项的独立意见,专项说明/独立意见,2024-01-16,https://data.eastmoney.com/notices/detail/000608/AN202401151617499388.html
688135,利扬芯片,利扬芯片:天健会计师事务所(特殊普通合伙)关于广东利扬芯片测试股份有限公司向不特定对象发行可转换公司债券的财务报告及审计报告,审计报告,2024-01-16,https://data.eastmoney.com/notices/detail/688135/AN202401151617499383.html
000609,*ST中迪,中迪投资:中迪投资关于对子公司进行增资的公告,增资扩股,2024-01-16,https://data.eastmoney.com/notices/detail/000609/AN202401151617499381.html
000961,ST中南,中南建设:2024年第一次临时股东大会决议公告,股东大会决议公告,2024-01-16,https://data.eastmoney.com/notices/detail/000961/AN202401151617499382.html
688135,利扬芯片,利扬芯片:广发证券股份有限公司关于广东利扬芯片测试股份有限公司向不特定对象发行可转换公司债券之发行保荐书,发行保荐书,2024-01-16,https://data.eastmoney.com/notices/detail/688135/AN202401151617499386.html
688135,利扬芯片,利扬芯片:广东利扬芯片测试股份有限公司向不特定对象发行可转换公司债券募集说明书(注册稿),其他,2024-01-16,https://data.eastmoney.com/notices/detail/688135/AN202401151617499384.html
688135,利扬芯片,利扬芯片:北京德恒律师事务所关于广东利扬芯片测试股份有限公司向不特定对象发行可转换公司债券的法律意见书,法律意见书,2024-01-16,https://data.eastmoney.com/notices/detail/688135/AN202401151617499387.html
688135,利扬芯片,利扬芯片:广发证券股份有限公司关于广东利扬芯片测试股份有限公司向不特定对象发行可转换公司债券之上市保荐书,上市保荐书,2024-01-16,https://data.eastmoney.com/notices/detail/688135/AN202401151617499385.html
688135,利扬芯片,利扬芯片:关于向不特定对象发行可转换公司债券提交募集说明书(注册稿)的提示性公告,其他,2024-01-16,https://data.eastmoney.com/notices/detail/688135/AN202401151617499380.html
000608,阳光股份,阳光股份:关于全资子公司向控股股东借款展期暨关联交易的公告,其他,2024-01-16,https://data.eastmoney.com/notices/detail/000608/AN202401151617499378.html
000608,阳光股份,阳光股份:第九届董事会2024年第一次临时会议决议公告,董事会决议公告,2024-01-16,https://data.eastmoney.com/notices/detail/000608/AN202401151617499377.html
000608,阳光股份,阳光股份:关于召开2024年第一次临时股东大会的通知,召开股东大会通知,2024-01-16,https://data.eastmoney.com/notices/detail/000608/AN202401151617499256.html
600579,中化装备,克劳斯:克劳斯玛菲股份有限公司关于全资子公司变更公司名称并完成工商变更登记的公告,公司关联方基本资料变更,2024-01-16,https://data.eastmoney.com/notices/detail/600579/AN202401151617499211.html
688676,金盘科技,金盘科技:第三届董事会第四次会议决议公告,董事会决议公告,2024-01-16,https://data.eastmoney.com/notices/detail/688676/AN202401151617499216.html
688676,金盘科技,金盘科技:关于作废部分已授予尚未归属的2021年限制性股票的公告,股权激励进展公告,2024-01-16,https://data.eastmoney.com/notices/detail/688676/AN202401151617499212.html
688676,金盘科技,金盘科技:第三届监事会第二次会议决议公告,监事会决议公告,2024-01-16,https://data.eastmoney.com/notices/detail/688676/AN202401151617499218.html
688676,金盘科技,金盘科技:北京市金杜(深圳)律师事务所关于海南金盘智能科技股份有限公司2021年限制性股票激励计划授予价格调整、首次授予部分第二个归属期归属条件成就及部分限制性股票作废相关事项的法律意见书,产品价格调整,2024-01-16,https://data.eastmoney.com/notices/detail/688676/AN202401151617499219.html
688676,金盘科技,金盘科技:关于调整2021年限制性股票激励计划授予价格的公告,股权激励行权价（数量）调整,2024-01-16,https://data.eastmoney.com/notices/detail/688676/AN202401151617499217.html
688676,金盘科技,金盘科技:关于2021年限制性股票激励计划首次授予部分第二个归属期符合归属条件的公告,股权激励进展公告,2024-01-16,https://data.eastmoney.com/notices/detail/688676/AN202401151617499214.html
688676,金盘科技,金盘科技:监事会关于公司2021年限制性股票激励计划首次授予部分第二个归属期归属名单的核查意见,专项说明/独立意见,2024-01-16,https://data.eastmoney.com/notices/detail/688676/AN202401151617499213.html
688676,金盘科技,金盘科技:独立董事关于第三届董事会第四次会议相关事项的独立意见,专项说明/独立意见,2024-01-16,https://data.eastmoney.com/notices/detail/688676/AN202401151617499215.html
603375,盛景微,盛景微:盛景微首次公开发行股票并在主板上市网上发行申购情况及中签率公告,网上申购及中签率公告,2024-01-16,https://data.eastmoney.com/notices/detail/603375/AN202401151617499192.html
601865,福莱特,福莱特:福莱特玻璃集团股份有限公司关于“福莱转债”2024年第一次债券持有人会议决议的公告,其他,2024-01-16,https://data.eastmoney.com/notices/detail/601865/AN202401151617499191.html
601865,福莱特,福莱特:国浩律师(南京)事务所关于福莱特玻璃集团股份有限公司“福莱转债”2024年第一次债券持有人会议之法律意见书,法律意见书,2024-01-16,https://data.eastmoney.com/notices/detail/601865/AN202401151617499190.html
002989,中天精装,中天精装:关于全资子公司完成工商注册登记的公告,公司关联方基本资料变更,2024-01-16,https://data.eastmoney.com/notices/detail/002989/AN202401151617499201.html
002823,凯中精密,凯中精密:北京市天元(深圳)律师事务所关于深圳市凯中精密技术股份有限公司2024年第一次临时股东大会的法律意见,法律意见书,2024-01-16,https://data.eastmoney.com/notices/detail/002823/AN202401151617499203.html
002823,凯中精密,凯中精密:关于控股股东部分股份解除质押的公告,股份质押、冻结,2024-01-16,https://data.eastmoney.com/notices/detail/002823/AN202401151617499194.html
002823,凯中精密,凯中精密:2024年第一次临时股东大会决议的公告,股东大会决议公告,2024-01-16,https://data.eastmoney.com/notices/detail/002823/AN202401151617499202.html
600313,农发种业,农发种业:中农发种业集团股份有限公司关于发行股份购买资产并募集配套资金限售股上市流通公告,限售股份上市流通,2024-01-16,https://data.eastmoney.com/notices/detail/600313/AN202401151617499187.html
600313,农发种业,农发种业:中信建投证券股份有限公司关于中农发种业集团股份有限公司发行股份购买资产并募集配套资金限售股份上市流通的核查意见,保荐/核查意见,2024-01-16,https://data.eastmoney.com/notices/detail/600313/AN202401151617499188.html
300344,立方退,立方数科:北京德和衡律师事务所关于立方数科股份有限公司2024年第一次临时股东大会的见证法律意见书,法律意见书,2024-01-16,https://data.eastmoney.com/notices/detail/300344/AN202401151617499160.html
300344,立方退,立方数科:2024年第一次临时股东大会决议公告,股东大会决议公告,2024-01-16,https://data.eastmoney.com/notices/detail/300344/AN202401151617499158.html
300338,*ST开元,开元教育:北京观韬中茂(上海)律师事务所关于开元教育科技集团股份有限公司2024年第一次临时股东大会的法律意见书,法律意见书,2024-01-16,https://data.eastmoney.com/notices/detail/300338/AN202401151617499159.html
300338,*ST开元,开元教育:2024年第一次临时股东大会决议公告,股东大会决议公告,2024-01-16,https://data.eastmoney.com/notices/detail/300338/AN202401151617499168.html
300338,*ST开元,开元教育:关于回购注销部分限制性股票减资暨通知债权人的公告,通知债权人公告,2024-01-16,https://data.eastmoney.com/notices/detail/300338/AN202401151617499154.html
300223,君正股份,北京君正:关于与专业投资机构共同投资的进展公告,投资设立公司,2024-01-16,https://data.eastmoney.com/notices/detail/300223/AN202401151617499157.html
300008,天海防务,天海防务:通商律师事务所关于天海防务2024年第一次临时股东大会的法律意见书,法律意见书,2024-01-16,https://data.eastmoney.com/notices/detail/300008/AN202401151617499164.html
300008,天海防务,天海防务:2024年第一次临时股东大会决议公告,股东大会决议公告,2024-01-16,https://data.eastmoney.com/notices/detail/300008/AN202401151617499167.html
300344,立方退,立方数科:关于公司2023年限制性股票激励计划内幕信息知情人及激励对象买卖公司股票情况的自查报告,自查报告,2024-01-16,https://data.eastmoney.com/notices/detail/300344/AN202401151617499122.html
605108,同庆楼,同庆楼:同庆楼2023年年度业绩预告,业绩预告,2024-01-16,https://data.eastmoney.com/notices/detail/605108/AN202401151617499105.html
601777,千里科技,力帆科技:力帆科技(集团)股份有限公司第五届监事会第二十四次会议决议公告,高管人员任职变动,2024-01-16,https://data.eastmoney.com/notices/detail/601777/AN202401151617499106.html
601777,千里科技,力帆科技:力帆科技(集团)股份有限公司关于董事会、监事会换届选举的公告,高管人员任职变动,2024-01-16,https://data.eastmoney.com/notices/detail/601777/AN202401151617499090.html
601777,千里科技,力帆科技:力帆科技(集团)股份有限公司独立董事提名人声明,独立董事提名人声明,2024-01-16,https://data.eastmoney.com/notices/detail/601777/AN202401151617499092.html
601777,千里科技,力帆科技:独立董事候选人声明与承诺(肖翔),独立董事候选人声明,2024-01-16,https://data.eastmoney.com/notices/detail/601777/AN202401151617499091.html
601777,千里科技,力帆科技:独立董事候选人声明与承诺(任晓常),独立董事候选人声明,2024-01-16,https://data.eastmoney.com/notices/detail/601777/AN202401151617499103.html
601777,千里科技,力帆科技:独立董事候选人声明与承诺(窦军生),独立董事候选人声明,2024-01-16,https://data.eastmoney.com/notices/detail/601777/AN202401151617499104.html
601777,千里科技,力帆科技:力帆科技(集团)股份有限公司第五届董事会第二十八次会议决议公告,高管人员任职变动,2024-01-16,https://data.eastmoney.com/notices/detail/601777/AN202401151617499102.html
601777,千里科技,力帆科技:力帆科技(集团)股份有限公司关于与浙江吉润汽车有限公司签订股东协议暨关联交易的公告,签订协议,2024-01-16,https://data.eastmoney.com/notices/detail/601777/AN202401151617499088.html
601777,千里科技,力帆科技:力帆科技(集团)股份有限公司关于召开2024年第一次临时股东大会的通知,召开股东大会通知,2024-01-16,https://data.eastmoney.com/notices/detail/601777/AN202401151617499089.html
002878,元隆雅图,元隆雅图:北京元隆雅图文化传播股份有限公司关于2023-2025年员工持股计划的进展公告,员工持股计划,2024-01-16,https://data.eastmoney.com/notices/detail/002878/AN202401151617499087.html
002878,元隆雅图,元隆雅图:关于签订募集资金三方监管协议的公告,签订协议,2024-01-16,https://data.eastmoney.com/notices/detail/002878/AN202401151617499097.html
002878,元隆雅图,元隆雅图:关于对控股子公司提供担保的进展公告,提供/对外担保公告,2024-01-16,https://data.eastmoney.com/notices/detail/002878/AN202401151617499100.html
001336,楚环科技,楚环科技:关于设立全资孙公司并完成工商注册登记的公告,投资设立公司,2024-01-16,https://data.eastmoney.com/notices/detail/001336/AN202401151617499086.html
002779,中坚科技,中坚科技:董事会薪酬与考核委员会工作细则,议事规则/实施细则,2024-01-16,https://data.eastmoney.com/notices/detail/002779/AN202401151617499057.html
002779,中坚科技,中坚科技:公司章程修正案,公司章程修订,2024-01-16,https://data.eastmoney.com/notices/detail/002779/AN202401151617499052.html
002779,中坚科技,中坚科技:第四届监事会第十二次会议决议公告,高管人员任职变动,2024-01-16,https://data.eastmoney.com/notices/detail/002779/AN202401151617499050.html
002779,中坚科技,中坚科技:关于职工代表大会选举职工代表监事的公告,高管人员任职变动,2024-01-16,https://data.eastmoney.com/notices/detail/002779/AN202401151617499049.html
001896,豫能控股,豫能控股:2024年第一次临时股东大会决议公告,增发预案,2024-01-16,https://data.eastmoney.com/notices/detail/001896/AN202401151617499059.html
002779,中坚科技,中坚科技:会计师事务所选聘制度,管理办法/制度,2024-01-16,https://data.eastmoney.com/notices/detail/002779/AN202401151617499030.html
002779,中坚科技,中坚科技:独立董事工作制度,管理办法/制度,2024-01-16,https://data.eastmoney.com/notices/detail/002779/AN202401151617499035.html
002779,中坚科技,中坚科技:董事会议事规则,议事规则/实施细则,2024-01-16,https://data.eastmoney.com/notices/detail/002779/AN202401151617499033.html
002779,中坚科技,中坚科技:董事会提名委员会工作细则,议事规则/实施细则,2024-01-16,https://data.eastmoney.com/notices/detail/002779/AN202401151617499028.html
002779,中坚科技,中坚科技:公司章程(2024年1月修),公司章程修订,2024-01-16,https://data.eastmoney.com/notices/detail/002779/AN202401151617499039.html
002779,中坚科技,中坚科技:独立董事提名人声明与承诺(祝锡萍),独立董事提名人声明,2024-01-16,https://data.eastmoney.com/notices/detail/002779/AN202401151617499029.html
002779,中坚科技,中坚科技:独立董事候选人声明与承诺(祝锡萍),独立董事候选人声明,2024-01-16,https://data.eastmoney.com/notices/detail/002779/AN202401151617499027.html
002779,中坚科技,中坚科技:独立董事候选人声明与承诺(沈志峰),独立董事候选人声明,2024-01-16,https://data.eastmoney.com/notices/detail/002779/AN202401151617499036.html
002779,中坚科技,中坚科技:独立董事提名人声明与承诺(沈志峰),独立董事提名人声明,2024-01-16,https://data.eastmoney.com/notices/detail/002779/AN202401151617499031.html
002779,中坚科技,中坚科技:独立董事候选人声明与承诺(冯虎田),独立董事候选人声明,2024-01-16,https://data.eastmoney.com/notices/detail/002779/AN202401151617499037.html
002779,中坚科技,中坚科技:第四届董事会提名委员会第三次会议决议,董事会决议公告,2024-01-16,https://data.eastmoney.com/notices/detail/002779/AN202401151617499032.html
002779,中坚科技,中坚科技:关于召开2024年第一次临时股东大会的通知,召开股东大会通知,2024-01-16,https://data.eastmoney.com/notices/detail/002779/AN202401151617499038.html
002779,中坚科技,中坚科技:董事会审计委员会工作细则,议事规则/实施细则,2024-01-16,https://data.eastmoney.com/notices/detail/002779/AN202401151617499014.html
002779,中坚科技,中坚科技:独立董事提名人声明与承诺(冯虎田),独立董事提名人声明,2024-01-16,https://data.eastmoney.com/notices/detail/002779/AN202401151617499012.html
002779,中坚科技,中坚科技:第四届董事会第十四次会议决议公告,高管人员任职变动,2024-01-16,https://data.eastmoney.com/notices/detail/002779/AN202401151617499015.html
001896,豫能控股,豫能控股:关于河南豫能控股股份有限公司2024年第一次临时股东大会的法律意见书,法律意见书,2024-01-16,https://data.eastmoney.com/notices/detail/001896/AN202401151617499011.html
002008,大族激光,大族激光:北京市君合(深圳)律师事务所关于大族激光科技产业集团股份有限公司2024年第一次临时股东大会的法律意见书,法律意见书,2024-01-16,https://data.eastmoney.com/notices/detail/002008/AN202401151617499000.html
002807,江阴银行,江阴银行:江苏江阴农村商业银行股份有限公司详式权益变动报告书,权益变动报告书,2024-01-16,https://data.eastmoney.com/notices/detail/002807/AN202401151617499001.html
002807,江阴银行,江阴银行:关于股东权益变动及第一大股东变更的提示性公告,权益变动报告书,2024-01-16,https://data.eastmoney.com/notices/detail/002807/AN202401151617498999.html
688819,天能股份,天能股份:天能电池集团股份有限公司首次公开发行部分限售股上市流通暨承诺不减持的公告,限售股份上市流通,2024-01-16,https://data.eastmoney.com/notices/detail/688819/AN202401151617498998.html
688819,天能股份,天能股份:中信证券股份有限公司关于天能电池集团股份有限公司首次公开发行部分限售股上市流通暨承诺不减持的核查意见,保荐/核查意见,2024-01-16,https://data.eastmoney.com/notices/detail/688819/AN202401151617498997.html
002008,大族激光,大族激光:2024年第一次临时股东大会决议公告,股东大会决议公告,2024-01-16,https://data.eastmoney.com/notices/detail/002008/AN202401151617498949.html
688161,威高骨科,威高骨科:山东威高骨科材料股份有限公司2024年第一次临时股东大会决议公告,股东大会决议公告,2024-01-16,https://data.eastmoney.com/notices/detail/688161/AN202401151617498945.html
688161,威高骨科,威高骨科:北京市中伦(深圳)律师事务所关于山东威高骨科材料股份有限公司2024年第一次临时股东大会的法律意见书,法律意见书,2024-01-16,https://data.eastmoney.com/notices/detail/688161/AN202401151617498944.html
002054,德美化工,德美化工:关于召开2024年第一次临时股东大会的通知,召开股东大会通知,2024-01-16,https://data.eastmoney.com/notices/detail/002054/AN202401151617498929.html
002054,德美化工,德美化工:公司第七届董事会第二十七次会议决议公告,董事会决议公告,2024-01-16,https://data.eastmoney.com/notices/detail/002054/AN202401151617498932.html
001309,德明利,德明利:第二届董事会独立董事专门会议第四次会议的审查意见,专项说明/独立意见,2024-01-16,https://data.eastmoney.com/notices/detail/001309/AN202401151617498928.html
001309,德明利,德明利:深圳市德明利技术股份有限公司2023年度向特定对象发行股票方案的论证分析报告(修订稿),其他,2024-01-16,https://data.eastmoney.com/notices/detail/001309/AN202401151617498935.html
001309,德明利,德明利:深圳市德明利技术股份有限公司2023年度向特定对象发行股票预案(修订稿),增发方案修订,2024-01-16,https://data.eastmoney.com/notices/detail/001309/AN202401151617498934.html
001309,德明利,德明利:关于向特定对象发行股票预案等相关文件修订情况的说明,增发方案修订,2024-01-16,https://data.eastmoney.com/notices/detail/001309/AN202401151617498933.html
001309,德明利,德明利:关于向特定对象发行股票摊薄即期回报的风险提示、填补回报措施及相关主体承诺(修订稿)的公告,其他,2024-01-16,https://data.eastmoney.com/notices/detail/001309/AN202401151617498926.html
001309,德明利,德明利:第二届监事会第十二次会议决议公告,监事会决议公告,2024-01-16,https://data.eastmoney.com/notices/detail/001309/AN202401151617498927.html
001309,德明利,德明利:关于最近五年被证券监管部门和交易所采取处罚或监管措施及整改情况的公告,处罚,2024-01-16,https://data.eastmoney.com/notices/detail/001309/AN202401151617498937.html
000630,铜陵有色,铜陵有色:安徽承义律师事务所关于铜陵有色金属集团股份有限公司召开2024年第一次临时股东大会的法律意见书,法律意见书,2024-01-16,https://data.eastmoney.com/notices/detail/000630/AN202401151617498924.html
000630,铜陵有色,铜陵有色:2024年第一次临时股东大会决议的公告,股东大会决议公告,2024-01-16,https://data.eastmoney.com/notices/detail/000630/AN202401151617498925.html
002422,科伦药业,科伦药业:2023年年度业绩预告,业绩预告,2024-01-16,https://data.eastmoney.com/notices/detail/002422/AN202401151617498922.html
000020,深华发A,深华发Ａ:关于召开2024年第一次临时股东大会的提示性公告,召开股东大会提示性公告,2024-01-16,https://data.eastmoney.com/notices/detail/000020/AN202401151617498938.html
002385,大北农,大北农:北京市天元律师事务所关于北京大北农科技集团股份有限公司2024年第一次临时股东大会的法律意见,法律意见书,2024-01-16,https://data.eastmoney.com/notices/detail/002385/AN202401151617498923.html
002385,大北农,大北农:2024年第一次临时股东大会决议公告,股东大会决议公告,2024-01-16,https://data.eastmoney.com/notices/detail/002385/AN202401151617498921.html
001289,龙源电力,龙源电力:H股-翌日披露表,其他,2024-01-16,https://data.eastmoney.com/notices/detail/001289/AN202401151617498940.html
002881,美格智能,美格智能:北京市炜衡(深圳)律师事务所关于美格智能2024年第一次临时股东大会之法律意见书,法律意见书,2024-01-16,https://data.eastmoney.com/notices/detail/002881/AN202401151617498936.html
002881,美格智能,美格智能:2024年第一次临时股东大会决议公告,股东大会决议公告,2024-01-16,https://data.eastmoney.com/notices/detail/002881/AN202401151617498939.html
688609,九联科技,九联科技:广东九联科技股份有限公司2024年第一次临时股东大会决议公告,股东大会决议公告,2024-01-16,https://data.eastmoney.com/notices/detail/688609/AN202401151617498942.html
688609,九联科技,九联科技:北京市金杜(广州)律师事务所关于广东九联科技股份有限公司2024年第一次临时股东大会之法律意见书,法律意见书,2024-01-16,https://data.eastmoney.com/notices/detail/688609/AN202401151617498931.html
002054,德美化工,德美化工:关于调整回购部分社会公众股份方案的公告,回购方案修订,2024-01-16,https://data.eastmoney.com/notices/detail/002054/AN202401151617498913.html
001309,德明利,德明利:深圳市德明利技术股份有限公司2023年度向特定对象发行股票募集资金使用可行性分析报告(修订稿),其他,2024-01-16,https://data.eastmoney.com/notices/detail/001309/AN202401151617498911.html
001309,德明利,德明利:第二届董事会第十三次会议决议公告,增发方案修订,2024-01-16,https://data.eastmoney.com/notices/detail/001309/AN202401151617498912.html
002669,康达新材,康达新材:关于第一期员工持股计划存续期届满暨终止的公告,员工持股计划,2024-01-16,https://data.eastmoney.com/notices/detail/002669/AN202401151617498915.html
002731,*ST萃华,萃华珠宝:北京金诚同达(沈阳)律师事务所关于萃华珠宝2024年第一次临时股东大会的法律意见书,法律意见书,2024-01-16,https://data.eastmoney.com/notices/detail/002731/AN202401151617498871.html
002731,*ST萃华,萃华珠宝:2024年第一次临时股东大会决议公告,股东大会决议公告,2024-01-16,https://data.eastmoney.com/notices/detail/002731/AN202401151617498878.html
002089,新海退,*ST新海:新海宜科技集团股份有限公司关于对中证中小投资者服务中心《股东质询函》回复的公告,其他,2024-01-16,https://data.eastmoney.com/notices/detail/002089/AN202401151617498877.html
002157,正邦科技,*ST正邦:关于公司联系方式变更的公告,其他,2024-01-16,https://data.eastmoney.com/notices/detail/002157/AN202401151617498874.html
600011,华能国际,华能国际:华能国际2023年全年上网电量完成情况公告,其他,2024-01-16,https://data.eastmoney.com/notices/detail/600011/AN202401151617498840.html
600011,华能国际,华能国际:华能国际第十一届董事会第二次会议决议公告,董事会决议公告,2024-01-16,https://data.eastmoney.com/notices/detail/600011/AN202401151617498839.html
300707,威唐工业,威唐工业:无锡威唐工业技术股份有限公司独立董事年报工作制度(2024年1月),管理办法/制度,2024-01-16,https://data.eastmoney.com/notices/detail/300707/AN202401151617498828.html
300707,威唐工业,威唐工业:关于更换持续督导保荐代表人的公告,保荐代表人（机构）变更,2024-01-16,https://data.eastmoney.com/notices/detail/300707/AN202401151617498837.html
300707,威唐工业,威唐工业:关于变更注册资本及修订《公司章程》的公告,公司章程修订,2024-01-16,https://data.eastmoney.com/notices/detail/300707/AN202401151617498838.html
300707,威唐工业,威唐工业:关于召开2024年第一次临时股东大会的通知,召开股东大会通知,2024-01-16,https://data.eastmoney.com/notices/detail/300707/AN202401151617498835.html
300707,威唐工业,威唐工业:无锡威唐工业技术股份有限公司募集资金管理制度(2024年1月),管理办法/制度,2024-01-16,https://data.eastmoney.com/notices/detail/300707/AN202401151617498836.html
300707,威唐工业,威唐工业:关于使用募集资金置换已预先投入募投项目自筹资金的公告,其他,2024-01-16,https://data.eastmoney.com/notices/detail/300707/AN202401151617498834.html
300707,威唐工业,威唐工业:无锡威唐工业技术股份有限公司股东大会议事规则(2024年1月),议事规则/实施细则,2024-01-16,https://data.eastmoney.com/notices/detail/300707/AN202401151617498827.html
300707,威唐工业,威唐工业:无锡威唐工业技术股份有限公司独立董事专门会议制度(2024年1月),管理办法/制度,2024-01-16,https://data.eastmoney.com/notices/detail/300707/AN202401151617498833.html
300707,威唐工业,威唐工业:关于第三届监事会第二十次会议决议的公告,监事会决议公告,2024-01-16,https://data.eastmoney.com/notices/detail/300707/AN202401151617498826.html
300707,威唐工业,威唐工业:无锡威唐工业技术股份有限公司关联交易决策制度(2024年1月),管理办法/制度,2024-01-16,https://data.eastmoney.com/notices/detail/300707/AN202401151617498832.html
300707,威唐工业,威唐工业:国金证券股份有限公司关于无锡威唐工业技术股份有限公司使用募集资金置换已预先投入募投项目自筹资金的核查意见,保荐/核查意见,2024-01-16,https://data.eastmoney.com/notices/detail/300707/AN202401151617498831.html
300707,威唐工业,威唐工业:无锡威唐工业技术股份有限公司独立董事制度(2024年1月),管理办法/制度,2024-01-16,https://data.eastmoney.com/notices/detail/300707/AN202401151617498825.html
300707,威唐工业,威唐工业:无锡威唐工业技术股份有限公司对外提供财务资助管理制度(2024年1月),管理办法/制度,2024-01-16,https://data.eastmoney.com/notices/detail/300707/AN202401151617498830.html
300707,威唐工业,威唐工业:无锡威唐工业技术股份有限公司章程(2024年1月),公司章程,2024-01-16,https://data.eastmoney.com/notices/detail/300707/AN202401151617498829.html
300707,威唐工业,威唐工业:无锡威唐工业技术股份有限公司董事会议事规则(2024年1月),议事规则/实施细则,2024-01-16,https://data.eastmoney.com/notices/detail/300707/AN202401151617498824.html
300707,威唐工业,威唐工业:天职业字[2024]1190号-募集资金置换专项鉴证报告,保荐/核查意见,2024-01-16,https://data.eastmoney.com/notices/detail/300707/AN202401151617498806.html
300707,威唐工业,威唐工业:无锡威唐工业技术股份有限公司专门委员会议事规则(2024年1月),议事规则/实施细则,2024-01-16,https://data.eastmoney.com/notices/detail/300707/AN202401151617498805.html
300707,威唐工业,威唐工业:关于第三届董事会第二十次会议决议的公告,董事会决议公告,2024-01-16,https://data.eastmoney.com/notices/detail/300707/AN202401151617498807.html
300755,华致酒行,华致酒行:关于首次回购公司股份的公告,回购实施公告,2024-01-16,https://data.eastmoney.com/notices/detail/300755/AN202401151617498809.html
688819,天能股份,天能股份:天能电池集团股份有限公司关于收到实际控制人、董事长提议回购公司股份的提示性公告,其他,2024-01-16,https://data.eastmoney.com/notices/detail/688819/AN202401151617498777.html
002727,一心堂,一心堂:关于为全资子公司海南鸿翔一心堂医药连锁有限公司向银行申请授信额度提供担保的进展公告,提供/对外担保公告,2024-01-16,https://data.eastmoney.com/notices/detail/002727/AN202401151617498774.html
688562,航天软件,航天软件:国信证券股份有限公司关于北京神舟航天软件技术股份有限公司2023年度持续督导工作现场检查报告,保荐/核查意见,2024-01-16,https://data.eastmoney.com/notices/detail/688562/AN202401151617498757.html
003030,祖名股份,祖名股份:关于董事会、监事会完成换届选举并聘任高级管理人员及证券事务代表的公告,高管人员任职变动,2024-01-16,https://data.eastmoney.com/notices/detail/003030/AN202401151617498646.html
003030,祖名股份,祖名股份:2024年第一次临时股东大会决议公告,股东大会决议公告,2024-01-16,https://data.eastmoney.com/notices/detail/003030/AN202401151617498615.html
003030,祖名股份,祖名股份:第五届董事会第一次会议决议公告,高管人员任职变动,2024-01-16,https://data.eastmoney.com/notices/detail/003030/AN202401151617498619.html
003030,祖名股份,祖名股份:第五届监事会第一次会议决议公告,高管人员任职变动,2024-01-16,https://data.eastmoney.com/notices/detail/003030/AN202401151617498614.html
601236,红塔证券,红塔证券:红塔证券股份有限公司2024年第一次临时股东大会决议公告,股东大会决议公告,2024-01-16,https://data.eastmoney.com/notices/detail/601236/AN202401151617498606.html
601236,红塔证券,红塔证券:北京德恒(昆明)律师事务所关于红塔证券股份有限公司2024年第一次临时股东大会的法律意见,法律意见书,2024-01-16,https://data.eastmoney.com/notices/detail/601236/AN202401151617498607.html
601236,红塔证券,红塔证券:红塔证券股份有限公司章程,公司章程,2024-01-16,https://data.eastmoney.com/notices/detail/601236/AN202401151617498604.html
601236,红塔证券,红塔证券:红塔证券股份有限公司董事会议事规则,议事规则/实施细则,2024-01-16,https://data.eastmoney.com/notices/detail/601236/AN202401151617498608.html
601236,红塔证券,红塔证券:红塔证券股份有限公司监事会议事规则,议事规则/实施细则,2024-01-16,https://data.eastmoney.com/notices/detail/601236/AN202401151617498605.html
601236,红塔证券,红塔证券:红塔证券股份有限公司独立董事制度,管理办法/制度,2024-01-16,https://data.eastmoney.com/notices/detail/601236/AN202401151617498609.html
003030,祖名股份,祖名股份:2024年第一次临时股东大会法律意见书,法律意见书,2024-01-16,https://data.eastmoney.com/notices/detail/003030/AN202401151617498595.html
688278,特宝生物,特宝生物:2023年年度业绩预告,业绩预告,2024-01-16,https://data.eastmoney.com/notices/detail/688278/AN202401151617498593.html
688660,电气风电,电气风电:关于触发稳定股价措施启动条件的提示性公告,其他,2024-01-16,https://data.eastmoney.com/notices/detail/688660/AN202401151617498592.html
002022,科华生物,科华生物:简式权益变动报告书,权益变动报告书,2024-01-16,https://data.eastmoney.com/notices/detail/002022/AN202401151617498570.html
603117,万林物流,ST万林:江苏万林现代物流股份有限公司关于公司持股5%以上股东协议转让股份进展公告,股权转让,2024-01-16,https://data.eastmoney.com/notices/detail/603117/AN202401151617498573.html
603117,万林物流,ST万林:江苏万林现代物流股份有限公司关于股票交易被实施其他风险警示相关事项的进展公告,风险提示性公告,2024-01-16,https://data.eastmoney.com/notices/detail/603117/AN202401151617498571.html
688720,艾森股份,艾森股份:关于变更保荐代表人的公告,保荐代表人（机构）变更,2024-01-16,https://data.eastmoney.com/notices/detail/688720/AN202401151617498572.html
688186,广大特材,广大特材:中证鹏元关于关注张家港广大特材股份有限公司董事会、监事会完成换届选举及聘任高级管理人员事项的公告,高管人员任职变动,2024-01-16,https://data.eastmoney.com/notices/detail/688186/AN202401151617498555.html
002022,科华生物,科华生物:详式权益变动报告书,权益变动报告书,2024-01-16,https://data.eastmoney.com/notices/detail/002022/AN202401151617498536.html
002351,漫步者,漫步者:2023年度业绩预告,业绩预告,2024-01-16,https://data.eastmoney.com/notices/detail/002351/AN202401151617498530.html
002555,三七互娱,三七互娱:关于首次回购公司股份的公告,回购预案,2024-01-16,https://data.eastmoney.com/notices/detail/002555/AN202401151617498535.html
002555,三七互娱,三七互娱:关于公司总经理增持本公司股票的公告,股东/实际控制人股份增持,2024-01-16,https://data.eastmoney.com/notices/detail/002555/AN202401151617498534.html
603579,荣泰健康,荣泰健康:万和证券股份有限公司关于上海荣泰健康科技股份有限公司2023年持续督导工作现场检查报告,保荐/核查意见,2024-01-16,https://data.eastmoney.com/notices/detail/603579/AN202401151617498327.html
688020,方邦股份,方邦股份:2024年第一次临时股东大会决议公告,股东大会决议公告,2024-01-16,https://data.eastmoney.com/notices/detail/688020/AN202401151617498314.html
688020,方邦股份,方邦股份:广东信达律师事务所关于广州方邦电子股份有限公司2024年第一次临时股东大会的法律意见书,法律意见书,2024-01-16,https://data.eastmoney.com/notices/detail/688020/AN202401151617498326.html
002715,登云股份,登云股份:关于持股5%以上股东减持股份预披露公告,股东/实际控制人股份减持,2024-01-16,https://data.eastmoney.com/notices/detail/002715/AN202401151617498328.html
300723,一品红,一品红:董事会战略委员会工作细则(2024年1月),议事规则/实施细则,2024-01-16,https://data.eastmoney.com/notices/detail/300723/AN202401151617498317.html
600782,新钢股份,新钢股份:新钢股份2024年第一次临时股东大会的法律意见书,法律意见书,2024-01-16,https://data.eastmoney.com/notices/detail/600782/AN202401151617498303.html
600782,新钢股份,新钢股份:新钢股份2024年第一次临股东大会决议公告,股东大会决议公告,2024-01-16,https://data.eastmoney.com/notices/detail/600782/AN202401151617498304.html
300723,一品红,一品红:独立董事工作制度(2024年1月),管理办法/制度,2024-01-16,https://data.eastmoney.com/notices/detail/300723/AN202401151617498278.html
300723,一品红,一品红:董事会提名委员会工作细则(2024年1月),议事规则/实施细则,2024-01-16,https://data.eastmoney.com/notices/detail/300723/AN202401151617498280.html
300723,一品红,一品红:独立董事专门会议制度(2024年1月),管理办法/制度,2024-01-16,https://data.eastmoney.com/notices/detail/300723/AN202401151617498281.html
300723,一品红,一品红:董事会薪酬与考核委员会工作细则(2024年1月),议事规则/实施细则,2024-01-16,https://data.eastmoney.com/notices/detail/300723/AN202401151617498279.html
300723,一品红,一品红:董事会议事规则(2024年1月),议事规则/实施细则,2024-01-16,https://data.eastmoney.com/notices/detail/300723/AN202401151617498283.html
300723,一品红,一品红:董事会审计委员会工作细则(2024年1月),议事规则/实施细则,2024-01-16,https://data.eastmoney.com/notices/detail/300723/AN202401151617498284.html
300723,一品红,一品红:一品红药业股份有限公司公司章程(2024年1月),公司章程,2024-01-16,https://data.eastmoney.com/notices/detail/300723/AN202401151617498296.html
300723,一品红,一品红:光大证券股份有限公司关于一品红药业股份有限公司补充确认2023年度日常关联交易预计的核查意见,保荐/核查意见,2024-01-16,https://data.eastmoney.com/notices/detail/300723/AN202401151617498297.html
300723,一品红,一品红:关于2024年度日常关联交易预计及2023年度日常关联交易补充确认的公告,关联交易,2024-01-16,https://data.eastmoney.com/notices/detail/300723/AN202401151617498294.html
300723,一品红,一品红:关于召开2024年第一次临时股东大会的通知,召开股东大会通知,2024-01-16,https://data.eastmoney.com/notices/detail/300723/AN202401151617498295.html
300723,一品红,一品红:第三届董事会第二十一次会议决议公告,董事会决议公告,2024-01-16,https://data.eastmoney.com/notices/detail/300723/AN202401151617498282.html
002436,兴森科技,兴森科技:2024年第一次临时股东大会法律意见书,法律意见书,2024-01-16,https://data.eastmoney.com/notices/detail/002436/AN202401151617498313.html
002436,兴森科技,兴森科技:关于提前归还部分用于暂时补充流动资金的募集资金的公告,归还募集资金,2024-01-16,https://data.eastmoney.com/notices/detail/002436/AN202401151617498325.html
002436,兴森科技,兴森科技:2024年第一次临时股东大会决议公告,股东大会决议公告,2024-01-16,https://data.eastmoney.com/notices/detail/002436/AN202401151617498293.html
000603,盛达资源,盛达资源:关于开展融资租赁业务及提供担保暨接受关联方无偿担保的进展公告,提供/对外担保公告,2024-01-16,https://data.eastmoney.com/notices/detail/000603/AN202401151617498315.html
000333,美的集团,美的集团:关于发行H股并上市的进展公告,其他,2024-01-16,https://data.eastmoney.com/notices/detail/000333/AN202401151617498311.html
600425,青松建化,青松建化:青松建化关于控股股东权益变动的提示性公告,权益变动报告书,2024-01-16,https://data.eastmoney.com/notices/detail/600425/AN202401151617498302.html
688260,昀冢科技,昀冢科技:涉及诉讼的公告,诉讼仲裁,2024-01-16,https://data.eastmoney.com/notices/detail/688260/AN202401151617498301.html
300723,一品红,一品红:第三届董事会独立董事第一次专门会议审核意见,专项说明/独立意见,2024-01-16,https://data.eastmoney.com/notices/detail/300723/AN202401151617498288.html
300723,一品红,一品红:关于修订《公司章程》及相关治理制度的公告,公司章程修订,2024-01-16,https://data.eastmoney.com/notices/detail/300723/AN202401151617498289.html
300723,一品红,一品红:第三届监事会第十七次会议决议公告,监事会决议公告,2024-01-16,https://data.eastmoney.com/notices/detail/300723/AN202401151617498287.html
601336,新华保险,新华保险:新华保险保费收入公告,月度经营情况,2024-01-16,https://data.eastmoney.com/notices/detail/601336/AN202401151617498262.html
601318,中国平安,中国平安:中国平安保费收入公告,月度经营情况,2024-01-16,https://data.eastmoney.com/notices/detail/601318/AN202401151617498264.html
688117,圣诺生物,圣诺生物:2024年第一次临时股东大会决议公告,股东大会决议公告,2024-01-16,https://data.eastmoney.com/notices/detail/688117/AN202401151617498175.html
688117,圣诺生物,圣诺生物:圣诺生物2024年第一次临时股东大会法律意见书,法律意见书,2024-01-16,https://data.eastmoney.com/notices/detail/688117/AN202401151617498174.html
002713,东易日盛,东易日盛:北京和儒律师事务所关于东易日盛家居装饰集团股份有限公司2024年第一次临时股东大会之法律意见书,法律意见书,2024-01-16,https://data.eastmoney.com/notices/detail/002713/AN202401151617498040.html
002713,东易日盛,东易日盛:关于2024年第一次临时股东大会决议的公告,股东大会决议公告,2024-01-16,https://data.eastmoney.com/notices/detail/002713/AN202401151617498041.html
600063,皖维高新,皖维高新:皖维高新2024年第一次临时股东大会决议,股东大会决议公告,2024-01-16,https://data.eastmoney.com/notices/detail/600063/AN202401151617498026.html
600063,皖维高新,皖维高新:皖维高新董事会提名委员九届一次会决议议,高管人员任职变动,2024-01-16,https://data.eastmoney.com/notices/detail/600063/AN202401151617498027.html
600063,皖维高新,皖维高新:皖维高新九届一次监事会决议公告,高管人员任职变动,2024-01-16,https://data.eastmoney.com/notices/detail/600063/AN202401151617498028.html
600063,皖维高新,皖维高新:皖维高新关于投资新建年产20kt多功能PVB树脂项目的公告,对外项目投资,2024-01-16,https://data.eastmoney.com/notices/detail/600063/AN202401151617498025.html
600063,皖维高新,皖维高新:皖维高新关于投资新建年产2万吨年生物质聚乙烯醇水溶膜生产线项目的公告,对外项目投资,2024-01-16,https://data.eastmoney.com/notices/detail/600063/AN202401151617498024.html
600063,皖维高新,皖维高新:皖维高新九届一次董事会决议公告,高管人员任职变动,2024-01-16,https://data.eastmoney.com/notices/detail/600063/AN202401151617498030.html
688357,建龙微纳,建龙微纳:关于不向下修正“建龙转债”转股价格的公告,其他,2024-01-16,https://data.eastmoney.com/notices/detail/688357/AN202401151617498023.html
600063,皖维高新,皖维高新:皖维高新2024年第一次临时股东大会法律意见书,法律意见书,2024-01-16,https://data.eastmoney.com/notices/detail/600063/AN202401151617498029.html
002831,裕同科技,裕同科技:2024年第一次临时股东大会法律意见书,法律意见书,2024-01-16,https://data.eastmoney.com/notices/detail/002831/AN202401151617497810.html
002829,星网宇达,星网宇达:2024年第一次临时股东大会决议公告,股东大会决议公告,2024-01-16,https://data.eastmoney.com/notices/detail/002829/AN202401151617497809.html
000931,中关村,中关村:国都证券关于中关村股权分置改革2023年度保荐工作报告书,保荐/核查意见,2024-01-16,https://data.eastmoney.com/notices/detail/000931/AN202401151617497795.html
603906,龙蟠科技,龙蟠科技:江苏龙蟠科技股份有限公司2024年第一次临时股东大会决议公告,股东大会决议公告,2024-01-16,https://data.eastmoney.com/notices/detail/603906/AN202401151617497804.html
605398,新炬网络,新炬网络:上海新炬网络信息技术股份有限公司首次公开发行限售股上市流通的公告,限售股份上市流通,2024-01-16,https://data.eastmoney.com/notices/detail/605398/AN202401151617497803.html
603906,龙蟠科技,龙蟠科技:国浩律师(上海)事务所关于江苏龙蟠科技股份有限公司2024年第一次临时股东大会的法律意见书,法律意见书,2024-01-16,https://data.eastmoney.com/notices/detail/603906/AN202401151617497801.html
603906,龙蟠科技,龙蟠科技:江苏龙蟠科技股份有限公司关于控股子公司增资扩股并引入投资者的补充公告,其他,2024-01-16,https://data.eastmoney.com/notices/detail/603906/AN202401151617497802.html
605398,新炬网络,新炬网络:中国国际金融股份有限公司关于上海新炬网络信息技术股份有限公司首次公开发行限售股上市流通的核查意见,保荐/核查意见,2024-01-16,https://data.eastmoney.com/notices/detail/605398/AN202401151617497800.html
002831,裕同科技,裕同科技:2024年第一次临时股东大会决议公告,股东大会决议公告,2024-01-16,https://data.eastmoney.com/notices/detail/002831/AN202401151617497796.html
000652,泰达股份,泰达股份:2024年第一次临时股东大会法律意见书,法律意见书,2024-01-16,https://data.eastmoney.com/notices/detail/000652/AN202401151617497794.html
000652,泰达股份,泰达股份:2024年第一次临时股东大会决议公告,股东大会决议公告,2024-01-16,https://data.eastmoney.com/notices/detail/000652/AN202401151617497805.html
000791,甘肃能源,甘肃能源:2024年第一次临时股东大会的法律意见,法律意见书,2024-01-16,https://data.eastmoney.com/notices/detail/000791/AN202401151617497808.html
000791,甘肃能源,甘肃能源:第八届董事会第十一次会议决议公告,高管人员任职变动,2024-01-16,https://data.eastmoney.com/notices/detail/000791/AN202401151617497807.html
000791,甘肃能源,甘肃能源:关于选举第八届董事会董事长的公告,高管人员任职变动,2024-01-16,https://data.eastmoney.com/notices/detail/000791/AN202401151617497806.html
000536,华映科技,华映科技:第九届董事会第十一次会议决议公告,高管人员任职变动,2024-01-16,https://data.eastmoney.com/notices/detail/000536/AN202401151617497792.html
000536,华映科技,华映科技:关于召开公司2024年第一次临时股东大会的通知,召开股东大会通知,2024-01-16,https://data.eastmoney.com/notices/detail/000536/AN202401151617497793.html
002829,星网宇达,星网宇达:北京市康达律师事务所关于北京星网宇达科技股份有限公司2024年第一次临时股东大会的法律意见书,法律意见书,2024-01-16,https://data.eastmoney.com/notices/detail/002829/AN202401151617497797.html
300349,金卡智能,金卡智能:2023年度业绩预告,业绩预告,2024-01-16,https://data.eastmoney.com/notices/detail/300349/AN202401151617497811.html
300639,凯普生物,凯普生物:关于公司及子公司获得授予发明专利权通知书的公告,获得认证,2024-01-16,https://data.eastmoney.com/notices/detail/300639/AN202401151617497798.html
600105,永鼎股份,永鼎股份:永鼎股份董事会薪酬与考核委员会实施细则(2024年1月修订),议事规则/实施细则,2024-01-16,https://data.eastmoney.com/notices/detail/600105/AN202401151617497723.html
600105,永鼎股份,永鼎股份:江苏永鼎股份有限公司独立董事工作制度(2024年1月修订),管理办法/制度,2024-01-16,https://data.eastmoney.com/notices/detail/600105/AN202401151617497709.html
600105,永鼎股份,永鼎股份:永鼎股份董事会审计委员会实施细则(2024年1月修订),议事规则/实施细则,2024-01-16,https://data.eastmoney.com/notices/detail/600105/AN202401151617497707.html
000548,湖南投资,湖南投资:湖南投资关于间接控股股东更名暨控股股东的控股股东拟发生变更的进展公告,其他,2024-01-16,https://data.eastmoney.com/notices/detail/000548/AN202401151617497712.html
000791,甘肃能源,甘肃能源:2024年第一次临时股东大会决议公告,股东大会决议公告,2024-01-16,https://data.eastmoney.com/notices/detail/000791/AN202401151617497717.html
001326,联域股份,联域股份:关于全资子公司完成工商变更登记并换发营业执照的公告,公司关联方基本资料变更,2024-01-16,https://data.eastmoney.com/notices/detail/001326/AN202401151617497731.html
600105,永鼎股份,永鼎股份:永鼎股份关于全资子公司实施股权激励暨关联交易的公告,关联交易,2024-01-16,https://data.eastmoney.com/notices/detail/600105/AN202401151617497711.html
600105,永鼎股份,永鼎股份:永鼎股份关于调整公司第十届董事会审计委员会委员的公告,高管人员任职变动,2024-01-16,https://data.eastmoney.com/notices/detail/600105/AN202401151617497730.html
600105,永鼎股份,永鼎股份:永鼎股份第十届董事会2024年第一次临时会议决议公告,高管人员任职变动,2024-01-16,https://data.eastmoney.com/notices/detail/600105/AN202401151617497729.html
600105,永鼎股份,永鼎股份:永鼎股份独立董事关于第十届董事会2024年第一次临时会议相关事项的独立意见,专项说明/独立意见,2024-01-16,https://data.eastmoney.com/notices/detail/600105/AN202401151617497710.html
600105,永鼎股份,永鼎股份:永鼎股份第十届董事会2024年第一次独立董事专门会议审核意见,专项说明/独立意见,2024-01-16,https://data.eastmoney.com/notices/detail/600105/AN202401151617497728.html
600105,永鼎股份,永鼎股份:永鼎股份第十届董事会薪酬与考核委员2024年第一次会议审核意见,专项说明/独立意见,2024-01-16,https://data.eastmoney.com/notices/detail/600105/AN202401151617497727.html
600105,永鼎股份,永鼎股份:江苏永鼎股份有限公司独立董事专门会议工作制度,管理办法/制度,2024-01-16,https://data.eastmoney.com/notices/detail/600105/AN202401151617497726.html
600105,永鼎股份,永鼎股份:江苏永鼎股份有限公司关联交易管理制度(2024年1月修订),管理办法/制度,2024-01-16,https://data.eastmoney.com/notices/detail/600105/AN202401151617497708.html
600105,永鼎股份,永鼎股份:江苏永鼎股份有限公司会计师事务所选聘制度,管理办法/制度,2024-01-16,https://data.eastmoney.com/notices/detail/600105/AN202401151617497725.html
600105,永鼎股份,永鼎股份:永鼎股份董事会提名委员会实施细则(2024年1月修订),议事规则/实施细则,2024-01-16,https://data.eastmoney.com/notices/detail/600105/AN202401151617497724.html
600105,永鼎股份,永鼎股份:永鼎股份董事会议事规则(2024年1月修订),议事规则/实施细则,2024-01-16,https://data.eastmoney.com/notices/detail/600105/AN202401151617497722.html
600105,永鼎股份,永鼎股份:永鼎股份董事会战略委员会实施细则(2024年1月修订),议事规则/实施细则,2024-01-16,https://data.eastmoney.com/notices/detail/600105/AN202401151617497721.html
600105,永鼎股份,永鼎股份:永鼎股份募集资金管理办法(2024年1月修订),管理办法/制度,2024-01-16,https://data.eastmoney.com/notices/detail/600105/AN202401151617497706.html
600105,永鼎股份,永鼎股份:永鼎股份第十届监事会2024年第一次临时会议决议公告,监事会决议公告,2024-01-16,https://data.eastmoney.com/notices/detail/600105/AN202401151617497705.html
600105,永鼎股份,永鼎股份:永鼎股份关于控股子公司增资扩股实施股权激励计划的公告,其他,2024-01-16,https://data.eastmoney.com/notices/detail/600105/AN202401151617497720.html
600105,永鼎股份,永鼎股份:永鼎股份关于变更注册资本并修订《公司章程》的公告,公司章程修订,2024-01-16,https://data.eastmoney.com/notices/detail/600105/AN202401151617497704.html
600105,永鼎股份,永鼎股份:永鼎股份公司章程(2024年1月修订),公司章程修订,2024-01-16,https://data.eastmoney.com/notices/detail/600105/AN202401151617497719.html
600719,大连热电,大连热电:大连热电股份有限公司关于2023年年度业绩预告,业绩预告,2024-01-16,https://data.eastmoney.com/notices/detail/600719/AN202401151617497703.html
688106,金宏气体,金宏气体:关于可转债投资者适当性要求的风险提示性公告,风险提示性公告,2024-01-16,https://data.eastmoney.com/notices/detail/688106/AN202401151617497702.html
688106,金宏气体,金宏气体:关于“金宏转债”开始转股的公告,其他,2024-01-16,https://data.eastmoney.com/notices/detail/688106/AN202401151617497718.html
600804,退市鹏博,ST鹏博士:鹏博士关于公司及实际控制人立案调查进展暨风险警示的公告,违法违规,2024-01-16,https://data.eastmoney.com/notices/detail/600804/AN202401151617497675.html
600804,退市鹏博,ST鹏博士:鹏博士关于子公司项目中标签订合同的公告,其他,2024-01-16,https://data.eastmoney.com/notices/detail/600804/AN202401151617497680.html
600522,中天科技,中天科技:江苏中天科技股份有限公司第八届监事会第十八次会议决议公告,监事会决议公告,2024-01-16,https://data.eastmoney.com/notices/detail/600522/AN202401151617497687.html
600522,中天科技,中天科技:江苏中天科技股份有限公司关于使用募集资金临时补充流动资金的公告,募集资金补充流动资金,2024-01-16,https://data.eastmoney.com/notices/detail/600522/AN202401151617497686.html
600522,中天科技,中天科技:高盛(中国)证券有限责任公司关于江苏中天科技股份有限公司使用募集资金临时补充流动资金之核查意见,保荐/核查意见,2024-01-16,https://data.eastmoney.com/notices/detail/600522/AN202401151617497679.html
600522,中天科技,中天科技:江苏中天科技股份有限公司第八届董事会第二十次会议决议公告,董事会决议公告,2024-01-16,https://data.eastmoney.com/notices/detail/600522/AN202401151617497678.html
600522,中天科技,中天科技:江苏中天科技股份有限公司关于收购员工持股平台持有中天科技海缆少数股权暨关联交易的公告,收购出售资产/股权,2024-01-16,https://data.eastmoney.com/notices/detail/600522/AN202401151617497685.html
600522,中天科技,中天科技:中天科技海缆股份有限公司2023年1-11月审计报告,审计报告,2024-01-16,https://data.eastmoney.com/notices/detail/600522/AN202401151617497677.html
600522,中天科技,中天科技:江苏中天科技股份有限公司关于使用闲置自有资金购买理财产品的公告,投资理财,2024-01-16,https://data.eastmoney.com/notices/detail/600522/AN202401151617497684.html
603955,大千生态,大千生态:大千生态关于部分募集资金投资项目延期的公告,变更募集资金投资项目,2024-01-16,https://data.eastmoney.com/notices/detail/603955/AN202401151617497664.html
603955,大千生态,大千生态:德邦证券关于大千生态部分募集资金投资项目延期的核查意见,保荐/核查意见,2024-01-16,https://data.eastmoney.com/notices/detail/603955/AN202401151617497657.html
603955,大千生态,大千生态:大千生态2024年第一次临时股东大会会议决议公告,股东大会决议公告,2024-01-16,https://data.eastmoney.com/notices/detail/603955/AN202401151617497656.html
603955,大千生态,大千生态:江苏世纪同仁律师事务所关于大千生态2024年第一次临时股东大会的法律意见书,法律意见书,2024-01-16,https://data.eastmoney.com/notices/detail/603955/AN202401151617497655.html
603955,大千生态,大千生态:大千生态关于更换职工监事的公告,高管人员任职变动,2024-01-16,https://data.eastmoney.com/notices/detail/603955/AN202401151617497663.html
603955,大千生态,大千生态:大千生态第五届监事会第四次会议决议公告,监事会决议公告,2024-01-16,https://data.eastmoney.com/notices/detail/603955/AN202401151617497654.html
003000,劲仔食品,劲仔食品:劲仔食品股票交易异常波动公告,股票交易异常波动,2024-01-16,https://data.eastmoney.com/notices/detail/003000/AN202401151617497665.html
301107,瑜欣电子,瑜欣电子:关于监事减持股份预披露公告,股东/实际控制人股份减持,2024-01-16,https://data.eastmoney.com/notices/detail/301107/AN202401151617497639.html
300379,东通退,东方通:关于回购公司股份事项前十名股东和前十名无限售条件股东持股情况的公告,回购进展情况,2024-01-16,https://data.eastmoney.com/notices/detail/300379/AN202401151617497638.html
300058,蓝色光标,蓝色光标:关于2024年度担保额度预计的公告,担保年度额度预计,2024-01-16,https://data.eastmoney.com/notices/detail/300058/AN202401151617497636.html
300058,蓝色光标,蓝色光标:关于召开2024年第一次临时股东大会的通知,召开股东大会通知,2024-01-16,https://data.eastmoney.com/notices/detail/300058/AN202401151617497633.html
300058,蓝色光标,蓝色光标:第六届董事会第十一次会议决议公告,董事会决议公告,2024-01-16,https://data.eastmoney.com/notices/detail/300058/AN202401151617497637.html
600733,北汽蓝谷,北汽蓝谷:北汽蓝谷新能源科技股份有限公司2023年年度业绩预亏公告,业绩预告,2024-01-16,https://data.eastmoney.com/notices/detail/600733/AN202401151617497539.html
603717,天域生物,天域生态:关于2024年度为合作养殖农户提供担保预计的公告,担保年度额度预计,2024-01-16,https://data.eastmoney.com/notices/detail/603717/AN202401151617497544.html
603717,天域生物,天域生态:关于2022年股票期权激励计划首次授予股票期权第一个行权期限制行权期间的提示性公告,股权激励进展公告,2024-01-16,https://data.eastmoney.com/notices/detail/603717/AN202401151617497543.html
603717,天域生物,天域生态:第四届董事会第二十一次会议决议公告,董事会决议公告,2024-01-16,https://data.eastmoney.com/notices/detail/603717/AN202401151617497538.html
603717,天域生物,天域生态:关于公司2024年度日常关联交易预计的公告,关联交易,2024-01-16,https://data.eastmoney.com/notices/detail/603717/AN202401151617497536.html
603717,天域生物,天域生态:独立董事关于第四届董事会第二十一次会议相关议案的独立意见,专项说明/独立意见,2024-01-16,https://data.eastmoney.com/notices/detail/603717/AN202401151617497537.html
603717,天域生物,天域生态:第四届董事会第一次独立董事专门会议决议,董事会决议公告,2024-01-16,https://data.eastmoney.com/notices/detail/603717/AN202401151617497542.html
603717,天域生物,天域生态:关于召开2024年第一次临时股东大会的通知,召开股东大会通知,2024-01-16,https://data.eastmoney.com/notices/detail/603717/AN202401151617497541.html
603717,天域生物,天域生态:2024年第一次临时股东大会会议资料,股东大会资料,2024-01-16,https://data.eastmoney.com/notices/detail/603717/AN202401151617497540.html
600227,赤天化,赤天化:贵州赤天化股份有限公司独立董事关于2024年度日常关联交易情况的独立意见,专项说明/独立意见,2024-01-16,https://data.eastmoney.com/notices/detail/600227/AN202401151617497530.html
600227,赤天化,赤天化:贵州赤天化股份有限公司第九届三次董事会会议决议公告,董事会决议公告,2024-01-16,https://data.eastmoney.com/notices/detail/600227/AN202401151617497531.html
600227,赤天化,赤天化:贵州赤天化股份有限公司关于预计2024年度日常关联交易的公告,关联交易,2024-01-16,https://data.eastmoney.com/notices/detail/600227/AN202401151617497526.html
600227,赤天化,赤天化:贵州赤天化股份有限公司会计师事务所选聘制度(2024年1月制定),管理办法/制度,2024-01-16,https://data.eastmoney.com/notices/detail/600227/AN202401151617497528.html
600227,赤天化,赤天化:贵州赤天化股份有限公司薪酬与考核委员会工作细则(2024年1月修订),议事规则/实施细则,2024-01-16,https://data.eastmoney.com/notices/detail/600227/AN202401151617497525.html
600227,赤天化,赤天化:贵州赤天化股份有限公司募集资金管理办法(2024年1月修订),管理办法/制度,2024-01-16,https://data.eastmoney.com/notices/detail/600227/AN202401151617497522.html
600227,赤天化,赤天化:贵州赤天化股份有限公司审计委员会工作细则(2024年1月修订),议事规则/实施细则,2024-01-16,https://data.eastmoney.com/notices/detail/600227/AN202401151617497521.html
600227,赤天化,赤天化:贵州赤天化股份有限公司董事会秘书工作制度(2024年1月修订),管理办法/制度,2024-01-16,https://data.eastmoney.com/notices/detail/600227/AN202401151617497529.html
600227,赤天化,赤天化:贵州赤天化股份有限公司对外提供财务资助管理制度(2024年1月修订),管理办法/制度,2024-01-16,https://data.eastmoney.com/notices/detail/600227/AN202401151617497523.html
600227,赤天化,赤天化:贵州赤天化股份有限公司关于召开2024年第一次临时股东大会的通知,召开股东大会通知,2024-01-16,https://data.eastmoney.com/notices/detail/600227/AN202401151617497524.html
600227,赤天化,赤天化:贵州赤天化股份有限公司提名委员会工作细则(2024年1月修订),议事规则/实施细则,2024-01-16,https://data.eastmoney.com/notices/detail/600227/AN202401151617497527.html
600227,赤天化,赤天化:贵州赤天化股份有限公司第九届二次监事会会议决议公告,监事会决议公告,2024-01-16,https://data.eastmoney.com/notices/detail/600227/AN202401151617497519.html
600227,赤天化,赤天化:贵州赤天化股份有限公司重大信息(事项)内部报告制度(2024年1月修订),管理办法/制度,2024-01-16,https://data.eastmoney.com/notices/detail/600227/AN202401151617497520.html
605358,立昂微,立昂微:立昂微第四届监事会第二十二次会议决议公告,监事会决议公告,2024-01-16,https://data.eastmoney.com/notices/detail/605358/AN202401151617497513.html
605358,立昂微,立昂微:立昂微关于使用部分闲置募集资金暂时补充流动资金的公告,募集资金补充流动资金,2024-01-16,https://data.eastmoney.com/notices/detail/605358/AN202401151617497514.html
605358,立昂微,立昂微:东方证券承销保荐有限公司关于杭州立昂微电子股份有限公司使用部分闲置募集资金暂时补充流动资金的核查意见,保荐/核查意见,2024-01-16,https://data.eastmoney.com/notices/detail/605358/AN202401151617497517.html
605358,立昂微,立昂微:立昂微关于不向下修正“立昂转债”转股价格的公告,其他,2024-01-16,https://data.eastmoney.com/notices/detail/605358/AN202401151617497516.html
605358,立昂微,立昂微:立昂微第四届董事会第二十七次会议决议公告,董事会决议公告,2024-01-16,https://data.eastmoney.com/notices/detail/605358/AN202401151617497515.html
000816,智慧农业,智慧农业:第九届监事会第九次会议决议公告,监事会决议公告,2024-01-16,https://data.eastmoney.com/notices/detail/000816/AN202401151617497421.html
000816,智慧农业,智慧农业:第九届董事会第十一次会议决议公告,董事会决议公告,2024-01-16,https://data.eastmoney.com/notices/detail/000816/AN202401151617497442.html
000638,*ST万方,万方发展:关于股票交易异常波动的公告,股票交易异常波动,2024-01-16,https://data.eastmoney.com/notices/detail/000638/AN202401151617497419.html
002583,海能达,海能达:关于控股股东及其一致行动人股份质押及部分股份解除质押的公告,股份质押、冻结,2024-01-16,https://data.eastmoney.com/notices/detail/002583/AN202401151617497434.html
002482,广田集团,*ST广田:关于董事会、监事会延期换届的公告,高管人员任职变动,2024-01-16,https://data.eastmoney.com/notices/detail/002482/AN202401151617497418.html
600165,ST宁科,宁科生物:宁科生物2024年第一次临时股东大会决议公告,股东大会决议公告,2024-01-16,https://data.eastmoney.com/notices/detail/600165/AN202401151617497407.html
600460,士兰微,士兰微:杭州士兰微电子股份有限公司章程(2024年1月修订),公司章程修订,2024-01-16,https://data.eastmoney.com/notices/detail/600460/AN202401151617497401.html
600460,士兰微,士兰微:杭州士兰微电子股份有限公司第八届董事会第十七次会议决议公告,董事会决议公告,2024-01-16,https://data.eastmoney.com/notices/detail/600460/AN202401151617497404.html
600460,士兰微,士兰微:杭州士兰微电子股份有限公司关于修订《公司章程》部分条款的公告,公司章程修订,2024-01-16,https://data.eastmoney.com/notices/detail/600460/AN202401151617497402.html
600165,ST宁科,宁科生物:关于宁科生物2024年第一次临时股东大会法律意见书,法律意见书,2024-01-16,https://data.eastmoney.com/notices/detail/600165/AN202401151617497406.html
600460,士兰微,士兰微:杭州士兰微电子股份有限公司关于召开2024年第一次临时股东大会的通知,召开股东大会通知,2024-01-16,https://data.eastmoney.com/notices/detail/600460/AN202401151617497405.html
605588,冠石科技,冠石科技:国投证券股份有限公司关于南京冠石科技股份有限公司2023年持续督导工作现场检查报告,保荐/核查意见,2024-01-16,https://data.eastmoney.com/notices/detail/605588/AN202401151617497327.html
603038,华立股份,华立股份:股票交易风险提示公告,风险提示性公告,2024-01-16,https://data.eastmoney.com/notices/detail/603038/AN202401151617497336.html
600738,丽尚国潮,丽尚国潮:丽尚国潮第十届董事会第十三次会议决议公告,高管人员任职变动,2024-01-16,https://data.eastmoney.com/notices/detail/600738/AN202401151617497335.html
600738,丽尚国潮,丽尚国潮:丽尚国潮独立董事关于第十届董事会第十三次会议相关事项之独立意见,专项说明/独立意见,2024-01-16,https://data.eastmoney.com/notices/detail/600738/AN202401151617497326.html
600738,丽尚国潮,丽尚国潮:丽尚国潮会计师事务所选聘制度,管理办法/制度,2024-01-16,https://data.eastmoney.com/notices/detail/600738/AN202401151617497324.html
600738,丽尚国潮,丽尚国潮:丽尚国潮关于聘任董事会秘书的公告,高管人员任职变动,2024-01-16,https://data.eastmoney.com/notices/detail/600738/AN202401151617497334.html
688330,宏力达,宏力达:华泰联合证券有限责任公司关于上海宏力达信息技术股份有限公司2023年度现场检查报告,保荐/核查意见,2024-01-16,https://data.eastmoney.com/notices/detail/688330/AN202401151617497325.html
600755,厦门国贸,厦门国贸:厦门国贸集团股份有限公司监事会决议公告,高管人员任职变动,2024-01-16,https://data.eastmoney.com/notices/detail/600755/AN202401151617497332.html
600755,厦门国贸,厦门国贸:厦门国贸集团股份有限公司2024年第一次临时股东大会决议公告,股东大会决议公告,2024-01-16,https://data.eastmoney.com/notices/detail/600755/AN202401151617497333.html
600755,厦门国贸,厦门国贸:关于厦门国贸集团股份有限公司2024年第一次临时股东大会的法律意见书,法律意见书,2024-01-16,https://data.eastmoney.com/notices/detail/600755/AN202401151617497331.html
000816,智慧农业,智慧农业:关于2024年度日常关联交易预计的公告,关联交易,2024-01-16,https://data.eastmoney.com/notices/detail/000816/AN202401151617497116.html
000617,中油资本,中油资本:关于中油财务、昆仑信托、昆仑金融租赁披露2023年度未经审计财务报表的自愿性信息披露公告,其他,2024-01-16,https://data.eastmoney.com/notices/detail/000617/AN202401151617497106.html
301301,川宁生物,川宁生物:伊犁川宁生物技术股份有限公司2023年度业绩预告,业绩预告,2024-01-16,https://data.eastmoney.com/notices/detail/301301/AN202401151617497090.html
000617,中油资本,中油资本:昆仑信托有限责任公司2023年未经审计财务报表,其他,2024-01-16,https://data.eastmoney.com/notices/detail/000617/AN202401151617497103.html
000617,中油资本,中油资本:昆仑金融租赁有限责任公司2023年未经审计财务报表,其他,2024-01-16,https://data.eastmoney.com/notices/detail/000617/AN202401151617497087.html
000617,中油资本,中油资本:中油财务有限责任公司2023年未经审计财务报表,其他,2024-01-16,https://data.eastmoney.com/notices/detail/000617/AN202401151617497108.html
600220,ST阳光,江苏阳光:江苏阳光股份有限公司关于关于持股5%以上股东部分股权解质押及再质押的公告,股份质押、冻结,2024-01-16,https://data.eastmoney.com/notices/detail/600220/AN202401151617497083.html
600186,莲花控股,莲花健康:莲花健康2024年第一次临时股东大会决议公告,股东大会决议公告,2024-01-16,https://data.eastmoney.com/notices/detail/600186/AN202401151617497076.html
600186,莲花控股,莲花健康:北京市金杜律师事务所关于莲花健康2024年第一次临时股东大会之法律意见书,法律意见书,2024-01-16,https://data.eastmoney.com/notices/detail/600186/AN202401151617497075.html
600186,莲花控股,莲花健康:莲花健康关于董事及高管辞职的公告,高管人员任职变动,2024-01-16,https://data.eastmoney.com/notices/detail/600186/AN202401151617497060.html
600845,宝信软件,宝信软件:第十届监事会第十七次会议决议公告,监事会决议公告,2024-01-16,https://data.eastmoney.com/notices/detail/600845/AN202401151617497074.html
600845,宝信软件,宝信软件:关于调整回购价格及回购并注销部分已授予限制性股票的公告,回购进展情况,2024-01-16,https://data.eastmoney.com/notices/detail/600845/AN202401151617497059.html
600845,宝信软件,宝信软件:独立董事关于第十届董事会第十七次会议相关议案的独立意见,专项说明/独立意见,2024-01-16,https://data.eastmoney.com/notices/detail/600845/AN202401151617497058.html
600845,宝信软件,宝信软件:监事会关于回购注销部分限制性股票的核查意见,专项说明/独立意见,2024-01-16,https://data.eastmoney.com/notices/detail/600845/AN202401151617497073.html
600845,宝信软件,宝信软件:上海市华诚律师事务所关于上海宝信软件股份有限公司调整第二期限制性股票计划回购价格和回购注销部分限制性股票的法律意见书,法律意见书,2024-01-16,https://data.eastmoney.com/notices/detail/600845/AN202401151617497057.html
600845,宝信软件,宝信软件:通知债权人公告,资产重组债权人会议,2024-01-16,https://data.eastmoney.com/notices/detail/600845/AN202401151617497056.html
600845,宝信软件,宝信软件:第十届董事会第十七次会议决议公告,董事会决议公告,2024-01-16,https://data.eastmoney.com/notices/detail/600845/AN202401151617497072.html
600845,宝信软件,宝信软件:向激励对象授予预留部分限制性股票的公告,股权激励进展公告,2024-01-16,https://data.eastmoney.com/notices/detail/600845/AN202401151617497071.html
600845,宝信软件,宝信软件:上海市华诚律师事务所关于上海宝信软件股份有限公司第三期限制性股票计划预留部分第二批授予相关事项的法律意见书,法律意见书,2024-01-16,https://data.eastmoney.com/notices/detail/600845/AN202401151617497055.html
600845,宝信软件,宝信软件:第三期限制性股票激励计划预留部分第二批授予激励对象名单,股权激励对象名单,2024-01-16,https://data.eastmoney.com/notices/detail/600845/AN202401151617497054.html
600845,宝信软件,宝信软件:监事会关于公司第三期限制性股票计划第二批预留授予相关事项的核查意见,专项说明/独立意见,2024-01-16,https://data.eastmoney.com/notices/detail/600845/AN202401151617497070.html
600845,宝信软件,宝信软件:上海荣正企业咨询服务(集团)股份有限公司关于上海宝信软件股份有限公司第三期限制性股票激励计划预留第二批授予相关事项之独立财务顾问报告,股权激励进展公告,2024-01-16,https://data.eastmoney.com/notices/detail/600845/AN202401151617497053.html
002471,中超控股,中超控股:公司章程(2024年1月),公司章程,2024-01-16,https://data.eastmoney.com/notices/detail/002471/AN202401151617497021.html
002493,荣盛石化,荣盛石化:关于荣盛石化股份有限公司2024年第一次临时股东大会的法律意见书,法律意见书,2024-01-16,https://data.eastmoney.com/notices/detail/002493/AN202401151617497020.html
003038,鑫铂股份,鑫铂股份:安徽鑫铂铝业股份有限公司2023年度向特定对象发行股票新增股份变动报告及上市公告书,增发上市公告书,2024-01-16,https://data.eastmoney.com/notices/detail/003038/AN202401151617497029.html
003038,鑫铂股份,鑫铂股份:简式权益变动报告书-毅达,权益变动报告书,2024-01-16,https://data.eastmoney.com/notices/detail/003038/AN202401151617497019.html
003038,鑫铂股份,鑫铂股份:关于向特定对象发行股票上市公告书披露的提示性公告,增发提示性公告,2024-01-16,https://data.eastmoney.com/notices/detail/003038/AN202401151617497024.html
003038,鑫铂股份,鑫铂股份:简式权益变动报告书(唐开健),权益变动报告书,2024-01-16,https://data.eastmoney.com/notices/detail/003038/AN202401151617497025.html
003038,鑫铂股份,鑫铂股份:关于董事、监事和高级管理人员持股情况变动的报告,高管人员持股变动,2024-01-16,https://data.eastmoney.com/notices/detail/003038/AN202401151617497026.html
002471,中超控股,中超控股:2024年第一次临时股东大会法律意见,法律意见书,2024-01-16,https://data.eastmoney.com/notices/detail/002471/AN202401151617497027.html
002471,中超控股,中超控股:关于公司职工代表董事及职工代表监事换届选举的公告,高管人员任职变动,2024-01-16,https://data.eastmoney.com/notices/detail/002471/AN202401151617497018.html
002471,中超控股,中超控股:第六届监事会第一次会议决议公告,高管人员任职变动,2024-01-16,https://data.eastmoney.com/notices/detail/002471/AN202401151617497017.html
002471,中超控股,中超控股:2024年第一次临时股东大会决议公告,股东大会决议公告,2024-01-16,https://data.eastmoney.com/notices/detail/002471/AN202401151617497028.html
002969,嘉美包装,嘉美包装:关于使用部分闲置募集资金进行现金管理到期赎回的公告,投资理财,2024-01-16,https://data.eastmoney.com/notices/detail/002969/AN202401151617497016.html
601636,旗滨集团,旗滨集团:旗滨集团关于实际控制人的一致行动人增持公司股份及后续增持计划的公告,股东/实际控制人股份增持,2024-01-16,https://data.eastmoney.com/notices/detail/601636/AN202401151617497012.html
688337,普源精电,普源精电:普源精电科技股份有限公司关于收到上海证券交易所《关于对普源精电科技股份有限公司使用自有资金收购北京耐数电子有限公司部分股权并签订表决权委托协议相关事项的问询函》的公告,收到问询函公告,2024-01-16,https://data.eastmoney.com/notices/detail/688337/AN202401151617497011.html
300454,深信服,深信服:深信服科技股份有限公司关于信服转债转股价格调整的公告,其他,2024-01-16,https://data.eastmoney.com/notices/detail/300454/AN202401151617497030.html
300454,深信服,深信服:深信服科技股份有限公司2022年度限制性股票激励计划预留授予(第一批)部分第一个归属期归属结果暨股份上市的公告,限售股份上市流通,2024-01-16,https://data.eastmoney.com/notices/detail/300454/AN202401151617497022.html
002493,荣盛石化,荣盛石化:2024年第一次临时股东大会决议公告,股东大会决议公告,2024-01-16,https://data.eastmoney.com/notices/detail/002493/AN202401151617497007.html
003038,鑫铂股份,鑫铂股份:国元证券股份有限公司关于鑫铂股份2023年度向特定对象发行股票之上市保荐书,上市保荐书,2024-01-16,https://data.eastmoney.com/notices/detail/003038/AN202401151617497006.html
002471,中超控股,中超控股:第六届董事会第一次会议决议公告,高管人员任职变动,2024-01-16,https://data.eastmoney.com/notices/detail/002471/AN202401151617497001.html
600109,国金证券,国金证券:国金证券股份有限公司2024年第一次临时股东大会决议公告,股东大会决议公告,2024-01-16,https://data.eastmoney.com/notices/detail/600109/AN202401151617497000.html
600745,*ST闻泰,闻泰科技:关于“闻泰转债”回售结果的公告,其他,2024-01-16,https://data.eastmoney.com/notices/detail/600745/AN202401151617497005.html
600109,国金证券,国金证券:北京金杜(成都)律师事务所关于国金证券股份有限公司2024年第一次临时股东大会之法律意见书,法律意见书,2024-01-16,https://data.eastmoney.com/notices/detail/600109/AN202401151617497004.html
000039,中集集团,中集集团:中国国际海运集装箱(集团)股份有限公司关于首次回购部分A股股份的公告,回购实施公告,2024-01-16,https://data.eastmoney.com/notices/detail/000039/AN202401151617496949.html
002575,群兴玩具,群兴玩具:江苏经权律师事务所关于广东群兴玩具股份有限公司2024年第一次临时股东大会的法律意见书,法律意见书,2024-01-16,https://data.eastmoney.com/notices/detail/002575/AN202401151617496950.html
600307,酒钢宏兴,酒钢宏兴:酒钢宏兴董事会提名委员会审核意见,保荐/核查意见,2024-01-16,https://data.eastmoney.com/notices/detail/600307/AN202401151617496937.html
600307,酒钢宏兴,酒钢宏兴:酒钢宏兴第八届董事会第九次会议决议公告,高管人员任职变动,2024-01-16,https://data.eastmoney.com/notices/detail/600307/AN202401151617496941.html
600307,酒钢宏兴,酒钢宏兴:酒钢宏兴董事会薪酬与考核委员会审核意见,保荐/核查意见,2024-01-16,https://data.eastmoney.com/notices/detail/600307/AN202401151617496946.html
600307,酒钢宏兴,酒钢宏兴:酒钢宏兴《独立董事工作制度》,管理办法/制度,2024-01-16,https://data.eastmoney.com/notices/detail/600307/AN202401151617496939.html
600307,酒钢宏兴,酒钢宏兴:酒钢宏兴《董事会专门委员会工作细则》,议事规则/实施细则,2024-01-16,https://data.eastmoney.com/notices/detail/600307/AN202401151617496945.html
600307,酒钢宏兴,酒钢宏兴:酒钢宏兴关于部分董事及高级管理人员变动的公告,高管人员任职变动,2024-01-16,https://data.eastmoney.com/notices/detail/600307/AN202401151617496938.html
600307,酒钢宏兴,酒钢宏兴:酒钢宏兴董事会提名委员会审核意见,保荐/核查意见,2024-01-16,https://data.eastmoney.com/notices/detail/600307/AN202401151617496940.html
600307,酒钢宏兴,酒钢宏兴:酒钢宏兴关于修订《公司章程》部分条款的公告,公司章程修订,2024-01-16,https://data.eastmoney.com/notices/detail/600307/AN202401151617496936.html
600307,酒钢宏兴,酒钢宏兴:酒钢宏兴《公司章程》(2024年1月修订),公司章程,2024-01-16,https://data.eastmoney.com/notices/detail/600307/AN202401151617496944.html
600307,酒钢宏兴,酒钢宏兴:酒钢宏兴关于召开2024年第一次临时股东大会的通知,召开股东大会通知,2024-01-16,https://data.eastmoney.com/notices/detail/600307/AN202401151617496943.html
603220,中贝通信,中贝通信:关于为子公司提供担保的公告,提供/对外担保公告,2024-01-16,https://data.eastmoney.com/notices/detail/603220/AN202401151617496935.html
603220,中贝通信,中贝通信:被担保人最近一期财务报表,其他,2024-01-16,https://data.eastmoney.com/notices/detail/603220/AN202401151617496934.html
600271,航天信息,航天信息:航天信息股份有限公司2024年第一次临时股东大会决议公告,股东大会决议公告,2024-01-16,https://data.eastmoney.com/notices/detail/600271/AN202401151617496932.html
600271,航天信息,航天信息:北京金诚同达律师事务所关于航天信息股份有限公司2024年第一次临时股东大会法律意见书,法律意见书,2024-01-16,https://data.eastmoney.com/notices/detail/600271/AN202401151617496933.html
600323,瀚蓝环境,瀚蓝环境:2024年度第一期中期票据发行情况公告,其他,2024-01-16,https://data.eastmoney.com/notices/detail/600323/AN202401151617496923.html
002575,群兴玩具,群兴玩具:群兴玩具2024年第一次临时股东大会决议公告,股东大会决议公告,2024-01-16,https://data.eastmoney.com/notices/detail/002575/AN202401151617496924.html
600487,亨通光电,亨通光电:亨通光电第八届董事会第三十三次会议决议公告,董事会决议公告,2024-01-16,https://data.eastmoney.com/notices/detail/600487/AN202401151617496922.html
600487,亨通光电,亨通光电:亨通光电关于以集中竞价交易方式回购公司股份方案的公告,回购预案,2024-01-16,https://data.eastmoney.com/notices/detail/600487/AN202401151617496925.html
600487,亨通光电,亨通光电:亨通光电第八届监事会第二十八次会议决议公告,监事会决议公告,2024-01-16,https://data.eastmoney.com/notices/detail/600487/AN202401151617496921.html
601108,财通证券,财通证券:关于“财通转债”预计满足转股价格修正条件的提示性公告,其他,2024-01-16,https://data.eastmoney.com/notices/detail/601108/AN202401151617496727.html
688271,联影医疗,联影医疗:联影医疗2024年第一次临时股东大会决议公告,股东大会决议公告,2024-01-16,https://data.eastmoney.com/notices/detail/688271/AN202401151617496728.html
688271,联影医疗,联影医疗:上海市通力律师事务所关于上海联影医疗科技股份有限公司2024年第一次临时股东大会的法律意见书,法律意见书,2024-01-16,https://data.eastmoney.com/notices/detail/688271/AN202401151617496726.html
002299,圣农发展,圣农发展:关于股东解散清算并拟办理公司股份非交易过户的提示性公告,其他,2024-01-16,https://data.eastmoney.com/notices/detail/002299/AN202401151617496731.html
002215,诺普信,诺普信:关于公司实际控制人部分股份解除质押的公告,股份质押、冻结,2024-01-16,https://data.eastmoney.com/notices/detail/002215/AN202401151617496729.html
002215,诺普信,诺普信:关于召开2024年第一次临时股东大会的通知的更正公告,股东大会通知更正公告,2024-01-16,https://data.eastmoney.com/notices/detail/002215/AN202401151617496725.html
300783,三只松鼠,三只松鼠:2023年度业绩预告,业绩预告,2024-01-16,https://data.eastmoney.com/notices/detail/300783/AN202401151617496705.html
600267,海正药业,海正药业:浙江海正药业股份有限公司关于“海正定转”可选择回售的公告,其他,2024-01-16,https://data.eastmoney.com/notices/detail/600267/AN202401151617496699.html
002551,尚荣医疗,尚荣医疗:关于分公司仲裁事项的公告,诉讼仲裁,2024-01-16,https://data.eastmoney.com/notices/detail/002551/AN202401151617496653.html
002429,兆驰股份,兆驰股份:第六届董事会第九次会议决议的公告,董事会决议公告,2024-01-16,https://data.eastmoney.com/notices/detail/002429/AN202401151617496651.html
002241,歌尔股份,歌尔股份:关于召开2024年第一次临时股东大会会议通知的公告,召开股东大会通知,2024-01-16,https://data.eastmoney.com/notices/detail/002241/AN202401151617496652.html
002241,歌尔股份,歌尔股份:关于投资设立子公司的公告,投资设立公司,2024-01-16,https://data.eastmoney.com/notices/detail/002241/AN202401151617496648.html
002241,歌尔股份,歌尔股份:关于注销公司部分已回购股份的公告,其他,2024-01-16,https://data.eastmoney.com/notices/detail/002241/AN202401151617496649.html
301168,通灵股份,通灵股份:2023年年度业绩预告,业绩预告,2024-01-16,https://data.eastmoney.com/notices/detail/301168/AN202401151617496650.html
002241,歌尔股份,歌尔股份:第六届董事会第十三次会议决议公告,董事会决议公告,2024-01-16,https://data.eastmoney.com/notices/detail/002241/AN202401151617496623.html
002429,兆驰股份,兆驰股份:关于对控股子公司提供日常经营担保的公告,提供/对外担保公告,2024-01-16,https://data.eastmoney.com/notices/detail/002429/AN202401151617496624.html
600918,中泰证券,中泰证券:中泰证券股份有限公司关于监事辞职的公告,高管人员任职变动,2024-01-16,https://data.eastmoney.com/notices/detail/600918/AN202401151617496611.html
688158,优刻得,优刻得:优刻得关于召开2024年第一次临时股东大会的通知,召开股东大会通知,2024-01-16,https://data.eastmoney.com/notices/detail/688158/AN202401151617496608.html
688158,优刻得,优刻得:优刻得关于补选公司第二届董事会非独立董事、薪酬与考核委员会委员并调整公司部分高级管理人员职务的公告,高管人员任职变动,2024-01-16,https://data.eastmoney.com/notices/detail/688158/AN202401151617496610.html
688158,优刻得,优刻得:优刻得科技股份有限公司独立董事关于第二届董事会第十六次会议相关事项的独立意见,专项说明/独立意见,2024-01-16,https://data.eastmoney.com/notices/detail/688158/AN202401151617496607.html
688076,ST诺泰,诺泰生物:关于签订募集资金三方和四方监管协议的公告,签订协议,2024-01-16,https://data.eastmoney.com/notices/detail/688076/AN202401151617496609.html
688076,ST诺泰,诺泰生物:向不特定对象发行可转换公司债券上市公告书,其他,2024-01-16,https://data.eastmoney.com/notices/detail/688076/AN202401151617496606.html
600301,华锡有色,华锡有色:国浩律师(南宁)事务所关于广西华锡有色金属股份有限公司2024年第一次临时股东大会的法律意见书,法律意见书,2024-01-16,https://data.eastmoney.com/notices/detail/600301/AN202401151617496575.html
600301,华锡有色,华锡有色:广西华锡有色金属股份有限公司关于持股5%以上股东权益变动暨无偿划转股份的提示性公告,权益变动报告书,2024-01-16,https://data.eastmoney.com/notices/detail/600301/AN202401151617496578.html
601969,海南矿业,海南矿业:海南矿业股份有限公司关于购买洛克石油49%股权暨关联交易完成的公告,收购出售资产/股权,2024-01-16,https://data.eastmoney.com/notices/detail/601969/AN202401151617496577.html
600301,华锡有色,华锡有色:广西华锡有色金属股份有限公司简式权益变动报告书(广西北部湾国际港务集团有限公司),权益变动报告书,2024-01-16,https://data.eastmoney.com/notices/detail/600301/AN202401151617496580.html
600301,华锡有色,华锡有色:广西华锡有色金属股份有限公司简式权益变动报告书(南宁化工集团有限公司),权益变动报告书,2024-01-16,https://data.eastmoney.com/notices/detail/600301/AN202401151617496579.html
600301,华锡有色,华锡有色:广西华锡有色金属股份有限公司2024年第一次临时股东大会决议公告,股东大会决议公告,2024-01-16,https://data.eastmoney.com/notices/detail/600301/AN202401151617496576.html
002333,罗普斯金,罗普斯金:2023年度业绩预告,业绩预告,2024-01-16,https://data.eastmoney.com/notices/detail/002333/AN202401151617496588.html
688191,智洋创新,智洋创新:2024年第一次临时股东大会决议公告,股东大会决议公告,2024-01-16,https://data.eastmoney.com/notices/detail/688191/AN202401151617496569.html
688191,智洋创新,智洋创新:2024年第一次临时股东大会法律意见书,法律意见书,2024-01-16,https://data.eastmoney.com/notices/detail/688191/AN202401151617496570.html
600588,用友网络,用友网络:用友网络关于控股股东部分股份解除质押的公告,股份质押、冻结,2024-01-16,https://data.eastmoney.com/notices/detail/600588/AN202401151617496539.html
300351,永贵电器,永贵电器:关于公司及控股子公司通过高新技术企业重新认定的公告,获得认证,2024-01-16,https://data.eastmoney.com/notices/detail/300351/AN202401151617496535.html
002656,摩登大道,ST摩登:关于召开2024年第一次临时股东大会的提示性公告,召开股东大会提示性公告,2024-01-16,https://data.eastmoney.com/notices/detail/002656/AN202401151617496534.html
688226,威腾电气,威腾电气:威腾电气集团股份有限公司关于首次公开发行部分募投项目延期的公告,募集资金使用情况报告,2024-01-16,https://data.eastmoney.com/notices/detail/688226/AN202401151617496515.html
688226,威腾电气,威腾电气:中信证券股份有限公司关于威腾电气集团股份有限公司首次公开发行部分募投项目延期的核查意见,保荐/核查意见,2024-01-16,https://data.eastmoney.com/notices/detail/688226/AN202401151617496514.html
688226,威腾电气,威腾电气:威腾电气集团股份有限公司关于修订《公司章程》及部分治理制度的公告,公司章程修订,2024-01-16,https://data.eastmoney.com/notices/detail/688226/AN202401151617496513.html
688226,威腾电气,威腾电气:威腾电气集团股份有限公司章程,公司章程,2024-01-16,https://data.eastmoney.com/notices/detail/688226/AN202401151617496509.html
688226,威腾电气,威腾电气:威腾电气集团股份有限公司对外捐赠管理制度,管理办法/制度,2024-01-16,https://data.eastmoney.com/notices/detail/688226/AN202401151617496512.html
688226,威腾电气,威腾电气:威腾电气集团股份有限公司利润分配管理制度,管理办法/制度,2024-01-16,https://data.eastmoney.com/notices/detail/688226/AN202401151617496508.html
688226,威腾电气,威腾电气:威腾电气集团股份有限公司关于召开2024年第一次临时股东大会的通知,召开股东大会通知,2024-01-16,https://data.eastmoney.com/notices/detail/688226/AN202401151617496511.html
688226,威腾电气,威腾电气:威腾电气集团股份有限公司关于2022年限制性股票激励计划首次授予部分第一个归属期归属结果暨股份上市公告,限售股份上市流通,2024-01-16,https://data.eastmoney.com/notices/detail/688226/AN202401151617496510.html
688226,威腾电气,威腾电气:威腾电气集团股份有限公司第三届监事会第二十五次会议决议公告,监事会决议公告,2024-01-16,https://data.eastmoney.com/notices/detail/688226/AN202401151617496507.html
603871,嘉友国际,嘉友国际:关于与乌兹别克斯坦国家铁路集装箱运输公司签订合作备忘录的公告,签订协议,2024-01-16,https://data.eastmoney.com/notices/detail/603871/AN202401151617496484.html
601020,华钰矿业,华钰矿业:华钰矿业关于不提前赎回“华钰转债”的提示性公告,其他,2024-01-16,https://data.eastmoney.com/notices/detail/601020/AN202401151617496479.html
601020,华钰矿业,华钰矿业:长城国瑞证券关于西藏华钰矿业股份有限公司不提前赎回“华钰转债”的核查意见,保荐/核查意见,2024-01-16,https://data.eastmoney.com/notices/detail/601020/AN202401151617496480.html
688305,科德数控,科德数控:科德数控2023年年度业绩预增公告,业绩预告,2024-01-16,https://data.eastmoney.com/notices/detail/688305/AN202401151617496466.html
002342,巨力索具,巨力索具:第七届董事会第十九次会议决议的公告,董事会决议公告,2024-01-16,https://data.eastmoney.com/notices/detail/002342/AN202401151617496443.html
300517,海波重科,海波重科:关于签订日常经营重大合同的公告,重大合同,2024-01-16,https://data.eastmoney.com/notices/detail/300517/AN202401151617496446.html
000021,深科技,深科技:关于持股5%以上股东减持股份预披露公告,股东/实际控制人股份减持,2024-01-16,https://data.eastmoney.com/notices/detail/000021/AN202401151617496441.html
002342,巨力索具,巨力索具:关于全资子公司投资年产5万吨粗直径高端钢丝绳及配套索具项目的公告,其他,2024-01-16,https://data.eastmoney.com/notices/detail/002342/AN202401151617496442.html
002865,钧达股份,钧达股份:第四届监事会第三十七次会议决议公告,高管人员任职变动,2024-01-16,https://data.eastmoney.com/notices/detail/002865/AN202401151617496444.html
600491,ST龙元,龙元建设:龙元建设2024年第一次临时股东大会会议资料,股东大会资料,2024-01-16,https://data.eastmoney.com/notices/detail/600491/AN202401151617496439.html
600981,苏豪汇鸿,汇鸿集团:2024年第一次临时股东大会决议公告,股东大会决议公告,2024-01-16,https://data.eastmoney.com/notices/detail/600981/AN202401151617496450.html
600981,苏豪汇鸿,汇鸿集团:汇鸿集团2024年第一次临时股东大会法律意见书,法律意见书,2024-01-16,https://data.eastmoney.com/notices/detail/600981/AN202401151617496451.html
600981,苏豪汇鸿,汇鸿集团:关于调整第十届董事会专门委员会委员的公告,高管人员任职变动,2024-01-16,https://data.eastmoney.com/notices/detail/600981/AN202401151617496448.html
600981,苏豪汇鸿,汇鸿集团:第十届董事会第十九次会议决议公告,高管人员任职变动,2024-01-16,https://data.eastmoney.com/notices/detail/600981/AN202401151617496447.html
600981,苏豪汇鸿,汇鸿集团:关于公司高级管理人员辞职的公告,高管人员任职变动,2024-01-16,https://data.eastmoney.com/notices/detail/600981/AN202401151617496449.html
600079,ST人福,人福医药:人福医药关于控股股东所持公司部分股份被司法拍卖完成过户登记暨权益变动超过5%的提示性公告,权益变动报告书,2024-01-16,https://data.eastmoney.com/notices/detail/600079/AN202401151617496401.html
600079,ST人福,人福医药:人福医药集团股份公司简式权益变动报告书,权益变动报告书,2024-01-16,https://data.eastmoney.com/notices/detail/600079/AN202401151617496395.html
600857,宁波中百,宁波中百:宁波中百第九届董事会第三十六次会议决议公告,高管人员任职变动,2024-01-16,https://data.eastmoney.com/notices/detail/600857/AN202401151617496400.html
600857,宁波中百,宁波中百:宁波中百独立董事关于第九届董事会第三十六次会议相关事项的独立意见,专项说明/独立意见,2024-01-16,https://data.eastmoney.com/notices/detail/600857/AN202401151617496407.html
600857,宁波中百,宁波中百:独立董事提名人声明与承诺-黄中毅,独立董事提名人声明,2024-01-16,https://data.eastmoney.com/notices/detail/600857/AN202401151617496405.html
600857,宁波中百,宁波中百:独立董事提名人声明与承诺-周群洁,独立董事提名人声明,2024-01-16,https://data.eastmoney.com/notices/detail/600857/AN202401151617496399.html
600857,宁波中百,宁波中百:独立董事提名人声明与承诺-苏欣,独立董事提名人声明,2024-01-16,https://data.eastmoney.com/notices/detail/600857/AN202401151617496398.html
600857,宁波中百,宁波中百:独立董事候选人声明与承诺-黄中毅,独立董事候选人声明,2024-01-16,https://data.eastmoney.com/notices/detail/600857/AN202401151617496397.html
600857,宁波中百,宁波中百:独立董事候选人声明与承诺-周群洁,独立董事候选人声明,2024-01-16,https://data.eastmoney.com/notices/detail/600857/AN202401151617496406.html
600857,宁波中百,宁波中百:独立董事候选人声明与承诺-苏欣,独立董事候选人声明,2024-01-16,https://data.eastmoney.com/notices/detail/600857/AN202401151617496404.html
600857,宁波中百,宁波中百:董事会提名委员会关于第十届董事会董事及独立董事候选人的审核意见,专项说明/独立意见,2024-01-16,https://data.eastmoney.com/notices/detail/600857/AN202401151617496403.html
600857,宁波中百,宁波中百:宁波中百第九届监事会第三十二次会议决议公告,高管人员任职变动,2024-01-16,https://data.eastmoney.com/notices/detail/600857/AN202401151617496402.html
600857,宁波中百,宁波中百:宁波中百关于召开2024年第一次临时股东大会的通知,召开股东大会通知,2024-01-16,https://data.eastmoney.com/notices/detail/600857/AN202401151617496396.html
688022,ST瀚川,瀚川智能:2022年限制性股票激励计划首次授予部分第一个归属期归属结果暨股份上市公告,限售股份上市流通,2024-01-16,https://data.eastmoney.com/notices/detail/688022/AN202401151617496385.html
688307,中润光学,中润光学:关于更换持续督导保荐代表人的公告,保荐代表人（机构）变更,2024-01-16,https://data.eastmoney.com/notices/detail/688307/AN202401151617496365.html
601966,玲珑轮胎,玲珑轮胎:山东玲珑轮胎股份有限公司2023年年度业绩预增公告,业绩预告,2024-01-16,https://data.eastmoney.com/notices/detail/601966/AN202401151617496366.html
600066,宇通客车,宇通客车:2024年第一次临时股东大会决议公告,股东大会决议公告,2024-01-16,https://data.eastmoney.com/notices/detail/600066/AN202401151617496364.html
603237,五芳斋,五芳斋:浙江五芳斋实业股份有限公司2024年第一次临时股东大会决议公告,股东大会决议公告,2024-01-16,https://data.eastmoney.com/notices/detail/603237/AN202401151617496362.html
600066,宇通客车,宇通客车:北京市通商律师事务所关于公司2024年第一次临时股东大会法律意见书,法律意见书,2024-01-16,https://data.eastmoney.com/notices/detail/600066/AN202401151617496363.html
603237,五芳斋,五芳斋:上海市锦天城律师事务所关于浙江五芳斋实业股份有限公司2024年第一次临时股东大会的法律意见书,法律意见书,2024-01-16,https://data.eastmoney.com/notices/detail/603237/AN202401151617496361.html
603237,五芳斋,五芳斋:浙江五芳斋实业股份有限公司第九届董事会第十三次会议决议公告,高管人员任职变动,2024-01-16,https://data.eastmoney.com/notices/detail/603237/AN202401151617496360.html
603588,高能环境,高能环境:高能环境股权激励限制性股票回购注销实施公告,股权激励进展公告,2024-01-16,https://data.eastmoney.com/notices/detail/603588/AN202401151617496357.html
603588,高能环境,高能环境:北京市中伦律师事务所关于北京高能时代环境技术股份有限公司回购注销部分已授予但尚未解除限售的限制性股票的法律意见书,法律意见书,2024-01-16,https://data.eastmoney.com/notices/detail/603588/AN202401151617496358.html
688185,康希诺,康希诺:自愿披露关于重组脊髓灰质炎疫苗于澳大利亚启动I期临床试验并完成首例受试者入组的公告,其他,2024-01-16,https://data.eastmoney.com/notices/detail/688185/AN202401151617496208.html
600869,远东股份,远东股份:关于公司诉讼的进展公告,诉讼仲裁,2024-01-16,https://data.eastmoney.com/notices/detail/600869/AN202401151617496207.html
688160,步科股份,步科股份:2024年第一次临时股东大会决议公告,增发预案,2024-01-16,https://data.eastmoney.com/notices/detail/688160/AN202401151617496211.html
688160,步科股份,步科股份:2024年第一次临时股东大会之法律意见书,法律意见书,2024-01-16,https://data.eastmoney.com/notices/detail/688160/AN202401151617496206.html
002052,同洲电子,ST同洲:关于筹划发行股份及支付现金购买资产并募集配套资金事项的停牌进展公告,停牌公告,2024-01-16,https://data.eastmoney.com/notices/detail/002052/AN202401151617496209.html
605128,上海沿浦,上海沿浦:上海沿浦金属制品股份有限公司2023年年度业绩预告,业绩预告,2024-01-16,https://data.eastmoney.com/notices/detail/605128/AN202401151617496188.html
603193,润本股份,润本股份:第二届董事会第二次会议决议公告,董事会决议公告,2024-01-16,https://data.eastmoney.com/notices/detail/603193/AN202401151617496189.html
603193,润本股份,润本股份:申万宏源证券承销保荐有限责任公司关于润本生物技术股份有限公司签订租赁合同暨关联交易的核查意见,保荐/核查意见,2024-01-16,https://data.eastmoney.com/notices/detail/603193/AN202401151617496195.html
603193,润本股份,润本股份:关于召开2024年第一次临时股东大会的通知,召开股东大会通知,2024-01-16,https://data.eastmoney.com/notices/detail/603193/AN202401151617496194.html
603193,润本股份,润本股份:关于签订租赁合同暨关联交易的公告,关联交易,2024-01-16,https://data.eastmoney.com/notices/detail/603193/AN202401151617496187.html
688333,铂力特,铂力特:西安铂力特增材技术股份有限公司2020年限制性股票激励计划首次授予部分第三个归属期符合归属条件的公告,股权激励进展公告,2024-01-16,https://data.eastmoney.com/notices/detail/688333/AN202401151617496196.html
688333,铂力特,铂力特:北京金诚同达西安律师事务所关于西安铂力特增材技术股份有限公司2020年限制性股票激励计划之授予价格和数量调整、首次授予部分第三个归属期及预留第二归属期归属条件成就并作废部分限制性股票事项的法律意见书,产品价格调整,2024-01-16,https://data.eastmoney.com/notices/detail/688333/AN202401151617496191.html
688333,铂力特,铂力特:西安铂力特增材技术股份有限公司监事会关于2020年限制性股票激励计划首次授予部分第三个归属及预留授予第二个归属期归属名单的核查意见,专项说明/独立意见,2024-01-16,https://data.eastmoney.com/notices/detail/688333/AN202401151617496192.html
688333,铂力特,铂力特:西安铂力特增材技术股份有限公司2020年限制性股票激励计划预留部分第二个归属期符合归属条件的公告,股权激励进展公告,2024-01-16,https://data.eastmoney.com/notices/detail/688333/AN202401151617496198.html
688333,铂力特,铂力特:西安铂力特增材技术股份有限公司第三届董事会第七次会议决议公告,董事会决议公告,2024-01-16,https://data.eastmoney.com/notices/detail/688333/AN202401151617496193.html
688333,铂力特,铂力特:西安铂力特增材技术股份有限公司第三届监事会第六次会议决议公告,监事会决议公告,2024-01-16,https://data.eastmoney.com/notices/detail/688333/AN202401151617496197.html
688333,铂力特,铂力特:西安铂力特增材技术股份有限公司关于调整2020年限制性股票激励计划授予价格、授予数量并作废部分已授予尚未归属的2020年限制性股票的公告,股权激励行权价（数量）调整,2024-01-16,https://data.eastmoney.com/notices/detail/688333/AN202401151617496190.html
688336,三生国健,三生国健:关于控股股东及其他股东自愿延长限售股份锁定期的公告,其他,2024-01-16,https://data.eastmoney.com/notices/detail/688336/AN202401151617496145.html
688313,仕佳光子,仕佳光子:关于设立海外子公司的进展公告,投资设立公司,2024-01-16,https://data.eastmoney.com/notices/detail/688313/AN202401151617496144.html
600828,茂业商业,茂业商业:茂业商业股票交易风险提示公告,风险提示性公告,2024-01-16,https://data.eastmoney.com/notices/detail/600828/AN202401151617496139.html
600433,冠豪高新,冠豪高新:冠豪高新2023年年度业绩预告,业绩预告,2024-01-16,https://data.eastmoney.com/notices/detail/600433/AN202401151617496155.html
603213,镇洋发展,镇洋发展:浙江镇洋发展股份有限公司关于开立募集资金专户并签署募集资金专户存储三方监管协议的公告,签订协议,2024-01-16,https://data.eastmoney.com/notices/detail/603213/AN202401151617496153.html
603213,镇洋发展,镇洋发展:浙江镇洋发展股份有限公司关于持股5%以上的股东减持至持股5%以下的权益变动提示性公告,权益变动报告书,2024-01-16,https://data.eastmoney.com/notices/detail/603213/AN202401151617496156.html
603213,镇洋发展,镇洋发展:浙江镇洋发展股份有限公司简式权益变动报告书,权益变动报告书,2024-01-16,https://data.eastmoney.com/notices/detail/603213/AN202401151617496154.html
300621,维业股份,维业股份:关于全资子公司签订《建设工程施工合同》暨关联交易的公告,其他,2024-01-16,https://data.eastmoney.com/notices/detail/300621/AN202401151617496142.html
600579,中化装备,克劳斯:克劳斯玛菲股份有限公司关于为子公司提供担保的进展公告,提供/对外担保公告,2024-01-16,https://data.eastmoney.com/notices/detail/600579/AN202401151617496138.html
002206,海利得,海利得:关于注销美国曾孙公司的公告,公司关联方基本资料变更,2024-01-16,https://data.eastmoney.com/notices/detail/002206/AN202401151617496075.html
300298,三诺生物,三诺生物:关于召开2024年第一次临时股东大会的提示性公告,召开股东大会提示性公告,2024-01-16,https://data.eastmoney.com/notices/detail/300298/AN202401151617496074.html
601111,中国国航,中国国航:中国国际航空股份有限公司2023年12月主要运营数据公告,月度经营情况,2024-01-16,https://data.eastmoney.com/notices/detail/601111/AN202401151617496064.html
600565,ST迪马,迪马股份:迪马股份股票交易异常波动公告,股票交易异常波动,2024-01-16,https://data.eastmoney.com/notices/detail/600565/AN202401151617496063.html
603259,药明康德,药明康德:H股公告(翌日披露報表),其他,2024-01-16,https://data.eastmoney.com/notices/detail/603259/AN202401151617496047.html
600759,ST洲际,ST洲际:湖南启元律师事务所关于洲际油气股份有限公司2024年第一次临时股东大会的法律意见书,法律意见书,2024-01-16,https://data.eastmoney.com/notices/detail/600759/AN202401151617496049.html
601919,中远海控,中远海控:中远海控H股公告:翌日披露报表,其他,2024-01-16,https://data.eastmoney.com/notices/detail/601919/AN202401151617496048.html
600759,ST洲际,ST洲际:洲际油气股份有限公司2024年第一次临时股东大会决议公告,股东大会决议公告,2024-01-16,https://data.eastmoney.com/notices/detail/600759/AN202401151617496050.html
002761,浙江建投,浙江建投:关于2023年第四季度主要经营情况的公告,月度经营情况,2024-01-16,https://data.eastmoney.com/notices/detail/002761/AN202401151617496041.html
600759,ST洲际,ST洲际:德邦证券股份有限公司关于洲际油气股份有限公司股权分置改革2023年年度保荐工作报告书,保荐/核查意见,2024-01-16,https://data.eastmoney.com/notices/detail/600759/AN202401151617496033.html
600353,旭光电子,旭光电子:旭光电子关于股权激励限制性股票回购注销实施公告,回购实施公告,2024-01-16,https://data.eastmoney.com/notices/detail/600353/AN202401151617496035.html
600353,旭光电子,旭光电子:北京市天元(成都)律师事务所关于成都旭光电子股份有限公司2023年股票期权与限制性股票激励计划(第一期)之回购注销部分限制性股票实施相关事项的法律意见,法律意见书,2024-01-16,https://data.eastmoney.com/notices/detail/600353/AN202401151617496034.html
600196,复星医药,复星医药:复星医药关于控股子公司获药品临床试验批准的公告,其他,2024-01-16,https://data.eastmoney.com/notices/detail/600196/AN202401151617495972.html
600572,康恩贝,康恩贝:公司2024年第一次临时股东大会决议公告,股东大会决议公告,2024-01-16,https://data.eastmoney.com/notices/detail/600572/AN202401151617495837.html
600572,康恩贝,康恩贝:公司十届董事会第三十六次(临时)会议决议公告,高管人员任职变动,2024-01-16,https://data.eastmoney.com/notices/detail/600572/AN202401151617495839.html
600572,康恩贝,康恩贝:北京观韬中茂(杭州)律师事务关于浙江康恩贝制药股份有限公司2024年第一次临时股东大会的法律意见书,法律意见书,2024-01-16,https://data.eastmoney.com/notices/detail/600572/AN202401151617495838.html
300451,创业慧康,创业慧康:关于5%以上股东部分股份补充质押的公告,股份质押、冻结,2024-01-16,https://data.eastmoney.com/notices/detail/300451/AN202401151617495850.html
603273,天元智能,天元智能:2024年第一次临时股东大会决议公告,股东大会决议公告,2024-01-16,https://data.eastmoney.com/notices/detail/603273/AN202401151617495831.html
603273,天元智能,天元智能:北京市康达律师事务所关于江苏天元智能装备股份有限公司2024年第一次临时股东大会的法律意见书,法律意见书,2024-01-16,https://data.eastmoney.com/notices/detail/603273/AN202401151617495832.html
603958,哈森股份,哈森股份:关于本次交易履行发行程序的完备性、合规性及提交的法律文件的有效性的说明,专项说明/独立意见,2024-01-16,https://data.eastmoney.com/notices/detail/603958/AN202401151617495796.html
603958,哈森股份,哈森股份:关于公司不存在《上市公司证券发行注册管理办法》第十一条规定的不得向特定对象发行股票的情形的说明,管理办法/制度,2024-01-16,https://data.eastmoney.com/notices/detail/603958/AN202401151617495797.html
603958,哈森股份,哈森股份:哈森股份关于重大资产重组一般风险提示暨公司股票复牌公告,复牌公告,2024-01-16,https://data.eastmoney.com/notices/detail/603958/AN202401151617495800.html
603958,哈森股份,哈森股份:关于本次交易符合《上市公司监管指引第9号——上市公司筹划和实施重大资产重组的监管要求》第四条规定的说明,专项说明/独立意见,2024-01-16,https://data.eastmoney.com/notices/detail/603958/AN202401151617495798.html
603958,哈森股份,哈森股份:哈森股份独立董事对公司第五届董事会第二次会议相关事项的独立意见,专项说明/独立意见,2024-01-16,https://data.eastmoney.com/notices/detail/603958/AN202401151617495799.html
603958,哈森股份,哈森股份:关于本次交易相关主体不存在《上市公司监管指引第7号——上市公司重大资产重组相关股票异常交易监管》第十二条规定情形的说明,专项说明/独立意见,2024-01-16,https://data.eastmoney.com/notices/detail/603958/AN202401151617495785.html
603958,哈森股份,哈森股份:关于本次交易符合《上市公司重大资产重组管理办法》第十一条和第四十三条规定的说明,管理办法/制度,2024-01-16,https://data.eastmoney.com/notices/detail/603958/AN202401151617495786.html
603958,哈森股份,哈森股份:哈森商贸(中国)股份有限公司发行股份及支付现金购买资产并募集配套资金暨关联交易预案(摘要),增发预案,2024-01-16,https://data.eastmoney.com/notices/detail/603958/AN202401151617495787.html
603958,哈森股份,哈森股份:哈森商贸(中国)股份有限公司发行股份及支付现金购买资产并募集配套资金暨关联交易预案,增发预案,2024-01-16,https://data.eastmoney.com/notices/detail/603958/AN202401151617495788.html
688309,恒誉科技,恒誉环保:北京市金杜(济南)律师事务所关于济南恒誉环保科技股份有限公司2024年第一次临时股东大会之法律意见书,法律意见书,2024-01-16,https://data.eastmoney.com/notices/detail/688309/AN202401151617495794.html
603958,哈森股份,哈森股份:哈森股份关于暂不召开股东大会的公告,其他,2024-01-16,https://data.eastmoney.com/notices/detail/603958/AN202401151617495789.html
603958,哈森股份,哈森股份:关于本次交易采取的保密措施及保密制度的说明,专项说明/独立意见,2024-01-16,https://data.eastmoney.com/notices/detail/603958/AN202401151617495783.html
603958,哈森股份,哈森股份:哈森股份第五届董事会第二次会议决议公告,董事会决议公告,2024-01-16,https://data.eastmoney.com/notices/detail/603958/AN202401151617495792.html
603958,哈森股份,哈森股份:哈森股份独立董事对公司第五届董事会第二次会议相关事项的事前认可意见,专项说明/独立意见,2024-01-16,https://data.eastmoney.com/notices/detail/603958/AN202401151617495795.html
603958,哈森股份,哈森股份:哈森股份第五届监事会第二次会议决议公告,监事会决议公告,2024-01-16,https://data.eastmoney.com/notices/detail/603958/AN202401151617495791.html
603958,哈森股份,哈森股份:哈森股份关于筹划重大资产重组停牌前一个交易日前十大股东和前十大流通股股东持股情况的公告,停牌公告,2024-01-16,https://data.eastmoney.com/notices/detail/603958/AN202401151617495790.html
603958,哈森股份,哈森股份:关于本次交易前十二个月内购买、出售资产的说明,专项说明/独立意见,2024-01-16,https://data.eastmoney.com/notices/detail/603958/AN202401151617495781.html
603958,哈森股份,哈森股份:关于本次交易是否构成重大资产重组、关联交易及重组上市的说明,关联交易,2024-01-16,https://data.eastmoney.com/notices/detail/603958/AN202401151617495784.html
603958,哈森股份,哈森股份:关于本次交易信息发布前公司股票价格波动情况的说明,专项说明/独立意见,2024-01-16,https://data.eastmoney.com/notices/detail/603958/AN202401151617495782.html
688309,恒誉科技,恒誉环保:2024年第一次临时股东大会决议公告,股东大会决议公告,2024-01-16,https://data.eastmoney.com/notices/detail/688309/AN202401151617495780.html
600115,中国东航,中国东航:中国东方航空股份有限公司2023年12月运营数据公告,月度经营情况,2024-01-16,https://data.eastmoney.com/notices/detail/600115/AN202401151617495752.html
601858,中国科传,中国科传:中国科技出版传媒股份有限公司2024年第一次临时股东大会决议公告,股东大会决议公告,2024-01-16,https://data.eastmoney.com/notices/detail/601858/AN202401151617495751.html
601858,中国科传,中国科传:北京德恒律师事务所关于中国科技出版传媒股份有限公司2024年第一次临时股东大会的法律意见,法律意见书,2024-01-16,https://data.eastmoney.com/notices/detail/601858/AN202401151617495750.html
601858,中国科传,中国科传:中国科技出版传媒股份有限公司第四届监事会第五次会议决议暨选举监事会主席的公告,高管人员任职变动,2024-01-16,https://data.eastmoney.com/notices/detail/601858/AN202401151617495745.html
603163,圣晖集成,圣晖集成:圣晖集成关于在手订单情况的自愿性披露公告,其他,2024-01-16,https://data.eastmoney.com/notices/detail/603163/AN202401151617495721.html
603882,金域医学,金域医学:广州金域医学检验集团股份有限公司关于补选独立董事暨调整董事会专门委员会委员的公告,高管人员任职变动,2024-01-16,https://data.eastmoney.com/notices/detail/603882/AN202401151617495714.html
603882,金域医学,金域医学:广州金域医学检验集团股份有限公司独立董事候选人声明与承诺(樊霞),独立董事候选人声明,2024-01-16,https://data.eastmoney.com/notices/detail/603882/AN202401151617495712.html
603882,金域医学,金域医学:广州金域医学检验集团股份有限公司独立董事候选人声明与承诺(谢获宝),独立董事候选人声明,2024-01-16,https://data.eastmoney.com/notices/detail/603882/AN202401151617495723.html
603882,金域医学,金域医学:广州金域医学检验集团股份有限公司独立董事提名人声明与承诺,独立董事提名人声明,2024-01-16,https://data.eastmoney.com/notices/detail/603882/AN202401151617495709.html
603882,金域医学,金域医学:广州金域医学检验集团股份有限公司关于变更注册资本暨修订《公司章程》的公告,公司章程修订,2024-01-16,https://data.eastmoney.com/notices/detail/603882/AN202401151617495716.html
603882,金域医学,金域医学:广州金域医学检验集团股份有限公司章程(202401),公司章程,2024-01-16,https://data.eastmoney.com/notices/detail/603882/AN202401151617495717.html
603882,金域医学,金域医学:广州金域医学检验集团股份有限公司关于预计公司2024年度日常关联交易的公告,关联交易,2024-01-16,https://data.eastmoney.com/notices/detail/603882/AN202401151617495720.html
603882,金域医学,金域医学:广州金域医学检验集团股份有限公司独立董事专门会议2024年第一次会议决议,其他,2024-01-16,https://data.eastmoney.com/notices/detail/603882/AN202401151617495726.html
603882,金域医学,金域医学:广州金域医学检验集团股份有限公司第三届董事会第十七次会议决议公告,高管人员任职变动,2024-01-16,https://data.eastmoney.com/notices/detail/603882/AN202401151617495715.html
603882,金域医学,金域医学:广州金域医学检验集团股份有限公司独立董事工作制度,管理办法/制度,2024-01-16,https://data.eastmoney.com/notices/detail/603882/AN202401151617495719.html
603882,金域医学,金域医学:广州金域医学检验集团股份有限公司董事会议事规则,议事规则/实施细则,2024-01-16,https://data.eastmoney.com/notices/detail/603882/AN202401151617495710.html
603882,金域医学,金域医学:广州金域医学检验集团股份有限公司董事会审计委员会实施细则,议事规则/实施细则,2024-01-16,https://data.eastmoney.com/notices/detail/603882/AN202401151617495722.html
603882,金域医学,金域医学:广州金域医学检验集团股份有限公司董事会提名委员会实施细则,议事规则/实施细则,2024-01-16,https://data.eastmoney.com/notices/detail/603882/AN202401151617495725.html
603882,金域医学,金域医学:广州金域医学检验集团股份有限公司董事会薪酬与考核委员会实施细则,议事规则/实施细则,2024-01-16,https://data.eastmoney.com/notices/detail/603882/AN202401151617495713.html
603882,金域医学,金域医学:广州金域医学检验集团股份有限公司董事会战略委员会实施细则,议事规则/实施细则,2024-01-16,https://data.eastmoney.com/notices/detail/603882/AN202401151617495711.html
603882,金域医学,金域医学:广州金域医学检验集团股份有限公司第三届监事会第十七次会议决议公告,监事会决议公告,2024-01-16,https://data.eastmoney.com/notices/detail/603882/AN202401151617495718.html
603882,金域医学,金域医学:广州金域医学检验集团股份有限公司关于召开2024年第一次临时股东大会的通知,召开股东大会通知,2024-01-16,https://data.eastmoney.com/notices/detail/603882/AN202401151617495724.html
600592,龙溪股份,龙溪股份:福建龙溪轴承(集团)股份有限公司章程修订稿(2024年1月),公司章程修订,2024-01-16,https://data.eastmoney.com/notices/detail/600592/AN202401151617495653.html
600585,海螺水泥,海螺水泥:翌日披露報表,其他,2024-01-16,https://data.eastmoney.com/notices/detail/600585/AN202401151617495651.html
605196,华通线缆,华通线缆:华通线缆关于子公司向银行申请综合授信并接受公司及实际控制人担保的进展的公告,提供/对外担保公告,2024-01-16,https://data.eastmoney.com/notices/detail/605196/AN202401151617495656.html
688103,国力电子,国力股份:昆山国力电子科技股份有限公司2024年第一次临时股东大会决议公告,股东大会决议公告,2024-01-16,https://data.eastmoney.com/notices/detail/688103/AN202401151617495655.html
600592,龙溪股份,龙溪股份:龙溪股份关于修订公司章程的公告(2024-004),公司章程修订,2024-01-16,https://data.eastmoney.com/notices/detail/600592/AN202401151617495650.html
600592,龙溪股份,龙溪股份:龙溪股份八届二十四次董事会决议公告(2024-003),高管人员任职变动,2024-01-16,https://data.eastmoney.com/notices/detail/600592/AN202401151617495647.html
688103,国力电子,国力股份:北京市天元律师事务所关于昆山国力电子科技股份有限公司2024年第一次临时股东大会的法律意见,法律意见书,2024-01-16,https://data.eastmoney.com/notices/detail/688103/AN202401151617495654.html
600238,ST椰岛,海南椰岛:海南椰岛2024年第一次临时股东大会会议资料,股东大会资料,2024-01-16,https://data.eastmoney.com/notices/detail/600238/AN202401151617495649.html
600180,*ST瑞茂,瑞茂通:瑞茂通关于控股股东股份解除质押和办理质押的公告,股份质押、冻结,2024-01-16,https://data.eastmoney.com/notices/detail/600180/AN202401151617495652.html
600592,龙溪股份,龙溪股份:龙溪股份关于召开2024年第一次临时股东大会的通知(2024-005),召开股东大会通知,2024-01-16,https://data.eastmoney.com/notices/detail/600592/AN202401151617495648.html
688535,华海诚科,华海诚科:江苏华海诚科新材料股份有限公司关于2024年度日常关联交易预计的公告,关联交易,2024-01-16,https://data.eastmoney.com/notices/detail/688535/AN202401151617495524.html
603566,普莱柯,普莱柯:普莱柯关于注销已回购股份的实施公告,回购实施公告,2024-01-16,https://data.eastmoney.com/notices/detail/603566/AN202401151617495528.html
688535,华海诚科,华海诚科:光大证券股份有限公司关于江苏华海诚科新材料股份有限公司2024年度日常关联交易预计的核查意见,保荐/核查意见,2024-01-16,https://data.eastmoney.com/notices/detail/688535/AN202401151617495522.html
603566,普莱柯,普莱柯:普莱柯关于获得中国合格评定国家认可委员会(CNAS)实验室认可证书的公告,获得认证,2024-01-16,https://data.eastmoney.com/notices/detail/603566/AN202401151617495525.html
600683,京投发展,京投发展:京投发展股份有限公司2024年第一次临时股东大会决议公告,股东大会决议公告,2024-01-16,https://data.eastmoney.com/notices/detail/600683/AN202401151617495529.html
688535,华海诚科,华海诚科:江苏华海诚科新材料股份有限公司关于召开2024年第一次临时股东大会的通知,召开股东大会通知,2024-01-16,https://data.eastmoney.com/notices/detail/688535/AN202401151617495523.html
603788,宁波高发,宁波高发:关于使用闲置自有资金委托理财的进展公告,委托（受托）事项,2024-01-16,https://data.eastmoney.com/notices/detail/603788/AN202401151617495526.html
600683,京投发展,京投发展:北京市中伦律师事务所关于京投发展股份有限公司2024年第一次临时股东大会的法律意见书,法律意见书,2024-01-16,https://data.eastmoney.com/notices/detail/600683/AN202401151617495530.html
688535,华海诚科,华海诚科:江苏华海诚科新材料股份有限公司第三届监事会第十次会议决议公告,监事会决议公告,2024-01-16,https://data.eastmoney.com/notices/detail/688535/AN202401151617495527.html
603713,密尔克卫,密尔克卫:密尔克卫化工供应链服务股份有限公司关于完成注销部分股票期权的公告,其他,2024-01-16,https://data.eastmoney.com/notices/detail/603713/AN202401151617495508.html
600339,中油工程,中油工程:中油工程关于2023年12月份担保发生情况的公告,其他担保公告,2024-01-16,https://data.eastmoney.com/notices/detail/600339/AN202401151617495512.html
600645,中源协和,中源协和:中源协和细胞基因工程股份有限公司十一届八次临时董事会会议决议公告,高管人员任职变动,2024-01-16,https://data.eastmoney.com/notices/detail/600645/AN202401151617495384.html
601998,中信银行,中信银行:中信银行股份有限公司职工代表监事辞任公告,高管人员任职变动,2024-01-16,https://data.eastmoney.com/notices/detail/601998/AN202401151617495385.html
000509,华塑控股,华塑控股:关于挂牌转让全资子公司股权的进展公告,股权转让,2024-01-16,https://data.eastmoney.com/notices/detail/000509/AN202401151617495296.html
002807,江阴银行,江阴银行:关于债券持有人持有本行可转债比例变动达10%的公告,其他,2024-01-16,https://data.eastmoney.com/notices/detail/002807/AN202401151617495295.html
000078,ST海王,海王生物:关于股东股份质押的进展公告,股份质押、冻结,2024-01-16,https://data.eastmoney.com/notices/detail/000078/AN202401151617495288.html
002807,江阴银行,江阴银行:关于可转债转股数额累计达到转股前公司已发行股份总额10%的公告,其他,2024-01-16,https://data.eastmoney.com/notices/detail/002807/AN202401151617495287.html
603601,再升科技,再升科技:再升科技总经理工作细则(2024年1月修订),议事规则/实施细则,2024-01-16,https://data.eastmoney.com/notices/detail/603601/AN202401151617495237.html
688685,迈信林,迈信林:江苏迈信林航空科技股份有限公司关于自愿披露收购郑飞机械部分股权的公告,收购出售资产/股权,2024-01-16,https://data.eastmoney.com/notices/detail/688685/AN202401151617495239.html
600819,耀皮玻璃,耀皮玻璃:上海耀皮玻璃集团股份有限公司股票交易异常波动公告,股票交易异常波动,2024-01-16,https://data.eastmoney.com/notices/detail/600819/AN202401151617495238.html
603601,再升科技,再升科技:再升科技关于修订《公司总经理工作细则》的公告,议事规则/实施细则,2024-01-16,https://data.eastmoney.com/notices/detail/603601/AN202401151617495234.html
603601,再升科技,再升科技:再升科技第五届董事会第八次会议决议公告,高管人员任职变动,2024-01-16,https://data.eastmoney.com/notices/detail/603601/AN202401151617495235.html
603601,再升科技,再升科技:再升科技总经理轮值管理制度,管理办法/制度,2024-01-16,https://data.eastmoney.com/notices/detail/603601/AN202401151617495232.html
603601,再升科技,再升科技:再升科技关于补选公司第五届董事会非独立董事的公告,高管人员任职变动,2024-01-16,https://data.eastmoney.com/notices/detail/603601/AN202401151617495233.html
603601,再升科技,再升科技:再升科技关于修订《公司章程》的公告,公司章程修订,2024-01-16,https://data.eastmoney.com/notices/detail/603601/AN202401151617495230.html
603601,再升科技,再升科技:再升科技关于召开2024年第一次临时股东大会的通知,召开股东大会通知,2024-01-16,https://data.eastmoney.com/notices/detail/603601/AN202401151617495236.html
603601,再升科技,再升科技:再升科技关于补选公司第五届董事会提名委员会委员的公告,高管人员任职变动,2024-01-16,https://data.eastmoney.com/notices/detail/603601/AN202401151617495231.html
603716,塞力医疗,塞力医疗:国浩律师(上海)事务所关于塞力斯医疗科技集团股份有限公司2024年第一次临时股东大会之法律意见书,法律意见书,2024-01-16,https://data.eastmoney.com/notices/detail/603716/AN202401151617495168.html
002251,步步高,*ST步高:关于重整进展及风险提示的公告,重组进展公告,2024-01-16,https://data.eastmoney.com/notices/detail/002251/AN202401151617495170.html
603716,塞力医疗,塞力医疗:2024年第一次临时股东大会决议公告,股东大会决议公告,2024-01-16,https://data.eastmoney.com/notices/detail/603716/AN202401151617495169.html
603305,旭升集团,旭升集团:旭升集团2024年第一次临时股东大会会议资料,股东大会资料,2024-01-16,https://data.eastmoney.com/notices/detail/603305/AN202401151617495167.html
600375,汉马科技,汉马科技:汉马科技关于公司及公司全资子公司诉讼事项进展的公告,诉讼仲裁,2024-01-16,https://data.eastmoney.com/notices/detail/600375/AN202401151617495130.html
600375,汉马科技,汉马科技:汉马科技2024年第一次临时股东大会决议公告,股东大会决议公告,2024-01-16,https://data.eastmoney.com/notices/detail/600375/AN202401151617495127.html
600375,汉马科技,汉马科技:北京市盈科(南京)律师事务所关于汉马科技2024年第一次临时股东大会之法律意见书,法律意见书,2024-01-16,https://data.eastmoney.com/notices/detail/600375/AN202401151617495129.html
688351,微电生理,微电生理:股东询价转让定价情况提示性公告,询价转让定价情况提示性公告,2024-01-16,https://data.eastmoney.com/notices/detail/688351/AN202401151617495128.html
002426,胜利精密,胜利精密:关于对外担保的进展公告,提供/对外担保公告,2024-01-16,https://data.eastmoney.com/notices/detail/002426/AN202401151617495123.html
002426,胜利精密,胜利精密:关于签署存量银团贷款总合同补充协议的公告,签订协议,2024-01-16,https://data.eastmoney.com/notices/detail/002426/AN202401151617495122.html
600754,锦江酒店,锦江酒店:锦江酒店关于变更审计项目合伙人的公告,公司关联方基本资料变更,2024-01-16,https://data.eastmoney.com/notices/detail/600754/AN202401151617495104.html
603707,健友股份,健友股份:健友股份关于子公司产品奥沙利铂注射液获得美国FDA批准的公告,其他,2024-01-16,https://data.eastmoney.com/notices/detail/603707/AN202401151617495105.html
600243,*ST海华,青海华鼎:国信信扬律师事务所关于青海华鼎实业股份有限公司2024年第一次临时股东大会的法律意见书,法律意见书,2024-01-16,https://data.eastmoney.com/notices/detail/600243/AN202401151617495103.html
600243,*ST海华,青海华鼎:青海华鼎2024年第一次临时股东大会决议公告,股东大会决议公告,2024-01-16,https://data.eastmoney.com/notices/detail/600243/AN202401151617495106.html
601298,青岛港,青岛港:青岛港国际股份有限公司第四届董事会第十四次会议决议公告,高管人员任职变动,2024-01-16,https://data.eastmoney.com/notices/detail/601298/AN202401151617495021.html
600479,千金药业,千金药业:千金药业第十一届董事会第一次会议决议公告,高管人员任职变动,2024-01-16,https://data.eastmoney.com/notices/detail/600479/AN202401151617494992.html
603306,华懋科技,华懋科技:华懋科技关于回购公司股份的回购报告书,回购报告书,2024-01-16,https://data.eastmoney.com/notices/detail/603306/AN202401151617494988.html
603937,丽岛新材,丽岛新材:关于使用部分暂时闲置募集资金购买理财产品到期赎回并继续购买理财产品的公告,投资理财,2024-01-16,https://data.eastmoney.com/notices/detail/603937/AN202401151617494995.html
600479,千金药业,千金药业:湖南启元律师事务所关于千金药业2024年第一次临时股东大会的法律意见书,法律意见书,2024-01-16,https://data.eastmoney.com/notices/detail/600479/AN202401151617494993.html
600479,千金药业,千金药业:千金药业关于董事会、监事会换届完成及聘任高级管理人员的公告,高管人员任职变动,2024-01-16,https://data.eastmoney.com/notices/detail/600479/AN202401151617494990.html
603306,华懋科技,华懋科技:华懋科技关于以集中竞价交易方式首次回购公司股份暨累计回购股份比例达到2%的公告,回购进展情况,2024-01-16,https://data.eastmoney.com/notices/detail/603306/AN202401151617494985.html
603209,兴通股份,兴通股份:上海市锦天城律师事务所关于兴通海运股份有限公司2024年第一次临时股东大会法律意见书,法律意见书,2024-01-16,https://data.eastmoney.com/notices/detail/603209/AN202401151617494983.html
600479,千金药业,千金药业:千金药业2024年第一次临时股东大会决议公告,股东大会决议公告,2024-01-16,https://data.eastmoney.com/notices/detail/600479/AN202401151617494994.html
600479,千金药业,千金药业:千金药业第十一届监事会第一次会议决议公告,高管人员任职变动,2024-01-16,https://data.eastmoney.com/notices/detail/600479/AN202401151617494991.html
603306,华懋科技,华懋科技:华懋科技关于回购股份事项前十名股东和前十名无限售条件股东持股情况的公告,其他,2024-01-16,https://data.eastmoney.com/notices/detail/603306/AN202401151617494986.html
603937,丽岛新材,丽岛新材:关于使用部分暂时闲置自有资金购买理财产品到期赎回并继续购买理财产品的公告,投资理财,2024-01-16,https://data.eastmoney.com/notices/detail/603937/AN202401151617494984.html
603306,华懋科技,华懋科技:华懋科技关于全资子公司设立募集资金专户并签署监管协议的公告,签订协议,2024-01-16,https://data.eastmoney.com/notices/detail/603306/AN202401151617494987.html
603209,兴通股份,兴通股份:兴通海运股份有限公司2024年第一次临时股东大会决议公告,股东大会决议公告,2024-01-16,https://data.eastmoney.com/notices/detail/603209/AN202401151617494989.html
603885,吉祥航空,吉祥航空:上海吉祥航空股份有限公司2023年12月主要运营数据公告,月度经营情况,2024-01-16,https://data.eastmoney.com/notices/detail/603885/AN202401151617494924.html
600753,ST海钦,庚星股份:庚星股份关于收到中国证券监督管理委员会立案告知书的公告,其他,2024-01-16,https://data.eastmoney.com/notices/detail/600753/AN202401151617494814.html
600463,空港股份,空港股份:空港股份关于为控股子公司提供担保暨关联交易的公告,提供/对外担保公告,2024-01-16,https://data.eastmoney.com/notices/detail/600463/AN202401151617494694.html
600463,空港股份,空港股份:空港股份独立董事关于为控股子公司提供担保暨关联交易事项的独立意见,专项说明/独立意见,2024-01-16,https://data.eastmoney.com/notices/detail/600463/AN202401151617494693.html
600029,南方航空,南方航空:南方航空2023年12月主要运营数据公告,月度经营情况,2024-01-16,https://data.eastmoney.com/notices/detail/600029/AN202401151617494687.html
600463,空港股份,空港股份:北京空港科技园区股份有限公司独立董事制度,管理办法/制度,2024-01-16,https://data.eastmoney.com/notices/detail/600463/AN202401151617494683.html
600463,空港股份,空港股份:董事会审计委员会关于为控股子公司提供担保暨关联交易事项的书面审核意见,保荐/核查意见,2024-01-16,https://data.eastmoney.com/notices/detail/600463/AN202401151617494686.html
600463,空港股份,空港股份:空港股份2024年第一次临时股东大会决议公告,股东大会决议公告,2024-01-16,https://data.eastmoney.com/notices/detail/600463/AN202401151617494684.html
600463,空港股份,空港股份:空港股份关于召开2024年第二次临时股东大会的通知,召开股东大会通知,2024-01-16,https://data.eastmoney.com/notices/detail/600463/AN202401151617494690.html
600463,空港股份,空港股份:北京空港科技园区股份有限公司关联交易管理制度,管理办法/制度,2024-01-16,https://data.eastmoney.com/notices/detail/600463/AN202401151617494689.html
600463,空港股份,空港股份:空港股份第七届董事会第四十二次会议决议公告,董事会决议公告,2024-01-16,https://data.eastmoney.com/notices/detail/600463/AN202401151617494691.html
600463,空港股份,空港股份:北京海润天睿律师事务所关于北京空港科技园区股份有限公司2024年第一次临时股东大会的法律意见书,法律意见书,2024-01-16,https://data.eastmoney.com/notices/detail/600463/AN202401151617494685.html
600463,空港股份,空港股份:空港股份独立董事关于为控股子公司提供担保暨关联交易事项的事前认可,专项说明/独立意见,2024-01-16,https://data.eastmoney.com/notices/detail/600463/AN202401151617494688.html
002740,*ST爱迪,*ST爱迪:关于公司股票存在因股价低于面值被终止上市的风险提示公告,终止上市风险提示,2024-01-16,https://data.eastmoney.com/notices/detail/002740/AN202401151617494807.html
002740,*ST爱迪,*ST爱迪:关于股票交易异常波动的公告,股票交易异常波动,2024-01-16,https://data.eastmoney.com/notices/detail/002740/AN202401151617494809.html
002317,众生药业,众生药业:关于选举职工代表监事的公告,高管人员任职变动,2024-01-16,https://data.eastmoney.com/notices/detail/002317/AN202401151617494806.html
601566,九牧王,九牧王:九牧王2024年第一次临时股东大会法律意见,法律意见书,2024-01-16,https://data.eastmoney.com/notices/detail/601566/AN202401151617494662.html
600578,京能电力,京能电力:2023年年度发电量完成情况公告,其他,2024-01-16,https://data.eastmoney.com/notices/detail/600578/AN202401151617494660.html
688015,交控科技,交控科技:北京德恒律师事务所关于交控科技股份有限公司2024年第一次临时股东大会的法律意见书,法律意见书,2024-01-16,https://data.eastmoney.com/notices/detail/688015/AN202401151617494663.html
002317,众生药业,众生药业:第八届监事会第十二次会议决议公告,高管人员任职变动,2024-01-16,https://data.eastmoney.com/notices/detail/002317/AN202401151617494656.html
603959,ST百利,百利科技:百利科技2024年第一次临时股东大会决议公告,股东大会决议公告,2024-01-16,https://data.eastmoney.com/notices/detail/603959/AN202401151617494642.html
603959,ST百利,百利科技:百利科技2024年第一次临时股东大会法律意见书,法律意见书,2024-01-16,https://data.eastmoney.com/notices/detail/603959/AN202401151617494643.html
601566,九牧王,九牧王:九牧王2024年第一次临时股东大会决议公告,股东大会决议公告,2024-01-16,https://data.eastmoney.com/notices/detail/601566/AN202401151617494644.html
688015,交控科技,交控科技:交控科技股份有限公司2024年第一次临时股东大会决议公告,股东大会决议公告,2024-01-16,https://data.eastmoney.com/notices/detail/688015/AN202401151617494645.html
300342,天银机电,天银机电:关于披露简式权益变动报告书的提示性公告,权益变动报告书,2024-01-16,https://data.eastmoney.com/notices/detail/300342/AN202401151617494576.html
002323,*ST雅博,雅博股份:关于公司为全资子公司借款提供担保的公告,提供/对外担保公告,2024-01-16,https://data.eastmoney.com/notices/detail/002323/AN202401151617494575.html
300342,天银机电,天银机电:简式权益变动报告书,权益变动报告书,2024-01-16,https://data.eastmoney.com/notices/detail/300342/AN202401151617494519.html
002403,爱仕达,爱仕达:股票交易异常波动公告,股票交易异常波动,2024-01-16,https://data.eastmoney.com/notices/detail/002403/AN202401151617494517.html
000950,重药控股,重药控股:关于监事辞职的公告,高管人员任职变动,2024-01-16,https://data.eastmoney.com/notices/detail/000950/AN202401151617494518.html
300831,ST派瑞,派瑞股份:关于使用部分闲置募集资金进行现金管理到期赎回并继续进行现金管理的进展公告,募集资金使用进展情况,2024-01-16,https://data.eastmoney.com/notices/detail/300831/AN202401151617494422.html
688681,科汇股份,科汇股份:2024年第一次临时股东大会决议公告,股东大会决议公告,2024-01-16,https://data.eastmoney.com/notices/detail/688681/AN202401151617494420.html
688681,科汇股份,科汇股份:北京海润天睿律师事务所关于山东科汇电力自动化股份有限公司2024年第一次临时股东大会的法律意见书,法律意见书,2024-01-16,https://data.eastmoney.com/notices/detail/688681/AN202401151617494421.html
605005,合兴股份,合兴股份:合兴汽车电子股份有限公司首次公开发行限售股上市流通公告,限售股份上市流通,2024-01-16,https://data.eastmoney.com/notices/detail/605005/AN202401151617494389.html
600429,三元股份,三元股份:三元股份第八届董事会第二十三次会议决议公告,高管人员任职变动,2024-01-16,https://data.eastmoney.com/notices/detail/600429/AN202401151617494394.html
605005,合兴股份,合兴股份:国泰君安证券股份有限公司关于合兴汽车电子股份有限公司首次公开发行部分限售股解禁上市流通的核查意见,保荐/核查意见,2024-01-16,https://data.eastmoney.com/notices/detail/605005/AN202401151617494391.html
600429,三元股份,三元股份:三元股份独立董事事前认可及独立意见,专项说明/独立意见,2024-01-16,https://data.eastmoney.com/notices/detail/600429/AN202401151617494390.html
601872,招商轮船,招商轮船:招商轮船董事及高级管理人员股权激励所获股票持有期满后集中竞价减持股份结果公告,高管人员持股变动,2024-01-16,https://data.eastmoney.com/notices/detail/601872/AN202401151617494387.html
600429,三元股份,三元股份:三元股份关于公司与复星高科、复星健控以及香港三元与香港HCoI、香港HCoII分别签署关于SPV(卢森堡)的股东协议修正案的关联交易公告,签订协议,2024-01-16,https://data.eastmoney.com/notices/detail/600429/AN202401151617494393.html
601872,招商轮船,招商轮船:招商轮船关于变更签字会计师的公告,高管人员任职变动,2024-01-16,https://data.eastmoney.com/notices/detail/601872/AN202401151617494388.html
603566,普莱柯,普莱柯:普莱柯2024年第一次临时股东大会会议资料,股东大会资料,2024-01-16,https://data.eastmoney.com/notices/detail/603566/AN202401151617494346.html
600658,电子城,电子城:电子城关于全资子公司朔州电子城数码港开发有限公司签订国有建设用地使用权收回协议的公告,其他,2024-01-16,https://data.eastmoney.com/notices/detail/600658/AN202401151617494329.html
001266,宏英智能,宏英智能:关于股份回购结果暨股份变动的公告,股本变动,2024-01-16,https://data.eastmoney.com/notices/detail/001266/AN202401151617494331.html
002887,绿茵生态,绿茵生态:关于取消2024年第一次临时股东大会及第三届董事会、监事会延期换届的公告,变更股东大会时间,2024-01-16,https://data.eastmoney.com/notices/detail/002887/AN202401151617494330.html
002887,绿茵生态,绿茵生态:第三届董事会第二十一次会议决议公告,董事会决议公告,2024-01-16,https://data.eastmoney.com/notices/detail/002887/AN202401151617494309.html
600998,九州通,九州通:九州通关于为子公司提供担保的进展公告,提供/对外担保公告,2024-01-16,https://data.eastmoney.com/notices/detail/600998/AN202401151617494298.html
688116,天奈科技,天奈科技:天奈科技关于可转换公司债券“天奈转债”转股价格调整的公告,其他,2024-01-16,https://data.eastmoney.com/notices/detail/688116/AN202401151617494283.html
600561,江西长运,江西长运:江西长运2024年第一次临时股东大会资料,股东大会资料,2024-01-16,https://data.eastmoney.com/notices/detail/600561/AN202401151617494282.html
001205,盛航股份,盛航股份:关于召开2024年第一次临时股东大会的通知,召开股东大会通知,2024-01-16,https://data.eastmoney.com/notices/detail/001205/AN202401151617494229.html
001205,盛航股份,盛航股份:第四届监事会第六次会议决议公告,监事会决议公告,2024-01-16,https://data.eastmoney.com/notices/detail/001205/AN202401151617494227.html
001205,盛航股份,盛航股份:南京盛航海运股份有限公司第四届董事会独立董事第四次专门会议审核意见,专项说明/独立意见,2024-01-16,https://data.eastmoney.com/notices/detail/001205/AN202401151617494228.html
001205,盛航股份,盛航股份:中国国际金融股份有限公司关于南京盛航海运股份有限公司拟向丰海海运购置化学品船舶暨关联交易的专项核查意见,保荐/核查意见,2024-01-16,https://data.eastmoney.com/notices/detail/001205/AN202401151617494224.html
001205,盛航股份,盛航股份:南京盛航海运股份有限公司拟收购丰海30散装化学品船、油船评估项目资产评估报告,其他,2024-01-16,https://data.eastmoney.com/notices/detail/001205/AN202401151617494225.html
000510,新金路,新金路:关于召开2024年第一次临时股东大会的提示性公告,召开股东大会提示性公告,2024-01-16,https://data.eastmoney.com/notices/detail/000510/AN202401151617494226.html
600988,赤峰黄金,赤峰黄金:赤峰黄金关于子公司取得采矿许可证的公告,其他,2024-01-16,https://data.eastmoney.com/notices/detail/600988/AN202401151617494204.html
605155,西大门,西大门:独立董事工作制度,管理办法/制度,2024-01-16,https://data.eastmoney.com/notices/detail/605155/AN202401151617494203.html
603444,吉比特,吉比特:厦门吉比特网络技术股份有限公司关于以集中竞价交易方式首次回购股份的公告,回购实施公告,2024-01-16,https://data.eastmoney.com/notices/detail/603444/AN202401151617494205.html
601058,赛轮轮胎,赛轮轮胎:国金证券股份有限公司关于赛轮集团股份有限公司2023年度持续督导现场检查报告,保荐/核查意见,2024-01-16,https://data.eastmoney.com/notices/detail/601058/AN202401151617494206.html
605155,西大门,西大门:第三届监事会第十二次会议决议公告,高管人员任职变动,2024-01-16,https://data.eastmoney.com/notices/detail/605155/AN202401151617494191.html
605155,西大门,西大门:第三届董事会第十三次会议决议公告,高管人员任职变动,2024-01-16,https://data.eastmoney.com/notices/detail/605155/AN202401151617494192.html
605155,西大门,西大门:关于召开2024年第一次临时股东大会的通知,召开股东大会通知,2024-01-16,https://data.eastmoney.com/notices/detail/605155/AN202401151617494190.html
605155,西大门,西大门:关于监事辞职暨提名监事候选人的公告,高管人员任职变动,2024-01-16,https://data.eastmoney.com/notices/detail/605155/AN202401151617494189.html
605155,西大门,西大门:董事会专门委员会实施细则,议事规则/实施细则,2024-01-16,https://data.eastmoney.com/notices/detail/605155/AN202401151617494188.html
001205,盛航股份,盛航股份:关于拟向丰海海运购置化学品船舶暨关联交易的公告,关联交易,2024-01-16,https://data.eastmoney.com/notices/detail/001205/AN202401151617494177.html
001205,盛航股份,盛航股份:第四届董事会第七次会议决议公告,董事会决议公告,2024-01-16,https://data.eastmoney.com/notices/detail/001205/AN202401151617494167.html
688581,安杰思,安杰思:安杰思关于2023年年度业绩预告的公告,业绩预告,2024-01-16,https://data.eastmoney.com/notices/detail/688581/AN202401151617494152.html
600389,江山股份,江山股份:江山股份2024年第一次临时股东大会决议公告,股东大会决议公告,2024-01-16,https://data.eastmoney.com/notices/detail/600389/AN202401151617494159.html
600389,江山股份,江山股份:江山股份2024年第一次临时股东大会法律意见书,法律意见书,2024-01-16,https://data.eastmoney.com/notices/detail/600389/AN202401151617494157.html
600531,豫光金铅,豫光金铅:河南豫光金铅股份有限公司第八届监事会第十九次会议决议公告,监事会决议公告,2024-01-16,https://data.eastmoney.com/notices/detail/600531/AN202401151617494154.html
600531,豫光金铅,豫光金铅:河南豫光金铅股份有限公司关于向不特定对象发行可转换公司债券摊薄即期回报采取填补措施和相关主体承诺(修订稿)的公告,其他,2024-01-16,https://data.eastmoney.com/notices/detail/600531/AN202401151617494155.html
600531,豫光金铅,豫光金铅:河南豫光金铅股份有限公司第八届董事会第二十四次会议决议公告,董事会决议公告,2024-01-16,https://data.eastmoney.com/notices/detail/600531/AN202401151617494158.html
600531,豫光金铅,豫光金铅:河南豫光金铅股份有限公司独立董事关于公司第八届董事会第二十四次会议相关事项的独立意见,专项说明/独立意见,2024-01-16,https://data.eastmoney.com/notices/detail/600531/AN202401151617494156.html
600531,豫光金铅,豫光金铅:河南豫光金铅股份有限公司向不特定对象发行可转换公司债券方案论证分析报告(修订稿),其他,2024-01-16,https://data.eastmoney.com/notices/detail/600531/AN202401151617494162.html
600531,豫光金铅,豫光金铅:河南豫光金铅股份有限公司向不特定对象发行可转换公司债券预案(修订稿),其他,2024-01-16,https://data.eastmoney.com/notices/detail/600531/AN202401151617494153.html
600531,豫光金铅,豫光金铅:河南豫光金铅股份有限公司向不特定对象发行可转换公司债券募集资金运用的可行性分析报告(修订稿),其他,2024-01-16,https://data.eastmoney.com/notices/detail/600531/AN202401151617494160.html
600531,豫光金铅,豫光金铅:河南豫光金铅股份有限公司关于向不特定对象发行可转换公司债券方案、预案、论证分析报告、可行性分析报告、摊薄即期回报采取填补措施与相关主体承诺修订情况说明的公告,其他,2024-01-16,https://data.eastmoney.com/notices/detail/600531/AN202401151617494161.html
601113,华鼎股份,华鼎股份:义乌华鼎锦纶股份有限公司第六届监事会第五次会议决议公告,监事会决议公告,2024-01-16,https://data.eastmoney.com/notices/detail/601113/AN202401151617494111.html
601113,华鼎股份,华鼎股份:义乌华鼎锦纶股份有限公司第六届董事会第五次会议决议公告,董事会决议公告,2024-01-16,https://data.eastmoney.com/notices/detail/601113/AN202401151617494110.html
601113,华鼎股份,华鼎股份:义乌华鼎锦纶股份有限公司关于吸收合并全资子公司的公告,吸收合并,2024-01-16,https://data.eastmoney.com/notices/detail/601113/AN202401151617494124.html
601113,华鼎股份,华鼎股份:义乌华鼎锦纶股份有限公司关于变更公司经营范围并修订《公司章程》、重新制定公司部分治理制度的公告,公司经营范围变更,2024-01-16,https://data.eastmoney.com/notices/detail/601113/AN202401151617494123.html
601113,华鼎股份,华鼎股份:义乌华鼎锦纶股份有限公司章程(2024年1月修订),公司章程,2024-01-16,https://data.eastmoney.com/notices/detail/601113/AN202401151617494121.html
601113,华鼎股份,华鼎股份:义乌华鼎锦纶股份有限公司董事会议事规则(2024年1月),议事规则/实施细则,2024-01-16,https://data.eastmoney.com/notices/detail/601113/AN202401151617494122.html
601113,华鼎股份,华鼎股份:义乌华鼎锦纶股份有限公司独立董事工作制度(2024年1月),管理办法/制度,2024-01-16,https://data.eastmoney.com/notices/detail/601113/AN202401151617494109.html
601113,华鼎股份,华鼎股份:义乌华鼎锦纶股份有限公司股东会议事规则(2024年1月),议事规则/实施细则,2024-01-16,https://data.eastmoney.com/notices/detail/601113/AN202401151617494119.html
601113,华鼎股份,华鼎股份:义乌华鼎锦纶股份有限公司监事会议事规则(2024年1月),议事规则/实施细则,2024-01-16,https://data.eastmoney.com/notices/detail/601113/AN202401151617494120.html
601113,华鼎股份,华鼎股份:义乌华鼎锦纶股份有限公司关于召开2024年第一次临时股东大会的通知,召开股东大会通知,2024-01-16,https://data.eastmoney.com/notices/detail/601113/AN202401151617494108.html
002184,海得控制,海得控制:2024年第一次临时股东大会决议公告,股东大会决议公告,2024-01-16,https://data.eastmoney.com/notices/detail/002184/AN202401151617494127.html
000661,长春高新,长春高新:关于控股子公司百克生物披露2023年年度业绩预告的提示性公告,其他,2024-01-16,https://data.eastmoney.com/notices/detail/000661/AN202401151617494112.html
002331,皖通科技,皖通科技:华泰联合证券有限责任公司关于公司发行股份购买资产部分限售股份上市流通的核查意见,保荐/核查意见,2024-01-16,https://data.eastmoney.com/notices/detail/002331/AN202401151617494126.html
002331,皖通科技,皖通科技:关于发行股份购买资产部分限售股份上市流通的提示性公告,限售股份上市流通,2024-01-16,https://data.eastmoney.com/notices/detail/002331/AN202401151617494125.html
300118,东方日升,东方日升:关于召开2024年第一次临时股东大会的通知,召开股东大会通知,2024-01-16,https://data.eastmoney.com/notices/detail/300118/AN202401151617494116.html
300118,东方日升,东方日升:关于2024年度日常关联交易预计的公告,关联交易,2024-01-16,https://data.eastmoney.com/notices/detail/300118/AN202401151617494129.html
300118,东方日升,东方日升:关于调整董事会专门委员会委员的公告,高管人员任职变动,2024-01-16,https://data.eastmoney.com/notices/detail/300118/AN202401151617494115.html
300118,东方日升,东方日升:中信建投证券股份有限公司关于东方日升新能源股份有限公司2024年度日常关联交易预计的核查意见,保荐/核查意见,2024-01-16,https://data.eastmoney.com/notices/detail/300118/AN202401151617494113.html
300118,东方日升,东方日升:第四届监事会第五次会议决议公告,监事会决议公告,2024-01-16,https://data.eastmoney.com/notices/detail/300118/AN202401151617494114.html
300118,东方日升,东方日升:第四届董事会第六次会议决议公告,高管人员任职变动,2024-01-16,https://data.eastmoney.com/notices/detail/300118/AN202401151617494128.html
688212,澳华内镜,澳华内镜:2022年限制性股票激励计划预留授予部分第一个归属期归属结果暨股份上市的公告,限售股份上市流通,2024-01-16,https://data.eastmoney.com/notices/detail/688212/AN202401151617494085.html
603858,步长制药,步长制药:山东步长制药股份有限公司关于公司药品生产许可证变更的公告,其他,2024-01-16,https://data.eastmoney.com/notices/detail/603858/AN202401151617494084.html
002184,海得控制,海得控制:关于上海海得控制系统股份有限公司2024年第一次临时股东大会的法律意见书,法律意见书,2024-01-16,https://data.eastmoney.com/notices/detail/002184/AN202401151617494082.html
300099,尤洛卡,尤洛卡:关于2024年第一次临时股东大会增加投票代码及简称暨股东大会补充通知的公告,召开股东大会通知,2024-01-16,https://data.eastmoney.com/notices/detail/300099/AN202401151617494083.html
600766,退市园城,*ST园城:上海泽昌律师事务所关于园城黄金2024年第一次临时股东大会法律意见书,法律意见书,2024-01-16,https://data.eastmoney.com/notices/detail/600766/AN202401151617494078.html
603557,*ST起步,ST起步:关于公司监事辞职的公告,高管人员任职变动,2024-01-16,https://data.eastmoney.com/notices/detail/603557/AN202401151617494062.html
603392,万泰生物,万泰生物:万泰生物关于聘任公司总经理的公告,高管人员任职变动,2024-01-16,https://data.eastmoney.com/notices/detail/603392/AN202401151617494014.html
603955,大千生态,大千生态:大千生态关于筹划控制权变更事项继续停牌的公告,停牌公告,2024-01-16,https://data.eastmoney.com/notices/detail/603955/AN202401151617494011.html
603392,万泰生物,万泰生物:万泰生物第五届监事会第二十五次会议决议公告,监事会决议公告,2024-01-16,https://data.eastmoney.com/notices/detail/603392/AN202401151617494018.html
603392,万泰生物,万泰生物:万泰生物关于使用部分闲置募集资金进行现金管理的公告,投资理财,2024-01-16,https://data.eastmoney.com/notices/detail/603392/AN202401151617494015.html
603392,万泰生物,万泰生物:万泰生物第五届董事会第二十五次会议决议公告,高管人员任职变动,2024-01-16,https://data.eastmoney.com/notices/detail/603392/AN202401151617494013.html
600992,贵绳股份,贵绳股份:贵州钢绳股份有限公司关于对部分闲置募集资金进行现金管理的进展公告,募集资金使用进展情况,2024-01-16,https://data.eastmoney.com/notices/detail/600992/AN202401151617494012.html
603392,万泰生物,万泰生物:国金证券关于万泰生物使用部分闲置募集资金进行现金管理的核查意见,保荐/核查意见,2024-01-16,https://data.eastmoney.com/notices/detail/603392/AN202401151617494016.html
603392,万泰生物,万泰生物:万泰生物关于使用部分闲置自有资金进行现金管理的公告,投资理财,2024-01-16,https://data.eastmoney.com/notices/detail/603392/AN202401151617494017.html
600188,兖矿能源,兖矿能源:H股市场公告(持續關連交易),其他,2024-01-16,https://data.eastmoney.com/notices/detail/600188/AN202401151617494002.html
688187,时代电气,时代电气:H股公告(翌日披露報表),其他,2024-01-16,https://data.eastmoney.com/notices/detail/688187/AN202401151617493995.html
000032,深桑达A,深桑达Ａ:2024年第一次临时股东大会法律意见书,法律意见书,2024-01-16,https://data.eastmoney.com/notices/detail/000032/AN202401151617493989.html
000976,*ST华铁,ST华铁:关于公司控股股东部分股份被司法拍卖的进展公告,诉讼仲裁,2024-01-16,https://data.eastmoney.com/notices/detail/000976/AN202401151617493990.html
002588,史丹利,史丹利:关于部分控股股东股份减持计划期限届满未实施减持的公告,股东/实际控制人股份减持,2024-01-16,https://data.eastmoney.com/notices/detail/002588/AN202401151617493991.html
002910,庄园牧场,庄园牧场:兰州庄园牧场股份有限公司关于完成工商变更登记的公告,公司经营范围变更,2024-01-16,https://data.eastmoney.com/notices/detail/002910/AN202401151617493996.html
002384,东山精密,东山精密:关于公司股份回购完成暨股份变动的公告,股本变动,2024-01-16,https://data.eastmoney.com/notices/detail/002384/AN202401151617493965.html
000875,电投绿能,吉电股份:2023年度业绩预告,业绩预告,2024-01-16,https://data.eastmoney.com/notices/detail/000875/AN202401151617493992.html
601199,江南水务,江南水务:江南水务关于购买“江银转债”并实施转股成为其股东的进展公告,其他,2024-01-16,https://data.eastmoney.com/notices/detail/601199/AN202401151617493960.html
600188,兖矿能源,兖矿能源:兖矿能源集团股份有限公司第九届董事会第四次会议决议公告,董事会决议公告,2024-01-16,https://data.eastmoney.com/notices/detail/600188/AN202401151617493961.html
600188,兖矿能源,兖矿能源:《兖矿能源集团股份有限公司独立董事专门会议工作细则》,议事规则/实施细则,2024-01-16,https://data.eastmoney.com/notices/detail/600188/AN202401151617493959.html
000032,深桑达A,深桑达Ａ:2024年第一次临时股东大会决议公告,股东大会决议公告,2024-01-16,https://data.eastmoney.com/notices/detail/000032/AN202401151617493962.html
002110,三钢闽光,三钢闽光:关于召开2024年第一次临时股东大会的通知,召开股东大会通知,2024-01-16,https://data.eastmoney.com/notices/detail/002110/AN202401151617493930.html
000156,华数传媒,华数传媒:华数传媒控股股份有限公司2024年第一次临时股东大会的法律意见书,法律意见书,2024-01-16,https://data.eastmoney.com/notices/detail/000156/AN202401151617493923.html
002110,三钢闽光,三钢闽光:关于公司计提资产减值准备及部分资产报废处置的公告,其他,2024-01-16,https://data.eastmoney.com/notices/detail/002110/AN202401151617493919.html
002816,*ST和科,*ST和科:关于累计诉讼、仲裁情况的公告,诉讼仲裁,2024-01-16,https://data.eastmoney.com/notices/detail/002816/AN202401151617493927.html
002159,三特索道,三特索道:武汉三特索道集团股份有限公司关于收到湖北证监局行政监管措施决定书的公告,其他,2024-01-16,https://data.eastmoney.com/notices/detail/002159/AN202401151617493928.html
300201,海伦哲,海伦哲:关于公司股东部分股份质押的公告,股份质押、冻结,2024-01-16,https://data.eastmoney.com/notices/detail/300201/AN202401151617493933.html
300534,陇神戎发,陇神戎发:2023年度业绩预告,业绩预告,2024-01-16,https://data.eastmoney.com/notices/detail/300534/AN202401151617493924.html
002110,三钢闽光,三钢闽光:第八届监事会第六次会议决议公告,监事会决议公告,2024-01-16,https://data.eastmoney.com/notices/detail/002110/AN202401151617493931.html
000156,华数传媒,华数传媒:公司章程(2024年1月),公司章程,2024-01-16,https://data.eastmoney.com/notices/detail/000156/AN202401151617493932.html
002982,湘佳股份,湘佳股份:2024年第一次临时股东大会决议公告,股东大会决议公告,2024-01-16,https://data.eastmoney.com/notices/detail/002982/AN202401151617493921.html
000422,湖北宜化,湖北宜化:关于向特定对象发行股票部分限售股份上市流通的提示性公告,限售股份上市流通,2024-01-16,https://data.eastmoney.com/notices/detail/000422/AN202401151617493929.html
002982,湘佳股份,湘佳股份:湖南启元律师事务所关于湖南湘佳牧业股份有限公司2024年第一次临时股东大会的法律意见书,法律意见书,2024-01-16,https://data.eastmoney.com/notices/detail/002982/AN202401151617493922.html
002110,三钢闽光,三钢闽光:关于公司组织机构调整的公告,其他,2024-01-16,https://data.eastmoney.com/notices/detail/002110/AN202401151617493920.html
601058,赛轮轮胎,赛轮轮胎:赛轮轮胎关于“赛轮转债”预计满足赎回条件的提示性公告,其他,2024-01-16,https://data.eastmoney.com/notices/detail/601058/AN202401151617493889.html
600282,南钢股份,南钢股份:南京钢铁股份有限公司关于湖北新冶钢有限公司全面要约收购公司股份的清算公告,其他,2024-01-16,https://data.eastmoney.com/notices/detail/600282/AN202401151617493888.html
002110,三钢闽光,三钢闽光:第八届董事会第十二次会议决议公告,董事会决议公告,2024-01-16,https://data.eastmoney.com/notices/detail/002110/AN202401151617493905.html
000422,湖北宜化,湖北宜化:华泰联合证券有限责任公司关于湖北宜化化工股份有限公司向特定对象发行股票部分限售股份上市流通的核查意见,保荐/核查意见,2024-01-16,https://data.eastmoney.com/notices/detail/000422/AN202401151617493910.html
000156,华数传媒,华数传媒:2024年第一次临时股东大会决议公告,股东大会决议公告,2024-01-16,https://data.eastmoney.com/notices/detail/000156/AN202401151617493906.html
603030,全筑股份,*ST全筑:上海全筑控股集团股份有限公司关于2024年第一次临时股东大会更正公告,其他,2024-01-16,https://data.eastmoney.com/notices/detail/603030/AN202401151617493865.html
603030,全筑股份,*ST全筑:第五届董事会第十三次会议决议公告,董事会决议公告,2024-01-16,https://data.eastmoney.com/notices/detail/603030/AN202401151617493867.html
603030,全筑股份,*ST全筑:关于公司拟对外投资设立合资公司暨关联交易的公告,投资设立公司,2024-01-16,https://data.eastmoney.com/notices/detail/603030/AN202401151617493864.html
603030,全筑股份,*ST全筑:上海全筑控股集团股份有限公司独立董事关于第五届董事会第十三次会议审议有关事项的独立意见,专项说明/独立意见,2024-01-16,https://data.eastmoney.com/notices/detail/603030/AN202401151617493866.html
002355,兴民智通,兴民智通:关于以自有资产抵押向银行申请授信的公告,抵押,2024-01-16,https://data.eastmoney.com/notices/detail/002355/AN202401151617493878.html
002355,兴民智通,兴民智通:关于第六届董事会第六次会议决议的公告,高管人员任职变动,2024-01-16,https://data.eastmoney.com/notices/detail/002355/AN202401151617493881.html
002355,兴民智通,兴民智通:关于提请召开2024年第一次临时股东大会通知的公告,召开股东大会通知,2024-01-16,https://data.eastmoney.com/notices/detail/002355/AN202401151617493880.html
002355,兴民智通,兴民智通:关于以持有的蓝海银行股权提供质押担保申请银行授信的公告,提供/对外担保公告,2024-01-16,https://data.eastmoney.com/notices/detail/002355/AN202401151617493832.html
600703,三安光电,三安光电:三安光电股份有限公司关于控股股东部分股份质押的公告,股份质押、冻结,2024-01-16,https://data.eastmoney.com/notices/detail/600703/AN202401151617493833.html
002900,哈三联,哈三联:关于为全资子公司提供担保的进展公告,提供/对外担保公告,2024-01-16,https://data.eastmoney.com/notices/detail/002900/AN202401151617493780.html
003019,宸展光电,宸展光电:关于使用部分闲置募集资金进行现金管理的进展公告,募集资金使用进展情况,2024-01-16,https://data.eastmoney.com/notices/detail/003019/AN202401151617493782.html
601686,友发集团,友发集团:关于实施2023年前三季度权益分派时“友发转债”转股连续停牌的提示性公告,停牌公告,2024-01-16,https://data.eastmoney.com/notices/detail/601686/AN202401151617493776.html
603316,诚邦股份,诚邦股份:诚邦生态环境股份有限公司关于实际控制人之一致行动人终止协议转让公司部分股份的公告,股权转让,2024-01-16,https://data.eastmoney.com/notices/detail/603316/AN202401151617493775.html
603185,弘元绿能,弘元绿能:第四届董事会第十七次会议决议公告,董事会决议公告,2024-01-16,https://data.eastmoney.com/notices/detail/603185/AN202401151617493764.html
300282,三盛退,*ST三盛:关于召开2024年第一次临时股东大会的提示性公告,召开股东大会提示性公告,2024-01-16,https://data.eastmoney.com/notices/detail/300282/AN202401151617493755.html
603138,海量数据,海量数据:海量数据关于调整2023年限制性股票激励计划相关事项的公告,股权激励进展公告,2024-01-16,https://data.eastmoney.com/notices/detail/603138/AN202401151617493718.html
600515,海南机场,海南机场:海南机场设施股份有限公司2023年12月机场业务生产经营数据快报,月度经营情况,2024-01-16,https://data.eastmoney.com/notices/detail/600515/AN202401151617493719.html
603978,深圳新星,深圳新星:关于全资子公司通过高新技术企业重新认定的公告,获得认证,2024-01-16,https://data.eastmoney.com/notices/detail/603978/AN202401151617493721.html
603138,海量数据,海量数据:海量数据第四届监事会第六次会议决议公告,监事会决议公告,2024-01-16,https://data.eastmoney.com/notices/detail/603138/AN202401151617493715.html
600987,航民股份,航民股份:航民股份2024年第一次临时股东大会法律意见书,法律意见书,2024-01-16,https://data.eastmoney.com/notices/detail/600987/AN202401151617493720.html
603138,海量数据,海量数据:北京市通商律师事务所关于北京海量数据技术股份有限公司2023年限制性股票激励计划调整事项的法律意见书,法律意见书,2024-01-16,https://data.eastmoney.com/notices/detail/603138/AN202401151617493717.html
600987,航民股份,航民股份:航民股份2024年第一次临时股东大会决议公告,股东大会决议公告,2024-01-16,https://data.eastmoney.com/notices/detail/600987/AN202401151617493716.html
688026,洁特生物,洁特生物:关于不向下修正“洁特转债”转股价格的公告,其他,2024-01-16,https://data.eastmoney.com/notices/detail/688026/AN202401151617493703.html
600373,中文传媒,中文传媒:中文传媒关于全资子公司关于关联方共同认购产业基金份额暨关联交易的进展公告,关联交易,2024-01-16,https://data.eastmoney.com/notices/detail/600373/AN202401151617493696.html
600373,中文传媒,中文传媒:中文传媒关于2022年度第一期中期票据付息兑付的公告,其他,2024-01-16,https://data.eastmoney.com/notices/detail/600373/AN202401151617493702.html
688198,佰仁医疗,佰仁医疗:佰仁医疗关于董事会、监事会换届选举的公告,高管人员任职变动,2024-01-16,https://data.eastmoney.com/notices/detail/688198/AN202401151617493695.html
688198,佰仁医疗,佰仁医疗:佰仁医疗独立董事关于第二届董事会第二十三次会议相关事项的独立意见,专项说明/独立意见,2024-01-16,https://data.eastmoney.com/notices/detail/688198/AN202401151617493694.html
688198,佰仁医疗,佰仁医疗:佰仁医疗第二届董事会提名委员会关于提名公司第三届董事会独立董事候选人的审查意见,专项说明/独立意见,2024-01-16,https://data.eastmoney.com/notices/detail/688198/AN202401151617493693.html
688198,佰仁医疗,佰仁医疗:佰仁医疗独立董事提名人声明与承诺(周正),独立董事提名人声明,2024-01-16,https://data.eastmoney.com/notices/detail/688198/AN202401151617493701.html
688198,佰仁医疗,佰仁医疗:佰仁医疗独立董事提名人声明与承诺(刘浩),独立董事提名人声明,2024-01-16,https://data.eastmoney.com/notices/detail/688198/AN202401151617493692.html
688198,佰仁医疗,佰仁医疗:佰仁医疗独立董事提名人声明与承诺(曹贤智),独立董事提名人声明,2024-01-16,https://data.eastmoney.com/notices/detail/688198/AN202401151617493700.html
688198,佰仁医疗,佰仁医疗:佰仁医疗独立董事候选人声明与承诺(周正),独立董事候选人声明,2024-01-16,https://data.eastmoney.com/notices/detail/688198/AN202401151617493699.html
688198,佰仁医疗,佰仁医疗:佰仁医疗独立董事候选人声明与承诺(刘浩),独立董事候选人声明,2024-01-16,https://data.eastmoney.com/notices/detail/688198/AN202401151617493691.html
688198,佰仁医疗,佰仁医疗:佰仁医疗独立董事候选人声明与承诺(曹贤智),独立董事候选人声明,2024-01-16,https://data.eastmoney.com/notices/detail/688198/AN202401151617493690.html
688198,佰仁医疗,佰仁医疗:北京佰仁医疗科技股份有限公司独立董事工作制度,管理办法/制度,2024-01-16,https://data.eastmoney.com/notices/detail/688198/AN202401151617493689.html
688198,佰仁医疗,佰仁医疗:佰仁医疗关于召开2024年第一次临时股东大会的通知,召开股东大会通知,2024-01-16,https://data.eastmoney.com/notices/detail/688198/AN202401151617493688.html
688198,佰仁医疗,佰仁医疗:佰仁医疗第二届监事会第二十次会议决议公告,高管人员任职变动,2024-01-16,https://data.eastmoney.com/notices/detail/688198/AN202401151617493687.html
688198,佰仁医疗,佰仁医疗:佰仁医疗关于选举第三届监事会职工代表监事的公告,高管人员任职变动,2024-01-16,https://data.eastmoney.com/notices/detail/688198/AN202401151617493698.html
002931,锋龙股份,锋龙股份:关于控股子公司首次通过高新技术企业认定的公告,获得认证,2024-01-16,https://data.eastmoney.com/notices/detail/002931/AN202401151617493697.html
600058,五矿发展,五矿发展:五矿发展股份有限公司关于召开2024年第一次临时股东大会的通知,召开股东大会通知,2024-01-16,https://data.eastmoney.com/notices/detail/600058/AN202401151617493552.html
601137,博威合金,博威合金:博威合金向不特定对象发行可转换公司债券上市公告书,其他,2024-01-16,https://data.eastmoney.com/notices/detail/601137/AN202401151617493551.html
603363,傲农生物,傲农生物:福建傲农生物科技集团股份有限公司关于控股股东及实际控制人部分股份被司法冻结及司法标记的公告,股份质押、冻结,2024-01-16,https://data.eastmoney.com/notices/detail/603363/AN202401151617493523.html
605580,恒盛能源,恒盛能源:恒盛能源股份有限公司关于向全资子公司增资的公告,增资扩股,2024-01-16,https://data.eastmoney.com/notices/detail/605580/AN202401151617493492.html
002345,潮宏基,潮宏基:关于公司12月份新增直营门店情况简报的公告,月度经营情况,2024-01-16,https://data.eastmoney.com/notices/detail/002345/AN202401151617493480.html
000607,华媒控股,华媒控股:关于选举产生第十一届监事会职工代表监事的公告,高管人员任职变动,2024-01-16,https://data.eastmoney.com/notices/detail/000607/AN202401151617493482.html
600674,川投能源,川投能源:四川川投能源股份有限公司关于实施“川投转债”赎回暨摘牌的第三次提示性公告,其他,2024-01-16,https://data.eastmoney.com/notices/detail/600674/AN202401151617493444.html
603588,高能环境,高能环境:高能环境关于补选公司监事的公告,高管人员任职变动,2024-01-16,https://data.eastmoney.com/notices/detail/603588/AN202401151617493425.html
603588,高能环境,高能环境:高能环境关于召开2024年第一次临时股东大会的通知,召开股东大会通知,2024-01-16,https://data.eastmoney.com/notices/detail/603588/AN202401151617493443.html
603822,ST嘉澳,嘉澳环保:第六届董事会第六次会议决议公告,董事会决议公告,2024-01-16,https://data.eastmoney.com/notices/detail/603822/AN202401151617493422.html
603822,ST嘉澳,嘉澳环保:董事会审计委员会工作细则(2024年1月修订),议事规则/实施细则,2024-01-16,https://data.eastmoney.com/notices/detail/603822/AN202401151617493424.html
603822,ST嘉澳,嘉澳环保:董事会提名委员会工作细则(2024年1月修订),议事规则/实施细则,2024-01-16,https://data.eastmoney.com/notices/detail/603822/AN202401151617493423.html
603822,ST嘉澳,嘉澳环保:董事会薪酬与考核委员会工作细则(2024年1月修订),议事规则/实施细则,2024-01-16,https://data.eastmoney.com/notices/detail/603822/AN202401151617493421.html
603822,ST嘉澳,嘉澳环保:董事会议事规则(2024年1月修订),议事规则/实施细则,2024-01-16,https://data.eastmoney.com/notices/detail/603822/AN202401151617493442.html
603822,ST嘉澳,嘉澳环保:独立董事制度(2024年1月修订),管理办法/制度,2024-01-16,https://data.eastmoney.com/notices/detail/603822/AN202401151617493420.html
603822,ST嘉澳,嘉澳环保:独立董事专门会议工作细则(2024年1月制定),议事规则/实施细则,2024-01-16,https://data.eastmoney.com/notices/detail/603822/AN202401151617493440.html
603822,ST嘉澳,嘉澳环保:对外担保决策制度(2024年1月修订),管理办法/制度,2024-01-16,https://data.eastmoney.com/notices/detail/603822/AN202401151617493441.html
603822,ST嘉澳,嘉澳环保:对外投资管理制度(2024年1月修订),管理办法/制度,2024-01-16,https://data.eastmoney.com/notices/detail/603822/AN202401151617493439.html
603822,ST嘉澳,嘉澳环保:防止大股东及关联方占用公司资金管理制度(2024年1月修订),管理办法/制度,2024-01-16,https://data.eastmoney.com/notices/detail/603822/AN202401151617493419.html
603822,ST嘉澳,嘉澳环保:股东大会议事规则(2024年1月修订),议事规则/实施细则,2024-01-16,https://data.eastmoney.com/notices/detail/603822/AN202401151617493437.html
603822,ST嘉澳,嘉澳环保:关联交易管理制度(2024年1月修订),管理办法/制度,2024-01-16,https://data.eastmoney.com/notices/detail/603822/AN202401151617493438.html
603822,ST嘉澳,嘉澳环保:累积投票制实施细则(2024年1月修订),议事规则/实施细则,2024-01-16,https://data.eastmoney.com/notices/detail/603822/AN202401151617493436.html
603822,ST嘉澳,嘉澳环保:募集资金管理制度(2024年1月修订),管理办法/制度,2024-01-16,https://data.eastmoney.com/notices/detail/603822/AN202401151617493418.html
603822,ST嘉澳,嘉澳环保:投资者关系管理制度(2024年1月修订),管理办法/制度,2024-01-16,https://data.eastmoney.com/notices/detail/603822/AN202401151617493435.html
603822,ST嘉澳,嘉澳环保:信息披露管理制度(2024年1月修订),管理办法/制度,2024-01-16,https://data.eastmoney.com/notices/detail/603822/AN202401151617493417.html
603822,ST嘉澳,嘉澳环保:重大事项报告制度(2024年1月修订),管理办法/制度,2024-01-16,https://data.eastmoney.com/notices/detail/603822/AN202401151617493434.html
603822,ST嘉澳,嘉澳环保:重大资产经营办法(2024年1月修订),管理办法/制度,2024-01-16,https://data.eastmoney.com/notices/detail/603822/AN202401151617493432.html
603822,ST嘉澳,嘉澳环保:关于2024年度向金融机构申请融资授信额度的公告,借贷,2024-01-16,https://data.eastmoney.com/notices/detail/603822/AN202401151617493431.html
603822,ST嘉澳,嘉澳环保:关于2024年度公司及下属公司(连云港嘉澳除外)相互提供担保的公告,提供/对外担保公告,2024-01-16,https://data.eastmoney.com/notices/detail/603822/AN202401151617493416.html
603822,ST嘉澳,嘉澳环保:关于公司2024年度计划使用自有闲置资金进行投资理财及国债逆回购的公告,投资理财,2024-01-16,https://data.eastmoney.com/notices/detail/603822/AN202401151617493428.html
603822,ST嘉澳,嘉澳环保:关于公司2024年度拟开展融资租赁业务的公告,借贷,2024-01-16,https://data.eastmoney.com/notices/detail/603822/AN202401151617493430.html
603822,ST嘉澳,嘉澳环保:关于召开2024年第一次临时股东大会的通知,召开股东大会通知,2024-01-16,https://data.eastmoney.com/notices/detail/603822/AN202401151617493415.html
603822,ST嘉澳,嘉澳环保:第六届监事会第三次会议决议公告,监事会决议公告,2024-01-16,https://data.eastmoney.com/notices/detail/603822/AN202401151617493414.html
603822,ST嘉澳,嘉澳环保:关于2024年度对连云港嘉澳新能源有限公司提供关联担保的公告,提供/对外担保公告,2024-01-16,https://data.eastmoney.com/notices/detail/603822/AN202401151617493427.html
603822,ST嘉澳,嘉澳环保:关于与浙江宏能物流有限公司2024年预计关联交易的公告,关联交易,2024-01-16,https://data.eastmoney.com/notices/detail/603822/AN202401151617493412.html
603822,ST嘉澳,嘉澳环保:独立董事专门会议关于第六届董事会第六次会议相关事项的审核意见,专项说明/独立意见,2024-01-16,https://data.eastmoney.com/notices/detail/603822/AN202401151617493426.html
603822,ST嘉澳,嘉澳环保:关于修订公司章程的公告,公司章程修订,2024-01-16,https://data.eastmoney.com/notices/detail/603822/AN202401151617493413.html
603822,ST嘉澳,嘉澳环保:浙江嘉澳环保科技股份有限公司章程(2024年1月修订),公司章程,2024-01-16,https://data.eastmoney.com/notices/detail/603822/AN202401151617493411.html
600241,时代万恒,时代万恒:辽宁恒信律师事务所关于辽宁时代万恒股份有限公司2024年第一次临时股东大会的法律意见书,法律意见书,2024-01-16,https://data.eastmoney.com/notices/detail/600241/AN202401151617493384.html
600306,退市商城,*ST商城:沈阳商业城股份有限公司关于股票交易风险提示公告,风险提示性公告,2024-01-16,https://data.eastmoney.com/notices/detail/600306/AN202401151617493386.html
600241,时代万恒,时代万恒:辽宁时代万恒股份有限公司2024年第一次临时股东大会决议公告,股东大会决议公告,2024-01-16,https://data.eastmoney.com/notices/detail/600241/AN202401151617493383.html
688350,富淼科技,富淼科技:江苏富淼科技股份有限公司2024年第一次临时股东大会会议资料,股东大会资料,2024-01-16,https://data.eastmoney.com/notices/detail/688350/AN202401151617493385.html
600306,退市商城,*ST商城:德邦证券股份有限公司关于沈阳商业城股份有限公司2023年度股权分置改革保荐工作报告书,保荐/核查意见,2024-01-16,https://data.eastmoney.com/notices/detail/600306/AN202401151617493379.html
600509,天富能源,天富能源:新疆天富能源股份有限公司关于收到居民电价补贴的公告,获得补贴（资助）,2024-01-16,https://data.eastmoney.com/notices/detail/600509/AN202401151617493378.html
600197,伊力特,伊力特:新疆伊力特实业股份有限公司2024年第一次临时股东大会上网资料,股东大会资料,2024-01-16,https://data.eastmoney.com/notices/detail/600197/AN202401151617493380.html
605009,豪悦护理,豪悦护理:国浩律师(杭州)事务所关于杭州豪悦护理用品股份有限公司2024年第一次临时股东大会之法律意见书,法律意见书,2024-01-16,https://data.eastmoney.com/notices/detail/605009/AN202401151617493365.html
605009,豪悦护理,豪悦护理:杭州豪悦护理用品股份有限公司2024年第一次临时股东大会决议公告,股东大会决议公告,2024-01-16,https://data.eastmoney.com/notices/detail/605009/AN202401151617493364.html
600617,国新能源,国新能源:山西省国新能源股份有限公司第十届监事会第八次会议决议公告,高管人员任职变动,2024-01-16,https://data.eastmoney.com/notices/detail/600617/AN202401151617493302.html
600178,东安动力,东安动力:东安动力关于为下属控股子公司提供担保的进展公告,提供/对外担保公告,2024-01-16,https://data.eastmoney.com/notices/detail/600178/AN202401151617493311.html
600989,宝丰能源,宝丰能源:宁夏宝丰能源集团股份有限公司2024年第一次临时股东大会决议公告,股东大会决议公告,2024-01-16,https://data.eastmoney.com/notices/detail/600989/AN202401151617493300.html
600989,宝丰能源,宝丰能源:宁夏宝丰能源集团股份有限公司2024年第一次临时股东大会法律意见书,法律意见书,2024-01-16,https://data.eastmoney.com/notices/detail/600989/AN202401151617493301.html
000925,众合科技,众合科技:2024年第一次临时股东大会决议公告,股东大会决议公告,2024-01-16,https://data.eastmoney.com/notices/detail/000925/AN202401151617493312.html
601077,渝农商行,渝农商行:重庆农村商业银行股份有限公司关于副行长辞任的公告,高管人员任职变动,2024-01-16,https://data.eastmoney.com/notices/detail/601077/AN202401151617493271.html
600166,福田汽车,福田汽车:关于股份回购实施结果的公告,回购实施公告,2024-01-16,https://data.eastmoney.com/notices/detail/600166/AN202401151617493272.html
603596,伯特利,伯特利:伯特利关于为全资子公司提供担保的公告,提供/对外担保公告,2024-01-16,https://data.eastmoney.com/notices/detail/603596/AN202401151617493255.html
000949,新乡化纤,新乡化纤:新乡化纤股份有限公司独立董事专门会议工作细则(2024年1月),议事规则/实施细则,2024-01-16,https://data.eastmoney.com/notices/detail/000949/AN202401151617493252.html
000949,新乡化纤,新乡化纤:第十一届董事会独立董事专门会议第一次会议决议,董事会决议公告,2024-01-16,https://data.eastmoney.com/notices/detail/000949/AN202401151617493241.html
000949,新乡化纤,新乡化纤:关于新乡菌草新材料技术有限公司投资进展暨关联交易的公告,关联交易,2024-01-16,https://data.eastmoney.com/notices/detail/000949/AN202401151617493249.html
000949,新乡化纤,新乡化纤:第十一届董事会第九次会议决议公告,董事会决议公告,2024-01-16,https://data.eastmoney.com/notices/detail/000949/AN202401151617493239.html
002015,协鑫能科,协鑫能科:2024年第二次临时股东大会的律师见证法律意见书,法律意见书,2024-01-16,https://data.eastmoney.com/notices/detail/002015/AN202401151617493261.html
002015,协鑫能科,协鑫能科:2024年第二次临时股东大会决议公告,股东大会决议公告,2024-01-16,https://data.eastmoney.com/notices/detail/002015/AN202401151617493256.html
002451,摩恩电气,摩恩电气:关于控股股东部分股票质押式回购交易购回的公告,股份质押、冻结,2024-01-16,https://data.eastmoney.com/notices/detail/002451/AN202401151617493244.html
002287,奇正藏药,奇正藏药:北京海润天睿律师事务所关于西藏奇正藏药股份有限公司2024年第一次临时股东大会的法律意见书,法律意见书,2024-01-16,https://data.eastmoney.com/notices/detail/002287/AN202401151617493240.html
002287,奇正藏药,奇正藏药:2024年第一次临时股东大会决议公告,股东大会决议公告,2024-01-16,https://data.eastmoney.com/notices/detail/002287/AN202401151617493242.html
000925,众合科技,众合科技:众合科技2024年第一次临时股东大会法律意见书,法律意见书,2024-01-16,https://data.eastmoney.com/notices/detail/000925/AN202401151617493258.html
603298,杭叉集团,杭叉集团:2023年年度业绩预增公告,业绩预告,2024-01-16,https://data.eastmoney.com/notices/detail/603298/AN202401151617493207.html
000949,新乡化纤,新乡化纤:第十一届监事会第九次会议决议公告,监事会决议公告,2024-01-16,https://data.eastmoney.com/notices/detail/000949/AN202401151617493196.html
002786,银宝山新,银宝山新:关于向公司关联方借款暨关联交易的进展公告,借贷,2024-01-16,https://data.eastmoney.com/notices/detail/002786/AN202401151617493194.html
605050,福然德,福然德:福然德股份有限公司简式权益变动报告书,权益变动报告书,2024-01-16,https://data.eastmoney.com/notices/detail/605050/AN202401151617493175.html
605050,福然德,福然德:福然德股份有限公司关于持股5%以上股东减持股份后持股比例低于5%的权益变动提示性公告,权益变动报告书,2024-01-16,https://data.eastmoney.com/notices/detail/605050/AN202401151617493174.html
002586,ST围海,*ST围海:关于诉讼事项的公告,诉讼仲裁,2024-01-16,https://data.eastmoney.com/notices/detail/002586/AN202401151617493051.html
002326,永太科技,永太科技:关于公司及全资子公司通过高新技术企业重新认定的公告,获得认证,2024-01-16,https://data.eastmoney.com/notices/detail/002326/AN202401151617493050.html
000417,合百集团,合肥百货:2023年度业绩预告,业绩预告,2024-01-16,https://data.eastmoney.com/notices/detail/000417/AN202401151617493018.html
600557,康缘药业,康缘药业:江苏康缘药业股份有限公司关于收到药品GMP符合性检查结果的公告,其他,2024-01-16,https://data.eastmoney.com/notices/detail/600557/AN202401151617493003.html
605188,国光连锁,国光连锁:江西国光商业连锁股份有限公司股东减持股份结果公告,股东/实际控制人股份减持,2024-01-16,https://data.eastmoney.com/notices/detail/605188/AN202401151617493004.html
600803,新奥股份,新奥股份:新奥股份关于实际控制人之一致行动人之间内部协议转让公司股份过户完成的公告,股权转让,2024-01-16,https://data.eastmoney.com/notices/detail/600803/AN202401151617492997.html
603042,华脉科技,华脉科技:关于控股股东、实际控制人部分股份质押的公告,股份质押、冻结,2024-01-16,https://data.eastmoney.com/notices/detail/603042/AN202401151617492990.html
603216,梦天家居,梦天家居:梦天家居关于使用闲置募集资金进行现金管理提前赎回的公告,投资理财,2024-01-16,https://data.eastmoney.com/notices/detail/603216/AN202401151617492978.html
603176,汇通集团,汇通集团:汇通集团关于变更审计机构项目合伙人、签字注册会计师及项目质量控制复核人的公告,审计机构变更,2024-01-16,https://data.eastmoney.com/notices/detail/603176/AN202401151617492977.html
600052,东望时代,东望时代:浙江东望时代科技股份有限公司关于担保事项进展暨回购专用证券账户被司法冻结的公告,其他担保公告,2024-01-16,https://data.eastmoney.com/notices/detail/600052/AN202401151617492965.html
601330,绿色动力,绿色动力:关于终止股权收购事项的公告,收购出售资产/股权,2024-01-16,https://data.eastmoney.com/notices/detail/601330/AN202401151617492964.html
688276,百克生物,百克生物:长春百克生物科技股份公司2023年年度业绩预告的公告,业绩预告,2024-01-16,https://data.eastmoney.com/notices/detail/688276/AN202401151617492912.html
301155,海力风电,海力风电:关于变更公司经营范围、修订公司章程并办理工商变更登记的公告,公司经营范围变更,2024-01-16,https://data.eastmoney.com/notices/detail/301155/AN202401151617492925.html
301155,海力风电,海力风电:第二届董事会第二十次会议决议公告,董事会决议公告,2024-01-16,https://data.eastmoney.com/notices/detail/301155/AN202401151617492928.html
300121,阳谷华泰,阳谷华泰:中泰证券股份有限公司关于山东阳谷华泰化工股份有限公司2023年度现场检查报告,保荐/核查意见,2024-01-16,https://data.eastmoney.com/notices/detail/300121/AN202401151617492929.html
300121,阳谷华泰,阳谷华泰:关于通过高新技术企业重新认定的公告,获得认证,2024-01-16,https://data.eastmoney.com/notices/detail/300121/AN202401151617492930.html
002515,金字火腿,金字火腿:甬兴证券有限公司关于金字火腿股份有限公司2023年下半年持续督导工作定期现场检查报告,保荐/核查意见,2024-01-16,https://data.eastmoney.com/notices/detail/002515/AN202401151617492924.html
002379,宏桥控股,宏创控股:关于公司法定代表人变更完成工商登记的公告,法定代表人变更,2024-01-16,https://data.eastmoney.com/notices/detail/002379/AN202401151617492923.html
000663,永安林业,永安林业:关于召开公司2024年第一次临时股东大会的提示性公告,召开股东大会提示性公告,2024-01-16,https://data.eastmoney.com/notices/detail/000663/AN202401151617492927.html
000531,穗恒运A,穗恒运Ａ:广州恒运企业集团股份有限公司2023年年度度业绩预告,业绩预告,2024-01-16,https://data.eastmoney.com/notices/detail/000531/AN202401151617492926.html
301155,海力风电,海力风电:关于召开2024年第一次临时股东大会通知的公告,召开股东大会通知,2024-01-16,https://data.eastmoney.com/notices/detail/301155/AN202401151617492891.html
300121,阳谷华泰,阳谷华泰:中泰证券股份有限公司关于山东阳谷华泰化工股份有限公司2023年度持续督导培训情况报告,保荐/核查意见,2024-01-16,https://data.eastmoney.com/notices/detail/300121/AN202401151617492890.html
001376,百通能源,百通能源:天风证券股份有限公司关于江西百通能源股份有限公司2023年度持续督导培训情况报告,保荐/核查意见,2024-01-16,https://data.eastmoney.com/notices/detail/001376/AN202401151617492889.html
001207,联科科技,联科科技:山东联科科技股份有限公司关于独立董事辞职的公告,高管人员任职变动,2024-01-16,https://data.eastmoney.com/notices/detail/001207/AN202401151617492887.html
001207,联科科技,联科科技:中泰证券股份有限公司关于山东联科科技股份有限公司2023年度持续督导定期现场检查报告,保荐/核查意见,2024-01-16,https://data.eastmoney.com/notices/detail/001207/AN202401151617492888.html
001207,联科科技,联科科技:中泰证券股份有限公司关于山东联科科技股份有限公司2023年持续督导培训工作报告,保荐/核查意见,2024-01-16,https://data.eastmoney.com/notices/detail/001207/AN202401151617492886.html
300894,火星人,火星人:关于预计触发可转债转股价格向下修正条件的提示性公告,其他,2024-01-16,https://data.eastmoney.com/notices/detail/300894/AN202401151617492875.html
601022,宁波远洋,宁波远洋:宁波远洋运输股份有限公司关于吸收合并全资子公司的公告,吸收合并,2024-01-16,https://data.eastmoney.com/notices/detail/601022/AN202401151617492867.html
603518,锦泓集团,锦泓集团:锦泓时装集团股份有限公司关于“维格转债”付息的公告,其他,2024-01-16,https://data.eastmoney.com/notices/detail/603518/AN202401151617492864.html
688338,赛科希德,赛科希德:赛科希德2023年度业绩快报公告,业绩快报,2024-01-16,https://data.eastmoney.com/notices/detail/688338/AN202401151617492865.html
601022,宁波远洋,宁波远洋:宁波远洋运输股份有限公司关于召开2024年第一次临时股东大会的通知,召开股东大会通知,2024-01-16,https://data.eastmoney.com/notices/detail/601022/AN202401151617492866.html
601022,宁波远洋,宁波远洋:宁波远洋运输股份有限公司关于提名第一届监事会非职工代表监事候选人的公告,高管人员任职变动,2024-01-16,https://data.eastmoney.com/notices/detail/601022/AN202401151617492863.html
603179,新泉股份,新泉股份:江苏新泉汽车饰件股份有限公司2023年年度业绩预增公告,业绩预告,2024-01-16,https://data.eastmoney.com/notices/detail/603179/AN202401151617492852.html
600030,中信证券,中信证券:中信证券股份有限公司关于间接子公司发行中期票据并由全资子公司提供担保的公告,提供/对外担保公告,2024-01-16,https://data.eastmoney.com/notices/detail/600030/AN202401151617492683.html
601699,潞安环能,潞安环能:潞安环能2023年12月主要运营数据公告,月度经营情况,2024-01-16,https://data.eastmoney.com/notices/detail/601699/AN202401151617492563.html
002294,信立泰,信立泰:关于控股股东股份质押的公告,股份质押、冻结,2024-01-16,https://data.eastmoney.com/notices/detail/002294/AN202401151617492559.html
002294,信立泰,信立泰:关于股东无偿捐赠部分公司股份的公告,其他,2024-01-16,https://data.eastmoney.com/notices/detail/002294/AN202401151617492445.html
002124,天邦食品,天邦食品:关于公司职工监事更名的提示性公告,高管人员任职变动,2024-01-16,https://data.eastmoney.com/notices/detail/002124/AN202401151617492319.html
002799,环球印务,环球印务:关于公司及子公司再次通过高新技术企业认定的公告,获得认证,2024-01-16,https://data.eastmoney.com/notices/detail/002799/AN202401151617492320.html
001366,播恩集团,播恩集团:关于证券事务代表辞职的公告,高管人员任职变动,2024-01-16,https://data.eastmoney.com/notices/detail/001366/AN202401151617492318.html
300673,佩蒂股份,佩蒂股份:关于控股股东、实际控制人增持公司股份计划的公告,股东/实际控制人股份增持,2024-01-16,https://data.eastmoney.com/notices/detail/300673/AN202401151617492322.html
002723,小崧股份,小崧股份:关于收购佛山普希100%股权的进展公告,收购出售资产/股权,2024-01-16,https://data.eastmoney.com/notices/detail/002723/AN202401151617492244.html
301149,隆华新材,隆华新材:2023年度业绩预告,业绩预告,2024-01-16,https://data.eastmoney.com/notices/detail/301149/AN202401151617492245.html
600598,北大荒,北大荒:黑龙江北大荒农业股份有限公司关于公司董事长王守聪先生辞职的公告,高管人员任职变动,2024-01-16,https://data.eastmoney.com/notices/detail/600598/AN202401151617492127.html
603733,仙鹤股份,仙鹤股份:仙鹤股份关于不向下修正“鹤21转债”转股价格的公告,其他,2024-01-16,https://data.eastmoney.com/notices/detail/603733/AN202401151617492118.html
603818,曲美家居,曲美家居:第五届董事会第三次会议决议公告,董事会决议公告,2024-01-16,https://data.eastmoney.com/notices/detail/603818/AN202401151617492105.html
600255,鑫科材料,鑫科材料:鑫科材料关于调整董事会各专门委员会成员的公告,高管人员任职变动,2024-01-16,https://data.eastmoney.com/notices/detail/600255/AN202401151617492101.html
600255,鑫科材料,鑫科材料:鑫科材料九届十次监事会决议公告,高管人员任职变动,2024-01-16,https://data.eastmoney.com/notices/detail/600255/AN202401151617492103.html
601618,中国中冶,中国中冶:中国中冶2023年1-12月新签合同情况简报,月度经营情况,2024-01-16,https://data.eastmoney.com/notices/detail/601618/AN202401151617492108.html
603818,曲美家居,曲美家居:关于公司闲置厂房出租的公告,收购出售资产/股权,2024-01-16,https://data.eastmoney.com/notices/detail/603818/AN202401151617492106.html
603818,曲美家居,曲美家居:第五届监事会第三次会议决议公告,监事会决议公告,2024-01-16,https://data.eastmoney.com/notices/detail/603818/AN202401151617492107.html
603818,曲美家居,曲美家居:独立董事关于第五届董事会第三次会议相关议案的独立意见,专项说明/独立意见,2024-01-16,https://data.eastmoney.com/notices/detail/603818/AN202401151617492104.html
600255,鑫科材料,鑫科材料:鑫科材料九届十五次董事会决议公告,高管人员任职变动,2024-01-16,https://data.eastmoney.com/notices/detail/600255/AN202401151617492102.html
688595,芯海科技,芯海科技:芯海科技股东询价转让定价情况提示性公告,询价转让定价情况提示性公告,2024-01-16,https://data.eastmoney.com/notices/detail/688595/AN202401151617492088.html
002474,榕基软件,榕基软件:独立董事提名人声明与承诺(黄旭明),独立董事提名人声明,2024-01-16,https://data.eastmoney.com/notices/detail/002474/AN202401151617492095.html
002474,榕基软件,榕基软件:2024年第一次临时股东大会的通知,召开股东大会通知,2024-01-16,https://data.eastmoney.com/notices/detail/002474/AN202401151617492086.html
300905,宝丽迪,宝丽迪:2023年年度业绩预告,业绩预告,2024-01-16,https://data.eastmoney.com/notices/detail/300905/AN202401151617492093.html
603011,合锻智能,合锻智能:合肥合锻智能制造股份有限公司2022年第三季度报告(修订版),三季度报告全文,2024-01-16,https://data.eastmoney.com/notices/detail/603011/AN202401151617491967.html
603011,合锻智能,合锻智能:合肥合锻智能制造股份有限公司2022年半年度报告(修订版),半年度报告全文,2024-01-16,https://data.eastmoney.com/notices/detail/603011/AN202401151617491966.html
002474,榕基软件,榕基软件:关于公司增补独立董事的公告,高管人员任职变动,2024-01-16,https://data.eastmoney.com/notices/detail/002474/AN202401151617491964.html
002474,榕基软件,榕基软件:关于聘任公司副总裁、变更财务总监的公告,高管人员任职变动,2024-01-16,https://data.eastmoney.com/notices/detail/002474/AN202401151617491965.html
002474,榕基软件,榕基软件:第六届董事会第十次会议决议公告,高管人员任职变动,2024-01-16,https://data.eastmoney.com/notices/detail/002474/AN202401151617491963.html
600887,伊利股份,伊利股份:内蒙古伊利实业集团股份有限公司关于2024年度第五、六期超短期融资券发行结果的公告,其他,2024-01-16,https://data.eastmoney.com/notices/detail/600887/AN202401151617491749.html
601800,中国交建,中国交建:中国交建关于董事辞任的公告,高管人员任职变动,2024-01-16,https://data.eastmoney.com/notices/detail/601800/AN202401151617491748.html
300404,博济医药,博济医药:关于使用暂时闲置募集资金进行现金管理的进展公告,募集资金使用进展情况,2024-01-16,https://data.eastmoney.com/notices/detail/300404/AN202401151617491745.html
002090,金智科技,金智科技:第八届董事会第十一次会议决议公告,董事会决议公告,2024-01-16,https://data.eastmoney.com/notices/detail/002090/AN202401151617491735.html
002090,金智科技,金智科技:关于控股子公司易普优能拟投资建设富锦市一热源迁建项目热源工程的公告,其他,2024-01-16,https://data.eastmoney.com/notices/detail/002090/AN202401151617491737.html
002474,榕基软件,榕基软件:独立董事候选人声明与承诺(黄旭明),独立董事候选人声明,2024-01-16,https://data.eastmoney.com/notices/detail/002474/AN202401151617491736.html
603867,新化股份,新化股份:新化股份关于以集中竞价交易方式首次回购股份的公告,回购实施公告,2024-01-16,https://data.eastmoney.com/notices/detail/603867/AN202401151617491719.html
002434,万里扬,万里扬:关于全资子公司参与投资创业投资基金的进展公告,其他,2024-01-16,https://data.eastmoney.com/notices/detail/002434/AN202401151617491729.html
300701,森霸传感,森霸传感:关于向金融机构申请综合授信额度的公告,借贷,2024-01-16,https://data.eastmoney.com/notices/detail/300701/AN202401151617491716.html
300701,森霸传感,森霸传感:关于增补第四届董事会独立董事的公告,高管人员任职变动,2024-01-16,https://data.eastmoney.com/notices/detail/300701/AN202401151617491715.html
300701,森霸传感,森霸传感:第四届董事会第二十一次会议决议公告,高管人员任职变动,2024-01-16,https://data.eastmoney.com/notices/detail/300701/AN202401151617491717.html
300701,森霸传感,森霸传感:独立董事提名人声明(倪骁然),独立董事提名人声明,2024-01-16,https://data.eastmoney.com/notices/detail/300701/AN202401151617491724.html
300701,森霸传感,森霸传感:关于变更内审部门负责人的公告,高管人员任职变动,2024-01-16,https://data.eastmoney.com/notices/detail/300701/AN202401151617491722.html
300701,森霸传感,森霸传感:关于修订公司章程的公告,公司章程修订,2024-01-16,https://data.eastmoney.com/notices/detail/300701/AN202401151617491725.html
300701,森霸传感,森霸传感:独立董事候选人声明(倪骁然),独立董事候选人声明,2024-01-16,https://data.eastmoney.com/notices/detail/300701/AN202401151617491728.html
300701,森霸传感,森霸传感:关于召开2024年第一次临时股东大会通知的公告,召开股东大会通知,2024-01-16,https://data.eastmoney.com/notices/detail/300701/AN202401151617491720.html
600497,驰宏锌锗,驰宏锌锗:驰宏锌锗关于收购青海鸿鑫矿业有限公司100%股权完成工商变更登记的公告,收购出售资产/股权,2024-01-16,https://data.eastmoney.com/notices/detail/600497/AN202401151617491694.html
300701,森霸传感,森霸传感:第四届监事会第二十次会议决议公告,监事会决议公告,2024-01-16,https://data.eastmoney.com/notices/detail/300701/AN202401151617491665.html
300701,森霸传感,森霸传感:公司章程(2024年1月),公司章程,2024-01-16,https://data.eastmoney.com/notices/detail/300701/AN202401151617491672.html
300550,和仁科技,和仁科技:关于2024年度日常关联交易预计的公告,关联交易,2024-01-16,https://data.eastmoney.com/notices/detail/300550/AN202401151617491657.html
300550,和仁科技,和仁科技:关于与关联方共同对外投资暨关联交易公告,对外项目投资,2024-01-16,https://data.eastmoney.com/notices/detail/300550/AN202401151617491658.html
300550,和仁科技,和仁科技:第四届监事会第五次会议决议公告,监事会决议公告,2024-01-16,https://data.eastmoney.com/notices/detail/300550/AN202401151617491661.html
300550,和仁科技,和仁科技:关于召开2024年第一次临时股东大会的通知,召开股东大会通知,2024-01-16,https://data.eastmoney.com/notices/detail/300550/AN202401151617491662.html
002749,国光股份,国光股份:关于国光转债回售的第三次提示性公告,其他,2024-01-16,https://data.eastmoney.com/notices/detail/002749/AN202401151617491659.html
002521,齐峰新材,齐峰新材:关于公司申请向特定对象发行股票提交募集说明书(注册稿)等申请文件的提示性公告,其他,2024-01-16,https://data.eastmoney.com/notices/detail/002521/AN202401151617491664.html
688498,源杰科技,源杰科技:陕西源杰半导体科技股份有限公司2024年第一次临时股东大会会议资料,股东大会资料,2024-01-16,https://data.eastmoney.com/notices/detail/688498/AN202401151617491663.html
300550,和仁科技,和仁科技:第四届董事会第五次会议决议公告,董事会决议公告,2024-01-16,https://data.eastmoney.com/notices/detail/300550/AN202401151617491650.html
300522,世名科技,世名科技:苏州世名科技股份有限公司关于控股股东、实际控制人部分股份解除质押的公告,股份质押、冻结,2024-01-16,https://data.eastmoney.com/notices/detail/300522/AN202401151617491644.html
000935,四川双马,四川双马:关于和谐绿色产业基金新增合伙人的公告,其他,2024-01-16,https://data.eastmoney.com/notices/detail/000935/AN202401151617491648.html
000919,金陵药业,金陵药业:金陵药业股份有限公司2023年度向特定对象发行A股股票募集说明书(注册稿),深主板再融资募集说明书注册稿,2024-01-16,https://data.eastmoney.com/notices/detail/000919/AN202401151617491643.html
000927,中国铁物,中国铁物:中国铁路物资股份有限公司关于召开2024年第一次临时股东大会的通知,召开股东大会通知,2024-01-16,https://data.eastmoney.com/notices/detail/000927/AN202401151617491645.html
000885,城发环境,城发环境:关于大庆市生活垃圾焚烧发电项目转入运营期公告,其他,2024-01-16,https://data.eastmoney.com/notices/detail/000885/AN202401151617491640.html
000927,中国铁物,中国铁物:中国铁路物资股份有限公司关于关于拟选举董事、聘任高管的公告,高管人员任职变动,2024-01-16,https://data.eastmoney.com/notices/detail/000927/AN202401151617491626.html
000927,中国铁物,中国铁物:中国铁路物资股份有限公司第八届董事会第二十九次会议决议公告,高管人员任职变动,2024-01-16,https://data.eastmoney.com/notices/detail/000927/AN202401151617491625.html
000885,城发环境,城发环境:关于中标安阳市北关区环境卫生事务中心环卫一体化特许经营项目的公告,重大合同,2024-01-16,https://data.eastmoney.com/notices/detail/000885/AN202401151617491624.html
603667,五洲新春,五洲新春:五洲新春股东减持股份计划公告,股东/实际控制人股份减持,2024-01-16,https://data.eastmoney.com/notices/detail/603667/AN202401151617491605.html
600604,市北高新,市北高新:市北高新关于召开2024年第二次临时股东大会的通知,召开股东大会通知,2024-01-16,https://data.eastmoney.com/notices/detail/600604/AN202401151617491606.html
600604,市北高新,市北高新:市北高新关于更换董事的公告,高管人员任职变动,2024-01-16,https://data.eastmoney.com/notices/detail/600604/AN202401151617491607.html
600604,市北高新,市北高新:市北高新关于第十届董事会第二次会议决议公告,高管人员任职变动,2024-01-16,https://data.eastmoney.com/notices/detail/600604/AN202401151617491602.html
603016,新宏泰,新宏泰:关于使用部分闲置自有资金进行现金管理到期赎回并继续现金管理的公告,投资理财,2024-01-16,https://data.eastmoney.com/notices/detail/603016/AN202401151617491613.html
603016,新宏泰,新宏泰:关于公司5%以上股东股份解除冻结的公告,股份质押、冻结,2024-01-16,https://data.eastmoney.com/notices/detail/603016/AN202401151617491604.html
600986,浙文互联,浙文互联:浙文互联第十届董事会第十二次临时会议决议公告,高管人员任职变动,2024-01-16,https://data.eastmoney.com/notices/detail/600986/AN202401151617491603.html
600986,浙文互联,浙文互联:浙文互联董事会提名委员会关于非独立董事候选人任职资格的审查意见,专项说明/独立意见,2024-01-16,https://data.eastmoney.com/notices/detail/600986/AN202401151617491611.html
600986,浙文互联,浙文互联:浙文互联关于召开2024年第一次临时股东大会的通知,召开股东大会通知,2024-01-16,https://data.eastmoney.com/notices/detail/600986/AN202401151617491612.html
600986,浙文互联,浙文互联:浙文互联关于补选董事的公告,高管人员任职变动,2024-01-16,https://data.eastmoney.com/notices/detail/600986/AN202401151617491610.html
603617,君禾股份,君禾股份:君禾股份关于使用闲置募集资金购买理财产品的进展公告,募集资金使用进展情况,2024-01-16,https://data.eastmoney.com/notices/detail/603617/AN202401151617491609.html
601838,成都银行,成都银行:成都银行股份有限公司关于召开2024年第一次临时股东大会的通知,召开股东大会通知,2024-01-16,https://data.eastmoney.com/notices/detail/601838/AN202401151617491608.html
002826,易明医药,易明医药:关于使用自有资金进行现金管理的进展公告,投资理财,2024-01-16,https://data.eastmoney.com/notices/detail/002826/AN202401151617491587.html
002826,易明医药,易明医药:关于控股股东部分股份解除质押的公告,股份质押、冻结,2024-01-16,https://data.eastmoney.com/notices/detail/002826/AN202401151617491590.html
300809,华辰装备,华辰装备:华辰精密装备(昆山)股份有限公司关于召开2024年第一次临时股东大会的提示性公告,召开股东大会提示性公告,2024-01-16,https://data.eastmoney.com/notices/detail/300809/AN202401151617491591.html
601608,中信重工,中信重工:中信重工关于担保预计事项进展的公告,其他担保公告,2024-01-16,https://data.eastmoney.com/notices/detail/601608/AN202401151617491347.html
688789,宏华数科,宏华数科:杭州宏华数码科技股份有限公司关于对外投资设立产业基金的公告,投资设立公司,2024-01-16,https://data.eastmoney.com/notices/detail/688789/AN202401151617491316.html
000720,新能泰山,新能泰山:关于召开2024年第一次临时股东大会的提示性公告,召开股东大会提示性公告,2024-01-16,https://data.eastmoney.com/notices/detail/000720/AN202401151617491288.html
688196,卓越新能,卓越新能:卓越新能关于自愿披露签订战略合作框架协议公告,签订协议,2024-01-16,https://data.eastmoney.com/notices/detail/688196/AN202401151617491274.html
001282,三联锻造,三联锻造:第二届董事会第十七次会议决议公告,董事会决议公告,2024-01-16,https://data.eastmoney.com/notices/detail/001282/AN202401151617491271.html
001282,三联锻造,"三联锻造:关于公司拟对全资子公司增资以投资建设年产1,000万件汽车轴轮锻件锻造及机加工项目的公告",增资扩股,2024-01-16,https://data.eastmoney.com/notices/detail/001282/AN202401151617491269.html
001282,三联锻造,三联锻造:关于公司拟新建子公司投资建设汽车轻量化锻件精密加工项目的公告,投资设立公司,2024-01-16,https://data.eastmoney.com/notices/detail/001282/AN202401151617491270.html
603030,全筑股份,*ST全筑:上海全筑控股集团股份有限公司可转换债券2024年度第一次受托管理报告,其他,2024-01-16,https://data.eastmoney.com/notices/detail/603030/AN202401151617491266.html
601616,广电电气,广电电气:第六届监事会第四次会议决议公告,监事会决议公告,2024-01-16,https://data.eastmoney.com/notices/detail/601616/AN202401151617491260.html
601616,广电电气,广电电气:关于拟注销回购股份的公告,回购进展情况,2024-01-16,https://data.eastmoney.com/notices/detail/601616/AN202401151617491259.html
601616,广电电气,广电电气:关于减少注册资本并修订《公司章程》的公告,公司注册资本变更,2024-01-16,https://data.eastmoney.com/notices/detail/601616/AN202401151617491264.html
601616,广电电气,广电电气:上海广电电气(集团)股份有限公司章程,公司章程,2024-01-16,https://data.eastmoney.com/notices/detail/601616/AN202401151617491265.html
601616,广电电气,广电电气:关于控股子公司拟申请向不特定合格投资者公开发行股票并在北京证券交易所上市的提示性公告,其他,2024-01-16,https://data.eastmoney.com/notices/detail/601616/AN202401151617491258.html
601616,广电电气,广电电气:第六届董事会第六次会议决议公告,董事会决议公告,2024-01-16,https://data.eastmoney.com/notices/detail/601616/AN202401151617491257.html
601616,广电电气,广电电气:上海广电电气(集团)股份有限公司董事会议事规则,议事规则/实施细则,2024-01-16,https://data.eastmoney.com/notices/detail/601616/AN202401151617491256.html
601616,广电电气,广电电气:上海广电电气(集团)股份有限公司董事会审计委员会工作细则,议事规则/实施细则,2024-01-16,https://data.eastmoney.com/notices/detail/601616/AN202401151617491255.html
601616,广电电气,广电电气:上海广电电气(集团)股份有限公司董事会提名委员会工作细则,议事规则/实施细则,2024-01-16,https://data.eastmoney.com/notices/detail/601616/AN202401151617491254.html
601616,广电电气,广电电气:上海广电电气(集团)股份有限公司董事会薪酬与考核委员会工作细则,议事规则/实施细则,2024-01-16,https://data.eastmoney.com/notices/detail/601616/AN202401151617491263.html
601616,广电电气,广电电气:上海广电电气(集团)股份有限公司独立董事工作制度,管理办法/制度,2024-01-16,https://data.eastmoney.com/notices/detail/601616/AN202401151617491262.html
601616,广电电气,广电电气:上海广电电气(集团)股份有限公司关联交易管理办法,管理办法/制度,2024-01-16,https://data.eastmoney.com/notices/detail/601616/AN202401151617491252.html
601616,广电电气,广电电气:上海广电电气(集团)股份有限公司会计师事务所选聘制度,管理办法/制度,2024-01-16,https://data.eastmoney.com/notices/detail/601616/AN202401151617491253.html
601616,广电电气,广电电气:上海广电电气(集团)股份有限公司独立董事专门会议议事规则,议事规则/实施细则,2024-01-16,https://data.eastmoney.com/notices/detail/601616/AN202401151617491261.html
601616,广电电气,广电电气:关于召开2024年第一次临时股东大会的通知,召开股东大会通知,2024-01-16,https://data.eastmoney.com/notices/detail/601616/AN202401151617491251.html
001282,三联锻造,三联锻造:关于召开2024年第一次临时股东大会的通知,召开股东大会通知,2024-01-16,https://data.eastmoney.com/notices/detail/001282/AN202401151617491248.html
300919,中伟新材,中伟股份:华泰联合证券有限责任公司关于中伟新材料股份有限公司持续督导期2023年培训情况报告,保荐/核查意见,2024-01-16,https://data.eastmoney.com/notices/detail/300919/AN202401151617491236.html
300919,中伟新材,中伟股份:华泰联合证券有限责任公司关于中伟新材料股份有限公司2023年现场检查报告,保荐/核查意见,2024-01-16,https://data.eastmoney.com/notices/detail/300919/AN202401151617491235.html
600600,青岛啤酒,青岛啤酒:青岛啤酒股份有限公司2024年第一次临时股东大会会议资料,股东大会资料,2024-01-16,https://data.eastmoney.com/notices/detail/600600/AN202401151617491233.html
002398,垒知集团,垒知集团:关于预计触发转股价格向下修正条件的提示性公告,其他,2024-01-16,https://data.eastmoney.com/notices/detail/002398/AN202401151617491230.html
688314,康拓医疗,康拓医疗:西安康拓医疗技术股份有限公司关于变更签字注册会计师的公告,公司关联方基本资料变更,2024-01-16,https://data.eastmoney.com/notices/detail/688314/AN202401151617491211.html
002747,埃斯顿,埃斯顿:关于控股子公司增资扩股暨引入战略投资者的进展公告,其他,2024-01-16,https://data.eastmoney.com/notices/detail/002747/AN202401151617491191.html
688448,磁谷科技,磁谷科技:兴业证券股份有限公司关于南京磁谷科技股份有限公司2023年度持续督导工作现场检查报告,保荐/核查意见,2024-01-16,https://data.eastmoney.com/notices/detail/688448/AN202401151617491179.html
002765,蓝黛科技,蓝黛科技:关于完成工商变更登记的公告,公司注册资本变更,2024-01-16,https://data.eastmoney.com/notices/detail/002765/AN202401151617491173.html
002697,红旗连锁,红旗连锁:关于使用自有闲置资金购买银行理财产品的公告,投资理财,2024-01-16,https://data.eastmoney.com/notices/detail/002697/AN202401151617491172.html
000089,深圳机场,深圳机场:关于2023年12月生产经营快报的自愿性信息披露公告,月度经营情况,2024-01-16,https://data.eastmoney.com/notices/detail/000089/AN202401151617491154.html
605151,西上海,西上海:西上海关于使用部分暂时闲置募集资金进行现金管理的公告,投资理财,2024-01-16,https://data.eastmoney.com/notices/detail/605151/AN202401151617491149.html
605151,西上海,西上海:海通证券股份有限公司关于西上海汽车服务股份有限公司使用部分暂时闲置募集资金进行现金管理的核查意见,保荐/核查意见,2024-01-16,https://data.eastmoney.com/notices/detail/605151/AN202401151617491150.html
605151,西上海,西上海:西上海第五届监事会第十八次会议决议公告,监事会决议公告,2024-01-16,https://data.eastmoney.com/notices/detail/605151/AN202401151617491144.html
600505,西昌电力,西昌电力:西昌电力关于控股子公司光伏项目法人确认的公告,其他,2024-01-16,https://data.eastmoney.com/notices/detail/600505/AN202401151617491151.html
601377,兴业证券,兴业证券:兴业证券第六届董事会第十九次会议决议公告,高管人员任职变动,2024-01-16,https://data.eastmoney.com/notices/detail/601377/AN202401151617491147.html
601377,兴业证券,兴业证券:兴业证券独立董事关于第六届董事会第十九次会议相关事项的独立意见,专项说明/独立意见,2024-01-16,https://data.eastmoney.com/notices/detail/601377/AN202401151617491148.html
601377,兴业证券,兴业证券:独立董事候选人声明与承诺(董希淼),独立董事候选人声明,2024-01-16,https://data.eastmoney.com/notices/detail/601377/AN202401151617491145.html
601377,兴业证券,兴业证券:独立董事提名人声明与承诺,独立董事提名人声明,2024-01-16,https://data.eastmoney.com/notices/detail/601377/AN202401151617491146.html
002455,百川股份,百川股份:关于副总经理退休离任的公告,高管人员任职变动,2024-01-16,https://data.eastmoney.com/notices/detail/002455/AN202401151617491139.html
002067,景兴纸业,景兴纸业:关于公司通过高新技术企业重新认定的公告,获得认证,2024-01-16,https://data.eastmoney.com/notices/detail/002067/AN202401151617491121.html
688428,诺诚健华,诺诚健华:港股公告:翌日披露报表,其他,2024-01-16,https://data.eastmoney.com/notices/detail/688428/AN202401151617491096.html
603226,菲林格尔,菲林格尔:关于为控股子公司提供财务资助的进展公告,获得补贴（资助）,2024-01-16,https://data.eastmoney.com/notices/detail/603226/AN202401151617491098.html
688348,昱能科技,昱能科技:昱能科技股份有限公司关于持股5%以上股东部分股份解除质押和再质押的公告,股份质押、冻结,2024-01-16,https://data.eastmoney.com/notices/detail/688348/AN202401151617491099.html
688621,阳光诺和,阳光诺和:关于质押控股子公司股权并为并购贷款提供担保的公告,提供/对外担保公告,2024-01-16,https://data.eastmoney.com/notices/detail/688621/AN202401151617491050.html
605222,起帆电缆,起帆电缆:海通证券股份有限公司关于上海起帆电缆股份有限公司公开发行可转换公司债券第一次临时受托管理事务报告(2024年度),其他,2024-01-16,https://data.eastmoney.com/notices/detail/605222/AN202401151617491048.html
603150,万朗磁塑,万朗磁塑:万朗磁塑关于归还暂时补充流动资金的闲置募集资金的公告,归还募集资金,2024-01-16,https://data.eastmoney.com/notices/detail/603150/AN202401151617491000.html
603986,兆易创新,兆易创新:兆易创新关于参与投资私募股权投资基金的进展公告,投资设立公司,2024-01-16,https://data.eastmoney.com/notices/detail/603986/AN202401151617490976.html
603626,科森科技,科森科技:关于股东协议转让部分股份进展的公告,股权转让,2024-01-16,https://data.eastmoney.com/notices/detail/603626/AN202401151617490962.html
603950,长源东谷,长源东谷:襄阳长源东谷实业股份有限公司关于收到客户定点开发通知书的公告,其他,2024-01-16,https://data.eastmoney.com/notices/detail/603950/AN202401151617490974.html
600330,天通股份,天通股份:天通股份关于实际控制人股份解除质押及再质押的公告,股份质押、冻结,2024-01-16,https://data.eastmoney.com/notices/detail/600330/AN202401151617490961.html
603225,新凤鸣,新凤鸣:2024年第一次临时股东大会会议资料,股东大会资料,2024-01-16,https://data.eastmoney.com/notices/detail/603225/AN202401151617490973.html
600248,陕建股份,陕建股份:德邦证券股份有限公司关于陕西建工集团股份有限公司股权分置改革2023年年度保荐工作报告书,保荐/核查意见,2024-01-16,https://data.eastmoney.com/notices/detail/600248/AN202401151617490971.html
600137,浪莎股份,浪莎股份:浪莎股份持股5%以上股东部分股份解除质押公告,股份质押、冻结,2024-01-16,https://data.eastmoney.com/notices/detail/600137/AN202401151617490960.html
600192,长城电工,长城电工:长城电工关于子公司诉讼进展的公告,诉讼仲裁,2024-01-16,https://data.eastmoney.com/notices/detail/600192/AN202401151617490972.html
603279,景津装备,景津装备:景津装备股份有限公司关于变更审计机构签字注册会计师的公告,审计机构变更,2024-01-16,https://data.eastmoney.com/notices/detail/603279/AN202401151617490959.html
603477,巨星农牧,巨星农牧:乐山巨星农牧股份有限公司关于5%以上股东一致行动人股份解除质押的公告,股份质押、冻结,2024-01-16,https://data.eastmoney.com/notices/detail/603477/AN202401151617490970.html
603699,纽威股份,纽威股份:纽威股份关于2023年报审计更换签字注册会计师的公告,高管人员任职变动,2024-01-16,https://data.eastmoney.com/notices/detail/603699/AN202401151617490967.html
605088,冠盛股份,冠盛股份:2024年第一次临时股东大会会议资料,股东大会资料,2024-01-16,https://data.eastmoney.com/notices/detail/605088/AN202401151617490969.html
600023,浙能电力,浙能电力:浙江浙能电力股份有限公司2024年第一次临时股东大会会议资料,股东大会资料,2024-01-16,https://data.eastmoney.com/notices/detail/600023/AN202401151617490966.html
600685,中船防务,中船防务:中船防务关于召开2024年第一次临时股东大会的通知,召开股东大会通知,2024-01-16,https://data.eastmoney.com/notices/detail/600685/AN202401151617490968.html
605016,百龙创园,百龙创园:2024年第一次临时股东大会会议资料,股东大会资料,2024-01-16,https://data.eastmoney.com/notices/detail/605016/AN202401151617490958.html
603027,千禾味业,千禾味业:千禾味业食品股份有限公司关于召开2024年第一次临时股东大会的通知,召开股东大会通知,2024-01-16,https://data.eastmoney.com/notices/detail/603027/AN202401151617490965.html
603508,思维列控,思维列控:关于变更签字注册会计师的公告,公司关联方基本资料变更,2024-01-16,https://data.eastmoney.com/notices/detail/603508/AN202401151617490964.html
600685,中船防务,中船防务:中船防务2024年第一次临时股东大会会议资料,股东大会资料,2024-01-16,https://data.eastmoney.com/notices/detail/600685/AN202401151617490963.html
600685,中船防务,中船防务:中船防务H股公告-2024年第一次临时股东大会通函,其他,2024-01-16,https://data.eastmoney.com/notices/detail/600685/AN202401151617490942.html
603168,莎普爱思,莎普爱思:莎普爱思关于通过药品GMP符合性检查的公告,其他,2024-01-16,https://data.eastmoney.com/notices/detail/603168/AN202401151617490941.html
603162,海通发展,海通发展:福建海通发展股份有限公司第三届监事会第二十五次会议决议公告,监事会决议公告,2024-01-16,https://data.eastmoney.com/notices/detail/603162/AN202401151617490943.html
605007,五洲特纸,五洲特纸:五洲特种纸业集团股份有限公司关于控股股东权益变动完成过户登记的公告,权益变动报告书,2024-01-16,https://data.eastmoney.com/notices/detail/605007/AN202401151617490940.html
605167,利柏特,利柏特:关于签订重大合同的公告,重大合同,2024-01-16,https://data.eastmoney.com/notices/detail/605167/AN202401151617490944.html
603162,海通发展,海通发展:福建海通发展股份有限公司关于为全资子公司提供担保的公告,提供/对外担保公告,2024-01-16,https://data.eastmoney.com/notices/detail/603162/AN202401151617490939.html
