代码,名称,公告标题,公告类型,公告日期,网址
000595,新能股份,*ST宝实:关于公司股票可能被终止上市的第二次风险提示公告,终止上市风险提示,2026-02-13,https://data.eastmoney.com/notices/detail/000595/AN202602121819904297.html
000595,新能股份,*ST宝实:2026年第二次临时股东会决议公告,股东大会决议公告,2026-02-13,https://data.eastmoney.com/notices/detail/000595/AN202602121819904299.html
688022,ST瀚川,瀚川智能:关于公司控股股东所持部分股份被司法拍卖完成过户登记的公告,诉讼仲裁,2026-02-13,https://data.eastmoney.com/notices/detail/688022/AN202602121819902965.html
688022,ST瀚川,瀚川智能:关于银行账户资金被冻结及解除冻结暨诉讼情况的进展公告,诉讼仲裁,2026-02-13,https://data.eastmoney.com/notices/detail/688022/AN202602121819902964.html
002647,仁东控股,*ST仁东:关于公司股票可能被终止上市的风险提示公告,终止上市风险提示,2026-02-13,https://data.eastmoney.com/notices/detail/002647/AN202602121819904428.html
000069,华侨城A,华侨城Ａ:深圳华侨城股份有限公司关于“21侨城06”票面利率调整和回售实施办法第二次提示性公告,其他,2026-02-13,https://data.eastmoney.com/notices/detail/000069/AN202602131819920702.html
688379,华光新材,关于同意杭州华光焊接新材料股份有限公司向特定对象发行股票注册的批复,科创板再融资审核注册结果通知,2026-02-13,https://data.eastmoney.com/notices/detail/688379/AN202602261820064795.html
600459,贵研铂业,关于同意云南省贵金属新材料控股集团股份有限公司向特定对象发行股票注册的批复,沪主板再融资审核注册结果通知,2026-02-13,https://data.eastmoney.com/notices/detail/600459/AN202602261820064794.html
002281,光迅科技,2会计师事务所回复意见(武汉光迅科技股份有限公司),深主板再融资问询与回复,2026-02-13,https://data.eastmoney.com/notices/detail/002281/AN202602131819925836.html
300585,奥联电子,奥联电子:关于控股股东终止控制权转让的公告,股权转让,2026-02-13,https://data.eastmoney.com/notices/detail/300585/AN202602131819925856.html
002281,光迅科技,1申请人及保荐机构回复意见(武汉光迅科技股份有限公司),深主板再融资问询与回复,2026-02-13,https://data.eastmoney.com/notices/detail/002281/AN202602131819925838.html
002281,光迅科技,3律师事务所补充法律意见书(二)(武汉光迅科技股份有限公司),深主板再融资问询与回复,2026-02-13,https://data.eastmoney.com/notices/detail/002281/AN202602131819925837.html
002968,新大正,4-1本次重大资产重组涉及的拟购买资产最近两年及一期的财务报告和审计报告(确实无法提供的，应当说明原因及相关资产的财务状况和经营成果)(申报稿)(新大正物业集团股份有限公司),深主板并购重组审计报告,2026-02-13,https://data.eastmoney.com/notices/detail/002968/AN202602131819925542.html
002968,新大正,4-2本次重大资产重组涉及的拟购买资产的评估报告及评估说明，或者估值报告(申报稿)(新大正物业集团股份有限公司),深主板并购重组资产评估报告,2026-02-13,https://data.eastmoney.com/notices/detail/002968/AN202602131819925551.html
002968,新大正,2-1重大资产重组报告书(申报稿)(新大正物业集团股份有限公司),深主板并购重组报告书申报稿,2026-02-13,https://data.eastmoney.com/notices/detail/002968/AN202602131819925549.html
301413,安培龙,6-1发行人最近一年的财务报告及其审计报告以及最近一期的财务报告(申报稿)(深圳安培龙科技股份有限公司),创业板再融资审计报告申报稿,2026-02-13,https://data.eastmoney.com/notices/detail/301413/AN202602131819925548.html
002968,新大正,3-1独立财务顾问报告(申报稿)(新大正物业集团股份有限公司),深主板并购重组独立财务顾问报告,2026-02-13,https://data.eastmoney.com/notices/detail/002968/AN202602131819925550.html
002156,通富微电,6-1发行人最近一年的财务报告及其审计报告以及最近一期的财务报告(申报稿)(通富微电子股份有限公司),深主板再融资审计报告,2026-02-13,https://data.eastmoney.com/notices/detail/002156/AN202602131819925541.html
301413,安培龙,1-1募集说明书(申报稿)(深圳安培龙科技股份有限公司),创业板再融资募集说明书申报稿,2026-02-13,https://data.eastmoney.com/notices/detail/301413/AN202602131819925546.html
002968,新大正,3-2法律意见书(申报稿)(新大正物业集团股份有限公司),深主板并购重组法律意见书,2026-02-13,https://data.eastmoney.com/notices/detail/002968/AN202602131819925545.html
002156,通富微电,1-1募集说明书(申报稿)(通富微电子股份有限公司),深主板再融资募集说明书申报稿,2026-02-13,https://data.eastmoney.com/notices/detail/002156/AN202602131819925538.html
301413,安培龙,3-3上市保荐书(申报稿)(深圳安培龙科技股份有限公司),创业板再融资上市保荐书申报稿,2026-02-13,https://data.eastmoney.com/notices/detail/301413/AN202602131819925547.html
301413,安培龙,3-1证券发行保荐书(申报稿)(深圳安培龙科技股份有限公司),创业板再融资发行保荐书申报稿,2026-02-13,https://data.eastmoney.com/notices/detail/301413/AN202602131819925543.html
002156,通富微电,3-1证券发行保荐书(申报稿)(通富微电子股份有限公司),深主板再融资发行保荐书,2026-02-13,https://data.eastmoney.com/notices/detail/002156/AN202602131819925544.html
002156,通富微电,4-1法律意见书(申报稿)(通富微电子股份有限公司),深主板再融资法律意见书,2026-02-13,https://data.eastmoney.com/notices/detail/002156/AN202602131819925540.html
002156,通富微电,3-3上市保荐书(申报稿)(通富微电子股份有限公司),深主板再融资上市保荐书,2026-02-13,https://data.eastmoney.com/notices/detail/002156/AN202602131819925539.html
301413,安培龙,4-1法律意见书(申报稿)(深圳安培龙科技股份有限公司),创业板再融资法律意见书申报稿,2026-02-13,https://data.eastmoney.com/notices/detail/301413/AN202602131819925537.html
300812,易天股份,易天股份:关于股票交易异常波动的公告,股票交易异常波动,2026-02-13,https://data.eastmoney.com/notices/detail/300812/AN202602131819925075.html
301263,泰恩康,泰恩康:2026年第一次临时股东会决议公告,股东大会决议公告,2026-02-13,https://data.eastmoney.com/notices/detail/301263/AN202602131819924997.html
301263,泰恩康,泰恩康:广东泰恩康医药股份有限公司2026年员工持股计划(草案修订稿)摘要,员工持股计划,2026-02-13,https://data.eastmoney.com/notices/detail/301263/AN202602131819924999.html
301263,泰恩康,泰恩康:广东泰恩康医药股份有限公司2026年员工持股计划管理办法(修订稿),员工持股计划,2026-02-13,https://data.eastmoney.com/notices/detail/301263/AN202602131819924992.html
301263,泰恩康,泰恩康:关于调整2026年员工持股计划相关事项的公告,员工持股计划,2026-02-13,https://data.eastmoney.com/notices/detail/301263/AN202602131819924989.html
301263,泰恩康,泰恩康:董事会薪酬与考核委员会关于调整公司2026年员工持股计划相关事项的核查意见,专项说明/独立意见,2026-02-13,https://data.eastmoney.com/notices/detail/301263/AN202602131819924988.html
301263,泰恩康,泰恩康:第五届董事会第十四次会议决议公告,董事会决议公告,2026-02-13,https://data.eastmoney.com/notices/detail/301263/AN202602131819924985.html
301263,泰恩康,泰恩康:广东泰恩康医药股份有限公司2026年员工持股计划(草案修订稿),员工持股计划,2026-02-13,https://data.eastmoney.com/notices/detail/301263/AN202602131819924993.html
301263,泰恩康,泰恩康:国浩律师(深圳)事务所关于广东泰恩康医药股份有限公司2026年员工持股计划修订相关事项之法律意见书,法律意见书,2026-02-13,https://data.eastmoney.com/notices/detail/301263/AN202602131819924984.html
301263,泰恩康,泰恩康:国浩律师(深圳)事务所关于广东泰恩康医药股份有限公司2026年第一次临时股东会法律意见书,法律意见书,2026-02-13,https://data.eastmoney.com/notices/detail/301263/AN202602131819925001.html
920165,珈凯生物,珈凯生物:关于上海珈凯生物股份有限公司公开发行股票并在北交所上市申请文件的第二轮审核问询函,北交所发行上市问询与回复,2026-02-13,https://data.eastmoney.com/notices/detail/920165/AN202602131819924724.html
920218,新天力,新天力:关于同意新天力科技股份有限公司向不特定合格投资者公开发行股票注册的批复,北交所核准结果公告,2026-02-13,https://data.eastmoney.com/notices/detail/920218/AN202602131819924687.html
300603,立昂技术,立昂技术:北京国枫律师事务所关于立昂技术股份有限公司2026年第一次临时股东会的法律意见书,法律意见书,2026-02-13,https://data.eastmoney.com/notices/detail/300603/AN202602131819924688.html
920181,赛英电子,赛英电子:关于同意江阴市赛英电子股份有限公司向不特定合格投资者公开发行股票注册的批复,北交所核准结果公告,2026-02-13,https://data.eastmoney.com/notices/detail/920181/AN202602131819924670.html
300603,立昂技术,立昂技术:2026年第一次临时股东会决议公告,股东大会决议公告,2026-02-13,https://data.eastmoney.com/notices/detail/300603/AN202602131819924679.html
300603,立昂技术,立昂技术:关于全资子公司与专业机构共同投资私募基金的进展公告,其他,2026-02-13,https://data.eastmoney.com/notices/detail/300603/AN202602131819924678.html
300645,正元智慧,正元智慧:关于实际控制人诉讼事项的进展公告,诉讼仲裁,2026-02-13,https://data.eastmoney.com/notices/detail/300645/AN202602131819924658.html
301087,可孚医疗,可孚医疗:关于与专业投资机构共同设立创业投资基金的公告,投资设立公司,2026-02-13,https://data.eastmoney.com/notices/detail/301087/AN202602131819924603.html
300569,天能重工,天能重工:关于部分高级管理人员股东减持计划到期终止暨实施结果的公告,股东/实际控制人股份减持,2026-02-13,https://data.eastmoney.com/notices/detail/300569/AN202602131819924411.html
920012,创达新材,创达新材:关于同意无锡创达新材料股份有限公司向不特定合格投资者公开发行股票注册的批复,北交所核准结果公告,2026-02-13,https://data.eastmoney.com/notices/detail/920012/AN202602131819924379.html
920186,中科仪,中科仪:关于同意中国科学院沈阳科学仪器股份有限公司向不特定合格投资者公开发行股票注册的批复,北交所核准结果公告,2026-02-13,https://data.eastmoney.com/notices/detail/920186/AN202602131819924337.html
300941,创识科技,创识科技:关于公司控股股东、实际控制人收到刑事判决书的公告,诉讼仲裁,2026-02-13,https://data.eastmoney.com/notices/detail/300941/AN202602131819924315.html
920200,振宏股份,北京证券交易所上市委员会2026年第16次审议会议结果公告,北交所上市审核会议结果,2026-02-13,https://data.eastmoney.com/notices/detail/920200/AN202602131819924264.html
600332,白云山,白云山:广州白云山医药集团股份有限公司2026年1月1日至2月13日投资者关系活动记录表,调研活动,2026-02-13,https://data.eastmoney.com/notices/detail/600332/AN202602131819924225.html
300506,名家汇,ST名家汇:关于完成法定代表人变更并换领营业执照的公告,法定代表人变更,2026-02-13,https://data.eastmoney.com/notices/detail/300506/AN202602131819924200.html
300044,*ST赛为,ST赛为:《关于选定重整投资人的债权人会议决议暨公司预重整进展公告》的更新公告,重组进展公告,2026-02-13,https://data.eastmoney.com/notices/detail/300044/AN202602131819924196.html
300450,先导智能,先导智能:2026年第一次临时股东会决议公告,股东大会决议公告,2026-02-13,https://data.eastmoney.com/notices/detail/300450/AN202602131819924077.html
300091,*ST金灵,*ST金灵:金通灵科技集团股份有限公司重整计划执行情况监督报告,其他,2026-02-13,https://data.eastmoney.com/notices/detail/300091/AN202602131819924141.html
300091,*ST金灵,*ST金灵:北京海润天睿律师事务所关于金通灵科技集团股份有限公司重整计划执行完毕的法律意见书,法律意见书,2026-02-13,https://data.eastmoney.com/notices/detail/300091/AN202602131819924146.html
300091,*ST金灵,*ST金灵:关于公司重整计划执行完毕暨法院裁定终结重整程序的公告,其他,2026-02-13,https://data.eastmoney.com/notices/detail/300091/AN202602131819924140.html
300091,*ST金灵,*ST金灵:关于公司股票交易可能被实施财务类退市风险警示的第二次提示性公告,其它风险提示公告,2026-02-13,https://data.eastmoney.com/notices/detail/300091/AN202602131819924144.html
300450,先导智能,先导智能:上海市锦天城律师事务所关于无锡先导智能装备股份有限公司2026年第一次临时股东会法律意见书,法律意见书,2026-02-13,https://data.eastmoney.com/notices/detail/300450/AN202602131819924084.html
300707,威唐工业,威唐工业:关于第四届董事会第六次会议决议公告,董事会决议公告,2026-02-13,https://data.eastmoney.com/notices/detail/300707/AN202602131819924087.html
300198,*ST纳川,ST纳川:关于福建纳川管材科技股份有限公司2026年第二次临时股东会的法律意见书,法律意见书,2026-02-13,https://data.eastmoney.com/notices/detail/300198/AN202602131819924081.html
301098,金埔园林,金埔园林:东方金诚国际信用评估有限公司关于金埔园林股份有限公司2025年度业绩预亏的关注公告,业绩预告,2026-02-13,https://data.eastmoney.com/notices/detail/301098/AN202602131819924074.html
300198,*ST纳川,ST纳川:福建纳川管材科技股份有限公司2026年第二次临时股东会决议公告,股东大会决议公告,2026-02-13,https://data.eastmoney.com/notices/detail/300198/AN202602131819924091.html
300707,威唐工业,威唐工业:国金证券股份有限公司关于无锡威唐工业技术股份有限公司使用闲置自有资金进行现金管理的核查意见,保荐/核查意见,2026-02-13,https://data.eastmoney.com/notices/detail/300707/AN202602131819924086.html
300951,博硕科技,博硕科技:深圳市博硕科技股份有限公司关于高级管理人员股份减持计划实施完毕的公告,股东/实际控制人股份减持,2026-02-13,https://data.eastmoney.com/notices/detail/300951/AN202602131819924078.html
300707,威唐工业,威唐工业:关于使用闲置自有资金进行现金管理的公告,投资理财,2026-02-13,https://data.eastmoney.com/notices/detail/300707/AN202602131819924079.html
300198,*ST纳川,ST纳川:关于重大仲裁事项的进展公告,诉讼仲裁,2026-02-13,https://data.eastmoney.com/notices/detail/300198/AN202602131819924085.html
300504,天邑股份,天邑股份:关于使用部分闲置自有资金进行现金管理到期赎回的公告,投资理财,2026-02-13,https://data.eastmoney.com/notices/detail/300504/AN202602131819924060.html
301075,多瑞医药,多瑞医药:关于王庆太、曹晓兵要约收购公司股份的第三次提示性公告,要约收购报告书,2026-02-13,https://data.eastmoney.com/notices/detail/301075/AN202602131819924057.html
301321,翰博高新,翰博高新:关于公司及关联方为子公司提供担保的进展公告,提供/对外担保公告,2026-02-13,https://data.eastmoney.com/notices/detail/301321/AN202602131819924007.html
300747,锐科激光,锐科激光:锐科激光2026年第一次临时股东会法律意见书,法律意见书,2026-02-13,https://data.eastmoney.com/notices/detail/300747/AN202602131819923984.html
300500,启迪设计,启迪设计:关于公司银行账户部分资金被冻结的公告,其他,2026-02-13,https://data.eastmoney.com/notices/detail/300500/AN202602131819924000.html
300587,天铁科技,天铁科技:浙江天铁科技股份有限公司对外担保的进展公告,提供/对外担保公告,2026-02-13,https://data.eastmoney.com/notices/detail/300587/AN202602131819923986.html
300747,锐科激光,锐科激光:第四届董事会第二十二次会议决议的公告,董事会决议公告,2026-02-13,https://data.eastmoney.com/notices/detail/300747/AN202602131819924011.html
300747,锐科激光,锐科激光:2026年第一次临时股东会决议的公告,分配方案决议公告,2026-02-13,https://data.eastmoney.com/notices/detail/300747/AN202602131819924001.html
300663,科蓝软件,科蓝软件:东方金诚国际信用评估有限公司关于北京科蓝软件系统股份有限公司2025年度业绩预亏的关注公告,业绩预告,2026-02-13,https://data.eastmoney.com/notices/detail/300663/AN202602131819923998.html
301093,华兰股份,华兰股份:关于控股股东增持公司股份计划实施完成的公告,股东/实际控制人股份增持,2026-02-13,https://data.eastmoney.com/notices/detail/301093/AN202602131819923960.html
300829,金丹科技,金丹科技:关于年产7.5万吨聚乳酸生物降解新材料项目增加项目投资的公告,对外项目投资,2026-02-13,https://data.eastmoney.com/notices/detail/300829/AN202602131819923966.html
300829,金丹科技,金丹科技:第五届董事会第三十二次会议决议公告,董事会决议公告,2026-02-13,https://data.eastmoney.com/notices/detail/300829/AN202602131819923940.html
300152,*ST动力,ST新动力:第六届董事会第五次会议决议公告,董事会决议公告,2026-02-13,https://data.eastmoney.com/notices/detail/300152/AN202602131819923946.html
300197,节能铁汉,节能铁汉:第五届董事会第三十四次会议决议公告,董事会决议公告,2026-02-13,https://data.eastmoney.com/notices/detail/300197/AN202602131819923941.html
301093,华兰股份,华兰股份:北京植德律师事务所关于江苏华兰药用新材料股份有限公司控股股东增持公司股份的法律意见书,法律意见书,2026-02-13,https://data.eastmoney.com/notices/detail/301093/AN202602131819923945.html
300152,*ST动力,ST新动力:关于为下属全资子公司申请银行贷款提供担保的公告,提供/对外担保公告,2026-02-13,https://data.eastmoney.com/notices/detail/300152/AN202602131819923926.html
300829,金丹科技,金丹科技:国金证券股份有限公司关于河南金丹乳酸科技股份有限公司年产7.5万吨聚乳酸生物降解新材料项目增加投资的核查意见,保荐/核查意见,2026-02-13,https://data.eastmoney.com/notices/detail/300829/AN202602131819923951.html
300829,金丹科技,金丹科技:国金证券关于金丹科技2025年度持续督导培训情况的报告,保荐/核查意见,2026-02-13,https://data.eastmoney.com/notices/detail/300829/AN202602131819923955.html
300197,节能铁汉,节能铁汉:中信建投证券股份有限公司关于中节能铁汉生态环境股份有限公司向控股股东申请借款暨关联交易的核查意见,保荐/核查意见,2026-02-13,https://data.eastmoney.com/notices/detail/300197/AN202602131819923936.html
300197,节能铁汉,节能铁汉:关于公司向控股股东申请借款暨关联交易的公告,借贷,2026-02-13,https://data.eastmoney.com/notices/detail/300197/AN202602131819923961.html
300829,金丹科技,金丹科技:国金证券关于金丹科技2025年度持续督导之定期现场检查报告,保荐/核查意见,2026-02-13,https://data.eastmoney.com/notices/detail/300829/AN202602131819923934.html
300829,金丹科技,金丹科技:关于调整限制性股票授予价格、作废部分已授予但尚未归属的限制性股票的公告,股权激励进展公告,2026-02-13,https://data.eastmoney.com/notices/detail/300829/AN202602131819923923.html
300829,金丹科技,金丹科技:北京植徳律师事务所关于河南金丹乳酸科技股份有限公司2023年限制性股票激励计划第二个归属期作废部分已授予但尚未归属的限制性股票暨调整授予价格的法律意见书,法律意见书,2026-02-13,https://data.eastmoney.com/notices/detail/300829/AN202602131819923933.html
301396,宏景科技,宏景科技:关于宏景科技股份有限公司申请向特定对象发行股票第二轮审核问询函的回复报告,回复问询函公告,2026-02-13,https://data.eastmoney.com/notices/detail/301396/AN202602131819923876.html
300997,欢乐家,欢乐家:关于公司全资子公司之分公司个别银行账户的部分资金被冻结的公告,其他,2026-02-13,https://data.eastmoney.com/notices/detail/300997/AN202602131819923883.html
301188,力诺药包,力诺药包:关于提前赎回力诺转债的第二次提示性公告,其他,2026-02-13,https://data.eastmoney.com/notices/detail/301188/AN202602131819923895.html
300997,欢乐家,欢乐家:关于为全资子公司向银行申请融资提供担保的进展公告,提供/对外担保公告,2026-02-13,https://data.eastmoney.com/notices/detail/300997/AN202602131819923874.html
301396,宏景科技,宏景科技:关于2025年度向特定对象发行A股股票的第二轮审核问询函回复的提示性公告,回复问询函公告,2026-02-13,https://data.eastmoney.com/notices/detail/301396/AN202602131819923875.html
300644,南京聚隆,南京聚隆:长城证券股份有限公司关于南京聚隆科技股份有限公司不提前赎回聚隆转债的核查意见,保荐/核查意见,2026-02-13,https://data.eastmoney.com/notices/detail/300644/AN202602131819923885.html
300010,ST豆神,豆神教育:关于非独立董事退休辞职的公告,高管人员任职变动,2026-02-13,https://data.eastmoney.com/notices/detail/300010/AN202602131819923873.html
300682,朗新科技,朗新科技:关于持股5%以上股东权益变动触及1%整数倍的公告,权益变动报告书,2026-02-13,https://data.eastmoney.com/notices/detail/300682/AN202602131819923878.html
301188,力诺药包,力诺药包:关于公司控股股东持股比例被动稀释触及1%整数倍的公告,其他,2026-02-13,https://data.eastmoney.com/notices/detail/301188/AN202602131819923893.html
300644,南京聚隆,南京聚隆:第六届董事会第二十二次会议决议公告,董事会决议公告,2026-02-13,https://data.eastmoney.com/notices/detail/300644/AN202602131819923880.html
301580,爱迪特,爱迪特:关于合计持股5%以上股东权益变动触及1%刻度的公告,权益变动报告书,2026-02-13,https://data.eastmoney.com/notices/detail/301580/AN202602131819923884.html
300644,南京聚隆,南京聚隆:关于不提前赎回聚隆转债的公告,其他,2026-02-13,https://data.eastmoney.com/notices/detail/300644/AN202602131819923881.html
300473,德尔股份,德尔股份:关于公司董事和高级管理人员持股比例情况变动的公告,高管人员持股变动,2026-02-13,https://data.eastmoney.com/notices/detail/300473/AN202602131819923851.html
300473,德尔股份,德尔股份:关于控股股东、实际控制人及其一致行动人权益变动触及1%整数倍的提示性公告,权益变动报告书,2026-02-13,https://data.eastmoney.com/notices/detail/300473/AN202602131819923850.html
300473,德尔股份,德尔股份:阜新德尔汽车部件股份有限公司发行股份购买资产并募集配套资金暨关联交易之募集配套资金向特定对象发行股份上市公告书,增发上市公告书,2026-02-13,https://data.eastmoney.com/notices/detail/300473/AN202602131819923847.html
300473,德尔股份,德尔股份:阜新德尔汽车部件股份有限公司发行股份购买资产并募集配套资金暨关联交易之实施情况暨新增股份上市公告书(摘要),增发上市公告书（摘要）,2026-02-13,https://data.eastmoney.com/notices/detail/300473/AN202602131819923846.html
300473,德尔股份,德尔股份:北京市汉坤律师事务所关于阜新德尔汽车部件股份有限公司发行股份购买资产并募集配套资金暨关联交易之实施情况的法律意见书(二),法律意见书,2026-02-13,https://data.eastmoney.com/notices/detail/300473/AN202602131819923852.html
300473,德尔股份,德尔股份:东方证券股份有限公司关于阜新德尔汽车部件股份有限公司发行股份购买资产并募集配套资金暨关联交易实施情况之独立财务顾问核查意见,保荐/核查意见,2026-02-13,https://data.eastmoney.com/notices/detail/300473/AN202602131819923770.html
300913,兆龙互连,兆龙互连:关于董事、高级管理人员减持股份的预披露公告,高管人员持股变动,2026-02-13,https://data.eastmoney.com/notices/detail/300913/AN202602131819923715.html
920118,太湖远大,太湖远大:薪酬与考核委员会关于2026年股权激励计划(草案)的核查意见,保荐/核查意见,2026-02-13,https://data.eastmoney.com/notices/detail/920118/AN202602131819923702.html
920118,太湖远大,太湖远大:2026年股权激励计划(草案),股权激励计划,2026-02-13,https://data.eastmoney.com/notices/detail/920118/AN202602131819923701.html
920118,太湖远大,太湖远大:关于变更内审部负责人的公告,高管人员任职变动,2026-02-13,https://data.eastmoney.com/notices/detail/920118/AN202602131819923706.html
920118,太湖远大,太湖远大:关于召开2026年第一次临时股东会通知公告(提供网络投票),召开股东大会通知,2026-02-13,https://data.eastmoney.com/notices/detail/920118/AN202602131819923704.html
920118,太湖远大,太湖远大:2026年股权激励计划(草案)的法律意见书,法律意见书,2026-02-13,https://data.eastmoney.com/notices/detail/920118/AN202602131819923703.html
920118,太湖远大,太湖远大:2026年股权激励计划实施考核管理办法,管理办法/制度,2026-02-13,https://data.eastmoney.com/notices/detail/920118/AN202602131819923707.html
920118,太湖远大,太湖远大:2026年股权激励计划授予的激励对象名单,股权激励对象名单,2026-02-13,https://data.eastmoney.com/notices/detail/920118/AN202602131819923709.html
920118,太湖远大,太湖远大:第四届董事会第七次会议决议公告,高管人员任职变动,2026-02-13,https://data.eastmoney.com/notices/detail/920118/AN202602131819923708.html
920118,太湖远大,太湖远大:关于对拟认定核心员工进行公示并征求意见的公告,高管人员任职变动,2026-02-13,https://data.eastmoney.com/notices/detail/920118/AN202602131819923705.html
300910,瑞丰新材,瑞丰新材:关于部分董事及高级管理人员股份减持计划提前终止暨减持结果的公告,股东/实际控制人股份减持,2026-02-13,https://data.eastmoney.com/notices/detail/300910/AN202602131819923669.html
300802,矩子科技,矩子科技:关于公司股东股份减持计划实施完毕的公告,股东/实际控制人股份减持,2026-02-13,https://data.eastmoney.com/notices/detail/300802/AN202602131819923592.html
300044,*ST赛为,ST赛为:关于选定重整投资人的债权人会议决议暨公司预重整进展的公告,重组进展公告,2026-02-13,https://data.eastmoney.com/notices/detail/300044/AN202602131819923591.html
300277,汽轮科技,海联讯:2026年2月12日投资者关系活动记录表,调研活动,2026-02-13,https://data.eastmoney.com/notices/detail/300277/AN202602131819923549.html
001360,南矿集团,南矿集团:2026年2月13日投资者关系活动记录表,调研活动,2026-02-13,https://data.eastmoney.com/notices/detail/001360/AN202602131819923506.html
000905,厦门港务,关于同意厦门港务重大资产重组注册的批复,深主板发行上市审核注册结果通知,2026-02-13,https://data.eastmoney.com/notices/detail/000905/AN202602131819923537.html
300383,光环新网,光环新网:关于控股股东减持股份预披露公告,股东/实际控制人股份减持,2026-02-13,https://data.eastmoney.com/notices/detail/300383/AN202602131819923541.html
301517,陕西华达,陕西华达:关于召开终止发行股份购买资产并募集配套资金暨关联交易事项投资者说明会的公告,增发终止,2026-02-13,https://data.eastmoney.com/notices/detail/301517/AN202602131819923450.html
301517,陕西华达,陕西华达:关于终止发行股份购买资产并募集配套资金暨关联交易事项的公告,增发终止,2026-02-13,https://data.eastmoney.com/notices/detail/301517/AN202602131819923454.html
301517,陕西华达,陕西华达:第五届董事会第十四次会议决议公告,董事会决议公告,2026-02-13,https://data.eastmoney.com/notices/detail/301517/AN202602131819923455.html
300344,立方退,*ST立方:股票交易异常波动的公告,股票交易异常波动,2026-02-13,https://data.eastmoney.com/notices/detail/300344/AN202602131819923453.html
301152,天力锂能,深交所:天力锂能_监管函,深交所股票监管函,2026-02-13,https://data.eastmoney.com/notices/detail/301152/AN202602131819923381.html
301152,天力锂能,深交所:天力锂能(301152)_监管函,深交所股票监管函,2026-02-13,https://data.eastmoney.com/notices/detail/301152/AN202602131819923380.html
301288,清研环境,*ST清研:关于公司股票可能被终止上市的第二次风险提示公告,终止上市风险提示,2026-02-13,https://data.eastmoney.com/notices/detail/301288/AN202602131819923143.html
301265,华新科技,华新环保:关于股东股份减持计划实施完成的公告,股东/实际控制人股份减持,2026-02-13,https://data.eastmoney.com/notices/detail/301265/AN202602131819923147.html
600889,*ST京化,关于同意南京化纤股份有限公司发行股份购买资产并募集配套资金注册的批复,沪主板并购重组审核注册结果通知,2026-02-13,https://data.eastmoney.com/notices/detail/600889/AN202602131819923116.html
688368,晶丰明源,关于同意上海晶丰明源半导体股份有限公司发行股份购买资产并募集配套资金注册的批复,科创板并购重组审核注册结果通知,2026-02-13,https://data.eastmoney.com/notices/detail/688368/AN202602131819923115.html
300274,阳光电源,阳光电源:关于为子公司提供担保额度预计的进展公告,提供/对外担保公告,2026-02-13,https://data.eastmoney.com/notices/detail/300274/AN202602131819922975.html
688599,天合光能,关于对天合光能股份有限公司及有关责任人予以监管警示的决定,上交所股票监管关注,2026-02-13,https://data.eastmoney.com/notices/detail/688599/AN202602131819922929.html
300501,海顺新材,海顺新材:关于使用暂时闲置募集资金进行现金管理到期赎回的公告,投资理财,2026-02-13,https://data.eastmoney.com/notices/detail/300501/AN202602131819922887.html
300632,光莆股份,光莆股份:关于全资子公司拟参与投资设立专项基金的公告,投资设立公司,2026-02-13,https://data.eastmoney.com/notices/detail/300632/AN202602131819922870.html
300125,聆达股份,*ST聆达:关于公司股票可能被终止上市的第二次风险提示公告,终止上市风险提示,2026-02-13,https://data.eastmoney.com/notices/detail/300125/AN202602131819922798.html
300598,诚迈科技,诚迈科技:关于董事会延期换届的提示性公告,高管人员任职变动,2026-02-13,https://data.eastmoney.com/notices/detail/300598/AN202602131819922729.html
300081,ST恒信,恒信东方:关于公司高级管理人员辞职的公告,高管人员任职变动,2026-02-13,https://data.eastmoney.com/notices/detail/300081/AN202602131819922723.html
920575,*ST康乐,康乐卫士:关于三价和九价HPV疫苗临床试验暂停的公告,其他,2026-02-13,https://data.eastmoney.com/notices/detail/920575/AN202602131819922717.html
920575,*ST康乐,康乐卫士:解除股权质押的公告,股份质押、冻结,2026-02-13,https://data.eastmoney.com/notices/detail/920575/AN202602131819922718.html
920575,*ST康乐,康乐卫士:股权质押的公告,股份质押、冻结,2026-02-13,https://data.eastmoney.com/notices/detail/920575/AN202602131819922716.html
301599,理奇智能,关于同意无锡理奇智能装备股份有限公司首次公开发行股票注册的批复,创业板发行上市审核注册结果通知,2026-02-13,https://data.eastmoney.com/notices/detail/301599/AN202602131819922113.html
300487,蓝晓科技,蓝晓科技:关于控股股东股份解除质押的公告,股份质押、冻结,2026-02-13,https://data.eastmoney.com/notices/detail/300487/AN202602131819922661.html
300716,*ST泉为,ST泉为:关于股票可能被实施退市风险警示的提示性公告,其它风险提示公告,2026-02-13,https://data.eastmoney.com/notices/detail/300716/AN202602131819922660.html
300716,*ST泉为,ST泉为:关于筹划重大资产出售暨关联交易的进展公告,关联交易,2026-02-13,https://data.eastmoney.com/notices/detail/300716/AN202602131819922570.html
300227,光韵达,光韵达:关于公司股东部分股份质押的公告,股份质押、冻结,2026-02-13,https://data.eastmoney.com/notices/detail/300227/AN202602131819922569.html
300650,太龙股份,太龙股份:关于控股股东部分股份质押的公告,股份质押、冻结,2026-02-13,https://data.eastmoney.com/notices/detail/300650/AN202602131819922497.html
300650,太龙股份,太龙股份:关于2025年度为子公司提供担保的进展公告,提供/对外担保公告,2026-02-13,https://data.eastmoney.com/notices/detail/300650/AN202602131819922498.html
920961,创远信科,创远信科:创远信科(上海)技术股份有限公司发行股份及支付现金购买资产并募集配套资金暨关联交易报告书(草案)(修订稿),其他增发事项公告,2026-02-13,https://data.eastmoney.com/notices/detail/920961/AN202602131819922491.html
920961,创远信科,创远信科:关于发行股份及支付现金购买资产并募集配套资金暨关联交易的审核问询函回复的提示性公告,回复问询函公告,2026-02-13,https://data.eastmoney.com/notices/detail/920961/AN202602131819922493.html
920961,创远信科,创远信科:备考审阅报告及财务报表(2024年度至2025年9月),保荐/核查意见,2026-02-13,https://data.eastmoney.com/notices/detail/920961/AN202602131819922490.html
920961,创远信科,创远信科:北京大成律师事务所关于创远信科(上海)技术股份有限公司发行股份及支付现金购买资产并募集配套资金暨关联交易之补充法律意见书,法律意见书,2026-02-13,https://data.eastmoney.com/notices/detail/920961/AN202602131819922488.html
920961,创远信科,创远信科:上海微宇天导技术有限责任公司审计报告及财务报表(2023年度至2025年9月),审计报告,2026-02-13,https://data.eastmoney.com/notices/detail/920961/AN202602131819922495.html
920961,创远信科,创远信科:创远信科(上海)技术股份有限公司发行股份及支付现金购买资产并募集配套资金暨关联交易报告书(草案)摘要(修订稿),其他增发事项公告,2026-02-13,https://data.eastmoney.com/notices/detail/920961/AN202602131819922484.html
920961,创远信科,创远信科:关于发行股份及支付现金购买资产并募集配套资金暨关联交易报告书(草案)(修订稿)修订说明的公告,其他,2026-02-13,https://data.eastmoney.com/notices/detail/920961/AN202602131819922486.html
920961,创远信科,创远信科:国泰海通证券股份有限公司关于创远信科(上海)技术股份有限公司发行股份及支付现金购买资产并募集配套资金暨关联交易之独立财务顾问报告(修订稿),保荐/核查意见,2026-02-13,https://data.eastmoney.com/notices/detail/920961/AN202602131819922492.html
920961,创远信科,创远信科:关于收到北京证券交易所恢复审核发行股份及支付现金购买资产并募集配套资金暨关联交易事项的公告,关联交易,2026-02-13,https://data.eastmoney.com/notices/detail/920961/AN202602131819922487.html
920961,创远信科,创远信科:关于创远信科(上海)技术股份有限公司发行股份及支付现金购买资产并募集配套资金暨关联交易申请文件的审核问询函的回复,回复问询函公告,2026-02-13,https://data.eastmoney.com/notices/detail/920961/AN202602131819922489.html
920961,创远信科,创远信科:国泰海通证券股份有限公司关于创远信科(上海)技术股份有限公司发行股份及支付现金购买资产并募集配套资金暨关联交易申请文件的审核问询函的回复之核查意见,保荐/核查意见,2026-02-13,https://data.eastmoney.com/notices/detail/920961/AN202602131819922485.html
920961,创远信科,创远信科:天源资产评估有限公司关于北京证券交易所《关于创远信科(上海)技术股份有限公司发行股份及支付现金购买资产并募集配套资金暨关联交易申请文件的审核问询函》资产评估相关问题之核查意见,保荐/核查意见,2026-02-13,https://data.eastmoney.com/notices/detail/920961/AN202602131819922494.html
920961,创远信科,创远信科:中汇会计师事务所(特殊普通合伙)关于创远信科(上海)技术股份有限公司发行股份及支付现金购买资产并募集配套资金暨关联交易申请文件的审核问询函有关财务问题回复的专项说明,专项说明/独立意见,2026-02-13,https://data.eastmoney.com/notices/detail/920961/AN202602131819922496.html
300101,振芯科技,振芯科技:关于董事会完成换届选举的公告,高管人员任职变动,2026-02-13,https://data.eastmoney.com/notices/detail/300101/AN202602131819922413.html
300978,东箭科技,东箭科技:关于持股5%以上股东权益变动比例触及5%整数倍暨披露简式权益变动报告书的提示性公告,权益变动报告书,2026-02-13,https://data.eastmoney.com/notices/detail/300978/AN202602131819922409.html
300101,振芯科技,振芯科技:关于选举职工代表董事的公告,高管人员任职变动,2026-02-13,https://data.eastmoney.com/notices/detail/300101/AN202602131819922412.html
300029,天龙退,*ST天龙:关于公司股票可能被终止上市的第四次风险提示公告,终止上市风险提示,2026-02-13,https://data.eastmoney.com/notices/detail/300029/AN202602131819922410.html
300035,中科电气,中科电气:关于公司与子公司间提供担保的进展公告,提供/对外担保公告,2026-02-13,https://data.eastmoney.com/notices/detail/300035/AN202602131819922411.html
300978,东箭科技,东箭科技:简式权益变动报告书,权益变动报告书,2026-02-13,https://data.eastmoney.com/notices/detail/300978/AN202602131819922384.html
301296,新巨丰,新巨丰:关于持股5%以上股东持股比例被动稀释触及1%整数倍的权益变动公告,权益变动报告书,2026-02-13,https://data.eastmoney.com/notices/detail/301296/AN202602131819922352.html
301587,中瑞股份,中瑞股份:第三届董事会第十二次会议决议公告,董事会决议公告,2026-02-13,https://data.eastmoney.com/notices/detail/301587/AN202602131819922287.html
301296,新巨丰,新巨丰:关于控股股东及其一致行动人持股比例被动稀释触及1%整数倍的权益变动公告,权益变动报告书,2026-02-13,https://data.eastmoney.com/notices/detail/301296/AN202602131819922290.html
301587,中瑞股份,中瑞股份:关于对控股子公司增资的公告,增资扩股,2026-02-13,https://data.eastmoney.com/notices/detail/301587/AN202602131819922285.html
300915,海融科技,海融科技:关于公司副总经理离职的公告,高管人员任职变动,2026-02-13,https://data.eastmoney.com/notices/detail/300915/AN202602131819922284.html
300078,思创智联,思创智联:关于重新签署《股份转让协议》《表决权委托协议》构成管理层收购暨公司控制权拟发生变更和权益变动的进展公告,权益变动报告书,2026-02-13,https://data.eastmoney.com/notices/detail/300078/AN202602131819922286.html
300998,宁波方正,宁波方正:简式权益变动报告书,权益变动报告书,2026-02-13,https://data.eastmoney.com/notices/detail/300998/AN202602131819922289.html
301556,托普云农,托普云农:关于持股5%以上股东减持计划时间届满暨减持结果公告,股东/实际控制人股份减持,2026-02-13,https://data.eastmoney.com/notices/detail/301556/AN202602131819922283.html
300998,宁波方正,宁波方正:关于控股股东、实际控制人及其一致行动人权益变动触及5%整数倍暨披露简式权益变动报告书的提示性公告,权益变动报告书,2026-02-13,https://data.eastmoney.com/notices/detail/300998/AN202602131819922288.html
920187,通领科技,通领科技:向不特定合格投资者公开发行股票并在北京证券交易所上市发行结果公告,首发发行结果公告,2026-02-13,https://data.eastmoney.com/notices/detail/920187/AN202602131819922279.html
920139,华岭股份,华岭股份:2025年年度业绩快报公告,业绩快报,2026-02-13,https://data.eastmoney.com/notices/detail/920139/AN202602131819922224.html
300095,华伍股份,华伍股份:关于公司控股股东一致行动人股权质押的公告,股份质押、冻结,2026-02-13,https://data.eastmoney.com/notices/detail/300095/AN202602131819922203.html
300751,迈为股份,迈为股份:关于与专业投资机构共同投资的进展公告,对外项目投资,2026-02-13,https://data.eastmoney.com/notices/detail/300751/AN202602131819922204.html
300093,金刚光伏,*ST金刚:关于公司股票可能被终止上市的第二次风险提示公告,终止上市风险提示,2026-02-13,https://data.eastmoney.com/notices/detail/300093/AN202602131819922199.html
300787,海能实业,海能实业:关于公司获得政府补助的公告,获得补贴（资助）,2026-02-13,https://data.eastmoney.com/notices/detail/300787/AN202602131819922202.html
300102,乾照光电,乾照光电:关于完成工商变更登记的公告,公司经营范围变更,2026-02-13,https://data.eastmoney.com/notices/detail/300102/AN202602131819922201.html
000151,中成股份,关于同意中成股份重大资产重组注册的批复,深主板发行上市审核注册结果通知,2026-02-13,https://data.eastmoney.com/notices/detail/000151/AN202602131819922180.html
300210,森远股份,森远股份:关于持股5%以上股东减持股份触及1%整数倍的公告,股东/实际控制人股份减持,2026-02-13,https://data.eastmoney.com/notices/detail/300210/AN202602131819922145.html
300298,三诺生物,三诺生物:关于股份回购结果暨股份变动的公告,股本变动,2026-02-13,https://data.eastmoney.com/notices/detail/300298/AN202602131819922146.html
300173,ST福能,ST福能:关于公司股票被实施其他风险警示相关事项的进展公告,其它风险提示公告,2026-02-13,https://data.eastmoney.com/notices/detail/300173/AN202602131819922143.html
300102,乾照光电,乾照光电:关于使用闲置募集资金进行现金管理的进展公告,募集资金使用进展情况,2026-02-13,https://data.eastmoney.com/notices/detail/300102/AN202602131819922144.html
603112,华翔股份,7-1发行人及保荐机构关于审核问询函的回复(山西华翔集团股份有限公司),沪主板再融资问询与回复,2026-02-13,https://data.eastmoney.com/notices/detail/603112/AN202602131819921912.html
603112,华翔股份,7-2会计师关于审核问询函的回复(山西华翔集团股份有限公司),沪主板再融资问询与回复,2026-02-13,https://data.eastmoney.com/notices/detail/603112/AN202602131819921911.html
603112,华翔股份,7-3律师事务所补充法律意见书(一)(山西华翔集团股份有限公司),沪主板再融资问询与回复,2026-02-13,https://data.eastmoney.com/notices/detail/603112/AN202602131819921913.html
603717,天域生物,关于终止对天域生物科技股份有限公司向特定对象发行股票审核的决定,沪主板再融资审核终止审核通知,2026-02-13,https://data.eastmoney.com/notices/detail/603717/AN202602131819921910.html
300317,珈伟新能,珈伟新能:关于公司持股5%以上股东部分股份被司法拍卖的进展公告,诉讼仲裁,2026-02-13,https://data.eastmoney.com/notices/detail/300317/AN202602131819921902.html
300097,智云股份,ST智云:关于股份协议转让交易方追加承诺的公告,股权转让,2026-02-13,https://data.eastmoney.com/notices/detail/300097/AN202602131819921813.html
605136,丽人丽妆,关于上海丽人丽妆化妆品股份有限公司权益变动相关事项的监管工作函,上交所股票监管工作函,2026-02-13,https://data.eastmoney.com/notices/detail/605136/AN202602131819921695.html
300648,星云股份,星云股份:关于使用部分闲置募集资金进行现金管理到期赎回并继续进行现金管理的公告,投资理财,2026-02-13,https://data.eastmoney.com/notices/detail/300648/AN202602131819921652.html
301236,软通动力,软通动力:关于签署募集资金三方监管协议的公告,签订协议,2026-02-13,https://data.eastmoney.com/notices/detail/301236/AN202602131819921554.html
300842,帝科股份,帝科股份:关于为子公司提供担保的进展公告,提供/对外担保公告,2026-02-13,https://data.eastmoney.com/notices/detail/300842/AN202602131819921555.html
300791,仙乐健康,仙乐健康:关于仙乐转债预计触发转股价格修正条件的提示性公告,其他,2026-02-13,https://data.eastmoney.com/notices/detail/300791/AN202602131819921556.html
301511,德福科技,德福科技:关于收购子公司部分股权进展暨完成工商变更登记的公告,公司关联方基本资料变更,2026-02-13,https://data.eastmoney.com/notices/detail/301511/AN202602131819921551.html
920161,龙辰科技,龙辰科技:最近三年及一期的财务报告和审计报告(上会稿),北交所发行上市审计报告,2026-02-13,https://data.eastmoney.com/notices/detail/920161/AN202602131819921314.html
920161,龙辰科技,龙辰科技:上市保荐书(上会稿),北交所发行上市上市保荐书,2026-02-13,https://data.eastmoney.com/notices/detail/920161/AN202602131819921315.html
920161,龙辰科技,龙辰科技:发行保荐书(上会稿),北交所发行上市发行保荐书,2026-02-13,https://data.eastmoney.com/notices/detail/920161/AN202602131819921312.html
920161,龙辰科技,北京证券交易所上市委员会2026年第17次审议会议公告,北交所上市审核会议公告,2026-02-13,https://data.eastmoney.com/notices/detail/920161/AN202602131819921311.html
920075,柏星龙,柏星龙:关于使用闲置自有资金现金管理的进展公告,投资理财,2026-02-13,https://data.eastmoney.com/notices/detail/920075/AN202602131819921349.html
920161,龙辰科技,龙辰科技:招股说明书(上会稿),北交所发行上市招股说明书上会稿,2026-02-13,https://data.eastmoney.com/notices/detail/920161/AN202602131819921313.html
920161,龙辰科技,龙辰科技:法律意见书(上会稿),北交所发行上市法律意见书,2026-02-13,https://data.eastmoney.com/notices/detail/920161/AN202602131819921310.html
920125,鸿仕达,鸿仕达:最近三年及一期的财务报告和审计报告(注册稿),北交所发行上市审计报告,2026-02-13,https://data.eastmoney.com/notices/detail/920125/AN202602131819921204.html
920125,鸿仕达,鸿仕达:发行保荐书(注册稿),北交所发行上市发行保荐书,2026-02-13,https://data.eastmoney.com/notices/detail/920125/AN202602131819921206.html
920125,鸿仕达,鸿仕达:法律意见书(注册稿),北交所发行上市法律意见书,2026-02-13,https://data.eastmoney.com/notices/detail/920125/AN202602131819921205.html
920125,鸿仕达,鸿仕达:招股说明书(注册稿),北交所发行上市招股说明书注册稿,2026-02-13,https://data.eastmoney.com/notices/detail/920125/AN202602131819921203.html
920125,鸿仕达,鸿仕达:上市保荐书(注册稿),北交所发行上市上市保荐书,2026-02-13,https://data.eastmoney.com/notices/detail/920125/AN202602131819921202.html
920191,瑞尔竞达,瑞尔竞达:关于拟设立专项资产管理计划参与向不特定合格投资者公开发行股票并在北京证券交易所上市战略配售的公告,增发方案修订,2026-02-13,https://data.eastmoney.com/notices/detail/920191/AN202602131819921162.html
920191,瑞尔竞达,瑞尔竞达:关于对拟认定核心员工进行公示并征求意见的公告,高管人员任职变动,2026-02-13,https://data.eastmoney.com/notices/detail/920191/AN202602131819921130.html
920191,瑞尔竞达,瑞尔竞达:独立董事关于第二届董事会第三次会议相关议案的独立意见,专项说明/独立意见,2026-02-13,https://data.eastmoney.com/notices/detail/920191/AN202602131819921103.html
920191,瑞尔竞达,瑞尔竞达:关于召开2026年第一次临时股东会会议通知公告,召开股东大会通知,2026-02-13,https://data.eastmoney.com/notices/detail/920191/AN202602131819921081.html
920191,瑞尔竞达,瑞尔竞达:第二届董事会第三次会议决议公告,高管人员任职变动,2026-02-13,https://data.eastmoney.com/notices/detail/920191/AN202602131819921041.html
600926,杭州银行,杭州银行:杭州银行股份有限公司投资者关系活动记录表2026-02,调研活动,2026-02-13,https://data.eastmoney.com/notices/detail/600926/AN202602131819920911.html
688737,中自科技,中自科技:688737.SH-中自科技_2026年1月投资者关系活动记录表,调研活动,2026-02-13,https://data.eastmoney.com/notices/detail/688737/AN202602131819920855.html
920010,凯添燃气,凯添燃气:2025年年度业绩快报公告,业绩快报,2026-02-13,https://data.eastmoney.com/notices/detail/920010/AN202602131819920833.html
301085,亚康股份,亚康股份:关于归还暂时补充流动资金的闲置募集资金的公告,归还募集资金,2026-02-13,https://data.eastmoney.com/notices/detail/301085/AN202602131819920820.html
300512,中亚股份,中亚股份:关于使用部分自有资金进行委托理财的进展公告,委托（受托）事项,2026-02-13,https://data.eastmoney.com/notices/detail/300512/AN202602131819920744.html
300908,仲景食品,仲景食品:关于变更保荐代表人的公告,保荐代表人（机构）变更,2026-02-13,https://data.eastmoney.com/notices/detail/300908/AN202602131819920725.html
920693,阿为特,阿为特:员工持股平台拟减持股份的预披露公告,股东/实际控制人股份减持,2026-02-13,https://data.eastmoney.com/notices/detail/920693/AN202602131819920656.html
300928,华安鑫创,华安鑫创:关于募集资金专户完成销户的公告,募集资金使用情况报告,2026-02-13,https://data.eastmoney.com/notices/detail/300928/AN202602131819920643.html
301152,天力锂能,天力锂能:关于天力锂能集团股份有限公司前期会计差错更正专项说明的审核报告,保荐/核查意见,2026-02-13,https://data.eastmoney.com/notices/detail/301152/AN202602131819920635.html
301152,天力锂能,天力锂能:天力锂能集团股份有限公司关于前期会计差错更正的公告,会计差错更正公告,2026-02-13,https://data.eastmoney.com/notices/detail/301152/AN202602131819920638.html
301152,天力锂能,天力锂能:天力锂能集团股份有限公司2024年年度报告摘要(更正后),年度报告摘要,2026-02-13,https://data.eastmoney.com/notices/detail/301152/AN202602131819920636.html
301152,天力锂能,天力锂能:天力锂能集团股份有限公司2025年半年度报告(更正后),半年度报告全文,2026-02-13,https://data.eastmoney.com/notices/detail/301152/AN202602131819920629.html
301268,铭利达,铭利达:中证鹏元关于关注深圳市铭利达精密技术股份有限公司2025年业绩预亏事项的公告,业绩预告,2026-02-13,https://data.eastmoney.com/notices/detail/301268/AN202602131819920632.html
301152,天力锂能,天力锂能:天力锂能集团股份有限公司2025年半年度报告摘要(更正后),半年度报告摘要,2026-02-13,https://data.eastmoney.com/notices/detail/301152/AN202602131819920633.html
301152,天力锂能,天力锂能:天力锂能集团股份有限公司第四届董事会第二十二次会议决议公告,董事会决议公告,2026-02-13,https://data.eastmoney.com/notices/detail/301152/AN202602131819920644.html
301152,天力锂能,天力锂能:天力锂能集团股份有限公司关于前期会计差错更正后的财务报表及相关附注,会计差错更正公告,2026-02-13,https://data.eastmoney.com/notices/detail/301152/AN202602131819920641.html
300889,爱克股份,爱克股份:关于为子公司向银行申请授信提供担保的进展公告,提供/对外担保公告,2026-02-13,https://data.eastmoney.com/notices/detail/300889/AN202602131819920634.html
301152,天力锂能,天力锂能:天力锂能集团股份有限公司2024年年度报告(更正后),年度报告全文,2026-02-13,https://data.eastmoney.com/notices/detail/301152/AN202602131819920628.html
301152,天力锂能,天力锂能:天力锂能集团股份有限公司2025年第一季度报告(更正后),一季度报告全文,2026-02-13,https://data.eastmoney.com/notices/detail/301152/AN202602131819920639.html
301152,天力锂能,天力锂能:天力锂能集团股份有限公司2025年第三季度报告(更正后),三季度报告全文,2026-02-13,https://data.eastmoney.com/notices/detail/301152/AN202602131819920630.html
300889,爱克股份,爱克股份:关于公司控股股东部分股份解除质押的公告,股份质押、冻结,2026-02-13,https://data.eastmoney.com/notices/detail/300889/AN202602131819920611.html
300831,ST派瑞,派瑞股份:关于使用部分闲置募集资金进行现金管理的进展公告,募集资金使用进展情况,2026-02-13,https://data.eastmoney.com/notices/detail/300831/AN202602131819920460.html
300696,爱乐达,爱乐达:关于为控股孙公司向银行申请授信提供担保及反担保的公告,提供/对外担保公告,2026-02-13,https://data.eastmoney.com/notices/detail/300696/AN202602131819920462.html
300449,汉邦高科,汉邦高科:关于披露发行股份购买资产并募集配套资金暨关联交易预案后的进展公告,关联交易,2026-02-13,https://data.eastmoney.com/notices/detail/300449/AN202602131819920461.html
300696,爱乐达,爱乐达:第四届董事会第九次会议决议公告,董事会决议公告,2026-02-13,https://data.eastmoney.com/notices/detail/300696/AN202602131819920382.html
300449,汉邦高科,汉邦高科:关于提供担保的进展公告,提供/对外担保公告,2026-02-13,https://data.eastmoney.com/notices/detail/300449/AN202602131819920376.html
920821,则成电子,则成电子:关于募集资金投资项目结项的公告,募集资金使用情况报告,2026-02-13,https://data.eastmoney.com/notices/detail/920821/AN202602131819920359.html
920821,则成电子,则成电子:兴业证券股份有限公司关于深圳市则成电子股份有限公司募集资金投资项目结项的核查意见,保荐/核查意见,2026-02-13,https://data.eastmoney.com/notices/detail/920821/AN202602131819920360.html
920045,蘅东光,蘅东光:关于使用闲置募集资金进行现金管理的进展公告,募集资金使用进展情况,2026-02-13,https://data.eastmoney.com/notices/detail/920045/AN202602131819920238.html
300368,汇金股份,汇金股份:关于筹划重大资产重组的进展公告,重组进展公告,2026-02-13,https://data.eastmoney.com/notices/detail/300368/AN202602131819920147.html
920190,雷神科技,雷神科技:股东拟减持股份的预披露公告(再次披露),股东/实际控制人股份减持,2026-02-13,https://data.eastmoney.com/notices/detail/920190/AN202602131819920103.html
300900,广联航空,广联航空:第四届董事会第二十一次会议决议公告,董事会决议公告,2026-02-13,https://data.eastmoney.com/notices/detail/300900/AN202602131819920066.html
000669,ST金鸿,ST金鸿:渤海证券股份有限公司关于中油金鸿能源投资股份有限公司2015年公司债券临时受托管理事务报告,其他,2026-02-13,https://data.eastmoney.com/notices/detail/000669/AN202602131819920065.html
300900,广联航空,广联航空:中航证券有限公司关于广联航空工业股份有限公司部分募投项目延期的核查意见,保荐/核查意见,2026-02-13,https://data.eastmoney.com/notices/detail/300900/AN202602131819920064.html
000591,太阳能,太阳能:2022年面向专业投资者公开发行绿色乡村振兴公司债券(专项用于碳中和)(第一期)2026年付息公告,其他,2026-02-13,https://data.eastmoney.com/notices/detail/000591/AN202602131819920061.html
300900,广联航空,广联航空:关于部分募投项目延期的公告,变更募集资金投资项目,2026-02-13,https://data.eastmoney.com/notices/detail/300900/AN202602131819920060.html
300583,赛托生物,赛托生物:关于子公司收到化学原料药欧洲CEP证书的公告,其他,2026-02-13,https://data.eastmoney.com/notices/detail/300583/AN202602131819920024.html
300900,广联航空,广联航空:关于提前赎回广联转债的第二十次提示性公告,其他,2026-02-13,https://data.eastmoney.com/notices/detail/300900/AN202602131819920032.html
300583,赛托生物,赛托生物:关于公司及子公司重大诉讼的公告,诉讼仲裁,2026-02-13,https://data.eastmoney.com/notices/detail/300583/AN202602131819920022.html
300710,万隆光电,万隆光电:关于发行股份及支付现金购买资产并募集配套资金暨关联交易事项的进展公告,关联交易,2026-02-13,https://data.eastmoney.com/notices/detail/300710/AN202602131819920026.html
300224,正海磁材,正海磁材:关于使用部分暂时闲置募集资金进行现金管理的进展公告,募集资金使用进展情况,2026-02-13,https://data.eastmoney.com/notices/detail/300224/AN202602131819919811.html
920985,海泰新能,海泰新能:北京德恒律师事务所关于唐山海泰新能科技股份有限公司2026年第一次临时股东会的法律意见,法律意见书,2026-02-13,https://data.eastmoney.com/notices/detail/920985/AN202602131819919807.html
920985,海泰新能,海泰新能:2026年第一次临时股东会决议公告,股东大会决议公告,2026-02-13,https://data.eastmoney.com/notices/detail/920985/AN202602131819919806.html
301331,恩威医药,恩威医药:关于全资子公司取得换发的《药品生产许可证》的公告,其他,2026-02-13,https://data.eastmoney.com/notices/detail/301331/AN202602131819919055.html
300703,创源股份,创源股份:关于公司非独立董事辞职的公告,高管人员任职变动,2026-02-13,https://data.eastmoney.com/notices/detail/300703/AN202602131819919056.html
300806,斯迪克,斯迪克:关于子公司完成工商变更登记的公告,公司关联方基本资料变更,2026-02-13,https://data.eastmoney.com/notices/detail/300806/AN202602131819919058.html
300169,天晟新材,天晟新材:关于重大诉讼事项进展的公告,诉讼仲裁,2026-02-13,https://data.eastmoney.com/notices/detail/300169/AN202602131819919057.html
300385,ST雪浪,雪浪环境:关于控股股东的控股股东变更的公告,股东/实际控制人变更,2026-02-13,https://data.eastmoney.com/notices/detail/300385/AN202602131819919032.html
300471,厚普股份,厚普股份:关于全资子公司为全资子公司提供反担保的公告,提供/对外担保公告,2026-02-13,https://data.eastmoney.com/notices/detail/300471/AN202602131819919019.html
301131,聚赛龙,聚赛龙:关于提前赎回“赛龙转债”的第十九次提示性公告,其他,2026-02-13,https://data.eastmoney.com/notices/detail/301131/AN202602131819919025.html
300147,*ST香雪,ST香雪:第九届董事会第三十三次会议决议公告,董事会决议公告,2026-02-13,https://data.eastmoney.com/notices/detail/300147/AN202602131819919030.html
300454,深信服,深信服:深信服科技股份有限公司关于提前赎回信服转债的第二次提示性公告,其他,2026-02-13,https://data.eastmoney.com/notices/detail/300454/AN202602131819919024.html
301012,扬电科技,扬电科技:关于股东协议转让股份过户完成的公告,股权转让,2026-02-13,https://data.eastmoney.com/notices/detail/301012/AN202602131819919038.html
300454,深信服,深信服:深信服科技股份有限公司关于参与设立的投资基金引入新的有限合伙人及相关事项变更的公告,投资设立公司,2026-02-13,https://data.eastmoney.com/notices/detail/300454/AN202602131819919018.html
300692,中赋科技,中赋科技:关于中环转2预计触发赎回条件的提示性公告,其他,2026-02-13,https://data.eastmoney.com/notices/detail/300692/AN202602131819919034.html
301095,广立微,广立微:关于公司高级管理人员辞任的公告,高管人员任职变动,2026-02-13,https://data.eastmoney.com/notices/detail/301095/AN202602131819919033.html
301122,采纳股份,采纳股份:关于使用部分闲置自有资金进行现金管理的公告,投资理财,2026-02-13,https://data.eastmoney.com/notices/detail/301122/AN202602131819919039.html
300791,仙乐健康,仙乐健康:关于召开2026年第二次临时股东会的提示性公告,召开股东大会提示性公告,2026-02-13,https://data.eastmoney.com/notices/detail/300791/AN202602131819919026.html
300284,苏交科,苏交科:第六届董事会第十一次会议决议公告,高管人员任职变动,2026-02-13,https://data.eastmoney.com/notices/detail/300284/AN202602131819919020.html
300071,福石控股,福石控股:关于北京证监局对公司控股股东采取责令改正措施的公告,其他,2026-02-13,https://data.eastmoney.com/notices/detail/300071/AN202602131819919022.html
300284,苏交科,苏交科:关于聘任公司董事会秘书的公告,高管人员任职变动,2026-02-13,https://data.eastmoney.com/notices/detail/300284/AN202602131819919016.html
300147,*ST香雪,ST香雪:关于申请借款重组的公告,借贷,2026-02-13,https://data.eastmoney.com/notices/detail/300147/AN202602131819919015.html
300975,商络电子,商络电子:关于公司担保情况的进展公告,其他担保公告,2026-02-13,https://data.eastmoney.com/notices/detail/300975/AN202602131819919029.html
301195,北路智控,北路智控:关于变更签字注册会计师的公告,公司关联方基本资料变更,2026-02-13,https://data.eastmoney.com/notices/detail/301195/AN202602131819919017.html
300605,恒锋信息,恒锋信息:东方金诚国际信用评估有限公司关于恒锋信息科技股份有限公司2025年度业绩预亏的关注公告,业绩预告,2026-02-13,https://data.eastmoney.com/notices/detail/300605/AN202602131819919014.html
300188,国投智能,国投智能:关于更换签字注册会计师的公告,高管人员任职变动,2026-02-13,https://data.eastmoney.com/notices/detail/300188/AN202602131819919031.html
300787,海能实业,海能实业:关于使用自有资金进行现金管理的进展公告,投资理财,2026-02-13,https://data.eastmoney.com/notices/detail/300787/AN202602131819919037.html
300826,测绘股份,测绘股份:关于公司涉及重大诉讼的进展公告,诉讼仲裁,2026-02-13,https://data.eastmoney.com/notices/detail/300826/AN202602131819919028.html
300263,隆华科技,隆华科技:关于调整签字注册会计师及项目质量控制复核人的公告,公司关联方基本资料变更,2026-02-13,https://data.eastmoney.com/notices/detail/300263/AN202602131819919021.html
920942,恒立钻具,恒立钻具:关于使用闲置自有资金进行现金管理的进展公告,投资理财,2026-02-13,https://data.eastmoney.com/notices/detail/920942/AN202602131819919013.html
920402,硅烷科技,硅烷科技:2026年第一次临时股东会决议公告,股东大会决议公告,2026-02-13,https://data.eastmoney.com/notices/detail/920402/AN202602131819918982.html
920402,硅烷科技,硅烷科技:河南文丰律师事务所关于河南硅烷科技发展股份有限公司2026年第一次临时股东会的法律意见书,法律意见书,2026-02-13,https://data.eastmoney.com/notices/detail/920402/AN202602131819918981.html
920156,海昌智能,海昌智能:最近三年及一期的财务报告和审计报告(注册稿),北交所发行上市审计报告,2026-02-13,https://data.eastmoney.com/notices/detail/920156/AN202602131819918650.html
603071,物产环能,物产环能:浙江物产环保能源股份有限公司2026年第二次临时股东会会议材料,股东大会资料,2026-02-13,https://data.eastmoney.com/notices/detail/603071/AN202602131819918793.html
603998,方盛制药,方盛制药:投资者关系活动记录表(2026-005、006),调研活动,2026-02-13,https://data.eastmoney.com/notices/detail/603998/AN202602131819918433.html
688786,悦安新材,悦安新材:2026-003 688786悦安新材投资者关系活动记录表,调研活动,2026-02-13,https://data.eastmoney.com/notices/detail/688786/AN202602131819918428.html
603887,城地香江,城地香江:上海城地香江数据科技股份有限公司投资者关系活动记录表,调研活动,2026-02-13,https://data.eastmoney.com/notices/detail/603887/AN202602131819918429.html
601038,一拖股份,一拖股份:投资者关系活动记录表-1月,调研活动,2026-02-13,https://data.eastmoney.com/notices/detail/601038/AN202602131819918426.html
603191,望变电气,望变电气:投资者交流活动记录表 2026-001,调研活动,2026-02-13,https://data.eastmoney.com/notices/detail/603191/AN202602131819918432.html
688262,国芯科技,国芯科技:2026年2月12日投资者关系活动记录表,调研活动,2026-02-13,https://data.eastmoney.com/notices/detail/688262/AN202602131819918430.html
688266,泽璟制药,泽璟制药:投资者关系活动记录表(2026年2月2日-2月10日),调研活动,2026-02-13,https://data.eastmoney.com/notices/detail/688266/AN202602131819918427.html
603040,新坐标,新坐标:投资者关系活动记录表(2026年2月上),调研活动,2026-02-13,https://data.eastmoney.com/notices/detail/603040/AN202602131819918431.html
920156,海昌智能,海昌智能:上市保荐书(注册稿),北交所发行上市上市保荐书,2026-02-13,https://data.eastmoney.com/notices/detail/920156/AN202602131819918651.html
920156,海昌智能,海昌智能:发行保荐书(注册稿),北交所发行上市发行保荐书,2026-02-13,https://data.eastmoney.com/notices/detail/920156/AN202602131819918648.html
920156,海昌智能,海昌智能:招股说明书(注册稿),北交所发行上市招股说明书注册稿,2026-02-13,https://data.eastmoney.com/notices/detail/920156/AN202602131819918649.html
920156,海昌智能,海昌智能:法律意见书(注册稿),北交所发行上市法律意见书,2026-02-13,https://data.eastmoney.com/notices/detail/920156/AN202602131819918652.html
920961,创远信科,国泰海通证券股份有限公司关于创远信科(上海)技术股份有限公司发行股份及支付现金购买资产并募集配套资金暨关联交易申请文件的审核问询函的回复之核查意见,北交所重大资产重组问询与回复,2026-02-13,https://data.eastmoney.com/notices/detail/920961/AN202602131819918656.html
920961,创远信科,天源资产评估有限公司关于北京证券交易所《关于创远信科(上海)技术股份有限公司发行股份及支付现金购买资产并募集配套资金暨关联交易申请文件的审核问询函》资产评估相关问题之核查意见,北交所重大资产重组问询与回复,2026-02-13,https://data.eastmoney.com/notices/detail/920961/AN202602131819918647.html
920961,创远信科,北京大成律师事务所关于创远信科(上海)技术股份有限公司发行股份及支付现金购买资产并募集配套资金暨关联交易之补充法律意见书,北交所重大资产重组法律意见书,2026-02-13,https://data.eastmoney.com/notices/detail/920961/AN202602131819918655.html
920961,创远信科,创远信科(上海)技术股份有限公司关于创远信科(上海)技术股份有限公司发行股份及支付现金购买资产并募集配套资金暨关联交易申请文件的审核问询函的回复,北交所重大资产重组问询与回复,2026-02-13,https://data.eastmoney.com/notices/detail/920961/AN202602131819918654.html
920961,创远信科,中汇会计师事务所(特殊普通合伙)关于创远信科(上海)技术股份有限公司发行股份及支付现金购买资产并募集配套资金暨关联交易申请文件的审核问询函有关财务问题回复的专项说明,北交所重大资产重组问询与回复,2026-02-13,https://data.eastmoney.com/notices/detail/920961/AN202602131819918653.html
920093,信胜科技,信胜科技:关于公开发行股票并在北交所上市申请文件落实函延期回复的提示性公告,其他,2026-02-13,https://data.eastmoney.com/notices/detail/920093/AN202602131819918445.html
920081,欧伦电气,欧伦电气:2025年度审阅报告及财务报表,保荐/核查意见,2026-02-13,https://data.eastmoney.com/notices/detail/920081/AN202602131819918601.html
920238,长鹰硬科,长鹰硬科:关于申请公开发行股票并在北交所上市暨停牌进展公告,停牌公告,2026-02-13,https://data.eastmoney.com/notices/detail/920238/AN202602131819918643.html
920081,欧伦电气,欧伦电气:第二届董事会第五次会议决议公告,董事会决议公告,2026-02-13,https://data.eastmoney.com/notices/detail/920081/AN202602131819918535.html
920090,*ST同辉,同辉信息:控股股东、实际控制人股权被司法冻结的公告,股份质押、冻结,2026-02-13,https://data.eastmoney.com/notices/detail/920090/AN202602131819918420.html
920011,晨光电机,晨光电机:关于认定核心员工的公告,获得认证,2026-02-13,https://data.eastmoney.com/notices/detail/920011/AN202602131819918382.html
920011,晨光电机,晨光电机:2026年第二次临时股东会会议决议公告,股东大会决议公告,2026-02-13,https://data.eastmoney.com/notices/detail/920011/AN202602131819918397.html
300071,福石控股,关于对杭州福石资产管理有限公司给予公开谴责处分的决定,深交所股票公开谴责,2026-02-13,https://data.eastmoney.com/notices/detail/300071/AN202602131819918257.html
A25193,通则康威,发行人及中介机构关于第二轮审核问询函的回复意见(广州通则康威科技股份有限公司),创业板IPO问询与回复,2026-02-13,https://data.eastmoney.com/notices/detail/A25193/AN202602131819917915.html
002088,鲁阳节能,鲁阳节能:关于子公司补缴税款的进展公告,其他,2026-02-13,https://data.eastmoney.com/notices/detail/002088/AN202602131819916462.html
002253,川大智胜,*ST智胜:四川川大智胜软件股份有限公司关于公司高级管理人员辞职的公告,高管人员任职变动,2026-02-13,https://data.eastmoney.com/notices/detail/002253/AN202602131819916461.html
002589,瑞康医药,瑞康医药:关于董事、董事会秘书及副总裁解除责令候查的公告,其他,2026-02-13,https://data.eastmoney.com/notices/detail/002589/AN202602131819916460.html
002130,沃尔核材,沃尔核材:关于境外上市外资股(H股)调入港股通标的证券名单的公告,其他,2026-02-13,https://data.eastmoney.com/notices/detail/002130/AN202602131819916393.html
300960,通业科技,通业科技:关于筹划重大资产重组的进展公告,重组进展公告,2026-02-13,https://data.eastmoney.com/notices/detail/300960/AN202602131819916390.html
300703,创源股份,创源股份:关于召开2026年第二次临时股东会的通知,召开股东大会通知,2026-02-13,https://data.eastmoney.com/notices/detail/300703/AN202602131819916391.html
002646,天佑德酒,天佑德酒:关于使用自有资金购买理财产品的进展公告,投资理财,2026-02-13,https://data.eastmoney.com/notices/detail/002646/AN202602131819916394.html
002723,小崧股份,小崧股份:关于为关联参股公司提供担保的进展公告,提供/对外担保公告,2026-02-13,https://data.eastmoney.com/notices/detail/002723/AN202602131819916392.html
300857,协创数据,协创数据:关于公司为全资子公司提供担保的进展公告,提供/对外担保公告,2026-02-13,https://data.eastmoney.com/notices/detail/300857/AN202602131819916382.html
002636,金安国纪,金安国纪:关于2025年度向特定对象发行A股股票申请获得深圳证券交易所受理的公告,其他增发事项公告,2026-02-13,https://data.eastmoney.com/notices/detail/002636/AN202602131819911928.html
002294,信立泰,信立泰:关于向香港联交所递交H股发行上市申请并刊发申请资料的公告,其他,2026-02-13,https://data.eastmoney.com/notices/detail/002294/AN202602131819911444.html
605006,山东玻纤,山东玻纤:关于山东玻纤集团股份有限公司股票交易异常波动问询函的回复,回复问询函公告,2026-02-13,https://data.eastmoney.com/notices/detail/605006/AN202602121819907413.html
002289,宇顺电子,*ST宇顺:2026年第一次临时股东会决议公告,股东大会决议公告,2026-02-13,https://data.eastmoney.com/notices/detail/002289/AN202602121819906682.html
002289,宇顺电子,*ST宇顺:北京国枫律师事务所关于深圳市宇顺电子股份有限公司2026年第一次临时股东会的法律意见书,法律意见书,2026-02-13,https://data.eastmoney.com/notices/detail/002289/AN202602121819906681.html
000543,皖能电力,皖能电力:2026年第一次临时股东会决议公告,股东大会决议公告,2026-02-13,https://data.eastmoney.com/notices/detail/000543/AN202602121819906410.html
000543,皖能电力,皖能电力:2026年第一次临时股东会法律意见书,法律意见书,2026-02-13,https://data.eastmoney.com/notices/detail/000543/AN202602121819906411.html
605069,正和生态,正和生态:关于为控股子公司提供担保进展的公告,提供/对外担保公告,2026-02-13,https://data.eastmoney.com/notices/detail/605069/AN202602121819906390.html
600758,辽宁能源,辽宁能源:辽宁能源关于预计2026年度日常关联交易的议案,关联交易,2026-02-13,https://data.eastmoney.com/notices/detail/600758/AN202602121819906349.html
600758,辽宁能源,辽宁能源:辽宁能源十一届二十四次董事会决议公告,董事会决议公告,2026-02-13,https://data.eastmoney.com/notices/detail/600758/AN202602121819906350.html
600758,辽宁能源,辽宁能源:辽宁能源关于召开2026年第一次临时股东会的通知,召开股东大会通知,2026-02-13,https://data.eastmoney.com/notices/detail/600758/AN202602121819906347.html
600758,辽宁能源,辽宁能源:辽宁能源独立董事专门会议2026年第一次会议决议,其他,2026-02-13,https://data.eastmoney.com/notices/detail/600758/AN202602121819906348.html
002456,欧菲光,欧菲光:欧菲光集团股份有限公司关于发行股份购买资产报告书(草案)(修订稿)修订说明的公告,其他,2026-02-13,https://data.eastmoney.com/notices/detail/002456/AN202602121819906308.html
002456,欧菲光,欧菲光:欧菲光集团股份有限公司发行股份购买资产报告书(草案)(修订稿),其他增发事项公告,2026-02-13,https://data.eastmoney.com/notices/detail/002456/AN202602121819906300.html
002456,欧菲光,欧菲光:欧菲光集团股份有限公司发行股份购买资产报告书(草案)(摘要)(修订稿),其他增发事项公告,2026-02-13,https://data.eastmoney.com/notices/detail/002456/AN202602121819906307.html
002456,欧菲光,欧菲光:2026年第一次临时股东会决议公告,股东大会决议公告,2026-02-13,https://data.eastmoney.com/notices/detail/002456/AN202602121819906299.html
002456,欧菲光,欧菲光:广东信达律师事务所关于欧菲光集团股份有限公司2026年第一次临时股东会的法律意见书,法律意见书,2026-02-13,https://data.eastmoney.com/notices/detail/002456/AN202602121819906303.html
002456,欧菲光,欧菲光:欧菲光集团股份有限公司董事会关于本次交易方案调整不构成重大调整的说明,专项说明/独立意见,2026-02-13,https://data.eastmoney.com/notices/detail/002456/AN202602121819906298.html
002456,欧菲光,欧菲光:关于回购注销公司部分限制性股票减少注册资本暨通知债权人的公告,公司注册资本变更,2026-02-13,https://data.eastmoney.com/notices/detail/002456/AN202602121819906302.html
002456,欧菲光,欧菲光:华泰联合证券有限责任公司关于欧菲光集团股份有限公司本次交易方案调整不构成重大调整的核查意见,保荐/核查意见,2026-02-13,https://data.eastmoney.com/notices/detail/002456/AN202602121819906305.html
002456,欧菲光,欧菲光:中国银河证券股份有限公司关于欧菲光集团股份有限公司部分募集资金投资项目重新论证并延期的核查意见,保荐/核查意见,2026-02-13,https://data.eastmoney.com/notices/detail/002456/AN202602121819906301.html
002456,欧菲光,欧菲光:华泰联合证券有限责任公司关于欧菲光集团股份有限公司发行股份购买资产之独立财务顾问报告,保荐/核查意见,2026-02-13,https://data.eastmoney.com/notices/detail/002456/AN202602121819906306.html
002456,欧菲光,欧菲光:第六届董事会第十六次(临时)会议决议公告,董事会决议公告,2026-02-13,https://data.eastmoney.com/notices/detail/002456/AN202602121819906304.html
002456,欧菲光,欧菲光:关于部分募集资金投资项目重新论证并延期的公告,变更募集资金投资项目,2026-02-13,https://data.eastmoney.com/notices/detail/002456/AN202602121819906309.html
688981,中芯国际,中芯国际:上海市锦天城律师事务所关于2026年第一次临时股东大会的法律意见书,法律意见书,2026-02-13,https://data.eastmoney.com/notices/detail/688981/AN202602121819906209.html
688981,中芯国际,中芯国际:中芯国际2026年第一次临时股东大会决议公告,股东大会决议公告,2026-02-13,https://data.eastmoney.com/notices/detail/688981/AN202602121819906208.html
300758,七彩化学,七彩化学:关于持股5%以上股东减持股份计划实施完成的公告,股东/实际控制人股份减持,2026-02-13,https://data.eastmoney.com/notices/detail/300758/AN202602121819906171.html
600238,ST椰岛,*ST椰岛:*ST椰岛关于公司股票可能被终止上市的第二次风险提示公告,终止上市风险提示,2026-02-13,https://data.eastmoney.com/notices/detail/600238/AN202602121819906089.html
002463,沪电股份,沪电股份:第八届董事会第十四次会议决议公告,董事会决议公告,2026-02-13,https://data.eastmoney.com/notices/detail/002463/AN202602121819906076.html
002463,沪电股份,沪电股份:关于新建高端印制电路板生产项目的公告,对外项目投资,2026-02-13,https://data.eastmoney.com/notices/detail/002463/AN202602121819906079.html
002463,沪电股份,沪电股份:2026年第一次临时股东会决议公告,股东大会决议公告,2026-02-13,https://data.eastmoney.com/notices/detail/002463/AN202602121819906080.html
002315,焦点科技,焦点科技:关于公司部分董事、高级管理人员减持股份的预披露公告,高管人员持股变动,2026-02-13,https://data.eastmoney.com/notices/detail/002315/AN202602121819906081.html
002463,沪电股份,沪电股份:关于沪士电子股份有限公司2026年第一次临时股东会之法律意见书,法律意见书,2026-02-13,https://data.eastmoney.com/notices/detail/002463/AN202602121819906078.html
000166,申万宏源,申万宏源:2026年第一次临时股东会会议材料,股东大会资料,2026-02-13,https://data.eastmoney.com/notices/detail/000166/AN202602121819906061.html
000166,申万宏源,申万宏源:关于申万宏源证券有限公司2026年面向专业投资者公开发行公司债券(第一期)发行结果的公告,其他,2026-02-13,https://data.eastmoney.com/notices/detail/000166/AN202602121819906062.html
000625,长安汽车,长安汽车:关于公司董事、高级管理人员变更的公告,高管人员任职变动,2026-02-13,https://data.eastmoney.com/notices/detail/000625/AN202602121819906068.html
000625,长安汽车,长安汽车:第九届董事会第五十三次会议决议公告,高管人员任职变动,2026-02-13,https://data.eastmoney.com/notices/detail/000625/AN202602121819906067.html
000166,申万宏源,申万宏源:关于召开2026年第一次临时股东会的通知,召开股东大会通知,2026-02-13,https://data.eastmoney.com/notices/detail/000166/AN202602121819906060.html
600735,ST新华锦,ST新华锦:新华锦关于控股股东、间接控股股东破产重整的进展公告,重组进展公告,2026-02-13,https://data.eastmoney.com/notices/detail/600735/AN202602121819906018.html
603861,白云电器,白云电器:白云电器2026年第二次临时股东大会法律意见,法律意见书,2026-02-13,https://data.eastmoney.com/notices/detail/603861/AN202602121819906014.html
603861,白云电器,白云电器:白云电器关于选举职工董事的公告,高管人员任职变动,2026-02-13,https://data.eastmoney.com/notices/detail/603861/AN202602121819906016.html
603861,白云电器,白云电器:白云电器第八届董事会第一次会议决议公告,高管人员任职变动,2026-02-13,https://data.eastmoney.com/notices/detail/603861/AN202602121819906013.html
603861,白云电器,白云电器:白云电器2026年第二次临时股东会决议公告,股东大会决议公告,2026-02-13,https://data.eastmoney.com/notices/detail/603861/AN202602121819906015.html
001226,拓山重工,拓山重工:河南新开源石化管道有限公司评估报告,其他,2026-02-13,https://data.eastmoney.com/notices/detail/001226/AN202602121819906012.html
001226,拓山重工,拓山重工:第二届董事会第十七次会议决议公告,董事会决议公告,2026-02-13,https://data.eastmoney.com/notices/detail/001226/AN202602121819906011.html
001226,拓山重工,拓山重工:董事、高级管理人员薪酬管理制度,管理办法/制度,2026-02-13,https://data.eastmoney.com/notices/detail/001226/AN202602121819906010.html
001226,拓山重工,拓山重工:河南新开源石化管道有限公司审计报告,其他,2026-02-13,https://data.eastmoney.com/notices/detail/001226/AN202602121819906008.html
001226,拓山重工,拓山重工:2026-003关于签署股权收购协议的公告,签订协议,2026-02-13,https://data.eastmoney.com/notices/detail/001226/AN202602121819906009.html
001226,拓山重工,拓山重工:关于召开2026年第一次临时股东会的通知,召开股东大会通知,2026-02-13,https://data.eastmoney.com/notices/detail/001226/AN202602121819906007.html
301680,固德电材,固德电材:首次公开发行股票并在创业板上市网上路演公告,首发网上路演公告,2026-02-13,https://data.eastmoney.com/notices/detail/301680/AN202602121819906000.html
002633,申科股份,申科股份:关于控股股东股份质押及部分解除质押的公告,股份质押、冻结,2026-02-13,https://data.eastmoney.com/notices/detail/002633/AN202602121819905969.html
002633,申科股份,申科股份:关于变更证券事务代表的公告,高管人员任职变动,2026-02-13,https://data.eastmoney.com/notices/detail/002633/AN202602121819905976.html
002633,申科股份,申科股份:董事、高级管理人员离职管理制度,管理办法/制度,2026-02-13,https://data.eastmoney.com/notices/detail/002633/AN202602121819905974.html
002633,申科股份,申科股份:2026年度董事、高级管理人员薪酬方案,其他,2026-02-13,https://data.eastmoney.com/notices/detail/002633/AN202602121819905977.html
002633,申科股份,申科股份:关于控股股东提议回购公司股份的公告,回购预案,2026-02-13,https://data.eastmoney.com/notices/detail/002633/AN202602121819905973.html
002633,申科股份,申科股份:股份回购管理制度,管理办法/制度,2026-02-13,https://data.eastmoney.com/notices/detail/002633/AN202602121819905970.html
002633,申科股份,申科股份:第七届董事会第二次会议决议公告,高管人员任职变动,2026-02-13,https://data.eastmoney.com/notices/detail/002633/AN202602121819905979.html
002633,申科股份,申科股份:关于董事长代行董事会秘书职责的公告,高管人员任职变动,2026-02-13,https://data.eastmoney.com/notices/detail/002633/AN202602121819905972.html
002633,申科股份,申科股份:关于召开2026年第一次临时股东会的通知,召开股东大会通知,2026-02-13,https://data.eastmoney.com/notices/detail/002633/AN202602121819905971.html
002633,申科股份,申科股份:关于变更持续督导财务顾问主办人的公告,高管人员任职变动,2026-02-13,https://data.eastmoney.com/notices/detail/002633/AN202602121819905978.html
002633,申科股份,申科股份:关于以集中竞价交易方式回购公司股份方案的公告,回购预案,2026-02-13,https://data.eastmoney.com/notices/detail/002633/AN202602121819905975.html
688432,有研硅,有研硅:有研硅关于公司控股股东及其一致行动人权益变动触及1%刻度的提示性公告,权益变动报告书,2026-02-13,https://data.eastmoney.com/notices/detail/688432/AN202602121819905968.html
601811,新华文轩,新华文轩:新华文轩H股公告(将於二零二六年三月十一日举行的临时股东会适用的代理人委任表格),其他,2026-02-13,https://data.eastmoney.com/notices/detail/601811/AN202602121819905950.html
601811,新华文轩,新华文轩:新华文轩H股公告(临时股东会通告),其他,2026-02-13,https://data.eastmoney.com/notices/detail/601811/AN202602121819905952.html
601811,新华文轩,新华文轩:新华文轩H股公告(建议委任执行董事),其他,2026-02-13,https://data.eastmoney.com/notices/detail/601811/AN202602121819905953.html
002936,郑州银行,郑州银行:郑州银行股份有限公司第八届董事会2026年第一次临时会议决议公告,高管人员任职变动,2026-02-13,https://data.eastmoney.com/notices/detail/002936/AN202602121819905957.html
002936,郑州银行,郑州银行:郑州银行股份有限公司关于执行董事、行长离任的公告,高管人员任职变动,2026-02-13,https://data.eastmoney.com/notices/detail/002936/AN202602121819905956.html
603375,盛景微,盛景微:盛景微2026年第一次临时股东会法律意见书,法律意见书,2026-02-13,https://data.eastmoney.com/notices/detail/603375/AN202602121819905954.html
603375,盛景微,盛景微:2026年第一次临时股东会决议公告,股东大会决议公告,2026-02-13,https://data.eastmoney.com/notices/detail/603375/AN202602121819905951.html
603375,盛景微,盛景微:关于使用暂时闲置募集资金及超募资金进行现金管理到期赎回的公告,投资理财,2026-02-13,https://data.eastmoney.com/notices/detail/603375/AN202602121819905949.html
002842,翔鹭钨业,翔鹭钨业:广东翔鹭钨业股份有限公司股票交易异常波动公告,股票交易异常波动,2026-02-13,https://data.eastmoney.com/notices/detail/002842/AN202602121819905937.html
002620,*ST瑞和,ST瑞和:关于公司高级管理人员股份减持计划实施完成的公告,股东/实际控制人股份减持,2026-02-13,https://data.eastmoney.com/notices/detail/002620/AN202602121819905918.html
002373,千方科技,千方科技:关于持股5%以上股东减持股份的预披露公告,股东/实际控制人股份减持,2026-02-13,https://data.eastmoney.com/notices/detail/002373/AN202602121819905919.html
688108,赛诺医疗,赛诺医疗:赛诺医疗科学技术股份有限公司关于第三届董事会第十一次会议决议的公告,董事会决议公告,2026-02-13,https://data.eastmoney.com/notices/detail/688108/AN202602121819905892.html
688108,赛诺医疗,赛诺医疗:报备文件2:赛诺医疗第三届董事会第十一次会议决议,董事会决议公告,2026-02-13,https://data.eastmoney.com/notices/detail/688108/AN202602121819905894.html
688108,赛诺医疗,赛诺医疗:赛诺医疗关于放弃控股子公司赛诺神畅优先受让权暨关联交易的公告,关联交易,2026-02-13,https://data.eastmoney.com/notices/detail/688108/AN202602121819905895.html
688108,赛诺医疗,赛诺医疗:赛诺医疗科学技术股份有限公司关于增加注册资本并修改《公司章程》的公告,公司章程修订,2026-02-13,https://data.eastmoney.com/notices/detail/688108/AN202602121819905891.html
688108,赛诺医疗,赛诺医疗:赛诺医疗关于召开2026年第一次临时股东会的通知,召开股东大会通知,2026-02-13,https://data.eastmoney.com/notices/detail/688108/AN202602121819905896.html
688108,赛诺医疗,赛诺医疗:赛诺医疗科学技术股份有限公司章程(2026.02),公司章程,2026-02-13,https://data.eastmoney.com/notices/detail/688108/AN202602121819905890.html
688108,赛诺医疗,赛诺医疗:赛诺医疗科学技术股份有限公司关于第三届董事会独立董事专门会议第七次会议决议的公告,董事会决议公告,2026-02-13,https://data.eastmoney.com/notices/detail/688108/AN202602121819905893.html
002195,岩山科技,岩山科技:董事、高级管理人员减持股份预披露公告,高管人员持股变动,2026-02-13,https://data.eastmoney.com/notices/detail/002195/AN202602121819905851.html
002230,科大讯飞,科大讯飞:关于向特定对象发行股票申请获得深圳证券交易所审核中心审核通过的公告,增发获准公告,2026-02-13,https://data.eastmoney.com/notices/detail/002230/AN202602121819905850.html
300691,联合光电,联合光电:第四届董事会第6次临时会议决议公告,董事会决议公告,2026-02-13,https://data.eastmoney.com/notices/detail/300691/AN202602121819905820.html
300691,联合光电,联合光电:中山联合光电科技股份有限公司关于召开2026年第一次临时股东会的通知,召开股东大会通知,2026-02-13,https://data.eastmoney.com/notices/detail/300691/AN202602121819905814.html
300691,联合光电,联合光电:中山联合光电科技股份有限公司关于深圳证券交易所《关于中山联合光电科技股份有限公司发行股份购买资产并募集配套资金申请的审核问询函》的回复,回复问询函公告,2026-02-13,https://data.eastmoney.com/notices/detail/300691/AN202602121819905812.html
300691,联合光电,联合光电:万联证券股份有限公司关于中山联合光电科技股份有限公司详式权益变动报告书之财务顾问核查意见(修订稿),保荐/核查意见,2026-02-13,https://data.eastmoney.com/notices/detail/300691/AN202602121819905818.html
300691,联合光电,联合光电:关于本次交易方案调整不构成重组方案重大调整的公告,专项说明/独立意见,2026-02-13,https://data.eastmoney.com/notices/detail/300691/AN202602121819905815.html
300691,联合光电,联合光电:重组报告书(草案)摘要(修订稿),重组进展公告,2026-02-13,https://data.eastmoney.com/notices/detail/300691/AN202602121819905817.html
300691,联合光电,联合光电:同致诚宇威国际资产评估(深圳)有限公司关于深圳证券交易所《关于中山联合光电科技股份有限公司发行股份购买资产并募集配套资金申请的审核问询函》资产评估相关问题回复之核查意见,保荐/核查意见,2026-02-13,https://data.eastmoney.com/notices/detail/300691/AN202602121819905819.html
300691,联合光电,联合光电:立信会计师事务所(特殊普通合伙)关于中山联合光电科技股份有限公司申请发行股份购买资产并募集配套资金的审核问询函回复(豁免版),会计师事务所问询函回复公告,2026-02-13,https://data.eastmoney.com/notices/detail/300691/AN202602121819905816.html
300691,联合光电,联合光电:关于中山联合光电科技股份有限公司发行股份购买资产并募集配套资金暨关联交易的补充法律意见书(二),法律意见书,2026-02-13,https://data.eastmoney.com/notices/detail/300691/AN202602121819905822.html
300691,联合光电,联合光电:关于发行股份购买资产并募集配套资金暨关联交易报告书(草案)修订情况的说明,其他增发事项公告,2026-02-13,https://data.eastmoney.com/notices/detail/300691/AN202602121819905813.html
300691,联合光电,联合光电:国投证券股份有限公司关于联合光电本次交易方案调整不构成重组方案重大调整的核查意见,保荐/核查意见,2026-02-13,https://data.eastmoney.com/notices/detail/300691/AN202602121819905823.html
300691,联合光电,联合光电:关于签署《业务合作框架合同》暨关联交易的公告,重大合同,2026-02-13,https://data.eastmoney.com/notices/detail/300691/AN202602121819905821.html
300691,联合光电,联合光电:关于为参股公司提供担保暨关联交易的公告,提供/对外担保公告,2026-02-13,https://data.eastmoney.com/notices/detail/300691/AN202602121819905811.html
300691,联合光电,联合光电:国投证券股份有限公司关于深圳证券交易所《关于中山联合光电科技股份有限公司发行股份购买资产并募集配套资金申请的审核问询函》的回复之专项核查意见,保荐/核查意见,2026-02-13,https://data.eastmoney.com/notices/detail/300691/AN202602121819905806.html
300691,联合光电,联合光电:重组报告书(草案)(修订稿),重组进展公告,2026-02-13,https://data.eastmoney.com/notices/detail/300691/AN202602121819905807.html
300691,联合光电,联合光电:中山联合光电科技股份有限公司详式权益变动报告书(修订稿),权益变动报告书,2026-02-13,https://data.eastmoney.com/notices/detail/300691/AN202602121819905810.html
300691,联合光电,联合光电:独立财务顾问报告(修订稿),保荐/核查意见,2026-02-13,https://data.eastmoney.com/notices/detail/300691/AN202602121819905808.html
300691,联合光电,联合光电:关于发行股份购买资产并募集配套资金申请的审核问询函回复的提示性公告,回复问询函公告,2026-02-13,https://data.eastmoney.com/notices/detail/300691/AN202602121819905809.html
600325,华发股份,华发股份:珠海华发实业股份有限公司收购报告书,收购出售资产/股权,2026-02-13,https://data.eastmoney.com/notices/detail/600325/AN202602121819905789.html
600325,华发股份,华发股份:华发股份关于向特定对象发行A股股票事项获得珠海市国资委批复的公告,增发获准公告,2026-02-13,https://data.eastmoney.com/notices/detail/600325/AN202602121819905788.html
600325,华发股份,华发股份:北京炜衡(郑州)律师事务所关于《珠海华发实业股份有限公司收购报告书》的法律意见书,保荐/核查意见,2026-02-13,https://data.eastmoney.com/notices/detail/600325/AN202602121819905790.html
002373,千方科技,千方科技:关于非独立董事辞职暨选举职工代表董事的公告,高管人员任职变动,2026-02-13,https://data.eastmoney.com/notices/detail/002373/AN202602121819905767.html
688366,昊海生科,昊海生科:上海昊海生物科技股份有限公司股东减持股份计划公告,股东/实际控制人股份减持,2026-02-13,https://data.eastmoney.com/notices/detail/688366/AN202602121819905728.html
603843,*ST正平,*ST正平:正平股份关于公司股票可能被终止上市的第二次风险提示公告,终止上市风险提示,2026-02-13,https://data.eastmoney.com/notices/detail/603843/AN202602121819905696.html
300857,协创数据,协创数据:关于公司变更住所、经营范围并完成工商变更登记的公告,公司经营范围变更,2026-02-13,https://data.eastmoney.com/notices/detail/300857/AN202602121819905673.html
300857,协创数据,协创数据:公司章程,公司章程,2026-02-13,https://data.eastmoney.com/notices/detail/300857/AN202602121819905671.html
300857,协创数据,协创数据:2026年第二次临时股东会决议公告,股东大会决议公告,2026-02-13,https://data.eastmoney.com/notices/detail/300857/AN202602121819905675.html
300857,协创数据,协创数据:广东信达律师事务所关于协创数据技术股份有限公司2026年第二次临时股东会的法律意见书,法律意见书,2026-02-13,https://data.eastmoney.com/notices/detail/300857/AN202602121819905672.html
300857,协创数据,协创数据:公司章程(草案)(H股发行并上市后适用),公司章程,2026-02-13,https://data.eastmoney.com/notices/detail/300857/AN202602121819905674.html
688127,蓝特光学,蓝特光学:北京国枫律师事务所关于浙江蓝特光学股份有限公司2026年限制性股票激励计划授予相关事项的法律意见书,法律意见书,2026-02-13,https://data.eastmoney.com/notices/detail/688127/AN202602121819905623.html
688127,蓝特光学,蓝特光学:北京国枫律师事务所关于浙江蓝特光学股份有限公司2026年第一次临时股东会的法律意见书,法律意见书,2026-02-13,https://data.eastmoney.com/notices/detail/688127/AN202602121819905622.html
688127,蓝特光学,蓝特光学:2026年第一次临时股东会决议公告,增发预案,2026-02-13,https://data.eastmoney.com/notices/detail/688127/AN202602121819905616.html
688127,蓝特光学,蓝特光学:关于向2026年限制性股票激励计划激励对象授予限制性股票的公告,股权激励进展公告,2026-02-13,https://data.eastmoney.com/notices/detail/688127/AN202602121819905620.html
688127,蓝特光学,蓝特光学:关于2026年限制性股票激励计划内幕信息知情人买卖公司股票情况的自查报告,自查报告,2026-02-13,https://data.eastmoney.com/notices/detail/688127/AN202602121819905621.html
688127,蓝特光学,蓝特光学:2026年限制性股票激励计划激励对象名单(授予日),股权激励对象名单,2026-02-13,https://data.eastmoney.com/notices/detail/688127/AN202602121819905619.html
688127,蓝特光学,蓝特光学:第五届董事会第二十七次会议决议公告,董事会决议公告,2026-02-13,https://data.eastmoney.com/notices/detail/688127/AN202602121819905617.html
688127,蓝特光学,蓝特光学:董事会薪酬与考核委员会关于2026年限制性股票激励计划授予激励对象名单(授予日)的核查意见,专项说明/独立意见,2026-02-13,https://data.eastmoney.com/notices/detail/688127/AN202602121819905618.html
605136,丽人丽妆,丽人丽妆:简式权益变动报告书(骁之潇),权益变动报告书,2026-02-13,https://data.eastmoney.com/notices/detail/605136/AN202602121819905603.html
605136,丽人丽妆,丽人丽妆:简式权益变动报告书(晨壹红启),权益变动报告书,2026-02-13,https://data.eastmoney.com/notices/detail/605136/AN202602121819905604.html
600979,广安爱众,广安爱众:独立董事提名人声明与承诺(杨记军),独立董事提名人声明,2026-02-13,https://data.eastmoney.com/notices/detail/600979/AN202602121819905567.html
600979,广安爱众,广安爱众:独立董事候选人声明与承诺(刘俊勇),独立董事候选人声明,2026-02-13,https://data.eastmoney.com/notices/detail/600979/AN202602121819905575.html
600979,广安爱众,广安爱众:四川广安爱众股份有限公司2026年度日常关联交易预案公告,关联交易,2026-02-13,https://data.eastmoney.com/notices/detail/600979/AN202602121819905571.html
600979,广安爱众,广安爱众:独立董事提名人声明与承诺(张亚光),独立董事提名人声明,2026-02-13,https://data.eastmoney.com/notices/detail/600979/AN202602121819905568.html
600979,广安爱众,广安爱众:四川广安爱众股份有限公司关于2026年度预计新增担保额度的公告,担保年度额度预计,2026-02-13,https://data.eastmoney.com/notices/detail/600979/AN202602121819905573.html
600979,广安爱众,广安爱众:独立董事提名人声明与承诺(唐海涛),独立董事提名人声明,2026-02-13,https://data.eastmoney.com/notices/detail/600979/AN202602121819905561.html
600979,广安爱众,广安爱众:独立董事候选人声明与承诺(杨记军),独立董事候选人声明,2026-02-13,https://data.eastmoney.com/notices/detail/600979/AN202602121819905563.html
600979,广安爱众,广安爱众:独立董事提名人声明与承诺(刘辉),独立董事提名人声明,2026-02-13,https://data.eastmoney.com/notices/detail/600979/AN202602121819905564.html
600979,广安爱众,广安爱众:四川广安爱众股份有限公司董事会授权管理办法,管理办法/制度,2026-02-13,https://data.eastmoney.com/notices/detail/600979/AN202602121819905577.html
600979,广安爱众,广安爱众:四川广安爱众股份有限公司董事、高级管理人员离职管理制度,管理办法/制度,2026-02-13,https://data.eastmoney.com/notices/detail/600979/AN202602121819905572.html
600979,广安爱众,广安爱众:独立董事候选人声明与承诺(唐海涛),独立董事候选人声明,2026-02-13,https://data.eastmoney.com/notices/detail/600979/AN202602121819905565.html
600979,广安爱众,广安爱众:四川广安爱众股份有限公司关于召开2026年第一次临时股东会的通知,召开股东大会通知,2026-02-13,https://data.eastmoney.com/notices/detail/600979/AN202602121819905574.html
600979,广安爱众,广安爱众:四川广安爱众股份有限公司关于为子公司提供担保的公告,提供/对外担保公告,2026-02-13,https://data.eastmoney.com/notices/detail/600979/AN202602121819905570.html
600979,广安爱众,广安爱众:四川广安爱众股份有限公司第七届董事会第三十七次会议决议公告,高管人员任职变动,2026-02-13,https://data.eastmoney.com/notices/detail/600979/AN202602121819905576.html
600979,广安爱众,广安爱众:四川广安爱众股份有限公司关于董事会换届选举的公告,高管人员任职变动,2026-02-13,https://data.eastmoney.com/notices/detail/600979/AN202602121819905562.html
600979,广安爱众,广安爱众:独立董事候选人声明与承诺(张亚光),独立董事候选人声明,2026-02-13,https://data.eastmoney.com/notices/detail/600979/AN202602121819905566.html
600979,广安爱众,广安爱众:独立董事候选人声明与承诺(刘辉),独立董事候选人声明,2026-02-13,https://data.eastmoney.com/notices/detail/600979/AN202602121819905569.html
600979,广安爱众,广安爱众:独立董事提名人声明与承诺(刘俊勇),独立董事提名人声明,2026-02-13,https://data.eastmoney.com/notices/detail/600979/AN202602121819905578.html
000728,国元证券,国元证券:国元证券股份有限公司关于全资子公司国元股权投资有限公司发起设立安徽国元量子星动能股权投资合伙企业(有限合伙)(暂定名)暨关联交易的进展公告,其他,2026-02-13,https://data.eastmoney.com/notices/detail/000728/AN202602121819905529.html
603887,城地香江,城地香江:上海城地香江数据科技股份有限公司2026年第一次临时股东会决议公告,股东大会决议公告,2026-02-13,https://data.eastmoney.com/notices/detail/603887/AN202602121819905477.html
603887,城地香江,城地香江:上海市锦天城律师事务所关于上海城地香江数据科技股份有限公司2026年第一次临时股东会的法律意见书,法律意见书,2026-02-13,https://data.eastmoney.com/notices/detail/603887/AN202602121819905476.html
600525,ST长园,ST长园:北京市中伦(深圳)律师事务所关于长园科技集团股份有限公司2026年第二次临时股东会的法律意见书,法律意见书,2026-02-13,https://data.eastmoney.com/notices/detail/600525/AN202602121819905435.html
600525,ST长园,ST长园:2026年第二次临时股东会决议公告,股东大会决议公告,2026-02-13,https://data.eastmoney.com/notices/detail/600525/AN202602121819905434.html
300298,三诺生物,三诺生物:关于三诺转债恢复转股的提示性公告,其他,2026-02-13,https://data.eastmoney.com/notices/detail/300298/AN202602121819905413.html
000659,珠海中富,珠海中富:关于转让全资子公司股权的公告,股权转让,2026-02-13,https://data.eastmoney.com/notices/detail/000659/AN202602121819905393.html
000659,珠海中富,珠海中富:第十一届董事会2026年第五次会议决议公告,董事会决议公告,2026-02-13,https://data.eastmoney.com/notices/detail/000659/AN202602121819905394.html
000988,华工科技,华工科技:2026年第一次临时股东会决议公告,股东大会决议公告,2026-02-13,https://data.eastmoney.com/notices/detail/000988/AN202602121819905396.html
000876,新希望,新希望:关于向特定对象发行股票申请获得深圳证券交易所上市审核中心审核通过的公告,增发获准公告,2026-02-13,https://data.eastmoney.com/notices/detail/000876/AN202602121819905395.html
000988,华工科技,华工科技:北京市嘉源律师事务所关于华工科技产业股份有限公司2026年第一次临时股东会的法律意见书,法律意见书,2026-02-13,https://data.eastmoney.com/notices/detail/000988/AN202602121819905397.html
000530,冰山冷热,冰山B:十届七次董事会议决议公告(英文),董事会决议公告,2026-02-13,https://data.eastmoney.com/notices/detail/000530/AN202602121819905347.html
000530,冰山冷热,冰山冷热:日常关联交易公告,关联交易,2026-02-13,https://data.eastmoney.com/notices/detail/000530/AN202602121819905345.html
002268,电科网安,电科网安:电科网安2026年第二次临时股东会法律意见书,法律意见书,2026-02-13,https://data.eastmoney.com/notices/detail/002268/AN202602121819905340.html
002268,电科网安,电科网安:关于董事调整及选举公司法定代表人的公告,高管人员任职变动,2026-02-13,https://data.eastmoney.com/notices/detail/002268/AN202602121819905342.html
002268,电科网安,电科网安:2026年第二次临时股东会决议公告,股东大会决议公告,2026-02-13,https://data.eastmoney.com/notices/detail/002268/AN202602121819905344.html
000530,冰山冷热,冰山冷热:十届七次董事会议决议公告,董事会决议公告,2026-02-13,https://data.eastmoney.com/notices/detail/000530/AN202602121819905343.html
002268,电科网安,电科网安:第八届董事会第十四次会议决议公告,高管人员任职变动,2026-02-13,https://data.eastmoney.com/notices/detail/002268/AN202602121819905341.html
002268,电科网安,电科网安:关于高级管理人员辞职及聘任高级管理人员的公告,高管人员任职变动,2026-02-13,https://data.eastmoney.com/notices/detail/002268/AN202602121819905346.html
603402,陕西旅游,陕西旅游:北京市金杜律师事务所关于陕西旅游文化产业股份有限公司2026年第一次临时股东会的法律意见书,法律意见书,2026-02-13,https://data.eastmoney.com/notices/detail/603402/AN202602121819905270.html
603402,陕西旅游,陕西旅游:2026年第一次临时股东会决议公告,股东大会决议公告,2026-02-13,https://data.eastmoney.com/notices/detail/603402/AN202602121819905271.html
600482,中国动力,中国动力:中国动力2026年第一次临时股东会材料,股东大会资料,2026-02-13,https://data.eastmoney.com/notices/detail/600482/AN202602121819905209.html
600048,保利发展,保利发展:关于保利发展控股集团股份有限公司2025年度向特定对象发行可转换公司债券申请文件的审核问询函的回复,回复问询函公告,2026-02-13,https://data.eastmoney.com/notices/detail/600048/AN202602121819905207.html
600048,保利发展,保利发展:保利发展控股集团股份有限公司关于2025年度向特定对象发行可转换公司债券申请文件的审核问询函回复及募集说明书等申请文件更新的提示性公告,回复问询函公告,2026-02-13,https://data.eastmoney.com/notices/detail/600048/AN202602121819905208.html
600048,保利发展,保利发展:立信会计师事务所(特殊普通合伙)关于保利发展控股集团股份有限公司向特定对象发行可转换公司债券申请文件审核问询函相关问题的回复,会计师事务所问询函回复公告,2026-02-13,https://data.eastmoney.com/notices/detail/600048/AN202602121819905204.html
600048,保利发展,保利发展:北京德恒律师事务所关于保利发展控股集团股份有限公司2025年度向特定对象发行可转换公司债券的补充法律意见(一),法律意见书,2026-02-13,https://data.eastmoney.com/notices/detail/600048/AN202602121819905206.html
600048,保利发展,保利发展:保利发展控股集团股份有限公司2025年度向特定对象发行可转换公司债券募集说明书(修订稿),其他,2026-02-13,https://data.eastmoney.com/notices/detail/600048/AN202602121819905205.html
600048,保利发展,保利发展:中国国际金融股份有限公司关于保利发展控股集团股份有限公司向特定对象发行可转换公司债券之挂牌转让保荐书,股权转让,2026-02-13,https://data.eastmoney.com/notices/detail/600048/AN202602121819905203.html
600048,保利发展,保利发展:中国国际金融股份有限公司关于保利发展控股集团股份有限公司向特定对象发行可转换公司债券之发行保荐书,发行保荐书,2026-02-13,https://data.eastmoney.com/notices/detail/600048/AN202602121819905202.html
000967,盈峰环境,盈峰环境:2026年第一次临时股东会决议公告,股东大会决议公告,2026-02-13,https://data.eastmoney.com/notices/detail/000967/AN202602121819905187.html
000833,粤桂股份,粤桂股份:第九届董事会第四十三次会议决议公告,董事会决议公告,2026-02-13,https://data.eastmoney.com/notices/detail/000833/AN202602121819905191.html
000967,盈峰环境,盈峰环境:第十一届董事会第一次临时会议决议公告,高管人员任职变动,2026-02-13,https://data.eastmoney.com/notices/detail/000967/AN202602121819905193.html
000833,粤桂股份,粤桂股份:广西粤桂广业控股股份有限公司投资管理办法,管理办法/制度,2026-02-13,https://data.eastmoney.com/notices/detail/000833/AN202602121819905192.html
000967,盈峰环境,盈峰环境:浙江天册律师事务所关于公司2026年第一次临时股东会的法律意见书,法律意见书,2026-02-13,https://data.eastmoney.com/notices/detail/000967/AN202602121819905196.html
000967,盈峰环境,盈峰环境:关于选举职工代表董事的公告,高管人员任职变动,2026-02-13,https://data.eastmoney.com/notices/detail/000967/AN202602121819905189.html
000833,粤桂股份,粤桂股份:关于2026年度日常关联交易预计的公告,关联交易,2026-02-13,https://data.eastmoney.com/notices/detail/000833/AN202602121819905186.html
000967,盈峰环境,盈峰环境:董事会提名委员会关于聘任第十一届高级管理人员、证券事务代表及内部审计负责人候选人的审核意见,专项说明/独立意见,2026-02-13,https://data.eastmoney.com/notices/detail/000967/AN202602121819905185.html
000967,盈峰环境,盈峰环境:关于董事会完成换届选举并聘任高级管理人员、证券事务代表及内部审计负责人的公告,高管人员任职变动,2026-02-13,https://data.eastmoney.com/notices/detail/000967/AN202602121819905190.html
600482,中国动力,中国动力:中国动力关于召开2026年第一次临时股东会的通知,召开股东大会通知,2026-02-13,https://data.eastmoney.com/notices/detail/600482/AN202602121819905184.html
002695,煌上煌,煌上煌:简式权益变动报告书(转让方),权益变动报告书,2026-02-13,https://data.eastmoney.com/notices/detail/002695/AN202602121819905161.html
000890,法尔胜,法尔胜:江苏法尔胜股份有限公司重大资产出售报告书(草案)摘要(修订稿),收购出售资产/股权,2026-02-13,https://data.eastmoney.com/notices/detail/000890/AN202602121819905151.html
002697,红旗连锁,红旗连锁:简式权益变动报告书-曹世如、曹曾俊,权益变动报告书,2026-02-13,https://data.eastmoney.com/notices/detail/002697/AN202602121819905168.html
000890,法尔胜,法尔胜:太平洋证券股份有限公司关于江苏法尔胜股份有限公司重大资产出售之独立财务顾问报告(修订稿),保荐/核查意见,2026-02-13,https://data.eastmoney.com/notices/detail/000890/AN202602121819905154.html
002695,煌上煌,煌上煌:简式权益变动报告书(受让方),权益变动报告书,2026-02-13,https://data.eastmoney.com/notices/detail/002695/AN202602121819905152.html
000890,法尔胜,法尔胜:北京德恒律师事务所关于江苏法尔胜股份有限公司重大资产出售的补充法律意见,法律意见书,2026-02-13,https://data.eastmoney.com/notices/detail/000890/AN202602121819905158.html
000890,法尔胜,法尔胜:太平洋证券股份有限公司关于对江苏法尔胜股份有限公司的并购重组问询函的核查意见,保荐/核查意见,2026-02-13,https://data.eastmoney.com/notices/detail/000890/AN202602121819905150.html
002695,煌上煌,煌上煌:关于股东权益变动的提示性公告,权益变动报告书,2026-02-13,https://data.eastmoney.com/notices/detail/002695/AN202602121819905160.html
000890,法尔胜,法尔胜:关于召开2026年第二次临时股东会的通知,召开股东大会通知,2026-02-13,https://data.eastmoney.com/notices/detail/000890/AN202602121819905153.html
002697,红旗连锁,红旗连锁:关于控股股东签署股份转让协议的提示性公告,签订协议,2026-02-13,https://data.eastmoney.com/notices/detail/002697/AN202602121819905159.html
000890,法尔胜,法尔胜:关于回复深圳证券交易所《关于对江苏法尔胜股份有限公司重大资产出售的问询函》的公告,回复问询函公告,2026-02-13,https://data.eastmoney.com/notices/detail/000890/AN202602121819905164.html
002969,嘉美包装,嘉美包装:关于公司股票交易异常波动暨风险提示性公告,股票交易异常波动,2026-02-13,https://data.eastmoney.com/notices/detail/002969/AN202602121819905165.html
000890,法尔胜,法尔胜:北方亚事资产评估有限责任公司关于深圳证券交易所《关于对江苏法尔胜股份有限公司重大资产出售问询函》的回复,问询函其他公告,2026-02-13,https://data.eastmoney.com/notices/detail/000890/AN202602121819905162.html
000890,法尔胜,法尔胜:关于本次重组相关主体买卖股票情况的自查报告的公告,自查报告,2026-02-13,https://data.eastmoney.com/notices/detail/000890/AN202602121819905156.html
000890,法尔胜,法尔胜:江苏法尔胜股份有限公司重大资产出售报告书(草案)(修订稿),收购出售资产/股权,2026-02-13,https://data.eastmoney.com/notices/detail/000890/AN202602121819905155.html
000890,法尔胜,法尔胜:第十一届董事会第三十二次会议决议公告,董事会决议公告,2026-02-13,https://data.eastmoney.com/notices/detail/000890/AN202602121819905167.html
000890,法尔胜,法尔胜:太平洋证券股份有限公司关于江苏法尔胜股份有限公司本次交易相关主体买卖股票情况的自查报告的专项核查意见,保荐/核查意见,2026-02-13,https://data.eastmoney.com/notices/detail/000890/AN202602121819905163.html
000890,法尔胜,法尔胜:中兴华会计师事务所(特殊普通合伙)关于深圳证券交易所《关于对江苏法尔胜股份有限公司重大资产出售的问询函》的回复,会计师事务所问询函回复公告,2026-02-13,https://data.eastmoney.com/notices/detail/000890/AN202602121819905149.html
000890,法尔胜,法尔胜:关于重大资产出售报告书(草案)修订说明的公告,其他,2026-02-13,https://data.eastmoney.com/notices/detail/000890/AN202602121819905157.html
000890,法尔胜,法尔胜:北京德恒律师事务所关于江苏法尔胜股份有限公司重大资产重组之相关主体买卖股票情况自查报告的专项核查意见,保荐/核查意见,2026-02-13,https://data.eastmoney.com/notices/detail/000890/AN202602121819905166.html
603879,永悦科技,永悦科技:永悦科技关于公司控股股东股份被冻结的公告,股份质押、冻结,2026-02-13,https://data.eastmoney.com/notices/detail/603879/AN202602121819905062.html
000718,苏宁环球,苏宁环球:关于为子公司申请银行授信提供担保的进展公告,提供/对外担保公告,2026-02-13,https://data.eastmoney.com/notices/detail/000718/AN202602121819905026.html
002626,金达威,金达威:关于金威转债开始转股的提示性公告,其他,2026-02-13,https://data.eastmoney.com/notices/detail/002626/AN202602121819904963.html
300959,线上线下,线上线下:关于继续使用部分闲置超募资金及自有资金进行现金管理的公告,投资理财,2026-02-13,https://data.eastmoney.com/notices/detail/300959/AN202602121819904635.html
300959,线上线下,线上线下:第三届董事会第十五次会议决议公告,董事会决议公告,2026-02-13,https://data.eastmoney.com/notices/detail/300959/AN202602121819904639.html
300959,线上线下,线上线下:关于召开2026年第一次临时股东会的通知,召开股东大会通知,2026-02-13,https://data.eastmoney.com/notices/detail/300959/AN202602121819904636.html
300959,线上线下,线上线下:国信证券关于线上线下继续使用部分闲置超募资金进行现金管理的核查意见,保荐/核查意见,2026-02-13,https://data.eastmoney.com/notices/detail/300959/AN202602121819904638.html
000558,天府文旅,天府文旅:2026年第一次临时股东会决议公告,股东大会决议公告,2026-02-13,https://data.eastmoney.com/notices/detail/000558/AN202602121819904551.html
000558,天府文旅,天府文旅:国浩律师(成都)事务所关于成都新天府文化旅游发展股份有限公司2026年第一次临时股东会之法律意见书,法律意见书,2026-02-13,https://data.eastmoney.com/notices/detail/000558/AN202602121819904552.html
000558,天府文旅,天府文旅:关于董事会完成换届并聘任高级管理人员、首席合规官及证券事务代表的公告,高管人员任职变动,2026-02-13,https://data.eastmoney.com/notices/detail/000558/AN202602121819904555.html
000558,天府文旅,天府文旅:第十二届董事会第一次会议决议公告,高管人员任职变动,2026-02-13,https://data.eastmoney.com/notices/detail/000558/AN202602121819904553.html
601169,北京银行,北京银行:北京银行股份有限公司2026年第一次临时股东会法律意见书,法律意见书,2026-02-13,https://data.eastmoney.com/notices/detail/601169/AN202602121819904512.html
601169,北京银行,北京银行:北京银行股份有限公司2026年第一次临时股东会决议公告,股东大会决议公告,2026-02-13,https://data.eastmoney.com/notices/detail/601169/AN202602121819904515.html
601169,北京银行,北京银行:北京银行股份有限公司董事会决议公告,高管人员任职变动,2026-02-13,https://data.eastmoney.com/notices/detail/601169/AN202602121819904513.html
601169,北京银行,北京银行:北京银行股份有限公司关于董事长到龄离任的公告,高管人员任职变动,2026-02-13,https://data.eastmoney.com/notices/detail/601169/AN202602121819904514.html
300481,濮阳惠成,濮阳惠成:关于召开2026年第一次临时股东会的通知,召开股东大会通知,2026-02-13,https://data.eastmoney.com/notices/detail/300481/AN202602121819904479.html
300481,濮阳惠成,濮阳惠成:濮阳惠成电子材料股份有限公司独立董事提名人声明与承诺(段征),独立董事提名人声明,2026-02-13,https://data.eastmoney.com/notices/detail/300481/AN202602121819904473.html
300481,濮阳惠成,濮阳惠成:公司章程,公司章程,2026-02-13,https://data.eastmoney.com/notices/detail/300481/AN202602121819904476.html
300481,濮阳惠成,濮阳惠成:关于修订公司章程并办理工商变更登记的公告,公司章程修订,2026-02-13,https://data.eastmoney.com/notices/detail/300481/AN202602121819904477.html
300481,濮阳惠成,濮阳惠成:濮阳惠成电子材料股份有限公司独立董事候选人声明与承诺(唐玉荣),独立董事候选人声明,2026-02-13,https://data.eastmoney.com/notices/detail/300481/AN202602121819904482.html
300481,濮阳惠成,濮阳惠成:董事会薪酬与考核委员会议事规则,议事规则/实施细则,2026-02-13,https://data.eastmoney.com/notices/detail/300481/AN202602121819904466.html
300481,濮阳惠成,濮阳惠成:关于调整公司组织架构的公告,其他,2026-02-13,https://data.eastmoney.com/notices/detail/300481/AN202602121819904474.html
300481,濮阳惠成,濮阳惠成:董事、高级管理人员离职管理制度,管理办法/制度,2026-02-13,https://data.eastmoney.com/notices/detail/300481/AN202602121819904470.html
300481,濮阳惠成,濮阳惠成:濮阳惠成电子材料股份有限公司独立董事候选人声明与承诺(段征),独立董事候选人声明,2026-02-13,https://data.eastmoney.com/notices/detail/300481/AN202602121819904465.html
300481,濮阳惠成,濮阳惠成:董事、高级管理人员薪酬管理制度,管理办法/制度,2026-02-13,https://data.eastmoney.com/notices/detail/300481/AN202602121819904480.html
300481,濮阳惠成,濮阳惠成:濮阳惠成电子材料股份有限公司独立董事提名人声明与承诺(唐玉荣),独立董事提名人声明,2026-02-13,https://data.eastmoney.com/notices/detail/300481/AN202602121819904481.html
300481,濮阳惠成,濮阳惠成:关于公司董事会换届选举的公告,高管人员任职变动,2026-02-13,https://data.eastmoney.com/notices/detail/300481/AN202602121819904483.html
300481,濮阳惠成,濮阳惠成:关于选举第六届董事会职工董事的公告,高管人员任职变动,2026-02-13,https://data.eastmoney.com/notices/detail/300481/AN202602121819904472.html
300481,濮阳惠成,濮阳惠成:关于制定和修订公司部分管理制度的公告,管理办法/制度,2026-02-13,https://data.eastmoney.com/notices/detail/300481/AN202602121819904484.html
300481,濮阳惠成,濮阳惠成:董事会提名委员会议事规则,议事规则/实施细则,2026-02-13,https://data.eastmoney.com/notices/detail/300481/AN202602121819904475.html
300481,濮阳惠成,濮阳惠成:第五届董事会第二十五次会议决议公告,董事会决议公告,2026-02-13,https://data.eastmoney.com/notices/detail/300481/AN202602121819904469.html
300655,晶瑞电材,晶瑞电材:2026年第一次临时股东会决议公告,股东大会决议公告,2026-02-13,https://data.eastmoney.com/notices/detail/300655/AN202602121819904478.html
300655,晶瑞电材,晶瑞电材:2026年第一次临时股东会的法律意见书,法律意见书,2026-02-13,https://data.eastmoney.com/notices/detail/300655/AN202602121819904471.html
300481,濮阳惠成,濮阳惠成:独立董事工作制度,管理办法/制度,2026-02-13,https://data.eastmoney.com/notices/detail/300481/AN202602121819904468.html
300481,濮阳惠成,濮阳惠成:董事会议事规则,议事规则/实施细则,2026-02-13,https://data.eastmoney.com/notices/detail/300481/AN202602121819904467.html
000828,东莞控股,东莞控股:东莞控股信息披露管理制度,管理办法/制度,2026-02-13,https://data.eastmoney.com/notices/detail/000828/AN202602121819904422.html
002579,中京电子,中京电子:关于公司2025年员工持股计划持有人会议第一次会议决议的公告,员工持股计划,2026-02-13,https://data.eastmoney.com/notices/detail/002579/AN202602121819904449.html
002713,东易日盛,*ST东易:独立董事提名人声明与承诺-靳文静,独立董事提名人声明,2026-02-13,https://data.eastmoney.com/notices/detail/002713/AN202602121819904427.html
002713,东易日盛,*ST东易:独立董事提名人声明与承诺-吕天文,独立董事提名人声明,2026-02-13,https://data.eastmoney.com/notices/detail/002713/AN202602121819904451.html
002713,东易日盛,*ST东易:独立董事提名人声明与承诺-张承军,独立董事提名人声明,2026-02-13,https://data.eastmoney.com/notices/detail/002713/AN202602121819904416.html
002713,东易日盛,*ST东易:关于召开公司2026年第一次临时股东会的通知,召开股东大会通知,2026-02-13,https://data.eastmoney.com/notices/detail/002713/AN202602121819904435.html
300655,晶瑞电材,晶瑞电材:关于与专业机构共同投资成立产投基金暨关联交易的公告,关联交易,2026-02-13,https://data.eastmoney.com/notices/detail/300655/AN202602121819904430.html
002579,中京电子,中京电子:关于公司2025年员工持股计划完成非交易过户暨进展的公告,员工持股计划,2026-02-13,https://data.eastmoney.com/notices/detail/002579/AN202602121819904417.html
002713,东易日盛,*ST东易:独立董事候选人声明与承诺-靳文静,独立董事候选人声明,2026-02-13,https://data.eastmoney.com/notices/detail/002713/AN202602121819904432.html
000737,北方铜业,北方铜业:2026年第一次临时股东会决议公告,股东大会决议公告,2026-02-13,https://data.eastmoney.com/notices/detail/000737/AN202602121819904444.html
300655,晶瑞电材,晶瑞电材:国信证券股份有限公司关于公司与专业机构共同投资成立并购基金及产投基金暨关联交易的核查意见,保荐/核查意见,2026-02-13,https://data.eastmoney.com/notices/detail/300655/AN202602121819904423.html
000828,东莞控股,东莞控股:东莞控股关联交易管理制度,管理办法/制度,2026-02-13,https://data.eastmoney.com/notices/detail/000828/AN202602121819904411.html
300655,晶瑞电材,晶瑞电材:关于投资建设西部地区集成电路制造产业链配套关键材料综合基地暨签署购地协议的公告,签订协议,2026-02-13,https://data.eastmoney.com/notices/detail/300655/AN202602121819904418.html
002253,川大智胜,*ST智胜:四川川大智胜软件股份有限公司股票可能被终止上市的第二次风险提示公告,终止上市风险提示,2026-02-13,https://data.eastmoney.com/notices/detail/002253/AN202602121819904443.html
000962,东方钽业,东方钽业:股票交易异常波动公告,股票交易异常波动,2026-02-13,https://data.eastmoney.com/notices/detail/000962/AN202602121819904425.html
002713,东易日盛,*ST东易:关于修订《公司章程》的公告,公司章程修订,2026-02-13,https://data.eastmoney.com/notices/detail/002713/AN202602121819904434.html
000737,北方铜业,北方铜业:中德证券有限责任公司关于北方铜业股份有限公司2025年度定期现场检查报告,保荐/核查意见,2026-02-13,https://data.eastmoney.com/notices/detail/000737/AN202602121819904429.html
002713,东易日盛,*ST东易:独立董事候选人声明与承诺-吕天文,独立董事候选人声明,2026-02-13,https://data.eastmoney.com/notices/detail/002713/AN202602121819904421.html
301095,广立微,广立微:简式权益变动报告书,权益变动报告书,2026-02-13,https://data.eastmoney.com/notices/detail/301095/AN202602121819904412.html
002713,东易日盛,*ST东易:第六届董事会第十九次(临时)会议决议公告,高管人员任职变动,2026-02-13,https://data.eastmoney.com/notices/detail/002713/AN202602121819904445.html
002647,仁东控股,*ST仁东:关于2025年年度报告编制及审计进展情况的公告,其他,2026-02-13,https://data.eastmoney.com/notices/detail/002647/AN202602121819904442.html
300655,晶瑞电材,晶瑞电材:关于召开2026年第二次临时股东会的通知,召开股东大会通知,2026-02-13,https://data.eastmoney.com/notices/detail/300655/AN202602121819904446.html
300655,晶瑞电材,晶瑞电材:关于与专业机构共同投资成立并购基金暨关联交易的公告,关联交易,2026-02-13,https://data.eastmoney.com/notices/detail/300655/AN202602121819904453.html
301095,广立微,广立微:持股5%以上股东持股比例降至5%以下暨披露简式权益变动报告书的提示性公告,权益变动报告书,2026-02-13,https://data.eastmoney.com/notices/detail/301095/AN202602121819904447.html
300655,晶瑞电材,晶瑞电材:第四届董事会第十三次会议决议公告,董事会决议公告,2026-02-13,https://data.eastmoney.com/notices/detail/300655/AN202602121819904413.html
000828,东莞控股,东莞控股:第八届董事会第五十二次会议决议公告,董事会决议公告,2026-02-13,https://data.eastmoney.com/notices/detail/000828/AN202602121819904436.html
002713,东易日盛,*ST东易:关于公司董事会提前换届选举的公告,高管人员任职变动,2026-02-13,https://data.eastmoney.com/notices/detail/002713/AN202602121819904426.html
000737,北方铜业,北方铜业:关于北方铜业股份有限公司2026年第一次临时股东会的法律意见书,法律意见书,2026-02-13,https://data.eastmoney.com/notices/detail/000737/AN202602121819904440.html
002713,东易日盛,*ST东易:独立董事候选人声明与承诺-张承军,独立董事候选人声明,2026-02-13,https://data.eastmoney.com/notices/detail/002713/AN202602121819904439.html
002230,科大讯飞,科大讯飞:关于公司申请向特定对象发行股票的审核问询函之回复(豁免版)(修订稿),回复问询函公告,2026-02-13,https://data.eastmoney.com/notices/detail/002230/AN202602121819904400.html
002230,科大讯飞,科大讯飞:2025年度向特定对象发行A股股票募集说明书(豁免版)(修订稿),增发方案修订,2026-02-13,https://data.eastmoney.com/notices/detail/002230/AN202602121819904399.html
002230,科大讯飞,科大讯飞:容诚会计师事务所(特殊普通合伙)关于公司申请向特定对象发行股票的审核问询函的回复(豁免版)(修订稿),会计师事务所问询函回复公告,2026-02-13,https://data.eastmoney.com/notices/detail/002230/AN202602121819904397.html
002230,科大讯飞,科大讯飞:国元证券股份有限公司关于公司2025年度向特定对象发行股票之发行保荐书(修订稿),发行保荐书,2026-02-13,https://data.eastmoney.com/notices/detail/002230/AN202602121819904402.html
002230,科大讯飞,科大讯飞:安徽天禾律师事务所关于公司2025年度向特定对象发行A股股票之补充法律意见书(豁免版)(修订稿),法律意见书,2026-02-13,https://data.eastmoney.com/notices/detail/002230/AN202602121819904401.html
002230,科大讯飞,科大讯飞:关于2025年度向特定对象发行A股股票审核问询函回复及募集说明书等申请文件更新的提示性公告,回复问询函公告,2026-02-13,https://data.eastmoney.com/notices/detail/002230/AN202602121819904398.html
002230,科大讯飞,科大讯飞:国元证券股份有限公司关于公司2025年度向特定对象发行股票之上市保荐书(修订稿),上市保荐书,2026-02-13,https://data.eastmoney.com/notices/detail/002230/AN202602121819904403.html
600874,创业环保,创业环保:H股公告-持续关连交易有关2026年再生水配套工程施工总承包(EPC)项目的第一批一标段合同及第一批二标段合同,其他,2026-02-13,https://data.eastmoney.com/notices/detail/600874/AN202602121819904340.html
600874,创业环保,创业环保:H股公告-关连交易咸阳路污水处理厂迁建二期工程设计服务合同,其他,2026-02-13,https://data.eastmoney.com/notices/detail/600874/AN202602121819904341.html
002270,华明装备,华明装备:独立董事工作制度(H股发行并上市后适用),管理办法/制度,2026-02-13,https://data.eastmoney.com/notices/detail/002270/AN202602121819904370.html
000973,佛塑科技,佛塑科技:佛塑科技关于对外出租物业的公告,其他,2026-02-13,https://data.eastmoney.com/notices/detail/000973/AN202602121819904358.html
001339,智微智能,智微智能:独立董事候选人声明与承诺(詹伟哉),独立董事候选人声明,2026-02-13,https://data.eastmoney.com/notices/detail/001339/AN202602121819904366.html
000973,佛塑科技,佛塑科技:佛塑科技提供担保管理制度(2026年修改),管理办法/制度,2026-02-13,https://data.eastmoney.com/notices/detail/000973/AN202602121819904368.html
001339,智微智能,智微智能:《深圳市智微智能科技股份有限公司章程》(2026年2月修订),公司章程修订,2026-02-13,https://data.eastmoney.com/notices/detail/001339/AN202602121819904365.html
002270,华明装备,华明装备:关于召开2026年第一次临时股东会的通知,召开股东大会通知,2026-02-13,https://data.eastmoney.com/notices/detail/002270/AN202602121819904355.html
002270,华明装备,华明装备:关联交易决策管理制度(2026年2月),管理办法/制度,2026-02-13,https://data.eastmoney.com/notices/detail/002270/AN202602121819904354.html
002270,华明装备,华明装备:股东会议事规则(2026年2月),议事规则/实施细则,2026-02-13,https://data.eastmoney.com/notices/detail/002270/AN202602121819904385.html
001339,智微智能,智微智能:关于召开2026年第一次临时股东会的通知,召开股东大会通知,2026-02-13,https://data.eastmoney.com/notices/detail/001339/AN202602121819904349.html
001339,智微智能,智微智能:关于公司及子公司2026年度向银行等金融机构申请综合授信额度的公告,借贷,2026-02-13,https://data.eastmoney.com/notices/detail/001339/AN202602121819904362.html
002270,华明装备,华明装备:董事会议事规则(H股发行并上市后适用),议事规则/实施细则,2026-02-13,https://data.eastmoney.com/notices/detail/002270/AN202602121819904348.html
001339,智微智能,智微智能:中信证券关于深圳市智微智能科技股份有限公司使用部分闲置募集资金及闲置自有资金进行现金管理的核查意见,保荐/核查意见,2026-02-13,https://data.eastmoney.com/notices/detail/001339/AN202602121819904392.html
002270,华明装备,华明装备:独立董事提名人声明与承诺(梁剑虹),独立董事提名人声明,2026-02-13,https://data.eastmoney.com/notices/detail/002270/AN202602121819904360.html
001339,智微智能,智微智能:独立董事提名人声明与承诺(高义融),独立董事提名人声明,2026-02-13,https://data.eastmoney.com/notices/detail/001339/AN202602121819904352.html
002270,华明装备,华明装备:董事会薪酬与考核委员会实施细则(H股发行并上市后适用),议事规则/实施细则,2026-02-13,https://data.eastmoney.com/notices/detail/002270/AN202602121819904373.html
002270,华明装备,华明装备:董事会提名委员会实施细则(2026年2月),议事规则/实施细则,2026-02-13,https://data.eastmoney.com/notices/detail/002270/AN202602121819904372.html
001339,智微智能,智微智能:第二届董事会第二十五次会议决议公告,高管人员任职变动,2026-02-13,https://data.eastmoney.com/notices/detail/001339/AN202602121819904371.html
001339,智微智能,智微智能:关于公司董事会换届选举的公告,高管人员任职变动,2026-02-13,https://data.eastmoney.com/notices/detail/001339/AN202602121819904380.html
002270,华明装备,华明装备:关于修订《公司章程》及相关议事规则、公司治理制度的公告,管理办法/制度,2026-02-13,https://data.eastmoney.com/notices/detail/002270/AN202602121819904389.html
001339,智微智能,智微智能:《外汇套期保值业务管理制度》,管理办法/制度,2026-02-13,https://data.eastmoney.com/notices/detail/001339/AN202602121819904359.html
002270,华明装备,华明装备:信息披露管理制度(2026年2月),管理办法/制度,2026-02-13,https://data.eastmoney.com/notices/detail/002270/AN202602121819904357.html
002270,华明装备,华明装备:关于第七届董事会第六次会议决议的公告,高管人员任职变动,2026-02-13,https://data.eastmoney.com/notices/detail/002270/AN202602121819904384.html
002270,华明装备,华明装备:董事会审计委员会实施细则(H股发行并上市后适用),议事规则/实施细则,2026-02-13,https://data.eastmoney.com/notices/detail/002270/AN202602121819904376.html
001339,智微智能,智微智能:独立董事候选人声明与承诺(高义融),独立董事候选人声明,2026-02-13,https://data.eastmoney.com/notices/detail/001339/AN202602121819904391.html
001339,智微智能,智微智能:《董事会议事规则》(2026年2月修订),议事规则/实施细则,2026-02-13,https://data.eastmoney.com/notices/detail/001339/AN202602121819904377.html
002270,华明装备,华明装备:关联(连)交易决策管理制度(H股发行并上市后适用),管理办法/制度,2026-02-13,https://data.eastmoney.com/notices/detail/002270/AN202602121819904395.html
002270,华明装备,华明装备:股东通讯政策(H股发行并上市后适用),议事规则/实施细则,2026-02-13,https://data.eastmoney.com/notices/detail/002270/AN202602121819904351.html
000973,佛塑科技,佛塑科技:佛塑科技第十一届董事会第三十六次会议决议公告,董事会决议公告,2026-02-13,https://data.eastmoney.com/notices/detail/000973/AN202602121819904387.html
002270,华明装备,华明装备:关于筹划发行H股股票并在香港联合交易所有限公司上市的提示性公告,其他,2026-02-13,https://data.eastmoney.com/notices/detail/002270/AN202602121819904396.html
001339,智微智能,智微智能:关于2026年度开展外汇套期保值业务的公告,其他,2026-02-13,https://data.eastmoney.com/notices/detail/001339/AN202602121819904382.html
001339,智微智能,智微智能:《证券投资管理制度》,管理办法/制度,2026-02-13,https://data.eastmoney.com/notices/detail/001339/AN202602121819904394.html
002270,华明装备,华明装备:公司章程(H股发行并上市后适用),公司章程,2026-02-13,https://data.eastmoney.com/notices/detail/002270/AN202602121819904343.html
000973,佛塑科技,佛塑科技:佛塑科技2026年日常关联交易预计公告,关联交易,2026-02-13,https://data.eastmoney.com/notices/detail/000973/AN202602121819904378.html
001339,智微智能,智微智能:关于增加2026年度日常关联交易预计额度的公告,关联交易,2026-02-13,https://data.eastmoney.com/notices/detail/001339/AN202602121819904347.html
001339,智微智能,智微智能:关于2026年度为子公司提供担保额度预计的公告,担保年度额度预计,2026-02-13,https://data.eastmoney.com/notices/detail/001339/AN202602121819904356.html
001339,智微智能,智微智能:关于公司开展外汇套期保值业务的可行性分析报告,其他,2026-02-13,https://data.eastmoney.com/notices/detail/001339/AN202602121819904383.html
002270,华明装备,华明装备:公司章程(2026年2月),公司章程,2026-02-13,https://data.eastmoney.com/notices/detail/002270/AN202602121819904369.html
001339,智微智能,智微智能:独立董事提名人声明与承诺(詹伟哉),独立董事提名人声明,2026-02-13,https://data.eastmoney.com/notices/detail/001339/AN202602121819904345.html
001339,智微智能,智微智能:关于使用部分闲置募集资金及闲置自有资金进行现金管理的公告,投资理财,2026-02-13,https://data.eastmoney.com/notices/detail/001339/AN202602121819904363.html
001339,智微智能,智微智能:《经理工作细则》(2026年2月修订),议事规则/实施细则,2026-02-13,https://data.eastmoney.com/notices/detail/001339/AN202602121819904364.html
001339,智微智能,智微智能:《董事及高级管理人员薪酬管理办法》(2026年2月修订),管理办法/制度,2026-02-13,https://data.eastmoney.com/notices/detail/001339/AN202602121819904346.html
000973,佛塑科技,佛塑科技:佛塑科技关于公司会计估计变更的公告,其他,2026-02-13,https://data.eastmoney.com/notices/detail/000973/AN202602121819904353.html
002270,华明装备,华明装备:董事、高级管理人员持有和买卖本公司股票管理制度(H股发行并上市后适用),管理办法/制度,2026-02-13,https://data.eastmoney.com/notices/detail/002270/AN202602121819904381.html
002270,华明装备,华明装备:董事会提名委员会实施细则(H股发行并上市后适用),议事规则/实施细则,2026-02-13,https://data.eastmoney.com/notices/detail/002270/AN202602121819904374.html
002270,华明装备,华明装备:信息披露管理制度(H股发行并上市后适用),管理办法/制度,2026-02-13,https://data.eastmoney.com/notices/detail/002270/AN202602121819904388.html
002270,华明装备,华明装备:境外发行证券和上市相关保密和档案管理工作制度(H股发行并上市后适用),管理办法/制度,2026-02-13,https://data.eastmoney.com/notices/detail/002270/AN202602121819904367.html
002270,华明装备,华明装备:公司章程修订对照表(H股上市后适用),公司章程修订,2026-02-13,https://data.eastmoney.com/notices/detail/002270/AN202602121819904375.html
002270,华明装备,华明装备:关于聘请H股发行并上市的审计机构的公告,审计机构变更,2026-02-13,https://data.eastmoney.com/notices/detail/002270/AN202602121819904393.html
001339,智微智能,智微智能:关于制定及修订公司部分内部制度的公告,管理办法/制度,2026-02-13,https://data.eastmoney.com/notices/detail/001339/AN202602121819904386.html
002270,华明装备,华明装备:董事会成员多元化政策(H股发行并上市后适用),其他,2026-02-13,https://data.eastmoney.com/notices/detail/002270/AN202602121819904344.html
002270,华明装备,华明装备:独立董事候选人声明与承诺(梁剑虹),独立董事候选人声明,2026-02-13,https://data.eastmoney.com/notices/detail/002270/AN202602121819904390.html
002270,华明装备,华明装备:股东会议事规则(H股发行并上市后适用),议事规则/实施细则,2026-02-13,https://data.eastmoney.com/notices/detail/002270/AN202602121819904379.html
002270,华明装备,华明装备:董事会战略委员会实施细则(H股发行并上市后适用),议事规则/实施细则,2026-02-13,https://data.eastmoney.com/notices/detail/002270/AN202602121819904361.html
002270,华明装备,华明装备:董事会议事规则(2026年2月),议事规则/实施细则,2026-02-13,https://data.eastmoney.com/notices/detail/002270/AN202602121819904350.html
605599,菜百股份,菜百股份:北京菜市口百货股份有限公司股东减持股份计划公告,股东/实际控制人股份减持,2026-02-13,https://data.eastmoney.com/notices/detail/605599/AN202602121819904319.html
300209,行云科技,有棵树:关于变更公司名称、证券简称暨完成工商变更登记的公告,证券简称变更,2026-02-13,https://data.eastmoney.com/notices/detail/300209/AN202602121819904306.html
301151,冠龙节能,冠龙节能:长江证券承销保荐有限公司关于上海冠龙阀门节能设备股份有限公司关于部分募集资金投资项目结项并将节余募集资金永久补充流动资金的核查意见,保荐/核查意见,2026-02-13,https://data.eastmoney.com/notices/detail/301151/AN202602121819904302.html
300209,行云科技,有棵树:第七届董事会第十次会议决议公告,董事会决议公告,2026-02-13,https://data.eastmoney.com/notices/detail/300209/AN202602121819904305.html
000595,新能股份,*ST宝实:国浩律师(银川)事务所关于宁夏国运新能源股份有限公司2026年第二次临时股东会之法律意见书,法律意见书,2026-02-13,https://data.eastmoney.com/notices/detail/000595/AN202602121819904303.html
301151,冠龙节能,冠龙节能:关于调整部分募集资金投资项目场地用途的公告,变更募集资金投资项目,2026-02-13,https://data.eastmoney.com/notices/detail/301151/AN202602121819904292.html
001208,华菱线缆,华菱线缆:湖南华菱线缆股份有限公司关于部分董事及高级管理人员减持计划期限届满暨实施情况的公告,股东/实际控制人股份减持,2026-02-13,https://data.eastmoney.com/notices/detail/001208/AN202602121819904291.html
002848,高斯贝尔,*ST高斯:简式权益变动报告书(潍坊国金产业发展有限公司),权益变动报告书,2026-02-13,https://data.eastmoney.com/notices/detail/002848/AN202602121819904290.html
301151,冠龙节能,冠龙节能:关于召开2026年第一次临时股东会的通知,召开股东大会通知,2026-02-13,https://data.eastmoney.com/notices/detail/301151/AN202602121819904310.html
301151,冠龙节能,冠龙节能:长江证券承销保荐有限公司关于上海冠龙阀门节能设备股份有限公司关于2026年度日常关联交易预计的核查意见,保荐/核查意见,2026-02-13,https://data.eastmoney.com/notices/detail/301151/AN202602121819904304.html
002848,高斯贝尔,*ST高斯:详式权益变动报告书(长沙炬神管理咨询合伙企业(有限合伙)),权益变动报告书,2026-02-13,https://data.eastmoney.com/notices/detail/002848/AN202602121819904295.html
002848,高斯贝尔,*ST高斯:关于公司向特定对象发行A股股票获得潍坊国控批复的公告,增发获准公告,2026-02-13,https://data.eastmoney.com/notices/detail/002848/AN202602121819904311.html
000795,英洛华,英洛华:2026年第一次临时股东会决议公告,股东大会决议公告,2026-02-13,https://data.eastmoney.com/notices/detail/000795/AN202602121819904300.html
300209,行云科技,有棵树:关于实际控制人、董事计划增持公司股份的公告,股东/实际控制人股份增持,2026-02-13,https://data.eastmoney.com/notices/detail/300209/AN202602121819904312.html
301151,冠龙节能,冠龙节能:关于部分募集资金投资项目结项并将节余募集资金永久补充流动资金的公告,募集资金补充流动资金,2026-02-13,https://data.eastmoney.com/notices/detail/301151/AN202602121819904298.html
301151,冠龙节能,冠龙节能:第二届董事会第十五次会议决议公告,董事会决议公告,2026-02-13,https://data.eastmoney.com/notices/detail/301151/AN202602121819904307.html
000795,英洛华,英洛华:2026年第一次临时股东会法律意见书,法律意见书,2026-02-13,https://data.eastmoney.com/notices/detail/000795/AN202602121819904288.html
001202,炬申股份,炬申股份:关于公司股东减持期限届满未减持的公告,股东/实际控制人股份减持,2026-02-13,https://data.eastmoney.com/notices/detail/001202/AN202602121819904308.html
301151,冠龙节能,冠龙节能:关于公司2026年度日常关联交易预计的公告,关联交易,2026-02-13,https://data.eastmoney.com/notices/detail/301151/AN202602121819904294.html
002973,侨银股份,侨银股份:北京市中伦(广州)律师事务所关于侨银城市管理股份有限公司2026年第二次临时股东会法律意见书,法律意见书,2026-02-13,https://data.eastmoney.com/notices/detail/002973/AN202602121819904301.html
301151,冠龙节能,冠龙节能:长江证券承销保荐有限公司关于上海冠龙阀门节能设备股份有限公司关于调整部分募集资金投资项目场地用途的核查意见,保荐/核查意见,2026-02-13,https://data.eastmoney.com/notices/detail/301151/AN202602121819904289.html
002848,高斯贝尔,*ST高斯:恒泰长财证券关于高斯贝尔详式权益变动报告书之财务顾问核查意见,保荐/核查意见,2026-02-13,https://data.eastmoney.com/notices/detail/002848/AN202602121819904296.html
002973,侨银股份,侨银股份:2026年第二次临时股东会决议公告,股东大会决议公告,2026-02-13,https://data.eastmoney.com/notices/detail/002973/AN202602121819904293.html
300713,英可瑞,英可瑞:关于2026年度向特定对象发行股票预案披露提示性公告,增发提示性公告,2026-02-13,https://data.eastmoney.com/notices/detail/300713/AN202602121819904227.html
300167,ST迪威迅,ST迪威迅:2026年限制性股票激励计划自查表,股权激励计划,2026-02-13,https://data.eastmoney.com/notices/detail/300167/AN202602121819904254.html
300048,合康新能,合康新能:北京市中伦律师事务所关于北京合康新能科技股份有限公司股权激励计划调整事项的法律意见书,法律意见书,2026-02-13,https://data.eastmoney.com/notices/detail/300048/AN202602121819904261.html
300713,英可瑞,英可瑞:未来三年(2026-2028年)股东分红回报规划,其他,2026-02-13,https://data.eastmoney.com/notices/detail/300713/AN202602121819904235.html
300713,英可瑞,英可瑞:关于召开2026年第一次临时股东会的通知,召开股东大会通知,2026-02-13,https://data.eastmoney.com/notices/detail/300713/AN202602121819904244.html
300167,ST迪威迅,ST迪威迅:2026年限制性股票激励计划(草案)摘要,股权激励计划摘要,2026-02-13,https://data.eastmoney.com/notices/detail/300167/AN202602121819904272.html
300048,合康新能,合康新能:北京市中伦律师事务所关于北京合康新能科技股份有限公司股权激励计划授予事项的法律意见书,法律意见书,2026-02-13,https://data.eastmoney.com/notices/detail/300048/AN202602121819904274.html
300048,合康新能,合康新能:关于调整公司2025年限制性股票激励对象名单、数量及向激励对象首次授予限制性股票的公告,股权激励对象名单,2026-02-13,https://data.eastmoney.com/notices/detail/300048/AN202602121819904273.html
300713,英可瑞,英可瑞:关于2026年度向特定对象发行股票摊薄即期回报的风险提示及填补回报措施和相关主体承诺的公告,其他,2026-02-13,https://data.eastmoney.com/notices/detail/300713/AN202602121819904248.html
300048,合康新能,合康新能:董事会薪酬与考核委员会关于2025年限制性股票激励计划首次授予激励对象名单的核查意见,专项说明/独立意见,2026-02-13,https://data.eastmoney.com/notices/detail/300048/AN202602121819904271.html
300713,英可瑞,英可瑞:1-英可瑞2026年度向特定对象发行股票预案,增发预案,2026-02-13,https://data.eastmoney.com/notices/detail/300713/AN202602121819904250.html
300713,英可瑞,英可瑞:关于无需编制前次募集资金使用情况报告的公告,募集资金使用情况报告,2026-02-13,https://data.eastmoney.com/notices/detail/300713/AN202602121819904257.html
001215,千味央厨,千味央厨:郑州千味央厨食品股份有限公司2025年度定期现场检查报告,保荐/核查意见,2026-02-13,https://data.eastmoney.com/notices/detail/001215/AN202602121819904260.html
001215,千味央厨,千味央厨:中德证券有限责任公司关于郑州千味央厨食品股份有限公司2025年度持续督导培训情况报告,保荐/核查意见,2026-02-13,https://data.eastmoney.com/notices/detail/001215/AN202602121819904264.html
300713,英可瑞,英可瑞:2026年度向特定对象发行股票募集资金使用的可行性分析报告,其他,2026-02-13,https://data.eastmoney.com/notices/detail/300713/AN202602121819904239.html
000620,盈新发展,盈新发展:2026年第一次临时股东会决议公告,股东大会决议公告,2026-02-13,https://data.eastmoney.com/notices/detail/000620/AN202602121819904228.html
300048,合康新能,合康新能:第六届董事会第二十七次会议决议公告,董事会决议公告,2026-02-13,https://data.eastmoney.com/notices/detail/300048/AN202602121819904240.html
300167,ST迪威迅,ST迪威迅:2026年限制性股票激励计划实施考核管理办法,管理办法/制度,2026-02-13,https://data.eastmoney.com/notices/detail/300167/AN202602121819904249.html
300167,ST迪威迅,ST迪威迅:第六届董事会第二次会议决议公告,董事会决议公告,2026-02-13,https://data.eastmoney.com/notices/detail/300167/AN202602121819904241.html
300713,英可瑞,英可瑞:关于最近五年不存在被证券监管部门和交易所采取监管措施或处罚情况的公告,处罚,2026-02-13,https://data.eastmoney.com/notices/detail/300713/AN202602121819904262.html
300713,英可瑞,英可瑞:第四届董事会第六次会议决议公告,增发预案,2026-02-13,https://data.eastmoney.com/notices/detail/300713/AN202602121819904238.html
300713,英可瑞,英可瑞:2026年度向特定对象发行股票方案的论证分析报告,其他,2026-02-13,https://data.eastmoney.com/notices/detail/300713/AN202602121819904256.html
300713,英可瑞,英可瑞:2026年度向特定对象发行股票预案,增发预案,2026-02-13,https://data.eastmoney.com/notices/detail/300713/AN202602121819904232.html
300167,ST迪威迅,ST迪威迅:2026年限制性股票激励计划(草案),股权激励计划,2026-02-13,https://data.eastmoney.com/notices/detail/300167/AN202602121819904265.html
001280,中国铀业,中国铀业:第一届董事会第二十九次会议决议公告,董事会决议公告,2026-02-13,https://data.eastmoney.com/notices/detail/001280/AN202602121819904247.html
000620,盈新发展,盈新发展:北京市君泽君律师事务所关于北京铜官盈新文化旅游发展股份有限公司2026年第一次临时股东会见证之法律意见书,法律意见书,2026-02-13,https://data.eastmoney.com/notices/detail/000620/AN202602121819904243.html
300167,ST迪威迅,ST迪威迅:董事会薪酬与考核委员会关于公司2026年限制性股票激励计划相关事项的核查意见,专项说明/独立意见,2026-02-13,https://data.eastmoney.com/notices/detail/300167/AN202602121819904258.html
300713,英可瑞,英可瑞:关于本次向特定对象发行股票不存在直接或通过利益相关方向参与认购的投资者提供财务资助或补偿事宜的公告,获得补贴（资助）,2026-02-13,https://data.eastmoney.com/notices/detail/300713/AN202602121819904266.html
300167,ST迪威迅,ST迪威迅:关于召开2026年第一次临时股东会的通知,召开股东大会通知,2026-02-13,https://data.eastmoney.com/notices/detail/300167/AN202602121819904275.html
001280,中国铀业,中国铀业:关于公司全资子公司对外投资并提供财务资助的公告,其他,2026-02-13,https://data.eastmoney.com/notices/detail/001280/AN202602121819904246.html
001280,中国铀业,中国铀业:中信建投证券股份有限公司关于中国铀业股份有限公司全资子公司对外投资并提供财务资助的核查意见,保荐/核查意见,2026-02-13,https://data.eastmoney.com/notices/detail/001280/AN202602121819904267.html
300167,ST迪威迅,ST迪威迅:广东晟典律师事务所关于深圳市迪威迅股份有限公司2026年限制性股票激励计划(草案)的法律意见书,法律意见书,2026-02-13,https://data.eastmoney.com/notices/detail/300167/AN202602121819904277.html
001260,坤泰股份,坤泰股份:关于首次公开发行限售股份上市流通的提示性公告,限售股份上市流通,2026-02-13,https://data.eastmoney.com/notices/detail/001260/AN202602121819904185.html
002201,九鼎新材,九鼎新材:关于公司与华夏之星融资租赁有限公司开展融资租赁业务暨关联交易的公告,关联交易,2026-02-13,https://data.eastmoney.com/notices/detail/002201/AN202602121819904189.html
002201,九鼎新材,九鼎新材:公司2026年日常关联交易预计的公告,关联交易,2026-02-13,https://data.eastmoney.com/notices/detail/002201/AN202602121819904187.html
002049,紫光国微,紫光国微:关于发行股份及支付现金购买资产并募集配套资金暨关联交易的进展公告,关联交易,2026-02-13,https://data.eastmoney.com/notices/detail/002049/AN202602121819904186.html
002795,永和智控,永和智控:关于公开挂牌转让全资孙公司成都山水上酒店有限公司100%股权及债权的进展公告,股权转让,2026-02-13,https://data.eastmoney.com/notices/detail/002795/AN202602121819904179.html
001376,百通能源,百通能源:2026年第一次临时股东会决议公告,股东大会决议公告,2026-02-13,https://data.eastmoney.com/notices/detail/001376/AN202602121819904190.html
002201,九鼎新材,九鼎新材:公司第十一届董事会第九次临时会议决议公告,董事会决议公告,2026-02-13,https://data.eastmoney.com/notices/detail/002201/AN202602121819904180.html
001260,坤泰股份,坤泰股份:国信证券股份有限公司关于山东坤泰新材料科技股份有限公司首次公开发行限售股上市流通的核查意见,保荐/核查意见,2026-02-13,https://data.eastmoney.com/notices/detail/001260/AN202602121819904184.html
002201,九鼎新材,九鼎新材:关于公司投资建设“特种玻璃纤维涡卷毡技术改造项目”的公告,对外项目投资,2026-02-13,https://data.eastmoney.com/notices/detail/002201/AN202602121819904182.html
002201,九鼎新材,九鼎新材:关于召开公司2026年第一次临时股东大会的通知,召开股东大会通知,2026-02-13,https://data.eastmoney.com/notices/detail/002201/AN202602121819904183.html
001376,百通能源,百通能源:2026年第一次临时股东会法律意见书,法律意见书,2026-02-13,https://data.eastmoney.com/notices/detail/001376/AN202602121819904191.html
000419,通程控股,通程控股:通程控股关于控股股东的股东拟发生变更的进展公告,其他,2026-02-13,https://data.eastmoney.com/notices/detail/000419/AN202602121819904188.html
002795,永和智控,永和智控:关于转让普乐新能源科技(泰兴)有限公司51%股权及债权的进展公告,股权转让,2026-02-13,https://data.eastmoney.com/notices/detail/002795/AN202602121819904181.html
002333,罗普斯金,罗普斯金:兴业证券股份有限公司关于中亿丰罗普斯金材料科技股份有限公司非公开发行股份解除限售上市流通的核查意见,保荐/核查意见,2026-02-13,https://data.eastmoney.com/notices/detail/002333/AN202602121819904153.html
300343,联创股份,ST联创:国浩律师(上海)事务所关于山东联创产业发展集团股份有限公司2018年限制性股票激励计划回购注销部分限制性股票相关事项之法律意见书,法律意见书,2026-02-13,https://data.eastmoney.com/notices/detail/300343/AN202602121819904164.html
000711,ST京蓝,ST京蓝:2026年第二次临时股东会法律意见书,法律意见书,2026-02-13,https://data.eastmoney.com/notices/detail/000711/AN202602121819904171.html
000534,万泽股份,万泽股份:万泽股份关于控股股东解除部分股份担保及信托登记情况的公告,其他担保公告,2026-02-13,https://data.eastmoney.com/notices/detail/000534/AN202602121819904170.html
300857,协创数据,协创数据:关于召开2026年第三次临时股东会的通知,召开股东大会通知,2026-02-13,https://data.eastmoney.com/notices/detail/300857/AN202602121819904176.html
300857,协创数据,协创数据:关于作废2023年限制性股票激励计划部分已授予尚未归属的限制性股票的公告,股权激励进展公告,2026-02-13,https://data.eastmoney.com/notices/detail/300857/AN202602121819904158.html
002333,罗普斯金,罗普斯金:001-关于非公开发行股份解除限售上市流通的提示性公告,限售股份上市流通,2026-02-13,https://data.eastmoney.com/notices/detail/002333/AN202602121819904166.html
000599,青岛双星,青岛双星:青岛双星股份有限公司发行股份及支付现金购买资产并募集配套资金暨关联交易报告书(草案)摘要(注册稿),其他增发事项公告,2026-02-13,https://data.eastmoney.com/notices/detail/000599/AN202602121819904159.html
300857,协创数据,协创数据:独立董事提名人声明与承诺(林祥),独立董事提名人声明,2026-02-13,https://data.eastmoney.com/notices/detail/300857/AN202602121819904151.html
300857,协创数据,协创数据:关于独立董事辞职暨补选独立董事的公告,高管人员任职变动,2026-02-13,https://data.eastmoney.com/notices/detail/300857/AN202602121819904160.html
000599,青岛双星,青岛双星:中国国际金融股份有限公司关于青岛双星股份有限公司发行股份及支付现金购买资产并募集配套资金暨关联交易之独立财务顾问报告(注册稿),保荐/核查意见,2026-02-13,https://data.eastmoney.com/notices/detail/000599/AN202602121819904165.html
300343,联创股份,ST联创:关于回购注销2018年限制性股票激励计划部分限制性股票的公告,回购进展情况,2026-02-13,https://data.eastmoney.com/notices/detail/300343/AN202602121819904157.html
300857,协创数据,协创数据:上海君澜律师事务所关于协创数据技术股份有限公司2023年限制性股票激励计划作废部分已授予尚未归属的限制性股票相关事项之法律意见书,法律意见书,2026-02-13,https://data.eastmoney.com/notices/detail/300857/AN202602121819904169.html
000504,南华生物,*ST生物:南华生物2026年第一次临时股东会决议公告,股东大会决议公告,2026-02-13,https://data.eastmoney.com/notices/detail/000504/AN202602121819904173.html
300343,联创股份,ST联创:董事会薪酬与考核委员会关于公司2018年限制性股票激励计划回购注销相关事项的核查意见,专项说明/独立意见,2026-02-13,https://data.eastmoney.com/notices/detail/300343/AN202602121819904163.html
000711,ST京蓝,ST京蓝:2026年第二次临时股东会决议公告,股东大会决议公告,2026-02-13,https://data.eastmoney.com/notices/detail/000711/AN202602121819904168.html
300343,联创股份,ST联创:第五届董事会第二次会议决议公告,董事会决议公告,2026-02-13,https://data.eastmoney.com/notices/detail/300343/AN202602121819904174.html
000504,南华生物,*ST生物:南华生物2026年第一次临时股东会的法律意见书,法律意见书,2026-02-13,https://data.eastmoney.com/notices/detail/000504/AN202602121819904161.html
000599,青岛双星,青岛双星:关于发行股份及支付现金购买资产并募集配套资金暨关联交易报告书(草案)(注册稿)修订说明的公告,其他,2026-02-13,https://data.eastmoney.com/notices/detail/000599/AN202602121819904162.html
300857,协创数据,协创数据:关于公司及子公司新增2025年度向银行等金融或非金融机构申请综合授信暨有关担保的公告,其他担保公告,2026-02-13,https://data.eastmoney.com/notices/detail/300857/AN202602121819904172.html
300343,联创股份,ST联创:关于召开2026年第二次临时股东会的通知,召开股东大会通知,2026-02-13,https://data.eastmoney.com/notices/detail/300343/AN202602121819904154.html
300857,协创数据,协创数据:关于公司购买资产的公告,收购出售资产/股权,2026-02-13,https://data.eastmoney.com/notices/detail/300857/AN202602121819904152.html
300857,协创数据,协创数据:董事、高级管理人员薪酬管理制度,管理办法/制度,2026-02-13,https://data.eastmoney.com/notices/detail/300857/AN202602121819904156.html
300857,协创数据,协创数据:独立董事候选人声明与承诺(林祥),独立董事候选人声明,2026-02-13,https://data.eastmoney.com/notices/detail/300857/AN202602121819904155.html
000599,青岛双星,青岛双星:青岛双星股份有限公司发行股份及支付现金购买资产并募集配套资金暨关联交易报告书(草案)(注册稿),其他增发事项公告,2026-02-13,https://data.eastmoney.com/notices/detail/000599/AN202602121819904175.html
300857,协创数据,协创数据:第四届董事会第十一次会议决议公告,高管人员任职变动,2026-02-13,https://data.eastmoney.com/notices/detail/300857/AN202602121819904167.html
600278,东方创业,东方创业:东方国际创业股份有限公司ESG管理制度,管理办法/制度,2026-02-13,https://data.eastmoney.com/notices/detail/600278/AN202602121819904128.html
600278,东方创业,东方创业:东方国际创业股份有限公司第九届董事会第三十四次会议决议公告,董事会决议公告,2026-02-13,https://data.eastmoney.com/notices/detail/600278/AN202602121819904130.html
600278,东方创业,东方创业:东方国际创业股份有限公司关于估值提升计划的公告,其他,2026-02-13,https://data.eastmoney.com/notices/detail/600278/AN202602121819904129.html
600278,东方创业,东方创业:东方国际创业股份有限公司关于公司股份回购金额已达下限并拟延长股份回购期限的公告,回购进展情况,2026-02-13,https://data.eastmoney.com/notices/detail/600278/AN202602121819904127.html
688552,航天南湖,航天南湖:北京市康达律师事务所关于航天南湖电子信息技术股份有限公司2026年第一次临时股东会的法律意见书,法律意见书,2026-02-13,https://data.eastmoney.com/notices/detail/688552/AN202602121819904120.html
688552,航天南湖,航天南湖:2026年第一次临时股东会决议公告,股东大会决议公告,2026-02-13,https://data.eastmoney.com/notices/detail/688552/AN202602121819904121.html
001207,联科科技,联科科技:山东联科科技股份有限公司关于2026年限制性股票激励计划内幕信息知情人及激励对象买卖公司股票的自查报告,自查报告,2026-02-13,https://data.eastmoney.com/notices/detail/001207/AN202602121819904109.html
002388,新亚制程,新亚制程:第六届董事会第三十一次(临时)会议决议公告,高管人员任职变动,2026-02-13,https://data.eastmoney.com/notices/detail/002388/AN202602121819904111.html
001207,联科科技,联科科技:北京德和衡律师事务所关于山东联科科技股份有限公司2026年第一次临时股东会的法律意见书,法律意见书,2026-02-13,https://data.eastmoney.com/notices/detail/001207/AN202602121819904115.html
002388,新亚制程,新亚制程:关于财务总监离任暨聘任财务总监的公告,高管人员任职变动,2026-02-13,https://data.eastmoney.com/notices/detail/002388/AN202602121819904114.html
002388,新亚制程,新亚制程:关于董事会延期换届的提示性公告,高管人员任职变动,2026-02-13,https://data.eastmoney.com/notices/detail/002388/AN202602121819904107.html
000415,渤海租赁,渤海租赁:关于控股子公司AvolonHoldingsLimited2025年年度业绩的自愿性信息披露公告,其他,2026-02-13,https://data.eastmoney.com/notices/detail/000415/AN202602121819904116.html
001207,联科科技,联科科技:山东联科科技股份有限公司2026年第一次临时股东会决议公告,股东大会决议公告,2026-02-13,https://data.eastmoney.com/notices/detail/001207/AN202602121819904105.html
000652,泰达股份,泰达股份:关于为三级子公司曹妃甸润电环保提供担保的公告,提供/对外担保公告,2026-02-13,https://data.eastmoney.com/notices/detail/000652/AN202602121819904106.html
000960,锡业股份,锡业股份:北京德恒(昆明)律师事务所关于云南锡业股份有限公司2026年第二次临时股东会的法律意见,法律意见书,2026-02-13,https://data.eastmoney.com/notices/detail/000960/AN202602121819904087.html
002080,中材科技,中材科技:股票交易异常波动公告,股票交易异常波动,2026-02-13,https://data.eastmoney.com/notices/detail/002080/AN202602121819904074.html
002947,恒铭达,恒铭达:关于召开2026年第一次临时股东会的通知,召开股东大会通知,2026-02-13,https://data.eastmoney.com/notices/detail/002947/AN202602121819904068.html
002947,恒铭达,恒铭达:第三届董事会第三十次会议决议的公告,高管人员任职变动,2026-02-13,https://data.eastmoney.com/notices/detail/002947/AN202602121819904090.html
002780,三夫户外,三夫户外:关于担保进展的公告,其他担保公告,2026-02-13,https://data.eastmoney.com/notices/detail/002780/AN202602121819904085.html
002947,恒铭达,恒铭达:独立董事候选人声明与承诺(郑凯),独立董事候选人声明,2026-02-13,https://data.eastmoney.com/notices/detail/002947/AN202602121819904089.html
002780,三夫户外,三夫户外:关于贵州鹰极体育旅游有限责任公司业绩承诺进展暨签订补充协议的公告,签订协议,2026-02-13,https://data.eastmoney.com/notices/detail/002780/AN202602121819904062.html
002947,恒铭达,恒铭达:关于修订《公司章程》并办理工商变更登记的公告,公司章程修订,2026-02-13,https://data.eastmoney.com/notices/detail/002947/AN202602121819904073.html
002947,恒铭达,恒铭达:苏州恒铭达电子科技股份有限公司章程,公司章程,2026-02-13,https://data.eastmoney.com/notices/detail/002947/AN202602121819904084.html
002947,恒铭达,恒铭达:独立董事候选人声明与承诺(胡建华),独立董事候选人声明,2026-02-13,https://data.eastmoney.com/notices/detail/002947/AN202602121819904072.html
000960,锡业股份,锡业股份:云南锡业股份有限公司关于高级管理人员辞职的公告,高管人员任职变动,2026-02-13,https://data.eastmoney.com/notices/detail/000960/AN202602121819904076.html
002947,恒铭达,恒铭达:关于董事会换届选举的公告,高管人员任职变动,2026-02-13,https://data.eastmoney.com/notices/detail/002947/AN202602121819904082.html
002947,恒铭达,恒铭达:独立董事提名人声明与承诺(何蔚宏),独立董事提名人声明,2026-02-13,https://data.eastmoney.com/notices/detail/002947/AN202602121819904069.html
000809,和展能源,和展能源:2026年第一次临时股东会决议公告,股东大会决议公告,2026-02-13,https://data.eastmoney.com/notices/detail/000809/AN202602121819904065.html
002780,三夫户外,三夫户外:关于控股股东、实际控制人为公司向兴业银行申请授信额度提供担保暨关联交易的公告,提供/对外担保公告,2026-02-13,https://data.eastmoney.com/notices/detail/002780/AN202602121819904067.html
002947,恒铭达,恒铭达:独立董事提名人声明与承诺(郑凯),独立董事提名人声明,2026-02-13,https://data.eastmoney.com/notices/detail/002947/AN202602121819904075.html
002735,王子新材,王子新材:北京市竞天公诚律师事务所关于深圳王子新材料股份有限公司2026年第一次临时股东会的法律意见书,法律意见书,2026-02-13,https://data.eastmoney.com/notices/detail/002735/AN202602121819904079.html
002780,三夫户外,三夫户外:信达证券股份有限公司关于北京三夫户外用品股份有限公司控股股东、实际控制人为公司向兴业银行申请授信额度提供担保暨关联交易事项的核查意见,保荐/核查意见,2026-02-13,https://data.eastmoney.com/notices/detail/002780/AN202602121819904078.html
000809,和展能源,和展能源:北京市中伦律师事务所关于辽宁和展能源集团股份有限公司2026年第一次临时股东会的法律意见书,法律意见书,2026-02-13,https://data.eastmoney.com/notices/detail/000809/AN202602121819904081.html
002780,三夫户外,三夫户外:关于控股股东、实际控制人为公司向广发银行申请授信额度提供担保暨关联交易的公告,提供/对外担保公告,2026-02-13,https://data.eastmoney.com/notices/detail/002780/AN202602121819904083.html
000960,锡业股份,锡业股份:云南锡业股份有限公司章程,公司章程,2026-02-13,https://data.eastmoney.com/notices/detail/000960/AN202602121819904088.html
002947,恒铭达,恒铭达:独立董事提名人声明与承诺(胡建华),独立董事提名人声明,2026-02-13,https://data.eastmoney.com/notices/detail/002947/AN202602121819904066.html
002947,恒铭达,恒铭达:独立董事候选人声明与承诺(毛基业),独立董事候选人声明,2026-02-13,https://data.eastmoney.com/notices/detail/002947/AN202602121819904086.html
000960,锡业股份,锡业股份:云南锡业股份有限公司2026年第二次临时股东会决议公告,股东大会决议公告,2026-02-13,https://data.eastmoney.com/notices/detail/000960/AN202602121819904080.html
002780,三夫户外,三夫户外:信达证券股份有限公司关于北京三夫户外用品股份有限公司控股股东、实际控制人为公司向广发银行申请授信额度提供担保暨关联交易事项的核查意见,保荐/核查意见,2026-02-13,https://data.eastmoney.com/notices/detail/002780/AN202602121819904064.html
002735,王子新材,王子新材:2026年第一次临时股东会决议公告,股东大会决议公告,2026-02-13,https://data.eastmoney.com/notices/detail/002735/AN202602121819904070.html
002947,恒铭达,恒铭达:独立董事提名人声明与承诺(毛基业),独立董事提名人声明,2026-02-13,https://data.eastmoney.com/notices/detail/002947/AN202602121819904063.html
002947,恒铭达,恒铭达:独立董事候选人声明与承诺(何蔚宏),独立董事候选人声明,2026-02-13,https://data.eastmoney.com/notices/detail/002947/AN202602121819904077.html
002780,三夫户外,三夫户外:第五届董事会第二十一次会议决议公告,董事会决议公告,2026-02-13,https://data.eastmoney.com/notices/detail/002780/AN202602121819904071.html
003019,宸展光电,宸展光电:第三届董事会第十五次会议决议的公告,董事会决议公告,2026-02-13,https://data.eastmoney.com/notices/detail/003019/AN202602121819904050.html
002812,恩捷股份,恩捷股份:关于公司合并报表范围内提供担保的进展公告,提供/对外担保公告,2026-02-13,https://data.eastmoney.com/notices/detail/002812/AN202602121819904043.html
003019,宸展光电,宸展光电:关于增加2026年度预计日常关联交易额度的公告,关联交易,2026-02-13,https://data.eastmoney.com/notices/detail/003019/AN202602121819904044.html
000565,渝三峡A,渝三峡Ａ:关于处置部分北陆药业股票的进展公告,收购出售资产/股权,2026-02-13,https://data.eastmoney.com/notices/detail/000565/AN202602121819904045.html
002881,美格智能,美格智能:关于刊发境外上市股份(H股)发行聆讯后资料集的公告,其他,2026-02-13,https://data.eastmoney.com/notices/detail/002881/AN202602121819904051.html
003019,宸展光电,宸展光电:关于向子公司增资并建设海外智能制造基地的公告,增资扩股,2026-02-13,https://data.eastmoney.com/notices/detail/003019/AN202602121819904052.html
000609,*ST中迪,ST中迪:中迪投资关于公司股票交易异常波动的公告,股票交易异常波动,2026-02-13,https://data.eastmoney.com/notices/detail/000609/AN202602121819904048.html
002544,普天科技,普天科技:关于公司银行账户部分资金被冻结的进展公告,其他,2026-02-13,https://data.eastmoney.com/notices/detail/002544/AN202602121819904049.html
001270,铖昌科技,*ST铖昌:浙江铖昌科技股份有限公司股票交易异常波动公告,股票交易异常波动,2026-02-13,https://data.eastmoney.com/notices/detail/001270/AN202602121819904053.html
002881,美格智能,美格智能:第四届董事会第十三次会议决议公告,董事会决议公告,2026-02-13,https://data.eastmoney.com/notices/detail/002881/AN202602121819904046.html
003019,宸展光电,宸展光电:关于召开2026年第一次临时股东会的通知,召开股东大会通知,2026-02-13,https://data.eastmoney.com/notices/detail/003019/AN202602121819904047.html
300016,北陆药业,北陆药业:关于持股5%以上股东减持股份计划实施完毕的公告,股东/实际控制人股份减持,2026-02-13,https://data.eastmoney.com/notices/detail/300016/AN202602121819904025.html
603138,海量数据,海量数据:海量数据股票交易异常波动公告,股票交易异常波动,2026-02-13,https://data.eastmoney.com/notices/detail/603138/AN202602121819904020.html
603138,海量数据,海量数据:关于对北京海量数据技术股份有限公司股票交易异常波动问询函的回复,回复问询函公告,2026-02-13,https://data.eastmoney.com/notices/detail/603138/AN202602121819904021.html
688486,龙迅股份,龙迅股份:龙迅股份独立董事候选人声明与承诺(文冬梅),独立董事候选人声明,2026-02-13,https://data.eastmoney.com/notices/detail/688486/AN202602121819903988.html
688591,泰凌微,泰凌微:2026年第一次临时股东会决议公告,股东大会决议公告,2026-02-13,https://data.eastmoney.com/notices/detail/688591/AN202602121819903991.html
688486,龙迅股份,龙迅股份:龙迅股份关于召开2026年第一次临时股东会的通知,召开股东大会通知,2026-02-13,https://data.eastmoney.com/notices/detail/688486/AN202602121819903987.html
688591,泰凌微,泰凌微:北京市中伦(上海)律师事务所关于泰凌微电子(上海)股份有限公司2026年第一次临时股东会的法律意见书,法律意见书,2026-02-13,https://data.eastmoney.com/notices/detail/688591/AN202602121819903992.html
688486,龙迅股份,龙迅股份:龙迅股份关于独立董事辞职暨补选公司第四届董事会独立董事的公告,高管人员任职变动,2026-02-13,https://data.eastmoney.com/notices/detail/688486/AN202602121819903985.html
688591,泰凌微,泰凌微:关于持股5%以上股东减持股份结果暨股东权益变动降至5%以下的提示性公告,权益变动报告书,2026-02-13,https://data.eastmoney.com/notices/detail/688591/AN202602121819903989.html
688591,泰凌微,泰凌微:简式权益变动报告书,权益变动报告书,2026-02-13,https://data.eastmoney.com/notices/detail/688591/AN202602121819903990.html
688486,龙迅股份,龙迅股份:龙迅股份董事会提名委员会关于第四届董事会独立董事候选人的审查意见,专项说明/独立意见,2026-02-13,https://data.eastmoney.com/notices/detail/688486/AN202602121819903984.html
688486,龙迅股份,龙迅股份:龙迅股份独立董事提名人声明与承诺(文冬梅),独立董事提名人声明,2026-02-13,https://data.eastmoney.com/notices/detail/688486/AN202602121819903986.html
605081,退市太和,*ST太和:上海太和水科技发展股份有限公司关于公司股票可能被终止上市的第二次风险提示公告,终止上市风险提示,2026-02-13,https://data.eastmoney.com/notices/detail/605081/AN202602121819903975.html
688486,龙迅股份,龙迅股份:龙迅股份2026年第一次临时股东会会议资料,股东大会资料,2026-02-13,https://data.eastmoney.com/notices/detail/688486/AN202602121819903969.html
600429,三元股份,三元股份:北京市环球律师事务所关于三元股份2026年第一次临时股东会之法律意见书,法律意见书,2026-02-13,https://data.eastmoney.com/notices/detail/600429/AN202602121819903953.html
600429,三元股份,三元股份:三元股份2026年第一次临时股东会决议公告,股东大会决议公告,2026-02-13,https://data.eastmoney.com/notices/detail/600429/AN202602121819903952.html
688004,博汇科技,博汇科技:独立董事候选人声明与承诺(周毅),独立董事候选人声明,2026-02-13,https://data.eastmoney.com/notices/detail/688004/AN202602121819903903.html
688004,博汇科技,博汇科技:博汇科技关于召开2026年第一次临时股东会的通知,召开股东大会通知,2026-02-13,https://data.eastmoney.com/notices/detail/688004/AN202602121819903901.html
688004,博汇科技,博汇科技:独立董事提名人声明与承诺(周毅),独立董事提名人声明,2026-02-13,https://data.eastmoney.com/notices/detail/688004/AN202602121819903900.html
688004,博汇科技,博汇科技:博汇科技董事会提名委员会关于公司第四届董事会董事候选人任职资格的审核意见,专项说明/独立意见,2026-02-13,https://data.eastmoney.com/notices/detail/688004/AN202602121819903902.html
688004,博汇科技,博汇科技:博汇科技关于补选独立董事、非独立董事的公告,高管人员任职变动,2026-02-13,https://data.eastmoney.com/notices/detail/688004/AN202602121819903899.html
603379,三美股份,三美股份:浙江三美化工股份有限公司简式权益变动报告书,权益变动报告书,2026-02-13,https://data.eastmoney.com/notices/detail/603379/AN202602121819903884.html
603379,三美股份,三美股份:浙江三美化工股份有限公司关于控股股东及其一致行动人权益变动触及5%刻度的提示性公告,权益变动报告书,2026-02-13,https://data.eastmoney.com/notices/detail/603379/AN202602121819903883.html
603533,掌阅科技,掌阅科技:掌阅科技股份有限公司关于股票交易风险提示性公告,风险提示性公告,2026-02-13,https://data.eastmoney.com/notices/detail/603533/AN202602121819903863.html
600572,康恩贝,康恩贝:关于子公司部分药品在国家组织集采药品协议期满品种接续采购中拟中选的公告,其他,2026-02-13,https://data.eastmoney.com/notices/detail/600572/AN202602121819903858.html
605287,德才股份,德才股份:德才股份股票交易风险提示公告,风险提示性公告,2026-02-13,https://data.eastmoney.com/notices/detail/605287/AN202602121819903857.html
600416,湘电股份,湘电股份:湘潭电机股份有限公司关于2026年度日常关联交易预计的公告,关联交易,2026-02-13,https://data.eastmoney.com/notices/detail/600416/AN202602121819903831.html
600416,湘电股份,湘电股份:湘潭电机股份有限公司关于使用部分闲置自有资金进行现金管理的公告,投资理财,2026-02-13,https://data.eastmoney.com/notices/detail/600416/AN202602121819903832.html
600416,湘电股份,湘电股份:湘潭电机股份有限公司第九届董事会第十二次会议决议公告,董事会决议公告,2026-02-13,https://data.eastmoney.com/notices/detail/600416/AN202602121819903830.html
601995,中金公司,中金公司:中金公司关于间接持股全资子公司发行中期票据并由直接持股全资子公司提供担保的公告,提供/对外担保公告,2026-02-13,https://data.eastmoney.com/notices/detail/601995/AN202602121819903790.html
688739,成大生物,成大生物:辽宁恒信(沈阳)律师事务所关于辽宁成大生物股份有限公司2026年第一次临时股东会法律意见书,法律意见书,2026-02-13,https://data.eastmoney.com/notices/detail/688739/AN202602121819903785.html
688739,成大生物,成大生物:辽宁成大生物股份有限公司2026年第一次临时股东会决议公告,股东大会决议公告,2026-02-13,https://data.eastmoney.com/notices/detail/688739/AN202602121819903788.html
688739,成大生物,成大生物:辽宁成大生物股份有限公司关于选举公司第五届董事会联席董事长的公告,高管人员任职变动,2026-02-13,https://data.eastmoney.com/notices/detail/688739/AN202602121819903789.html
688739,成大生物,成大生物:辽宁成大生物股份有限公司关于流感病毒裂解疫苗(高剂量)获得药物临床试验批准通知书的公告,其他,2026-02-13,https://data.eastmoney.com/notices/detail/688739/AN202602121819903786.html
600246,万通发展,万通发展:关于控股股东的一致行动人所持公司部分股份被司法拍卖进展暨完成非交易过户的公告,诉讼仲裁,2026-02-13,https://data.eastmoney.com/notices/detail/600246/AN202602121819903787.html
688329,艾隆科技,艾隆科技:艾隆科技2026年第一次临时股东会会议资料,股东大会资料,2026-02-13,https://data.eastmoney.com/notices/detail/688329/AN202602121819903771.html
688329,艾隆科技,艾隆科技:艾隆科技关于变更签字注册会计师的公告,公司关联方基本资料变更,2026-02-13,https://data.eastmoney.com/notices/detail/688329/AN202602121819903770.html
600605,汇通能源,汇通能源:关于控股股东部分股份解除质押的公告,股份质押、冻结,2026-02-13,https://data.eastmoney.com/notices/detail/600605/AN202602121819903721.html
600605,汇通能源,汇通能源:持股5%以上股东减持股份计划公告,股东/实际控制人股份减持,2026-02-13,https://data.eastmoney.com/notices/detail/600605/AN202602121819903722.html
688676,金盘科技,金盘科技:北京市金杜(深圳)律师事务所关于海南金盘智能科技股份有限公司2026年第一次临时股东会的法律意见书,法律意见书,2026-02-13,https://data.eastmoney.com/notices/detail/688676/AN202602121819903613.html
688676,金盘科技,金盘科技:2026年第一次临时股东会决议公告,股东大会决议公告,2026-02-13,https://data.eastmoney.com/notices/detail/688676/AN202602121819903608.html
600381,*ST春天,*ST春天:青海春天关于公司股票可能被终止上市的第二次风险提示性公告,终止上市风险提示,2026-02-13,https://data.eastmoney.com/notices/detail/600381/AN202602121819903577.html
603906,龙蟠科技,龙蟠科技:江苏龙蟠科技集团股份有限公司关于2025年股票期权激励计划授予登记完成的公告,股权激励进展公告,2026-02-13,https://data.eastmoney.com/notices/detail/603906/AN202602121819903545.html
688360,德马科技,德马科技:德马科技持股5%以上股东减持股份计划公告,股东/实际控制人股份减持,2026-02-13,https://data.eastmoney.com/notices/detail/688360/AN202602121819903415.html
001266,宏英智能,宏英智能:关于对外担保的进展公告,提供/对外担保公告,2026-02-13,https://data.eastmoney.com/notices/detail/001266/AN202602121819903399.html
002567,唐人神,唐人神:关于为子公司担保的进展公告,提供/对外担保公告,2026-02-13,https://data.eastmoney.com/notices/detail/002567/AN202602121819903395.html
002326,永太科技,永太科技:关于为子公司提供担保的进展公告,提供/对外担保公告,2026-02-13,https://data.eastmoney.com/notices/detail/002326/AN202602121819903397.html
002898,赛隆退,*ST赛隆:关于公开挂牌转让全资子公司股权的进展公告,股权转让,2026-02-13,https://data.eastmoney.com/notices/detail/002898/AN202602121819903396.html
605006,山东玻纤,山东玻纤:山东玻纤集团股份有限公司2026年第二次临时股东会会议资料,股东大会资料,2026-02-13,https://data.eastmoney.com/notices/detail/605006/AN202602121819903335.html
603900,莱绅通灵,莱绅通灵:莱绅通灵持股5%以上股东减持股份计划公告,股东/实际控制人股份减持,2026-02-13,https://data.eastmoney.com/notices/detail/603900/AN202602121819903313.html
688622,*ST禾信,禾信仪器:关于公司股票可能被实施退市风险警示暨股票交易的风险提示性公告,其它风险提示公告,2026-02-13,https://data.eastmoney.com/notices/detail/688622/AN202602121819903309.html
601088,中国神华,中国神华:中国神华能源股份有限公司发行股份及支付现金购买资产并募集配套资金暨关联交易报告书,其他增发事项公告,2026-02-13,https://data.eastmoney.com/notices/detail/601088/AN202602121819903194.html
600753,ST海钦,*ST海钦:海钦股份关于公司股票可能被终止上市的第二次风险提示公告,终止上市风险提示,2026-02-13,https://data.eastmoney.com/notices/detail/600753/AN202602121819903255.html
603256,宏和科技,宏和科技:宏和科技2026年第一次临时股东会决议公告,股东大会决议公告,2026-02-13,https://data.eastmoney.com/notices/detail/603256/AN202602121819903251.html
603256,宏和科技,宏和科技:宏和科技2026年第一次临时股东会法律意见书,法律意见书,2026-02-13,https://data.eastmoney.com/notices/detail/603256/AN202602121819903250.html
603256,宏和科技,宏和科技:宏和科技股票交易风险提示公告,风险提示性公告,2026-02-13,https://data.eastmoney.com/notices/detail/603256/AN202602121819903252.html
000026,飞亚达,飞亚达:关于高级管理人员职务调整的公告,高管人员任职变动,2026-02-13,https://data.eastmoney.com/notices/detail/000026/AN202602121819903227.html
603773,沃格光电,沃格光电:江西沃格光电集团股份有限公司信息披露制度,管理办法/制度,2026-02-13,https://data.eastmoney.com/notices/detail/603773/AN202602121819903234.html
603773,沃格光电,沃格光电:江西沃格光电集团股份有限公司投资者关系管理制度,管理办法/制度,2026-02-13,https://data.eastmoney.com/notices/detail/603773/AN202602121819903232.html
603773,沃格光电,沃格光电:江西沃格光电集团股份有限公司第五届董事会第四次会议决议公告,董事会决议公告,2026-02-13,https://data.eastmoney.com/notices/detail/603773/AN202602121819903233.html
002136,安纳达,安纳达:安徽安纳达钛业股份有限公司关于召开2026年第一次临时股东会的通知,召开股东大会通知,2026-02-13,https://data.eastmoney.com/notices/detail/002136/AN202602121819903225.html
002136,安纳达,安纳达:第七届董事会第二十五次会议决议公告,高管人员任职变动,2026-02-13,https://data.eastmoney.com/notices/detail/002136/AN202602121819903222.html
002136,安纳达,安纳达:独立董事候选人声明与承诺(何文龙),独立董事候选人声明,2026-02-13,https://data.eastmoney.com/notices/detail/002136/AN202602121819903226.html
002136,安纳达,安纳达:独立董事提名人声明与承诺(何文龙),独立董事提名人声明,2026-02-13,https://data.eastmoney.com/notices/detail/002136/AN202602121819903223.html
002136,安纳达,安纳达:独立董事候选人声明与承诺(强昌文),独立董事候选人声明,2026-02-13,https://data.eastmoney.com/notices/detail/002136/AN202602121819903229.html
002136,安纳达,安纳达:关于董事会换届选举的公告,高管人员任职变动,2026-02-13,https://data.eastmoney.com/notices/detail/002136/AN202602121819903228.html
002136,安纳达,安纳达:独立董事提名人声明与承诺(强昌文),独立董事提名人声明,2026-02-13,https://data.eastmoney.com/notices/detail/002136/AN202602121819903224.html
601088,中国神华,中国神华:中信证券股份有限公司关于中国神华能源股份有限公司发行股份及支付现金购买资产并募集配套资金暨关联交易之独立财务顾问报告,保荐/核查意见,2026-02-13,https://data.eastmoney.com/notices/detail/601088/AN202602121819903193.html
601088,中国神华,中国神华:北京市金杜律师事务所、北京市中伦律师事务所关于中国神华能源股份有限公司发行股份及支付现金购买资产并募集配套资金暨关联交易的法律意见书,法律意见书,2026-02-13,https://data.eastmoney.com/notices/detail/601088/AN202602121819903191.html
601088,中国神华,中国神华:中国神华关于发行股份及支付现金购买资产并募集配套资金暨关联交易事项获得中国证券监督管理委员会同意注册批复的公告,增发获准公告,2026-02-13,https://data.eastmoney.com/notices/detail/601088/AN202602121819903192.html
601088,中国神华,中国神华:中国神华关于发行股份及支付现金购买资产并募集配套资金暨关联交易报告书(注册稿)修订说明的公告,其他增发事项公告,2026-02-13,https://data.eastmoney.com/notices/detail/601088/AN202602121819903190.html
605006,山东玻纤,山东玻纤:山东玻纤集团股份有限公司关于股票交易异常波动的公告,股票交易异常波动,2026-02-13,https://data.eastmoney.com/notices/detail/605006/AN202602121819903181.html
603686,福龙马,福龙马:2026年第一次临时股东会会议资料,股东大会资料,2026-02-13,https://data.eastmoney.com/notices/detail/603686/AN202602121819903180.html
603121,华培动力,华培动力:关于筹划重大资产重组的停牌公告,停牌公告,2026-02-13,https://data.eastmoney.com/notices/detail/603121/AN202602121819903178.html
605567,春雪食品,春雪食品:春雪食品集团股份有限公司关于公司高级管理人员退休离任的公告,高管人员任职变动,2026-02-13,https://data.eastmoney.com/notices/detail/605567/AN202602121819903150.html
600746,江苏索普,江苏索普:江苏索普关于购买控股股东资产暨关联交易的公告,收购出售资产/股权,2026-02-13,https://data.eastmoney.com/notices/detail/600746/AN202602121819903151.html
600746,江苏索普,江苏索普:山东正源和信资产评估有限公司关于索普集团拟资产转让所涉及部分土地使用权及建筑物市场价值资产评估报告,其他,2026-02-13,https://data.eastmoney.com/notices/detail/600746/AN202602121819903152.html
600608,退市沪科,*ST沪科:*ST沪科关于股票可能被终止上市的风险提示公告,终止上市风险提示,2026-02-13,https://data.eastmoney.com/notices/detail/600608/AN202602121819903145.html
001896,豫能控股,豫能控股:股票交易异常波动公告,股票交易异常波动,2026-02-13,https://data.eastmoney.com/notices/detail/001896/AN202602121819903073.html
002266,浙富控股,浙富控股:关于持股5%以上股东及其一致行动人权益变动触及1%整数倍的公告,权益变动报告书,2026-02-13,https://data.eastmoney.com/notices/detail/002266/AN202602121819903074.html
002524,光正眼科,光正眼科:关于第六届董事会第八次会议决议的公告,董事会决议公告,2026-02-13,https://data.eastmoney.com/notices/detail/002524/AN202602121819903076.html
001255,博菲电气,博菲电气:关于公司控股股东、实际控制人的一致行动人减持公司股份触及1%整数倍的公告,股东/实际控制人股份减持,2026-02-13,https://data.eastmoney.com/notices/detail/001255/AN202602121819903072.html
002360,ST同德,同德化工:关于收到诉前财产保全《民事裁定书》的公告,诉讼仲裁,2026-02-13,https://data.eastmoney.com/notices/detail/002360/AN202602121819903071.html
002524,光正眼科,光正眼科:关于对全资子公司增资的公告,增资扩股,2026-02-13,https://data.eastmoney.com/notices/detail/002524/AN202602121819903077.html
002818,富森美,富森美:关于公司董事会秘书解除留置变更为责令候查的公告,高管人员任职变动,2026-02-13,https://data.eastmoney.com/notices/detail/002818/AN202602121819903075.html
002967,广电计量,广电计量:华泰联合证券有限责任公司关于广电计量检测集团股份有限公司使用闲置募集资金进行现金管理的核查意见,保荐/核查意见,2026-02-13,https://data.eastmoney.com/notices/detail/002967/AN202602121819903032.html
002967,广电计量,广电计量:关于使用闲置募集资金进行现金管理的公告,投资理财,2026-02-13,https://data.eastmoney.com/notices/detail/002967/AN202602121819903034.html
002967,广电计量,广电计量:第五届董事会第三十次会议决议公告,董事会决议公告,2026-02-13,https://data.eastmoney.com/notices/detail/002967/AN202602121819903033.html
688690,纳微科技,纳微科技:苏州纳微科技股份有限公司2026年第一次临时股东会决议公告,股东大会决议公告,2026-02-13,https://data.eastmoney.com/notices/detail/688690/AN202602121819902970.html
688690,纳微科技,纳微科技:北京市中伦(上海)律师事务所关于苏州纳微科技股份有限公司2026年第一次临时股东会法律意见书,法律意见书,2026-02-13,https://data.eastmoney.com/notices/detail/688690/AN202602121819902969.html
688325,赛微微电,赛微微电:关于首次公开发行前股票期权行权限售股上市流通的公告,限售股份上市流通,2026-02-13,https://data.eastmoney.com/notices/detail/688325/AN202602121819902946.html
002554,惠博普,惠博普:关于持股5%以上股东减持股份的预披露公告,股东/实际控制人股份减持,2026-02-13,https://data.eastmoney.com/notices/detail/002554/AN202602121819902917.html
000564,供销大集,供销大集:关于控股子公司重大诉讼的进展公告,其他,2026-02-13,https://data.eastmoney.com/notices/detail/000564/AN202602121819902913.html
603686,福龙马,福龙马:2026年度向特定对象发行股票方案论证分析报告,其他,2026-02-13,https://data.eastmoney.com/notices/detail/603686/AN202602121819902857.html
603686,福龙马,福龙马:未来三年(2026年-2028年)股东分红回报规划,其他,2026-02-13,https://data.eastmoney.com/notices/detail/603686/AN202602121819902867.html
603686,福龙马,福龙马:第七届董事会第四次会议决议公告,增发预案,2026-02-13,https://data.eastmoney.com/notices/detail/603686/AN202602121819902862.html
603686,福龙马,福龙马:关于最近五年被证券监管部门和证券交易所采取监管措施或处罚情况的公告,处罚,2026-02-13,https://data.eastmoney.com/notices/detail/603686/AN202602121819902868.html
603686,福龙马,福龙马:2026年度向特定对象发行股票预案,增发预案,2026-02-13,https://data.eastmoney.com/notices/detail/603686/AN202602121819902859.html
603686,福龙马,福龙马:关于本次向特定对象发行股票不存在直接或通过利益相关方向参与认购的投资者提供财务资助或补偿的公告,获得补贴（资助）,2026-02-13,https://data.eastmoney.com/notices/detail/603686/AN202602121819902863.html
603686,福龙马,福龙马:关于无需编制前次募集资金使用情况报告的公告,募集资金使用情况报告,2026-02-13,https://data.eastmoney.com/notices/detail/603686/AN202602121819902861.html
603686,福龙马,福龙马:关于2026年度向特定对象发行股票预案披露的提示性公告,增发提示性公告,2026-02-13,https://data.eastmoney.com/notices/detail/603686/AN202602121819902864.html
603686,福龙马,福龙马:关于召开2026年第一次临时股东大会的通知,召开股东大会通知,2026-02-13,https://data.eastmoney.com/notices/detail/603686/AN202602121819902860.html
603686,福龙马,福龙马:董事会审计委员会关于公司2026年度向特定对象发行股票相关事项的书面审核意见,专项说明/独立意见,2026-02-13,https://data.eastmoney.com/notices/detail/603686/AN202602121819902858.html
603686,福龙马,福龙马:2026年度向特定对象发行股票募集资金使用可行性分析报告,其他,2026-02-13,https://data.eastmoney.com/notices/detail/603686/AN202602121819902865.html
603686,福龙马,福龙马:关于2026年度向特定对象发行股票摊薄即期回报的填补措施及相关主体承诺的公告,其他,2026-02-13,https://data.eastmoney.com/notices/detail/603686/AN202602121819902866.html
688488,艾迪药业,艾迪药业:艾迪药业关于使用自有资金、银行承兑汇票等方式支付募投项目所需资金并以募集资金等额置换的公告,募集资金使用情况报告,2026-02-13,https://data.eastmoney.com/notices/detail/688488/AN202602121819902853.html
688488,艾迪药业,艾迪药业:艾迪药业关于使用部分闲置募集资金暂时补充流动资金的公告,募集资金补充流动资金,2026-02-13,https://data.eastmoney.com/notices/detail/688488/AN202602121819902855.html
688488,艾迪药业,艾迪药业:艾迪药业关于使用暂时闲置募集资金进行现金管理的公告,投资理财,2026-02-13,https://data.eastmoney.com/notices/detail/688488/AN202602121819902854.html
688488,艾迪药业,艾迪药业:华泰联合证券有限责任公司关于江苏艾迪药业集团股份有限公司使用自有资金、银行承兑汇票等方式支付募投项目所需资金并以募集资金等额置换的核查意见,保荐/核查意见,2026-02-13,https://data.eastmoney.com/notices/detail/688488/AN202602121819902850.html
688488,艾迪药业,艾迪药业:华泰联合证券有限责任公司关于江苏艾迪药业集团股份有限公司使用部分闲置募集资金暂时补充流动资金的核查意见,保荐/核查意见,2026-02-13,https://data.eastmoney.com/notices/detail/688488/AN202602121819902849.html
688488,艾迪药业,艾迪药业:华泰联合证券有限责任公司关于江苏艾迪药业集团股份有限公司部分募投项目结项并将节余募集资金永久补充流动资金的核查意见,保荐/核查意见,2026-02-13,https://data.eastmoney.com/notices/detail/688488/AN202602121819902851.html
688488,艾迪药业,艾迪药业:艾迪药业关于部分募投项目结项并将节余募集资金永久补充流动资金的公告,募集资金补充流动资金,2026-02-13,https://data.eastmoney.com/notices/detail/688488/AN202602121819902852.html
688488,艾迪药业,艾迪药业:华泰联合证券有限责任公司关于江苏艾迪药业集团股份有限公司使用暂时闲置募集资金进行现金管理的核查意见,保荐/核查意见,2026-02-13,https://data.eastmoney.com/notices/detail/688488/AN202602121819902848.html
688280,精进电动,精进电动:精进电动科技股份有限公司关于上海证券交易所《关于对精进电动科技股份有限公司2025年年度业绩预告的问询函》的回复公告,回复问询函公告,2026-02-13,https://data.eastmoney.com/notices/detail/688280/AN202602121819902794.html
688203,海正生材,海正生材:浙江海正生物材料股份有限公司股东减持股份计划公告,股东/实际控制人股份减持,2026-02-13,https://data.eastmoney.com/notices/detail/688203/AN202602121819902782.html
301131,聚赛龙,聚赛龙:关于公司控股股东、实际控制人及其一致行动人持股比例被动稀释触及1%整数倍的公告,股东/实际控制人股份减持,2026-02-13,https://data.eastmoney.com/notices/detail/301131/AN202602121819902780.html
301131,聚赛龙,聚赛龙:关于提前赎回“赛龙转债”的第十八次提示性公告,其他,2026-02-13,https://data.eastmoney.com/notices/detail/301131/AN202602121819902777.html
688609,九联科技,九联科技:广东九联科技股份有限公司关于本次募集资金投向属于科技创新领域的说明(修订稿),募集资金使用情况报告,2026-02-13,https://data.eastmoney.com/notices/detail/688609/AN202602121819902769.html
688609,九联科技,九联科技:广东九联科技股份有限公司第六届董事会第七次会议决议公告,董事会决议公告,2026-02-13,https://data.eastmoney.com/notices/detail/688609/AN202602121819902768.html
688609,九联科技,九联科技:广东九联科技股份有限公司关于以简易程序向特定对象发行股票预案修订说明的公告,增发方案修订,2026-02-13,https://data.eastmoney.com/notices/detail/688609/AN202602121819902770.html
688609,九联科技,九联科技:关于广东九联科技股份有限公司非经常性损益鉴证报告众环专字(2026)0500345号,保荐/核查意见,2026-02-13,https://data.eastmoney.com/notices/detail/688609/AN202602121819902771.html
688609,九联科技,九联科技:广东九联科技股份有限公司关于以简易程序向特定对象发行股票的预案(修订稿)披露的提示性公告,增发提示性公告,2026-02-13,https://data.eastmoney.com/notices/detail/688609/AN202602121819902762.html
688609,九联科技,九联科技:广东九联科技股份有限公司2025年度以简易程序向特定对象发行股票摊薄即期回报及填补回报措施和相关主体承诺(修订稿),其他,2026-02-13,https://data.eastmoney.com/notices/detail/688609/AN202602121819902765.html
688609,九联科技,九联科技:广东九联科技股份有限公司关于召开2026年第一次临时股东会的通知,召开股东大会通知,2026-02-13,https://data.eastmoney.com/notices/detail/688609/AN202602121819902766.html
688609,九联科技,九联科技:广东九联科技股份有限公司以简易程序向特定对象发行股票的预案(修订稿),增发方案修订,2026-02-13,https://data.eastmoney.com/notices/detail/688609/AN202602121819902763.html
688609,九联科技,九联科技:广东九联科技股份有限公司2025年度以简易程序向特定对象发行股票的论证分析报告(修订稿),其他,2026-02-13,https://data.eastmoney.com/notices/detail/688609/AN202602121819902767.html
688609,九联科技,九联科技:广东九联科技股份有限公司关于变更保荐机构及保荐代表人的公告,保荐代表人（机构）变更,2026-02-13,https://data.eastmoney.com/notices/detail/688609/AN202602121819902764.html
688609,九联科技,九联科技:广东九联科技股份有限公司2025年度以简易程序向特定对象发行股票募集资金使用的可行性分析报告(修订稿),其他,2026-02-13,https://data.eastmoney.com/notices/detail/688609/AN202602121819902761.html
688408,中信博,中信博:关于变更部分募投项目实施内容及募投项目延期的公告,变更募集资金投资项目,2026-02-13,https://data.eastmoney.com/notices/detail/688408/AN202602121819902740.html
688408,中信博,中信博:国投证券股份有限公司关于江苏中信博新能源科技股份有限公司变更部分募投项目实施内容及募投项目延期的核查意见,保荐/核查意见,2026-02-13,https://data.eastmoney.com/notices/detail/688408/AN202602121819902741.html
688408,中信博,中信博:中信博2026年第一次临时股东会会议通知,召开股东大会通知,2026-02-13,https://data.eastmoney.com/notices/detail/688408/AN202602121819902742.html
688408,中信博,中信博:关于董事会战略委员会调整为董事会战略与可持续发展委员会并修订相关工作细则的公告,议事规则/实施细则,2026-02-13,https://data.eastmoney.com/notices/detail/688408/AN202602121819902743.html
688261,东微半导,东微半导:中国国际金融股份有限公司关于苏州东微半导体股份有限公司使用部分暂时闲置募集资金进行现金管理的核查意见,保荐/核查意见,2026-02-13,https://data.eastmoney.com/notices/detail/688261/AN202602121819902744.html
688261,东微半导,东微半导:苏州东微半导体股份有限公司关于使用部分暂时闲置募集资金进行现金管理的公告,投资理财,2026-02-13,https://data.eastmoney.com/notices/detail/688261/AN202602121819902739.html
002905,金逸影视,金逸影视:关于重大诉讼的进展公告,诉讼仲裁,2026-02-13,https://data.eastmoney.com/notices/detail/002905/AN202602121819902717.html
000004,国华退,*ST国华:股票交易异常波动公告,股票交易异常波动,2026-02-13,https://data.eastmoney.com/notices/detail/000004/AN202602121819902716.html
605588,冠石科技,冠石科技:南京冠石科技股份有限公司关于向特定对象发行股票申请文件审核问询函回复的提示性公告,回复问询函公告,2026-02-13,https://data.eastmoney.com/notices/detail/605588/AN202602121819902706.html
605588,冠石科技,冠石科技:信永中和会计师事务所(特殊普通合伙)关于南京冠石科技股份有限公司向特定对象发行股票申请文件的审核问询函回复之专项核查意见,保荐/核查意见,2026-02-13,https://data.eastmoney.com/notices/detail/605588/AN202602121819902708.html
605588,冠石科技,冠石科技:中信建投证券股份有限公司关于南京冠石科技股份有限公司向特定对象发行股票之发行保荐书,发行保荐书,2026-02-13,https://data.eastmoney.com/notices/detail/605588/AN202602121819902704.html
605588,冠石科技,冠石科技:中信建投证券股份有限公司关于南京冠石科技股份有限公司向特定对象发行股票之上市保荐书,上市保荐书,2026-02-13,https://data.eastmoney.com/notices/detail/605588/AN202602121819902709.html
605588,冠石科技,冠石科技:南京冠石科技股份有限公司2025年度向特定对象发行股票证券募集说明书(修订稿),增发方案修订,2026-02-13,https://data.eastmoney.com/notices/detail/605588/AN202602121819902707.html
605588,冠石科技,冠石科技:关于南京冠石科技股份有限公司向特定对象发行股票申请文件的审核问询函的回复,回复问询函公告,2026-02-13,https://data.eastmoney.com/notices/detail/605588/AN202602121819902705.html
603100,川仪股份,川仪股份:川仪股份2026年第一次临时股东会法律意见书,法律意见书,2026-02-13,https://data.eastmoney.com/notices/detail/603100/AN202602121819902701.html
603100,川仪股份,川仪股份:川仪股份2026年第一次临时股东会决议公告,股东大会决议公告,2026-02-13,https://data.eastmoney.com/notices/detail/603100/AN202602121819902700.html
688385,复旦微电,复旦微电:2026年第一次临时股东会、2026年第一次A股类别股东会及2026年第一次H股类别股东会会议资料,股东大会资料,2026-02-13,https://data.eastmoney.com/notices/detail/688385/AN202602121819902677.html
688385,复旦微电,复旦微电:关于召开2026年第一次临时股东会、2026年第一次A股类别股东会及2026年第一次H股类别股东会通知,召开股东大会通知,2026-02-13,https://data.eastmoney.com/notices/detail/688385/AN202602121819902676.html
601118,海南橡胶,海南橡胶:2026年第一次临时股东会会议资料,股东大会资料,2026-02-13,https://data.eastmoney.com/notices/detail/601118/AN202602121819902686.html
300658,延江股份,延江股份:关于发行股份及支付现金购买资产并募集配套资金暨关联交易事项的进展公告,关联交易,2026-02-13,https://data.eastmoney.com/notices/detail/300658/AN202602121819902680.html
603757,大元泵业,大元泵业:浙江大元泵业股份有限公司股东减持股份计划公告,股东/实际控制人股份减持,2026-02-13,https://data.eastmoney.com/notices/detail/603757/AN202602121819902652.html
001283,豪鹏科技,豪鹏科技:第二届董事会第十八次会议决议公告,董事会决议公告,2026-02-13,https://data.eastmoney.com/notices/detail/001283/AN202602121819902638.html
001283,豪鹏科技,豪鹏科技:关于2026年度日常关联交易预计的公告,关联交易,2026-02-13,https://data.eastmoney.com/notices/detail/001283/AN202602121819902639.html
688796,百奥赛图,百奥赛图:北京市中伦律师事务所关于百奥赛图(北京)医药科技股份有限公司2026年第一次临时股东会的法律意见书,法律意见书,2026-02-13,https://data.eastmoney.com/notices/detail/688796/AN202602121819902608.html
688796,百奥赛图,百奥赛图:百奥赛图(北京)医药科技股份有限公司2026年第一次临时股东会决议公告,股东大会决议公告,2026-02-13,https://data.eastmoney.com/notices/detail/688796/AN202602121819902607.html
600730,*ST高科,中国高科:中国高科关于控股股东完成工商变更登记暨公司实际控制人变更的公告,股东/实际控制人变更,2026-02-13,https://data.eastmoney.com/notices/detail/600730/AN202602121819902601.html
000909,*ST数源,ST数源:关于公司非独立董事、董事会秘书辞任暨补选非独立董事、聘任董事会秘书的公告,高管人员任职变动,2026-02-13,https://data.eastmoney.com/notices/detail/000909/AN202602121819902546.html
002581,*ST未名,ST未名:关于持股5%以上股东股份减持完成的公告,股东/实际控制人股份减持,2026-02-13,https://data.eastmoney.com/notices/detail/002581/AN202602121819902541.html
000909,*ST数源,ST数源:第九届董事会第二十二次会议决议公告,高管人员任职变动,2026-02-13,https://data.eastmoney.com/notices/detail/000909/AN202602121819902539.html
001230,劲旅环境,劲旅环境:关于参与设立投资基金暨对外投资的公告,投资设立公司,2026-02-13,https://data.eastmoney.com/notices/detail/001230/AN202602121819902542.html
002653,海思科,海思科:关于共同投资设立子公司暨关联交易的公告,投资设立公司,2026-02-13,https://data.eastmoney.com/notices/detail/002653/AN202602121819902544.html
001387,雪祺电气,雪祺电气:关于签订募集资金专户存储三方监管协议的公告,签订协议,2026-02-13,https://data.eastmoney.com/notices/detail/001387/AN202602121819902540.html
000909,*ST数源,ST数源:关于召开2026年第二次临时股东会的通知,召开股东大会通知,2026-02-13,https://data.eastmoney.com/notices/detail/000909/AN202602121819902545.html
002653,海思科,海思科:第五届董事会第三十六次会议决议公告,董事会决议公告,2026-02-13,https://data.eastmoney.com/notices/detail/002653/AN202602121819902543.html
603636,南威软件,南威软件:简式权益变动报告书(启重始源),权益变动报告书,2026-02-13,https://data.eastmoney.com/notices/detail/603636/AN202602121819902536.html
600360,华微电子,*ST华微:吉林华微电子股份有限公司关于公司股票可能被终止上市的第二次风险提示公告,终止上市风险提示,2026-02-13,https://data.eastmoney.com/notices/detail/600360/AN202602121819902534.html
603636,南威软件,南威软件:关于持股5%以上股东减持至5%以下的提示性公告,股东/实际控制人股份减持,2026-02-13,https://data.eastmoney.com/notices/detail/603636/AN202602121819902535.html
600208,衢州发展,衢州发展:关于控股股东提议公司回购股份的公告,回购预案,2026-02-13,https://data.eastmoney.com/notices/detail/600208/AN202602121819902529.html
601800,中国交建,中国交建:中国交建2025年1-12月主要经营数据公告,月度经营情况,2026-02-13,https://data.eastmoney.com/notices/detail/601800/AN202602121819902476.html
600708,光明地产,光明地产:光明地产关于对下属公司提供担保的情况简报,提供/对外担保公告,2026-02-13,https://data.eastmoney.com/notices/detail/600708/AN202602121819902492.html
603069,海汽集团,海汽集团:海汽集团关于持股5%以上股东拟以专项贷款和自有资金增持公司股份计划暨取得专项贷款承诺函的公告,其他,2026-02-13,https://data.eastmoney.com/notices/detail/603069/AN202602121819902493.html
688798,艾为电子,艾为电子:艾为电子关于使用暂时闲置募集资金进行现金管理的公告,投资理财,2026-02-13,https://data.eastmoney.com/notices/detail/688798/AN202602121819902483.html
688798,艾为电子,艾为电子:中信建投证券股份有限公司关于上海艾为电子技术股份有限公司使用暂时闲置募集资金进行现金管理的核查意见,保荐/核查意见,2026-02-13,https://data.eastmoney.com/notices/detail/688798/AN202602121819902482.html
300119,瑞普生物,瑞普生物:第六届董事会第二次(临时)会议决议公告,董事会决议公告,2026-02-13,https://data.eastmoney.com/notices/detail/300119/AN202602121819902473.html
300345,华民股份,华民股份:关于变更签字会计师的公告,公司关联方基本资料变更,2026-02-13,https://data.eastmoney.com/notices/detail/300345/AN202602121819902470.html
300119,瑞普生物,瑞普生物:关于持股5%以上股东梁武部分股份质押及解除质押的公告,股份质押、冻结,2026-02-13,https://data.eastmoney.com/notices/detail/300119/AN202602121819902475.html
300119,瑞普生物,瑞普生物:关于召开2026年第一次临时股东会的通知,召开股东大会通知,2026-02-13,https://data.eastmoney.com/notices/detail/300119/AN202602121819902474.html
300119,瑞普生物,瑞普生物:关于与专业投资机构共同投资设立并购产业基金暨关联交易的公告,关联交易,2026-02-13,https://data.eastmoney.com/notices/detail/300119/AN202602121819902472.html
601881,中国银河,中国银河:2026年第一次临时股东会决议公告,股东大会决议公告,2026-02-13,https://data.eastmoney.com/notices/detail/601881/AN202602121819902374.html
601881,中国银河,中国银河:北京市金杜律师事务所关于中国银河证券股份有限公司2026年第一次临时股东会的法律意见书,法律意见书,2026-02-13,https://data.eastmoney.com/notices/detail/601881/AN202602121819902378.html
601881,中国银河,中国银河:关于行使21银河Y1发行人赎回选择权的第二次提示性公告,其他,2026-02-13,https://data.eastmoney.com/notices/detail/601881/AN202602121819902375.html
601158,重庆水务,重庆水务:申万宏源证券承销保荐有限责任公司关于重庆水务集团股份有限公司使用部分闲置募集资金进行现金管理事项的核查意见,保荐/核查意见,2026-02-13,https://data.eastmoney.com/notices/detail/601158/AN202602121819902443.html
601187,厦门银行,厦门银行:厦门银行股份有限公司关于选举产生第九届董事会职工董事的公告,高管人员任职变动,2026-02-13,https://data.eastmoney.com/notices/detail/601187/AN202602121819902444.html
601158,重庆水务,重庆水务:重庆水务关于使用闲置募集资金进行现金管理的公告,投资理财,2026-02-13,https://data.eastmoney.com/notices/detail/601158/AN202602121819902446.html
601158,重庆水务,重庆水务:重庆水务关于第七期污水处理服务结算价格核定有关事宜的公告,其他,2026-02-13,https://data.eastmoney.com/notices/detail/601158/AN202602121819902442.html
601158,重庆水务,重庆水务:重庆水务第六届董事会第二十四次会议决议公告,董事会决议公告,2026-02-13,https://data.eastmoney.com/notices/detail/601158/AN202602121819902447.html
688332,中科蓝讯,中科蓝讯:关于与关联方形成共同投资暨关联交易的公告,关联交易,2026-02-13,https://data.eastmoney.com/notices/detail/688332/AN202602121819902445.html
688332,中科蓝讯,中科蓝讯:第二届董事会第二十四次会议决议公告,董事会决议公告,2026-02-13,https://data.eastmoney.com/notices/detail/688332/AN202602121819902441.html
603207,小方制药,小方制药:关于公司董事离任暨补选董事的公告,高管人员任职变动,2026-02-13,https://data.eastmoney.com/notices/detail/603207/AN202602121819902391.html
603207,小方制药,小方制药:公司章程,公司章程,2026-02-13,https://data.eastmoney.com/notices/detail/603207/AN202602121819902394.html
603207,小方制药,小方制药:关于变更注册资本及修改《公司章程》的公告,公司注册资本变更,2026-02-13,https://data.eastmoney.com/notices/detail/603207/AN202602121819902393.html
603207,小方制药,小方制药:关于召开2026年第一次临时股东会通知,召开股东大会通知,2026-02-13,https://data.eastmoney.com/notices/detail/603207/AN202602121819902392.html
603207,小方制药,小方制药:第二届董事会第九次会议决议公告,高管人员任职变动,2026-02-13,https://data.eastmoney.com/notices/detail/603207/AN202602121819902395.html
603496,恒为科技,恒为科技:关于公司控股股东股份质押的公告,股份质押、冻结,2026-02-13,https://data.eastmoney.com/notices/detail/603496/AN202602121819902377.html
603071,物产环能,物产环能:浙江物产环保能源股份有限公司关于增加2026年度日常关联交易预计的公告,关联交易,2026-02-13,https://data.eastmoney.com/notices/detail/603071/AN202602121819902380.html
603496,恒为科技,恒为科技:关于对外投资设立投资基金暨关联交易的公告,投资设立公司,2026-02-13,https://data.eastmoney.com/notices/detail/603496/AN202602121819902379.html
603071,物产环能,物产环能:浙江物产环保能源股份有限公司关于召开2026年第二次临时股东会的通知,召开股东大会通知,2026-02-13,https://data.eastmoney.com/notices/detail/603071/AN202602121819902376.html
603071,物产环能,物产环能:浙江物产环保能源股份有限公司第五届董事会第十八次会议决议公告,董事会决议公告,2026-02-13,https://data.eastmoney.com/notices/detail/603071/AN202602121819902373.html
300120,经纬辉开,经纬辉开:关于高级管理人员辞职暨聘任高级管理人员的公告,高管人员任职变动,2026-02-13,https://data.eastmoney.com/notices/detail/300120/AN202602121819902345.html
300120,经纬辉开,经纬辉开:关于董事辞职暨补选董事的公告,高管人员任职变动,2026-02-13,https://data.eastmoney.com/notices/detail/300120/AN202602121819902347.html
300120,经纬辉开,经纬辉开:关于召开2026年第二次临时股东会的通知,召开股东大会通知,2026-02-13,https://data.eastmoney.com/notices/detail/300120/AN202602121819902346.html
300120,经纬辉开,经纬辉开:第六届董事会第十七次会议决议公告,高管人员任职变动,2026-02-13,https://data.eastmoney.com/notices/detail/300120/AN202602121819902348.html
688498,源杰科技,源杰科技:陕西源杰半导体科技股份有限公司2026年第一次临时股东会会议资料,股东大会资料,2026-02-13,https://data.eastmoney.com/notices/detail/688498/AN202602121819902332.html
601577,长沙银行,长沙银行:长沙银行股份有限公司关于董事长任职资格获得核准的公告,高管人员任职变动,2026-02-13,https://data.eastmoney.com/notices/detail/601577/AN202602121819902331.html
002008,大族激光,大族激光:关于控股股东减持股份的预披露公告,股东/实际控制人股份减持,2026-02-13,https://data.eastmoney.com/notices/detail/002008/AN202602121819902321.html
002445,中南文化,中南文化:关于筹划重大资产重组事项的停牌公告,停牌公告,2026-02-13,https://data.eastmoney.com/notices/detail/002445/AN202602121819902320.html
002323,*ST雅博,雅博股份:关于股票交易异常波动的公告,股票交易异常波动,2026-02-13,https://data.eastmoney.com/notices/detail/002323/AN202602121819902319.html
600704,物产中大,物产中大:物产中大独立董事候选人声明与承诺,独立董事候选人声明,2026-02-13,https://data.eastmoney.com/notices/detail/600704/AN202602121819902306.html
600704,物产中大,物产中大:物产中大关于修订《公司章程》的公告,公司章程修订,2026-02-13,https://data.eastmoney.com/notices/detail/600704/AN202602121819902305.html
600704,物产中大,物产中大:物产中大关于公司数字总监辞职的公告,高管人员任职变动,2026-02-13,https://data.eastmoney.com/notices/detail/600704/AN202602121819902302.html
600704,物产中大,物产中大:物产中大关于预计2026年度日常关联交易的公告,关联交易,2026-02-13,https://data.eastmoney.com/notices/detail/600704/AN202602121819902293.html
600704,物产中大,物产中大:物产中大董事会议事规则(2026年2月修订),议事规则/实施细则,2026-02-13,https://data.eastmoney.com/notices/detail/600704/AN202602121819902298.html
600704,物产中大,物产中大:物产中大关于申请上海期货交易所集团交割库的公告,其他,2026-02-13,https://data.eastmoney.com/notices/detail/600704/AN202602121819902304.html
600704,物产中大,物产中大:物产中大总经理工作细则(2026年2月修订),议事规则/实施细则,2026-02-13,https://data.eastmoney.com/notices/detail/600704/AN202602121819902295.html
600704,物产中大,物产中大:物产中大关于召开2026年第一次临时股东会通知,召开股东大会通知,2026-02-13,https://data.eastmoney.com/notices/detail/600704/AN202602121819902297.html
600704,物产中大,物产中大:物产中大环境、社会及公司治理(ESG)信息披露管理办法(2026年2月修订),管理办法/制度,2026-02-13,https://data.eastmoney.com/notices/detail/600704/AN202602121819902301.html
600704,物产中大,物产中大:物产中大独立董事提名人声明与承诺,独立董事提名人声明,2026-02-13,https://data.eastmoney.com/notices/detail/600704/AN202602121819902303.html
600704,物产中大,物产中大:物产中大关于2026年度第一期中期票据发行情况的公告,其他,2026-02-13,https://data.eastmoney.com/notices/detail/600704/AN202602121819902300.html
600704,物产中大,物产中大:物产中大治理纲要(2026年2月修订),其他,2026-02-13,https://data.eastmoney.com/notices/detail/600704/AN202602121819902294.html
600704,物产中大,物产中大:物产中大十届三十六次董事会决议公告,高管人员任职变动,2026-02-13,https://data.eastmoney.com/notices/detail/600704/AN202602121819902296.html
600704,物产中大,物产中大:物产中大公司章程(2026年2月修订),公司章程修订,2026-02-13,https://data.eastmoney.com/notices/detail/600704/AN202602121819902299.html
605488,福莱新材,福莱新材:“福新转债”2026年第一次债券持有人会议决议公告,其他,2026-02-13,https://data.eastmoney.com/notices/detail/605488/AN202602121819902239.html
605488,福莱新材,福莱新材:福莱新材关于使用部分募集资金向全资子公司增资以实施募投项目的公告,增资扩股,2026-02-13,https://data.eastmoney.com/notices/detail/605488/AN202602121819902242.html
605488,福莱新材,福莱新材:福莱新材2026年第二次临时股东会决议公告,股东大会决议公告,2026-02-13,https://data.eastmoney.com/notices/detail/605488/AN202602121819902241.html
605488,福莱新材,福莱新材:申万宏源证券承销保荐有限责任公司关于浙江福莱新材料股份有限公司使用部分募集资金向全资子公司增资以实施募投项目的核查意见,保荐/核查意见,2026-02-13,https://data.eastmoney.com/notices/detail/605488/AN202602121819902238.html
605488,福莱新材,福莱新材:北京君合(杭州)律师事务所关于浙江福莱新材料股份有限公司2026年第二次临时股东会之法律意见书,法律意见书,2026-02-13,https://data.eastmoney.com/notices/detail/605488/AN202602121819902240.html
605488,福莱新材,福莱新材:北京君合(杭州)律师事务所关于浙江福莱新材料股份有限公司“福新转债”2026年第一次债券持有人会议之法律意见书,法律意见书,2026-02-13,https://data.eastmoney.com/notices/detail/605488/AN202602121819902243.html
688009,中国通号,中国通号:北京市中伦律师事务所关于中国铁路通信信号股份有限公司2026年第一次临时股东会的法律意见书,法律意见书,2026-02-13,https://data.eastmoney.com/notices/detail/688009/AN202602121819902223.html
688009,中国通号,中国通号:2026年第一次临时股东会决议公告,股东大会决议公告,2026-02-13,https://data.eastmoney.com/notices/detail/688009/AN202602121819902222.html
600897,厦门空港,厦门空港:厦门空港关于购买厦门兆翔智能科技有限公司100%股权暨关联交易的公告,收购出售资产/股权,2026-02-13,https://data.eastmoney.com/notices/detail/600897/AN202602121819902195.html
688607,康众医疗,康众医疗:康众医疗2026年股票期权激励计划首次授予激励对象名单,股权激励对象名单,2026-02-13,https://data.eastmoney.com/notices/detail/688607/AN202602121819902199.html
600897,厦门空港,厦门空港:兆翔科技审计报告(容诚审字[2026]361Z0046号),其他,2026-02-13,https://data.eastmoney.com/notices/detail/600897/AN202602121819902198.html
688607,康众医疗,康众医疗:北京市中伦律师事务所关于江苏康众数字医疗科技股份有限公司2026年股票期权激励计划首次授予相关事项的法律意见书,法律意见书,2026-02-13,https://data.eastmoney.com/notices/detail/688607/AN202602121819902194.html
600897,厦门空港,厦门空港:厦门空港第十届董事会第十四次会议决议公告,董事会决议公告,2026-02-13,https://data.eastmoney.com/notices/detail/600897/AN202602121819902197.html
600897,厦门空港,厦门空港:兆翔科技评估报告(嘉学评估评报字〔2026〕8300001号),其他,2026-02-13,https://data.eastmoney.com/notices/detail/600897/AN202602121819902196.html
600897,厦门空港,厦门空港:厦门空港关于召开2026年第一次临时股东会的通知,召开股东大会通知,2026-02-13,https://data.eastmoney.com/notices/detail/600897/AN202602121819902193.html
688607,康众医疗,康众医疗:康众医疗关于向激励对象首次授予股票期权的公告,股权激励进展公告,2026-02-13,https://data.eastmoney.com/notices/detail/688607/AN202602121819902192.html
688607,康众医疗,康众医疗:康众医疗董事会薪酬与考核委员会关于2026年股票期权激励计划首次授予激励对象名单的核查意见,专项说明/独立意见,2026-02-13,https://data.eastmoney.com/notices/detail/688607/AN202602121819902191.html
688607,康众医疗,康众医疗:北京博星证券投资顾问有限公司关于江苏康众数字医疗科技股份有限公司2026年股票期权激励计划首次授予事项的独立财务顾问报告,保荐/核查意见,2026-02-13,https://data.eastmoney.com/notices/detail/688607/AN202602121819902190.html
000670,盈方微,盈方微:关于发行股份及支付现金购买资产并募集配套资金暨关联交易事项的进展公告,关联交易,2026-02-13,https://data.eastmoney.com/notices/detail/000670/AN202602121819902171.html
002517,恺英网络,恺英网络:关于取得金融机构股票回购专项贷款承诺函的公告,借贷,2026-02-13,https://data.eastmoney.com/notices/detail/002517/AN202602121819902170.html
002627,三峡旅游,三峡旅游:关于业绩补偿所涉诉讼事项的进展公告,诉讼仲裁,2026-02-13,https://data.eastmoney.com/notices/detail/002627/AN202602121819902167.html
002204,大连重工,大连重工:第六届董事会第二十八次会议决议公告,董事会决议公告,2026-02-13,https://data.eastmoney.com/notices/detail/002204/AN202602121819902168.html
002204,大连重工,大连重工:关于向全资子公司大连华锐重工铸业有限公司增资的公告,增资扩股,2026-02-13,https://data.eastmoney.com/notices/detail/002204/AN202602121819902169.html
603298,杭叉集团,杭叉集团:关于参股公司河南嘉晨智能控制股份有限公司获北交所上市审核通过的公告,其他,2026-02-13,https://data.eastmoney.com/notices/detail/603298/AN202602121819902072.html
002951,金时科技,金时科技:股票交易异常波动公告,股票交易异常波动,2026-02-13,https://data.eastmoney.com/notices/detail/002951/AN202602121819902022.html
002939,长城证券,长城证券:关于2025年度第十一期短期融资券兑付完成的公告,其他,2026-02-13,https://data.eastmoney.com/notices/detail/002939/AN202602121819902021.html
002348,高乐股份,高乐股份:关于股东协议转让过户完成暨公司控制权发生变更的提示性公告,股权转让,2026-02-13,https://data.eastmoney.com/notices/detail/002348/AN202602121819902019.html
002951,金时科技,金时科技:关于公开挂牌转让子公司湖南金时科技有限公司100%股权的进展公告,股权转让,2026-02-13,https://data.eastmoney.com/notices/detail/002951/AN202602121819902018.html
002731,*ST萃华,ST萃华:关于累计诉讼及仲裁的公告,诉讼仲裁,2026-02-13,https://data.eastmoney.com/notices/detail/002731/AN202602121819902020.html
688589,力合微,力合微:关于持股5%以上股东减持计划期限届满未减持股份的结果公告,股东/实际控制人股份减持,2026-02-13,https://data.eastmoney.com/notices/detail/688589/AN202602121819901965.html
600569,安阳钢铁,安阳钢铁:安阳钢铁股份有限公司关于为控股子公司河南安钢南方电磁新材料科技有限责任公司融资租赁提供担保的进展公告,提供/对外担保公告,2026-02-13,https://data.eastmoney.com/notices/detail/600569/AN202602121819901900.html
688699,明微电子,明微电子:关于获得政府补助的公告,获得补贴（资助）,2026-02-13,https://data.eastmoney.com/notices/detail/688699/AN202602121819901873.html
600735,ST新华锦,ST新华锦:新华锦关于资金占用责令改正进展暨公司股票可能停牌的风险提示公告,停牌公告,2026-02-13,https://data.eastmoney.com/notices/detail/600735/AN202602121819901834.html
600735,ST新华锦,ST新华锦:新华锦关于收购山东新华锦新材料科技有限公司100%股权涉及采矿权暨关联交易的进展公告,收购出售资产/股权,2026-02-13,https://data.eastmoney.com/notices/detail/600735/AN202602121819901835.html
601399,国机重装,国机重装:临2026-009国机重装关于持股5%以上股东及其一致行动人减持股份计划的公告,股东/实际控制人股份减持,2026-02-13,https://data.eastmoney.com/notices/detail/601399/AN202602121819901833.html
603045,福达合金,福达合金:2026年第一次临时股东会会议资料,股东大会资料,2026-02-13,https://data.eastmoney.com/notices/detail/603045/AN202602121819901830.html
601689,拓普集团,拓普集团:国浩律师(上海)事务所关于宁波拓普集团股份有限公司2026年第一次临时股东会的法律意见书,法律意见书,2026-02-13,https://data.eastmoney.com/notices/detail/601689/AN202602121819901822.html
601689,拓普集团,拓普集团:拓普集团2026年第一次临时股东会决议公告,股东大会决议公告,2026-02-13,https://data.eastmoney.com/notices/detail/601689/AN202602121819901823.html
600463,空港股份,空港股份:空港股份关于控股子公司向控股股东申请借款展期暨接受关联方财务资助的公告,其他,2026-02-13,https://data.eastmoney.com/notices/detail/600463/AN202602121819901816.html
600463,空港股份,空港股份:空港股份关于召开2026年第一次临时股东会的通知,召开股东大会通知,2026-02-13,https://data.eastmoney.com/notices/detail/600463/AN202602121819901817.html
600463,空港股份,空港股份:空港股份独立董事关于第八届董事会第八次临时会议审议相关事项的独立意见,专项说明/独立意见,2026-02-13,https://data.eastmoney.com/notices/detail/600463/AN202602121819901813.html
600463,空港股份,空港股份:空港股份关于持股5%以上股东权益变动触及1%刻度的提示性公告,权益变动报告书,2026-02-13,https://data.eastmoney.com/notices/detail/600463/AN202602121819901818.html
600463,空港股份,空港股份:空港股份关于为全资子公司提供担保的公告,提供/对外担保公告,2026-02-13,https://data.eastmoney.com/notices/detail/600463/AN202602121819901812.html
600463,空港股份,空港股份:空港股份董事会审计委员会关于第八届董事会第八次临时会议审议事项的书面审核意见,专项说明/独立意见,2026-02-13,https://data.eastmoney.com/notices/detail/600463/AN202602121819901814.html
600463,空港股份,空港股份:空港股份第八届董事会第八次临时会议决议公告,高管人员任职变动,2026-02-13,https://data.eastmoney.com/notices/detail/600463/AN202602121819901811.html
600463,空港股份,空港股份:空港股份关于董事辞职暨补选董事的公告,高管人员任职变动,2026-02-13,https://data.eastmoney.com/notices/detail/600463/AN202602121819901815.html
603045,福达合金,福达合金:关于董事会延期换届的提示性公告,高管人员任职变动,2026-02-13,https://data.eastmoney.com/notices/detail/603045/AN202602121819901804.html
603045,福达合金,福达合金:控股股东减持股份计划公告,股东/实际控制人股份减持,2026-02-13,https://data.eastmoney.com/notices/detail/603045/AN202602121819901806.html
603045,福达合金,福达合金:关于股东会开设网络投票提示服务的公告,其他,2026-02-13,https://data.eastmoney.com/notices/detail/603045/AN202602121819901805.html
603150,万朗磁塑,万朗磁塑:上海市锦天城律师事务所关于安徽万朗磁塑股份有限公司2026年第一次临时股东会的法律意见书,法律意见书,2026-02-13,https://data.eastmoney.com/notices/detail/603150/AN202602121819901798.html
603150,万朗磁塑,万朗磁塑:万朗磁塑2026年第一次临时股东会决议公告,股东大会决议公告,2026-02-13,https://data.eastmoney.com/notices/detail/603150/AN202602121819901797.html
002555,三七互娱,三七互娱:关于副总经理辞职的公告,高管人员任职变动,2026-02-13,https://data.eastmoney.com/notices/detail/002555/AN202602121819901778.html
000757,浩物股份,浩物股份:关于公司下属公司与关联方签订《房屋租赁协议》暨关联交易的进展公告,签订协议,2026-02-13,https://data.eastmoney.com/notices/detail/000757/AN202602121819901781.html
002555,三七互娱,三七互娱:第七届董事会第六次会议决议公告,高管人员任职变动,2026-02-13,https://data.eastmoney.com/notices/detail/002555/AN202602121819901780.html
002045,国光电器,国光电器:关于使用暂时闲置募集资金进行现金管理的进展公告,募集资金使用进展情况,2026-02-13,https://data.eastmoney.com/notices/detail/002045/AN202602121819901785.html
002555,三七互娱,三七互娱:关于变更董事会秘书的公告,高管人员任职变动,2026-02-13,https://data.eastmoney.com/notices/detail/002555/AN202602121819901786.html
002978,安宁股份,安宁股份:关于公司及全资子公司申请授信并为子公司提供担保的公告,提供/对外担保公告,2026-02-13,https://data.eastmoney.com/notices/detail/002978/AN202602121819901783.html
002761,浙江建投,浙江建投:关于提供担保的进展公告,提供/对外担保公告,2026-02-13,https://data.eastmoney.com/notices/detail/002761/AN202602121819901779.html
002978,安宁股份,安宁股份:第六届董事会第三十二次会议决议公告,董事会决议公告,2026-02-13,https://data.eastmoney.com/notices/detail/002978/AN202602121819901784.html
603207,小方制药,小方制药:上海小方制药股份有限公司2026年第一次临时股东会会议资料,股东大会资料,2026-02-13,https://data.eastmoney.com/notices/detail/603207/AN202602121819901770.html
600785,新华百货,新华百货:银川新华百货商业集团股份有限公司2026年第一次临时股东会决议公告,股东大会决议公告,2026-02-13,https://data.eastmoney.com/notices/detail/600785/AN202602121819901769.html
600941,中国移动,中国移动:港股公告:董事名单与其角色和职能,其他,2026-02-13,https://data.eastmoney.com/notices/detail/600941/AN202602121819901765.html
603186,华正新材,华正新材:浙江华正新材料股份有限公司关于“华正转债”转股数量累计达到转股前公司已发行股份总额10%暨股份变动的公告,股本变动,2026-02-13,https://data.eastmoney.com/notices/detail/603186/AN202602121819901768.html
600785,新华百货,新华百货:宁夏方和圆律师事务所关于银川新华百货商业集团股份有限公司2026年第一次临时股东会的法律意见书,法律意见书,2026-02-13,https://data.eastmoney.com/notices/detail/600785/AN202602121819901766.html
603186,华正新材,华正新材:浙江华正新材料股份有限公司关于实施“华正转债”赎回暨摘牌的最后一次提示性公告,其他,2026-02-13,https://data.eastmoney.com/notices/detail/603186/AN202602121819901767.html
603335,迪生力,迪生力:迪生力2026年第一次临时股东会会议资料,股东大会资料,2026-02-13,https://data.eastmoney.com/notices/detail/603335/AN202602121819901761.html
600481,双良节能,双良节能:双良节能系统股份有限公司关于海外订单的说明公告,其他,2026-02-13,https://data.eastmoney.com/notices/detail/600481/AN202602121819901662.html
605488,福莱新材,福莱新材:浙江福莱新材料股份有限公司公开发行可转换公司债券第一次临时受托管理事务报告(2026年度),其他,2026-02-13,https://data.eastmoney.com/notices/detail/605488/AN202602121819901663.html
600000,浦发银行,浦发银行:上海浦东发展银行股份有限公司董事会2026年第三次会议决议公告,董事会决议公告,2026-02-13,https://data.eastmoney.com/notices/detail/600000/AN202602121819901642.html
688720,艾森股份,艾森股份:上海市方达律师事务所关于江苏艾森半导体材料股份有限公司2026年第一次临时股东会的法律意见书,法律意见书,2026-02-13,https://data.eastmoney.com/notices/detail/688720/AN202602121819901629.html
688720,艾森股份,艾森股份:2026年第一次临时股东会决议公告,股东大会决议公告,2026-02-13,https://data.eastmoney.com/notices/detail/688720/AN202602121819901630.html
600258,首旅酒店,首旅酒店:北京首旅酒店(集团)股份有限公司2026年第一次临时股东会会议文件,股东大会资料,2026-02-13,https://data.eastmoney.com/notices/detail/600258/AN202602121819901624.html
603268,松发股份,*ST松发:关于下属公司签订日常经营重大合同的公告,重大合同,2026-02-13,https://data.eastmoney.com/notices/detail/603268/AN202602121819901625.html
600272,开开实业,开开实业:关于转让南京天石软件技术有限公司11.11%股权的完成公告,股权转让,2026-02-13,https://data.eastmoney.com/notices/detail/600272/AN202602121819901613.html
600548,深高速,深高速:关于使用部分闲置募集资金进行现金管理的公告,投资理财,2026-02-13,https://data.eastmoney.com/notices/detail/600548/AN202602121819901585.html
600176,中国巨石,中国巨石:中国巨石关于股票交易异常波动的公告,股票交易异常波动,2026-02-13,https://data.eastmoney.com/notices/detail/600176/AN202602121819901586.html
601515,衢州东峰,衢州东峰:衢州东峰关于回购股份事项前十大股东和前十大无限售条件股东持股情况的公告,回购进展情况,2026-02-13,https://data.eastmoney.com/notices/detail/601515/AN202602121819901587.html
601515,衢州东峰,衢州东峰:衢州东峰关于以集中竞价交易方式回购股份的回购报告书,回购报告书,2026-02-13,https://data.eastmoney.com/notices/detail/601515/AN202602121819901588.html
000514,渝开发,渝开发:第十届董事会第五十二次会议决议公告,董事会决议公告,2026-02-13,https://data.eastmoney.com/notices/detail/000514/AN202602121819901581.html
000034,神州数码,神州数码:关于公司控股股东股份冻结的公告,股份质押、冻结,2026-02-13,https://data.eastmoney.com/notices/detail/000034/AN202602121819901582.html
600658,电子城,电子城:电子城2026年度第一期超短期融资券发行情况公告,其他,2026-02-13,https://data.eastmoney.com/notices/detail/600658/AN202602121819901539.html
605033,美邦股份,美邦股份:《关于陕西美邦药业集团股份有限公司股票交易异常波动问询函》的回函,回复问询函公告,2026-02-13,https://data.eastmoney.com/notices/detail/605033/AN202602121819901497.html
605033,美邦股份,美邦股份:陕西美邦药业集团股份有限公司股票交易异常波动公告,股票交易异常波动,2026-02-13,https://data.eastmoney.com/notices/detail/605033/AN202602121819901498.html
000514,渝开发,渝开发:关于公开挂牌出售资产的公告,收购出售资产/股权,2026-02-13,https://data.eastmoney.com/notices/detail/000514/AN202602121819901491.html
603616,韩建河山,韩建河山:韩建河山股票交易异常波动公告,股票交易异常波动,2026-02-13,https://data.eastmoney.com/notices/detail/603616/AN202602121819901459.html
601368,绿城水务,绿城水务:广西绿城水务集团股份有限公司关于变更签字注册会计师及项目质量控制复核人的公告,公司关联方基本资料变更,2026-02-13,https://data.eastmoney.com/notices/detail/601368/AN202602121819901461.html
605108,同庆楼,同庆楼:同庆楼关于变更全资子公司出资方式并增资的进展暨完成工商备案登记的公告,公司关联方基本资料变更,2026-02-13,https://data.eastmoney.com/notices/detail/605108/AN202602121819901460.html
600018,上港集团,上港集团:上港集团关于2026年度第三期中期票据发行的公告,其他,2026-02-13,https://data.eastmoney.com/notices/detail/600018/AN202602121819901458.html
688510,航亚科技,航亚科技:无锡航亚科技股份有限公司前次募集资金使用情况的专项报告,募集资金使用情况报告,2026-02-13,https://data.eastmoney.com/notices/detail/688510/AN202602121819901448.html
688510,航亚科技,航亚科技:无锡航亚科技股份有限公司章程(2026年修订),公司章程修订,2026-02-13,https://data.eastmoney.com/notices/detail/688510/AN202602121819901449.html
688510,航亚科技,航亚科技:无锡航亚科技股份有限公司关于公司向不特定对象发行可转换公司债券摊薄即期回报与采取填补措施及相关主体承诺的公告,其他,2026-02-13,https://data.eastmoney.com/notices/detail/688510/AN202602121819901447.html
688510,航亚科技,航亚科技:无锡航亚科技股份有限公司可转换公司债券持有人会议规则,议事规则/实施细则,2026-02-13,https://data.eastmoney.com/notices/detail/688510/AN202602121819901440.html
688510,航亚科技,航亚科技:无锡航亚科技股份有限公司关于向不特定对象发行可转换公司债券预案披露的提示性公告,其他,2026-02-13,https://data.eastmoney.com/notices/detail/688510/AN202602121819901452.html
688510,航亚科技,航亚科技:无锡航亚科技股份有限公司向不特定对象发行可转换公司债券的论证分析报告,其他,2026-02-13,https://data.eastmoney.com/notices/detail/688510/AN202602121819901444.html
688510,航亚科技,航亚科技:公证天业会计师事务所(特殊普通合伙)关于无锡航亚科技股份有限公司前次募集资金使用情况鉴证报告,保荐/核查意见,2026-02-13,https://data.eastmoney.com/notices/detail/688510/AN202602121819901441.html
688510,航亚科技,航亚科技:无锡航亚科技股份有限公司关于本次募集资金投向属于科技创新领域的说明,募集资金使用情况报告,2026-02-13,https://data.eastmoney.com/notices/detail/688510/AN202602121819901442.html
688510,航亚科技,航亚科技:无锡航亚科技股份有限公司第四届董事会第六次会议决议公告,董事会决议公告,2026-02-13,https://data.eastmoney.com/notices/detail/688510/AN202602121819901450.html
688510,航亚科技,航亚科技:无锡航亚科技股份有限公司关于最近五年未被证券监管部门和证券交易所采取监管措施或处罚情况的公告,自查报告,2026-02-13,https://data.eastmoney.com/notices/detail/688510/AN202602121819901445.html
688510,航亚科技,航亚科技:无锡航亚科技股份有限公司关于未来三年(2026年-2028年)股东分红回报规划,其他,2026-02-13,https://data.eastmoney.com/notices/detail/688510/AN202602121819901439.html
688510,航亚科技,航亚科技:无锡航亚科技股份有限公司向不特定对象发行可转换公司债券募集资金使用的可行性分析报告,其他,2026-02-13,https://data.eastmoney.com/notices/detail/688510/AN202602121819901446.html
688510,航亚科技,航亚科技:无锡航亚科技股份有限公司向不特定对象发行可转换公司债券预案,其他,2026-02-13,https://data.eastmoney.com/notices/detail/688510/AN202602121819901451.html
688510,航亚科技,航亚科技:无锡航亚科技股份有限公司关于变更公司注册资本、修订《公司章程》并办理工商变更登记的公告,公司注册资本变更,2026-02-13,https://data.eastmoney.com/notices/detail/688510/AN202602121819901443.html
688510,航亚科技,航亚科技:无锡航亚科技股份有限公司关于暂不召开股东会审议本次向不特定对象发行可转换公司债券相关事宜的公告,其他,2026-02-13,https://data.eastmoney.com/notices/detail/688510/AN202602121819901438.html
002512,ST达华,达华智能:上海锦天城(福州)律师事务所关于公司2026年第一次临时股东会的法律意见书,法律意见书,2026-02-13,https://data.eastmoney.com/notices/detail/002512/AN202602121819901415.html
001314,亿道信息,亿道信息:关于2026年第一次临时股东会增加临时提案暨股东会补充通知的公告,增加股东大会议案,2026-02-13,https://data.eastmoney.com/notices/detail/001314/AN202602121819901420.html
001314,亿道信息,亿道信息:第四届董事会第十三次会议决议公告,董事会决议公告,2026-02-13,https://data.eastmoney.com/notices/detail/001314/AN202602121819901418.html
000669,ST金鸿,ST金鸿:股票交易异常波动公告,股票交易异常波动,2026-02-13,https://data.eastmoney.com/notices/detail/000669/AN202602121819901421.html
002465,海格通信,海格通信:关于股东股份减持计划的预披露公告,股东/实际控制人股份减持,2026-02-13,https://data.eastmoney.com/notices/detail/002465/AN202602121819901413.html
002512,ST达华,达华智能:2026年第一次临时股东会决议公告,股东大会决议公告,2026-02-13,https://data.eastmoney.com/notices/detail/002512/AN202602121819901417.html
001314,亿道信息,亿道信息:关于对外提供股权质押担保暨关联交易的公告,股份质押、冻结,2026-02-13,https://data.eastmoney.com/notices/detail/001314/AN202602121819901422.html
603658,安图生物,安图生物:安图生物关于公司及全资子公司获得医疗器械注册证的公告,其他,2026-02-13,https://data.eastmoney.com/notices/detail/603658/AN202602121819901397.html
603658,安图生物,安图生物:安图生物关于使用闲置募集资金进行现金管理赎回及进展的公告,募集资金使用进展情况,2026-02-13,https://data.eastmoney.com/notices/detail/603658/AN202602121819901398.html
600507,方大特钢,方大特钢:方大特钢关于高级管理人员辞职的公告,高管人员任职变动,2026-02-13,https://data.eastmoney.com/notices/detail/600507/AN202602121819901382.html
600459,贵研铂业,贵研铂业:云南省贵金属新材料控股集团股份有限公司关于完成工商变更登记的公告,公司章程修订,2026-02-13,https://data.eastmoney.com/notices/detail/600459/AN202602121819901383.html
600545,卓郎智能,卓郎智能:关于股票交易异常波动公告,股票交易异常波动,2026-02-13,https://data.eastmoney.com/notices/detail/600545/AN202602121819901369.html
603588,高能环境,高能环境:高能环境关于为控股子公司提供担保的公告,提供/对外担保公告,2026-02-13,https://data.eastmoney.com/notices/detail/603588/AN202602121819901368.html
688612,威迈斯,威迈斯:关于持股5%以上股东部分股份质押的公告,股份质押、冻结,2026-02-13,https://data.eastmoney.com/notices/detail/688612/AN202602121819901359.html
002076,星光股份,*ST星光:关于公司股票可能被终止上市的第二次风险提示性公告,终止上市风险提示,2026-02-13,https://data.eastmoney.com/notices/detail/002076/AN202602121819901354.html
002976,瑞玛精密,瑞玛精密:关于使用闲置募集资金进行现金管理的进展公告,募集资金使用进展情况,2026-02-13,https://data.eastmoney.com/notices/detail/002976/AN202602121819901355.html
000568,泸州老窖,泸州老窖:关于2021年限制性股票激励计划第三个解除限售期解除限售股份上市流通的提示性公告,限售股份上市流通,2026-02-13,https://data.eastmoney.com/notices/detail/000568/AN202602121819901353.html
603959,ST百利,百利科技:百利科技关于公司及控股子公司部分债务逾期的公告,其他,2026-02-13,https://data.eastmoney.com/notices/detail/603959/AN202602121819901343.html
603108,润达医疗,润达医疗:股东股份解除冻结的公告,股份质押、冻结,2026-02-13,https://data.eastmoney.com/notices/detail/603108/AN202602121819901336.html
605118,力鼎光电,力鼎光电:力鼎光电关于回购注销部分限制性股票减少注册资本暨通知债权人的公告,公司注册资本变更,2026-02-13,https://data.eastmoney.com/notices/detail/605118/AN202602121819901328.html
688306,均普智能,均普智能:宁波均普智能制造股份有限公司关于变更保荐机构后重新签订募集资金监管协议的公告,保荐代表人（机构）变更,2026-02-13,https://data.eastmoney.com/notices/detail/688306/AN202602121819901332.html
688306,均普智能,均普智能:宁波均普智能制造股份有限公司2026年度第一期科技创新债券发行结果公告,其他,2026-02-13,https://data.eastmoney.com/notices/detail/688306/AN202602121819901331.html
605118,力鼎光电,力鼎光电:力鼎光电关于2026年开展远期外汇交易业务的可行性分析报告,其他,2026-02-13,https://data.eastmoney.com/notices/detail/605118/AN202602121819901325.html
605118,力鼎光电,力鼎光电:力鼎光电关于完成工商变更登记的公告,公司注册资本变更,2026-02-13,https://data.eastmoney.com/notices/detail/605118/AN202602121819901323.html
605118,力鼎光电,力鼎光电:力鼎光电关于2026年开展远期外汇交易业务的公告,其他,2026-02-13,https://data.eastmoney.com/notices/detail/605118/AN202602121819901324.html
605118,力鼎光电,力鼎光电:力鼎光电关于回购注销部分限制性股票的公告,回购进展情况,2026-02-13,https://data.eastmoney.com/notices/detail/605118/AN202602121819901327.html
605118,力鼎光电,力鼎光电:福建至理律师事务所关于厦门力鼎光电股份有限公司回购注销2025年限制性股票激励计划部分限制性股票事项的法律意见书,法律意见书,2026-02-13,https://data.eastmoney.com/notices/detail/605118/AN202602121819901326.html
605118,力鼎光电,力鼎光电:力鼎光电第三届董事会第十七次会议决议公告,董事会决议公告,2026-02-13,https://data.eastmoney.com/notices/detail/605118/AN202602121819901322.html
601777,千里科技,千里科技:重庆千里科技股份有限公司关于修订《公司章程》的公告,公司章程修订,2026-02-13,https://data.eastmoney.com/notices/detail/601777/AN202602121819901317.html
601777,千里科技,千里科技:重庆千里科技股份有限公司关于召开2026年第一次临时股东会的通知,召开股东大会通知,2026-02-13,https://data.eastmoney.com/notices/detail/601777/AN202602121819901319.html
601777,千里科技,千里科技:重庆千里科技股份有限公司章程(2026年2月修订),公司章程修订,2026-02-13,https://data.eastmoney.com/notices/detail/601777/AN202602121819901318.html
601777,千里科技,千里科技:重庆千里科技股份有限公司第六届董事会第三十次会议决议公告,高管人员任职变动,2026-02-13,https://data.eastmoney.com/notices/detail/601777/AN202602121819901316.html
000568,泸州老窖,泸州老窖:关于2021年限制性股票激励计划预留部分第二个解除限售期解除限售股份上市流通的提示性公告,限售股份上市流通,2026-02-13,https://data.eastmoney.com/notices/detail/000568/AN202602121819901283.html
600299,安迪苏,安迪苏:安迪苏2025年中期权益分派实施公告,分配方案实施,2026-02-13,https://data.eastmoney.com/notices/detail/600299/AN202602121819901214.html
300751,迈为股份,迈为股份:关于公司董事会换届选举的公告,高管人员任职变动,2026-02-13,https://data.eastmoney.com/notices/detail/300751/AN202602121819901207.html
300751,迈为股份,迈为股份:关于控股股东减持股份结果公告,股东/实际控制人股份减持,2026-02-13,https://data.eastmoney.com/notices/detail/300751/AN202602121819901203.html
300751,迈为股份,迈为股份:关于注销部分回购股份暨减少注册资本的公告,公司注册资本变更,2026-02-13,https://data.eastmoney.com/notices/detail/300751/AN202602121819901205.html
300751,迈为股份,迈为股份:第三届董事会第十九次会议决议公告,高管人员任职变动,2026-02-13,https://data.eastmoney.com/notices/detail/300751/AN202602121819901201.html
300199,翰宇药业,翰宇药业:关于醋酸格拉替雷注射液获得美国FDA批准证书的公告,获得认证,2026-02-13,https://data.eastmoney.com/notices/detail/300199/AN202602121819901206.html
300751,迈为股份,迈为股份:关于召开2026年第一次临时股东会的通知,召开股东大会通知,2026-02-13,https://data.eastmoney.com/notices/detail/300751/AN202602121819901202.html
605177,东亚药业,东亚药业:东方金诚国际信用评估有限公司关于东亚药业2025年度业绩预亏的关注公告,业绩预告,2026-02-13,https://data.eastmoney.com/notices/detail/605177/AN202602121819901197.html
600998,九州通,九州通:九州通关于为子公司提供担保的进展公告,提供/对外担保公告,2026-02-13,https://data.eastmoney.com/notices/detail/600998/AN202602121819901196.html
603296,华勤技术,华勤技术:华勤技术董事会薪酬与考核委员会关于2026年限制性股票激励计划激励对象名单(授予日)的核查意见,专项说明/独立意见,2026-02-13,https://data.eastmoney.com/notices/detail/603296/AN202602121819901185.html
603296,华勤技术,华勤技术:华勤技术关于向公司2026年限制性股票激励计划激励对象授予限制性股票的公告,股权激励进展公告,2026-02-13,https://data.eastmoney.com/notices/detail/603296/AN202602121819901187.html
603296,华勤技术,华勤技术:华勤技术第二届董事会第二十三次会议决议公告,董事会决议公告,2026-02-13,https://data.eastmoney.com/notices/detail/603296/AN202602121819901189.html
603296,华勤技术,华勤技术:华勤技术2026年限制性股票激励计划激励对象名单(授予日),股权激励对象名单,2026-02-13,https://data.eastmoney.com/notices/detail/603296/AN202602121819901186.html
603270,金帝股份,金帝股份:山东金帝精密机械科技股份有限公司关于为子公司提供担保进展的公告,提供/对外担保公告,2026-02-13,https://data.eastmoney.com/notices/detail/603270/AN202602121819901188.html
603296,华勤技术,华勤技术:北京市中伦律师事务所关于华勤技术股份有限公司2026年限制性股票激励计划相关调整与授予事项的法律意见书,法律意见书,2026-02-13,https://data.eastmoney.com/notices/detail/603296/AN202602121819901190.html
603296,华勤技术,华勤技术:华勤技术关于调整公司2026年限制性股票激励计划相关事项的公告,股权激励进展公告,2026-02-13,https://data.eastmoney.com/notices/detail/603296/AN202602121819901191.html
300751,迈为股份,迈为股份:独立董事候选人声明(刘跃华),独立董事候选人声明,2026-02-13,https://data.eastmoney.com/notices/detail/300751/AN202602121819901183.html
300751,迈为股份,迈为股份:独立董事候选人声明(赵徐),独立董事候选人声明,2026-02-13,https://data.eastmoney.com/notices/detail/300751/AN202602121819901178.html
300751,迈为股份,迈为股份:独立董事提名人声明(赵徐),独立董事提名人声明,2026-02-13,https://data.eastmoney.com/notices/detail/300751/AN202602121819901176.html
002492,恒基达鑫,恒基达鑫:关于公司控股股东进行股份质押式回购交易的公告,股份质押、冻结,2026-02-13,https://data.eastmoney.com/notices/detail/002492/AN202602121819901175.html
300751,迈为股份,迈为股份:董事、高级管理人员薪酬管理制度,管理办法/制度,2026-02-13,https://data.eastmoney.com/notices/detail/300751/AN202602121819901174.html
300876,蒙泰高新,蒙泰高新:关于股东减持计划实施完成的公告,股东/实际控制人股份减持,2026-02-13,https://data.eastmoney.com/notices/detail/300876/AN202602121819901179.html
300751,迈为股份,迈为股份:独立董事提名人声明(袁宁一),独立董事提名人声明,2026-02-13,https://data.eastmoney.com/notices/detail/300751/AN202602121819901184.html
300770,新媒股份,新媒股份:关于完成注册资本变更登记并换发营业执照的公告,公司注册资本变更,2026-02-13,https://data.eastmoney.com/notices/detail/300770/AN202602121819901171.html
300751,迈为股份,迈为股份:独立董事提名人声明(刘跃华),独立董事提名人声明,2026-02-13,https://data.eastmoney.com/notices/detail/300751/AN202602121819901172.html
300751,迈为股份,迈为股份:公司章程(2026年2月),公司章程,2026-02-13,https://data.eastmoney.com/notices/detail/300751/AN202602121819901177.html
300751,迈为股份,迈为股份:独立董事候选人声明(袁宁一),独立董事候选人声明,2026-02-13,https://data.eastmoney.com/notices/detail/300751/AN202602121819901182.html
300751,迈为股份,迈为股份:关于变更公司注册资本及修订《公司章程》的公告,公司注册资本变更,2026-02-13,https://data.eastmoney.com/notices/detail/300751/AN202602121819901173.html
600927,永安期货,永安期货:永安期货股份有限公司第四届董事会第十九次会议决议公告,董事会决议公告,2026-02-13,https://data.eastmoney.com/notices/detail/600927/AN202602121819901163.html
605488,福莱新材,福莱新材:北京君合(杭州)律师事务所关于浙江福莱新材料股份有限公司可转换公司债券回售之法律意见书,其他,2026-02-13,https://data.eastmoney.com/notices/detail/605488/AN202602121819901148.html
605488,福莱新材,福莱新材:申万宏源证券承销保荐有限责任公司关于浙江福莱新材料股份有限公司可转换公司债券回售有关事项的核查意见,保荐/核查意见,2026-02-13,https://data.eastmoney.com/notices/detail/605488/AN202602121819901150.html
605488,福莱新材,福莱新材:福莱新材关于“福新转债”可选择回售的公告,其他,2026-02-13,https://data.eastmoney.com/notices/detail/605488/AN202602121819901149.html
002762,金发拉比,*ST金比:关于公司股票可能被终止上市的风险提示公告,终止上市风险提示,2026-02-13,https://data.eastmoney.com/notices/detail/002762/AN202602121819901121.html
002378,章源钨业,章源钨业:股票交易异常波动公告,股票交易异常波动,2026-02-13,https://data.eastmoney.com/notices/detail/002378/AN202602121819901122.html
002119,康强电子,康强电子:2025年员工持股计划第一次持有人会议决议公告,员工持股计划,2026-02-13,https://data.eastmoney.com/notices/detail/002119/AN202602121819901123.html
002731,*ST萃华,ST萃华:股票交易异常波动公告,股票交易异常波动,2026-02-13,https://data.eastmoney.com/notices/detail/002731/AN202602121819901124.html
002475,立讯精密,立讯精密:关于部分股票期权注销完成的公告,股权激励进展公告,2026-02-13,https://data.eastmoney.com/notices/detail/002475/AN202602121819901120.html
600874,创业环保,创业环保:创业环保第十届董事会第四次会议决议公告,董事会决议公告,2026-02-13,https://data.eastmoney.com/notices/detail/600874/AN202602121819901043.html
688177,百奥泰,百奥泰:百奥泰关于Gotenfia(戈利木单抗注射液)获欧洲EMA上市批准的公告,其他,2026-02-13,https://data.eastmoney.com/notices/detail/688177/AN202602121819901065.html
000913,钱江摩托,钱江摩托:关于回购注销部分限制性股票减少注册资本暨通知债权人的公告,公司注册资本变更,2026-02-13,https://data.eastmoney.com/notices/detail/000913/AN202602121819901044.html
000913,钱江摩托,钱江摩托:关于2026年度日常关联交易预计的公告,关联交易,2026-02-13,https://data.eastmoney.com/notices/detail/000913/AN202602121819901048.html
000913,钱江摩托,钱江摩托:第九届董事会第十三次会议决议公告,董事会决议公告,2026-02-13,https://data.eastmoney.com/notices/detail/000913/AN202602121819901045.html
000913,钱江摩托,钱江摩托:董事和高级管理人员薪酬管理制度(2026年2月),管理办法/制度,2026-02-13,https://data.eastmoney.com/notices/detail/000913/AN202602121819901046.html
000913,钱江摩托,钱江摩托:浙江钱江摩托股份有限公司关于召开2026年第一次临时股东会的通知,召开股东大会通知,2026-02-13,https://data.eastmoney.com/notices/detail/000913/AN202602121819901047.html
000913,钱江摩托,钱江摩托:九届八次审计委员会决议,董事会决议公告,2026-02-13,https://data.eastmoney.com/notices/detail/000913/AN202602121819901039.html
000913,钱江摩托,钱江摩托:第九届董事会独立董事第五次专门会议审查意见,专项说明/独立意见,2026-02-13,https://data.eastmoney.com/notices/detail/000913/AN202602121819901040.html
000913,钱江摩托,钱江摩托:关于调整限制性股票回购价格并回购注销部分限制性股票的公告,回购方案修订,2026-02-13,https://data.eastmoney.com/notices/detail/000913/AN202602121819901037.html
000913,钱江摩托,钱江摩托:浙江钱江摩托股份有限公司章程(2026年2月),公司章程,2026-02-13,https://data.eastmoney.com/notices/detail/000913/AN202602121819901042.html
000913,钱江摩托,钱江摩托:浙江钱江摩托股份有限公司章程修订对照表(2026年2月),公司章程修订,2026-02-13,https://data.eastmoney.com/notices/detail/000913/AN202602121819901038.html
000913,钱江摩托,钱江摩托:北京市竞天公诚律师事务所关于浙江钱江摩托股份有限公司2022年限制性股票激励计划调整回购价格并回购注销部分限制性股票的法律意见书20260212,法律意见书,2026-02-13,https://data.eastmoney.com/notices/detail/000913/AN202602121819901041.html
603002,宏昌电子,宏昌电子:宏昌电子关于为全资孙公司珠海宏仁向银行申请融资额度提供担保的进展公告,提供/对外担保公告,2026-02-13,https://data.eastmoney.com/notices/detail/603002/AN202602121819901018.html
600397,江钨装备,江钨装备:江钨控股、江投集团关于对江钨装备股票交易异常波动情况核查的回复函,股票交易异常波动,2026-02-13,https://data.eastmoney.com/notices/detail/600397/AN202602121819901014.html
600397,江钨装备,江钨装备:江西江钨稀贵装备股份有限公司股票交易异常波动公告,股票交易异常波动,2026-02-13,https://data.eastmoney.com/notices/detail/600397/AN202602121819901011.html
688655,迅捷兴,迅捷兴:2026年第一次临时股东会会议资料,股东大会资料,2026-02-13,https://data.eastmoney.com/notices/detail/688655/AN202602121819901009.html
002666,德联集团,德联集团:关于公司为子公司提供担保的进展公告,提供/对外担保公告,2026-02-13,https://data.eastmoney.com/notices/detail/002666/AN202602121819900992.html
002221,东华能源,东华能源:第七届董事会第十次会议决议公告,董事会决议公告,2026-02-13,https://data.eastmoney.com/notices/detail/002221/AN202602121819900990.html
002675,东诚药业,东诚药业:关于为下属公司提供担保的进展公告,提供/对外担保公告,2026-02-13,https://data.eastmoney.com/notices/detail/002675/AN202602121819900995.html
300022,吉峰科技,吉峰科技:关于召开2026年第二次临时股东会的通知,召开股东大会通知,2026-02-13,https://data.eastmoney.com/notices/detail/300022/AN202602121819900993.html
002221,东华能源,东华能源:东华能源股份有限公司关于召开2026年第二次临时股东会的通知,召开股东大会通知,2026-02-13,https://data.eastmoney.com/notices/detail/002221/AN202602121819900994.html
300022,吉峰科技,吉峰科技:第六届董事会第四十次会议决议公告,董事会决议公告,2026-02-13,https://data.eastmoney.com/notices/detail/300022/AN202602121819900996.html
002221,东华能源,东华能源:关于为马森能源提供担保暨关联交易的公告,提供/对外担保公告,2026-02-13,https://data.eastmoney.com/notices/detail/002221/AN202602121819900991.html
688659,元琛科技,元琛科技:独立董事提名人声明与承诺(罗守生),独立董事提名人声明,2026-02-13,https://data.eastmoney.com/notices/detail/688659/AN202602121819900752.html
688659,元琛科技,元琛科技:独立董事提名人声明与承诺(杨利成),独立董事提名人声明,2026-02-13,https://data.eastmoney.com/notices/detail/688659/AN202602121819900750.html
688659,元琛科技,元琛科技:独立董事候选人声明与承诺(杨利成),独立董事候选人声明,2026-02-13,https://data.eastmoney.com/notices/detail/688659/AN202602121819900758.html
688659,元琛科技,元琛科技:独立董事候选人声明与承诺(罗守生),独立董事候选人声明,2026-02-13,https://data.eastmoney.com/notices/detail/688659/AN202602121819900753.html
688659,元琛科技,元琛科技:关于董事会换届选举的公告,高管人员任职变动,2026-02-13,https://data.eastmoney.com/notices/detail/688659/AN202602121819900755.html
688659,元琛科技,元琛科技:董事会提名委员会关于第四届董事会董事候选人任职资格的审核意见,专项说明/独立意见,2026-02-13,https://data.eastmoney.com/notices/detail/688659/AN202602121819900754.html
688659,元琛科技,元琛科技:2026年第一次临时股东会通知,召开股东大会通知,2026-02-13,https://data.eastmoney.com/notices/detail/688659/AN202602121819900757.html
688659,元琛科技,元琛科技:独立董事提名人声明与承诺(赵小丽),独立董事提名人声明,2026-02-13,https://data.eastmoney.com/notices/detail/688659/AN202602121819900751.html
688659,元琛科技,元琛科技:独立董事候选人声明与承诺(赵小丽),独立董事候选人声明,2026-02-13,https://data.eastmoney.com/notices/detail/688659/AN202602121819900756.html
688737,中自科技,中自科技:中自科技股份有限公司董事减持股份结果公告,股东/实际控制人股份减持,2026-02-13,https://data.eastmoney.com/notices/detail/688737/AN202602121819900672.html
600243,*ST海华,*ST海华:青海华鼎关于公司股票可能被终止上市的第二次风险提示性公告,终止上市风险提示,2026-02-13,https://data.eastmoney.com/notices/detail/600243/AN202602121819900586.html
603859,能科科技,能科科技:关于能科科技股份有限公司向特定对象发行股票申请文件的审核问询函的回复,回复问询函公告,2026-02-13,https://data.eastmoney.com/notices/detail/603859/AN202602121819900562.html
603859,能科科技,能科科技:关于向特定对象发行股票申请文件的审核问询函回复的提示性公告,回复问询函公告,2026-02-13,https://data.eastmoney.com/notices/detail/603859/AN202602121819900563.html
603859,能科科技,能科科技:天圆全会计师事务所(特殊普通合伙)关于能科科技股份有限公司向特定对象发行股票申请文件的审核问询函的回复,会计师事务所问询函回复公告,2026-02-13,https://data.eastmoney.com/notices/detail/603859/AN202602121819900561.html
603859,能科科技,能科科技:北京德恒律师事务所关于能科科技股份有限公司2025年度向特定对象发行A股股票的补充法律意见书(一),法律意见书,2026-02-13,https://data.eastmoney.com/notices/detail/603859/AN202602121819900550.html
002285,世联行,世联行:关于对深圳市世联小额贷款有限公司减资的公告,借贷,2026-02-13,https://data.eastmoney.com/notices/detail/002285/AN202602121819900542.html
002285,世联行,世联行:第六届董事会第二十七次会议决议公告,董事会决议公告,2026-02-13,https://data.eastmoney.com/notices/detail/002285/AN202602121819900543.html
601878,浙商证券,浙商证券:浙商证券股份有限公司2025年度第四期短期融资券兑付完成公告,其他,2026-02-13,https://data.eastmoney.com/notices/detail/601878/AN202602121819900526.html
600941,中国移动,中国移动:关于执行董事兼首席执行官辞任的公告,高管人员任职变动,2026-02-13,https://data.eastmoney.com/notices/detail/600941/AN202602121819900488.html
601818,光大银行,光大银行:中国光大银行股份有限公司H股公告(翌日披露报表),其他,2026-02-13,https://data.eastmoney.com/notices/detail/601818/AN202602121819900440.html
002568,百润股份,百润股份:公司章程(2026年2月),公司章程,2026-02-13,https://data.eastmoney.com/notices/detail/002568/AN202602121819900449.html
002568,百润股份,百润股份:关于召开2026年第一次临时股东会的通知,召开股东大会通知,2026-02-13,https://data.eastmoney.com/notices/detail/002568/AN202602121819900453.html
002568,百润股份,百润股份:关于董事会提议向下修正百润转债转股价格的公告,其他,2026-02-13,https://data.eastmoney.com/notices/detail/002568/AN202602121819900448.html
002568,百润股份,百润股份:关于债券持有人可转债持有比例变动达10%的公告,其他,2026-02-13,https://data.eastmoney.com/notices/detail/002568/AN202602121819900456.html
002568,百润股份,百润股份:公司章程修正案(2026年2月),公司章程修订,2026-02-13,https://data.eastmoney.com/notices/detail/002568/AN202602121819900455.html
002568,百润股份,百润股份:第六届董事会第七次会议决议公告,董事会决议公告,2026-02-13,https://data.eastmoney.com/notices/detail/002568/AN202602121819900457.html
002568,百润股份,百润股份:关于股东股份质押变动的公告,股份质押、冻结,2026-02-13,https://data.eastmoney.com/notices/detail/002568/AN202602121819900451.html
002568,百润股份,百润股份:关于变更回购股份用途并注销暨减少公司注册资本的公告,公司注册资本变更,2026-02-13,https://data.eastmoney.com/notices/detail/002568/AN202602121819900454.html
002019,亿帆医药,亿帆医药:关于控股股东部分股份质押展期的公告,股份质押、冻结,2026-02-13,https://data.eastmoney.com/notices/detail/002019/AN202602121819900452.html
601818,光大银行,光大银行:中国光大银行股份有限公司关于第三期优先股全部赎回及摘牌完成的公告,其他,2026-02-13,https://data.eastmoney.com/notices/detail/601818/AN202602121819900376.html
002559,亚威股份,亚威股份:关于江苏亚威机床股份有限公司2025年度向特定对象发行股票并在主板上市申请文件的审核问询函的回复,回复问询函公告,2026-02-13,https://data.eastmoney.com/notices/detail/002559/AN202602121819900358.html
002559,亚威股份,亚威股份:2025年度向特定对象发行股票并在主板上市募集说明书(修订稿),增发方案修订,2026-02-13,https://data.eastmoney.com/notices/detail/002559/AN202602121819900348.html
002634,*ST棒杰,棒杰股份:关于召开2026年第一次临时股东会的通知,召开股东大会通知,2026-02-13,https://data.eastmoney.com/notices/detail/002634/AN202602121819900356.html
002559,亚威股份,亚威股份:关于2025年度向特定对象发行A股股票预案(修订稿)披露的提示性公告,增发提示性公告,2026-02-13,https://data.eastmoney.com/notices/detail/002559/AN202602121819900354.html
002559,亚威股份,亚威股份:关于江苏亚威机床股份有限公司向特定对象发行股票并在主板上市之发行保荐书,发行保荐书,2026-02-13,https://data.eastmoney.com/notices/detail/002559/AN202602121819900349.html
002634,*ST棒杰,棒杰股份:第六届董事会第二十四次会议决议公告,董事会决议公告,2026-02-13,https://data.eastmoney.com/notices/detail/002634/AN202602121819900347.html
002634,*ST棒杰,棒杰股份:关于拟签署《调解协议》暨重大诉讼进展的公告,签订协议,2026-02-13,https://data.eastmoney.com/notices/detail/002634/AN202602121819900355.html
002559,亚威股份,亚威股份:关于江苏亚威机床股份有限公司2025年度向特定对象发行股票并在主板上市之上市保荐书,上市保荐书,2026-02-13,https://data.eastmoney.com/notices/detail/002559/AN202602121819900351.html
002431,ST棕榈,棕榈股份:关于注销部分已回购股份减少注册资本暨通知债权人的公告,公司注册资本变更,2026-02-13,https://data.eastmoney.com/notices/detail/002431/AN202602121819900353.html
002559,亚威股份,亚威股份:2025年度向特定对象发行A股股票预案(修订稿),增发方案修订,2026-02-13,https://data.eastmoney.com/notices/detail/002559/AN202602121819900350.html
002559,亚威股份,亚威股份:关于2025年度向特定对象发行A股股票预案修订情况说明的公告,增发方案修订,2026-02-13,https://data.eastmoney.com/notices/detail/002559/AN202602121819900357.html
002559,亚威股份,亚威股份:北京国枫律师事务所关于江苏亚威机床股份有限公司申请向特定对象发行股票的补充法律意见书之三,法律意见书,2026-02-13,https://data.eastmoney.com/notices/detail/002559/AN202602121819900352.html
300266,兴源环境,兴源环境:第六届董事会第十七次会议决议公告,董事会决议公告,2026-02-13,https://data.eastmoney.com/notices/detail/300266/AN202602121819900280.html
002342,巨力索具,巨力索具:关于实际控制人股份质押的公告,股份质押、冻结,2026-02-13,https://data.eastmoney.com/notices/detail/002342/AN202602121819900284.html
300266,兴源环境,兴源环境:关于召开2026年第二次临时股东会的通知,召开股东大会通知,2026-02-13,https://data.eastmoney.com/notices/detail/300266/AN202602121819900281.html
300266,兴源环境,兴源环境:关于公司重大诉讼的进展公告,诉讼仲裁,2026-02-13,https://data.eastmoney.com/notices/detail/300266/AN202602121819900283.html
000638,*ST万方,*ST万方:关于股票交易风险提示性公告,风险提示性公告,2026-02-13,https://data.eastmoney.com/notices/detail/000638/AN202602121819900279.html
300266,兴源环境,兴源环境:关于公司对2026年度流动资金贷款担保额度进行预计的公告,担保年度额度预计,2026-02-13,https://data.eastmoney.com/notices/detail/300266/AN202602121819900282.html
600050,中国联通,中国联通:中国联合网络通信股份有限公司关于公司高级副总裁辞任的公告,高管人员任职变动,2026-02-13,https://data.eastmoney.com/notices/detail/600050/AN202602121819900271.html
600498,烽火通信,烽火通信:烽火通信科技股份有限公司关于部分董事、高级管理人员股份减持计划提前终止暨减持股份结果的公告,高管人员持股变动,2026-02-13,https://data.eastmoney.com/notices/detail/600498/AN202602121819900259.html
603586,金麒麟,金麒麟:山东金麒麟股份有限公司2026年第一次临时股东会会议资料,股东大会资料,2026-02-13,https://data.eastmoney.com/notices/detail/603586/AN202602121819900256.html
603284,林平发展,林平发展:安徽林平循环发展股份有限公司关于签订募集资金专户存储三方监管协议的公告,签订协议,2026-02-13,https://data.eastmoney.com/notices/detail/603284/AN202602121819900233.html
688347,华虹宏力,华虹公司:港股公告:二零二五年第四季度业绩公布,其他,2026-02-13,https://data.eastmoney.com/notices/detail/688347/AN202602121819900199.html
600196,复星医药,复星医药:复星医药关于控股子公司药品获临床试验批准的公告,其他,2026-02-13,https://data.eastmoney.com/notices/detail/600196/AN202602121819900144.html
002108,沧州明珠,沧州明珠:沧州明珠塑料股份有限公司独立董事候选人声明与承诺(边泓),独立董事候选人声明,2026-02-13,https://data.eastmoney.com/notices/detail/002108/AN202602121819900152.html
002108,沧州明珠,沧州明珠:独立董事候选人关于参加独立董事培训的承诺函,其他,2026-02-13,https://data.eastmoney.com/notices/detail/002108/AN202602121819900165.html
002108,沧州明珠,沧州明珠:沧州明珠关于部分董事辞职及补选董事的公告,高管人员任职变动,2026-02-13,https://data.eastmoney.com/notices/detail/002108/AN202602121819900157.html
002203,海亮股份,海亮股份:第九届董事会第八次会议决议公告,董事会决议公告,2026-02-13,https://data.eastmoney.com/notices/detail/002203/AN202602121819900155.html
002108,沧州明珠,沧州明珠:沧州明珠塑料股份有限公司独立董事提名人声明与承诺(陈耀东),独立董事提名人声明,2026-02-13,https://data.eastmoney.com/notices/detail/002108/AN202602121819900160.html
002108,沧州明珠,沧州明珠:沧州明珠塑料股份有限公司独立董事提名人声明与承诺(边泓),独立董事提名人声明,2026-02-13,https://data.eastmoney.com/notices/detail/002108/AN202602121819900149.html
002203,海亮股份,海亮股份:浙江海亮股份有限公司关于召开2026年第二次临时股东会的通知,召开股东大会通知,2026-02-13,https://data.eastmoney.com/notices/detail/002203/AN202602121819900147.html
002108,沧州明珠,沧州明珠:沧州明珠塑料股份有限公司独立董事候选人声明与承诺(陈耀东),独立董事候选人声明,2026-02-13,https://data.eastmoney.com/notices/detail/002108/AN202602121819900162.html
002895,川恒股份,川恒股份:2026年度为子公司提供担保的进展公告(二),提供/对外担保公告,2026-02-13,https://data.eastmoney.com/notices/detail/002895/AN202602121819900167.html
002203,海亮股份,海亮股份:关于2026年度开展商品期货套期保值业务的公告,其他,2026-02-13,https://data.eastmoney.com/notices/detail/002203/AN202602121819900158.html
002108,沧州明珠,沧州明珠:沧州明珠第九届董事会第八次(临时)会议决议公告,高管人员任职变动,2026-02-13,https://data.eastmoney.com/notices/detail/002108/AN202602121819900159.html
002108,沧州明珠,沧州明珠:沧州明珠塑料股份有限公司关于召开2026年第二次临时股东会的通知,召开股东大会通知,2026-02-13,https://data.eastmoney.com/notices/detail/002108/AN202602121819900166.html
002290,禾盛新材,禾盛新材:关于2025年度拟计提资产减值准备的提示性公告,其他,2026-02-13,https://data.eastmoney.com/notices/detail/002290/AN202602121819900154.html
600178,东安动力,东安动力:哈尔滨东安汽车动力股份有限公司关于公司高级管理人员离任的公告,高管人员任职变动,2026-02-13,https://data.eastmoney.com/notices/detail/600178/AN202602121819900122.html
600985,淮北矿业,淮北矿业:淮北矿业控股股份有限公司关于部分高级管理人员离任的公告,高管人员任职变动,2026-02-13,https://data.eastmoney.com/notices/detail/600985/AN202602121819900127.html
601555,东吴证券,东吴证券:东吴证券股份有限公司关于向香港子公司增资事项获得中国证监会复函的公告,增资扩股,2026-02-13,https://data.eastmoney.com/notices/detail/601555/AN202602121819900123.html
605117,德业股份,德业股份:与私募基金合作投资事项进展公告,对外项目投资,2026-02-13,https://data.eastmoney.com/notices/detail/605117/AN202602121819900126.html
600985,淮北矿业,淮北矿业:淮北矿业控股股份有限公司估值提升计划,其他,2026-02-13,https://data.eastmoney.com/notices/detail/600985/AN202602121819900125.html
600178,东安动力,东安动力:哈尔滨东安汽车动力股份有限公司关于获得政府补助的公告(二),获得补贴（资助）,2026-02-13,https://data.eastmoney.com/notices/detail/600178/AN202602121819900124.html
603666,亿嘉和,亿嘉和:亿嘉和科技股份有限公司关于通过高新技术企业重新认定的公告,获得认证,2026-02-13,https://data.eastmoney.com/notices/detail/603666/AN202602121819900067.html
600592,龙溪股份,龙溪股份:福建龙溪轴承(集团)股份有限公司关于年审会计师事务所变更质量控制复核人的公告(2026-003),公司关联方基本资料变更,2026-02-13,https://data.eastmoney.com/notices/detail/600592/AN202602121819900049.html
605389,长龄液压,长龄液压:国联民生证券承销保荐有限公司关于无锡核芯破浪科技合伙企业(有限合伙)要约收购江苏长龄液压股份有限公司之独立财务顾问报告,保荐/核查意见,2026-02-13,https://data.eastmoney.com/notices/detail/605389/AN202602121819900027.html
605389,长龄液压,长龄液压:江苏长龄液压股份有限公司董事会关于无锡核芯破浪科技合伙企业(有限合伙)要约收购事宜致全体股东的报告书,要约收购报告书,2026-02-13,https://data.eastmoney.com/notices/detail/605389/AN202602121819900026.html
600226,亨通股份,亨通股份:浙江亨通控股股份有限公司关于为全资子公司提供担保的进展公告,提供/对外担保公告,2026-02-13,https://data.eastmoney.com/notices/detail/600226/AN202602121819900028.html
605389,长龄液压,长龄液压:江苏长龄液压股份有限公司关于无锡核芯破浪科技合伙企业(有限合伙)要约收购公司股份的第一次提示性公告,要约收购报告书,2026-02-13,https://data.eastmoney.com/notices/detail/605389/AN202602121819900025.html
605389,长龄液压,长龄液压:江苏长龄液压股份有限公司第三届董事会第八次会议决议公告,董事会决议公告,2026-02-13,https://data.eastmoney.com/notices/detail/605389/AN202602121819900024.html
688799,华纳药厂,华纳药厂:自愿披露关于公司参与国家组织集采药品协议期满品种接续采购拟中选的公告,其他,2026-02-13,https://data.eastmoney.com/notices/detail/688799/AN202602121819900016.html
600133,东湖高新,东湖高新:关于向合营公司武汉东新阳智科技发展有限公司提供财务资助的公告,获得补贴（资助）,2026-02-13,https://data.eastmoney.com/notices/detail/600133/AN202602121819899997.html
600133,东湖高新,东湖高新:关于放弃工控东高基金份额的优先购买权及延长基金投资期并修改合伙协议的公告,其他,2026-02-13,https://data.eastmoney.com/notices/detail/600133/AN202602121819899996.html
600133,东湖高新,东湖高新:关于修改基金合伙协议暨关联交易的公告,关联交易,2026-02-13,https://data.eastmoney.com/notices/detail/600133/AN202602121819899998.html
600133,东湖高新,东湖高新:第十届董事会第二十六次会议决议公告,董事会决议公告,2026-02-13,https://data.eastmoney.com/notices/detail/600133/AN202602121819899994.html
600133,东湖高新,东湖高新:武汉东湖高新集团股份有限公司募集资金管理制度,管理办法/制度,2026-02-13,https://data.eastmoney.com/notices/detail/600133/AN202602121819899995.html
601666,平煤股份,平煤股份:平煤股份关于变更签字会计师的公告,公司关联方基本资料变更,2026-02-13,https://data.eastmoney.com/notices/detail/601666/AN202602121819899973.html
603806,福斯特,福斯特:关于归还临时补充流动资金的募集资金的公告,归还募集资金,2026-02-13,https://data.eastmoney.com/notices/detail/603806/AN202602121819899960.html
601198,东兴证券,东兴证券:东兴证券股份有限公司2025年度第五期短期融资券兑付完成的公告,其他,2026-02-13,https://data.eastmoney.com/notices/detail/601198/AN202602121819899950.html
600589,大位科技,大位科技:关于对《大位数据科技(广东)集团股份有限公司股票交易异常波动问询函》的复函--吴境,回复问询函公告,2026-02-13,https://data.eastmoney.com/notices/detail/600589/AN202602121819899917.html
600589,大位科技,大位科技:关于公司股票交易异常波动的公告,股票交易异常波动,2026-02-13,https://data.eastmoney.com/notices/detail/600589/AN202602121819899919.html
600589,大位科技,大位科技:关于对《大位数据科技(广东)集团股份有限公司股票交易异常波动问询函》的复函--城市智算,回复问询函公告,2026-02-13,https://data.eastmoney.com/notices/detail/600589/AN202602121819899918.html
603139,康惠股份,康惠股份:康惠股份关于控股股东部分股份质押的公告,股份质押、冻结,2026-02-13,https://data.eastmoney.com/notices/detail/603139/AN202602121819899909.html
003032,传智教育,*ST传智:股票可能被终止上市的风险提示公告,终止上市风险提示,2026-02-13,https://data.eastmoney.com/notices/detail/003032/AN202602121819899905.html
000919,金陵药业,金陵药业:金陵药业股份有限公司关于子公司补缴税款的公告,其他,2026-02-13,https://data.eastmoney.com/notices/detail/000919/AN202602121819899908.html
000402,金融街,金融街:第十届董事会第四十六次会议决议公告,高管人员任职变动,2026-02-13,https://data.eastmoney.com/notices/detail/000402/AN202602121819899907.html
000402,金融街,金融街:关于公司高级管理人员简历的公告,高管人员任职变动,2026-02-13,https://data.eastmoney.com/notices/detail/000402/AN202602121819899906.html
300483,首华燃气,首华燃气:关于提前赎回首华转债的第七次提示性公告,其他,2026-02-13,https://data.eastmoney.com/notices/detail/300483/AN202602121819899904.html
601618,中国中冶,中国中冶:中国中冶2026年1月新签合同情况简报,月度经营情况,2026-02-13,https://data.eastmoney.com/notices/detail/601618/AN202602121819899883.html
600135,乐凯胶片,乐凯胶片:乐凯胶片股份有限公司关于子公司使用募集资金临时补充流动资金部分提前归还的公告,募集资金补充流动资金,2026-02-13,https://data.eastmoney.com/notices/detail/600135/AN202602121819899884.html
601033,永兴股份,永兴股份:永兴股份第二届董事会第三次会议决议公告,董事会决议公告,2026-02-13,https://data.eastmoney.com/notices/detail/601033/AN202602121819899819.html
601898,中煤能源,中煤能源:中国中煤能源股份有限公司2026年1月份主要生产经营数据公告,月度经营情况,2026-02-13,https://data.eastmoney.com/notices/detail/601898/AN202602121819899749.html
601033,永兴股份,永兴股份:永兴股份信用类债券信息披露事务管理制度,管理办法/制度,2026-02-13,https://data.eastmoney.com/notices/detail/601033/AN202602121819899816.html
600764,中国海防,中国海防:独立董事候选人声明与承诺-夏鹏,独立董事候选人声明,2026-02-13,https://data.eastmoney.com/notices/detail/600764/AN202602121819899817.html
601033,永兴股份,永兴股份:永兴股份关于2026年度日常关联交易预计的公告,关联交易,2026-02-13,https://data.eastmoney.com/notices/detail/601033/AN202602121819899814.html
600764,中国海防,中国海防:独立董事提名人声明与承诺-李成林,独立董事提名人声明,2026-02-13,https://data.eastmoney.com/notices/detail/600764/AN202602121819899822.html
600764,中国海防,中国海防:董事会薪酬与考核委员会关于第九届董事会第四十一次会议相关事项的审核意见,专项说明/独立意见,2026-02-13,https://data.eastmoney.com/notices/detail/600764/AN202602121819899823.html
600764,中国海防,中国海防:独立董事提名人声明与承诺-夏鹏,独立董事提名人声明,2026-02-13,https://data.eastmoney.com/notices/detail/600764/AN202602121819899821.html
601033,永兴股份,永兴股份:中信证券股份有限公司关于广州环投永兴集团股份有限公司2026年度日常关联交易预计的核查意见,保荐/核查意见,2026-02-13,https://data.eastmoney.com/notices/detail/601033/AN202602121819899813.html
600764,中国海防,中国海防:独立董事候选人声明与承诺-李成林,独立董事候选人声明,2026-02-13,https://data.eastmoney.com/notices/detail/600764/AN202602121819899811.html
600764,中国海防,中国海防:独立董事提名人声明与承诺-郑震捷,独立董事提名人声明,2026-02-13,https://data.eastmoney.com/notices/detail/600764/AN202602121819899815.html
600764,中国海防,中国海防:董事会提名委员会对被提名董事候选人资格初审意见,专项说明/独立意见,2026-02-13,https://data.eastmoney.com/notices/detail/600764/AN202602121819899818.html
600764,中国海防,中国海防:中国海防第九届董事会第四十一次会议决议公告,高管人员任职变动,2026-02-13,https://data.eastmoney.com/notices/detail/600764/AN202602121819899820.html
600764,中国海防,中国海防:独立董事候选人声明与承诺-郑震捷,独立董事候选人声明,2026-02-13,https://data.eastmoney.com/notices/detail/600764/AN202602121819899812.html
000692,惠天热电,惠天热电:关于租赁供热管线的公告,其他,2026-02-13,https://data.eastmoney.com/notices/detail/000692/AN202602121819899771.html
000692,惠天热电,惠天热电:关于控股子公司诉讼事项的进展公告,其他,2026-02-13,https://data.eastmoney.com/notices/detail/000692/AN202602121819899773.html
000692,惠天热电,惠天热电:第十届董事会2026年第三次临时会议决议公告,高管人员任职变动,2026-02-13,https://data.eastmoney.com/notices/detail/000692/AN202602121819899770.html
000692,惠天热电,惠天热电:关于副总经理辞职暨聘任高级管理人员的公告,高管人员任职变动,2026-02-13,https://data.eastmoney.com/notices/detail/000692/AN202602121819899772.html
603226,菲林格尔,菲林格尔:关于回复上海证券交易所对公司2025年度业绩预告相关事项的监管工作函的公告,其他,2026-02-13,https://data.eastmoney.com/notices/detail/603226/AN202602121819899748.html
603226,菲林格尔,菲林格尔:北京德皓国际会计师事务所(特殊普通合伙)关于《上海证券交易所对菲林格尔家居科技股份有限公司业绩预告相关事项的监管工作函》的回复,会计师事务所问询函回复公告,2026-02-13,https://data.eastmoney.com/notices/detail/603226/AN202602121819899747.html
600803,新奥股份,新奥股份:新奥股份关于2026年度预计担保的进展公告,提供/对外担保公告,2026-02-13,https://data.eastmoney.com/notices/detail/600803/AN202602121819899731.html
603538,美诺华,美诺华:宁波美诺华药业股份有限公司关于全资子公司参与国家组织集采药品协议期满品种接续采购拟中选的公告,其他,2026-02-13,https://data.eastmoney.com/notices/detail/603538/AN202602121819899719.html
601788,光大证券,光大证券:光大证券股份有限公司第七届董事会第十四次会议决议公告,高管人员任职变动,2026-02-13,https://data.eastmoney.com/notices/detail/601788/AN202602121819899700.html
601788,光大证券,光大证券:光大证券股份有限公司关于非公开发行公司债券获得上海证券交易所挂牌转让无异议函的公告,其他,2026-02-13,https://data.eastmoney.com/notices/detail/601788/AN202602121819899701.html
603112,华翔股份,华翔股份:控股股东减持股份结果公告,股东/实际控制人股份减持,2026-02-13,https://data.eastmoney.com/notices/detail/603112/AN202602121819899716.html
600469,风神股份,风神股份:风神轮胎股份有限公司关于签订募集资金专户存储三方监管协议的公告,签订协议,2026-02-13,https://data.eastmoney.com/notices/detail/600469/AN202602121819899717.html
002653,海思科,海思科:关于变更2025年度向特定对象发行A股股票项目保荐代表人的公告,增发预案,2026-02-13,https://data.eastmoney.com/notices/detail/002653/AN202602121819899710.html
301332,德尔玛,德尔玛:关于召开2026年第二次临时股东会的通知,召开股东大会通知,2026-02-13,https://data.eastmoney.com/notices/detail/301332/AN202602121819899714.html
301332,德尔玛,德尔玛:关于使用部分闲置自有资金进行委托理财及部分闲置募集资金进行现金管理的公告,委托（受托）事项,2026-02-13,https://data.eastmoney.com/notices/detail/301332/AN202602121819899711.html
301332,德尔玛,德尔玛:中国国际金融股份有限公司关于广东德尔玛科技股份有限公司使用部分闲置自有资金进行委托理财及部分闲置募集资金进行现金管理的核查意见,保荐/核查意见,2026-02-13,https://data.eastmoney.com/notices/detail/301332/AN202602121819899712.html
301332,德尔玛,德尔玛:第二届董事会第十六次会议决议公告,董事会决议公告,2026-02-13,https://data.eastmoney.com/notices/detail/301332/AN202602121819899713.html
688489,三未信安,三未信安:2026年第一次临时股东会会议资料,股东大会资料,2026-02-13,https://data.eastmoney.com/notices/detail/688489/AN202602121819899706.html
600488,津药药业,津药药业:津药药业股份有限公司关于公司及子公司产品拟中选国家组织集采药品协议期满品种接续采购的公告,其他,2026-02-13,https://data.eastmoney.com/notices/detail/600488/AN202602121819899702.html
600624,ST复华,ST复华:上海复旦复华科技股份有限公司关于涉及诉讼的进展公告,诉讼仲裁,2026-02-13,https://data.eastmoney.com/notices/detail/600624/AN202602121819899684.html
000029,深深房A,深深房Ａ:2026年第一次临时股东会会议材料,股东大会资料,2026-02-13,https://data.eastmoney.com/notices/detail/000029/AN202602121819899672.html
301538,骏鼎达,骏鼎达:关于公司与专业投资机构共同投资的进展公告,对外项目投资,2026-02-13,https://data.eastmoney.com/notices/detail/301538/AN202602121819899678.html
002709,天赐材料,天赐材料:关于完成工商变更登记及章程备案的公告,公司注册资本变更,2026-02-13,https://data.eastmoney.com/notices/detail/002709/AN202602121819899674.html
688619,罗普特,罗普特:罗普特科技集团股份有限公司关于股东一致行动协议到期不再续签的提示性公告,其他,2026-02-13,https://data.eastmoney.com/notices/detail/688619/AN202602121819899681.html
000029,深深房A,深深房Ａ:关于拟变更董事的公告,高管人员任职变动,2026-02-13,https://data.eastmoney.com/notices/detail/000029/AN202602121819899679.html
000029,深深房A,深深房Ａ:关于召开2026年第一次临时股东会的通知,召开股东大会通知,2026-02-13,https://data.eastmoney.com/notices/detail/000029/AN202602121819899677.html
000029,深深房A,深深房Ａ:第八届董事会第二十七次会议决议公告,高管人员任职变动,2026-02-13,https://data.eastmoney.com/notices/detail/000029/AN202602121819899676.html
000523,红棉股份,红棉股份:关于涉及诉讼的进展公告,诉讼仲裁,2026-02-13,https://data.eastmoney.com/notices/detail/000523/AN202602121819899671.html
601811,新华文轩,新华文轩:新华文轩关于召开2026年第一次临时股东会的通知,召开股东大会通知,2026-02-13,https://data.eastmoney.com/notices/detail/601811/AN202602121819899523.html
600475,华光环能,华光环能:无锡华光环保能源集团股份有限公司董事、高级管理人员薪酬管理制度(2026年2月),管理办法/制度,2026-02-13,https://data.eastmoney.com/notices/detail/600475/AN202602121819899522.html
600844,金煤科技,金煤科技:十一届十八次董事会决议公告,董事会决议公告,2026-02-13,https://data.eastmoney.com/notices/detail/600844/AN202602121819899516.html
600844,金煤科技,金煤科技:关于控股股东部分股份质押的公告,股份质押、冻结,2026-02-13,https://data.eastmoney.com/notices/detail/600844/AN202602121819899514.html
600844,金煤科技,金煤科技:关于为控股子公司提供担保的进展公告,提供/对外担保公告,2026-02-13,https://data.eastmoney.com/notices/detail/600844/AN202602121819899515.html
600844,金煤科技,金煤科技:关于召开2026年第一次临时股东会的通知,召开股东大会通知,2026-02-13,https://data.eastmoney.com/notices/detail/600844/AN202602121819899513.html
000713,国投丰乐,国投丰乐:关于召开2026年第一次临时股东会的通知,召开股东大会通知,2026-02-13,https://data.eastmoney.com/notices/detail/000713/AN202602121819899470.html
002830,名雕股份,名雕股份:关于股票交易异常波动公告,股票交易异常波动,2026-02-13,https://data.eastmoney.com/notices/detail/002830/AN202602121819899471.html
000713,国投丰乐,国投丰乐:关于变更注册资本暨修订《公司章程》的公告,公司注册资本变更,2026-02-13,https://data.eastmoney.com/notices/detail/000713/AN202602121819899472.html
000713,国投丰乐,国投丰乐:第七届董事会第十五次会议决议公告,董事会决议公告,2026-02-13,https://data.eastmoney.com/notices/detail/000713/AN202602121819899468.html
000713,国投丰乐,国投丰乐:公司章程,公司章程,2026-02-13,https://data.eastmoney.com/notices/detail/000713/AN202602121819899473.html
000713,国投丰乐,国投丰乐:关于控股子公司部分股权内部无偿划转的公告,其他,2026-02-13,https://data.eastmoney.com/notices/detail/000713/AN202602121819899474.html
002779,中坚科技,中坚科技:关于控股股东部分股份质押的公告,股份质押、冻结,2026-02-13,https://data.eastmoney.com/notices/detail/002779/AN202602121819899469.html
688579,地纬智能,山大地纬:地纬智能科技股份有限公司关于完成工商变更登记并取得营业执照的公告,证券简称变更,2026-02-13,https://data.eastmoney.com/notices/detail/688579/AN202602121819899457.html
688579,地纬智能,山大地纬:地纬智能科技股份有限公司关于证券简称变更实施公告,证券简称变更,2026-02-13,https://data.eastmoney.com/notices/detail/688579/AN202602121819899456.html
688260,昀冢科技,昀冢科技:关于控股子公司增资扩股并引入外部投资者的进展公告,增资扩股,2026-02-13,https://data.eastmoney.com/notices/detail/688260/AN202602121819899455.html
603321,梅轮电梯,梅轮电梯:浙江梅轮电梯股份有限公司关于使用暂时闲置募集资金进行现金管理的进展公告,募集资金使用进展情况,2026-02-13,https://data.eastmoney.com/notices/detail/603321/AN202602121819899449.html
600156,华升股份,华升股份:华升股份关于延期回复《关于湖南华升股份有限公司发行股份及支付现金购买资产并募集配套资金暨关联交易申请的审核问询函》的公告,变更募集资金投资项目,2026-02-13,https://data.eastmoney.com/notices/detail/600156/AN202602121819899446.html
688239,航宇科技,航宇科技:航宇科技关于“航宇转债”预计满足赎回条件的提示性公告,其他,2026-02-13,https://data.eastmoney.com/notices/detail/688239/AN202602121819899450.html
688560,明冠新材,明冠新材:明冠新材料股份有限公司2026年第一次临时股东会会议资料,股东大会资料,2026-02-13,https://data.eastmoney.com/notices/detail/688560/AN202602121819899447.html
688408,中信博,中信博:中信博2026年第一次临时股东会会议材料,股东大会资料,2026-02-13,https://data.eastmoney.com/notices/detail/688408/AN202602121819899445.html
603310,巍华新材,巍华新材:关于高级管理人员陈静华先生逝世的公告,高管人员任职变动,2026-02-13,https://data.eastmoney.com/notices/detail/603310/AN202602121819899436.html
002898,赛隆退,*ST赛隆:关于公司股票可能被终止上市的第二次风险提示公告,终止上市风险提示,2026-02-13,https://data.eastmoney.com/notices/detail/002898/AN202602121819899403.html
600963,岳阳林纸,岳阳林纸:岳阳林纸股份有限公司第九届董事会第二次会议决议公告,高管人员任职变动,2026-02-13,https://data.eastmoney.com/notices/detail/600963/AN202602121819899401.html
600963,岳阳林纸,岳阳林纸:岳阳林纸股份有限公司独立董事制度,管理办法/制度,2026-02-13,https://data.eastmoney.com/notices/detail/600963/AN202602121819899400.html
688589,力合微,力合微:东方金诚国际信用评估有限公司关于深圳市力合微电子股份有限公司2025年度业绩下滑的关注公告,其他,2026-02-13,https://data.eastmoney.com/notices/detail/688589/AN202602121819899399.html
600963,岳阳林纸,岳阳林纸:岳阳林纸股份有限公司环境、社会与治理(ESG)管理制度,管理办法/制度,2026-02-13,https://data.eastmoney.com/notices/detail/600963/AN202602121819899394.html
688667,菱电电控,菱电电控:长江证券承销保荐有限公司关于武汉菱电汽车电控系统股份有限公司终止重大资产重组事项相关主体买卖股票情况自查报告之核查意见,保荐/核查意见,2026-02-13,https://data.eastmoney.com/notices/detail/688667/AN202602121819899381.html
688667,菱电电控,菱电电控:菱电电控关于终止发行股份及支付现金购买资产事项相关主体买卖股票情况自查报告的公告,增发终止,2026-02-13,https://data.eastmoney.com/notices/detail/688667/AN202602121819899382.html
688667,菱电电控,菱电电控:北京市中伦文德律师事务所关于武汉菱电汽车电控系统股份有限公司终止重大资产重组事项相关主体买卖股票情况自查报告之核查意见,保荐/核查意见,2026-02-13,https://data.eastmoney.com/notices/detail/688667/AN202602121819899383.html
688571,杭华股份,杭华股份:杭华油墨股份有限公司2025年度业绩快报公告,业绩快报,2026-02-13,https://data.eastmoney.com/notices/detail/688571/AN202602121819899299.html
603324,盛剑科技,盛剑科技:盛剑科技关于变更公司总经理的公告,高管人员任职变动,2026-02-13,https://data.eastmoney.com/notices/detail/603324/AN202602121819899288.html
603324,盛剑科技,盛剑科技:盛剑科技第三届董事会第二十次会议决议公告,高管人员任职变动,2026-02-13,https://data.eastmoney.com/notices/detail/603324/AN202602121819899287.html
002758,浙农股份,浙农股份:关于实际控制人的一致行动人增持公司股份计划实施完成暨增持结果公告,股东/实际控制人股份增持,2026-02-13,https://data.eastmoney.com/notices/detail/002758/AN202602121819899278.html
003013,地铁设计,地铁设计:关于召开2026年第一次临时股东会的通知,召开股东大会通知,2026-02-13,https://data.eastmoney.com/notices/detail/003013/AN202602121819899282.html
000612,焦作万方,焦作万方:焦作万方铝业股份有限公司关于公司持股5%以上股东部分股份解除质押的公告,股份质押、冻结,2026-02-13,https://data.eastmoney.com/notices/detail/000612/AN202602121819899280.html
002758,浙农股份,浙农股份:浙江金道律师事务所关于浙农集团股份有限公司实际控制人之一致行动人增持公司股份的法律意见书,法律意见书,2026-02-13,https://data.eastmoney.com/notices/detail/002758/AN202602121819899279.html
003013,地铁设计,地铁设计:第三届董事会第十三次会议决议公告,高管人员任职变动,2026-02-13,https://data.eastmoney.com/notices/detail/003013/AN202602121819899281.html
003013,地铁设计,地铁设计:关于董事辞任及补选董事的公告,高管人员任职变动,2026-02-13,https://data.eastmoney.com/notices/detail/003013/AN202602121819899283.html
688197,首药控股,首药控股:首药控股(北京)股份有限公司关于核心技术人员退休离任的公告,高管人员任职变动,2026-02-13,https://data.eastmoney.com/notices/detail/688197/AN202602121819899254.html
002562,兄弟科技,兄弟科技:关于全资子公司再次通过高新技术企业认定的公告,其他,2026-02-13,https://data.eastmoney.com/notices/detail/002562/AN202602121819899252.html
600997,开滦股份,开滦股份:开滦能源化工股份有限公司关于为全资及控股子公司提供担保的公告,提供/对外担保公告,2026-02-13,https://data.eastmoney.com/notices/detail/600997/AN202602121819899241.html
600195,中牧股份,中牧股份:中牧实业股份有限公司关于召开2026年第二次临时股东会的通知,召开股东大会通知,2026-02-13,https://data.eastmoney.com/notices/detail/600195/AN202602121819899224.html
600015,华夏银行,华夏银行:华夏银行2025年度业绩快报公告,业绩快报,2026-02-13,https://data.eastmoney.com/notices/detail/600015/AN202602121819899221.html
600195,中牧股份,中牧股份:中牧实业股份有限公司第九届董事会2026年第二次临时会议决议公告,高管人员任职变动,2026-02-13,https://data.eastmoney.com/notices/detail/600195/AN202602121819899223.html
603890,春秋电子,春秋电子:关于回购股份注销不调整可转债转股价格的公告,其他,2026-02-13,https://data.eastmoney.com/notices/detail/603890/AN202602121819899222.html
600195,中牧股份,中牧股份:中牧实业股份有限公司关于公司董事离任的公告,高管人员任职变动,2026-02-13,https://data.eastmoney.com/notices/detail/600195/AN202602121819899225.html
600195,中牧股份,中牧股份:中牧实业股份有限公司关于拟处置公司持有的厦门金达威集团股份有限公司可转换公司债券的公告,其他,2026-02-13,https://data.eastmoney.com/notices/detail/600195/AN202602121819899220.html
600596,新安股份,新安股份:新安股份关于公司及控股子公司提供担保的进展公告,提供/对外担保公告,2026-02-13,https://data.eastmoney.com/notices/detail/600596/AN202602121819899219.html
300298,三诺生物,三诺生物:关于三诺转债回售的第八次提示性公告,其他,2026-02-13,https://data.eastmoney.com/notices/detail/300298/AN202602121819899181.html
300797,钢研纳克,钢研纳克:关于第三届董事会第十二次会议决议的公告,高管人员任职变动,2026-02-13,https://data.eastmoney.com/notices/detail/300797/AN202602121819899183.html
301377,鼎泰高科,鼎泰高科:第二届董事会第十六次会议决议公告,董事会决议公告,2026-02-13,https://data.eastmoney.com/notices/detail/301377/AN202602121819899187.html
301377,鼎泰高科,鼎泰高科:关于为公司经销商提供担保额度预计的公告,提供/对外担保公告,2026-02-13,https://data.eastmoney.com/notices/detail/301377/AN202602121819899185.html
301377,鼎泰高科,鼎泰高科:关于召开2026年第一次临时股东会的通知,召开股东大会通知,2026-02-13,https://data.eastmoney.com/notices/detail/301377/AN202602121819899188.html
300767,震安科技,震安科技:震安科技股份有限公司关于召开2026年第一次临时股东会的通知(更正后),召开股东大会通知,2026-02-13,https://data.eastmoney.com/notices/detail/300767/AN202602121819899184.html
300797,钢研纳克,钢研纳克:关于补选第三届董事会审计委员会委员的公告,高管人员任职变动,2026-02-13,https://data.eastmoney.com/notices/detail/300797/AN202602121819899182.html
300767,震安科技,震安科技:震安科技股份有限公司关于召开2026年第一次临时股东会的通知的更正公告,股东大会通知更正公告,2026-02-13,https://data.eastmoney.com/notices/detail/300767/AN202602121819899186.html
603826,坤彩科技,坤彩科技:关于控股股东部分股份质押的进展公告,股份质押、冻结,2026-02-13,https://data.eastmoney.com/notices/detail/603826/AN202602121819899176.html
600141,兴发集团,兴发集团:湖北兴发化工集团股份有限公司关于实施“兴发转债”赎回暨摘牌的第七次提示性公告,其他,2026-02-13,https://data.eastmoney.com/notices/detail/600141/AN202602121819899160.html
002941,新疆交建,新疆交建:关于以公开挂牌方式转让参股公司股权的进展公告,股权转让,2026-02-13,https://data.eastmoney.com/notices/detail/002941/AN202602121819899155.html
301282,金禄电子,金禄电子:关于首次公开发行前已发行部分股份上市流通的提示性公告,限售股份上市流通,2026-02-13,https://data.eastmoney.com/notices/detail/301282/AN202602121819899156.html
603257,中国瑞林,中国瑞林:关于调整公司部分高级管理人员的公告,高管人员任职变动,2026-02-13,https://data.eastmoney.com/notices/detail/603257/AN202602121819899140.html
603257,中国瑞林,中国瑞林:第三届董事会第十一次会议决议公告,高管人员任职变动,2026-02-13,https://data.eastmoney.com/notices/detail/603257/AN202602121819899141.html
300341,麦克奥迪,麦克奥迪:关于2025年度拟计提资产减值准备的公告,其他,2026-02-13,https://data.eastmoney.com/notices/detail/300341/AN202602121819899111.html
300341,麦克奥迪,麦克奥迪:关于子公司提起诉讼的公告,其他,2026-02-13,https://data.eastmoney.com/notices/detail/300341/AN202602121819899110.html
688148,芳源股份,芳源股份:芳源股份关于不向下修正“芳源转债”转股价格的公告,其他,2026-02-13,https://data.eastmoney.com/notices/detail/688148/AN202602121819899102.html
600475,华光环能,华光环能:无锡华光环保能源集团股份有限公司2026年第一次临时股东会资料,股东大会资料,2026-02-13,https://data.eastmoney.com/notices/detail/600475/AN202602121819899095.html
688392,骄成超声,骄成超声:关于获得政府补助的公告,获得补贴（资助）,2026-02-13,https://data.eastmoney.com/notices/detail/688392/AN202602121819899094.html
002305,*ST南置,*ST南置:股票可能被终止上市的第二次风险提示公告,终止上市风险提示,2026-02-13,https://data.eastmoney.com/notices/detail/002305/AN202602121819899081.html
000688,国城矿业,国城矿业:关于对外担保的进展公告,提供/对外担保公告,2026-02-13,https://data.eastmoney.com/notices/detail/000688/AN202602121819899083.html
000700,模塑科技,模塑科技:关于控股股东部分股权解除质押和质押的公告,股份质押、冻结,2026-02-13,https://data.eastmoney.com/notices/detail/000700/AN202602121819899082.html
601698,中国卫通,中国卫通:中国卫通关于控股子公司亚太卫星控股有限公司公布盈利预警的提示性公告,其他,2026-02-13,https://data.eastmoney.com/notices/detail/601698/AN202602121819899073.html
000623,吉林敖东,吉林敖东:关于控股子公司获得中药配方颗粒上市备案凭证的自愿性信息披露公告,其他,2026-02-13,https://data.eastmoney.com/notices/detail/000623/AN202602121819899052.html
603262,技源集团,技源集团:技源集团股份有限公司关于拟注销和开立募集资金专户并签订三方监管协议的公告,签订协议,2026-02-13,https://data.eastmoney.com/notices/detail/603262/AN202602121819898999.html
002777,久远银海,久远银海:关于控股子公司减资完成工商变更登记的公告,公司关联方基本资料变更,2026-02-13,https://data.eastmoney.com/notices/detail/002777/AN202602121819898996.html
002122,ST汇洲,ST汇洲:关于董事辞职的公告,高管人员任职变动,2026-02-13,https://data.eastmoney.com/notices/detail/002122/AN202602121819898995.html
002198,ST嘉应,嘉应制药:关于员工持股计划非交易过户完成的公告,员工持股计划,2026-02-13,https://data.eastmoney.com/notices/detail/002198/AN202602121819898994.html
600256,广汇能源,广汇能源:广汇能源股份有限公司关于变更签字注册会计师的公告,公司关联方基本资料变更,2026-02-13,https://data.eastmoney.com/notices/detail/600256/AN202602121819898979.html
600819,耀皮玻璃,耀皮玻璃:第十一届董事会第十六次会议决议公告,董事会决议公告,2026-02-13,https://data.eastmoney.com/notices/detail/600819/AN202602121819898941.html
603053,成都燃气,成都燃气:成都燃气关于召开2026年第一次临时股东会的通知,召开股东大会通知,2026-02-13,https://data.eastmoney.com/notices/detail/603053/AN202602121819898967.html
603053,成都燃气,成都燃气:成都燃气集团股份有限公司董事会审计委员会议事规则(2026年修订版),议事规则/实施细则,2026-02-13,https://data.eastmoney.com/notices/detail/603053/AN202602121819898969.html
603053,成都燃气,成都燃气:成都燃气关于修订公司部分治理制度的公告,管理办法/制度,2026-02-13,https://data.eastmoney.com/notices/detail/603053/AN202602121819898965.html
603053,成都燃气,成都燃气:成都燃气关于公司变更第三届董事会非独立董事的公告,高管人员任职变动,2026-02-13,https://data.eastmoney.com/notices/detail/603053/AN202602121819898966.html
603053,成都燃气,成都燃气:成都燃气第三届董事会第十九次会议决议公告,高管人员任职变动,2026-02-13,https://data.eastmoney.com/notices/detail/603053/AN202602121819898968.html
603333,福华尚纬,尚纬股份:尚纬股份有限公司获得政府补助的公告,获得补贴（资助）,2026-02-13,https://data.eastmoney.com/notices/detail/603333/AN202602121819898958.html
688670,金迪克,金迪克:江苏金迪克生物技术股份有限公司2025年度业绩快报公告,业绩快报,2026-02-13,https://data.eastmoney.com/notices/detail/688670/AN202602121819898904.html
603818,曲美家居,曲美家居:2026年第一次临时股东会会议资料,股东大会资料,2026-02-13,https://data.eastmoney.com/notices/detail/603818/AN202602121819898891.html
603992,松霖科技,松霖科技:关于“松霖转债”可能满足赎回条件的提示性公告,其他,2026-02-13,https://data.eastmoney.com/notices/detail/603992/AN202602121819898889.html
300586,美联新材,美联新材:关于为参股公司提供担保暨关联交易的公告,提供/对外担保公告,2026-02-13,https://data.eastmoney.com/notices/detail/300586/AN202602121819898896.html
300586,美联新材,美联新材:关于召开2026年第二次临时股东会的通知,召开股东大会通知,2026-02-13,https://data.eastmoney.com/notices/detail/300586/AN202602121819898895.html
300586,美联新材,美联新材:第五届董事会第十一次会议决议公告,董事会决议公告,2026-02-13,https://data.eastmoney.com/notices/detail/300586/AN202602121819898893.html
601969,海南矿业,海南矿业:海南矿业股份有限公司2024年限制性股票激励计划预留授予登记完成的公告,股本变动,2026-02-13,https://data.eastmoney.com/notices/detail/601969/AN202602121819898890.html
605366,宏柏新材,宏柏新材:江西宏柏新材料股份有限公司关于使用闲置募集资金进行现金管理的进展公告,募集资金使用进展情况,2026-02-13,https://data.eastmoney.com/notices/detail/605366/AN202602121819898873.html
605366,宏柏新材,宏柏新材:江西宏柏新材料股份有限公司关于“宏柏转债”预计满足赎回条件的提示性公告,其他,2026-02-13,https://data.eastmoney.com/notices/detail/605366/AN202602121819898872.html
300482,万孚生物,万孚生物:关于部分募集资金投资项目变更并将剩余募集资金永久补充流动资金的公告,变更募集资金投资项目,2026-02-13,https://data.eastmoney.com/notices/detail/300482/AN202602121819898853.html
002798,帝欧水华,帝欧水华:东方金诚国际信用评估有限公司关于帝欧水华集团股份有限公司2025年度业绩预亏的关注公告,业绩预告,2026-02-13,https://data.eastmoney.com/notices/detail/002798/AN202602121819898857.html
300482,万孚生物,万孚生物:广州万孚生物技术股份有限公司关于召开2026年第三次临时股东会的通知,召开股东大会通知,2026-02-13,https://data.eastmoney.com/notices/detail/300482/AN202602121819898849.html
300482,万孚生物,万孚生物:第五届董事会第二十二次会议决议公告,董事会决议公告,2026-02-13,https://data.eastmoney.com/notices/detail/300482/AN202602121819898847.html
300482,万孚生物,万孚生物:华泰联合证券有限责任公司关于广州万孚生物技术股份有限公司部分募集资金投资项目变更并将剩余募集资金永久补充流动资金的核查意见,保荐/核查意见,2026-02-13,https://data.eastmoney.com/notices/detail/300482/AN202602121819898858.html
300473,德尔股份,德尔股份:关于使用募集资金向全资子公司增资(含出资)或借款以实施募投项目的公告,增资扩股,2026-02-13,https://data.eastmoney.com/notices/detail/300473/AN202602121819898844.html
300473,德尔股份,德尔股份:第五届董事会第十九次会议决议公告,董事会决议公告,2026-02-13,https://data.eastmoney.com/notices/detail/300473/AN202602121819898856.html
002667,*ST威领,威领股份:关于子公司减资完成换发营业执照的公告,公司注册资本变更,2026-02-13,https://data.eastmoney.com/notices/detail/002667/AN202602121819898848.html
300473,德尔股份,德尔股份:东方证券股份有限公司关于阜新德尔汽车部件股份有限公司使用募集资金向全资子公司增资(含出资)或借款以实施募投项目的核查意见,保荐/核查意见,2026-02-13,https://data.eastmoney.com/notices/detail/300473/AN202602121819898852.html
003009,中天火箭,中天火箭:陕西中天火箭技术股份有限公司关于提前赎回天箭转债的第十八次提示性公告,其他,2026-02-13,https://data.eastmoney.com/notices/detail/003009/AN202602121819898845.html
002923,润都股份,润都股份:关于公司参与国家组织集采药品协议期满品种接续采购拟中选的公告,其他,2026-02-13,https://data.eastmoney.com/notices/detail/002923/AN202602121819898854.html
002169,智光电气,智光电气:关于获得客户订单的自愿性披露公告,其他,2026-02-13,https://data.eastmoney.com/notices/detail/002169/AN202602121819898842.html
603880,南卫股份,南卫股份:南卫股份关于控股股东部分股份解除质押及再质押的公告,股份质押、冻结,2026-02-13,https://data.eastmoney.com/notices/detail/603880/AN202602121819898826.html
000798,中水渔业,中水渔业:关于审计机构变更项目合伙人及签字注册会计师的公告,审计机构变更,2026-02-13,https://data.eastmoney.com/notices/detail/000798/AN202602121819898810.html
002557,洽洽食品,洽洽食品:洽洽食品股份有限公司关于第十期员工持股计划非交易过户完成的公告,员工持股计划,2026-02-13,https://data.eastmoney.com/notices/detail/002557/AN202602121819898809.html
600536,中国软件,中国软件:中国软件2026年第一次临时股东会会议资料,股东大会资料,2026-02-13,https://data.eastmoney.com/notices/detail/600536/AN202602121819898798.html
603307,扬州金泉,扬州金泉:关于完成工商变更登记并换发营业执照的公告,公司注册资本变更,2026-02-13,https://data.eastmoney.com/notices/detail/603307/AN202602121819898799.html
000935,四川双马,四川双马:关于控股子公司之间提供担保的公告,提供/对外担保公告,2026-02-13,https://data.eastmoney.com/notices/detail/000935/AN202602121819898750.html
300580,贝斯特,贝斯特:第四届董事会第二十一次会议决议的公告,董事会决议公告,2026-02-13,https://data.eastmoney.com/notices/detail/300580/AN202602121819898747.html
002489,浙江永强,浙江永强:关于注销子公司的公告,公司关联方基本资料变更,2026-02-13,https://data.eastmoney.com/notices/detail/002489/AN202602121819898736.html
002547,*ST春兴,春兴精工:关于召开2026年第一次临时股东会的通知,召开股东大会通知,2026-02-13,https://data.eastmoney.com/notices/detail/002547/AN202602121819898742.html
003038,鑫铂股份,鑫铂股份:关于公司为子公司向银行申请授信额度提供最高额担保的公告,提供/对外担保公告,2026-02-13,https://data.eastmoney.com/notices/detail/003038/AN202602121819898749.html
002915,中欣氟材,中欣氟材:关于控股子公司、全资孙公司变更法定代表人暨完成工商变更登记的公告,公司关联方基本资料变更,2026-02-13,https://data.eastmoney.com/notices/detail/002915/AN202602121819898758.html
002188,中天服务,中天服务:关于变更持续督导保荐代表人的公告,保荐代表人（机构）变更,2026-02-13,https://data.eastmoney.com/notices/detail/002188/AN202602121819898751.html
002547,*ST春兴,春兴精工:第六届董事会第二十六次会议决议公告,董事会决议公告,2026-02-13,https://data.eastmoney.com/notices/detail/002547/AN202602121819898745.html
001378,德冠新材,德冠新材:关于公司办公地址变更的公告,公司办公地址变更,2026-02-13,https://data.eastmoney.com/notices/detail/001378/AN202602121819898741.html
000952,广济药业,广济药业:关于取得甲钴胺片药品注册证书的公告,获得认证,2026-02-13,https://data.eastmoney.com/notices/detail/000952/AN202602121819898735.html
300580,贝斯特,贝斯特:市值管理制度,管理办法/制度,2026-02-13,https://data.eastmoney.com/notices/detail/300580/AN202602121819898755.html
002977,*ST天箭,天箭科技:关于公司股票交易可能被实施退市风险警示的第二次提示性公告,其它风险提示公告,2026-02-13,https://data.eastmoney.com/notices/detail/002977/AN202602121819898737.html
002547,*ST春兴,春兴精工:关于为孙公司提供担保额度的公告,提供/对外担保公告,2026-02-13,https://data.eastmoney.com/notices/detail/002547/AN202602121819898743.html
000626,远大控股,远大控股:关于为子公司提供担保的进展公告,提供/对外担保公告,2026-02-13,https://data.eastmoney.com/notices/detail/000626/AN202602121819898752.html
300981,中红医疗,中红医疗:关于为子公司提供担保的进展公告,提供/对外担保公告,2026-02-13,https://data.eastmoney.com/notices/detail/300981/AN202602121819898748.html
002489,浙江永强,浙江永强:七届八次董事会决议公告,董事会决议公告,2026-02-13,https://data.eastmoney.com/notices/detail/002489/AN202602121819898740.html
300225,金力泰,*ST金泰:关于公司股票可能被终止上市的第二次风险提示公告,终止上市风险提示,2026-02-13,https://data.eastmoney.com/notices/detail/300225/AN202602121819898753.html
688183,生益电子,生益电子:生益电子关于2025年度向特定对象发行A股股票申请获得上海证券交易所受理的公告,其他增发事项公告,2026-02-13,https://data.eastmoney.com/notices/detail/688183/AN202602121819898725.html
601699,潞安环能,潞安环能:潞安环能2026年1月主要运营数据公告,月度经营情况,2026-02-13,https://data.eastmoney.com/notices/detail/601699/AN202602121819898221.html
688226,威腾电气,威腾电气:威腾电气集团股份有限公司2026年第一次临时股东会会议资料,股东大会资料,2026-02-13,https://data.eastmoney.com/notices/detail/688226/AN202602121819898201.html
603007,顺景科技,*ST花王:关于公司股票可能被终止上市的第三次风险提示性公告,终止上市风险提示,2026-02-13,https://data.eastmoney.com/notices/detail/603007/AN202602121819898199.html
600543,*ST莫高,莫高股份:莫高股份关于2025年度审计机构变更项目质量控制复核人的公告,审计机构变更,2026-02-13,https://data.eastmoney.com/notices/detail/600543/AN202602121819898200.html
603558,健盛集团,健盛集团:健盛集团关于提供担保进展的公告,提供/对外担保公告,2026-02-13,https://data.eastmoney.com/notices/detail/603558/AN202602121819898186.html
600160,巨化股份,巨化股份:巨化股份关于为控股子公司提供担保进展情况的公告,提供/对外担保公告,2026-02-13,https://data.eastmoney.com/notices/detail/600160/AN202602121819898185.html
603299,苏盐井神,苏盐井神:江苏苏盐井神股份有限公司特定对象认购资金的实收情况验资报告,保荐/核查意见,2026-02-13,https://data.eastmoney.com/notices/detail/603299/AN202602121819898154.html
603299,苏盐井神,苏盐井神:江苏苏盐井神股份有限公司关于2025年度向特定对象发行A股股票发行情况的提示性公告,增发提示性公告,2026-02-13,https://data.eastmoney.com/notices/detail/603299/AN202602121819898158.html
603299,苏盐井神,苏盐井神:江苏苏盐井神股份有限公司关于公司签署募集资金专户存储三方监管协议的公告,签订协议,2026-02-13,https://data.eastmoney.com/notices/detail/603299/AN202602121819898155.html
603299,苏盐井神,苏盐井神:北京浩天(上海)律师事务所关于江苏苏盐井神股份有限公司2025年度向特定对象发行A股股票发行过程和认购对象合规性的法律意见书,法律意见书,2026-02-13,https://data.eastmoney.com/notices/detail/603299/AN202602121819898157.html
603299,苏盐井神,苏盐井神:华泰联合证券有限责任公司关于江苏苏盐井神股份有限公司2025年度向特定对象发行A股股票之发行过程和认购对象合规性审核报告,保荐/核查意见,2026-02-13,https://data.eastmoney.com/notices/detail/603299/AN202602121819898156.html
603299,苏盐井神,苏盐井神:江苏苏盐井神股份有限公司2025年度向特定对象发行A股股票发行情况报告书,其他增发事项公告,2026-02-13,https://data.eastmoney.com/notices/detail/603299/AN202602121819898153.html
688386,泛亚微透,泛亚微透:江苏泛亚微透科技股份有限公司向特定对象发行股票发行情况报告书,其他增发事项公告,2026-02-13,https://data.eastmoney.com/notices/detail/688386/AN202602121819898110.html
688386,泛亚微透,泛亚微透:泛亚微透关于获得发明专利的自愿性披露公告,获得认证,2026-02-13,https://data.eastmoney.com/notices/detail/688386/AN202602121819898111.html
688386,泛亚微透,泛亚微透:泛亚微透关于向特定对象发行股票发行情况的提示性的公告,增发提示性公告,2026-02-13,https://data.eastmoney.com/notices/detail/688386/AN202602121819898113.html
688386,泛亚微透,泛亚微透:泛亚微透关于开立募集资金专项账户并签订募集资金专户存储三方监管协议的公告,签订协议,2026-02-13,https://data.eastmoney.com/notices/detail/688386/AN202602121819898115.html
688386,泛亚微透,泛亚微透:江苏泛亚微透科技股份有限公司验资报告,保荐/核查意见,2026-02-13,https://data.eastmoney.com/notices/detail/688386/AN202602121819898109.html
688386,泛亚微透,泛亚微透:广东信达律师事务所关于江苏泛亚微透科技股份有限公司2025年度向特定对象发行A股股票发行过程和认购对象合规性的法律意见书,法律意见书,2026-02-13,https://data.eastmoney.com/notices/detail/688386/AN202602121819898112.html
688386,泛亚微透,泛亚微透:国泰海通证券股份有限公司关于江苏泛亚微透科技股份有限公司向特定对象发行股票发行过程和认购对象合规性报告,保荐/核查意见,2026-02-13,https://data.eastmoney.com/notices/detail/688386/AN202602121819898114.html
600918,中泰证券,中泰证券:中泰证券股份有限公司第三届董事会第十九次会议决议公告,董事会决议公告,2026-02-13,https://data.eastmoney.com/notices/detail/600918/AN202602121819898106.html
603097,江苏华辰,江苏华辰:江苏华辰关于债券持有人可转债持有比例变动达到10%的公告,其他,2026-02-13,https://data.eastmoney.com/notices/detail/603097/AN202602121819898105.html
605296,神农集团,神农集团:云南神农农业产业集团股份有限公司2026年1月对外担保情况公告,提供/对外担保公告,2026-02-13,https://data.eastmoney.com/notices/detail/605296/AN202602121819898101.html
600900,长江电力,长江电力:长江电力关于公司控股股东发行可交换公司债券对持有的部分本公司A股股票办理补充担保及信托登记的公告,提供/对外担保公告,2026-02-13,https://data.eastmoney.com/notices/detail/600900/AN202602121819898085.html
603768,常青股份,常青股份:常青股份关于日常关联交易的公告,关联交易,2026-02-13,https://data.eastmoney.com/notices/detail/603768/AN202602121819898083.html
603768,常青股份,常青股份:中信建投证券股份有限公司关于合肥常青机械股份有限公司部分募集资金投资项目延期的核查意见,保荐/核查意见,2026-02-13,https://data.eastmoney.com/notices/detail/603768/AN202602121819898082.html
603768,常青股份,常青股份:常青股份第五届董事会第十七次会议决议公告,董事会决议公告,2026-02-13,https://data.eastmoney.com/notices/detail/603768/AN202602121819898081.html
603768,常青股份,常青股份:常青股份关于部分募集资金投资项目延期的公告,变更募集资金投资项目,2026-02-13,https://data.eastmoney.com/notices/detail/603768/AN202602121819898084.html
688559,海目星,海目星:海目星2026年第一次临时股东会会议资料,股东大会资料,2026-02-13,https://data.eastmoney.com/notices/detail/688559/AN202602121819898080.html
688291,金橙子,金橙子:2025年度业绩快报公告,业绩快报,2026-02-13,https://data.eastmoney.com/notices/detail/688291/AN202602121819898067.html
603055,台华新材,台华新材:浙江台华新材料集团股份有限公司关于“台21转债”可选择回售的第二次提示性公告,其他,2026-02-13,https://data.eastmoney.com/notices/detail/603055/AN202602121819898053.html
603080,新疆火炬,新疆火炬:新疆火炬关于变更签字会计师及质量复核人的公告,公司关联方基本资料变更,2026-02-13,https://data.eastmoney.com/notices/detail/603080/AN202602121819898042.html
601908,京运通,京运通:关于为子公司提供担保的进展公告,提供/对外担保公告,2026-02-13,https://data.eastmoney.com/notices/detail/601908/AN202602121819898028.html
600558,大西洋,大西洋:大西洋第五届董事会第九十五次会议决议公告,高管人员任职变动,2026-02-13,https://data.eastmoney.com/notices/detail/600558/AN202602121819898009.html
600376,首开股份,首开股份:首开股份2026年第一次临时股东会会议资料,股东大会资料,2026-02-13,https://data.eastmoney.com/notices/detail/600376/AN202602121819898041.html
603810,丰山集团,丰山集团:关于董事会秘书离职的公告,高管人员任职变动,2026-02-13,https://data.eastmoney.com/notices/detail/603810/AN202602121819898040.html
600824,益民集团,益民集团:益民集团关于办公地址变更的公告,公司办公地址变更,2026-02-13,https://data.eastmoney.com/notices/detail/600824/AN202602121819898038.html
600228,返利科技,*ST返利:返利网数字科技股份有限公司关于公司股票可能被终止上市的第二次风险提示公告,终止上市风险提示,2026-02-13,https://data.eastmoney.com/notices/detail/600228/AN202602121819898039.html
605008,长鸿高科,长鸿高科:关于为控股子公司提供担保的进展公告,提供/对外担保公告,2026-02-13,https://data.eastmoney.com/notices/detail/605008/AN202602121819898033.html
603009,北特科技,北特科技:北特科技2026年第一次临时股东会会议资料,股东大会资料,2026-02-13,https://data.eastmoney.com/notices/detail/603009/AN202602121819898015.html
601236,红塔证券,红塔证券:红塔证券股份有限公司关于出售部分房产的进展公告,收购出售资产/股权,2026-02-13,https://data.eastmoney.com/notices/detail/601236/AN202602121819898016.html
600558,大西洋,大西洋:大西洋关于聘任总经理、提名增补非独立董事的公告,高管人员任职变动,2026-02-13,https://data.eastmoney.com/notices/detail/600558/AN202602121819898018.html
600376,首开股份,首开股份:首开股份关于召开2026年第一次临时股东会的提示性公告,召开股东大会提示性公告,2026-02-13,https://data.eastmoney.com/notices/detail/600376/AN202602121819898024.html
600269,赣粤高速,赣粤高速:赣粤高速2026年1月份车辆通行服务收入数据公告,其他,2026-02-13,https://data.eastmoney.com/notices/detail/600269/AN202602121819898026.html
688298,东方生物,东方生物:2026年第二次临时股东会会议资料,股东大会资料,2026-02-13,https://data.eastmoney.com/notices/detail/688298/AN202602121819898035.html
688772,珠海冠宇,珠海冠宇:关于“冠宇转债”预计满足转股价格修正条件的提示性公告,其他,2026-02-13,https://data.eastmoney.com/notices/detail/688772/AN202602121819898037.html
688456,有研粉材,有研粉材:2025年度业绩快报公告,业绩快报,2026-02-13,https://data.eastmoney.com/notices/detail/688456/AN202602121819898020.html
603927,中科软,中科软:中科软关于董事会延期换届选举的公告,高管人员任职变动,2026-02-13,https://data.eastmoney.com/notices/detail/603927/AN202602121819898010.html
600606,绿地控股,绿地控股:绿地控股关于公司及控股子公司新增诉讼的公告,诉讼仲裁,2026-02-13,https://data.eastmoney.com/notices/detail/600606/AN202602121819898025.html
603255,鼎际得,鼎际得:辽宁鼎际得石化股份有限公司关于为子公司提供担保的进展公告,提供/对外担保公告,2026-02-13,https://data.eastmoney.com/notices/detail/603255/AN202602121819898017.html
601918,新集能源,新集能源:新集能源关于持股5%以上股东部分股份解除质押的公告,股份质押、冻结,2026-02-13,https://data.eastmoney.com/notices/detail/601918/AN202602121819898019.html
600019,宝钢股份,宝钢股份:宝钢股份第九届董事会第六次会议决议公告,董事会决议公告,2026-02-13,https://data.eastmoney.com/notices/detail/600019/AN202602121819898030.html
600192,长城电工,长城电工:长城电工关于为子公司提供担保进展的公告,提供/对外担保公告,2026-02-13,https://data.eastmoney.com/notices/detail/600192/AN202602121819898012.html
600353,旭光电子,旭光电子:旭光电子关于第一期员工持股计划存续期即将届满的提示性公告,员工持股计划,2026-02-13,https://data.eastmoney.com/notices/detail/600353/AN202602121819898029.html
601966,玲珑轮胎,玲珑轮胎:山东玲珑轮胎股份有限公司关于为子公司提供担保的进展公告,提供/对外担保公告,2026-02-13,https://data.eastmoney.com/notices/detail/601966/AN202602121819898027.html
600116,三峡水利,三峡水利:重庆三峡水利电力(集团)股份有限公司关于2025年度担保计划的进展公告,其他担保公告,2026-02-13,https://data.eastmoney.com/notices/detail/600116/AN202602121819898031.html
600192,长城电工,长城电工:长城电工关于2025年度审计机构变更项目质量控制复核人员的公告,审计机构变更,2026-02-13,https://data.eastmoney.com/notices/detail/600192/AN202602121819898011.html
600019,宝钢股份,宝钢股份:宝钢股份关于变更签字注册会计师的公告,公司关联方基本资料变更,2026-02-13,https://data.eastmoney.com/notices/detail/600019/AN202602121819898023.html
600636,退市国化,*ST国化:国新文化控股股份有限公司关于公司股票可能被终止上市的第二次风险提示公告,终止上市风险提示,2026-02-13,https://data.eastmoney.com/notices/detail/600636/AN202602121819898022.html
600129,太极集团,太极集团:太极集团2026年第一次临时股东会资料,股东大会资料,2026-02-13,https://data.eastmoney.com/notices/detail/600129/AN202602121819898013.html
603789,ST星农,*ST星农:*ST星农股票可能被终止上市的第二次风险提示公告,终止上市风险提示,2026-02-13,https://data.eastmoney.com/notices/detail/603789/AN202602121819898021.html
600558,大西洋,大西洋:大西洋关于召开2026年第一次临时股东会的通知,召开股东大会通知,2026-02-13,https://data.eastmoney.com/notices/detail/600558/AN202602121819898034.html
600960,渤海汽车,渤海汽车:2026年第二次临时股东会会议资料,股东大会资料,2026-02-13,https://data.eastmoney.com/notices/detail/600960/AN202602121819898032.html
600620,天宸股份,天宸股份:上海市天宸股份有限公司关于用地补偿协议的进展公告(二),其他,2026-02-13,https://data.eastmoney.com/notices/detail/600620/AN202602121819898014.html
600303,曙光股份,曙光股份:曙光股份关于董事离任的公告,高管人员任职变动,2026-02-13,https://data.eastmoney.com/notices/detail/600303/AN202602121819898036.html
688311,盟升电子,盟升电子:东方金诚国际信用评估有限公司关于成都盟升电子技术股份有限公司2025年度业绩预亏的关注公告,业绩预告,2026-02-13,https://data.eastmoney.com/notices/detail/688311/AN202602121819897982.html
688337,普源精电,普源精电:普源精电科技股份有限公司2025年度业绩快报公告,业绩快报,2026-02-13,https://data.eastmoney.com/notices/detail/688337/AN202602121819897983.html
688292,浩瀚深度,浩瀚深度:北京浩瀚深度信息技术股份有限公司关于“浩瀚转债”预计满足赎回条件的提示性公告,其他,2026-02-13,https://data.eastmoney.com/notices/detail/688292/AN202602121819897981.html
688238,和元生物,和元生物:2026年第一次临时股东会会议资料,股东大会资料,2026-02-13,https://data.eastmoney.com/notices/detail/688238/AN202602121819897977.html
