代码,名称,公告标题,公告类型,公告日期,网址
300159,新研股份,新研股份:2023年度股东大会决议公告,分配方案决议公告,2024-05-21,https://data.eastmoney.com/notices/detail/300159/AN202405211634068548.html
603398,*ST沐邦,沐邦高科:江西沐邦高科股份有限公司2023年年度股东大会决议公告,分配方案决议公告,2024-05-21,https://data.eastmoney.com/notices/detail/603398/AN202405201633874995.html
603398,*ST沐邦,沐邦高科:德恒上海律师事务所关于江西沐邦高科股份有限公司2023年年度股东大会之见证意见,其他,2024-05-21,https://data.eastmoney.com/notices/detail/603398/AN202405201633874997.html
002937,兴瑞科技,兴瑞科技:关于回购股份实施完成暨股份变动的公告,股本变动,2024-05-21,https://data.eastmoney.com/notices/detail/002937/AN202405201633871925.html
000506,招金黄金,*ST中润:关于公司主要银行账户被冻结暨股票交易叠加实施其他风险警示的公告,风险提示性公告,2024-05-21,https://data.eastmoney.com/notices/detail/000506/AN202405201633883492.html
920027,交大铁发,关于四川西南交大铁路发展股份有限公司首次公开发行股票并上市辅导工作完成报告,辅导工作进展报告,2024-05-21,https://data.eastmoney.com/notices/detail/920027/AN202407091637700822.html
300157,新锦动力,新锦动力:关于深圳证券交易所年报问询函回复的公告,回复问询函公告,2024-05-21,https://data.eastmoney.com/notices/detail/300157/AN202405221634317338.html
300157,新锦动力,新锦动力:立信中联会计师事务所(特殊普通合伙)关于对新锦动力集团股份有限公司的年报问询函的回复,会计师事务所问询函回复公告,2024-05-21,https://data.eastmoney.com/notices/detail/300157/AN202405221634314928.html
300866,安克创新,安克创新:2024年5月16日投资者关系活动记录表,调研活动,2024-05-21,https://data.eastmoney.com/notices/detail/300866/AN202405221634103396.html
300470,中密控股,中密控股:2024年5月21日投资者关系活动记录表,调研活动,2024-05-21,https://data.eastmoney.com/notices/detail/300470/AN202405211634101560.html
002153,石基信息,石基信息:石基信息:2024年5月21日投资者交流会参会人员名单,调研活动,2024-05-21,https://data.eastmoney.com/notices/detail/002153/AN202405211634100807.html
002153,石基信息,石基信息:2024年5月21日投资者关系活动记录表,调研活动,2024-05-21,https://data.eastmoney.com/notices/detail/002153/AN202405211634100808.html
300095,华伍股份,300095:华伍股份年报问询函,年报问询函,2024-05-21,https://data.eastmoney.com/notices/detail/300095/AN202405211634099569.html
002719,ST麦趣,002719:麦趣尔年报问询函,年报问询函,2024-05-21,https://data.eastmoney.com/notices/detail/002719/AN202405211634099357.html
300110,华仁药业,华仁药业:中兴华会计师事务所(特殊普通合伙)关于华仁药业股份有限公司2023年年报问询函回复的会计师意见,会计师事务所问询函回复公告,2024-05-21,https://data.eastmoney.com/notices/detail/300110/AN202405211634099126.html
300498,温氏股份,温氏股份:北京市嘉源律师事务所关于温氏食品集团股份有限公司“温氏转债”2024年第二次债券持有人会议见证法律意见书,其他,2024-05-21,https://data.eastmoney.com/notices/detail/300498/AN202405211634099127.html
300110,华仁药业,华仁药业:关于对深圳证券交易所年报问询函回函的公告,回复问询函公告,2024-05-21,https://data.eastmoney.com/notices/detail/300110/AN202405211634099125.html
300498,温氏股份,温氏股份:关于温氏转债暂停转股的提示性公告,其他,2024-05-21,https://data.eastmoney.com/notices/detail/300498/AN202405211634099104.html
300498,温氏股份,温氏股份:温氏转债2024年第二次债券持有人会议决议公告,其他,2024-05-21,https://data.eastmoney.com/notices/detail/300498/AN202405211634099105.html
300498,温氏股份,温氏股份:关于温氏转债回售的第一次提示性公告,其他,2024-05-21,https://data.eastmoney.com/notices/detail/300498/AN202405211634099108.html
300498,温氏股份,温氏股份:中国国际金融股份有限公司关于温氏食品集团股份有限公司可转换公司债券回售有关事项的核查意见,保荐/核查意见,2024-05-21,https://data.eastmoney.com/notices/detail/300498/AN202405211634099106.html
300498,温氏股份,温氏股份:北京市嘉源律师事务所关于温氏食品集团股份有限公司可转换公司债券回售的法律意见书,其他,2024-05-21,https://data.eastmoney.com/notices/detail/300498/AN202405211634099103.html
300498,温氏股份,温氏股份:北京市嘉源律师事务所关于温氏食品集团股份有限公司2023年度股东大会的法律意见书,法律意见书,2024-05-21,https://data.eastmoney.com/notices/detail/300498/AN202405211634099107.html
300531,优博讯,优博讯:2023年年度利润分配实施公告,分配方案实施,2024-05-21,https://data.eastmoney.com/notices/detail/300531/AN202405211634099101.html
300498,温氏股份,温氏股份:2023年度股东大会决议公告,分配方案决议公告,2024-05-21,https://data.eastmoney.com/notices/detail/300498/AN202405211634099102.html
300157,新锦动力,新锦动力:立信中联会计师事务所(特殊普通合伙)关于对新锦动力集团股份有限公司的年报问询函的回复,会计师事务所问询函回复公告,2024-05-21,https://data.eastmoney.com/notices/detail/300157/AN202405211634099109.html
300157,新锦动力,新锦动力:关于深圳证券交易所年报问询函回复的公告,回复问询函公告,2024-05-21,https://data.eastmoney.com/notices/detail/300157/AN202405211634099110.html
A23087,大普技术,关于终止对广东大普通信技术股份有限公司首次公开发行股票并在科创板上市审核的决定,科创板发行上市审核终止审核通知,2024-05-21,https://data.eastmoney.com/notices/detail/A23087/AN202405211634098825.html
300513,恒实科技,恒实科技:关于股东股份减持计划期限届满的公告,股东/实际控制人股份减持,2024-05-21,https://data.eastmoney.com/notices/detail/300513/AN202405211634098910.html
301060,兰卫医学,深交所:兰卫医学_监管函,深交所股票监管函,2024-05-21,https://data.eastmoney.com/notices/detail/301060/AN202405211634098700.html
A23254,威达智,关于终止对威达智首次公开发行股票并在创业板上市审核的决定,创业板发行上市审核终止审核通知,2024-05-21,https://data.eastmoney.com/notices/detail/A23254/AN202405211634097899.html
600306,退市商城,关于终止沈阳商业城股份有限公司股票上市的公告,终止上市,2024-05-21,https://data.eastmoney.com/notices/detail/600306/AN202405211634096805.html
000821,ST京机,000821:京山轻机年报问询函,年报问询函,2024-05-21,https://data.eastmoney.com/notices/detail/000821/AN202405211634096815.html
301097,天益医疗,天益医疗:2023年年度权益分派实施公告,分配方案实施,2024-05-21,https://data.eastmoney.com/notices/detail/301097/AN202405211634096217.html
002969,嘉美包装,嘉美包装:002969嘉美包装投资者关系管理信息20240521,调研活动,2024-05-21,https://data.eastmoney.com/notices/detail/002969/AN202405211634075097.html
600180,*ST瑞茂,关于对瑞茂通供应链管理股份有限公司及有关责任人予以监管警示的决定,上交所股票监管关注,2024-05-21,https://data.eastmoney.com/notices/detail/600180/AN202405211634078812.html
600844,金煤科技,关于对丹化化工科技股份有限公司及有关责任人予以监管警示的决定,上交所股票监管关注,2024-05-21,https://data.eastmoney.com/notices/detail/600844/AN202405211634078814.html
002626,金达威,金达威:002626金达威投资者关系管理信息20240521,调研活动,2024-05-21,https://data.eastmoney.com/notices/detail/002626/AN202405211634075064.html
300691,联合光电,联合光电:2023年年度权益分派实施公告,分配方案实施,2024-05-21,https://data.eastmoney.com/notices/detail/300691/AN202405211634076799.html
002120,韵达股份,韵达股份:2024年5月21日投资者关系活动记录表（2023年度业绩说明会）,调研活动,2024-05-21,https://data.eastmoney.com/notices/detail/002120/AN202405211634073502.html
600843,上工申贝,关于上工申贝(集团)股份有限公司参与破产重整投资暨关联交易事项的问询函,问询函,2024-05-21,https://data.eastmoney.com/notices/detail/600843/AN202405211634073659.html
301336,趣睡科技,趣睡科技:中国国际金融股份有限公司关于成都趣睡科技股份有限公司设立募集资金专户并授权签订募集资金监管协议的核查意见,保荐/核查意见,2024-05-21,https://data.eastmoney.com/notices/detail/301336/AN202405211634073227.html
301336,趣睡科技,趣睡科技:成都趣睡科技股份有限公司2024年限制性股票激励计划首次授予激励对象名单(授予日),股权激励对象名单,2024-05-21,https://data.eastmoney.com/notices/detail/301336/AN202405211634073226.html
301336,趣睡科技,趣睡科技:北京市天元律师事务所关于成都趣睡科技股份有限公司2024年限制性股票激励计划首次授予相关事项的法律意见,股权激励进展公告,2024-05-21,https://data.eastmoney.com/notices/detail/301336/AN202405211634073225.html
301336,趣睡科技,趣睡科技:上海荣正企业咨询服务(集团)股份有限公司关于成都趣睡科技股份有限公司2024年限制性股票激励计划首次授予相关事项之独立财务顾问报告,股权激励进展公告,2024-05-21,https://data.eastmoney.com/notices/detail/301336/AN202405211634073224.html
301336,趣睡科技,趣睡科技:中国国际金融股份有限公司关于成都趣睡科技股份有限公司使用自有资金支付募投项目所需资金并以募集资金等额置换的核查意见,保荐/核查意见,2024-05-21,https://data.eastmoney.com/notices/detail/301336/AN202405211634073223.html
301336,趣睡科技,趣睡科技:关于成都趣睡科技股份有限公司使用自有资金支付募投项目所需资金并以募集资金等额置换的专项鉴证报告,保荐/核查意见,2024-05-21,https://data.eastmoney.com/notices/detail/301336/AN202405211634073222.html
301336,趣睡科技,趣睡科技:成都趣睡科技股份有限公司关于向2024年限制性股票激励计划激励对象首次授予限制性股票的公告,股权激励进展公告,2024-05-21,https://data.eastmoney.com/notices/detail/301336/AN202405211634073221.html
301336,趣睡科技,趣睡科技:成都趣睡科技股份有限公司监事会关于2024年限制性股票激励计划首次授予激励对象名单(授予日)的核查意见,股权激励进展公告,2024-05-21,https://data.eastmoney.com/notices/detail/301336/AN202405211634073220.html
301336,趣睡科技,趣睡科技:成都趣睡科技股份有限公司第二届董事会第十二次会议决议公告,董事会决议公告,2024-05-21,https://data.eastmoney.com/notices/detail/301336/AN202405211634073219.html
301336,趣睡科技,趣睡科技:成都趣睡科技股份有限公司关于设立募集资金专户并授权签订募集资金监管协议的公告,签订协议,2024-05-21,https://data.eastmoney.com/notices/detail/301336/AN202405211634073218.html
301336,趣睡科技,趣睡科技:成都趣睡科技股份有限公司关于使用自有资金支付募投项目所需资金并以募集资金等额置换的公告,募集资金使用情况报告,2024-05-21,https://data.eastmoney.com/notices/detail/301336/AN202405211634073217.html
301336,趣睡科技,趣睡科技:成都趣睡科技股份有限公司内幕信息知情人及激励对象买卖公司股票情况的自查报告,自查报告,2024-05-21,https://data.eastmoney.com/notices/detail/301336/AN202405211634073216.html
301336,趣睡科技,趣睡科技:成都趣睡科技股份有限公司第二届监事会第十一次会议决议公告,监事会决议公告,2024-05-21,https://data.eastmoney.com/notices/detail/301336/AN202405211634073215.html
300752,隆利科技,隆利科技:投资者关系活动记录表(2024年05月21日),调研活动,2024-05-21,https://data.eastmoney.com/notices/detail/300752/AN202405211634072348.html
002392,北京利尔,北京利尔:002392北京利尔投资者关系管理信息20240521,调研活动,2024-05-21,https://data.eastmoney.com/notices/detail/002392/AN202405211634072319.html
300653,正海生物,正海生物:关于董事辞职的公告,高管人员任职变动,2024-05-21,https://data.eastmoney.com/notices/detail/300653/AN202405211634073195.html
300653,正海生物,正海生物:关于完成工商变更登记的公告,法定代表人变更,2024-05-21,https://data.eastmoney.com/notices/detail/300653/AN202405211634073194.html
300653,正海生物,正海生物:关于公司医疗器械产品完成延续注册的公告,其他,2024-05-21,https://data.eastmoney.com/notices/detail/300653/AN202405211634072965.html
300508,维宏股份,维宏股份:关于出售闲置房产的进展公告,收购出售资产/股权,2024-05-21,https://data.eastmoney.com/notices/detail/300508/AN202405211634072362.html
300436,广生堂,广生堂:关于熊去氧胆酸胶囊获得药品生产注册批准的公告,其他,2024-05-21,https://data.eastmoney.com/notices/detail/300436/AN202405211634072360.html
300742,越博退,*ST越博:关于公司办公信息变更的公告,公司办公地址变更,2024-05-21,https://data.eastmoney.com/notices/detail/300742/AN202405211634072361.html
300311,任子行,任子行:关于深圳证券交易所对任子行网络科技股份有限公司2023年报问询函中有关事项的专项说明,专项说明/独立意见,2024-05-21,https://data.eastmoney.com/notices/detail/300311/AN202405211634072358.html
300311,任子行,任子行:国浩律师(深圳)事务所关于任子行网络技术股份有限公司2023年年度股东大会之法律意见书,法律意见书,2024-05-21,https://data.eastmoney.com/notices/detail/300311/AN202405211634072359.html
300311,任子行,任子行:关于对深圳证券交易所年报问询函的回复,回复问询函公告,2024-05-21,https://data.eastmoney.com/notices/detail/300311/AN202405211634072357.html
300311,任子行,任子行:关于2023年年度股东大会决议的公告,分配方案决议公告,2024-05-21,https://data.eastmoney.com/notices/detail/300311/AN202405211634072256.html
300612,宣亚国际,宣亚国际:关于完成工商变更登记并换发营业执照的公告,公司注册资本变更,2024-05-21,https://data.eastmoney.com/notices/detail/300612/AN202405211634072255.html
300419,ST浩丰,浩丰科技:第五届董事会第十五次会议决议公告,董事会决议公告,2024-05-21,https://data.eastmoney.com/notices/detail/300419/AN202405211634072254.html
300419,ST浩丰,浩丰科技:2024年第一季度报告(更新后),一季度报告全文,2024-05-21,https://data.eastmoney.com/notices/detail/300419/AN202405211634072253.html
300419,ST浩丰,浩丰科技:关于前期会计差错更正的公告,会计差错更正公告,2024-05-21,https://data.eastmoney.com/notices/detail/300419/AN202405211634072252.html
300419,ST浩丰,浩丰科技:2023年半年度报告(更新后),半年度报告全文,2024-05-21,https://data.eastmoney.com/notices/detail/300419/AN202405211634072251.html
300419,ST浩丰,浩丰科技:第五届监事会第十三次会议决议公告,监事会决议公告,2024-05-21,https://data.eastmoney.com/notices/detail/300419/AN202405211634072250.html
300419,ST浩丰,浩丰科技:2023年第三季度报告(更新后),三季度报告全文,2024-05-21,https://data.eastmoney.com/notices/detail/300419/AN202405211634072249.html
300419,ST浩丰,浩丰科技:2023年半年度报告摘要(更新后),半年度报告摘要,2024-05-21,https://data.eastmoney.com/notices/detail/300419/AN202405211634072248.html
300419,ST浩丰,浩丰科技:2023年第一季度报告(更新后),一季度报告全文,2024-05-21,https://data.eastmoney.com/notices/detail/300419/AN202405211634072247.html
300419,ST浩丰,浩丰科技:浩丰科技《关于对北京浩丰创源科技股份有限公司的年报问询函》的回复,回复问询函公告,2024-05-21,https://data.eastmoney.com/notices/detail/300419/AN202405211634072246.html
300419,ST浩丰,浩丰科技:中审众环会计师事务所关于深圳证券交易所《关于对北京浩丰创源科技股份有限公司的年报问询函》的回复,会计师事务所问询函回复公告,2024-05-21,https://data.eastmoney.com/notices/detail/300419/AN202405211634072245.html
301283,聚胶股份,聚胶股份:2024年5月21日投资者关系活动记录表,调研活动,2024-05-21,https://data.eastmoney.com/notices/detail/301283/AN202405211634072107.html
300398,飞凯材料,飞凯材料:2023年年度股东大会决议公告,分配方案决议公告,2024-05-21,https://data.eastmoney.com/notices/detail/300398/AN202405211634072034.html
300624,万兴科技,万兴科技:北京德恒(深圳)律师事务所关于万兴科技集团股份有限公司2023年度股东大会的法律意见,法律意见书,2024-05-21,https://data.eastmoney.com/notices/detail/300624/AN202405211634072033.html
300398,飞凯材料,飞凯材料:关于选举第五届监事会主席的公告,高管人员任职变动,2024-05-21,https://data.eastmoney.com/notices/detail/300398/AN202405211634072036.html
300810,中科海讯,中科海讯:关于完成《公司章程》备案登记的公告,公司章程,2024-05-21,https://data.eastmoney.com/notices/detail/300810/AN202405211634072039.html
300398,飞凯材料,飞凯材料:关于公司财务总监辞职的公告,高管人员任职变动,2024-05-21,https://data.eastmoney.com/notices/detail/300398/AN202405211634072037.html
300624,万兴科技,万兴科技:2023年度股东大会决议公告,分配方案决议公告,2024-05-21,https://data.eastmoney.com/notices/detail/300624/AN202405211634072032.html
300398,飞凯材料,飞凯材料:上海市通力律师事务所关于上海飞凯材料科技股份有限公司2023年年度股东大会的法律意见书,法律意见书,2024-05-21,https://data.eastmoney.com/notices/detail/300398/AN202405211634072035.html
300398,飞凯材料,飞凯材料:第五届监事会第十一次会议决议公告,高管人员任职变动,2024-05-21,https://data.eastmoney.com/notices/detail/300398/AN202405211634072038.html
300536,农尚环境,*ST农尚:北京观韬中茂律师事务所关于武汉农尚环境股份有限公司2023年年度股东大会的法律意见书,法律意见书,2024-05-21,https://data.eastmoney.com/notices/detail/300536/AN202405211634071997.html
300787,海能实业,海能实业:2023年年度权益分派实施公告,分配方案实施,2024-05-21,https://data.eastmoney.com/notices/detail/300787/AN202405211634071998.html
300880,迦南智能,迦南智能:北京雍行律师事务所关于宁波迦南智能电气股份有限公司2023年年度股东大会的法律意见书,法律意见书,2024-05-21,https://data.eastmoney.com/notices/detail/300880/AN202405211634071993.html
300787,海能实业,海能实业:关于海能转债转股价格调整的公告,其他,2024-05-21,https://data.eastmoney.com/notices/detail/300787/AN202405211634071999.html
301165,锐捷网络,锐捷网络:北京市中伦律师事务所关于锐捷网络股份有限公司2023年年度股东大会的法律意见书,法律意见书,2024-05-21,https://data.eastmoney.com/notices/detail/301165/AN202405211634071995.html
300880,迦南智能,迦南智能:2023年年度股东大会决议公告,分配方案决议公告,2024-05-21,https://data.eastmoney.com/notices/detail/300880/AN202405211634071992.html
300536,农尚环境,*ST农尚:2023年年度股东大会决议公告,分配方案决议公告,2024-05-21,https://data.eastmoney.com/notices/detail/300536/AN202405211634071996.html
301165,锐捷网络,锐捷网络:2023年年度股东大会决议公告,分配方案决议公告,2024-05-21,https://data.eastmoney.com/notices/detail/301165/AN202405211634071994.html
301328,维峰电子,维峰电子:2023年年度权益分派实施公告,分配方案实施,2024-05-21,https://data.eastmoney.com/notices/detail/301328/AN202405211634071968.html
300587,天铁科技,天铁股份:浙江天铁实业股份有限公司2023年年度股东大会会议决议公告,分配方案决议公告,2024-05-21,https://data.eastmoney.com/notices/detail/300587/AN202405211634071967.html
300587,天铁科技,天铁股份:浙江天铁实业股份有限公司关于签订重大合同的公告,重大合同,2024-05-21,https://data.eastmoney.com/notices/detail/300587/AN202405211634071966.html
300587,天铁科技,天铁股份:浙江天册律师事务所关于浙江天铁实业股份有限公司2023年年度股东大会的法律意见书,法律意见书,2024-05-21,https://data.eastmoney.com/notices/detail/300587/AN202405211634071965.html
300587,天铁科技,天铁股份:浙江天铁实业股份有限公司关于回购注销2022年限制性股票激励计划及2022年第二期限制性股票激励计划部分限制性股票减少注册资本暨通知债权人的公告,公司注册资本变更,2024-05-21,https://data.eastmoney.com/notices/detail/300587/AN202405211634071964.html
300283,温州宏丰,温州宏丰:2024-055第五届董事会第二十五次(临时)会议决议公告,董事会决议公告,2024-05-21,https://data.eastmoney.com/notices/detail/300283/AN202405211634071963.html
300283,温州宏丰,温州宏丰:2024-056关于不向下修正宏丰转债转股价格的公告,其他,2024-05-21,https://data.eastmoney.com/notices/detail/300283/AN202405211634071962.html
300737,科顺股份,科顺股份:第四届监事会第一次会议决议公告,监事会决议公告,2024-05-21,https://data.eastmoney.com/notices/detail/300737/AN202405211634071902.html
301566,达利凯普,达利凯普:江苏世纪同仁律师事务所关于大连达利凯普科技股份公司2023年度股东大会的法律意见书,法律意见书,2024-05-21,https://data.eastmoney.com/notices/detail/301566/AN202405211634071906.html
301439,泓淋电力,泓淋电力:关于全资子公司购买厂房、土地使用权暨关联交易的进展公告,关联交易,2024-05-21,https://data.eastmoney.com/notices/detail/301439/AN202405211634071907.html
301439,泓淋电力,泓淋电力:中信证券股份有限公司关于威海市泓淋电力技术股份有限公司2023年度持续督导定期现场检查报告,保荐/核查意见,2024-05-21,https://data.eastmoney.com/notices/detail/301439/AN202405211634071908.html
300839,博汇股份,博汇股份:2023年度股东大会决议公告,分配方案决议公告,2024-05-21,https://data.eastmoney.com/notices/detail/300839/AN202405211634071910.html
300737,科顺股份,科顺股份:第四届董事会第一次会议决议公告,高管人员任职变动,2024-05-21,https://data.eastmoney.com/notices/detail/300737/AN202405211634071903.html
300737,科顺股份,科顺股份:2023年年度股东大会决议公告,分配方案决议公告,2024-05-21,https://data.eastmoney.com/notices/detail/300737/AN202405211634071901.html
300737,科顺股份,科顺股份:北京市中伦(深圳)律师事务所关于科顺股份2023年年度股东大会的法律意见书,法律意见书,2024-05-21,https://data.eastmoney.com/notices/detail/300737/AN202405211634071904.html
301566,达利凯普,达利凯普:2023年度股东大会决议公告,分配方案决议公告,2024-05-21,https://data.eastmoney.com/notices/detail/301566/AN202405211634071905.html
300839,博汇股份,博汇股份:上海市锦天城律师事务所关于宁波博汇化工科技股份有限公司2023年年度股东大会的法律意见书,法律意见书,2024-05-21,https://data.eastmoney.com/notices/detail/300839/AN202405211634071911.html
301439,泓淋电力,泓淋电力:中信证券股份有限公司关于威海市泓淋电力技术股份有限公司2023年度跟踪报告,保荐/核查意见,2024-05-21,https://data.eastmoney.com/notices/detail/301439/AN202405211634071909.html
300993,玉马科技,玉马遮阳:中信证券股份有限公司关于山东玉马遮阳科技股份有限公司首次公开发行前已发行股份部分解除限售并上市流通的核查意见,保荐/核查意见,2024-05-21,https://data.eastmoney.com/notices/detail/300993/AN202405211634071715.html
300993,玉马科技,玉马遮阳:关于首次公开发行前已发行股份部分解除限售并上市流通的提示性公告,限售股份上市流通,2024-05-21,https://data.eastmoney.com/notices/detail/300993/AN202405211634071714.html
300030,阳普医疗,阳普医疗:北京市中伦(广州)律师事务所关于阳普医疗科技股份有限公司2023年年度股东大会的法律意见书,法律意见书,2024-05-21,https://data.eastmoney.com/notices/detail/300030/AN202405211634071713.html
300030,阳普医疗,阳普医疗:2023年年度股东大会决议公告,分配方案决议公告,2024-05-21,https://data.eastmoney.com/notices/detail/300030/AN202405211634071711.html
003004,声迅股份,声迅股份:声迅股份2023年度业绩说明会投资者活动记录表,调研活动,2024-05-21,https://data.eastmoney.com/notices/detail/003004/AN202405211634071639.html
300298,三诺生物,三诺生物:北京植德律师事务所关于三诺生物传感股份有限公司2023年年度股东大会的法律意见书,法律意见书,2024-05-21,https://data.eastmoney.com/notices/detail/300298/AN202405211634071684.html
300998,宁波方正,宁波方正:国投证券股份有限公司关于宁波方正汽车模具股份有限公司2023年年度跟踪报告,保荐/核查意见,2024-05-21,https://data.eastmoney.com/notices/detail/300998/AN202405211634071687.html
300298,三诺生物,三诺生物:2023年年度股东大会决议公告,分配方案决议公告,2024-05-21,https://data.eastmoney.com/notices/detail/300298/AN202405211634071683.html
300961,深水海纳,深水海纳:深水海纳水务集团股份有限公司2023年年度股东大会的法律意见书,法律意见书,2024-05-21,https://data.eastmoney.com/notices/detail/300961/AN202405211634071689.html
300998,宁波方正,宁波方正:北京国枫(上海)律师事务所关于宁波方正汽车模具股份有限公司2023年年度股东大会的法律意见书,法律意见书,2024-05-21,https://data.eastmoney.com/notices/detail/300998/AN202405211634071686.html
300961,深水海纳,深水海纳:2023年年度股东大会决议公告,分配方案决议公告,2024-05-21,https://data.eastmoney.com/notices/detail/300961/AN202405211634071688.html
300998,宁波方正,宁波方正:2023年年度股东大会决议公告,分配方案决议公告,2024-05-21,https://data.eastmoney.com/notices/detail/300998/AN202405211634071685.html
688320,禾川科技,7-1禾川科技向不特定对象发行可转换公司债券申请文件的第二轮审核问询函的回复(修订稿)(浙江禾川科技股份有限公司),科创板再融资问询与回复,2024-05-21,https://data.eastmoney.com/notices/detail/688320/AN202405211634071434.html
301369,联动科技,联动科技:北京市君合(深圳)律师事务所关于佛山市联动科技股份有限公司2023年年度股东大会的法律意见书,法律意见书,2024-05-21,https://data.eastmoney.com/notices/detail/301369/AN202405211634071378.html
301369,联动科技,联动科技:2023年年度股东大会决议公告,分配方案决议公告,2024-05-21,https://data.eastmoney.com/notices/detail/301369/AN202405211634071377.html
300409,道氏技术,道氏技术:关于因2023年度权益分配调整可转债转股价格的公告,其他,2024-05-21,https://data.eastmoney.com/notices/detail/300409/AN202405211634071233.html
300409,道氏技术,道氏技术:2023年度权益分配实施公告,分配方案实施,2024-05-21,https://data.eastmoney.com/notices/detail/300409/AN202405211634071234.html
300769,德方纳米,德方纳米:关于持股5%以上股东部分股份质押及解质押的公告,股份质押、冻结,2024-05-21,https://data.eastmoney.com/notices/detail/300769/AN202405211634071232.html
300501,海顺新材,海顺新材:关于2023年年度权益分派实施后调整回购股份价格上限的公告,回购方案修订,2024-05-21,https://data.eastmoney.com/notices/detail/300501/AN202405211634071190.html
300501,海顺新材,海顺新材:关于可转换公司债券调整转股价格的公告,其他,2024-05-21,https://data.eastmoney.com/notices/detail/300501/AN202405211634071191.html
300171,东富龙,东富龙:关于2021年限制性股票激励计划首次授予部分第三个归属期限制性股票归属结果暨股份上市公告,限售股份上市流通,2024-05-21,https://data.eastmoney.com/notices/detail/300171/AN202405211634071192.html
300501,海顺新材,海顺新材:关于2023年年度权益分派实施公告,分配方案实施,2024-05-21,https://data.eastmoney.com/notices/detail/300501/AN202405211634071189.html
002916,深南电路,深南电路:2024年5月21日投资者关系活动记录表,调研活动,2024-05-21,https://data.eastmoney.com/notices/detail/002916/AN202405211634070702.html
301357,北方长龙,北方长龙:关于2023年年度权益分派实施公告,分配方案实施,2024-05-21,https://data.eastmoney.com/notices/detail/301357/AN202405211634070579.html
300144,宋城演艺,宋城演艺:浙江天册律师事务所关于宋城演艺发展股份有限公司2023年年度股东大会的法律意见书,法律意见书,2024-05-21,https://data.eastmoney.com/notices/detail/300144/AN202405211634070578.html
300144,宋城演艺,宋城演艺:2023年年度股东大会决议公告,分配方案决议公告,2024-05-21,https://data.eastmoney.com/notices/detail/300144/AN202405211634070577.html
300068,ST南都,南都电源:上海市锦天城律师事务所关于公司2023年年度股东大会的法律意见书,法律意见书,2024-05-21,https://data.eastmoney.com/notices/detail/300068/AN202405211634070576.html
300068,ST南都,南都电源:第七届监事会第二十一次会议决议公告,高管人员任职变动,2024-05-21,https://data.eastmoney.com/notices/detail/300068/AN202405211634070575.html
300068,ST南都,南都电源:关于回购股份比例达1%暨回购完成的公告,回购实施公告,2024-05-21,https://data.eastmoney.com/notices/detail/300068/AN202405211634070574.html
300068,ST南都,南都电源:2023年年度股东大会决议公告,分配方案决议公告,2024-05-21,https://data.eastmoney.com/notices/detail/300068/AN202405211634070573.html
301141,中科磁业,中科磁业:浙江中科磁业股份有限公司2023年年度权益分派实施公告,分配方案实施,2024-05-21,https://data.eastmoney.com/notices/detail/301141/AN202405211634070449.html
300793,佳禾智能,佳禾智能:关于可转换公司债券转股价格调整的公告,其他,2024-05-21,https://data.eastmoney.com/notices/detail/300793/AN202405211634070433.html
300793,佳禾智能,佳禾智能:2023年年度权益分派实施公告,分配方案实施,2024-05-21,https://data.eastmoney.com/notices/detail/300793/AN202405211634070432.html
301060,兰卫医学,兰卫医学:关于公司董事、副总经理短线交易、违规减持公司股票暨致歉的公告,致歉公告,2024-05-21,https://data.eastmoney.com/notices/detail/301060/AN202405211634070431.html
301060,兰卫医学,兰卫医学:关于公司董事、副总经理收到中国证券监督管理委员会上海监管局行政监管措施决定书的公告,其他,2024-05-21,https://data.eastmoney.com/notices/detail/301060/AN202405211634070430.html
002401,中远海科,中远海科:2024年5月21日投资者关系活动记录表,调研活动,2024-05-21,https://data.eastmoney.com/notices/detail/002401/AN202405211634070457.html
301030,*ST仕净,仕净科技:2023年年度权益分派实施的公告,分配方案实施,2024-05-21,https://data.eastmoney.com/notices/detail/301030/AN202405211634070370.html
300218,安利股份,安利股份:关于公司及控股子公司同时成为阿迪达斯合格供应商的公告,其他,2024-05-21,https://data.eastmoney.com/notices/detail/300218/AN202405211634070369.html
301260,格力博,格力博:关于控股股东、实际控制人增持股份计划的进展公告,股东/实际控制人股份增持,2024-05-21,https://data.eastmoney.com/notices/detail/301260/AN202405211634070371.html
000027,深圳能源,深圳能源:深圳能源集团股份有限公司关于“19深能G2”票面利率调整及回售实施办法第一次提示性公告,其他,2024-05-21,https://data.eastmoney.com/notices/detail/000027/AN202405211634070360.html
000402,金融街,金融街:公司债券(23金街06)2024年付息公告,其他,2024-05-21,https://data.eastmoney.com/notices/detail/000402/AN202405211634070359.html
301260,格力博,格力博:关于独立董事辞职的公告,高管人员任职变动,2024-05-21,https://data.eastmoney.com/notices/detail/301260/AN202405211634070357.html
000402,金融街,金融街:公司债券(23金街05)2024年付息公告,其他,2024-05-21,https://data.eastmoney.com/notices/detail/000402/AN202405211634070358.html
300081,ST恒信,恒信东方:2023年度股东大会之法律意见书,法律意见书,2024-05-21,https://data.eastmoney.com/notices/detail/300081/AN202405211634069856.html
300081,ST恒信,恒信东方:2023年度股东大会决议公告,分配方案决议公告,2024-05-21,https://data.eastmoney.com/notices/detail/300081/AN202405211634069855.html
002913,奥士康,奥士康:2024年5月21日投资者关系活动记录表,调研活动,2024-05-21,https://data.eastmoney.com/notices/detail/002913/AN202405211634069894.html
002527,新时达,新时达:2024年5月21日投资者关系活动记录表,调研活动,2024-05-21,https://data.eastmoney.com/notices/detail/002527/AN202405211634069756.html
002216,三全食品,三全食品:2024年5月21日投资者关系活动记录表,调研活动,2024-05-21,https://data.eastmoney.com/notices/detail/002216/AN202405211634068653.html
300572,安车检测,安车检测:北京市中伦(深圳)律师事务所关于深圳市安车检测股份有限公司2023年度股东大会的法律意见书,法律意见书,2024-05-21,https://data.eastmoney.com/notices/detail/300572/AN202405211634068871.html
300572,安车检测,安车检测:2023年度股东大会决议公告,分配方案决议公告,2024-05-21,https://data.eastmoney.com/notices/detail/300572/AN202405211634068870.html
300013,新宁物流,*ST新宁:2023年年度股东大会决议公告,分配方案决议公告,2024-05-21,https://data.eastmoney.com/notices/detail/300013/AN202405211634068546.html
300159,新研股份,新研股份:2023年度股东大会法律意见书,法律意见书,2024-05-21,https://data.eastmoney.com/notices/detail/300159/AN202405211634068549.html
300126,锐奇股份,锐奇股份:2023年度股东大会法律意见书,法律意见书,2024-05-21,https://data.eastmoney.com/notices/detail/300126/AN202405211634068544.html
300126,锐奇股份,锐奇股份:第六届监事会第1次会议决议公告,高管人员任职变动,2024-05-21,https://data.eastmoney.com/notices/detail/300126/AN202405211634068545.html
300126,锐奇股份,锐奇股份:关于完成公司监事会换届选举的公告,高管人员任职变动,2024-05-21,https://data.eastmoney.com/notices/detail/300126/AN202405211634068539.html
300126,锐奇股份,锐奇股份:第六届董事会第1次会议决议公告,高管人员任职变动,2024-05-21,https://data.eastmoney.com/notices/detail/300126/AN202405211634068541.html
300126,锐奇股份,锐奇股份:第六届董事会独立董事专门会议2024年第1次会议决议,高管人员任职变动,2024-05-21,https://data.eastmoney.com/notices/detail/300126/AN202405211634068543.html
300013,新宁物流,*ST新宁:2023年年度股东大会法律意见书,法律意见书,2024-05-21,https://data.eastmoney.com/notices/detail/300013/AN202405211634068547.html
300126,锐奇股份,锐奇股份:关于完成公司董事会换届选举的公告,高管人员任职变动,2024-05-21,https://data.eastmoney.com/notices/detail/300126/AN202405211634068542.html
300126,锐奇股份,锐奇股份:2023年度股东大会决议公告,分配方案决议公告,2024-05-21,https://data.eastmoney.com/notices/detail/300126/AN202405211634068538.html
300126,锐奇股份,锐奇股份:关于聘任公司高级管理人员和董事会秘书的公告,高管人员任职变动,2024-05-21,https://data.eastmoney.com/notices/detail/300126/AN202405211634068540.html
300452,山河药辅,山河药辅:2024-050-关于实施2023年年度权益分派调整可转债转股价格的公告,其他,2024-05-21,https://data.eastmoney.com/notices/detail/300452/AN202405211634068512.html
300272,开能健康,开能健康:关于2023年年度权益分派实施后调整回购股份价格上限的公告,回购方案修订,2024-05-21,https://data.eastmoney.com/notices/detail/300272/AN202405211634068511.html
300272,开能健康,开能健康:2023年年度权益分派实施公告,分配方案实施,2024-05-21,https://data.eastmoney.com/notices/detail/300272/AN202405211634068502.html
300272,开能健康,开能健康:关于可转换公司债券转股价格调整的公告,其他,2024-05-21,https://data.eastmoney.com/notices/detail/300272/AN202405211634068501.html
300452,山河药辅,山河药辅:2024-048-关于2023年年度权益分派实施后调整回购股份价格上限的公告,回购方案修订,2024-05-21,https://data.eastmoney.com/notices/detail/300452/AN202405211634068498.html
300452,山河药辅,山河药辅:2024-049-2023年年度权益分派实施公告,分配方案实施,2024-05-21,https://data.eastmoney.com/notices/detail/300452/AN202405211634068506.html
300452,山河药辅,山河药辅:关于控股股东可转换公司债券持有比例变动达10%的公告,其他,2024-05-21,https://data.eastmoney.com/notices/detail/300452/AN202405211634068503.html
301381,赛维时代,赛维时代:关于2024年限制性股票激励计划内幕信息知情人买卖公司股票情况的自查报告,自查报告,2024-05-21,https://data.eastmoney.com/notices/detail/301381/AN202405211634068505.html
301381,赛维时代,赛维时代:北京市金杜(深圳)律师事务所关于赛维时代科技股份有限公司2023年年度股东大会之法律意见书,法律意见书,2024-05-21,https://data.eastmoney.com/notices/detail/301381/AN202405211634068500.html
301381,赛维时代,赛维时代:2023年年度股东大会决议公告,分配方案决议公告,2024-05-21,https://data.eastmoney.com/notices/detail/301381/AN202405211634068507.html
300888,稳健医疗,稳健医疗:2023年年度股东大会法律意见书,法律意见书,2024-05-21,https://data.eastmoney.com/notices/detail/300888/AN202405211634068504.html
300888,稳健医疗,稳健医疗:2023年年度股东大会决议公告,分配方案决议公告,2024-05-21,https://data.eastmoney.com/notices/detail/300888/AN202405211634068499.html
301126,达嘉维康,达嘉维康:2023年年度权益分派实施公告,分配方案实施,2024-05-21,https://data.eastmoney.com/notices/detail/301126/AN202405211634068492.html
300253,卫宁健康,卫宁健康:关于权益分派期间卫宁转债暂停转股的提示性公告,分配预案,2024-05-21,https://data.eastmoney.com/notices/detail/300253/AN202405211634068491.html
301126,达嘉维康,达嘉维康:关于2023年年度权益分派实施后调整回购股份价格上限和数量的公告,回购方案修订,2024-05-21,https://data.eastmoney.com/notices/detail/301126/AN202405211634068477.html
002533,金杯电工,金杯电工:002533金杯电工投资者关系管理信息20240521,调研活动,2024-05-21,https://data.eastmoney.com/notices/detail/002533/AN202405211634068252.html
300223,君正股份,北京君正:2023年度分红派息实施公告,分配方案实施,2024-05-21,https://data.eastmoney.com/notices/detail/300223/AN202405211634068292.html
300207,欣旺达,欣旺达:2024年第四次临时股东大会决议公告,股东大会决议公告,2024-05-21,https://data.eastmoney.com/notices/detail/300207/AN202405211634068081.html
300207,欣旺达,欣旺达:广东信达律师事务所关于欣旺达电子股份有限公司2024年第四次临时股东大会的法律意见书,法律意见书,2024-05-21,https://data.eastmoney.com/notices/detail/300207/AN202405211634068083.html
300762,上海瀚讯,上海瀚讯:累积投票制实施细则,议事规则/实施细则,2024-05-21,https://data.eastmoney.com/notices/detail/300762/AN202405211634068079.html
300762,上海瀚讯,上海瀚讯:北京植德(上海)律师事务所关于上海瀚讯信息技术股份有限公司2023年年度股东大会的法律意见书,法律意见书,2024-05-21,https://data.eastmoney.com/notices/detail/300762/AN202405211634068080.html
300762,上海瀚讯,上海瀚讯:公司章程,公司章程,2024-05-21,https://data.eastmoney.com/notices/detail/300762/AN202405211634068078.html
300762,上海瀚讯,上海瀚讯:2023年年度股东大会决议公告,分配方案决议公告,2024-05-21,https://data.eastmoney.com/notices/detail/300762/AN202405211634068077.html
300207,欣旺达,欣旺达:关于2024年限制性股票激励计划内幕信息知情人买卖公司股票情况的自查报告,自查报告,2024-05-21,https://data.eastmoney.com/notices/detail/300207/AN202405211634068082.html
301316,慧博云通,慧博云通:2024年5月21日投资者关系活动记录表,调研活动,2024-05-21,https://data.eastmoney.com/notices/detail/301316/AN202405211634067236.html
920207,众诚科技,众诚科技:关于拟减少注册资本通知债权人的公告（更正后）,公司注册资本变更,2024-05-21,https://data.eastmoney.com/notices/detail/920207/AN202405211634067749.html
920207,众诚科技,众诚科技:关于拟减少注册资本通知债权人的公告(更正公告),公司注册资本变更,2024-05-21,https://data.eastmoney.com/notices/detail/920207/AN202405211634067750.html
301223,中荣股份,中荣股份:北京市中伦(深圳)律师事务所关于中荣印刷集团股份有限公司2023年度股东大会的法律意见书,法律意见书,2024-05-21,https://data.eastmoney.com/notices/detail/301223/AN202405211634067341.html
301223,中荣股份,中荣股份:2023年度股东大会决议公告,分配方案决议公告,2024-05-21,https://data.eastmoney.com/notices/detail/301223/AN202405211634067340.html
300533,冰川网络,冰川网络:关于使用闲置自有资金购买理财产品的进展公告,投资理财,2024-05-21,https://data.eastmoney.com/notices/detail/300533/AN202405211634067339.html
300391,长药退,长药控股:2023年年度股东大会决议公告,分配方案决议公告,2024-05-21,https://data.eastmoney.com/notices/detail/300391/AN202405211634067128.html
300391,长药退,长药控股:湖北英达律师事务所关于长江医药控股股份有限公司2023年年度股东大会的法律意见书,法律意见书,2024-05-21,https://data.eastmoney.com/notices/detail/300391/AN202405211634067129.html
300568,星源材质,星源材质:300568星源材质调研活动信息20240521,调研活动,2024-05-21,https://data.eastmoney.com/notices/detail/300568/AN202405211634066326.html
301177,迪阿股份,迪阿股份:中信建投证券股份有限公司关于迪阿股份有限公司2023年度定期现场检查报告,保荐/核查意见,2024-05-21,https://data.eastmoney.com/notices/detail/301177/AN202405211634066876.html
301177,迪阿股份,迪阿股份:中信建投证券股份有限公司关于迪阿股份有限公司2023年度持续督导跟踪报告,保荐/核查意见,2024-05-21,https://data.eastmoney.com/notices/detail/301177/AN202405211634066875.html
301215,中汽股份,中汽股份:2024-032第二届监事会第八次会议决议公告,高管人员任职变动,2024-05-21,https://data.eastmoney.com/notices/detail/301215/AN202405211634066874.html
301215,中汽股份,中汽股份:北京市君合(深圳)律师事务所关于中汽研汽车试验场股份有限公司2023年年度股东大会的法律意见书,法律意见书,2024-05-21,https://data.eastmoney.com/notices/detail/301215/AN202405211634066873.html
301215,中汽股份,中汽股份:2024-0312023年年度股东大会决议公告,分配方案决议公告,2024-05-21,https://data.eastmoney.com/notices/detail/301215/AN202405211634066872.html
300763,锦浪科技,锦浪科技:关于2023年年度权益分派实施后调整回购股份价格上限的公告,回购方案修订,2024-05-21,https://data.eastmoney.com/notices/detail/300763/AN202405211634066871.html
300763,锦浪科技,锦浪科技:关于子公司为子公司提供担保的公告,提供/对外担保公告,2024-05-21,https://data.eastmoney.com/notices/detail/300763/AN202405211634066870.html
300763,锦浪科技,锦浪科技:2023年年度权益分派实施公告,分配方案实施,2024-05-21,https://data.eastmoney.com/notices/detail/300763/AN202405211634066869.html
002317,众生药业,众生药业:2024年5月21日投资者关系活动记录表,调研活动,2024-05-21,https://data.eastmoney.com/notices/detail/002317/AN202405211634066322.html
000790,华神科技,华神科技:2024年5月21日投资者关系活动记录表,调研活动,2024-05-21,https://data.eastmoney.com/notices/detail/000790/AN202405211634066300.html
300592,华凯易佰,华凯易佰:董事会关于本次交易符合《创业板上市公司持续监管办法(试行)》第十八条和《深圳证券交易所上市公司重大资产重组审核规则》第八条规定的说明,专项说明/独立意见,2024-05-21,https://data.eastmoney.com/notices/detail/300592/AN202405211634066574.html
300592,华凯易佰,华凯易佰:董事会关于评估机构的独立性、评估假设前提的合理性、评估方法与评估目的的相关性以及评估定价的公允性的说明,专项说明/独立意见,2024-05-21,https://data.eastmoney.com/notices/detail/300592/AN202405211634066573.html
300592,华凯易佰,华凯易佰:董事会关于本次交易摊薄即期回报情况及填补措施的说明,专项说明/独立意见,2024-05-21,https://data.eastmoney.com/notices/detail/300592/AN202405211634066572.html
301337,亚华电子,亚华电子:2023年年度股东大会决议公告,分配方案决议公告,2024-05-21,https://data.eastmoney.com/notices/detail/301337/AN202405211634066571.html
300592,华凯易佰,华凯易佰:华凯易佰科技股份有限公司重大资产购买报告书(草案),要约收购报告书,2024-05-21,https://data.eastmoney.com/notices/detail/300592/AN202405211634066473.html
300592,华凯易佰,华凯易佰:西部证券股份有限公司关于华凯易佰科技股份有限公司本次交易首次披露前公司股票价格波动情况的核查意见,保荐/核查意见,2024-05-21,https://data.eastmoney.com/notices/detail/300592/AN202405211634066470.html
300592,华凯易佰,华凯易佰:西部证券股份有限公司关于本次交易符合《上市公司重大资产重组管理办法》第十一条及不适用第四十三条、第四十四条规定的核查意见,保荐/核查意见,2024-05-21,https://data.eastmoney.com/notices/detail/300592/AN202405211634066476.html
300592,华凯易佰,华凯易佰:西部证券股份有限公司关于华凯易佰科技股份有限公司本次交易产业政策和交易类型之独立财务顾问核查意见,保荐/核查意见,2024-05-21,https://data.eastmoney.com/notices/detail/300592/AN202405211634066471.html
300592,华凯易佰,华凯易佰:关于收购深圳市通拓科技有限公司100%股权进展暨签署《股权收购协议》的公告,签订协议,2024-05-21,https://data.eastmoney.com/notices/detail/300592/AN202405211634066469.html
301067,显盈科技,显盈科技:北京市中伦(深圳)律师事务所关于深圳市显盈科技股份有限公司2023年年度股东大会的法律意见书,法律意见书,2024-05-21,https://data.eastmoney.com/notices/detail/301067/AN202405211634066500.html
300592,华凯易佰,华凯易佰:第三届监事会第二十六次会议决议公告,监事会决议公告,2024-05-21,https://data.eastmoney.com/notices/detail/300592/AN202405211634066475.html
300592,华凯易佰,华凯易佰:独立董事关于第三届董事会第三十四次会议相关事项的独立意见,专项说明/独立意见,2024-05-21,https://data.eastmoney.com/notices/detail/300592/AN202405211634066491.html
300592,华凯易佰,华凯易佰:湖南启元律师事务所关于华凯易佰科技股份有限公司重大资产购买的法律意见书,法律意见书,2024-05-21,https://data.eastmoney.com/notices/detail/300592/AN202405211634066498.html
300592,华凯易佰,华凯易佰:西部证券股份有限公司关于本次交易相关主体不存在依据《上市公司监管指引第7号—上市公司重大资产重组相关股票异常交易监管》第十二条不得参与任何上市公司重大资产重组情形的核查意见,保荐/核查意见,2024-05-21,https://data.eastmoney.com/notices/detail/300592/AN202405211634066472.html
300592,华凯易佰,华凯易佰:第三届董事会第三十四次会议决议公告,董事会决议公告,2024-05-21,https://data.eastmoney.com/notices/detail/300592/AN202405211634066480.html
300592,华凯易佰,华凯易佰:董事会关于本次交易不构成《上市公司重大资产重组管理办法》第十三条规定的重组上市情形的说明,专项说明/独立意见,2024-05-21,https://data.eastmoney.com/notices/detail/300592/AN202405211634066492.html
300592,华凯易佰,华凯易佰:深圳市通拓科技有限公司2022年度及2023年度审计报告,审计报告,2024-05-21,https://data.eastmoney.com/notices/detail/300592/AN202405211634066494.html
300592,华凯易佰,华凯易佰:湖南启元律师事务所关于华凯易佰科技股份有限公司内幕信息知情人登记制度的制定和执行情况的核查意见,保荐/核查意见,2024-05-21,https://data.eastmoney.com/notices/detail/300592/AN202405211634066490.html
300592,华凯易佰,华凯易佰:独立董事关于评估机构的独立性、评估假设前提的合理性、评估方法与评估目的的相关性以及评估定价的公允性的独立意见,专项说明/独立意见,2024-05-21,https://data.eastmoney.com/notices/detail/300592/AN202405211634066493.html
300592,华凯易佰,华凯易佰:董事会关于本次交易前十二个月内购买、出售资产情况的说明,专项说明/独立意见,2024-05-21,https://data.eastmoney.com/notices/detail/300592/AN202405211634066497.html
300592,华凯易佰,华凯易佰:华凯易佰科技股份有限公司备考合并财务报表审阅报告,保荐/核查意见,2024-05-21,https://data.eastmoney.com/notices/detail/300592/AN202405211634066495.html
300592,华凯易佰,华凯易佰:西部证券股份有限公司关于本次交易不构成《上市公司重大资产重组管理办法》第十三条规定的重组上市情形的核查意见,保荐/核查意见,2024-05-21,https://data.eastmoney.com/notices/detail/300592/AN202405211634066485.html
301337,亚华电子,亚华电子:北京德和衡律师事务所关于山东亚华电子股份有限公司2023年年度股东大会的法律意见书,法律意见书,2024-05-21,https://data.eastmoney.com/notices/detail/301337/AN202405211634066501.html
300592,华凯易佰,华凯易佰:关于公司暂不召开临时股东大会的公告,其他,2024-05-21,https://data.eastmoney.com/notices/detail/300592/AN202405211634066483.html
300592,华凯易佰,华凯易佰:西部证券股份有限公司关于华凯易佰科技股份有限公司重大资产购买之独立财务顾问报告,保荐/核查意见,2024-05-21,https://data.eastmoney.com/notices/detail/300592/AN202405211634066481.html
300592,华凯易佰,华凯易佰:董事会关于本次交易首次披露前上市公司股票价格波动情况的说明,专项说明/独立意见,2024-05-21,https://data.eastmoney.com/notices/detail/300592/AN202405211634066486.html
300592,华凯易佰,华凯易佰:深圳市通拓科技有限公司股东全部权益价值资产评估报告,其他,2024-05-21,https://data.eastmoney.com/notices/detail/300592/AN202405211634066488.html
300592,华凯易佰,华凯易佰:华凯易佰科技股份有限公司重大资产购买报告书(草案)摘要,要约收购报告书摘要,2024-05-21,https://data.eastmoney.com/notices/detail/300592/AN202405211634066467.html
300592,华凯易佰,华凯易佰:西部证券股份有限公司关于华凯易佰科技股份有限公司内幕信息知情人登记制度的制定和执行情况的核查意见,保荐/核查意见,2024-05-21,https://data.eastmoney.com/notices/detail/300592/AN202405211634066478.html
300592,华凯易佰,华凯易佰:西部证券股份有限公司关于华凯易佰科技股份有限公司本次交易摊薄即期回报情况及填补措施的核查意见,保荐/核查意见,2024-05-21,https://data.eastmoney.com/notices/detail/300592/AN202405211634066474.html
300592,华凯易佰,华凯易佰:董事会关于本次交易履行法定程序的完备性、合规性及提交的法律文件的有效性的说明,专项说明/独立意见,2024-05-21,https://data.eastmoney.com/notices/detail/300592/AN202405211634066489.html
300592,华凯易佰,华凯易佰:西部证券股份有限公司在充分尽职调查和内核基础上出具的承诺函,其他,2024-05-21,https://data.eastmoney.com/notices/detail/300592/AN202405211634066477.html
300592,华凯易佰,华凯易佰:西部证券股份有限公司关于华凯易佰科技股份有限公司本次交易前十二个月内购买、出售资产情况的核查意见,保荐/核查意见,2024-05-21,https://data.eastmoney.com/notices/detail/300592/AN202405211634066468.html
300592,华凯易佰,华凯易佰:董事会关于本次交易相关主体不存在依据《上市公司监管指引第7号—上市公司重大资产重组相关股票异常交易监管》第十二条不得参与任何上市公司重大资产重组情形的说明,专项说明/独立意见,2024-05-21,https://data.eastmoney.com/notices/detail/300592/AN202405211634066496.html
300592,华凯易佰,华凯易佰:西部证券股份有限公司关于本次交易符合《关于加强证券公司在投资银行类业务中聘请第三方等廉洁从业风险防控的意见》相关规定的核查意见,保荐/核查意见,2024-05-21,https://data.eastmoney.com/notices/detail/300592/AN202405211634066484.html
300592,华凯易佰,华凯易佰:西部证券股份有限公司关于本次交易符合《上市公司监管指引第9号——上市公司筹划和实施重大资产重组的监管要求》第四条规定的核查意见,保荐/核查意见,2024-05-21,https://data.eastmoney.com/notices/detail/300592/AN202405211634066479.html
300592,华凯易佰,华凯易佰:关于披露重组报告书暨一般风险提示性公告,风险提示性公告,2024-05-21,https://data.eastmoney.com/notices/detail/300592/AN202405211634066482.html
300592,华凯易佰,华凯易佰:董事会关于本次交易中是否存在直接或间接有偿聘请其他第三方机构或个人的说明,专项说明/独立意见,2024-05-21,https://data.eastmoney.com/notices/detail/300592/AN202405211634066487.html
301067,显盈科技,显盈科技:2023年年度股东大会决议公告,分配方案决议公告,2024-05-21,https://data.eastmoney.com/notices/detail/301067/AN202405211634066499.html
300592,华凯易佰,华凯易佰:董事会关于本次交易符合《上市公司监管指引第9号——上市公司筹划和实施重大资产重组的监管要求》第四条规定的说明,专项说明/独立意见,2024-05-21,https://data.eastmoney.com/notices/detail/300592/AN202405211634066429.html
300592,华凯易佰,华凯易佰:董事会关于本次交易符合《上市公司重大资产重组管理办法》第十一条及不适用第四十三条、第四十四条规定的说明,专项说明/独立意见,2024-05-21,https://data.eastmoney.com/notices/detail/300592/AN202405211634066427.html
300592,华凯易佰,华凯易佰:董事会关于本次交易采取的保密措施及保密制度的说明,专项说明/独立意见,2024-05-21,https://data.eastmoney.com/notices/detail/300592/AN202405211634066428.html
300592,华凯易佰,华凯易佰:关于增加公司2024年度向银行申请授信额度及担保事项的公告,其他担保公告,2024-05-21,https://data.eastmoney.com/notices/detail/300592/AN202405211634066426.html
301148,嘉戎技术,嘉戎技术:2023年年度股东大会决议公告,分配方案决议公告,2024-05-21,https://data.eastmoney.com/notices/detail/301148/AN202405211634066425.html
301188,力诺药包,力诺特玻:北京市中伦律师事务所关于山东力诺特种玻璃股份有限公司2023年年度股东大会的法律意见书,法律意见书,2024-05-21,https://data.eastmoney.com/notices/detail/301188/AN202405211634066424.html
300042,朗科科技,朗科科技:2023年年度股东大会的法律意见书,法律意见书,2024-05-21,https://data.eastmoney.com/notices/detail/300042/AN202405211634066423.html
301372,科净源,科净源:2023年年度股东大会决议公告,分配方案决议公告,2024-05-21,https://data.eastmoney.com/notices/detail/301372/AN202405211634066422.html
301372,科净源,科净源:北京市天元律师事务所关于北京科净源科技股份有限公司2023年年度股东大会的法律意见,法律意见书,2024-05-21,https://data.eastmoney.com/notices/detail/301372/AN202405211634066370.html
300570,太辰光,太辰光:广东深天成律师事务所关于太辰光2023年度股东大会法律意见书,法律意见书,2024-05-21,https://data.eastmoney.com/notices/detail/300570/AN202405211634066368.html
300570,太辰光,太辰光:2023年度股东大会决议公告,分配方案决议公告,2024-05-21,https://data.eastmoney.com/notices/detail/300570/AN202405211634066369.html
300042,朗科科技,朗科科技:2023年年度股东大会决议公告,分配方案决议公告,2024-05-21,https://data.eastmoney.com/notices/detail/300042/AN202405211634066367.html
300460,ST惠伦,惠伦晶体:北京市天元(广州)律师事务所关于广东惠伦晶体科技股份有限公司2023年度股东大会之法律意见,法律意见书,2024-05-21,https://data.eastmoney.com/notices/detail/300460/AN202405211634066371.html
300460,ST惠伦,惠伦晶体:2023年度股东大会决议公告,分配方案决议公告,2024-05-21,https://data.eastmoney.com/notices/detail/300460/AN202405211634066366.html
301148,嘉戎技术,嘉戎技术:厦门嘉戎技术股份有限公司2023年年度股东大会法律意见书,法律意见书,2024-05-21,https://data.eastmoney.com/notices/detail/301148/AN202405211634066365.html
301188,力诺药包,力诺特玻:2023年年度股东大会决议公告,其他增发事项公告,2024-05-21,https://data.eastmoney.com/notices/detail/301188/AN202405211634066364.html
920663,明阳科技,明阳科技:涉及诉讼进展公告(更正公告),诉讼仲裁,2024-05-21,https://data.eastmoney.com/notices/detail/920663/AN202405211634066212.html
920663,明阳科技,明阳科技:涉及诉讼进展公告(更正后),诉讼仲裁,2024-05-21,https://data.eastmoney.com/notices/detail/920663/AN202405211634066211.html
301226,祥明智能,祥明智能:关于常州祥明智能动力股份有限公司2023年年度股东大会之法律意见,法律意见书,2024-05-21,https://data.eastmoney.com/notices/detail/301226/AN202405211634066227.html
301226,祥明智能,祥明智能:2023年年度股东大会决议公告,其他增发事项公告,2024-05-21,https://data.eastmoney.com/notices/detail/301226/AN202405211634066228.html
300578,会畅科技,会畅通讯:2023年年度股东大会决议公告,分配方案决议公告,2024-05-21,https://data.eastmoney.com/notices/detail/300578/AN202405211634066141.html
300231,银信科技,银信科技:2023年年度权益分派实施公告,分配方案实施,2024-05-21,https://data.eastmoney.com/notices/detail/300231/AN202405211634066140.html
300776,帝尔激光,帝尔激光:关于权益分派期间帝尔转债暂停转股的提示性公告,分配预案,2024-05-21,https://data.eastmoney.com/notices/detail/300776/AN202405211634066137.html
300231,银信科技,银信科技:关于可转债转股价格调整的公告,其他,2024-05-21,https://data.eastmoney.com/notices/detail/300231/AN202405211634066136.html
300227,光韵达,光韵达:关于深圳光韵达光电科技股份有限公司2023年年度股东大会之法律意见书,法律意见书,2024-05-21,https://data.eastmoney.com/notices/detail/300227/AN202405211634066138.html
300227,光韵达,光韵达:2023年度股东大会决议公告,分配方案决议公告,2024-05-21,https://data.eastmoney.com/notices/detail/300227/AN202405211634066135.html
300578,会畅科技,会畅通讯:上海市方达律师事务所关于公司2023年年度股东大会的法律意见书,法律意见书,2024-05-21,https://data.eastmoney.com/notices/detail/300578/AN202405211634066134.html
301231,荣信文化,荣信文化:关于使用闲置自有资金进行委托理财的进展公告,委托（受托）事项,2024-05-21,https://data.eastmoney.com/notices/detail/301231/AN202405211634066133.html
301206,三元生物,301206:三元生物年报问询函,年报问询函,2024-05-21,https://data.eastmoney.com/notices/detail/301206/AN202405211634066030.html
301332,德尔玛,德尔玛:德尔玛2023年度股东大会法律意见,法律意见书,2024-05-21,https://data.eastmoney.com/notices/detail/301332/AN202405211634065398.html
301332,德尔玛,德尔玛:2023年度股东大会决议公告,分配方案决议公告,2024-05-21,https://data.eastmoney.com/notices/detail/301332/AN202405211634065397.html
920748,路桥信息,路桥信息:福建天衡联合律师事务所关于厦门路桥信息股份有限公司2023年年度股东大会之法律意见书,法律意见书,2024-05-21,https://data.eastmoney.com/notices/detail/920748/AN202405211634065219.html
920748,路桥信息,路桥信息:2023年年度股东大会决议公告,分配方案决议公告,2024-05-21,https://data.eastmoney.com/notices/detail/920748/AN202405211634065220.html
300504,天邑股份,天邑股份:关于公司证券事务代表离职的公告,高管人员任职变动,2024-05-21,https://data.eastmoney.com/notices/detail/300504/AN202405211634065404.html
301408,华人健康,华人健康:安徽华人健康医药股份有限公司2023年年度报告(更新后),年度报告全文,2024-05-21,https://data.eastmoney.com/notices/detail/301408/AN202405211634065403.html
301408,华人健康,华人健康:2023年度审计报告(更新后),审计报告,2024-05-21,https://data.eastmoney.com/notices/detail/301408/AN202405211634065402.html
301408,华人健康,华人健康:关于2023年年度报告及审计报告的更正公告,年度报告更正公告,2024-05-21,https://data.eastmoney.com/notices/detail/301408/AN202405211634065401.html
301235,华康洁净,华康医疗:国浩律师(武汉)事务所关于武汉华康世纪医疗股份有限公司2023年年度股东大会法律意见书,法律意见书,2024-05-21,https://data.eastmoney.com/notices/detail/301235/AN202405211634065400.html
301235,华康洁净,华康医疗:2023年年度股东大会决议公告,分配方案决议公告,2024-05-21,https://data.eastmoney.com/notices/detail/301235/AN202405211634065399.html
300953,震裕科技,震裕科技:2023年年度权益分派实施公告,分配方案实施,2024-05-21,https://data.eastmoney.com/notices/detail/300953/AN202405211634065136.html
300953,震裕科技,震裕科技:关于震裕转债转股价格调整的公告,其他,2024-05-21,https://data.eastmoney.com/notices/detail/300953/AN202405211634065135.html
300953,震裕科技,震裕科技:关于2023年年度权益分派实施后调整回购股份价格上限的公告,回购方案修订,2024-05-21,https://data.eastmoney.com/notices/detail/300953/AN202405211634065134.html
920021,流金科技,流金科技:关于收到北京证券交易所对公司2023年年度报告问询函的公告,收到问询函公告,2024-05-21,https://data.eastmoney.com/notices/detail/920021/AN202405211634065082.html
300015,爱尔眼科,爱尔眼科:爱尔眼科2023年年度股东大会的法律意见书,法律意见书,2024-05-21,https://data.eastmoney.com/notices/detail/300015/AN202405211634064927.html
300440,运达科技,运达科技:2023年年度权益分派实施公告,分配方案实施,2024-05-21,https://data.eastmoney.com/notices/detail/300440/AN202405211634064911.html
300015,爱尔眼科,爱尔眼科:2023年年度股东大会决议公告,分配方案决议公告,2024-05-21,https://data.eastmoney.com/notices/detail/300015/AN202405211634064914.html
300329,海伦钢琴,海伦钢琴:2023年年度股东大会法律意见书,法律意见书,2024-05-21,https://data.eastmoney.com/notices/detail/300329/AN202405211634064913.html
300329,海伦钢琴,海伦钢琴:关于2023年度股东大会决议公告,分配方案决议公告,2024-05-21,https://data.eastmoney.com/notices/detail/300329/AN202405211634064912.html
920305,云创退,云创数据:关于收到北京证券交易所对公司年报的二次问询函的公告,收到问询函公告,2024-05-21,https://data.eastmoney.com/notices/detail/920305/AN202405211634064897.html
002237,恒邦股份,恒邦股份:2024年5月21日投资者关系活动记录表,调研活动,2024-05-21,https://data.eastmoney.com/notices/detail/002237/AN202405211634064541.html
300494,盛天网络,盛天网络:2024-05-21 2023年度业绩说明会投资者关系活动记录表,调研活动,2024-05-21,https://data.eastmoney.com/notices/detail/300494/AN202405211634064501.html
301227,森鹰窗业,森鹰窗业:2023年年度权益分派实施公告,分配方案实施,2024-05-21,https://data.eastmoney.com/notices/detail/301227/AN202405211634064686.html
301015,百洋医药,百洋医药:关于调整百洋转债转股价格的公告,其他,2024-05-21,https://data.eastmoney.com/notices/detail/301015/AN202405211634064685.html
300218,安利股份,安利股份:2023年年度权益分派实施公告,分配方案实施,2024-05-21,https://data.eastmoney.com/notices/detail/300218/AN202405211634064684.html
002069,獐子岛,獐子岛:002069獐子岛投资者关系管理信息20240521,调研活动,2024-05-21,https://data.eastmoney.com/notices/detail/002069/AN202405211634064478.html
300373,扬杰科技,扬杰科技:2023年年度权益分派实施公告,分配方案实施,2024-05-21,https://data.eastmoney.com/notices/detail/300373/AN202405211634064650.html
300915,海融科技,海融科技:关于使用闲置自有资金进行现金管理到期赎回的公告,投资理财,2024-05-21,https://data.eastmoney.com/notices/detail/300915/AN202405211634064652.html
301015,百洋医药,百洋医药:2023年度权益分派实施公告,分配方案实施,2024-05-21,https://data.eastmoney.com/notices/detail/301015/AN202405211634064651.html
002879,长缆科技,长缆科技:002879长缆科技投资者关系管理信息20240521(1),调研活动,2024-05-21,https://data.eastmoney.com/notices/detail/002879/AN202405211634063930.html
002879,长缆科技,长缆科技:002879长缆科技投资者关系管理信息20240521(2),调研活动,2024-05-21,https://data.eastmoney.com/notices/detail/002879/AN202405211634063931.html
300108,*ST吉药,*ST吉药:吉药控股集团股份有限公司2023年年度股东大会决议公告,分配方案决议公告,2024-05-21,https://data.eastmoney.com/notices/detail/300108/AN202405211634064414.html
300108,*ST吉药,*ST吉药:吉药控股集团股份有限公司关于公司诉讼进展的公告,诉讼仲裁,2024-05-21,https://data.eastmoney.com/notices/detail/300108/AN202405211634064412.html
300108,*ST吉药,*ST吉药:北京市天元律师事务所关于吉药控股集团股份有限公司2023年年度股东大会的法律意见,法律意见书,2024-05-21,https://data.eastmoney.com/notices/detail/300108/AN202405211634064413.html
301022,海泰科,海泰科:2024年5月21日投资者关系活动记录表,调研活动,2024-05-21,https://data.eastmoney.com/notices/detail/301022/AN202405211634063908.html
920932,科达自控,科达自控:关于投资者关系活动记录表的公告,调研活动,2024-05-21,https://data.eastmoney.com/notices/detail/920932/AN202405211634064317.html
920932,科达自控,科达自控:关于取得发明专利证书的公告,获得认证,2024-05-21,https://data.eastmoney.com/notices/detail/920932/AN202405211634064318.html
301189,奥尼电子,奥尼电子:北京市竞天公诚律师事务所关于深圳奥尼电子股份有限公司2023年年度股东大会法律意见书,法律意见书,2024-05-21,https://data.eastmoney.com/notices/detail/301189/AN202405211634064316.html
301189,奥尼电子,奥尼电子:2023年年度股东大会决议公告,分配方案决议公告,2024-05-21,https://data.eastmoney.com/notices/detail/301189/AN202405211634064315.html
300341,麦克奥迪,麦克奥迪:上海市通力律师事务所关于麦克奥迪(厦门)电气股份有限公司2023年年度股东大会的法律意见书,法律意见书,2024-05-21,https://data.eastmoney.com/notices/detail/300341/AN202405211634064314.html
300341,麦克奥迪,麦克奥迪:2023年度股东大会决议公告,分配方案决议公告,2024-05-21,https://data.eastmoney.com/notices/detail/300341/AN202405211634064313.html
300869,康泰医学,康泰医学:关于康医转债转股价格调整的公告,其他,2024-05-21,https://data.eastmoney.com/notices/detail/300869/AN202405211634063987.html
300869,康泰医学,康泰医学:2023年年度权益分派实施公告,分配方案实施,2024-05-21,https://data.eastmoney.com/notices/detail/300869/AN202405211634063986.html
000027,深圳能源,深圳能源:000027深圳能源投资者关系管理信息20240521,调研活动,2024-05-21,https://data.eastmoney.com/notices/detail/000027/AN202405211634063522.html
920685,新芝生物,新芝生物:2023年年度权益分派实施公告,分配方案实施,2024-05-21,https://data.eastmoney.com/notices/detail/920685/AN202405211634063711.html
920685,新芝生物,新芝生物:关于使用部分闲置募集资金进行现金管理的进展公告,募集资金使用进展情况,2024-05-21,https://data.eastmoney.com/notices/detail/920685/AN202405211634063710.html
300118,东方日升,东方日升:2023年年度股东大会决议公告,分配方案决议公告,2024-05-21,https://data.eastmoney.com/notices/detail/300118/AN202405211634063696.html
301325,曼恩斯特,曼恩斯特:2024年5月21日投资者关系活动记录表,调研活动,2024-05-21,https://data.eastmoney.com/notices/detail/301325/AN202405211634063496.html
300118,东方日升,东方日升:浙江和义观达律师事务所关于东方日升2023年年度股东大会的法律意见书,法律意见书,2024-05-21,https://data.eastmoney.com/notices/detail/300118/AN202405211634063619.html
920062,科润智控,科润智控:关于收到北京证券交易所《关于科润智能控制股份有限公司向特定对象发行股票申请文件的审核问询函》的公告,收到问询函公告,2024-05-21,https://data.eastmoney.com/notices/detail/920062/AN202405211634063586.html
300614,百川畅银,百川畅银:中原证券股份有限公司关于河南百川畅银环保能源股份有限公司首次公开发行前已发行股份上市流通的核查意见,保荐/核查意见,2024-05-21,https://data.eastmoney.com/notices/detail/300614/AN202405211634063595.html
300614,百川畅银,百川畅银:首次公开发行前已发行股份上市流通提示性公告,限售股份上市流通,2024-05-21,https://data.eastmoney.com/notices/detail/300614/AN202405211634063594.html
300220,金运激光,ST金运:第六届监事会第一次会议决议公告,高管人员任职变动,2024-05-21,https://data.eastmoney.com/notices/detail/300220/AN202405211634063593.html
300220,金运激光,ST金运:第六届董事会第一次会议决议公告,高管人员任职变动,2024-05-21,https://data.eastmoney.com/notices/detail/300220/AN202405211634063592.html
300220,金运激光,ST金运:选举产生第六届监事会职工代表监事的公告,高管人员任职变动,2024-05-21,https://data.eastmoney.com/notices/detail/300220/AN202405211634063591.html
920252,天宏锂电,天宏锂电:关于收到北京证券交易所对公司年报问询函的公告,收到问询函公告,2024-05-21,https://data.eastmoney.com/notices/detail/920252/AN202405211634063567.html
002174,游族网络,游族网络:2024年5月21日投资者关系活动记录表,调研活动,2024-05-21,https://data.eastmoney.com/notices/detail/002174/AN202405211634063340.html
000100,TCL科技,TCL科技:2024年5月21日投资者关系活动记录表,调研活动,2024-05-21,https://data.eastmoney.com/notices/detail/000100/AN202405211634063339.html
300384,三联虹普,三联虹普:北京市竞天公诚律师事务所关于北京三联虹普新合纤技术服务股份有限公司2023年年度股东大会的法律意见书,法律意见书,2024-05-21,https://data.eastmoney.com/notices/detail/300384/AN202405211634063399.html
300384,三联虹普,三联虹普:关于公司2023年年度股东大会决议的公告,分配方案决议公告,2024-05-21,https://data.eastmoney.com/notices/detail/300384/AN202405211634063397.html
920021,流金科技,【2024年】第017号关于对北京流金岁月传媒科技股份有限公司的年报问询函,年报问询函,2024-05-21,https://data.eastmoney.com/notices/detail/920021/AN202405211634063237.html
920252,天宏锂电,【2024年】第018号关于对浙江天宏锂电股份有限公司的年报问询函,年报问询函,2024-05-21,https://data.eastmoney.com/notices/detail/920252/AN202405211634063236.html
920249,利尔达,利尔达:关于投资者关系活动记录表的公告,调研活动,2024-05-21,https://data.eastmoney.com/notices/detail/920249/AN202405211634063056.html
300580,贝斯特,贝斯特:300580贝斯特投资者关系管理信息20240521,调研活动,2024-05-21,https://data.eastmoney.com/notices/detail/300580/AN202405211634063067.html
002801,微光股份,微光股份:2023年度业绩说明会投资者关系活动记录表,调研活动,2024-05-21,https://data.eastmoney.com/notices/detail/002801/AN202405211634063066.html
301193,家联科技,家联科技:回购报告书,回购报告书,2024-05-21,https://data.eastmoney.com/notices/detail/301193/AN202405211634062967.html
920508,殷图网联,殷图网联:2023年年度股东大会决议公告,分配方案决议公告,2024-05-21,https://data.eastmoney.com/notices/detail/920508/AN202405211634062896.html
920508,殷图网联,殷图网联:北京市中伦律师事务所关于北京殷图网联科技股份有限公司2023年年度股东大会之法律意见书,法律意见书,2024-05-21,https://data.eastmoney.com/notices/detail/920508/AN202405211634062897.html
920305,云创退,【2024年】第016号关于对南京云创大数据科技股份有限公司年报的二次问询函,问询函,2024-05-21,https://data.eastmoney.com/notices/detail/920305/AN202405211634062031.html
002995,天地在线,天地在线:2024年5月21日投资者关系活动记录表,调研活动,2024-05-21,https://data.eastmoney.com/notices/detail/002995/AN202405211634061152.html
000966,长源电力,长源电力:000966长源电力投资者关系管理信息20240521,调研活动,2024-05-21,https://data.eastmoney.com/notices/detail/000966/AN202405211634061134.html
000561,烽火电子,烽火电子:000561烽火电子投资者关系管理信息20240521,调研活动,2024-05-21,https://data.eastmoney.com/notices/detail/000561/AN202405211634061135.html
300473,德尔股份,德尔股份:北京市汉坤律师事务所上海分所关于阜新德尔汽车部件股份有限公司2023年年度股东大会的法律意见书,法律意见书,2024-05-21,https://data.eastmoney.com/notices/detail/300473/AN202405211634061777.html
300473,德尔股份,德尔股份:2023年年度股东大会决议公告,分配方案决议公告,2024-05-21,https://data.eastmoney.com/notices/detail/300473/AN202405211634061776.html
920639,晨光电缆,晨光电缆:2023年年度股东大会决议公告,分配方案决议公告,2024-05-21,https://data.eastmoney.com/notices/detail/920639/AN202405211634061775.html
920639,晨光电缆,晨光电缆:上海市锦天城律师事务所关于浙江晨光电缆股份有限公司2023年年度股东大会的法律意见书,法律意见书,2024-05-21,https://data.eastmoney.com/notices/detail/920639/AN202405211634061774.html
920425,乐创技术,乐创技术:2023年年度股东大会决议公告,分配方案决议公告,2024-05-21,https://data.eastmoney.com/notices/detail/920425/AN202405211634061670.html
920425,乐创技术,乐创技术:关于成都乐创自动化技术股份有限公司2023年年度股东大会法律意见书,法律意见书,2024-05-21,https://data.eastmoney.com/notices/detail/920425/AN202405211634061668.html
920425,乐创技术,乐创技术:投资者关系活动记录表,调研活动,2024-05-21,https://data.eastmoney.com/notices/detail/920425/AN202405211634061667.html
300989,蕾奥规划,蕾奥规划:国投证券股份有限公司关于深圳市蕾奥规划设计咨询股份有限公司2023年度跟踪报告,保荐/核查意见,2024-05-21,https://data.eastmoney.com/notices/detail/300989/AN202405211634061238.html
300041,回天新材,回天新材:关于为子公司提供担保的进展公告,提供/对外担保公告,2024-05-21,https://data.eastmoney.com/notices/detail/300041/AN202405211634061237.html
688131,皓元医药,皓元医药:投资者关系活动记录表(皓元医药:2023年度暨2024年第一季度业绩暨现金分红说明会),调研活动,2024-05-21,https://data.eastmoney.com/notices/detail/688131/AN202405211634061102.html
605588,冠石科技,冠石科技:001-冠石科技投资者关系活动记录表-2024.5.21,调研活动,2024-05-21,https://data.eastmoney.com/notices/detail/605588/AN202405211634061100.html
301110,青木科技,青木股份:2023年年度股东大会决议公告,分配方案决议公告,2024-05-21,https://data.eastmoney.com/notices/detail/301110/AN202405211634061193.html
000591,太阳能,太阳能:000591太阳能投资者关系管理信息20240521,调研活动,2024-05-21,https://data.eastmoney.com/notices/detail/000591/AN202405211634061076.html
301110,青木科技,青木股份:北京市竞天公诚律师事务所关于青木数字技术股份有限公司2023年年度股东大会的法律意见书,法律意见书,2024-05-21,https://data.eastmoney.com/notices/detail/301110/AN202405211634061176.html
300250,初灵信息,初灵信息:关于完成工商变更登记并换发营业执照的公告,公司章程修订,2024-05-21,https://data.eastmoney.com/notices/detail/300250/AN202405211634061161.html
002568,百润股份,百润股份:2024年5月21日投资者关系活动记录表,调研活动,2024-05-21,https://data.eastmoney.com/notices/detail/002568/AN202405211634060315.html
000598,兴蓉环境,兴蓉环境:2024年5月21日投资者关系活动记录表,调研活动,2024-05-21,https://data.eastmoney.com/notices/detail/000598/AN202405211634060313.html
300486,东杰智能,东杰智能:300486东杰智能投资者关系管理信息20240521,调研活动,2024-05-21,https://data.eastmoney.com/notices/detail/300486/AN202405211634060314.html
300063,天龙集团,天龙集团:北京国枫律师事务所关于广东天龙科技集团股份有限公司2023年年度股东大会的法律意见书,法律意见书,2024-05-21,https://data.eastmoney.com/notices/detail/300063/AN202405211634060487.html
300063,天龙集团,天龙集团:2023年年度股东大会决议公告,分配方案决议公告,2024-05-21,https://data.eastmoney.com/notices/detail/300063/AN202405211634060486.html
920476,海能技术,海能技术:股票解除限售公告,限售股份上市流通,2024-05-21,https://data.eastmoney.com/notices/detail/920476/AN202405211634060370.html
002124,天邦食品,ST天邦:002124天邦食品业绩说明会交流记录20240520,调研活动,2024-05-21,https://data.eastmoney.com/notices/detail/002124/AN202405211634060049.html
920770,艾能聚,艾能聚:持股5%以上股东减持股份结果公告,股东/实际控制人股份减持,2024-05-21,https://data.eastmoney.com/notices/detail/920770/AN202405211634060237.html
002706,良信股份,良信股份:2024年5月13日至5月20日投资者关系活动记录表,调研活动,2024-05-21,https://data.eastmoney.com/notices/detail/002706/AN202405211634060022.html
301046,能辉科技,能辉科技:关于能辉转债预计触发转股价格向下修正条件的提示性公告,其他,2024-05-21,https://data.eastmoney.com/notices/detail/301046/AN202405211634059933.html
301078,孩子王,孩子王:关于新增募集资金专户并签订募集资金四方监管协议的公告,签订协议,2024-05-21,https://data.eastmoney.com/notices/detail/301078/AN202405211634059935.html
300237,ST美晨,美晨生态:关于累计新增部分债务逾期的公告,其他,2024-05-21,https://data.eastmoney.com/notices/detail/300237/AN202405211634059934.html
300963,中洲特材,中洲特材:关于公司高管辞职的公告,高管人员任职变动,2024-05-21,https://data.eastmoney.com/notices/detail/300963/AN202405211634059936.html
002859,洁美科技,洁美科技:2024年5月20日至2024年5月21日投资者关系活动记录表,调研活动,2024-05-21,https://data.eastmoney.com/notices/detail/002859/AN202405211634059976.html
688151,华强科技,华强科技:湖北华强科技股份有限公司投资者关系活动记录表(2024年5月17日),调研活动,2024-05-21,https://data.eastmoney.com/notices/detail/688151/AN202405211634059974.html
600771,广誉远,广誉远:广誉远中药股份有限公司投资者关系活动记录表(2023年年报业绩说明会),调研活动,2024-05-21,https://data.eastmoney.com/notices/detail/600771/AN202405211634059973.html
000338,潍柴动力,潍柴动力:2024年5月21日投资者关系活动记录表,调研活动,2024-05-21,https://data.eastmoney.com/notices/detail/000338/AN202405211634059971.html
600026,中远海能,中远海能:-中远海运集团资本市场日投资者关系活动记录表-20240521,调研活动,2024-05-21,https://data.eastmoney.com/notices/detail/600026/AN202405211634059972.html
920834,三维装备,三维股份:国浩律师(南京)事务所关于镇江三维输送装备股份有限公司2023年年度股东大会的法律意见书,法律意见书,2024-05-21,https://data.eastmoney.com/notices/detail/920834/AN202405211634059886.html
920834,三维装备,三维股份:2023年年度股东大会决议公告,分配方案决议公告,2024-05-21,https://data.eastmoney.com/notices/detail/920834/AN202405211634059887.html
300014,亿纬锂能,亿纬锂能:关于为子公司亿纬亚洲提供担保的进展公告,提供/对外担保公告,2024-05-21,https://data.eastmoney.com/notices/detail/300014/AN202405211634059885.html
688525,佰维存储,佰维存储:深圳佰维存储科技股份有限公司投资者关系活动记录表(2024年5月17日),调研活动,2024-05-21,https://data.eastmoney.com/notices/detail/688525/AN202405211634059423.html
688027,国盾量子,国盾量子:2024年5月17日投资者关系活动记录表,调研活动,2024-05-21,https://data.eastmoney.com/notices/detail/688027/AN202405211634059424.html
300512,中亚股份,中亚股份:关于使用部分自有资金进行现金管理及投资的进展公告,投资理财,2024-05-21,https://data.eastmoney.com/notices/detail/300512/AN202405211634059845.html
688036,传音控股,传音控股:2024年5月20日投资者关系活动记录表,调研活动,2024-05-21,https://data.eastmoney.com/notices/detail/688036/AN202405211634059413.html
688600,皖仪科技,皖仪科技:投资者关系活动记录表(2024-003),调研活动,2024-05-21,https://data.eastmoney.com/notices/detail/688600/AN202405211634059414.html
000415,渤海租赁,渤海租赁:长城证券股份有限公司关于渤海租赁股份有限公司面向合格投资者公开发行公司债券临时受托管理事务报告,其他,2024-05-21,https://data.eastmoney.com/notices/detail/000415/AN202405211634059816.html
002939,长城证券,长城证券:长城证券股份有限公司2023年面向专业投资者公开发行短期公司债券(第三期)(品种一)付息兑付暨摘牌公告,其他,2024-05-21,https://data.eastmoney.com/notices/detail/002939/AN202405211634059756.html
000538,云南白药,云南白药:2024年5月17日调研活动附件之投资者调研会议记录,调研活动,2024-05-21,https://data.eastmoney.com/notices/detail/000538/AN202405211634059374.html
000877,天山股份,天山股份:中信证券股份有限公司关于天山材料股份有限公司变更公司注册资本进展事项之临时受托管理事务报告,公司注册资本变更,2024-05-21,https://data.eastmoney.com/notices/detail/000877/AN202405211634059630.html
000877,天山股份,天山股份:中国国际金融股份有限公司关于天山材料股份有限公司变更公司注册资本进展事项的受托管理事务临时报告,公司注册资本变更,2024-05-21,https://data.eastmoney.com/notices/detail/000877/AN202405211634059629.html
000538,云南白药,云南白药:2024年5月17日投资者关系活动记录表,调研活动,2024-05-21,https://data.eastmoney.com/notices/detail/000538/AN202405211634059370.html
000070,特发信息,ST特信:国信证券股份有限公司关于深圳市特发信息股份有限公司收到行政处罚等相关事项之临时受托管理事务报告,处罚,2024-05-21,https://data.eastmoney.com/notices/detail/000070/AN202405211634059545.html
001389,广合科技,广合科技:2024年5月21日投资者关系活动记录表,调研活动,2024-05-21,https://data.eastmoney.com/notices/detail/001389/AN202405211634059253.html
300586,美联新材,美联新材:2024年5月21日投资者关系活动记录表（2023年度业绩说明会）,调研活动,2024-05-21,https://data.eastmoney.com/notices/detail/300586/AN202405211634059357.html
920030,德众汽车,德众汽车:北京国枫(成都)律师事务所关于湖南德众汽车销售服务股份有限公司2023年年度股东大会的法律意见书,法律意见书,2024-05-21,https://data.eastmoney.com/notices/detail/920030/AN202405211634059472.html
920030,德众汽车,德众汽车:2023年年度股东大会决议公告,分配方案决议公告,2024-05-21,https://data.eastmoney.com/notices/detail/920030/AN202405211634059471.html
688302,海创药业,海创药业:投资者关系活动记录表(2024年5月15日-5月21日),调研活动,2024-05-21,https://data.eastmoney.com/notices/detail/688302/AN202405211634059198.html
301023,奕帆传动,江南奕帆:2023年年度权益分派实施公告,分配方案实施,2024-05-21,https://data.eastmoney.com/notices/detail/301023/AN202405211634059466.html
920640,富士达,富士达:2023年年度权益分派实施公告,分配方案实施,2024-05-21,https://data.eastmoney.com/notices/detail/920640/AN202405211634059352.html
301596,瑞迪智驱,瑞迪智驱:股票交易异常波动公告,股票交易异常波动,2024-05-21,https://data.eastmoney.com/notices/detail/301596/AN202405211634059342.html
301377,鼎泰高科,鼎泰高科:关于为子公司向银行申请授信提供担保的进展公告,提供/对外担保公告,2024-05-21,https://data.eastmoney.com/notices/detail/301377/AN202405211634059341.html
920693,阿为特,阿为特:投资者关系活动记录表,调研活动,2024-05-21,https://data.eastmoney.com/notices/detail/920693/AN202405211634059310.html
920799,艾融软件,艾融软件:投资者关系活动记录表,调研活动,2024-05-21,https://data.eastmoney.com/notices/detail/920799/AN202405211634059309.html
002226,江南化工,江南化工:002226江南化工投资者关系管理信息20240521,调研活动,2024-05-21,https://data.eastmoney.com/notices/detail/002226/AN202405211634059167.html
920068,天工股份,天工股份:2024年1-3月审阅报告,保荐/核查意见,2024-05-21,https://data.eastmoney.com/notices/detail/920068/AN202405211634059285.html
920087,秋乐种业,秋乐种业:2023年年度权益分派实施公告,分配方案实施,2024-05-21,https://data.eastmoney.com/notices/detail/920087/AN202405211634059281.html
003013,地铁设计,地铁设计:2024年5月21日投资者关系活动记录表,调研活动,2024-05-21,https://data.eastmoney.com/notices/detail/003013/AN202405211634059053.html
300078,思创智联,思创医惠:2023年度网上业绩说明会投资者交流活动记录表,调研活动,2024-05-21,https://data.eastmoney.com/notices/detail/300078/AN202405211634059052.html
920068,天工股份,天工股份:第三届监事会第十二次会议决议公告,监事会决议公告,2024-05-21,https://data.eastmoney.com/notices/detail/920068/AN202405211634059112.html
920068,天工股份,天工股份:第三届董事会第十九次会议决议公告,董事会决议公告,2024-05-21,https://data.eastmoney.com/notices/detail/920068/AN202405211634059113.html
920068,天工股份,天工股份:独立董事关于第三届董事会第十九次会议相关事项的独立意见,专项说明/独立意见,2024-05-21,https://data.eastmoney.com/notices/detail/920068/AN202405211634059110.html
920068,天工股份,天工股份:关于公司公开发行股票并在北交所上市后三年内稳定股价的预案(修订稿),其他,2024-05-21,https://data.eastmoney.com/notices/detail/920068/AN202405211634059109.html
300523,辰安科技,辰安科技:关于注销募集资金专户的公告,其他,2024-05-21,https://data.eastmoney.com/notices/detail/300523/AN202405211634059084.html
301195,北路智控,北路智控:关于2023年年度权益分派实施公告,分配方案实施,2024-05-21,https://data.eastmoney.com/notices/detail/301195/AN202405211634059083.html
301591,肯特股份,肯特股份:关于监事辞职暨补选非职工代表监事的公告,高管人员任职变动,2024-05-21,https://data.eastmoney.com/notices/detail/301591/AN202405211634059081.html
301591,肯特股份,肯特股份:第三届监事会第六次会议决议公告,高管人员任职变动,2024-05-21,https://data.eastmoney.com/notices/detail/301591/AN202405211634059082.html
920504,博迅生物,博迅生物:关于使用闲置自有资金购买理财产品的进展公告,投资理财,2024-05-21,https://data.eastmoney.com/notices/detail/920504/AN202405211634059066.html
300899,上海凯鑫,上海凯鑫:2023年年度权益分派实施公告,分配方案实施,2024-05-21,https://data.eastmoney.com/notices/detail/300899/AN202405211634058916.html
600783,鲁信创投,鲁信创投:2024年05月21日投资者关系活动记录表,调研活动,2024-05-21,https://data.eastmoney.com/notices/detail/600783/AN202405211634058800.html
603658,安图生物,安图生物:投资者关系活动记录表(2024年5月20日),调研活动,2024-05-21,https://data.eastmoney.com/notices/detail/603658/AN202405211634058798.html
920564,天润科技,天润科技:公司章程,公司章程,2024-05-21,https://data.eastmoney.com/notices/detail/920564/AN202405211634058883.html
920227,美登科技,美登科技:投资者关系活动记录表,调研活动,2024-05-21,https://data.eastmoney.com/notices/detail/920227/AN202405211634058885.html
920564,天润科技,天润科技:2023年年度股东大会决议公告,分配方案决议公告,2024-05-21,https://data.eastmoney.com/notices/detail/920564/AN202405211634058884.html
920564,天润科技,天润科技:北京市尚衡(西安)律师事务所关于陕西天润科技股份有限公司2023年年度股东大会之法律意见书,法律意见书,2024-05-21,https://data.eastmoney.com/notices/detail/920564/AN202405211634058882.html
300676,华大基因,华大基因:关于注销部分募集资金专户的公告,其他,2024-05-21,https://data.eastmoney.com/notices/detail/300676/AN202405211634058862.html
002536,飞龙股份,飞龙股份:002536飞龙股份投资者关系管理信息20240521,调研活动,2024-05-21,https://data.eastmoney.com/notices/detail/002536/AN202405211634058770.html
300697,电工合金,电工合金:关于实际控制人签署《股权转让协议》及《表决权放弃协议》暨控制权拟变更的进展公告,签订协议,2024-05-21,https://data.eastmoney.com/notices/detail/300697/AN202405211634058742.html
300702,天宇股份,天宇股份:300702天宇股份2023年度业绩说明会,调研活动,2024-05-21,https://data.eastmoney.com/notices/detail/300702/AN202405211634058560.html
300032,金龙机电,金龙机电:300032金龙机电投资者关系管理信息20240521,调研活动,2024-05-21,https://data.eastmoney.com/notices/detail/300032/AN202405211634058561.html
300753,爱朋医疗,爱朋医疗:300753爱朋医疗投资者关系管理信息20240521,调研活动,2024-05-21,https://data.eastmoney.com/notices/detail/300753/AN202405211634058559.html
301057,汇隆新材,汇隆新材:关于公司以资产抵押向银行申请贷款的公告,借贷,2024-05-21,https://data.eastmoney.com/notices/detail/301057/AN202405211634058550.html
301057,汇隆新材,汇隆新材:第四届监事会第十一次会议决议公告,监事会决议公告,2024-05-21,https://data.eastmoney.com/notices/detail/301057/AN202405211634058549.html
301057,汇隆新材,汇隆新材:第四届董事会第十一次会议决议公告,董事会决议公告,2024-05-21,https://data.eastmoney.com/notices/detail/301057/AN202405211634058548.html
920496,许昌智能,许昌智能:第四届董事会第一次会议决议公告,高管人员任职变动,2024-05-21,https://data.eastmoney.com/notices/detail/920496/AN202405211634058539.html
920496,许昌智能,许昌智能:第四届监事会第一次会议决议公告,高管人员任职变动,2024-05-21,https://data.eastmoney.com/notices/detail/920496/AN202405211634058538.html
920496,许昌智能,许昌智能:董事长、监事会主席、职工代表监事、高级管理人员换届公告,高管人员任职变动,2024-05-21,https://data.eastmoney.com/notices/detail/920496/AN202405211634058537.html
920496,许昌智能,许昌智能:2024年第四次临时股东大会决议公告,股东大会决议公告,2024-05-21,https://data.eastmoney.com/notices/detail/920496/AN202405211634058536.html
920496,许昌智能,许昌智能:关于选举公司第四届董事会专门委员会的公告,高管人员任职变动,2024-05-21,https://data.eastmoney.com/notices/detail/920496/AN202405211634058535.html
920496,许昌智能,许昌智能:北京德恒(郑州)律师事务所关于许昌智能继电器股份有限公司2024年第四次临时股东大会法律意见书,法律意见书,2024-05-21,https://data.eastmoney.com/notices/detail/920496/AN202405211634058534.html
300814,中富电路,中富电路:关于部分控股股东可转换公司债券部分解除质押的公告,股份质押、冻结,2024-05-21,https://data.eastmoney.com/notices/detail/300814/AN202405211634058458.html
300394,天孚通信,天孚通信:关于公司高级管理人员股份减持计划实施进展暨减持完毕的公告,股东/实际控制人股份减持,2024-05-21,https://data.eastmoney.com/notices/detail/300394/AN202405211634058456.html
300001,特锐德,特锐德:关于持股5%以上股东股份减持计划实施完成的公告,股东/实际控制人股份减持,2024-05-21,https://data.eastmoney.com/notices/detail/300001/AN202405211634058452.html
300790,宇瞳光学,宇瞳光学:关于回购股份事项前十大股东及前十大无限售条件股东持股情况的公告,其他,2024-05-21,https://data.eastmoney.com/notices/detail/300790/AN202405211634058459.html
301171,易点天下,易点天下:回购报告书,回购报告书,2024-05-21,https://data.eastmoney.com/notices/detail/301171/AN202405211634058455.html
301171,易点天下,易点天下:2023年度权益分派实施公告,分配方案实施,2024-05-21,https://data.eastmoney.com/notices/detail/301171/AN202405211634058454.html
301171,易点天下,易点天下:关于2023年度权益分派实施后调整回购股份价格上限的公告,回购方案修订,2024-05-21,https://data.eastmoney.com/notices/detail/301171/AN202405211634058453.html
300656,民德电子,民德电子:关于董事、副总经理部分股份质押的公告,股份质押、冻结,2024-05-21,https://data.eastmoney.com/notices/detail/300656/AN202405211634058457.html
600798,宁波海运,宁波海运:宁波海运股份有限公司2023年度业绩说明会会议纪要,调研活动,2024-05-21,https://data.eastmoney.com/notices/detail/600798/AN202405211634058330.html
600533,栖霞建设,栖霞建设:2023年度暨2024年第一季度业绩说明会投资者关系活动记录表,调研活动,2024-05-21,https://data.eastmoney.com/notices/detail/600533/AN202405211634058315.html
601216,君正集团,君正集团:投资者关系活动记录表(2024-001),调研活动,2024-05-21,https://data.eastmoney.com/notices/detail/601216/AN202405211634058286.html
605008,长鸿高科,长鸿高科:2024年5月21日投资者关系活动记录表,调研活动,2024-05-21,https://data.eastmoney.com/notices/detail/605008/AN202405211634058278.html
688247,宣泰医药,宣泰医药:投资者关系活动记录表(2023年度科创板制药专场集体业绩说明会暨2024年第一季度业绩说明会),调研活动,2024-05-21,https://data.eastmoney.com/notices/detail/688247/AN202405211634058279.html
605086,龙高股份,龙高股份:龙岩高岭土股份有限公司投资者关系活动记录表2024-03,调研活动,2024-05-21,https://data.eastmoney.com/notices/detail/605086/AN202405211634058276.html
688100,威胜信息,威胜信息:威胜信息技术股份有限公司投资者接待日活动内容纪要,调研活动,2024-05-21,https://data.eastmoney.com/notices/detail/688100/AN202405211634058275.html
688179,阿拉丁,阿拉丁:接待投资者调研活动记录(2024年5月20日),调研活动,2024-05-21,https://data.eastmoney.com/notices/detail/688179/AN202405211634058264.html
002063,远光软件,远光软件:002063远光软件投资者关系管理信息20240521,调研活动,2024-05-21,https://data.eastmoney.com/notices/detail/002063/AN202405211634058263.html
300937,药易购,药易购:300937药易购投资者关系管理信息20240521,调研活动,2024-05-21,https://data.eastmoney.com/notices/detail/300937/AN202405211634058265.html
920163,方大新材,方大新材:第三届董事会第十四次会议决议公告,董事会决议公告,2024-05-21,https://data.eastmoney.com/notices/detail/920163/AN202405211634058381.html
920163,方大新材,方大新材:第三届监事会第十一次会议决议公告,监事会决议公告,2024-05-21,https://data.eastmoney.com/notices/detail/920163/AN202405211634058380.html
920163,方大新材,方大新材:关于拟修订《公司章程》的公告,公司章程修订,2024-05-21,https://data.eastmoney.com/notices/detail/920163/AN202405211634058379.html
920163,方大新材,方大新材:关于公司召开2024年第三次临时股东大会通知公告,召开股东大会通知,2024-05-21,https://data.eastmoney.com/notices/detail/920163/AN202405211634058378.html
920163,方大新材,方大新材:关于公司2022年股权激励计划首次授予限制性股票第一个解除限售期解除限售条件成就的公告,限售股份上市流通,2024-05-21,https://data.eastmoney.com/notices/detail/920163/AN202405211634058377.html
920163,方大新材,方大新材:监事会关于2022年股权激励计划首次授予限制性股票第一个解除限售期解除限售条件成就、调整回购价格及回购注销部分限制性股票的核查意见,专项说明/独立意见,2024-05-21,https://data.eastmoney.com/notices/detail/920163/AN202405211634058376.html
920163,方大新材,方大新材:关于回购注销部分限制性股票方案公告,回购预案,2024-05-21,https://data.eastmoney.com/notices/detail/920163/AN202405211634058375.html
920163,方大新材,方大新材:关于调整2022年股权激励计划回购价格的公告,股权激励行权价（数量）调整,2024-05-21,https://data.eastmoney.com/notices/detail/920163/AN202405211634058374.html
920163,方大新材,方大新材:上海荣正企业咨询服务(集团)股份有限公司关于河北方大新材料股份有限公司2022年股权激励计划首次授予限制性股票第一个解除限售期解除限售条件成就及回购注销部分限制性股票相关事项,限售股份上市流通,2024-05-21,https://data.eastmoney.com/notices/detail/920163/AN202405211634058373.html
920163,方大新材,方大新材:北京市尚公律师事务所关于河北方大新材料股份有限公司2022年股权激励计划首次授予限制性股票第一个解除限售期解除限售条件成就、调整回购价格及回购注销部分限制性股票相关事项之法律意见书,法律意见书,2024-05-21,https://data.eastmoney.com/notices/detail/920163/AN202405211634058372.html
920267,鑫汇科,鑫汇科:2023年年度股东大会决议公告,分配方案决议公告,2024-05-21,https://data.eastmoney.com/notices/detail/920267/AN202405211634058371.html
920267,鑫汇科,鑫汇科:北京德恒(深圳)律师事务所关于深圳市鑫汇科股份有限公司2023年年度股东大会的法律意见,法律意见书,2024-05-21,https://data.eastmoney.com/notices/detail/920267/AN202405211634058370.html
002436,兴森科技,兴森科技:2024年5月21日投资者关系活动记录表,调研活动,2024-05-21,https://data.eastmoney.com/notices/detail/002436/AN202405211634058107.html
301205,联特科技,联特科技:301205联特科技投资者关系活动记录表20240521,调研活动,2024-05-21,https://data.eastmoney.com/notices/detail/301205/AN202405211634058106.html
300155,安居宝,安居宝:第六届监事会第四次会议决议公告,监事会决议公告,2024-05-21,https://data.eastmoney.com/notices/detail/300155/AN202405211634058176.html
300155,安居宝,安居宝:2023年度股东大会的法律意见,法律意见书,2024-05-21,https://data.eastmoney.com/notices/detail/300155/AN202405211634058177.html
920978,开特股份,开特股份:投资者说明会预告公告,其他,2024-05-21,https://data.eastmoney.com/notices/detail/920978/AN202405211634058167.html
300307,慈星股份,慈星股份:关于为客户提供买方信贷担保、融资租赁业务担保的进展公告,提供/对外担保公告,2024-05-21,https://data.eastmoney.com/notices/detail/300307/AN202405211634058163.html
300155,安居宝,安居宝:关于对控股子公司提供财务资助延期暨调减资助额度的公告,获得补贴（资助）,2024-05-21,https://data.eastmoney.com/notices/detail/300155/AN202405211634058165.html
300274,阳光电源,阳光电源:关于举行2023年度及2024年第一季度网上业绩说明会的公告,其他,2024-05-21,https://data.eastmoney.com/notices/detail/300274/AN202405211634058162.html
300155,安居宝,安居宝:第六届董事会第四次会议决议公告,董事会决议公告,2024-05-21,https://data.eastmoney.com/notices/detail/300155/AN202405211634058164.html
300870,欧陆通,欧陆通:关于使用闲置募集资金进行现金管理的进展公告,募集资金使用进展情况,2024-05-21,https://data.eastmoney.com/notices/detail/300870/AN202405211634058166.html
300155,安居宝,安居宝:2023年度股东大会决议公告,分配方案决议公告,2024-05-21,https://data.eastmoney.com/notices/detail/300155/AN202405211634058160.html
300649,杭州园林,杭州园林:关于仲裁事项的进展公告,诉讼仲裁,2024-05-21,https://data.eastmoney.com/notices/detail/300649/AN202405211634058033.html
300594,ST朗进,朗进科技:300594朗进科技投资者关系管理信息20240521,调研活动,2024-05-21,https://data.eastmoney.com/notices/detail/300594/AN202405211634057948.html
300260,新莱应材,新莱应材:2024年5月21日新莱应材投资者关系活动记录表,调研活动,2024-05-21,https://data.eastmoney.com/notices/detail/300260/AN202405211634057947.html
002076,星光股份,星光股份:投资者关系活动记录表（2023年度业绩说明会）,调研活动,2024-05-21,https://data.eastmoney.com/notices/detail/002076/AN202405211634057943.html
920006,晟楠科技,晟楠科技:监事会主席任命公告,高管人员任职变动,2024-05-21,https://data.eastmoney.com/notices/detail/920006/AN202405211634057962.html
920006,晟楠科技,晟楠科技:2023年年度股东大会决议公告,分配方案决议公告,2024-05-21,https://data.eastmoney.com/notices/detail/920006/AN202405211634057964.html
920006,晟楠科技,晟楠科技:北京市康达律师事务所关于江苏晟楠电子科技股份有限公司2023年年度股东大会的法律意见书,法律意见书,2024-05-21,https://data.eastmoney.com/notices/detail/920006/AN202405211634057960.html
920006,晟楠科技,晟楠科技:公司章程,公司章程,2024-05-21,https://data.eastmoney.com/notices/detail/920006/AN202405211634057961.html
920006,晟楠科技,晟楠科技:第三届监事会第八次会议决议公告,高管人员任职变动,2024-05-21,https://data.eastmoney.com/notices/detail/920006/AN202405211634057963.html
002463,沪电股份,沪电股份:2024年5月21日投资者关系活动记录表,调研活动,2024-05-21,https://data.eastmoney.com/notices/detail/002463/AN202405211634057720.html
300246,宝莱特,宝莱特:300246宝莱特投资者关系管理信息20240521,调研活动,2024-05-21,https://data.eastmoney.com/notices/detail/300246/AN202405211634057694.html
920475,三友科技,三友科技:2023年年度股东大会决议公告,分配方案决议公告,2024-05-21,https://data.eastmoney.com/notices/detail/920475/AN202405211634057805.html
920475,三友科技,三友科技:北京天元(杭州)律师事务所关于三门三友科技股份有限公司2023年年度股东大会的法律意见,法律意见书,2024-05-21,https://data.eastmoney.com/notices/detail/920475/AN202405211634057804.html
300705,九典制药,九典制药:300705九典制药投资者关系管理信息20240521,调研活动,2024-05-21,https://data.eastmoney.com/notices/detail/300705/AN202405211634057539.html
300130,新国都,新国都:关于2022年股票期权激励计划部分已获授股票期权注销完成的公告,股权激励进展公告,2024-05-21,https://data.eastmoney.com/notices/detail/300130/AN202405211634057609.html
920123,芭薇股份,芭薇股份:公司章程,公司章程,2024-05-21,https://data.eastmoney.com/notices/detail/920123/AN202405211634057595.html
920123,芭薇股份,芭薇股份:2023年年度股东大会决议公告,分配方案决议公告,2024-05-21,https://data.eastmoney.com/notices/detail/920123/AN202405211634057594.html
920123,芭薇股份,芭薇股份:湖南启元律师事务所关于广东芭薇生物科技股份有限公司2023年年度股东大会的法律意见书,法律意见书,2024-05-21,https://data.eastmoney.com/notices/detail/920123/AN202405211634057593.html
920395,朗鸿科技,朗鸿科技:股票解除限售公告,限售股份上市流通,2024-05-21,https://data.eastmoney.com/notices/detail/920395/AN202405211634057592.html
301045,天禄科技,天禄科技:关于控股股东、实际控制人部分股份质押及解除质押的公告,股份质押、冻结,2024-05-21,https://data.eastmoney.com/notices/detail/301045/AN202405211634057562.html
300947,德必集团,德必集团:关于重大合同进展暨诉讼事项的公告,重大合同,2024-05-21,https://data.eastmoney.com/notices/detail/300947/AN202405211634057561.html
600733,北汽蓝谷,北汽蓝谷:北汽蓝谷新能源科技股份有限公司2024年5月21日投资者关系活动记录表,调研活动,2024-05-21,https://data.eastmoney.com/notices/detail/600733/AN202405211634057325.html
688552,航天南湖,航天南湖:投资者关系活动记录表(2024年5月18日),调研活动,2024-05-21,https://data.eastmoney.com/notices/detail/688552/AN202405211634057321.html
688102,斯瑞新材,斯瑞新材:688102_投资者关系活动记录表-2024-010(2024年5月20日-5月21日),调研活动,2024-05-21,https://data.eastmoney.com/notices/detail/688102/AN202405211634057319.html
601108,财通证券,财通证券:投资者关系活动记录表-2023年度暨2024年第一季度业绩说明会,调研活动,2024-05-21,https://data.eastmoney.com/notices/detail/601108/AN202405211634057320.html
688362,甬矽电子,甬矽电子:投资者关系活动记录表(编号:2024-006),调研活动,2024-05-21,https://data.eastmoney.com/notices/detail/688362/AN202405211634057318.html
603213,镇洋发展,镇洋发展:浙江镇洋发展股份有限公司投资者关系活动记录表(2023年度业绩说明会),调研活动,2024-05-21,https://data.eastmoney.com/notices/detail/603213/AN202405211634057297.html
920701,豪声电子,豪声电子:关于使用闲置募集资金进行现金管理的进展公告,募集资金使用进展情况,2024-05-21,https://data.eastmoney.com/notices/detail/920701/AN202405211634057417.html
920429,康比特,康比特:北京市君致律师事务所关于北京康比特体育科技股份有限公司2023年年度股东大会的法律意见书,法律意见书,2024-05-21,https://data.eastmoney.com/notices/detail/920429/AN202405211634057416.html
920429,康比特,康比特:2023年年度股东大会决议公告,分配方案决议公告,2024-05-21,https://data.eastmoney.com/notices/detail/920429/AN202405211634057415.html
000717,中南股份,中南股份:2023年度暨2024年一季度业绩说明会投资者关系活动记录表,调研活动,2024-05-21,https://data.eastmoney.com/notices/detail/000717/AN202405211634057285.html
301075,多瑞医药,多瑞医药:关于使用暂时闲置募集资金进行现金管理到期赎回并继续进行现金管理的进展公告,募集资金使用进展情况,2024-05-21,https://data.eastmoney.com/notices/detail/301075/AN202405211634057414.html
300908,仲景食品,仲景食品:关于使用部分闲置自有资金进行现金管理的进展公告,投资理财,2024-05-21,https://data.eastmoney.com/notices/detail/300908/AN202405211634057413.html
002824,和胜股份,和胜股份:2024年5月21日投资者关系活动记录表,调研活动,2024-05-21,https://data.eastmoney.com/notices/detail/002824/AN202405211634057281.html
920809,安达科技,安达科技:投资者关系活动记录表,调研活动,2024-05-21,https://data.eastmoney.com/notices/detail/920809/AN202405211634057395.html
920275,驱动力,驱动力:2023年年度股东大会决议公告,分配方案决议公告,2024-05-21,https://data.eastmoney.com/notices/detail/920275/AN202405211634057357.html
920275,驱动力,驱动力:北京市中伦(广州)律师事务所关于广东驱动力生物科技集团股份有限公司2023年年度股东大会的法律意见书,法律意见书,2024-05-21,https://data.eastmoney.com/notices/detail/920275/AN202405211634057256.html
300003,乐普医疗,乐普医疗:关于“乐普转2”回售的第二次提示性公告,其他,2024-05-21,https://data.eastmoney.com/notices/detail/300003/AN202405211634057235.html
300551,古鳌科技,古鳌科技:中信建投证券股份有限公司关于上海古鳌电子科技股份有限公司2023年度定期现场检查报告,保荐/核查意见,2024-05-21,https://data.eastmoney.com/notices/detail/300551/AN202405211634057234.html
300551,古鳌科技,古鳌科技:中信建投证券股份有限公司关于上海古鳌电子科技股份有限公司2023年度持续督导跟踪报告,保荐/核查意见,2024-05-21,https://data.eastmoney.com/notices/detail/300551/AN202405211634057233.html
300020,ST银江,*ST银江:中兴华会计师事务所(特殊普通合伙)关于银江技术股份有限公司2023年度年报问询函的专项说明,专项说明/独立意见,2024-05-21,https://data.eastmoney.com/notices/detail/300020/AN202405211634057232.html
300020,ST银江,*ST银江:中泰证券股份有限公司关于银江技术股份有限公司2023年年报问询函回复的核查意见,回复问询函公告,2024-05-21,https://data.eastmoney.com/notices/detail/300020/AN202405211634057231.html
300189,神农种业,神农科技:国浩律师(上海)事务所关于海南神农科技股份有限公司2023年年度股东大会法律意见书,法律意见书,2024-05-21,https://data.eastmoney.com/notices/detail/300189/AN202405211634057197.html
300189,神农种业,神农科技:2023年年度股东大会决议公告,分配方案决议公告,2024-05-21,https://data.eastmoney.com/notices/detail/300189/AN202405211634057196.html
300261,雅本化学,雅本化学:关于控股子公司进入创新层的提示性公告,其他,2024-05-21,https://data.eastmoney.com/notices/detail/300261/AN202405211634057195.html
301161,唯万密封,唯万密封:北京市中伦(上海)律师事务所关于上海唯万密封科技股份有限公司2023年年度股东大会的法律意见书,法律意见书,2024-05-21,https://data.eastmoney.com/notices/detail/301161/AN202405211634057194.html
301161,唯万密封,唯万密封:2023年年度股东大会决议公告,分配方案决议公告,2024-05-21,https://data.eastmoney.com/notices/detail/301161/AN202405211634057193.html
300528,幸福蓝海,幸福蓝海:2023年度股东大会法律意见书,法律意见书,2024-05-21,https://data.eastmoney.com/notices/detail/300528/AN202405211634057192.html
300528,幸福蓝海,幸福蓝海:2023年度股东大会决议公告,分配方案决议公告,2024-05-21,https://data.eastmoney.com/notices/detail/300528/AN202405211634057191.html
301151,冠龙节能,冠龙节能:关于完成补选独立董事并调整董事会专门委员会委员的公告,高管人员任职变动,2024-05-21,https://data.eastmoney.com/notices/detail/301151/AN202405211634057190.html
301151,冠龙节能,冠龙节能:北京海润天睿律师事务所关于上海冠龙阀门节能设备股份有限公司2023年年度股东大会的法律意见,法律意见书,2024-05-21,https://data.eastmoney.com/notices/detail/301151/AN202405211634057189.html
301151,冠龙节能,冠龙节能:2023年年度股东大会决议公告,分配方案决议公告,2024-05-21,https://data.eastmoney.com/notices/detail/301151/AN202405211634057188.html
000951,中国重汽,中国重汽:2024年5月21日投资者关系活动记录表,调研活动,2024-05-21,https://data.eastmoney.com/notices/detail/000951/AN202405211634057117.html
301487,盟固利,盟固利:2024年5月21日投资者关系活动记录表,调研活动,2024-05-21,https://data.eastmoney.com/notices/detail/301487/AN202405211634057118.html
605199,ST葫芦娃,7-1发行人及保荐机构关于上市审核委员会会议意见落实函的回复(海南葫芦娃药业集团股份有限公司),沪主板再融资问询与回复,2024-05-21,https://data.eastmoney.com/notices/detail/605199/AN202405211634057041.html
603051,鹿山新材,关于广州鹿山新材料股份有限公司的定期报告信息披露监管问询函,定期报告信息披露监管问询函,2024-05-21,https://data.eastmoney.com/notices/detail/603051/AN202405211634057022.html
603003,退市龙宇,关于上海龙宇数据股份有限公司2023年年度报告的信息披露问询函,定期报告信息披露监管问询函,2024-05-21,https://data.eastmoney.com/notices/detail/603003/AN202405211634057023.html
603272,*ST联翔,关于浙江联翔智能家居股份有限公司2023年年度报告的信息披露监管问询函,定期报告信息披露监管问询函,2024-05-21,https://data.eastmoney.com/notices/detail/603272/AN202405211634057021.html
300900,广联航空,广联航空:关于为全资子公司提供担保的公告,提供/对外担保公告,2024-05-21,https://data.eastmoney.com/notices/detail/300900/AN202405211634057040.html
000552,甘肃能化,甘肃能化:000552甘肃能化投资者关系管理信息20240521,调研活动,2024-05-21,https://data.eastmoney.com/notices/detail/000552/AN202405211634057072.html
300969,恒帅股份,恒帅股份:投资者关系活动记录表20240521,调研活动,2024-05-21,https://data.eastmoney.com/notices/detail/300969/AN202405211634057071.html
920675,秉扬科技,秉扬科技:关于陶粒支撑剂中标的提示性公告,重大合同,2024-05-21,https://data.eastmoney.com/notices/detail/920675/AN202405211634056986.html
300759,康龙化成,康龙化成:H股公告(翌日披露报表),其他,2024-05-21,https://data.eastmoney.com/notices/detail/300759/AN202405211634056985.html
920970,大禹生物,大禹生物:投资者关系活动记录表,调研活动,2024-05-21,https://data.eastmoney.com/notices/detail/920970/AN202405211634056972.html
920821,则成电子,则成电子:2023年年度股东大会决议公告,分配方案决议公告,2024-05-21,https://data.eastmoney.com/notices/detail/920821/AN202405211634056971.html
920821,则成电子,则成电子:北京市君泽君(深圳)律师事务所关于深圳市则成电子股份有限公司2023年年度股东大会的法律意见书,法律意见书,2024-05-21,https://data.eastmoney.com/notices/detail/920821/AN202405211634056970.html
000700,模塑科技,模塑科技:000700模塑科技投资者关系管理信息20240521,调研活动,2024-05-21,https://data.eastmoney.com/notices/detail/000700/AN202405211634056803.html
920885,星辰科技,星辰科技:关于减少注册资本通知债权人的公告,公司注册资本变更,2024-05-21,https://data.eastmoney.com/notices/detail/920885/AN202405211634056951.html
300677,英科医疗,英科医疗:关于公司及子公司提供担保事项的进展公告,提供/对外担保公告,2024-05-21,https://data.eastmoney.com/notices/detail/300677/AN202405211634056950.html
300636,同和药业,同和药业:关于取得发明专利证书的公告,获得认证,2024-05-21,https://data.eastmoney.com/notices/detail/300636/AN202405211634056949.html
301208,中亦科技,中亦科技:关于举行2023年度业绩说明会的公告,其他,2024-05-21,https://data.eastmoney.com/notices/detail/301208/AN202405211634056857.html
301107,瑜欣电子,瑜欣电子:关于部分监事减持股份预披露公告,股东/实际控制人股份减持,2024-05-21,https://data.eastmoney.com/notices/detail/301107/AN202405211634056756.html
300055,万邦达,万邦达:关于为控股子公司惠州伊斯科提供信贷担保的进展公告,提供/对外担保公告,2024-05-21,https://data.eastmoney.com/notices/detail/300055/AN202405211634056755.html
920060,万源通,万源通:2023年年度股东大会法律意见书,法律意见书,2024-05-21,https://data.eastmoney.com/notices/detail/920060/AN202405211634056728.html
920060,万源通,万源通:2024年第一季度审阅报告,保荐/核查意见,2024-05-21,https://data.eastmoney.com/notices/detail/920060/AN202405211634056741.html
920571,国航远洋,国航远洋:2023年年度股东大会决议公告,分配方案决议公告,2024-05-21,https://data.eastmoney.com/notices/detail/920571/AN202405211634056720.html
920571,国航远洋,国航远洋:国浩律师(上海)事务所关于国航远洋2023年年度股东大会的法律意见书,法律意见书,2024-05-21,https://data.eastmoney.com/notices/detail/920571/AN202405211634056719.html
002930,宏川智慧,宏川智慧:2024年5月21日投资者关系活动记录表.,调研活动,2024-05-21,https://data.eastmoney.com/notices/detail/002930/AN202405211634056585.html
001260,坤泰股份,坤泰股份:坤泰股份投资者关系活动记录表,调研活动,2024-05-21,https://data.eastmoney.com/notices/detail/001260/AN202405211634056571.html
300169,天晟新材,天晟新材:关于召开2023年年度股东大会的提示性公告,召开股东大会提示性公告,2024-05-21,https://data.eastmoney.com/notices/detail/300169/AN202405211634056698.html
920060,万源通,万源通:2023年年度股东大会决议公告,分配方案决议公告,2024-05-21,https://data.eastmoney.com/notices/detail/920060/AN202405211634056548.html
920060,万源通,万源通:第二届董事会第五次会议决议公告,董事会决议公告,2024-05-21,https://data.eastmoney.com/notices/detail/920060/AN202405211634056541.html
603738,泰晶科技,泰晶科技:泰晶科技股份有限公司2024年5月21日投资者关系活动记录表,调研活动,2024-05-21,https://data.eastmoney.com/notices/detail/603738/AN202405211634056403.html
600256,广汇能源,广汇能源:600256.SH-广汇能源_2024年5月9日投资者关系活动记录表,调研活动,2024-05-21,https://data.eastmoney.com/notices/detail/600256/AN202405211634056402.html
600256,广汇能源,广汇能源:广汇能源股份有限公司关于召开2023年度及2024年第一季度业绩暨现金分红说明会会议纪要,调研活动,2024-05-21,https://data.eastmoney.com/notices/detail/600256/AN202405211634056404.html
300700,岱勒新材,岱勒新材:关于参股公司完成吸收合并的公告,其他,2024-05-21,https://data.eastmoney.com/notices/detail/300700/AN202405211634056537.html
301109,军信股份,军信股份:湖南军信环保股份有限公司发行股份及支付现金购买资产并募集配套资金暨关联交易报告书(草案)(修订稿),其他增发事项公告,2024-05-21,https://data.eastmoney.com/notices/detail/301109/AN202405211634056536.html
301109,军信股份,军信股份:中信证券股份有限公司关于湖南军信环保股份有限公司发行股份及支付现金购买资产并募集配套资金暨关联交易之独立财务顾问报告,保荐/核查意见,2024-05-21,https://data.eastmoney.com/notices/detail/301109/AN202405211634056535.html
301109,军信股份,军信股份:关于使用闲置自有资金进行现金管理的进展公告,投资理财,2024-05-21,https://data.eastmoney.com/notices/detail/301109/AN202405211634056534.html
300044,*ST赛为,赛为智能:关于控股股东、实际控制人签署质押股票处置过户协议暨办理证券非交易过户的提示性公告,签订协议,2024-05-21,https://data.eastmoney.com/notices/detail/300044/AN202405211634056533.html
688682,霍莱沃,霍莱沃:上海霍莱沃电子系统技术股份有限公司投资者关系活动记录表-20240520,调研活动,2024-05-21,https://data.eastmoney.com/notices/detail/688682/AN202405211634056395.html
301109,军信股份,军信股份:湖南军信环保股份有限公司发行股份及支付现金购买资产并募集配套资金暨关联交易报告书(草案)摘要(修订稿),其他增发事项公告,2024-05-21,https://data.eastmoney.com/notices/detail/301109/AN202405211634056507.html
300405,科隆股份,科隆股份:关于回购公司股份完成暨股份变动的公告,股本变动,2024-05-21,https://data.eastmoney.com/notices/detail/300405/AN202405211634056506.html
920656,海昇药业,海昇药业:2023年年度股东大会决议公告,分配方案决议公告,2024-05-21,https://data.eastmoney.com/notices/detail/920656/AN202405211634056463.html
920656,海昇药业,海昇药业:公司章程,公司章程,2024-05-21,https://data.eastmoney.com/notices/detail/920656/AN202405211634056462.html
920656,海昇药业,海昇药业:浙江天册律师事务所关于浙江海昇药业股份有限公司2023年年度股东大会的法律意见书,法律意见书,2024-05-21,https://data.eastmoney.com/notices/detail/920656/AN202405211634056461.html
301318,维海德,维海德:关于2023年年度权益分派实施后调整回购股份价格上限的公告,回购方案修订,2024-05-21,https://data.eastmoney.com/notices/detail/301318/AN202405211634056314.html
300948,冠中生态,冠中生态:关于实施权益分派期间冠中转债暂停转股的提示性公告,其他,2024-05-21,https://data.eastmoney.com/notices/detail/300948/AN202405211634056300.html
301053,远信工业,远信工业:2023年年度权益分派实施公告,分配方案实施,2024-05-21,https://data.eastmoney.com/notices/detail/301053/AN202405211634056299.html
300872,天阳科技,天阳科技:关于“天阳转债”恢复转股的提示性公告,其他,2024-05-21,https://data.eastmoney.com/notices/detail/300872/AN202405211634056144.html
301203,国泰环保,国泰环保:2023年年度权益分派实施公告,分配方案实施,2024-05-21,https://data.eastmoney.com/notices/detail/301203/AN202405211634056143.html
920061,西磁科技,西磁科技:2023年年度权益分派实施公告,分配方案实施,2024-05-21,https://data.eastmoney.com/notices/detail/920061/AN202405211634056099.html
301031,中熔电气,中熔电气:关于董事、高级管理人员增持公司股份的公告,股东/实际控制人股份增持,2024-05-21,https://data.eastmoney.com/notices/detail/301031/AN202405211634055740.html
301093,华兰股份,华兰股份:关于2022年限制性股票激励计划第一类限制性股票第一个解除限售期解除限售股份上市流通的提示性公告,限售股份上市流通,2024-05-21,https://data.eastmoney.com/notices/detail/301093/AN202405211634055741.html
300757,罗博特科,罗博特科:关于2021年限制性股票激励计划首次授予第一类限制性股票第二个解除限售期解除限售股份上市流通的提示性公告,限售股份上市流通,2024-05-21,https://data.eastmoney.com/notices/detail/300757/AN202405211634055742.html
300616,尚品宅配,尚品宅配:2023年年度权益分派实施公告,分配方案实施,2024-05-21,https://data.eastmoney.com/notices/detail/300616/AN202405211634055707.html
300067,安诺其,安诺其:2023年度权益分派实施公告,分配方案实施,2024-05-21,https://data.eastmoney.com/notices/detail/300067/AN202405211634055706.html
300569,天能重工,天能重工:中泰证券股份有限公司关于青岛天能重工股份有限公司2023年度持续督导跟踪报告,保荐/核查意见,2024-05-21,https://data.eastmoney.com/notices/detail/300569/AN202405211634055705.html
920735,德源药业,德源药业:2023年年度权益分派实施公告,分配方案实施,2024-05-21,https://data.eastmoney.com/notices/detail/920735/AN202405211634055685.html
920802,保丽洁,保丽洁:2023年年度股东大会决议公告,分配方案决议公告,2024-05-21,https://data.eastmoney.com/notices/detail/920802/AN202405211634055623.html
920802,保丽洁,保丽洁:上海市锦天城律师事务所关于江苏保丽洁环境科技股份有限公司2023年年度股东大会的法律意见书,法律意见书,2024-05-21,https://data.eastmoney.com/notices/detail/920802/AN202405211634055622.html
605177,东亚药业,东亚药业:投资者关系活动记录表,调研活动,2024-05-21,https://data.eastmoney.com/notices/detail/605177/AN202405211634055344.html
300226,上海钢联,上海钢联:2023年年度权益分派实施公告,分配方案实施,2024-05-21,https://data.eastmoney.com/notices/detail/300226/AN202405211634055564.html
002430,杭氧股份,杭氧股份:2024年5月21日投资者关系活动记录表,调研活动,2024-05-21,https://data.eastmoney.com/notices/detail/002430/AN202405211634055313.html
301210,金杨精密,金杨股份:301210金杨股份投资者关系管理信息20240521,调研活动,2024-05-21,https://data.eastmoney.com/notices/detail/301210/AN202405211634055314.html
300511,雪榕生物,雪榕生物:国投证券股份有限公司关于上海雪榕生物科技股份有限公司2023年度跟踪报告,保荐/核查意见,2024-05-21,https://data.eastmoney.com/notices/detail/300511/AN202405211634055455.html
002448,中原内配,中原内配:002448中原内配投资者关系管理信息20240521,调研活动,2024-05-21,https://data.eastmoney.com/notices/detail/002448/AN202405211634055280.html
300681,英搏尔,英搏尔:关于与RBINT和博世中国共同成立合资公司完成工商注册登记的公告,投资设立公司,2024-05-21,https://data.eastmoney.com/notices/detail/300681/AN202405211634055245.html
920392,佳合科技,佳合科技:国浩律师(上海)事务所关于昆山佳合纸制品科技股份有限公司2023年年度股东大会的法律意见书,法律意见书,2024-05-21,https://data.eastmoney.com/notices/detail/920392/AN202405211634055177.html
920392,佳合科技,佳合科技:2023年年度股东大会决议公告,分配方案决议公告,2024-05-21,https://data.eastmoney.com/notices/detail/920392/AN202405211634055178.html
688690,纳微科技,纳微科技:苏州纳微科技股份有限公司投资者关系活动记录表(20240520),调研活动,2024-05-21,https://data.eastmoney.com/notices/detail/688690/AN202405211634055035.html
300996,普联软件,普联软件:关于控股股东、实际控制人及其一致行动人续签一致行动协议的公告,签订协议,2024-05-21,https://data.eastmoney.com/notices/detail/300996/AN202405211634054933.html
301159,三维天地,三维天地:招商证券股份有限公司关于北京三维天地科技股份有限公司2023年度持续督导跟踪报告,保荐/核查意见,2024-05-21,https://data.eastmoney.com/notices/detail/301159/AN202405211634054932.html
300571,平治信息,平治信息:关于中选中国移动2024年至2025年智能家庭网关产品集中采购项目进展暨签订框架合同的公告,重大合同,2024-05-21,https://data.eastmoney.com/notices/detail/300571/AN202405211634054931.html
300852,四会富仕,四会富仕:2024年5月20日四会富仕投资者关系活动记录表,调研活动,2024-05-21,https://data.eastmoney.com/notices/detail/300852/AN202405211634054805.html
300109,新开源,新开源:关于召开2023年年度股东大会的提示性公告,召开股东大会提示性公告,2024-05-21,https://data.eastmoney.com/notices/detail/300109/AN202405211634054882.html
300731,科创新源,科创新源:深圳科创新源新材料股份有限公司关于董事辞职的公告,高管人员任职变动,2024-05-21,https://data.eastmoney.com/notices/detail/300731/AN202405211634054881.html
300113,顺网科技,顺网科技:杭州顺网科技股份有限公司关于办公地址变更的公告,公司办公地址变更,2024-05-21,https://data.eastmoney.com/notices/detail/300113/AN202405211634054880.html
300350,华鹏飞,华鹏飞:长城证券股份有限公司关于华鹏飞股份有限公司2023年年度定期现场检查报告,保荐/核查意见,2024-05-21,https://data.eastmoney.com/notices/detail/300350/AN202405211634054879.html
300366,ST创意,创意信息:中信证券股份有限公司关于创意信息技术股份有限公司2023年度持续督导现场检查报告,保荐/核查意见,2024-05-21,https://data.eastmoney.com/notices/detail/300366/AN202405211634054878.html
300366,ST创意,创意信息:中信证券股份有限公司关于创意信息技术股份有限公司2023年度跟踪报告,保荐/核查意见,2024-05-21,https://data.eastmoney.com/notices/detail/300366/AN202405211634054877.html
920077,吉林碳谷,吉林碳谷:2023年年度权益分派预案暨落实“提质守信重回报”行动公告(更正后),其他,2024-05-21,https://data.eastmoney.com/notices/detail/920077/AN202405211634054735.html
920077,吉林碳谷,吉林碳谷:2023年年度权益分派预案暨落实“提质守信重回报”行动公告(更正公告),其他,2024-05-21,https://data.eastmoney.com/notices/detail/920077/AN202405211634054734.html
920077,吉林碳谷,吉林碳谷:关于参加2024年吉林辖区上市公司网上集体业绩说明会预告公告,其他,2024-05-21,https://data.eastmoney.com/notices/detail/920077/AN202405211634054736.html
600234,科新发展,*ST科新:山西科新发展股份有限公司投资者关系活动记录表(2023年年报业绩说明会),调研活动,2024-05-21,https://data.eastmoney.com/notices/detail/600234/AN202405211634054495.html
603998,方盛制药,方盛制药:投资者关系活动记录表(2024-019、020),调研活动,2024-05-21,https://data.eastmoney.com/notices/detail/603998/AN202405211634054341.html
688651,盛邦安全,盛邦安全:远江盛邦(北京)网络安全科技股份有限公司2024年5月17日投资者关系活动记录表,调研活动,2024-05-21,https://data.eastmoney.com/notices/detail/688651/AN202405211634054330.html
002184,海得控制,海得控制:002184海得控制20240520投资者关系活动记录表,调研活动,2024-05-21,https://data.eastmoney.com/notices/detail/002184/AN202405211634054316.html
300643,万通智控,万通智控:关于回购公司股份实施进展暨回购完成的公告,回购进展情况,2024-05-21,https://data.eastmoney.com/notices/detail/300643/AN202405211634054403.html
002986,宇新股份,深交所:宇新股份_监管函,深交所股票监管函,2024-05-21,https://data.eastmoney.com/notices/detail/002986/AN202405211634054375.html
600495,晋西车轴,晋西车轴:2024-004 晋西车轴投资者关系活动记录表-2024.5.20,调研活动,2024-05-21,https://data.eastmoney.com/notices/detail/600495/AN202405211634054268.html
920533,骏创科技,关于苏州骏创汽车科技股份有限公司向特定对象发行股票申请文件的第三轮审核问询函,问询函,2024-05-21,https://data.eastmoney.com/notices/detail/920533/AN202405211634054233.html
600495,晋西车轴,晋西车轴:2024-003 晋西车轴投资者关系活动记录表-2024.5.17,调研活动,2024-05-21,https://data.eastmoney.com/notices/detail/600495/AN202405211634054266.html
600643,爱建集团,爱建集团:爱建集团公司章程(2024年修订),公司章程修订,2024-05-21,https://data.eastmoney.com/notices/detail/600643/AN202405211634054236.html
920020,泰凯英,泰凯英:申请人律师关于公开转让并挂牌的法律意见书,法律意见书,2024-05-21,https://data.eastmoney.com/notices/detail/920020/AN202405211634054175.html
920020,泰凯英,泰凯英:公司章程,公司章程,2024-05-21,https://data.eastmoney.com/notices/detail/920020/AN202405211634054173.html
920020,泰凯英,泰凯英:财务报表及审计报告,审计报告,2024-05-21,https://data.eastmoney.com/notices/detail/920020/AN202405211634054176.html
920020,泰凯英,泰凯英:全国股份转让系统公司同意挂牌的函,首发获准公告,2024-05-21,https://data.eastmoney.com/notices/detail/920020/AN202405211634054171.html
920020,泰凯英,泰凯英:补充申请人律师关于公开转让并挂牌的法律意见书1,法律意见书,2024-05-21,https://data.eastmoney.com/notices/detail/920020/AN202405211634054174.html
920020,泰凯英,泰凯英:主办券商关于股票公开转让并挂牌的推荐报告,主办券商推荐报告,2024-05-21,https://data.eastmoney.com/notices/detail/920020/AN202405211634054177.html
920020,泰凯英,泰凯英:申请人设立以来股本演变情况及董事、监事、高级管理人员确认意见,其他,2024-05-21,https://data.eastmoney.com/notices/detail/920020/AN202405211634054172.html
920020,泰凯英,泰凯英:公开转让说明书,公开转让说明书,2024-05-21,https://data.eastmoney.com/notices/detail/920020/AN202405211634054178.html
002587,奥拓电子,奥拓电子:2024年5月21日投资者关系活动记录表,调研活动,2024-05-21,https://data.eastmoney.com/notices/detail/002587/AN202405211634053953.html
300073,当升科技,当升科技:第六届监事会第二次会议决议公告,监事会决议公告,2024-05-21,https://data.eastmoney.com/notices/detail/300073/AN202405211634054166.html
300073,当升科技,当升科技:关于聘任2024年度向特定对象发行股票专项审计机构的公告,审计机构变更,2024-05-21,https://data.eastmoney.com/notices/detail/300073/AN202405211634054165.html
300073,当升科技,当升科技:第六届董事会第二次会议决议公告,董事会决议公告,2024-05-21,https://data.eastmoney.com/notices/detail/300073/AN202405211634054164.html
301263,泰恩康,泰恩康:关于全资子公司获得甲磺酸雷沙吉兰片药品注册证书的公告,获得认证,2024-05-21,https://data.eastmoney.com/notices/detail/301263/AN202405211634054163.html
688361,中科飞测,中科飞测:2024年5月20日深圳中科飞测科技股份有限公司投资者关系活动记录表,调研活动,2024-05-21,https://data.eastmoney.com/notices/detail/688361/AN202405211634053923.html
301263,泰恩康,泰恩康:关于全资子公司获得枸橼酸西地那非口崩片药品注册证书的公告,获得认证,2024-05-21,https://data.eastmoney.com/notices/detail/301263/AN202405211634054039.html
301020,密封科技,密封科技:密封科技2024年5月20日投资者关系活动记录表,调研活动,2024-05-21,https://data.eastmoney.com/notices/detail/301020/AN202405211634053445.html
002142,宁波银行,宁波银行:2024年5月21日投资者关系活动记录表01,调研活动,2024-05-21,https://data.eastmoney.com/notices/detail/002142/AN202405211634053447.html
002142,宁波银行,宁波银行:2024年5月21日投资者关系活动记录表02,调研活动,2024-05-21,https://data.eastmoney.com/notices/detail/002142/AN202405211634053446.html
300040,九洲集团,九洲集团:300040九洲集团投资者关系管理信息,调研活动,2024-05-21,https://data.eastmoney.com/notices/detail/300040/AN202405211634053448.html
300221,银禧科技,银禧科技:300221银禧科技投资者关系管理信息20240521,调研活动,2024-05-21,https://data.eastmoney.com/notices/detail/300221/AN202405211634053379.html
920679,前进科技,前进科技:2023年年度股东大会决议公告,分配方案决议公告,2024-05-21,https://data.eastmoney.com/notices/detail/920679/AN202405211634053473.html
920679,前进科技,前进科技:北京市竞天公诚律师事务所关于浙江前进暖通科技股份有限公司2023年年度股东大会的法律意见书,法律意见书,2024-05-21,https://data.eastmoney.com/notices/detail/920679/AN202405211634053472.html
002438,江苏神通,江苏神通:2024年5月20日投资者关系活动记录表,调研活动,2024-05-21,https://data.eastmoney.com/notices/detail/002438/AN202405211634053192.html
300071,福石控股,福石控股:关于开展应收账款保理业务的公告,其他,2024-05-21,https://data.eastmoney.com/notices/detail/300071/AN202405211634053289.html
002320,海峡股份,海峡股份:002320海峡股份投资者关系管理信息20240521,调研活动,2024-05-21,https://data.eastmoney.com/notices/detail/002320/AN202405211634053187.html
002438,江苏神通,江苏神通:2024年5月20日调研活动附件之投资者调研会议记录,调研活动,2024-05-21,https://data.eastmoney.com/notices/detail/002438/AN202405211634053188.html
301118,恒光股份,恒光股份:关于签署《战略合作框架协议》的公告,签订协议,2024-05-21,https://data.eastmoney.com/notices/detail/301118/AN202405211634053154.html
300878,维康药业,维康药业:关于董事会、监事会完成换届选举及聘任高级管理人员和证券事务代表的公告,高管人员任职变动,2024-05-21,https://data.eastmoney.com/notices/detail/300878/AN202405211634053152.html
300878,维康药业,维康药业:第四届监事会第一次会议决议公告,高管人员任职变动,2024-05-21,https://data.eastmoney.com/notices/detail/300878/AN202405211634053153.html
300878,维康药业,维康药业:第四届董事会第一次会议决议公告,高管人员任职变动,2024-05-21,https://data.eastmoney.com/notices/detail/300878/AN202405211634053151.html
300071,福石控股,福石控股:第五届董事会第五次会议决议公告,董事会决议公告,2024-05-21,https://data.eastmoney.com/notices/detail/300071/AN202405211634053150.html
300778,新城市,300778:新城市年报问询函,年报问询函,2024-05-21,https://data.eastmoney.com/notices/detail/300778/AN202405211634053083.html
300171,东富龙,东富龙:中信证券股份有限公司关于东富龙科技集团股份有限公司2023年度持续督导定期现场检查报告,保荐/核查意见,2024-05-21,https://data.eastmoney.com/notices/detail/300171/AN202405211634053075.html
300171,东富龙,东富龙:中信证券股份有限公司关于东富龙科技集团股份有限公司2023年度持续督导工作现场检查结果及提请公司注意事项,保荐/核查意见,2024-05-21,https://data.eastmoney.com/notices/detail/300171/AN202405211634053076.html
300171,东富龙,东富龙:中信证券股份有限公司关于东富龙科技集团股份有限公司2023年度跟踪报告,保荐/核查意见,2024-05-21,https://data.eastmoney.com/notices/detail/300171/AN202405211634053074.html
300227,光韵达,300227:光韵达年报问询函,年报问询函,2024-05-21,https://data.eastmoney.com/notices/detail/300227/AN202405211634052891.html
300140,节能环境,节能环境:关于部分募集资金账户资金被冻结的进展公告,募集资金使用进展情况,2024-05-21,https://data.eastmoney.com/notices/detail/300140/AN202405211634052913.html
300941,创识科技,创识科技:兴业证券股份有限公司关于福建创识科技股份有限公司2023年度跟踪报告,保荐/核查意见,2024-05-21,https://data.eastmoney.com/notices/detail/300941/AN202405211634052912.html
300428,立中集团,立中集团:关于公司免热处理合金材料获得客户认证的公告,获得认证,2024-05-21,https://data.eastmoney.com/notices/detail/300428/AN202405211634052911.html
300428,立中集团,立中集团:关于获得客户项目定点通知的公告,其他,2024-05-21,https://data.eastmoney.com/notices/detail/300428/AN202405211634052910.html
002275,桂林三金,桂林三金:002275桂林三金投资者关系管理信息20240521,调研活动,2024-05-21,https://data.eastmoney.com/notices/detail/002275/AN202405211634052826.html
002519,银河电子,银河电子:002519银河电子投资者关系管理信息20240520,调研活动,2024-05-21,https://data.eastmoney.com/notices/detail/002519/AN202405211634052766.html
600339,中油工程,中油工程:2024年5月17日投资者关系活动记录表,调研活动,2024-05-21,https://data.eastmoney.com/notices/detail/600339/AN202405211634052685.html
300843,胜蓝股份,胜蓝股份:关于为全资子公司申请银行授信提供担保的进展公告,提供/对外担保公告,2024-05-21,https://data.eastmoney.com/notices/detail/300843/AN202405211634052579.html
688798,艾为电子,艾为电子:投资者关系活动汇总表(2024年5月17日),调研活动,2024-05-21,https://data.eastmoney.com/notices/detail/688798/AN202405211634052513.html
300176,鸿特科技,300176:派生科技年报问询函,年报问询函,2024-05-21,https://data.eastmoney.com/notices/detail/300176/AN202405211634052355.html
688553,汇宇制药,汇宇制药:四川汇宇制药股份有限公司2024年5月20日投资者关系活动记录表,调研活动,2024-05-21,https://data.eastmoney.com/notices/detail/688553/AN202405211634052509.html
301109,军信股份,2-1重大资产重组报告书(申报稿)(湖南军信环保股份有限公司),创业板重大资产重组报告书申报稿,2024-05-21,https://data.eastmoney.com/notices/detail/301109/AN202405211634052330.html
301055,张小泉,张小泉:浙江天册律师事务所关于张小泉股份有限公司2023年度股东大会的法律意见书,法律意见书,2024-05-21,https://data.eastmoney.com/notices/detail/301055/AN202405211634052350.html
300242,佳云科技,佳云科技:关于东莞信托有限公司第二次公开挂牌转让其对公司控股股东相关债权流拍的公告,其他,2024-05-21,https://data.eastmoney.com/notices/detail/300242/AN202405211634052351.html
301277,新天地,新天地:关于公司药品生产许可证变更的公告,其他,2024-05-21,https://data.eastmoney.com/notices/detail/301277/AN202405211634052348.html
301371,敷尔佳,敷尔佳:中信证券股份有限公司关于哈尔滨敷尔佳科技股份有限公司2023年度跟踪报告,保荐/核查意见,2024-05-21,https://data.eastmoney.com/notices/detail/301371/AN202405211634052349.html
301109,军信股份,3-1独立财务顾问报告(申报稿)(湖南军信环保股份有限公司),创业板重大资产重组独立财务顾问报告申报稿,2024-05-21,https://data.eastmoney.com/notices/detail/301109/AN202405211634052329.html
301116,益客食品,益客食品:关于使用闲置自有资金购买理财产品的进展公告,投资理财,2024-05-21,https://data.eastmoney.com/notices/detail/301116/AN202405211634052324.html
301265,华新科技,华新环保:关于对外投资进展暨设立控股子公司并取得营业执照的公告,投资设立公司,2024-05-21,https://data.eastmoney.com/notices/detail/301265/AN202405211634052293.html
301052,果麦文化,果麦文化:关于完成工商变更登记并换发营业执照的公告,公司注册资本变更,2024-05-21,https://data.eastmoney.com/notices/detail/301052/AN202405211634052292.html
300396,ST迪瑞,迪瑞医疗:关于参加网上集体业绩说明会的公告,其他,2024-05-21,https://data.eastmoney.com/notices/detail/300396/AN202405211634052291.html
301498,乖宝宠物,乖宝宠物:关于归还用于暂时补充流动资金的募集资金公告,归还募集资金,2024-05-21,https://data.eastmoney.com/notices/detail/301498/AN202405211634052268.html
301098,金埔园林,金埔园林:关于金埔转债预计触发转股价格向下修正条件的提示性公告,其他,2024-05-21,https://data.eastmoney.com/notices/detail/301098/AN202405211634052267.html
920062,科润智控,关于科润智能控制股份有限公司向特定对象发行股票申请文件的审核问询函,问询函,2024-05-21,https://data.eastmoney.com/notices/detail/920062/AN202405211634052028.html
920167,同享科技,关于同享(苏州)电子材料科技股份有限公司向特定对象发行股票申请文件的审核问询函,问询函,2024-05-21,https://data.eastmoney.com/notices/detail/920167/AN202405211634052027.html
920191,瑞尔竞达,瑞尔竞达:2023年年度股东大会决议公告,分配方案决议公告,2024-05-21,https://data.eastmoney.com/notices/detail/920191/AN202405211634051602.html
920160,北矿检测,北矿检测:2023年年度股东大会决议公告,分配方案决议公告,2024-05-21,https://data.eastmoney.com/notices/detail/920160/AN202405211634051882.html
920191,瑞尔竞达,瑞尔竞达:上海市锦天城律师事务所关于明光瑞尔竞达科技股份有限公司2023年年度股东大会之法律意见书,法律意见书,2024-05-21,https://data.eastmoney.com/notices/detail/920191/AN202405211634051596.html
920206,彩客科技,彩客科技:股票解除限售公告,限售股份上市流通,2024-05-21,https://data.eastmoney.com/notices/detail/920206/AN202405211634051804.html
688093,世华科技,世华科技:-投资者关系活动记录表2024-011,调研活动,2024-05-21,https://data.eastmoney.com/notices/detail/688093/AN202405211634051115.html
688099,晶晨股份,晶晨股份:2024-05-20-688099.SH-晶晨股份-2024-003+晶晨半导体(上海)股份有限公司投资者关系活动记录表,调研活动,2024-05-21,https://data.eastmoney.com/notices/detail/688099/AN202405211634051119.html
600802,福建水泥,福建水泥:福建水泥股份有限公司投资者关系活动记录表20240515,调研活动,2024-05-21,https://data.eastmoney.com/notices/detail/600802/AN202405211634051116.html
688056,莱伯泰科,莱伯泰科:2023年度暨2024年第一季度业绩说明会投资者关系活动记录表,调研活动,2024-05-21,https://data.eastmoney.com/notices/detail/688056/AN202405211634051121.html
601568,北元化工,北元集团:陕西北元化工集团股份有限公司2023年度业绩说明会会议记录,调研活动,2024-05-21,https://data.eastmoney.com/notices/detail/601568/AN202405211634051126.html
688059,华锐精密,华锐精密:投资者关系活动记录表(2024年5月21日),调研活动,2024-05-21,https://data.eastmoney.com/notices/detail/688059/AN202405211634051123.html
688359,三孚新科,三孚新科:投资者关系活动记录表(5月20日),调研活动,2024-05-21,https://data.eastmoney.com/notices/detail/688359/AN202405211634051107.html
600169,ST太重,太原重工:太原重工股份有限公司投资者关系活动记录表,调研活动,2024-05-21,https://data.eastmoney.com/notices/detail/600169/AN202405211634051122.html
688788,科思科技,科思科技:投资者关系活动记录表2024-003,调研活动,2024-05-21,https://data.eastmoney.com/notices/detail/688788/AN202405211634051113.html
688352,颀中科技,颀中科技:合肥颀中科技股份有限公司投资者关系活动记录表 (2024年5月20日),调研活动,2024-05-21,https://data.eastmoney.com/notices/detail/688352/AN202405211634051104.html
603062,麦加芯彩,麦加芯彩:投资者关系活动记录表(2024-012),调研活动,2024-05-21,https://data.eastmoney.com/notices/detail/603062/AN202405211634051117.html
688520,神州细胞,神州细胞:投资者关系活动记录表(2023年度制药专场集体业绩说明会),调研活动,2024-05-21,https://data.eastmoney.com/notices/detail/688520/AN202405211634051120.html
688388,嘉元科技,嘉元科技:2024年5月20日投资者关系活动记录表,调研活动,2024-05-21,https://data.eastmoney.com/notices/detail/688388/AN202405211634051109.html
600567,山鹰国际,山鹰国际:控股股份公司投资者关系活动记录表,调研活动,2024-05-21,https://data.eastmoney.com/notices/detail/600567/AN202405211634051111.html
600927,永安期货,永安期货:永安期货股份有限公司投资者关系活动记录表-2023年度暨2024年第一季度业绩说明会,调研活动,2024-05-21,https://data.eastmoney.com/notices/detail/600927/AN202405211634051124.html
688567,孚能科技,孚能科技:投资者关系活动记录表-20240517,调研活动,2024-05-21,https://data.eastmoney.com/notices/detail/688567/AN202405211634051112.html
600581,*ST八钢,八一钢铁:2023年度暨2024年第一季度业绩说明会活动记录表,调研活动,2024-05-21,https://data.eastmoney.com/notices/detail/600581/AN202405211634051106.html
688150,莱特光电,莱特光电:陕西莱特光电材料股份有限公司投资者关系活动记录表(2024年5月17日及5月20日),调研活动,2024-05-21,https://data.eastmoney.com/notices/detail/688150/AN202405211634051125.html
688677,海泰新光,海泰新光:2024年5月14日-5月16日调研记录,调研活动,2024-05-21,https://data.eastmoney.com/notices/detail/688677/AN202405211634051103.html
688786,悦安新材,悦安新材:2024-008  688786悦安新材投资者关系活动记录表,调研活动,2024-05-21,https://data.eastmoney.com/notices/detail/688786/AN202405211634051099.html
600449,宁夏建材,宁夏建材:投资者沟通情况(宁夏辖区上市公司投资者集体接待日活动及召开公司2024年第一季度业绩说明会),调研活动,2024-05-21,https://data.eastmoney.com/notices/detail/600449/AN202405211634051110.html
603568,伟明环保,伟明环保:投资者关系活动记录表,调研活动,2024-05-21,https://data.eastmoney.com/notices/detail/603568/AN202405211634051101.html
688766,普冉股份,普冉股份:2024-004 普冉半导体(上海)股份有限公司投资者关系活动记录表(2024年5月19日),调研活动,2024-05-21,https://data.eastmoney.com/notices/detail/688766/AN202405211634051118.html
603861,白云电器,白云电器:2024年5月17日投资者关系活动记录表,调研活动,2024-05-21,https://data.eastmoney.com/notices/detail/603861/AN202405211634051114.html
600480,凌云股份,凌云股份:投资者关系活动记录表(2023年度暨2024年第一季度业绩说明会),调研活动,2024-05-21,https://data.eastmoney.com/notices/detail/600480/AN202405211634051105.html
600970,中材国际,中材国际:2024年5月13日至5月17日投资者沟通情况,调研活动,2024-05-21,https://data.eastmoney.com/notices/detail/600970/AN202405211634051108.html
603209,兴通股份,兴通股份:兴通海运股份有限公司2024年5月17日投资者关系活动记录表,调研活动,2024-05-21,https://data.eastmoney.com/notices/detail/603209/AN202405211634051100.html
688165,埃夫特,埃夫特:投资者关系活动记录表-2024年5月17日,调研活动,2024-05-21,https://data.eastmoney.com/notices/detail/688165/AN202405211634051102.html
002347,泰尔股份,泰尔股份:002347泰尔股份投资者关系管理信息20240521,调研活动,2024-05-21,https://data.eastmoney.com/notices/detail/002347/AN202405211634051067.html
002095,生意宝,生 意 宝:2024年5月20日投资者关系活动记录表,调研活动,2024-05-21,https://data.eastmoney.com/notices/detail/002095/AN202405211634050807.html
002579,中京电子,关于终止对中京电子再融资审核的决定,创业板发行上市审核终止审核通知,2024-05-21,https://data.eastmoney.com/notices/detail/002579/AN202405211634048990.html
301618,长联科技,关于同意长联科技首次公开发行股票注册的批复,创业板发行上市审核注册结果通知,2024-05-21,https://data.eastmoney.com/notices/detail/301618/AN202405211634048991.html
301067,显盈科技,6-1发行人最近三年的财务报告及其审计报告以及最近一期的财务报告(申报稿)(深圳市显盈科技股份有限公司),创业板再融资审计报告申报稿,2024-05-21,https://data.eastmoney.com/notices/detail/301067/AN202405211634049003.html
301067,显盈科技,3-1证券发行保荐书(申报稿)(深圳市显盈科技股份有限公司),创业板再融资发行保荐书申报稿,2024-05-21,https://data.eastmoney.com/notices/detail/301067/AN202405211634049001.html
301067,显盈科技,1-1募集说明书(申报稿)(深圳市显盈科技股份有限公司),创业板再融资募集说明书申报稿,2024-05-21,https://data.eastmoney.com/notices/detail/301067/AN202405211634049000.html
301067,显盈科技,会计师关于深圳市显盈科技股份有限公司申请向不特定对象发行可转换公司债券的审核问询函中有关财务事项的说明,创业板再融资问询与回复,2024-05-21,https://data.eastmoney.com/notices/detail/301067/AN202405211634048996.html
301067,显盈科技,发行人及保荐机构关于深圳市显盈科技股份有限公司向不特定对象发行可转换公司债券的审核问询函的回复,创业板再融资问询与回复,2024-05-21,https://data.eastmoney.com/notices/detail/301067/AN202405211634048994.html
301067,显盈科技,补充法律意见书(四)(深圳市显盈科技股份有限公司),创业板再融资问询与回复,2024-05-21,https://data.eastmoney.com/notices/detail/301067/AN202405211634048998.html
301067,显盈科技,4-1法律意见书(申报稿)(深圳市显盈科技股份有限公司),创业板再融资法律意见书申报稿,2024-05-21,https://data.eastmoney.com/notices/detail/301067/AN202405211634049002.html
301067,显盈科技,关于深圳市显盈科技股份有限公司申请向不特定对象发行可转换公司债券的第三轮审核问询函的回复,创业板再融资问询与回复,2024-05-21,https://data.eastmoney.com/notices/detail/301067/AN202405211634048997.html
301067,显盈科技,关于深圳市显盈科技股份有限公司申请向不特定对象发行可转换公司债券的第二轮审核问询函的回复,创业板再融资问询与回复,2024-05-21,https://data.eastmoney.com/notices/detail/301067/AN202405211634048999.html
301067,显盈科技,3-3上市保荐书(申报稿)(深圳市显盈科技股份有限公司),创业板再融资上市保荐书申报稿,2024-05-21,https://data.eastmoney.com/notices/detail/301067/AN202405211634048995.html
300209,行云科技,300209:*ST有树年报问询函,年报问询函,2024-05-21,https://data.eastmoney.com/notices/detail/300209/AN202405211634047527.html
301176,逸豪新材,301176:逸豪新材年报问询函,年报问询函,2024-05-21,https://data.eastmoney.com/notices/detail/301176/AN202405211634047506.html
301446,福事特,福事特:301446福事特投资者关系管理信息20240521,调研活动,2024-05-21,https://data.eastmoney.com/notices/detail/301446/AN202405211634045038.html
002539,云图控股,云图控股:002539云图控股投资者关系管理信息20240521,调研活动,2024-05-21,https://data.eastmoney.com/notices/detail/002539/AN202405211634044833.html
002653,海思科,海思科:关于获得1类创新药苯磺酸克利加巴林胶囊《药品注册证书》的公告,获得认证,2024-05-21,https://data.eastmoney.com/notices/detail/002653/AN202405211634044645.html
300870,欧陆通,欧陆通:3-1发行保荐书,发行保荐书,2024-05-21,https://data.eastmoney.com/notices/detail/300870/AN202405211634044647.html
300870,欧陆通,欧陆通:1-1募集说明书,其他,2024-05-21,https://data.eastmoney.com/notices/detail/300870/AN202405211634044648.html
300985,致远新能,致远新能:关于参加网上集体业绩说明会的公告,其他,2024-05-21,https://data.eastmoney.com/notices/detail/300985/AN202405211634044646.html
002980,华盛昌,华盛昌:关于举办2023年度网上业绩说明会的公告,其他,2024-05-21,https://data.eastmoney.com/notices/detail/002980/AN202405211634044617.html
300703,创源股份,创源股份:2024年5月20日投资者关系活动记录表,调研活动,2024-05-21,https://data.eastmoney.com/notices/detail/300703/AN202405211634041471.html
300069,金利华电,金利华电:300069金利华电投资者关系管理信息20240521,调研活动,2024-05-21,https://data.eastmoney.com/notices/detail/300069/AN202405211634037366.html
300052,中青宝,300052:中青宝年报问询函,年报问询函,2024-05-21,https://data.eastmoney.com/notices/detail/300052/AN202405211634035348.html
002099,海翔药业,海翔药业:2024年5月20日投资者关系活动记录表,调研活动,2024-05-21,https://data.eastmoney.com/notices/detail/002099/AN202405211634004190.html
002435,ST长康,ST长康:002435ST长康投资者关系管理信息20240521,调研活动,2024-05-21,https://data.eastmoney.com/notices/detail/002435/AN202405211634004189.html
000541,佛山照明,佛山照明:2024年5月20日投资者关系活动记录表,调研活动,2024-05-21,https://data.eastmoney.com/notices/detail/000541/AN202405211633995980.html
002970,锐明技术,锐明技术:002970锐明技术投资者关系管理信息20240521,调研活动,2024-05-21,https://data.eastmoney.com/notices/detail/002970/AN202405211633968329.html
002181,粤传媒,粤传媒:关于公司处置部分房产的进展公告,其他,2024-05-21,https://data.eastmoney.com/notices/detail/002181/AN202405211633968100.html
002181,粤传媒,粤传媒:关于公司收到《民事判决书》的公告(十四),诉讼仲裁,2024-05-21,https://data.eastmoney.com/notices/detail/002181/AN202405211633968099.html
002198,ST嘉应,嘉应制药:广东嘉应制药股份有限公司2023年度股东大会会议资料,股东大会资料,2024-05-21,https://data.eastmoney.com/notices/detail/002198/AN202405211633968085.html
002061,浙江交科,浙江交科:第九届董事会独立董事专门会议2024年第一次会议决议,董事会决议公告,2024-05-21,https://data.eastmoney.com/notices/detail/002061/AN202405211633968084.html
002061,浙江交科,浙江交科:关于购买董监高责任险的公告,其他,2024-05-21,https://data.eastmoney.com/notices/detail/002061/AN202405211633968083.html
002061,浙江交科,浙江交科:关于2024年度子公司浙江交工为下属公司提供担保额度预计暨关联交易公告,提供/对外担保公告,2024-05-21,https://data.eastmoney.com/notices/detail/002061/AN202405211633968082.html
002061,浙江交科,浙江交科:第九届监事会第一次会议决议公告,高管人员任职变动,2024-05-21,https://data.eastmoney.com/notices/detail/002061/AN202405211633968081.html
002061,浙江交科,浙江交科:第九届董事会第一次会议决议公告,高管人员任职变动,2024-05-21,https://data.eastmoney.com/notices/detail/002061/AN202405211633968080.html
300020,ST银江,*ST银江:关于对深圳证券交易所年报问询函的阶段性回复补充公告,回复问询函公告,2024-05-21,https://data.eastmoney.com/notices/detail/300020/AN202405211633967655.html
300205,*ST天喻,300205:ST天喻关注函,关注函,2024-05-21,https://data.eastmoney.com/notices/detail/300205/AN202405211633966030.html
300280,紫天退,紫天科技:关于延期回复深圳证券交易所年报问询函的公告,延期回复问询函公告,2024-05-21,https://data.eastmoney.com/notices/detail/300280/AN202405201633906094.html
002976,瑞玛精密,瑞玛精密:前次募集资金使用情况鉴证报告,保荐/核查意见,2024-05-21,https://data.eastmoney.com/notices/detail/002976/AN202405201633905867.html
002976,瑞玛精密,瑞玛精密:2024年度向特定对象发行股票募集资金使用可行性分析报告,其他,2024-05-21,https://data.eastmoney.com/notices/detail/002976/AN202405201633905869.html
002976,瑞玛精密,瑞玛精密:2024年度向特定对象发行股票预案,增发预案,2024-05-21,https://data.eastmoney.com/notices/detail/002976/AN202405201633905868.html
002976,瑞玛精密,瑞玛精密:监事会关于公司向特定对象发行股票相关事项的书面审核意见,专项说明/独立意见,2024-05-21,https://data.eastmoney.com/notices/detail/002976/AN202405201633905866.html
002976,瑞玛精密,瑞玛精密:2024年度向特定对象发行股票方案论证分析报告,其他,2024-05-21,https://data.eastmoney.com/notices/detail/002976/AN202405201633905865.html
002976,瑞玛精密,瑞玛精密:关于最近五年内未被证券监管部门和证券交易所采取处罚或监管措施的公告,自查报告,2024-05-21,https://data.eastmoney.com/notices/detail/002976/AN202405201633905860.html
002976,瑞玛精密,瑞玛精密:关于向特定对象发行股票摊薄即期回报及填补措施和相关主体承诺事项的公告,其他,2024-05-21,https://data.eastmoney.com/notices/detail/002976/AN202405201633905864.html
002976,瑞玛精密,瑞玛精密:关于本次向特定对象发行股票不存在直接或通过利益相关方向参与认购的投资者提供财务资助或补偿的公告,获得补贴（资助）,2024-05-21,https://data.eastmoney.com/notices/detail/002976/AN202405201633905863.html
002976,瑞玛精密,瑞玛精密:第三届监事会第四次会议决议公告,监事会决议公告,2024-05-21,https://data.eastmoney.com/notices/detail/002976/AN202405201633905862.html
002976,瑞玛精密,瑞玛精密:关于2024年度向特定对象发行股票预案披露的提示性公告,增发提示性公告,2024-05-21,https://data.eastmoney.com/notices/detail/002976/AN202405201633905861.html
002976,瑞玛精密,瑞玛精密:关于召开2024年第二次临时股东大会的通知,召开股东大会通知,2024-05-21,https://data.eastmoney.com/notices/detail/002976/AN202405201633905859.html
002976,瑞玛精密,瑞玛精密:第三届董事会第四次会议决议公告,增发预案,2024-05-21,https://data.eastmoney.com/notices/detail/002976/AN202405201633905858.html
600403,大有能源,大有能源:希格玛会计师事务所关于河南大有能源股份有限公司2023年年度报告的信息披露监管工作函的回复,其他,2024-05-21,https://data.eastmoney.com/notices/detail/600403/AN202405201633905606.html
600403,大有能源,大有能源:河南大有能源股份有限公司关于回复上海证券交易所工作函的公告,其他,2024-05-21,https://data.eastmoney.com/notices/detail/600403/AN202405201633905607.html
600403,大有能源,大有能源:河南大有能源股份有限公司独立董事关于对上海证券交易所2023年年度报告信息披露监管工作函回复的独立意见,专项说明/独立意见,2024-05-21,https://data.eastmoney.com/notices/detail/600403/AN202405201633905605.html
688550,瑞联新材,瑞联新材:2023年年度股东大会决议公告,分配方案决议公告,2024-05-21,https://data.eastmoney.com/notices/detail/688550/AN202405201633901864.html
688550,瑞联新材,瑞联新材:北京市君泽君(上海)律师事务所关于瑞联新材2023年年度股东大会的法律意见书,法律意见书,2024-05-21,https://data.eastmoney.com/notices/detail/688550/AN202405201633901863.html
688496,*ST清越,清越科技:广发证券股份有限公司关于苏州清越光电科技股份有限公司2023年年度持续督导跟踪报告,保荐/核查意见,2024-05-21,https://data.eastmoney.com/notices/detail/688496/AN202405201633901046.html
688550,瑞联新材,瑞联新材:2024年第三次临时股东大会会议文件,股东大会资料,2024-05-21,https://data.eastmoney.com/notices/detail/688550/AN202405201633901045.html
603052,可川科技,可川科技:关于选举职工代表监事的公告,高管人员任职变动,2024-05-21,https://data.eastmoney.com/notices/detail/603052/AN202405201633890445.html
603052,可川科技,可川科技:2023年年度股东大会决议公告,分配方案决议公告,2024-05-21,https://data.eastmoney.com/notices/detail/603052/AN202405201633890441.html
603052,可川科技,可川科技:上海里兆律师事务所关于苏州可川电子科技股份有限公司2023年年度股东大会之见证法律意见,法律意见书,2024-05-21,https://data.eastmoney.com/notices/detail/603052/AN202405201633890444.html
603052,可川科技,可川科技:第三届监事会第一次会议决议公告,高管人员任职变动,2024-05-21,https://data.eastmoney.com/notices/detail/603052/AN202405201633890442.html
603052,可川科技,可川科技:第三届董事会第一次会议决议公告,高管人员任职变动,2024-05-21,https://data.eastmoney.com/notices/detail/603052/AN202405201633890443.html
002846,英联股份,英联股份:简式权益变动报告书,权益变动报告书,2024-05-21,https://data.eastmoney.com/notices/detail/002846/AN202405201633887897.html
002846,英联股份,英联股份:关于持股5%以上股东权益变动至5%以下的提示性公告,权益变动报告书,2024-05-21,https://data.eastmoney.com/notices/detail/002846/AN202405201633887896.html
601933,永辉超市,永辉超市:永辉超市股份有限公司第五届监事会第十一次会议决议公告,高管人员任职变动,2024-05-21,https://data.eastmoney.com/notices/detail/601933/AN202405201633884712.html
601933,永辉超市,永辉超市:上海市通力律师事务所关于永辉超市股份有限公司2023年年度股东大会的法律意见书,法律意见书,2024-05-21,https://data.eastmoney.com/notices/detail/601933/AN202405201633884707.html
601933,永辉超市,永辉超市:永辉超市股份有限公司2023年年度股东大会决议公告,分配方案决议公告,2024-05-21,https://data.eastmoney.com/notices/detail/601933/AN202405201633884706.html
603069,海汽集团,海汽集团:中信建投证券股份有限公司关于海南海汽运输集团股份有限公司发行股份及支付现金购买资产并募集配套资金暨关联交易摊薄即期回报及采取填补措施的核查意见,保荐/核查意见,2024-05-21,https://data.eastmoney.com/notices/detail/603069/AN202405201633884352.html
603069,海汽集团,海汽集团:海汽集团第四届监事会第二十二次会议决议公告,监事会决议公告,2024-05-21,https://data.eastmoney.com/notices/detail/603069/AN202405201633884354.html
603069,海汽集团,海汽集团:中信建投证券股份有限公司关于本次交易符合《关于加强证券公司在投资银行类业务中聘请第三方等廉洁从业风险防控的意见》的相关规定之核查意见,保荐/核查意见,2024-05-21,https://data.eastmoney.com/notices/detail/603069/AN202405201633884458.html
603069,海汽集团,海汽集团:北京市金杜律师事务所关于海南海汽运输集团股份有限公司发行股份及支付现金购买资产并募集配套资金暨关联交易之补充法律意见书(一),法律意见书,2024-05-21,https://data.eastmoney.com/notices/detail/603069/AN202405201633884460.html
603069,海汽集团,海汽集团:海汽集团关于本次重组摊薄即期回报的风险提示及采取填补措施的公告,其他,2024-05-21,https://data.eastmoney.com/notices/detail/603069/AN202405201633884356.html
603069,海汽集团,海汽集团:海南海汽运输集团股份有限公司备考审阅报告,保荐/核查意见,2024-05-21,https://data.eastmoney.com/notices/detail/603069/AN202405201633884353.html
603069,海汽集团,海汽集团:海汽集团关于补选公司董事会战略委员会委员的公告,高管人员任职变动,2024-05-21,https://data.eastmoney.com/notices/detail/603069/AN202405201633884459.html
603069,海汽集团,海汽集团:海汽集团第四届董事会第三十五次会议决议公告,高管人员任职变动,2024-05-21,https://data.eastmoney.com/notices/detail/603069/AN202405201633884355.html
603069,海汽集团,海汽集团:海汽集团关于本次交易符合《关于加强证券公司在投资银行类业务中聘请第三方等廉洁从业风险防控的意见》相关规定的说明,其他,2024-05-21,https://data.eastmoney.com/notices/detail/603069/AN202405201633884457.html
603069,海汽集团,海汽集团:海南海汽运输集团股份有限公司发行股份及支付现金购买资产并募集配套资金暨关联交易报告书(申报稿),其他增发事项公告,2024-05-21,https://data.eastmoney.com/notices/detail/603069/AN202405201633884461.html
603069,海汽集团,海汽集团:海汽集团发行股份及支付现金购买资产并募集配套资金暨关联交易报告书(草案)摘要,其他增发事项公告,2024-05-21,https://data.eastmoney.com/notices/detail/603069/AN202405201633884462.html
603069,海汽集团,海汽集团:海汽集团关于变更发行股份及支付现金购买资产并配套募集资金暨关联交易备考审阅机构的公告,其他增发事项公告,2024-05-21,https://data.eastmoney.com/notices/detail/603069/AN202405201633884351.html
603069,海汽集团,海汽集团:中信建投证券股份有限公司关于海南海汽运输集团股份有限公司发行股份及支付现金购买资产并募集配套资金暨关联交易之独立财务顾问报告,保荐/核查意见,2024-05-21,https://data.eastmoney.com/notices/detail/603069/AN202405201633884350.html
603619,中曼石油,中曼石油:君合律师事务所上海分所关于中曼石油天然气集团股份有限公司2023年年度股东大会的法律意见书,法律意见书,2024-05-21,https://data.eastmoney.com/notices/detail/603619/AN202405201633884329.html
603619,中曼石油,中曼石油:中曼石油关于股份回购实施结果暨股份变动的公告,股本变动,2024-05-21,https://data.eastmoney.com/notices/detail/603619/AN202405201633884327.html
603619,中曼石油,中曼石油:中曼石油2023年年度股东大会决议公告,分配方案决议公告,2024-05-21,https://data.eastmoney.com/notices/detail/603619/AN202405201633884328.html
601127,赛力斯,赛力斯:北京市金杜律师事务所关于赛力斯集团股份有限公司2023年年度股东大会之法律意见书,法律意见书,2024-05-21,https://data.eastmoney.com/notices/detail/601127/AN202405201633884307.html
601127,赛力斯,赛力斯:2023年年度股东大会决议公告,分配方案决议公告,2024-05-21,https://data.eastmoney.com/notices/detail/601127/AN202405201633884308.html
001309,德明利,德明利:深圳市德明利技术股份有限公司向特定对象发行股票并在主板上市募集说明书(修订版),增发方案修订,2024-05-21,https://data.eastmoney.com/notices/detail/001309/AN202405201633883536.html
001309,德明利,德明利:关于向特定对象发行股票的审核问询函回复及募集说明书等申请文件更新的提示性公告,回复问询函公告,2024-05-21,https://data.eastmoney.com/notices/detail/001309/AN202405201633883532.html
001309,德明利,德明利:关于深圳市德明利技术股份有限公司申请向特定对象发行股票的审核问询函的回复(豁免版),回复问询函公告,2024-05-21,https://data.eastmoney.com/notices/detail/001309/AN202405201633883537.html
001309,德明利,德明利:信达律师事务所关于深圳市德明利技术股份有限公司2023年度向特定对象发行股票的补充法律意见书(一)(豁免版),法律意见书,2024-05-21,https://data.eastmoney.com/notices/detail/001309/AN202405201633883539.html
001309,德明利,德明利:立信会计师事务所(特殊普通合伙)关于深圳市德明利技术股份有限公司申请向特定对象发行股票的审核问询函的回复,会计师事务所问询函回复公告,2024-05-21,https://data.eastmoney.com/notices/detail/001309/AN202405201633883538.html
001309,德明利,德明利:关于深圳市德明利技术股份有限公司2023年度向特定对象发行股票并在主板上市发行保荐书(修订版),发行保荐书,2024-05-21,https://data.eastmoney.com/notices/detail/001309/AN202405201633883535.html
001309,德明利,德明利:大信会计师事务所(特殊普通合伙)关于深圳市德明利技术股份有限公司申请向特定对象发行股票的审核问询函的回复(豁免版),会计师事务所问询函回复公告,2024-05-21,https://data.eastmoney.com/notices/detail/001309/AN202405201633883534.html
001309,德明利,德明利:华泰联合证券有限责任公司关于深圳市德明利技术股份有限公司2023年度向特定对象发行股票并在主板上市之上市保荐书(修订版),上市保荐书,2024-05-21,https://data.eastmoney.com/notices/detail/001309/AN202405201633883533.html
301388,欣灵电气,欣灵电气:2023年年度权益分派实施公告,分配方案实施,2024-05-21,https://data.eastmoney.com/notices/detail/301388/AN202405201633883531.html
000506,招金黄金,*ST中润:关于股票交易异常波动及严重异常波动的公告,股票交易异常波动,2024-05-21,https://data.eastmoney.com/notices/detail/000506/AN202405201633883491.html
300938,信测标准,信测标准:关于信测转债调整转股价格的公告,其他,2024-05-21,https://data.eastmoney.com/notices/detail/300938/AN202405201633883461.html
300938,信测标准,信测标准:2023年年度分红派息、转增股本实施公告,分配方案实施,2024-05-21,https://data.eastmoney.com/notices/detail/300938/AN202405201633883460.html
300935,盈建科,盈建科:东北证券股份有限公司关于北京盈建科软件股份有限公司2024年度持续督导培训情况报告,保荐/核查意见,2024-05-21,https://data.eastmoney.com/notices/detail/300935/AN202405201633883237.html
300935,盈建科,盈建科:第四届监事会第六次会议决议公告,监事会决议公告,2024-05-21,https://data.eastmoney.com/notices/detail/300935/AN202405201633883242.html
300935,盈建科,盈建科:上海市锦天城(北京)律师事务所关于北京盈建科软件股份有限公司2024年限制性股票激励计划(草案)的法律意见书,法律意见书,2024-05-21,https://data.eastmoney.com/notices/detail/300935/AN202405201633883241.html
300935,盈建科,盈建科:独立董事公开征集委托投票权报告书,其他,2024-05-21,https://data.eastmoney.com/notices/detail/300935/AN202405201633883240.html
300935,盈建科,盈建科:2024年限制性股票激励计划自查表,股权激励计划,2024-05-21,https://data.eastmoney.com/notices/detail/300935/AN202405201633883239.html
300935,盈建科,盈建科:上海荣正企业咨询服务(集团)股份有限公司关于北京盈建科软件股份有限公司2024年限制性股票激励计划(草案)之独立财务顾问报告,保荐/核查意见,2024-05-21,https://data.eastmoney.com/notices/detail/300935/AN202405201633883238.html
300935,盈建科,盈建科:2024年限制性股票激励计划(草案)摘要,股权激励计划摘要,2024-05-21,https://data.eastmoney.com/notices/detail/300935/AN202405201633883236.html
300935,盈建科,盈建科:2024年限制性股票激励计划实施考核管理办法,管理办法/制度,2024-05-21,https://data.eastmoney.com/notices/detail/300935/AN202405201633883235.html
300935,盈建科,盈建科:2024年限制性股票激励计划激励对象名单,股权激励对象名单,2024-05-21,https://data.eastmoney.com/notices/detail/300935/AN202405201633883234.html
300935,盈建科,盈建科:2024年限制性股票激励计划(草案),股权激励计划,2024-05-21,https://data.eastmoney.com/notices/detail/300935/AN202405201633883233.html
300935,盈建科,盈建科:第四届董事会第六次会议决议公告,高管人员任职变动,2024-05-21,https://data.eastmoney.com/notices/detail/300935/AN202405201633883232.html
300935,盈建科,盈建科:关于召开2024年第二次临时股东大会的通知,召开股东大会通知,2024-05-21,https://data.eastmoney.com/notices/detail/300935/AN202405201633883231.html
000007,全新好,*ST全新:关于《2023年年度股东大会决议公告》的更正公告,其他,2024-05-21,https://data.eastmoney.com/notices/detail/000007/AN202405201633883230.html
000007,全新好,*ST全新:2023年年度股东大会决议公告(更正后),分配方案决议公告,2024-05-21,https://data.eastmoney.com/notices/detail/000007/AN202405201633883229.html
002193,ST如意,如意集团:关于股东所持公司部分股份可能会被强制执行的提示性公告,其他,2024-05-21,https://data.eastmoney.com/notices/detail/002193/AN202405201633883199.html
000893,亚钾国际,亚钾国际:北京市君合(广州)律师事务所关于亚钾国际投资(广州)股份有限公司2023年年度股东大会的法律意见书,法律意见书,2024-05-21,https://data.eastmoney.com/notices/detail/000893/AN202405201633883198.html
000893,亚钾国际,亚钾国际:2023年年度股东大会决议公告,分配方案决议公告,2024-05-21,https://data.eastmoney.com/notices/detail/000893/AN202405201633883197.html
000893,亚钾国际,亚钾国际:关于回购注销部分限制性股票减少注册资本暨通知债权人的公告,公司注册资本变更,2024-05-21,https://data.eastmoney.com/notices/detail/000893/AN202405201633883196.html
688719,爱科赛博,爱科赛博:西安爱科赛博电气股份有限公司第五届监事会第一次会议决议公告,高管人员任职变动,2024-05-21,https://data.eastmoney.com/notices/detail/688719/AN202405201633883167.html
688719,爱科赛博,爱科赛博:西安爱科赛博电气股份有限公司关于换届选举完成暨选举董事长、董事会专门委员会、监事会主席及聘任高级管理人员、证券事务代表的公告,高管人员任职变动,2024-05-21,https://data.eastmoney.com/notices/detail/688719/AN202405201633883165.html
688719,爱科赛博,爱科赛博:西安爱科赛博电气股份有限公司2023年年度股东大会决议公告,分配方案决议公告,2024-05-21,https://data.eastmoney.com/notices/detail/688719/AN202405201633883168.html
688719,爱科赛博,爱科赛博:西安爱科赛博电气股份有限公司关于公司2024年限制性股票激励计划内幕信息知情人买卖公司股票情况的自查报告,自查报告,2024-05-21,https://data.eastmoney.com/notices/detail/688719/AN202405201633883166.html
688719,爱科赛博,爱科赛博:北京大成律师事务所关于西安爱科赛博电气股份有限公司2023年年度股东大会的法律意见书,法律意见书,2024-05-21,https://data.eastmoney.com/notices/detail/688719/AN202405201633883169.html
688255,凯尔达,凯尔达:关于修订《公司章程》的公告,公司章程修订,2024-05-21,https://data.eastmoney.com/notices/detail/688255/AN202405201633883091.html
688255,凯尔达,凯尔达:关于聘任副总经理的公告,高管人员任职变动,2024-05-21,https://data.eastmoney.com/notices/detail/688255/AN202405201633883090.html
688255,凯尔达,凯尔达:关于召开2024年第二次临时股东大会的通知,召开股东大会通知,2024-05-21,https://data.eastmoney.com/notices/detail/688255/AN202405201633883093.html
688255,凯尔达,凯尔达:国浩律师(杭州)事务所关于杭州凯尔达焊接机器人股份有限公司2023年年度股东大会的法律意见书,法律意见书,2024-05-21,https://data.eastmoney.com/notices/detail/688255/AN202405201633883092.html
688255,凯尔达,凯尔达:杭州凯尔达焊接机器人股份有限公司章程(2024年5月修订),公司章程修订,2024-05-21,https://data.eastmoney.com/notices/detail/688255/AN202405201633883089.html
688255,凯尔达,凯尔达:2023年年度股东大会决议公告,分配方案决议公告,2024-05-21,https://data.eastmoney.com/notices/detail/688255/AN202405201633883088.html
300196,长海股份,长海股份:关于长海转债暂停转股的提示性公告,其他,2024-05-21,https://data.eastmoney.com/notices/detail/300196/AN202405201633883117.html
002769,普路通,普路通:未来三年(2024-2026年)股东分红回报规划,其他,2024-05-21,https://data.eastmoney.com/notices/detail/002769/AN202405201633883129.html
002769,普路通,普路通:深圳市普路通供应链管理股份有限公司2024年度向特定对象发行A股股票预案,增发预案,2024-05-21,https://data.eastmoney.com/notices/detail/002769/AN202405201633883128.html
002769,普路通,普路通:深圳市普路通供应链管理股份有限公司2024年度向特定对象发行A股股票方案论证分析报告,其他,2024-05-21,https://data.eastmoney.com/notices/detail/002769/AN202405201633883127.html
002769,普路通,普路通:深圳市普路通供应链管理股份有限公司2024年度向特定对象发行A股股票募集资金使用可行性分析报告,其他,2024-05-21,https://data.eastmoney.com/notices/detail/002769/AN202405201633883126.html
002769,普路通,普路通:关于最近五年不存在被证券监管部门和交易所处罚或采取监管措施情况的公告,处罚,2024-05-21,https://data.eastmoney.com/notices/detail/002769/AN202405201633883121.html
002769,普路通,普路通:关于无需编制前次募集资金使用情况报告的公告,募集资金使用情况报告,2024-05-21,https://data.eastmoney.com/notices/detail/002769/AN202405201633883122.html
002769,普路通,普路通:第五届监事会第十四次会议决议公告,监事会决议公告,2024-05-21,https://data.eastmoney.com/notices/detail/002769/AN202405201633883124.html
002769,普路通,普路通:关于向特定对象发行A股股票摊薄即期回报及填补措施和相关主体承诺的公告,其他,2024-05-21,https://data.eastmoney.com/notices/detail/002769/AN202405201633883120.html
002769,普路通,普路通:关于本次向特定对象发行股票不存在直接或通过利益相关方向参与认购的投资者提供财务资助或补偿的公告,获得补贴（资助）,2024-05-21,https://data.eastmoney.com/notices/detail/002769/AN202405201633883119.html
002769,普路通,普路通:关于与特定对象签署附生效条件的股份认购合同暨关联交易的公告,关联交易,2024-05-21,https://data.eastmoney.com/notices/detail/002769/AN202405201633883125.html
002769,普路通,普路通:关于提请股东大会批准控股股东免于以要约方式增持公司股份的公告,其他,2024-05-21,https://data.eastmoney.com/notices/detail/002769/AN202405201633883123.html
002769,普路通,普路通:第五届董事会第十九次会议决议公告,增发预案,2024-05-21,https://data.eastmoney.com/notices/detail/002769/AN202405201633883118.html
688652,京仪装备,京仪装备:关于首次公开发行网下配售限售股上市流通的公告,限售股份上市流通,2024-05-21,https://data.eastmoney.com/notices/detail/688652/AN202405201633883066.html
688652,京仪装备,京仪装备:国泰君安证券股份有限公司关于北京京仪自动化装备技术股份有限公司首次公开发行网下配售限售股上市流通的核查意见,保荐/核查意见,2024-05-21,https://data.eastmoney.com/notices/detail/688652/AN202405201633883067.html
002930,宏川智慧,宏川智慧:回购股份报告书,回购报告书,2024-05-21,https://data.eastmoney.com/notices/detail/002930/AN202405201633882745.html
002930,宏川智慧,宏川智慧:关于回购股份用于注销并减少注册资本暨通知债权人的公告,公司注册资本变更,2024-05-21,https://data.eastmoney.com/notices/detail/002930/AN202405201633882744.html
688227,品高股份,品高股份:关于广州品高软件股份有限公司2024年限制性股票激励计划首次授予相关事项之独立财务顾问报告,股权激励进展公告,2024-05-21,https://data.eastmoney.com/notices/detail/688227/AN202405201633882739.html
688227,品高股份,品高股份:监事会关于公司2024年限制性股票激励计划首次授予激励对象名单的核查意见,股权激励进展公告,2024-05-21,https://data.eastmoney.com/notices/detail/688227/AN202405201633882742.html
688227,品高股份,品高股份:关于广州市品高软件股份有限公司2023年年度股东大会的法律意见书,法律意见书,2024-05-21,https://data.eastmoney.com/notices/detail/688227/AN202405201633882734.html
688227,品高股份,品高股份:关于广州市品高软件股份有限公司2024年限制性股票激励计划首次授予事项的法律意见书,法律意见书,2024-05-21,https://data.eastmoney.com/notices/detail/688227/AN202405201633882740.html
688227,品高股份,品高股份:第三届董事会第十五次会议决议公告,董事会决议公告,2024-05-21,https://data.eastmoney.com/notices/detail/688227/AN202405201633882738.html
688227,品高股份,品高股份:关于向激励对象首次授予限制性股票的公告,股权激励进展公告,2024-05-21,https://data.eastmoney.com/notices/detail/688227/AN202405201633882736.html
688227,品高股份,品高股份:关于2024年限制性股票激励计划内幕信息知情人及激励对象买卖公司股票的自查报告,自查报告,2024-05-21,https://data.eastmoney.com/notices/detail/688227/AN202405201633882737.html
688227,品高股份,品高股份:2023年年度股东大会决议公告,分配方案决议公告,2024-05-21,https://data.eastmoney.com/notices/detail/688227/AN202405201633882733.html
688227,品高股份,品高股份:关于广州品高软件股份有限公司2024年限制性股票激励计划首次授予相关事项之独立财务顾问报告,股权激励进展公告,2024-05-21,https://data.eastmoney.com/notices/detail/688227/AN202405201633882735.html
688227,品高股份,品高股份:2024年限制性股票激励计划首次授予激励对象名单,股权激励对象名单,2024-05-21,https://data.eastmoney.com/notices/detail/688227/AN202405201633882741.html
688227,品高股份,品高股份:关于广州市品高软件股份有限公司2024年限制性股票激励计划首次授予事项的法律意见书,法律意见书,2024-05-21,https://data.eastmoney.com/notices/detail/688227/AN202405201633882732.html
688227,品高股份,品高股份:第三届监事会第十三次会议决议公告,监事会决议公告,2024-05-21,https://data.eastmoney.com/notices/detail/688227/AN202405201633882743.html
002621,*ST美吉,*ST美吉:股票交易异常波动及严重异常波动公告,股票交易异常波动,2024-05-21,https://data.eastmoney.com/notices/detail/002621/AN202405201633882724.html
002610,ST爱康,ST爱康:2023年年度股东大会决议公告,分配方案决议公告,2024-05-21,https://data.eastmoney.com/notices/detail/002610/AN202405201633882685.html
002610,ST爱康,ST爱康:北京市中伦(南京)律师事务所关于浙江爱康新能源科技股份有限公司2023年年度股东大会的法律意见书,法律意见书,2024-05-21,https://data.eastmoney.com/notices/detail/002610/AN202405201633882686.html
003004,声迅股份,声迅股份:关于实施权益分派期间声迅转债暂停转股的公告,其他,2024-05-21,https://data.eastmoney.com/notices/detail/003004/AN202405201633882687.html
600793,宜宾纸业,宜宾纸业:北京市天元(成都)律师事务所关于宜宾纸业股份有限公司2023年年度股东大会的法律意见,法律意见书,2024-05-21,https://data.eastmoney.com/notices/detail/600793/AN202405201633882454.html
600793,宜宾纸业,宜宾纸业:临2024-030宜宾纸业2023年年度股东大会决议公告,其他增发事项公告,2024-05-21,https://data.eastmoney.com/notices/detail/600793/AN202405201633882453.html
600782,新钢股份,新钢股份:新钢股份2023年度股东大会决议公告,分配方案决议公告,2024-05-21,https://data.eastmoney.com/notices/detail/600782/AN202405201633882435.html
600782,新钢股份,新钢股份:新钢股份关于召开2023年度暨2024年第一季度业绩说明会的公告,其他,2024-05-21,https://data.eastmoney.com/notices/detail/600782/AN202405201633882433.html
600782,新钢股份,新钢股份:新钢股份2023年年度股东大会法律意见书,法律意见书,2024-05-21,https://data.eastmoney.com/notices/detail/600782/AN202405201633882432.html
600782,新钢股份,新钢股份:新钢股份关于2023年年度报告的更正公告,年度报告更正公告,2024-05-21,https://data.eastmoney.com/notices/detail/600782/AN202405201633882436.html
600782,新钢股份,新钢股份:新钢股份2023年度报告(更正版),年度报告全文,2024-05-21,https://data.eastmoney.com/notices/detail/600782/AN202405201633882434.html
002811,郑中设计,郑中设计:关于亚泰转债暂停转股的提示性公告,其他,2024-05-21,https://data.eastmoney.com/notices/detail/002811/AN202405201633882425.html
300677,英科医疗,英科医疗:关于实施权益分派期间英科转债暂停转股的提示性公告,其他,2024-05-21,https://data.eastmoney.com/notices/detail/300677/AN202405201633882420.html
300031,宝通科技,宝通科技:独立董事提名人声明与承诺(张慧芬),独立董事提名人声明,2024-05-21,https://data.eastmoney.com/notices/detail/300031/AN202405201633882088.html
002969,嘉美包装,嘉美包装:关于嘉美转债转股价格调整的公告,其他,2024-05-21,https://data.eastmoney.com/notices/detail/002969/AN202405201633882079.html
300031,宝通科技,宝通科技:独立董事候选人声明与承诺(马建国),独立董事候选人声明,2024-05-21,https://data.eastmoney.com/notices/detail/300031/AN202405201633882087.html
002969,嘉美包装,嘉美包装:2023年年度权益分派实施公告,分配方案实施,2024-05-21,https://data.eastmoney.com/notices/detail/002969/AN202405201633882078.html
300031,宝通科技,宝通科技:独立董事候选人声明与承诺(纪志成),独立董事候选人声明,2024-05-21,https://data.eastmoney.com/notices/detail/300031/AN202405201633882081.html
300031,宝通科技,宝通科技:独立董事提名人声明与承诺(马建国),独立董事提名人声明,2024-05-21,https://data.eastmoney.com/notices/detail/300031/AN202405201633882085.html
300031,宝通科技,宝通科技:独立董事提名人声明与承诺(纪志成),独立董事提名人声明,2024-05-21,https://data.eastmoney.com/notices/detail/300031/AN202405201633882090.html
300031,宝通科技,宝通科技:独立董事候选人声明与承诺(张慧芬),独立董事候选人声明,2024-05-21,https://data.eastmoney.com/notices/detail/300031/AN202405201633882091.html
300031,宝通科技,宝通科技:关于召开公司2024年第一次临时股东大会的通知,召开股东大会通知,2024-05-21,https://data.eastmoney.com/notices/detail/300031/AN202405201633882089.html
300031,宝通科技,宝通科技:关于董事会换届选举的公告,高管人员任职变动,2024-05-21,https://data.eastmoney.com/notices/detail/300031/AN202405201633882086.html
300031,宝通科技,宝通科技:第五届监事会第十九次会议决议公告,高管人员任职变动,2024-05-21,https://data.eastmoney.com/notices/detail/300031/AN202405201633882084.html
300031,宝通科技,宝通科技:关于监事会换届选举的公告,高管人员任职变动,2024-05-21,https://data.eastmoney.com/notices/detail/300031/AN202405201633882083.html
300031,宝通科技,宝通科技:关于选举产生第六届监事会职工代表监事的公告,高管人员任职变动,2024-05-21,https://data.eastmoney.com/notices/detail/300031/AN202405201633882082.html
300031,宝通科技,宝通科技:第五届董事会第二十六次会议决议公告,高管人员任职变动,2024-05-21,https://data.eastmoney.com/notices/detail/300031/AN202405201633882080.html
002891,中宠股份,中宠股份:关于持股5%以上股东减持股份的预披露公告,股东/实际控制人股份减持,2024-05-21,https://data.eastmoney.com/notices/detail/002891/AN202405201633882026.html
002061,浙江交科,浙江交科:浙江六和律师事务所关于浙江交通科技股份有限公司2023年度股东大会的法律意见书,法律意见书,2024-05-21,https://data.eastmoney.com/notices/detail/002061/AN202405201633882025.html
002061,浙江交科,浙江交科:2023年度股东大会决议公告,分配方案决议公告,2024-05-21,https://data.eastmoney.com/notices/detail/002061/AN202405201633882024.html
002052,同洲电子,*ST同洲:关于公司办公地址变更的公告,公司办公地址变更,2024-05-21,https://data.eastmoney.com/notices/detail/002052/AN202405201633882020.html
002052,同洲电子,*ST同洲:关于投资者诉讼事项的公告,诉讼仲裁,2024-05-21,https://data.eastmoney.com/notices/detail/002052/AN202405201633882019.html
002052,同洲电子,*ST同洲:第六届监事会第二十三次会议决议公告,监事会决议公告,2024-05-21,https://data.eastmoney.com/notices/detail/002052/AN202405201633882023.html
002052,同洲电子,*ST同洲:关于终止公司发行股份及支付现金购买资产并募集配套资金暨关联交易事项的公告,增发终止,2024-05-21,https://data.eastmoney.com/notices/detail/002052/AN202405201633882022.html
002052,同洲电子,*ST同洲:第六届董事会第四十次会议决议公告,董事会决议公告,2024-05-21,https://data.eastmoney.com/notices/detail/002052/AN202405201633882021.html
000582,北部湾港,北部湾港:国浩律师(南宁)事务所关于北部湾港股份有限公司2023年度股东大会的法律意见书,法律意见书,2024-05-21,https://data.eastmoney.com/notices/detail/000582/AN202405201633882017.html
000582,北部湾港,北部湾港:关于完成董事会、监事会换届选举及聘任高级管理人员、证券事务代表的公告,高管人员任职变动,2024-05-21,https://data.eastmoney.com/notices/detail/000582/AN202405201633882014.html
000582,北部湾港,北部湾港:第十届监事会第一次会议决议公告,高管人员任职变动,2024-05-21,https://data.eastmoney.com/notices/detail/000582/AN202405201633882018.html
000582,北部湾港,北部湾港:第十届董事会第一次会议决议公告,高管人员任职变动,2024-05-21,https://data.eastmoney.com/notices/detail/000582/AN202405201633882015.html
000582,北部湾港,北部湾港:北部湾港2023年度股东大会决议公告,分配方案决议公告,2024-05-21,https://data.eastmoney.com/notices/detail/000582/AN202405201633882016.html
688095,福昕软件,福昕软件:福昕软件2023年年度股东大会的法律意见书,法律意见书,2024-05-21,https://data.eastmoney.com/notices/detail/688095/AN202405201633882011.html
688095,福昕软件,福昕软件:福建福昕软件开发股份有限公司2023年年度股东大会决议公告,分配方案决议公告,2024-05-21,https://data.eastmoney.com/notices/detail/688095/AN202405201633882010.html
688592,司南导航,司南导航:司南导航2023年年度股东大会决议公告,分配方案决议公告,2024-05-21,https://data.eastmoney.com/notices/detail/688592/AN202405201633881840.html
688592,司南导航,司南导航:第四届监事会第一次会议决议公告,高管人员任职变动,2024-05-21,https://data.eastmoney.com/notices/detail/688592/AN202405201633881841.html
688592,司南导航,司南导航:关于完成董事会、监事会换届选举及聘任高级管理人员、证券事务代表、审计部负责人的公告,高管人员任职变动,2024-05-21,https://data.eastmoney.com/notices/detail/688592/AN202405201633881842.html
688592,司南导航,司南导航:第四届董事会第一次会议决议公告,高管人员任职变动,2024-05-21,https://data.eastmoney.com/notices/detail/688592/AN202405201633881844.html
688592,司南导航,司南导航:司南导航2023年年度股东大会的法律意见书,法律意见书,2024-05-21,https://data.eastmoney.com/notices/detail/688592/AN202405201633881843.html
603007,顺景科技,ST花王:花王股份2023年年度股东大会法律意见书,法律意见书,2024-05-21,https://data.eastmoney.com/notices/detail/603007/AN202405201633881774.html
603007,顺景科技,ST花王:2023年年度股东大会决议公告,分配方案决议公告,2024-05-21,https://data.eastmoney.com/notices/detail/603007/AN202405201633881773.html
300331,苏大维格,苏大维格:上市公司独立董事候选人声明与承诺(殷爱荪),独立董事候选人声明,2024-05-21,https://data.eastmoney.com/notices/detail/300331/AN202405201633881758.html
300331,苏大维格,苏大维格:关于董事会换届选举的公告,高管人员任职变动,2024-05-21,https://data.eastmoney.com/notices/detail/300331/AN202405201633881757.html
300331,苏大维格,苏大维格:关于监事会换届选举的公告,高管人员任职变动,2024-05-21,https://data.eastmoney.com/notices/detail/300331/AN202405201633881756.html
300331,苏大维格,苏大维格:上市公司独立董事候选人声明与承诺(任佳),独立董事候选人声明,2024-05-21,https://data.eastmoney.com/notices/detail/300331/AN202405201633881755.html
300331,苏大维格,苏大维格:上市公司独立董事提名人声明与承诺(凌华),独立董事提名人声明,2024-05-21,https://data.eastmoney.com/notices/detail/300331/AN202405201633881754.html
300331,苏大维格,苏大维格:关于公司职工代表监事换届选举的公告,高管人员任职变动,2024-05-21,https://data.eastmoney.com/notices/detail/300331/AN202405201633881753.html
300331,苏大维格,苏大维格:上市公司独立董事提名人声明与承诺(殷爱荪),独立董事提名人声明,2024-05-21,https://data.eastmoney.com/notices/detail/300331/AN202405201633881752.html
300331,苏大维格,苏大维格:关于董事会秘书辞职暨指定董事、高级管理人员代行董事会秘书职责的公告,高管人员任职变动,2024-05-21,https://data.eastmoney.com/notices/detail/300331/AN202405201633881750.html
300331,苏大维格,苏大维格:上市公司独立董事提名人声明与承诺(任佳),独立董事提名人声明,2024-05-21,https://data.eastmoney.com/notices/detail/300331/AN202405201633881749.html
300331,苏大维格,苏大维格:上市公司独立董事候选人声明与承诺(凌华),独立董事候选人声明,2024-05-21,https://data.eastmoney.com/notices/detail/300331/AN202405201633881748.html
300331,苏大维格,苏大维格:第五届监事会第二十五次会议决议公告,高管人员任职变动,2024-05-21,https://data.eastmoney.com/notices/detail/300331/AN202405201633881759.html
300331,苏大维格,苏大维格:关于召开2023年度股东大会的通知,召开股东大会通知,2024-05-21,https://data.eastmoney.com/notices/detail/300331/AN202405201633881751.html
300331,苏大维格,苏大维格:第五届董事会第二十九次会议决议公告,高管人员任职变动,2024-05-21,https://data.eastmoney.com/notices/detail/300331/AN202405201633881747.html
603959,ST百利,ST百利:百利科技关于上海证券交易所关于公司2023年年度报告相关信息披露的监管问询函的回复公告,回复问询函公告,2024-05-21,https://data.eastmoney.com/notices/detail/603959/AN202405201633881716.html
603959,ST百利,ST百利:大华会计师事务所关于百利科技2023年年度报告的信息披露监管问询函中有关财务事项的说明,其他,2024-05-21,https://data.eastmoney.com/notices/detail/603959/AN202405201633881717.html
000534,万泽股份,万泽股份:万泽股份关于控股股东可交换公司债券进入换股期的提示性公告,其他,2024-05-21,https://data.eastmoney.com/notices/detail/000534/AN202405201633881813.html
002521,齐峰新材,齐峰新材:江苏泰和律师事务所关于齐峰新材料股份有限公司向特定对象发行A股股票之2023年度权益分派实施完毕后调整股份发行价格和发行数量之专项法律意见书,法律意见书,2024-05-21,https://data.eastmoney.com/notices/detail/002521/AN202405201633881819.html
002521,齐峰新材,齐峰新材:监事会关于公司向特定对象发行股票相关事项的书面审核意见,专项说明/独立意见,2024-05-21,https://data.eastmoney.com/notices/detail/002521/AN202405201633881814.html
002521,齐峰新材,齐峰新材:第六届董事会第八次会议决议公告,董事会决议公告,2024-05-21,https://data.eastmoney.com/notices/detail/002521/AN202405201633881815.html
002521,齐峰新材,齐峰新材:第六届监事会第八次会议决议公告,监事会决议公告,2024-05-21,https://data.eastmoney.com/notices/detail/002521/AN202405201633881818.html
002521,齐峰新材,齐峰新材:关于2023年年度权益分派方案实施后调整向特定对象发行股票发行价格和发行数量的公告,增发方案修订,2024-05-21,https://data.eastmoney.com/notices/detail/002521/AN202405201633881816.html
002521,齐峰新材,齐峰新材:关于签署附条件生效的股份认购协议之补充协议(二)的公告,签订协议,2024-05-21,https://data.eastmoney.com/notices/detail/002521/AN202405201633881817.html
300076,*ST宁视,GQY视讯:关于对宁波GQY视讯股份有限公司2023年年报问询函中有关财务事项的说明,其他,2024-05-21,https://data.eastmoney.com/notices/detail/300076/AN202405201633881715.html
300076,*ST宁视,GQY视讯:关于对深圳证券交易所年报问询函回复的公告,回复问询函公告,2024-05-21,https://data.eastmoney.com/notices/detail/300076/AN202405201633881714.html
000967,盈峰环境,盈峰环境:2023年年度报告(英文版),年度报告全文（英文）,2024-05-21,https://data.eastmoney.com/notices/detail/000967/AN202405201633881721.html
000967,盈峰环境,盈峰环境:浙江天册律师事务所关于公司2023年年度股东大会的法律意见书,法律意见书,2024-05-21,https://data.eastmoney.com/notices/detail/000967/AN202405201633881720.html
000967,盈峰环境,盈峰环境:关于注销回购股份减少注册资本暨通知债权人的公告,公司注册资本变更,2024-05-21,https://data.eastmoney.com/notices/detail/000967/AN202405201633881719.html
000967,盈峰环境,盈峰环境:2023年年度股东大会决议公告,分配方案决议公告,2024-05-21,https://data.eastmoney.com/notices/detail/000967/AN202405201633881718.html
600305,恒顺醋业,恒顺醋业:恒顺醋业-2023年年度股东大会法律意见书,法律意见书,2024-05-21,https://data.eastmoney.com/notices/detail/600305/AN202405201633881696.html
600305,恒顺醋业,恒顺醋业:江苏恒顺醋业股份有限公司独立董事工作制度(2024年5月修订),管理办法/制度,2024-05-21,https://data.eastmoney.com/notices/detail/600305/AN202405201633881695.html
600305,恒顺醋业,恒顺醋业:江苏恒顺醋业股份有限公司章程(2024年5月修订),公司章程,2024-05-21,https://data.eastmoney.com/notices/detail/600305/AN202405201633881693.html
600305,恒顺醋业,恒顺醋业:江苏恒顺醋业股份有限公司2023年年度股东大会决议公告,分配方案决议公告,2024-05-21,https://data.eastmoney.com/notices/detail/600305/AN202405201633881694.html
002564,天沃科技,*ST天沃:国浩律师(上海)事务所关于苏州天沃科技股份有限公司2023年年度股东大会之法律意见书,法律意见书,2024-05-21,https://data.eastmoney.com/notices/detail/002564/AN202405201633881673.html
002564,天沃科技,*ST天沃:2023年年度股东大会决议公告,分配方案决议公告,2024-05-21,https://data.eastmoney.com/notices/detail/002564/AN202405201633881672.html
002346,柘中股份,柘中股份:2023年年度权益分派实施公告,分配方案实施,2024-05-21,https://data.eastmoney.com/notices/detail/002346/AN202405201633881671.html
000516,国际医学,国际医学:董事会议事规则,议事规则/实施细则,2024-05-21,https://data.eastmoney.com/notices/detail/000516/AN202405201633881678.html
000516,国际医学,国际医学:公司章程,公司章程,2024-05-21,https://data.eastmoney.com/notices/detail/000516/AN202405201633881679.html
000516,国际医学,国际医学:2023年年度股东大会法律意见书,法律意见书,2024-05-21,https://data.eastmoney.com/notices/detail/000516/AN202405201633881677.html
000516,国际医学,国际医学:第十二届监事会第一次会议决议公告,高管人员任职变动,2024-05-21,https://data.eastmoney.com/notices/detail/000516/AN202405201633881676.html
000516,国际医学,国际医学:第十三届董事会第一次会议决议公告,高管人员任职变动,2024-05-21,https://data.eastmoney.com/notices/detail/000516/AN202405201633881675.html
000516,国际医学,国际医学:2023年度股东大会决议公告,分配方案决议公告,2024-05-21,https://data.eastmoney.com/notices/detail/000516/AN202405201633881674.html
300177,中海达,中海达:关于公司董事会、监事会完成换届选举暨部分董事、监事届满离任的公告,高管人员任职变动,2024-05-21,https://data.eastmoney.com/notices/detail/300177/AN202405201633881440.html
300177,中海达,中海达:关于聘任公司高级管理人员及证券事务代表暨部分高级管理人员届满离任的公告,高管人员任职变动,2024-05-21,https://data.eastmoney.com/notices/detail/300177/AN202405201633881437.html
300177,中海达,中海达:关于广州中海达卫星导航技术股份有限公司2023年年度股东大会的法律意见书,法律意见书,2024-05-21,https://data.eastmoney.com/notices/detail/300177/AN202405201633881439.html
300177,中海达,中海达:第六届监事会第一次会议决议公告,高管人员任职变动,2024-05-21,https://data.eastmoney.com/notices/detail/300177/AN202405201633881436.html
300177,中海达,中海达:2023年年度股东大会决议公告,分配方案决议公告,2024-05-21,https://data.eastmoney.com/notices/detail/300177/AN202405201633881438.html
300177,中海达,中海达:第六届董事会第一次会议决议公告,高管人员任职变动,2024-05-21,https://data.eastmoney.com/notices/detail/300177/AN202405201633881435.html
001269,欧晶科技,欧晶科技:经世律师事务所关于内蒙古欧晶科技股份有限公司2023年年度股东大会的法律意见书,法律意见书,2024-05-21,https://data.eastmoney.com/notices/detail/001269/AN202405201633881433.html
001269,欧晶科技,欧晶科技:2023年年度股东大会决议公告,分配方案决议公告,2024-05-21,https://data.eastmoney.com/notices/detail/001269/AN202405201633881434.html
001260,坤泰股份,坤泰股份:2023年年度权益分派实施公告,分配方案实施,2024-05-21,https://data.eastmoney.com/notices/detail/001260/AN202405201633881432.html
000958,电投产融,电投产融:关于2023年度权益分派实施的公告,分配方案实施,2024-05-21,https://data.eastmoney.com/notices/detail/000958/AN202405201633881431.html
600438,通威股份,通威股份:通威股份有限公司2023年年度股东大会决议公告,分配方案决议公告,2024-05-21,https://data.eastmoney.com/notices/detail/600438/AN202405201633881420.html
600438,通威股份,通威股份:北京金杜(成都)律师事务所关于通威股份有限公司2023年年度股东大会之法律意见书,法律意见书,2024-05-21,https://data.eastmoney.com/notices/detail/600438/AN202405201633881421.html
688079,美迪凯,美迪凯:杭州美迪凯光电科技股份有限公司2023年年度股东大会决议公告,其他增发事项公告,2024-05-21,https://data.eastmoney.com/notices/detail/688079/AN202405201633881405.html
688079,美迪凯,美迪凯:杭州美迪凯光电科技股份有限公司2023年年度股东大会法律意见书,法律意见书,2024-05-21,https://data.eastmoney.com/notices/detail/688079/AN202405201633881406.html
002910,庄园牧场,庄园牧场:兰州庄园牧场股份有限公司第五届监事会第一次会议决议公告,高管人员任职变动,2024-05-21,https://data.eastmoney.com/notices/detail/002910/AN202405201633881395.html
002910,庄园牧场,庄园牧场:兰州庄园牧场股份有限公司关于董事会、监事会完成换届选举及聘任高级管理人员、董事会秘书的公告,高管人员任职变动,2024-05-21,https://data.eastmoney.com/notices/detail/002910/AN202405201633881396.html
002910,庄园牧场,庄园牧场:上海中联(兰州)律师事务所关于兰州庄园牧场股份有限公司2023年度股东大会的见证法律意见书,法律意见书,2024-05-21,https://data.eastmoney.com/notices/detail/002910/AN202405201633881399.html
002910,庄园牧场,庄园牧场:兰州庄园牧场股份有限公司第五届董事会第一次会议决议公告,高管人员任职变动,2024-05-21,https://data.eastmoney.com/notices/detail/002910/AN202405201633881398.html
002910,庄园牧场,庄园牧场:兰州庄园牧场股份有限公司2023年度股东大会决议公告,分配方案决议公告,2024-05-21,https://data.eastmoney.com/notices/detail/002910/AN202405201633881397.html
002878,元隆雅图,元隆雅图:2023年年度权益分派实施公告,分配方案实施,2024-05-21,https://data.eastmoney.com/notices/detail/002878/AN202405201633881380.html
002205,国统股份,国统股份:新疆国统管道股份有限公司2023年度股东大会决议公告,分配方案决议公告,2024-05-21,https://data.eastmoney.com/notices/detail/002205/AN202405201633881381.html
002205,国统股份,国统股份:新疆柏坤亚宣律师事务所关于新疆国统管道股份有限公司2023年度股东大会见证之法律意见书,法律意见书,2024-05-21,https://data.eastmoney.com/notices/detail/002205/AN202405201633881382.html
300621,维业股份,维业股份:维业股份关于对深圳证券交易所年报问询函的回复,回复问询函公告,2024-05-21,https://data.eastmoney.com/notices/detail/300621/AN202405201633881390.html
688321,微芯生物,微芯生物:国投证券股份有限公司关于深圳微芯生物科技股份有限公司2023年年度报告的信息披露监管问询函回复的核查意见,回复问询函公告,2024-05-21,https://data.eastmoney.com/notices/detail/688321/AN202405201633881377.html
688321,微芯生物,微芯生物:毕马威华振会计师事务所(特殊普通合伙)关于深圳微芯生物科技股份有限公司2023年年度报告的信息披露监管问询函专项回复说明,会计师事务所问询函回复公告,2024-05-21,https://data.eastmoney.com/notices/detail/688321/AN202405201633881378.html
688321,微芯生物,微芯生物:关于2023年年度报告信息披露监管问询函的回复公告,回复问询函公告,2024-05-21,https://data.eastmoney.com/notices/detail/688321/AN202405201633881376.html
002036,联创电子,联创电子:关于“联创转债“回售结果的公告,其他,2024-05-21,https://data.eastmoney.com/notices/detail/002036/AN202405201633881312.html
002833,弘亚数控,弘亚数控:独立董事候选人声明与承诺(林雪锋),独立董事候选人声明,2024-05-21,https://data.eastmoney.com/notices/detail/002833/AN202405201633881328.html
002833,弘亚数控,弘亚数控:独立董事提名人声明与承诺(林雪锋),独立董事提名人声明,2024-05-21,https://data.eastmoney.com/notices/detail/002833/AN202405201633881327.html
002833,弘亚数控,弘亚数控:独立董事候选人声明与承诺(林桂成),独立董事候选人声明,2024-05-21,https://data.eastmoney.com/notices/detail/002833/AN202405201633881326.html
002654,万润科技,万润科技:广东信达律师事务所关于深圳万润科技股份有限公司2023年度股东大会的法律意见书,法律意见书,2024-05-21,https://data.eastmoney.com/notices/detail/002654/AN202405201633881320.html
002833,弘亚数控,弘亚数控:关于召开2023年年度股东大会的通知,召开股东大会通知,2024-05-21,https://data.eastmoney.com/notices/detail/002833/AN202405201633881324.html
002833,弘亚数控,弘亚数控:独立董事提名人声明与承诺(杨禾),独立董事提名人声明,2024-05-21,https://data.eastmoney.com/notices/detail/002833/AN202405201633881325.html
002833,弘亚数控,弘亚数控:关于董事会换届选举的公告,高管人员任职变动,2024-05-21,https://data.eastmoney.com/notices/detail/002833/AN202405201633881322.html
002833,弘亚数控,弘亚数控:关于变更注册资本、调整董事会席位及修订《公司章程》的公告,公司注册资本变更,2024-05-21,https://data.eastmoney.com/notices/detail/002833/AN202405201633881331.html
002902,铭普光磁,铭普光磁:关于回购注销部分限制性股票减少注册资本暨通知债权人的公告,公司注册资本变更,2024-05-21,https://data.eastmoney.com/notices/detail/002902/AN202405201633881317.html
002902,铭普光磁,铭普光磁:2023年度股东大会决议公告,分配方案决议公告,2024-05-21,https://data.eastmoney.com/notices/detail/002902/AN202405201633881316.html
002833,弘亚数控,弘亚数控:独立董事提名人声明与承诺(林桂成),独立董事提名人声明,2024-05-21,https://data.eastmoney.com/notices/detail/002833/AN202405201633881330.html
002833,弘亚数控,弘亚数控:第四届董事会第二十七次会议决议公告,高管人员任职变动,2024-05-21,https://data.eastmoney.com/notices/detail/002833/AN202405201633881323.html
002833,弘亚数控,弘亚数控:广州弘亚数控机械股份有限公司章程(2024年5月),公司章程,2024-05-21,https://data.eastmoney.com/notices/detail/002833/AN202405201633881333.html
002833,弘亚数控,弘亚数控:关于监事会换届选举的公告,高管人员任职变动,2024-05-21,https://data.eastmoney.com/notices/detail/002833/AN202405201633881321.html
002654,万润科技,万润科技:2023年度股东大会决议公告,分配方案决议公告,2024-05-21,https://data.eastmoney.com/notices/detail/002654/AN202405201633881319.html
002833,弘亚数控,弘亚数控:独立董事候选人声明与承诺(杨禾),独立董事候选人声明,2024-05-21,https://data.eastmoney.com/notices/detail/002833/AN202405201633881332.html
002833,弘亚数控,弘亚数控:第四届监事会第十七次会议决议公告,高管人员任职变动,2024-05-21,https://data.eastmoney.com/notices/detail/002833/AN202405201633881329.html
002902,铭普光磁,铭普光磁:广东华商律师事务所关于东莞铭普光磁股份有限公司2023年度股东大会的法律意见书,法律意见书,2024-05-21,https://data.eastmoney.com/notices/detail/002902/AN202405201633881318.html
002041,登海种业,登海种业:山东登海种业股份有限公司2023年年度权益分派实施公告,分配方案实施,2024-05-21,https://data.eastmoney.com/notices/detail/002041/AN202405201633881315.html
001319,铭科精技,铭科精技:关于公司持股5%以上股东及董事、高级管理人员减持计划期限届满暨实施情况的公告,股东/实际控制人股份减持,2024-05-21,https://data.eastmoney.com/notices/detail/001319/AN202405201633881311.html
300494,盛天网络,盛天网络:湖北好律律师事务所关于湖北盛天网络技术股份有限公司2023年度股东大会的法律意见,法律意见书,2024-05-21,https://data.eastmoney.com/notices/detail/300494/AN202405201633881314.html
300494,盛天网络,盛天网络:2023年度股东大会决议公告,分配方案决议公告,2024-05-21,https://data.eastmoney.com/notices/detail/300494/AN202405201633881313.html
688488,艾迪药业,艾迪药业:公证天业会计师事务所(特殊普通合伙)关于江苏艾迪药业股份有限公司2023年年度报告信息披露监管问询函的回复专项说明,会计师事务所问询函回复公告,2024-05-21,https://data.eastmoney.com/notices/detail/688488/AN202405201633881299.html
688488,艾迪药业,艾迪药业:华泰联合证券有限责任公司关于江苏艾迪药业股份有限公司2023年年度报告的信息披露监管问询函的核查意见,保荐/核查意见,2024-05-21,https://data.eastmoney.com/notices/detail/688488/AN202405201633881300.html
688488,艾迪药业,艾迪药业:艾迪药业关于2023年年度报告的信息披露监管问询函的回复公告,回复问询函公告,2024-05-21,https://data.eastmoney.com/notices/detail/688488/AN202405201633881298.html
000697,炼石航空,炼石航空:0520_炼石航空科技股份有限公司问询函回复,收到问询函公告,2024-05-21,https://data.eastmoney.com/notices/detail/000697/AN202405201633881265.html
000697,炼石航空,炼石航空:股票交易异常波动公告,股票交易异常波动,2024-05-21,https://data.eastmoney.com/notices/detail/000697/AN202405201633881264.html
603530,神马电力,神马电力:第五届监事会第八次会议决议公告,监事会决议公告,2024-05-21,https://data.eastmoney.com/notices/detail/603530/AN202405201633881247.html
603530,神马电力,神马电力:江苏神马电力股份有限公司第一期限制性股票激励计划预留授予激励对象名单(授予日),股权激励对象名单,2024-05-21,https://data.eastmoney.com/notices/detail/603530/AN202405201633881243.html
603530,神马电力,神马电力:江苏神马电力股份有限公司第二期限制性股票激励计划首次授予激励对象名单(授予日),股权激励对象名单,2024-05-21,https://data.eastmoney.com/notices/detail/603530/AN202405201633881248.html
603530,神马电力,神马电力:关于调整公司第二期限制性股票激励计划相关事项的公告,股权激励其他事项公告,2024-05-21,https://data.eastmoney.com/notices/detail/603530/AN202405201633881252.html
603530,神马电力,神马电力:海通证券股份有限公司关于江苏神马电力股份有限公司限制性股票授予相关事项之独立财务顾问报告,保荐/核查意见,2024-05-21,https://data.eastmoney.com/notices/detail/603530/AN202405201633881246.html
603530,神马电力,神马电力:关于向公司第二期限制性股票激励计划激励对象首次授予限制性股票的公告,股权激励进展公告,2024-05-21,https://data.eastmoney.com/notices/detail/603530/AN202405201633881250.html
603530,神马电力,神马电力:广东信达律师事务所关于神马电力第二期限制性股票激励计划调整及首次授予事项的法律意见书,法律意见书,2024-05-21,https://data.eastmoney.com/notices/detail/603530/AN202405201633881245.html
603530,神马电力,神马电力:江苏神马电力股份有限公司监事会关于公司限制性股票激励计划激励对象名单的核查意见(授予日),股权激励进展公告,2024-05-21,https://data.eastmoney.com/notices/detail/603530/AN202405201633881249.html
603530,神马电力,神马电力:关于向公司第一期限制性股票激励计划激励对象授予预留部分限制性股票的公告,股权激励进展公告,2024-05-21,https://data.eastmoney.com/notices/detail/603530/AN202405201633881253.html
603530,神马电力,神马电力:广东信达律师事务所关于神马电力第一期限制性股票激励计划预留授予事项的法律意见书,法律意见书,2024-05-21,https://data.eastmoney.com/notices/detail/603530/AN202405201633881244.html
603530,神马电力,神马电力:第五届董事会第十二次会议决议公告,董事会决议公告,2024-05-21,https://data.eastmoney.com/notices/detail/603530/AN202405201633881251.html
688596,正帆科技,正帆科技:上海正帆科技股份有限公司关于2021年股票期权激励计划首次授予的股票期权第三个行权期、预留授予的第二个行权期自主行权实施公告,股权激励进展公告,2024-05-21,https://data.eastmoney.com/notices/detail/688596/AN202405201633881215.html
688010,福光股份,福光股份:关于股份回购实施结果暨股份变动的公告,股本变动,2024-05-21,https://data.eastmoney.com/notices/detail/688010/AN202405201633881214.html
002593,日上集团,日上集团:2023年年度权益分派实施公告,分配方案实施,2024-05-21,https://data.eastmoney.com/notices/detail/002593/AN202405201633881210.html
600343,航天动力,航天动力:北京市嘉源律师事务所关于陕西航天动力高科技股份有限公司2023年年度股东大会的法律意见书,法律意见书,2024-05-21,https://data.eastmoney.com/notices/detail/600343/AN202405201633881209.html
600343,航天动力,航天动力:航天动力2023年年度股东大会决议公告,分配方案决议公告,2024-05-21,https://data.eastmoney.com/notices/detail/600343/AN202405201633881208.html
688419,耐科装备,耐科装备:安徽耐科装备科技股份有限公司2023年年度权益分派实施公告,分配方案实施,2024-05-21,https://data.eastmoney.com/notices/detail/688419/AN202405201633881206.html
000816,智慧农业,智慧农业:2023年度股东大会决议公告,分配方案决议公告,2024-05-21,https://data.eastmoney.com/notices/detail/000816/AN202405201633881176.html
300053,航宇微,航宇微:2023年度股东大会决议公告,分配方案决议公告,2024-05-21,https://data.eastmoney.com/notices/detail/300053/AN202405201633881174.html
300053,航宇微,航宇微:国浩律师(深圳)事务所关于珠海航宇微科技股份有限公司2023年度股东大会的法律意见书,法律意见书,2024-05-21,https://data.eastmoney.com/notices/detail/300053/AN202405201633881173.html
300053,航宇微,航宇微:关于补选公司第六届董事会非独立董事的公告,高管人员任职变动,2024-05-21,https://data.eastmoney.com/notices/detail/300053/AN202405201633881172.html
300053,航宇微,航宇微:关于召开2024年第二次临时股东大会的通知,召开股东大会通知,2024-05-21,https://data.eastmoney.com/notices/detail/300053/AN202405201633881171.html
300053,航宇微,航宇微:第六届董事会第八次会议决议公告,高管人员任职变动,2024-05-21,https://data.eastmoney.com/notices/detail/300053/AN202405201633881170.html
603530,神马电力,神马电力:2023年年度股东大会资料,股东大会资料,2024-05-21,https://data.eastmoney.com/notices/detail/603530/AN202405201633880973.html
002868,绿康生化,绿康生化:上海澄明则正律师事务所关于绿康生化股份有限公司2023年年度股东大会法律意见书,法律意见书,2024-05-21,https://data.eastmoney.com/notices/detail/002868/AN202405201633880927.html
002868,绿康生化,绿康生化:关于董事会、监事会换届完成的公告,高管人员任职变动,2024-05-21,https://data.eastmoney.com/notices/detail/002868/AN202405201633880925.html
002868,绿康生化,绿康生化:2023年度股东大会决议公告,其他增发事项公告,2024-05-21,https://data.eastmoney.com/notices/detail/002868/AN202405201633880926.html
002622,皓宸医疗,皓宸医疗:北京市竞天公诚律师事务所关于皓宸医疗科技股份有限公司2023年度股东大会的法律意见书,法律意见书,2024-05-21,https://data.eastmoney.com/notices/detail/002622/AN202405201633880929.html
002622,皓宸医疗,皓宸医疗:2023年度股东大会决议公告,分配方案决议公告,2024-05-21,https://data.eastmoney.com/notices/detail/002622/AN202405201633880928.html
002306,ST云网,中科云网:独立董事工作制度(2024年5月修订),管理办法/制度,2024-05-21,https://data.eastmoney.com/notices/detail/002306/AN202405201633880920.html
002306,ST云网,中科云网:中科云网科技集团股份有限公司章程(2024年5月修订),公司章程修订,2024-05-21,https://data.eastmoney.com/notices/detail/002306/AN202405201633880921.html
002306,ST云网,中科云网:北京市炜衡律师事务所关于中科云网科技集团股份有限公司2023年度股东大会之法律意见书,法律意见书,2024-05-21,https://data.eastmoney.com/notices/detail/002306/AN202405201633880922.html
002306,ST云网,中科云网:2023年度股东大会决议公告,分配方案决议公告,2024-05-21,https://data.eastmoney.com/notices/detail/002306/AN202405201633880919.html
000816,智慧农业,智慧农业:2023年度股东大会法律意见书,法律意见书,2024-05-21,https://data.eastmoney.com/notices/detail/000816/AN202405201633880924.html
000816,智慧农业,智慧农业:第九届董事会第十四次会议决议公告,高管人员任职变动,2024-05-21,https://data.eastmoney.com/notices/detail/000816/AN202405201633880923.html
002177,御银股份,御银股份:第八届监事会第一次会议决议公告,高管人员任职变动,2024-05-21,https://data.eastmoney.com/notices/detail/002177/AN202405201633880826.html
003004,声迅股份,声迅股份:北京市康达律师事务所关于北京声迅电子股份有限公司2023年年度股东大会的法律意见书,法律意见书,2024-05-21,https://data.eastmoney.com/notices/detail/003004/AN202405201633880835.html
000750,国海证券,国海证券:上海上正恒泰律师事务所关于国海证券股份有限公司2023年年度股东大会的法律意见书,法律意见书,2024-05-21,https://data.eastmoney.com/notices/detail/000750/AN202405201633880832.html
003004,声迅股份,声迅股份:2023年年度股东大会决议公告,分配方案决议公告,2024-05-21,https://data.eastmoney.com/notices/detail/003004/AN202405201633880834.html
000750,国海证券,国海证券:国海证券股份有限公司2023年年度股东大会决议公告,分配方案决议公告,2024-05-21,https://data.eastmoney.com/notices/detail/000750/AN202405201633880830.html
002177,御银股份,御银股份:2023年年度股东大会决议公告,分配方案决议公告,2024-05-21,https://data.eastmoney.com/notices/detail/002177/AN202405201633880828.html
000750,国海证券,国海证券:国海证券股份有限公司独立董事制度(2024年5月修订),管理办法/制度,2024-05-21,https://data.eastmoney.com/notices/detail/000750/AN202405201633880833.html
002177,御银股份,御银股份:第八届董事会第一次会议决议公告,高管人员任职变动,2024-05-21,https://data.eastmoney.com/notices/detail/002177/AN202405201633880827.html
000750,国海证券,国海证券:国海证券股份有限公司章程(2024年5月修订),公司章程修订,2024-05-21,https://data.eastmoney.com/notices/detail/000750/AN202405201633880831.html
002177,御银股份,御银股份:北京市金杜(广州)律师事务所关于广州御银科技股份有限公司2023年年度股东大会之法律意见书,法律意见书,2024-05-21,https://data.eastmoney.com/notices/detail/002177/AN202405201633880829.html
000560,我爱我家,我爱我家:国浩律师(北京)事务所关于我爱我家控股集团股份有限公司2023年年度股东大会的法律意见书,法律意见书,2024-05-21,https://data.eastmoney.com/notices/detail/000560/AN202405201633880743.html
000560,我爱我家,我爱我家:2023年年度股东大会决议公告,分配方案决议公告,2024-05-21,https://data.eastmoney.com/notices/detail/000560/AN202405201633880742.html
603716,塞力医疗,塞力医疗:国浩律师(上海)事务所关于塞力斯医疗科技集团股份有限公司2023年年度股东大会之法律意见书,法律意见书,2024-05-21,https://data.eastmoney.com/notices/detail/603716/AN202405201633880735.html
603716,塞力医疗,塞力医疗:2023年年度股东大会决议公告,分配方案决议公告,2024-05-21,https://data.eastmoney.com/notices/detail/603716/AN202405201633880736.html
002824,和胜股份,和胜股份:关于完成董事会换届选举暨聘任高级管理人员、审计部经理及证券事务代表的公告,高管人员任职变动,2024-05-21,https://data.eastmoney.com/notices/detail/002824/AN202405201633880700.html
002824,和胜股份,和胜股份:关于完成监事会换届选举的公告,高管人员任职变动,2024-05-21,https://data.eastmoney.com/notices/detail/002824/AN202405201633880607.html
002824,和胜股份,和胜股份:第五届监事会第一次会议决议公告,高管人员任职变动,2024-05-21,https://data.eastmoney.com/notices/detail/002824/AN202405201633880608.html
002824,和胜股份,和胜股份:上海市锦天城(深圳)律师事务所关于广东和胜工业铝材股份有限公司2023年年度股东大会之法律意见书,法律意见书,2024-05-21,https://data.eastmoney.com/notices/detail/002824/AN202405201633880699.html
002824,和胜股份,和胜股份:2023年年度股东大会决议公告,分配方案决议公告,2024-05-21,https://data.eastmoney.com/notices/detail/002824/AN202405201633880609.html
002824,和胜股份,和胜股份:关于回购注销部分限制性股票减少注册资本暨通知债权人的公告,公司注册资本变更,2024-05-21,https://data.eastmoney.com/notices/detail/002824/AN202405201633880606.html
002824,和胜股份,和胜股份:第五届董事会第一次会议决议公告,高管人员任职变动,2024-05-21,https://data.eastmoney.com/notices/detail/002824/AN202405201633880605.html
002217,ST合力泰,*ST合泰:上海锦天城(福州)律师事务所关于合力泰科技股份有限公司2023年度股东大会的法律意见书,法律意见书,2024-05-21,https://data.eastmoney.com/notices/detail/002217/AN202405201633880615.html
002217,ST合力泰,*ST合泰:2023年度股东大会决议公告,分配方案决议公告,2024-05-21,https://data.eastmoney.com/notices/detail/002217/AN202405201633880614.html
000593,德龙汇能,德龙汇能:董事会议事规则(2024年5月),议事规则/实施细则,2024-05-21,https://data.eastmoney.com/notices/detail/000593/AN202405201633880613.html
000593,德龙汇能,德龙汇能:股东大会议事规则(2024年5月),议事规则/实施细则,2024-05-21,https://data.eastmoney.com/notices/detail/000593/AN202405201633880611.html
000593,德龙汇能,德龙汇能:章程(2024年5月),公司章程,2024-05-21,https://data.eastmoney.com/notices/detail/000593/AN202405201633880612.html
000593,德龙汇能,德龙汇能:北京金杜(成都)律师事务所关于德龙汇能集团股份有限公司2023年年度股东大会之法律意见书,法律意见书,2024-05-21,https://data.eastmoney.com/notices/detail/000593/AN202405201633880701.html
000593,德龙汇能,德龙汇能:2023年年度股东大会决议公告,分配方案决议公告,2024-05-21,https://data.eastmoney.com/notices/detail/000593/AN202405201633880610.html
002482,广田集团,*ST广田:北京市中伦(深圳)律师事务所关于深圳广田集团股份有限公司2023年度股东大会的法律意见书,法律意见书,2024-05-21,https://data.eastmoney.com/notices/detail/002482/AN202405201633880552.html
002482,广田集团,*ST广田:2023年度股东大会决议公告,分配方案决议公告,2024-05-21,https://data.eastmoney.com/notices/detail/002482/AN202405201633880551.html
002422,科伦药业,科伦药业:关于四川科伦药业股份有限公司2021年限制性股票激励计划第二个解除限售条件成就及回购注销部分限制性股票等相关事项的法律意见书,法律意见书,2024-05-21,https://data.eastmoney.com/notices/detail/002422/AN202405201633880561.html
002422,科伦药业,科伦药业:上海信公轶禾企业管理咨询有限公司关于四川科伦药业股份有限公司2021年限制性股票激励计划第二个解除限售期解除限售相关事项之独立财务顾问报告,限售股份上市流通,2024-05-21,https://data.eastmoney.com/notices/detail/002422/AN202405201633880560.html
002422,科伦药业,科伦药业:关于为公司董事、监事及高级管理人员投保责任保险的公告,其他,2024-05-21,https://data.eastmoney.com/notices/detail/002422/AN202405201633880556.html
002422,科伦药业,科伦药业:第八届监事会第一次会议决议公告,高管人员任职变动,2024-05-21,https://data.eastmoney.com/notices/detail/002422/AN202405201633880555.html
002422,科伦药业,科伦药业:关于2021年限制性股票激励计划第二个解除限售期解除限售条件成就的公告,限售股份上市流通,2024-05-21,https://data.eastmoney.com/notices/detail/002422/AN202405201633880559.html
002422,科伦药业,科伦药业:第八届董事会第一次会议决议公告,高管人员任职变动,2024-05-21,https://data.eastmoney.com/notices/detail/002422/AN202405201633880558.html
002422,科伦药业,科伦药业:关于回购注销2021年限制性股票激励计划部分限制性股票的公告,回购进展情况,2024-05-21,https://data.eastmoney.com/notices/detail/002422/AN202405201633880557.html
002084,海鸥住工,海鸥住工:北京市时代九和律师事务所关于海鸥住工2023年年度股东大会的法律意见书,法律意见书,2024-05-21,https://data.eastmoney.com/notices/detail/002084/AN202405201633880550.html
002084,海鸥住工,海鸥住工:2023年年度股东大会决议公告,分配方案决议公告,2024-05-21,https://data.eastmoney.com/notices/detail/002084/AN202405201633880549.html
002046,国机精工,国机精工:北京海润天睿律师事务所关于国机精工集团股份有限公司2023年度股东大会的法律意见书,法律意见书,2024-05-21,https://data.eastmoney.com/notices/detail/002046/AN202405201633880554.html
002046,国机精工,国机精工:2023年度股东大会决议公告,分配方案决议公告,2024-05-21,https://data.eastmoney.com/notices/detail/002046/AN202405201633880553.html
603070,万控智造,万控智造:浙江天册律师事务所关于万控智造股份有限公司2023年年度股东大会的法律意见书,法律意见书,2024-05-21,https://data.eastmoney.com/notices/detail/603070/AN202405201633880091.html
603070,万控智造,万控智造:2023年年度股东大会决议公告,分配方案决议公告,2024-05-21,https://data.eastmoney.com/notices/detail/603070/AN202405201633880093.html
002992,宝明科技,宝明科技:2023年年度股东大会决议公告,分配方案决议公告,2024-05-21,https://data.eastmoney.com/notices/detail/002992/AN202405201633879806.html
002528,*ST英飞,ST英飞拓:二〇二三年度股东大会的法律意见书,法律意见书,2024-05-21,https://data.eastmoney.com/notices/detail/002528/AN202405201633879805.html
000836,ST富通,ST富通:关于股票可能被终止上市的风险提示公告,终止上市风险提示,2024-05-21,https://data.eastmoney.com/notices/detail/000836/AN202405201633879804.html
002992,宝明科技,宝明科技:北京市金杜(深圳)律师事务所关于深圳市宝明科技股份有限公司2023年年度股东大会之法律意见书,法律意见书,2024-05-21,https://data.eastmoney.com/notices/detail/002992/AN202405201633879735.html
002992,宝明科技,宝明科技:关于回购注销部分限制性股票减少注册资本暨通知债权人的公告,公司注册资本变更,2024-05-21,https://data.eastmoney.com/notices/detail/002992/AN202405201633879734.html
002528,*ST英飞,ST英飞拓:2023年度股东大会决议公告,分配方案决议公告,2024-05-21,https://data.eastmoney.com/notices/detail/002528/AN202405201633879733.html
000949,新乡化纤,新乡化纤:关于签订募集资金三方监管协议的公告,签订协议,2024-05-21,https://data.eastmoney.com/notices/detail/000949/AN202405201633879732.html
000755,山西高速,山西高速:投资者关系活动记录表,调研活动,2024-05-21,https://data.eastmoney.com/notices/detail/000755/AN202405201633879731.html
000755,山西高速,山西高速:关于召开2023年度股东大会的提示性公告,召开股东大会提示性公告,2024-05-21,https://data.eastmoney.com/notices/detail/000755/AN202405201633879730.html
000010,*ST美丽,美丽生态:关于持股5%以上股东及其一致行动人股份解除司法冻结的公告,股份质押、冻结,2024-05-21,https://data.eastmoney.com/notices/detail/000010/AN202405201633879729.html
000010,*ST美丽,美丽生态:关于控股股东股份新增轮候冻结的公告,股份质押、冻结,2024-05-21,https://data.eastmoney.com/notices/detail/000010/AN202405201633879728.html
002717,*ST岭南,岭南股份:北京市康达(深圳)律师事务所关于岭南生态文旅股份有限公司2023年年度股东大会的法律意见书,法律意见书,2024-05-21,https://data.eastmoney.com/notices/detail/002717/AN202405201633879674.html
002717,*ST岭南,岭南股份:关于向下修正岭南转债转股价格的公告,其他,2024-05-21,https://data.eastmoney.com/notices/detail/002717/AN202405201633879672.html
002717,*ST岭南,岭南股份:2023年年度股东大会决议公告,分配方案决议公告,2024-05-21,https://data.eastmoney.com/notices/detail/002717/AN202405201633879673.html
002717,*ST岭南,岭南股份:第五届董事会第十九次会议决议公告,董事会决议公告,2024-05-21,https://data.eastmoney.com/notices/detail/002717/AN202405201633879671.html
002702,海欣食品,海欣食品:上海锦天城(福州)律师事务所关于海欣食品股份有限公司2024年第一次临时股东大会的法律意见书,法律意见书,2024-05-21,https://data.eastmoney.com/notices/detail/002702/AN202405201633879663.html
002702,海欣食品,海欣食品:关于第七届监事会职工代表监事选举结果的公告,高管人员任职变动,2024-05-21,https://data.eastmoney.com/notices/detail/002702/AN202405201633879661.html
002702,海欣食品,海欣食品:第七届监事会第一次会议决议公告,高管人员任职变动,2024-05-21,https://data.eastmoney.com/notices/detail/002702/AN202405201633879660.html
002702,海欣食品,海欣食品:第七届董事会第一次会议决议公告,高管人员任职变动,2024-05-21,https://data.eastmoney.com/notices/detail/002702/AN202405201633879662.html
002702,海欣食品,海欣食品:2024年第一次临时股东大会决议公告,股东大会决议公告,2024-05-21,https://data.eastmoney.com/notices/detail/002702/AN202405201633879659.html
001230,劲旅环境,劲旅环境:安徽天禾律师事务所关于劲旅环境科技股份有限公司2023年年度股东大会法律意见书,法律意见书,2024-05-21,https://data.eastmoney.com/notices/detail/001230/AN202405201633879670.html
001230,劲旅环境,劲旅环境:2023年年度股东大会决议公告,分配方案决议公告,2024-05-21,https://data.eastmoney.com/notices/detail/001230/AN202405201633879669.html
000705,浙江震元,浙江震元:上海市锦天城律师事务所关于浙江震元股份有限公司2024年第一次临时股东大会的法律意见书,法律意见书,2024-05-21,https://data.eastmoney.com/notices/detail/000705/AN202405201633879668.html
000705,浙江震元,浙江震元:关于为子公司震元生物担保的公告,提供/对外担保公告,2024-05-21,https://data.eastmoney.com/notices/detail/000705/AN202405201633879667.html
000705,浙江震元,浙江震元:关于全资子公司震元医药收购震元器化、震元供应链两家全资子公司100%股权的公告,收购出售资产/股权,2024-05-21,https://data.eastmoney.com/notices/detail/000705/AN202405201633879664.html
000705,浙江震元,浙江震元:浙江震元2024年第一次临时股东大会决议公告,增发预案,2024-05-21,https://data.eastmoney.com/notices/detail/000705/AN202405201633879666.html
000705,浙江震元,浙江震元:浙江震元第十一届董事会2024年第二次临时会议决议公告,董事会决议公告,2024-05-21,https://data.eastmoney.com/notices/detail/000705/AN202405201633879665.html
001314,亿道信息,亿道信息:广东华商律师事务所关于深圳市亿道信息股份有限公司2023年年度股东大会的法律意见书,法律意见书,2024-05-21,https://data.eastmoney.com/notices/detail/001314/AN202405201633879576.html
001314,亿道信息,亿道信息:2023年年度股东大会决议公告,其他增发事项公告,2024-05-21,https://data.eastmoney.com/notices/detail/001314/AN202405201633879575.html
603578,三星新材,三星新材:中信建投证券股份有限公司关于浙江三星新材股份有限公司向特定对象发行股票之上市保荐书(2023年年度数据更新版),上市保荐书,2024-05-21,https://data.eastmoney.com/notices/detail/603578/AN202405201633879404.html
603578,三星新材,三星新材:三星新材关于向特定对象发行股票募集说明书(申报稿)等相关申请文件更新的提示性公告,其他,2024-05-21,https://data.eastmoney.com/notices/detail/603578/AN202405201633879407.html
603578,三星新材,三星新材:浙江三星新材股份有限公司向特定对象发行股票财务报告及审计报告,审计报告,2024-05-21,https://data.eastmoney.com/notices/detail/603578/AN202405201633879406.html
603578,三星新材,三星新材:中信建投证券股份有限公司关于浙江三星新材股份有限公司向特定对象发行股票之发行保荐书(2023年年度数据更新版),发行保荐书,2024-05-21,https://data.eastmoney.com/notices/detail/603578/AN202405201633879408.html
603578,三星新材,三星新材:国浩律师(上海)事务所关于浙江三星新材股份有限公司2023年度向特定对象发行A股股票之补充法律意见书(三)(2023年年度数据更新版),法律意见书,2024-05-21,https://data.eastmoney.com/notices/detail/603578/AN202405201633879405.html
603578,三星新材,三星新材:浙江三星新材股份有限公司向特定对象发行股票募集说明书(申报稿)(2023年年度数据更新版),沪主板再融资募集说明书申报稿,2024-05-21,https://data.eastmoney.com/notices/detail/603578/AN202405201633879409.html
002669,康达新材,康达新材:2023年年度权益分派实施公告,分配方案实施,2024-05-21,https://data.eastmoney.com/notices/detail/002669/AN202405201633879347.html
000998,隆平高科,隆平高科:湖南启元律师事务所关于袁隆平农业高科技股份有限公司2023年度股东大会的法律意见书,法律意见书,2024-05-21,https://data.eastmoney.com/notices/detail/000998/AN202405201633879346.html
000998,隆平高科,隆平高科:2023年度股东大会决议公告,分配方案决议公告,2024-05-21,https://data.eastmoney.com/notices/detail/000998/AN202405201633879345.html
000429,粤高速A,粤高速Ａ:2023年度股东大会法律意见书,法律意见书,2024-05-21,https://data.eastmoney.com/notices/detail/000429/AN202405201633879287.html
000429,粤高速A,粤高速Ａ:2023年年度股东大会决议公告,分配方案决议公告,2024-05-21,https://data.eastmoney.com/notices/detail/000429/AN202405201633879286.html
002382,蓝帆医疗,蓝帆医疗:关于向下修正“蓝帆转债”转股价格的公告,其他,2024-05-21,https://data.eastmoney.com/notices/detail/002382/AN202405201633879289.html
002382,蓝帆医疗,蓝帆医疗:2023年年度股东大会决议公告,分配方案决议公告,2024-05-21,https://data.eastmoney.com/notices/detail/002382/AN202405201633879290.html
002382,蓝帆医疗,蓝帆医疗:第六届董事会第十次会议决议公告,董事会决议公告,2024-05-21,https://data.eastmoney.com/notices/detail/002382/AN202405201633879288.html
002382,蓝帆医疗,蓝帆医疗:2023年年度股东大会法律意见书,法律意见书,2024-05-21,https://data.eastmoney.com/notices/detail/002382/AN202405201633879291.html
001313,粤海饲料,粤海饲料:广东粤海饲料集团股份有限公司2023年年度股东大会的法律意见书,法律意见书,2024-05-21,https://data.eastmoney.com/notices/detail/001313/AN202405201633879285.html
001313,粤海饲料,粤海饲料:2023年年度股东大会决议公告,分配方案决议公告,2024-05-21,https://data.eastmoney.com/notices/detail/001313/AN202405201633879284.html
000002,万科A,万科A:关于控股子公司为公司从中国银行获得的借款提供担保的公告,提供/对外担保公告,2024-05-21,https://data.eastmoney.com/notices/detail/000002/AN202405201633879106.html
600809,山西汾酒,山西汾酒:关于股东通过大宗交易方式转让股份计划的公告,股权转让,2024-05-21,https://data.eastmoney.com/notices/detail/600809/AN202405201633879137.html
300463,迈克生物,迈克生物:关于召开2024年第一次临时股东大会的通知,召开股东大会通知,2024-05-21,https://data.eastmoney.com/notices/detail/300463/AN202405201633879101.html
300463,迈克生物,迈克生物:创业板上市公司股权激励计划自查表,股权激励进展公告,2024-05-21,https://data.eastmoney.com/notices/detail/300463/AN202405201633879100.html
001256,炜冈科技,炜冈科技:浙江炜冈科技股份有限公司第一期员工持股计划,员工持股计划,2024-05-21,https://data.eastmoney.com/notices/detail/001256/AN202405201633879090.html
300463,迈克生物,迈克生物:2024年限制性股票激励计划(草案),股权激励计划,2024-05-21,https://data.eastmoney.com/notices/detail/300463/AN202405201633879095.html
300463,迈克生物,迈克生物:监事会关于公司2024年限制性股票激励计划相关事项的核查意见,专项说明/独立意见,2024-05-21,https://data.eastmoney.com/notices/detail/300463/AN202405201633879103.html
300463,迈克生物,迈克生物:2024年限制性股票激励计划(草案)摘要,股权激励计划摘要,2024-05-21,https://data.eastmoney.com/notices/detail/300463/AN202405201633879097.html
001378,德冠新材,德冠新材:2024-0242023年度权益分派实施公告,分配方案实施,2024-05-21,https://data.eastmoney.com/notices/detail/001378/AN202405201633879105.html
300463,迈克生物,迈克生物:上海市锦天城律师事务所关于迈克生物股份有限公司2024年限制性股票激励计划(草案)的法律意见书,法律意见书,2024-05-21,https://data.eastmoney.com/notices/detail/300463/AN202405201633879104.html
002083,孚日股份,孚日股份:关于孚日转债恢复转股的提示性公告,其他,2024-05-21,https://data.eastmoney.com/notices/detail/002083/AN202405201633879087.html
300463,迈克生物,迈克生物:关于独立董事公开征集表决权的公告,其他,2024-05-21,https://data.eastmoney.com/notices/detail/300463/AN202405201633879102.html
300463,迈克生物,迈克生物:迈克生物股份有限公司2024年限制性股票激励计划激励对象名单,股权激励对象名单,2024-05-21,https://data.eastmoney.com/notices/detail/300463/AN202405201633879096.html
002543,万和电气,万和电气:2023年年度股东大会决议公告,分配方案决议公告,2024-05-21,https://data.eastmoney.com/notices/detail/002543/AN202405201633879091.html
300463,迈克生物,迈克生物:第五届董事会第十六次会议决议公告,董事会决议公告,2024-05-21,https://data.eastmoney.com/notices/detail/300463/AN202405201633879093.html
001256,炜冈科技,炜冈科技:2023年年度股东大会决议公告,分配方案决议公告,2024-05-21,https://data.eastmoney.com/notices/detail/001256/AN202405201633879088.html
000971,*ST高升,*ST高升:股票交易异常波动公告,股票交易异常波动,2024-05-21,https://data.eastmoney.com/notices/detail/000971/AN202405201633879086.html
001256,炜冈科技,炜冈科技:关于浙江炜冈科技股份有限公司2023年年度股东大会的法律意见,法律意见书,2024-05-21,https://data.eastmoney.com/notices/detail/001256/AN202405201633879089.html
300463,迈克生物,迈克生物:第五届监事会第十四次会议决议公告,监事会决议公告,2024-05-21,https://data.eastmoney.com/notices/detail/300463/AN202405201633879094.html
002543,万和电气,万和电气:2023年年度股东大会的法律意见书,法律意见书,2024-05-21,https://data.eastmoney.com/notices/detail/002543/AN202405201633879092.html
300463,迈克生物,迈克生物:中信证券股份有限公司关于迈克生物股份有限公司2024年限制性股票激励计划(草案)之独立财务顾问报告,保荐/核查意见,2024-05-21,https://data.eastmoney.com/notices/detail/300463/AN202405201633879099.html
300463,迈克生物,迈克生物:2024年限制性股票激励计划实施考核管理办法,管理办法/制度,2024-05-21,https://data.eastmoney.com/notices/detail/300463/AN202405201633879098.html
603808,歌力思,歌力思:2023年年度股东大会决议公告,分配方案决议公告,2024-05-21,https://data.eastmoney.com/notices/detail/603808/AN202405201633879022.html
603808,歌力思,歌力思:北京市中伦(深圳)律师事务所关于歌力思2023年年度股东大会的法律意见书,法律意见书,2024-05-21,https://data.eastmoney.com/notices/detail/603808/AN202405201633879021.html
002763,汇洁股份,汇洁股份:关于持股5%以上股东权益变动降至5%以下的提示性公告,权益变动报告书,2024-05-21,https://data.eastmoney.com/notices/detail/002763/AN202405201633879033.html
002763,汇洁股份,汇洁股份:简式权益变动报告书(李婉贞),权益变动报告书,2024-05-21,https://data.eastmoney.com/notices/detail/002763/AN202405201633879032.html
002251,步步高,*ST步高:关于召开出资人组会议的提示性公告,其他,2024-05-21,https://data.eastmoney.com/notices/detail/002251/AN202405201633879029.html
002251,步步高,*ST步高:关于公司及其十四家子公司召开第二次债权人会议的提示性公告,资产重组债权人会议,2024-05-21,https://data.eastmoney.com/notices/detail/002251/AN202405201633879028.html
002251,步步高,*ST步高:步步高商业连锁股份有限公司及其十四家子公司重整计划(草案),其他,2024-05-21,https://data.eastmoney.com/notices/detail/002251/AN202405201633879027.html
002251,步步高,*ST步高:湖南启元律师事务所关于步步高商业连锁股份有限公司2023年年度股东大会的法律意见书,法律意见书,2024-05-21,https://data.eastmoney.com/notices/detail/002251/AN202405201633879030.html
002251,步步高,*ST步高:2023年年度股东大会决议公告,分配方案决议公告,2024-05-21,https://data.eastmoney.com/notices/detail/002251/AN202405201633879031.html
001359,平安电工,平安电工:关于平安电工2023年年度股东大会的法律意见,法律意见书,2024-05-21,https://data.eastmoney.com/notices/detail/001359/AN202405201633879026.html
001359,平安电工,平安电工:2023年年度股东大会决议公告,分配方案决议公告,2024-05-21,https://data.eastmoney.com/notices/detail/001359/AN202405201633879025.html
000516,国际医学,国际医学:回购报告书,回购报告书,2024-05-21,https://data.eastmoney.com/notices/detail/000516/AN202405201633879035.html
000516,国际医学,国际医学:关于回购注销部分限制性股票减少注册资本暨通知债权人的公告,公司注册资本变更,2024-05-21,https://data.eastmoney.com/notices/detail/000516/AN202405201633879034.html
301073,君亭酒店,君亭酒店:关于董事会秘书候选人同意接受提名并保证切实履职的相关书面承诺(施晨宁),其他,2024-05-21,https://data.eastmoney.com/notices/detail/301073/AN202405201633878963.html
301073,君亭酒店,君亭酒店:关于副总经理候选人同意接受提名并保证切实履职的相关书面承诺(张勇),其他,2024-05-21,https://data.eastmoney.com/notices/detail/301073/AN202405201633878961.html
301073,君亭酒店,君亭酒店:2023年年度股东大会决议公告,分配方案决议公告,2024-05-21,https://data.eastmoney.com/notices/detail/301073/AN202405201633878962.html
301073,君亭酒店,君亭酒店:关于聘任公司高级管理人员、证券事务代表的公告,高管人员任职变动,2024-05-21,https://data.eastmoney.com/notices/detail/301073/AN202405201633878960.html
300904,威力传动,威力传动:关于回购公司股份方案的公告,回购预案,2024-05-21,https://data.eastmoney.com/notices/detail/300904/AN202405201633878957.html
003005,竞业达,竞业达:北京市中伦律师事务所关于北京竞业达数码科技股份有限公司2023年度股东大会的法律意见书,法律意见书,2024-05-21,https://data.eastmoney.com/notices/detail/003005/AN202405201633878959.html
002960,青鸟智控,青鸟消防:关于注销2020年第一期股票期权与限制性股票激励计划部分股票期权的公告,股权激励进展公告,2024-05-21,https://data.eastmoney.com/notices/detail/002960/AN202405201633879003.html
002960,青鸟智控,青鸟消防:关于2020年第一期股票期权与限制性股票激励计划预留授予股票期权第三个行权期行权条件成就的公告,股权激励进展公告,2024-05-21,https://data.eastmoney.com/notices/detail/002960/AN202405201633879004.html
000722,湖南发展,湖南发展:关于政府有偿收回蟒电公司部分地上建筑物及蟒电公司参与后续土地使用权竞拍并购回地上建筑物的公告,其他,2024-05-21,https://data.eastmoney.com/notices/detail/000722/AN202405201633878958.html
600671,天目药业,*ST目药:上海泽昌律师事务所关于杭州天目山药业股份有限公司2023年年度股东大会的法律意见书,法律意见书,2024-05-21,https://data.eastmoney.com/notices/detail/600671/AN202405201633878943.html
600671,天目药业,*ST目药:杭州天目山药业股份有限公司2023年年度股东大会决议公告,分配方案决议公告,2024-05-21,https://data.eastmoney.com/notices/detail/600671/AN202405201633878942.html
000722,湖南发展,湖南发展:第十一届董事会第十五次会议决议公告,董事会决议公告,2024-05-21,https://data.eastmoney.com/notices/detail/000722/AN202405201633878859.html
002960,青鸟智控,青鸟消防:北京市中咨律师事务所关于青鸟消防股份有限公司股权激励计划预留授予股票期权第三个行权期行权条件成就、预留授予限制性股票第三个解除限售期解除限售条件成就及注销部分股票期权相关事宜之法律意见书,法律意见书,2024-05-21,https://data.eastmoney.com/notices/detail/002960/AN202405201633878880.html
002511,中顺洁柔,中顺洁柔:2023年年度股东大会决议公告,分配方案决议公告,2024-05-21,https://data.eastmoney.com/notices/detail/002511/AN202405201633878864.html
000722,湖南发展,湖南发展:关于投资设立全资子公司的公告,投资设立公司,2024-05-21,https://data.eastmoney.com/notices/detail/000722/AN202405201633878858.html
301073,君亭酒店,君亭酒店:关于财务负责人候选人同意接受提名并保证切实履职的相关书面承诺(张勇),其他,2024-05-21,https://data.eastmoney.com/notices/detail/301073/AN202405201633878871.html
301073,君亭酒店,君亭酒店:关于副总经理候选人同意接受提名并保证切实履职的相关书面承诺(张戈泉),其他,2024-05-21,https://data.eastmoney.com/notices/detail/301073/AN202405201633878867.html
301073,君亭酒店,君亭酒店:第四届董事会第一次会议决议公告,高管人员任职变动,2024-05-21,https://data.eastmoney.com/notices/detail/301073/AN202405201633878868.html
300904,威力传动,威力传动:第三届董事会第二十次会议决议公告,董事会决议公告,2024-05-21,https://data.eastmoney.com/notices/detail/300904/AN202405201633878857.html
002960,青鸟智控,青鸟消防:第四届监事会第二十七次会议决议公告,监事会决议公告,2024-05-21,https://data.eastmoney.com/notices/detail/002960/AN202405201633878877.html
301073,君亭酒店,君亭酒店:总经理办公会议事规则,议事规则/实施细则,2024-05-21,https://data.eastmoney.com/notices/detail/301073/AN202405201633878874.html
301073,君亭酒店,君亭酒店:关于总经理候选人同意接受提名并保证切实履职的相关书面承诺(朱晓东),其他,2024-05-21,https://data.eastmoney.com/notices/detail/301073/AN202405201633878876.html
301073,君亭酒店,君亭酒店:关于完成董事会、监事会换届选举的公告,高管人员任职变动,2024-05-21,https://data.eastmoney.com/notices/detail/301073/AN202405201633878866.html
003005,竞业达,竞业达:2023年度股东大会决议公告,分配方案决议公告,2024-05-21,https://data.eastmoney.com/notices/detail/003005/AN202405201633878860.html
002511,中顺洁柔,中顺洁柔:北京国枫律师事务所关于中顺洁柔纸业股份有限公司2023年年度股东大会的法律意见书,法律意见书,2024-05-21,https://data.eastmoney.com/notices/detail/002511/AN202405201633878863.html
301073,君亭酒店,君亭酒店:浙江天册律师事务所关于君亭酒店集团股份有限公司2023年年度股东大会的法律意见书,法律意见书,2024-05-21,https://data.eastmoney.com/notices/detail/301073/AN202405201633878872.html
301073,君亭酒店,君亭酒店:第四届监事会第一次会议决议公告,高管人员任职变动,2024-05-21,https://data.eastmoney.com/notices/detail/301073/AN202405201633878875.html
301073,君亭酒店,君亭酒店:关于监事会主席候选人同意接受提名并保证切实履职的相关书面承诺(赵可),其他,2024-05-21,https://data.eastmoney.com/notices/detail/301073/AN202405201633878873.html
301073,君亭酒店,君亭酒店:关于副总经理候选人同意接受提名并保证切实履职的相关书面承诺(施晨宁),其他,2024-05-21,https://data.eastmoney.com/notices/detail/301073/AN202405201633878870.html
002511,中顺洁柔,中顺洁柔:关于股份回购通知债权人的公告,通知债权人公告,2024-05-21,https://data.eastmoney.com/notices/detail/002511/AN202405201633878862.html
001203,大中矿业,大中矿业:关于控股股东及持股5%以上股东部分股份解除质押的公告,股份质押、冻结,2024-05-21,https://data.eastmoney.com/notices/detail/001203/AN202405201633878856.html
301073,君亭酒店,君亭酒店:关于授予吴启元先生终身名誉董事长的公告,高管人员任职变动,2024-05-21,https://data.eastmoney.com/notices/detail/301073/AN202405201633878865.html
002960,青鸟智控,青鸟消防:第四届董事会第四十六次会议决议公告,董事会决议公告,2024-05-21,https://data.eastmoney.com/notices/detail/002960/AN202405201633878879.html
002960,青鸟智控,青鸟消防:关于2020年第一期股票期权与限制性股票激励计划预留授予限制性股票第三个限售期解除限售条件成就的公告,限售股份上市流通,2024-05-21,https://data.eastmoney.com/notices/detail/002960/AN202405201633878878.html
301073,君亭酒店,君亭酒店:关于董事长候选人同意接受提名并保证切实履职的相关书面承诺(朱晓东),其他,2024-05-21,https://data.eastmoney.com/notices/detail/301073/AN202405201633878869.html
002511,中顺洁柔,中顺洁柔:关于回购期限过半尚未实施回购的公告,回购进展情况,2024-05-21,https://data.eastmoney.com/notices/detail/002511/AN202405201633878861.html
002266,浙富控股,浙富控股:浙富控股2023年度股东大会的法律意见书,法律意见书,2024-05-21,https://data.eastmoney.com/notices/detail/002266/AN202405201633878317.html
002266,浙富控股,浙富控股:2023年度股东大会决议公告,分配方案决议公告,2024-05-21,https://data.eastmoney.com/notices/detail/002266/AN202405201633878318.html
002050,三花智控,三花智控:浙江天册律师事务所关于浙江三花智能控制股份有限公司2023年度股东大会的法律意见书,法律意见书,2024-05-21,https://data.eastmoney.com/notices/detail/002050/AN202405201633878315.html
002050,三花智控,三花智控:2023年度股东大会决议公告,分配方案决议公告,2024-05-21,https://data.eastmoney.com/notices/detail/002050/AN202405201633878316.html
002005,德豪润达,ST德豪:广东晟典律师事务所关于安徽德豪润达电气股份有限公司2023年年度股东大会的法律意见书,法律意见书,2024-05-21,https://data.eastmoney.com/notices/detail/002005/AN202405201633878314.html
002005,德豪润达,ST德豪:2023年年度股东大会决议公告,分配方案决议公告,2024-05-21,https://data.eastmoney.com/notices/detail/002005/AN202405201633878313.html
002707,众信旅游,众信旅游:公司章程(2024年5月),公司章程,2024-05-21,https://data.eastmoney.com/notices/detail/002707/AN202405201633878287.html
002707,众信旅游,众信旅游:2023年度股东大会之法律意见书,法律意见书,2024-05-21,https://data.eastmoney.com/notices/detail/002707/AN202405201633878286.html
002707,众信旅游,众信旅游:关于2023年度股东大会决议的公告,分配方案决议公告,2024-05-21,https://data.eastmoney.com/notices/detail/002707/AN202405201633878285.html
002614,奥佳华,奥佳华:关于奥佳华智能健康科技集团股份有限公司2023年年度股东大会的法律意见书,法律意见书,2024-05-21,https://data.eastmoney.com/notices/detail/002614/AN202405201633878281.html
002614,奥佳华,奥佳华:关于2023年年度股东大会决议的公告,分配方案决议公告,2024-05-21,https://data.eastmoney.com/notices/detail/002614/AN202405201633878282.html
002609,捷顺科技,捷顺科技:《公司章程》(2024年5月修订),公司章程修订,2024-05-21,https://data.eastmoney.com/notices/detail/002609/AN202405201633878290.html
002609,捷顺科技,捷顺科技:北京市盈科(深圳)律师事务所关于深圳市捷顺科技实业股份有限公司2023年年度股东大会的法律意见书,法律意见书,2024-05-21,https://data.eastmoney.com/notices/detail/002609/AN202405201633878291.html
002609,捷顺科技,捷顺科技:2023年年度股东大会决议公告,分配方案决议公告,2024-05-21,https://data.eastmoney.com/notices/detail/002609/AN202405201633878289.html
002609,捷顺科技,捷顺科技:关于减资暨通知债权人的公告,公司注册资本变更,2024-05-21,https://data.eastmoney.com/notices/detail/002609/AN202405201633878288.html
002524,光正眼科,光正眼科:新疆天阳律师事务所关于光正眼科医院集团股份有限公司2023年年度股东大会法律意见书,法律意见书,2024-05-21,https://data.eastmoney.com/notices/detail/002524/AN202405201633878284.html
002524,光正眼科,光正眼科:2023年年度股东大会决议公告,分配方案决议公告,2024-05-21,https://data.eastmoney.com/notices/detail/002524/AN202405201633878283.html
002497,雅化集团,雅化集团:国浩律师(成都)事务所关于四川雅化实业集团股份有限公司2023年年度股东大会之法律意见书,法律意见书,2024-05-21,https://data.eastmoney.com/notices/detail/002497/AN202405201633878294.html
002497,雅化集团,雅化集团:2023年年度股东大会决议公告,分配方案决议公告,2024-05-21,https://data.eastmoney.com/notices/detail/002497/AN202405201633878293.html
002497,雅化集团,雅化集团:关于股份回购期限届满暨回购结果的公告,回购进展情况,2024-05-21,https://data.eastmoney.com/notices/detail/002497/AN202405201633878292.html
002377,国创高新,国创高新:2023年度股东大会法律意见书,法律意见书,2024-05-21,https://data.eastmoney.com/notices/detail/002377/AN202405201633878278.html
002377,国创高新,国创高新:2023年度股东大会决议公告,分配方案决议公告,2024-05-21,https://data.eastmoney.com/notices/detail/002377/AN202405201633878277.html
001206,依依股份,依依股份:天津金诺律师事务所关于天津市依依卫生用品股份有限公司2023年年度股东大会律师见证法律意见书,法律意见书,2024-05-21,https://data.eastmoney.com/notices/detail/001206/AN202405201633878280.html
001206,依依股份,依依股份:2023年年度股东大会决议公告,分配方案决议公告,2024-05-21,https://data.eastmoney.com/notices/detail/001206/AN202405201633878279.html
002705,新宝股份,新宝股份:公司章程(2024年5月),公司章程,2024-05-21,https://data.eastmoney.com/notices/detail/002705/AN202405201633878146.html
002705,新宝股份,新宝股份:北京国枫律师事务所关于公司2023年年度股东大会的法律意见书,法律意见书,2024-05-21,https://data.eastmoney.com/notices/detail/002705/AN202405201633878147.html
002705,新宝股份,新宝股份:关于变更回购股份用途并注销暨通知债权人的公告,通知债权人公告,2024-05-21,https://data.eastmoney.com/notices/detail/002705/AN202405201633878145.html
301152,天力锂能,天力锂能:新乡天力锂能股份有限公司关于控股股东、实际控制人部分股权质押及质押延期购回的公告,股份质押、冻结,2024-05-21,https://data.eastmoney.com/notices/detail/301152/AN202405201633878116.html
003033,征和工业,征和工业:北京市金杜(济南)律师事务所关于青岛征和工业股份有限公司2023年年度股东大会之法律意见书,法律意见书,2024-05-21,https://data.eastmoney.com/notices/detail/003033/AN202405201633878113.html
003033,征和工业,征和工业:2023年年度股东大会决议公告,分配方案决议公告,2024-05-21,https://data.eastmoney.com/notices/detail/003033/AN202405201633878112.html
002957,科瑞技术,科瑞技术:北京德恒(深圳)律师事务所关于深圳科瑞技术股份有限公司2023年度股东大会的法律意见,法律意见书,2024-05-21,https://data.eastmoney.com/notices/detail/002957/AN202405201633878120.html
002957,科瑞技术,科瑞技术:关于回购注销限制性股票减资暨通知债权人的公告,公司注册资本变更,2024-05-21,https://data.eastmoney.com/notices/detail/002957/AN202405201633878121.html
002957,科瑞技术,科瑞技术:2023年度股东大会决议公告,分配方案决议公告,2024-05-21,https://data.eastmoney.com/notices/detail/002957/AN202405201633878119.html
002705,新宝股份,新宝股份:2023年年度股东大会决议公告,分配方案决议公告,2024-05-21,https://data.eastmoney.com/notices/detail/002705/AN202405201633878115.html
002468,申通快递,申通快递:北京市金杜律师事务所上海分所关于申通快递股份有限公司2023年度股东大会之法律意见书,法律意见书,2024-05-21,https://data.eastmoney.com/notices/detail/002468/AN202405201633878118.html
688261,东微半导,东微半导:浙江天册律师事务所关于苏州东微半导体股份有限公司2023年年度股东大会的法律意见书,法律意见书,2024-05-21,https://data.eastmoney.com/notices/detail/688261/AN202405201633878108.html
688261,东微半导,东微半导:苏州东微半导体股份有限公司2023年年度股东大会决议公告,分配方案决议公告,2024-05-21,https://data.eastmoney.com/notices/detail/688261/AN202405201633878109.html
002468,申通快递,申通快递:2023年度股东大会决议公告,分配方案决议公告,2024-05-21,https://data.eastmoney.com/notices/detail/002468/AN202405201633878117.html
002053,云南能投,云南能投:云南能源投资股份有限公司关于开远-蒙自支线、文山-砚山支线天然气管道工程项目通气试运行的公告,其他,2024-05-21,https://data.eastmoney.com/notices/detail/002053/AN202405201633878114.html
600226,亨通股份,亨通股份:浙江亨通控股股份有限公司关于公司开展期货套期保值业务的进展公告,其他,2024-05-21,https://data.eastmoney.com/notices/detail/600226/AN202405201633878098.html
002032,苏泊尔,苏泊尔:2023年度权益分派实施公告,分配方案实施,2024-05-21,https://data.eastmoney.com/notices/detail/002032/AN202405201633878086.html
002011,盾安环境,盾安环境:关于聘任副总裁的公告,高管人员任职变动,2024-05-21,https://data.eastmoney.com/notices/detail/002011/AN202405201633878089.html
002011,盾安环境,盾安环境:第八届董事会第十二次会议决议公告,高管人员任职变动,2024-05-21,https://data.eastmoney.com/notices/detail/002011/AN202405201633878088.html
002011,盾安环境,盾安环境:公司章程(2024年5月修订),公司章程修订,2024-05-21,https://data.eastmoney.com/notices/detail/002011/AN202405201633878091.html
001330,博纳影业,博纳影业:关于博纳影业集团股份有限公司2023年度股东大会的法律意见书,法律意见书,2024-05-21,https://data.eastmoney.com/notices/detail/001330/AN202405201633878093.html
001330,博纳影业,博纳影业:2023年度股东大会决议公告,分配方案决议公告,2024-05-21,https://data.eastmoney.com/notices/detail/001330/AN202405201633878092.html
002011,盾安环境,盾安环境:关于召开2024年第二次临时股东大会的通知,召开股东大会通知,2024-05-21,https://data.eastmoney.com/notices/detail/002011/AN202405201633878087.html
001323,慕思股份,慕思股份:关于使用暂时闲置募集资金进行现金管理的进展公告,募集资金使用进展情况,2024-05-21,https://data.eastmoney.com/notices/detail/001323/AN202405201633878085.html
002011,盾安环境,盾安环境:《公司章程》修订对照表,公司章程修订,2024-05-21,https://data.eastmoney.com/notices/detail/002011/AN202405201633878090.html
688198,佰仁医疗,佰仁医疗:佰仁医疗2023年年度权益分派实施公告,分配方案实施,2024-05-21,https://data.eastmoney.com/notices/detail/688198/AN202405201633878084.html
603338,浙江鼎力,浙江鼎力:浙江鼎力机械股份有限公司2023年年度股东大会会议资料,股东大会资料,2024-05-21,https://data.eastmoney.com/notices/detail/603338/AN202405201633878075.html
600272,开开实业,开开实业:关于公司2024年度向特定对象发行A股股票预案披露的提示性公告,增发提示性公告,2024-05-21,https://data.eastmoney.com/notices/detail/600272/AN202405201633877916.html
600272,开开实业,开开实业:关于公司无需编制前次募集资金使用情况报告的公告,募集资金使用情况报告,2024-05-21,https://data.eastmoney.com/notices/detail/600272/AN202405201633877921.html
600272,开开实业,开开实业:关于公司2024年度向特定对象发行A股股票公司控股股东及其一致行动人承诺特定期间不减持公司股票的公告,其他,2024-05-21,https://data.eastmoney.com/notices/detail/600272/AN202405201633877932.html
603356,华菱精工,华菱精工:独立董事提名人声明与承诺(李辉),独立董事提名人声明,2024-05-21,https://data.eastmoney.com/notices/detail/603356/AN202405201633877931.html
603356,华菱精工,华菱精工:第四届监事会第十三次会议决议公告,高管人员任职变动,2024-05-21,https://data.eastmoney.com/notices/detail/603356/AN202405201633877929.html
600272,开开实业,开开实业:关于公司2024年度向特定对象发行A股股票涉及关联交易的公告,增发预案,2024-05-21,https://data.eastmoney.com/notices/detail/600272/AN202405201633877912.html
600272,开开实业,开开实业:关于公司2024年度向特定对象发行A股股票募集资金使用的可行性分析报告,其他,2024-05-21,https://data.eastmoney.com/notices/detail/600272/AN202405201633877934.html
603356,华菱精工,华菱精工:关于终止公司第一期员工持股计划的公告,员工持股计划,2024-05-21,https://data.eastmoney.com/notices/detail/603356/AN202405201633877928.html
603356,华菱精工,华菱精工:独立董事候选人声明与承诺(李辉),独立董事候选人声明,2024-05-21,https://data.eastmoney.com/notices/detail/603356/AN202405201633877933.html
600272,开开实业,开开实业:2024年度向特定对象发行A股股票预案,增发预案,2024-05-21,https://data.eastmoney.com/notices/detail/600272/AN202405201633877922.html
600272,开开实业,开开实业:关于提请股东大会审议同意特定对象免于发出收购要约的公告,其他,2024-05-21,https://data.eastmoney.com/notices/detail/600272/AN202405201633877935.html
600272,开开实业,开开实业:关于向特定对象发行A股股票股东权益拟发生变动的提示性公告,其他,2024-05-21,https://data.eastmoney.com/notices/detail/600272/AN202405201633877915.html
600272,开开实业,开开实业:第十届董事会第十八次会议决议公告,增发预案,2024-05-21,https://data.eastmoney.com/notices/detail/600272/AN202405201633877920.html
600272,开开实业,开开实业:关于召开2023年年度股东大会的通知,召开股东大会通知,2024-05-21,https://data.eastmoney.com/notices/detail/600272/AN202405201633877925.html
600272,开开实业,开开实业:第十届监事会第十二次会议决议公告,监事会决议公告,2024-05-21,https://data.eastmoney.com/notices/detail/600272/AN202405201633877919.html
603356,华菱精工,华菱精工:第四届董事会第十五次会议决议公告,高管人员任职变动,2024-05-21,https://data.eastmoney.com/notices/detail/603356/AN202405201633877924.html
600272,开开实业,开开实业:收购报告书摘要,要约收购报告书摘要,2024-05-21,https://data.eastmoney.com/notices/detail/600272/AN202405201633877930.html
600272,开开实业,开开实业:关于本次向特定对象发行A股股票不存在直接或通过利益相关方向参与认购的投资者提供财务资助或补偿的承诺公告,获得补贴（资助）,2024-05-21,https://data.eastmoney.com/notices/detail/600272/AN202405201633877918.html
603356,华菱精工,华菱精工:关于2023年年度股东大会增加临时提案的公告,增加股东大会议案,2024-05-21,https://data.eastmoney.com/notices/detail/603356/AN202405201633877936.html
600272,开开实业,开开实业:关于最近五年未被证券监管部门和交易所处罚或采取监管措施的公告,自查报告,2024-05-21,https://data.eastmoney.com/notices/detail/600272/AN202405201633877926.html
603356,华菱精工,华菱精工:关于拟改选第四届董事会部分董事的公告,高管人员任职变动,2024-05-21,https://data.eastmoney.com/notices/detail/603356/AN202405201633877917.html
600272,开开实业,开开实业:关于公司2024年度向特定对象发行A股股票摊薄即期回报及采取填补措施和相关主体承诺的公告,其他,2024-05-21,https://data.eastmoney.com/notices/detail/600272/AN202405201633877927.html
603356,华菱精工,华菱精工:关于拟改选第四届监事会部分监事的公告,高管人员任职变动,2024-05-21,https://data.eastmoney.com/notices/detail/603356/AN202405201633877923.html
600272,开开实业,开开实业:未来三年(2024年-2026年)股东回报规划,其他,2024-05-21,https://data.eastmoney.com/notices/detail/600272/AN202405201633877937.html
600272,开开实业,开开实业:募集资金使用管理办法,管理办法/制度,2024-05-21,https://data.eastmoney.com/notices/detail/600272/AN202405201633877913.html
600272,开开实业,开开实业:关于修订公司《募集资金使用管理办法》的公告,管理办法/制度,2024-05-21,https://data.eastmoney.com/notices/detail/600272/AN202405201633877938.html
600272,开开实业,开开实业:上海开开(集团)有限公司关于规范关联交易的承诺函,其他,2024-05-21,https://data.eastmoney.com/notices/detail/600272/AN202405201633877914.html
002919,名臣健康,名臣健康:关于完成监事会换届选举的公告,高管人员任职变动,2024-05-21,https://data.eastmoney.com/notices/detail/002919/AN202405201633877910.html
002919,名臣健康,名臣健康:关于完成董事会换届选举及部分董事届满离任的公告,高管人员任职变动,2024-05-21,https://data.eastmoney.com/notices/detail/002919/AN202405201633877911.html
002919,名臣健康,名臣健康:2023年年度股东大会决议公告,分配方案决议公告,2024-05-21,https://data.eastmoney.com/notices/detail/002919/AN202405201633877909.html
002919,名臣健康,名臣健康:君泽君关于名臣健康2023年年度股东大会的法律意见书,法律意见书,2024-05-21,https://data.eastmoney.com/notices/detail/002919/AN202405201633877908.html
605366,宏柏新材,宏柏新材:江西宏柏新材料股份有限公司第三届董事会第六次会议决议公告,董事会决议公告,2024-05-21,https://data.eastmoney.com/notices/detail/605366/AN202405201633877868.html
605366,宏柏新材,宏柏新材:江西宏柏新材料股份有限公司关于拟使用自有资金进行现金管理的公告,投资理财,2024-05-21,https://data.eastmoney.com/notices/detail/605366/AN202405201633877866.html
600935,华塑股份,华塑股份:安徽天禾律师事务所关于安徽华塑股份有限公司2023年年度股东大会的法律意见书,法律意见书,2024-05-21,https://data.eastmoney.com/notices/detail/600935/AN202405201633877862.html
603348,文灿股份,文灿股份:中信建投证券股份有限公司关于文灿集团股份有限公司向特定对象发行股票之上市保荐书,上市保荐书,2024-05-21,https://data.eastmoney.com/notices/detail/603348/AN202405201633877859.html
603348,文灿股份,文灿股份:安永华明会计师事务所(特殊普通合伙)关于文灿集团股份有限公司向特定对象发行股票的财务报告及审计报告,审计报告,2024-05-21,https://data.eastmoney.com/notices/detail/603348/AN202405201633877867.html
605366,宏柏新材,宏柏新材:江西宏柏新材料股份有限公司第三届监事会第五次会议决议公告,监事会决议公告,2024-05-21,https://data.eastmoney.com/notices/detail/605366/AN202405201633877856.html
605366,宏柏新材,宏柏新材:中信证券股份有限公司关于江西宏柏新材料股份有限公司使用部分募集资金对全资子公司增资以实施募投项目的核查意见,保荐/核查意见,2024-05-21,https://data.eastmoney.com/notices/detail/605366/AN202405201633877854.html
603348,文灿股份,文灿股份:2022年度向特定对象发行股票募集说明书,增发预案,2024-05-21,https://data.eastmoney.com/notices/detail/603348/AN202405201633877865.html
603348,文灿股份,文灿股份:关于向特定对象发行股票募集说明书等申请文件更新财务数据的提示性公告,其他,2024-05-21,https://data.eastmoney.com/notices/detail/603348/AN202405201633877857.html
603348,文灿股份,文灿股份:关于调整公司向特定对象发行A股股票募集资金规模的公告,其他增发事项公告,2024-05-21,https://data.eastmoney.com/notices/detail/603348/AN202405201633877858.html
603348,文灿股份,文灿股份:第四届监事会第五次会议决议公告,监事会决议公告,2024-05-21,https://data.eastmoney.com/notices/detail/603348/AN202405201633877864.html
600935,华塑股份,华塑股份:安徽华塑股份有限公司2023年年度股东大会决议公告,分配方案决议公告,2024-05-21,https://data.eastmoney.com/notices/detail/600935/AN202405201633877860.html
603348,文灿股份,文灿股份:第四届董事会第六次会议决议公告,其他增发事项公告,2024-05-21,https://data.eastmoney.com/notices/detail/603348/AN202405201633877863.html
605366,宏柏新材,宏柏新材:江西宏柏新材料股份有限公司关于使用可转债募集资金对全资子公司增资以实施募投项目的公告,增资扩股,2024-05-21,https://data.eastmoney.com/notices/detail/605366/AN202405201633877855.html
603348,文灿股份,文灿股份:中信建投证券股份有限公司关于文灿集团股份有限公司向特定对象发行股票之发行保荐书,发行保荐书,2024-05-21,https://data.eastmoney.com/notices/detail/603348/AN202405201633877861.html
002780,三夫户外,三夫户外:第五届监事会第四次会议决议公告,监事会决议公告,2024-05-21,https://data.eastmoney.com/notices/detail/002780/AN202405201633877848.html
002780,三夫户外,三夫户外:(上网2)公司章程修正案,公司章程修订,2024-05-21,https://data.eastmoney.com/notices/detail/002780/AN202405201633877847.html
002780,三夫户外,三夫户外:关于提前归还闲置募集资金临时补充流动资金的公告,募集资金补充流动资金,2024-05-21,https://data.eastmoney.com/notices/detail/002780/AN202405201633877846.html
002780,三夫户外,三夫户外:关于募集资金投资项目结项并将结余募集资金永久补充流动资金的公告,募集资金补充流动资金,2024-05-21,https://data.eastmoney.com/notices/detail/002780/AN202405201633877845.html
002780,三夫户外,三夫户外:(上网1)公司章程,公司章程,2024-05-21,https://data.eastmoney.com/notices/detail/002780/AN202405201633877844.html
002780,三夫户外,三夫户外:关于召开2024年第三次临时股东大会的通知,召开股东大会通知,2024-05-21,https://data.eastmoney.com/notices/detail/002780/AN202405201633877843.html
002780,三夫户外,三夫户外:(上网3)信达证券股份有限公司关于北京三夫户外用品股份有限公司募集资金投资项目结项并将节余募集资金永久补充流动资金的核查意见,保荐/核查意见,2024-05-21,https://data.eastmoney.com/notices/detail/002780/AN202405201633877842.html
002780,三夫户外,三夫户外:第五届董事会第四次会议决议公告,董事会决议公告,2024-05-21,https://data.eastmoney.com/notices/detail/002780/AN202405201633877841.html
002078,太阳纸业,太阳纸业:太阳纸业2023年年度股东大会法律意见,法律意见书,2024-05-21,https://data.eastmoney.com/notices/detail/002078/AN202405201633877840.html
002078,太阳纸业,太阳纸业:太阳纸业2023年年度股东大会决议公告,分配方案决议公告,2024-05-21,https://data.eastmoney.com/notices/detail/002078/AN202405201633877839.html
603118,共进股份,共进股份:2023年年度股东大会决议公告,分配方案决议公告,2024-05-21,https://data.eastmoney.com/notices/detail/603118/AN202405201633877828.html
603118,共进股份,共进股份:北京市中伦(深圳)律师事务所关于共进股份2023年年度股东大会的法律意见书,法律意见书,2024-05-21,https://data.eastmoney.com/notices/detail/603118/AN202405201633877827.html
600565,ST迪马,ST迪马:ST迪马关于公司新增累计诉讼(仲裁)的公告,诉讼仲裁,2024-05-21,https://data.eastmoney.com/notices/detail/600565/AN202405201633877829.html
600070,*ST富润,*ST富润:2023年年度股东大会决议,分配方案决议公告,2024-05-21,https://data.eastmoney.com/notices/detail/600070/AN202405201633877815.html
600070,*ST富润,*ST富润:浙江富润2023年度股东大会法律意见书,法律意见书,2024-05-21,https://data.eastmoney.com/notices/detail/600070/AN202405201633877817.html
600070,*ST富润,*ST富润:浙江富润关于股票交易风险的提示性公告,风险提示性公告,2024-05-21,https://data.eastmoney.com/notices/detail/600070/AN202405201633877816.html
301386,未来电器,未来电器:2023年年度权益分派实施公告,分配方案实施,2024-05-21,https://data.eastmoney.com/notices/detail/301386/AN202405201633877823.html
603283,赛腾股份,赛腾股份:上海市锦天城律师事务所关于苏州赛腾精密电子股份有限公司2023年年度股东大会法律意见书,法律意见书,2024-05-21,https://data.eastmoney.com/notices/detail/603283/AN202405201633877804.html
603283,赛腾股份,赛腾股份:苏州赛腾精密电子股份有限公司2023年年度股东大会决议公告,分配方案决议公告,2024-05-21,https://data.eastmoney.com/notices/detail/603283/AN202405201633877790.html
603980,吉华集团,吉华集团:吉华集团关于聘任总经理、副总经理、财务总监的公告,高管人员任职变动,2024-05-21,https://data.eastmoney.com/notices/detail/603980/AN202405201633877783.html
603980,吉华集团,吉华集团:吉华集团2023年年度股东大会决议公告,分配方案决议公告,2024-05-21,https://data.eastmoney.com/notices/detail/603980/AN202405201633877777.html
603269,海鸥股份,海鸥股份:江苏海鸥冷却塔股份有限公司董事集中竞价减持股份计划公告,股东/实际控制人股份减持,2024-05-21,https://data.eastmoney.com/notices/detail/603269/AN202405201633877779.html
600797,浙大网新,浙大网新:浙大网新科技股份有限公司第十一届监事会第一次会议决议公告,高管人员任职变动,2024-05-21,https://data.eastmoney.com/notices/detail/600797/AN202405201633877786.html
600797,浙大网新,浙大网新:浙大网新科技股份有限公司第十一届董事会第一次会议决议公告,高管人员任职变动,2024-05-21,https://data.eastmoney.com/notices/detail/600797/AN202405201633877780.html
603980,吉华集团,吉华集团:吉华集团第五届监事会第一次会议决议公告,高管人员任职变动,2024-05-21,https://data.eastmoney.com/notices/detail/603980/AN202405201633877785.html
603980,吉华集团,吉华集团:吉华集团关于聘任董事会秘书、证券事务代表的公告,高管人员任职变动,2024-05-21,https://data.eastmoney.com/notices/detail/603980/AN202405201633877776.html
603980,吉华集团,吉华集团:吉华集团第五届董事会第一次会议决议公告,高管人员任职变动,2024-05-21,https://data.eastmoney.com/notices/detail/603980/AN202405201633877782.html
603269,海鸥股份,海鸥股份:北京浩天律师事务所关于江苏海鸥冷却塔股份有限公司2023年年度股东大会之法律意见书,法律意见书,2024-05-21,https://data.eastmoney.com/notices/detail/603269/AN202405201633877778.html
603269,海鸥股份,海鸥股份:江苏海鸥冷却塔股份有限公司2023年年度股东大会决议公告,分配方案决议公告,2024-05-21,https://data.eastmoney.com/notices/detail/603269/AN202405201633877784.html
603980,吉华集团,吉华集团:江苏世纪同仁律师事务所关于浙江吉华集团股份有限公司2023年年度股东大会的法律意见书,法律意见书,2024-05-21,https://data.eastmoney.com/notices/detail/603980/AN202405201633877781.html
301043,绿岛风,绿岛风:第三届监事会第一次会议决议公告,高管人员任职变动,2024-05-21,https://data.eastmoney.com/notices/detail/301043/AN202405201633877787.html
301043,绿岛风,绿岛风:关于董事会、监事会完成换届选举及聘任高级管理人员、证券事务代表的公告,高管人员任职变动,2024-05-21,https://data.eastmoney.com/notices/detail/301043/AN202405201633877618.html
301043,绿岛风,绿岛风:2023年年度股东大会的法律意见书,法律意见书,2024-05-21,https://data.eastmoney.com/notices/detail/301043/AN202405201633877620.html
301043,绿岛风,绿岛风:2023年年度股东大会决议公告,分配方案决议公告,2024-05-21,https://data.eastmoney.com/notices/detail/301043/AN202405201633877619.html
301043,绿岛风,绿岛风:第三届董事会第一次会议决议公告,高管人员任职变动,2024-05-21,https://data.eastmoney.com/notices/detail/301043/AN202405201633877636.html
600406,国电南瑞,国电南瑞:国电南瑞董事会授权管理办法(2024年修订),管理办法/制度,2024-05-21,https://data.eastmoney.com/notices/detail/600406/AN202405201633877568.html
600406,国电南瑞,国电南瑞:国电南瑞2023年年度股东大会决议公告,分配方案决议公告,2024-05-21,https://data.eastmoney.com/notices/detail/600406/AN202405201633877567.html
603320,迪贝电气,迪贝电气:2023年年度权益分派实施公告,分配方案实施,2024-05-21,https://data.eastmoney.com/notices/detail/603320/AN202405201633877561.html
603882,金域医学,金域医学:北京市中伦律师事务所关于广州金域医学检验集团股份有限公司2023年年度股东大会的法律意见书,法律意见书,2024-05-21,https://data.eastmoney.com/notices/detail/603882/AN202405201633877563.html
600406,国电南瑞,国电南瑞:国电南瑞2023年年度股东大会的法律意见书,法律意见书,2024-05-21,https://data.eastmoney.com/notices/detail/600406/AN202405201633877565.html
603320,迪贝电气,迪贝电气:关于因利润分配调整可转债转股价格的公告,其他,2024-05-21,https://data.eastmoney.com/notices/detail/603320/AN202405201633877564.html
603882,金域医学,金域医学:广州金域医学检验集团股份有限公司2023年年度股东大会决议公告,分配方案决议公告,2024-05-21,https://data.eastmoney.com/notices/detail/603882/AN202405201633877566.html
600406,国电南瑞,国电南瑞:国电南瑞第八届董事会第二十二次会议决议公告,高管人员任职变动,2024-05-21,https://data.eastmoney.com/notices/detail/600406/AN202405201633877562.html
688589,力合微,力合微:关于合计持股5%以上股东权益变动的提示性公告,权益变动报告书,2024-05-21,https://data.eastmoney.com/notices/detail/688589/AN202405201633877525.html
688589,力合微,力合微:深圳市力合微电子股份有限公司简式权益变动报告书,权益变动报告书,2024-05-21,https://data.eastmoney.com/notices/detail/688589/AN202405201633877523.html
688695,中创股份,中创股份:开源证券股份有限公司、民生证券股份有限公司关于山东中创软件商用中间件股份有限公司使用闲置募集资金进行现金管理的核查意见,保荐/核查意见,2024-05-21,https://data.eastmoney.com/notices/detail/688695/AN202405201633877526.html
688123,聚辰股份,聚辰股份:聚辰股份2023年年度股东大会决议公告,其他增发事项公告,2024-05-21,https://data.eastmoney.com/notices/detail/688123/AN202405201633877522.html
688525,佰维存储,佰维存储:2023年年度股东大会决议公告,其他增发事项公告,2024-05-21,https://data.eastmoney.com/notices/detail/688525/AN202405201633877521.html
688041,海光信息,海光信息:海光信息技术股份有限公司关于以集中竞价交易方式首次回购股份进展公告,回购进展情况,2024-05-21,https://data.eastmoney.com/notices/detail/688041/AN202405201633877524.html
688047,龙芯中科,龙芯中科:中信证券股份有限公司关于龙芯中科技术股份有限公司2023年度持续督导跟踪报告,保荐/核查意见,2024-05-21,https://data.eastmoney.com/notices/detail/688047/AN202405201633877517.html
688123,聚辰股份,聚辰股份:聚辰股份2023年年度股东大会法律意见书,法律意见书,2024-05-21,https://data.eastmoney.com/notices/detail/688123/AN202405201633877520.html
688047,龙芯中科,龙芯中科:中信证券股份有限公司关于龙芯中科技术股份有限公司2023年度持续督导工作现场检查报告,保荐/核查意见,2024-05-21,https://data.eastmoney.com/notices/detail/688047/AN202405201633877518.html
688525,佰维存储,佰维存储:上海市锦天城(深圳)律师事务所关于深圳佰维存储科技股份有限公司2023年年度股东大会的法律意见书,法律意见书,2024-05-21,https://data.eastmoney.com/notices/detail/688525/AN202405201633877519.html
002996,顺博合金,顺博合金:关于可转换公司债券转股价格调整的公告,其他,2024-05-21,https://data.eastmoney.com/notices/detail/002996/AN202405201633877544.html
002996,顺博合金,顺博合金:2023年年度权益分派实施公告,分配方案实施,2024-05-21,https://data.eastmoney.com/notices/detail/002996/AN202405201633877545.html
603538,美诺华,美诺华:宁波美诺华药业股份有限公司第五届监事会第一次会议决议公告,高管人员任职变动,2024-05-21,https://data.eastmoney.com/notices/detail/603538/AN202405201633877410.html
603538,美诺华,美诺华:宁波美诺华药业股份有限公司2023年年度股东大会决议公告,分配方案决议公告,2024-05-21,https://data.eastmoney.com/notices/detail/603538/AN202405201633877409.html
603538,美诺华,美诺华:上海市广发律师事务所关于宁波美诺华药业股份有限公司2023年年度股东大会的法律意见书,法律意见书,2024-05-21,https://data.eastmoney.com/notices/detail/603538/AN202405201633877411.html
603538,美诺华,美诺华:宁波美诺华药业股份有限公司第五届董事会第一次会议决议公告,高管人员任职变动,2024-05-21,https://data.eastmoney.com/notices/detail/603538/AN202405201633877408.html
601555,东吴证券,东吴证券:国浩律师(上海)事务所关于东吴证券股份有限公司2023年年度股东大会的法律意见书,法律意见书,2024-05-21,https://data.eastmoney.com/notices/detail/601555/AN202405201633877402.html
601555,东吴证券,东吴证券:东吴证券股份有限公司2023年年度股东大会决议公告,分配方案决议公告,2024-05-21,https://data.eastmoney.com/notices/detail/601555/AN202405201633877401.html
600599,退市熊猫,ST熊猫:ST熊猫2023年年度股东大会决议公告,分配方案决议公告,2024-05-21,https://data.eastmoney.com/notices/detail/600599/AN202405201633877400.html
600599,退市熊猫,ST熊猫:湖南联合创业律师事务所关于公司2023年年度股东大会的法律意见书,法律意见书,2024-05-21,https://data.eastmoney.com/notices/detail/600599/AN202405201633877399.html
688369,致远互联,致远互联:北京致远互联软件股份有限公司2024年限制性股票激励计划首次授予激励对象名单(截至首次授予日),股权激励对象名单,2024-05-21,https://data.eastmoney.com/notices/detail/688369/AN202405201633877369.html
688369,致远互联,致远互联:北京致远互联软件股份有限公司关于第三届董事会第十一次会议决议公告,董事会决议公告,2024-05-21,https://data.eastmoney.com/notices/detail/688369/AN202405201633877366.html
688369,致远互联,致远互联:北京市君合律师事务所关于北京致远互联软件股份有限公司2024年限制性股票激励计划首次授予相关事项之法律意见书,法律意见书,2024-05-21,https://data.eastmoney.com/notices/detail/688369/AN202405201633877370.html
688369,致远互联,致远互联:北京致远互联软件股份有限公司关于2024年限制性股票激励计划内幕信息知情人及激励对象买卖公司股票情况的自查报告,自查报告,2024-05-21,https://data.eastmoney.com/notices/detail/688369/AN202405201633877362.html
688369,致远互联,致远互联:北京致远互联软件股份有限公司2023年年度股东大会会议决议公告,其他增发事项公告,2024-05-21,https://data.eastmoney.com/notices/detail/688369/AN202405201633877367.html
688369,致远互联,致远互联:北京致远互联软件股份有限公司监事会关于公司2024年限制性股票激励计划首次授予激励对象名单的核查意见(截至首次授予日),股权激励进展公告,2024-05-21,https://data.eastmoney.com/notices/detail/688369/AN202405201633877365.html
688369,致远互联,致远互联:北京致远互联软件股份有限公司关于向激励对象首次授予限制性股票的公告,股权激励进展公告,2024-05-21,https://data.eastmoney.com/notices/detail/688369/AN202405201633877364.html
688369,致远互联,致远互联:北京市君合律师事务所关于北京致远互联软件股份有限公司2023年年度股东大会的法律意见书,法律意见书,2024-05-21,https://data.eastmoney.com/notices/detail/688369/AN202405201633877363.html
688369,致远互联,致远互联:上海荣正企业咨询服务(集团)股份有限公司关于北京致远互联软件股份有限公司2024年限制性股票激励计划首次授予事项之独立财务顾问报告,股权激励进展公告,2024-05-21,https://data.eastmoney.com/notices/detail/688369/AN202405201633877361.html
688369,致远互联,致远互联:北京致远互联软件股份有限公司关于第三届监事会第十次会议决议公告,监事会决议公告,2024-05-21,https://data.eastmoney.com/notices/detail/688369/AN202405201633877368.html
000969,安泰科技,安泰科技:北京海润天睿律师事务所关于安泰科技股份有限公司2023年度股东大会的法律意见,法律意见书,2024-05-21,https://data.eastmoney.com/notices/detail/000969/AN202405201633877341.html
000969,安泰科技,安泰科技:安泰科技股份有限公司2023年度股东大会决议公告,分配方案决议公告,2024-05-21,https://data.eastmoney.com/notices/detail/000969/AN202405201633877342.html
688058,宝兰德,宝兰德:国浩律师(北京)事务所关于北京宝兰德软件股份有限公司2023年年度股东大会法律意见书,法律意见书,2024-05-21,https://data.eastmoney.com/notices/detail/688058/AN202405201633877100.html
688058,宝兰德,宝兰德:北京宝兰德软件股份有限公司2023年年度股东大会决议公告,其他增发事项公告,2024-05-21,https://data.eastmoney.com/notices/detail/688058/AN202405201633877099.html
300345,华民股份,华民股份:湖南启元律师事务所关于湖南华民控股集团股份有限公司2023年度股东大会的法律意见书,法律意见书,2024-05-21,https://data.eastmoney.com/notices/detail/300345/AN202405201633877282.html
300345,华民股份,华民股份:2023年度股东大会决议公告,其他增发事项公告,2024-05-21,https://data.eastmoney.com/notices/detail/300345/AN202405201633877283.html
300344,立方退,立方数科:北京德和衡律师事务所关于立方数科股份有限公司作废部分已授予尚未归属的第二类限制性股票之法律意见书,法律意见书,2024-05-21,https://data.eastmoney.com/notices/detail/300344/AN202405201633877273.html
300344,立方退,立方数科:立方数科股份有限公司离任董监高持股及减持承诺事项的说明,其他,2024-05-21,https://data.eastmoney.com/notices/detail/300344/AN202405201633877274.html
300344,立方退,立方数科:北京德和衡律师事务所关于立方数科股份有限公司2023年度股东大会的见证法律意见书,法律意见书,2024-05-21,https://data.eastmoney.com/notices/detail/300344/AN202405201633877278.html
300344,立方退,立方数科:关于作废部分已授予尚未归属的第二类限制性股票的公告,股权激励进展公告,2024-05-21,https://data.eastmoney.com/notices/detail/300344/AN202405201633877276.html
300344,立方退,立方数科:第九届监事会第一次会议决议公告,高管人员任职变动,2024-05-21,https://data.eastmoney.com/notices/detail/300344/AN202405201633877275.html
300344,立方退,立方数科:关于补充确认关联交易的公告,关联交易,2024-05-21,https://data.eastmoney.com/notices/detail/300344/AN202405201633877279.html
300344,立方退,立方数科:第九届董事会第一次会议决议公告,高管人员任职变动,2024-05-21,https://data.eastmoney.com/notices/detail/300344/AN202405201633877277.html
300344,立方退,立方数科:2023年度股东大会决议公告,分配方案决议公告,2024-05-21,https://data.eastmoney.com/notices/detail/300344/AN202405201633877281.html
300344,立方退,立方数科:关于召开2024年第二次临时股东大会通知的公告,召开股东大会通知,2024-05-21,https://data.eastmoney.com/notices/detail/300344/AN202405201633877280.html
002955,鸿合科技,鸿合科技:北京市竞天公诚律师事务所关于鸿合科技股份有限公司2023年年度股东大会的法律意见书,法律意见书,2024-05-21,https://data.eastmoney.com/notices/detail/002955/AN202405201633877272.html
002955,鸿合科技,鸿合科技:2023年年度股东大会决议公告,分配方案决议公告,2024-05-21,https://data.eastmoney.com/notices/detail/002955/AN202405201633877271.html
603201,常润股份,常润股份:常熟通润汽车零部件股份有限公司第五届监事会第十二次会议决议公告,监事会决议公告,2024-05-21,https://data.eastmoney.com/notices/detail/603201/AN202405201633877095.html
603201,常润股份,常润股份:常熟通润汽车零部件股份有限公司关于回购注销部分限制性股票通知债权人的公告,通知债权人公告,2024-05-21,https://data.eastmoney.com/notices/detail/603201/AN202405201633877089.html
603201,常润股份,常润股份:常熟通润汽车零部件股份有限公司2023年年度股东大会决议公告,分配方案决议公告,2024-05-21,https://data.eastmoney.com/notices/detail/603201/AN202405201633877092.html
603201,常润股份,常润股份:常熟通润汽车零部件股份有限公司关于回购并注销部分2023年限制性股票激励计划已获授但尚未解锁的限制性股票的公告,回购进展情况,2024-05-21,https://data.eastmoney.com/notices/detail/603201/AN202405201633877087.html
603201,常润股份,常润股份:常熟通润汽车零部件股份有限公司章程,公司章程,2024-05-21,https://data.eastmoney.com/notices/detail/603201/AN202405201633877088.html
603201,常润股份,常润股份:常熟通润汽车零部件股份有限公司关于董事、财务总监辞任暨补选董事、聘任财务总监的公告,高管人员任职变动,2024-05-21,https://data.eastmoney.com/notices/detail/603201/AN202405201633877086.html
603201,常润股份,常润股份:上海市锦天城律师事务所关于常熟通润汽车零部件股份有限公司2023年年度股东大会的法律意见书,法律意见书,2024-05-21,https://data.eastmoney.com/notices/detail/603201/AN202405201633877085.html
603201,常润股份,常润股份:常熟通润汽车零部件股份有限公司关于召开2024年第一次临时股东大会的通知,召开股东大会通知,2024-05-21,https://data.eastmoney.com/notices/detail/603201/AN202405201633877093.html
603201,常润股份,常润股份:常熟通润汽车零部件股份有限公司关于变更公司注册资本及修订《公司章程》并办理工商变更登记的公告,公司注册资本变更,2024-05-21,https://data.eastmoney.com/notices/detail/603201/AN202405201633877090.html
603201,常润股份,常润股份:上海市锦天城律师事务所关于常熟通润汽车零部件股份有限公司关于回购并注销部分2023年限制性股票激励计划已获授但尚未解锁的限制性股票的法律意见书,法律意见书,2024-05-21,https://data.eastmoney.com/notices/detail/603201/AN202405201633877094.html
603201,常润股份,常润股份:常熟通润汽车零部件股份有限公司第五届董事会第十八次会议决议公告,高管人员任职变动,2024-05-21,https://data.eastmoney.com/notices/detail/603201/AN202405201633877091.html
603738,泰晶科技,泰晶科技:泰晶科技股份有限公司关于董事会、监事会完成换届暨聘任高级管理人员、证券事务代表的公告,高管人员任职变动,2024-05-21,https://data.eastmoney.com/notices/detail/603738/AN202405201633877064.html
603738,泰晶科技,泰晶科技:泰晶科技股份有限公司第五届董事会第一次会议决议公告,高管人员任职变动,2024-05-21,https://data.eastmoney.com/notices/detail/603738/AN202405201633877068.html
603738,泰晶科技,泰晶科技:泰晶科技股份有限公司第五届监事会第一次会议决议公告,高管人员任职变动,2024-05-21,https://data.eastmoney.com/notices/detail/603738/AN202405201633877067.html
603738,泰晶科技,泰晶科技:泰晶科技股份有限公司2023年年度股东大会决议公告,分配方案决议公告,2024-05-21,https://data.eastmoney.com/notices/detail/603738/AN202405201633877065.html
603738,泰晶科技,泰晶科技:广东华商律师事务所关于泰晶科技股份有限公司2023年年度股东大会的法律意见书,法律意见书,2024-05-21,https://data.eastmoney.com/notices/detail/603738/AN202405201633877066.html
002099,海翔药业,海翔药业:关于2020年员工持股计划存续期及出售情况的提示性公告,员工持股计划,2024-05-21,https://data.eastmoney.com/notices/detail/002099/AN202405201633877050.html
002433,太安退,*ST太安:广东太安堂药业股份有限公司2023年年度股东大会决议公告,分配方案决议公告,2024-05-21,https://data.eastmoney.com/notices/detail/002433/AN202405201633877054.html
002433,太安退,*ST太安:国浩律师(广州)事务所关于广东太安堂药业股份有限公司2023年年度股东大会法律意见书,法律意见书,2024-05-21,https://data.eastmoney.com/notices/detail/002433/AN202405201633877055.html
002099,海翔药业,海翔药业:海翔药业2023年年度股东大会见证法律意见书,法律意见书,2024-05-21,https://data.eastmoney.com/notices/detail/002099/AN202405201633877053.html
002099,海翔药业,海翔药业:关于为合并报表范围内子公司提供担保的进展公告,提供/对外担保公告,2024-05-21,https://data.eastmoney.com/notices/detail/002099/AN202405201633877052.html
002718,友邦吊顶,友邦吊顶:2023年年度权益分派实施公告,分配方案实施,2024-05-21,https://data.eastmoney.com/notices/detail/002718/AN202405201633877048.html
002196,方正电机,方正电机:方正电机2023年年度股东大会法律意见书,法律意见书,2024-05-21,https://data.eastmoney.com/notices/detail/002196/AN202405201633877059.html
002196,方正电机,方正电机:关于回购注销部分限制性股票减资暨通知债权人的公告,公司注册资本变更,2024-05-21,https://data.eastmoney.com/notices/detail/002196/AN202405201633877056.html
002196,方正电机,方正电机:2023年度股东大会会议决议公告,分配方案决议公告,2024-05-21,https://data.eastmoney.com/notices/detail/002196/AN202405201633877057.html
002196,方正电机,方正电机:关于获得供应商项目定点书的公告,其他,2024-05-21,https://data.eastmoney.com/notices/detail/002196/AN202405201633877058.html
002159,三特索道,三特索道:湖北得伟君尚律师事务所关于武汉三特索道集团股份有限公司2023年度股东大会的法律意见书,法律意见书,2024-05-21,https://data.eastmoney.com/notices/detail/002159/AN202405201633877061.html
002159,三特索道,三特索道:三特索道2023年度股东大会决议公告,分配方案决议公告,2024-05-21,https://data.eastmoney.com/notices/detail/002159/AN202405201633877060.html
002930,宏川智慧,宏川智慧:关于控股股东部分股权解除质押及再质押的公告,股份质押、冻结,2024-05-21,https://data.eastmoney.com/notices/detail/002930/AN202405201633877049.html
002099,海翔药业,海翔药业:2023年年度股东大会决议公告,其他增发事项公告,2024-05-21,https://data.eastmoney.com/notices/detail/002099/AN202405201633877051.html
600120,浙江东方,浙江东方:浙江天册律师事务所关于浙江东方金融控股集团股份有限公司2023年年度股东大会的法律意见书,法律意见书,2024-05-21,https://data.eastmoney.com/notices/detail/600120/AN202405201633876997.html
601009,南京银行,南京银行:南京银行股份有限公司2023年年度股东大会决议公告,分配方案决议公告,2024-05-21,https://data.eastmoney.com/notices/detail/601009/AN202405201633876999.html
600120,浙江东方,浙江东方:浙江东方金融控股集团股份有限公司2023年年度股东大会决议公告,分配方案决议公告,2024-05-21,https://data.eastmoney.com/notices/detail/600120/AN202405201633876996.html
601009,南京银行,南京银行:关于南京银行股份有限公司2023年度股东大会的法律意见书,法律意见书,2024-05-21,https://data.eastmoney.com/notices/detail/601009/AN202405201633876998.html
600120,浙江东方,浙江东方:浙江东方金融控股集团股份有限公司九届监事会第二十五次会议决议公告,高管人员任职变动,2024-05-21,https://data.eastmoney.com/notices/detail/600120/AN202405201633876995.html
600436,片仔癀,片仔癀:泰和泰(北京)律师事务所关于漳州片仔癀药业股份有限公司2023年年度股东大会法律意见书,法律意见书,2024-05-21,https://data.eastmoney.com/notices/detail/600436/AN202405201633876812.html
601860,紫金银行,紫金银行:江苏紫金农村商业银行股份有限公司2023年年度股东大会决议公告,分配方案决议公告,2024-05-21,https://data.eastmoney.com/notices/detail/601860/AN202405201633876813.html
600436,片仔癀,片仔癀:漳州片仔癀药业股份有限公司第七届董事会第二十次会议决议公告,高管人员任职变动,2024-05-21,https://data.eastmoney.com/notices/detail/600436/AN202405201633876811.html
600436,片仔癀,片仔癀:漳州片仔癀药业股份有限公司2023年年度股东大会决议公告,分配方案决议公告,2024-05-21,https://data.eastmoney.com/notices/detail/600436/AN202405201633876815.html
601860,紫金银行,紫金银行:江苏紫金农村商业银行股份有限公司2023年年度股东大会法律意见书,法律意见书,2024-05-21,https://data.eastmoney.com/notices/detail/601860/AN202405201633876814.html
000601,韶能股份,韶能股份:广东韶能集团股份有限公司关于持股5%以上股东协议转让公司股份过户完成暨质押的公告,股份质押、冻结,2024-05-21,https://data.eastmoney.com/notices/detail/000601/AN202405201633876807.html
600537,*ST亿晶,亿晶光电:亿晶光电科技股份有限公司2023年年度股东大会决议公告,分配方案决议公告,2024-05-21,https://data.eastmoney.com/notices/detail/600537/AN202405201633876799.html
600537,*ST亿晶,亿晶光电:北京市中伦(深圳)律师事务所关于亿晶光电科技股份有限公司2023年年度股东大会的法律意见书,法律意见书,2024-05-21,https://data.eastmoney.com/notices/detail/600537/AN202405201633876800.html
002514,*ST宝馨,宝馨科技:2023年度股东大会决议公告,分配方案决议公告,2024-05-21,https://data.eastmoney.com/notices/detail/002514/AN202405201633876810.html
002514,*ST宝馨,宝馨科技:泰和泰(南京)律师事务所关于江苏宝馨科技股份有限公司2023年度股东大会的法律意见书,法律意见书,2024-05-21,https://data.eastmoney.com/notices/detail/002514/AN202405201633876809.html
002514,*ST宝馨,宝馨科技:关于选举第六届监事会职工代表监事的公告,高管人员任职变动,2024-05-21,https://data.eastmoney.com/notices/detail/002514/AN202405201633876808.html
002235,安妮股份,安妮股份:北京盈科(厦门)律师事务所关于厦门安妮股份有限公司2023年年度股东大会的法律意见书,法律意见书,2024-05-21,https://data.eastmoney.com/notices/detail/002235/AN202405201633876770.html
002235,安妮股份,安妮股份:厦门安妮股份有限公司2023年年度股东大会决议公告,分配方案决议公告,2024-05-21,https://data.eastmoney.com/notices/detail/002235/AN202405201633876769.html
002709,天赐材料,天赐材料:国投证券股份有限公司关于广州天赐高新材料股份有限公司可转换公司债券转股价格调整的临时受托管理事务报告(2024年度第二次),其他,2024-05-21,https://data.eastmoney.com/notices/detail/002709/AN202405201633876768.html
603099,长白山,长白山:长白山旅游股份有限公司第四届监事会第二十三次会议决议公告,监事会决议公告,2024-05-21,https://data.eastmoney.com/notices/detail/603099/AN202405201633876654.html
603989,艾华集团,艾华集团:湖南艾华集团股份有限公司2023年年度股东大会决议公告,分配方案决议公告,2024-05-21,https://data.eastmoney.com/notices/detail/603989/AN202405201633876655.html
603099,长白山,长白山:长白山旅游股份有限公司关于调整公司向特定对象发行A股股票方案的公告,增发预案,2024-05-21,https://data.eastmoney.com/notices/detail/603099/AN202405201633876764.html
603322,超讯科技,超讯通信:2023年年度股东大会决议公告,分配方案决议公告,2024-05-21,https://data.eastmoney.com/notices/detail/603322/AN202405201633876762.html
600193,退市创兴,创兴资源:北京市中伦(上海)律师事务所关于上海创兴资源开发股份有限公司2023年年度股东大会的法律意见书,法律意见书,2024-05-21,https://data.eastmoney.com/notices/detail/600193/AN202405201633876652.html
603322,超讯科技,超讯通信:公司章程(2024年5月修订),公司章程修订,2024-05-21,https://data.eastmoney.com/notices/detail/603322/AN202405201633876758.html
603322,超讯科技,超讯通信:关于注销股票通知债权人的公告,通知债权人公告,2024-05-21,https://data.eastmoney.com/notices/detail/603322/AN202405201633876761.html
603099,长白山,长白山:长白山旅游股份有限公司向特定对象发行A股股票方案论证分析报告(修订稿),其他,2024-05-21,https://data.eastmoney.com/notices/detail/603099/AN202405201633876647.html
600193,退市创兴,创兴资源:上海创兴资源开发股份有限公司2023年年度股东大会决议公告,分配方案决议公告,2024-05-21,https://data.eastmoney.com/notices/detail/600193/AN202405201633876759.html
603099,长白山,长白山:长白山旅游股份有限公司向特定对象发行A股股票预案(修订稿),增发方案修订,2024-05-21,https://data.eastmoney.com/notices/detail/603099/AN202405201633876651.html
603099,长白山,长白山:长白山旅游股份有限公司第四届董事会第二十三次会议决议公告,其他增发事项公告,2024-05-21,https://data.eastmoney.com/notices/detail/603099/AN202405201633876650.html
603099,长白山,长白山:长白山旅游股份有限公司向特定对象发行A股股票摊薄即期回报的风险提示及填补回报措施和相关主体承诺的公告(修订稿),其他,2024-05-21,https://data.eastmoney.com/notices/detail/603099/AN202405201633876648.html
603099,长白山,长白山:长白山旅游股份有限公司关于参加网上集体业绩说明会的公告,其他,2024-05-21,https://data.eastmoney.com/notices/detail/603099/AN202405201633876653.html
603099,长白山,长白山:长白山旅游股份有限公司独立董事关于公司第四届董事会第二十三次会议相关事项的事前认可意见,专项说明/独立意见,2024-05-21,https://data.eastmoney.com/notices/detail/603099/AN202405201633876765.html
603099,长白山,长白山:长白山旅游股份有限公司独立董事关于第四届董事会第二十三次会议相关事项的独立意见,专项说明/独立意见,2024-05-21,https://data.eastmoney.com/notices/detail/603099/AN202405201633876763.html
603099,长白山,长白山:监事会关于公司调减向特定对象发行股票募集资金总额及相关事项的书面审核意见,专项说明/独立意见,2024-05-21,https://data.eastmoney.com/notices/detail/603099/AN202405201633876757.html
603322,超讯科技,超讯通信:2023年年度股东大会法律意见书,法律意见书,2024-05-21,https://data.eastmoney.com/notices/detail/603322/AN202405201633876649.html
603099,长白山,长白山:长白山旅游股份有限公司向特定对象发行A股股票预案等材料修订情况说明的公告,其他,2024-05-21,https://data.eastmoney.com/notices/detail/603099/AN202405201633876656.html
603099,长白山,长白山:长白山旅游股份有限公司向特定对象发行A股股票募集资金使用可行性分析报告(修订稿),其他,2024-05-21,https://data.eastmoney.com/notices/detail/603099/AN202405201633876760.html
603989,艾华集团,艾华集团:湖南启元律师事务所关于湖南艾华集团股份有限公司2023年年度股东大会的法律意见书,法律意见书,2024-05-21,https://data.eastmoney.com/notices/detail/603989/AN202405201633876766.html
301062,上海艾录,上海艾录:关于董事、高级管理人员减持股份预披露公告,高管人员持股变动,2024-05-21,https://data.eastmoney.com/notices/detail/301062/AN202405201633876767.html
600887,伊利股份,伊利股份:北京天驰君泰律师事务所关于内蒙古伊利实业集团股份有限公司2023年年度股东大会的法律意见书,法律意见书,2024-05-21,https://data.eastmoney.com/notices/detail/600887/AN202405201633876597.html
600887,伊利股份,伊利股份:内蒙古伊利实业集团股份有限公司关于回购股份减少注册资本通知债权人的公告,公司注册资本变更,2024-05-21,https://data.eastmoney.com/notices/detail/600887/AN202405201633876601.html
600887,伊利股份,伊利股份:内蒙古伊利实业集团股份有限公司章程(2024年5月修订),公司章程修订,2024-05-21,https://data.eastmoney.com/notices/detail/600887/AN202405201633876600.html
600887,伊利股份,伊利股份:内蒙古伊利实业集团股份有限公司2023年年度股东大会决议公告,分配方案决议公告,2024-05-21,https://data.eastmoney.com/notices/detail/600887/AN202405201633876598.html
600887,伊利股份,伊利股份:内蒙古伊利实业集团股份有限公司关于以集中竞价交易方式回购公司股份的回购报告书,回购报告书,2024-05-21,https://data.eastmoney.com/notices/detail/600887/AN202405201633876599.html
603105,芯能科技,芯能科技:浙江芯能光伏科技股份有限公司关于控股股东、实际控制人及其一致行动人之间内部转让股份计划公告,股权转让,2024-05-21,https://data.eastmoney.com/notices/detail/603105/AN202405201633876596.html
688700,东威科技,东威科技:2023年年度股东大会决议公告,分配方案决议公告,2024-05-21,https://data.eastmoney.com/notices/detail/688700/AN202405201633876595.html
688700,东威科技,东威科技:2023年年度股东大会法律意见书,法律意见书,2024-05-21,https://data.eastmoney.com/notices/detail/688700/AN202405201633876594.html
603990,麦迪科技,麦迪科技:上海汉盛律师事务所关于苏州麦迪斯顿医疗科技股份有限公司2023年度股东大会的法律意见书,法律意见书,2024-05-21,https://data.eastmoney.com/notices/detail/603990/AN202405201633876557.html
603990,麦迪科技,麦迪科技:麦迪科技2023年年度股东大会决议公告,其他增发事项公告,2024-05-21,https://data.eastmoney.com/notices/detail/603990/AN202405201633876558.html
002810,山东赫达,山东赫达:北京市齐致(济南)律师事务所关于山东赫达集团股份有限公司2023年度股东大会的法律意见书,法律意见书,2024-05-21,https://data.eastmoney.com/notices/detail/002810/AN202405201633876603.html
002810,山东赫达,山东赫达:2024-034公告:关于公司2023年度股东大会决议的公告,分配方案决议公告,2024-05-21,https://data.eastmoney.com/notices/detail/002810/AN202405201633876568.html
002723,小崧股份,小崧股份:北京国枫律师事务所关于广东小崧科技股份有限公司2023年年度股东大会的法律意见书,法律意见书,2024-05-21,https://data.eastmoney.com/notices/detail/002723/AN202405201633876567.html
002723,小崧股份,小崧股份:2023年年度股东大会决议的公告,分配方案决议公告,2024-05-21,https://data.eastmoney.com/notices/detail/002723/AN202405201633876566.html
000951,中国重汽,中国重汽:公司2023年年度权益分派实施公告,分配方案实施,2024-05-21,https://data.eastmoney.com/notices/detail/000951/AN202405201633876565.html
000010,*ST美丽,美丽生态:北京市君泽君(深圳)律师事务所关于深圳美丽生态股份有限公司2023年年度股东大会的法律意见书,法律意见书,2024-05-21,https://data.eastmoney.com/notices/detail/000010/AN202405201633876602.html
000010,*ST美丽,美丽生态:2023年年度股东大会决议公告,分配方案决议公告,2024-05-21,https://data.eastmoney.com/notices/detail/000010/AN202405201633876564.html
002959,小熊电器,小熊电器:关于实施权益分派期间小熊转债暂停转股的公告,其他,2024-05-21,https://data.eastmoney.com/notices/detail/002959/AN202405201633876524.html
002921,联诚精密,联诚精密:关于回购股份期限届满暨回购方案实施完成的公告,回购实施公告,2024-05-21,https://data.eastmoney.com/notices/detail/002921/AN202405201633876523.html
002513,蓝丰生化,蓝丰生化:关于控股子公司获得政府补助的公告,获得补贴（资助）,2024-05-21,https://data.eastmoney.com/notices/detail/002513/AN202405201633876548.html
002513,蓝丰生化,蓝丰生化:关于子公司对外投资的公告,对外项目投资,2024-05-21,https://data.eastmoney.com/notices/detail/002513/AN202405201633876546.html
002513,蓝丰生化,蓝丰生化:第七届董事会第十三次会议决议公告,董事会决议公告,2024-05-21,https://data.eastmoney.com/notices/detail/002513/AN202405201633876547.html
002289,宇顺电子,ST宇顺:北京观韬中茂(上海)律师事务所关于深圳市宇顺电子股份有限公司2023年度股东大会的法律意见书,法律意见书,2024-05-21,https://data.eastmoney.com/notices/detail/002289/AN202405201633876528.html
002289,宇顺电子,ST宇顺:2023年度股东大会决议公告,分配方案决议公告,2024-05-21,https://data.eastmoney.com/notices/detail/002289/AN202405201633876527.html
002247,聚力文化,聚力文化:天健会计师事务所问询函专项说明,专项说明/独立意见,2024-05-21,https://data.eastmoney.com/notices/detail/002247/AN202405201633876545.html
002247,聚力文化,聚力文化:关于与北京腾讯签订执行和解协议的公告,签订协议,2024-05-21,https://data.eastmoney.com/notices/detail/002247/AN202405201633876543.html
002247,聚力文化,聚力文化:关于深圳证券交易所2023年年报问询函的回复公告,回复问询函公告,2024-05-21,https://data.eastmoney.com/notices/detail/002247/AN202405201633876544.html
002169,智光电气,智光电气:北京市康达(广州)律师事务所关于广州智光电气股份有限公司2023年年度股东大会法律意见书,法律意见书,2024-05-21,https://data.eastmoney.com/notices/detail/002169/AN202405201633876530.html
002169,智光电气,智光电气:广州智光电气股份有限公司2023年年度股东大会决议公告,分配方案决议公告,2024-05-21,https://data.eastmoney.com/notices/detail/002169/AN202405201633876529.html
001389,广合科技,广合科技:2023年年度股东大会法律意见书,法律意见书,2024-05-21,https://data.eastmoney.com/notices/detail/001389/AN202405201633876526.html
001389,广合科技,广合科技:2023年年度股东大会决议公告,分配方案决议公告,2024-05-21,https://data.eastmoney.com/notices/detail/001389/AN202405201633876525.html
000669,ST金鸿,ST金鸿:关于参加网上集体业绩说明会的公告,其他,2024-05-21,https://data.eastmoney.com/notices/detail/000669/AN202405201633876541.html
000669,ST金鸿,ST金鸿:关于出售公司资产的公告,收购出售资产/股权,2024-05-21,https://data.eastmoney.com/notices/detail/000669/AN202405201633876540.html
000669,ST金鸿,ST金鸿:第十届董事会2024年第次四会议决议公告,董事会决议公告,2024-05-21,https://data.eastmoney.com/notices/detail/000669/AN202405201633876542.html
600983,惠而浦,惠而浦:惠而浦关于董事会、监事会完成换届选举暨聘任高级管理人员、董事会秘书、证券事务代表的公告,高管人员任职变动,2024-05-21,https://data.eastmoney.com/notices/detail/600983/AN202405201633876503.html
600983,惠而浦,惠而浦:惠而浦第九届董事会第一次会议决议公告,高管人员任职变动,2024-05-21,https://data.eastmoney.com/notices/detail/600983/AN202405201633876505.html
600983,惠而浦,惠而浦:惠而浦第九届监事会第一次会议决议公告,高管人员任职变动,2024-05-21,https://data.eastmoney.com/notices/detail/600983/AN202405201633876501.html
600663,陆家嘴,陆家嘴:上海市锦天城律师事务所关于上海陆家嘴金融贸易区开发股份有限公司2023年年度股东大会的法律意见书,法律意见书,2024-05-21,https://data.eastmoney.com/notices/detail/600663/AN202405201633876507.html
600663,陆家嘴,陆家嘴:2023年年度股东大会决议公告,分配方案决议公告,2024-05-21,https://data.eastmoney.com/notices/detail/600663/AN202405201633876509.html
600663,陆家嘴,陆家嘴:第十届董事会第一次会议决议公告,高管人员任职变动,2024-05-21,https://data.eastmoney.com/notices/detail/600663/AN202405201633876502.html
600663,陆家嘴,陆家嘴:关于职工监事换届选举的公告,高管人员任职变动,2024-05-21,https://data.eastmoney.com/notices/detail/600663/AN202405201633876504.html
600983,惠而浦,惠而浦:惠而浦2023年年度股东大会决议公告,分配方案决议公告,2024-05-21,https://data.eastmoney.com/notices/detail/600983/AN202405201633876506.html
600663,陆家嘴,陆家嘴:第十届监事会第一次会议决议公告,高管人员任职变动,2024-05-21,https://data.eastmoney.com/notices/detail/600663/AN202405201633876510.html
600983,惠而浦,惠而浦:安徽天禾律师事务所关于惠而浦(中国)股份有限公司2023年年度股东大会之法律意见书,法律意见书,2024-05-21,https://data.eastmoney.com/notices/detail/600983/AN202405201633876508.html
601238,广汽集团,广汽集团:北京市天元律师事务所关于广汽集团2023年年度股东大会及2024年第一次A、H股类别股东会的法律意见,法律意见书,2024-05-21,https://data.eastmoney.com/notices/detail/601238/AN202405201633876462.html
601238,广汽集团,广汽集团:广汽集团关于回购注销H股股份并减少注册资本通知债权人的公告,公司注册资本变更,2024-05-21,https://data.eastmoney.com/notices/detail/601238/AN202405201633876465.html
601238,广汽集团,广汽集团:广汽集团2023年年度股东大会及2024年第一次A、H股类别股东会决议公告,分配方案决议公告,2024-05-21,https://data.eastmoney.com/notices/detail/601238/AN202405201633876464.html
002040,南京港,南京港:江苏泰和律师事务所关于南京港股份有限公司2023年年度股东大会的法律意见书,法律意见书,2024-05-21,https://data.eastmoney.com/notices/detail/002040/AN202405201633876492.html
600015,华夏银行,华夏银行:北京天达共和律师事务所关于华夏银行2023年年度股东大会的法律意见书,法律意见书,2024-05-21,https://data.eastmoney.com/notices/detail/600015/AN202405201633876463.html
600015,华夏银行,华夏银行:华夏银行2023年年度股东大会决议公告,分配方案决议公告,2024-05-21,https://data.eastmoney.com/notices/detail/600015/AN202405201633876461.html
600015,华夏银行,华夏银行:华夏银行董事津贴制度(2024年5月20日2023年年度股东大会审议通过),管理办法/制度,2024-05-21,https://data.eastmoney.com/notices/detail/600015/AN202405201633876466.html
600015,华夏银行,华夏银行:华夏银行监事津贴制度(2024年5月20日2023年年度股东大会审议通过),管理办法/制度,2024-05-21,https://data.eastmoney.com/notices/detail/600015/AN202405201633876460.html
688184,ST帕瓦,帕瓦股份:浙江浙经律师事务所关于浙江帕瓦新能源股份有限公司2023年年度股东大会之法律意见书,法律意见书,2024-05-21,https://data.eastmoney.com/notices/detail/688184/AN202405201633876355.html
688188,柏楚电子,柏楚电子:上海柏楚电子科技股份有限公司章程(2024年5月),公司章程,2024-05-21,https://data.eastmoney.com/notices/detail/688188/AN202405201633876356.html
688184,ST帕瓦,帕瓦股份:浙江帕瓦新能源股份有限公司2023年年度股东大会决议公告,其他增发事项公告,2024-05-21,https://data.eastmoney.com/notices/detail/688184/AN202405201633876458.html
688188,柏楚电子,柏楚电子:关于修订《公司章程》并办理工商变更登记的公告,公司章程修订,2024-05-21,https://data.eastmoney.com/notices/detail/688188/AN202405201633876457.html
002689,ST远智,远大智能:2023年度股东大会的法律意见书,法律意见书,2024-05-21,https://data.eastmoney.com/notices/detail/002689/AN202405201633876494.html
002689,ST远智,远大智能:2023年度股东大会决议公告,分配方案决议公告,2024-05-21,https://data.eastmoney.com/notices/detail/002689/AN202405201633876493.html
002475,立讯精密,立讯精密:2023年可持续发展报告(英文版),其他,2024-05-21,https://data.eastmoney.com/notices/detail/002475/AN202405201633876496.html
002475,立讯精密,立讯精密:2023年年度报告(英文版),年度报告全文（英文）,2024-05-21,https://data.eastmoney.com/notices/detail/002475/AN202405201633876495.html
002040,南京港,南京港:南京港股份有限公司2023年度股东大会决议公告,分配方案决议公告,2024-05-21,https://data.eastmoney.com/notices/detail/002040/AN202405201633876491.html
000670,盈方微,盈方微:北京市天元律师事务所关于盈方微电子股份有限公司2023年年度股东大会的法律意见,法律意见书,2024-05-21,https://data.eastmoney.com/notices/detail/000670/AN202405201633876490.html
000670,盈方微,盈方微:2023年年度股东大会决议公告,分配方案决议公告,2024-05-21,https://data.eastmoney.com/notices/detail/000670/AN202405201633876489.html
603816,顾家家居,顾家家居:顾家家居2023年年度股东大会决议公告,分配方案决议公告,2024-05-21,https://data.eastmoney.com/notices/detail/603816/AN202405201633876336.html
603816,顾家家居,顾家家居:顾家家居股份有限公司章程(2024年5月修订),公司章程修订,2024-05-21,https://data.eastmoney.com/notices/detail/603816/AN202405201633876337.html
603816,顾家家居,顾家家居:关于召开2024年第二次临时股东大会的通知,召开股东大会通知,2024-05-21,https://data.eastmoney.com/notices/detail/603816/AN202405201633876338.html
603816,顾家家居,顾家家居:顾家家居第五届董事会第三次会议决议公告,董事会决议公告,2024-05-21,https://data.eastmoney.com/notices/detail/603816/AN202405201633876339.html
603816,顾家家居,顾家家居:关于修订《公司章程》的公告,公司章程修订,2024-05-21,https://data.eastmoney.com/notices/detail/603816/AN202405201633876334.html
603816,顾家家居,顾家家居:国浩律师(杭州)事务所关于顾家家居股份有限公司2023年年度股东大会的法律意见书,法律意见书,2024-05-21,https://data.eastmoney.com/notices/detail/603816/AN202405201633876335.html
688623,双元科技,双元科技:浙江天册律师事务所关于浙江双元科技股份有限公司2023年年度股东大会的法律意见书,法律意见书,2024-05-21,https://data.eastmoney.com/notices/detail/688623/AN202405201633876273.html
688623,双元科技,双元科技:2023年年度股东大会决议公告,分配方案决议公告,2024-05-21,https://data.eastmoney.com/notices/detail/688623/AN202405201633876272.html
600643,爱建集团,爱建集团:爱建集团关于注销前次回购股份减少注册资本暨通知债权人的公告,公司注册资本变更,2024-05-21,https://data.eastmoney.com/notices/detail/600643/AN202405201633876265.html
600753,ST海钦,庚星股份:庚星股份2023年年度股东大会决议公告,分配方案决议公告,2024-05-21,https://data.eastmoney.com/notices/detail/600753/AN202405201633876268.html
600753,ST海钦,庚星股份:庚星股份2023年年度股东大会法律意见书,法律意见书,2024-05-21,https://data.eastmoney.com/notices/detail/600753/AN202405201633876270.html
600643,爱建集团,爱建集团:上海爱建集团股份有限公司收购报告书摘要,要约收购报告书摘要,2024-05-21,https://data.eastmoney.com/notices/detail/600643/AN202405201633876263.html
600643,爱建集团,爱建集团:爱建集团2023年年度股东大会法律意见书,法律意见书,2024-05-21,https://data.eastmoney.com/notices/detail/600643/AN202405201633876264.html
603358,华达科技,华达科技:华达汽车科技股份有限公司2023年年度股东大会决议公告,分配方案决议公告,2024-05-21,https://data.eastmoney.com/notices/detail/603358/AN202405201633876267.html
600643,爱建集团,爱建集团:爱建集团关于控股股东免于要约收购的提示性公告,其他,2024-05-21,https://data.eastmoney.com/notices/detail/600643/AN202405201633876269.html
600643,爱建集团,爱建集团:爱建集团2023年年度股东大会决议公告,分配方案决议公告,2024-05-21,https://data.eastmoney.com/notices/detail/600643/AN202405201633876266.html
603358,华达科技,华达科技:关于华达汽车科技股份有限公司2023年年度股东大会之法律意见书,法律意见书,2024-05-21,https://data.eastmoney.com/notices/detail/603358/AN202405201633876271.html
002341,ST新纶,ST新纶:2024-029关于公司股票交易严重异常波动的公告,股票交易异常波动,2024-05-21,https://data.eastmoney.com/notices/detail/002341/AN202405201633876247.html
003025,思进智能,思进智能:2023年年度股东大会决议公告,其他增发事项公告,2024-05-21,https://data.eastmoney.com/notices/detail/003025/AN202405201633876243.html
000698,ST沈化,沈阳化工:沈阳化工股份有限公司关于召开公司2023年年度股东大会的提示性公告,召开股东大会提示性公告,2024-05-21,https://data.eastmoney.com/notices/detail/000698/AN202405201633876246.html
003025,思进智能,思进智能:上海市锦天城律师事务所关于思进智能成形装备股份有限公司2023年年度股东大会的法律意见书,法律意见书,2024-05-21,https://data.eastmoney.com/notices/detail/003025/AN202405201633876244.html
300774,倍杰特,倍杰特:中信建投证券股份有限公司关于倍杰特集团股份有限公司2023年度持续督导跟踪报告,保荐/核查意见,2024-05-21,https://data.eastmoney.com/notices/detail/300774/AN202405201633876245.html
003025,思进智能,思进智能:关于深圳证券交易所同意公司撤回向不特定对象发行可转换公司债券申请文件的公告,其他,2024-05-21,https://data.eastmoney.com/notices/detail/003025/AN202405201633876242.html
603228,景旺电子,景旺电子:北京观韬中茂(深圳)律师事务所关于深圳市景旺电子股份有限公司2023年年度股东大会的法律意见书,法律意见书,2024-05-21,https://data.eastmoney.com/notices/detail/603228/AN202405201633876226.html
603228,景旺电子,景旺电子:景旺电子关于2024年股票期权与限制性股票激励计划内幕信息知情人买卖公司股票情况的自查报告,自查报告,2024-05-21,https://data.eastmoney.com/notices/detail/603228/AN202405201633876224.html
603228,景旺电子,景旺电子:景旺电子2023年年度股东大会决议公告,分配方案决议公告,2024-05-21,https://data.eastmoney.com/notices/detail/603228/AN202405201633876225.html
601615,明阳智能,明阳智能:关于向子公司提供担保的公告,提供/对外担保公告,2024-05-21,https://data.eastmoney.com/notices/detail/601615/AN202405201633876169.html
688455,科捷智能,科捷智能:关于完成董事会、监事会换届选举及聘任高级管理人员、证券事务代表、内审部负责人的公告,高管人员任职变动,2024-05-21,https://data.eastmoney.com/notices/detail/688455/AN202405201633876149.html
688455,科捷智能,科捷智能:2023年年度股东大会决议公告,其他增发事项公告,2024-05-21,https://data.eastmoney.com/notices/detail/688455/AN202405201633876152.html
688455,科捷智能,科捷智能:第二届监事会第一次会议决议公告,高管人员任职变动,2024-05-21,https://data.eastmoney.com/notices/detail/688455/AN202405201633876147.html
688455,科捷智能,科捷智能:2023年年度股东大会法律意见书,法律意见书,2024-05-21,https://data.eastmoney.com/notices/detail/688455/AN202405201633876148.html
688455,科捷智能,科捷智能:关于核心技术人员职务调整暨新增认定核心技术人员的公告,高管人员任职变动,2024-05-21,https://data.eastmoney.com/notices/detail/688455/AN202405201633876150.html
688455,科捷智能,科捷智能:国泰君安证券股份有限公司关于科捷智能科技股份有限公司核心技术人员职务调整暨新增认定核心技术人员的核查意见,保荐/核查意见,2024-05-21,https://data.eastmoney.com/notices/detail/688455/AN202405201633876151.html
002490,山东墨龙,ST墨龙:第七届董事会第十三次临时会议决议公告,董事会决议公告,2024-05-21,https://data.eastmoney.com/notices/detail/002490/AN202405201633875950.html
002490,山东墨龙,ST墨龙:关于拟出售资产的提示性公告,收购出售资产/股权,2024-05-21,https://data.eastmoney.com/notices/detail/002490/AN202405201633875949.html
002688,金河生物,金河生物:关于公司2023年度股东大会决议的公告,其他增发事项公告,2024-05-21,https://data.eastmoney.com/notices/detail/002688/AN202405201633875956.html
002197,证通电子,ST证通:股票交易异常波动及严重异常波动公告,股票交易异常波动,2024-05-21,https://data.eastmoney.com/notices/detail/002197/AN202405201633875951.html
002157,正邦科技,*ST正邦:2023年年度股东大会决议公告,分配方案决议公告,2024-05-21,https://data.eastmoney.com/notices/detail/002157/AN202405201633875952.html
002688,金河生物,金河生物:关于金河生物科技股份有限公司二零二三年年度股东大会的法律意见书-现场登记,法律意见书,2024-05-21,https://data.eastmoney.com/notices/detail/002688/AN202405201633876057.html
002688,金河生物,金河生物:关于回购注销部分限制性股票减少注册资本暨通知债权人的公告,公司注册资本变更,2024-05-21,https://data.eastmoney.com/notices/detail/002688/AN202405201633875955.html
000829,天音控股,天音控股:2023年度股东大会决议公告,分配方案决议公告,2024-05-21,https://data.eastmoney.com/notices/detail/000829/AN202405201633876060.html
000928,中钢国际,中钢国际:2023年年度股东大会决议公告,分配方案决议公告,2024-05-21,https://data.eastmoney.com/notices/detail/000928/AN202405201633876058.html
002157,正邦科技,*ST正邦:上海市方达律师事务所关于江西正邦科技股份有限公司2023年年度股东大会的法律意见书,法律意见书,2024-05-21,https://data.eastmoney.com/notices/detail/002157/AN202405201633875953.html
000829,天音控股,天音控股:北京大成律师事务所关于天音通信控股股份有限公司2023年度股东大会的法律意见书,法律意见书,2024-05-21,https://data.eastmoney.com/notices/detail/000829/AN202405201633876061.html
002157,正邦科技,*ST正邦:江西正邦科技股份有限公司2024年员工持股计划,员工持股计划,2024-05-21,https://data.eastmoney.com/notices/detail/002157/AN202405201633875954.html
000928,中钢国际,中钢国际:北京市嘉源律师事务所关于中钢国际工程技术股份有限公司2023年年度股东大会的法律意见书,法律意见书,2024-05-21,https://data.eastmoney.com/notices/detail/000928/AN202405201633876059.html
600480,凌云股份,凌云股份:凌云股份关于收购控股子公司股权的公告,收购出售资产/股权,2024-05-21,https://data.eastmoney.com/notices/detail/600480/AN202405201633875933.html
600480,凌云股份,凌云股份:凌云股份第八届监事会第十四次会议决议公告,监事会决议公告,2024-05-21,https://data.eastmoney.com/notices/detail/600480/AN202405201633875932.html
600480,凌云股份,凌云股份:凌云股份第八届董事会第十八次会议决议公告,董事会决议公告,2024-05-21,https://data.eastmoney.com/notices/detail/600480/AN202405201633875935.html
600480,凌云股份,凌云股份:凌云股份关于2022年限制性股票激励计划第一个解锁期公司业绩考核目标达成的公告,其他,2024-05-21,https://data.eastmoney.com/notices/detail/600480/AN202405201633875936.html
600480,凌云股份,凌云股份:北京市康达律师事务所关于凌云股份2022年限制性股票激励计划第一个解除限售期公司业绩考核目标达成的之法律意见书,法律意见书,2024-05-21,https://data.eastmoney.com/notices/detail/600480/AN202405201633875934.html
688337,普源精电,普源精电:普源精电科技股份有限公司关于调整2023年度利润分配方案每股分配金额的公告,分配方案调整,2024-05-21,https://data.eastmoney.com/notices/detail/688337/AN202405201633875927.html
002232,启明信息,启明信息:关于收到控股股东《调整启明公司管理关系的通知》的提示性公告,其他,2024-05-21,https://data.eastmoney.com/notices/detail/002232/AN202405201633875906.html
000779,甘咨询,甘咨询:甘肃工程咨询集团股份有限公司关于变更持续督导保荐代表人的公告,保荐代表人（机构）变更,2024-05-21,https://data.eastmoney.com/notices/detail/000779/AN202405201633875905.html
301037,保立佳,保立佳:关于公司副总经理、财务总监辞职暨聘任财务总监的公告,高管人员任职变动,2024-05-21,https://data.eastmoney.com/notices/detail/301037/AN202405201633875908.html
301037,保立佳,保立佳:董事会决议公告,高管人员任职变动,2024-05-21,https://data.eastmoney.com/notices/detail/301037/AN202405201633875907.html
603608,天创时尚,*ST天创:关于第四届董事会第二十三次会议决议公告,高管人员任职变动,2024-05-21,https://data.eastmoney.com/notices/detail/603608/AN202405201633875854.html
603608,天创时尚,*ST天创:独立董事候选人声明(周婷),独立董事候选人声明,2024-05-21,https://data.eastmoney.com/notices/detail/603608/AN202405201633875852.html
603608,天创时尚,*ST天创:关于职工代表监事换届选举的公告,高管人员任职变动,2024-05-21,https://data.eastmoney.com/notices/detail/603608/AN202405201633875848.html
603608,天创时尚,*ST天创:独立董事候选人声明(王朝曦),独立董事候选人声明,2024-05-21,https://data.eastmoney.com/notices/detail/603608/AN202405201633875853.html
603608,天创时尚,*ST天创:关联交易管理制度(2024年5月修订),管理办法/制度,2024-05-21,https://data.eastmoney.com/notices/detail/603608/AN202405201633875850.html
603608,天创时尚,*ST天创:关于召开2023年年度股东大会的通知,召开股东大会通知,2024-05-21,https://data.eastmoney.com/notices/detail/603608/AN202405201633875856.html
603608,天创时尚,*ST天创:独立董事提名人声明(王朝曦),独立董事提名人声明,2024-05-21,https://data.eastmoney.com/notices/detail/603608/AN202405201633875846.html
603608,天创时尚,*ST天创:独立董事候选人声明(盛建明),独立董事候选人声明,2024-05-21,https://data.eastmoney.com/notices/detail/603608/AN202405201633875851.html
603608,天创时尚,*ST天创:独立董事提名人声明(周婷),独立董事提名人声明,2024-05-21,https://data.eastmoney.com/notices/detail/603608/AN202405201633875855.html
603608,天创时尚,*ST天创:对外担保管理制度(2024年5月修订),管理办法/制度,2024-05-21,https://data.eastmoney.com/notices/detail/603608/AN202405201633875845.html
603608,天创时尚,*ST天创:独立董事提名人声明(盛建明),独立董事提名人声明,2024-05-21,https://data.eastmoney.com/notices/detail/603608/AN202405201633875849.html
603608,天创时尚,*ST天创:关于第四届监事会第十九次会议决议公告,高管人员任职变动,2024-05-21,https://data.eastmoney.com/notices/detail/603608/AN202405201633875847.html
603096,新经典,新经典:新经典关于股份回购实施结果暨股份变动的公告.docx,股本变动,2024-05-21,https://data.eastmoney.com/notices/detail/603096/AN202405201633875790.html
603096,新经典,新经典:关于新经典2023年年度股东大会之法律意见书,法律意见书,2024-05-21,https://data.eastmoney.com/notices/detail/603096/AN202405201633875789.html
603096,新经典,新经典:2023年年度股东大会决议公告.docx,分配方案决议公告,2024-05-21,https://data.eastmoney.com/notices/detail/603096/AN202405201633875788.html
688367,工大高科,工大高科:国浩律师(合肥)事务所关于合肥工大高科信息科技股份有限公司2023年年度股东大会之法律意见书,法律意见书,2024-05-21,https://data.eastmoney.com/notices/detail/688367/AN202405201633875630.html
688165,埃夫特,埃夫特:埃夫特2023年年度股东大会决议公告,其他增发事项公告,2024-05-21,https://data.eastmoney.com/notices/detail/688165/AN202405201633875632.html
688367,工大高科,工大高科:工大高科2023年年度股东大会决议公告,分配方案决议公告,2024-05-21,https://data.eastmoney.com/notices/detail/688367/AN202405201633875629.html
688165,埃夫特,埃夫特:北京市竞天公诚律师事务所关于埃夫特2023年年度股东大会的法律意见书,法律意见书,2024-05-21,https://data.eastmoney.com/notices/detail/688165/AN202405201633875631.html
603306,华懋科技,华懋科技:华懋科技对外投资管理制度,管理办法/制度,2024-05-21,https://data.eastmoney.com/notices/detail/603306/AN202405201633875614.html
603306,华懋科技,华懋科技:北京市康达律师事务所关于华懋科技2023年年度股东大会的法律意见书,法律意见书,2024-05-21,https://data.eastmoney.com/notices/detail/603306/AN202405201633875605.html
603306,华懋科技,华懋科技:华懋科技会计师事务所选聘制度,管理办法/制度,2024-05-21,https://data.eastmoney.com/notices/detail/603306/AN202405201633875613.html
603306,华懋科技,华懋科技:华懋科技对外担保管理制度,管理办法/制度,2024-05-21,https://data.eastmoney.com/notices/detail/603306/AN202405201633875604.html
603306,华懋科技,华懋科技:华懋科技2023年年度股东大会决议公告,分配方案决议公告,2024-05-21,https://data.eastmoney.com/notices/detail/603306/AN202405201633875612.html
601611,中国核建,中国核建:北京国枫律师事务所关于中国核建2024年第二次临时股东大会的法律意见书,法律意见书,2024-05-21,https://data.eastmoney.com/notices/detail/601611/AN202405201633875617.html
603306,华懋科技,华懋科技:华懋科技关联交易决策制度,管理办法/制度,2024-05-21,https://data.eastmoney.com/notices/detail/603306/AN202405201633875610.html
603306,华懋科技,华懋科技:华懋科技公司章程,公司章程,2024-05-21,https://data.eastmoney.com/notices/detail/603306/AN202405201633875611.html
603306,华懋科技,华懋科技:华懋科技独立董事制度,管理办法/制度,2024-05-21,https://data.eastmoney.com/notices/detail/603306/AN202405201633875608.html
603306,华懋科技,华懋科技:华懋科技董事会议事规则,议事规则/实施细则,2024-05-21,https://data.eastmoney.com/notices/detail/603306/AN202405201633875607.html
603306,华懋科技,华懋科技:华懋科技募集资金使用管理办法,管理办法/制度,2024-05-21,https://data.eastmoney.com/notices/detail/603306/AN202405201633875615.html
603306,华懋科技,华懋科技:华懋科技监事会议事规则,议事规则/实施细则,2024-05-21,https://data.eastmoney.com/notices/detail/603306/AN202405201633875609.html
601611,中国核建,中国核建:中国核建2024年第二次临时股东大会决议公告,股东大会决议公告,2024-05-21,https://data.eastmoney.com/notices/detail/601611/AN202405201633875616.html
603306,华懋科技,华懋科技:华懋科技股东大会议事规则,议事规则/实施细则,2024-05-21,https://data.eastmoney.com/notices/detail/603306/AN202405201633875606.html
688680,海优新材,海优新材:上海海优威新材料股份有限公司2023年年度股东大会法律意见书,法律意见书,2024-05-21,https://data.eastmoney.com/notices/detail/688680/AN202405201633875585.html
688561,奇安信,奇安信:北京市金杜律师事务所关于奇安信科技集团股份有限公司2023年年度股东大会的法律意见书,法律意见书,2024-05-21,https://data.eastmoney.com/notices/detail/688561/AN202405201633875586.html
688561,奇安信,奇安信:奇安信2023年年度股东大会决议公告,分配方案决议公告,2024-05-21,https://data.eastmoney.com/notices/detail/688561/AN202405201633875584.html
688680,海优新材,海优新材:2023年年度股东大会决议公告,分配方案决议公告,2024-05-21,https://data.eastmoney.com/notices/detail/688680/AN202405201633875587.html
603289,泰瑞机器,泰瑞机器:泰瑞机器股份有限公司2023年年度股东大会法律意见书,法律意见书,2024-05-21,https://data.eastmoney.com/notices/detail/603289/AN202405201633875583.html
603289,泰瑞机器,泰瑞机器:2023年年度股东大会决议公告,分配方案决议公告,2024-05-21,https://data.eastmoney.com/notices/detail/603289/AN202405201633875582.html
603289,泰瑞机器,泰瑞机器:关于向不特定对象发行可转换公司债券申请获得中国证券监督管理委员会同意注册批复的公告,其他,2024-05-21,https://data.eastmoney.com/notices/detail/603289/AN202405201633875581.html
000825,太钢不锈,太钢不锈:第九届董事会第二十一次会议决议公告,董事会决议公告,2024-05-21,https://data.eastmoney.com/notices/detail/000825/AN202405201633875622.html
001267,汇绿生态,汇绿生态:关于汇绿生态科技集团股份有限公司2023年年度股东大会法律意见_20240520175029,法律意见书,2024-05-21,https://data.eastmoney.com/notices/detail/001267/AN202405201633875623.html
001267,汇绿生态,汇绿生态:2023年年度股东大会决议公告,其他增发事项公告,2024-05-21,https://data.eastmoney.com/notices/detail/001267/AN202405201633875546.html
001267,汇绿生态,汇绿生态:股票交易异常波动的公告,股票交易异常波动,2024-05-21,https://data.eastmoney.com/notices/detail/001267/AN202405201633875548.html
000825,太钢不锈,太钢不锈:上海市锦天城律师事务所关于山西太钢不锈钢股份有限公司2021年A股限制性股票激励计划回购注销部分限制性股票的法律意见书,法律意见书,2024-05-21,https://data.eastmoney.com/notices/detail/000825/AN202405201633875543.html
000825,太钢不锈,太钢不锈:第九届监事会第十次会议决议公告,监事会决议公告,2024-05-21,https://data.eastmoney.com/notices/detail/000825/AN202405201633875544.html
000825,太钢不锈,太钢不锈:关于回购注销部分限制性股票的公告,回购进展情况,2024-05-21,https://data.eastmoney.com/notices/detail/000825/AN202405201633875541.html
000825,太钢不锈,太钢不锈:关于回购注销部分限制性股票减少注册资本暨通知债权人的公告,公司注册资本变更,2024-05-21,https://data.eastmoney.com/notices/detail/000825/AN202405201633875539.html
603315,福鞍股份,福鞍股份:福鞍股份2023年度股东大会会议材料,股东大会资料,2024-05-21,https://data.eastmoney.com/notices/detail/603315/AN202405201633875524.html
603809,豪能股份,豪能股份:广东信达律师事务所关于成都豪能科技股份有限公司2023年度股东大会的法律意见书,法律意见书,2024-05-21,https://data.eastmoney.com/notices/detail/603809/AN202405201633875521.html
603809,豪能股份,豪能股份:第六届董事会第一次会议决议公告,高管人员任职变动,2024-05-21,https://data.eastmoney.com/notices/detail/603809/AN202405201633875520.html
603809,豪能股份,豪能股份:2023年年度股东大会决议公告,分配方案决议公告,2024-05-21,https://data.eastmoney.com/notices/detail/603809/AN202405201633875522.html
603809,豪能股份,豪能股份:第六届监事会第一次会议决议公告,高管人员任职变动,2024-05-21,https://data.eastmoney.com/notices/detail/603809/AN202405201633875519.html
600132,重庆啤酒,重庆啤酒:重庆啤酒股份有限公司2023年年度股东大会会议资料,股东大会资料,2024-05-21,https://data.eastmoney.com/notices/detail/600132/AN202405201633875523.html
688400,凌云光,凌云光:2023年年度股东大会决议公告,其他增发事项公告,2024-05-21,https://data.eastmoney.com/notices/detail/688400/AN202405201633875488.html
688322,奥比中光,奥比中光:北京市金杜(深圳)律师事务所关于奥比中光2023年年度股东大会之法律意见书,法律意见书,2024-05-21,https://data.eastmoney.com/notices/detail/688322/AN202405201633875487.html
688400,凌云光,凌云光:第二届监事会第五次会议决议公告,监事会决议公告,2024-05-21,https://data.eastmoney.com/notices/detail/688400/AN202405201633875489.html
600721,百花医药,百花医药:新疆百花村医药集团股份有限公司关于延长向特定对象发行股票股东大会决议有效期及授权有效期的公告,其他增发事项公告,2024-05-21,https://data.eastmoney.com/notices/detail/600721/AN202405201633875493.html
600721,百花医药,百花医药:新疆百花村医药集团股份有限公司2023年年度股东大会决议公告,分配方案决议公告,2024-05-21,https://data.eastmoney.com/notices/detail/600721/AN202405201633875494.html
688400,凌云光,凌云光:第二届董事会第六次会议决议公告,董事会决议公告,2024-05-21,https://data.eastmoney.com/notices/detail/688400/AN202405201633875486.html
600721,百花医药,百花医药:新疆百花村医药集团股份有限公司关于召开2024年第一次临时股东大会的通知,召开股东大会通知,2024-05-21,https://data.eastmoney.com/notices/detail/600721/AN202405201633875496.html
600721,百花医药,百花医药:新疆百花村医药集团股份有限公司第八届监事会第十七次会议决议公告,监事会决议公告,2024-05-21,https://data.eastmoney.com/notices/detail/600721/AN202405201633875490.html
688400,凌云光,凌云光:北京市中伦律师事务所关于凌云光技术股份有限公司2023年年度股东大会法律意见书,法律意见书,2024-05-21,https://data.eastmoney.com/notices/detail/688400/AN202405201633875485.html
600721,百花医药,百花医药:新疆百花村医药集团股份有限公司第八届董事会第二十五次会议决议公告,其他增发事项公告,2024-05-21,https://data.eastmoney.com/notices/detail/600721/AN202405201633875495.html
688400,凌云光,凌云光:中国国际金融股份有限公司关于凌云光技术股份有限公司部分募投项目结项并将节余募集资金永久补充流动资金事项的核查意见,保荐/核查意见,2024-05-21,https://data.eastmoney.com/notices/detail/688400/AN202405201633875484.html
600721,百花医药,百花医药:新疆百花村医药集团股份有限公司第八届董事会独立董事专门会议2024年第四次会议审核意见,专项说明/独立意见,2024-05-21,https://data.eastmoney.com/notices/detail/600721/AN202405201633875492.html
688400,凌云光,凌云光:关于部分募投项目结项并将节余募集资金永久补充流动资金的公告,募集资金补充流动资金,2024-05-21,https://data.eastmoney.com/notices/detail/688400/AN202405201633875483.html
600721,百花医药,百花医药:新疆星河律师事务所关于新疆百花村医药集团股份有限公司2023年年度股东大会的律师见证法律意见书,法律意见书,2024-05-21,https://data.eastmoney.com/notices/detail/600721/AN202405201633875491.html
688322,奥比中光,奥比中光:2023年年度股东大会决议公告,分配方案决议公告,2024-05-21,https://data.eastmoney.com/notices/detail/688322/AN202405201633875482.html
002171,楚江新材,楚江新材:关于控股子公司拟申请向不特定合格投资者公开发行股票并在北京证券交易所上市的提示性公告,其他,2024-05-21,https://data.eastmoney.com/notices/detail/002171/AN202405201633875536.html
002171,楚江新材,楚江新材:第六届监事会第十八次会议决议公告,监事会决议公告,2024-05-21,https://data.eastmoney.com/notices/detail/002171/AN202405201633875533.html
002171,楚江新材,楚江新材:关于召开2024年第二次临时股东大会的通知,召开股东大会通知,2024-05-21,https://data.eastmoney.com/notices/detail/002171/AN202405201633875535.html
002171,楚江新材,楚江新材:第六届董事会第二十一次会议决议公告,增发预案,2024-05-21,https://data.eastmoney.com/notices/detail/002171/AN202405201633875534.html
603618,杭电股份,杭电股份:2023年年度权益分派实施公告,分配方案实施,2024-05-21,https://data.eastmoney.com/notices/detail/603618/AN202405201633875348.html
605068,明新旭腾,明新旭腾:明新旭腾关于使用部分闲置募集资金进行现金管理的进展公告,募集资金使用进展情况,2024-05-21,https://data.eastmoney.com/notices/detail/605068/AN202405201633875349.html
688600,皖仪科技,皖仪科技:国新证券股份有限公司关于安徽皖仪科技股份有限公司2023年年度持续督导跟踪报告,保荐/核查意见,2024-05-21,https://data.eastmoney.com/notices/detail/688600/AN202405201633875339.html
688598,金博股份,金博股份:湖南启元律师事务所关于湖南金博碳素股份有限公司2023年年度股东大会的法律意见书,法律意见书,2024-05-21,https://data.eastmoney.com/notices/detail/688598/AN202405201633875341.html
688159,有方科技,有方科技:2023年年度股东大会决议公告,其他增发事项公告,2024-05-21,https://data.eastmoney.com/notices/detail/688159/AN202405201633875343.html
688598,金博股份,金博股份:金博股份2023年年度股东大会决议公告,分配方案决议公告,2024-05-21,https://data.eastmoney.com/notices/detail/688598/AN202405201633875342.html
688159,有方科技,有方科技:德恒上海律师事务所关于深圳市有方科技股份有限公司2023年年度股东大会的法律意见,法律意见书,2024-05-21,https://data.eastmoney.com/notices/detail/688159/AN202405201633875340.html
603377,ST东时,ST东时:2023年年度股东大会决议公告,分配方案决议公告,2024-05-21,https://data.eastmoney.com/notices/detail/603377/AN202405201633875314.html
603377,ST东时,ST东时:北京市通商律师事务所关于东方时尚2023年年度股东大会的法律意见书,法律意见书,2024-05-21,https://data.eastmoney.com/notices/detail/603377/AN202405201633875315.html
688689,银河微电,银河微电:关于实施2023年度权益分派调整“银微转债”转股价格的公告,其他,2024-05-21,https://data.eastmoney.com/notices/detail/688689/AN202405201633875313.html
688689,银河微电,银河微电:中信建投证券股份有限公司关于常州银河世纪微电子股份有限公司差异化分红事项的核查意见,保荐/核查意见,2024-05-21,https://data.eastmoney.com/notices/detail/688689/AN202405201633875312.html
688689,银河微电,银河微电:2023年年度权益分派实施公告,分配方案实施,2024-05-21,https://data.eastmoney.com/notices/detail/688689/AN202405201633875311.html
002972,科安达,科安达:2023年年度权益分派实施公告,分配方案实施,2024-05-21,https://data.eastmoney.com/notices/detail/002972/AN202405201633875308.html
002882,金龙羽,金龙羽:关于公司租赁办公场地暨关联交易的公告,关联交易,2024-05-21,https://data.eastmoney.com/notices/detail/002882/AN202405201633875306.html
002882,金龙羽,金龙羽:关于控股子公司增资暨对外投资的公告,对外项目投资,2024-05-21,https://data.eastmoney.com/notices/detail/002882/AN202405201633875305.html
002881,美格智能,美格智能:2023年年度权益分派实施公告,分配方案实施,2024-05-21,https://data.eastmoney.com/notices/detail/002881/AN202405201633875307.html
001339,智微智能,智微智能:2023年年度权益分派实施公告,分配方案实施,2024-05-21,https://data.eastmoney.com/notices/detail/001339/AN202405201633875310.html
000688,国城矿业,国城矿业:关于2023年年度股东大会增加临时提案暨股东大会补充通知的公告,增加股东大会议案,2024-05-21,https://data.eastmoney.com/notices/detail/000688/AN202405201633875309.html
601010,ST文峰,文峰股份:文峰股份2023年年度股东大会决议公告,分配方案决议公告,2024-05-21,https://data.eastmoney.com/notices/detail/601010/AN202405201633875268.html
601010,ST文峰,文峰股份:北京市炜衡(南通)律师事务所关于文峰大世界连锁发展股份有限公司2023年年度股东大会之法律意见书,法律意见书,2024-05-21,https://data.eastmoney.com/notices/detail/601010/AN202405201633875269.html
688383,新益昌,新益昌:广东信达律师事务所关于深圳新益昌科技股份有限公司2023年年度股东大会的法律意见书,法律意见书,2024-05-21,https://data.eastmoney.com/notices/detail/688383/AN202405201633875252.html
688151,华强科技,华强科技:华泰联合证券有限责任公司关于湖北华强科技股份有限公司2023年度持续督导跟踪报告,保荐/核查意见,2024-05-21,https://data.eastmoney.com/notices/detail/688151/AN202405201633875253.html
688383,新益昌,新益昌:深圳新益昌科技股份有限公司2023年年度股东大会决议公告,分配方案决议公告,2024-05-21,https://data.eastmoney.com/notices/detail/688383/AN202405201633875251.html
600405,动力源,动力源:动力源2023年年度股东大会法律意见书,法律意见书,2024-05-21,https://data.eastmoney.com/notices/detail/600405/AN202405201633875245.html
600405,动力源,动力源:动力源2023年年度股东大会决议公告,其他增发事项公告,2024-05-21,https://data.eastmoney.com/notices/detail/600405/AN202405201633875247.html
600405,动力源,动力源:动力源关于召开2023年度业绩说明会的公告,其他,2024-05-21,https://data.eastmoney.com/notices/detail/600405/AN202405201633875246.html
002882,金龙羽,金龙羽:第四届董事会第五次(临时)会议决议公告,董事会决议公告,2024-05-21,https://data.eastmoney.com/notices/detail/002882/AN202405201633875273.html
000688,国城矿业,国城矿业:关于监事会主席辞职暨补选监事的公告,高管人员任职变动,2024-05-21,https://data.eastmoney.com/notices/detail/000688/AN202405201633875272.html
688695,中创股份,中创股份:山东中创软件商用中间件股份有限公司股东大会议事规则,议事规则/实施细则,2024-05-21,https://data.eastmoney.com/notices/detail/688695/AN202405201633875142.html
688695,中创股份,中创股份:山东中创软件商用中间件股份有限公司关于使用闲置募集资金进行现金管理的公告,投资理财,2024-05-21,https://data.eastmoney.com/notices/detail/688695/AN202405201633875146.html
688072,拓荆科技,拓荆科技:北京市中伦律师事务所关于拓荆科技股份有限公司2023年年度股东大会的法律意见书,法律意见书,2024-05-21,https://data.eastmoney.com/notices/detail/688072/AN202405201633875153.html
688695,中创股份,中创股份:山东中创软件商用中间件股份有限公司关于2023年度利润分配预案的公告,分配预案,2024-05-21,https://data.eastmoney.com/notices/detail/688695/AN202405201633875155.html
688695,中创股份,中创股份:山东中创软件商用中间件股份有限公司关于聘任高级管理人员的公告,高管人员任职变动,2024-05-21,https://data.eastmoney.com/notices/detail/688695/AN202405201633875158.html
688695,中创股份,中创股份:董事会审计委员会对会计师事务所2023年度履行监督职责情况报告,其他,2024-05-21,https://data.eastmoney.com/notices/detail/688695/AN202405201633875147.html
688695,中创股份,中创股份:公司董事会对独立董事独立性自查情况的专项报告,专项说明/独立意见,2024-05-21,https://data.eastmoney.com/notices/detail/688695/AN202405201633875149.html
688686,奥普特,奥普特:2023年年度股东大会决议公告,分配方案决议公告,2024-05-21,https://data.eastmoney.com/notices/detail/688686/AN202405201633875136.html
688072,拓荆科技,拓荆科技:2023年年度股东大会决议公告,分配方案决议公告,2024-05-21,https://data.eastmoney.com/notices/detail/688072/AN202405201633875157.html
688166,博瑞医药,博瑞医药:2023年年度股东大会决议公告,其他增发事项公告,2024-05-21,https://data.eastmoney.com/notices/detail/688166/AN202405201633875154.html
688695,中创股份,中创股份:山东中创软件商用中间件股份有限公司独立董事工作制度,管理办法/制度,2024-05-21,https://data.eastmoney.com/notices/detail/688695/AN202405201633875152.html
688779,五矿新能,长远锂科:湖南长远锂科股份有限公司2023年年度股东大会决议公告,分配方案决议公告,2024-05-21,https://data.eastmoney.com/notices/detail/688779/AN202405201633875135.html
688695,中创股份,中创股份:山东中创软件商用中间件股份有限公司第七届监事会第五次会议决议公告,监事会决议公告,2024-05-21,https://data.eastmoney.com/notices/detail/688695/AN202405201633875144.html
688695,中创股份,中创股份:2023年度独立董事述职报告(刘旭东),独立董事述职报告,2024-05-21,https://data.eastmoney.com/notices/detail/688695/AN202405201633875145.html
688695,中创股份,中创股份:山东中创软件商用中间件股份有限公司章程(2024年5月),公司章程,2024-05-21,https://data.eastmoney.com/notices/detail/688695/AN202405201633875141.html
688695,中创股份,中创股份:公司对会计师事务所2023年度履职情况的评估报告,其他,2024-05-21,https://data.eastmoney.com/notices/detail/688695/AN202405201633875139.html
688779,五矿新能,长远锂科:北京市嘉源律师事务所关于湖南长远锂科股份有限公司2023年年度股东大会的法律意见书,法律意见书,2024-05-21,https://data.eastmoney.com/notices/detail/688779/AN202405201633875137.html
688686,奥普特,奥普特:北京国枫(深圳)律师事务所关于广东奥普特科技股份有限公司2023年年度股东大会的法律意见书,法律意见书,2024-05-21,https://data.eastmoney.com/notices/detail/688686/AN202405201633875134.html
688695,中创股份,中创股份:山东中创软件商用中间件股份有限公司关于变更公司注册资本、公司类型、修订《公司章程》并办理工商变更登记及修订部分管理制度的公告,公司注册资本变更,2024-05-21,https://data.eastmoney.com/notices/detail/688695/AN202405201633875140.html
688695,中创股份,中创股份:山东中创软件商用中间件股份有限公司董事会议事规则,议事规则/实施细则,2024-05-21,https://data.eastmoney.com/notices/detail/688695/AN202405201633875148.html
688166,博瑞医药,博瑞医药:北京市竞天公诚律师事务所上海分所关于博瑞生物医药(苏州)股份有限公司2023年年度股东大会之法律意见书,法律意见书,2024-05-21,https://data.eastmoney.com/notices/detail/688166/AN202405201633875156.html
688695,中创股份,中创股份:山东中创软件商用中间件股份有限公司关于使用闲置自有资金进行现金管理的公告,投资理财,2024-05-21,https://data.eastmoney.com/notices/detail/688695/AN202405201633875151.html
688695,中创股份,中创股份:山东中创软件商用中间件股份有限公司关于召开2023年年度股东大会的通知,召开股东大会通知,2024-05-21,https://data.eastmoney.com/notices/detail/688695/AN202405201633875150.html
688695,中创股份,中创股份:2023年度独立董事述职报告(李文峰),独立董事述职报告,2024-05-21,https://data.eastmoney.com/notices/detail/688695/AN202405201633875143.html
688695,中创股份,中创股份:山东中创软件商用中间件股份有限公司监事会议事规则,议事规则/实施细则,2024-05-21,https://data.eastmoney.com/notices/detail/688695/AN202405201633875138.html
300129,泰胜风能,泰胜风能:中国国际金融股份有限公司关于上海泰胜风能装备股份有限公司2023年度持续督导跟踪报告,保荐/核查意见,2024-05-21,https://data.eastmoney.com/notices/detail/300129/AN202405201633875196.html
300129,泰胜风能,泰胜风能:国浩律师(上海)事务所关于上海泰胜风能装备股份有限公司2023年年度股东大会的法律意见书,法律意见书,2024-05-21,https://data.eastmoney.com/notices/detail/300129/AN202405201633875197.html
300129,泰胜风能,泰胜风能:2023年年度股东大会决议公告,分配方案决议公告,2024-05-21,https://data.eastmoney.com/notices/detail/300129/AN202405201633875195.html
002826,易明医药,易明医药:关于控股股东部分股份质押展期的公告,股份质押、冻结,2024-05-21,https://data.eastmoney.com/notices/detail/002826/AN202405201633875194.html
600267,海正药业,海正药业:浙江海正药业股份有限公司2023年年度股东大会决议公告,分配方案决议公告,2024-05-21,https://data.eastmoney.com/notices/detail/600267/AN202405201633875133.html
603233,大参林,大参林:北京市金杜(广州)律师事务所关于大参林医药集团股份有限公司2023年年度股东大会的法律意见书,法律意见书,2024-05-21,https://data.eastmoney.com/notices/detail/603233/AN202405201633875129.html
603229,奥翔药业,奥翔药业:奥翔药业2023年年度股东大会决议公告,分配方案决议公告,2024-05-21,https://data.eastmoney.com/notices/detail/603229/AN202405201633875131.html
603229,奥翔药业,奥翔药业:奥翔药业2023年度股东大会的法律意见书,法律意见书,2024-05-21,https://data.eastmoney.com/notices/detail/603229/AN202405201633875132.html
603233,大参林,大参林:大参林医药集团股份有限公司2023年年度股东大会决议公告,分配方案决议公告,2024-05-21,https://data.eastmoney.com/notices/detail/603233/AN202405201633875128.html
600267,海正药业,海正药业:北京康达(杭州)律师事务所关于浙江海正药业股份有限公司2023年年度股东大会的法律意见书,法律意见书,2024-05-21,https://data.eastmoney.com/notices/detail/600267/AN202405201633875130.html
600227,赤天化,赤天化:贵州赤天化股份有限公司关于股份回购实施结果暨股份变动的公告,股本变动,2024-05-21,https://data.eastmoney.com/notices/detail/600227/AN202405201633875076.html
688173,希荻微,希荻微:希荻微关于股份回购实施结果的公告,回购实施公告,2024-05-21,https://data.eastmoney.com/notices/detail/688173/AN202405201633875038.html
688001,华兴源创,华兴源创:2023年年度股东大会决议公告,分配方案决议公告,2024-05-21,https://data.eastmoney.com/notices/detail/688001/AN202405201633875040.html
688001,华兴源创,华兴源创:上海市通力律师事务所关于公司2023年年度股东大会的法律意见书,法律意见书,2024-05-21,https://data.eastmoney.com/notices/detail/688001/AN202405201633875041.html
688281,华秦科技,华秦科技:2023年年度权益分派实施公告,分配方案实施,2024-05-21,https://data.eastmoney.com/notices/detail/688281/AN202405201633875043.html
688001,华兴源创,华兴源创:关于董事会、监事会换届完成暨选举董事长、董事会专门委员会、监事会主席及聘任高级管理人员、证券事务代表的公告,高管人员任职变动,2024-05-21,https://data.eastmoney.com/notices/detail/688001/AN202405201633875042.html
688001,华兴源创,华兴源创:第三届监事会第一次会议决议公告,高管人员任职变动,2024-05-21,https://data.eastmoney.com/notices/detail/688001/AN202405201633875039.html
300305,裕兴股份,裕兴股份:独立董事候选人声明(刘冠华),独立董事候选人声明,2024-05-21,https://data.eastmoney.com/notices/detail/300305/AN202405201633875090.html
300305,裕兴股份,裕兴股份:独立董事提名人声明(刘冠华),独立董事提名人声明,2024-05-21,https://data.eastmoney.com/notices/detail/300305/AN202405201633875089.html
300305,裕兴股份,裕兴股份:独立董事提名人声明(钱振华),独立董事提名人声明,2024-05-21,https://data.eastmoney.com/notices/detail/300305/AN202405201633875088.html
300305,裕兴股份,裕兴股份:独立董事候选人声明(朱利平),独立董事候选人声明,2024-05-21,https://data.eastmoney.com/notices/detail/300305/AN202405201633875086.html
300305,裕兴股份,裕兴股份:独立董事候选人声明(钱振华),独立董事候选人声明,2024-05-21,https://data.eastmoney.com/notices/detail/300305/AN202405201633875084.html
300305,裕兴股份,裕兴股份:独立董事提名人声明(朱利平),独立董事提名人声明,2024-05-21,https://data.eastmoney.com/notices/detail/300305/AN202405201633875083.html
300305,裕兴股份,裕兴股份:第五届监事会第十五次会议决议公告,高管人员任职变动,2024-05-21,https://data.eastmoney.com/notices/detail/300305/AN202405201633875085.html
300305,裕兴股份,裕兴股份:第五届董事会第二十二次会议决议公告,高管人员任职变动,2024-05-21,https://data.eastmoney.com/notices/detail/300305/AN202405201633875087.html
300305,裕兴股份,裕兴股份:关于董事会换届选举的公告,高管人员任职变动,2024-05-21,https://data.eastmoney.com/notices/detail/300305/AN202405201633875082.html
300305,裕兴股份,裕兴股份:关于监事会换届选举的公告,高管人员任职变动,2024-05-21,https://data.eastmoney.com/notices/detail/300305/AN202405201633875080.html
300305,裕兴股份,裕兴股份:关于召开2024年第二次临时股东大会的通知,召开股东大会通知,2024-05-21,https://data.eastmoney.com/notices/detail/300305/AN202405201633875081.html
002602,世纪华通,世纪华通:世纪华通2023年年度股东大会见证法律意见书,法律意见书,2024-05-21,https://data.eastmoney.com/notices/detail/002602/AN202405201633875108.html
002602,世纪华通,世纪华通:2023年度股东大会决议公告,分配方案决议公告,2024-05-21,https://data.eastmoney.com/notices/detail/002602/AN202405201633875107.html
605599,菜百股份,菜百股份:北京市嘉源律师事务所关于北京菜市口百货股份有限公司2023年年度股东大会的法律意见书,法律意见书,2024-05-21,https://data.eastmoney.com/notices/detail/605599/AN202405201633875013.html
600651,飞乐音响,飞乐音响:飞乐音响关于选举职工监事的公告,高管人员任职变动,2024-05-21,https://data.eastmoney.com/notices/detail/600651/AN202405201633875012.html
605599,菜百股份,菜百股份:北京菜市口百货股份有限公司2023年年度股东大会决议公告,分配方案决议公告,2024-05-21,https://data.eastmoney.com/notices/detail/605599/AN202405201633875011.html
688350,富淼科技,富淼科技:江苏富淼科技股份有限公司2023年年度权益分派实施公告,分配方案实施,2024-05-21,https://data.eastmoney.com/notices/detail/688350/AN202405201633875005.html
688350,富淼科技,富淼科技:江苏富淼科技股份有限公司关于2023年年度权益分派实施后调整回购股份价格上限的公告,回购方案修订,2024-05-21,https://data.eastmoney.com/notices/detail/688350/AN202405201633875003.html
688349,三一重能,三一重能:三一重能2023年年度股东大会决议公告,分配方案决议公告,2024-05-21,https://data.eastmoney.com/notices/detail/688349/AN202405201633875004.html
688071,华依科技,华依科技:上海泽昌律师事务所关于上海华依科技集团股份有限公司2023年年度股东大会的法律意见书,法律意见书,2024-05-21,https://data.eastmoney.com/notices/detail/688071/AN202405201633875008.html
688350,富淼科技,富淼科技:华泰联合证券有限责任公司关于江苏富淼科技股份有限公司差异化分红事项的核查意见,保荐/核查意见,2024-05-21,https://data.eastmoney.com/notices/detail/688350/AN202405201633875009.html
688350,富淼科技,富淼科技:江苏富淼科技股份有限公司关于实施2023年年度权益分派调整“富淼转债”转股价格的公告,其他,2024-05-21,https://data.eastmoney.com/notices/detail/688350/AN202405201633875006.html
688071,华依科技,华依科技:上海华依科技集团股份有限公司2023年年度股东大会决议公告,其他增发事项公告,2024-05-21,https://data.eastmoney.com/notices/detail/688071/AN202405201633875007.html
688349,三一重能,三一重能:湖南启元律师事务所关于三一重能股份有限公司2023年年度股东大会的法律意见书,法律意见书,2024-05-21,https://data.eastmoney.com/notices/detail/688349/AN202405201633875010.html
603216,梦天家居,梦天家居:北京德恒(杭州)律师事务所关于梦天家居集团股份有限公司2023年年度股东大会的法律意见,法律意见书,2024-05-21,https://data.eastmoney.com/notices/detail/603216/AN202405201633874993.html
603398,*ST沐邦,沐邦高科:江西沐邦高科股份有限公司章程(二〇二四年五月),公司章程,2024-05-21,https://data.eastmoney.com/notices/detail/603398/AN202405201633874992.html
603429,*ST集友,集友股份:集友股份2023年年度股东大会决议公告,分配方案决议公告,2024-05-21,https://data.eastmoney.com/notices/detail/603429/AN202405201633874990.html
603429,*ST集友,集友股份:集友股份2023年年度股东大会的法律意见书,法律意见书,2024-05-21,https://data.eastmoney.com/notices/detail/603429/AN202405201633874994.html
603176,汇通集团,汇通集团:汇通集团2023年年度股东大会决议公告,分配方案决议公告,2024-05-21,https://data.eastmoney.com/notices/detail/603176/AN202405201633874991.html
603176,汇通集团,汇通集团:关于汇通建设集团股份有限公司2023年年度股东大会的法律意见,法律意见书,2024-05-21,https://data.eastmoney.com/notices/detail/603176/AN202405201633874989.html
603216,梦天家居,梦天家居:梦天家居2023年年度股东大会决议公告,分配方案决议公告,2024-05-21,https://data.eastmoney.com/notices/detail/603216/AN202405201633874996.html
603398,*ST沐邦,沐邦高科:江西沐邦高科股份有限公司第四届董事会第四十三次会议决议公告,高管人员任职变动,2024-05-21,https://data.eastmoney.com/notices/detail/603398/AN202405201633874988.html
601728,中国电信,中国电信:中国电信股份有限公司2023年年度股东大会会议资料,股东大会资料,2024-05-21,https://data.eastmoney.com/notices/detail/601728/AN202405201633874910.html
603703,盛洋科技,盛洋科技:盛洋科技简式权益变动报告书(控股股东及其一致行动人),权益变动报告书,2024-05-21,https://data.eastmoney.com/notices/detail/603703/AN202405201633874923.html
603466,风语筑,风语筑:上海市锦天城律师事务所关于上海风语筑文化科技股份有限公司2023年度股东大会法律意见书,法律意见书,2024-05-21,https://data.eastmoney.com/notices/detail/603466/AN202405201633874924.html
603466,风语筑,风语筑:上海风语筑文化科技股份有限公司2023年年度股东大会决议公告,分配方案决议公告,2024-05-21,https://data.eastmoney.com/notices/detail/603466/AN202405201633874921.html
603703,盛洋科技,盛洋科技:盛洋科技简式权益变动报告书(芯辰投资),权益变动报告书,2024-05-21,https://data.eastmoney.com/notices/detail/603703/AN202405201633874922.html
688611,杭州柯林,杭州柯林:北京大成(杭州)律师事务所关于杭州柯林电气股份有限公司2023年年度股东大会的法律意见书,法律意见书,2024-05-21,https://data.eastmoney.com/notices/detail/688611/AN202405201633874911.html
688611,杭州柯林,杭州柯林:杭州柯林电气股份有限公司2023年年度股东大会决议公告,分配方案决议公告,2024-05-21,https://data.eastmoney.com/notices/detail/688611/AN202405201633874912.html
600228,返利科技,返利科技:返利网数字科技股份有限公司2023年年度股东大会决议公告,分配方案决议公告,2024-05-21,https://data.eastmoney.com/notices/detail/600228/AN202405201633874899.html
600228,返利科技,返利科技:返利网数字科技股份有限公司章程(2024年5月修订),公司章程修订,2024-05-21,https://data.eastmoney.com/notices/detail/600228/AN202405201633874905.html
603333,福华尚纬,尚纬股份:独立董事提名人声明与承诺(张永冀),独立董事提名人声明,2024-05-21,https://data.eastmoney.com/notices/detail/603333/AN202405201633874904.html
600228,返利科技,返利科技:返利网数字科技股份有限公司关于职工代表监事换届选举的公告,高管人员任职变动,2024-05-21,https://data.eastmoney.com/notices/detail/600228/AN202405201633874907.html
603333,福华尚纬,尚纬股份:尚纬股份有限公司董事会薪酬与考核委员会工作细则(2024年5月修订),议事规则/实施细则,2024-05-21,https://data.eastmoney.com/notices/detail/603333/AN202405201633874902.html
603333,福华尚纬,尚纬股份:尚纬股份有限公司关于2023年年度股东大会增加临时提案的公告,增加股东大会议案,2024-05-21,https://data.eastmoney.com/notices/detail/603333/AN202405201633874908.html
603333,福华尚纬,尚纬股份:尚纬股份有限公司董事会提名委员会工作细则(2024年5月修订),议事规则/实施细则,2024-05-21,https://data.eastmoney.com/notices/detail/603333/AN202405201633874896.html
600228,返利科技,返利科技:返利网数字科技股份有限公司第十届董事会第一次会议决议公告,高管人员任职变动,2024-05-21,https://data.eastmoney.com/notices/detail/600228/AN202405201633874893.html
603333,福华尚纬,尚纬股份:尚纬股份有限公司独立董事关于第五届董事会第二十九次会议相关审议事项的独立意见,专项说明/独立意见,2024-05-21,https://data.eastmoney.com/notices/detail/603333/AN202405201633874906.html
603333,福华尚纬,尚纬股份:尚纬股份有限公司关于补选公司独立董事候选人的公告,高管人员任职变动,2024-05-21,https://data.eastmoney.com/notices/detail/603333/AN202405201633874903.html
603333,福华尚纬,尚纬股份:尚纬股份有限公司第五届董事会第二十九次会议决议公告,高管人员任职变动,2024-05-21,https://data.eastmoney.com/notices/detail/603333/AN202405201633874909.html
600228,返利科技,返利科技:国浩律师(上海)事务所关于返利网数字科技股份有限公司2023年年度股东大会法律意见书,法律意见书,2024-05-21,https://data.eastmoney.com/notices/detail/600228/AN202405201633874901.html
603333,福华尚纬,尚纬股份:尚纬股份有限公司董事会审计委员会工作细则(2024年5月修订),议事规则/实施细则,2024-05-21,https://data.eastmoney.com/notices/detail/603333/AN202405201633874898.html
600228,返利科技,返利科技:返利网数字科技股份有限公司关于选举公司董事长、监事会主席及聘任高级管理人员的公告,高管人员任职变动,2024-05-21,https://data.eastmoney.com/notices/detail/600228/AN202405201633874897.html
603333,福华尚纬,尚纬股份:独立董事候选人声明与承诺(张永冀),独立董事候选人声明,2024-05-21,https://data.eastmoney.com/notices/detail/603333/AN202405201633874900.html
600228,返利科技,返利科技:返利网数字科技股份有限公司董事会议事规则(2024年5月修订),议事规则/实施细则,2024-05-21,https://data.eastmoney.com/notices/detail/600228/AN202405201633874895.html
600228,返利科技,返利科技:返利网数字科技股份有限公司第十届监事会第一次会议决议公告,高管人员任职变动,2024-05-21,https://data.eastmoney.com/notices/detail/600228/AN202405201633874894.html
002979,雷赛智能,雷赛智能:2023年年度股东大会决议公告,分配方案决议公告,2024-05-21,https://data.eastmoney.com/notices/detail/002979/AN202405201633875037.html
002893,京能热力,京能热力:关于北京京能热力股份有限公司2023年年度股东大会之法律意见书,法律意见书,2024-05-21,https://data.eastmoney.com/notices/detail/002893/AN202405201633874885.html
002979,雷赛智能,雷赛智能:广东华商律师事务所关于深圳市雷赛智能控制股份有限公司2023年年度股东大会的法律意见书,法律意见书,2024-05-21,https://data.eastmoney.com/notices/detail/002979/AN202405201633874883.html
002979,雷赛智能,雷赛智能:关于回购注销部分限制性股票通知债权人的公告,通知债权人公告,2024-05-21,https://data.eastmoney.com/notices/detail/002979/AN202405201633874884.html
002893,京能热力,京能热力:关于注销募集资金专户的公告,其他,2024-05-21,https://data.eastmoney.com/notices/detail/002893/AN202405201633874882.html
002893,京能热力,京能热力:2023年年度股东大会决议公告,分配方案决议公告,2024-05-21,https://data.eastmoney.com/notices/detail/002893/AN202405201633874881.html
002128,电投能源,电投能源:电投能源2023年年度股东大会的法律意见书,法律意见书,2024-05-21,https://data.eastmoney.com/notices/detail/002128/AN202405201633874880.html
002128,电投能源,电投能源:2023年度股东大会决议公告,分配方案决议公告,2024-05-21,https://data.eastmoney.com/notices/detail/002128/AN202405201633874879.html
688269,凯立新材,凯立新材:国浩律师(西安)事务所关于西安凯立新材料股份有限公司2023年年度股东大会的法律意见书,法律意见书,2024-05-21,https://data.eastmoney.com/notices/detail/688269/AN202405201633874743.html
688269,凯立新材,凯立新材:2023年年度股东大会决议公告,分配方案决议公告,2024-05-21,https://data.eastmoney.com/notices/detail/688269/AN202405201633874740.html
688529,豪森智能,豪森智能:豪森智能2023年年度股东大会决议公告,其他增发事项公告,2024-05-21,https://data.eastmoney.com/notices/detail/688529/AN202405201633874739.html
688529,豪森智能,豪森智能:上海市锦天城律师事务所关于大连豪森智能制造股份有限公司2023年年度股东大会的法律意见书,法律意见书,2024-05-21,https://data.eastmoney.com/notices/detail/688529/AN202405201633874742.html
688720,艾森股份,艾森股份:关于拟签署《项目投资协议书》暨对外投资的公告,签订协议,2024-05-21,https://data.eastmoney.com/notices/detail/688720/AN202405201633874741.html
601187,厦门银行,厦门银行:关于厦门银行股份有限公司2023年度股东大会的法律意见书,法律意见书,2024-05-21,https://data.eastmoney.com/notices/detail/601187/AN202405201633874720.html
601187,厦门银行,厦门银行:厦门银行股份有限公司2023年度股东大会决议公告,分配方案决议公告,2024-05-21,https://data.eastmoney.com/notices/detail/601187/AN202405201633874719.html
603333,福华尚纬,尚纬股份:尚纬股份有限公司2023年年度股东大会会议资料,股东大会资料,2024-05-21,https://data.eastmoney.com/notices/detail/603333/AN202405201633874718.html
600903,贵州燃气,贵州燃气:北京市金杜律师事务所上海分所关于贵州燃气集团股份有限公司2023年年度股东大会之法律意见书,法律意见书,2024-05-21,https://data.eastmoney.com/notices/detail/600903/AN202405201633874721.html
600903,贵州燃气,贵州燃气:贵州燃气集团股份有限公司2023年年度股东大会决议公告,分配方案决议公告,2024-05-21,https://data.eastmoney.com/notices/detail/600903/AN202405201633874722.html
688155,先惠技术,先惠技术:上海市广发律师事务所关于上海先惠自动化技术股份有限公司2023年年度股东大会的法律意见书,法律意见书,2024-05-21,https://data.eastmoney.com/notices/detail/688155/AN202405201633874685.html
688155,先惠技术,先惠技术:上海先惠自动化技术股份有限公司2023年年度股东大会决议公告,其他增发事项公告,2024-05-21,https://data.eastmoney.com/notices/detail/688155/AN202405201633874686.html
688155,先惠技术,先惠技术:上海先惠自动化技术股份有限公司关于召开2024年第一次临时股东大会的通知,召开股东大会通知,2024-05-21,https://data.eastmoney.com/notices/detail/688155/AN202405201633874687.html
688155,先惠技术,先惠技术:上海先惠自动化技术股份有限公司关于变更注册资本及修订《公司章程》并办理工商变更登记的公告,公司注册资本变更,2024-05-21,https://data.eastmoney.com/notices/detail/688155/AN202405201633874684.html
688155,先惠技术,先惠技术:上海先惠自动化技术股份有限公司章程(2024年5月修订),公司章程修订,2024-05-21,https://data.eastmoney.com/notices/detail/688155/AN202405201633874683.html
603261,立航科技,立航科技:泰和泰律师事务所关于成都立航科技股份有限公司召开2023年年度股东大会的法律意见书,法律意见书,2024-05-21,https://data.eastmoney.com/notices/detail/603261/AN202405201633874681.html
603261,立航科技,立航科技:成都立航科技股份有限公司2023年年度股东大会决议公告,分配方案决议公告,2024-05-21,https://data.eastmoney.com/notices/detail/603261/AN202405201633874682.html
600353,旭光电子,旭光电子:旭光电子2023年年度股东大会决议公告,分配方案决议公告,2024-05-21,https://data.eastmoney.com/notices/detail/600353/AN202405201633874669.html
600353,旭光电子,旭光电子:旭光电子第十一届董事会提名委员会审查意见,专项说明/独立意见,2024-05-21,https://data.eastmoney.com/notices/detail/600353/AN202405201633874664.html
603062,麦加芯彩,麦加芯彩:2023年年度权益分派实施公告,分配方案实施,2024-05-21,https://data.eastmoney.com/notices/detail/603062/AN202405201633874665.html
600353,旭光电子,旭光电子:旭光电子第十一届董事会第一次会议决议公告,高管人员任职变动,2024-05-21,https://data.eastmoney.com/notices/detail/600353/AN202405201633874666.html
600353,旭光电子,旭光电子:旭光电子第十一届监事会第一次会议决议公告,高管人员任职变动,2024-05-21,https://data.eastmoney.com/notices/detail/600353/AN202405201633874668.html
600353,旭光电子,旭光电子:北京市天元(成都)律师事务所关于成都旭光电子股份有限公司2023年年度股东大会的法律意见,法律意见书,2024-05-21,https://data.eastmoney.com/notices/detail/600353/AN202405201633874667.html
000860,顺鑫农业,顺鑫农业:北京海润天睿律师事务所关于北京顺鑫农业股份有限公司2023年年度股东大会法律意见书,法律意见书,2024-05-21,https://data.eastmoney.com/notices/detail/000860/AN202405201633874646.html
000860,顺鑫农业,顺鑫农业:2023年年度股东大会会议决议公告,分配方案决议公告,2024-05-21,https://data.eastmoney.com/notices/detail/000860/AN202405201633874645.html
300717,华信新材,华信新材:北京市康达律师事务所关于江苏华信新材料股份有限公司2021年限制性股票激励计划作废已授予尚未归属的限制性股票相关事项的法律意见书,法律意见书,2024-05-21,https://data.eastmoney.com/notices/detail/300717/AN202405201633874644.html
300717,华信新材,华信新材:第四届监事会第十三次会议决议公告,监事会决议公告,2024-05-21,https://data.eastmoney.com/notices/detail/300717/AN202405201633874643.html
300717,华信新材,华信新材:关于作废已授予尚未归属的限制性股票的公告,股权激励进展公告,2024-05-21,https://data.eastmoney.com/notices/detail/300717/AN202405201633874642.html
300717,华信新材,华信新材:关于全资子公司购买房产的公告,其他,2024-05-21,https://data.eastmoney.com/notices/detail/300717/AN202405201633874641.html
300717,华信新材,华信新材:第四届董事会第十三次会议决议公告,董事会决议公告,2024-05-21,https://data.eastmoney.com/notices/detail/300717/AN202405201633874640.html
688349,三一重能,三一重能:三一重能2023年度环境、社会及治理(ESG)报告(英文版),ESG公告,2024-05-21,https://data.eastmoney.com/notices/detail/688349/AN202405201633874608.html
600366,宁波韵升,宁波韵升:北京国枫律师事务所关于宁波韵升股份有限公司2023年年度股东大会的法律意见书,法律意见书,2024-05-21,https://data.eastmoney.com/notices/detail/600366/AN202405201633874586.html
600366,宁波韵升,宁波韵升:宁波韵升第十一届董事会第一次会议决议的公告,高管人员任职变动,2024-05-21,https://data.eastmoney.com/notices/detail/600366/AN202405201633874592.html
603291,联合水务,联合水务:关于聘任公司高级管理人员的公告,高管人员任职变动,2024-05-21,https://data.eastmoney.com/notices/detail/603291/AN202405201633874593.html
600366,宁波韵升,宁波韵升:宁波韵升2023年年度股东大会决议公告,分配方案决议公告,2024-05-21,https://data.eastmoney.com/notices/detail/600366/AN202405201633874585.html
600366,宁波韵升,宁波韵升:宁波韵升关于选举职工监事的公告,高管人员任职变动,2024-05-21,https://data.eastmoney.com/notices/detail/600366/AN202405201633874591.html
600366,宁波韵升,宁波韵升:宁波韵升第十一届监事会第一次会议决议的公告,高管人员任职变动,2024-05-21,https://data.eastmoney.com/notices/detail/600366/AN202405201633874587.html
603291,联合水务,联合水务:上海市锦天城律师事务所关于江苏联合水务科技股份有限公司2023年年度股东大会的法律意见书,法律意见书,2024-05-21,https://data.eastmoney.com/notices/detail/603291/AN202405201633874588.html
603291,联合水务,联合水务:第二届董事会第七次会议决议公告,高管人员任职变动,2024-05-21,https://data.eastmoney.com/notices/detail/603291/AN202405201633874590.html
603291,联合水务,联合水务:2023年年度股东大会决议公告,分配方案决议公告,2024-05-21,https://data.eastmoney.com/notices/detail/603291/AN202405201633874589.html
688533,上声电子,上声电子:苏州上声电子股份有限公司2023年年度股东大会决议公告,分配方案决议公告,2024-05-21,https://data.eastmoney.com/notices/detail/688533/AN202405201633874582.html
688533,上声电子,上声电子:苏州上声电子股份有限公司关于公司2024年限制性股票激励计划内幕信息知情人及激励对象买卖公司股票情况的自查报告,自查报告,2024-05-21,https://data.eastmoney.com/notices/detail/688533/AN202405201633874580.html
688533,上声电子,上声电子:上海市通力律师事务所关于苏州上声电子股份有限公司2023年年度股东大会的法律意见书,法律意见书,2024-05-21,https://data.eastmoney.com/notices/detail/688533/AN202405201633874581.html
603139,康惠股份,康惠制药:康惠制药2023年年度股东大会决议公告,分配方案决议公告,2024-05-21,https://data.eastmoney.com/notices/detail/603139/AN202405201633874569.html
603139,康惠股份,康惠制药:陕西康惠制药股份有限公司2023年年度股东大会法律意见书,法律意见书,2024-05-21,https://data.eastmoney.com/notices/detail/603139/AN202405201633874570.html
601958,金钼股份,金钼股份:金钼股份第五届董事会第十三次会议决议公告,分配预案,2024-05-21,https://data.eastmoney.com/notices/detail/601958/AN202405201633874566.html
601958,金钼股份,金钼股份:金钼股份2023年年度股东大会决议公告,分配方案决议公告,2024-05-21,https://data.eastmoney.com/notices/detail/601958/AN202405201633874567.html
601958,金钼股份,金钼股份:北京观韬(西安)律师事务所关于金堆城钼业股份有限公司2023年年度股东大会的法律意见书,法律意见书,2024-05-21,https://data.eastmoney.com/notices/detail/601958/AN202405201633874568.html
688458,美芯晟,美芯晟:2023年年度股东大会决议公告,分配方案决议公告,2024-05-21,https://data.eastmoney.com/notices/detail/688458/AN202405201633874557.html
688458,美芯晟,美芯晟:关于2024年限制性股票激励计划内幕信息知情人及激励对象买卖公司股票情况的自查报告,自查报告,2024-05-21,https://data.eastmoney.com/notices/detail/688458/AN202405201633874559.html
688152,麒麟信安,麒麟信安:关于公司产品通过“安全可靠测评”的自愿性信息披露公告,其他,2024-05-21,https://data.eastmoney.com/notices/detail/688152/AN202405201633874558.html
688458,美芯晟,美芯晟:北京市君合律师事务所关于美芯晟科技(北京)股份有限公司2023年年度股东大会的法律意见书,法律意见书,2024-05-21,https://data.eastmoney.com/notices/detail/688458/AN202405201633874456.html
001324,长青科技,长青科技:北京市金杜律师事务所上海分所关于常州长青科技股份有限公司2023年年度股东大会之法律意见书,法律意见书,2024-05-21,https://data.eastmoney.com/notices/detail/001324/AN202405201633874565.html
001324,长青科技,长青科技:2023年年度股东大会会议决议公告,分配方案决议公告,2024-05-21,https://data.eastmoney.com/notices/detail/001324/AN202405201633874564.html
002060,广东建工,广东建工:关于广东建筑工程集团股份有限公司2023年年度股东大会的法律意见书,法律意见书,2024-05-21,https://data.eastmoney.com/notices/detail/002060/AN202405201633874561.html
002060,广东建工,广东建工:2023年年度股东大会决议公告,分配方案决议公告,2024-05-21,https://data.eastmoney.com/notices/detail/002060/AN202405201633874560.html
002115,三维通信,三维通信:三维通信2023年度股东大会法律意见书,法律意见书,2024-05-21,https://data.eastmoney.com/notices/detail/002115/AN202405201633874434.html
002115,三维通信,三维通信:2023年度股东大会决议公告,分配方案决议公告,2024-05-21,https://data.eastmoney.com/notices/detail/002115/AN202405201633874433.html
300008,天海防务,天海防务:关于天海融合防务装备技术股份有限公司2023年年度股东大会的法律意见书,法律意见书,2024-05-21,https://data.eastmoney.com/notices/detail/300008/AN202405201633874563.html
300008,天海防务,天海防务:2023年年度股东大会决议公告,分配方案决议公告,2024-05-21,https://data.eastmoney.com/notices/detail/300008/AN202405201633874562.html
688152,麒麟信安,麒麟信安:湖南启元律师事务所关于湖南麒麟信安科技股份有限公司2023年年度股东大会的法律意见书,法律意见书,2024-05-21,https://data.eastmoney.com/notices/detail/688152/AN202405201633874427.html
688152,麒麟信安,麒麟信安:2023年年度股东大会会议决议公告,其他增发事项公告,2024-05-21,https://data.eastmoney.com/notices/detail/688152/AN202405201633874428.html
002836,新宏泽,新宏泽:北京市君泽君(深圳)律师事务所关于广东新宏泽包装股份有限公司2023年度股东大会的法律意见书,法律意见书,2024-05-21,https://data.eastmoney.com/notices/detail/002836/AN202405201633874446.html
002382,蓝帆医疗,蓝帆医疗:第六届监事会第八次会议决议公告,监事会决议公告,2024-05-21,https://data.eastmoney.com/notices/detail/002382/AN202405201633874425.html
001366,播恩集团,播恩集团:北京市君合(广州)律师事务所关于播恩集团股份有限公司2023年年度股东大会的法律意见-签章版,法律意见书,2024-05-21,https://data.eastmoney.com/notices/detail/001366/AN202405201633874441.html
000525,红太阳,ST红太阳:第九届董事会第十六次会议决议公告,高管人员任职变动,2024-05-21,https://data.eastmoney.com/notices/detail/000525/AN202405201633874439.html
603213,镇洋发展,镇洋发展:浙江镇洋发展股份有限公司2023年年度权益分派实施公告,分配方案实施,2024-05-21,https://data.eastmoney.com/notices/detail/603213/AN202405201633874422.html
600859,王府井,王府井:王府井关于以集中竞价方式回购股份的回购报告书,回购报告书,2024-05-21,https://data.eastmoney.com/notices/detail/600859/AN202405201633874423.html
603213,镇洋发展,镇洋发展:浙江镇洋发展股份有限公司关于实施2023年年度权益分派调整“镇洋转债”转股价格的公告,其他,2024-05-21,https://data.eastmoney.com/notices/detail/603213/AN202405201633874424.html
688515,裕太微,裕太微:2023年年度股东大会决议公告,分配方案决议公告,2024-05-21,https://data.eastmoney.com/notices/detail/688515/AN202405201633874405.html
688515,裕太微,裕太微:上海市锦天城律师事务所关于裕太微电子股份有限公司2023年年度股东大会之法律意见书,法律意见书,2024-05-21,https://data.eastmoney.com/notices/detail/688515/AN202405201633874404.html
002108,沧州明珠,沧州明珠:沧州明珠2023年年度权益分派实施公告,分配方案实施,2024-05-21,https://data.eastmoney.com/notices/detail/002108/AN202405201633874443.html
002596,海南瑞泽,海南瑞泽:中审众环《关于对海南瑞泽新型建材股份有限公司2023年年报的问询函》有关问题的回复,回复问询函公告,2024-05-21,https://data.eastmoney.com/notices/detail/002596/AN202405201633874444.html
002596,海南瑞泽,海南瑞泽:关于深圳证券交易所对公司2023年年报问询函的回复公告,回复问询函公告,2024-05-21,https://data.eastmoney.com/notices/detail/002596/AN202405201633874445.html
001366,播恩集团,播恩集团:2023年年度股东大会决议公告,分配方案决议公告,2024-05-21,https://data.eastmoney.com/notices/detail/001366/AN202405201633874442.html
002883,*ST中设,中设股份:国浩律师(上海)事务所关于江苏中设集团股份有限公司2023年年度股东大会的法律意见书,法律意见书,2024-05-21,https://data.eastmoney.com/notices/detail/002883/AN202405201633874448.html
002883,*ST中设,中设股份:江苏中设集团股份有限公司2023年年度股东大会决议公告,分配方案决议公告,2024-05-21,https://data.eastmoney.com/notices/detail/002883/AN202405201633874449.html
603389,亚振家居,亚振家居:亚振家居股份有限公司股票交易异常波动公告,股票交易异常波动,2024-05-21,https://data.eastmoney.com/notices/detail/603389/AN202405201633874381.html
603506,南都物业,南都物业:南都物业服务集团股份有限公司关于股份回购实施结果暨股份变动的公告,股本变动,2024-05-21,https://data.eastmoney.com/notices/detail/603506/AN202405201633874380.html
603389,亚振家居,亚振家居:上海亚振投资有限公司关于亚振家居股份有限公司股票交易异常波动问询函的回复,回复问询函公告,2024-05-21,https://data.eastmoney.com/notices/detail/603389/AN202405201633874382.html
000525,红太阳,ST红太阳:南京证券股份有限公司关于南京红太阳股份有限公司股权分置改革2023年年度保荐工作报告书,保荐/核查意见,2024-05-21,https://data.eastmoney.com/notices/detail/000525/AN202405201633874438.html
000525,红太阳,ST红太阳:关于公司总经理职务调整的公告,高管人员任职变动,2024-05-21,https://data.eastmoney.com/notices/detail/000525/AN202405201633874440.html
002836,新宏泽,新宏泽:2023年度股东大会决议公告,分配方案决议公告,2024-05-21,https://data.eastmoney.com/notices/detail/002836/AN202405201633874447.html
002382,蓝帆医疗,蓝帆医疗:关于控股子公司增资扩股暨引入战略投资者的公告,其他,2024-05-21,https://data.eastmoney.com/notices/detail/002382/AN202405201633874383.html
601118,海南橡胶,海南橡胶:2023年年度股东大会法律意见书,法律意见书,2024-05-21,https://data.eastmoney.com/notices/detail/601118/AN202405201633874369.html
601118,海南橡胶,海南橡胶:2023年年度股东大会决议公告,分配方案决议公告,2024-05-21,https://data.eastmoney.com/notices/detail/601118/AN202405201633874370.html
002225,濮耐股份,濮耐股份:关于可转换公司债券2024年付息公告,其他,2024-05-21,https://data.eastmoney.com/notices/detail/002225/AN202405201633874374.html
002424,ST百灵,ST百灵:法律意见书(贵州百灵2023年年度股东大会),法律意见书,2024-05-21,https://data.eastmoney.com/notices/detail/002424/AN202405201633874371.html
300199,翰宇药业,翰宇药业:关于向银行申请综合授信额度的公告,借贷,2024-05-21,https://data.eastmoney.com/notices/detail/300199/AN202405201633874373.html
301210,金杨精密,金杨股份:国浩律师(杭州)事务所关于无锡市金杨新材料股份有限公司2023年年度股东大会法律意见书,法律意见书,2024-05-21,https://data.eastmoney.com/notices/detail/301210/AN202405201633874372.html
301210,金杨精密,金杨股份:2023年年度股东大会决议公告,分配方案决议公告,2024-05-21,https://data.eastmoney.com/notices/detail/301210/AN202405201633874331.html
301008,宏昌科技,宏昌科技:国浩律师(杭州)事务所《关于浙江宏昌电器科技股份有限公司2023年度股东大会法律意见书》,法律意见书,2024-05-21,https://data.eastmoney.com/notices/detail/301008/AN202405201633874336.html
301008,宏昌科技,宏昌科技:2023年度股东大会决议的公告,分配方案决议公告,2024-05-21,https://data.eastmoney.com/notices/detail/301008/AN202405201633874335.html
300199,翰宇药业,翰宇药业:关于公司与中关村科学城管理委员会签署合作协议的公告,签订协议,2024-05-21,https://data.eastmoney.com/notices/detail/300199/AN202405201633874334.html
300199,翰宇药业,翰宇药业:关于聘任公司高级管理人员的公告,高管人员任职变动,2024-05-21,https://data.eastmoney.com/notices/detail/300199/AN202405201633874333.html
300199,翰宇药业,翰宇药业:第五届董事会第二十五次会议决议公告,高管人员任职变动,2024-05-21,https://data.eastmoney.com/notices/detail/300199/AN202405201633874332.html
003029,吉大正元,吉大正元:北京国枫律师事务所关于吉大正元2023年度股东大会法律意见书,法律意见书,2024-05-21,https://data.eastmoney.com/notices/detail/003029/AN202405201633874329.html
003029,吉大正元,吉大正元:2023年度股东大会决议公告,分配方案决议公告,2024-05-21,https://data.eastmoney.com/notices/detail/003029/AN202405201633874328.html
002424,ST百灵,ST百灵:关于2023年度股东大会决议的公告,分配方案决议公告,2024-05-21,https://data.eastmoney.com/notices/detail/002424/AN202405201633874330.html
600556,天下秀,天下秀:天下秀数字科技(集团)股份有限公司股东会议事规则(2023年年度股东大会审议通过),议事规则/实施细则,2024-05-21,https://data.eastmoney.com/notices/detail/600556/AN202405201633874289.html
600556,天下秀,天下秀:天下秀数字科技(集团)股份有限公司监事会议事规则(2023年年度股东大会审议通过),议事规则/实施细则,2024-05-21,https://data.eastmoney.com/notices/detail/600556/AN202405201633874287.html
600556,天下秀,天下秀:天下秀数字科技(集团)股份有限公司独立董事工作制度(2023年年度股东大会审议通过),管理办法/制度,2024-05-21,https://data.eastmoney.com/notices/detail/600556/AN202405201633874288.html
600556,天下秀,天下秀:天下秀数字科技(集团)股份有限公司2023年年度股东大会决议公告,分配方案决议公告,2024-05-21,https://data.eastmoney.com/notices/detail/600556/AN202405201633874279.html
600556,天下秀,天下秀:天下秀数字科技(集团)股份有限公司募集资金管理制度(2023年年度股东大会审议通过),管理办法/制度,2024-05-21,https://data.eastmoney.com/notices/detail/600556/AN202405201633874282.html
600556,天下秀,天下秀:天下秀数字科技(集团)股份有限公司董事会议事规则(2023年年度股东大会审议通过),议事规则/实施细则,2024-05-21,https://data.eastmoney.com/notices/detail/600556/AN202405201633874283.html
600556,天下秀,天下秀:天下秀数字科技(集团)股份有限公司章程(2023年年度股东大会审议通过),公司章程,2024-05-21,https://data.eastmoney.com/notices/detail/600556/AN202405201633874286.html
600556,天下秀,天下秀:天下秀数字科技(集团)股份有限公司对外投资管理制度(2023年年度股东大会审议通过),管理办法/制度,2024-05-21,https://data.eastmoney.com/notices/detail/600556/AN202405201633874285.html
600556,天下秀,天下秀:天下秀数字科技(集团)股份有限公司对外担保管理制度(2023年年度股东大会审议通过),管理办法/制度,2024-05-21,https://data.eastmoney.com/notices/detail/600556/AN202405201633874280.html
600556,天下秀,天下秀:北京市通商律师事务所关于天下秀数字科技(集团)股份有限公司2023年年度股东大会的法律意见书,法律意见书,2024-05-21,https://data.eastmoney.com/notices/detail/600556/AN202405201633874284.html
600556,天下秀,天下秀:天下秀数字科技(集团)股份有限公司关联交易管理制度(2023年年度股东大会审议通过),管理办法/制度,2024-05-21,https://data.eastmoney.com/notices/detail/600556/AN202405201633874281.html
600715,文投控股,*ST文投:文投控股股份有限公司关于重大诉讼进展的公告,诉讼仲裁,2024-05-21,https://data.eastmoney.com/notices/detail/600715/AN202405201633874227.html
600715,文投控股,*ST文投:文投控股股份有限公司关于重整及预重整事项的进展公告.,重组进展公告,2024-05-21,https://data.eastmoney.com/notices/detail/600715/AN202405201633874226.html
301042,安联锐视,安联锐视:2023年年度权益分派实施公告,分配方案实施,2024-05-21,https://data.eastmoney.com/notices/detail/301042/AN202405201633874247.html
003011,海象新材,海象新材:上海市锦天城律师事务所关于浙江海象新材料股份有限公司2023年年度股东大会的法律意见书,法律意见书,2024-05-21,https://data.eastmoney.com/notices/detail/003011/AN202405201633874299.html
003011,海象新材,海象新材:浙江海象新材料股份有限公司2023年年度股东大会决议的公告,分配方案决议公告,2024-05-21,https://data.eastmoney.com/notices/detail/003011/AN202405201633874298.html
002795,永和智控,永和智控:上海市锦天城(成都)律师事务所关于永和流体智控股份有限公司2023年年度股东大会之法律意见书,法律意见书,2024-05-21,https://data.eastmoney.com/notices/detail/002795/AN202405201633874295.html
002795,永和智控,永和智控:2023年年度股东大会决议公告,其他增发事项公告,2024-05-21,https://data.eastmoney.com/notices/detail/002795/AN202405201633874296.html
002795,永和智控,永和智控:关于拟回购注销部分限制性股票减资暨通知债权人的公告,公司注册资本变更,2024-05-21,https://data.eastmoney.com/notices/detail/002795/AN202405201633874297.html
002600,领益智造,领益智造:领益智造2023年度股东大会法律意见书,法律意见书,2024-05-21,https://data.eastmoney.com/notices/detail/002600/AN202405201633874294.html
002600,领益智造,领益智造:2023年度股东大会决议公告,分配方案决议公告,2024-05-21,https://data.eastmoney.com/notices/detail/002600/AN202405201633874293.html
002316,亚联发展,亚联发展:关于参加网上集体业绩说明会的公告,其他,2024-05-21,https://data.eastmoney.com/notices/detail/002316/AN202405201633874248.html
000568,泸州老窖,泸州老窖:2023年度社会责任报告(英文版),社会责任报告,2024-05-21,https://data.eastmoney.com/notices/detail/000568/AN202405201633874292.html
603273,天元智能,天元智能:北京市康达律师事务所关于江苏天元智能装备股份有限公司2023年年度股东大会的法律意见书,法律意见书,2024-05-21,https://data.eastmoney.com/notices/detail/603273/AN202405201633874195.html
601117,中国化学,中国化学:中国化学2023年年度股东大会法律意见书,法律意见书,2024-05-21,https://data.eastmoney.com/notices/detail/601117/AN202405201633874194.html
603273,天元智能,天元智能:2023年年度股东大会决议公告,分配方案决议公告,2024-05-21,https://data.eastmoney.com/notices/detail/603273/AN202405201633874196.html
601619,嘉泽新能,嘉泽新能:宁夏嘉泽新能源股份有限公司关于2023年度权益分派调整可转债转股价格的提示性公告,分配预案,2024-05-21,https://data.eastmoney.com/notices/detail/601619/AN202405201633874197.html
601117,中国化学,中国化学:中国化学2023年年度股东大会决议公告,分配方案决议公告,2024-05-21,https://data.eastmoney.com/notices/detail/601117/AN202405201633874198.html
603825,ST华扬,华扬联众:华扬联众数字技术股份有限公司2023年度股东大会决议公告,分配方案决议公告,2024-05-21,https://data.eastmoney.com/notices/detail/603825/AN202405201633874191.html
603825,ST华扬,华扬联众:北京市汉坤律师事务所关于华扬联众数字技术股份有限公司2023年度股东大会之法律意见书,法律意见书,2024-05-21,https://data.eastmoney.com/notices/detail/603825/AN202405201633874189.html
601877,正泰电器,正泰电器:正泰电器关于2024年度向关联方采购光伏组件预计金额的补充公告,其他,2024-05-21,https://data.eastmoney.com/notices/detail/601877/AN202405201633874190.html
688566,吉贝尔,吉贝尔:江苏吉贝尔药业股份有限公司独立董事关于第四届董事会第七次会议相关事项的独立意见,专项说明/独立意见,2024-05-21,https://data.eastmoney.com/notices/detail/688566/AN202405201633874175.html
688566,吉贝尔,吉贝尔:吉贝尔2023年年度股东大会决议公告,其他增发事项公告,2024-05-21,https://data.eastmoney.com/notices/detail/688566/AN202405201633874178.html
688566,吉贝尔,吉贝尔:吉贝尔第四届董事会第七次会议决议公告,董事会决议公告,2024-05-21,https://data.eastmoney.com/notices/detail/688566/AN202405201633874174.html
688566,吉贝尔,吉贝尔:北京市金杜(南京)律师事务所关于江苏吉贝尔药业股份有限公司2023年年度股东大会之法律意见书,法律意见书,2024-05-21,https://data.eastmoney.com/notices/detail/688566/AN202405201633874177.html
688566,吉贝尔,吉贝尔:吉贝尔第四届监事会第七次会议决议公告,监事会决议公告,2024-05-21,https://data.eastmoney.com/notices/detail/688566/AN202405201633874176.html
688566,吉贝尔,吉贝尔:吉贝尔关于获得发明专利的自愿性披露公告,获得认证,2024-05-21,https://data.eastmoney.com/notices/detail/688566/AN202405201633874179.html
603110,东方材料,东方材料:新东方新材料股份有限公司关于控股股东、实际控制人股份被轮候冻结的公告,股份质押、冻结,2024-05-21,https://data.eastmoney.com/notices/detail/603110/AN202405201633874173.html
603279,景津装备,景津装备:景津装备股份有限公司2023年年度股东大会决议公告,分配方案决议公告,2024-05-21,https://data.eastmoney.com/notices/detail/603279/AN202405201633874022.html
603279,景津装备,景津装备:景津装备股份有限公司关于2022年限制性股票激励计划第二个解除限售期的限制性股票解除限售暨上市流通公告,限售股份上市流通,2024-05-21,https://data.eastmoney.com/notices/detail/603279/AN202405201633874021.html
603279,景津装备,景津装备:北京市君致律师事务所关于景津装备股份有限公司2023年度股东大会的法律意见书,法律意见书,2024-05-21,https://data.eastmoney.com/notices/detail/603279/AN202405201633874023.html
603730,岱美股份,岱美股份:上海岱美汽车内饰件股份有限公司关于使用闲置募集资金暂时补充流动资金的公告,募集资金补充流动资金,2024-05-21,https://data.eastmoney.com/notices/detail/603730/AN202405201633874017.html
603730,岱美股份,岱美股份:2023年年度股东大会法律意见书,法律意见书,2024-05-21,https://data.eastmoney.com/notices/detail/603730/AN202405201633874011.html
603730,岱美股份,岱美股份:上海岱美汽车内饰件股份有限公司第六届董事会第十三次会议决议公告,董事会决议公告,2024-05-21,https://data.eastmoney.com/notices/detail/603730/AN202405201633874014.html
603730,岱美股份,岱美股份:中信建投证券股份有限公司关于上海岱美汽车内饰件股份有限公司使用部分闲置募集资金进行现金管理的核查意见,保荐/核查意见,2024-05-21,https://data.eastmoney.com/notices/detail/603730/AN202405201633874010.html
603730,岱美股份,岱美股份:上海岱美汽车内饰件股份有限公司关于公司部分董事、监事集中竞价减持股份计划公告,股东/实际控制人股份减持,2024-05-21,https://data.eastmoney.com/notices/detail/603730/AN202405201633874013.html
603730,岱美股份,岱美股份:上海岱美汽车内饰件股份有限公司第六届监事会第十一次会议决议公告,监事会决议公告,2024-05-21,https://data.eastmoney.com/notices/detail/603730/AN202405201633874018.html
603730,岱美股份,岱美股份:中信建投证券股份有限公司关于上海岱美汽车内饰件股份有限公司使用闲置募集资金暂时补充流动资金的核查意见,保荐/核查意见,2024-05-21,https://data.eastmoney.com/notices/detail/603730/AN202405201633874012.html
603730,岱美股份,岱美股份:上海岱美汽车内饰件股份有限公司2023年年度股东大会决议公告,分配方案决议公告,2024-05-21,https://data.eastmoney.com/notices/detail/603730/AN202405201633874015.html
603730,岱美股份,岱美股份:上海岱美汽车内饰件股份有限公司关于使用部分闲置募集资金进行现金管理的公告,投资理财,2024-05-21,https://data.eastmoney.com/notices/detail/603730/AN202405201633874016.html
688523,航天环宇,航天环宇:湖南启元律师事务所关于湖南航天环宇通信科技股份有限公司2023年年度股东大会的法律意见书,法律意见书,2024-05-21,https://data.eastmoney.com/notices/detail/688523/AN202405201633873955.html
688523,航天环宇,航天环宇:航天环宇2023年年度股东大会决议公告,分配方案决议公告,2024-05-21,https://data.eastmoney.com/notices/detail/688523/AN202405201633873954.html
002132,恒星科技,恒星科技:公司2023年度股东大会决议公告,分配方案决议公告,2024-05-21,https://data.eastmoney.com/notices/detail/002132/AN202405201633873941.html
002132,恒星科技,恒星科技:北京市君致律师事务所关于河南恒星科技股份有限公司2023年度股东大会的法律意见书,法律意见书,2024-05-21,https://data.eastmoney.com/notices/detail/002132/AN202405201633873942.html
001229,魅视科技,魅视科技:北京市金杜(广州)律师事务所关于广东魅视科技股份有限公司2023年度股东大会的法律意见书,法律意见书,2024-05-21,https://data.eastmoney.com/notices/detail/001229/AN202405201633873940.html
001229,魅视科技,魅视科技:2023年度股东大会决议公告,分配方案决议公告,2024-05-21,https://data.eastmoney.com/notices/detail/001229/AN202405201633873939.html
301488,豪恩汽电,豪恩汽电:北京市通商(深圳)律师事务所关于深圳市豪恩汽车电子装备股份有限公司2023年年度股东大会的法律意见书,法律意见书,2024-05-21,https://data.eastmoney.com/notices/detail/301488/AN202405201633873938.html
301488,豪恩汽电,豪恩汽电:2023年年度股东大会决议公告,分配方案决议公告,2024-05-21,https://data.eastmoney.com/notices/detail/301488/AN202405201633873937.html
600398,海澜之家,海澜之家:国浩律师(上海)事务所关于海澜之家集团股份有限公司2023年年度股东大会的法律意见书,法律意见书,2024-05-21,https://data.eastmoney.com/notices/detail/600398/AN202405201633873923.html
600230,沧州大化,沧州大化:018:沧州大化股份有限公司2023年年度股东大会决议公告,分配方案决议公告,2024-05-21,https://data.eastmoney.com/notices/detail/600230/AN202405201633873924.html
600398,海澜之家,海澜之家:海澜之家集团股份有限公司2023年年度股东大会决议公告,分配方案决议公告,2024-05-21,https://data.eastmoney.com/notices/detail/600398/AN202405201633873921.html
600230,沧州大化,沧州大化:019:沧州大化股份有限公司关于回购注销部分限制性股票通知债权人的公告,通知债权人公告,2024-05-21,https://data.eastmoney.com/notices/detail/600230/AN202405201633873922.html
600230,沧州大化,沧州大化:北京市嘉源律师事务所关于沧州大化股份有限公司2023年年度股东大会的法律意见书,法律意见书,2024-05-21,https://data.eastmoney.com/notices/detail/600230/AN202405201633873920.html
603188,亚邦股份,亚邦股份:亚邦股份2023年度股东大会会议资料,股东大会资料,2024-05-21,https://data.eastmoney.com/notices/detail/603188/AN202405201633873919.html
605168,三人行,三人行:关于选举公司监事会主席的公告,高管人员任职变动,2024-05-21,https://data.eastmoney.com/notices/detail/605168/AN202405201633873918.html
605168,三人行,三人行:第四届董事会第一次会议决议公告,高管人员任职变动,2024-05-21,https://data.eastmoney.com/notices/detail/605168/AN202405201633873915.html
605168,三人行,三人行:第四届监事会第一次会议决议公告,高管人员任职变动,2024-05-21,https://data.eastmoney.com/notices/detail/605168/AN202405201633873913.html
605168,三人行,三人行:上海市锦天城(北京)律师事务所关于三人行传媒集团股份有限公司2023年年度股东大会的法律意见书,法律意见书,2024-05-21,https://data.eastmoney.com/notices/detail/605168/AN202405201633873917.html
600225,退市卓朗,卓朗科技:北京市中伦律师事务所关于天津卓朗信息科技股份有限公司2023年年度股东大会的法律意见书,法律意见书,2024-05-21,https://data.eastmoney.com/notices/detail/600225/AN202405201633873914.html
605168,三人行,三人行:2023年年度股东大会决议公告,分配方案决议公告,2024-05-21,https://data.eastmoney.com/notices/detail/605168/AN202405201633873911.html
600225,退市卓朗,卓朗科技:天津卓朗信息科技股份有限公司2023年年度股东大会决议公告,分配方案决议公告,2024-05-21,https://data.eastmoney.com/notices/detail/600225/AN202405201633873912.html
605168,三人行,三人行:关于选举公司董事长、董事会专门委员会委员及聘任高级管理人员、证券事务代表的公告,高管人员任职变动,2024-05-21,https://data.eastmoney.com/notices/detail/605168/AN202405201633873916.html
603060,国检集团,国检集团:国检集团2023年年度股东大会决议公告,分配方案决议公告,2024-05-21,https://data.eastmoney.com/notices/detail/603060/AN202405201633873898.html
603060,国检集团,国检集团:北京观韬中茂律师事务所关于中国国检测试控股集团股份有限公司2023年年度股东大会的法律意见书,法律意见书,2024-05-21,https://data.eastmoney.com/notices/detail/603060/AN202405201633873899.html
605228,神通科技,神通科技:2023年年度股东大会决议公告,分配方案决议公告,2024-05-21,https://data.eastmoney.com/notices/detail/605228/AN202405201633873895.html
605228,神通科技,神通科技:关于2021年限制性股票激励计划首次授予部分第二个解除限售期与预留授予部分第一个解除限售期解除限售暨上市的公告,限售股份上市流通,2024-05-21,https://data.eastmoney.com/notices/detail/605228/AN202405201633873896.html
605228,神通科技,神通科技:国浩律师(杭州)事务所关于神通科技集团股份有限公司2023年年度股东大会之法律意见书,法律意见书,2024-05-21,https://data.eastmoney.com/notices/detail/605228/AN202405201633873897.html
300494,盛天网络,盛天网络:关于董事、高级管理人员股份减持计划的预披露公告,股东/实际控制人股份减持,2024-05-21,https://data.eastmoney.com/notices/detail/300494/AN202405201633873891.html
300726,宏达电子,宏达电子:2023年年度权益分派实施公告,分配方案实施,2024-05-21,https://data.eastmoney.com/notices/detail/300726/AN202405201633873890.html
600589,大位科技,*ST榕泰:关于公司部分董事及高级管理人员增持公司股份计划时间过半的进展公告,股东/实际控制人股份增持,2024-05-21,https://data.eastmoney.com/notices/detail/600589/AN202405201633873879.html
603759,海天股份,海天股份:海天股份关于权益分派实施公告,分配方案实施,2024-05-21,https://data.eastmoney.com/notices/detail/603759/AN202405201633873807.html
600551,时代出版,时代出版:时代出版2023年年度权益分派实施公告,分配方案实施,2024-05-21,https://data.eastmoney.com/notices/detail/600551/AN202405201633873810.html
603587,地素时尚,地素时尚:地素时尚关于董事、副总经理、董事会秘书辞职的公告,高管人员任职变动,2024-05-21,https://data.eastmoney.com/notices/detail/603587/AN202405201633873811.html
600642,申能股份,申能股份:申能股份有限公司关于第四十四次(2023年度)股东大会更正补充公告,其他,2024-05-21,https://data.eastmoney.com/notices/detail/600642/AN202405201633873808.html
600551,时代出版,时代出版:时代出版关于董事直系亲属短线交易及致歉的公告,致歉公告,2024-05-21,https://data.eastmoney.com/notices/detail/600551/AN202405201633873809.html
688722,同益中,同益中:同益中2023年年度权益分派实施公告,分配方案实施,2024-05-21,https://data.eastmoney.com/notices/detail/688722/AN202405201633873804.html
688390,固德威,固德威:股东询价转让计划书,询价转让计划书,2024-05-21,https://data.eastmoney.com/notices/detail/688390/AN202405201633873805.html
688390,固德威,固德威:中国国际金融股份有限公司关于固德威技术股份有限公司股东向特定机构投资者询价转让股份相关资格的核查意见,询价转让核查报告/意见,2024-05-21,https://data.eastmoney.com/notices/detail/688390/AN202405201633873806.html
003020,立方制药,立方制药:2023年度权益分派实施公告,分配方案实施,2024-05-21,https://data.eastmoney.com/notices/detail/003020/AN202405201633873789.html
002750,龙津退,*ST龙津:股票交易严重异常波动公告,股票交易异常波动,2024-05-21,https://data.eastmoney.com/notices/detail/002750/AN202405201633873790.html
002585,双星新材,双星新材:关于召开公司2023年年度股东大会的提示性公告,召开股东大会提示性公告,2024-05-21,https://data.eastmoney.com/notices/detail/002585/AN202405201633873788.html
002270,华明装备,华明装备:2023年年度权益分派实施公告,分配方案实施,2024-05-21,https://data.eastmoney.com/notices/detail/002270/AN202405201633873791.html
688032,禾迈股份,禾迈股份:浙江天册律师事务所关于杭州禾迈电力电子股份有限公司2023年年度股东大会的法律意见书,法律意见书,2024-05-21,https://data.eastmoney.com/notices/detail/688032/AN202405201633873787.html
688032,禾迈股份,禾迈股份:2023年年度股东大会决议公告,分配方案决议公告,2024-05-21,https://data.eastmoney.com/notices/detail/688032/AN202405201633873786.html
600641,先导基电,万业企业:上海万业企业股份有限公司关于召开2023年度暨2024年第一季度业绩说明会的公告,其他,2024-05-21,https://data.eastmoney.com/notices/detail/600641/AN202405201633873783.html
603093,南华期货,南华期货:南华期货股份有限公司2023年年度权益分派实施公告,分配方案实施,2024-05-21,https://data.eastmoney.com/notices/detail/603093/AN202405201633873785.html
600641,先导基电,万业企业:上海万业企业股份有限公司关于股份回购实施结果暨股份变动的公告,股本变动,2024-05-21,https://data.eastmoney.com/notices/detail/600641/AN202405201633873784.html
603183,建研院,建研院:2023年年度权益分派实施公告,分配方案实施,2024-05-21,https://data.eastmoney.com/notices/detail/603183/AN202405201633873768.html
600095,湘财股份,湘财股份:北京金杜律师事务所关于湘财股份有限公司2023年度差异化权益分派之专项法律意见书,法律意见书,2024-05-21,https://data.eastmoney.com/notices/detail/600095/AN202405201633873769.html
600095,湘财股份,湘财股份:湘财股份有限公司2023年年度权益分派实施公告,分配方案实施,2024-05-21,https://data.eastmoney.com/notices/detail/600095/AN202405201633873770.html
600340,*ST华幸,华夏幸福:华夏幸福第八届董事会第二十一次会议决议公告,董事会决议公告,2024-05-21,https://data.eastmoney.com/notices/detail/600340/AN202405201633873653.html
603919,金徽酒,金徽酒:金徽酒股份有限公司关于完成工商变更登记并换发营业执照的公告,公司经营范围变更,2024-05-21,https://data.eastmoney.com/notices/detail/603919/AN202405201633873650.html
603919,金徽酒,金徽酒:金徽酒股份有限公司关于变更非公开发行股票持续督导保荐代表人的公告,保荐代表人（机构）变更,2024-05-21,https://data.eastmoney.com/notices/detail/603919/AN202405201633873649.html
600340,*ST华幸,华夏幸福:深圳市伙伴产业服务有限公司审计报告,其他,2024-05-21,https://data.eastmoney.com/notices/detail/600340/AN202405201633873652.html
600340,*ST华幸,华夏幸福:幸福基业物业服务有限公司审计报告,其他,2024-05-21,https://data.eastmoney.com/notices/detail/600340/AN202405201633873651.html
600340,*ST华幸,华夏幸福:苏州火炬创新创业孵化管理有限公司审计报告,其他,2024-05-21,https://data.eastmoney.com/notices/detail/600340/AN202405201633873643.html
600340,*ST华幸,华夏幸福:华夏幸福关于召开2024年第三次临时股东大会通知,召开股东大会通知,2024-05-21,https://data.eastmoney.com/notices/detail/600340/AN202405201633873646.html
603919,金徽酒,金徽酒:金徽酒股份有限公司关于调整回购股份价格上限的公告,回购方案修订,2024-05-21,https://data.eastmoney.com/notices/detail/603919/AN202405201633873647.html
603919,金徽酒,金徽酒:金徽酒股份有限公司关于持股5%以上股东解除股份质押及继续质押的公告,股份质押、冻结,2024-05-21,https://data.eastmoney.com/notices/detail/603919/AN202405201633873648.html
600340,*ST华幸,华夏幸福:华夏幸福关于相关事项的进展公告,其他,2024-05-21,https://data.eastmoney.com/notices/detail/600340/AN202405201633873645.html
600340,*ST华幸,华夏幸福:关于华夏幸福基业股份有限公司下属“幸福精选”平台之估值报告,其他,2024-05-21,https://data.eastmoney.com/notices/detail/600340/AN202405201633873642.html
600340,*ST华幸,华夏幸福:华夏幸福关于优化并增加以下属公司股权份额实施债务重组的公告,债务重组,2024-05-21,https://data.eastmoney.com/notices/detail/600340/AN202405201633873644.html
002100,天康生物,天康生物:关于天康生物股份有限公司2023年年度股东大会之法律意见书,法律意见书,2024-05-21,https://data.eastmoney.com/notices/detail/002100/AN202405201633873780.html
002100,天康生物,天康生物:2023年年度股东大会决议公告,分配方案决议公告,2024-05-21,https://data.eastmoney.com/notices/detail/002100/AN202405201633873781.html
002631,德尔未来,德尔未来:关于实际控制人股份被冻结的进展情况公告,股份质押、冻结,2024-05-21,https://data.eastmoney.com/notices/detail/002631/AN202405201633873612.html
002631,德尔未来,德尔未来:关于可转债转股价格调整的公告,其他,2024-05-21,https://data.eastmoney.com/notices/detail/002631/AN202405201633873613.html
002631,德尔未来,德尔未来:2023年度分红派息实施公告,分配方案实施,2024-05-21,https://data.eastmoney.com/notices/detail/002631/AN202405201633873610.html
002631,德尔未来,德尔未来:第五届董事会第十六次会议决议公告,董事会决议公告,2024-05-21,https://data.eastmoney.com/notices/detail/002631/AN202405201633873611.html
300255,常山药业,常山药业:北京国枫(深圳)律师事务所关于公司2023年度股东大会的法律意见书,法律意见书,2024-05-21,https://data.eastmoney.com/notices/detail/300255/AN202405201633873609.html
300255,常山药业,常山药业:2023年度股东大会决议公告,其他增发事项公告,2024-05-21,https://data.eastmoney.com/notices/detail/300255/AN202405201633873608.html
300860,锋尚文化,锋尚文化:关于2023年年度权益分派实施后调整回购股份价格上限的公告,回购方案修订,2024-05-21,https://data.eastmoney.com/notices/detail/300860/AN202405201633873607.html
600362,江西铜业,江西铜业:江西铜业股份有限公司关于股份回购完成暨回购实施结果的公告.docx,回购实施公告,2024-05-21,https://data.eastmoney.com/notices/detail/600362/AN202405201633873560.html
688485,九州一轨,九州一轨:北京金诚同达律师事务所关于北京九州一轨环境科技股份有限公司2023年年度股东大会的法律意见书,法律意见书,2024-05-21,https://data.eastmoney.com/notices/detail/688485/AN202405201633873573.html
688485,九州一轨,九州一轨:北京九州一轨环境科技股份有限公司2023年年度股东大会决议公告,分配方案决议公告,2024-05-21,https://data.eastmoney.com/notices/detail/688485/AN202405201633873574.html
600266,城建发展,城建发展:城建发展关于取得通州区老城范围内平房棚户区改造项目一期实施主体授权批复的公告,其他,2024-05-21,https://data.eastmoney.com/notices/detail/600266/AN202405201633873563.html
600153,建发股份,建发股份:建发股份关于2022年限制性股票激励计划首次授予部分第一个解除限售期限制性股票解锁暨上市的公告,限售股份上市流通,2024-05-21,https://data.eastmoney.com/notices/detail/600153/AN202405201633873565.html
600266,城建发展,城建发展:控股股东对股票交易异常波动的问询函的回复函,回复问询函公告,2024-05-21,https://data.eastmoney.com/notices/detail/600266/AN202405201633873567.html
600266,城建发展,城建发展:城建发展关于2024-2025年度财务资助事项授权的公告,获得补贴（资助）,2024-05-21,https://data.eastmoney.com/notices/detail/600266/AN202405201633873564.html
600266,城建发展,城建发展:城建发展关于召开2023年年度股东大会的通知,召开股东大会通知,2024-05-21,https://data.eastmoney.com/notices/detail/600266/AN202405201633873568.html
600266,城建发展,城建发展:城建发展第八届董事会第五十三次会议决议公告,董事会决议公告,2024-05-21,https://data.eastmoney.com/notices/detail/600266/AN202405201633873570.html
600266,城建发展,城建发展:城建发展关于2024-2025年度担保授权的公告,其他担保公告,2024-05-21,https://data.eastmoney.com/notices/detail/600266/AN202405201633873569.html
600266,城建发展,城建发展:城建发展股票交易异常波动公告,股票交易异常波动,2024-05-21,https://data.eastmoney.com/notices/detail/600266/AN202405201633873566.html
603259,药明康德,药明康德:H股公告(翌日披露报表),其他,2024-05-21,https://data.eastmoney.com/notices/detail/603259/AN202405201633873571.html
603569,长久物流,长久物流:关于实施2023年度权益分派时停止转股的提示性公告,其他,2024-05-21,https://data.eastmoney.com/notices/detail/603569/AN202405201633873572.html
000501,武商集团,武商集团:武商集团董事会议事规则,议事规则/实施细则,2024-05-21,https://data.eastmoney.com/notices/detail/000501/AN202405201633873598.html
000501,武商集团,武商集团:独立董事制度,管理办法/制度,2024-05-21,https://data.eastmoney.com/notices/detail/000501/AN202405201633873601.html
000501,武商集团,武商集团:股东大会议事规则,议事规则/实施细则,2024-05-21,https://data.eastmoney.com/notices/detail/000501/AN202405201633873602.html
000501,武商集团,武商集团:武商集团公司章程,公司章程,2024-05-21,https://data.eastmoney.com/notices/detail/000501/AN202405201633873603.html
000501,武商集团,武商集团:武商集团2023年度股东大会法律意见书,法律意见书,2024-05-21,https://data.eastmoney.com/notices/detail/000501/AN202405201633873599.html
000501,武商集团,武商集团:武商集团2023年度股东大会决议公告,分配方案决议公告,2024-05-21,https://data.eastmoney.com/notices/detail/000501/AN202405201633873600.html
600297,广汇汽车,广汇汽车:广汇汽车服务集团股份公司关于2023年度暨2024年第一季度业绩说明会情况的公告,其他,2024-05-21,https://data.eastmoney.com/notices/detail/600297/AN202405201633873561.html
603611,诺力股份,诺力股份:诺力股份2023年年度权益分派实施公告,分配方案实施,2024-05-21,https://data.eastmoney.com/notices/detail/603611/AN202405201633873557.html
600297,广汇汽车,广汇汽车:广汇汽车服务集团股份公司公开发行可转换公司债券受托管理事务报告(2023年度),其他,2024-05-21,https://data.eastmoney.com/notices/detail/600297/AN202405201633873558.html
600674,川投能源,川投能源:四川川投能源股份有限公司关于使用部分闲置募集资金购买理财产品到期赎回的公告,投资理财,2024-05-21,https://data.eastmoney.com/notices/detail/600674/AN202405201633873559.html
603166,福达股份,福达股份:福达股份关于股份回购实施结果暨股份变动的公告,股本变动,2024-05-21,https://data.eastmoney.com/notices/detail/603166/AN202405201633873533.html
605499,东鹏饮料,东鹏饮料:东鹏饮料(集团)股份有限公司关于使用部分闲置募集资金进行现金管理的进展公告,募集资金使用进展情况,2024-05-21,https://data.eastmoney.com/notices/detail/605499/AN202405201633873534.html
600808,马钢股份,马钢股份:马钢股份2023年年度股东大会会议资料,股东大会资料,2024-05-21,https://data.eastmoney.com/notices/detail/600808/AN202405201633873506.html
002059,云南旅游,云南旅游:公司第八届董事会第十一次会议决议公告,董事会决议公告,2024-05-21,https://data.eastmoney.com/notices/detail/002059/AN202405201633873541.html
002809,红墙股份,红墙股份:2023年年度股东大会决议公告,分配方案决议公告,2024-05-21,https://data.eastmoney.com/notices/detail/002809/AN202405201633873542.html
000903,ST云动,云内动力:云南澜湄律师事务所关于昆明云内动力股份有限公司2023年年度股东大会的法律意见书,法律意见书,2024-05-21,https://data.eastmoney.com/notices/detail/000903/AN202405201633873540.html
603178,圣龙股份,圣龙股份:圣龙股份2023年年度股东大会会议资料,股东大会资料,2024-05-21,https://data.eastmoney.com/notices/detail/603178/AN202405201633873507.html
002809,红墙股份,红墙股份:广东华商(龙岗)律师事务所关于广东红墙新材料股份有限公司2023年年度股东大会的法律意见书,法律意见书,2024-05-21,https://data.eastmoney.com/notices/detail/002809/AN202405201633873494.html
003007,直真科技,直真科技:2023年年度股东大会决议公告,分配方案决议公告,2024-05-21,https://data.eastmoney.com/notices/detail/003007/AN202405201633873488.html
000903,ST云动,云内动力:关于变更签字注册会计师的更正公告,其他,2024-05-21,https://data.eastmoney.com/notices/detail/000903/AN202405201633873487.html
000903,ST云动,云内动力:2023年年度股东大会决议公告,分配方案决议公告,2024-05-21,https://data.eastmoney.com/notices/detail/000903/AN202405201633873486.html
003007,直真科技,直真科技:北京植德律师事务所关于北京直真科技股份有限公司2023年年度股东大会的法律意见书,法律意见书,2024-05-21,https://data.eastmoney.com/notices/detail/003007/AN202405201633873489.html
002731,*ST萃华,萃华珠宝:北京金诚同达(沈阳)律师事务所关于萃华珠宝2023年度大会的法律意见书,法律意见书,2024-05-21,https://data.eastmoney.com/notices/detail/002731/AN202405201633873491.html
002731,*ST萃华,萃华珠宝:2023年年度股东大会决议公告,其他增发事项公告,2024-05-21,https://data.eastmoney.com/notices/detail/002731/AN202405201633873490.html
002124,天邦食品,ST天邦:天邦食品2023年年度股东大会的法律意见书,法律意见书,2024-05-21,https://data.eastmoney.com/notices/detail/002124/AN202405201633873493.html
002124,天邦食品,ST天邦:2023年年度股东大会决议公告,分配方案决议公告,2024-05-21,https://data.eastmoney.com/notices/detail/002124/AN202405201633873492.html
002059,云南旅游,云南旅游:云南旅游股份有限公司关于组织架构调整的公告,其他,2024-05-21,https://data.eastmoney.com/notices/detail/002059/AN202405201633873495.html
600580,卧龙电驱,卧龙电驱:卧龙电驱2023年年度股东大会决议公告,分配方案决议公告,2024-05-21,https://data.eastmoney.com/notices/detail/600580/AN202405201633873409.html
600580,卧龙电驱,卧龙电驱:北京君合(杭州)律师事务所关于卧龙电气驱动集团股份有限公司2023年年度股东大会之法律意见书,法律意见书,2024-05-21,https://data.eastmoney.com/notices/detail/600580/AN202405201633873410.html
300488,恒锋工具,恒锋工具:关于可转换公司债券转股价格调整的公告,其他,2024-05-21,https://data.eastmoney.com/notices/detail/300488/AN202405201633873450.html
300488,恒锋工具,恒锋工具:关于2023年年度权益分派实施后调整回购股份价格上限的公告,回购方案修订,2024-05-21,https://data.eastmoney.com/notices/detail/300488/AN202405201633873451.html
300488,恒锋工具,恒锋工具:2023年年度权益分派实施公告,分配方案实施,2024-05-21,https://data.eastmoney.com/notices/detail/300488/AN202405201633873452.html
002952,亚世光电,亚世光电:关于亚世光电(集团)股份有限公司2023年度股东大会的法律意见书,法律意见书,2024-05-21,https://data.eastmoney.com/notices/detail/002952/AN202405201633873448.html
002952,亚世光电,亚世光电:2023年度股东大会决议公告,分配方案决议公告,2024-05-21,https://data.eastmoney.com/notices/detail/002952/AN202405201633873449.html
002151,北斗星通,北斗星通:关于2021年限制性股票激励计划部分限制性股票回购注销完成的公告,股本变动,2024-05-21,https://data.eastmoney.com/notices/detail/002151/AN202405201633873447.html
000997,新大陆,新大陆:关于控股股东股份质押的公告,股份质押、冻结,2024-05-21,https://data.eastmoney.com/notices/detail/000997/AN202405201633873446.html
000980,众泰汽车,众泰汽车:关于对深圳证券交易所2023年年报问询函回复的公告,回复问询函公告,2024-05-21,https://data.eastmoney.com/notices/detail/000980/AN202405201633873445.html
000972,中基健康,中基健康:中基健康关于董事长因非本公司事项收到《行政处罚决定书》的公告,处罚,2024-05-21,https://data.eastmoney.com/notices/detail/000972/AN202405201633873444.html
000532,华金资本,华金资本:关于举办2023年度暨2024年第一季度业绩说明会的公告,其他,2024-05-21,https://data.eastmoney.com/notices/detail/000532/AN202405201633873443.html
603757,大元泵业,大元泵业:上海市锦天城律师事务所关于浙江大元泵业股份有限公司2023年年度股东大会的法律意见书,法律意见书,2024-05-21,https://data.eastmoney.com/notices/detail/603757/AN202405201633873256.html
603757,大元泵业,大元泵业:浙江大元泵业股份有限公司2023年年度股东大会决议公告,分配方案决议公告,2024-05-21,https://data.eastmoney.com/notices/detail/603757/AN202405201633873255.html
688282,理工导航,*ST导航:北京市嘉源律师事务所关于北京理工导航控制科技股份有限公司2023年年度股东大会的法律意见书,法律意见书,2024-05-21,https://data.eastmoney.com/notices/detail/688282/AN202405201633873235.html
688282,理工导航,*ST导航:北京理工导航控制科技股份有限公司2023年年度股东大会决议公告,分配方案决议公告,2024-05-21,https://data.eastmoney.com/notices/detail/688282/AN202405201633873234.html
300910,瑞丰新材,瑞丰新材:2023年度权益分派实施公告,分配方案实施,2024-05-21,https://data.eastmoney.com/notices/detail/300910/AN202405201633873232.html
002625,光启技术,光启技术:内部审计制度(2024年5月),管理办法/制度,2024-05-21,https://data.eastmoney.com/notices/detail/002625/AN202405201633873241.html
002625,光启技术,光启技术:关于变更独立董事的公告,高管人员任职变动,2024-05-21,https://data.eastmoney.com/notices/detail/002625/AN202405201633873238.html
002625,光启技术,光启技术:光启技术股份有限公司独立董事候选人声明与承诺,独立董事候选人声明,2024-05-21,https://data.eastmoney.com/notices/detail/002625/AN202405201633873239.html
002625,光启技术,光启技术:光启技术股份有限公司独立董事提名人声明与承诺,独立董事提名人声明,2024-05-21,https://data.eastmoney.com/notices/detail/002625/AN202405201633873240.html
002625,光启技术,光启技术:关于2023年度股东大会新增提案暨召开2023年度股东大会通知的补充公告,增加股东大会议案,2024-05-21,https://data.eastmoney.com/notices/detail/002625/AN202405201633873237.html
002625,光启技术,光启技术:第五届董事会第七次会议决议公告,高管人员任职变动,2024-05-21,https://data.eastmoney.com/notices/detail/002625/AN202405201633873242.html
002413,雷科防务,雷科防务:关于雷科定022024年付息公告,其他,2024-05-21,https://data.eastmoney.com/notices/detail/002413/AN202405201633873236.html
000155,川能动力,川能动力:关于监事亲属短线交易及致歉公告,致歉公告,2024-05-21,https://data.eastmoney.com/notices/detail/000155/AN202405201633873233.html
603089,正裕工业,正裕工业:公司章程(2023年年度股东大会审议通过),公司章程,2024-05-21,https://data.eastmoney.com/notices/detail/603089/AN202405201633873184.html
603089,正裕工业,正裕工业:关联交易管理制度(2024年5月修订),管理办法/制度,2024-05-21,https://data.eastmoney.com/notices/detail/603089/AN202405201633873183.html
603089,正裕工业,正裕工业:会计师事务所选聘制度,管理办法/制度,2024-05-21,https://data.eastmoney.com/notices/detail/603089/AN202405201633873185.html
603089,正裕工业,正裕工业:独立董事工作制度(2024年5月修订),管理办法/制度,2024-05-21,https://data.eastmoney.com/notices/detail/603089/AN202405201633873189.html
603089,正裕工业,正裕工业:2023年年度股东大会决议公告,分配方案决议公告,2024-05-21,https://data.eastmoney.com/notices/detail/603089/AN202405201633873188.html
603089,正裕工业,正裕工业:募集资金管理办法(2024年5月修订),管理办法/制度,2024-05-21,https://data.eastmoney.com/notices/detail/603089/AN202405201633873187.html
603089,正裕工业,正裕工业:董事会议事规则(2024年5月修订),议事规则/实施细则,2024-05-21,https://data.eastmoney.com/notices/detail/603089/AN202405201633873186.html
603089,正裕工业,正裕工业:北京植德(上海)律师事务所关于浙江正裕工业股份有限公司2023年年度股东大会的法律意见书,法律意见书,2024-05-21,https://data.eastmoney.com/notices/detail/603089/AN202405201633873182.html
603567,珍宝岛,珍宝岛:黑龙江珍宝岛药业股份有限公司2023年年度股东大会决议公告,分配方案决议公告,2024-05-21,https://data.eastmoney.com/notices/detail/603567/AN202405201633872801.html
603567,珍宝岛,珍宝岛:北京市兰台律师事务所关于黑龙江珍宝岛药业股份有限公司2023年年度股东大会的法律意见书,法律意见书,2024-05-21,https://data.eastmoney.com/notices/detail/603567/AN202405201633872800.html
300709,精研科技,精研科技:2023年年度权益分派实施公告,分配方案实施,2024-05-21,https://data.eastmoney.com/notices/detail/300709/AN202405201633872537.html
002892,科力尔,科力尔:关于5%以上股东在一致行动人之间内部转让股份计划的提示性公告,股权转让,2024-05-21,https://data.eastmoney.com/notices/detail/002892/AN202405201633872536.html
002772,众兴菌业,众兴菌业:关于持股5%以上股东股份解除质押的公告,股份质押、冻结,2024-05-21,https://data.eastmoney.com/notices/detail/002772/AN202405201633872535.html
002615,哈尔斯,哈尔斯:关于完成工商变更登记的公告,公司注册资本变更,2024-05-21,https://data.eastmoney.com/notices/detail/002615/AN202405201633872534.html
001283,豪鹏科技,豪鹏科技:关于回购公司股份比例达到3%的进展公告,回购进展情况,2024-05-21,https://data.eastmoney.com/notices/detail/001283/AN202405201633872533.html
603728,鸣志电器,鸣志电器:关于持股5%以上股东减持股份计划公告,股东/实际控制人股份减持,2024-05-21,https://data.eastmoney.com/notices/detail/603728/AN202405201633872495.html
600203,福日电子,福日电子:福建闽天律师事务所关于福建福日电子股份有限公司2023年度股东大会的法律意见书,法律意见书,2024-05-21,https://data.eastmoney.com/notices/detail/600203/AN202405201633872494.html
600203,福日电子,福日电子:福建福日电子股份有限公司2023年年度股东大会决议公告,分配方案决议公告,2024-05-21,https://data.eastmoney.com/notices/detail/600203/AN202405201633872496.html
603341,龙旗科技,龙旗科技:德恒上海律师事务所关于龙旗科技2023年年度股东大会之见证法律意见书,法律意见书,2024-05-21,https://data.eastmoney.com/notices/detail/603341/AN202405201633872487.html
603595,ST东尼,东尼电子:上海市锦天城律师事务所关于浙江东尼电子股份有限公司2023年年度股东大会的法律意见书,法律意见书,2024-05-21,https://data.eastmoney.com/notices/detail/603595/AN202405201633872486.html
603595,ST东尼,东尼电子:东尼电子2023年年度股东大会决议公告,分配方案决议公告,2024-05-21,https://data.eastmoney.com/notices/detail/603595/AN202405201633872484.html
603341,龙旗科技,龙旗科技:2023年年度股东大会决议公告,分配方案决议公告,2024-05-21,https://data.eastmoney.com/notices/detail/603341/AN202405201633872485.html
688275,万润新能,万润新能:北京市中伦律师事务所关于湖北万润新能源科技股份有限公司2023年年度股东大会的法律意见书,法律意见书,2024-05-21,https://data.eastmoney.com/notices/detail/688275/AN202405201633872345.html
688275,万润新能,万润新能:2023年年度股东大会决议公告,分配方案决议公告,2024-05-21,https://data.eastmoney.com/notices/detail/688275/AN202405201633872344.html
688222,成都先导,成都先导:成都先导药物开发股份有限公司股东询价转让定价情况提示性公告,询价转让定价情况提示性公告,2024-05-21,https://data.eastmoney.com/notices/detail/688222/AN202405201633872347.html
688275,万润新能,万润新能:东海证券股份有限公司关于湖北万润新能源科技股份有限公司核心技术人员离职的核查意见,保荐/核查意见,2024-05-21,https://data.eastmoney.com/notices/detail/688275/AN202405201633872346.html
688275,万润新能,万润新能:关于核心技术人员离职的公告,高管人员任职变动,2024-05-21,https://data.eastmoney.com/notices/detail/688275/AN202405201633872343.html
300586,美联新材,美联新材:2023年度股东大会决议公告,分配方案决议公告,2024-05-21,https://data.eastmoney.com/notices/detail/300586/AN202405201633872350.html
300586,美联新材,美联新材:2023年度股东大会法律意见书,法律意见书,2024-05-21,https://data.eastmoney.com/notices/detail/300586/AN202405201633872351.html
300586,美联新材,美联新材:关于完成补选非独立董事的公告,高管人员任职变动,2024-05-21,https://data.eastmoney.com/notices/detail/300586/AN202405201633872349.html
600163,中闽能源,中闽能源:中闽能源2023年年度股东大会决议公告,其他增发事项公告,2024-05-21,https://data.eastmoney.com/notices/detail/600163/AN202405201633872303.html
605089,味知香,味知香:会计师事务所选聘制度,管理办法/制度,2024-05-21,https://data.eastmoney.com/notices/detail/605089/AN202405201633872302.html
605089,味知香,味知香:2023年年度股东大会决议公告,分配方案决议公告,2024-05-21,https://data.eastmoney.com/notices/detail/605089/AN202405201633872305.html
600163,中闽能源,中闽能源:中闽能源第九届董事会第九次临时会议决议公告,董事会决议公告,2024-05-21,https://data.eastmoney.com/notices/detail/600163/AN202405201633872307.html
605089,味知香,味知香:公司章程(2024年5月修订),公司章程修订,2024-05-21,https://data.eastmoney.com/notices/detail/605089/AN202405201633872301.html
605089,味知香,味知香:北京国枫律师事务所关于苏州市味知香食品股份有限公司2023年年度股东大会的法律意见书,法律意见书,2024-05-21,https://data.eastmoney.com/notices/detail/605089/AN202405201633872306.html
600163,中闽能源,中闽能源:北京市盈科(福州)律师事务所关于中闽能源2023年年度股东大会的法律意见书,法律意见书,2024-05-21,https://data.eastmoney.com/notices/detail/600163/AN202405201633872304.html
601858,中国科传,中国科传:中国科技出版传媒股份有限公司2023年年度股东大会决议公告,分配方案决议公告,2024-05-21,https://data.eastmoney.com/notices/detail/601858/AN202405201633872271.html
603915,国茂股份,国茂股份:国浩律师(北京)事务所关于江苏国茂减速机股份有限公司2023年年度股东大会的法律意见书,法律意见书,2024-05-21,https://data.eastmoney.com/notices/detail/603915/AN202405201633872273.html
603915,国茂股份,国茂股份:国茂股份关于回购注销部分限制性股票通知债权人的公告,通知债权人公告,2024-05-21,https://data.eastmoney.com/notices/detail/603915/AN202405201633872270.html
603915,国茂股份,国茂股份:国茂股份2023年年度股东大会决议公告,分配方案决议公告,2024-05-21,https://data.eastmoney.com/notices/detail/603915/AN202405201633872269.html
601858,中国科传,中国科传:北京德恒律师事务所关于中国科技出版传媒股份有限公司2023年年度股东大会的法律意见,法律意见书,2024-05-21,https://data.eastmoney.com/notices/detail/601858/AN202405201633872272.html
002327,富安娜,富安娜:关于聘任公司财务负责人及董事会秘书的公告,高管人员任职变动,2024-05-21,https://data.eastmoney.com/notices/detail/002327/AN202405201633872252.html
001266,宏英智能,宏英智能:关于董事亲属短线交易及致歉的公告,致歉公告,2024-05-21,https://data.eastmoney.com/notices/detail/001266/AN202405201633872251.html
000096,广聚能源,广聚能源:关于收购控股子公司少数股权的公告,收购出售资产/股权,2024-05-21,https://data.eastmoney.com/notices/detail/000096/AN202405201633872250.html
603345,安井食品,安井食品:上海市方达律师事务所关于安井食品集团股份有限公司2023年度股东大会的法律意见书,法律意见书,2024-05-21,https://data.eastmoney.com/notices/detail/603345/AN202405201633872236.html
603345,安井食品,安井食品:安井食品关于使用暂时闲置募集资金进行现金管理到期赎回并继续进行现金管理的公告,投资理财,2024-05-21,https://data.eastmoney.com/notices/detail/603345/AN202405201633872237.html
603345,安井食品,安井食品:安井食品2023年年度股东大会决议公告,分配方案决议公告,2024-05-21,https://data.eastmoney.com/notices/detail/603345/AN202405201633872238.html
603985,恒润股份,恒润股份:江阴市恒润重工股份有限公司2023年年度股东大会决议公告,分配方案决议公告,2024-05-21,https://data.eastmoney.com/notices/detail/603985/AN202405201633872216.html
603878,武进不锈,武进不锈:国泰君安证券股份有限公司关于江苏武进不锈股份有限公司董事长发生变动的临时受托管理事务报告,高管人员任职变动,2024-05-21,https://data.eastmoney.com/notices/detail/603878/AN202405201633872210.html
603878,武进不锈,武进不锈:江苏武进不锈股份有限公司向不特定对象发行可转换公司债券受托管理事务报告(2023年度),其他,2024-05-21,https://data.eastmoney.com/notices/detail/603878/AN202405201633872212.html
603985,恒润股份,恒润股份:北京市嘉源律师事务所关于江阴市恒润重工股份有限公司2023年年度股东大会的法律意见书,法律意见书,2024-05-21,https://data.eastmoney.com/notices/detail/603985/AN202405201633872215.html
605123,派克新材,派克新材:江苏世纪同仁律师事务所关于派克新材2023年年度股东大会的法律意见书,法律意见书,2024-05-21,https://data.eastmoney.com/notices/detail/605123/AN202405201633872213.html
603638,艾迪精密,艾迪精密:北京植德律师事务所关于烟台艾迪精密机械股份有限公司2023年年度股东大会的法律意见书,法律意见书,2024-05-21,https://data.eastmoney.com/notices/detail/603638/AN202405201633872208.html
603638,艾迪精密,艾迪精密:艾迪精密公司章程,公司章程,2024-05-21,https://data.eastmoney.com/notices/detail/603638/AN202405201633872211.html
605123,派克新材,派克新材:派克新材2023年年度股东大会决议公告,分配方案决议公告,2024-05-21,https://data.eastmoney.com/notices/detail/605123/AN202405201633872214.html
603878,武进不锈,武进不锈:中证鹏元资信评估股份有限公司关于关注江苏武进不锈股份有限公司董事长辞职事项的公告,高管人员任职变动,2024-05-21,https://data.eastmoney.com/notices/detail/603878/AN202405201633872217.html
603638,艾迪精密,艾迪精密:艾迪精密2023年度股东大会决议公告,分配方案决议公告,2024-05-21,https://data.eastmoney.com/notices/detail/603638/AN202405201633872209.html
688239,航宇科技,航宇科技:大信会计师事务所(特殊普通合伙)关于贵州航宇科技发展股份有限公司向不特定对象发行可转换公司债券申请文件的落实函的回复,会计师事务所问询函回复公告,2024-05-21,https://data.eastmoney.com/notices/detail/688239/AN202405201633872203.html
688239,航宇科技,航宇科技:航宇科技2023年年度股东大会决议公告,分配方案决议公告,2024-05-21,https://data.eastmoney.com/notices/detail/688239/AN202405201633872204.html
688239,航宇科技,航宇科技:泰和泰(贵阳)律师事务所关于贵州航宇科技发展股份有限公司2023年年度股东大会之见证法律意见书,法律意见书,2024-05-21,https://data.eastmoney.com/notices/detail/688239/AN202405201633872205.html
688239,航宇科技,航宇科技:航宇科技关于收到并回复上海证券交易所《关于贵州航宇科技发展股份有限公司向不特定对象发行可转债的审核中心意见落实函》的提示性公告,其他,2024-05-21,https://data.eastmoney.com/notices/detail/688239/AN202405201633872207.html
688239,航宇科技,航宇科技:关于贵州航宇科技发展股份有限公司向不特定对象发行可转债的审核中心意见落实函的回复报告,其他,2024-05-21,https://data.eastmoney.com/notices/detail/688239/AN202405201633872206.html
601005,重庆钢铁,重庆钢铁:第九届监事会第二十一次会议决议的公告,高管人员任职变动,2024-05-21,https://data.eastmoney.com/notices/detail/601005/AN202405201633872102.html
601005,重庆钢铁,重庆钢铁:独立董事提名人声明与承诺(唐萍),独立董事提名人声明,2024-05-21,https://data.eastmoney.com/notices/detail/601005/AN202405201633872099.html
601005,重庆钢铁,重庆钢铁:第九届董事会第三十五次会议决议公告,高管人员任职变动,2024-05-21,https://data.eastmoney.com/notices/detail/601005/AN202405201633872103.html
601005,重庆钢铁,重庆钢铁:独立董事候选人声明与承诺(盛学军),独立董事候选人声明,2024-05-21,https://data.eastmoney.com/notices/detail/601005/AN202405201633872108.html
601005,重庆钢铁,重庆钢铁:独立董事候选人声明与承诺(郭杰斌),独立董事候选人声明,2024-05-21,https://data.eastmoney.com/notices/detail/601005/AN202405201633872105.html
601005,重庆钢铁,重庆钢铁:独立董事提名人声明与承诺(郭杰斌),独立董事提名人声明,2024-05-21,https://data.eastmoney.com/notices/detail/601005/AN202405201633872107.html
601005,重庆钢铁,重庆钢铁:独立董事提名人声明与承诺(盛学军),独立董事提名人声明,2024-05-21,https://data.eastmoney.com/notices/detail/601005/AN202405201633872110.html
601005,重庆钢铁,重庆钢铁:独立董事候选人声明与承诺(唐萍),独立董事候选人声明,2024-05-21,https://data.eastmoney.com/notices/detail/601005/AN202405201633872104.html
601005,重庆钢铁,重庆钢铁:关于续聘2024年审会计师事务所的公告,审计机构变更,2024-05-21,https://data.eastmoney.com/notices/detail/601005/AN202405201633872109.html
002640,跨境通,跨境通:关于债权人向法院申请公司重整及预重整的进展公告,重组进展公告,2024-05-21,https://data.eastmoney.com/notices/detail/002640/AN202405201633872183.html
603680,今创集团,今创集团:2023年年度股东大会会议资料,股东大会资料,2024-05-21,https://data.eastmoney.com/notices/detail/603680/AN202405201633872101.html
605050,福然德,福然德:福然德股份有限公司2023年年度股东大会决议公告,分配方案决议公告,2024-05-21,https://data.eastmoney.com/notices/detail/605050/AN202405201633872097.html
605050,福然德,福然德:国浩律师(上海)事务所关于福然德股份有限公司2023年度股东大会之见证法律意见书,法律意见书,2024-05-21,https://data.eastmoney.com/notices/detail/605050/AN202405201633872100.html
688526,科前生物,科前生物:武汉科前生物股份有限公司关于聘任副总经理的公告,高管人员任职变动,2024-05-21,https://data.eastmoney.com/notices/detail/688526/AN202405201633872013.html
688526,科前生物,科前生物:招商证券股份有限公司关于武汉科前生物股份有限公司变更部分募集资金投资项目的核查意见,保荐/核查意见,2024-05-21,https://data.eastmoney.com/notices/detail/688526/AN202405201633872010.html
688526,科前生物,科前生物:武汉科前生物股份有限公司第三届监事会第三十二次会议决议公告,监事会决议公告,2024-05-21,https://data.eastmoney.com/notices/detail/688526/AN202405201633872009.html
688526,科前生物,科前生物:武汉科前生物股份有限公司关于变更部分募集资金投资项目的公告,变更募集资金投资项目,2024-05-21,https://data.eastmoney.com/notices/detail/688526/AN202405201633872008.html
688526,科前生物,科前生物:武汉科前生物股份有限公司关于召开2024年第一次临时股东大会的通知,召开股东大会通知,2024-05-21,https://data.eastmoney.com/notices/detail/688526/AN202405201633872011.html
688513,苑东生物,苑东生物:2023年年度股东大会决议公告,分配方案决议公告,2024-05-21,https://data.eastmoney.com/notices/detail/688513/AN202405201633872006.html
688513,苑东生物,苑东生物:关于2024年限制性股票激励计划内幕信息知情人买卖公司股票情况的自查报告,自查报告,2024-05-21,https://data.eastmoney.com/notices/detail/688513/AN202405201633872012.html
688513,苑东生物,苑东生物:2024年员工持股计划,员工持股计划,2024-05-21,https://data.eastmoney.com/notices/detail/688513/AN202405201633872007.html
688513,苑东生物,苑东生物:北京植德律师事务所关于成都苑东生物制药股份有限公司2023年年度股东大会的法律意见书,法律意见书,2024-05-21,https://data.eastmoney.com/notices/detail/688513/AN202405201633872005.html
688676,金盘科技,金盘科技:关于实施“金盘转债”赎回暨摘牌的第一次提示性公告,其他,2024-05-21,https://data.eastmoney.com/notices/detail/688676/AN202405201633871989.html
688676,金盘科技,金盘科技:海南金盘智能科技股份有限公司主体及“金盘转债”2024年度跟踪评级报告,其他,2024-05-21,https://data.eastmoney.com/notices/detail/688676/AN202405201633871988.html
688676,金盘科技,金盘科技:关于“金盘转债”跟踪信用评级结果的公告,其他,2024-05-21,https://data.eastmoney.com/notices/detail/688676/AN202405201633871987.html
002897,意华股份,意华股份:锦天城律师事务所关于意华股份2023年年度股东大会法律意见书,法律意见书,2024-05-21,https://data.eastmoney.com/notices/detail/002897/AN202405201633871994.html
002696,百洋股份,百洋股份:2023年年度股东大会决议公告,分配方案决议公告,2024-05-21,https://data.eastmoney.com/notices/detail/002696/AN202405201633871992.html
601500,通用股份,通用股份:江苏通用科技股份有限公司关于持股5%的股东减持至5%以下暨减持计划完成的公告,股东/实际控制人股份减持,2024-05-21,https://data.eastmoney.com/notices/detail/601500/AN202405201633871981.html
000820,神雾节能,神雾节能:湖北立丰律师事务所关于神雾节能股份有限公司2023年年度股东大会的法律意见书,法律意见书,2024-05-21,https://data.eastmoney.com/notices/detail/000820/AN202405201633871991.html
000820,神雾节能,神雾节能:2023年年度股东大会决议公告,分配方案决议公告,2024-05-21,https://data.eastmoney.com/notices/detail/000820/AN202405201633871990.html
002897,意华股份,意华股份:2023年年度股东大会决议公告,分配方案决议公告,2024-05-21,https://data.eastmoney.com/notices/detail/002897/AN202405201633871995.html
003042,中农联合,中农联合:北京德恒(济南)律师事务所关于山东中农联合生物科技股份有限公司2023年度股东大会的法律意见,法律意见书,2024-05-21,https://data.eastmoney.com/notices/detail/003042/AN202405201633871997.html
003042,中农联合,中农联合:2023年度股东大会决议公告,分配方案决议公告,2024-05-21,https://data.eastmoney.com/notices/detail/003042/AN202405201633871996.html
002696,百洋股份,百洋股份:2023年年度股东大会的法律意见书,法律意见书,2024-05-21,https://data.eastmoney.com/notices/detail/002696/AN202405201633871993.html
002104,恒宝股份,恒宝股份:关于举行2023年度网上业绩说明会的公告,其他,2024-05-21,https://data.eastmoney.com/notices/detail/002104/AN202405201633871924.html
300641,正丹股份,正丹股份:关于正丹转债赎回实施的第二次提示性公告,其他,2024-05-21,https://data.eastmoney.com/notices/detail/300641/AN202405201633871998.html
300639,凯普生物,凯普生物:关于公司及全资子公司获得授予发明专利权通知书的公告,获得认证,2024-05-21,https://data.eastmoney.com/notices/detail/300639/AN202405201633871923.html
600622,光大嘉宝,光大嘉宝:光大嘉宝股份有限公司2023年年度股东大会决议公告,分配方案决议公告,2024-05-21,https://data.eastmoney.com/notices/detail/600622/AN202405201633871888.html
603810,丰山集团,丰山集团:2023年年度股东大会法律意见书,法律意见书,2024-05-21,https://data.eastmoney.com/notices/detail/603810/AN202405201633871887.html
600622,光大嘉宝,光大嘉宝:上海市通力律师事务所关于光大嘉宝股份有限公司2023年年度股东大会的法律意见书,法律意见书,2024-05-21,https://data.eastmoney.com/notices/detail/600622/AN202405201633871885.html
603810,丰山集团,丰山集团:2023年年度股东大会决议公告,分配方案决议公告,2024-05-21,https://data.eastmoney.com/notices/detail/603810/AN202405201633871886.html
001332,锡装股份,锡装股份:上海市锦天城律师事务所关于无锡化工装备股份有限公司2023年年度股东大会的法律意见书,法律意见书,2024-05-21,https://data.eastmoney.com/notices/detail/001332/AN202405201633871930.html
600308,华泰股份,华泰股份:华泰股份2023年年度股东大会的法律意见书,法律意见书,2024-05-21,https://data.eastmoney.com/notices/detail/600308/AN202405201633871623.html
600645,中源协和,中源协和:中源协和细胞基因工程股份有限公司2023年年度股东大会决议公告,分配方案决议公告,2024-05-21,https://data.eastmoney.com/notices/detail/600645/AN202405201633871627.html
600308,华泰股份,华泰股份:华泰股份第十一届董事会第一次会议决议公告,高管人员任职变动,2024-05-21,https://data.eastmoney.com/notices/detail/600308/AN202405201633871625.html
600308,华泰股份,华泰股份:华泰股份第十一届监事会第一次会议决议公告,高管人员任职变动,2024-05-21,https://data.eastmoney.com/notices/detail/600308/AN202405201633871626.html
600308,华泰股份,华泰股份:华泰股份2023年度股东大会决议公告,分配方案决议公告,2024-05-21,https://data.eastmoney.com/notices/detail/600308/AN202405201633871622.html
600645,中源协和,中源协和:北京国枫律师事务所关于中源协和细胞基因工程股份有限公司2023年年度股东大会的法律意见书,法律意见书,2024-05-21,https://data.eastmoney.com/notices/detail/600645/AN202405201633871624.html
000758,中色股份,中色股份:2023年年度股东大会决议公告,分配方案决议公告,2024-05-21,https://data.eastmoney.com/notices/detail/000758/AN202405201633871600.html
000758,中色股份,中色股份:北京市炜衡律师事务所关于中国有色金属建设股份有限公司2023年年度股东大会之法律意见书,法律意见书,2024-05-21,https://data.eastmoney.com/notices/detail/000758/AN202405201633871601.html
002342,巨力索具,巨力索具:2023年年度股东大会法律意见书,法律意见书,2024-05-21,https://data.eastmoney.com/notices/detail/002342/AN202405201633871605.html
001332,锡装股份,锡装股份:2023年年度股东大会决议公告,分配方案决议公告,2024-05-21,https://data.eastmoney.com/notices/detail/001332/AN202405201633871603.html
000963,华东医药,华东医药:2023年年度权益分派实施公告,分配方案实施,2024-05-21,https://data.eastmoney.com/notices/detail/000963/AN202405201633871602.html
002342,巨力索具,巨力索具:2023年年度股东大会决议公告,分配方案决议公告,2024-05-21,https://data.eastmoney.com/notices/detail/002342/AN202405201633871604.html
603717,天域生物,天域生态:德恒上海律师事务所关于天域生态环境股份有限公司2023年年度股东大会的法律意见书,法律意见书,2024-05-21,https://data.eastmoney.com/notices/detail/603717/AN202405201633871508.html
603359,*ST东珠,东珠生态:上海汉盛律师事务所关于东珠生态环保股份有限公司2023年年度股东大会的法律意见书,法律意见书,2024-05-21,https://data.eastmoney.com/notices/detail/603359/AN202405201633871507.html
603359,*ST东珠,东珠生态:东珠生态环保股份有限公司2023年年度股东大会决议公告,其他增发事项公告,2024-05-21,https://data.eastmoney.com/notices/detail/603359/AN202405201633871506.html
603717,天域生物,天域生态:2023年年度股东大会决议公告,分配方案决议公告,2024-05-21,https://data.eastmoney.com/notices/detail/603717/AN202405201633871509.html
002887,绿茵生态,绿茵生态:关于注销回购股份并减少公司注册资本暨通知债权人的公告,公司注册资本变更,2024-05-21,https://data.eastmoney.com/notices/detail/002887/AN202405201633871591.html
002508,老板电器,老板电器:上海荣正企业咨询服务(集团)股份有限公司关于杭州老板电器股份有限公司2024年股票期权激励计划调整及授予事项之独立财务顾问报告,股权激励进展公告,2024-05-21,https://data.eastmoney.com/notices/detail/002508/AN202405201633871584.html
002508,老板电器,老板电器:第六届监事会第六次会议决议公告,监事会决议公告,2024-05-21,https://data.eastmoney.com/notices/detail/002508/AN202405201633871588.html
002508,老板电器,老板电器:浙江京衡律师事务所关于杭州老板电器股份有限公司2024年股票期权激励计划相关事项调整及授予的法律意见书,法律意见书,2024-05-21,https://data.eastmoney.com/notices/detail/002508/AN202405201633871587.html
002508,老板电器,老板电器:关于调整2024年股票期权激励计划激励对象名单及授予数量的公告,股权激励行权价（数量）调整,2024-05-21,https://data.eastmoney.com/notices/detail/002508/AN202405201633871586.html
002508,老板电器,老板电器:关于向激励对象授予股票期权的公告,股权激励进展公告,2024-05-21,https://data.eastmoney.com/notices/detail/002508/AN202405201633871589.html
002508,老板电器,老板电器:2024年股票期权激励计划激励对象名单,股权激励对象名单,2024-05-21,https://data.eastmoney.com/notices/detail/002508/AN202405201633871585.html
002508,老板电器,老板电器:监事会关于2024年股票期权激励计划激励对象名单的核查意见,专项说明/独立意见,2024-05-21,https://data.eastmoney.com/notices/detail/002508/AN202405201633871582.html
002508,老板电器,老板电器:第六届董事会第六次会议决议公告,董事会决议公告,2024-05-21,https://data.eastmoney.com/notices/detail/002508/AN202405201633871583.html
000922,佳电股份,佳电股份:中信证券股份有限公司关于哈尔滨电气集团佳木斯电机股份有限公司2019年限制性股票激励计划首次授予第四个解除限售期解除限售条件未成就及调整回购价格并回购注销部分限制性股票之独立财务顾问报告,保荐/核查意见,2024-05-21,https://data.eastmoney.com/notices/detail/000922/AN202405201633871581.html
002887,绿茵生态,绿茵生态:北京国枫律师事务所关于天津绿茵景观生态建设股份有限公司2023年年度股东大会的法律意见书,法律意见书,2024-05-21,https://data.eastmoney.com/notices/detail/002887/AN202405201633871590.html
002887,绿茵生态,绿茵生态:2023年年度股东大会决议公告,分配方案决议公告,2024-05-21,https://data.eastmoney.com/notices/detail/002887/AN202405201633871592.html
300403,汉宇集团,汉宇集团:2023年年度权益分派实施公告,分配方案实施,2024-05-21,https://data.eastmoney.com/notices/detail/300403/AN202405201633871411.html
003013,地铁设计,地铁设计:2023年度分红派息实施公告,分配方案实施,2024-05-21,https://data.eastmoney.com/notices/detail/003013/AN202405201633871410.html
002959,小熊电器,小熊电器:关于诉讼进展的公告,诉讼仲裁,2024-05-21,https://data.eastmoney.com/notices/detail/002959/AN202405201633871409.html
002765,蓝黛科技,蓝黛科技:关于董事兼高级管理人员辞职暨增补董事并选举董事会战略委员会委员的公告,高管人员任职变动,2024-05-21,https://data.eastmoney.com/notices/detail/002765/AN202405201633871406.html
002765,蓝黛科技,蓝黛科技:关于担保事项的进展公告,其他担保公告,2024-05-21,https://data.eastmoney.com/notices/detail/002765/AN202405201633871407.html
002765,蓝黛科技,蓝黛科技:第五届董事会第七次会议决议公告,高管人员任职变动,2024-05-21,https://data.eastmoney.com/notices/detail/002765/AN202405201633871405.html
002765,蓝黛科技,蓝黛科技:董事会关于召开2024年第三次临时股东大会的通知,召开股东大会通知,2024-05-21,https://data.eastmoney.com/notices/detail/002765/AN202405201633871408.html
002540,亚太科技,亚太科技:关于变更募集资金专户的进展公告,募集资金使用进展情况,2024-05-21,https://data.eastmoney.com/notices/detail/002540/AN202405201633871404.html
002077,大港股份,大港股份:江苏世纪同仁律师事务所关于江苏大港股份有限公司2023年度股东大会的法律意见书,法律意见书,2024-05-21,https://data.eastmoney.com/notices/detail/002077/AN202405201633871401.html
002077,大港股份,大港股份:关于申请控股子公司江苏中科大港激光科技有限公司破产清算的进展公告,其他,2024-05-21,https://data.eastmoney.com/notices/detail/002077/AN202405201633871403.html
002077,大港股份,大港股份:2023年度股东大会决议公告,分配方案决议公告,2024-05-21,https://data.eastmoney.com/notices/detail/002077/AN202405201633871402.html
000661,长春高新,长春高新:关于参加网上集体业绩说明会的公告,其他,2024-05-21,https://data.eastmoney.com/notices/detail/000661/AN202405201633871400.html
605377,华旺科技,华旺科技:北京市中伦(上海)律师事务所关于杭州华旺新材料科技股份有限公司2023年年度股东大会的法律意见书,法律意见书,2024-05-21,https://data.eastmoney.com/notices/detail/605377/AN202405201633871378.html
605377,华旺科技,华旺科技:杭州华旺新材料科技股份有限公司2023年年度股东大会决议公告,分配方案决议公告,2024-05-21,https://data.eastmoney.com/notices/detail/605377/AN202405201633871375.html
601702,华峰铝业,华峰铝业:上海华峰铝业股份有限公司2023年年度股东大会决议公告,分配方案决议公告,2024-05-21,https://data.eastmoney.com/notices/detail/601702/AN202405201633871379.html
605377,华旺科技,华旺科技:杭州华旺新材料科技股份有限公司第四届监事会第四次会议决议公告,高管人员任职变动,2024-05-21,https://data.eastmoney.com/notices/detail/605377/AN202405201633871376.html
601702,华峰铝业,华峰铝业:华峰铝业2023年年度股东大会法律意见书,法律意见书,2024-05-21,https://data.eastmoney.com/notices/detail/601702/AN202405201633871380.html
605377,华旺科技,华旺科技:杭州华旺新材料科技股份有限公司关于财务总监辞职暨聘任财务总监、副总经理的公告,高管人员任职变动,2024-05-21,https://data.eastmoney.com/notices/detail/605377/AN202405201633871377.html
605377,华旺科技,华旺科技:杭州华旺新材料科技股份有限公司第四届董事会第四次会议决议公告,高管人员任职变动,2024-05-21,https://data.eastmoney.com/notices/detail/605377/AN202405201633871381.html
603329,上海雅仕,上海雅仕:2023年年度股东大会决议公告,分配方案决议公告,2024-05-21,https://data.eastmoney.com/notices/detail/603329/AN202405201633871323.html
603388,*ST元成,ST元成:北京德恒(杭州)律师事务所关于元成环境股份有限公司2023年年度股东大会的法律意见,法律意见书,2024-05-21,https://data.eastmoney.com/notices/detail/603388/AN202405201633871322.html
603388,*ST元成,ST元成:元成环境股份有限公司第五届董事会第二十三次会议决议公告,高管人员任职变动,2024-05-21,https://data.eastmoney.com/notices/detail/603388/AN202405201633871320.html
603301,振德医疗,振德医疗:振德医疗2023年年度股东大会决议公告,分配方案决议公告,2024-05-21,https://data.eastmoney.com/notices/detail/603301/AN202405201633871319.html
603301,振德医疗,振德医疗:北京国枫(杭州)律师事务所关于振德医疗用品股份有限公司2023年年度股东大会的法律意见书,法律意见书,2024-05-21,https://data.eastmoney.com/notices/detail/603301/AN202405201633871318.html
603388,*ST元成,ST元成:元成环境股份有限公司2023年年度股东大会决议公告,分配方案决议公告,2024-05-21,https://data.eastmoney.com/notices/detail/603388/AN202405201633871321.html
603329,上海雅仕,上海雅仕:2023年年度股东大会的法律意见书,法律意见书,2024-05-21,https://data.eastmoney.com/notices/detail/603329/AN202405201633871324.html
002703,浙江世宝,浙江世宝:独立董事提名人声明与承诺(龚俊杰),独立董事提名人声明,2024-05-21,https://data.eastmoney.com/notices/detail/002703/AN202405201633871104.html
002703,浙江世宝,浙江世宝:独立董事提名人声明与承诺(闵海涛),独立董事提名人声明,2024-05-21,https://data.eastmoney.com/notices/detail/002703/AN202405201633871099.html
002703,浙江世宝,浙江世宝:独立董事提名人声明与承诺(徐晋诚),独立董事提名人声明,2024-05-21,https://data.eastmoney.com/notices/detail/002703/AN202405201633871100.html
002703,浙江世宝,浙江世宝:独立董事候选人声明与承诺(龚俊杰),独立董事候选人声明,2024-05-21,https://data.eastmoney.com/notices/detail/002703/AN202405201633871101.html
002703,浙江世宝,浙江世宝:独立董事候选人声明与承诺(闵海涛),独立董事候选人声明,2024-05-21,https://data.eastmoney.com/notices/detail/002703/AN202405201633871102.html
002703,浙江世宝,浙江世宝:独立董事候选人声明与承诺(徐晋诚),独立董事候选人声明,2024-05-21,https://data.eastmoney.com/notices/detail/002703/AN202405201633871103.html
000622,恒立退,*ST恒立:关于公司股票交易严重异常波动的公告,股票交易异常波动,2024-05-21,https://data.eastmoney.com/notices/detail/000622/AN202405201633871098.html
688556,高测股份,高测股份:第三届监事会第二十七次会议决议公告,监事会决议公告,2024-05-21,https://data.eastmoney.com/notices/detail/688556/AN202405201633871078.html
688556,高测股份,高测股份:关于作废2021年限制性股票激励计划部分已授予尚未归属的限制性股票的公告,股权激励进展公告,2024-05-21,https://data.eastmoney.com/notices/detail/688556/AN202405201633871071.html
688556,高测股份,高测股份:青岛高测科技股份有限公司2023年限制性股票激励计划首次授予部分第一个归属期条件成就、授予价格与数量调整及部分限制性股票作废相关事项的法律意见书,产品价格调整,2024-05-21,https://data.eastmoney.com/notices/detail/688556/AN202405201633871081.html
688556,高测股份,高测股份:青岛高测科技股份有限公司2021年限制性股票激励计划首次授予部分第三个归属期条件成就、授予价格与数量调整及部分限制性股票作废相关事项的法律意见书,产品价格调整,2024-05-21,https://data.eastmoney.com/notices/detail/688556/AN202405201633871077.html
688556,高测股份,高测股份:关于调整2021年限制性股票激励计划授予价格与授予数量的公告,股权激励行权价（数量）调整,2024-05-21,https://data.eastmoney.com/notices/detail/688556/AN202405201633871082.html
688556,高测股份,高测股份:关于调整2023年限制性股票激励计划授予价格与授予数量的公告,股权激励行权价（数量）调整,2024-05-21,https://data.eastmoney.com/notices/detail/688556/AN202405201633871080.html
688556,高测股份,高测股份:监事会关于公司2023年限制性股票激励计划首次授予部分第一个归属期归属名单的核查意见,股权激励进展公告,2024-05-21,https://data.eastmoney.com/notices/detail/688556/AN202405201633871074.html
688556,高测股份,高测股份:监事会关于公司2021年限制性股票激励计划首次授予部分第三个归属期归属名单的核查意见,股权激励进展公告,2024-05-21,https://data.eastmoney.com/notices/detail/688556/AN202405201633871072.html
688556,高测股份,高测股份:关于2021年限制性股票激励计划首次授予部分第三个归属期符合归属条件的公告,股权激励进展公告,2024-05-21,https://data.eastmoney.com/notices/detail/688556/AN202405201633871079.html
688556,高测股份,高测股份:关于2023年限制性股票激励计划首次授予部分第一个归属期符合归属条件的公告,股权激励进展公告,2024-05-21,https://data.eastmoney.com/notices/detail/688556/AN202405201633871075.html
688556,高测股份,高测股份:第三届董事会独立董事专门会议第二次会议决议,董事会决议公告,2024-05-21,https://data.eastmoney.com/notices/detail/688556/AN202405201633871070.html
688556,高测股份,高测股份:第三届董事会第三十一次会议决议公告,董事会决议公告,2024-05-21,https://data.eastmoney.com/notices/detail/688556/AN202405201633871076.html
688556,高测股份,高测股份:关于作废2023年限制性股票激励计划部分已授予尚未归属的限制性股票的公告,股权激励进展公告,2024-05-21,https://data.eastmoney.com/notices/detail/688556/AN202405201633871073.html
600365,ST通葡,ST通葡:通化葡萄酒股份有限公司关于参加网上集体业绩说明会的公告,其他,2024-05-21,https://data.eastmoney.com/notices/detail/600365/AN202405201633871061.html
600658,电子城,电子城:北京市竞天公诚律师事务所关于公司2023年年度股东大会的法律意见书,法律意见书,2024-05-21,https://data.eastmoney.com/notices/detail/600658/AN202405201633871065.html
600658,电子城,电子城:电子城2023年年度股东大会决议公告,分配方案决议公告,2024-05-21,https://data.eastmoney.com/notices/detail/600658/AN202405201633871063.html
603778,国晟科技,国晟科技:2023年年度股东大会决议公告,分配方案决议公告,2024-05-21,https://data.eastmoney.com/notices/detail/603778/AN202405201633871064.html
600658,电子城,电子城:电子城第十二届监事会第十三次会议决议公告,高管人员任职变动,2024-05-21,https://data.eastmoney.com/notices/detail/600658/AN202405201633871062.html
600365,ST通葡,ST通葡:通化葡萄酒股份有限公司关于公司涉及诉讼的进展公告,诉讼仲裁,2024-05-21,https://data.eastmoney.com/notices/detail/600365/AN202405201633871066.html
603778,国晟科技,国晟科技:北京国枫律师事务所关于国晟世安科技股份有限公司2023年年度股东大会的法律意见书,法律意见书,2024-05-21,https://data.eastmoney.com/notices/detail/603778/AN202405201633871060.html
600743,华远控股,华远地产:华远地产第八届董事会第二十二次会议决议公告,高管人员任职变动,2024-05-21,https://data.eastmoney.com/notices/detail/600743/AN202405201633871031.html
600743,华远控股,华远地产:华远地产2023年年度股东大会决议公告,分配方案决议公告,2024-05-21,https://data.eastmoney.com/notices/detail/600743/AN202405201633871030.html
002895,川恒股份,川恒股份:为福麟矿业提供担保的进展公告(二),提供/对外担保公告,2024-05-21,https://data.eastmoney.com/notices/detail/002895/AN202405201633871058.html
603823,百合花,百合花:百合花集团股份有限公司2023年年度股东大会决议公告,分配方案决议公告,2024-05-21,https://data.eastmoney.com/notices/detail/603823/AN202405201633871028.html
603823,百合花,百合花:北京金杜(杭州)律师事务所关于百合花集团股份有限公司2023年年度股东大会之法律意见书,法律意见书,2024-05-21,https://data.eastmoney.com/notices/detail/603823/AN202405201633871029.html
600743,华远控股,华远地产:北京植德律师事务所关于华远地产股份有限公司2023年年度股东大会的法律意见书,法律意见书,2024-05-21,https://data.eastmoney.com/notices/detail/600743/AN202405201633871027.html
002541,鸿路钢构,鸿路钢构:关于鸿路转债恢复转股的公告,其他,2024-05-21,https://data.eastmoney.com/notices/detail/002541/AN202405201633871057.html
002492,恒基达鑫,恒基达鑫:关于公司控股股东、实际控制人增持公司股份计划时间过半的进展公告,股东/实际控制人股份增持,2024-05-21,https://data.eastmoney.com/notices/detail/002492/AN202405201633871056.html
002325,*ST洪涛,*ST洪涛:关于公司股价异动的公告,股票交易异常波动,2024-05-21,https://data.eastmoney.com/notices/detail/002325/AN202405201633871055.html
002246,北化股份,北化股份:关于使用部分闲置本次募集资金进行现金管理的进展公告,募集资金使用进展情况,2024-05-21,https://data.eastmoney.com/notices/detail/002246/AN202405201633871054.html
002095,生意宝,生意宝:上海市锦天城律师事务所关于浙江网盛生意宝股份有限公司2023年度股东大会的法律意见书,法律意见书,2024-05-21,https://data.eastmoney.com/notices/detail/002095/AN202405201633871052.html
002095,生意宝,生意宝:2023年度股东大会决议公告,分配方案决议公告,2024-05-21,https://data.eastmoney.com/notices/detail/002095/AN202405201633871053.html
002068,黑猫股份,黑猫股份:2024年第一次临时股东大会法律意见书,法律意见书,2024-05-21,https://data.eastmoney.com/notices/detail/002068/AN202405201633871050.html
002068,黑猫股份,黑猫股份:2024年第一次临时股东大会决议公告,股东大会决议公告,2024-05-21,https://data.eastmoney.com/notices/detail/002068/AN202405201633871051.html
600749,西藏旅游,西藏旅游:西藏旅游控股股东关于股票交易异常波动征询函的回函,股票交易异常波动,2024-05-21,https://data.eastmoney.com/notices/detail/600749/AN202405201633870634.html
600749,西藏旅游,西藏旅游:西藏旅游股票交易异常波动的公告,股票交易异常波动,2024-05-21,https://data.eastmoney.com/notices/detail/600749/AN202405201633870516.html
688197,首药控股,首药控股:首药控股(北京)股份有限公司股东询价转让定价情况提示性公告,询价转让定价情况提示性公告,2024-05-21,https://data.eastmoney.com/notices/detail/688197/AN202405201633870442.html
688060,云涌科技,云涌科技:北京市金杜(南京)律师事务所关于云涌科技2023年年度股东大会之法律意见书,法律意见书,2024-05-21,https://data.eastmoney.com/notices/detail/688060/AN202405201633870441.html
688060,云涌科技,云涌科技:云涌科技2023年年度股东大会决议公告,其他增发事项公告,2024-05-21,https://data.eastmoney.com/notices/detail/688060/AN202405201633870443.html
600885,宏发股份,宏发股份:关于完成注册资本变更及《公司章程》备案登记的公告,公司注册资本变更,2024-05-21,https://data.eastmoney.com/notices/detail/600885/AN202405201633870429.html
605099,共创草坪,共创草坪:第三届董事会第一次会议决议公告,高管人员任职变动,2024-05-21,https://data.eastmoney.com/notices/detail/605099/AN202405201633870362.html
605099,共创草坪,共创草坪:关于完成董事会、监事会换届选举及聘任高级管理人员、审计部经理、证券事务代表的公告,高管人员任职变动,2024-05-21,https://data.eastmoney.com/notices/detail/605099/AN202405201633870361.html
605099,共创草坪,共创草坪:北京大成(南京)律师事务所关于江苏共创人造草坪股份有限公司2023年年度股东大会的法律意见书,法律意见书,2024-05-21,https://data.eastmoney.com/notices/detail/605099/AN202405201633870360.html
605099,共创草坪,共创草坪:关于选举第三届监事会职工代表监事的公告,高管人员任职变动,2024-05-21,https://data.eastmoney.com/notices/detail/605099/AN202405201633870364.html
605099,共创草坪,共创草坪:第三届监事会第一次会议决议公告,高管人员任职变动,2024-05-21,https://data.eastmoney.com/notices/detail/605099/AN202405201633870365.html
605099,共创草坪,共创草坪:2023年年度股东大会决议公告,分配方案决议公告,2024-05-21,https://data.eastmoney.com/notices/detail/605099/AN202405201633870363.html
688516,奥特维,奥特维:无锡奥特维科技股份有限公司关于“奥维转债”预计满足转股价格修正条件的提示性公告,其他,2024-05-21,https://data.eastmoney.com/notices/detail/688516/AN202405201633870359.html
000852,石化机械,石化机械:关于控股股东的一致行动人自愿承诺不减持公司股份的公告,其他,2024-05-21,https://data.eastmoney.com/notices/detail/000852/AN202405201633870251.html
300621,维业股份,维业股份:关于全资子公司签订《建设工程施工合同》暨关联交易的公告,关联交易,2024-05-21,https://data.eastmoney.com/notices/detail/300621/AN202405201633870256.html
002012,凯恩股份,凯恩股份:第九届董事会第十九次会议决议公告,董事会决议公告,2024-05-21,https://data.eastmoney.com/notices/detail/002012/AN202405201633870252.html
002012,凯恩股份,凯恩股份:关于放弃参股公司增资优先认缴权的公告,其他,2024-05-21,https://data.eastmoney.com/notices/detail/002012/AN202405201633870253.html
002574,明牌珠宝,明牌珠宝:关于董事会、监事会延期换届的提示性公告,高管人员任职变动,2024-05-21,https://data.eastmoney.com/notices/detail/002574/AN202405201633870250.html
000718,苏宁环球,苏宁环球:关于股东质押股份延期购回的公告,股份质押、冻结,2024-05-21,https://data.eastmoney.com/notices/detail/000718/AN202405201633870255.html
002752,昇兴股份,昇兴股份:福建至理律师事务所关于昇兴集团股份有限公司2023年度股东大会的法律意见书,法律意见书,2024-05-21,https://data.eastmoney.com/notices/detail/002752/AN202405201633870358.html
002752,昇兴股份,昇兴股份:2023年度股东大会决议公告,其他增发事项公告,2024-05-21,https://data.eastmoney.com/notices/detail/002752/AN202405201633870357.html
000718,苏宁环球,苏宁环球:关于参加网上集体业绩说明会的公告,其他,2024-05-21,https://data.eastmoney.com/notices/detail/000718/AN202405201633870254.html
603688,石英股份,石英股份:江苏太平洋石英股份有限公司关于召开2024年第一季度业绩说明会的公告,其他,2024-05-21,https://data.eastmoney.com/notices/detail/603688/AN202405201633870198.html
603992,松霖科技,松霖科技:北京植德(上海)律师事务所关于厦门松霖科技股份有限公司2023年度股东大会的法律意见书,法律意见书,2024-05-21,https://data.eastmoney.com/notices/detail/603992/AN202405201633870184.html
603992,松霖科技,松霖科技:2023年年度股东大会决议公告,分配方案决议公告,2024-05-21,https://data.eastmoney.com/notices/detail/603992/AN202405201633870183.html
002199,东晶电子,东晶电子:北京植德律师事务所关于公司2023年年度股东大会的法律意见书,法律意见书,2024-05-21,https://data.eastmoney.com/notices/detail/002199/AN202405201633870160.html
002199,东晶电子,东晶电子:2023年度股东大会决议公告,其他增发事项公告,2024-05-21,https://data.eastmoney.com/notices/detail/002199/AN202405201633870159.html
603162,海通发展,海通发展:福建海通发展股份有限公司关于股份回购实施结果暨股份变动的公告,股本变动,2024-05-21,https://data.eastmoney.com/notices/detail/603162/AN202405201633870155.html
688309,恒誉科技,恒誉环保:北京市金杜(济南)律师事务所关于济南恒誉环保科技股份有限公司2023年年度股东大会之法律意见书,法律意见书,2024-05-21,https://data.eastmoney.com/notices/detail/688309/AN202405201633870153.html
688309,恒誉科技,恒誉环保:2023年年度股东大会决议公告,分配方案决议公告,2024-05-21,https://data.eastmoney.com/notices/detail/688309/AN202405201633870152.html
688309,恒誉科技,恒誉环保:关于召开2023年度暨2024年第一季度业绩说明会的公告,其他,2024-05-21,https://data.eastmoney.com/notices/detail/688309/AN202405201633870151.html
600854,春兰股份,春兰股份:春兰股份2023年年度股东大会法律意见书,法律意见书,2024-05-21,https://data.eastmoney.com/notices/detail/600854/AN202405201633870035.html
600854,春兰股份,春兰股份:春兰股份第十届董事会第十四次会议决议公告,高管人员任职变动,2024-05-21,https://data.eastmoney.com/notices/detail/600854/AN202405201633870034.html
600854,春兰股份,春兰股份:春兰股份2023年年度股东大会决议公告,分配方案决议公告,2024-05-21,https://data.eastmoney.com/notices/detail/600854/AN202405201633870036.html
600894,广日股份,广日股份:广州广日股份有限公司2024年第一次临时股东大会会议资料,股东大会资料,2024-05-21,https://data.eastmoney.com/notices/detail/600894/AN202405201633870033.html
600888,新疆众和,新疆众和:新疆众和股份有限公司关于实施2023年度权益分派时”众和转债“停止转股暨转股价格调整的提示性公告,其他,2024-05-21,https://data.eastmoney.com/notices/detail/600888/AN202405201633870037.html
688116,天奈科技,天奈科技:中信证券股份有限公司关于江苏天奈科技股份有限公司2023年度持续督导跟踪报告,保荐/核查意见,2024-05-21,https://data.eastmoney.com/notices/detail/688116/AN202405201633870022.html
000007,全新好,*ST全新:全新好2023年年度股东大会的法律意见书,法律意见书,2024-05-21,https://data.eastmoney.com/notices/detail/000007/AN202405201633870006.html
000007,全新好,*ST全新:2023年年度股东大会决议公告,分配方案决议公告,2024-05-21,https://data.eastmoney.com/notices/detail/000007/AN202405201633870005.html
002427,尤夫股份,尤夫股份:上海市锦天城律师事务所关于浙江尤夫高新纤维股份有限公司2023年年度股东大会的法律意见书,法律意见书,2024-05-21,https://data.eastmoney.com/notices/detail/002427/AN202405201633870004.html
002427,尤夫股份,尤夫股份:2023年年度股东大会决议的公告,分配方案决议公告,2024-05-21,https://data.eastmoney.com/notices/detail/002427/AN202405201633870003.html
001278,一彬科技,一彬科技:关于宁波一彬电子科技股份有限公司2023年年度股东大会的法律意见书,法律意见书,2024-05-21,https://data.eastmoney.com/notices/detail/001278/AN202405201633870002.html
001278,一彬科技,一彬科技:2023年年度股东大会决议公告,分配方案决议公告,2024-05-21,https://data.eastmoney.com/notices/detail/001278/AN202405201633870001.html
601601,中国太保,中国太保:中国太保第十届董事会第四次会议决议公告,董事会决议公告,2024-05-21,https://data.eastmoney.com/notices/detail/601601/AN202405201633869787.html
601601,中国太保,中国太保:中国太保关于修订公司章程的公告,公司章程修订,2024-05-21,https://data.eastmoney.com/notices/detail/601601/AN202405201633869788.html
002962,五方光电,五方光电:股票交易异常波动公告,股票交易异常波动,2024-05-21,https://data.eastmoney.com/notices/detail/002962/AN202405201633869809.html
002459,晶澳科技,晶澳科技:关于“晶澳转债”预计触发转股价格修正条件的提示性公告,其他,2024-05-21,https://data.eastmoney.com/notices/detail/002459/AN202405201633869808.html
301333,诺思格,诺思格:关于使用部分超募资金永久补充流动资金的公告,募集资金补充流动资金,2024-05-21,https://data.eastmoney.com/notices/detail/301333/AN202405201633869767.html
688627,精智达,精智达:中信建投证券股份有限公司关于深圳精智达技术股份有限公司2023年度持续督导跟踪报告,保荐/核查意见,2024-05-21,https://data.eastmoney.com/notices/detail/688627/AN202405201633869756.html
603903,中持股份,中持股份:中持水务股份有限公司2023年年度股东大会决议公告,其他增发事项公告,2024-05-21,https://data.eastmoney.com/notices/detail/603903/AN202405201633869753.html
603048,浙江黎明,浙江黎明:2023年年度股东大会会议资料,股东大会资料,2024-05-21,https://data.eastmoney.com/notices/detail/603048/AN202405201633869754.html
603903,中持股份,中持股份:北京市嘉源律师事务所关于中持水务股份有限公司2023年年度股东大会的法律意见书,法律意见书,2024-05-21,https://data.eastmoney.com/notices/detail/603903/AN202405201633869755.html
002236,大华股份,大华股份:关于部分股票期权注销完成的公告,股权激励进展公告,2024-05-21,https://data.eastmoney.com/notices/detail/002236/AN202405201633869736.html
301333,诺思格,诺思格:中国国际金融股份有限公司关于诺思格(北京)医药科技股份有限公司使用部分超募资金永久补充流动资金的核查意见,保荐/核查意见,2024-05-21,https://data.eastmoney.com/notices/detail/301333/AN202405201633869741.html
301333,诺思格,诺思格:关于2023年年度股东大会增加临时提案暨股东大会补充通知的公告,增加股东大会议案,2024-05-21,https://data.eastmoney.com/notices/detail/301333/AN202405201633869740.html
301333,诺思格,诺思格:关于变更募集资金专用账户的公告,募集资金使用情况报告,2024-05-21,https://data.eastmoney.com/notices/detail/301333/AN202405201633869739.html
301333,诺思格,诺思格:第三届监事会第十六次会议决议公告,监事会决议公告,2024-05-21,https://data.eastmoney.com/notices/detail/301333/AN202405201633869738.html
301333,诺思格,诺思格:第四届董事会第二十次会议决议公告,董事会决议公告,2024-05-21,https://data.eastmoney.com/notices/detail/301333/AN202405201633869737.html
688186,广大特材,广大特材:广大特材2023年年度股东大会法律意见书,法律意见书,2024-05-21,https://data.eastmoney.com/notices/detail/688186/AN202405201633869720.html
688186,广大特材,广大特材:2023年年度股东大会决议,分配方案决议公告,2024-05-21,https://data.eastmoney.com/notices/detail/688186/AN202405201633869722.html
688052,纳芯微,纳芯微:光大证券股份有限公司关于苏州纳芯微电子股份有限公司2023年度持续督导跟踪报告,保荐/核查意见,2024-05-21,https://data.eastmoney.com/notices/detail/688052/AN202405201633869721.html
600933,爱柯迪,爱柯迪:关于公司股东受益人收到行政监管措施决定书的公告,其他,2024-05-21,https://data.eastmoney.com/notices/detail/600933/AN202405201633869715.html
600234,科新发展,*ST科新:山西科新发展股份有限公司股票交易异常波动暨严重异常波动的公告,股票交易异常波动,2024-05-21,https://data.eastmoney.com/notices/detail/600234/AN202405201633869693.html
603195,公牛集团,公牛集团:公牛集团股份有限公司2023年年度股东大会决议公告,分配方案决议公告,2024-05-21,https://data.eastmoney.com/notices/detail/603195/AN202405201633869695.html
603195,公牛集团,公牛集团:公牛集团股份有限公司关于公司2024年限制性股票激励计划内幕信息知情人买卖公司股票情况的自查报告,自查报告,2024-05-21,https://data.eastmoney.com/notices/detail/603195/AN202405201633869691.html
600234,科新发展,*ST科新:关于山西科新发展股份有限公司股票交易异常波动暨严重异常波动问询函的回函(控股股东及实际控制人),回复问询函公告,2024-05-21,https://data.eastmoney.com/notices/detail/600234/AN202405201633869694.html
603195,公牛集团,公牛集团:上海仁盈律师事务所关于公牛集团股份有限公司2023年度股东大会的法律意见书,法律意见书,2024-05-21,https://data.eastmoney.com/notices/detail/603195/AN202405201633869692.html
603768,常青股份,常青股份:常青股份关于上海证券交易所对公司2023年年度报告的信息披露监管工作函的回复,其他,2024-05-21,https://data.eastmoney.com/notices/detail/603768/AN202405201633869674.html
603768,常青股份,常青股份:中信建投证券股份有限公司关于合肥常青机械股份有限公司2023年年度报告的信息披露监管工作函回复的核查意见,保荐/核查意见,2024-05-21,https://data.eastmoney.com/notices/detail/603768/AN202405201633869675.html
603768,常青股份,常青股份:常青股份2023年年度报告摘要(更正版),年度报告摘要,2024-05-21,https://data.eastmoney.com/notices/detail/603768/AN202405201633869676.html
603768,常青股份,常青股份:容诚会计师事务所关于合肥常青机械股份有限公司2023年年度报告信息披露监管工作函的专项核查报告,保荐/核查意见,2024-05-21,https://data.eastmoney.com/notices/detail/603768/AN202405201633869672.html
603768,常青股份,常青股份:常青股份2023年年度报告(更正版),年度报告全文,2024-05-21,https://data.eastmoney.com/notices/detail/603768/AN202405201633869677.html
603768,常青股份,常青股份:常青股份关于2023年年度报告更正的公告,年度报告更正公告,2024-05-21,https://data.eastmoney.com/notices/detail/603768/AN202405201633869673.html
600285,羚锐制药,羚锐制药:河南羚锐制药股份有限公司股东大会议事规则,议事规则/实施细则,2024-05-21,https://data.eastmoney.com/notices/detail/600285/AN202405201633869547.html
600379,宝光股份,宝光股份:宝光股份2023年年度股东大会决议公告,分配方案决议公告,2024-05-21,https://data.eastmoney.com/notices/detail/600379/AN202405201633869553.html
600285,羚锐制药,羚锐制药:关于河南羚锐制药股份有限公司2023年年度股东大会的法律意见书,法律意见书,2024-05-21,https://data.eastmoney.com/notices/detail/600285/AN202405201633869550.html
600285,羚锐制药,羚锐制药:河南羚锐制药股份有限公司董事会议事规则,议事规则/实施细则,2024-05-21,https://data.eastmoney.com/notices/detail/600285/AN202405201633869549.html
600285,羚锐制药,羚锐制药:河南羚锐制药股份有限公司独立董事工作制度,管理办法/制度,2024-05-21,https://data.eastmoney.com/notices/detail/600285/AN202405201633869548.html
600379,宝光股份,宝光股份:宝光股份2023年年度股东大会之法律意见书,法律意见书,2024-05-21,https://data.eastmoney.com/notices/detail/600379/AN202405201633869552.html
600285,羚锐制药,羚锐制药:河南羚锐制药股份有限公司章程(2024.5),公司章程,2024-05-21,https://data.eastmoney.com/notices/detail/600285/AN202405201633869545.html
600285,羚锐制药,羚锐制药:河南羚锐制药股份有限公司监事会议事规则,议事规则/实施细则,2024-05-21,https://data.eastmoney.com/notices/detail/600285/AN202405201633869546.html
600285,羚锐制药,羚锐制药:羚锐制药2023年年度股东大会决议公告,分配方案决议公告,2024-05-21,https://data.eastmoney.com/notices/detail/600285/AN202405201633869551.html
600998,九州通,九州通:九州通关于召开2023年年度股东大会的提示性公告,召开股东大会提示性公告,2024-05-21,https://data.eastmoney.com/notices/detail/600998/AN202405201633869512.html
605258,协和电子,协和电子:江苏协和电子股份有限公司2023年年度权益分派实施公告,分配方案实施,2024-05-21,https://data.eastmoney.com/notices/detail/605258/AN202405201633869498.html
601799,星宇股份,星宇股份:星宇股份关于变更持续督导保荐代表人的公告,保荐代表人（机构）变更,2024-05-21,https://data.eastmoney.com/notices/detail/601799/AN202405201633869470.html
600613,神奇制药,神奇制药:上海神奇制药投资管理股份有限公司2023年年度股东大会决议公告,分配方案决议公告,2024-05-21,https://data.eastmoney.com/notices/detail/600613/AN202405201633869438.html
600613,神奇制药,神奇制药:北京德恒(贵阳)律师事务所关于上海神奇制药投资管理股份有限公司2023年年度股东大会的法律意见书,法律意见书,2024-05-21,https://data.eastmoney.com/notices/detail/600613/AN202405201633869439.html
605066,天正电气,天正电气:关于完成工商变更登记的公告,公司注册资本变更,2024-05-21,https://data.eastmoney.com/notices/detail/605066/AN202405201633869402.html
605066,天正电气,天正电气:北京德恒(杭州)律师事务所关于浙江天正电气股份有限公司2023年年度股东大会之法律意见书,法律意见书,2024-05-21,https://data.eastmoney.com/notices/detail/605066/AN202405201633869404.html
605066,天正电气,天正电气:2023年年度股东大会决议公告,分配方案决议公告,2024-05-21,https://data.eastmoney.com/notices/detail/605066/AN202405201633869403.html
002544,普天科技,普天科技:关于回购注销限制性股票的债权人通知暨减资公告,公司注册资本变更,2024-05-21,https://data.eastmoney.com/notices/detail/002544/AN202405201633869423.html
002338,奥普光电,奥普光电:关于参加网上集体业绩说明会的公告,其他,2024-05-21,https://data.eastmoney.com/notices/detail/002338/AN202405201633869421.html
002288,*ST超华,*ST超华:股票交易严重异常波动的公告,股票交易异常波动,2024-05-21,https://data.eastmoney.com/notices/detail/002288/AN202405201633869420.html
002288,*ST超华,*ST超华:关于对深圳证券交易所问询函延期回复申请的公告,延期回复问询函公告,2024-05-21,https://data.eastmoney.com/notices/detail/002288/AN202405201633869419.html
000799,酒鬼酒,酒鬼酒:关于召开2023年度网上业绩说明会的公告,其他,2024-05-21,https://data.eastmoney.com/notices/detail/000799/AN202405201633869422.html
600712,南宁百货,南宁百货:南宁百货大楼股份有限公司关于召开2023年年度业绩说明会的公告,其他,2024-05-21,https://data.eastmoney.com/notices/detail/600712/AN202405201633869385.html
603678,火炬电子,火炬电子:火炬电子关于“火炬转债”2024年付息公告,其他,2024-05-21,https://data.eastmoney.com/notices/detail/603678/AN202405201633869384.html
688616,西力科技,西力科技:杭州西力智能科技股份有限公司关于2023年限制性股票激励计划预留权益失效的公告,股权激励进展公告,2024-05-21,https://data.eastmoney.com/notices/detail/688616/AN202405201633869377.html
600172,黄河旋风,黄河旋风:河南世纪通律师事务所关于河南黄河旋风股份有限公司2023年度股东大会的法律意见书,法律意见书,2024-05-21,https://data.eastmoney.com/notices/detail/600172/AN202405201633869374.html
600172,黄河旋风,黄河旋风:河南黄河旋风股份有限公司2024年第三次临时股东大会会议资料,股东大会资料,2024-05-21,https://data.eastmoney.com/notices/detail/600172/AN202405201633869376.html
600172,黄河旋风,黄河旋风:河南黄河旋风股份有限公司2023年年度股东大会会议决议,分配方案决议公告,2024-05-21,https://data.eastmoney.com/notices/detail/600172/AN202405201633869375.html
601988,中国银行,中国银行:中国银行股份有限公司关于2024年总损失吸收能力非资本债券(第一期)发行完毕的公告,其他,2024-05-21,https://data.eastmoney.com/notices/detail/601988/AN202405201633869333.html
003002,壶化股份,壶化股份:北京市中伦律师事务所关于山西壶化集团股份有限公司员工持股计划价格调整的法律意见书,产品价格调整,2024-05-21,https://data.eastmoney.com/notices/detail/003002/AN202405201633869352.html
003002,壶化股份,壶化股份:关于调整第一期员工持股计划受让价格的公告,员工持股计划,2024-05-21,https://data.eastmoney.com/notices/detail/003002/AN202405201633869350.html
003002,壶化股份,壶化股份:第四届董事会第十二次会议决议的公告,董事会决议公告,2024-05-21,https://data.eastmoney.com/notices/detail/003002/AN202405201633869351.html
002075,沙钢股份,沙钢股份:关于公司子公司之间提供担保的公告,提供/对外担保公告,2024-05-21,https://data.eastmoney.com/notices/detail/002075/AN202405201633869349.html
688468,科美诊断,科美诊断:科美诊断技术股份有限公司关于持股5%以上股东减持股份计划的公告,股东/实际控制人股份减持,2024-05-21,https://data.eastmoney.com/notices/detail/688468/AN202405201633869328.html
603928,兴业股份,兴业股份:北京市中伦(上海)律师事务所关于兴业股份2023年年度股东大会的法律意见书,法律意见书,2024-05-21,https://data.eastmoney.com/notices/detail/603928/AN202405201633869279.html
603928,兴业股份,兴业股份:兴业股份2023年年度股东大会决议公告,分配方案决议公告,2024-05-21,https://data.eastmoney.com/notices/detail/603928/AN202405201633869280.html
600773,西藏城投,西藏城投:西藏城市发展投资股份有限公司关于中期票据获准注册的公告,其他,2024-05-21,https://data.eastmoney.com/notices/detail/600773/AN202405201633869156.html
603300,海南华铁,华铁应急:浙江华铁应急设备科技股份有限公司关于筹划控制权变更的停牌公告,停牌公告,2024-05-21,https://data.eastmoney.com/notices/detail/603300/AN202405201633869155.html
603679,华体科技,华体科技:四川华体照明科技股份有限公司关于“华体转债”可选择回售的第一次提示性公告,其他,2024-05-21,https://data.eastmoney.com/notices/detail/603679/AN202405201633869149.html
300151,昌红科技,昌红科技:广东信达律师事务所关于深圳市昌红科技股份有限公司2023年年度股东大会的法律意见书,法律意见书,2024-05-21,https://data.eastmoney.com/notices/detail/300151/AN202405201633869267.html
300151,昌红科技,昌红科技:2023年年度股东大会决议公告,分配方案决议公告,2024-05-21,https://data.eastmoney.com/notices/detail/300151/AN202405201633869266.html
000890,法尔胜,法尔胜:江苏法尔胜股份有限公司2023年度股东大会法律意见书,法律意见书,2024-05-21,https://data.eastmoney.com/notices/detail/000890/AN202405201633869265.html
000890,法尔胜,法尔胜:2023年年度股东大会决议公告,分配方案决议公告,2024-05-21,https://data.eastmoney.com/notices/detail/000890/AN202405201633869264.html
688293,奥浦迈,奥浦迈:上海市方达律师事务所关于上海奥浦迈生物科技股份有限公司2023年年度股东大会的法律意见书,法律意见书,2024-05-21,https://data.eastmoney.com/notices/detail/688293/AN202405201633869132.html
688293,奥浦迈,奥浦迈:2023年年度股东大会决议公告,分配方案决议公告,2024-05-21,https://data.eastmoney.com/notices/detail/688293/AN202405201633869133.html
603369,今世缘,今世缘:江苏今世缘酒业股份有限公司2023年年度股东大会决议公告,分配方案决议公告,2024-05-21,https://data.eastmoney.com/notices/detail/603369/AN202405201633869127.html
603369,今世缘,今世缘:北京大成(南京)律师事务所关于今世缘2023年年度股东大会法律意见书,法律意见书,2024-05-21,https://data.eastmoney.com/notices/detail/603369/AN202405201633869128.html
688076,ST诺泰,诺泰生物:关于可转债投资者适当性要求的风险提示公告,风险提示性公告,2024-05-21,https://data.eastmoney.com/notices/detail/688076/AN202405201633869125.html
600836,*ST易连,*ST易连:*ST易连关于公司股票可能存在因股价低于1元而终止上市的风险提示公告,终止上市风险提示,2024-05-21,https://data.eastmoney.com/notices/detail/600836/AN202405201633869121.html
600808,马钢股份,马钢股份:马鞍山钢铁股份有限公司关于召开2023年年度股东大会的通知,召开股东大会通知,2024-05-21,https://data.eastmoney.com/notices/detail/600808/AN202405201633869082.html
300350,华鹏飞,华鹏飞:关于使用闲置募集资金进行现金管理赎回并继续进行现金管理的进展公告,募集资金使用进展情况,2024-05-21,https://data.eastmoney.com/notices/detail/300350/AN202405201633869105.html
000782,恒申新材,美达股份:关于变更持续督导保荐代表人的公告,保荐代表人（机构）变更,2024-05-21,https://data.eastmoney.com/notices/detail/000782/AN202405201633869104.html
600897,厦门空港,厦门空港:厦门空港2023年年度股东大会决议公告,分配方案决议公告,2024-05-21,https://data.eastmoney.com/notices/detail/600897/AN202405201633869097.html
600897,厦门空港,厦门空港:厦门空港2023年年度股东大会法律意见书,法律意见书,2024-05-21,https://data.eastmoney.com/notices/detail/600897/AN202405201633869098.html
688370,丛麟科技,丛麟科技:丛麟科技第二届董事会第三次会议决议的公告,董事会决议公告,2024-05-21,https://data.eastmoney.com/notices/detail/688370/AN202405201633869088.html
688370,丛麟科技,丛麟科技:丛麟科技关于稳定股价措施暨以集中竞价交易方式回购公司股份方案的公告,回购预案,2024-05-21,https://data.eastmoney.com/notices/detail/688370/AN202405201633869087.html
688370,丛麟科技,丛麟科技:丛麟科技关于召开2024年第一次临时股东大会的通知,召开股东大会通知,2024-05-21,https://data.eastmoney.com/notices/detail/688370/AN202405201633869086.html
603963,*ST大药,*ST大药:大理药业股份有限公司股票交易异常波动公告,股票交易异常波动,2024-05-21,https://data.eastmoney.com/notices/detail/603963/AN202405201633869084.html
603963,*ST大药,*ST大药:关于对大理药业股份有限公司股票交易异常波动问询函的回复,回复问询函公告,2024-05-21,https://data.eastmoney.com/notices/detail/603963/AN202405201633869083.html
600729,重百集团,重庆百货:重庆百货大楼股份有限公司2023年年度股东大会会议材料,股东大会资料,2024-05-21,https://data.eastmoney.com/notices/detail/600729/AN202405201633869058.html
600232,金鹰股份,金鹰股份:关于公司董事会秘书任期届满离任并由董事长代行董秘职责的公告,高管人员任职变动,2024-05-21,https://data.eastmoney.com/notices/detail/600232/AN202405201633869057.html
603983,丸美生物,丸美股份:广东丸美生物技术股份有限公司关于第五届监事会第一次会议决议的公告,高管人员任职变动,2024-05-21,https://data.eastmoney.com/notices/detail/603983/AN202405201633868945.html
603983,丸美生物,丸美股份:广东丸美生物技术股份有限公司关于召开2024年第一次临时股东大会的通知,召开股东大会通知,2024-05-21,https://data.eastmoney.com/notices/detail/603983/AN202405201633868947.html
603983,丸美生物,丸美股份:广东丸美生物技术股份有限公司关于部分募集资金投资项目追加投资内容、增加实施地点以及项目延期的公告,募集资金使用情况报告,2024-05-21,https://data.eastmoney.com/notices/detail/603983/AN202405201633868946.html
603983,丸美生物,丸美股份:中信证券股份有限公司关于广东丸美生物技术股份有限公司部分募集资金投资项目追加投资内容、增加实施地点以及项目延期的核查意见,保荐/核查意见,2024-05-21,https://data.eastmoney.com/notices/detail/603983/AN202405201633868944.html
600232,金鹰股份,金鹰股份:关于公司第十一届监事会第一次会议决议的公告,高管人员任职变动,2024-05-21,https://data.eastmoney.com/notices/detail/600232/AN202405201633868940.html
600232,金鹰股份,金鹰股份:关于公司第十一届董事会第一次会议决议的公告,高管人员任职变动,2024-05-21,https://data.eastmoney.com/notices/detail/600232/AN202405201633868943.html
600232,金鹰股份,金鹰股份:关于召开2024年第二次临时股东大会的通知,召开股东大会通知,2024-05-21,https://data.eastmoney.com/notices/detail/600232/AN202405201633868942.html
603983,丸美生物,丸美股份:广东丸美生物技术股份有限公司关于第五届董事会第一次会议决议的公告,高管人员任职变动,2024-05-21,https://data.eastmoney.com/notices/detail/603983/AN202405201633868941.html
600600,青岛啤酒,青岛啤酒:北京市海问律师事务所关于青岛啤酒股份有限公司A股限制性股票激励计划预留授予限制性股票第二个解除限售期解除限售相关事项的法律意见书,法律意见书,2024-05-21,https://data.eastmoney.com/notices/detail/600600/AN202405201633868848.html
688062,迈威生物,迈威生物:迈威生物关于全资子公司开立募集资金专项账户并签订募集资金专户存储四方监管协议的公告,签订协议,2024-05-21,https://data.eastmoney.com/notices/detail/688062/AN202405201633868896.html
603328,依顿电子,依顿电子:2023年年度股东大会会议资料,股东大会资料,2024-05-21,https://data.eastmoney.com/notices/detail/603328/AN202405201633868895.html
603936,博敏电子,博敏电子:博敏电子2023年年度股东大会会议资料,股东大会资料,2024-05-21,https://data.eastmoney.com/notices/detail/603936/AN202405201633868884.html
600155,华创云信,华创云信:华创云信关于召开2023年度暨2024年第一季度业绩说明会的公告,其他,2024-05-21,https://data.eastmoney.com/notices/detail/600155/AN202405201633868876.html
600600,青岛啤酒,青岛啤酒:青岛啤酒股份有限公司关于A股限制性股票激励计划预留授予限制性股票第二个解除限售期解锁暨上市公告,限售股份上市流通,2024-05-21,https://data.eastmoney.com/notices/detail/600600/AN202405201633868849.html
688633,星球石墨,星球石墨:华泰联合证券有限责任公司关于南通星球石墨股份有限公司2023年度持续督导跟踪报告,保荐/核查意见,2024-05-21,https://data.eastmoney.com/notices/detail/688633/AN202405201633868793.html
688633,星球石墨,星球石墨:华泰联合证券有限责任公司关于南通星球石墨股份有限公司2023年度持续督导工作现场检查报告,保荐/核查意见,2024-05-21,https://data.eastmoney.com/notices/detail/688633/AN202405201633868794.html
600479,千金药业,千金药业:千金药业关于变更注册资本暨修订《公司章程》的公告,公司章程修订,2024-05-21,https://data.eastmoney.com/notices/detail/600479/AN202405201633868792.html
600479,千金药业,千金药业:千金药业第十一届董事会第五次会议决议公告,董事会决议公告,2024-05-21,https://data.eastmoney.com/notices/detail/600479/AN202405201633868791.html
600479,千金药业,千金药业:株洲千金药业股份有限公司章程(修订稿),公司章程修订,2024-05-21,https://data.eastmoney.com/notices/detail/600479/AN202405201633868790.html
600479,千金药业,千金药业:千金药业战略规划概要(2024年-2031年),其他,2024-05-21,https://data.eastmoney.com/notices/detail/600479/AN202405201633868789.html
002939,长城证券,长城证券:关于公司董事会换届选举的提示性公告,高管人员任职变动,2024-05-21,https://data.eastmoney.com/notices/detail/002939/AN202405201633868788.html
002939,长城证券,长城证券:关于公司监事会换届选举的提示性公告,高管人员任职变动,2024-05-21,https://data.eastmoney.com/notices/detail/002939/AN202405201633868787.html
605303,园林股份,园林股份:关于股票交易风险提示公告,风险提示性公告,2024-05-21,https://data.eastmoney.com/notices/detail/605303/AN202405201633868781.html
300655,晶瑞电材,晶瑞电材:可转换公司债券交易异常波动公告,股票交易异常波动,2024-05-21,https://data.eastmoney.com/notices/detail/300655/AN202405201633868656.html
002275,桂林三金,桂林三金:2023年年度权益分派实施公告,分配方案实施,2024-05-21,https://data.eastmoney.com/notices/detail/002275/AN202405201633868757.html
000828,东莞控股,东莞控股:关于公开挂牌转让长安村镇银行股权的进展公告,股权转让,2024-05-21,https://data.eastmoney.com/notices/detail/000828/AN202405201633868655.html
000828,东莞控股,东莞控股:关于转让东莞信托股权的进展公告,股权转让,2024-05-21,https://data.eastmoney.com/notices/detail/000828/AN202405201633868654.html
000016,*ST康佳A,深康佳Ａ:关于提供对外担保的进展公告,提供/对外担保公告,2024-05-21,https://data.eastmoney.com/notices/detail/000016/AN202405201633868758.html
002271,东方雨虹,东方雨虹:关于公司控股股东部分股份质押展期的公告,股份质押、冻结,2024-05-21,https://data.eastmoney.com/notices/detail/002271/AN202405201633868603.html
605008,长鸿高科,长鸿高科:2023年年度股东大会决议公告,其他增发事项公告,2024-05-21,https://data.eastmoney.com/notices/detail/605008/AN202405201633868594.html
603171,税友股份,税友股份:2023年年度权益分派实施公告,分配方案实施,2024-05-21,https://data.eastmoney.com/notices/detail/603171/AN202405201633868596.html
605008,长鸿高科,长鸿高科:北京大成(宁波)律师事务所关于宁波长鸿高分子科技股份有限公司2023年年度股东大会的法律意见书,法律意见书,2024-05-21,https://data.eastmoney.com/notices/detail/605008/AN202405201633868595.html
688209,英集芯,英集芯:华泰联合证券有限责任公司关于深圳英集芯科技股份有限公司2023年度持续督导跟踪报告,保荐/核查意见,2024-05-21,https://data.eastmoney.com/notices/detail/688209/AN202405201633868591.html
002141,贤丰控股,*ST贤丰:股票交易异常波动公告,股票交易异常波动,2024-05-21,https://data.eastmoney.com/notices/detail/002141/AN202405201633868558.html
688171,纬德信息,纬德信息:广东信达律师事务所关于广东纬德信息科技股份有限公司2023年年度股东大会的法律意见书,法律意见书,2024-05-21,https://data.eastmoney.com/notices/detail/688171/AN202405201633868444.html
688171,纬德信息,纬德信息:广东纬德信息科技股份有限公司2023年年度股东大会决议公告,分配方案决议公告,2024-05-21,https://data.eastmoney.com/notices/detail/688171/AN202405201633868443.html
603609,禾丰股份,禾丰股份:北京大成(沈阳)律师事务所关于禾丰食品股份有限公司2024年员工持股计划的法律意见书,员工持股计划,2024-05-21,https://data.eastmoney.com/notices/detail/603609/AN202405201633868441.html
600373,中文传媒,中文传媒:中文传媒第六届董事会第三十次临时会议决议的公告,高管人员任职变动,2024-05-21,https://data.eastmoney.com/notices/detail/600373/AN202405201633868434.html
603559,中通国脉,*ST通脉:中通国脉通信股份有限公司关于参加网上集体业绩说明会的公告,其他,2024-05-21,https://data.eastmoney.com/notices/detail/603559/AN202405201633868433.html
601566,九牧王,九牧王:九牧王关于股东股份解除质押的公告,股份质押、冻结,2024-05-21,https://data.eastmoney.com/notices/detail/601566/AN202405201633868431.html
600373,中文传媒,中文传媒:中文传媒独立董事候选人声明与承诺(姜帆),独立董事候选人声明,2024-05-21,https://data.eastmoney.com/notices/detail/600373/AN202405201633868435.html
600373,中文传媒,中文传媒:中文传媒独立董事提名人声明与承诺,独立董事提名人声明,2024-05-21,https://data.eastmoney.com/notices/detail/600373/AN202405201633868430.html
600373,中文传媒,中文传媒:中文传媒关于全资子公司认购私募股权投资基金份额的公告,其他,2024-05-21,https://data.eastmoney.com/notices/detail/600373/AN202405201633868432.html
600373,中文传媒,中文传媒:中文传媒关于补选独立董事的公告,高管人员任职变动,2024-05-21,https://data.eastmoney.com/notices/detail/600373/AN202405201633868429.html
600373,中文传媒,中文传媒:中文传媒关于召开2024年第三次临时股东大会的通知,召开股东大会通知,2024-05-21,https://data.eastmoney.com/notices/detail/600373/AN202405201633868436.html
000989,九芝堂,ST九芝:2023年度分红派息实施公告,分配方案实施,2024-05-21,https://data.eastmoney.com/notices/detail/000989/AN202405201633868438.html
000686,东北证券,东北证券:关于参加网上集体业绩说明会的公告,其他,2024-05-21,https://data.eastmoney.com/notices/detail/000686/AN202405201633868437.html
605116,奥锐特,奥锐特:奥锐特药业股份有限公司2023年年度股东大会决议公告,分配方案决议公告,2024-05-21,https://data.eastmoney.com/notices/detail/605116/AN202405201633868364.html
605116,奥锐特,奥锐特:国浩律师(杭州)事务所关于奥锐特药业股份有限公司2023年年度股东大会法律意见书,法律意见书,2024-05-21,https://data.eastmoney.com/notices/detail/605116/AN202405201633868365.html
603786,科博达,科博达:科博达技术股份有限公司股东减持股份计划公告,股东/实际控制人股份减持,2024-05-21,https://data.eastmoney.com/notices/detail/603786/AN202405201633868316.html
603818,曲美家居,曲美家居:2023年年度股东大会决议公告,分配方案决议公告,2024-05-21,https://data.eastmoney.com/notices/detail/603818/AN202405201633868318.html
600667,太极实业,太极实业:2023年年度股东大会法律意见书,法律意见书,2024-05-21,https://data.eastmoney.com/notices/detail/600667/AN202405201633868317.html
603818,曲美家居,曲美家居:上海市锦天城律师事务所关于曲美家居2023年年度股东大会的法律意见书,法律意见书,2024-05-21,https://data.eastmoney.com/notices/detail/603818/AN202405201633868319.html
600667,太极实业,太极实业:2023年年度股东大会决议公告,分配方案决议公告,2024-05-21,https://data.eastmoney.com/notices/detail/600667/AN202405201633868315.html
300098,高新兴,高新兴:关于拟对外出租部分闲置房产暨关联交易的公告,关联交易,2024-05-21,https://data.eastmoney.com/notices/detail/300098/AN202405201633868360.html
300098,高新兴,高新兴:第六届监事会第十一次会议决议的公告,高管人员任职变动,2024-05-21,https://data.eastmoney.com/notices/detail/300098/AN202405201633868359.html
300098,高新兴,高新兴:第六届董事会独立董事专门会议第二次会议决议,董事会决议公告,2024-05-21,https://data.eastmoney.com/notices/detail/300098/AN202405201633868358.html
300098,高新兴,高新兴:第六届董事会第十七次会议决议的公告,董事会决议公告,2024-05-21,https://data.eastmoney.com/notices/detail/300098/AN202405201633868362.html
300098,高新兴,高新兴:关于召开2024年第一次临时股东大会通知的公告,召开股东大会通知,2024-05-21,https://data.eastmoney.com/notices/detail/300098/AN202405201633868357.html
300098,高新兴,高新兴:关于公司监事离任暨补选公司第六届非职工代表监事的公告,高管人员任职变动,2024-05-21,https://data.eastmoney.com/notices/detail/300098/AN202405201633868361.html
002650,ST加加,ST加加:关于延期回复深圳证券交易所2023年年报问询函的公告,延期回复问询函公告,2024-05-21,https://data.eastmoney.com/notices/detail/002650/AN202405201633868300.html
002650,ST加加,ST加加:关于再次延期回复湖南证监局监管关注函的公告,延期回复关注函公告,2024-05-21,https://data.eastmoney.com/notices/detail/002650/AN202405201633868299.html
002280,ST联络,ST联络:股票交易异常波动公告,股票交易异常波动,2024-05-21,https://data.eastmoney.com/notices/detail/002280/AN202405201633868298.html
688163,赛伦生物,赛伦生物:上海市锦天城律师事务所关于上海赛伦生物技术股份有限公司2023年年度股东大会的法律意见书,法律意见书,2024-05-21,https://data.eastmoney.com/notices/detail/688163/AN202405201633868229.html
688193,仁度生物,仁度生物:中国国际金融股份有限公司关于上海仁度生物科技股份有限公司2023年度持续督导跟踪报告,保荐/核查意见,2024-05-21,https://data.eastmoney.com/notices/detail/688193/AN202405201633868142.html
688163,赛伦生物,赛伦生物:2023年年度股东大会决议公告,分配方案决议公告,2024-05-21,https://data.eastmoney.com/notices/detail/688163/AN202405201633868141.html
688009,中国通号,中国通号:关于自愿披露轨道交通市场重要项目中标的公告,重大合同,2024-05-21,https://data.eastmoney.com/notices/detail/688009/AN202405201633868125.html
688055,龙腾光电,龙腾光电:龙腾光电关于召开2023年度暨2024年第一季度业绩说明会的公告,其他,2024-05-21,https://data.eastmoney.com/notices/detail/688055/AN202405201633868116.html
600117,西宁特钢,ST西钢:西宁特殊钢股份有限公司关于召开2023年度暨2024年第一季度业绩说明会的公告,其他,2024-05-21,https://data.eastmoney.com/notices/detail/600117/AN202405201633868105.html
600117,西宁特钢,ST西钢:西宁特殊钢股份有限公司关于第一期员工持股计划存续期即将届满的提示性公告,员工持股计划,2024-05-21,https://data.eastmoney.com/notices/detail/600117/AN202405201633868107.html
603368,柳药集团,柳药集团:广西柳药集团股份有限公司董事、高级管理人员减持股份计划公告,高管人员持股变动,2024-05-21,https://data.eastmoney.com/notices/detail/603368/AN202405201633868106.html
603365,水星家纺,水星家纺:上海水星家用纺织品股份有限公司2023年年度股东大会决议公告,分配方案决议公告,2024-05-21,https://data.eastmoney.com/notices/detail/603365/AN202405201633867951.html
603365,水星家纺,水星家纺:上海市锦天城律师事务所关于上海水星家用纺织品股份有限公司2023年年度股东大会的法律意见书,法律意见书,2024-05-21,https://data.eastmoney.com/notices/detail/603365/AN202405201633867950.html
603908,牧高笛,牧高笛:国浩律师(杭州)事务所关于牧高笛户外用品股份有限公司2023年年度股东大会的法律意见书,法律意见书,2024-05-21,https://data.eastmoney.com/notices/detail/603908/AN202405201633867891.html
603939,益丰药房,益丰药房:益丰药房2023年年度股东大会决议公告,分配方案决议公告,2024-05-21,https://data.eastmoney.com/notices/detail/603939/AN202405201633867889.html
603908,牧高笛,牧高笛:牧高笛户外用品股份有限公司2023年年度股东大会决议公告,分配方案决议公告,2024-05-21,https://data.eastmoney.com/notices/detail/603908/AN202405201633867890.html
603939,益丰药房,益丰药房:湖南启元律师事务所关于益丰大药房连锁股份有限公司2023年度股东大会的法律意见书,法律意见书,2024-05-21,https://data.eastmoney.com/notices/detail/603939/AN202405201633867892.html
688328,深科达,深科达:广东华商律师事务所关于深圳市深科达智能装备股份有限公司2023年年度股东大会的法律意见书,法律意见书,2024-05-21,https://data.eastmoney.com/notices/detail/688328/AN202405201633867881.html
600346,恒力石化,恒力石化:恒力石化2023年年度权益分派实施公告,分配方案实施,2024-05-21,https://data.eastmoney.com/notices/detail/600346/AN202405201633867876.html
688328,深科达,深科达:2023年年度股东大会决议公告,分配方案决议公告,2024-05-21,https://data.eastmoney.com/notices/detail/688328/AN202405201633867865.html
601519,大智慧,大智慧:关于持股5%以上股东部分股份解除质押及再质押的公告,股份质押、冻结,2024-05-21,https://data.eastmoney.com/notices/detail/601519/AN202405201633867862.html
605288,凯迪股份,凯迪股份:北京德恒(杭州)律师事务所关于常州市凯迪电器股份有限公司2023年年度股东大会的法律意见书,法律意见书,2024-05-21,https://data.eastmoney.com/notices/detail/605288/AN202405201633867863.html
605288,凯迪股份,凯迪股份:常州市凯迪电器股份有限公司2023年年度股东大会决议公告,分配方案决议公告,2024-05-21,https://data.eastmoney.com/notices/detail/605288/AN202405201633867864.html
301256,华融化学,华融化学:2023年年度权益分派实施公告,分配方案实施,2024-05-21,https://data.eastmoney.com/notices/detail/301256/AN202405201633867877.html
002786,银宝山新,银宝山新:关于向公司关联方借款暨关联交易的进展公告,借贷,2024-05-21,https://data.eastmoney.com/notices/detail/002786/AN202405201633867878.html
002757,南兴股份,南兴股份:2023年年度权益分派实施公告,分配方案实施,2024-05-21,https://data.eastmoney.com/notices/detail/002757/AN202405201633867879.html
600187,*ST国中,国中水务:关于对外投资的进展公告,对外项目投资,2024-05-21,https://data.eastmoney.com/notices/detail/600187/AN202405201633867839.html
600321,正源股份,正源股份:关于公司股票可能被终止上市的第四次风险提示公告,终止上市风险提示,2024-05-21,https://data.eastmoney.com/notices/detail/600321/AN202405201633867840.html
600527,江南高纤,江南高纤:江南高纤2023年度权益分派实施公告,分配方案实施,2024-05-21,https://data.eastmoney.com/notices/detail/600527/AN202405201633867824.html
600157,永泰能源,永泰能源:永泰能源集团股份有限公司关于控股股东部分股份解质及再质押的公告,股份质押、冻结,2024-05-21,https://data.eastmoney.com/notices/detail/600157/AN202405201633867826.html
600157,永泰能源,永泰能源:永泰能源集团股份有限公司关于接待机构投资者调研的公告,调研活动,2024-05-21,https://data.eastmoney.com/notices/detail/600157/AN202405201633867825.html
688772,珠海冠宇,珠海冠宇:关于债券持有人可转债持有比例变动达到10%的公告,其他,2024-05-21,https://data.eastmoney.com/notices/detail/688772/AN202405201633867807.html
002880,卫光生物,卫光生物:关于第三期员工持股计划实施进展的公告,员工持股计划,2024-05-21,https://data.eastmoney.com/notices/detail/002880/AN202405201633867808.html
688388,嘉元科技,嘉元科技:中信证券股份有限公司关于广东嘉元科技股份有限公司2023年度持续督导跟踪报告,保荐/核查意见,2024-05-21,https://data.eastmoney.com/notices/detail/688388/AN202405201633867788.html
688388,嘉元科技,嘉元科技:中信证券股份有限公司关于广东嘉元科技股份有限公司2023年度持续督导现场检查报告,保荐/核查意见,2024-05-21,https://data.eastmoney.com/notices/detail/688388/AN202405201633867789.html
600460,士兰微,士兰微:杭州士兰微电子股份有限公司关于股东股份质押的公告,股份质押、冻结,2024-05-21,https://data.eastmoney.com/notices/detail/600460/AN202405201633867787.html
688219,会通股份,会通股份:会通新材料股份有限公司2024年员工持股计划第一次持有人会议决议公告,员工持股计划,2024-05-21,https://data.eastmoney.com/notices/detail/688219/AN202405201633867704.html
300099,尤洛卡,尤洛卡:中信证券股份有限公司关于尤洛卡精准信息工程股份有限公司2023年度跟踪报告,保荐/核查意见,2024-05-21,https://data.eastmoney.com/notices/detail/300099/AN202405201633867667.html
003026,中晶科技,中晶科技:关于回购注销部分限制性股票减资暨通知债权人的公告,通知债权人公告,2024-05-21,https://data.eastmoney.com/notices/detail/003026/AN202405201633867663.html
002667,*ST威领,威领股份:贵州储瑛律师事务所关于威领新能源股份有限公司2023年度股东大会之法律意见书,法律意见书,2024-05-21,https://data.eastmoney.com/notices/detail/002667/AN202405201633867661.html
300099,尤洛卡,尤洛卡:2023年年度股东大会决议公告,分配方案决议公告,2024-05-21,https://data.eastmoney.com/notices/detail/300099/AN202405201633867665.html
003026,中晶科技,中晶科技:2023年年度股东大会决议公告,分配方案决议公告,2024-05-21,https://data.eastmoney.com/notices/detail/003026/AN202405201633867662.html
000852,石化机械,石化机械:非公开发行股份解除限售的提示性公告,限售股份上市流通,2024-05-21,https://data.eastmoney.com/notices/detail/000852/AN202405201633867659.html
003026,中晶科技,中晶科技:浙江六和律师事务所关于浙江中晶科技股份有限公司2023年年度股东大会的法律意见书,法律意见书,2024-05-21,https://data.eastmoney.com/notices/detail/003026/AN202405201633867664.html
000852,石化机械,石化机械:中国国际金融股份有限公司关于中石化石油机械股份有限公司非公开发行股票限售股份解除限售的核查意见,保荐/核查意见,2024-05-21,https://data.eastmoney.com/notices/detail/000852/AN202405201633867658.html
002667,*ST威领,威领股份:2023年度股东大会决议公告,分配方案决议公告,2024-05-21,https://data.eastmoney.com/notices/detail/002667/AN202405201633867660.html
300099,尤洛卡,尤洛卡:北京德恒(济南)律师事务所关于尤洛卡精准信息工程股份有限公司2023年年度股东大会的法律意见,法律意见书,2024-05-21,https://data.eastmoney.com/notices/detail/300099/AN202405201633867666.html
600941,中国移动,中国移动:2024年4月客户数据公告,月度经营情况,2024-05-21,https://data.eastmoney.com/notices/detail/600941/AN202405201633867514.html
600310,广西能源,广西能源:广西能源股份有限公司关于为全资子公司桂旭能源公司提供担保的进展公告,提供/对外担保公告,2024-05-21,https://data.eastmoney.com/notices/detail/600310/AN202405201633867544.html
688432,有研硅,有研硅:有研半导体硅材料股份公司2023年年度股东大会会议资料,股东大会资料,2024-05-21,https://data.eastmoney.com/notices/detail/688432/AN202405201633867515.html
301338,凯格精机,凯格精机:2023年年度权益分派实施公告,分配方案实施,2024-05-21,https://data.eastmoney.com/notices/detail/301338/AN202405201633867501.html
002995,天地在线,天地在线:关于使用闲置自有资金进行现金管理的进展公告,投资理财,2024-05-21,https://data.eastmoney.com/notices/detail/002995/AN202405201633867500.html
600148,长春一东,长春一东:长春一东离合器股份有限公司关于参加网上集体业绩说明会的公告,其他,2024-05-21,https://data.eastmoney.com/notices/detail/600148/AN202405201633867460.html
600418,江淮汽车,江淮汽车:江淮汽车关于召开2023年度业绩说明会的公告,其他,2024-05-21,https://data.eastmoney.com/notices/detail/600418/AN202405201633867383.html
603589,口子窖,口子窖:安徽口子酒业股份有限公司2023年年度股东大会会议资料,股东大会资料,2024-05-21,https://data.eastmoney.com/notices/detail/603589/AN202405201633867355.html
603063,禾望电气,禾望电气:深圳市禾望电气股份有限公司关于为子公司向银行申请综合授信提供担保的进展公告,提供/对外担保公告,2024-05-21,https://data.eastmoney.com/notices/detail/603063/AN202405201633867354.html
600246,万通发展,万通发展:关于公司股东股份解质押及质押的公告,股份质押、冻结,2024-05-21,https://data.eastmoney.com/notices/detail/600246/AN202405201633867339.html
300087,ST荃银,荃银高科:关于股东部分股份解除质押的公告,股份质押、冻结,2024-05-21,https://data.eastmoney.com/notices/detail/300087/AN202405201633867333.html
002931,锋龙股份,锋龙股份:关于孙公司完成注销登记的公告,公司关联方基本资料变更,2024-05-21,https://data.eastmoney.com/notices/detail/002931/AN202405201633867331.html
001872,招商港口,招商港口:关于副总经理、董事会秘书辞职暨聘任董事会秘书的公告,高管人员任职变动,2024-05-21,https://data.eastmoney.com/notices/detail/001872/AN202405201633867328.html
000821,ST京机,京山轻机:第四期员工持股计划全体持有人第一次会议决议公告,员工持股计划,2024-05-21,https://data.eastmoney.com/notices/detail/000821/AN202405201633867334.html
002931,锋龙股份,锋龙股份:关于诉讼事项的进展公告,诉讼仲裁,2024-05-21,https://data.eastmoney.com/notices/detail/002931/AN202405201633867332.html
002309,中利集团,*ST中利:股票交易异常波动公告,股票交易异常波动,2024-05-21,https://data.eastmoney.com/notices/detail/002309/AN202405201633867329.html
002931,锋龙股份,锋龙股份:关于使用部分暂时闲置募集资金购买理财产品的进展公告,募集资金使用进展情况,2024-05-21,https://data.eastmoney.com/notices/detail/002931/AN202405201633867330.html
002850,科达利,科达利:第五届董事会第七次(临时)会议决议公告,董事会决议公告,2024-05-21,https://data.eastmoney.com/notices/detail/002850/AN202405201633867325.html
001872,招商港口,招商港口:第十一届董事会2024年度第三次临时会议决议公告,高管人员任职变动,2024-05-21,https://data.eastmoney.com/notices/detail/001872/AN202405201633867327.html
002850,科达利,科达利:关于设立美国控股子公司暨对外投资的公告,投资设立公司,2024-05-21,https://data.eastmoney.com/notices/detail/002850/AN202405201633867326.html
001317,三羊马,三羊马:关于部分募集资金专户销户的公告,其他,2024-05-21,https://data.eastmoney.com/notices/detail/001317/AN202405201633867134.html
002396,星网锐捷,星网锐捷:福建至理律师事务所关于福建星网锐捷通讯股份有限公司2023年年度股东大会的法律意见书,法律意见书,2024-05-21,https://data.eastmoney.com/notices/detail/002396/AN202405201633867133.html
002396,星网锐捷,星网锐捷:2023年年度股东大会决议的公告,分配方案决议公告,2024-05-21,https://data.eastmoney.com/notices/detail/002396/AN202405201633867132.html
000545,金浦钛业,金浦钛业:金浦钛业2023年年度股东大会法律意见书,法律意见书,2024-05-21,https://data.eastmoney.com/notices/detail/000545/AN202405201633867131.html
000545,金浦钛业,金浦钛业:关于参加网上集体业绩说明会的公告,其他,2024-05-21,https://data.eastmoney.com/notices/detail/000545/AN202405201633867130.html
000545,金浦钛业,金浦钛业:2023年年度股东大会决议公告,分配方案决议公告,2024-05-21,https://data.eastmoney.com/notices/detail/000545/AN202405201633867129.html
688548,广钢气体,广钢气体:2023年年度权益分派实施公告,分配方案实施,2024-05-21,https://data.eastmoney.com/notices/detail/688548/AN202405201633866993.html
600760,中航沈飞,中航沈飞:中航沈飞股份有限公司关于为控股子公司提供委托贷款的进展公告,委托（受托）事项,2024-05-21,https://data.eastmoney.com/notices/detail/600760/AN202405201633866992.html
000762,西藏矿业,西藏矿业:独立董事提名人声明与承诺(邓昭平),独立董事提名人声明,2024-05-21,https://data.eastmoney.com/notices/detail/000762/AN202405201633866973.html
000762,西藏矿业,西藏矿业:独立董事候选人声明与承诺(杨勇),独立董事候选人声明,2024-05-21,https://data.eastmoney.com/notices/detail/000762/AN202405201633866972.html
000762,西藏矿业,西藏矿业:独立董事提名人声明与承诺(王蓓),独立董事提名人声明,2024-05-21,https://data.eastmoney.com/notices/detail/000762/AN202405201633866971.html
000762,西藏矿业,西藏矿业:独立董事候选人声明与承诺(牟文),独立董事候选人声明,2024-05-21,https://data.eastmoney.com/notices/detail/000762/AN202405201633866970.html
000762,西藏矿业,西藏矿业:独立董事提名人声明与承诺(严洪),独立董事提名人声明,2024-05-21,https://data.eastmoney.com/notices/detail/000762/AN202405201633866969.html
000762,西藏矿业,西藏矿业:独立董事提名人声明与承诺(杨勇),独立董事提名人声明,2024-05-21,https://data.eastmoney.com/notices/detail/000762/AN202405201633866968.html
000762,西藏矿业,西藏矿业:独立董事候选人声明与承诺(严洪),独立董事候选人声明,2024-05-21,https://data.eastmoney.com/notices/detail/000762/AN202405201633866967.html
000762,西藏矿业,西藏矿业:独立董事候选人声明与承诺(邓昭平),独立董事候选人声明,2024-05-21,https://data.eastmoney.com/notices/detail/000762/AN202405201633866966.html
000762,西藏矿业,西藏矿业:独立董事提名人声明与承诺(牟文),独立董事提名人声明,2024-05-21,https://data.eastmoney.com/notices/detail/000762/AN202405201633866965.html
000762,西藏矿业,西藏矿业:独立董事候选人声明与承诺(王蓓),独立董事候选人声明,2024-05-21,https://data.eastmoney.com/notices/detail/000762/AN202405201633866964.html
000762,西藏矿业,西藏矿业:第七届监事会第十四次会议决议公告,高管人员任职变动,2024-05-21,https://data.eastmoney.com/notices/detail/000762/AN202405201633866963.html
000762,西藏矿业,西藏矿业:第七届董事会第二十一次会议决议公告,高管人员任职变动,2024-05-21,https://data.eastmoney.com/notices/detail/000762/AN202405201633866962.html
000762,西藏矿业,西藏矿业:关于2023年年度股东大会增加临时提案暨股东大会补充通知的公告,增加股东大会议案,2024-05-21,https://data.eastmoney.com/notices/detail/000762/AN202405201633866961.html
603883,老百姓,老百姓:关于召开2023年度暨2024年第一季度业绩说明会的公告,其他,2024-05-21,https://data.eastmoney.com/notices/detail/603883/AN202405201633866932.html
600143,金发科技,金发科技:金发科技关于为宁波金发新材料有限公司提供担保的公告,提供/对外担保公告,2024-05-21,https://data.eastmoney.com/notices/detail/600143/AN202405201633866907.html
600100,同方股份,同方股份:同方股份有限公司关于公开转让所持壹人壹本全部股权的公告,股权转让,2024-05-21,https://data.eastmoney.com/notices/detail/600100/AN202405201633866861.html
600381,*ST春天,ST春天:青海春天控股股东及实际控制人问询函的回复,回复问询函公告,2024-05-21,https://data.eastmoney.com/notices/detail/600381/AN202405201633866752.html
600381,*ST春天,ST春天:青海春天关于股票交易异常波动的公告,股票交易异常波动,2024-05-21,https://data.eastmoney.com/notices/detail/600381/AN202405201633866751.html
603668,天马科技,天马科技:天马科技关于控股股东、实际控制人股份质押展期的公告,股份质押、冻结,2024-05-21,https://data.eastmoney.com/notices/detail/603668/AN202405201633866731.html
600183,生益科技,生益科技:生益科技关于湖南绿晟环保股份有限公司对其全资子公司融资提供担保的进展公告,提供/对外担保公告,2024-05-21,https://data.eastmoney.com/notices/detail/600183/AN202405201633866702.html
600284,浦东建设,浦东建设:浦东建设重大项目中标公告,重大合同,2024-05-21,https://data.eastmoney.com/notices/detail/600284/AN202405201633866703.html
002951,金时科技,*ST金时:第三届董事会第十次会议决议公告,董事会决议公告,2024-05-21,https://data.eastmoney.com/notices/detail/002951/AN202405201633866651.html
002951,金时科技,*ST金时:关于收购控股子公司部分股权的公告,收购出售资产/股权,2024-05-21,https://data.eastmoney.com/notices/detail/002951/AN202405201633866650.html
001301,尚太科技,尚太科技:关于董事辞职的公告,高管人员任职变动,2024-05-21,https://data.eastmoney.com/notices/detail/001301/AN202405201633866649.html
600202,哈空调,哈空调:哈尔滨空调股份有限公司2023年年度股东大会决议公告,分配方案决议公告,2024-05-21,https://data.eastmoney.com/notices/detail/600202/AN202405201633866547.html
600202,哈空调,哈空调:哈尔滨空调股份有限公司2023年年度股东大会法律意见书,法律意见书,2024-05-21,https://data.eastmoney.com/notices/detail/600202/AN202405201633866546.html
600648,外高桥,外高桥:独立董事提名人声明与承诺,独立董事提名人声明,2024-05-21,https://data.eastmoney.com/notices/detail/600648/AN202405201633866543.html
600648,外高桥,外高桥:关于修订《上海浦东科技创新投资基金合伙企业(有限合伙)之合伙协议》暨关联交易的的公告,关联交易,2024-05-21,https://data.eastmoney.com/notices/detail/600648/AN202405201633866542.html
600648,外高桥,外高桥:第十届董事会第三十七次会议决议公告,高管人员任职变动,2024-05-21,https://data.eastmoney.com/notices/detail/600648/AN202405201633866541.html
600648,外高桥,外高桥:独立董事候选人声明与承诺(邵丽丽),独立董事候选人声明,2024-05-21,https://data.eastmoney.com/notices/detail/600648/AN202405201633866544.html
688271,联影医疗,联影医疗:联影医疗股东询价转让定价情况提示性公告,询价转让定价情况提示性公告,2024-05-21,https://data.eastmoney.com/notices/detail/688271/AN202405201633866534.html
601598,中国外运,中国外运:关于变更公司财务总监的公告,高管人员任职变动,2024-05-21,https://data.eastmoney.com/notices/detail/601598/AN202405201633866463.html
601598,中国外运,中国外运:第三届董事会第三十一次会议决议公告,高管人员任职变动,2024-05-21,https://data.eastmoney.com/notices/detail/601598/AN202405201633866464.html
603669,灵康药业,灵康药业:灵康药业集团股份有限公司公开发行A股可转换公司债券受托管理事务报告(2023年度),其他,2024-05-21,https://data.eastmoney.com/notices/detail/603669/AN202405201633866532.html
603315,福鞍股份,福鞍股份:福鞍股份关于上海证券交易所《关于辽宁福鞍重工股份有限公司签订投资合作框架协议的问询函》的回复公告,回复问询函公告,2024-05-21,https://data.eastmoney.com/notices/detail/603315/AN202405201633866467.html
600678,ST金顶,四川金顶:四川金顶(集团)股份有限公司第十届董事会第九次会议决议公告,增发终止,2024-05-21,https://data.eastmoney.com/notices/detail/600678/AN202405201633866456.html
600678,ST金顶,四川金顶:四川金顶(集团)股份有限公司第十届监事会第七次会议决议公告,监事会决议公告,2024-05-21,https://data.eastmoney.com/notices/detail/600678/AN202405201633866457.html
600678,ST金顶,四川金顶:四川金顶(集团)股份有限公司关于终止向特定对象发行A股股票事项并撤回申请文件的公告,增发预案,2024-05-21,https://data.eastmoney.com/notices/detail/600678/AN202405201633866458.html
688129,东来技术,东来技术:2023年年度股东大会会议材料,股东大会资料,2024-05-21,https://data.eastmoney.com/notices/detail/688129/AN202405201633866455.html
603023,威帝股份,*ST威帝:哈尔滨威帝电子股份有限公司关于公司独立董事辞职的公告,高管人员任职变动,2024-05-21,https://data.eastmoney.com/notices/detail/603023/AN202405201633866372.html
600737,中粮糖业,中粮糖业:中粮糖业控股股份有限公司关于召开2023年度暨2024年第一季度业绩说明会的公告,其他,2024-05-21,https://data.eastmoney.com/notices/detail/600737/AN202405201633866371.html
002870,香山股份,香山股份:关于控股子公司对外提供担保的进展公告,提供/对外担保公告,2024-05-21,https://data.eastmoney.com/notices/detail/002870/AN202405201633866244.html
603773,沃格光电,沃格光电:控股股东及实际控制人关于股票交易异常波动征询函的回函,股票交易异常波动,2024-05-21,https://data.eastmoney.com/notices/detail/603773/AN202405201633866236.html
603773,沃格光电,沃格光电:江西沃格光电股份有限公司股票交易异常波动公告,股票交易异常波动,2024-05-21,https://data.eastmoney.com/notices/detail/603773/AN202405201633866235.html
600276,恒瑞医药,恒瑞医药:恒瑞医药关于子公司获得药物临床试验批准通知书的公告,其他,2024-05-21,https://data.eastmoney.com/notices/detail/600276/AN202405201633866217.html
002932,*ST明德,明德生物:关于回购公司股份比例达到2%暨回购进展的公告,回购进展情况,2024-05-21,https://data.eastmoney.com/notices/detail/002932/AN202405201633866224.html
002526,山东矿机,山东矿机:山东矿机2022年第二期员工持股计划第二次持有人会议决议的公告,员工持股计划,2024-05-21,https://data.eastmoney.com/notices/detail/002526/AN202405201633866228.html
002164,宁波东力,宁波东力:宁波东力2023年年度股东大会法律意见书,法律意见书,2024-05-21,https://data.eastmoney.com/notices/detail/002164/AN202405201633866227.html
002164,宁波东力,宁波东力:关于公司实际控制人、董事长增持股份计划时间过半的进展公告,股东/实际控制人股份增持,2024-05-21,https://data.eastmoney.com/notices/detail/002164/AN202405201633866226.html
002164,宁波东力,宁波东力:2023年年度股东大会决议公告,分配方案决议公告,2024-05-21,https://data.eastmoney.com/notices/detail/002164/AN202405201633866225.html
601279,英利汽车,英利汽车:长春英利汽车工业股份有限公司关于参加网上集体业绩说明会的公告,其他,2024-05-21,https://data.eastmoney.com/notices/detail/601279/AN202405201633866152.html
603729,ST龙韵,龙韵股份:上海龙韵文创科技集团股份有限公司关于控股股东部分股份解除质押及再质押的公告,股份质押、冻结,2024-05-21,https://data.eastmoney.com/notices/detail/603729/AN202405201633866153.html
300103,达刚控股,达刚控股:关于控股股东、实际控制人部分股份解除质押的公告,股份质押、冻结,2024-05-21,https://data.eastmoney.com/notices/detail/300103/AN202405201633866125.html
002062,宏润建设,宏润建设:关于控股子公司签署光伏发电项目EPC总承包合同的公告,其他,2024-05-21,https://data.eastmoney.com/notices/detail/002062/AN202405201633866126.html
603658,安图生物,安图生物:安图生物关于全资子公司获得医疗器械注册证的公告,其他,2024-05-21,https://data.eastmoney.com/notices/detail/603658/AN202405201633866089.html
603658,安图生物,安图生物:安图生物关于调整2023年度利润分配方案每股分配金额的公告,分配方案调整,2024-05-21,https://data.eastmoney.com/notices/detail/603658/AN202405201633866090.html
603938,三孚股份,三孚股份:2023年年度权益分派实施公告,分配方案实施,2024-05-21,https://data.eastmoney.com/notices/detail/603938/AN202405201633866043.html
600763,通策医疗,通策医疗:中汇会鉴[2024]7421号关于收购杭州海骏科技有限公司运营的三叶儿童口腔业务业绩承诺完成情况的鉴证报告,保荐/核查意见,2024-05-21,https://data.eastmoney.com/notices/detail/600763/AN202405201633866035.html
600763,通策医疗,通策医疗:通策医疗股份有限公司关于杭州海骏科技有限公司豁免部分承诺的公告,其他,2024-05-21,https://data.eastmoney.com/notices/detail/600763/AN202405201633865969.html
603198,迎驾贡酒,迎驾贡酒:关于召开2023年度业绩说明会的公告,其他,2024-05-21,https://data.eastmoney.com/notices/detail/603198/AN202405201633865960.html
600692,亚通股份,亚通股份:亚通股份关于召开2023年度业绩说明会的公告,其他,2024-05-21,https://data.eastmoney.com/notices/detail/600692/AN202405201633865957.html
600860,京城股份,京城股份:京城股份关于召开2023年度业绩说明会的公告,其他,2024-05-21,https://data.eastmoney.com/notices/detail/600860/AN202405201633865824.html
002378,章源钨业,章源钨业:公司2023年年度权益分派实施公告,分配方案实施,2024-05-21,https://data.eastmoney.com/notices/detail/002378/AN202405201633865833.html
300062,中能电气,中能电气:关于全资子公司获得高新技术企业证书的公告,获得认证,2024-05-21,https://data.eastmoney.com/notices/detail/300062/AN202405201633865729.html
002312,川发龙蟒,川发龙蟒:关于公司控股股东部分股份解除质押的公告,股份质押、冻结,2024-05-21,https://data.eastmoney.com/notices/detail/002312/AN202405201633865732.html
002645,华宏科技,华宏科技:关于更换持续督导保荐代表人的公告,保荐代表人（机构）变更,2024-05-21,https://data.eastmoney.com/notices/detail/002645/AN202405201633865731.html
002645,华宏科技,华宏科技:关于为控股子公司提供担保的进展公告,提供/对外担保公告,2024-05-21,https://data.eastmoney.com/notices/detail/002645/AN202405201633865730.html
002076,星光股份,星光股份:上海锦天城(广州)律师事务所关于公司2023年度股东大会的法律意见书,法律意见书,2024-05-21,https://data.eastmoney.com/notices/detail/002076/AN202405201633865728.html
002076,星光股份,星光股份:2023年度股东大会决议公告,其他增发事项公告,2024-05-21,https://data.eastmoney.com/notices/detail/002076/AN202405201633865727.html
600714,金瑞矿业,金瑞矿业:青海省投资集团有限公司关于金瑞矿业股票交易异常波动的回复函,股票交易异常波动,2024-05-21,https://data.eastmoney.com/notices/detail/600714/AN202405201633865557.html
600714,金瑞矿业,金瑞矿业:青海金瑞矿业发展股份有限公司股票交易异常波动公告,股票交易异常波动,2024-05-21,https://data.eastmoney.com/notices/detail/600714/AN202405201633865558.html
300625,三雄极光,三雄极光:2023年年度权益分派实施公告,分配方案实施,2024-05-21,https://data.eastmoney.com/notices/detail/300625/AN202405201633865573.html
601728,中国电信,中国电信:中国电信股份有限公司2024年4月主要运营数据公告,月度经营情况,2024-05-21,https://data.eastmoney.com/notices/detail/601728/AN202405201633865519.html
600050,中国联通,中国联通:中国联合网络通信股份有限公司2024年4月份运营数据公告,月度经营情况,2024-05-21,https://data.eastmoney.com/notices/detail/600050/AN202405201633865531.html
603727,博迈科,博迈科:博迈科海洋工程股份有限公司关于调整以集中竞价交易方式回购股份价格上限的公告,回购进展情况,2024-05-21,https://data.eastmoney.com/notices/detail/603727/AN202405201633865520.html
688172,燕东微,燕东微:中信建投证券股份有限公司关于北京燕东微电子股份有限公司2023年持续督导年度报告书,保荐/核查意见,2024-05-21,https://data.eastmoney.com/notices/detail/688172/AN202405201633865506.html
301335,天元宠物,天元宠物:关于股份回购结果暨股份变动公告,股本变动,2024-05-21,https://data.eastmoney.com/notices/detail/301335/AN202405201633865497.html
000672,上峰材料,上峰水泥:第三期员工持股计划,员工持股计划,2024-05-21,https://data.eastmoney.com/notices/detail/000672/AN202405201633865496.html
603385,惠达卫浴,惠达卫浴:关于召开2023年度暨2024年第一季度业绩说明会的公告,其他,2024-05-21,https://data.eastmoney.com/notices/detail/603385/AN202405201633865487.html
603218,日月股份,日月股份:日月重工股份有限公司第六届董事会第八次会议决议公告,董事会决议公告,2024-05-21,https://data.eastmoney.com/notices/detail/603218/AN202405201633865461.html
603218,日月股份,日月股份:日月重工股份有限公司独立董事事前认可意见,专项说明/独立意见,2024-05-21,https://data.eastmoney.com/notices/detail/603218/AN202405201633865460.html
603218,日月股份,日月股份:日月重工股份有限公司第六届监事会第八次会议决议公告,监事会决议公告,2024-05-21,https://data.eastmoney.com/notices/detail/603218/AN202405201633865459.html
603917,合力科技,合力科技:关于控股股东所持部分股份解除冻结的公告,股份质押、冻结,2024-05-21,https://data.eastmoney.com/notices/detail/603917/AN202405201633865462.html
603218,日月股份,日月股份:日月重工股份有限公司关于投资设立子公司暨关联交易的公告,投资设立公司,2024-05-21,https://data.eastmoney.com/notices/detail/603218/AN202405201633865458.html
688070,纵横股份,纵横股份:国泰君安证券股份有限公司关于成都纵横自动化技术股份有限公司2023年度持续督导跟踪报告,保荐/核查意见,2024-05-21,https://data.eastmoney.com/notices/detail/688070/AN202405201633865457.html
300760,迈瑞医疗,迈瑞医疗:2023年度权益分派实施公告,分配方案实施,2024-05-21,https://data.eastmoney.com/notices/detail/300760/AN202405201633865356.html
688084,晶品特装,晶品特装:长江证券承销保荐有限公司关于北京晶品特装科技股份有限公司2023年年度持续督导跟踪报告,保荐/核查意见,2024-05-21,https://data.eastmoney.com/notices/detail/688084/AN202405201633865314.html
688084,晶品特装,晶品特装:长江证券承销保荐有限公司关于北京晶品特装科技股份有限公司2023年度持续督导工作现场检查报告,保荐/核查意见,2024-05-21,https://data.eastmoney.com/notices/detail/688084/AN202405201633865315.html
603660,苏州科达,苏州科达:关于不向下修正“科达转债”转股价格的公告,其他,2024-05-21,https://data.eastmoney.com/notices/detail/603660/AN202405201633865259.html
603082,北自科技,北自科技:关于变更持续督导保荐代表人的公告,保荐代表人（机构）变更,2024-05-21,https://data.eastmoney.com/notices/detail/603082/AN202405201633865260.html
002458,益生股份,益生股份:2023年度权益分派实施公告,分配方案实施,2024-05-21,https://data.eastmoney.com/notices/detail/002458/AN202405201633865218.html
600630,龙头股份,龙头股份:龙头股份2023年年度股东大会会议文件,股东大会资料,2024-05-21,https://data.eastmoney.com/notices/detail/600630/AN202405201633865211.html
688272,富吉瑞,*ST富吉:关于持股5%以上股东及其一致行动人减持达到1%的提示性公告,股东/实际控制人股份减持,2024-05-21,https://data.eastmoney.com/notices/detail/688272/AN202405201633865210.html
603106,恒银科技,恒银科技:恒银金融科技股份有限公司2023年年度股东大会会议资料,股东大会资料,2024-05-21,https://data.eastmoney.com/notices/detail/603106/AN202405201633865141.html
603879,永悦科技,ST永悦:永悦科技关于股份回购比例达1%、股份回购实施结果暨股份变动公告,股本变动,2024-05-21,https://data.eastmoney.com/notices/detail/603879/AN202405201633865115.html
300201,海伦哲,海伦哲:关于举行2023年年度网上业绩说明会的通知,其他,2024-05-21,https://data.eastmoney.com/notices/detail/300201/AN202405201633865000.html
688036,传音控股,传音控股:深圳传音控股股份有限公司询价转让定价情况提示性公告,询价转让定价情况提示性公告,2024-05-21,https://data.eastmoney.com/notices/detail/688036/AN202405201633864831.html
600318,新力金融,新力金融:安徽新力金融股份有限公司关于公司为孙公司提供担保、控股子公司为下属公司提供担保的公告,提供/对外担保公告,2024-05-21,https://data.eastmoney.com/notices/detail/600318/AN202405201633864684.html
600322,津投城开,津投城开:津投城开关于向特定对象发行股票相关事项获得天津国有资本投资运营有限公司批复的公告,增发获准公告,2024-05-21,https://data.eastmoney.com/notices/detail/600322/AN202405201633864683.html
600971,恒源煤电,恒源煤电:恒源煤电关于召开2023年度暨2024年第一季度业绩说明会的公告,其他,2024-05-21,https://data.eastmoney.com/notices/detail/600971/AN202405201633864686.html
603214,爱婴室,爱婴室:关于召开2023年度暨2024年第一季度业绩说明会的公告,其他,2024-05-21,https://data.eastmoney.com/notices/detail/603214/AN202405201633864685.html
300151,昌红科技,昌红科技:中信证券股份有限公司关于深圳市昌红科技股份有限公司2023年度持续督导培训工作报告,保荐/核查意见,2024-05-21,https://data.eastmoney.com/notices/detail/300151/AN202405201633864692.html
300151,昌红科技,昌红科技:中信证券股份有限公司关于深圳市昌红科技股份有限公司2023年度持续督导定期现场检查报告,保荐/核查意见,2024-05-21,https://data.eastmoney.com/notices/detail/300151/AN202405201633864691.html
300151,昌红科技,昌红科技:中信证券股份有限公司关于深圳市昌红科技股份有限公司2023年持续督导工作现场检查结果及提请公司注意事项,保荐/核查意见,2024-05-21,https://data.eastmoney.com/notices/detail/300151/AN202405201633864690.html
300151,昌红科技,昌红科技:中信证券股份有限公司关于深圳市昌红科技股份有限公司2023年度跟踪报告,保荐/核查意见,2024-05-21,https://data.eastmoney.com/notices/detail/300151/AN202405201633864689.html
603150,万朗磁塑,万朗磁塑:万朗磁塑关于召开2023年度暨2024年第一季度业绩说明会的公告,其他,2024-05-21,https://data.eastmoney.com/notices/detail/603150/AN202405201633864282.html
002703,浙江世宝,浙江世宝:关于监事会换届选举的公告,高管人员任职变动,2024-05-21,https://data.eastmoney.com/notices/detail/002703/AN202405201633864271.html
002703,浙江世宝,浙江世宝:关于董事、监事辞任的公告,高管人员任职变动,2024-05-21,https://data.eastmoney.com/notices/detail/002703/AN202405201633864267.html
002703,浙江世宝,浙江世宝:未来三年股东回报规划(2024年-2026年),其他,2024-05-21,https://data.eastmoney.com/notices/detail/002703/AN202405201633864268.html
002703,浙江世宝,浙江世宝:第七届监事会第十八次会议决议公告,高管人员任职变动,2024-05-21,https://data.eastmoney.com/notices/detail/002703/AN202405201633864264.html
002703,浙江世宝,浙江世宝:公司章程及三会议事规则主要内容修订对照表,公司章程修订,2024-05-21,https://data.eastmoney.com/notices/detail/002703/AN202405201633864269.html
002703,浙江世宝,浙江世宝:关于召开2023年年度股东大会、2024年第二次A股类别股东大会、2024年第二次H股类别股东大会的通知,召开股东大会通知,2024-05-21,https://data.eastmoney.com/notices/detail/002703/AN202405201633864265.html
002703,浙江世宝,浙江世宝:关于提请股东大会授权董事会以简易程序向特定对象发行股票的公告,其他增发事项公告,2024-05-21,https://data.eastmoney.com/notices/detail/002703/AN202405201633864270.html
002703,浙江世宝,浙江世宝:关于修订公司章程及三会议事规则的公告,公司章程修订,2024-05-21,https://data.eastmoney.com/notices/detail/002703/AN202405201633864273.html
002703,浙江世宝,浙江世宝:第七届董事会第二十次会议决议公告,其他增发事项公告,2024-05-21,https://data.eastmoney.com/notices/detail/002703/AN202405201633864266.html
002703,浙江世宝,浙江世宝:关于董事会换届选举的公告,高管人员任职变动,2024-05-21,https://data.eastmoney.com/notices/detail/002703/AN202405201633864272.html
600171,上海贝岭,上海贝岭:上海贝岭关于第二期限制性股票激励计划第二个解除限售期解除限售暨上市流通的提示性公告,限售股份上市流通,2024-05-21,https://data.eastmoney.com/notices/detail/600171/AN202405201633864242.html
600171,上海贝岭,上海贝岭:北京大成(上海)律师事务所关于上海贝岭第二期限制性股票激励计划第二个解除限售期解除限售条件成就的法律意见书,法律意见书,2024-05-21,https://data.eastmoney.com/notices/detail/600171/AN202405201633864241.html
603906,龙蟠科技,龙蟠科技:江苏龙蟠科技股份有限公司关于2023年度业绩暨现金分红说明会召开情况的公告,其他,2024-05-21,https://data.eastmoney.com/notices/detail/603906/AN202405201633864164.html
605199,ST葫芦娃,葫芦娃:安永华明会计师事务所(特殊普通合伙)关于海南葫芦娃药业集团股份有限公司向不特定对象发行可转换公司债券上市委会议意见落实函回复的专项说明,会计师事务所问询函回复公告,2024-05-21,https://data.eastmoney.com/notices/detail/605199/AN202405201633863985.html
605199,ST葫芦娃,葫芦娃:关于海南葫芦娃药业集团股份有限公司向不特定对象发行可转换公司债券上市审核委员会会议意见落实函的回复,其他,2024-05-21,https://data.eastmoney.com/notices/detail/605199/AN202405201633863986.html
605199,ST葫芦娃,葫芦娃:海南葫芦娃药业集团股份有限公司关于向不特定对象发行可转换公司债券上市委会议意见落实函回复的提示性公告,其他,2024-05-21,https://data.eastmoney.com/notices/detail/605199/AN202405201633863984.html
688173,希荻微,希荻微:民生证券股份有限公司关于希荻微电子集团股份有限公司2023年度持续督导跟踪报告,保荐/核查意见,2024-05-21,https://data.eastmoney.com/notices/detail/688173/AN202405201633863864.html
688173,希荻微,希荻微:中国国际金融股份有限公司关于希荻微电子集团股份有限公司2023年度持续督导跟踪报告,保荐/核查意见,2024-05-21,https://data.eastmoney.com/notices/detail/688173/AN202405201633863865.html
605177,东亚药业,东亚药业:东亚药业第三届监事会第二十五次会议决议公告,监事会决议公告,2024-05-21,https://data.eastmoney.com/notices/detail/605177/AN202405201633863857.html
605177,东亚药业,东亚药业:东亚药业关于拟合作设立医药投资基金并共同发起设立医药开发公司的公告,投资设立公司,2024-05-21,https://data.eastmoney.com/notices/detail/605177/AN202405201633863756.html
601137,博威合金,博威合金:博威合金关于召开2024年第一季度业绩说明会的公告,其他,2024-05-21,https://data.eastmoney.com/notices/detail/601137/AN202405201633863858.html
603667,五洲新春,五洲新春:五洲新春关于2023年度暨2024年第一季度业绩暨现金分红说明会召开情况的公告,其他,2024-05-21,https://data.eastmoney.com/notices/detail/603667/AN202405201633863740.html
605069,正和生态,正和生态:2023年年度股东大会会议资料,股东大会资料,2024-05-21,https://data.eastmoney.com/notices/detail/605069/AN202405201633863732.html
603995,甬金股份,甬金股份:关于为子公司提供担保的公告,提供/对外担保公告,2024-05-21,https://data.eastmoney.com/notices/detail/603995/AN202405201633863731.html
600376,首开股份,首开股份:首开股份第十届董事会第二十一次会议决议公告,董事会决议公告,2024-05-21,https://data.eastmoney.com/notices/detail/600376/AN202405201633863623.html
600376,首开股份,首开股份:首开股份对外担保公告,提供/对外担保公告,2024-05-21,https://data.eastmoney.com/notices/detail/600376/AN202405201633863622.html
600376,首开股份,首开股份:首开股份关于董事会秘书正式履职的公告,其他,2024-05-21,https://data.eastmoney.com/notices/detail/600376/AN202405201633863624.html
601818,光大银行,光大银行:中国光大银行股份有限公司关于60亿美元中期票据计划刊发发售通函的公告,其他,2024-05-21,https://data.eastmoney.com/notices/detail/601818/AN202405201633863581.html
688658,悦康药业,悦康药业:中信证券股份有限公司关于悦康药业集团股份有限公司2023年持续督导工作现场检查报告,保荐/核查意见,2024-05-21,https://data.eastmoney.com/notices/detail/688658/AN202405201633863592.html
688658,悦康药业,悦康药业:中信证券股份有限公司关于悦康药业集团股份有限公司2023年度持续督导跟踪报告,保荐/核查意见,2024-05-21,https://data.eastmoney.com/notices/detail/688658/AN202405201633863593.html
002349,精华制药,精华制药:关于聘任公司2024年度会计师事务所的公告,审计机构变更,2024-05-21,https://data.eastmoney.com/notices/detail/002349/AN202405201633863454.html
002349,精华制药,精华制药:关于召开2024年第一次临时股东大会通知的公告,召开股东大会通知,2024-05-21,https://data.eastmoney.com/notices/detail/002349/AN202405201633863453.html
002349,精华制药,精华制药:第六届监事会第一次会议决议公告,高管人员任职变动,2024-05-21,https://data.eastmoney.com/notices/detail/002349/AN202405201633863452.html
002349,精华制药,精华制药:第六届董事会第一次会议决议公告,高管人员任职变动,2024-05-21,https://data.eastmoney.com/notices/detail/002349/AN202405201633863451.html
002349,精华制药,精华制药:关于董事会、监事会完成换届选举及聘任高级管理人员的公告,高管人员任职变动,2024-05-21,https://data.eastmoney.com/notices/detail/002349/AN202405201633863450.html
000584,工智退,*ST工智:关于重大资产重组的进展公告,重组进展公告,2024-05-21,https://data.eastmoney.com/notices/detail/000584/AN202405201633863449.html
600419,天润乳业,天润乳业:新疆天润乳业股份有限公司关于持股5%以上股东股份被冻结的公告,股份质押、冻结,2024-05-21,https://data.eastmoney.com/notices/detail/600419/AN202405201633863404.html
600094,大名城,大名城:大名城2023年年度股东大会会议资料,股东大会资料,2024-05-21,https://data.eastmoney.com/notices/detail/600094/AN202405201633863381.html
600975,新五丰,新五丰:湖南新五丰股份有限公司关于召开2023年度暨2024年第一季度业绩说明会预告公告,其他,2024-05-21,https://data.eastmoney.com/notices/detail/600975/AN202405201633863307.html
002664,信质集团,信质集团:关于公司股东增持公司股份计划时间过半的进展公告,股东/实际控制人股份增持,2024-05-21,https://data.eastmoney.com/notices/detail/002664/AN202405201633863286.html
000030,富奥股份,富奥股份:关于参加网上集体业绩说明会的公告,其他,2024-05-21,https://data.eastmoney.com/notices/detail/000030/AN202405201633863287.html
600834,申通地铁,申通地铁:申通地铁关于重大资产购买暨关联交易进展情况的公告,关联交易,2024-05-21,https://data.eastmoney.com/notices/detail/600834/AN202405201633863270.html
601607,上海医药,上海医药:上海医药集团股份有限公司关于培哚普利叔丁胺原料药上市申请获得批准的公告,其他,2024-05-21,https://data.eastmoney.com/notices/detail/601607/AN202405201633863205.html
000523,红棉股份,红棉股份:关于控股股东增持公司股份计划时间过半的进展公告,股东/实际控制人股份增持,2024-05-21,https://data.eastmoney.com/notices/detail/000523/AN202405201633863229.html
002566,益盛药业,益盛药业:第八届董事会第十三次会议决议公告,董事会决议公告,2024-05-21,https://data.eastmoney.com/notices/detail/002566/AN202405201633863232.html
002566,益盛药业,益盛药业:第八届监事会第十三次会议决议公告,监事会决议公告,2024-05-21,https://data.eastmoney.com/notices/detail/002566/AN202405201633863231.html
002566,益盛药业,益盛药业:关于使用闲置自有资金购买理财产品的公告,投资理财,2024-05-21,https://data.eastmoney.com/notices/detail/002566/AN202405201633863230.html
605186,健麾信息,健麾信息:关于签署“智慧药店”战略合作协议的进展公告,签订协议,2024-05-21,https://data.eastmoney.com/notices/detail/605186/AN202405201633863204.html
601921,浙版传媒,浙版传媒:浙江出版传媒股份有限公司关于召开2023年度业绩说明会的公告,其他,2024-05-21,https://data.eastmoney.com/notices/detail/601921/AN202405201633863207.html
601921,浙版传媒,浙版传媒:浙江出版传媒股份有限公司第二届董事会第十六次会议决议公告,高管人员任职变动,2024-05-21,https://data.eastmoney.com/notices/detail/601921/AN202405201633863203.html
601921,浙版传媒,浙版传媒:浙江出版传媒股份有限公司关于调整第二届董事会专门委员会组成人员的公告,高管人员任职变动,2024-05-21,https://data.eastmoney.com/notices/detail/601921/AN202405201633863206.html
688029,南微医学,南微医学:南微医学科技股份有限公司关于聘任公司执行总裁的公告,高管人员任职变动,2024-05-21,https://data.eastmoney.com/notices/detail/688029/AN202405201633863191.html
002327,富安娜,富安娜:第五届董事会第二十六次会议决议公告,高管人员任职变动,2024-05-21,https://data.eastmoney.com/notices/detail/002327/AN202405201633863046.html
601226,华电科工,华电重工:关于重大合同的公告,重大合同,2024-05-21,https://data.eastmoney.com/notices/detail/601226/AN202405201633863010.html
600298,安琪酵母,安琪酵母:安琪酵母股份有限公司2024年第一季度业绩说明会召开情况的公告,其他,2024-05-21,https://data.eastmoney.com/notices/detail/600298/AN202405201633863001.html
003020,立方制药,立方制药:关于全资子公司收到药品注册受理通知书的公告,其他,2024-05-21,https://data.eastmoney.com/notices/detail/003020/AN202405201633862998.html
002562,兄弟科技,兄弟科技:关于控股股东、实际控制人部分股份质押的公告,股份质押、冻结,2024-05-21,https://data.eastmoney.com/notices/detail/002562/AN202405201633862995.html
002067,景兴纸业,景兴纸业:关于回购股份事项前十名股东及前十名无限售条件股东持股信息的公告,其他,2024-05-21,https://data.eastmoney.com/notices/detail/002067/AN202405201633862996.html
000638,*ST万方,万方发展:关于参加网上集体业绩说明会的公告,其他,2024-05-21,https://data.eastmoney.com/notices/detail/000638/AN202405201633862997.html
688639,华恒生物,华恒生物:安徽华恒生物科技股份有限公司关于召开2023年度暨2024年第一季度业绩说明会的公告,其他,2024-05-21,https://data.eastmoney.com/notices/detail/688639/AN202405201633862994.html
603699,纽威股份,纽威股份:纽威股份关于召开2023年度暨2024年第一季度业绩说明会的公告,其他,2024-05-21,https://data.eastmoney.com/notices/detail/603699/AN202405201633862974.html
600728,佳都科技,佳都科技:佳都科技关于召开2024年第一季度业绩说明会的公告,其他,2024-05-21,https://data.eastmoney.com/notices/detail/600728/AN202405201633862975.html
688088,虹软科技,虹软科技:关于举办投资者接待日活动的公告,其他,2024-05-21,https://data.eastmoney.com/notices/detail/688088/AN202405201633862911.html
688129,东来技术,东来技术:关于召开2023年度暨2024年第一季度业绩说明会的公告,其他,2024-05-21,https://data.eastmoney.com/notices/detail/688129/AN202405201633862907.html
688270,ST臻镭,臻镭科技:浙江臻镭科技股份有限公司关于召开2023年度暨2024年第一季度业绩说明会的公告,其他,2024-05-21,https://data.eastmoney.com/notices/detail/688270/AN202405201633862908.html
688716,中研股份,中研股份:吉林省中研高分子材料股份有限公司关于参加网上集体业绩说明会的公告,其他,2024-05-21,https://data.eastmoney.com/notices/detail/688716/AN202405201633862910.html
688559,海目星,海目星:关于公司在中红外飞秒激光技术及其在医疗应用领域关键技术取得重大突破的公告,其他,2024-05-21,https://data.eastmoney.com/notices/detail/688559/AN202405201633862912.html
688432,有研硅,有研硅:有研硅关于召开2024年第一季度业绩说明会的公告,其他,2024-05-21,https://data.eastmoney.com/notices/detail/688432/AN202405201633862913.html
688276,百克生物,百克生物:长春百克生物科技股份公司关于参加网上集体业绩说明会的公告,其他,2024-05-21,https://data.eastmoney.com/notices/detail/688276/AN202405201633862909.html
600757,长江传媒,长江传媒:长江传媒关于召开2023年度暨2024年第一季度业绩说明会的公告,其他,2024-05-21,https://data.eastmoney.com/notices/detail/600757/AN202405201633862904.html
002838,道恩股份,道恩股份:关于道恩转债预计触发转股价格向下修正条件的提示性公告,其他,2024-05-21,https://data.eastmoney.com/notices/detail/002838/AN202405201633862859.html
000420,吉林化纤,吉林化纤:《提请召开2023年年度股东大会通知》提示性公告,召开股东大会提示性公告,2024-05-21,https://data.eastmoney.com/notices/detail/000420/AN202405201633862858.html
000420,吉林化纤,吉林化纤:关于参加网上集体业绩说明会的公告,其他,2024-05-21,https://data.eastmoney.com/notices/detail/000420/AN202405201633862857.html
003023,彩虹集团,彩虹集团:关于使用部分闲置募集资金进行现金管理的进展公告,募集资金使用进展情况,2024-05-21,https://data.eastmoney.com/notices/detail/003023/AN202405201633862756.html
603222,济民健康,济民医疗:济民健康管理股份有限公司2023年年度股东大会会议材料,股东大会资料,2024-05-21,https://data.eastmoney.com/notices/detail/603222/AN202405201633862743.html
603499,翔港科技,翔港科技:关于控股子公司公司通过高新技术企业认定的公告,获得认证,2024-05-21,https://data.eastmoney.com/notices/detail/603499/AN202405201633862733.html
600475,华光环能,华光环能:无锡华光环保能源集团股份有限公司关于聘任公司董事会秘书的公告,高管人员任职变动,2024-05-21,https://data.eastmoney.com/notices/detail/600475/AN202405201633862729.html
600475,华光环能,华光环能:无锡华光环保能源集团股份有限公司第八届董事会第二十二次会议决议公告,高管人员任职变动,2024-05-21,https://data.eastmoney.com/notices/detail/600475/AN202405201633862731.html
600475,华光环能,华光环能:无锡华光环保能源集团股份有限公司关于聘任公司证券事务代表的公告,高管人员任职变动,2024-05-21,https://data.eastmoney.com/notices/detail/600475/AN202405201633862730.html
600475,华光环能,华光环能:无锡华光环保能源集团股份有限公司关于为参股公司提供担保的进展公告,提供/对外担保公告,2024-05-21,https://data.eastmoney.com/notices/detail/600475/AN202405201633862728.html
001215,千味央厨,千味央厨:关于首次回购公司股份的公告,回购实施公告,2024-05-21,https://data.eastmoney.com/notices/detail/001215/AN202405201633862732.html
600757,长江传媒,长江传媒:长江传媒2023年年度股东大会会议文件,股东大会资料,2024-05-21,https://data.eastmoney.com/notices/detail/600757/AN202405201633862701.html
603896,寿仙谷,寿仙谷:寿仙谷2024年投资者接待日活动召开情况,其他,2024-05-21,https://data.eastmoney.com/notices/detail/603896/AN202405201633862694.html
002282,博深股份,博深股份:博深股份有限公司关于公司证券事务代表离职的公告,高管人员任职变动,2024-05-21,https://data.eastmoney.com/notices/detail/002282/AN202405201633862697.html
605588,冠石科技,冠石科技:2023年年度股东大会会议资料,股东大会资料,2024-05-21,https://data.eastmoney.com/notices/detail/605588/AN202405201633862674.html
600867,通化东宝,通化东宝:通化东宝关于召开2023年度和2024年第一季度业绩说明会暨参加网上集体业绩说明会的公告,其他,2024-05-21,https://data.eastmoney.com/notices/detail/600867/AN202405201633862672.html
000761,本钢板材,本钢板材:本钢板材股份有限公司关于重大资产置换暨关联交易的进展公告,关联交易,2024-05-21,https://data.eastmoney.com/notices/detail/000761/AN202405201633862528.html
603848,好太太,好太太:广东好太太科技集团股份有限公司关于召开2023年度暨2024年第一季度业绩说明会的公告,其他,2024-05-21,https://data.eastmoney.com/notices/detail/603848/AN202405201633862527.html
300270,中威电子,中威电子:关于间接控股股东完成避免同业竞争承诺的公告,其他,2024-05-21,https://data.eastmoney.com/notices/detail/300270/AN202405201633862533.html
002394,联发股份,联发股份:关于与关联方共同对外投资暨关联交易公告,对外项目投资,2024-05-21,https://data.eastmoney.com/notices/detail/002394/AN202405201633862531.html
002394,联发股份,联发股份:关于第六届监事会第七次会议决议公告,监事会决议公告,2024-05-21,https://data.eastmoney.com/notices/detail/002394/AN202405201633862532.html
002394,联发股份,联发股份:关于第六届董事会第七次会议决议公告,董事会决议公告,2024-05-21,https://data.eastmoney.com/notices/detail/002394/AN202405201633862530.html
000970,中科三环,中科三环:中科三环关于监事辞职的公告,高管人员任职变动,2024-05-21,https://data.eastmoney.com/notices/detail/000970/AN202405201633862529.html
600189,泉阳泉,泉阳泉:关于持股5%以上股东部分持有股份状态变更的公告,其他,2024-05-21,https://data.eastmoney.com/notices/detail/600189/AN202405201633862311.html
002686,亿利达,亿利达:关于为全资子公司提供担保的进展公告,提供/对外担保公告,2024-05-21,https://data.eastmoney.com/notices/detail/002686/AN202405201633862293.html
002537,海联金汇,海联金汇:对外担保进展公告,提供/对外担保公告,2024-05-21,https://data.eastmoney.com/notices/detail/002537/AN202405201633862292.html
000963,华东医药,华东医药:关于变更职工代表监事的公告,高管人员任职变动,2024-05-21,https://data.eastmoney.com/notices/detail/000963/AN202405201633862291.html
000603,盛达资源,盛达资源:关于为控股子公司融资租赁业务提供担保暨接受关联方无偿担保的进展公告,提供/对外担保公告,2024-05-21,https://data.eastmoney.com/notices/detail/000603/AN202405201633862139.html
301365,矩阵股份,矩阵股份:关于完成注册地址变更工商登记并换发营业执照的公告,公司注册地址变更,2024-05-21,https://data.eastmoney.com/notices/detail/301365/AN202405201633862138.html
600877,电科芯片,电科芯片:中电科芯片技术股份有限公司关于董事会、监事会换届延期的公告,高管人员任职变动,2024-05-21,https://data.eastmoney.com/notices/detail/600877/AN202405201633862113.html
600877,电科芯片,电科芯片:中电科芯片技术股份有限公司关于召开2023年年度股东大会的提示性公告,召开股东大会提示性公告,2024-05-21,https://data.eastmoney.com/notices/detail/600877/AN202405201633862112.html
603156,养元饮品,养元饮品:养元饮品关于完成工商变更及备案登记的公告,公司经营范围变更,2024-05-21,https://data.eastmoney.com/notices/detail/603156/AN202405201633862087.html
600647,退市同达,*ST同达:*ST同达2023年年度股东大会资料,股东大会资料,2024-05-21,https://data.eastmoney.com/notices/detail/600647/AN202405201633862086.html
605358,立昂微,立昂微:立昂微关于“立昂转债”预计满足转股价格修正条件的提示性公告,其他,2024-05-21,https://data.eastmoney.com/notices/detail/605358/AN202405201633862057.html
603500,祥和实业,祥和实业:浙江天台祥和实业股份有限公司关于获得发明专利的公告,获得认证,2024-05-21,https://data.eastmoney.com/notices/detail/603500/AN202405201633861992.html
600746,江苏索普,江苏索普:江苏索普关于召开2023年度及2024年第一季度业绩暨利润分配网上说明会的公告,其他,2024-05-21,https://data.eastmoney.com/notices/detail/600746/AN202405201633861991.html
603222,济民健康,济民医疗:济民健康管理股份有限公司关于召开2023年度暨2024年第一季度业绩说明会的公告,其他,2024-05-21,https://data.eastmoney.com/notices/detail/603222/AN202405201633861993.html
605339,南侨食品,南侨食品:南侨食品集团(上海)股份有限公司2024年4月归属于母公司股东的净利润简报,月度经营情况,2024-05-21,https://data.eastmoney.com/notices/detail/605339/AN202405201633861994.html
600351,亚宝药业,亚宝药业:亚宝药业集团股份有限公司关于召开2023年度暨2024年第一季度业绩说明会的公告,其他,2024-05-21,https://data.eastmoney.com/notices/detail/600351/AN202405201633861987.html
600299,安迪苏,安迪苏:安迪苏关于召开2023年度暨2024年第一季度业绩说明会的公告,其他,2024-05-21,https://data.eastmoney.com/notices/detail/600299/AN202405201633861988.html
600879,航天电子,航天电子:航天时代电子技术股份有限公司关于2024年度第一期超短期融资券兑付完成的公告,其他,2024-05-21,https://data.eastmoney.com/notices/detail/600879/AN202405201633861986.html
603590,康辰药业,康辰药业:康辰药业关于获得第八批国家级制造业单项冠军企业认定的公告,获得认证,2024-05-21,https://data.eastmoney.com/notices/detail/603590/AN202405201633861249.html
