代码,名称,公告标题,公告类型,公告日期,网址
603912,佳力图,佳力图:佳力图关于使用部分闲置首次公开发行股票募集资金进行现金管理到期赎回的公告,投资理财,2025-03-19,https://data.eastmoney.com/notices/detail/603912/AN202503181644500045.html
300159,新研股份,新研股份:非经营性资金占用及其他关联资金往来情况汇总表的专项审核报告,保荐/核查意见,2025-03-19,https://data.eastmoney.com/notices/detail/300159/AN202503181644516737.html
600187,*ST国中,国中水务:关于使用部分闲置募集资金进行现金管理赎回的公告,投资理财,2025-03-19,https://data.eastmoney.com/notices/detail/600187/AN202503181644487560.html
002797,第一创业,第一创业:第一创业证券股份有限公司2025年面向专业投资者公开发行公司债券(第二期)票面利率公告,其他,2025-03-19,https://data.eastmoney.com/notices/detail/002797/AN202503191644807399.html
002183,怡亚通,怡 亚 通:002183怡亚通调研活动信息20250319,调研活动,2025-03-19,https://data.eastmoney.com/notices/detail/002183/AN202503191644803724.html
920027,交大铁发,北京证券交易所上市委员会2025年第1次审议会议公告,北交所上市审核会议公告,2025-03-19,https://data.eastmoney.com/notices/detail/920027/AN202503191644795688.html
920027,交大铁发,交大铁发:最近三年及一期的财务报告和审计报告(上会稿),北交所发行上市审计报告,2025-03-19,https://data.eastmoney.com/notices/detail/920027/AN202503191644795692.html
920027,交大铁发,交大铁发:发行保荐书(上会稿),北交所发行上市发行保荐书,2025-03-19,https://data.eastmoney.com/notices/detail/920027/AN202503191644795693.html
920027,交大铁发,交大铁发:招股说明书(上会稿),北交所发行上市招股说明书上会稿,2025-03-19,https://data.eastmoney.com/notices/detail/920027/AN202503191644795690.html
920027,交大铁发,交大铁发:法律意见书(上会稿),北交所发行上市法律意见书,2025-03-19,https://data.eastmoney.com/notices/detail/920027/AN202503191644795689.html
920027,交大铁发,交大铁发:上市保荐书(上会稿),北交所发行上市上市保荐书,2025-03-19,https://data.eastmoney.com/notices/detail/920027/AN202503191644795691.html
300664,鹏鹞环保,鹏鹞环保:300664鹏鹞环保投资者关系管理信息20250319,调研活动,2025-03-19,https://data.eastmoney.com/notices/detail/300664/AN202503191644795794.html
920027,交大铁发,北京国枫律师事务所关于交大铁发的补充法律意见书(二),北交所发行上市法律意见书,2025-03-19,https://data.eastmoney.com/notices/detail/920027/AN202503191644792280.html
920027,交大铁发,容诚会计师事务所(特殊普通合伙)关于交大铁发第一轮问询的回复(2024年年报财务数据更新版),北交所发行上市问询与回复,2025-03-19,https://data.eastmoney.com/notices/detail/920027/AN202503191644792279.html
920027,交大铁发,容诚会计师事务所(特殊普通合伙)关于交大铁发第二轮问询的回复(2024年年报财务数据更新版),北交所发行上市问询与回复,2025-03-19,https://data.eastmoney.com/notices/detail/920027/AN202503191644792263.html
920027,交大铁发,交大铁发及国投证券关于第二轮问询的回复(2024年年报财务数据更新版),北交所发行上市问询与回复,2025-03-19,https://data.eastmoney.com/notices/detail/920027/AN202503191644790620.html
920027,交大铁发,交大铁发及国投证券关于第一轮问询的回复(2024年年报财务数据更新版),北交所发行上市问询与回复,2025-03-19,https://data.eastmoney.com/notices/detail/920027/AN202503191644790615.html
000686,东北证券,东北证券:东北证券股份有限公司2025年面向专业投资者公开发行次级债券(第一期)票面利率公告,其他,2025-03-19,https://data.eastmoney.com/notices/detail/000686/AN202503191644788977.html
300380,安硕信息,安硕信息:关于控股股东、实际控制人及部分董事、高级管理人员减持股份预披露公告,股东/实际控制人股份减持,2025-03-19,https://data.eastmoney.com/notices/detail/300380/AN202503191644788971.html
300181,佐力药业,佐力药业:2025年3月17日-2025年3月19日投资者关系活动记录表,调研活动,2025-03-19,https://data.eastmoney.com/notices/detail/300181/AN202503191644787770.html
300022,吉峰科技,吉峰科技:关于持股5%以上股东减持股份的预披露公告,股东/实际控制人股份减持,2025-03-19,https://data.eastmoney.com/notices/detail/300022/AN202503191644784229.html
920873,中设咨询,中设咨询:涉及诉讼公告,诉讼仲裁,2025-03-19,https://data.eastmoney.com/notices/detail/920873/AN202503191644784200.html
600777,新潮能源,关于对北京汇能海投新能源开发有限公司、北京盛邦科华商贸有限公司、郭建军、李永珍予以公开谴责的决定,上交所股票监管措施,2025-03-19,https://data.eastmoney.com/notices/detail/600777/AN202503191644781345.html
302132,中航成飞,中航成飞:中航成飞股份有限公司关于同一控制下股东非公开协议转让公司股份完成过户登记的公告,股权转让,2025-03-19,https://data.eastmoney.com/notices/detail/302132/AN202503191644779291.html
300078,思创智联,思创医惠:关于全资子公司重大诉讼事项暨新增累计诉讼、仲裁案件及已披露案件进展情况的公告,其他,2025-03-19,https://data.eastmoney.com/notices/detail/300078/AN202503191644777446.html
300078,思创智联,思创医惠:关于全资子公司存在涉嫌违规对外担保暨股票交易可能被实施其他风险警示的提示性公告,提供/对外担保公告,2025-03-19,https://data.eastmoney.com/notices/detail/300078/AN202503191644779258.html
300667,必创科技,必创科技:关于股东减持及被动稀释股份比例变动达到1%的公告,股东/实际控制人股份减持,2025-03-19,https://data.eastmoney.com/notices/detail/300667/AN202503191644779279.html
300667,必创科技,必创科技:关于高级管理人员、持股5%以上股东兼董事的一致行动人减持计划实施完成的公告,股东/实际控制人股份减持,2025-03-19,https://data.eastmoney.com/notices/detail/300667/AN202503191644779277.html
300942,易瑞生物,易瑞生物:关于部分股东减持股份的预披露公告,股东/实际控制人股份减持,2025-03-19,https://data.eastmoney.com/notices/detail/300942/AN202503191644777406.html
920245,威博液压,威博液压:2024年度独立董事述职报告(陆杰),独立董事述职报告,2025-03-19,https://data.eastmoney.com/notices/detail/920245/AN202503191644775845.html
920245,威博液压,威博液压:2024年度独立董事述职报告(张雷),独立董事述职报告,2025-03-19,https://data.eastmoney.com/notices/detail/920245/AN202503191644775851.html
920245,威博液压,威博液压:2024年度独立董事述职报告(姚建国),独立董事述职报告,2025-03-19,https://data.eastmoney.com/notices/detail/920245/AN202503191644775856.html
920245,威博液压,威博液压:第三届董事会第十次会议决议公告,分配预案,2025-03-19,https://data.eastmoney.com/notices/detail/920245/AN202503191644775839.html
920245,威博液压,威博液压:第三届监事会第十次会议决议公告,监事会决议公告,2025-03-19,https://data.eastmoney.com/notices/detail/920245/AN202503191644775842.html
920245,威博液压,威博液压:2024年年度股东大会通知公告,召开股东大会通知,2025-03-19,https://data.eastmoney.com/notices/detail/920245/AN202503191644775835.html
920245,威博液压,威博液压:关于拟修订公司章程的公告,公司章程修订,2025-03-19,https://data.eastmoney.com/notices/detail/920245/AN202503191644775850.html
920245,威博液压,威博液压:2024年度内部控制自我评价报告,内部控制报告,2025-03-19,https://data.eastmoney.com/notices/detail/920245/AN202503191644775846.html
920245,威博液压,威博液压:董事会关于独立董事独立性自查情况的专项报告,自查报告,2025-03-19,https://data.eastmoney.com/notices/detail/920245/AN202503191644775854.html
920245,威博液压,威博液压:董事会审计委员会2024年度履职情况报告,其他,2025-03-19,https://data.eastmoney.com/notices/detail/920245/AN202503191644775848.html
920245,威博液压,威博液压:2024年年度权益分派预案公告,分配预案,2025-03-19,https://data.eastmoney.com/notices/detail/920245/AN202503191644775844.html
920245,威博液压,威博液压:关于拟续聘2025年度会计师事务所公告,审计机构变更,2025-03-19,https://data.eastmoney.com/notices/detail/920245/AN202503191644775843.html
920245,威博液压,威博液压:关于会计师事务所(特殊普通合伙)2024年度履职情况评估报告,其他,2025-03-19,https://data.eastmoney.com/notices/detail/920245/AN202503191644775837.html
920245,威博液压,威博液压:审计委员会对会计师事务所2024年度履行监督职责情况报告,其他,2025-03-19,https://data.eastmoney.com/notices/detail/920245/AN202503191644775841.html
920245,威博液压,威博液压:2024年度审计报告,审计报告,2025-03-19,https://data.eastmoney.com/notices/detail/920245/AN202503191644775849.html
920245,威博液压,威博液压:东吴证券股份有限公司关于江苏威博液压股份有限公司2024年度募集资金存放与使用情况的专项核查报告,保荐/核查意见,2025-03-19,https://data.eastmoney.com/notices/detail/920245/AN202503191644775836.html
920245,威博液压,威博液压:非经营性资金占用及其他关联资金往来情况专项说明,专项说明/独立意见,2025-03-19,https://data.eastmoney.com/notices/detail/920245/AN202503191644775840.html
920245,威博液压,威博液压:容诚会计师事务所(特殊普通合伙)内部控制审计报告,审计报告,2025-03-19,https://data.eastmoney.com/notices/detail/920245/AN202503191644775847.html
920245,威博液压,威博液压:2024年度募集资金存放与实际使用情况的鉴证报告,保荐/核查意见,2025-03-19,https://data.eastmoney.com/notices/detail/920245/AN202503191644775853.html
920245,威博液压,威博液压:2024年年度报告,年度报告全文,2025-03-19,https://data.eastmoney.com/notices/detail/920245/AN202503191644775838.html
920245,威博液压,威博液压:2024年年度报告摘要,年度报告摘要,2025-03-19,https://data.eastmoney.com/notices/detail/920245/AN202503191644775855.html
920245,威博液压,威博液压:2024年年度募集资金存放与实际使用情况的专项报告,募集资金使用情况报告,2025-03-19,https://data.eastmoney.com/notices/detail/920245/AN202503191644775852.html
920245,威博液压,威博液压:关于公司2024年股权激励计划第一个解除限售期解除限售条件未成就暨回购注销部分限制性股票的公告,回购进展情况,2025-03-19,https://data.eastmoney.com/notices/detail/920245/AN202503191644775800.html
920245,威博液压,威博液压:上海市锦天城律师事务所关于江苏威博液压股份有限公司2024年股权激励计划第一个解除限售期解除限售条件未成就暨回购注销部分限制性股票之法律意见书,法律意见书,2025-03-19,https://data.eastmoney.com/notices/detail/920245/AN202503191644775802.html
920245,威博液压,威博液压:监事会关于2024年股权激励计划第一个解除限售期解除限售条件未成就暨回购注销部分限制性股票事项的核查意见,专项说明/独立意见,2025-03-19,https://data.eastmoney.com/notices/detail/920245/AN202503191644775801.html
300541,先进数通,先进数通:股东减持股份实施情况公告,股东/实际控制人股份减持,2025-03-19,https://data.eastmoney.com/notices/detail/300541/AN202503191644774723.html
000686,东北证券,东北证券:东北证券股份有限公司2025年3月19日投资者关系活动记录表,调研活动,2025-03-19,https://data.eastmoney.com/notices/detail/000686/AN202503191644773841.html
301269,华大九天,华大九天:关于使用部分闲置募集资金进行现金管理到期赎回并继续进行现金管理的公告,投资理财,2025-03-19,https://data.eastmoney.com/notices/detail/301269/AN202503191644773499.html
920208,青矩技术,青矩技术:投资者关系活动记录表,调研活动,2025-03-19,https://data.eastmoney.com/notices/detail/920208/AN202503191644771900.html
300902,国安达,国安达:国安达股份有限公司关于对外投资建设低空经济产业园项目的公告,对外项目投资,2025-03-19,https://data.eastmoney.com/notices/detail/300902/AN202503191644770772.html
300902,国安达,国安达:国安达股份有限公司第四届董事会第二十五次会议决议公告,董事会决议公告,2025-03-19,https://data.eastmoney.com/notices/detail/300902/AN202503191644770773.html
300789,唐源电气,唐源电气:关于公司股价异动的公告,股票交易异常波动,2025-03-19,https://data.eastmoney.com/notices/detail/300789/AN202503191644768704.html
301018,申菱环境,申菱环境:关于为全资子公司申请综合授信提供担保的公告,提供/对外担保公告,2025-03-19,https://data.eastmoney.com/notices/detail/301018/AN202503191644767101.html
301018,申菱环境,申菱环境:关于第四届董事会第五次会议决议的公告,董事会决议公告,2025-03-19,https://data.eastmoney.com/notices/detail/301018/AN202503191644767100.html
002916,深南电路,深南电路:2025年3月19日投资者关系活动记录表,调研活动,2025-03-19,https://data.eastmoney.com/notices/detail/002916/AN202503191644766908.html
301087,可孚医疗,可孚医疗:2025年3月19日投资者关系活动记录表,调研活动,2025-03-19,https://data.eastmoney.com/notices/detail/301087/AN202503191644766456.html
000685,中山公用,中山公用:中山公用事业集团股份有限公司投资者关系活动记录表（2025年3月19日）,调研活动,2025-03-19,https://data.eastmoney.com/notices/detail/000685/AN202503191644764854.html
301448,开创电气,开创电气:301448开创电气投资者关系管理信息20250319,调研活动,2025-03-19,https://data.eastmoney.com/notices/detail/301448/AN202503191644763651.html
920770,艾能聚,艾能聚:持股5%以上股东减持股份结果公告,股东/实际控制人股份减持,2025-03-19,https://data.eastmoney.com/notices/detail/920770/AN202503191644761186.html
300952,恒辉安防,恒辉安防:华泰联合证券有限责任公司关于江苏恒辉安防股份有限公司不提前赎回恒辉转债的核查意见,保荐/核查意见,2025-03-19,https://data.eastmoney.com/notices/detail/300952/AN202503191644761193.html
300952,恒辉安防,恒辉安防:第三届监事会第十次会议决议公告,监事会决议公告,2025-03-19,https://data.eastmoney.com/notices/detail/300952/AN202503191644761188.html
300952,恒辉安防,恒辉安防:关于调整回购股份价格上限的公告,回购方案修订,2025-03-19,https://data.eastmoney.com/notices/detail/300952/AN202503191644761190.html
300952,恒辉安防,恒辉安防:关于控股股东、实际控制人及其一致行动人持股比例被动稀释的权益变动公告,权益变动报告书,2025-03-19,https://data.eastmoney.com/notices/detail/300952/AN202503191644761191.html
300952,恒辉安防,恒辉安防:第三届董事会第十次会议决议公告,董事会决议公告,2025-03-19,https://data.eastmoney.com/notices/detail/300952/AN202503191644761192.html
300952,恒辉安防,恒辉安防:关于不提前赎回恒辉转债的公告,其他,2025-03-19,https://data.eastmoney.com/notices/detail/300952/AN202503191644761189.html
300044,*ST赛为,赛为智能:关于被债权人申请重整及预重整的提示性公告,其他,2025-03-19,https://data.eastmoney.com/notices/detail/300044/AN202503191644761187.html
920394,民士达,民士达:独立董事年度述职报告(包敦安),独立董事述职报告,2025-03-19,https://data.eastmoney.com/notices/detail/920394/AN202503191644761173.html
920394,民士达,民士达:第六届董事会第八次会议决议公告,分配预案,2025-03-19,https://data.eastmoney.com/notices/detail/920394/AN202503191644761170.html
920394,民士达,民士达:第六届监事会第五次会议决议公告,监事会决议公告,2025-03-19,https://data.eastmoney.com/notices/detail/920394/AN202503191644761184.html
920394,民士达,民士达:关于召开2024年年度股东大会通知公告,召开股东大会通知,2025-03-19,https://data.eastmoney.com/notices/detail/920394/AN202503191644761164.html
920394,民士达,民士达:2024年度内部控制自我评价报告,内部控制报告,2025-03-19,https://data.eastmoney.com/notices/detail/920394/AN202503191644761174.html
920394,民士达,民士达:董事会关于2024年度独立董事独立性情况的专项意见,专项说明/独立意见,2025-03-19,https://data.eastmoney.com/notices/detail/920394/AN202503191644761160.html
920394,民士达,民士达:独立董事年度述职报告(冷敏娟),独立董事述职报告,2025-03-19,https://data.eastmoney.com/notices/detail/920394/AN202503191644761169.html
920394,民士达,民士达:独立董事年度述职报告(WeiCAI),独立董事述职报告,2025-03-19,https://data.eastmoney.com/notices/detail/920394/AN202503191644761179.html
920394,民士达,民士达:2024年年度权益分派预案公告,分配预案,2025-03-19,https://data.eastmoney.com/notices/detail/920394/AN202503191644761168.html
920394,民士达,民士达:董事会审计委员会2024年度履职情况报告,其他,2025-03-19,https://data.eastmoney.com/notices/detail/920394/AN202503191644761181.html
920394,民士达,民士达:关于公司闲置自有资金委托理财的公告,委托（受托）事项,2025-03-19,https://data.eastmoney.com/notices/detail/920394/AN202503191644761162.html
920394,民士达,民士达:2025年度董事、监事、高级管理人员薪酬方案的公告,其他,2025-03-19,https://data.eastmoney.com/notices/detail/920394/AN202503191644761178.html
920394,民士达,民士达:拟向银行申请综合授信的公告,借贷,2025-03-19,https://data.eastmoney.com/notices/detail/920394/AN202503191644761163.html
920394,民士达,民士达:会计师事务所履职情况评估报告,其他,2025-03-19,https://data.eastmoney.com/notices/detail/920394/AN202503191644761165.html
920394,民士达,民士达:拟续聘2025年度会计师事务所公告,审计机构变更,2025-03-19,https://data.eastmoney.com/notices/detail/920394/AN202503191644761159.html
920394,民士达,民士达:审计委员会对会计师事务所履行监督职责情况报告,其他,2025-03-19,https://data.eastmoney.com/notices/detail/920394/AN202503191644761161.html
920394,民士达,民士达:中泰证券股份有限公司关于烟台民士达特种纸业股份有限公司部分募投项目延期的核查意见,保荐/核查意见,2025-03-19,https://data.eastmoney.com/notices/detail/920394/AN202503191644761180.html
920394,民士达,民士达:2024年度审计报告,审计报告,2025-03-19,https://data.eastmoney.com/notices/detail/920394/AN202503191644761182.html
920394,民士达,民士达:中泰证券股份有限公司关于烟台民士达特种纸业股份有限公司2024年度募集资金存放与使用情况的核查意见,保荐/核查意见,2025-03-19,https://data.eastmoney.com/notices/detail/920394/AN202503191644761177.html
920394,民士达,民士达:关于烟台民士达特种纸业股份有限公司2024年度非经营性资金占用及其他关联资金往来的专项说明,专项说明/独立意见,2025-03-19,https://data.eastmoney.com/notices/detail/920394/AN202503191644761167.html
920394,民士达,民士达:2024年度募集资金年度存放与使用情况鉴证报告,保荐/核查意见,2025-03-19,https://data.eastmoney.com/notices/detail/920394/AN202503191644761183.html
920394,民士达,民士达:内部控制审计报告,审计报告,2025-03-19,https://data.eastmoney.com/notices/detail/920394/AN202503191644761166.html
920394,民士达,民士达:关于部分募投项目延期的公告,变更募集资金投资项目,2025-03-19,https://data.eastmoney.com/notices/detail/920394/AN202503191644761171.html
920394,民士达,民士达:募集资金存放与实际使用情况的专项报告,募集资金使用情况报告,2025-03-19,https://data.eastmoney.com/notices/detail/920394/AN202503191644761176.html
920394,民士达,民士达:2024年年度报告,年度报告全文,2025-03-19,https://data.eastmoney.com/notices/detail/920394/AN202503191644761175.html
920394,民士达,民士达:2024年年度报告摘要,年度报告摘要,2025-03-19,https://data.eastmoney.com/notices/detail/920394/AN202503191644761172.html
301338,凯格精机,凯格精机:2025年3月19日投资者关系活动记录表,调研活动,2025-03-19,https://data.eastmoney.com/notices/detail/301338/AN202503191644759257.html
600545,卓郎智能,关于对卓郎智能技术股份有限公司、控股股东江苏金昇实业股份有限公司及有关责任人予以通报批评的决定,上交所股票监管措施,2025-03-19,https://data.eastmoney.com/notices/detail/600545/AN202503191644758970.html
300326,ST凯利,凯利泰:2025年第一次临时股东大会决议公告,股东大会决议公告,2025-03-19,https://data.eastmoney.com/notices/detail/300326/AN202503191644758973.html
300326,ST凯利,凯利泰:上海市广发律师事务所关于上海凯利泰医疗科技股份有限公司2025年第一次临时股东大会的法律意见书,法律意见书,2025-03-19,https://data.eastmoney.com/notices/detail/300326/AN202503191644758972.html
300352,ST信源,北信源:简式权益变动报告书(徐自发),权益变动报告书,2025-03-19,https://data.eastmoney.com/notices/detail/300352/AN202503191644758453.html
300352,ST信源,北信源:关于持股5%以上股东持股比例降至5%以下权益变动的提示性公告,权益变动报告书,2025-03-19,https://data.eastmoney.com/notices/detail/300352/AN202503191644758452.html
000166,申万宏源,申万宏源:申万宏源集团股份有限公司关于公开发行公司债券更名的公告,其他,2025-03-19,https://data.eastmoney.com/notices/detail/000166/AN202503191644757179.html
000166,申万宏源,申万宏源:申万宏源集团股份有限公司2025年面向专业投资者公开发行公司债券(第一期)发行公告,其他,2025-03-19,https://data.eastmoney.com/notices/detail/000166/AN202503191644757176.html
000166,申万宏源,申万宏源:申万宏源集团股份有限公司2025年面向专业投资者公开发行公司债券(第一期)募集说明书,其他,2025-03-19,https://data.eastmoney.com/notices/detail/000166/AN202503191644757178.html
000166,申万宏源,申万宏源:申万宏源集团股份有限公司2025年面向专业投资者公开发行公司债券(第一期)信用评级报告,其他,2025-03-19,https://data.eastmoney.com/notices/detail/000166/AN202503191644757177.html
300024,机器人,机器人:关于董事会、监事会完成换届选举及聘任高级管理人员、审计监察部负责人及证券事务代表的公告,高管人员任职变动,2025-03-19,https://data.eastmoney.com/notices/detail/300024/AN202503191644757169.html
300024,机器人,机器人:第八届监事会第一次会议决议公告,高管人员任职变动,2025-03-19,https://data.eastmoney.com/notices/detail/300024/AN202503191644757165.html
300024,机器人,机器人:北京大成(沈阳)律师事务所关于沈阳新松机器人自动化股份有限公司2025年第二次临时股东大会的法律意见书,法律意见书,2025-03-19,https://data.eastmoney.com/notices/detail/300024/AN202503191644757167.html
300024,机器人,机器人:2025年第二次临时股东大会决议公告,股东大会决议公告,2025-03-19,https://data.eastmoney.com/notices/detail/300024/AN202503191644757168.html
300024,机器人,机器人:第八届董事会第一次会议决议公告,高管人员任职变动,2025-03-19,https://data.eastmoney.com/notices/detail/300024/AN202503191644757164.html
002939,长城证券,长城证券:2025年3月19日投资者关系活动记录表,调研活动,2025-03-19,https://data.eastmoney.com/notices/detail/002939/AN202503191644756701.html
301251,威尔高,威尔高:关于为子公司提供担保的进展公告,提供/对外担保公告,2025-03-19,https://data.eastmoney.com/notices/detail/301251/AN202503191644757044.html
300404,博济医药,博济医药:关于控股股东部分股份质押展期的公告,股份质押、冻结,2025-03-19,https://data.eastmoney.com/notices/detail/300404/AN202503191644757040.html
920575,*ST康乐,康乐卫士:关于重组十五价人乳头瘤病毒疫苗(大肠埃希菌)进入Ⅱ期临床试验的公告,其他,2025-03-19,https://data.eastmoney.com/notices/detail/920575/AN202503191644755629.html
300722,新余国科,新余国科:关于公司董事、高级管理人员减持计划期限届满的公告,股东/实际控制人股份减持,2025-03-19,https://data.eastmoney.com/notices/detail/300722/AN202503191644754173.html
301656,联合动力,发行人及中介机构回复意见(苏州汇川联合动力系统股份有限公司),创业板IPO问询与回复,2025-03-19,https://data.eastmoney.com/notices/detail/301656/AN202503191644753204.html
000776,广发证券,广发证券:广发证券股份有限公司2025年面向专业投资者公开发行次级债券(第一期)发行结果公告,其他,2025-03-19,https://data.eastmoney.com/notices/detail/000776/AN202503191644753161.html
300836,佰奥智能,佰奥智能:2025年第一次临时股东会决议公告,股东大会决议公告,2025-03-19,https://data.eastmoney.com/notices/detail/300836/AN202503191644753157.html
300836,佰奥智能,佰奥智能:上海君澜律师事务所关于昆山佰奥智能装备股份有限公司2025年第一次临时股东会的法律意见书,法律意见书,2025-03-19,https://data.eastmoney.com/notices/detail/300836/AN202503191644753169.html
002797,第一创业,第一创业:关于延长第一创业证券股份有限公司2025年面向专业投资者公开发行公司债券(第二期)簿记建档时间的公告,其他,2025-03-19,https://data.eastmoney.com/notices/detail/002797/AN202503191644752455.html
002080,中材科技,中材科技:中材科技股份有限公司2022年面向专业投资者公开发行绿色公司债券(第一期)2025年本息兑付暨摘牌公告,其他,2025-03-19,https://data.eastmoney.com/notices/detail/002080/AN202503191644753159.html
000001,平安银行,平安银行:平安银行投资者关系管理信息,调研活动,2025-03-19,https://data.eastmoney.com/notices/detail/000001/AN202503191644752751.html
301097,天益医疗,天益医疗:关于为全资孙公司提供担保的公告,提供/对外担保公告,2025-03-19,https://data.eastmoney.com/notices/detail/301097/AN202503191644752398.html
301097,天益医疗,天益医疗:第三届董事会第二十二次会议决议公告,董事会决议公告,2025-03-19,https://data.eastmoney.com/notices/detail/301097/AN202503191644752396.html
002500,山西证券,山西证券:2022年面向专业投资者公开发行次级债券(第一期)2025年兑付兑息暨摘牌公告,其他,2025-03-19,https://data.eastmoney.com/notices/detail/002500/AN202503191644752397.html
300756,金马游乐,金马游乐:关于使用部分闲置募集资金进行现金管理的进展公告,募集资金使用进展情况,2025-03-19,https://data.eastmoney.com/notices/detail/300756/AN202503191644752383.html
920396,常辅股份,常辅股份:股权激励计划限制性股票解除限售公告,限售股份上市流通,2025-03-19,https://data.eastmoney.com/notices/detail/920396/AN202503191644751187.html
920436,大地电气,大地电气:对外投资设立控股子公司的公告,投资设立公司,2025-03-19,https://data.eastmoney.com/notices/detail/920436/AN202503191644751164.html
920436,大地电气,大地电气:持股5%以上股东减持股份结果公告,股东/实际控制人股份减持,2025-03-19,https://data.eastmoney.com/notices/detail/920436/AN202503191644751165.html
688008,澜起科技,澜起科技:-投资者关系活动记录表(2025-006),调研活动,2025-03-19,https://data.eastmoney.com/notices/detail/688008/AN202503191644749200.html
920247,华密新材,华密新材:关于取得实用新型专利证书的公告,获得认证,2025-03-19,https://data.eastmoney.com/notices/detail/920247/AN202503191644749003.html
920906,舜宇精工,舜宇精工:员工持股平台拟减持公司股份的预披露公告,股东/实际控制人股份减持,2025-03-19,https://data.eastmoney.com/notices/detail/920906/AN202503191644749002.html
920006,晟楠科技,晟楠科技:员工持股平台拟减持公司股份不超过1%的减持结果公告,股东/实际控制人股份减持,2025-03-19,https://data.eastmoney.com/notices/detail/920006/AN202503191644748987.html
300409,道氏技术,道氏技术:关于提前赎回道氏转02的第一次提示性公告,其他,2025-03-19,https://data.eastmoney.com/notices/detail/300409/AN202503191644748447.html
300122,智飞生物,智飞生物:关于15价肺炎球菌结合疫苗获得III期临床试验总结报告的提示性公告,保荐/核查意见,2025-03-19,https://data.eastmoney.com/notices/detail/300122/AN202503191644748433.html
300543,朗科智能,朗科智能:关于控股股东、实际控制人及其一致行动人股份被动稀释超过1%的公告,其他,2025-03-19,https://data.eastmoney.com/notices/detail/300543/AN202503191644748438.html
300543,朗科智能,朗科智能:关于提前赎回朗科转债的第二次提示性公告,其他,2025-03-19,https://data.eastmoney.com/notices/detail/300543/AN202503191644748972.html
301428,世纪恒通,世纪恒通:关于回购公司股份期限届满暨回购完成的公告,回购实施公告,2025-03-19,https://data.eastmoney.com/notices/detail/301428/AN202503191644748377.html
300612,宣亚国际,宣亚国际:第六届监事会第八次会议决议公告,监事会决议公告,2025-03-19,https://data.eastmoney.com/notices/detail/300612/AN202503191644747906.html
300612,宣亚国际,宣亚国际:第五届董事会第八次会议决议公告,董事会决议公告,2025-03-19,https://data.eastmoney.com/notices/detail/300612/AN202503191644747914.html
300612,宣亚国际,宣亚国际:关于为二级全资子公司提供担保的公告,提供/对外担保公告,2025-03-19,https://data.eastmoney.com/notices/detail/300612/AN202503191644747918.html
300871,回盛生物,回盛生物:国浩律师(深圳)事务所关于武汉回盛生物科技股份有限公司2025年第一次临时股东大会法律意见书,法律意见书,2025-03-19,https://data.eastmoney.com/notices/detail/300871/AN202503191644747915.html
300871,回盛生物,回盛生物:2025年第一次临时股东大会决议公告,其他增发事项公告,2025-03-19,https://data.eastmoney.com/notices/detail/300871/AN202503191644747925.html
301055,张小泉,张小泉:关于控股股东所持部分股份解除轮候冻结及新增轮候冻结的公告,股份质押、冻结,2025-03-19,https://data.eastmoney.com/notices/detail/301055/AN202503191644747231.html
300227,光韵达,光韵达:关于独立董事取得独立董事资格证书的公告,高管人员任职变动,2025-03-19,https://data.eastmoney.com/notices/detail/300227/AN202503191644747228.html
300832,新产业,新产业:关于获得医疗器械注册证的公告,其他,2025-03-19,https://data.eastmoney.com/notices/detail/300832/AN202503191644747229.html
300227,光韵达,光韵达:关于全资子公司为控股孙公司提供担保的公告,提供/对外担保公告,2025-03-19,https://data.eastmoney.com/notices/detail/300227/AN202503191644747230.html
600226,亨通股份,亨通股份:浙江亨通控股股份有限公司投资者关系活动记录表,调研活动,2025-03-19,https://data.eastmoney.com/notices/detail/600226/AN202503191644746690.html
301188,力诺药包,力诺药包:第四届董事会独立董事2025年第二次专门会议审核意见,专项说明/独立意见,2025-03-19,https://data.eastmoney.com/notices/detail/301188/AN202503191644746525.html
300198,*ST纳川,纳川股份:关于公司预重整期间债权申报的公告,其他,2025-03-19,https://data.eastmoney.com/notices/detail/300198/AN202503191644746517.html
301188,力诺药包,力诺药包:第四届董事会第九次会议决议公告,董事会决议公告,2025-03-19,https://data.eastmoney.com/notices/detail/301188/AN202503191644746516.html
300382,斯莱克,斯莱克:关于斯莱转债即将停止转股暨赎回前最后一个交易日的重要提示性公告,其他,2025-03-19,https://data.eastmoney.com/notices/detail/300382/AN202503191644746519.html
301188,力诺药包,力诺药包:关于变更部分募集资金专户的公告,募集资金使用情况报告,2025-03-19,https://data.eastmoney.com/notices/detail/301188/AN202503191644746522.html
300198,*ST纳川,纳川股份:关于法院决定对公司启动预重整并指定临时管理人的公告,其他,2025-03-19,https://data.eastmoney.com/notices/detail/300198/AN202503191644746524.html
301188,力诺药包,力诺药包:民生证券股份有限公司关于山东力诺医药包装股份有限公司变更部分募集资金专用账户的核查意见,保荐/核查意见,2025-03-19,https://data.eastmoney.com/notices/detail/301188/AN202503191644746521.html
301188,力诺药包,力诺药包:第四届监事会第八次会议决议公告,监事会决议公告,2025-03-19,https://data.eastmoney.com/notices/detail/301188/AN202503191644746520.html
300775,三角防务,三角防务:关于航空发动机叶片精密锻造生产线锻造设备顺利完成热载试车的公告,其他,2025-03-19,https://data.eastmoney.com/notices/detail/300775/AN202503191644746465.html
300961,深水海纳,深水海纳:股票交易异常波动公告,股票交易异常波动,2025-03-19,https://data.eastmoney.com/notices/detail/300961/AN202503191644746495.html
300223,君正股份,北京君正:300223北京君正投资者关系管理信息20250318,调研活动,2025-03-19,https://data.eastmoney.com/notices/detail/300223/AN202503191644745504.html
002736,国信证券,国信证券:国信证券股份有限公司2025年面向专业投资者公开发行公司债券(第二期)发行结果公告,其他,2025-03-19,https://data.eastmoney.com/notices/detail/002736/AN202503191644744928.html
301032,新柴股份,新柴股份:关于监事股份减持计划完成的公告,股东/实际控制人股份减持,2025-03-19,https://data.eastmoney.com/notices/detail/301032/AN202503191644744906.html
000417,合百集团,合百集团:000417合百集团投资者关系管理信息20250319,调研活动,2025-03-19,https://data.eastmoney.com/notices/detail/000417/AN202503191644744424.html
688093,世华科技,世华科技:-投资者关系活动记录表2025-001,调研活动,2025-03-19,https://data.eastmoney.com/notices/detail/688093/AN202503191644744318.html
688357,建龙微纳,建龙微纳:投资者关系活动记录表(2025-003),调研活动,2025-03-19,https://data.eastmoney.com/notices/detail/688357/AN202503191644744317.html
002082,ST万邦,万邦德:002082万邦德调研活动信息20250318,调研活动,2025-03-19,https://data.eastmoney.com/notices/detail/002082/AN202503191644741983.html
300853,申昊科技,申昊科技:关于全资子公司取得发明专利证书的公告,其他,2025-03-19,https://data.eastmoney.com/notices/detail/300853/AN202503191644741869.html
300819,聚杰微纤,聚杰微纤:股票交易异常波动公告,股票交易异常波动,2025-03-19,https://data.eastmoney.com/notices/detail/300819/AN202503191644741870.html
300857,协创数据,协创数据:关于公司开展融资租赁业务的进展公告,其他,2025-03-19,https://data.eastmoney.com/notices/detail/300857/AN202503191644741872.html
300857,协创数据,协创数据:关于全资子公司为公司提供担保的公告,提供/对外担保公告,2025-03-19,https://data.eastmoney.com/notices/detail/300857/AN202503191644741871.html
920230,欧康医药,欧康医药:投资者关系活动记录表,调研活动,2025-03-19,https://data.eastmoney.com/notices/detail/920230/AN202503191644740946.html
920026,卓兆点胶,卓兆点胶:关于董事会、监事会及高级管理人员延期换届的公告,高管人员任职变动,2025-03-19,https://data.eastmoney.com/notices/detail/920026/AN202503191644740921.html
002518,科士达,科士达:2025年3月19日投资者关系活动记录表,调研活动,2025-03-19,https://data.eastmoney.com/notices/detail/002518/AN202503191644740687.html
300892,品渥食品,品渥食品:关于控股股东、实际控制人的一致行动人减持股份触及1%整数倍的公告,股东/实际控制人股份减持,2025-03-19,https://data.eastmoney.com/notices/detail/300892/AN202503191644740872.html
920008,成电光信,成电光信:投资者关系活动记录表,调研活动,2025-03-19,https://data.eastmoney.com/notices/detail/920008/AN202503191644739931.html
600143,金发科技,金发科技:投资者关系活动记录表(2025年3月上),调研活动,2025-03-19,https://data.eastmoney.com/notices/detail/600143/AN202503191644740209.html
688576,西山科技,西山科技:重庆西山科技股份有限公司2025年3月13-14日投资者关系活动记录表,调研活动,2025-03-19,https://data.eastmoney.com/notices/detail/688576/AN202503191644740240.html
920571,国航远洋,国航远洋:关于全资子公司变更名称并完成工商变更登记的公告,公司关联方基本资料变更,2025-03-19,https://data.eastmoney.com/notices/detail/920571/AN202503191644739906.html
688100,威胜信息,威胜信息:威胜信息技术股份有限公司2025年3月17-19日投资者交流会会议纪录,调研活动,2025-03-19,https://data.eastmoney.com/notices/detail/688100/AN202503191644739832.html
002010,传化智联,传化智联:2025年3月18日投资者关系活动记录表,调研活动,2025-03-19,https://data.eastmoney.com/notices/detail/002010/AN202503191644739606.html
300708,聚灿光电,聚灿光电:300708聚灿光电投资者关系管理信息20250318,调研活动,2025-03-19,https://data.eastmoney.com/notices/detail/300708/AN202503191644739605.html
920608,丰安股份,丰安股份:关于使用闲置募集资金进行现金管理的进展公告,募集资金使用进展情况,2025-03-19,https://data.eastmoney.com/notices/detail/920608/AN202503191644739070.html
300112,万讯自控,万讯自控:关于聘任公司副总经理的公告,高管人员任职变动,2025-03-19,https://data.eastmoney.com/notices/detail/300112/AN202503191644738211.html
300112,万讯自控,万讯自控:第六届董事会第九次会议决议公告,高管人员任职变动,2025-03-19,https://data.eastmoney.com/notices/detail/300112/AN202503191644738212.html
300112,万讯自控,万讯自控:关于增加募集资金专户并签订存储三方监管协议的公告,签订协议,2025-03-19,https://data.eastmoney.com/notices/detail/300112/AN202503191644738213.html
301396,宏景科技,宏景科技:关于签署算力业务合同的公告,签订协议,2025-03-19,https://data.eastmoney.com/notices/detail/301396/AN202503191644738214.html
920414,欧普泰,欧普泰:关于全资子公司完成工商变更登记并取得换发营业执照的公告,公司关联方基本资料变更,2025-03-19,https://data.eastmoney.com/notices/detail/920414/AN202503191644738179.html
301316,慧博云通,慧博云通:关于2025年限制性股票激励计划限制性股票授予登记完成的公告,股本变动,2025-03-19,https://data.eastmoney.com/notices/detail/301316/AN202503191644737376.html
920082,方正阀门,方正阀门:关于拟变更公司注册登记机构及修订《公司章程》并办理工商变更登记的公告,公司章程修订,2025-03-19,https://data.eastmoney.com/notices/detail/920082/AN202503191644736784.html
920082,方正阀门,方正阀门:第二届董事会第二十一次会议决议公告,董事会决议公告,2025-03-19,https://data.eastmoney.com/notices/detail/920082/AN202503191644736786.html
920082,方正阀门,方正阀门:关于召开2025年第二次临时股东会通知公告(提供网络投票),召开股东大会通知,2025-03-19,https://data.eastmoney.com/notices/detail/920082/AN202503191644736785.html
920082,方正阀门,方正阀门:第二届监事会第十八次会议决议公告,监事会决议公告,2025-03-19,https://data.eastmoney.com/notices/detail/920082/AN202503191644736783.html
920808,曙光数创,曙光数创:投资者关系活动记录表,调研活动,2025-03-19,https://data.eastmoney.com/notices/detail/920808/AN202503191644736765.html
688373,盟科药业,盟科药业:上海盟科药业股份有限公司投资者关系活动表(2025年3月18日),调研活动,2025-03-19,https://data.eastmoney.com/notices/detail/688373/AN202503191644736017.html
002233,塔牌集团,塔牌集团:2025年3月19日投资者关系活动记录表,调研活动,2025-03-19,https://data.eastmoney.com/notices/detail/002233/AN202503191644736048.html
603191,望变电气,望变电气:2025-002  投资者交流活动记录表,调研活动,2025-03-19,https://data.eastmoney.com/notices/detail/603191/AN202503191644735715.html
000543,皖能电力,皖能电力:000543皖能电力投资者关系管理信息2025-3,调研活动,2025-03-19,https://data.eastmoney.com/notices/detail/000543/AN202503191644735269.html
920059,双英集团,双英集团:最近三年及一期的财务报告和审计报告(申报稿),北交所发行上市审计报告,2025-03-19,https://data.eastmoney.com/notices/detail/920059/AN202503191644734228.html
920059,双英集团,双英集团:上市保荐书(申报稿),北交所发行上市上市保荐书,2025-03-19,https://data.eastmoney.com/notices/detail/920059/AN202503191644734227.html
920059,双英集团,双英集团:发行保荐书(申报稿),北交所发行上市发行保荐书,2025-03-19,https://data.eastmoney.com/notices/detail/920059/AN202503191644734226.html
920059,双英集团,双英集团:招股说明书(申报稿),北交所发行上市招股说明书申报稿,2025-03-19,https://data.eastmoney.com/notices/detail/920059/AN202503191644734224.html
920059,双英集团,双英集团:法律意见书(申报稿),北交所发行上市法律意见书,2025-03-19,https://data.eastmoney.com/notices/detail/920059/AN202503191644734225.html
605319,无锡振华,上海证券交易所上市审核委员会2025年第9次审议会议公告,沪主板发行上市审核上市委会议公告,2025-03-19,https://data.eastmoney.com/notices/detail/605319/AN202503191644732739.html
920090,*ST同辉,同辉信息:关于变更持续督导保荐代表人的公告,保荐代表人（机构）变更,2025-03-19,https://data.eastmoney.com/notices/detail/920090/AN202503191644734216.html
300986,志特新材,志特新材:关于控股股东股份解除质押的公告,股份质押、冻结,2025-03-19,https://data.eastmoney.com/notices/detail/300986/AN202503191644733805.html
300986,志特新材,志特新材:关于控股股东、实际控制人及其一致行动人持股比例被动稀释的权益变动提示性公告,权益变动报告书,2025-03-19,https://data.eastmoney.com/notices/detail/300986/AN202503191644733804.html
920278,鹿得医疗,鹿得医疗:持股5%以上股东权益变动达到5%的提示性公告,权益变动报告书,2025-03-19,https://data.eastmoney.com/notices/detail/920278/AN202503191644733800.html
920278,鹿得医疗,鹿得医疗:简式权益变动报告书,权益变动报告书,2025-03-19,https://data.eastmoney.com/notices/detail/920278/AN202503191644733801.html
920091,大鹏工业,大鹏工业:独立董事关于第四届董事会第一次会议(临时会议)相关事项的独立意见公告,专项说明/独立意见,2025-03-19,https://data.eastmoney.com/notices/detail/920091/AN202503191644733231.html
301078,孩子王,孩子王:关于归还用于暂时补充流动资金的闲置募集资金的公告,归还募集资金,2025-03-19,https://data.eastmoney.com/notices/detail/301078/AN202503191644733226.html
300138,晨光生物,晨光生物:关于为子公司银行借款提供担保的进展公告,提供/对外担保公告,2025-03-19,https://data.eastmoney.com/notices/detail/300138/AN202503191644733177.html
301078,孩子王,孩子王:关于公司与涂鸦智能签订全面合作协议的公告,签订协议,2025-03-19,https://data.eastmoney.com/notices/detail/301078/AN202503191644733176.html
300138,晨光生物,晨光生物:关于公司取得商标注册证的公告,其他,2025-03-19,https://data.eastmoney.com/notices/detail/300138/AN202503191644733175.html
920091,大鹏工业,大鹏工业:董事长、监事会主席、高级管理人员换届公告,高管人员任职变动,2025-03-19,https://data.eastmoney.com/notices/detail/920091/AN202503191644732726.html
301389,隆扬电子,隆扬电子:2025年3月19日 投资者关系活动记录表,调研活动,2025-03-19,https://data.eastmoney.com/notices/detail/301389/AN202503191644732289.html
300727,润禾材料,润禾材料:润禾材料关于控股股东、实际控制人及其一致行动人持股比例被动稀释触及1%整数倍的公告,其他,2025-03-19,https://data.eastmoney.com/notices/detail/300727/AN202503191644732711.html
920091,大鹏工业,大鹏工业:第四届监事会第一次会议(临时会议)决议公告,高管人员任职变动,2025-03-19,https://data.eastmoney.com/notices/detail/920091/AN202503191644731856.html
920091,大鹏工业,大鹏工业:第四届董事会第一次会议(临时会议)决议公告,高管人员任职变动,2025-03-19,https://data.eastmoney.com/notices/detail/920091/AN202503191644731547.html
300814,中富电路,中富电路:关于中富转债赎回实施的第十四次提示性公告,其他,2025-03-19,https://data.eastmoney.com/notices/detail/300814/AN202503191644731530.html
300889,爱克股份,爱克股份:关于公司控股股东部分股份办理质押和解除质押的公告,股份质押、冻结,2025-03-19,https://data.eastmoney.com/notices/detail/300889/AN202503191644731531.html
920091,大鹏工业,大鹏工业:2025年第一次临时股东大会决议公告,股东大会决议公告,2025-03-19,https://data.eastmoney.com/notices/detail/920091/AN202503191644731178.html
301122,采纳股份,采纳股份:关于公司取得专利证书的公告,获得认证,2025-03-19,https://data.eastmoney.com/notices/detail/301122/AN202503191644730251.html
300625,三雄极光,三雄极光:关于监事会换届选举暨征集候选人的提示性公告,高管人员任职变动,2025-03-19,https://data.eastmoney.com/notices/detail/300625/AN202503191644730252.html
300625,三雄极光,三雄极光:关于董事会换届选举暨征集候选人的提示性公告,高管人员任职变动,2025-03-19,https://data.eastmoney.com/notices/detail/300625/AN202503191644730253.html
300052,中青宝,ST中青宝:关于股票交易异常波动的公告,股票交易异常波动,2025-03-19,https://data.eastmoney.com/notices/detail/300052/AN202503191644729211.html
300534,陇神戎发,陇神戎发:关于控股子公司取得换发后的《医疗器械经营许可证》的公告,其他,2025-03-19,https://data.eastmoney.com/notices/detail/300534/AN202503191644729207.html
300819,聚杰微纤,聚杰微纤:300819聚杰微纤投资者关系管理信息20250319,调研活动,2025-03-19,https://data.eastmoney.com/notices/detail/300819/AN202503191644728863.html
000686,东北证券,东北证券:关于延长东北证券股份有限公司2025年面向专业投资者公开发行次级债券(第一期)簿记建档时间的公告,其他,2025-03-19,https://data.eastmoney.com/notices/detail/000686/AN202503191644729175.html
603103,横店影视,横店影视:横店影视股份有限公司2024年度业绩说明会交流记录,调研活动,2025-03-19,https://data.eastmoney.com/notices/detail/603103/AN202503191644728880.html
300555,ST路通,ST路通:无锡路通视信网络股份有限公司关于持股5%以上股东所持公司股份被司法冻结的公告,股份质押、冻结,2025-03-19,https://data.eastmoney.com/notices/detail/300555/AN202503191644728101.html
300555,ST路通,ST路通:无锡路通视信网络股份有限公司关于控股股东所持公司部分股份被司法拍卖的进展公告,诉讼仲裁,2025-03-19,https://data.eastmoney.com/notices/detail/300555/AN202503191644728100.html
300653,正海生物,正海生物:关于取得医疗器械注册变更文件的公告,其他,2025-03-19,https://data.eastmoney.com/notices/detail/300653/AN202503191644728073.html
301566,达利凯普,达利凯普:关于持股5%以上股东权益变动触及1%的提示性公告,权益变动报告书,2025-03-19,https://data.eastmoney.com/notices/detail/301566/AN202503191644728071.html
300705,九典制药,九典制药:关于为全资子公司提供担保的进展公告,提供/对外担保公告,2025-03-19,https://data.eastmoney.com/notices/detail/300705/AN202503191644728072.html
300108,*ST吉药,*ST吉药:吉药控股集团股份有限公司关于公司股票存在可能因股价低于面值被终止上市的风险提示公告,终止上市风险提示,2025-03-19,https://data.eastmoney.com/notices/detail/300108/AN202503191644725849.html
688789,宏华数科,宏华数科:杭州宏华数码科技股份有限公司投资者关系活动记录表(2025年3月17日、3月18日、3月19日),调研活动,2025-03-19,https://data.eastmoney.com/notices/detail/688789/AN202503191644727100.html
688737,中自科技,中自科技:688737.SH-中自科技_2025年2月投资者关系活动记录表,调研活动,2025-03-19,https://data.eastmoney.com/notices/detail/688737/AN202503191644727099.html
300166,东方国信,东方国信:关于控股股东、实际控制人股份质押及部分股份解除质押的公告,股份质押、冻结,2025-03-19,https://data.eastmoney.com/notices/detail/300166/AN202503191644725821.html
300576,容大感光,容大感光:关于控股股东、一致行动人部分股份质押的公告,股份质押、冻结,2025-03-19,https://data.eastmoney.com/notices/detail/300576/AN202503191644725820.html
920222,益坤电气,益坤电气:监事会议事规则(北交所上市后适用),议事规则/实施细则,2025-03-19,https://data.eastmoney.com/notices/detail/920222/AN202503191644725804.html
920222,益坤电气,益坤电气:监事会关于公司司向不特定合格投资者公开发行股票并在北交所上市的具体方案的审核意见的公告,专项说明/独立意见,2025-03-19,https://data.eastmoney.com/notices/detail/920222/AN202503191644725793.html
920222,益坤电气,益坤电气:第三届监事会第二次会议决议公告,监事会决议公告,2025-03-19,https://data.eastmoney.com/notices/detail/920222/AN202503191644725780.html
300817,双飞集团,双飞集团:关于股票交易异常波动的公告,股票交易异常波动,2025-03-19,https://data.eastmoney.com/notices/detail/300817/AN202503191644725779.html
920222,益坤电气,益坤电气:独立董事关于第三届董事会第二次会议相关事项的独立意见的公告,专项说明/独立意见,2025-03-19,https://data.eastmoney.com/notices/detail/920222/AN202503191644725770.html
920222,益坤电气,益坤电气:关于召开2025年第一次临时股东大会通知公告(提供网络投票),召开股东大会通知,2025-03-19,https://data.eastmoney.com/notices/detail/920222/AN202503191644724749.html
920222,益坤电气,益坤电气:关于聘请公司向不特定合格投资者公开发行股票并在北京证券交易所上市中介机构的公告,审计机构变更,2025-03-19,https://data.eastmoney.com/notices/detail/920222/AN202503191644724738.html
605319,无锡振华,无锡振华:投资者关系活动记录表,调研活动,2025-03-19,https://data.eastmoney.com/notices/detail/605319/AN202503191644725243.html
002434,万里扬,万里扬:002434万里扬投资者关系管理信息20250319,调研活动,2025-03-19,https://data.eastmoney.com/notices/detail/002434/AN202503191644725095.html
300511,雪榕生物,雪榕生物:上海雪榕生物科技股份有限公司关于新老控股股东向公司提供借款暨关联交易的公告,借贷,2025-03-19,https://data.eastmoney.com/notices/detail/300511/AN202503191644724721.html
300511,雪榕生物,雪榕生物:上海雪榕生物科技股份有限公司第五届监事会第十四次会议决议公告,监事会决议公告,2025-03-19,https://data.eastmoney.com/notices/detail/300511/AN202503191644724723.html
301053,远信工业,远信工业:股票交易异常波动公告,股票交易异常波动,2025-03-19,https://data.eastmoney.com/notices/detail/301053/AN202503191644724722.html
300511,雪榕生物,雪榕生物:上海雪榕生物科技股份有限公司第五届董事会第二十一次会议决议公告,董事会决议公告,2025-03-19,https://data.eastmoney.com/notices/detail/300511/AN202503191644724720.html
920222,益坤电气,益坤电气:董事会提名委员会实施细则(北交所上市后适用),议事规则/实施细则,2025-03-19,https://data.eastmoney.com/notices/detail/920222/AN202503191644724719.html
920222,益坤电气,益坤电气:董事会战略委员会实施细则(北交所上市后适用),议事规则/实施细则,2025-03-19,https://data.eastmoney.com/notices/detail/920222/AN202503191644724711.html
920222,益坤电气,益坤电气:董事会审计委员会实施细则(北交所上市后适用),议事规则/实施细则,2025-03-19,https://data.eastmoney.com/notices/detail/920222/AN202503191644724669.html
920222,益坤电气,益坤电气:年报信息披露重大差错责任追究制度(北交所上市后适用),管理办法/制度,2025-03-19,https://data.eastmoney.com/notices/detail/920222/AN202503191644724667.html
920222,益坤电气,益坤电气:董事会薪酬与考核委员会实施细则(北交所上市后适用),议事规则/实施细则,2025-03-19,https://data.eastmoney.com/notices/detail/920222/AN202503191644724670.html
920222,益坤电气,益坤电气:内幕信息知情人登记管理制度(北交所上市后适用),管理办法/制度,2025-03-19,https://data.eastmoney.com/notices/detail/920222/AN202503191644724657.html
920222,益坤电气,益坤电气:董事会秘书工作细则(北交所上市后适用),议事规则/实施细则,2025-03-19,https://data.eastmoney.com/notices/detail/920222/AN202503191644724658.html
920222,益坤电气,益坤电气:总经理工作细则(北交所上市后适用),议事规则/实施细则,2025-03-19,https://data.eastmoney.com/notices/detail/920222/AN202503191644723644.html
300595,欧普康视,欧普康视:关于持股5%以上股东部分股份解除质押的公告,股份质押、冻结,2025-03-19,https://data.eastmoney.com/notices/detail/300595/AN202503191644723627.html
920222,益坤电气,益坤电气:内部控制管理制度(北交所上市后适用),管理办法/制度,2025-03-19,https://data.eastmoney.com/notices/detail/920222/AN202503191644723620.html
920222,益坤电气,益坤电气:独立董事专门会议工作制度(北交所上市后适用),管理办法/制度,2025-03-19,https://data.eastmoney.com/notices/detail/920222/AN202503191644723619.html
920222,益坤电气,益坤电气:网络投票实施细则(北交所上市后适用),议事规则/实施细则,2025-03-19,https://data.eastmoney.com/notices/detail/920222/AN202503191644723617.html
920222,益坤电气,益坤电气:承诺管理制度(北交所上市后适用),管理办法/制度,2025-03-19,https://data.eastmoney.com/notices/detail/920222/AN202503191644723583.html
301127,武汉天源,天源环保:中天国富证券有限公司关于武汉天源环保股份有限公司2024年度定期现场检查报告,保荐/核查意见,2025-03-19,https://data.eastmoney.com/notices/detail/301127/AN202503191644723574.html
920222,益坤电气,益坤电气:投资者关系管理制度(北交所上市后适用),管理办法/制度,2025-03-19,https://data.eastmoney.com/notices/detail/920222/AN202503191644723562.html
920222,益坤电气,益坤电气:内部审计制度(北交所上市后适用),管理办法/制度,2025-03-19,https://data.eastmoney.com/notices/detail/920222/AN202503191644723561.html
920222,益坤电气,益坤电气:累积投票制实施细则(北交所上市后适用),议事规则/实施细则,2025-03-19,https://data.eastmoney.com/notices/detail/920222/AN202503191644722742.html
920222,益坤电气,益坤电气:控股子公司管理制度(北交所上市后适用),管理办法/制度,2025-03-19,https://data.eastmoney.com/notices/detail/920222/AN202503191644722731.html
920222,益坤电气,益坤电气:董事、监事及高级管理人员薪酬管理制度(北交所上市后适用),管理办法/制度,2025-03-19,https://data.eastmoney.com/notices/detail/920222/AN202503191644722701.html
920222,益坤电气,益坤电气:信息披露管理办法(北交所上市后适用),管理办法/制度,2025-03-19,https://data.eastmoney.com/notices/detail/920222/AN202503191644721556.html
920222,益坤电气,益坤电气:独立董事工作制度(北交所上市后适用),管理办法/制度,2025-03-19,https://data.eastmoney.com/notices/detail/920222/AN202503191644721555.html
920222,益坤电气,益坤电气:募集资金管理制度(北交所上市后适用),管理办法/制度,2025-03-19,https://data.eastmoney.com/notices/detail/920222/AN202503191644721541.html
920222,益坤电气,益坤电气:利润分配管理制度(北交所上市后适用),管理办法/制度,2025-03-19,https://data.eastmoney.com/notices/detail/920222/AN202503191644721530.html
920222,益坤电气,益坤电气:防范控股股东、实际控制人及其他关联方资金占用制度(北交所上市后适用),管理办法/制度,2025-03-19,https://data.eastmoney.com/notices/detail/920222/AN202503191644721529.html
603711,香飘飘,香飘飘:投资者关系活动记录表,调研活动,2025-03-19,https://data.eastmoney.com/notices/detail/603711/AN202503191644721848.html
920222,益坤电气,益坤电气:对外投资管理制度(北交所上市后适用),管理办法/制度,2025-03-19,https://data.eastmoney.com/notices/detail/920222/AN202503191644721506.html
920222,益坤电气,益坤电气:关联交易管理办法(北交所上市后适用),管理办法/制度,2025-03-19,https://data.eastmoney.com/notices/detail/920222/AN202503191644721502.html
920222,益坤电气,益坤电气:对外担保管理办法(北交所上市后适用),管理办法/制度,2025-03-19,https://data.eastmoney.com/notices/detail/920222/AN202503191644721503.html
920222,益坤电气,益坤电气:董事会议事规则(北交所上市后适用),议事规则/实施细则,2025-03-19,https://data.eastmoney.com/notices/detail/920222/AN202503191644721495.html
920222,益坤电气,益坤电气:股东会议事规则(北交所上市后适用),议事规则/实施细则,2025-03-19,https://data.eastmoney.com/notices/detail/920222/AN202503191644721458.html
920222,益坤电气,益坤电气:公司章程(草案)(北交所上市后适用),公司章程,2025-03-19,https://data.eastmoney.com/notices/detail/920222/AN202503191644721457.html
002595,豪迈科技,豪迈科技:2025年3月18日-3月19日投资者关系活动记录表,调研活动,2025-03-19,https://data.eastmoney.com/notices/detail/002595/AN202503191644720986.html
920222,益坤电气,益坤电气:关于公司设立募集资金专项账户并签署募集资金三方监管协议的公告,签订协议,2025-03-19,https://data.eastmoney.com/notices/detail/920222/AN202503191644720016.html
920222,益坤电气,益坤电气:关于公司向不特定合格投资者公开发行股票并在北京证券交易所上市后三年内股东分红回报规划的公告,其他,2025-03-19,https://data.eastmoney.com/notices/detail/920222/AN202503191644719999.html
300233,金城医药,金城医药:关于子公司收到化学原料药补充申请批准通知书的公告,其他,2025-03-19,https://data.eastmoney.com/notices/detail/300233/AN202503191644719992.html
920222,益坤电气,益坤电气:关于公司向不特定合格投资者公开发行股票并在北京证券交易所上市后三年内稳定公司股价预案的公告,其他,2025-03-19,https://data.eastmoney.com/notices/detail/920222/AN202503191644719991.html
920222,益坤电气,益坤电气:关于公司向不特定合格投资者公开发行股票并在北京证券交易所上市有关承诺及相关约束措施的公告,其他,2025-03-19,https://data.eastmoney.com/notices/detail/920222/AN202503191644719987.html
300102,乾照光电,乾照光电:关于公司使用闲置募集资金进行现金管理赎回的公告,投资理财,2025-03-19,https://data.eastmoney.com/notices/detail/300102/AN202503191644719980.html
920222,益坤电气,益坤电气:关于公司向不特定合格投资者公开发行股票并在北京证券交易所上市被摊薄即期回报的填补措施及相关承诺的公告,其他,2025-03-19,https://data.eastmoney.com/notices/detail/920222/AN202503191644719977.html
920222,益坤电气,益坤电气:关于公司申请文件不存在虚假记载、误导性陈述或者重大遗漏情形之回购承诺事项及相关约束措施的公告,其他,2025-03-19,https://data.eastmoney.com/notices/detail/920222/AN202503191644719964.html
300967,晓鸣股份,晓鸣股份:华西证券股份有限公司关于宁夏晓鸣农牧股份有限公司2024年度持续督导培训情况报告,保荐/核查意见,2025-03-19,https://data.eastmoney.com/notices/detail/300967/AN202503191644719965.html
920222,益坤电气,益坤电气:关于公司向不特定合格投资者公开发行股票并在北京证券交易所上市前滚存利润的分配方案的公告,其他,2025-03-19,https://data.eastmoney.com/notices/detail/920222/AN202503191644719958.html
920222,益坤电气,益坤电气:关于提请股东大会授权董事会办理公司申请公开发行股票并在北交所上市事宜的公告,其他,2025-03-19,https://data.eastmoney.com/notices/detail/920222/AN202503191644719248.html
920222,益坤电气,益坤电气:关于公司申请向不特定合格投资者公开发行股票并在北京证券交易所上市募集资金投资项目及其可行性的公告,其他,2025-03-19,https://data.eastmoney.com/notices/detail/920222/AN202503191644719229.html
000728,国元证券,国元证券:国元证券股份有限公司2025年面向专业投资者公开发行公司债券(第一期)更名公告,其他,2025-03-19,https://data.eastmoney.com/notices/detail/000728/AN202503191644719203.html
000728,国元证券,国元证券:国元证券股份有限公司2025年面向专业投资者公开发行公司债券(第一期)信用评级报告,其他,2025-03-19,https://data.eastmoney.com/notices/detail/000728/AN202503191644719202.html
000728,国元证券,国元证券:国元证券股份有限公司2025年面向专业投资者公开发行公司债券(第一期)募集说明书,其他,2025-03-19,https://data.eastmoney.com/notices/detail/000728/AN202503191644719206.html
000728,国元证券,国元证券:国元证券股份有限公司2025年面向专业投资者公开发行公司债券(第一期)募集说明书摘要,其他,2025-03-19,https://data.eastmoney.com/notices/detail/000728/AN202503191644719204.html
000728,国元证券,国元证券:国元证券股份有限公司2025年面向专业投资者公开发行公司债券(第一期)发行公告,其他,2025-03-19,https://data.eastmoney.com/notices/detail/000728/AN202503191644719205.html
300551,古鳌科技,古鳌科技:关于变更签字注册会计师的公告,高管人员任职变动,2025-03-19,https://data.eastmoney.com/notices/detail/300551/AN202503191644719182.html
300268,佳沃食品,*ST佳沃:关于智利子公司合规方案审批的进展公告,其他,2025-03-19,https://data.eastmoney.com/notices/detail/300268/AN202503191644719183.html
920222,益坤电气,益坤电气:第三届董事会第二次会议决议公告,董事会决议公告,2025-03-19,https://data.eastmoney.com/notices/detail/920222/AN202503191644719179.html
920222,益坤电气,益坤电气:关于董事会审议公开发行股票并在北交所上市议案的提示性公告,其他,2025-03-19,https://data.eastmoney.com/notices/detail/920222/AN202503191644719173.html
920976,视声智能,视声智能:股票解除限售公告,限售股份上市流通,2025-03-19,https://data.eastmoney.com/notices/detail/920976/AN202503191644717750.html
300866,安克创新,安克创新:关于“质量回报双提升”行动方案的进展公告,其他,2025-03-19,https://data.eastmoney.com/notices/detail/300866/AN202503191644717668.html
300841,康华生物,康华生物:关于实际控制人之一致行动人部分股份解除质押和质押的公告,股份质押、冻结,2025-03-19,https://data.eastmoney.com/notices/detail/300841/AN202503191644717666.html
300110,华仁药业,华仁药业:关于全资子公司盐酸去氧肾上腺素原料药获得上市申请批准通知书的公告,其他,2025-03-19,https://data.eastmoney.com/notices/detail/300110/AN202503191644717669.html
300994,久祺股份,久祺股份:300994久祺股份投资者关系管理信息20250319,调研活动,2025-03-19,https://data.eastmoney.com/notices/detail/300994/AN202503191644717571.html
300787,海能实业,海能实业:关于使用自有资金进行现金管理的进展公告,投资理财,2025-03-19,https://data.eastmoney.com/notices/detail/300787/AN202503191644715639.html
689009,九号公司,关于浙商证券股份有限公司对科创板股票九号公司开展做市交易业务的公告,科创板做市商信息,2025-03-19,https://data.eastmoney.com/notices/detail/689009/AN202503191644713942.html
688009,中国通号,关于浙商证券股份有限公司对科创板股票中国通号开展做市交易业务的公告,科创板做市商信息,2025-03-19,https://data.eastmoney.com/notices/detail/688009/AN202503191644713943.html
688271,联影医疗,关于浙商证券股份有限公司对科创板股票联影医疗开展做市交易业务的公告,科创板做市商信息,2025-03-19,https://data.eastmoney.com/notices/detail/688271/AN202503191644713941.html
301069,凯盛新材,凯盛新材:关于凯盛转债预计触发转股价格向下修正条件的提示性公告,其他,2025-03-19,https://data.eastmoney.com/notices/detail/301069/AN202503191644713923.html
688008,澜起科技,关于浙商证券股份有限公司对科创板股票澜起科技开展做市交易业务的公告,科创板做市商信息,2025-03-19,https://data.eastmoney.com/notices/detail/688008/AN202503191644713886.html
300424,航新科技,航新科技:新世纪评级关于广州航新航空科技股份有限公司控股股东的有限合伙人所持合伙份额被司法冻结的关注公告,股份质押、冻结,2025-03-19,https://data.eastmoney.com/notices/detail/300424/AN202503191644713873.html
300727,润禾材料,润禾材料:润禾材料关于提前赎回润禾转债的第四次提示性公告,其他,2025-03-19,https://data.eastmoney.com/notices/detail/300727/AN202503191644711842.html
301195,北路智控,北路智控:关于设立全资子公司并取得营业执照的公告,投资设立公司,2025-03-19,https://data.eastmoney.com/notices/detail/301195/AN202503191644711831.html
301292,海科新源,海科新源:关于对外担保的进展公告,提供/对外担保公告,2025-03-19,https://data.eastmoney.com/notices/detail/301292/AN202503191644711823.html
300373,扬杰科技,扬杰科技:关于筹划发行股份及支付现金购买资产并募集配套资金停牌进展公告,停牌公告,2025-03-19,https://data.eastmoney.com/notices/detail/300373/AN202503191644711824.html
301109,军信股份,军信股份:关于使用闲置自有资金进行现金管理的进展公告,投资理财,2025-03-19,https://data.eastmoney.com/notices/detail/301109/AN202503191644711827.html
002171,楚江新材,楚江新材:2025年3月18日投资者关系活动记录表,调研活动,2025-03-19,https://data.eastmoney.com/notices/detail/002171/AN202503191644712259.html
688593,新相微,新相微:投资者关系活动记录表(2025年3月18日),调研活动,2025-03-19,https://data.eastmoney.com/notices/detail/688593/AN202503191644710255.html
601077,渝农商行,渝农商行:2025年1月投资者关系活动记录表,调研活动,2025-03-19,https://data.eastmoney.com/notices/detail/601077/AN202503191644710357.html
600422,昆药集团,昆药集团:投资者关系活动记录表(2025-002),调研活动,2025-03-19,https://data.eastmoney.com/notices/detail/600422/AN202503191644710256.html
603019,中科曙光,中科曙光:投资者关系活动记录表2025年3月18日,调研活动,2025-03-19,https://data.eastmoney.com/notices/detail/603019/AN202503191644710254.html
688788,科思科技,科思科技:投资者关系活动记录表2025-007,调研活动,2025-03-19,https://data.eastmoney.com/notices/detail/688788/AN202503191644710358.html
688070,纵横股份,纵横股份:投资者关系活动记录表-2025年3月18日,调研活动,2025-03-19,https://data.eastmoney.com/notices/detail/688070/AN202503191644710359.html
920038,森合高科,森合高科:2025年第一次临时股东会决议公告,股东大会决议公告,2025-03-19,https://data.eastmoney.com/notices/detail/920038/AN202503191644710622.html
920038,森合高科,森合高科:北京市中伦律师事务所关于广西森合高新科技股份有限公司2025年第一次临时股东会的法律意见书,法律意见书,2025-03-19,https://data.eastmoney.com/notices/detail/920038/AN202503191644710607.html
920022,世昌股份,世昌股份:关于申请公开发行股票并在北交所上市暨停牌进展公告,停牌公告,2025-03-19,https://data.eastmoney.com/notices/detail/920022/AN202503191644710636.html
920100,三协电机,三协电机:关于申请公开发行股票并在北京证券交易所上市暨停牌进展公告,停牌公告,2025-03-19,https://data.eastmoney.com/notices/detail/920100/AN202503191644710566.html
300016,北陆药业,北陆药业:2025年3月18日投资者关系活动记录表,调研活动,2025-03-19,https://data.eastmoney.com/notices/detail/300016/AN202503191644708165.html
601003,柳钢股份,柳钢股份:关于柳钢股份2025年第二次临时股东大会之法律意见书,法律意见书,2025-03-19,https://data.eastmoney.com/notices/detail/601003/AN202503191644707237.html
003816,中国广核,关于同意中国广核再融资注册的批复,深主板发行上市审核注册结果通知,2025-03-19,https://data.eastmoney.com/notices/detail/003816/AN202503191644705371.html
300907,康平科技,康平科技:关于归还暂时补充流动资金的闲置募集资金的公告,归还募集资金,2025-03-19,https://data.eastmoney.com/notices/detail/300907/AN202503191644657351.html
301581,黄山谷捷,黄山谷捷:关于变更持续督导工作保荐代表人的公告,保荐代表人（机构）变更,2025-03-19,https://data.eastmoney.com/notices/detail/301581/AN202503191644657352.html
002787,华源控股,华源控股:关于使用自有资金购买理财产品的进展公告,投资理财,2025-03-19,https://data.eastmoney.com/notices/detail/002787/AN202503191644657355.html
003020,立方制药,立方制药:关于控股子公司再次通过高新技术企业认定的公告,其他,2025-03-19,https://data.eastmoney.com/notices/detail/003020/AN202503191644657354.html
003020,立方制药,立方制药:关于控股子公司收到药品注册受理通知书的公告,其他,2025-03-19,https://data.eastmoney.com/notices/detail/003020/AN202503191644657353.html
002056,横店东磁,横店东磁:002056横店东磁投资者关系管理信息20250319,调研活动,2025-03-19,https://data.eastmoney.com/notices/detail/002056/AN202503191644665056.html
301600,慧翰股份,慧翰股份:2025年3月18日投资者关系活动记录表,调研活动,2025-03-19,https://data.eastmoney.com/notices/detail/301600/AN202503191644664205.html
A22061,胜华波,关于浙江胜华波电器股份有限公司首次公开发行股票并上市辅导备案报告,辅导企业基本情况,2025-03-19,https://data.eastmoney.com/notices/detail/A22061/AN202503191644601594.html
000099,中信海直,中信海直:000099中信海直投资者关系管理信息20250319,调研活动,2025-03-19,https://data.eastmoney.com/notices/detail/000099/AN202503191644647530.html
000050,深天马A,深天马Ａ:000050深天马A调研活动信息20250316,调研活动,2025-03-19,https://data.eastmoney.com/notices/detail/000050/AN202503191644639355.html
300008,天海防务,天海防务:300008天海防务投资者关系管理信息20250318,调研活动,2025-03-19,https://data.eastmoney.com/notices/detail/300008/AN202503191644638825.html
300819,聚杰微纤,聚杰微纤:300819聚杰微纤投资者关系管理信息20250318,调研活动,2025-03-19,https://data.eastmoney.com/notices/detail/300819/AN202503191644636319.html
603124,江南新材,关于江西江南新材料科技股份有限公司人民币普通股股票上市交易的公告,首发提示性公告,2025-03-19,https://data.eastmoney.com/notices/detail/603124/AN202503191644633870.html
000553,安道麦A,安道麦A:2025年3月18日投资者关系活动记录表,调研活动,2025-03-19,https://data.eastmoney.com/notices/detail/000553/AN202503191644618761.html
688584,上海合晶,上海合晶:上海合晶2024年度独立董事述职报告(邓泗堂),独立董事述职报告,2025-03-19,https://data.eastmoney.com/notices/detail/688584/AN202503181644533698.html
688584,上海合晶,上海合晶:上海合晶独立董事候选人声明与承诺(夏定国),独立董事候选人声明,2025-03-19,https://data.eastmoney.com/notices/detail/688584/AN202503181644533665.html
688584,上海合晶,上海合晶:上海合晶独立董事提名人声明与承诺(洪茂益),独立董事提名人声明,2025-03-19,https://data.eastmoney.com/notices/detail/688584/AN202503181644533679.html
688584,上海合晶,上海合晶:中信证券股份有限公司关于上海合晶硅材料股份有限公司部分募投项目延期的核查意见,保荐/核查意见,2025-03-19,https://data.eastmoney.com/notices/detail/688584/AN202503181644533688.html
688584,上海合晶,上海合晶:上海合晶2024年度董事会审计委员会履职情况报告,其他,2025-03-19,https://data.eastmoney.com/notices/detail/688584/AN202503181644533658.html
688584,上海合晶,上海合晶:上海合晶2024年度内部控制评价报告,内部控制报告,2025-03-19,https://data.eastmoney.com/notices/detail/688584/AN202503181644533686.html
688584,上海合晶,上海合晶:上海合晶关于部分募投项目延期的公告,变更募集资金投资项目,2025-03-19,https://data.eastmoney.com/notices/detail/688584/AN202503181644533693.html
688584,上海合晶,上海合晶:中信证券股份有限公司关于上海合晶硅材料股份有限公司2024年度募集资金存放与使用情况的核查意见,保荐/核查意见,2025-03-19,https://data.eastmoney.com/notices/detail/688584/AN202503181644533659.html
688584,上海合晶,上海合晶:上海合晶2024年度独立董事述职报告(徐征),独立董事述职报告,2025-03-19,https://data.eastmoney.com/notices/detail/688584/AN202503181644533666.html
688584,上海合晶,上海合晶:第二届监事会第十七次会议决议公告,监事会决议公告,2025-03-19,https://data.eastmoney.com/notices/detail/688584/AN202503181644533671.html
688584,上海合晶,上海合晶:上海合晶独立董事候选人声明与承诺(谢长融),独立董事候选人声明,2025-03-19,https://data.eastmoney.com/notices/detail/688584/AN202503181644533660.html
688584,上海合晶,上海合晶:上海合晶关于使用部分闲置募集资金进行现金管理的公告,投资理财,2025-03-19,https://data.eastmoney.com/notices/detail/688584/AN202503181644533677.html
688584,上海合晶,上海合晶:上海合晶关于提取公司首期员工持股计划专项基金的公告,员工持股计划,2025-03-19,https://data.eastmoney.com/notices/detail/688584/AN202503181644533692.html
688584,上海合晶,上海合晶:北京市金杜律师事务所关于上海合晶硅材料股份有限公司关于2020年股票期权激励计划和2022年股票期权激励计划注销股票期权相关事项的法律意见书,法律意见书,2025-03-19,https://data.eastmoney.com/notices/detail/688584/AN202503181644533684.html
688584,上海合晶,上海合晶:上海合晶2024年年度报告摘要,年度报告摘要,2025-03-19,https://data.eastmoney.com/notices/detail/688584/AN202503181644533657.html
688584,上海合晶,上海合晶:立信会计师事务所(特殊普通合伙)关于上海合晶硅材料股份有限公司2024年度非经营性资金占用及其他关联资金往来情况的专项报告,保荐/核查意见,2025-03-19,https://data.eastmoney.com/notices/detail/688584/AN202503181644533697.html
688584,上海合晶,上海合晶:第二届董事会第十八次会议决议公告,分配预案,2025-03-19,https://data.eastmoney.com/notices/detail/688584/AN202503181644533672.html
688584,上海合晶,上海合晶:上海合晶董事会提名委员会关于第三届董事会独立董事候选人的审核意见,专项说明/独立意见,2025-03-19,https://data.eastmoney.com/notices/detail/688584/AN202503181644533681.html
688584,上海合晶,上海合晶:上海合晶2024年度独立董事述职报告(彭协如),独立董事述职报告,2025-03-19,https://data.eastmoney.com/notices/detail/688584/AN202503181644533667.html
688584,上海合晶,上海合晶:中信证券股份有限公司关于上海合晶硅材料股份有限公司确认2024年度日常关联交易及2025年度日常关联交易预计的核查意见,保荐/核查意见,2025-03-19,https://data.eastmoney.com/notices/detail/688584/AN202503181644533662.html
688584,上海合晶,上海合晶:上海合晶2025年度提质增效重回报行动方案,其他,2025-03-19,https://data.eastmoney.com/notices/detail/688584/AN202503181644533690.html
688584,上海合晶,上海合晶:上海合晶关于对外投资设立合资公司暨关联交易的公告,投资设立公司,2025-03-19,https://data.eastmoney.com/notices/detail/688584/AN202503181644533695.html
688584,上海合晶,上海合晶:上海合晶独立董事提名人声明与承诺(谢长融),独立董事提名人声明,2025-03-19,https://data.eastmoney.com/notices/detail/688584/AN202503181644533661.html
688584,上海合晶,上海合晶:上海合晶关于2020年股票期权激励计划和2022年股票期权激励计划第二个行权期行权条件未成就暨注销部分股票期权的公告,股权激励进展公告,2025-03-19,https://data.eastmoney.com/notices/detail/688584/AN202503181644533676.html
688584,上海合晶,上海合晶:上海合晶关于确认2024年度日常关联交易及2025年度日常关联交易预计的公告,关联交易,2025-03-19,https://data.eastmoney.com/notices/detail/688584/AN202503181644533682.html
688584,上海合晶,上海合晶:上海合晶关于立信会计师事务所(特殊普通合伙)的履职情况评估报告,其他,2025-03-19,https://data.eastmoney.com/notices/detail/688584/AN202503181644533670.html
688584,上海合晶,上海合晶:中信证券股份有限公司关于上海合晶硅材料股份有限公司使用部分闲置募集资金进行现金管理的核查意见,保荐/核查意见,2025-03-19,https://data.eastmoney.com/notices/detail/688584/AN202503181644533687.html
688584,上海合晶,上海合晶:上海合晶关于2024年度利润分配方案的公告,分配预案,2025-03-19,https://data.eastmoney.com/notices/detail/688584/AN202503181644533664.html
688584,上海合晶,上海合晶:上海合晶关于续聘公司2025年度审计机构的公告,审计机构变更,2025-03-19,https://data.eastmoney.com/notices/detail/688584/AN202503181644533678.html
688584,上海合晶,上海合晶:立信会计师事务所(特殊普通合伙)关于上海合晶硅材料股份有限公司内部控制审计报告,审计报告,2025-03-19,https://data.eastmoney.com/notices/detail/688584/AN202503181644533685.html
688584,上海合晶,上海合晶:上海合晶2024年度环境、社会和公司治理(ESG)报告,ESG公告,2025-03-19,https://data.eastmoney.com/notices/detail/688584/AN202503181644533680.html
688584,上海合晶,上海合晶:上海合晶董事会关于独立董事独立性自查情况专项报告,自查报告,2025-03-19,https://data.eastmoney.com/notices/detail/688584/AN202503181644533663.html
688584,上海合晶,上海合晶:上海合晶独立董事提名人声明与承诺(夏定国),独立董事提名人声明,2025-03-19,https://data.eastmoney.com/notices/detail/688584/AN202503181644533691.html
688584,上海合晶,上海合晶:立信会计师事务所(特殊普通合伙)关于上海合晶硅材料股份有限公司2024年度募集资金存放与使用情况鉴证报告,保荐/核查意见,2025-03-19,https://data.eastmoney.com/notices/detail/688584/AN202503181644533683.html
688584,上海合晶,上海合晶:立信会计师事务所(特殊普通合伙)关于上海合晶硅材料股份有限公司2024年度审计报告及财务报表,审计报告,2025-03-19,https://data.eastmoney.com/notices/detail/688584/AN202503181644533673.html
688584,上海合晶,上海合晶:上海合晶2024年度募集资金存放与实际使用情况的专项报告,募集资金使用情况报告,2025-03-19,https://data.eastmoney.com/notices/detail/688584/AN202503181644533675.html
688584,上海合晶,上海合晶:上海合晶董事会审计委员会监督立信会计师事务所(特殊普通合伙)的履职情况报告,其他,2025-03-19,https://data.eastmoney.com/notices/detail/688584/AN202503181644533674.html
688584,上海合晶,上海合晶:上海合晶独立董事候选人声明与承诺(洪茂益),独立董事候选人声明,2025-03-19,https://data.eastmoney.com/notices/detail/688584/AN202503181644533696.html
688584,上海合晶,上海合晶:中信证券股份有限公司关于上海合晶硅材料股份有限公司对外投资设立合资公司暨关联交易的核查意见,保荐/核查意见,2025-03-19,https://data.eastmoney.com/notices/detail/688584/AN202503181644533668.html
688584,上海合晶,上海合晶:关于2024年度计提资产减值准备的公告,其他,2025-03-19,https://data.eastmoney.com/notices/detail/688584/AN202503181644533694.html
688584,上海合晶,上海合晶:上海合晶关于董事会换届选举的公告,高管人员任职变动,2025-03-19,https://data.eastmoney.com/notices/detail/688584/AN202503181644533689.html
688584,上海合晶,上海合晶:上海合晶2024年年度报告,年度报告全文,2025-03-19,https://data.eastmoney.com/notices/detail/688584/AN202503181644533669.html
688593,新相微,新相微:简式权益变动报告书(北京燕东微电子股份有限公司),权益变动报告书,2025-03-19,https://data.eastmoney.com/notices/detail/688593/AN202503181644529531.html
688593,新相微,新相微:简式权益变动报告书(北京电子控股有限责任公司),权益变动报告书,2025-03-19,https://data.eastmoney.com/notices/detail/688593/AN202503181644529532.html
688593,新相微,新相微:新相微关于持股5%以上股东与其一致行动人之间协议转让股份暨权益变动的提示性公告,权益变动报告书,2025-03-19,https://data.eastmoney.com/notices/detail/688593/AN202503181644529533.html
688172,燕东微,燕东微:关于以协议转让方式出售新相微股份暨关联交易的公告,股权转让,2025-03-19,https://data.eastmoney.com/notices/detail/688172/AN202503181644529502.html
688172,燕东微,燕东微:中信建投证券股份有限公司关于北京燕东微电子股份有限公司以协议转让方式出售新相微股份暨关联交易的核查意见,保荐/核查意见,2025-03-19,https://data.eastmoney.com/notices/detail/688172/AN202503181644529505.html
688172,燕东微,燕东微:关于召开2025年第三次临时股东大会的通知,召开股东大会通知,2025-03-19,https://data.eastmoney.com/notices/detail/688172/AN202503181644529504.html
688172,燕东微,燕东微:第二届董事会独立董事2025年第一次专门会议决议,董事会决议公告,2025-03-19,https://data.eastmoney.com/notices/detail/688172/AN202503181644529503.html
688172,燕东微,燕东微:第二届监事会第九次会议决议公告,监事会决议公告,2025-03-19,https://data.eastmoney.com/notices/detail/688172/AN202503181644529506.html
002713,东易日盛,东易日盛:关于与产业投资人签署重整投资协议暨预重整进展的公告,签订协议,2025-03-19,https://data.eastmoney.com/notices/detail/002713/AN202503181644521329.html
603341,龙旗科技,龙旗科技:关于持股5%以上股东减持股份计划公告,股东/实际控制人股份减持,2025-03-19,https://data.eastmoney.com/notices/detail/603341/AN202503181644521315.html
300308,中际旭创,中际旭创:股权激励计划自查表,股权激励计划,2025-03-19,https://data.eastmoney.com/notices/detail/300308/AN202503181644521299.html
300308,中际旭创,中际旭创:第五届监事会第十六次会议决议公告,监事会决议公告,2025-03-19,https://data.eastmoney.com/notices/detail/300308/AN202503181644521302.html
300308,中际旭创,中际旭创:监事会关于公司股权激励计划激励对象名单的核查意见,专项说明/独立意见,2025-03-19,https://data.eastmoney.com/notices/detail/300308/AN202503181644521298.html
300308,中际旭创,中际旭创:第四期限制性股票激励计划(草案),股权激励计划,2025-03-19,https://data.eastmoney.com/notices/detail/300308/AN202503181644521303.html
300308,中际旭创,中际旭创:第四期限制性股票激励计划实施考核管理办法,管理办法/制度,2025-03-19,https://data.eastmoney.com/notices/detail/300308/AN202503181644521301.html
300308,中际旭创,中际旭创:第四期限制性股票激励计划(草案)摘要,股权激励计划摘要,2025-03-19,https://data.eastmoney.com/notices/detail/300308/AN202503181644521297.html
300308,中际旭创,中际旭创:独立董事公开征集委托投票权报告书,其他,2025-03-19,https://data.eastmoney.com/notices/detail/300308/AN202503181644521300.html
300308,中际旭创,中际旭创:上海泽昌律师事务所关于公司第四期限制性股票激励计划(草案)之法律意见书,法律意见书,2025-03-19,https://data.eastmoney.com/notices/detail/300308/AN202503181644521305.html
300308,中际旭创,中际旭创:关于召开2025年第二次临时股东会的通知,召开股东大会通知,2025-03-19,https://data.eastmoney.com/notices/detail/300308/AN202503181644521304.html
300308,中际旭创,中际旭创:第五届董事会第十九次会议决议公告,董事会决议公告,2025-03-19,https://data.eastmoney.com/notices/detail/300308/AN202503181644521306.html
300308,中际旭创,中际旭创:第四期限制性股票激励计划授予激励对象名单,股权激励对象名单,2025-03-19,https://data.eastmoney.com/notices/detail/300308/AN202503181644521293.html
300522,世名科技,世名科技:苏州世名科技股份有限公司关于部分股东股份减持计划的预披露公告,股东/实际控制人股份减持,2025-03-19,https://data.eastmoney.com/notices/detail/300522/AN202503181644521276.html
688776,国光电气,国光电气:国光电气关于股东减持股份计划公告,股东/实际控制人股份减持,2025-03-19,https://data.eastmoney.com/notices/detail/688776/AN202503181644519345.html
300388,节能国祯,节能国祯:2024年度独立董事述职报告(黄胜忠),独立董事述职报告,2025-03-19,https://data.eastmoney.com/notices/detail/300388/AN202503181644519302.html
300388,节能国祯,节能国祯:2024年度独立董事述职报告(胡真虎),独立董事述职报告,2025-03-19,https://data.eastmoney.com/notices/detail/300388/AN202503181644519275.html
300388,节能国祯,节能国祯:2024年度独立董事述职报告(俞汉青已离任),独立董事述职报告,2025-03-19,https://data.eastmoney.com/notices/detail/300388/AN202503181644519282.html
300388,节能国祯,节能国祯:2024年度独立董事述职报告(郭勤贵),独立董事述职报告,2025-03-19,https://data.eastmoney.com/notices/detail/300388/AN202503181644519305.html
300388,节能国祯,节能国祯:2024年年度审计报告,审计报告,2025-03-19,https://data.eastmoney.com/notices/detail/300388/AN202503181644519276.html
300388,节能国祯,节能国祯:内部控制审计报告,审计报告,2025-03-19,https://data.eastmoney.com/notices/detail/300388/AN202503181644519290.html
300388,节能国祯,节能国祯:2024年度审计报告,审计报告,2025-03-19,https://data.eastmoney.com/notices/detail/300388/AN202503181644519279.html
300388,节能国祯,节能国祯:关于2024年度计提资产减值准备的公告,其他,2025-03-19,https://data.eastmoney.com/notices/detail/300388/AN202503181644519292.html
300388,节能国祯,节能国祯:2024年度内部控制评价报告,内部控制报告,2025-03-19,https://data.eastmoney.com/notices/detail/300388/AN202503181644519286.html
300388,节能国祯,节能国祯:2024年度监事会工作报告,其他,2025-03-19,https://data.eastmoney.com/notices/detail/300388/AN202503181644519296.html
300388,节能国祯,节能国祯:2024年度董事会工作报告,其他,2025-03-19,https://data.eastmoney.com/notices/detail/300388/AN202503181644519288.html
300388,节能国祯,节能国祯:关于召开2024年度业绩说明会并征集问题的公告,其他,2025-03-19,https://data.eastmoney.com/notices/detail/300388/AN202503181644519295.html
300388,节能国祯,节能国祯:会计政策变更情况专项说明的专项报告,专项说明/独立意见,2025-03-19,https://data.eastmoney.com/notices/detail/300388/AN202503181644519289.html
300388,节能国祯,节能国祯:2024年年度财务报告,年度财务报告,2025-03-19,https://data.eastmoney.com/notices/detail/300388/AN202503181644519280.html
300388,节能国祯,节能国祯:董事会对独董独立性评估的专项意见,专项说明/独立意见,2025-03-19,https://data.eastmoney.com/notices/detail/300388/AN202503181644519300.html
300388,节能国祯,节能国祯:2024年度财务决算报告,年度财务报告,2025-03-19,https://data.eastmoney.com/notices/detail/300388/AN202503181644519298.html
300388,节能国祯,节能国祯:2024年度对中节能财务有限公司的风险评估报告,其他,2025-03-19,https://data.eastmoney.com/notices/detail/300388/AN202503181644519287.html
300388,节能国祯,节能国祯:董事会审计委员会对会计师事务所2024年度履职情况评估及履行监督职责情况的报告,其他,2025-03-19,https://data.eastmoney.com/notices/detail/300388/AN202503181644519303.html
300388,节能国祯,节能国祯:2024年年度报告披露提示性公告,其他,2025-03-19,https://data.eastmoney.com/notices/detail/300388/AN202503181644519297.html
300388,节能国祯,节能国祯:涉及财务公司关联交易的专项说明,专项说明/独立意见,2025-03-19,https://data.eastmoney.com/notices/detail/300388/AN202503181644519277.html
300388,节能国祯,节能国祯:关联方占用资金情况专项报告,资金占用,2025-03-19,https://data.eastmoney.com/notices/detail/300388/AN202503181644519293.html
300388,节能国祯,节能国祯:关于累计诉讼、仲裁情况的公告,诉讼仲裁,2025-03-19,https://data.eastmoney.com/notices/detail/300388/AN202503181644519281.html
300388,节能国祯,节能国祯:关于向银行等金融机构申请综合授信额度的公告,借贷,2025-03-19,https://data.eastmoney.com/notices/detail/300388/AN202503181644519278.html
300388,节能国祯,节能国祯:监事会决议公告,监事会决议公告,2025-03-19,https://data.eastmoney.com/notices/detail/300388/AN202503181644519304.html
300388,节能国祯,节能国祯:监事会关于2024年度内部控制评价报告的核查意见,内部控制报告,2025-03-19,https://data.eastmoney.com/notices/detail/300388/AN202503181644519285.html
300388,节能国祯,节能国祯:关于确认2024年部分日常关联交易及预计2025年日常关联交易的公告,关联交易,2025-03-19,https://data.eastmoney.com/notices/detail/300388/AN202503181644519291.html
300388,节能国祯,节能国祯:关于会计政策变更的公告,其他,2025-03-19,https://data.eastmoney.com/notices/detail/300388/AN202503181644519283.html
300388,节能国祯,节能国祯:关于召开2024年年度股东大会通知的公告,召开股东大会通知,2025-03-19,https://data.eastmoney.com/notices/detail/300388/AN202503181644519301.html
300388,节能国祯,节能国祯:董事会决议公告,分配预案,2025-03-19,https://data.eastmoney.com/notices/detail/300388/AN202503181644519294.html
300388,节能国祯,节能国祯:2024年年度报告,年度报告全文,2025-03-19,https://data.eastmoney.com/notices/detail/300388/AN202503181644519274.html
300388,节能国祯,节能国祯:关于2024年度利润分配预案的公告,分配预案,2025-03-19,https://data.eastmoney.com/notices/detail/300388/AN202503181644519299.html
300388,节能国祯,节能国祯:2024年年度报告摘要,年度报告摘要,2025-03-19,https://data.eastmoney.com/notices/detail/300388/AN202503181644519284.html
600070,*ST富润,*ST富润:关于对浙江富润数字科技股份有限公司2024年度业绩预告更正事项的专项说明,专项说明/独立意见,2025-03-19,https://data.eastmoney.com/notices/detail/600070/AN202503181644519263.html
600070,*ST富润,*ST富润:关于公司股票可能被终止上市的风险提示公告,终止上市风险提示,2025-03-19,https://data.eastmoney.com/notices/detail/600070/AN202503181644519260.html
600070,*ST富润,*ST富润:关于上海证券交易所问询函的回复公告,回复问询函公告,2025-03-19,https://data.eastmoney.com/notices/detail/600070/AN202503181644519261.html
600070,*ST富润,*ST富润:2024年度业绩预告更正及致歉公告,致歉公告,2025-03-19,https://data.eastmoney.com/notices/detail/600070/AN202503181644519264.html
600070,*ST富润,*ST富润:尤尼泰振青会计师事务所(特殊普通合伙)《关于对浙江富润数字科技股份有限公司业绩预告相关事项的问询函》相关事项核查的专项说明,专项说明/独立意见,2025-03-19,https://data.eastmoney.com/notices/detail/600070/AN202503181644519262.html
600589,大位科技,大位科技:关于召开2024年年度股东会的通知,召开股东大会通知,2025-03-19,https://data.eastmoney.com/notices/detail/600589/AN202503181644517629.html
600589,大位科技,大位科技:董事会审计委员会2024年度履职情况报告,其他,2025-03-19,https://data.eastmoney.com/notices/detail/600589/AN202503181644517647.html
600589,大位科技,大位科技:大位数据科技(广东)集团股份有限公司内控审计报告-大华内字[2025]0011000034号,审计报告,2025-03-19,https://data.eastmoney.com/notices/detail/600589/AN202503181644517651.html
600589,大位科技,大位科技:2024年度会计师事务所履职情况评估报告,其他,2025-03-19,https://data.eastmoney.com/notices/detail/600589/AN202503181644517640.html
600589,大位科技,大位科技:关于变更办公地址的公告,公司办公地址变更,2025-03-19,https://data.eastmoney.com/notices/detail/600589/AN202503181644517634.html
600589,大位科技,大位科技:关于使用闲置自有资金进行委托理财的公告,委托（受托）事项,2025-03-19,https://data.eastmoney.com/notices/detail/600589/AN202503181644517648.html
600589,大位科技,大位科技:大位数据科技(广东)集团股份有限公司营业收入扣除事项的专项核查意见-大华核字[2025]0011001781号,保荐/核查意见,2025-03-19,https://data.eastmoney.com/notices/detail/600589/AN202503181644517633.html
600589,大位科技,大位科技:大位数据科技(广东)集团股份有限公司2024年度审计报告-大华审字[2025]号0011003237号,审计报告,2025-03-19,https://data.eastmoney.com/notices/detail/600589/AN202503181644517630.html
600589,大位科技,大位科技:第九届监事会第十七次会议决议公告,监事会决议公告,2025-03-19,https://data.eastmoney.com/notices/detail/600589/AN202503181644517631.html
600589,大位科技,大位科技:关于2024年度计提信用减值损失的公告,其他,2025-03-19,https://data.eastmoney.com/notices/detail/600589/AN202503181644517641.html
600589,大位科技,大位科技:关于公司2024年度“提质增效重回报”行动方案的评估报告,其他,2025-03-19,https://data.eastmoney.com/notices/detail/600589/AN202503181644517637.html
600589,大位科技,大位科技:关于2024年度拟不进行利润分配的公告,分配预案,2025-03-19,https://data.eastmoney.com/notices/detail/600589/AN202503181644517632.html
600589,大位科技,大位科技:2024年年度报告,年度报告全文,2025-03-19,https://data.eastmoney.com/notices/detail/600589/AN202503181644517646.html
600589,大位科技,大位科技:董事会审计委员会对会计师事务所2024年度履行监督职责情况报告,其他,2025-03-19,https://data.eastmoney.com/notices/detail/600589/AN202503181644517638.html
600589,大位科技,大位科技:关于未弥补亏损达到实收股本总额三分之一的公告,其他,2025-03-19,https://data.eastmoney.com/notices/detail/600589/AN202503181644517627.html
600589,大位科技,大位科技:关于2025年度日常关联交易预计的公告,关联交易,2025-03-19,https://data.eastmoney.com/notices/detail/600589/AN202503181644517643.html
600589,大位科技,大位科技:2024年独立董事述职报告-余超生(已离任),独立董事述职报告,2025-03-19,https://data.eastmoney.com/notices/detail/600589/AN202503181644517649.html
600589,大位科技,大位科技:2024年年度股东会会议材料,股东大会资料,2025-03-19,https://data.eastmoney.com/notices/detail/600589/AN202503181644517650.html
600589,大位科技,大位科技:大位数据科技(广东)集团股份有限公司控股股东及其他关联方资金占用情况-大华核字[2025]0011001782号,资金占用,2025-03-19,https://data.eastmoney.com/notices/detail/600589/AN202503181644517636.html
600589,大位科技,大位科技:2024年年度内部控制评价报告,内部控制报告,2025-03-19,https://data.eastmoney.com/notices/detail/600589/AN202503181644517635.html
600589,大位科技,大位科技:2024年独立董事述职报告-邓利君,独立董事述职报告,2025-03-19,https://data.eastmoney.com/notices/detail/600589/AN202503181644517645.html
600589,大位科技,大位科技:第九届董事会第三十九次会议决议公告,分配预案,2025-03-19,https://data.eastmoney.com/notices/detail/600589/AN202503181644517639.html
600589,大位科技,大位科技:董事会对独立董事独立性自查情况的专项意见,专项说明/独立意见,2025-03-19,https://data.eastmoney.com/notices/detail/600589/AN202503181644517642.html
600589,大位科技,大位科技:2024年独立董事述职报告-宗明,独立董事述职报告,2025-03-19,https://data.eastmoney.com/notices/detail/600589/AN202503181644517644.html
600589,大位科技,大位科技:2024年年度报告_摘要,年度报告摘要,2025-03-19,https://data.eastmoney.com/notices/detail/600589/AN202503181644517628.html
603920,世运电路,世运电路:股东会议事规则,议事规则/实施细则,2025-03-19,https://data.eastmoney.com/notices/detail/603920/AN202503181644517588.html
603920,世运电路,世运电路:提名委员会工作细则,议事规则/实施细则,2025-03-19,https://data.eastmoney.com/notices/detail/603920/AN202503181644517577.html
603920,世运电路,世运电路:对外担保制度,管理办法/制度,2025-03-19,https://data.eastmoney.com/notices/detail/603920/AN202503181644517580.html
603920,世运电路,世运电路:监事会议事规则,议事规则/实施细则,2025-03-19,https://data.eastmoney.com/notices/detail/603920/AN202503181644517572.html
603920,世运电路,世运电路:中信证券股份有限公司关于广东世运电路科技股份有限公司补充确认使用部分闲置募集资金进行现金管理的核查意见,保荐/核查意见,2025-03-19,https://data.eastmoney.com/notices/detail/603920/AN202503181644517568.html
603920,世运电路,世运电路:世运电路2025年第二次临时股东大会会议通知,召开股东大会通知,2025-03-19,https://data.eastmoney.com/notices/detail/603920/AN202503181644517576.html
603920,世运电路,世运电路:累积投票制实施细则,议事规则/实施细则,2025-03-19,https://data.eastmoney.com/notices/detail/603920/AN202503181644517575.html
603920,世运电路,世运电路:世运电路第五届董事会第二次会议决议公告,董事会决议公告,2025-03-19,https://data.eastmoney.com/notices/detail/603920/AN202503181644517587.html
603920,世运电路,世运电路:世运电路关于调整董事会专门委员会的公告,高管人员任职变动,2025-03-19,https://data.eastmoney.com/notices/detail/603920/AN202503181644517585.html
603920,世运电路,世运电路:关联交易制度,管理办法/制度,2025-03-19,https://data.eastmoney.com/notices/detail/603920/AN202503181644517569.html
603920,世运电路,世运电路:世运电路关于变更注册资本及修订《公司章程》的公告,公司章程修订,2025-03-19,https://data.eastmoney.com/notices/detail/603920/AN202503181644517579.html
603920,世运电路,世运电路:世运电路2025年第二次临时股东大会会议资料,股东大会资料,2025-03-19,https://data.eastmoney.com/notices/detail/603920/AN202503181644517573.html
603920,世运电路,世运电路:世运电路关于补充确认使用部分闲置募集资金进行现金管理的公告,投资理财,2025-03-19,https://data.eastmoney.com/notices/detail/603920/AN202503181644517574.html
603920,世运电路,世运电路:对外投资制度,管理办法/制度,2025-03-19,https://data.eastmoney.com/notices/detail/603920/AN202503181644517581.html
603920,世运电路,世运电路:战略与ESG委员会工作细则,议事规则/实施细则,2025-03-19,https://data.eastmoney.com/notices/detail/603920/AN202503181644517578.html
603920,世运电路,世运电路:世运电路第五届监事会第二次会议决议公告,监事会决议公告,2025-03-19,https://data.eastmoney.com/notices/detail/603920/AN202503181644517582.html
603920,世运电路,世运电路:薪酬与考核委员会工作细则,议事规则/实施细则,2025-03-19,https://data.eastmoney.com/notices/detail/603920/AN202503181644517571.html
603920,世运电路,世运电路:舆情管理制度,管理办法/制度,2025-03-19,https://data.eastmoney.com/notices/detail/603920/AN202503181644517583.html
603920,世运电路,世运电路:总经理工作细则,议事规则/实施细则,2025-03-19,https://data.eastmoney.com/notices/detail/603920/AN202503181644517589.html
603920,世运电路,世运电路:董事会议事规则,议事规则/实施细则,2025-03-19,https://data.eastmoney.com/notices/detail/603920/AN202503181644517584.html
603920,世运电路,世运电路:环境社会和治理(ESG)管理制度,管理办法/制度,2025-03-19,https://data.eastmoney.com/notices/detail/603920/AN202503181644517570.html
603920,世运电路,世运电路:广东世运电路科技股份有限公司章程(2025年3月),公司章程,2025-03-19,https://data.eastmoney.com/notices/detail/603920/AN202503181644517586.html
002151,北斗星通,北斗星通:北京北斗星通导航技术股份有限公司2025年员工持股计划管理办法,员工持股计划,2025-03-19,https://data.eastmoney.com/notices/detail/002151/AN202503181644516752.html
002151,北斗星通,北斗星通:董事会关于公司2025年员工持股计划草案合规性说明,员工持股计划,2025-03-19,https://data.eastmoney.com/notices/detail/002151/AN202503181644516753.html
002151,北斗星通,北斗星通:上海荣正企业咨询服务(集团)股份有限公司关于北京北斗星通导航技术股份有限公司2025年员工持股计划(草案)之独立财务顾问报告,保荐/核查意见,2025-03-19,https://data.eastmoney.com/notices/detail/002151/AN202503181644517557.html
002151,北斗星通,北斗星通:北京北斗星通导航技术股份有限公司2025年员工持股计划(草案),员工持股计划,2025-03-19,https://data.eastmoney.com/notices/detail/002151/AN202503181644517558.html
002151,北斗星通,北斗星通:北京海润天睿律师事务所关于北京北斗星通导航技术股份有限公司2025年员工持股计划的法律意见,法律意见书,2025-03-19,https://data.eastmoney.com/notices/detail/002151/AN202503181644517560.html
002151,北斗星通,北斗星通:第七届监事会第十二次会议相关审核意见,专项说明/独立意见,2025-03-19,https://data.eastmoney.com/notices/detail/002151/AN202503181644516755.html
002151,北斗星通,北斗星通:北京北斗星通导航技术股份有限公司2025年员工持股计划(草案)摘要,员工持股计划,2025-03-19,https://data.eastmoney.com/notices/detail/002151/AN202503181644517559.html
002151,北斗星通,北斗星通:第七届监事会第十二次会议决议公告,监事会决议公告,2025-03-19,https://data.eastmoney.com/notices/detail/002151/AN202503181644516754.html
002151,北斗星通,北斗星通:第七届董事会第十四次会议决议公告,董事会决议公告,2025-03-19,https://data.eastmoney.com/notices/detail/002151/AN202503181644517561.html
002151,北斗星通,北斗星通:关于召开2025年度第一次临时股东大会通知的公告,召开股东大会通知,2025-03-19,https://data.eastmoney.com/notices/detail/002151/AN202503181644516756.html
300159,新研股份,新研股份:深圳市他山企业管理咨询有限公司关于新疆机械研究院股份有限公司回购注销2023年限制性票激励计划授予的部分限制性股票事项的独立财务顾问报告,保荐/核查意见,2025-03-19,https://data.eastmoney.com/notices/detail/300159/AN202503181644516740.html
300159,新研股份,新研股份:董事会关于2024年度财务报告非标准审计意见的说明,专项说明/独立意见,2025-03-19,https://data.eastmoney.com/notices/detail/300159/AN202503181644516719.html
300159,新研股份,新研股份:2024年度内部控制自我评价及相关意见的公告,内部控制报告,2025-03-19,https://data.eastmoney.com/notices/detail/300159/AN202503181644516728.html
300159,新研股份,新研股份:关于续聘公司2025年度审计机构的公告,审计机构变更,2025-03-19,https://data.eastmoney.com/notices/detail/300159/AN202503181644516711.html
300159,新研股份,新研股份:关于2024年度计提资产减值准备的公告,其他,2025-03-19,https://data.eastmoney.com/notices/detail/300159/AN202503181644516726.html
300159,新研股份,新研股份:2024年度财务决算报告,年度财务报告,2025-03-19,https://data.eastmoney.com/notices/detail/300159/AN202503181644516712.html
300159,新研股份,新研股份:2024年度监事会工作报告,其他,2025-03-19,https://data.eastmoney.com/notices/detail/300159/AN202503181644516729.html
300159,新研股份,新研股份:关于回购注销2023年限制性股票激励计划授予的部分限制性股票的公告,回购进展情况,2025-03-19,https://data.eastmoney.com/notices/detail/300159/AN202503181644516731.html
300159,新研股份,新研股份:2024年度董事会工作报告,其他,2025-03-19,https://data.eastmoney.com/notices/detail/300159/AN202503181644516720.html
300159,新研股份,新研股份:关于2024年度不进行利润分配的专项说明公告,专项说明/独立意见,2025-03-19,https://data.eastmoney.com/notices/detail/300159/AN202503181644516735.html
300159,新研股份,新研股份:监事会决议公告,监事会决议公告,2025-03-19,https://data.eastmoney.com/notices/detail/300159/AN202503181644516727.html
300159,新研股份,新研股份:关于召开2024年度网上业绩说明会的公告,其他,2025-03-19,https://data.eastmoney.com/notices/detail/300159/AN202503181644516715.html
300159,新研股份,新研股份:关于子公司为控股子公司提供担保的公告,提供/对外担保公告,2025-03-19,https://data.eastmoney.com/notices/detail/300159/AN202503181644516730.html
300159,新研股份,新研股份:董事会决议公告,分配预案,2025-03-19,https://data.eastmoney.com/notices/detail/300159/AN202503181644516721.html
300159,新研股份,新研股份:关于召开2024年度股东会通知的公告,召开股东大会通知,2025-03-19,https://data.eastmoney.com/notices/detail/300159/AN202503181644516741.html
300159,新研股份,新研股份:营业收入扣除情况专项审核报告,保荐/核查意见,2025-03-19,https://data.eastmoney.com/notices/detail/300159/AN202503181644516717.html
300159,新研股份,新研股份:独立董事述职报告(龚巧莉),独立董事述职报告,2025-03-19,https://data.eastmoney.com/notices/detail/300159/AN202503181644516722.html
300159,新研股份,新研股份:内控审计报告,审计报告,2025-03-19,https://data.eastmoney.com/notices/detail/300159/AN202503181644516713.html
300159,新研股份,新研股份:2024年度财务报表发表非标审计意见的专项说明,专项说明/独立意见,2025-03-19,https://data.eastmoney.com/notices/detail/300159/AN202503181644516732.html
300159,新研股份,新研股份:独立董事述职报告(张小武),独立董事述职报告,2025-03-19,https://data.eastmoney.com/notices/detail/300159/AN202503181644516738.html
300159,新研股份,新研股份:回购注销2023年限制性股票激励计划授予的部分限制性股票之法律意见书,法律意见书,2025-03-19,https://data.eastmoney.com/notices/detail/300159/AN202503181644516723.html
300159,新研股份,新研股份:独立董事述职报告(孙文磊),独立董事述职报告,2025-03-19,https://data.eastmoney.com/notices/detail/300159/AN202503181644516734.html
300159,新研股份,新研股份:关于公司股票交易将被实施退市风险警示暨股票停牌一天的公告,实施退市风险警示,2025-03-19,https://data.eastmoney.com/notices/detail/300159/AN202503181644516718.html
300159,新研股份,新研股份:监事会关于回购注销2023年限制性股票激励计划授予的部分限制性股票事项的核查意见,股权激励进展公告,2025-03-19,https://data.eastmoney.com/notices/detail/300159/AN202503181644516716.html
300159,新研股份,新研股份:董事会审计委员会对会计师事务所2024年度履职情况评估报告和履行监督职责情况报告,其他,2025-03-19,https://data.eastmoney.com/notices/detail/300159/AN202503181644516736.html
300159,新研股份,新研股份:关于向关联股东借款展期暨关联交易的公告,借贷,2025-03-19,https://data.eastmoney.com/notices/detail/300159/AN202503181644516725.html
300159,新研股份,新研股份:董事会对独董独立性评估的专项意见,专项说明/独立意见,2025-03-19,https://data.eastmoney.com/notices/detail/300159/AN202503181644516739.html
300159,新研股份,新研股份:2024年年度报告摘要,年度报告摘要,2025-03-19,https://data.eastmoney.com/notices/detail/300159/AN202503181644516714.html
300159,新研股份,新研股份:2024年年度报告,年度报告全文,2025-03-19,https://data.eastmoney.com/notices/detail/300159/AN202503181644516724.html
300159,新研股份,新研股份:2024年年度审计报告,审计报告,2025-03-19,https://data.eastmoney.com/notices/detail/300159/AN202503181644516733.html
301067,显盈科技,显盈科技:关于首次公开发行前已发行股份上市流通的提示性公告,限售股份上市流通,2025-03-19,https://data.eastmoney.com/notices/detail/301067/AN202503181644516658.html
002537,海联金汇,海联金汇:独立董事公开征集投票权报告书,其他,2025-03-19,https://data.eastmoney.com/notices/detail/002537/AN202503181644514556.html
002537,海联金汇,海联金汇:2025年限制性股票激励计划实施考核管理办法,管理办法/制度,2025-03-19,https://data.eastmoney.com/notices/detail/002537/AN202503181644516663.html
002537,海联金汇,海联金汇:关于海联金汇科技股份有限公司2025年限制性股票激励计划(草案)的法律意见书,法律意见书,2025-03-19,https://data.eastmoney.com/notices/detail/002537/AN202503181644516662.html
002537,海联金汇,海联金汇:上市公司股权激励计划自查表,股权激励其他事项公告,2025-03-19,https://data.eastmoney.com/notices/detail/002537/AN202503181644514553.html
002537,海联金汇,海联金汇:监事会关于2025年限制性股票激励计划相关事项的核查意见,专项说明/独立意见,2025-03-19,https://data.eastmoney.com/notices/detail/002537/AN202503181644516659.html
002537,海联金汇,海联金汇:2025年限制性股票激励计划(草案),股权激励计划,2025-03-19,https://data.eastmoney.com/notices/detail/002537/AN202503181644514555.html
002537,海联金汇,海联金汇:关于对控股子公司增资并以控股子公司股权对外投资的公告,对外项目投资,2025-03-19,https://data.eastmoney.com/notices/detail/002537/AN202503181644516657.html
002537,海联金汇,海联金汇:2025年限制性股票激励计划(草案)摘要,股权激励计划摘要,2025-03-19,https://data.eastmoney.com/notices/detail/002537/AN202503181644516660.html
002537,海联金汇,海联金汇:关于召开公司2025年第一次临时股东大会通知的公告,召开股东大会通知,2025-03-19,https://data.eastmoney.com/notices/detail/002537/AN202503181644516661.html
002537,海联金汇,海联金汇:第五届董事会第二十五次(临时)会议决议公告,董事会决议公告,2025-03-19,https://data.eastmoney.com/notices/detail/002537/AN202503181644514554.html
002537,海联金汇,海联金汇:第五届监事会第二十一次(临时)会议决议公告,监事会决议公告,2025-03-19,https://data.eastmoney.com/notices/detail/002537/AN202503181644514551.html
002537,海联金汇,海联金汇:2025年限制性股票激励计划激励对象名单,股权激励对象名单,2025-03-19,https://data.eastmoney.com/notices/detail/002537/AN202503181644514552.html
600180,*ST瑞茂,瑞茂通:瑞茂通关于公司2025年度对外担保额度预计的进展公告,提供/对外担保公告,2025-03-19,https://data.eastmoney.com/notices/detail/600180/AN202503181644514534.html
600180,*ST瑞茂,瑞茂通:瑞茂通关于控股股东股份解除质押和办理质押的公告,股份质押、冻结,2025-03-19,https://data.eastmoney.com/notices/detail/600180/AN202503181644514535.html
688271,联影医疗,联影医疗:中信证券股份有限公司、中国国际金融股份有限公司关于上海联影医疗科技股份有限公司关于增加投资上海联影智能医疗科技有限公司0.70%股权暨关联交易的核查意见,保荐/核查意见,2025-03-19,https://data.eastmoney.com/notices/detail/688271/AN202503181644514502.html
688271,联影医疗,联影医疗:联影医疗第二届董事会独立董事第六次专门会议决议,董事会决议公告,2025-03-19,https://data.eastmoney.com/notices/detail/688271/AN202503181644514501.html
688271,联影医疗,联影医疗:联影医疗关于增加投资上海联影智能医疗科技有限公司0.70%股权暨关联交易的公告,关联交易,2025-03-19,https://data.eastmoney.com/notices/detail/688271/AN202503181644514500.html
688255,凯尔达,凯尔达:关于注销部分募集资金专户的公告,募集资金使用情况报告,2025-03-19,https://data.eastmoney.com/notices/detail/688255/AN202503181644514494.html
600418,江淮汽车,江淮汽车:江淮汽车关于向特定对象发行股票申请文件的审核问询函回复的提示性公告,回复问询函公告,2025-03-19,https://data.eastmoney.com/notices/detail/600418/AN202503181644514490.html
600418,江淮汽车,江淮汽车:关于安徽江淮汽车集团股份有限公司向特定对象发行股票申请文件的审核问询函的回复,回复问询函公告,2025-03-19,https://data.eastmoney.com/notices/detail/600418/AN202503181644514488.html
600418,江淮汽车,江淮汽车:上海市通力律师事务所关于安徽江淮汽车集团股份有限公司2024年度向特定对象发行A股股票之补充法律意见书(一),法律意见书,2025-03-19,https://data.eastmoney.com/notices/detail/600418/AN202503181644514489.html
600418,江淮汽车,江淮汽车:容诚会计师事务所(特殊普通合伙)关于安徽江淮汽车集团股份有限公司向特定对象发行股票申请文件的审核问询函的回复,会计师事务所问询函回复公告,2025-03-19,https://data.eastmoney.com/notices/detail/600418/AN202503181644514487.html
002105,信隆健康,信隆健康:关于2025年度继续开展远期外汇交易的公告,其他,2025-03-19,https://data.eastmoney.com/notices/detail/002105/AN202503181644512248.html
002105,信隆健康,信隆健康:第七届监事会第十二次会议决议公告,监事会决议公告,2025-03-19,https://data.eastmoney.com/notices/detail/002105/AN202503181644512249.html
002105,信隆健康,信隆健康:第七届董事会第十二次会议决议公告,董事会决议公告,2025-03-19,https://data.eastmoney.com/notices/detail/002105/AN202503181644512251.html
002105,信隆健康,信隆健康:2025年为天津信隆提供担保的公告,提供/对外担保公告,2025-03-19,https://data.eastmoney.com/notices/detail/002105/AN202503181644512250.html
603150,万朗磁塑,万朗磁塑:万朗磁塑持股5%以上股东减持股份计划公告,股东/实际控制人股份减持,2025-03-19,https://data.eastmoney.com/notices/detail/603150/AN202503181644512245.html
301616,浙江华业,浙江华业:首次公开发行股票并在创业板上市网上摇号中签结果公告,网上摇号中签结果公告,2025-03-19,https://data.eastmoney.com/notices/detail/301616/AN202503181644512182.html
688372,伟测科技,伟测科技:关于向银行申请2025年度综合授信额度的公告,借贷,2025-03-19,https://data.eastmoney.com/notices/detail/688372/AN202503181644510286.html
688372,伟测科技,伟测科技:关于拟购买土地使用权并投资建设上海总部基地项目的公告,收购出售资产/股权,2025-03-19,https://data.eastmoney.com/notices/detail/688372/AN202503181644510284.html
688372,伟测科技,伟测科技:关于全资子公司投资建设项目的公告,其他,2025-03-19,https://data.eastmoney.com/notices/detail/688372/AN202503181644510283.html
688372,伟测科技,伟测科技:关于召开2025年第一次临时股东大会的通知,召开股东大会通知,2025-03-19,https://data.eastmoney.com/notices/detail/688372/AN202503181644510282.html
688372,伟测科技,伟测科技:第二届董事会第十四次会议决议公告,董事会决议公告,2025-03-19,https://data.eastmoney.com/notices/detail/688372/AN202503181644510285.html
688372,伟测科技,伟测科技:平安证券股份有限公司关于上海伟测半导体科技股份有限公司为子公司提供担保额度预计的核查意见,保荐/核查意见,2025-03-19,https://data.eastmoney.com/notices/detail/688372/AN202503181644510287.html
688372,伟测科技,伟测科技:关于2025年度为子公司提供担保额度预计的公告,担保年度额度预计,2025-03-19,https://data.eastmoney.com/notices/detail/688372/AN202503181644510289.html
688372,伟测科技,伟测科技:第二届监事会第十四次会议决议公告,监事会决议公告,2025-03-19,https://data.eastmoney.com/notices/detail/688372/AN202503181644510288.html
688372,伟测科技,伟测科技:关于延长公司向不特定对象发行可转换公司债券股东大会决议有效期及授权有效期的公告,其他,2025-03-19,https://data.eastmoney.com/notices/detail/688372/AN202503181644510281.html
688148,芳源股份,芳源股份:芳源股份股东减持股份计划公告,股东/实际控制人股份减持,2025-03-19,https://data.eastmoney.com/notices/detail/688148/AN202503181644508645.html
603193,润本股份,润本股份:关于持股5%以上股东减持股份计划的公告,股东/实际控制人股份减持,2025-03-19,https://data.eastmoney.com/notices/detail/603193/AN202503181644508618.html
002578,闽发铝业,闽发铝业:关于持股5%以上股东减持股份的预披露公告,股东/实际控制人股份减持,2025-03-19,https://data.eastmoney.com/notices/detail/002578/AN202503181644508617.html
000722,湖南发展,湖南发展:关于筹划重大资产重组的停牌公告,停牌公告,2025-03-19,https://data.eastmoney.com/notices/detail/000722/AN202503181644508574.html
603759,海天股份,海天股份:海天股份关于公司控股股东权益变动触及1%整数倍的提示性公告,权益变动报告书,2025-03-19,https://data.eastmoney.com/notices/detail/603759/AN202503181644508561.html
603759,海天股份,海天股份:华西证券股份有限公司关于海天水务集团股份公司变更部分募集资金投资项目的核查意见,保荐/核查意见,2025-03-19,https://data.eastmoney.com/notices/detail/603759/AN202503181644508563.html
603759,海天股份,海天股份:海天股份2025年第三次临时股东大会通知,召开股东大会通知,2025-03-19,https://data.eastmoney.com/notices/detail/603759/AN202503181644508562.html
603759,海天股份,海天股份:海天股份第四届监事会第二十次会议决议公告,监事会决议公告,2025-03-19,https://data.eastmoney.com/notices/detail/603759/AN202503181644508564.html
603759,海天股份,海天股份:海天股份关于变更部分募集资金投资项目的公告,变更募集资金投资项目,2025-03-19,https://data.eastmoney.com/notices/detail/603759/AN202503181644508560.html
603759,海天股份,海天股份:海天股份第四届董事会第二十五次会议决议公告,董事会决议公告,2025-03-19,https://data.eastmoney.com/notices/detail/603759/AN202503181644508559.html
300294,博雅生物,博雅生物:公司章程(2025年3月),公司章程,2025-03-19,https://data.eastmoney.com/notices/detail/300294/AN202503181644508248.html
000426,兴业银锡,兴业银锡:关于持股5%以上股东减持计划的预披露公告,股东/实际控制人股份减持,2025-03-19,https://data.eastmoney.com/notices/detail/000426/AN202503181644508238.html
002685,华东重机,华东重机:关于股东减持计划期限届满暨减持结果的公告,股东/实际控制人股份减持,2025-03-19,https://data.eastmoney.com/notices/detail/002685/AN202503181644508228.html
300294,博雅生物,博雅生物:公司关于预计2025年度与关联方日常性关联交易额度的公告,关联交易,2025-03-19,https://data.eastmoney.com/notices/detail/300294/AN202503181644508225.html
300294,博雅生物,博雅生物:毕马威华振会计师事务所(特殊普通合伙)关于公司2024年度募集资金存放与使用情况鉴证报告,保荐/核查意见,2025-03-19,https://data.eastmoney.com/notices/detail/300294/AN202503181644508252.html
300294,博雅生物,博雅生物:公司2024年度独立董事述职报告(章卫东),独立董事述职报告,2025-03-19,https://data.eastmoney.com/notices/detail/300294/AN202503181644508243.html
300294,博雅生物,博雅生物:公司市值管理制度,管理办法/制度,2025-03-19,https://data.eastmoney.com/notices/detail/300294/AN202503181644508256.html
300294,博雅生物,博雅生物:公司关于2025年度续聘审计机构的公告,审计机构变更,2025-03-19,https://data.eastmoney.com/notices/detail/300294/AN202503181644508227.html
300294,博雅生物,博雅生物:公司关于举行2024年年度业绩说明会的公告,其他,2025-03-19,https://data.eastmoney.com/notices/detail/300294/AN202503181644508219.html
300294,博雅生物,博雅生物:公司关于2024年度利润分配预案的公告,分配预案,2025-03-19,https://data.eastmoney.com/notices/detail/300294/AN202503181644508233.html
300294,博雅生物,博雅生物:公司2024年度监事会工作报告,其他,2025-03-19,https://data.eastmoney.com/notices/detail/300294/AN202503181644508245.html
300294,博雅生物,博雅生物:公司2024年度董事会工作报告,其他,2025-03-19,https://data.eastmoney.com/notices/detail/300294/AN202503181644508254.html
300294,博雅生物,博雅生物:公司2024年年度非经营性资金占用及其他关联资金往来情况汇总表,资金占用,2025-03-19,https://data.eastmoney.com/notices/detail/300294/AN202503181644508226.html
300294,博雅生物,博雅生物:毕马威华振会计师事务所(特殊普通合伙)关于公司内部控制审计报告,审计报告,2025-03-19,https://data.eastmoney.com/notices/detail/300294/AN202503181644508235.html
300294,博雅生物,博雅生物:公司关于增加公司经营范围并修订《公司章程》的公告,公司经营范围变更,2025-03-19,https://data.eastmoney.com/notices/detail/300294/AN202503181644508218.html
300294,博雅生物,博雅生物:公司2024年度合规管理工作报告,保荐/核查意见,2025-03-19,https://data.eastmoney.com/notices/detail/300294/AN202503181644508224.html
300294,博雅生物,博雅生物:关于“质量回报双提升”行动方案的进展公告,其他,2025-03-19,https://data.eastmoney.com/notices/detail/300294/AN202503181644508255.html
300294,博雅生物,博雅生物:2024年年度审计报告,审计报告,2025-03-19,https://data.eastmoney.com/notices/detail/300294/AN202503181644508244.html
300294,博雅生物,博雅生物:2024年年度报告,年度报告全文,2025-03-19,https://data.eastmoney.com/notices/detail/300294/AN202503181644508234.html
300294,博雅生物,博雅生物:监事会决议公告,监事会决议公告,2025-03-19,https://data.eastmoney.com/notices/detail/300294/AN202503181644508223.html
300294,博雅生物,博雅生物:公司关于增补非独立董事及第八届董事会战略与ESG委员会委员的公告,高管人员任职变动,2025-03-19,https://data.eastmoney.com/notices/detail/300294/AN202503181644508242.html
300294,博雅生物,博雅生物:公司关于召开2024年年度股东大会的通知,召开股东大会通知,2025-03-19,https://data.eastmoney.com/notices/detail/300294/AN202503181644508253.html
300294,博雅生物,博雅生物:公司2024年度内部控制评价报告,内部控制报告,2025-03-19,https://data.eastmoney.com/notices/detail/300294/AN202503181644508216.html
300294,博雅生物,博雅生物:公司关于对会计师事务所2024年度履职情况评估报告及审计委员会对会计师事务所履行监督职责情况的报告,其他,2025-03-19,https://data.eastmoney.com/notices/detail/300294/AN202503181644508230.html
300294,博雅生物,博雅生物:公司2024年度独立董事述职报告(黄华生),独立董事述职报告,2025-03-19,https://data.eastmoney.com/notices/detail/300294/AN202503181644508247.html
300294,博雅生物,博雅生物:2024年年度财务报告,年度财务报告,2025-03-19,https://data.eastmoney.com/notices/detail/300294/AN202503181644508246.html
300294,博雅生物,博雅生物:公司2024年度财务决算报告,年度财务报告,2025-03-19,https://data.eastmoney.com/notices/detail/300294/AN202503181644508221.html
300294,博雅生物,博雅生物:公司2024年度总裁工作报告,其他,2025-03-19,https://data.eastmoney.com/notices/detail/300294/AN202503181644508251.html
300294,博雅生物,博雅生物:董事会决议公告,分配预案,2025-03-19,https://data.eastmoney.com/notices/detail/300294/AN202503181644508241.html
300294,博雅生物,博雅生物:公司2024年度募集资金存放与使用情况的专项报告,募集资金使用情况报告,2025-03-19,https://data.eastmoney.com/notices/detail/300294/AN202503181644508236.html
300294,博雅生物,博雅生物:中信证券股份有限公司关于公司2024年度募集资金存放与使用情况的专项核查意见,保荐/核查意见,2025-03-19,https://data.eastmoney.com/notices/detail/300294/AN202503181644508229.html
300294,博雅生物,博雅生物:董事会对独董独立性评估的专项意见,专项说明/独立意见,2025-03-19,https://data.eastmoney.com/notices/detail/300294/AN202503181644508239.html
300294,博雅生物,博雅生物:公司关于使用银行承兑汇票支付募集资金投资项目资金并以募集资金等额置换的公告,募集资金使用情况报告,2025-03-19,https://data.eastmoney.com/notices/detail/300294/AN202503181644508231.html
300294,博雅生物,博雅生物:公司2024年度独立董事述职报告(赵利),独立董事述职报告,2025-03-19,https://data.eastmoney.com/notices/detail/300294/AN202503181644508220.html
300294,博雅生物,博雅生物:公司关于2024年度计提资产减值准备的公告,其他,2025-03-19,https://data.eastmoney.com/notices/detail/300294/AN202503181644508237.html
300294,博雅生物,博雅生物:公司2024年度环境、社会及治理(ESG)报告,ESG公告,2025-03-19,https://data.eastmoney.com/notices/detail/300294/AN202503181644508250.html
300294,博雅生物,博雅生物:毕马威华振会计师事务所(特殊普通合伙)关于公司2024年度非经营性资金占用及其他关联资金往来情况的专项说明,专项说明/独立意见,2025-03-19,https://data.eastmoney.com/notices/detail/300294/AN202503181644508217.html
300294,博雅生物,博雅生物:2024年年度报告摘要,年度报告摘要,2025-03-19,https://data.eastmoney.com/notices/detail/300294/AN202503181644508249.html
605369,拱东医疗,拱东医疗:关于股东权益变动的提示性公告,权益变动报告书,2025-03-19,https://data.eastmoney.com/notices/detail/605369/AN202503181644508206.html
605369,拱东医疗,拱东医疗:简式权益变动报告书,权益变动报告书,2025-03-19,https://data.eastmoney.com/notices/detail/605369/AN202503181644508207.html
300720,海川智能,海川智能:简式权益变动报告书,权益变动报告书,2025-03-19,https://data.eastmoney.com/notices/detail/300720/AN202503181644508168.html
300720,海川智能,海川智能:详式权益变动报告书,权益变动报告书,2025-03-19,https://data.eastmoney.com/notices/detail/300720/AN202503181644508165.html
300720,海川智能,海川智能:国金证券股份有限公司关于广东海川智能机器股份有限公司详式权益变动报告书之财务顾问核查意见,保荐/核查意见,2025-03-19,https://data.eastmoney.com/notices/detail/300720/AN202503181644508167.html
300720,海川智能,海川智能:关于公司股票交易异常波动的公告,股票交易异常波动,2025-03-19,https://data.eastmoney.com/notices/detail/300720/AN202503181644508166.html
603559,中通国脉,*ST通脉:中通国脉通信股份有限公司关于上海证券交易所对公司2024年业绩预告相关事项的监管工作函回复的公告,监管工作函回复公告,2025-03-19,https://data.eastmoney.com/notices/detail/603559/AN202503181644507652.html
603559,中通国脉,*ST通脉:中通国脉通信股份有限公司关于选举第六届监事会职工代表监事的公告,高管人员任职变动,2025-03-19,https://data.eastmoney.com/notices/detail/603559/AN202503181644507651.html
002586,ST围海,*ST围海:股票交易异常波动公告,股票交易异常波动,2025-03-19,https://data.eastmoney.com/notices/detail/002586/AN202503181644507625.html
603199,九华旅游,九华旅游:九华旅游股东会议事规则(2025年3月修订),议事规则/实施细则,2025-03-19,https://data.eastmoney.com/notices/detail/603199/AN202503181644505833.html
603199,九华旅游,九华旅游:九华旅游2024年日常关联交易执行情况及2025年日常关联交易预计的公告,关联交易,2025-03-19,https://data.eastmoney.com/notices/detail/603199/AN202503181644507269.html
603199,九华旅游,九华旅游:九华旅游董事会审计委员会2024年度履职情况报告,其他,2025-03-19,https://data.eastmoney.com/notices/detail/603199/AN202503181644505840.html
603199,九华旅游,九华旅游:九华旅游公司章程(2025年3月修订),公司章程修订,2025-03-19,https://data.eastmoney.com/notices/detail/603199/AN202503181644505834.html
603199,九华旅游,九华旅游:九华旅游总经理工作细则,议事规则/实施细则,2025-03-19,https://data.eastmoney.com/notices/detail/603199/AN202503181644505831.html
603199,九华旅游,九华旅游:九华旅游第九届董事会独立董事候选人声明与承诺(史建设),独立董事候选人声明,2025-03-19,https://data.eastmoney.com/notices/detail/603199/AN202503181644507272.html
603199,九华旅游,九华旅游:九华旅游关于召开2024年度业绩说明会的公告,其他,2025-03-19,https://data.eastmoney.com/notices/detail/603199/AN202503181644507271.html
603199,九华旅游,九华旅游:九华旅游2024年度独立董事述职报告(周泽将),独立董事述职报告,2025-03-19,https://data.eastmoney.com/notices/detail/603199/AN202503181644505850.html
603199,九华旅游,九华旅游:九华旅游2024年度审计报告,审计报告,2025-03-19,https://data.eastmoney.com/notices/detail/603199/AN202503181644505847.html
603199,九华旅游,九华旅游:九华旅游第八届董事会第二十次会议决议公告,分配预案,2025-03-19,https://data.eastmoney.com/notices/detail/603199/AN202503181644507270.html
603199,九华旅游,九华旅游:九华旅游2024年度独立董事述职报告(汪早荣),独立董事述职报告,2025-03-19,https://data.eastmoney.com/notices/detail/603199/AN202503181644505843.html
603199,九华旅游,九华旅游:九华旅游关于修订《公司章程》的公告,公司章程修订,2025-03-19,https://data.eastmoney.com/notices/detail/603199/AN202503181644505841.html
603199,九华旅游,九华旅游:九华旅游第九届董事会独立董事候选人声明与承诺(杨辉),独立董事候选人声明,2025-03-19,https://data.eastmoney.com/notices/detail/603199/AN202503181644505853.html
603199,九华旅游,九华旅游:九华旅游董事会关于独立董事独立性情况的专项意见,专项说明/独立意见,2025-03-19,https://data.eastmoney.com/notices/detail/603199/AN202503181644505835.html
603199,九华旅游,九华旅游:九华旅游关于2024年度利润分配方案公告,分配预案,2025-03-19,https://data.eastmoney.com/notices/detail/603199/AN202503181644505839.html
603199,九华旅游,九华旅游:九华旅游独立董事关于公司2024年度对外担保专项说明及独立意见,专项说明/独立意见,2025-03-19,https://data.eastmoney.com/notices/detail/603199/AN202503181644507266.html
603199,九华旅游,九华旅游:九华旅游2024年年度报告摘要,年度报告摘要,2025-03-19,https://data.eastmoney.com/notices/detail/603199/AN202503181644507267.html
603199,九华旅游,九华旅游:九华旅游2024年年度股东大会会议资料,股东大会资料,2025-03-19,https://data.eastmoney.com/notices/detail/603199/AN202503181644505849.html
603199,九华旅游,九华旅游:九华旅游董事会议事规则(2025年3月修订),议事规则/实施细则,2025-03-19,https://data.eastmoney.com/notices/detail/603199/AN202503181644505846.html
603199,九华旅游,九华旅游:九华旅游董事会审计委员会工作细则(2025年3月修订),议事规则/实施细则,2025-03-19,https://data.eastmoney.com/notices/detail/603199/AN202503181644505837.html
603199,九华旅游,九华旅游:九华旅游2024年度会计师事务所履职情况评估报告,其他,2025-03-19,https://data.eastmoney.com/notices/detail/603199/AN202503181644507274.html
603199,九华旅游,九华旅游:九华旅游2024年度独立董事述职报告(史建设),独立董事述职报告,2025-03-19,https://data.eastmoney.com/notices/detail/603199/AN202503181644505842.html
603199,九华旅游,九华旅游:九华旅游关于会计政策变更的公告,其他,2025-03-19,https://data.eastmoney.com/notices/detail/603199/AN202503181644505854.html
603199,九华旅游,九华旅游:关于安徽九华山旅游发展股份有限公司非经营性资金占用及其他关联资金往来情况汇总表的专项审计报告,保荐/核查意见,2025-03-19,https://data.eastmoney.com/notices/detail/603199/AN202503181644505836.html
603199,九华旅游,九华旅游:九华旅游董事会审计委员会对会计师事务所2024年度履行监督职责情况报告,其他,2025-03-19,https://data.eastmoney.com/notices/detail/603199/AN202503181644505832.html
603199,九华旅游,九华旅游:九华旅游2024年度董事会工作报告,其他,2025-03-19,https://data.eastmoney.com/notices/detail/603199/AN202503181644507262.html
603199,九华旅游,九华旅游:九华旅游2024年度监事会工作报告,其他,2025-03-19,https://data.eastmoney.com/notices/detail/603199/AN202503181644507263.html
603199,九华旅游,九华旅游:九华旅游第九届董事会独立董事提名人声明与承诺(张琛),独立董事提名人声明,2025-03-19,https://data.eastmoney.com/notices/detail/603199/AN202503181644507275.html
603199,九华旅游,九华旅游:九华旅游关于变更会计师事务所的公告,审计机构变更,2025-03-19,https://data.eastmoney.com/notices/detail/603199/AN202503181644507257.html
603199,九华旅游,九华旅游:九华旅游第八届监事会第十五次会议决议公告,监事会决议公告,2025-03-19,https://data.eastmoney.com/notices/detail/603199/AN202503181644507261.html
603199,九华旅游,九华旅游:九华旅游第九届董事会独立董事提名人声明与承诺(杨辉),独立董事提名人声明,2025-03-19,https://data.eastmoney.com/notices/detail/603199/AN202503181644505844.html
603199,九华旅游,九华旅游:九华旅游关于召开2024年年度股东大会的通知,召开股东大会通知,2025-03-19,https://data.eastmoney.com/notices/detail/603199/AN202503181644505851.html
603199,九华旅游,九华旅游:九华旅游董事会提名委员会工作细则(2025年3月修订),议事规则/实施细则,2025-03-19,https://data.eastmoney.com/notices/detail/603199/AN202503181644507259.html
603199,九华旅游,九华旅游:九华旅游第九届董事会独立董事候选人声明与承诺(张琛),独立董事候选人声明,2025-03-19,https://data.eastmoney.com/notices/detail/603199/AN202503181644507273.html
603199,九华旅游,九华旅游:九华旅游2024年内部控制评价报告,内部控制报告,2025-03-19,https://data.eastmoney.com/notices/detail/603199/AN202503181644507258.html
603199,九华旅游,九华旅游:九华旅游2024年度内部控制审计报告,审计报告,2025-03-19,https://data.eastmoney.com/notices/detail/603199/AN202503181644505856.html
603199,九华旅游,九华旅游:九华旅游董事会薪酬与考核委员会工作细则(2025年3月修订),议事规则/实施细则,2025-03-19,https://data.eastmoney.com/notices/detail/603199/AN202503181644507268.html
603199,九华旅游,九华旅游:九华旅游2024年年度报告,年度报告全文,2025-03-19,https://data.eastmoney.com/notices/detail/603199/AN202503181644507260.html
603199,九华旅游,九华旅游:九华旅游第九届董事会独立董事提名人声明与承诺(史建设),独立董事提名人声明,2025-03-19,https://data.eastmoney.com/notices/detail/603199/AN202503181644507264.html
603199,九华旅游,九华旅游:九华旅游独立董事工作制度(2025年3月修订),管理办法/制度,2025-03-19,https://data.eastmoney.com/notices/detail/603199/AN202503181644505845.html
603199,九华旅游,九华旅游:九华旅游2024年度独立董事述职报告(张琛),独立董事述职报告,2025-03-19,https://data.eastmoney.com/notices/detail/603199/AN202503181644505838.html
603199,九华旅游,九华旅游:九华旅游关于使用部分闲置自有资金进行现金管理的公告,投资理财,2025-03-19,https://data.eastmoney.com/notices/detail/603199/AN202503181644505855.html
603199,九华旅游,九华旅游:九华旅游董事会战略委员会工作细则(2025年3月修订),议事规则/实施细则,2025-03-19,https://data.eastmoney.com/notices/detail/603199/AN202503181644507265.html
603199,九华旅游,九华旅游:九华旅游独立董事专门会议制度(2025年3月修订),管理办法/制度,2025-03-19,https://data.eastmoney.com/notices/detail/603199/AN202503181644505852.html
603199,九华旅游,九华旅游:九华旅游2024年度独立董事述职报告(杨辉),独立董事述职报告,2025-03-19,https://data.eastmoney.com/notices/detail/603199/AN202503181644505848.html
688615,合合信息,合合信息:中国国际金融股份有限公司关于上海合合信息科技股份有限公司首次公开发行网下配售限售股上市流通的核查意见,保荐/核查意见,2025-03-19,https://data.eastmoney.com/notices/detail/688615/AN202503181644505828.html
688615,合合信息,合合信息:上海合合信息科技股份有限公司首次公开发行网下配售限售股上市流通公告,限售股份上市流通,2025-03-19,https://data.eastmoney.com/notices/detail/688615/AN202503181644505827.html
603557,*ST起步,ST起步:关于变更公司办公地址的公告,公司办公地址变更,2025-03-19,https://data.eastmoney.com/notices/detail/603557/AN202503181644505810.html
688596,正帆科技,正帆科技:向不特定对象发行可转换公司债券网上中签率及优先配售结果公告,其他,2025-03-19,https://data.eastmoney.com/notices/detail/688596/AN202503181644505809.html
002073,软控股份,软控股份:关于回购注销部分限制性股票完成的公告,股本变动,2025-03-19,https://data.eastmoney.com/notices/detail/002073/AN202503181644505789.html
600777,新潮能源,ST新潮:关于要约收购事项的进展公告,收购出售资产/股权,2025-03-19,https://data.eastmoney.com/notices/detail/600777/AN202503181644505778.html
601003,柳钢股份,柳钢股份:柳钢股份2025年第二次临时股东大会决议公告,股东大会决议公告,2025-03-19,https://data.eastmoney.com/notices/detail/601003/AN202503181644505775.html
002497,雅化集团,雅化集团:关于2025年员工持股计划非交易过户完成的公告,员工持股计划,2025-03-19,https://data.eastmoney.com/notices/detail/002497/AN202503181644505767.html
603061,金海通,金海通:关于天津金海通半导体设备股份有限公司非经营性资金占用及其他关联资金往来情况汇总表的专项审计报告,保荐/核查意见,2025-03-19,https://data.eastmoney.com/notices/detail/603061/AN202503181644504844.html
603061,金海通,金海通:2024年年度报告摘要,年度报告摘要,2025-03-19,https://data.eastmoney.com/notices/detail/603061/AN202503181644504825.html
603061,金海通,金海通:天津金海通半导体设备股份有限公司董事会审计委员会对会计师事务所履行监督职责情况的报告,其他,2025-03-19,https://data.eastmoney.com/notices/detail/603061/AN202503181644504835.html
603061,金海通,金海通:2024年度独立董事述职报告(石建宾),独立董事述职报告,2025-03-19,https://data.eastmoney.com/notices/detail/603061/AN202503181644504845.html
603061,金海通,金海通:海通证券股份有限公司关于天津金海通半导体设备股份有限公司2024年度持续督导现场检查报告,保荐/核查意见,2025-03-19,https://data.eastmoney.com/notices/detail/603061/AN202503181644504822.html
603061,金海通,金海通:关于2024年度利润分配方案的公告,分配预案,2025-03-19,https://data.eastmoney.com/notices/detail/603061/AN202503181644504843.html
603061,金海通,金海通:天津金海通半导体设备股份有限公司对会计师事务所履职情况的评估报告,其他,2025-03-19,https://data.eastmoney.com/notices/detail/603061/AN202503181644504834.html
603061,金海通,金海通:2024年度内部控制自我评价报告,内部控制报告,2025-03-19,https://data.eastmoney.com/notices/detail/603061/AN202503181644504831.html
603061,金海通,金海通:董事会对独立董事独立性情况评估的专项意见,专项说明/独立意见,2025-03-19,https://data.eastmoney.com/notices/detail/603061/AN202503181644504826.html
603061,金海通,金海通:关于召开2024年度业绩暨现金分红说明会的公告,其他,2025-03-19,https://data.eastmoney.com/notices/detail/603061/AN202503181644504833.html
603061,金海通,金海通:海通证券股份有限公司关于天津金海通半导体设备股份有限公司2024年度募集资金存放与使用情况的核查意见,保荐/核查意见,2025-03-19,https://data.eastmoney.com/notices/detail/603061/AN202503181644504846.html
603061,金海通,金海通:海通证券股份有限公司关于天津金海通半导体设备股份有限公司2024年度持续督导年度报告书,保荐/核查意见,2025-03-19,https://data.eastmoney.com/notices/detail/603061/AN202503181644504823.html
603061,金海通,金海通:2024年年度报告,年度报告全文,2025-03-19,https://data.eastmoney.com/notices/detail/603061/AN202503181644504830.html
603061,金海通,金海通:董事会审计委员会2024年度履职情况报告,其他,2025-03-19,https://data.eastmoney.com/notices/detail/603061/AN202503181644504832.html
603061,金海通,金海通:2024年度募集资金存放与实际使用情况的专项报告,募集资金使用情况报告,2025-03-19,https://data.eastmoney.com/notices/detail/603061/AN202503181644504842.html
603061,金海通,金海通:第二届董事会第十二次会议决议公告,分配预案,2025-03-19,https://data.eastmoney.com/notices/detail/603061/AN202503181644504847.html
603061,金海通,金海通:2024年度独立董事述职报告(李治国),独立董事述职报告,2025-03-19,https://data.eastmoney.com/notices/detail/603061/AN202503181644504838.html
603061,金海通,金海通:关于会计政策变更的公告,其他,2025-03-19,https://data.eastmoney.com/notices/detail/603061/AN202503181644504829.html
603061,金海通,金海通:募集资金存放与实际使用情况鉴证报告,保荐/核查意见,2025-03-19,https://data.eastmoney.com/notices/detail/603061/AN202503181644504837.html
603061,金海通,金海通:关于使用部分闲置自有资金购买理财产品的公告,投资理财,2025-03-19,https://data.eastmoney.com/notices/detail/603061/AN202503181644504839.html
603061,金海通,金海通:关于2024年度计提信用及资产减值准备的公告,其他,2025-03-19,https://data.eastmoney.com/notices/detail/603061/AN202503181644504840.html
603061,金海通,金海通:2024年度内部控制审计报告,审计报告,2025-03-19,https://data.eastmoney.com/notices/detail/603061/AN202503181644504821.html
603061,金海通,金海通:关于召开2024年年度股东大会的通知,召开股东大会通知,2025-03-19,https://data.eastmoney.com/notices/detail/603061/AN202503181644504836.html
603061,金海通,金海通:2024年度独立董事述职报告(孙晓伟),独立董事述职报告,2025-03-19,https://data.eastmoney.com/notices/detail/603061/AN202503181644504841.html
603061,金海通,金海通:第二届监事会第九次会议决议公告,监事会决议公告,2025-03-19,https://data.eastmoney.com/notices/detail/603061/AN202503181644504824.html
603061,金海通,金海通:关于续聘2025年度外部审计机构的公告,审计机构变更,2025-03-19,https://data.eastmoney.com/notices/detail/603061/AN202503181644504827.html
603061,金海通,金海通:2024年度审计报告,审计报告,2025-03-19,https://data.eastmoney.com/notices/detail/603061/AN202503181644504828.html
000876,新希望,新希望:独立董事候选人声明与承诺(王佳芬),独立董事候选人声明,2025-03-19,https://data.eastmoney.com/notices/detail/000876/AN202503181644504767.html
000876,新希望,新希望:独立董事提名人声明与承诺(谢佳扬),独立董事提名人声明,2025-03-19,https://data.eastmoney.com/notices/detail/000876/AN202503181644504771.html
000876,新希望,新希望:独立董事候选人声明与承诺(谢佳扬),独立董事候选人声明,2025-03-19,https://data.eastmoney.com/notices/detail/000876/AN202503181644504777.html
000876,新希望,新希望:独立董事提名人声明与承诺(彭龙),独立董事提名人声明,2025-03-19,https://data.eastmoney.com/notices/detail/000876/AN202503181644504772.html
000876,新希望,新希望:独立董事提名人声明与承诺(王佳芬),独立董事提名人声明,2025-03-19,https://data.eastmoney.com/notices/detail/000876/AN202503181644504770.html
000876,新希望,新希望:独立董事候选人声明与承诺(彭龙),独立董事候选人声明,2025-03-19,https://data.eastmoney.com/notices/detail/000876/AN202503181644504768.html
000876,新希望,新希望:北京中伦(成都)律师事务所关于新希望六和股份有限公司回购注销2022年限制性股票激励计划部分限制性股票相关事项的法律意见书,法律意见书,2025-03-19,https://data.eastmoney.com/notices/detail/000876/AN202503181644504773.html
000876,新希望,新希望:第九届监事会第二十七次会议决议公告,高管人员任职变动,2025-03-19,https://data.eastmoney.com/notices/detail/000876/AN202503181644504766.html
000876,新希望,新希望:关于公司第九届监事会第二十七次会议相关事项的审核意见,专项说明/独立意见,2025-03-19,https://data.eastmoney.com/notices/detail/000876/AN202503181644504774.html
000876,新希望,新希望:关于回购注销2022年限制性股票激励计划部分限制性股票的公告,回购进展情况,2025-03-19,https://data.eastmoney.com/notices/detail/000876/AN202503181644504776.html
000876,新希望,新希望:第九届董事会第四十一次会议决议公告,高管人员任职变动,2025-03-19,https://data.eastmoney.com/notices/detail/000876/AN202503181644504769.html
000876,新希望,新希望:关于召开2025年第一次临时股东大会的通知,召开股东大会通知,2025-03-19,https://data.eastmoney.com/notices/detail/000876/AN202503181644504775.html
603139,康惠股份,康惠制药:康惠制药股票交易异常波动的公告,股票交易异常波动,2025-03-19,https://data.eastmoney.com/notices/detail/603139/AN202503181644503750.html
603139,康惠股份,康惠制药:康惠制药关于筹划控制权变更事项的停牌公告,停牌公告,2025-03-19,https://data.eastmoney.com/notices/detail/603139/AN202503181644503749.html
603139,康惠股份,康惠制药:控股股东及实际控制人关于康惠制药股票交易异常波动的回函,股票交易异常波动,2025-03-19,https://data.eastmoney.com/notices/detail/603139/AN202503181644503751.html
600713,南京医药,南京医药:南京医药关于获得金融机构股票回购贷款支持的公告,获得补贴（资助）,2025-03-19,https://data.eastmoney.com/notices/detail/600713/AN202503181644503717.html
600713,南京医药,南京医药:南京医药2025年度第二期超短期融资券发行结果公告,其他,2025-03-19,https://data.eastmoney.com/notices/detail/600713/AN202503181644503716.html
603609,禾丰股份,禾丰股份:禾丰股份股东减持股份计划公告,股东/实际控制人股份减持,2025-03-19,https://data.eastmoney.com/notices/detail/603609/AN202503181644503685.html
300351,永贵电器,永贵电器:向不特定对象发行可转换公司债券发行结果公告,其他,2025-03-19,https://data.eastmoney.com/notices/detail/300351/AN202503181644502254.html
601028,玉龙股份,玉龙股份:关于控股股东筹划重大事项申请停牌的公告,停牌公告,2025-03-19,https://data.eastmoney.com/notices/detail/601028/AN202503181644502247.html
601028,玉龙股份,玉龙股份:关于公司收到欠税约谈警示通知的公告,其他,2025-03-19,https://data.eastmoney.com/notices/detail/601028/AN202503181644502246.html
601028,玉龙股份,玉龙股份:关于公司办公场所迁址的公告,公司办公地址变更,2025-03-19,https://data.eastmoney.com/notices/detail/601028/AN202503181644502248.html
000040,*ST旭蓝,*ST旭蓝:关于公司股票存在可能因股价低于面值被终止上市的第三次风险提示公告,终止上市风险提示,2025-03-19,https://data.eastmoney.com/notices/detail/000040/AN202503181644502228.html
002729,好利科技,好利科技:关于持股5%以上股东股份减持计划的预披露公告,股东/实际控制人股份减持,2025-03-19,https://data.eastmoney.com/notices/detail/002729/AN202503181644502220.html
002724,海洋王,海洋王:关于股票交易异常波动公告,股票交易异常波动,2025-03-19,https://data.eastmoney.com/notices/detail/002724/AN202503181644502197.html
688345,博力威,博力威:广东博力威科技股份有限公司关于公司提起诉讼的公告,诉讼仲裁,2025-03-19,https://data.eastmoney.com/notices/detail/688345/AN202503181644501149.html
000039,中集集团,中集集团:中国国际海运集装箱(集团)股份有限公司关于与招商工业集团有限公司2025-2027年度日常关联交易预计情况的公告,关联交易,2025-03-19,https://data.eastmoney.com/notices/detail/000039/AN202503181644501131.html
000039,中集集团,中集集团:中国国际海运集装箱(集团)股份有限公司关于第十届董事会二〇二五年度第六次会议决议的公告,董事会决议公告,2025-03-19,https://data.eastmoney.com/notices/detail/000039/AN202503181644501130.html
600406,国电南瑞,国电南瑞:国电南瑞关于2021年限制性股票激励计划暂缓授予第一期解锁暨上市的公告,限售股份上市流通,2025-03-19,https://data.eastmoney.com/notices/detail/600406/AN202503181644501127.html
300918,南山智尚,南山智尚:关于控股股东持股比例因可转换公司债券转股被动稀释的提示性公告,其他,2025-03-19,https://data.eastmoney.com/notices/detail/300918/AN202503181644501105.html
603007,顺景科技,ST花王:关于股票交易异常波动的公告,股票交易异常波动,2025-03-19,https://data.eastmoney.com/notices/detail/603007/AN202503181644501100.html
603007,顺景科技,ST花王:关于股东大会开设网络投票提示服务的公告,其他,2025-03-19,https://data.eastmoney.com/notices/detail/603007/AN202503181644501098.html
603007,顺景科技,ST花王:关于《花王生态工程股份有限公司关于股票交易异常波动有关事项的问询函》的回函,回复问询函公告,2025-03-19,https://data.eastmoney.com/notices/detail/603007/AN202503181644501099.html
600185,珠免集团,格力地产:关于控股股东部分股权质押解除及再质押的公告,股份质押、冻结,2025-03-19,https://data.eastmoney.com/notices/detail/600185/AN202503181644501092.html
600185,珠免集团,格力地产:关于拟变更公司名称、证券简称、经营范围及修订公司《章程》的公告,证券简称变更,2025-03-19,https://data.eastmoney.com/notices/detail/600185/AN202503181644501094.html
600185,珠免集团,格力地产:董事会决议公告,董事会决议公告,2025-03-19,https://data.eastmoney.com/notices/detail/600185/AN202503181644501096.html
600185,珠免集团,格力地产:章程,公司章程,2025-03-19,https://data.eastmoney.com/notices/detail/600185/AN202503181644501095.html
600185,珠免集团,格力地产:关于召开2025年第二次临时股东大会的通知,召开股东大会通知,2025-03-19,https://data.eastmoney.com/notices/detail/600185/AN202503181644501093.html
603315,福鞍股份,福鞍股份:福鞍股份实际控制人关于股票交易异常波动的回函,股票交易异常波动,2025-03-19,https://data.eastmoney.com/notices/detail/603315/AN202503181644501085.html
603315,福鞍股份,福鞍股份:福鞍股份控股股东关于股票交易异常波动的回函,股票交易异常波动,2025-03-19,https://data.eastmoney.com/notices/detail/603315/AN202503181644501086.html
603315,福鞍股份,福鞍股份:福鞍股份股票交易异常波动公告,股票交易异常波动,2025-03-19,https://data.eastmoney.com/notices/detail/603315/AN202503181644501084.html
002860,星帅尔,星帅尔:关于回购股份方案的公告,回购预案,2025-03-19,https://data.eastmoney.com/notices/detail/002860/AN202503181644501062.html
002860,星帅尔,星帅尔:锦天城关于星帅尔提前赎回可转换公司债券的法律意见书,其他,2025-03-19,https://data.eastmoney.com/notices/detail/002860/AN202503181644501060.html
002860,星帅尔,星帅尔:国投证券股份有限公司关于杭州星帅尔电器股份有限公司提前赎回星帅转2的核查意见,保荐/核查意见,2025-03-19,https://data.eastmoney.com/notices/detail/002860/AN202503181644501061.html
002860,星帅尔,星帅尔:关于提前赎回星帅转2的公告,其他,2025-03-19,https://data.eastmoney.com/notices/detail/002860/AN202503181644501063.html
002860,星帅尔,星帅尔:第五届董事会第十九次会议决议公告,董事会决议公告,2025-03-19,https://data.eastmoney.com/notices/detail/002860/AN202503181644501059.html
605499,东鹏饮料,东鹏饮料:东鹏饮料(集团)股份有限公司关于使用部分闲置募集资金进行现金管理到期赎回并继续进行现金管理的公告,投资理财,2025-03-19,https://data.eastmoney.com/notices/detail/605499/AN202503181644500056.html
603956,威派格,威派格:威派格关于实施“威派转债”赎回暨摘牌的第三次提示性公告,其他,2025-03-19,https://data.eastmoney.com/notices/detail/603956/AN202503181644501057.html
603956,威派格,威派格:威派格关于“威派转债”转股数量累计达到转股前公司已发行股份总额10%的公告,其他,2025-03-19,https://data.eastmoney.com/notices/detail/603956/AN202503181644501058.html
605499,东鹏饮料,东鹏饮料:东鹏饮料(集团)股份有限公司关于召开2024年度业绩说明会的公告,其他,2025-03-19,https://data.eastmoney.com/notices/detail/605499/AN202503181644500055.html
603912,佳力图,佳力图:佳力图关于公司及子公司使用部分闲置非公开发行股票募集资金进行现金管理到期赎回的公告,投资理财,2025-03-19,https://data.eastmoney.com/notices/detail/603912/AN202503181644500044.html
002812,恩捷股份,恩捷股份:关于公司合并报表范围内提供担保的进展公告,提供/对外担保公告,2025-03-19,https://data.eastmoney.com/notices/detail/002812/AN202503181644500052.html
000506,招金黄金,*ST中润:关于借款调整暨关联交易的公告,借贷,2025-03-19,https://data.eastmoney.com/notices/detail/000506/AN202503181644500049.html
000506,招金黄金,*ST中润:第十届董事会第二十八次会议决议公告,高管人员任职变动,2025-03-19,https://data.eastmoney.com/notices/detail/000506/AN202503181644500050.html
000506,招金黄金,*ST中润:关于召开2025年第三次临时股东大会的通知,召开股东大会通知,2025-03-19,https://data.eastmoney.com/notices/detail/000506/AN202503181644500051.html
000506,招金黄金,*ST中润:关于拟变更会计师事务所的公告,审计机构变更,2025-03-19,https://data.eastmoney.com/notices/detail/000506/AN202503181644500036.html
600189,泉阳泉,泉阳泉:关于收到政府补助的公告,获得补贴（资助）,2025-03-19,https://data.eastmoney.com/notices/detail/600189/AN202503181644500037.html
603797,联泰环保,联泰环保:关于控股股东部分股份解除质押的公告,股份质押、冻结,2025-03-19,https://data.eastmoney.com/notices/detail/603797/AN202503181644500024.html
688582,芯动联科,芯动联科:关于制定《市值管理制度》的公告,管理办法/制度,2025-03-19,https://data.eastmoney.com/notices/detail/688582/AN202503181644500004.html
600730,*ST高科,中国高科:中国高科2024年内部控制审计报告,审计报告,2025-03-19,https://data.eastmoney.com/notices/detail/600730/AN202503181644500002.html
600730,*ST高科,中国高科:中国高科关于召开2024年年度股东大会的通知,召开股东大会通知,2025-03-19,https://data.eastmoney.com/notices/detail/600730/AN202503181644499989.html
600730,*ST高科,中国高科:中国高科非经常性损益明细鉴证报告,保荐/核查意见,2025-03-19,https://data.eastmoney.com/notices/detail/600730/AN202503181644499986.html
600730,*ST高科,中国高科:中国高科关于2025年度公司及控股子公司购买理财产品的公告,投资理财,2025-03-19,https://data.eastmoney.com/notices/detail/600730/AN202503181644499995.html
600730,*ST高科,中国高科:中国高科2024年年度报告摘要,年度报告摘要,2025-03-19,https://data.eastmoney.com/notices/detail/600730/AN202503181644499983.html
600730,*ST高科,中国高科:中国高科独立董事2024年度述职报告-韩斌,独立董事述职报告,2025-03-19,https://data.eastmoney.com/notices/detail/600730/AN202503181644499999.html
600730,*ST高科,中国高科:中国高科非经营性资金占用及其他关联资金往来情况专项说明,专项说明/独立意见,2025-03-19,https://data.eastmoney.com/notices/detail/600730/AN202503181644499996.html
600730,*ST高科,中国高科:中国高科独立董事2024年度述职报告-黄震,独立董事述职报告,2025-03-19,https://data.eastmoney.com/notices/detail/600730/AN202503181644499994.html
600730,*ST高科,中国高科:中国高科第十届董事会第十二次会议决议公告,分配预案,2025-03-19,https://data.eastmoney.com/notices/detail/600730/AN202503181644499982.html
600730,*ST高科,中国高科:中国高科董事会审计委员会2024年度履职情况报告,其他,2025-03-19,https://data.eastmoney.com/notices/detail/600730/AN202503181644499993.html
600730,*ST高科,中国高科:中国高科第十届监事会第九次会议决议公告,监事会决议公告,2025-03-19,https://data.eastmoney.com/notices/detail/600730/AN202503181644499998.html
600730,*ST高科,中国高科:中国高科关于公司2025年度董事、高级管理人员薪酬方案的公告,其他,2025-03-19,https://data.eastmoney.com/notices/detail/600730/AN202503181644499990.html
600730,*ST高科,中国高科:中国高科关于会计政策变更的公告,其他,2025-03-19,https://data.eastmoney.com/notices/detail/600730/AN202503181644499992.html
600730,*ST高科,中国高科:中国高科关于2025年度日常关联交易的公告,关联交易,2025-03-19,https://data.eastmoney.com/notices/detail/600730/AN202503181644499987.html
600730,*ST高科,中国高科:中国高科独立董事2024年度述职报告-张博,独立董事述职报告,2025-03-19,https://data.eastmoney.com/notices/detail/600730/AN202503181644499985.html
600730,*ST高科,中国高科:中国高科2024年年度报告,年度报告全文,2025-03-19,https://data.eastmoney.com/notices/detail/600730/AN202503181644499991.html
600730,*ST高科,中国高科:中国高科董事会对独立董事独立性自查情况的专项报告,自查报告,2025-03-19,https://data.eastmoney.com/notices/detail/600730/AN202503181644499997.html
600730,*ST高科,中国高科:中国高科2024年内部控制评价报告,内部控制报告,2025-03-19,https://data.eastmoney.com/notices/detail/600730/AN202503181644499988.html
600730,*ST高科,中国高科:中国高科2024年会计师事务所履职情况评估报告,其他,2025-03-19,https://data.eastmoney.com/notices/detail/600730/AN202503181644500001.html
600730,*ST高科,中国高科:中国高科2024年度审计报告,审计报告,2025-03-19,https://data.eastmoney.com/notices/detail/600730/AN202503181644500000.html
600730,*ST高科,中国高科:中国高科关于2024年度利润分配预案的公告,分配预案,2025-03-19,https://data.eastmoney.com/notices/detail/600730/AN202503181644500003.html
600730,*ST高科,中国高科:中国高科董事会审计委员会2024年度对会计师事务所履行监督职责情况报告,其他,2025-03-19,https://data.eastmoney.com/notices/detail/600730/AN202503181644499984.html
002306,ST云网,中科云网:股票交易异常波动公告,股票交易异常波动,2025-03-19,https://data.eastmoney.com/notices/detail/002306/AN202503181644499962.html
600428,中远海特,中远海特:中远海运特种运输股份有限公司关于股东权益变动的提示性公告,权益变动报告书,2025-03-19,https://data.eastmoney.com/notices/detail/600428/AN202503181644499251.html
600428,中远海特,中远海特:中远海运特种运输股份有限公司向特定对象发行A股股票上市公告书,增发上市公告书,2025-03-19,https://data.eastmoney.com/notices/detail/600428/AN202503181644499247.html
600428,中远海特,中远海特:中远海运特种运输股份有限公司关于向特定对象发行股票结果暨股本变动公告,增发发行结果公告,2025-03-19,https://data.eastmoney.com/notices/detail/600428/AN202503181644499250.html
600428,中远海特,中远海特:中远海运特种运输股份有限公司简式权益变动报告书,权益变动报告书,2025-03-19,https://data.eastmoney.com/notices/detail/600428/AN202503181644499249.html
600428,中远海特,中远海特:中信建投证券股份有限公司关于中远海运特种运输股份有限公司向特定对象发行股票之上市保荐书,上市保荐书,2025-03-19,https://data.eastmoney.com/notices/detail/600428/AN202503181644499248.html
600807,济高发展,济高发展:独立董事提名人声明与承诺(娄红祥),独立董事提名人声明,2025-03-19,https://data.eastmoney.com/notices/detail/600807/AN202503181644499231.html
600807,济高发展,济高发展:济高发展关于召开2025年第二次临时股东大会的通知,召开股东大会通知,2025-03-19,https://data.eastmoney.com/notices/detail/600807/AN202503181644499224.html
600807,济高发展,济高发展:济高发展第十一届董事会第二十次临时会议决议公告,高管人员任职变动,2025-03-19,https://data.eastmoney.com/notices/detail/600807/AN202503181644499226.html
600250,南京商旅,南京商旅:南京商旅关于中期票据获准注册的公告,其他,2025-03-19,https://data.eastmoney.com/notices/detail/600250/AN202503181644499228.html
600807,济高发展,济高发展:独立董事候选人声明与承诺(管伟),独立董事候选人声明,2025-03-19,https://data.eastmoney.com/notices/detail/600807/AN202503181644499227.html
600807,济高发展,济高发展:独立董事提名人声明与承诺(管伟),独立董事提名人声明,2025-03-19,https://data.eastmoney.com/notices/detail/600807/AN202503181644499225.html
600807,济高发展,济高发展:独立董事候选人声明与承诺(娄红祥),独立董事候选人声明,2025-03-19,https://data.eastmoney.com/notices/detail/600807/AN202503181644499229.html
002932,*ST明德,明德生物:对外投资进展公告,对外项目投资,2025-03-19,https://data.eastmoney.com/notices/detail/002932/AN202503181644499207.html
688120,华海清科,华海清科:关于持股5%以上股东权益变动触及1%的提示性公告,权益变动报告书,2025-03-19,https://data.eastmoney.com/notices/detail/688120/AN202503181644499181.html
688361,中科飞测,中科飞测:深圳中科飞测科技股份有限公司股东减持计划时间届满暨减持结果公告,股东/实际控制人股份减持,2025-03-19,https://data.eastmoney.com/notices/detail/688361/AN202503181644499180.html
002008,大族激光,大族激光:关于股东股份解除质押及质押的公告,股份质押、冻结,2025-03-19,https://data.eastmoney.com/notices/detail/002008/AN202503181644499177.html
603124,江南新材,江南新材:江南新材公司章程,公司章程,2025-03-19,https://data.eastmoney.com/notices/detail/603124/AN202503181644499163.html
603124,江南新材,江南新材:江南新材首次公开发行股票主板上市公告书,首发上市公告书,2025-03-19,https://data.eastmoney.com/notices/detail/603124/AN202503181644499162.html
603124,江南新材,江南新材:江南新材首次公开发行股票主板上市公告书提示性公告,首发提示性公告,2025-03-19,https://data.eastmoney.com/notices/detail/603124/AN202503181644499164.html
002821,凯莱英,凯莱英:H股限制性股票计划(草案)修订稿,股权激励计划,2025-03-19,https://data.eastmoney.com/notices/detail/002821/AN202503181644499158.html
002821,凯莱英,凯莱英:关于凯莱英医药集团(天津)股份有限公司2025年A股限制性股票激励计划(草案)的法律意见,法律意见书,2025-03-19,https://data.eastmoney.com/notices/detail/002821/AN202503181644498051.html
002821,凯莱英,凯莱英:凯莱英2025年A股限制性股票激励计划(草案)修订稿,股权激励计划,2025-03-19,https://data.eastmoney.com/notices/detail/002821/AN202503181644498052.html
002821,凯莱英,凯莱英:上海荣正企业咨询服务(集团)股份有限公司关于凯莱英医药集团(天津)股份有限公司2025年A股限制性股票激励计划(草案)修订稿之独立财务顾问报告,保荐/核查意见,2025-03-19,https://data.eastmoney.com/notices/detail/002821/AN202503181644498055.html
002821,凯莱英,凯莱英:凯莱英2025年A股限制性股票激励计划(草案)摘要修订稿,股权激励计划摘要,2025-03-19,https://data.eastmoney.com/notices/detail/002821/AN202503181644498054.html
002821,凯莱英,凯莱英:关于公司2025年A股限制性股票激励计划(草案)及其摘要的修订说明公告,股权激励计划摘要,2025-03-19,https://data.eastmoney.com/notices/detail/002821/AN202503181644498053.html
002821,凯莱英,凯莱英:关于召开2025年第一次临时股东大会、2025年第一次A股类别股东大会及2025年第一次H股类别股东大会通知的公告,召开股东大会通知,2025-03-19,https://data.eastmoney.com/notices/detail/002821/AN202503181644499157.html
002821,凯莱英,凯莱英:第四届董事会第六十次会议决议公告,董事会决议公告,2025-03-19,https://data.eastmoney.com/notices/detail/002821/AN202503181644498056.html
600025,华能水电,华能水电:2025年度第一期超短期融资券发行公告,其他,2025-03-19,https://data.eastmoney.com/notices/detail/600025/AN202503181644498044.html
600025,华能水电,华能水电:2025年第一次临时股东大会法律意见书,法律意见书,2025-03-19,https://data.eastmoney.com/notices/detail/600025/AN202503181644498047.html
600025,华能水电,华能水电:关于第四届董事会第六次会议决议公告,高管人员任职变动,2025-03-19,https://data.eastmoney.com/notices/detail/600025/AN202503181644498046.html
600025,华能水电,华能水电:2025年度第一期绿色中期票据发行公告,其他,2025-03-19,https://data.eastmoney.com/notices/detail/600025/AN202503181644498043.html
600025,华能水电,华能水电:2025年第一次临时股东大会决议公告,增发预案,2025-03-19,https://data.eastmoney.com/notices/detail/600025/AN202503181644498045.html
002821,凯莱英,凯莱英:凯莱英医药集团(天津)股份有限公司章程修正案,公司章程修订,2025-03-19,https://data.eastmoney.com/notices/detail/002821/AN202503181644498041.html
002821,凯莱英,凯莱英:第四届监事会第四十七次会议决议公告,监事会决议公告,2025-03-19,https://data.eastmoney.com/notices/detail/002821/AN202503181644498042.html
603799,华友钴业,华友钴业:华友钴业关于子公司和北京卫蓝新能源科技股份有限公司签订战略合作协议的公告,其他,2025-03-19,https://data.eastmoney.com/notices/detail/603799/AN202503181644498031.html
601398,工商银行,工商银行:工商银行H股公告(董事会会议召开日期),其他,2025-03-19,https://data.eastmoney.com/notices/detail/601398/AN202503181644498010.html
002789,*ST建艺,建艺集团:关于董事会、监事会换届选举完成的公告,高管人员任职变动,2025-03-19,https://data.eastmoney.com/notices/detail/002789/AN202503181644498029.html
002789,*ST建艺,建艺集团:关于选举第五届监事会职工代表监事的公告,高管人员任职变动,2025-03-19,https://data.eastmoney.com/notices/detail/002789/AN202503181644498026.html
002789,*ST建艺,建艺集团:北京市中伦(深圳)律师事务所关于深圳市建艺装饰集团股份有限公司2025年第二次临时股东大会的法律意见书,法律意见书,2025-03-19,https://data.eastmoney.com/notices/detail/002789/AN202503181644498028.html
002789,*ST建艺,建艺集团:2025年第二次临时股东大会决议公告,股东大会决议公告,2025-03-19,https://data.eastmoney.com/notices/detail/002789/AN202503181644498030.html
002789,*ST建艺,建艺集团:股票交易异常波动公告,股票交易异常波动,2025-03-19,https://data.eastmoney.com/notices/detail/002789/AN202503181644498027.html
002789,*ST建艺,建艺集团:关于开展应收账款保理业务的进展公告,其他,2025-03-19,https://data.eastmoney.com/notices/detail/002789/AN202503181644498021.html
002789,*ST建艺,建艺集团:关于重大诉讼进展情况及新增累计诉讼、仲裁情况的公告,诉讼仲裁,2025-03-19,https://data.eastmoney.com/notices/detail/002789/AN202503181644498022.html
600020,中原高速,中原高速:河南中原高速公路股份有限公司关于超短期融资券获准注册的公告,其他,2025-03-19,https://data.eastmoney.com/notices/detail/600020/AN202503181644498008.html
600020,中原高速,中原高速:河南中原高速公路股份有限公司关于中期票据获准注册的公告,其他,2025-03-19,https://data.eastmoney.com/notices/detail/600020/AN202503181644498006.html
600050,中国联通,中国联通:中国联合网络通信股份有限公司2024年度内部控制评价报告,内部控制报告,2025-03-19,https://data.eastmoney.com/notices/detail/600050/AN202503181644498007.html
603677,奇精机械,奇精机械:关于对奇精机械股份有限公司股票交易异常波动问询函的回复,回复问询函公告,2025-03-19,https://data.eastmoney.com/notices/detail/603677/AN202503181644497985.html
002202,金风科技,金风科技:H股公告(董事会会议召开日期),其他,2025-03-19,https://data.eastmoney.com/notices/detail/002202/AN202503181644497975.html
603677,奇精机械,奇精机械:股票交易异常波动公告,股票交易异常波动,2025-03-19,https://data.eastmoney.com/notices/detail/603677/AN202503181644497986.html
301087,可孚医疗,可孚医疗:舆情管理制度,管理办法/制度,2025-03-19,https://data.eastmoney.com/notices/detail/301087/AN202503181644497978.html
301087,可孚医疗,可孚医疗:西部证券股份有限公司关于可孚医疗科技股份有限公司使用剩余超募资金永久补充流动资金的核查意见,保荐/核查意见,2025-03-19,https://data.eastmoney.com/notices/detail/301087/AN202503181644497967.html
301087,可孚医疗,可孚医疗:关于使用剩余超募资金永久补充流动资金的公告,募集资金补充流动资金,2025-03-19,https://data.eastmoney.com/notices/detail/301087/AN202503181644497976.html
301087,可孚医疗,可孚医疗:湖南启元律师事务所关于可孚医疗科技股份有限公司调整2021年限制性股票激励计划相关事项的法律意见书,法律意见书,2025-03-19,https://data.eastmoney.com/notices/detail/301087/AN202503181644497961.html
301087,可孚医疗,可孚医疗:关于调整2021年限制性股票激励计划相关事项的公告,股权激励其他事项公告,2025-03-19,https://data.eastmoney.com/notices/detail/301087/AN202503181644497966.html
301087,可孚医疗,可孚医疗:2024年限制性股票激励计划预留授予激励对象名单(预留授予日),股权激励对象名单,2025-03-19,https://data.eastmoney.com/notices/detail/301087/AN202503181644497965.html
301087,可孚医疗,可孚医疗:上海荣正企业咨询服务(集团)股份有限公司关于可孚医疗科技股份有限公司2024年限制性股票激励计划预留授予相关事项之独立财务顾问报告,保荐/核查意见,2025-03-19,https://data.eastmoney.com/notices/detail/301087/AN202503181644497969.html
301087,可孚医疗,可孚医疗:关于调整2024年限制性股票激励计划相关事项的公告,股权激励其他事项公告,2025-03-19,https://data.eastmoney.com/notices/detail/301087/AN202503181644497963.html
301087,可孚医疗,可孚医疗:关于向激励对象授予预留限制性股票的公告,股权激励进展公告,2025-03-19,https://data.eastmoney.com/notices/detail/301087/AN202503181644497979.html
301087,可孚医疗,可孚医疗:监事会关于2024年限制性股票激励计划激励对象名单(预留授予日)的核查意见,股权激励进展公告,2025-03-19,https://data.eastmoney.com/notices/detail/301087/AN202503181644497970.html
301087,可孚医疗,可孚医疗:湖南启元律师事务所关于可孚医疗科技股份有限公司调整2024年限制性股票激励计划及向激励对象授予预留限制性股票相关事项的法律意见书,法律意见书,2025-03-19,https://data.eastmoney.com/notices/detail/301087/AN202503181644497960.html
301087,可孚医疗,可孚医疗:第二届监事会第十三次会议决议公告,监事会决议公告,2025-03-19,https://data.eastmoney.com/notices/detail/301087/AN202503181644497964.html
301087,可孚医疗,可孚医疗:关于召开2025年第一次临时股东大会的通知,召开股东大会通知,2025-03-19,https://data.eastmoney.com/notices/detail/301087/AN202503181644497977.html
301087,可孚医疗,可孚医疗:第二届董事会第十三次会议决议公告,董事会决议公告,2025-03-19,https://data.eastmoney.com/notices/detail/301087/AN202503181644497972.html
002913,奥士康,奥士康:简式权益变动报告书,权益变动报告书,2025-03-19,https://data.eastmoney.com/notices/detail/002913/AN202503181644497962.html
002913,奥士康,奥士康:关于股东权益变动的提示性公告,权益变动报告书,2025-03-19,https://data.eastmoney.com/notices/detail/002913/AN202503181644497971.html
002775,文科股份,文科股份:关于签署重要合同的自愿性信息披露公告,重大合同,2025-03-19,https://data.eastmoney.com/notices/detail/002775/AN202503181644497973.html
002140,东华科技,东华科技:东华科技关于2019年限制性股票激励计划部分限制性股票回购注销完成的公告,股本变动,2025-03-19,https://data.eastmoney.com/notices/detail/002140/AN202503181644497968.html
600519,贵州茅台,贵州茅台:贵州茅台第四届董事会2025年度第三次会议决议公告,董事会决议公告,2025-03-19,https://data.eastmoney.com/notices/detail/600519/AN202503181644496852.html
605028,世茂能源,世茂能源:宁波世茂能源股份有限公司对会计师事务所2024年度履职责情况评估报告,其他,2025-03-19,https://data.eastmoney.com/notices/detail/605028/AN202503181644496808.html
605028,世茂能源,世茂能源:宁波世茂能源股份有限公司关于公司募集资金存放与实际使用情况的专项报告,募集资金使用情况报告,2025-03-19,https://data.eastmoney.com/notices/detail/605028/AN202503181644496827.html
605028,世茂能源,世茂能源:世茂能源2024年非经营性资金占用及其他关联资金往来情况的专项审计报告,保荐/核查意见,2025-03-19,https://data.eastmoney.com/notices/detail/605028/AN202503181644496825.html
605028,世茂能源,世茂能源:世茂能源募集资金年度存放与使用情况鉴证报告,保荐/核查意见,2025-03-19,https://data.eastmoney.com/notices/detail/605028/AN202503181644496828.html
605028,世茂能源,世茂能源:宁波世茂能源股份有限公司第三届董事会第二次会议决议公告,分配预案,2025-03-19,https://data.eastmoney.com/notices/detail/605028/AN202503181644496824.html
605028,世茂能源,世茂能源:宁波世茂能源股份有限公司2024年年度报告,年度报告全文,2025-03-19,https://data.eastmoney.com/notices/detail/605028/AN202503181644496807.html
605028,世茂能源,世茂能源:宁波世茂能源股份有限公司第三届监事会第二次会议决议公告,监事会决议公告,2025-03-19,https://data.eastmoney.com/notices/detail/605028/AN202503181644496817.html
605028,世茂能源,世茂能源:世茂能源董事会关于2024年度募集资金存放及使用情况专项报告,募集资金使用情况报告,2025-03-19,https://data.eastmoney.com/notices/detail/605028/AN202503181644496806.html
605028,世茂能源,世茂能源:世茂能源2024年度内部控制审计报告,审计报告,2025-03-19,https://data.eastmoney.com/notices/detail/605028/AN202503181644496830.html
605028,世茂能源,世茂能源:宁波世茂能源股份有限公司董事会审计委员会2024年度履职情况报告,其他,2025-03-19,https://data.eastmoney.com/notices/detail/605028/AN202503181644496819.html
605028,世茂能源,世茂能源:宁波世茂能源股份有限公司2024年度内部控制评价报告,内部控制报告,2025-03-19,https://data.eastmoney.com/notices/detail/605028/AN202503181644496831.html
605028,世茂能源,世茂能源:宁波世茂能源股份有限公司董事会审计委员会对会计师事务所2024年度履行监督职责情况的报告,其他,2025-03-19,https://data.eastmoney.com/notices/detail/605028/AN202503181644496815.html
605028,世茂能源,世茂能源:宁波世茂能源股份有限公司2024年度独立董事述职报告(郝玉贵离任),独立董事述职报告,2025-03-19,https://data.eastmoney.com/notices/detail/605028/AN202503181644496813.html
605028,世茂能源,世茂能源:宁波世茂能源股份有限公司关于2024年年度利润分配预案的公告,分配预案,2025-03-19,https://data.eastmoney.com/notices/detail/605028/AN202503181644496829.html
605028,世茂能源,世茂能源:宁波世茂能源股份有限公司关于召开2024年年度股东大会的通知,召开股东大会通知,2025-03-19,https://data.eastmoney.com/notices/detail/605028/AN202503181644496822.html
605028,世茂能源,世茂能源:宁波世茂能源股份有限公司2024年度独立董事述职报告(沃健),独立董事述职报告,2025-03-19,https://data.eastmoney.com/notices/detail/605028/AN202503181644496818.html
605028,世茂能源,世茂能源:宁波世茂能源股份有限公司关于独立董事独立性情况的评估专项意见,专项说明/独立意见,2025-03-19,https://data.eastmoney.com/notices/detail/605028/AN202503181644496814.html
605028,世茂能源,世茂能源:世茂能源2024年度社会责任报告,社会责任报告,2025-03-19,https://data.eastmoney.com/notices/detail/605028/AN202503181644496810.html
605028,世茂能源,世茂能源:世茂能源2024年度审计报告,审计报告,2025-03-19,https://data.eastmoney.com/notices/detail/605028/AN202503181644496826.html
605028,世茂能源,世茂能源:宁波世茂能源股份有限公司关于2025年日常关联交易预计及确认2024年日常关联交易的公告,关联交易,2025-03-19,https://data.eastmoney.com/notices/detail/605028/AN202503181644496812.html
605028,世茂能源,世茂能源:宁波世茂能源股份有限公司非经营性资金占用及其他关联资金往来情况,资金占用,2025-03-19,https://data.eastmoney.com/notices/detail/605028/AN202503181644496821.html
605028,世茂能源,世茂能源:宁波世茂能源股份有限公司2024年年度报告摘要,年度报告摘要,2025-03-19,https://data.eastmoney.com/notices/detail/605028/AN202503181644496811.html
605028,世茂能源,世茂能源:宁波世茂能源股份有限公司2024年度独立董事述职报告(吴引引),独立董事述职报告,2025-03-19,https://data.eastmoney.com/notices/detail/605028/AN202503181644496820.html
605028,世茂能源,世茂能源:宁波世茂能源股份有限公司关于使用自有资金进行证券投资的公告,投资理财,2025-03-19,https://data.eastmoney.com/notices/detail/605028/AN202503181644496823.html
605028,世茂能源,世茂能源:宁波世茂能源股份有限公司舆情管理制度,管理办法/制度,2025-03-19,https://data.eastmoney.com/notices/detail/605028/AN202503181644496816.html
605028,世茂能源,世茂能源:东方证券股份有限公司关于宁波世茂能源股份有限公司2024年度募集资金存放与使用情况的专项核查报告,保荐/核查意见,2025-03-19,https://data.eastmoney.com/notices/detail/605028/AN202503181644496809.html
600660,福耀玻璃,福耀玻璃:H股市场公告(2024年年度業績公告),其他,2025-03-19,https://data.eastmoney.com/notices/detail/600660/AN202503181644496783.html
002101,广东鸿图,广东鸿图:关于增设子公司募集资金专户并签署监管协议的公告,签订协议,2025-03-19,https://data.eastmoney.com/notices/detail/002101/AN202503181644496800.html
000010,*ST美丽,美丽生态:关于重大诉讼事项的进展公告,诉讼仲裁,2025-03-19,https://data.eastmoney.com/notices/detail/000010/AN202503181644496801.html
601988,中国银行,中国银行:中国银行股份有限公司关于召开2024年年度业绩发布会的公告,其他,2025-03-19,https://data.eastmoney.com/notices/detail/601988/AN202503181644496788.html
688048,长光华芯,长光华芯:董监高减持股份结果公告,股东/实际控制人股份减持,2025-03-19,https://data.eastmoney.com/notices/detail/688048/AN202503181644496782.html
300943,春晖智控,春晖智控:独立董事专门会议审核意见,专项说明/独立意见,2025-03-19,https://data.eastmoney.com/notices/detail/300943/AN202503181644496779.html
300943,春晖智控,春晖智控:浙江春晖智能控制股份有限公司董事会关于本次交易不构成《上市公司重大资产重组管理办法》第十二条规定的重大资产重组，且不构成第十三条规定的重组上市的说明,管理办法/制度,2025-03-19,https://data.eastmoney.com/notices/detail/300943/AN202503181644496765.html
300943,春晖智控,春晖智控:浙江春晖智能控制股份有限公司董事会关于本次交易采取的保密措施及保密制度的说明,专项说明/独立意见,2025-03-19,https://data.eastmoney.com/notices/detail/300943/AN202503181644496766.html
300943,春晖智控,春晖智控:浙江春晖智能控制股份有限公司董事会关于本次交易前12个月内购买、出售资产情况的说明,专项说明/独立意见,2025-03-19,https://data.eastmoney.com/notices/detail/300943/AN202503181644496762.html
300943,春晖智控,春晖智控:关于本次交易停牌前一交易日前十大股东及前十大流通股股东持股情况的公告,停牌公告,2025-03-19,https://data.eastmoney.com/notices/detail/300943/AN202503181644496776.html
300943,春晖智控,春晖智控:浙江春晖智能控制股份有限公司董事会关于本次交易符合《创业板上市公司持续监管办法(试行)》第十八条、第二十一条以及《深圳证券交易所上市公司重大资产重组审核规则》第八条规定的说明,专项说明/独立意见,2025-03-19,https://data.eastmoney.com/notices/detail/300943/AN202503181644496775.html
300943,春晖智控,春晖智控:浙江春晖智能控制股份有限公司董事会关于本次交易信息发布前公司股票价格波动情况的说明,专项说明/独立意见,2025-03-19,https://data.eastmoney.com/notices/detail/300943/AN202503181644496774.html
300943,春晖智控,春晖智控:浙江春晖智能控制股份有限公司董事会关于本次交易相关主体不存在《上市公司监管指引第7号—上市公司重大资产重组相关股票异常交易监管》第十二条及《深圳证券交易所上市公司自律监管指引第8号—重大资产重组》第三十条规定情形说明,专项说明/独立意见,2025-03-19,https://data.eastmoney.com/notices/detail/300943/AN202503181644496768.html
300943,春晖智控,春晖智控:浙江春晖智能控制股份有限公司董事会关于本次交易符合《上市公司重大资产重组管理办法》第十一条、第四十三条规定的说明,管理办法/制度,2025-03-19,https://data.eastmoney.com/notices/detail/300943/AN202503181644496773.html
300943,春晖智控,春晖智控:浙江春晖智能控制股份有限公司董事会关于本次交易符合《上市公司证券发行注册管理办法》第十一条规定的说明,管理办法/制度,2025-03-19,https://data.eastmoney.com/notices/detail/300943/AN202503181644496772.html
300943,春晖智控,春晖智控:浙江春晖智能控制股份有限公司董事会关于本次交易符合《上市公司监管指引第9号—上市公司筹划和实施重大资产重组的监管要求》第四条规定的说明,专项说明/独立意见,2025-03-19,https://data.eastmoney.com/notices/detail/300943/AN202503181644496769.html
300943,春晖智控,春晖智控:第九届监事会第七次会议决议公告,监事会决议公告,2025-03-19,https://data.eastmoney.com/notices/detail/300943/AN202503181644496763.html
300943,春晖智控,春晖智控:浙江春晖智能控制股份有限公司发行股份及支付现金购买资产暨关联交易预案,增发预案,2025-03-19,https://data.eastmoney.com/notices/detail/300943/AN202503181644496767.html
300943,春晖智控,春晖智控:浙江春晖智能控制股份有限公司董事会关于本次交易构成关联交易的说明,关联交易,2025-03-19,https://data.eastmoney.com/notices/detail/300943/AN202503181644496778.html
300943,春晖智控,春晖智控:关于发行股份及支付现金购买资产暨关联交易事项的一般风险提示暨公司股票复牌提示性公告,复牌公告,2025-03-19,https://data.eastmoney.com/notices/detail/300943/AN202503181644496761.html
300943,春晖智控,春晖智控:浙江春晖智能控制股份有限公司发行股份及支付现金购买资产暨关联交易预案(摘要),增发预案,2025-03-19,https://data.eastmoney.com/notices/detail/300943/AN202503181644496771.html
300943,春晖智控,春晖智控:关于暂不召开股东大会审议本次交易相关事项的公告,其他,2025-03-19,https://data.eastmoney.com/notices/detail/300943/AN202503181644496770.html
300943,春晖智控,春晖智控:第九届董事会第七次会议决议公告,董事会决议公告,2025-03-19,https://data.eastmoney.com/notices/detail/300943/AN202503181644496764.html
600872,中炬高新,中炬高新:中炬高新第十届董事会第二十七次会议决议公告,高管人员任职变动,2025-03-19,https://data.eastmoney.com/notices/detail/600872/AN202503181644495914.html
600054,黄山旅游,黄山旅游:黄山旅游关于增补第九届监事会职工代表监事的公告,高管人员任职变动,2025-03-19,https://data.eastmoney.com/notices/detail/600054/AN202503181644495913.html
605020,永和股份,永和股份:浙江永和制冷股份有限公司关于“永和转债”转股价格调整的提示性公告,其他,2025-03-19,https://data.eastmoney.com/notices/detail/605020/AN202503181644495912.html
301335,天元宠物,天元宠物:浙江六和律师事务所关于天元宠物2025年第一次临时股东大会的法律意见书,法律意见书,2025-03-19,https://data.eastmoney.com/notices/detail/301335/AN202503181644495904.html
301335,天元宠物,天元宠物:第四届董事会第一次会议决议公告,高管人员任职变动,2025-03-19,https://data.eastmoney.com/notices/detail/301335/AN202503181644495899.html
301335,天元宠物,天元宠物:2025年第一次临时股东大会决议公告,股东大会决议公告,2025-03-19,https://data.eastmoney.com/notices/detail/301335/AN202503181644495905.html
301335,天元宠物,天元宠物:第四届监事会第一次会议决议公告,高管人员任职变动,2025-03-19,https://data.eastmoney.com/notices/detail/301335/AN202503181644495901.html
300033,同花顺,同花顺:同花顺2024年度股东大会法律意见书,法律意见书,2025-03-19,https://data.eastmoney.com/notices/detail/300033/AN202503181644495900.html
300033,同花顺,同花顺:2024年年度股东大会决议公告,分配方案决议公告,2025-03-19,https://data.eastmoney.com/notices/detail/300033/AN202503181644495902.html
600826,兰生股份,兰生股份:东浩兰生会展集团股份有限公司第十一届监事会第四次会议决议公告,监事会决议公告,2025-03-19,https://data.eastmoney.com/notices/detail/600826/AN202503181644495868.html
600826,兰生股份,兰生股份:东浩兰生会展集团股份有限公司第十一届董事会第七次会议决议公告,董事会决议公告,2025-03-19,https://data.eastmoney.com/notices/detail/600826/AN202503181644495866.html
600826,兰生股份,兰生股份:东浩兰生会展集团股份有限公司关于2024年度日常关联交易情况及2025年度日常关联交易预计的公告,关联交易,2025-03-19,https://data.eastmoney.com/notices/detail/600826/AN202503181644495867.html
301335,天元宠物,天元宠物:关于职工代表大会选举产生第四届监事会职工代表监事的公告,高管人员任职变动,2025-03-19,https://data.eastmoney.com/notices/detail/301335/AN202503181644495903.html
300409,道氏技术,道氏技术:关于提前赎回道氏转02的公告,其他,2025-03-19,https://data.eastmoney.com/notices/detail/300409/AN202503181644494856.html
300409,道氏技术,道氏技术:民生证券股份有限公司关于广东道氏技术股份有限公司提前赎回道氏转02的核查意见,保荐/核查意见,2025-03-19,https://data.eastmoney.com/notices/detail/300409/AN202503181644495857.html
300409,道氏技术,道氏技术:第六届董事会2025年第5次会议决议公告,董事会决议公告,2025-03-19,https://data.eastmoney.com/notices/detail/300409/AN202503181644494855.html
300409,道氏技术,道氏技术:北京市中伦(深圳)律师事务所关于广东道氏技术股份有限公司可转换公司债券提前赎回的法律意见书,其他,2025-03-19,https://data.eastmoney.com/notices/detail/300409/AN202503181644495858.html
603776,永安行,永安行:可转债交易异常波动公告,股票交易异常波动,2025-03-19,https://data.eastmoney.com/notices/detail/603776/AN202503181644494849.html
603776,永安行,永安行:关于《永安行科技股份有限公司股票及可转债交易异常波动问询函》的回复,回复问询函公告,2025-03-19,https://data.eastmoney.com/notices/detail/603776/AN202503181644494848.html
603776,永安行,永安行:股票交易异常波动公告,股票交易异常波动,2025-03-19,https://data.eastmoney.com/notices/detail/603776/AN202503181644494847.html
000166,申万宏源,申万宏源:关于申万宏源证券有限公司2025年面向专业投资者公开发行公司债券(第一期)在深圳证券交易所上市的公告,其他,2025-03-19,https://data.eastmoney.com/notices/detail/000166/AN202503181644494844.html
688247,宣泰医药,宣泰医药:关于持股5%以上股东减持计划完成暨减持股份结果公告,股东/实际控制人股份减持,2025-03-19,https://data.eastmoney.com/notices/detail/688247/AN202503181644494834.html
000498,山东路桥,山东路桥:关于子公司购置办公楼的进展公告,其他,2025-03-19,https://data.eastmoney.com/notices/detail/000498/AN202503181644494828.html
603776,永安行,永安行:新世纪评级关于永安行科技股份有限公司控股股东、实际控制人筹划重大事项进展的关注公告,其他,2025-03-19,https://data.eastmoney.com/notices/detail/603776/AN202503181644494809.html
600871,石化油服,石化油服:2024年度独立董事述职报告(刘江宁),独立董事述职报告,2025-03-19,https://data.eastmoney.com/notices/detail/600871/AN202503181644493910.html
600871,石化油服,石化油服:2024年度独立董事述职报告(陈卫东),独立董事述职报告,2025-03-19,https://data.eastmoney.com/notices/detail/600871/AN202503181644493899.html
600871,石化油服,石化油服:2024年度独立董事述职报告(王鹏程),独立董事述职报告,2025-03-19,https://data.eastmoney.com/notices/detail/600871/AN202503181644493913.html
600871,石化油服,石化油服:2024年度独立董事述职报告(董秀成),独立董事述职报告,2025-03-19,https://data.eastmoney.com/notices/detail/600871/AN202503181644493915.html
600871,石化油服,石化油服:2024年度独立董事述职报告(郑卫军),独立董事述职报告,2025-03-19,https://data.eastmoney.com/notices/detail/600871/AN202503181644493911.html
600871,石化油服,石化油服:关于石化油服2024年度涉及财务公司关联交易的存款、贷款等金融业务的专项报告,专项说明/独立意见,2025-03-19,https://data.eastmoney.com/notices/detail/600871/AN202503181644493896.html
600871,石化油服,石化油服:石化油服2024年度审计报告及财务报表,审计报告,2025-03-19,https://data.eastmoney.com/notices/detail/600871/AN202503181644493894.html
600871,石化油服,石化油服:2024年度内部控制审计报告,审计报告,2025-03-19,https://data.eastmoney.com/notices/detail/600871/AN202503181644493906.html
002534,西子洁能,西子洁能:第六届董事会第二十一次临时会议决议公告,董事会决议公告,2025-03-19,https://data.eastmoney.com/notices/detail/002534/AN202503181644494818.html
002534,西子洁能,西子洁能:关于取消召开公司2025年第一次临时股东大会的通知,取消股东大会公告,2025-03-19,https://data.eastmoney.com/notices/detail/002534/AN202503181644494817.html
600496,精工钢构,精工钢构:精工钢构关于第九届董事会2025年第七次临时会议决议公告,董事会决议公告,2025-03-19,https://data.eastmoney.com/notices/detail/600496/AN202503181644494770.html
600496,精工钢构,精工钢构:精工钢构2025年第一次临时股东大会之法律意见书,法律意见书,2025-03-19,https://data.eastmoney.com/notices/detail/600496/AN202503181644494769.html
600496,精工钢构,精工钢构:精工钢构关于变更回购股份用途为注销暨减少注册资本通知债权人的公告,公司注册资本变更,2025-03-19,https://data.eastmoney.com/notices/detail/600496/AN202503181644494771.html
600496,精工钢构,精工钢构:精工钢构关于不向下修正“精工转债”转股价格的公告,其他,2025-03-19,https://data.eastmoney.com/notices/detail/600496/AN202503181644494772.html
600496,精工钢构,精工钢构:精工钢构2025年第一次临时股东大会决议公告,股东大会决议公告,2025-03-19,https://data.eastmoney.com/notices/detail/600496/AN202503181644494773.html
600496,精工钢构,精工钢构:精工钢构“精工转债”2025年第一次债券持有人会议之法律意见书,法律意见书,2025-03-19,https://data.eastmoney.com/notices/detail/600496/AN202503181644494767.html
600496,精工钢构,精工钢构:精工钢构关于“精工转债”2025年第一次持有人会议决议公告,其他,2025-03-19,https://data.eastmoney.com/notices/detail/600496/AN202503181644494768.html
600871,石化油服,石化油服:第十一届监事会第四次会议决议公告,监事会决议公告,2025-03-19,https://data.eastmoney.com/notices/detail/600871/AN202503181644493904.html
600871,石化油服,石化油服:石化油服关于中国石化财务有限责任公司的风险持续评估报告,其他,2025-03-19,https://data.eastmoney.com/notices/detail/600871/AN202503181644493905.html
600871,石化油服,石化油服:2024年度环境、社会及管治(ESG)报告,ESG公告,2025-03-19,https://data.eastmoney.com/notices/detail/600871/AN202503181644493898.html
600871,石化油服,石化油服:石化油服2024年度报告全文,年度报告全文,2025-03-19,https://data.eastmoney.com/notices/detail/600871/AN202503181644493917.html
600871,石化油服,石化油服:2024年度内部控制评价报告,内部控制报告,2025-03-19,https://data.eastmoney.com/notices/detail/600871/AN202503181644493916.html
600871,石化油服,石化油服:董事会审计委员会2024年度履职情况报告,其他,2025-03-19,https://data.eastmoney.com/notices/detail/600871/AN202503181644493893.html
600871,石化油服,石化油服:关于续聘会计师事务所的公告,审计机构变更,2025-03-19,https://data.eastmoney.com/notices/detail/600871/AN202503181644493901.html
600871,石化油服,石化油服:第十一届董事会第七次会议决议公告,分配预案,2025-03-19,https://data.eastmoney.com/notices/detail/600871/AN202503181644493908.html
600871,石化油服,石化油服:石化油服2024年年度报告摘要,年度报告摘要,2025-03-19,https://data.eastmoney.com/notices/detail/600871/AN202503181644493918.html
600871,石化油服,石化油服:关于石化油服2024年度关联方占用资金情况的专项报告,保荐/核查意见,2025-03-19,https://data.eastmoney.com/notices/detail/600871/AN202503181644493902.html
600871,石化油服,石化油服:为全资子公司和合营公司提供担保的公告,提供/对外担保公告,2025-03-19,https://data.eastmoney.com/notices/detail/600871/AN202503181644493907.html
600871,石化油服,石化油服:关于2024年度A股利润分配方案公告,分配预案,2025-03-19,https://data.eastmoney.com/notices/detail/600871/AN202503181644493909.html
600871,石化油服,石化油服:中石化石油工程技术服务股份有限公司对2024年度会计师事务所履职情况的评估报告,其他,2025-03-19,https://data.eastmoney.com/notices/detail/600871/AN202503181644493903.html
600871,石化油服,石化油服:董事会审计委员会对2024年度会计师事务所履行监督职责情况的报告,其他,2025-03-19,https://data.eastmoney.com/notices/detail/600871/AN202503181644493912.html
600871,石化油服,石化油服:关于计提长期股权投资减值准备的公告,其他,2025-03-19,https://data.eastmoney.com/notices/detail/600871/AN202503181644493914.html
600871,石化油服,石化油服:董事会关于2024年度独立非执行董事独立性评估的专项意见,专项说明/独立意见,2025-03-19,https://data.eastmoney.com/notices/detail/600871/AN202503181644493900.html
600871,石化油服,石化油服:石化油服关于中国石化盛骏国际投资有限公司的风险持续评估报告,其他,2025-03-19,https://data.eastmoney.com/notices/detail/600871/AN202503181644493897.html
600871,石化油服,石化油服:日常关联交易预计公告,关联交易,2025-03-19,https://data.eastmoney.com/notices/detail/600871/AN202503181644493895.html
603801,志邦家居,志邦家居:向不特定对象发行可转换公司债券网上中签率及优先配售结果公告,其他,2025-03-19,https://data.eastmoney.com/notices/detail/603801/AN202503181644494764.html
002342,巨力索具,巨力索具:关于实际控制人部分股权质押展期的公告,股份质押、冻结,2025-03-19,https://data.eastmoney.com/notices/detail/002342/AN202503181644494758.html
002217,ST合力泰,*ST合泰:关于公司股票可能被终止上市的风险提示公告,终止上市风险提示,2025-03-19,https://data.eastmoney.com/notices/detail/002217/AN202503181644494759.html
600804,退市鹏博,*ST鹏博:鹏博士关于股票交易风险提示的公告,风险提示性公告,2025-03-19,https://data.eastmoney.com/notices/detail/600804/AN202503181644493956.html
688101,三达膜,三达膜:长江证券承销保荐有限公司关于三达膜环境技术股份有限公司新增仲裁事项的核查意见,诉讼仲裁,2025-03-19,https://data.eastmoney.com/notices/detail/688101/AN202503181644493934.html
688435,英方软件,英方软件:关于股东权益变动提示性公告,权益变动报告书,2025-03-19,https://data.eastmoney.com/notices/detail/688435/AN202503181644493931.html
688167,炬光科技,炬光科技:西安炬光科技股份有限公司关于2025年度日常关联交易预计的公告,关联交易,2025-03-19,https://data.eastmoney.com/notices/detail/688167/AN202503181644493889.html
688167,炬光科技,炬光科技:西安炬光科技股份有限公司第四届监事会第七次会议决议公告,监事会决议公告,2025-03-19,https://data.eastmoney.com/notices/detail/688167/AN202503181644493888.html
600696,退市岩石,岩石股份:关于诉讼进展的公告,诉讼仲裁,2025-03-19,https://data.eastmoney.com/notices/detail/600696/AN202503181644493887.html
000678,襄阳轴承,襄阳轴承:关于股票交易异常波动暨风险提示的公告,股票交易异常波动,2025-03-19,https://data.eastmoney.com/notices/detail/000678/AN202503181644493920.html
000612,焦作万方,焦作万方:焦作万方铝业股份有限公司关于股票交易异常波动的公告,股票交易异常波动,2025-03-19,https://data.eastmoney.com/notices/detail/000612/AN202503181644493921.html
688032,禾迈股份,禾迈股份:中信证券股份有限公司关于杭州禾迈电力电子股份有限公司使用部分超募资金永久补充流动资金的核查意见,保荐/核查意见,2025-03-19,https://data.eastmoney.com/notices/detail/688032/AN202503181644493871.html
688032,禾迈股份,禾迈股份:关于召开2025年第二次临时股东大会的通知,召开股东大会通知,2025-03-19,https://data.eastmoney.com/notices/detail/688032/AN202503181644493872.html
688032,禾迈股份,禾迈股份:第二届监事会第十五次会议决议公告,监事会决议公告,2025-03-19,https://data.eastmoney.com/notices/detail/688032/AN202503181644493873.html
688032,禾迈股份,禾迈股份:关于使用部分超募资金永久补充流动资金的公告,募集资金补充流动资金,2025-03-19,https://data.eastmoney.com/notices/detail/688032/AN202503181644493874.html
600620,天宸股份,天宸股份:上海市天宸股份有限公司关于子公司参股企业清算的公告,其他,2025-03-19,https://data.eastmoney.com/notices/detail/600620/AN202503181644493870.html
601688,华泰证券,华泰证券:华泰证券H股公告(董事会召开日期),其他,2025-03-19,https://data.eastmoney.com/notices/detail/601688/AN202503181644493862.html
688136,科兴制药,科兴制药:第二届董事会第二十一次会议决议公告,董事会决议公告,2025-03-19,https://data.eastmoney.com/notices/detail/688136/AN202503181644493335.html
688411,海博思创,海博思创:中泰证券股份有限公司关于北京海博思创科技股份有限公司使用部分暂时闲置募集资金进行现金管理的核查意见,保荐/核查意见,2025-03-19,https://data.eastmoney.com/notices/detail/688411/AN202503181644493337.html
688411,海博思创,海博思创:北京海博思创科技股份有限公司关于调整募集资金投资项目拟投入募集资金金额的公告,变更募集资金投资项目,2025-03-19,https://data.eastmoney.com/notices/detail/688411/AN202503181644493345.html
688411,海博思创,海博思创:北京海博思创科技股份有限公司关于变更公司注册资本、公司类型及修订《公司章程》并办理工商变更登记的公告,公司注册资本变更,2025-03-19,https://data.eastmoney.com/notices/detail/688411/AN202503181644493339.html
688411,海博思创,海博思创:北京海博思创科技股份有限公司第二届监事会第五次会议决议的公告,高管人员任职变动,2025-03-19,https://data.eastmoney.com/notices/detail/688411/AN202503181644493340.html
688411,海博思创,海博思创:北京海博思创科技股份有限公司关于使用部分暂时闲置募集资金进行现金管理的公告,投资理财,2025-03-19,https://data.eastmoney.com/notices/detail/688411/AN202503181644493348.html
688639,华恒生物,华恒生物:安徽华恒生物科技股份有限公司2025年第一次临时股东大会会议资料,股东大会资料,2025-03-19,https://data.eastmoney.com/notices/detail/688639/AN202503181644493352.html
688411,海博思创,海博思创:北京海博思创科技股份有限公司关于使用募集资金置换预先支付发行费用的自筹资金的公告,募集资金使用情况报告,2025-03-19,https://data.eastmoney.com/notices/detail/688411/AN202503181644493347.html
688411,海博思创,海博思创:中泰证券股份有限公司关于北京海博思创科技股份有限公司使用募集资金及自有资金向全资子公司增资的核查意见,保荐/核查意见,2025-03-19,https://data.eastmoney.com/notices/detail/688411/AN202503181644493346.html
688411,海博思创,海博思创:北京海博思创科技股份有限公司关于使用募集资金及自有资金向全资子公司增资的公告,增资扩股,2025-03-19,https://data.eastmoney.com/notices/detail/688411/AN202503181644493338.html
688411,海博思创,海博思创:关于北京海博思创科技股份有限公司以自筹资金预先支付发行费用的鉴证报告,保荐/核查意见,2025-03-19,https://data.eastmoney.com/notices/detail/688411/AN202503181644493343.html
688136,科兴制药,科兴制药:关于以集中竞价交易方式回购公司股份方案的公告,回购预案,2025-03-19,https://data.eastmoney.com/notices/detail/688136/AN202503181644493351.html
688411,海博思创,海博思创:北京海博思创科技股份有限公司关于监事辞职及补选监事的公告,高管人员任职变动,2025-03-19,https://data.eastmoney.com/notices/detail/688411/AN202503181644493341.html
688411,海博思创,海博思创:中泰证券股份有限公司关于北京海博思创科技股份有限公司使用募集资金置换预先支付发行费用的自筹资金的核查意见,保荐/核查意见,2025-03-19,https://data.eastmoney.com/notices/detail/688411/AN202503181644493342.html
688136,科兴制药,科兴制药:关于公司实际控制人兼董事长提议回购公司股份的公告,其他,2025-03-19,https://data.eastmoney.com/notices/detail/688136/AN202503181644493344.html
688411,海博思创,海博思创:中泰证券股份有限公司关于北京海博思创科技股份有限公司调整募集资金投资项目拟投入募集资金金额的核查意见,保荐/核查意见,2025-03-19,https://data.eastmoney.com/notices/detail/688411/AN202503181644493349.html
688411,海博思创,海博思创:北京海博思创科技股份有限公司章程,公司章程,2025-03-19,https://data.eastmoney.com/notices/detail/688411/AN202503181644493350.html
688411,海博思创,海博思创:北京海博思创科技股份有限公司关于召开2025年第一次临时股东大会的通知,召开股东大会通知,2025-03-19,https://data.eastmoney.com/notices/detail/688411/AN202503181644493336.html
600289,ST信通,*ST信通:亿阳信通关于公司股票可能被终止上市的风险提示公告,终止上市风险提示,2025-03-19,https://data.eastmoney.com/notices/detail/600289/AN202503181644493322.html
002570,贝因美,贝因美:关于股票交易异常波动的公告,股票交易异常波动,2025-03-19,https://data.eastmoney.com/notices/detail/002570/AN202503181644493331.html
002164,宁波东力,宁波东力:股票交易异常波动公告,股票交易异常波动,2025-03-19,https://data.eastmoney.com/notices/detail/002164/AN202503181644493330.html
002839,张家港行,张家港行:江苏张家港农村商业银行股份有限公司关于获准发行金融债券的公告,其他,2025-03-19,https://data.eastmoney.com/notices/detail/002839/AN202503181644493312.html
000534,万泽股份,万泽股份:万泽股份2020年股权激励计划行权解除限售条件成就及注销部分股票期权相关事项的法律意见书,法律意见书,2025-03-19,https://data.eastmoney.com/notices/detail/000534/AN202503181644492445.html
000534,万泽股份,万泽股份:万泽股份第十一届监事会第二十六次会议决议公告,监事会决议公告,2025-03-19,https://data.eastmoney.com/notices/detail/000534/AN202503181644492451.html
000534,万泽股份,万泽股份:万泽股份关于公司2020年股权激励计划预留授予权益第三个行权期行权条件及第三个解除限售期解除限售条件成就的公告,限售股份上市流通,2025-03-19,https://data.eastmoney.com/notices/detail/000534/AN202503181644493261.html
000534,万泽股份,万泽股份:万泽股份关于注销公司2020年股权激励计划部分股票期权的公告,股权激励进展公告,2025-03-19,https://data.eastmoney.com/notices/detail/000534/AN202503181644492456.html
000534,万泽股份,万泽股份:万泽股份第十一届董事会第四十五次会议决议公告,董事会决议公告,2025-03-19,https://data.eastmoney.com/notices/detail/000534/AN202503181644492447.html
000065,北方国际,北方国际:关于北方转债赎回实施的第八次提示性公告,其他,2025-03-19,https://data.eastmoney.com/notices/detail/000065/AN202503181644493257.html
002932,*ST明德,明德生物:关于公司股份回购完成暨股份变动的公告,股本变动,2025-03-19,https://data.eastmoney.com/notices/detail/002932/AN202503181644492450.html
300961,深水海纳,深水海纳:简式权益变动报告书-李海波、安义深水,权益变动报告书,2025-03-19,https://data.eastmoney.com/notices/detail/300961/AN202503181644493260.html
300961,深水海纳,深水海纳:关于股东解除一致行动关系暨权益变动的提示性公告,权益变动报告书,2025-03-19,https://data.eastmoney.com/notices/detail/300961/AN202503181644493258.html
600012,皖通高速,皖通高速:皖通高速关于参与深圳高速公路集团股份有限公司向特定对象发行A股股票认购结果暨关联交易的公告,其他增发事项公告,2025-03-19,https://data.eastmoney.com/notices/detail/600012/AN202503181644492389.html
300165,天瑞仪器,ST天瑞:关于公司及相关当事人收到《行政处罚决定书》的公告,处罚,2025-03-19,https://data.eastmoney.com/notices/detail/300165/AN202503181644492399.html
600548,深高速,深高速:北京国枫律师事务所关于深圳高速公路集团股份有限公司向特定对象发行A股股票发行过程及认购对象合规性的专项法律意见书,法律意见书,2025-03-19,https://data.eastmoney.com/notices/detail/600548/AN202503181644491923.html
600548,深高速,深高速:德勤华永会计师事务所(特殊普通合伙)关于深圳高速公路集团股份有限公司向特定对象发行A股股票验资报告,保荐/核查意见,2025-03-19,https://data.eastmoney.com/notices/detail/600548/AN202503181644491922.html
688373,盟科药业,盟科药业:中国国际金融股份有限公司关于上海盟科药业股份有限公司2024年持续督导工作现场检查报告,保荐/核查意见,2025-03-19,https://data.eastmoney.com/notices/detail/688373/AN202503181644492390.html
600803,新奥股份,新奥股份:新奥股份关于筹划重大事项暨停牌公告,停牌公告,2025-03-19,https://data.eastmoney.com/notices/detail/600803/AN202503181644492388.html
001223,欧克科技,欧克科技:关于使用暂时闲置募集资金进行现金管理的公告,投资理财,2025-03-19,https://data.eastmoney.com/notices/detail/001223/AN202503181644492372.html
001223,欧克科技,欧克科技:第二届董事会第十一次会议决议,董事会决议公告,2025-03-19,https://data.eastmoney.com/notices/detail/001223/AN202503181644492371.html
001223,欧克科技,欧克科技:关于使用自有资金进行现金管理的公告,投资理财,2025-03-19,https://data.eastmoney.com/notices/detail/001223/AN202503181644492373.html
001223,欧克科技,欧克科技:国投证券股份有限公司关于欧克科技股份有限公司使用暂时闲置募集资金进行现金管理的核查意见,保荐/核查意见,2025-03-19,https://data.eastmoney.com/notices/detail/001223/AN202503181644492375.html
001223,欧克科技,欧克科技:第二届监事会第九次会议决议,监事会决议公告,2025-03-19,https://data.eastmoney.com/notices/detail/001223/AN202503181644492374.html
600548,深高速,深高速:2023年度向特定对象发行A股股票发行情况报告书,其他增发事项公告,2025-03-19,https://data.eastmoney.com/notices/detail/600548/AN202503181644491921.html
600548,深高速,深高速:中信证券股份有限公司关于深圳高速公路集团股份有限公司2023年度向特定对象发行A股股票发行过程和认购对象合规性的报告,保荐/核查意见,2025-03-19,https://data.eastmoney.com/notices/detail/600548/AN202503181644491920.html
600548,深高速,深高速:关于签订募集资金专户存储三方及四方监管协议的公告,签订协议,2025-03-19,https://data.eastmoney.com/notices/detail/600548/AN202503181644491918.html
000729,燕京啤酒,燕京啤酒:第八届董事会第三十一次会议决议公告,董事会决议公告,2025-03-19,https://data.eastmoney.com/notices/detail/000729/AN202503181644491931.html
002560,通达股份,通达股份:北京市君致律师事务所关于河南通达电缆股份有限公司2025年第一次临时股东大会的法律意见书,法律意见书,2025-03-19,https://data.eastmoney.com/notices/detail/002560/AN202503181644491947.html
002270,华明装备,华明装备:申万宏源证券承销保荐有限责任公司关于华明电力装备股份有限公司向特定对象发行股票限售股份上市流通的核查意见,保荐/核查意见,2025-03-19,https://data.eastmoney.com/notices/detail/002270/AN202503181644491935.html
000729,燕京啤酒,燕京啤酒:关于使用闲置自有资金投资结构性存款的公告,投资理财,2025-03-19,https://data.eastmoney.com/notices/detail/000729/AN202503181644491941.html
002188,中天服务,中天服务:浙江天册律师事务所关于中天服务股份有限公司2024年度股东大会的法律意见书,法律意见书,2025-03-19,https://data.eastmoney.com/notices/detail/002188/AN202503181644491942.html
000729,燕京啤酒,燕京啤酒:第八届监事会第二十三次会议决议公告,监事会决议公告,2025-03-19,https://data.eastmoney.com/notices/detail/000729/AN202503181644491945.html
002223,鱼跃医疗,鱼跃医疗:关于与专业投资机构共同投资的进展公告,对外项目投资,2025-03-19,https://data.eastmoney.com/notices/detail/002223/AN202503181644491934.html
301327,华宝新能,华宝新能:2025年第二次临时股东会决议公告,股东大会决议公告,2025-03-19,https://data.eastmoney.com/notices/detail/301327/AN202503181644491936.html
000828,东莞控股,东莞控股:第八届董事会第四十次会议决议公告,董事会决议公告,2025-03-19,https://data.eastmoney.com/notices/detail/000828/AN202503181644491940.html
002560,通达股份,通达股份:2025年第一次临时股东大会决议公告,股东大会决议公告,2025-03-19,https://data.eastmoney.com/notices/detail/002560/AN202503181644491949.html
002558,巨人网络,巨人网络:关于控股股东一致行动人部分股份解除质押及重新质押的公告,股份质押、冻结,2025-03-19,https://data.eastmoney.com/notices/detail/002558/AN202503181644491933.html
000729,燕京啤酒,燕京啤酒:关于变更签字注册会计师的公告,公司关联方基本资料变更,2025-03-19,https://data.eastmoney.com/notices/detail/000729/AN202503181644491939.html
002270,华明装备,华明装备:关于非公开发行限售股份解禁上市流通的提示性公告,限售股份上市流通,2025-03-19,https://data.eastmoney.com/notices/detail/002270/AN202503181644491938.html
000828,东莞控股,东莞控股:关于与市路桥公司签署莞深高速改扩建工程委托建设管理协议的公告,签订协议,2025-03-19,https://data.eastmoney.com/notices/detail/000828/AN202503181644491930.html
000652,泰达股份,泰达股份:关于为控股子公司及三级子公司提供担保的公告,提供/对外担保公告,2025-03-19,https://data.eastmoney.com/notices/detail/000652/AN202503181644491929.html
000828,东莞控股,东莞控股:第八届监事会第二十九次会议决议公告,监事会决议公告,2025-03-19,https://data.eastmoney.com/notices/detail/000828/AN202503181644491932.html
002188,中天服务,中天服务:2024年度股东大会决议公告,分配方案决议公告,2025-03-19,https://data.eastmoney.com/notices/detail/002188/AN202503181644491943.html
002862,实丰文化,实丰文化:关于公司为下属公司提供担保进展的公告,提供/对外担保公告,2025-03-19,https://data.eastmoney.com/notices/detail/002862/AN202503181644491944.html
002188,中天服务,中天服务:第六届董事会第十二次会议决议公告,高管人员任职变动,2025-03-19,https://data.eastmoney.com/notices/detail/002188/AN202503181644491946.html
002420,毅昌科技,毅昌科技:关于提供担保的进展公告,提供/对外担保公告,2025-03-19,https://data.eastmoney.com/notices/detail/002420/AN202503181644491937.html
301327,华宝新能,华宝新能:上海市锦天城(深圳)律师事务所关于深圳市华宝新能源股份有限公司2025年第二次临时股东会的法律意见书,法律意见书,2025-03-19,https://data.eastmoney.com/notices/detail/301327/AN202503181644491948.html
600548,深高速,深高速:关于向特定对象发行A股股票发行情况报告书披露的提示性公告,其他增发事项公告,2025-03-19,https://data.eastmoney.com/notices/detail/600548/AN202503181644491919.html
301458,钧崴电子,钧崴电子:上海市通力律师事务所关于关于钧崴电子科技股份有限公司2025年第一次临时股东大会的法律意见书,法律意见书,2025-03-19,https://data.eastmoney.com/notices/detail/301458/AN202503181644491878.html
301458,钧崴电子,钧崴电子:2025年第一次临时股东大会决议公告,股东大会决议公告,2025-03-19,https://data.eastmoney.com/notices/detail/301458/AN202503181644491886.html
002881,美格智能,美格智能:炜衡沛雄(前海)联营律师事务所关于美格智能技术股份有限公司2025年第一次临时股东大会之法律意见书,法律意见书,2025-03-19,https://data.eastmoney.com/notices/detail/002881/AN202503181644491879.html
002881,美格智能,美格智能:2025年第一次临时股东大会决议公告,股东大会决议公告,2025-03-19,https://data.eastmoney.com/notices/detail/002881/AN202503181644491884.html
002881,美格智能,美格智能:关于回购注销部分限制性股票减资暨通知债权人的公告,公司注册资本变更,2025-03-19,https://data.eastmoney.com/notices/detail/002881/AN202503181644491873.html
002668,TCL智家,TCL智家:北京市嘉源律师事务所关于广东TCL智慧家电股份有限公司回购期满不实施控股子公司少数股东股权回购之法律意见书,法律意见书,2025-03-19,https://data.eastmoney.com/notices/detail/002668/AN202503181644491888.html
002668,TCL智家,TCL智家:关于公司行使回购控股子公司少数股东股权的进展暨回购期满的公告,回购进展情况,2025-03-19,https://data.eastmoney.com/notices/detail/002668/AN202503181644491891.html
002579,中京电子,中京电子:关于控股股东部分股份质押的公告,股份质押、冻结,2025-03-19,https://data.eastmoney.com/notices/detail/002579/AN202503181644491874.html
002188,中天服务,中天服务:关于董事、财务总监辞职及聘任财务总监的公告,高管人员任职变动,2025-03-19,https://data.eastmoney.com/notices/detail/002188/AN202503181644491875.html
000158,常山北明,常山北明:关于公司董事长、独立董事辞职暨补选董事的公告,高管人员任职变动,2025-03-19,https://data.eastmoney.com/notices/detail/000158/AN202503181644491893.html
000158,常山北明,常山北明:独立董事候选人声明与承诺(周霖),独立董事候选人声明,2025-03-19,https://data.eastmoney.com/notices/detail/000158/AN202503181644491882.html
000158,常山北明,常山北明:独立董事候选人声明与承诺(翟建强),独立董事候选人声明,2025-03-19,https://data.eastmoney.com/notices/detail/000158/AN202503181644491885.html
000158,常山北明,常山北明:独立董事提名人声明与承诺(周霖),独立董事提名人声明,2025-03-19,https://data.eastmoney.com/notices/detail/000158/AN202503181644491880.html
000158,常山北明,常山北明:独立董事提名人声明与承诺(翟建强),独立董事提名人声明,2025-03-19,https://data.eastmoney.com/notices/detail/000158/AN202503181644491871.html
000158,常山北明,常山北明:监事会八届四十一次会议决议公告,高管人员任职变动,2025-03-19,https://data.eastmoney.com/notices/detail/000158/AN202503181644491892.html
000158,常山北明,常山北明:董事会八届四十一次会议决议公告,高管人员任职变动,2025-03-19,https://data.eastmoney.com/notices/detail/000158/AN202503181644491890.html
000158,常山北明,常山北明:关于召开2025年第1次临时股东大会的通知,召开股东大会通知,2025-03-19,https://data.eastmoney.com/notices/detail/000158/AN202503181644491883.html
001289,龙源电力,龙源电力:H股-董事会召开日期,其他,2025-03-19,https://data.eastmoney.com/notices/detail/001289/AN202503181644491350.html
301218,华是科技,华是科技:关于召开2025年第二次临时股东大会的通知,召开股东大会通知,2025-03-19,https://data.eastmoney.com/notices/detail/301218/AN202503181644491858.html
301218,华是科技,华是科技:国投证券股份有限公司关于浙江华是科技股份有限公司使用部分闲置募集资金及自有资金进行现金管理的核查意见,保荐/核查意见,2025-03-19,https://data.eastmoney.com/notices/detail/301218/AN202503181644491348.html
301218,华是科技,华是科技:第四届监事会第二次会议决议公告,监事会决议公告,2025-03-19,https://data.eastmoney.com/notices/detail/301218/AN202503181644491356.html
300422,博世科,博世科:第六届监事会第二十次会议决议公告,监事会决议公告,2025-03-19,https://data.eastmoney.com/notices/detail/300422/AN202503181644491353.html
002667,*ST威领,威领股份:第七届监事会第七次会议决议公告,监事会决议公告,2025-03-19,https://data.eastmoney.com/notices/detail/002667/AN202503181644491354.html
300422,博世科,博世科:关于召开2025年第三次临时股东大会的通知,召开股东大会通知,2025-03-19,https://data.eastmoney.com/notices/detail/300422/AN202503181644491347.html
300422,博世科,博世科:《公司章程》(2025年3月修订),公司章程修订,2025-03-19,https://data.eastmoney.com/notices/detail/300422/AN202503181644491345.html
300422,博世科,博世科:关于拟变更公司住所、名称并修订《公司章程》的公告,公司名称变更,2025-03-19,https://data.eastmoney.com/notices/detail/300422/AN202503181644491857.html
002667,*ST威领,威领股份:关于召开2025年第二次临时股东大会的通知,召开股东大会通知,2025-03-19,https://data.eastmoney.com/notices/detail/002667/AN202503181644491352.html
002667,*ST威领,威领股份:关于向控股股东借款暨关联交易的公告,借贷,2025-03-19,https://data.eastmoney.com/notices/detail/002667/AN202503181644491355.html
300422,博世科,博世科:第六届董事会第三十次会议决议公告,董事会决议公告,2025-03-19,https://data.eastmoney.com/notices/detail/300422/AN202503181644491349.html
301218,华是科技,华是科技:关于使用部分闲置募集资金及自有资金进行现金管理的公告,投资理财,2025-03-19,https://data.eastmoney.com/notices/detail/301218/AN202503181644491346.html
301218,华是科技,华是科技:关于使用部分超募资金永久补充流动资金的公告,募集资金补充流动资金,2025-03-19,https://data.eastmoney.com/notices/detail/301218/AN202503181644491351.html
301218,华是科技,华是科技:国投证券股份有限公司关于浙江华是科技股份有限公司使用部分超募资金永久补充流动资金的核查意见,保荐/核查意见,2025-03-19,https://data.eastmoney.com/notices/detail/301218/AN202503181644491326.html
301218,华是科技,华是科技:第四届董事会第二次会议决议公告,董事会决议公告,2025-03-19,https://data.eastmoney.com/notices/detail/301218/AN202503181644491327.html
002667,*ST威领,威领股份:第七届董事会第七次会议决议公告,董事会决议公告,2025-03-19,https://data.eastmoney.com/notices/detail/002667/AN202503181644491328.html
605020,永和股份,永和股份:中信证券股份有限公司关于浙江永和制冷股份有限公司2023年度向特定对象发行A股股票之上市保荐书,上市保荐书,2025-03-19,https://data.eastmoney.com/notices/detail/605020/AN202503181644491318.html
605020,永和股份,永和股份:浙江永和制冷股份有限公司2023年度向特定对象发行A股股票上市公告书,增发上市公告书,2025-03-19,https://data.eastmoney.com/notices/detail/605020/AN202503181644491317.html
605020,永和股份,永和股份:浙江永和制冷股份有限公司关于向特定对象发行A股股票结果暨股本变动公告,增发发行结果公告,2025-03-19,https://data.eastmoney.com/notices/detail/605020/AN202503181644491316.html
688521,芯原股份,芯原股份:关于2020年限制性股票激励计划部分限制性股票归属结果暨股份上市的公告,限售股份上市流通,2025-03-19,https://data.eastmoney.com/notices/detail/688521/AN202503181644491276.html
002885,京泉华,京泉华:关于董事会、监事会延期换届的公告,高管人员任职变动,2025-03-19,https://data.eastmoney.com/notices/detail/002885/AN202503181644490800.html
002342,巨力索具,巨力索具:关于股票交易异常波动的公告,股票交易异常波动,2025-03-19,https://data.eastmoney.com/notices/detail/002342/AN202503181644490801.html
000034,神州数码,神州数码:关于“神码转债”赎回实施的第十三次提示性公告,其他,2025-03-19,https://data.eastmoney.com/notices/detail/000034/AN202503181644490798.html
000034,神州数码,神州数码:关于收到中标通知书的公告,重大合同,2025-03-19,https://data.eastmoney.com/notices/detail/000034/AN202503181644490799.html
688292,浩瀚深度,浩瀚深度:北京浩瀚深度信息技术股份有限公司向不特定对象发行可转换公司债券发行结果公告,其他,2025-03-19,https://data.eastmoney.com/notices/detail/688292/AN202503181644490254.html
600055,万东医疗,万东医疗:万东医疗关于非公开发行限售股上市流通的公告,限售股份上市流通,2025-03-19,https://data.eastmoney.com/notices/detail/600055/AN202503181644490247.html
600055,万东医疗,万东医疗:华泰联合证券有限责任公司关于北京万东医疗科技股份有限公司非公开发行股票限售股上市流通的核查意见,保荐/核查意见,2025-03-19,https://data.eastmoney.com/notices/detail/600055/AN202503181644490248.html
605398,新炬网络,新炬网络:上海新炬网络信息技术股份有限公司2025年第一次临时股东大会决议公告,股东大会决议公告,2025-03-19,https://data.eastmoney.com/notices/detail/605398/AN202503181644490225.html
605398,新炬网络,新炬网络:上海市方达律师事务所关于上海新炬网络信息技术股份有限公司2025年第一次临时股东大会的法律意见书,法律意见书,2025-03-19,https://data.eastmoney.com/notices/detail/605398/AN202503181644490226.html
688286,敏芯股份,敏芯股份:苏州敏芯微电子技术股份有限公司关于合伙企业变更执行事务合伙人暨持股5%以上股东权益变动的提示性公告,权益变动报告书,2025-03-19,https://data.eastmoney.com/notices/detail/688286/AN202503181644490221.html
688286,敏芯股份,敏芯股份:苏州敏芯微电子技术股份有限公司简式权益变动报告书,权益变动报告书,2025-03-19,https://data.eastmoney.com/notices/detail/688286/AN202503181644490222.html
301043,绿岛风,绿岛风:关于使用部分闲置募集资金及自有资金进行现金管理的进展公告,募集资金使用进展情况,2025-03-19,https://data.eastmoney.com/notices/detail/301043/AN202503181644490241.html
300918,南山智尚,南山智尚:关于“智尚转债”赎回实施暨即将停止交易的重要提示性公告,其他,2025-03-19,https://data.eastmoney.com/notices/detail/300918/AN202503181644490240.html
002542,*ST中岩,中化岩土:关于累计诉讼、仲裁情况的公告,诉讼仲裁,2025-03-19,https://data.eastmoney.com/notices/detail/002542/AN202503181644490239.html
605011,杭州热电,杭州热电:关于高级管理人员工作变动的公告,高管人员任职变动,2025-03-19,https://data.eastmoney.com/notices/detail/605011/AN202503181644490193.html
603109,神驰机电,神驰机电:第五届监事会第一次会议决议公告,高管人员任职变动,2025-03-19,https://data.eastmoney.com/notices/detail/603109/AN202503181644490168.html
603109,神驰机电,神驰机电:关于职工代表监事换届选举的公告,高管人员任职变动,2025-03-19,https://data.eastmoney.com/notices/detail/603109/AN202503181644490171.html
603109,神驰机电,神驰机电:2025年第一次临时股东大会决议公告,股东大会决议公告,2025-03-19,https://data.eastmoney.com/notices/detail/603109/AN202503181644490169.html
603109,神驰机电,神驰机电:第五届董事会第一次会议决议公告,高管人员任职变动,2025-03-19,https://data.eastmoney.com/notices/detail/603109/AN202503181644490172.html
603109,神驰机电,神驰机电:国浩律师(重庆)事务所关于神驰机电股份有限公司2025年第一次临时股东会的法律意见书,法律意见书,2025-03-19,https://data.eastmoney.com/notices/detail/603109/AN202503181644490170.html
603093,南华期货,南华期货:南华期货股份有限公司2024年年度股东大会会议资料,股东大会资料,2025-03-19,https://data.eastmoney.com/notices/detail/603093/AN202503181644489646.html
688689,银河微电,银河微电:关于大股东及其一致行动人股东权益变动触及1%的提示性公告,权益变动报告书,2025-03-19,https://data.eastmoney.com/notices/detail/688689/AN202503181644489589.html
600660,福耀玻璃,福耀玻璃:福耀玻璃2024年度“提质增效重回报”行动方案的评估报告,其他,2025-03-19,https://data.eastmoney.com/notices/detail/600660/AN202503181644489155.html
600660,福耀玻璃,福耀玻璃:福耀玻璃第十一届监事会第六次会议决议公告,监事会决议公告,2025-03-19,https://data.eastmoney.com/notices/detail/600660/AN202503181644489561.html
600660,福耀玻璃,福耀玻璃:福耀玻璃2024年度利润分配方案公告,分配预案,2025-03-19,https://data.eastmoney.com/notices/detail/600660/AN202503181644489557.html
600660,福耀玻璃,福耀玻璃:福耀玻璃关于对全资子公司福耀玻璃伊利诺伊有限公司增加投资的公告,增资扩股,2025-03-19,https://data.eastmoney.com/notices/detail/600660/AN202503181644489146.html
600660,福耀玻璃,福耀玻璃:董事局审计委员会对会计师事务所履行监督职责情况报告,其他,2025-03-19,https://data.eastmoney.com/notices/detail/600660/AN202503181644489562.html
600660,福耀玻璃,福耀玻璃:福耀玻璃关于发行超短期融资券的公告,其他,2025-03-19,https://data.eastmoney.com/notices/detail/600660/AN202503181644489563.html
600660,福耀玻璃,福耀玻璃:福耀玻璃2024年度内部控制审计报告,审计报告,2025-03-19,https://data.eastmoney.com/notices/detail/600660/AN202503181644489564.html
600660,福耀玻璃,福耀玻璃:福耀玻璃2024年年度报告,年度报告全文,2025-03-19,https://data.eastmoney.com/notices/detail/600660/AN202503181644489149.html
600660,福耀玻璃,福耀玻璃:福耀玻璃2024年环境、社会及管治报告,ESG公告,2025-03-19,https://data.eastmoney.com/notices/detail/600660/AN202503181644489560.html
600660,福耀玻璃,福耀玻璃:福耀玻璃2024年年度报告摘要,年度报告摘要,2025-03-19,https://data.eastmoney.com/notices/detail/600660/AN202503181644489152.html
600660,福耀玻璃,福耀玻璃:福耀玻璃2024年度内部控制评价报告,内部控制报告,2025-03-19,https://data.eastmoney.com/notices/detail/600660/AN202503181644489558.html
600660,福耀玻璃,福耀玻璃:福耀玻璃非经营性资金占用及其他关联资金往来情况汇总表的专项审计报告,保荐/核查意见,2025-03-19,https://data.eastmoney.com/notices/detail/600660/AN202503181644489147.html
600660,福耀玻璃,福耀玻璃:福耀玻璃2024年度审计报告,审计报告,2025-03-19,https://data.eastmoney.com/notices/detail/600660/AN202503181644489145.html
600660,福耀玻璃,福耀玻璃:福耀玻璃第十一届董事局第七次会议决议公告,分配预案,2025-03-19,https://data.eastmoney.com/notices/detail/600660/AN202503181644489151.html
600660,福耀玻璃,福耀玻璃:福耀玻璃独立董事2024年度述职报告(达正浩),独立董事述职报告,2025-03-19,https://data.eastmoney.com/notices/detail/600660/AN202503181644489565.html
600660,福耀玻璃,福耀玻璃:福耀玻璃董事局审计委员会2024年度履职情况报告,其他,2025-03-19,https://data.eastmoney.com/notices/detail/600660/AN202503181644489566.html
600660,福耀玻璃,福耀玻璃:福耀玻璃独立董事2024年度述职报告(刘京),独立董事述职报告,2025-03-19,https://data.eastmoney.com/notices/detail/600660/AN202503181644489567.html
600660,福耀玻璃,福耀玻璃:福耀玻璃关于续聘会计师事务所的公告,审计机构变更,2025-03-19,https://data.eastmoney.com/notices/detail/600660/AN202503181644489156.html
600660,福耀玻璃,福耀玻璃:福耀玻璃独立董事2024年度述职报告(薛祖云),独立董事述职报告,2025-03-19,https://data.eastmoney.com/notices/detail/600660/AN202503181644489153.html
600660,福耀玻璃,福耀玻璃:福耀玻璃董事局关于独立董事独立性情况的专项意见,专项说明/独立意见,2025-03-19,https://data.eastmoney.com/notices/detail/600660/AN202503181644489148.html
600660,福耀玻璃,福耀玻璃:福耀玻璃关于会计师事务所2024年度审计履职情况的评估报告,其他,2025-03-19,https://data.eastmoney.com/notices/detail/600660/AN202503181644489150.html
600660,福耀玻璃,福耀玻璃:福耀玻璃关于发行中期票据的公告,其他,2025-03-19,https://data.eastmoney.com/notices/detail/600660/AN202503181644489154.html
600660,福耀玻璃,福耀玻璃:福耀玻璃关于召开2024年年度业绩说明会的公告,其他,2025-03-19,https://data.eastmoney.com/notices/detail/600660/AN202503181644489559.html
600678,ST金顶,四川金顶:四川金顶(集团)股份有限公司关于向控股子公司提供同比例增资的公告,增资扩股,2025-03-19,https://data.eastmoney.com/notices/detail/600678/AN202503181644489138.html
600678,ST金顶,四川金顶:四川金顶(集团)股份有限公司第十届董事会第十四次会议决议公告,董事会决议公告,2025-03-19,https://data.eastmoney.com/notices/detail/600678/AN202503181644489137.html
600678,ST金顶,四川金顶:四川金顶(集团)股份有限公司第十届监事会第十一次会议决议公告,监事会决议公告,2025-03-19,https://data.eastmoney.com/notices/detail/600678/AN202503181644489136.html
600678,ST金顶,四川金顶:四川金顶(集团)股份有限公司关于2025年度日常关联交易预计的公告,关联交易,2025-03-19,https://data.eastmoney.com/notices/detail/600678/AN202503181644489139.html
603097,江苏华辰,江苏华辰:江苏华辰关于向不特定对象发行可转换公司债券获得上海证券交易所上市审核委员会审议通过的公告,其他,2025-03-19,https://data.eastmoney.com/notices/detail/603097/AN202503181644489124.html
300920,润阳科技,润阳科技:关于公司董事辞职的公告,高管人员任职变动,2025-03-19,https://data.eastmoney.com/notices/detail/300920/AN202503181644489118.html
002528,*ST英飞,ST英飞拓:关于公司及子公司银行账户部分资金被冻结的公告,其他,2025-03-19,https://data.eastmoney.com/notices/detail/002528/AN202503181644489120.html
002454,松芝股份,松芝股份:关于部分董事、监事、高级管理人员股份减持计划时间届满暨实施情况的公告,股东/实际控制人股份减持,2025-03-19,https://data.eastmoney.com/notices/detail/002454/AN202503181644489123.html
000709,河钢股份,河钢股份:控股股东及一致行动人增持股份触及1%暨增持计划进展情况的公告,股东/实际控制人股份增持,2025-03-19,https://data.eastmoney.com/notices/detail/000709/AN202503181644489121.html
000622,恒立退,*ST恒立:关于公司股票交易异常波动的公告,股票交易异常波动,2025-03-19,https://data.eastmoney.com/notices/detail/000622/AN202503181644489122.html
605128,上海沿浦,上海沿浦:上海沿浦金属制品股份有限公司关于实施“沿浦转债”赎回暨摘牌的公告,其他,2025-03-19,https://data.eastmoney.com/notices/detail/605128/AN202503181644489103.html
000921,海信家电,海信家电:H股公告-认购理财产品,其他,2025-03-19,https://data.eastmoney.com/notices/detail/000921/AN202503181644489088.html
300415,伊之密,伊之密:关于与专业投资机构共同投资的进展公告,对外项目投资,2025-03-19,https://data.eastmoney.com/notices/detail/300415/AN202503181644489089.html
600815,厦工股份,厦工股份:厦工股份第十届董事会第三十次会议决议公告,高管人员任职变动,2025-03-19,https://data.eastmoney.com/notices/detail/600815/AN202503181644489074.html
600815,厦工股份,厦工股份:厦工股份股东减持股份计划公告,股东/实际控制人股份减持,2025-03-19,https://data.eastmoney.com/notices/detail/600815/AN202503181644489077.html
600815,厦工股份,厦工股份:上海锦天城(厦门)律师事务所关于厦门厦工机械股份有限公司2025年第一次临时股东大会的法律意见书,法律意见书,2025-03-19,https://data.eastmoney.com/notices/detail/600815/AN202503181644489075.html
600815,厦工股份,厦工股份:厦工股份2025年第一次临时股东大会决议公告,股东大会决议公告,2025-03-19,https://data.eastmoney.com/notices/detail/600815/AN202503181644489076.html
605366,宏柏新材,宏柏新材:北京市中伦律师事务所关于江西宏柏新材料股份有限公司2025年第一次临时股东大会的法律意见书,法律意见书,2025-03-19,https://data.eastmoney.com/notices/detail/605366/AN202503181644489072.html
605366,宏柏新材,宏柏新材:江西宏柏新材料股份有限公司2025年第一次临时股东大会决议公告,股东大会决议公告,2025-03-19,https://data.eastmoney.com/notices/detail/605366/AN202503181644489073.html
002218,拓日新能,拓日新能:第六届董事会第二十一次会议决议公告,董事会决议公告,2025-03-19,https://data.eastmoney.com/notices/detail/002218/AN202503181644489068.html
002218,拓日新能,拓日新能:关于为全资子公司提供担保的公告,提供/对外担保公告,2025-03-19,https://data.eastmoney.com/notices/detail/002218/AN202503181644489067.html
601717,中创智领,郑煤机:郑煤机H股公告-董事会召开日期,其他,2025-03-19,https://data.eastmoney.com/notices/detail/601717/AN202503181644488448.html
601717,中创智领,郑煤机:郑煤机H股公告-翌日披露报表,其他,2025-03-19,https://data.eastmoney.com/notices/detail/601717/AN202503181644488449.html
600998,九州通,九州通:九州通关于子公司成为瑞舒伐他汀钙片上市许可持有人的公告,其他,2025-03-19,https://data.eastmoney.com/notices/detail/600998/AN202503181644488447.html
600036,招商银行,招商银行:招商银行股份有限公司关于召开2024年度业绩说明会的公告,其他,2025-03-19,https://data.eastmoney.com/notices/detail/600036/AN202503181644488422.html
601868,中国能建,中国能建:中国能源建设股份有限公司H股公告(董事会会议通告),其他,2025-03-19,https://data.eastmoney.com/notices/detail/601868/AN202503181644488404.html
600936,北投科技,广西广电:广西广电2025年第一次临时股东大会决议公告,股东大会决议公告,2025-03-19,https://data.eastmoney.com/notices/detail/600936/AN202503181644488420.html
600936,北投科技,广西广电:国浩律师(南宁)事务所关于广西广电2025年第一次临时股东大会的法律意见书,法律意见书,2025-03-19,https://data.eastmoney.com/notices/detail/600936/AN202503181644488419.html
600936,北投科技,广西广电:广西广电关于筹划重大资产置换暨关联交易的进展公告,关联交易,2025-03-19,https://data.eastmoney.com/notices/detail/600936/AN202503181644488418.html
688160,步科股份,步科股份:关于2025年股票期权激励计划首次授予登记完成的公告,股权激励进展公告,2025-03-19,https://data.eastmoney.com/notices/detail/688160/AN202503181644488417.html
688627,精智达,精智达:关于回购股份事项前十名股东和前十名无限售条件股东持股情况的公告,回购进展情况,2025-03-19,https://data.eastmoney.com/notices/detail/688627/AN202503181644488416.html
000659,珠海中富,珠海中富:关于公司董事辞职的公告,高管人员任职变动,2025-03-19,https://data.eastmoney.com/notices/detail/000659/AN202503181644488407.html
002309,中利集团,*ST中利:风险提示的进展公告,风险提示性公告,2025-03-19,https://data.eastmoney.com/notices/detail/002309/AN202503181644488408.html
603381,永臻股份,永臻股份:关于会计估计变更的公告,其他,2025-03-19,https://data.eastmoney.com/notices/detail/603381/AN202503181644488385.html
603381,永臻股份,永臻股份:关于向2025年股票期权激励计划激励对象首次授予股票期权的公告,股权激励进展公告,2025-03-19,https://data.eastmoney.com/notices/detail/603381/AN202503181644488384.html
603381,永臻股份,永臻股份:国浩律师(杭州)事务所关于永臻科技股份有限公司2025年股票期权激励计划调整及授予相关事项的法律意见书,法律意见书,2025-03-19,https://data.eastmoney.com/notices/detail/603381/AN202503181644488379.html
603381,永臻股份,永臻股份:2025年股票期权激励计划首次授予激励对象名单(首次授予日),股权激励对象名单,2025-03-19,https://data.eastmoney.com/notices/detail/603381/AN202503181644488387.html
603381,永臻股份,永臻股份:监事会关于公司2025年股票期权激励计划首次激励对象名单(首次授予日)的核查意见,股权激励进展公告,2025-03-19,https://data.eastmoney.com/notices/detail/603381/AN202503181644488383.html
603381,永臻股份,永臻股份:第二届董事会第四次会议决议公告,董事会决议公告,2025-03-19,https://data.eastmoney.com/notices/detail/603381/AN202503181644488380.html
603381,永臻股份,永臻股份:第二届监事会第四次会议决议公告,监事会决议公告,2025-03-19,https://data.eastmoney.com/notices/detail/603381/AN202503181644488382.html
603381,永臻股份,永臻股份:关于调整2025年股票期权激励计划首次授予激励对象名单的公告,股权激励进展公告,2025-03-19,https://data.eastmoney.com/notices/detail/603381/AN202503181644488386.html
603381,永臻股份,永臻股份:上海荣正企业咨询服务(集团)股份有限公司关于永臻科技股份有限公司2025年股票期权激励计划首次授予相关事项之独立财务顾问报告,保荐/核查意见,2025-03-19,https://data.eastmoney.com/notices/detail/603381/AN202503181644488381.html
301008,宏昌科技,宏昌科技:关于使用部分闲置募集资金及自有资金进行现金管理的进展公告,募集资金使用进展情况,2025-03-19,https://data.eastmoney.com/notices/detail/301008/AN202503181644488358.html
002922,伊戈尔,伊戈尔:关于为全资子公司提供担保的进展公告,提供/对外担保公告,2025-03-19,https://data.eastmoney.com/notices/detail/002922/AN202503181644488256.html
002086,东方海洋,东方海洋:股票交易异常波动公告,股票交易异常波动,2025-03-19,https://data.eastmoney.com/notices/detail/002086/AN202503181644488361.html
000998,隆平高科,隆平高科:关于控股子公司与深圳开鸿数字产业发展有限公司共同投资设立数字化农业公司的自愿性公告,其他,2025-03-19,https://data.eastmoney.com/notices/detail/000998/AN202503181644488360.html
000970,中科三环,中科三环:中科三环关于2024年年度股东大会增加临时提案暨股东大会补充通知的公告,增加股东大会议案,2025-03-19,https://data.eastmoney.com/notices/detail/000970/AN202503181644488254.html
000815,美利云,美利云:中冶美利云产业投资股份有限公司关于股票交易异常波动的公告,股票交易异常波动,2025-03-19,https://data.eastmoney.com/notices/detail/000815/AN202503181644488357.html
688506,百利天恒,百利天恒:四川百利天恒药业股份有限公司2025年第一次临时股东大会会议资料,股东大会资料,2025-03-19,https://data.eastmoney.com/notices/detail/688506/AN202503181644488251.html
600594,益佰制药,益佰制药:贵州益佰制药股份有限公司关于控股股东部分股份质押及解除质押的公告,股份质押、冻结,2025-03-19,https://data.eastmoney.com/notices/detail/600594/AN202503181644488241.html
301256,华融化学,华融化学:华泰联合证券有限责任公司关于华融化学股份有限公司首次公开发行前已发行股份上市流通的核查意见,保荐/核查意见,2025-03-19,https://data.eastmoney.com/notices/detail/301256/AN202503181644488239.html
301256,华融化学,华融化学:关于部分首次公开发行前已发行股份上市流通的提示性公告,限售股份上市流通,2025-03-19,https://data.eastmoney.com/notices/detail/301256/AN202503181644488240.html
600375,汉马科技,*ST汉马:汉马科技集团股份有限公司关于子公司诉讼事项进展的公告,其他,2025-03-19,https://data.eastmoney.com/notices/detail/600375/AN202503181644488230.html
002907,华森制药,华森制药:关于公司收到药品再注册批准通知书的公告,其他,2025-03-19,https://data.eastmoney.com/notices/detail/002907/AN202503181644488206.html
000159,国际实业,国际实业:关于新疆国际实业股份有限公司2021年度、2022年度、2023年度及2024年1-9月非经常性损益的专项核查意见,保荐/核查意见,2025-03-19,https://data.eastmoney.com/notices/detail/000159/AN202503181644488205.html
600894,广日股份,广日股份:广州广日股份有限公司关于总经理代行董事会秘书、财务负责人职责的公告,高管人员任职变动,2025-03-19,https://data.eastmoney.com/notices/detail/600894/AN202503181644488193.html
600715,文投控股,*ST文投:文投控股股份有限公司关于重整计划相关事项的进展公告,重组进展公告,2025-03-19,https://data.eastmoney.com/notices/detail/600715/AN202503181644488194.html
002907,华森制药,华森制药:关于公司产品完成境内生产药品备案的公告,其他,2025-03-19,https://data.eastmoney.com/notices/detail/002907/AN202503181644488195.html
601456,国联民生,国联民生:H股公告(变更公司名称及证券简称),其他,2025-03-19,https://data.eastmoney.com/notices/detail/601456/AN202503181644487956.html
601878,浙商证券,浙商证券:北京市嘉源律师事务所关于浙商证券股份有限公司2025年第一次临时股东大会的法律意见书,法律意见书,2025-03-19,https://data.eastmoney.com/notices/detail/601878/AN202503181644488177.html
601878,浙商证券,浙商证券:浙商证券股份有限公司2025年第一次临时股东大会决议公告,股东大会决议公告,2025-03-19,https://data.eastmoney.com/notices/detail/601878/AN202503181644488176.html
002326,永太科技,永太科技:关于为子公司提供担保的公告,提供/对外担保公告,2025-03-19,https://data.eastmoney.com/notices/detail/002326/AN202503181644488170.html
600131,国网信通,国网信通:北京康达(成都)律师事务所关于国网信息通信股份有限公司2021年限制性股票激励计划部分限制性股票回购注销实施之法律意见书,法律意见书,2025-03-19,https://data.eastmoney.com/notices/detail/600131/AN202503181644488166.html
600131,国网信通,国网信通:国网信息通信股份有限公司关于2021年限制性股票激励计划部分限制性股票回购注销实施公告,回购实施公告,2025-03-19,https://data.eastmoney.com/notices/detail/600131/AN202503181644488167.html
601866,中远海发,中远海发:H股公告:翌日披露报表,其他,2025-03-19,https://data.eastmoney.com/notices/detail/601866/AN202503181644487946.html
601058,赛轮轮胎,赛轮轮胎:赛轮轮胎2025年第一次临时股东大会法律意见书,法律意见书,2025-03-19,https://data.eastmoney.com/notices/detail/601058/AN202503181644487937.html
000820,神雾节能,神雾节能:关于2022年股票期权激励计划预留授予部分第一个行权期集中行权结果暨股份上市的公告,股权激励行权结果,2025-03-19,https://data.eastmoney.com/notices/detail/000820/AN202503181644487934.html
601058,赛轮轮胎,赛轮轮胎:赛轮轮胎2025年第一次临时股东大会决议公告,股东大会决议公告,2025-03-19,https://data.eastmoney.com/notices/detail/601058/AN202503181644487936.html
688037,芯源微,芯源微:芯源微2025年第一次临时股东大会会议资料,股东大会资料,2025-03-19,https://data.eastmoney.com/notices/detail/688037/AN202503181644487932.html
603209,兴通股份,兴通股份:中信证券股份有限公司关于兴通海运股份有限公司首次公开发行股票部分限售股解禁上市流通的核查意见,保荐/核查意见,2025-03-19,https://data.eastmoney.com/notices/detail/603209/AN202503181644487925.html
603209,兴通股份,兴通股份:兴通海运股份有限公司首次公开发行限售股上市流通公告,限售股份上市流通,2025-03-19,https://data.eastmoney.com/notices/detail/603209/AN202503181644487926.html
600016,民生银行,民生银行:H股公告-董事会会议召开日期,其他,2025-03-19,https://data.eastmoney.com/notices/detail/600016/AN202503181644487876.html
603176,汇通集团,汇通集团:汇通集团关于股份性质变更暨2025年限制性股票激励计划授予的进展公告,股权激励进展公告,2025-03-19,https://data.eastmoney.com/notices/detail/603176/AN202503181644487911.html
603025,大豪科技,大豪科技:北京大豪科技股份有限公司关于董事长辞任及推选贺群代行董事长职责的公告,高管人员任职变动,2025-03-19,https://data.eastmoney.com/notices/detail/603025/AN202503181644487910.html
002253,川大智胜,川大智胜:四川川大智胜软件股份有限公司关于变更签字注册会计师的公告,公司关联方基本资料变更,2025-03-19,https://data.eastmoney.com/notices/detail/002253/AN202503181644487888.html
002253,川大智胜,川大智胜:四川川大智胜软件股份有限公司关于四川大学无偿划转川大智胜股权的进展公告,股权转让,2025-03-19,https://data.eastmoney.com/notices/detail/002253/AN202503181644487885.html
000069,华侨城A,华侨城Ａ:2025年2月主要业务经营情况公告,月度经营情况,2025-03-19,https://data.eastmoney.com/notices/detail/000069/AN202503181644487886.html
002713,东易日盛,东易日盛:关于新增累计诉讼、仲裁情况的公告,诉讼仲裁,2025-03-19,https://data.eastmoney.com/notices/detail/002713/AN202503181644487887.html
688236,春立医疗,春立医疗:H股公告:董事会会议通告,其他,2025-03-19,https://data.eastmoney.com/notices/detail/688236/AN202503181644487865.html
603333,福华尚纬,尚纬股份:尚纬股份有限公司关于变更持续督导保荐代表人的公告,保荐代表人（机构）变更,2025-03-19,https://data.eastmoney.com/notices/detail/603333/AN202503181644487868.html
600545,卓郎智能,卓郎智能:关于控股股东股份被轮候冻结的公告,股份质押、冻结,2025-03-19,https://data.eastmoney.com/notices/detail/600545/AN202503181644487651.html
603887,城地香江,城地香江:上海城地香江数据科技股份有限公司关于对外担保进展的公告,提供/对外担保公告,2025-03-19,https://data.eastmoney.com/notices/detail/603887/AN202503181644487650.html
603278,大业股份,大业股份:大业股份部分董事及高级管理人员集中竞价减持股份结果公告,高管人员持股变动,2025-03-19,https://data.eastmoney.com/notices/detail/603278/AN202503181644487652.html
000998,隆平高科,隆平高科:关于转让全资子公司部分股权的公告,股权转让,2025-03-19,https://data.eastmoney.com/notices/detail/000998/AN202503181644487625.html
002760,凤形股份,凤形股份:关于持股5%以上股东权益变动触及1%整数倍的公告,权益变动报告书,2025-03-19,https://data.eastmoney.com/notices/detail/002760/AN202503181644487626.html
002650,ST加加,ST加加:关于公司内部审计负责人辞职的公告,高管人员任职变动,2025-03-19,https://data.eastmoney.com/notices/detail/002650/AN202503181644487631.html
000404,长虹华意,长虹华意:关于公司董事、董事会秘书增持公司股份的公告,股东/实际控制人股份增持,2025-03-19,https://data.eastmoney.com/notices/detail/000404/AN202503181644487628.html
002278,神开股份,神开股份:股票交易异常波动公告,股票交易异常波动,2025-03-19,https://data.eastmoney.com/notices/detail/002278/AN202503181644487627.html
002865,钧达股份,钧达股份:关于举行2024年年度业绩说明会的公告,其他,2025-03-19,https://data.eastmoney.com/notices/detail/002865/AN202503181644487630.html
000998,隆平高科,隆平高科:第九届董事会第十七次(临时)会议决议公告,董事会决议公告,2025-03-19,https://data.eastmoney.com/notices/detail/000998/AN202503181644487629.html
603317,天味食品,天味食品:关于使用部分闲置募集资金进行现金管理到期赎回的公告,投资理财,2025-03-19,https://data.eastmoney.com/notices/detail/603317/AN202503181644487623.html
601390,中国中铁,中国中铁:中国中铁H股公告(董事会会议召开日期),其他,2025-03-19,https://data.eastmoney.com/notices/detail/601390/AN202503181644487591.html
002307,北新路桥,北新路桥:工程中标公告,重大合同,2025-03-19,https://data.eastmoney.com/notices/detail/002307/AN202503181644487596.html
601101,昊华能源,昊华能源:北京昊华能源股份有限公司关于控股子公司宁夏红墩子煤业有限公司(红二煤矿)取得安全生产许可证的公告,其他,2025-03-19,https://data.eastmoney.com/notices/detail/601101/AN202503181644487590.html
600478,科力远,科力远:科力远关于为子公司提供担保的公告,提供/对外担保公告,2025-03-19,https://data.eastmoney.com/notices/detail/600478/AN202503181644487580.html
601577,长沙银行,长沙银行:长沙银行股份有限公司关于变更向不特定对象发行可转换公司债券项目保荐代表人的公告,保荐代表人（机构）变更,2025-03-19,https://data.eastmoney.com/notices/detail/601577/AN202503181644487581.html
000558,天府文旅,天府文旅:关于投资设立子公司暨关联交易的公告,投资设立公司,2025-03-19,https://data.eastmoney.com/notices/detail/000558/AN202503181644487570.html
000558,天府文旅,天府文旅:第十一届董事会第二十八次会议决议公告,董事会决议公告,2025-03-19,https://data.eastmoney.com/notices/detail/000558/AN202503181644487572.html
603997,继峰股份,继峰股份:继峰股份关于对外投资的公告,对外项目投资,2025-03-19,https://data.eastmoney.com/notices/detail/603997/AN202503181644487558.html
603997,继峰股份,继峰股份:继峰股份第五届董事会第十五次会议决议公告,董事会决议公告,2025-03-19,https://data.eastmoney.com/notices/detail/603997/AN202503181644487559.html
601238,广汽集团,广汽集团:H股公告-董事会会议日期公告,其他,2025-03-19,https://data.eastmoney.com/notices/detail/601238/AN202503181644487343.html
603081,大丰实业,大丰实业:浙江大丰实业股份有限公司关于“大丰转债”到期兑付暨摘牌的公告,其他,2025-03-19,https://data.eastmoney.com/notices/detail/603081/AN202503181644487301.html
603505,金石资源,金石资源:金石资源集团股份有限公司关于全资子公司为公司提供担保的公告,提供/对外担保公告,2025-03-19,https://data.eastmoney.com/notices/detail/603505/AN202503181644487277.html
002574,明牌珠宝,明牌珠宝:股票交易异常波动公告,股票交易异常波动,2025-03-19,https://data.eastmoney.com/notices/detail/002574/AN202503181644487262.html
000400,许继电气,许继电气:上海上正恒泰律师事务所关于调整许继电气2022年限制性股票回购价格及回购并注销已获授未解锁股票事项的法律意见,法律意见书,2025-03-19,https://data.eastmoney.com/notices/detail/000400/AN202503181644487261.html
000400,许继电气,许继电气:上海荣正企业咨询服务(集团)股份有限公司关于许继电气股份有限公司调整2022年限制性股票激励计划回购价格及回购注销部分限制性股票相关事项之独立财务顾问报告,保荐/核查意见,2025-03-19,https://data.eastmoney.com/notices/detail/000400/AN202503181644487264.html
000400,许继电气,许继电气:监事会关于回购并注销部分2022年限制性股票激励计划已获授但尚未解锁的限制性股票及调整回购价格的核查意见,专项说明/独立意见,2025-03-19,https://data.eastmoney.com/notices/detail/000400/AN202503181644487267.html
000400,许继电气,许继电气:关于董事、高级管理人员辞职及补选董事、高级管理人员的公告,高管人员任职变动,2025-03-19,https://data.eastmoney.com/notices/detail/000400/AN202503181644487265.html
000400,许继电气,许继电气:九届十四次监事会决议公告,监事会决议公告,2025-03-19,https://data.eastmoney.com/notices/detail/000400/AN202503181644487266.html
000400,许继电气,许继电气:九届二十六次董事会决议公告,高管人员任职变动,2025-03-19,https://data.eastmoney.com/notices/detail/000400/AN202503181644487260.html
000400,许继电气,许继电气:关于回购并注销部分2022年限制性股票激励计划已获授但尚未解锁的限制性股票的公告,回购进展情况,2025-03-19,https://data.eastmoney.com/notices/detail/000400/AN202503181644487263.html
600251,冠农股份,冠农股份:新疆冠农股份有限公司关于董事会及监事会延期换届的提示性公告,高管人员任职变动,2025-03-19,https://data.eastmoney.com/notices/detail/600251/AN202503181644487222.html
600050,中国联通,中国联通:中国联合网络通信股份有限公司2024年可持续发展报告,ESG公告,2025-03-19,https://data.eastmoney.com/notices/detail/600050/AN202503181644487257.html
600050,中国联通,中国联通:中国联合网络通信股份有限公司董事会关于独立董事独立性情况的专项意见,专项说明/独立意见,2025-03-19,https://data.eastmoney.com/notices/detail/600050/AN202503181644487250.html
600050,中国联通,中国联通:中国联合网络通信股份有限公司董事会审计委员会关于续聘会计师事务所的审核意见,专项说明/独立意见,2025-03-19,https://data.eastmoney.com/notices/detail/600050/AN202503181644487223.html
600050,中国联通,中国联通:中国联合网络通信股份有限公司2024年度独立董事述职报告-鲍朔望,独立董事述职报告,2025-03-19,https://data.eastmoney.com/notices/detail/600050/AN202503181644487232.html
600733,北汽蓝谷,北汽蓝谷:关于变更董事长、经理、董事会秘书及提名董事候选人的公告,高管人员任职变动,2025-03-19,https://data.eastmoney.com/notices/detail/600733/AN202503181644487247.html
600050,中国联通,中国联通:中国联合网络通信股份有限公司2024年度独立董事述职报告-吴晓根,独立董事述职报告,2025-03-19,https://data.eastmoney.com/notices/detail/600050/AN202503181644487240.html
600050,中国联通,中国联通:中国联合网络通信股份有限公司2024年度独立董事述职报告-吴杰庄,独立董事述职报告,2025-03-19,https://data.eastmoney.com/notices/detail/600050/AN202503181644487246.html
600050,中国联通,中国联通:中国联合网络通信股份有限公司第七届监事会第二十一次会议决议公告,监事会决议公告,2025-03-19,https://data.eastmoney.com/notices/detail/600050/AN202503181644487255.html
600733,北汽蓝谷,北汽蓝谷:2024年度“提质增效重回报”行动方案评估报告,其他,2025-03-19,https://data.eastmoney.com/notices/detail/600733/AN202503181644487254.html
600733,北汽蓝谷,北汽蓝谷:关于召开2025年第一次临时股东大会的通知,召开股东大会通知,2025-03-19,https://data.eastmoney.com/notices/detail/600733/AN202503181644487251.html
600050,中国联通,中国联通:中国联合网络通信股份有限公司关于2024年末期利润分配方案的公告,分配预案,2025-03-19,https://data.eastmoney.com/notices/detail/600050/AN202503181644487226.html
600733,北汽蓝谷,北汽蓝谷:2025年第一次临时股东大会会议材料,股东大会资料,2025-03-19,https://data.eastmoney.com/notices/detail/600733/AN202503181644487225.html
600050,中国联通,中国联通:中国联合网络通信股份有限公司2024年度独立董事述职报告-高云虎,独立董事述职报告,2025-03-19,https://data.eastmoney.com/notices/detail/600050/AN202503181644487236.html
600050,中国联通,中国联通:中国联合网络通信股份有限公司2024年度独立董事述职报告-姜鑫,独立董事述职报告,2025-03-19,https://data.eastmoney.com/notices/detail/600050/AN202503181644487242.html
600050,中国联通,中国联通:中国联合网络通信股份有限公司关于续聘会计师事务所的公告,审计机构变更,2025-03-19,https://data.eastmoney.com/notices/detail/600050/AN202503181644487234.html
600392,盛和资源,盛和资源:盛和资源控股股份有限公司关于为控股子公司提供担保的进展公告,提供/对外担保公告,2025-03-19,https://data.eastmoney.com/notices/detail/600392/AN202503181644487238.html
600050,中国联通,中国联通:中国联合网络通信股份有限公司关于联通集团财务有限公司向中国联合网络通信有限公司提供非融资性担保业务的公告,提供/对外担保公告,2025-03-19,https://data.eastmoney.com/notices/detail/600050/AN202503181644487252.html
600050,中国联通,中国联通:中国联合网络通信股份有限公司关于联通集团财务有限公司的风险持续评估报告,其他,2025-03-19,https://data.eastmoney.com/notices/detail/600050/AN202503181644487237.html
600050,中国联通,中国联通:中国联合网络通信股份有限公司董事会审计委员会2024年度履职情况报告,其他,2025-03-19,https://data.eastmoney.com/notices/detail/600050/AN202503181644487241.html
600050,中国联通,中国联通:中国联合网络通信股份有限公司2024年度独立董事述职报告-童国华,独立董事述职报告,2025-03-19,https://data.eastmoney.com/notices/detail/600050/AN202503181644487248.html
600733,北汽蓝谷,北汽蓝谷:十一届五次监事会决议公告,监事会决议公告,2025-03-19,https://data.eastmoney.com/notices/detail/600733/AN202503181644487224.html
600050,中国联通,中国联通:中国联合网络通信股份有限公司2024年度独立董事述职报告-顾佳丹,独立董事述职报告,2025-03-19,https://data.eastmoney.com/notices/detail/600050/AN202503181644487230.html
600050,中国联通,中国联通:中国联合网络通信股份有限公司关于联通集团财务有限公司签订《金融服务协议》暨关联交易的公告,签订协议,2025-03-19,https://data.eastmoney.com/notices/detail/600050/AN202503181644487235.html
600050,中国联通,中国联通:中国联合网络通信股份有限公司2024年年度报告全文,年度报告全文,2025-03-19,https://data.eastmoney.com/notices/detail/600050/AN202503181644487231.html
600050,中国联通,中国联通:中国联合网络通信有限公司内部控制审计报告,审计报告,2025-03-19,https://data.eastmoney.com/notices/detail/600050/AN202503181644487245.html
600050,中国联通,中国联通:中国联合网络通信股份有限公司2024年度审计报告,审计报告,2025-03-19,https://data.eastmoney.com/notices/detail/600050/AN202503181644487249.html
600050,中国联通,中国联通:中国联合网络通信股份有限公司2024年年度报告摘要,年度报告摘要,2025-03-19,https://data.eastmoney.com/notices/detail/600050/AN202503181644487256.html
600733,北汽蓝谷,北汽蓝谷:十一届七次董事会决议公告,高管人员任职变动,2025-03-19,https://data.eastmoney.com/notices/detail/600733/AN202503181644487228.html
600050,中国联通,中国联通:中国联合网络通信股份有限公司第八届董事会第十二次会议决议公告,分配预案,2025-03-19,https://data.eastmoney.com/notices/detail/600050/AN202503181644487243.html
600733,北汽蓝谷,北汽蓝谷:关于北京汽车集团财务有限公司2024年度风险持续评估报告,其他,2025-03-19,https://data.eastmoney.com/notices/detail/600733/AN202503181644487229.html
600050,中国联通,中国联通:中国联合网络通信股份有限公司董事会审计委员会关于联通集团财务有限公司签订《金融服务协议》暨关联交易的审核意见,专项说明/独立意见,2025-03-19,https://data.eastmoney.com/notices/detail/600050/AN202503181644487258.html
600050,中国联通,中国联通:中国联合网络通信股份有限公司2024年度独立董事述职报告-耿汝光,独立董事述职报告,2025-03-19,https://data.eastmoney.com/notices/detail/600050/AN202503181644487239.html
600050,中国联通,中国联通:中国联合网络通信股份有限公司非经营性资金占用及其他关联资金往来情况,资金占用,2025-03-19,https://data.eastmoney.com/notices/detail/600050/AN202503181644487253.html
600050,中国联通,中国联通:中国联合网络通信股份有限公司董事会审计委员会关于日常关联交易的审核意见,专项说明/独立意见,2025-03-19,https://data.eastmoney.com/notices/detail/600050/AN202503181644487244.html
600050,中国联通,中国联通:中国联合网络通信股份有限公司关于日常关联交易的公告,关联交易,2025-03-19,https://data.eastmoney.com/notices/detail/600050/AN202503181644487233.html
600733,北汽蓝谷,北汽蓝谷:关于签订《金融服务框架协议》暨关联交易的公告,签订协议,2025-03-19,https://data.eastmoney.com/notices/detail/600733/AN202503181644487227.html
000400,许继电气,许继电气:关于回购并注销部分限制性股票减少注册资本通知债权人的公告,公司注册资本变更,2025-03-19,https://data.eastmoney.com/notices/detail/000400/AN202503181644487207.html
000400,许继电气,许继电气:关于调整2022年限制性股票激励计划回购价格的公告,股权激励行权价（数量）调整,2025-03-19,https://data.eastmoney.com/notices/detail/000400/AN202503181644487206.html
003026,中晶科技,中晶科技:浙江六和律师事务所关于浙江中晶科技股份有限公司2025年第一次临时股东大会的法律意见书,法律意见书,2025-03-19,https://data.eastmoney.com/notices/detail/003026/AN202503181644487198.html
000100,TCL科技,TCL科技:北京市嘉源律师事务所关于TCL科技集团股份有限公司发行股份及支付现金购买资产并募集配套资金相关主体买卖股票情况自查报告的专项核查意见,保荐/核查意见,2025-03-19,https://data.eastmoney.com/notices/detail/000100/AN202503181644487201.html
000100,TCL科技,TCL科技:关于本次交易相关内幕信息知情人买卖股票情况的自查报告,自查报告,2025-03-19,https://data.eastmoney.com/notices/detail/000100/AN202503181644487196.html
000100,TCL科技,TCL科技:关于收购乐金显示(中国)有限公司100%股权及乐金显示(广州)有限公司100%股权进展暨股权工商变更完成的公告,收购出售资产/股权,2025-03-19,https://data.eastmoney.com/notices/detail/000100/AN202503181644487197.html
603220,中贝通信,中贝通信:关于“中贝转债”预计满足赎回条件的提示性公告,其他,2025-03-19,https://data.eastmoney.com/notices/detail/603220/AN202503181644487193.html
003026,中晶科技,中晶科技:2025年第一次临时股东大会决议公告,股东大会决议公告,2025-03-19,https://data.eastmoney.com/notices/detail/003026/AN202503181644487179.html
000100,TCL科技,TCL科技:申万宏源证券承销保荐有限责任公司关于TCL科技集团股份有限公司本次交易相关内幕信息知情人买卖股票情况的自查报告之核查意见,保荐/核查意见,2025-03-19,https://data.eastmoney.com/notices/detail/000100/AN202503181644487180.html
688085,三友医疗,三友医疗:北京市嘉源律师事务所关于上海三友医疗器械股份有限公司2025年第一次临时股东大会的法律意见书,法律意见书,2025-03-19,https://data.eastmoney.com/notices/detail/688085/AN202503181644487177.html
688085,三友医疗,三友医疗:2025年第一次临时股东大会决议公告,股东大会决议公告,2025-03-19,https://data.eastmoney.com/notices/detail/688085/AN202503181644487178.html
600641,先导基电,万业企业:上海万业企业股份有限公司关于持股5%以上股东权益变动触及1%整数倍的提示性公告,权益变动报告书,2025-03-19,https://data.eastmoney.com/notices/detail/600641/AN202503181644487176.html
002328,新朋股份,新朋股份:关于泰国子公司相关进展公告,其他,2025-03-19,https://data.eastmoney.com/notices/detail/002328/AN202503181644487164.html
601288,农业银行,农业银行:农业银行H股公告(董事會會議召開日期),其他,2025-03-19,https://data.eastmoney.com/notices/detail/601288/AN202503181644487009.html
600426,华鲁恒升,华鲁恒升:华鲁恒升2025年第二次临时股东大会决议公告,股东大会决议公告,2025-03-19,https://data.eastmoney.com/notices/detail/600426/AN202503181644487022.html
600426,华鲁恒升,华鲁恒升:华鲁恒升2025年第二次临时股东大会法律意见书,法律意见书,2025-03-19,https://data.eastmoney.com/notices/detail/600426/AN202503181644487021.html
002868,绿康生化,绿康生化:关于控股股东部分股票解除质押的公告,股份质押、冻结,2025-03-19,https://data.eastmoney.com/notices/detail/002868/AN202503181644487034.html
002846,英联股份,英联股份:关于公司股东部分股份质押展期的公告,股份质押、冻结,2025-03-19,https://data.eastmoney.com/notices/detail/002846/AN202503181644487037.html
002845,同兴达,同兴达:深圳同兴达科技股份有限公司关于年度审计机构变更项目质量复核人员的公告,审计机构变更,2025-03-19,https://data.eastmoney.com/notices/detail/002845/AN202503181644487033.html
000999,华润三九,华润三九:关于举行2024年度业绩说明会的公告,其他,2025-03-19,https://data.eastmoney.com/notices/detail/000999/AN202503181644487036.html
600731,湖南海利,湖南海利:招商证券股份有限公司关于湖南海利化工股份有限公司2024年度持续督导工作定期现场检查报告,保荐/核查意见,2025-03-19,https://data.eastmoney.com/notices/detail/600731/AN202503181644487007.html
600113,浙江东日,浙江东日:浙江东日股份有限公司2024年年度股东大会会议材料,股东大会资料,2025-03-19,https://data.eastmoney.com/notices/detail/600113/AN202503181644487008.html
601881,中国银河,中国银河:2025年度第六期短期融资券发行结果公告,其他,2025-03-19,https://data.eastmoney.com/notices/detail/601881/AN202503181644486976.html
601601,中国太保,中国太保:中国太保关于召开2024年度业绩说明会的公告,其他,2025-03-19,https://data.eastmoney.com/notices/detail/601601/AN202503181644486985.html
600999,招商证券,招商证券:2025年第一次临时股东大会会议资料,股东大会资料,2025-03-19,https://data.eastmoney.com/notices/detail/600999/AN202503181644486993.html
600999,招商证券,招商证券:关于召开2025年第一次临时股东大会的通知,召开股东大会通知,2025-03-19,https://data.eastmoney.com/notices/detail/600999/AN202503181644486994.html
601108,财通证券,财通证券:2025年度第一期短期融资券发行结果公告,其他,2025-03-19,https://data.eastmoney.com/notices/detail/601108/AN202503181644486995.html
601995,中金公司,中金公司:中金公司H股公告(董事会会议通告),其他,2025-03-19,https://data.eastmoney.com/notices/detail/601995/AN202503181644486969.html
600148,长春一东,长春一东:长春一东离合器股份有限公司关于召开2025年第一次临时股东大会的通知,召开股东大会通知,2025-03-19,https://data.eastmoney.com/notices/detail/600148/AN202503181644486960.html
600148,长春一东,长春一东:长春一东离合器股份有限公司关于副董事长辞职和解聘高级管理人员的公告,高管人员任职变动,2025-03-19,https://data.eastmoney.com/notices/detail/600148/AN202503181644486964.html
600148,长春一东,长春一东:长春一东离合器股份有限公司关于“提质增效重回报”行动方案的公告,其他,2025-03-19,https://data.eastmoney.com/notices/detail/600148/AN202503181644486963.html
600148,长春一东,长春一东:长春一东离合器股份有限公司关于组织机构调整的公告,其他,2025-03-19,https://data.eastmoney.com/notices/detail/600148/AN202503181644486962.html
600148,长春一东,长春一东:长春一东离合器股份有限公司第九届董事会2025年第二次临时会议决议公告,高管人员任职变动,2025-03-19,https://data.eastmoney.com/notices/detail/600148/AN202503181644486961.html
000888,峨眉山A,峨眉山Ａ:关于拟增加间接控股股东暨国有股权无偿划转的提示性公告,股权转让,2025-03-19,https://data.eastmoney.com/notices/detail/000888/AN202503181644486840.html
002363,隆基机械,隆基机械:关于使用闲置自有资金购买理财产品的进展公告,投资理财,2025-03-19,https://data.eastmoney.com/notices/detail/002363/AN202503181644486845.html
002363,隆基机械,隆基机械:关于通过高新技术企业重新认定的公告,获得认证,2025-03-19,https://data.eastmoney.com/notices/detail/002363/AN202503181644486841.html
002852,道道全,道道全:内部控制审计报告,审计报告,2025-03-19,https://data.eastmoney.com/notices/detail/002852/AN202503181644486788.html
002852,道道全,道道全:公司董事会审计委员会关于对会计师事务所履行监督职责情况的报告,其他,2025-03-19,https://data.eastmoney.com/notices/detail/002852/AN202503181644486801.html
002852,道道全,道道全:年度募集资金使用鉴证报告,保荐/核查意见,2025-03-19,https://data.eastmoney.com/notices/detail/002852/AN202503181644486783.html
002852,道道全,道道全:2024年度财务决算报告,年度财务报告,2025-03-19,https://data.eastmoney.com/notices/detail/002852/AN202503181644486782.html
002852,道道全,道道全:2024年年度审计报告,审计报告,2025-03-19,https://data.eastmoney.com/notices/detail/002852/AN202503181644486810.html
002852,道道全,道道全:2024年度独立董事述职报告(谢丽彬),独立董事述职报告,2025-03-19,https://data.eastmoney.com/notices/detail/002852/AN202503181644486792.html
002852,道道全,道道全:2024年度董事会工作报告,其他,2025-03-19,https://data.eastmoney.com/notices/detail/002852/AN202503181644486811.html
002852,道道全,道道全:董事会对独立董事独立性评估的专项意见,专项说明/独立意见,2025-03-19,https://data.eastmoney.com/notices/detail/002852/AN202503181644486780.html
002852,道道全,道道全:关于对年审会计师事务所2024年度审计工作的总结报告,保荐/核查意见,2025-03-19,https://data.eastmoney.com/notices/detail/002852/AN202503181644486806.html
002852,道道全,道道全:2024年度独立董事述职报告(吴苏喜),独立董事述职报告,2025-03-19,https://data.eastmoney.com/notices/detail/002852/AN202503181644486804.html
002852,道道全,道道全:内部控制自我评价报告,内部控制报告,2025-03-19,https://data.eastmoney.com/notices/detail/002852/AN202503181644486805.html
002852,道道全,道道全:2024年度独立董事述职报告(陈浩),独立董事述职报告,2025-03-19,https://data.eastmoney.com/notices/detail/002852/AN202503181644486786.html
002852,道道全,道道全:2024年度监事会工作报告,其他,2025-03-19,https://data.eastmoney.com/notices/detail/002852/AN202503181644486781.html
002852,道道全,道道全:监事会对公司内部控制自我评价报告的意见,内部控制报告,2025-03-19,https://data.eastmoney.com/notices/detail/002852/AN202503181644486808.html
002852,道道全,道道全:2025年财务预算报告,其他,2025-03-19,https://data.eastmoney.com/notices/detail/002852/AN202503181644486802.html
002852,道道全,道道全:第四届董事会独立董事专门会议第四次会议决议,分配预案,2025-03-19,https://data.eastmoney.com/notices/detail/002852/AN202503181644486795.html
002852,道道全,道道全:关于公司会计估计变更的公告,其他,2025-03-19,https://data.eastmoney.com/notices/detail/002852/AN202503181644486800.html
002852,道道全,道道全:年度募集资金使用情况专项说明,募集资金使用情况报告,2025-03-19,https://data.eastmoney.com/notices/detail/002852/AN202503181644486797.html
002852,道道全,道道全:关于拟变更独立董事及调整董事会专门委员会委员的公告,高管人员任职变动,2025-03-19,https://data.eastmoney.com/notices/detail/002852/AN202503181644486784.html
002852,道道全,道道全:关于续聘公司2025年度审计机构的公告,审计机构变更,2025-03-19,https://data.eastmoney.com/notices/detail/002852/AN202503181644486779.html
002852,道道全,道道全:关于2025年度向子公司提供担保的公告,提供/对外担保公告,2025-03-19,https://data.eastmoney.com/notices/detail/002852/AN202503181644486798.html
002852,道道全,道道全:关于公司使用部分闲置自有资金进行现金管理的公告,投资理财,2025-03-19,https://data.eastmoney.com/notices/detail/002852/AN202503181644486807.html
002852,道道全,道道全:关于2025年度向银行申请综合授信的公告,借贷,2025-03-19,https://data.eastmoney.com/notices/detail/002852/AN202503181644486809.html
002852,道道全,道道全:监事会决议公告,监事会决议公告,2025-03-19,https://data.eastmoney.com/notices/detail/002852/AN202503181644486794.html
002852,道道全,道道全:董事会决议公告,分配预案,2025-03-19,https://data.eastmoney.com/notices/detail/002852/AN202503181644486789.html
002852,道道全,道道全:年度股东大会通知,召开股东大会通知,2025-03-19,https://data.eastmoney.com/notices/detail/002852/AN202503181644486803.html
002852,道道全,道道全:2024年年度报告摘要,年度报告摘要,2025-03-19,https://data.eastmoney.com/notices/detail/002852/AN202503181644486799.html
002852,道道全,道道全:关于2024年度利润分配预案的公告,分配预案,2025-03-19,https://data.eastmoney.com/notices/detail/002852/AN202503181644486791.html
001311,多利科技,多利科技:上海市通力律师事务所关于滁州多利汽车科技股份有限公司2025年第一次临时股东大会的法律意见书,法律意见书,2025-03-19,https://data.eastmoney.com/notices/detail/001311/AN202503181644486793.html
001228,永泰运,永泰运:北京海润天睿律师事务所关于永泰运化工物流股份有限公司2025年第三次临时股东大会的法律意见书,法律意见书,2025-03-19,https://data.eastmoney.com/notices/detail/001228/AN202503181644486790.html
001228,永泰运,永泰运:永泰运化工物流股份有限公司2025年第三次临时股东大会决议公告,股东大会决议公告,2025-03-19,https://data.eastmoney.com/notices/detail/001228/AN202503181644486787.html
603612,索通发展,索通发展:索通发展股份有限公司关于收购控股子公司部分股权的公告,收购出售资产/股权,2025-03-19,https://data.eastmoney.com/notices/detail/603612/AN202503181644486769.html
301285,鸿日达,鸿日达:关于使用部分闲置募集资金进行现金管理到期赎回并继续进行现金管理的进展公告,募集资金使用进展情况,2025-03-19,https://data.eastmoney.com/notices/detail/301285/AN202503181644486548.html
002975,博杰股份,博杰股份:关于提前赎回“博杰转债“的第三次提示性公告,其他,2025-03-19,https://data.eastmoney.com/notices/detail/002975/AN202503181644486542.html
002852,道道全,道道全:招商证券股份有限公司关于道道全粮油股份有限公司2024年度募集资金存放与使用情况的核查意见,保荐/核查意见,2025-03-19,https://data.eastmoney.com/notices/detail/002852/AN202503181644486550.html
002852,道道全,道道全:年度关联方资金占用专项审计报告,保荐/核查意见,2025-03-19,https://data.eastmoney.com/notices/detail/002852/AN202503181644486547.html
002852,道道全,道道全:董事会审计委员会2024年度履职情况报告,其他,2025-03-19,https://data.eastmoney.com/notices/detail/002852/AN202503181644486545.html
002852,道道全,道道全:2024年年度报告,年度报告全文,2025-03-19,https://data.eastmoney.com/notices/detail/002852/AN202503181644486549.html
002852,道道全,道道全:关于2024年度计提资产减值损失的公告,其他,2025-03-19,https://data.eastmoney.com/notices/detail/002852/AN202503181644486544.html
002852,道道全,道道全:关于公司会计政策变更的公告,其他,2025-03-19,https://data.eastmoney.com/notices/detail/002852/AN202503181644486546.html
002852,道道全,道道全:2024年年度内部控制规则落实自查表,内部控制报告,2025-03-19,https://data.eastmoney.com/notices/detail/002852/AN202503181644486539.html
002192,融捷股份,融捷股份:关于为子公司提供担保的进展公告,提供/对外担保公告,2025-03-19,https://data.eastmoney.com/notices/detail/002192/AN202503181644486540.html
002852,道道全,道道全:关于举办2024年度业绩网上说明会的公告,其他,2025-03-19,https://data.eastmoney.com/notices/detail/002852/AN202503181644486541.html
001311,多利科技,多利科技:2025年第一次临时股东大会决议公告,股东大会决议公告,2025-03-19,https://data.eastmoney.com/notices/detail/001311/AN202503181644486538.html
601728,中国电信,中国电信:中国电信股份有限公司关于召开2024年度业绩说明会的公告,其他,2025-03-19,https://data.eastmoney.com/notices/detail/601728/AN202503181644486527.html
000584,工智退,*ST工智:关于重大资产重组的进展公告,重组进展公告,2025-03-19,https://data.eastmoney.com/notices/detail/000584/AN202503181644486519.html
002547,*ST春兴,春兴精工:关于聘任董事会秘书、证券事务代表的公告,高管人员任职变动,2025-03-19,https://data.eastmoney.com/notices/detail/002547/AN202503181644486518.html
002547,*ST春兴,春兴精工:第六届董事会第十四次会议决议公告,高管人员任职变动,2025-03-19,https://data.eastmoney.com/notices/detail/002547/AN202503181644486517.html
000002,万科A,万科A:关于董事会会议召开日期的公告,其他,2025-03-19,https://data.eastmoney.com/notices/detail/000002/AN202503181644486486.html
002138,顺络电子,顺络电子:关于公司涉及诉讼的公告,诉讼仲裁,2025-03-19,https://data.eastmoney.com/notices/detail/002138/AN202503181644486485.html
603051,鹿山新材,鹿山新材:广州鹿山新材料股份有限公司关于为子公司提供担保的公告,提供/对外担保公告,2025-03-19,https://data.eastmoney.com/notices/detail/603051/AN202503181644486342.html
603122,合富中国,合富中国:海通证券股份有限公司关于合富(中国)医疗科技股份有限公司2024年度持续督导年度报告书,保荐/核查意见,2025-03-19,https://data.eastmoney.com/notices/detail/603122/AN202503181644486338.html
603122,合富中国,合富中国:海通证券股份有限公司关于合富(中国)医疗科技股份有限公司2024年度持续督导现场检查报告,保荐/核查意见,2025-03-19,https://data.eastmoney.com/notices/detail/603122/AN202503181644486339.html
002127,南极电商,南极电商:关于第三期员工持股计划存续期即将届满的提示性公告,员工持股计划,2025-03-19,https://data.eastmoney.com/notices/detail/002127/AN202503181644486309.html
600581,*ST八钢,八一钢铁:八一钢铁2025年第一次临时股东大会会议资料,股东大会资料,2025-03-19,https://data.eastmoney.com/notices/detail/600581/AN202503181644486308.html
688599,天合光能,天合光能:天合光能股份有限公司关于不向下修正“天23转债”转股价格的公告,其他,2025-03-19,https://data.eastmoney.com/notices/detail/688599/AN202503181644486300.html
601989,中国重工,中国重工:中国重工关于为所属子公司提供担保的进展公告,提供/对外担保公告,2025-03-19,https://data.eastmoney.com/notices/detail/601989/AN202503181644486293.html
603012,创力集团,创力集团:创力集团关于股东股份解除质押及再质押的公告,股份质押、冻结,2025-03-19,https://data.eastmoney.com/notices/detail/603012/AN202503181644486267.html
600685,中船防务,中船防务:中船防务H股公告-董事会会议通知,其他,2025-03-19,https://data.eastmoney.com/notices/detail/600685/AN202503181644486049.html
603786,科博达,科博达:科博达技术股份有限公司2025年第一次临时股东大会决议公告,股东大会决议公告,2025-03-19,https://data.eastmoney.com/notices/detail/603786/AN202503181644486048.html
603786,科博达,科博达:上海瀛东律师事务所关于科博达技术股份有限公司2025年第一次临时股东大会之法律意见书,法律意见书,2025-03-19,https://data.eastmoney.com/notices/detail/603786/AN202503181644486050.html
688519,南亚新材,南亚新材:南亚新材关于在泰国投资新建生产基地的进展公告,投资设立公司,2025-03-19,https://data.eastmoney.com/notices/detail/688519/AN202503181644486044.html
001339,智微智能,智微智能:关于公司拟购买资产的公告,收购出售资产/股权,2025-03-19,https://data.eastmoney.com/notices/detail/001339/AN202503181644486042.html
001339,智微智能,智微智能:第二届监事会第十四次会议决议公告,监事会决议公告,2025-03-19,https://data.eastmoney.com/notices/detail/001339/AN202503181644486039.html
001339,智微智能,智微智能:关于召开2025年第二次临时股东大会的通知,召开股东大会通知,2025-03-19,https://data.eastmoney.com/notices/detail/001339/AN202503181644486043.html
001339,智微智能,智微智能:第二届董事会第十八次会议决议公告,董事会决议公告,2025-03-19,https://data.eastmoney.com/notices/detail/001339/AN202503181644486041.html
688388,嘉元科技,嘉元科技:广东嘉元科技股份有限公司关于不向下修正“嘉元转债”转股价格的公告,其他,2025-03-19,https://data.eastmoney.com/notices/detail/688388/AN202503181644486030.html
601939,建设银行,建设银行:建设银行董事会会议通告,其他,2025-03-19,https://data.eastmoney.com/notices/detail/601939/AN202503181644486020.html
002694,*ST顾地,顾地科技:关于公司提起诉讼的进展公告(买卖合同纠纷案),诉讼仲裁,2025-03-19,https://data.eastmoney.com/notices/detail/002694/AN202503181644486014.html
000557,西部创业,西部创业:关于投资更新宁东铁路综合调度指挥系统项目的公告,对外项目投资,2025-03-19,https://data.eastmoney.com/notices/detail/000557/AN202503181644486018.html
000557,西部创业,西部创业:第十届董事会第十六次会议(临时会议)决议公告,董事会决议公告,2025-03-19,https://data.eastmoney.com/notices/detail/000557/AN202503181644486019.html
000557,西部创业,西部创业:关于关于投资2025年无缝线路更换项目的公告,高管人员任职变动,2025-03-19,https://data.eastmoney.com/notices/detail/000557/AN202503181644486015.html
002644,佛慈制药,佛慈制药:关于董事、副总经理辞职的公告,高管人员任职变动,2025-03-19,https://data.eastmoney.com/notices/detail/002644/AN202503181644486016.html
601888,中国中免,中国中免:H股公告-董事会会议召开日期,其他,2025-03-19,https://data.eastmoney.com/notices/detail/601888/AN202503181644486005.html
688148,芳源股份,芳源股份:芳源股份关于为全资子公司提供担保的进展公告,提供/对外担保公告,2025-03-19,https://data.eastmoney.com/notices/detail/688148/AN202503181644486008.html
603679,华体科技,华体科技:北京天元(成都)律师事务所关于四川华体照明科技股份有限公司2025年第一次临时股东大会的法律意见,法律意见书,2025-03-19,https://data.eastmoney.com/notices/detail/603679/AN202503181644486004.html
603679,华体科技,华体科技:四川华体照明科技股份有限公司2025年第一次临时股东大会决议公告,股东大会决议公告,2025-03-19,https://data.eastmoney.com/notices/detail/603679/AN202503181644486006.html
601519,大智慧,大智慧:关于董事会、监事会延期换届的提示性公告,高管人员任职变动,2025-03-19,https://data.eastmoney.com/notices/detail/601519/AN202503181644485982.html
605258,协和电子,协和电子:2025年第一次临时股东大会会议资料,股东大会资料,2025-03-19,https://data.eastmoney.com/notices/detail/605258/AN202503181644485979.html
601298,青岛港,青岛港:H股公告(董事會會議通告),其他,2025-03-19,https://data.eastmoney.com/notices/detail/601298/AN202503181644485853.html
600989,宝丰能源,宝丰能源:宁夏宝丰能源集团股份有限公司关于召开2024年度业绩说明会的公告,其他,2025-03-19,https://data.eastmoney.com/notices/detail/600989/AN202503181644485973.html
601939,建设银行,建设银行:建设银行关于李运副行长辞任的公告,高管人员任职变动,2025-03-19,https://data.eastmoney.com/notices/detail/601939/AN202503181644485854.html
601916,浙商银行,浙商银行:浙商银行H股公告(董事會召開日期),其他,2025-03-19,https://data.eastmoney.com/notices/detail/601916/AN202503181644485839.html
600480,凌云股份,凌云股份:凌云股份关于2022年限制性股票激励计划首次授予部分第一个解除限售期解除限售暨上市公告,限售股份上市流通,2025-03-19,https://data.eastmoney.com/notices/detail/600480/AN202503181644485848.html
605116,奥锐特,奥锐特:奥锐特药业股份有限公司关于债券持有人持有可转债比例变动达到10%的公告,其他,2025-03-19,https://data.eastmoney.com/notices/detail/605116/AN202503181644485847.html
300416,苏试试验,苏试试验:关于回购公司股份期限届满暨回购完成的公告,回购实施公告,2025-03-19,https://data.eastmoney.com/notices/detail/300416/AN202503181644485960.html
002353,杰瑞股份,杰瑞股份:关于公司董事长、总裁、副总裁增持股份计划实施完毕暨增持结果的公告,股东/实际控制人股份增持,2025-03-19,https://data.eastmoney.com/notices/detail/002353/AN202503181644485819.html
002488,金固股份,金固股份:关于收到阿凡达低碳车轮项目定点通知的自愿性信息披露公告,其他,2025-03-19,https://data.eastmoney.com/notices/detail/002488/AN202503181644485792.html
600658,电子城,电子城:电子城关于副总裁辞职的公告,高管人员任职变动,2025-03-19,https://data.eastmoney.com/notices/detail/600658/AN202503181644485787.html
600489,中金黄金,中金黄金:中金黄金股份有限公司简式权益变动报告书,权益变动报告书,2025-03-19,https://data.eastmoney.com/notices/detail/600489/AN202503181644485764.html
600489,中金黄金,中金黄金:中金黄金股份有限公司关于股东权益变动的提示性公告,权益变动报告书,2025-03-19,https://data.eastmoney.com/notices/detail/600489/AN202503181644485763.html
601618,中国中冶,中国中冶:中国中冶H股公告(董事会会议通告),其他,2025-03-19,https://data.eastmoney.com/notices/detail/601618/AN202503181644485655.html
002943,宇晶股份,宇晶股份:关于公司控股股东及其一致行动人部分股权质押的公告,股份质押、冻结,2025-03-19,https://data.eastmoney.com/notices/detail/002943/AN202503181644485771.html
002335,科华数据,科华数据:关于科数转债赎回实施的第九次提示性公告,其他,2025-03-19,https://data.eastmoney.com/notices/detail/002335/AN202503181644485774.html
001309,德明利,德明利:关于为全资子公司提供担保的进展公告,提供/对外担保公告,2025-03-19,https://data.eastmoney.com/notices/detail/001309/AN202503181644485775.html
000782,恒申新材,恒申新材:关于公司部分生产线停产检修的公告,其他,2025-03-19,https://data.eastmoney.com/notices/detail/000782/AN202503181644485776.html
600828,茂业商业,茂业商业:茂业商业关于董事会秘书辞职及聘任董事会秘书的公告,高管人员任职变动,2025-03-19,https://data.eastmoney.com/notices/detail/600828/AN202503181644485643.html
601881,中国银河,中国银河:董事会会议通告,其他,2025-03-19,https://data.eastmoney.com/notices/detail/601881/AN202503181644485636.html
601375,中原证券,中原证券:董事会召开日期,其他,2025-03-19,https://data.eastmoney.com/notices/detail/601375/AN202503181644485642.html
600128,苏豪弘业,苏豪弘业:苏豪弘业关于诉讼进展的公告,诉讼仲裁,2025-03-19,https://data.eastmoney.com/notices/detail/600128/AN202503181644485600.html
601188,龙江交通,龙江交通:龙江交通2025年第二次临时股东大会会议资料,股东大会资料,2025-03-19,https://data.eastmoney.com/notices/detail/601188/AN202503181644485590.html
600610,中毅达,中毅达:股票交易异常波动公告,股票交易异常波动,2025-03-19,https://data.eastmoney.com/notices/detail/600610/AN202503181644485566.html
600610,中毅达,中毅达:信达证券股份有限公司关于贵州中毅达股份有限公司股票交易异常波动有关事项的复函,股票交易异常波动,2025-03-19,https://data.eastmoney.com/notices/detail/600610/AN202503181644485567.html
001318,阳光乳业,阳光乳业:股票交易异常波动公告,股票交易异常波动,2025-03-19,https://data.eastmoney.com/notices/detail/001318/AN202503181644485446.html
601949,中国出版,中国出版:中国出版传媒股份有限公司关于全资子公司涉及诉讼的进展公告,其他,2025-03-19,https://data.eastmoney.com/notices/detail/601949/AN202503181644485421.html
000528,柳工,柳工:关于续签募集资金监管协议的公告,签订协议,2025-03-19,https://data.eastmoney.com/notices/detail/000528/AN202503181644485378.html
601818,光大银行,光大银行:中国光大银行股份有限公司H股公告(关於召开董事会会议的通知),其他,2025-03-19,https://data.eastmoney.com/notices/detail/601818/AN202503181644485244.html
688298,东方生物,东方生物:关于自愿披露获得医疗器械注册证的公告,获得认证,2025-03-19,https://data.eastmoney.com/notices/detail/688298/AN202503181644485245.html
688101,三达膜,三达膜:关于新增仲裁事项的公告,诉讼仲裁,2025-03-19,https://data.eastmoney.com/notices/detail/688101/AN202503181644485229.html
688096,京源环保,京源环保:关于控股股东因可转债转股持股比例被动稀释的权益变动提示性公告,权益变动报告书,2025-03-19,https://data.eastmoney.com/notices/detail/688096/AN202503181644485221.html
000626,远大控股,远大控股:关于为子公司提供担保的进展公告,提供/对外担保公告,2025-03-19,https://data.eastmoney.com/notices/detail/000626/AN202503181644485202.html
601399,国机重装,国机重装:国机重装关于柬埔寨上达岱抽水蓄能电站项目相关进展情况的公告,其他,2025-03-19,https://data.eastmoney.com/notices/detail/601399/AN202503181644485189.html
601399,国机重装,国机重装:国机重装第五届董事会第二十八次会议决议公告,董事会决议公告,2025-03-19,https://data.eastmoney.com/notices/detail/601399/AN202503181644485188.html
688799,华纳药厂,华纳药厂:自愿披露关于撤回药品注册申请的公告,其他,2025-03-19,https://data.eastmoney.com/notices/detail/688799/AN202503181644484855.html
600844,金煤科技,丹化科技:关于收到内蒙古证监局行政监管措施决定书的公告,其他,2025-03-19,https://data.eastmoney.com/notices/detail/600844/AN202503181644484837.html
605122,四方新材,四方新材:重庆四方新材股份有限公司关于更换持续督导保荐代表人的公告,保荐代表人（机构）变更,2025-03-19,https://data.eastmoney.com/notices/detail/605122/AN202503181644484838.html
688657,浩辰软件,浩辰软件:关于公司涉及诉讼的进展公告,诉讼仲裁,2025-03-19,https://data.eastmoney.com/notices/detail/688657/AN202503181644484836.html
603896,寿仙谷,寿仙谷:寿仙谷关于注销部分募集资金专项账户的公告,其他,2025-03-19,https://data.eastmoney.com/notices/detail/603896/AN202503181644484825.html
603896,寿仙谷,寿仙谷:寿仙谷关于全资子公司完成国产保健食品再注册的公告,其他,2025-03-19,https://data.eastmoney.com/notices/detail/603896/AN202503181644484823.html
603896,寿仙谷,寿仙谷:寿仙谷关于全资子公司完成国产保健食品备案的公告,其他,2025-03-19,https://data.eastmoney.com/notices/detail/603896/AN202503181644484824.html
301500,飞南资源,飞南资源:湘财证券股份有限公司关于广东飞南资源利用股份有限公司部分首次公开发行前已发行股份上市流通的核查意见,保荐/核查意见,2025-03-19,https://data.eastmoney.com/notices/detail/301500/AN202503181644484822.html
301500,飞南资源,飞南资源:关于部分首次公开发行前已发行股份上市流通的提示性公告,限售股份上市流通,2025-03-19,https://data.eastmoney.com/notices/detail/301500/AN202503181644484821.html
600241,时代万恒,时代万恒:辽宁时代万恒股份有限公司2025年第二次临时股东会材料,股东大会资料,2025-03-19,https://data.eastmoney.com/notices/detail/600241/AN202503181644484813.html
003038,鑫铂股份,鑫铂股份:关于公司为子公司向银行申请授信额度提供最高额担保的公告,提供/对外担保公告,2025-03-19,https://data.eastmoney.com/notices/detail/003038/AN202503181644484805.html
002543,万和电气,万和电气:关于全资子公司减少注册资本完成工商变更登记的公告,公司关联方基本资料变更,2025-03-19,https://data.eastmoney.com/notices/detail/002543/AN202503181644484806.html
600284,浦东建设,浦东建设:浦东建设关于投资上海浦发协同创业投资基金暨关联交易的进展公告,关联交易,2025-03-19,https://data.eastmoney.com/notices/detail/600284/AN202503181644484792.html
600284,浦东建设,浦东建设:浦东建设关于子公司涉及诉讼的进展公告(五),其他,2025-03-19,https://data.eastmoney.com/notices/detail/600284/AN202503181644484790.html
600881,亚泰集团,亚泰集团:吉林亚泰(集团)股份有限公司2025年第三次临时股东大会文件,股东大会资料,2025-03-19,https://data.eastmoney.com/notices/detail/600881/AN202503181644484791.html
600284,浦东建设,浦东建设:浦东建设重大项目中标公告,重大合同,2025-03-19,https://data.eastmoney.com/notices/detail/600284/AN202503181644484789.html
600248,陕建股份,陕建股份:陕西建工集团股份有限公司关于公司及子公司涉及诉讼、仲裁的公告,诉讼仲裁,2025-03-19,https://data.eastmoney.com/notices/detail/600248/AN202503181644484787.html
601330,绿色动力,绿色动力:H股公告-董事会召开日期,其他,2025-03-19,https://data.eastmoney.com/notices/detail/601330/AN202503181644484652.html
002970,锐明技术,锐明技术:北京市金杜(深圳)律师事务所关于深圳市锐明技术股份有限公司第三期员工持股计划(草案)的法律意见书,法律意见书,2025-03-19,https://data.eastmoney.com/notices/detail/002970/AN202503181644484758.html
002970,锐明技术,锐明技术:监事会关于公司2025年股票期权激励计划激励对象名单的核查意见及公示情况说明,专项说明/独立意见,2025-03-19,https://data.eastmoney.com/notices/detail/002970/AN202503181644484759.html
688188,柏楚电子,柏楚电子:关于制定《市值管理制度》的公告,管理办法/制度,2025-03-19,https://data.eastmoney.com/notices/detail/688188/AN202503181644484653.html
605208,永茂泰,永茂泰:关于全资子公司担保进展公告,其他担保公告,2025-03-19,https://data.eastmoney.com/notices/detail/605208/AN202503181644484648.html
688655,迅捷兴,迅捷兴:民生证券股份有限公司关于深圳市迅捷兴科技股份有限公司2024年度募集资金存放与实际使用情况的专项核查意见,保荐/核查意见,2025-03-19,https://data.eastmoney.com/notices/detail/688655/AN202503181644484647.html
688655,迅捷兴,迅捷兴:2024年度独立董事述职报告(刘木勇),独立董事述职报告,2025-03-19,https://data.eastmoney.com/notices/detail/688655/AN202503181644484646.html
688100,威胜信息,威胜信息:关于股东大会开设网络投票提示服务的公告,其他,2025-03-19,https://data.eastmoney.com/notices/detail/688100/AN202503181644484627.html
603091,众鑫股份,众鑫股份:浙江众鑫环保科技集团股份有限公司关于使用部分闲置募集资金购买理财产品到期赎回并继续进行现金管理的公告,投资理财,2025-03-19,https://data.eastmoney.com/notices/detail/603091/AN202503181644484566.html
688018,乐鑫科技,乐鑫科技:乐鑫科技关于召开2024年度业绩说明会的公告,其他,2025-03-19,https://data.eastmoney.com/notices/detail/688018/AN202503181644484449.html
002370,亚太药业,亚太药业:关于亚药转债即将到期及停止交易的第四次提示性公告,其他,2025-03-19,https://data.eastmoney.com/notices/detail/002370/AN202503181644484392.html
600217,中再资环,中再资环:中再资环关于使用部分闲置募集资金进行现金管理到期赎回并继续进行现金管理的公告,投资理财,2025-03-19,https://data.eastmoney.com/notices/detail/600217/AN202503181644484364.html
002882,金龙羽,金龙羽:关于股东股份质押的公告,股份质押、冻结,2025-03-19,https://data.eastmoney.com/notices/detail/002882/AN202503181644484252.html
002169,智光电气,智光电气:关于项目中标的自愿性公告,重大合同,2025-03-19,https://data.eastmoney.com/notices/detail/002169/AN202503181644484250.html
600425,青松建化,青松建化:恒泰长财证券有限责任公司关于新疆青松建材化工(集团)股份有限公司详式权益变动报告书之2024年度持续督导意见,保荐/核查意见,2025-03-19,https://data.eastmoney.com/notices/detail/600425/AN202503181644484226.html
601611,中国核建,中国核建:中国核建关于经营情况简报的公告,月度经营情况,2025-03-19,https://data.eastmoney.com/notices/detail/601611/AN202503181644484227.html
688696,极米科技,极米科技:关于2024年股票期权激励计划预留授予完成登记的公告,股权激励进展公告,2025-03-19,https://data.eastmoney.com/notices/detail/688696/AN202503181644484195.html
000523,红棉股份,红棉股份:中信证券股份有限公司关于广州市红棉智汇科创股份有限公司2024年度持续督导培训情况的报告,保荐/核查意见,2025-03-19,https://data.eastmoney.com/notices/detail/000523/AN202503181644484219.html
603858,步长制药,步长制药:山东步长制药股份有限公司关于公司拟购买安宫牛黄丸药品生产技术相关事宜的进展公告,收购出售资产/股权,2025-03-19,https://data.eastmoney.com/notices/detail/603858/AN202503181644484164.html
603858,步长制药,步长制药:山东步长制药股份有限公司关于控股子公司拟对外投资设立子公司的公告,其他,2025-03-19,https://data.eastmoney.com/notices/detail/603858/AN202503181644484165.html
600758,辽宁能源,辽宁能源:辽宁能源股东集中竞价减持股份结果公告,股东/实际控制人股份减持,2025-03-19,https://data.eastmoney.com/notices/detail/600758/AN202503181644483937.html
301216,万凯新材,万凯新材:控股股东取得金融机构增持贷款承诺函暨增持股份计划公告,借贷,2025-03-19,https://data.eastmoney.com/notices/detail/301216/AN202503181644484157.html
000531,穗恒运A,穗恒运Ａ:广州恒运企业集团股份有限公司关于回购结果暨股份变动公告,股本变动,2025-03-19,https://data.eastmoney.com/notices/detail/000531/AN202503181644483922.html
600058,五矿发展,五矿发展:五矿发展股份有限公司关于聘任公司总经理及提名董事候选人的公告,高管人员任职变动,2025-03-19,https://data.eastmoney.com/notices/detail/600058/AN202503181644483914.html
600058,五矿发展,五矿发展:五矿发展股份有限公司第十届董事会第二次会议决议公告,高管人员任职变动,2025-03-19,https://data.eastmoney.com/notices/detail/600058/AN202503181644483915.html
600537,*ST亿晶,亿晶光电:上海兰迪律师事务所关于亿晶光电科技股份有限公司2022年股票期权与限制性股票激励计划限制性股票回购注销实施的法律意见书,法律意见书,2025-03-19,https://data.eastmoney.com/notices/detail/600537/AN202503181644483895.html
600537,*ST亿晶,亿晶光电:亿晶光电科技股份有限公司股权激励限制性股票回购注销实施公告,回购实施公告,2025-03-19,https://data.eastmoney.com/notices/detail/600537/AN202503181644483894.html
600963,岳阳林纸,岳阳林纸:岳阳林纸股份有限公司关于召开2024年度业绩说明会的公告,其他,2025-03-19,https://data.eastmoney.com/notices/detail/600963/AN202503181644483858.html
000930,中粮科技,中粮科技:关于召开公司2025年第2次临时股东大会的提示性公告,召开股东大会提示性公告,2025-03-19,https://data.eastmoney.com/notices/detail/000930/AN202503181644483551.html
603936,博敏电子,博敏电子:博敏电子关于使用部分闲置募集资金进行现金管理的进展公告,募集资金使用进展情况,2025-03-19,https://data.eastmoney.com/notices/detail/603936/AN202503181644483539.html
688178,万德斯,万德斯:南京万德斯环保科技股份有限公司关于筹划控制权变更事项进展暨继续停牌的公告,停牌公告,2025-03-19,https://data.eastmoney.com/notices/detail/688178/AN202503181644483510.html
688485,九州一轨,九州一轨:北京九州一轨环境科技股份有限公司关于选举非独立董事的公告,高管人员任职变动,2025-03-19,https://data.eastmoney.com/notices/detail/688485/AN202503181644483508.html
688485,九州一轨,九州一轨:北京九州一轨环境科技股份有限公司关于召开2025年第二次临时股东大会的通知,召开股东大会通知,2025-03-19,https://data.eastmoney.com/notices/detail/688485/AN202503181644483507.html
002688,金河生物,金河生物:关于取得发明专利证书的公告,获得认证,2025-03-19,https://data.eastmoney.com/notices/detail/002688/AN202503181644483498.html
600079,ST人福,人福医药:人福医药关于盐酸艾司氯胺酮注射液获得药物临床试验批准通知书的公告,其他,2025-03-19,https://data.eastmoney.com/notices/detail/600079/AN202503181644483494.html
002387,维信诺,维信诺:关于为控股子公司提供担保的进展公告,提供/对外担保公告,2025-03-19,https://data.eastmoney.com/notices/detail/002387/AN202503181644483487.html
001379,腾达科技,腾达科技:中泰证券股份有限公司关于山东腾达紧固科技股份有限公司增加2025年度日常关联交易预计的核查意见,保荐/核查意见,2025-03-19,https://data.eastmoney.com/notices/detail/001379/AN202503181644483485.html
001379,腾达科技,腾达科技:2025年第一次独立董事专门会议决议,其他,2025-03-19,https://data.eastmoney.com/notices/detail/001379/AN202503181644483486.html
001379,腾达科技,腾达科技:第四届监事会第二次会议决议公告,监事会决议公告,2025-03-19,https://data.eastmoney.com/notices/detail/001379/AN202503181644483483.html
001379,腾达科技,腾达科技:关于增加2025年度日常关联交易预计的公告,关联交易,2025-03-19,https://data.eastmoney.com/notices/detail/001379/AN202503181644483482.html
001379,腾达科技,腾达科技:第四届董事会第二次会议决议公告,董事会决议公告,2025-03-19,https://data.eastmoney.com/notices/detail/001379/AN202503181644483484.html
603180,金牌家居,金牌家居:金牌家居关于“金23转债”预计触发转股价格向下修正条件的提示性公告,其他,2025-03-19,https://data.eastmoney.com/notices/detail/603180/AN202503181644483480.html
300054,鼎龙股份,鼎龙股份:关于向不特定对象发行可转换公司债券获得中国证券监督管理委员会同意注册批复的公告,其他,2025-03-19,https://data.eastmoney.com/notices/detail/300054/AN202503181644483469.html
300767,震安科技,震安科技:震安科技股份有限公司关于现金管理产品到期收回的公告,投资理财,2025-03-19,https://data.eastmoney.com/notices/detail/300767/AN202503181644483457.html
300473,德尔股份,德尔股份:第五届董事会第四次会议决议公告,董事会决议公告,2025-03-19,https://data.eastmoney.com/notices/detail/300473/AN202503181644483450.html
300473,德尔股份,德尔股份:关于为全资子公司阜新北星液压有限公司提供担保的公告,提供/对外担保公告,2025-03-19,https://data.eastmoney.com/notices/detail/300473/AN202503181644483456.html
003032,传智教育,传智教育:关于大同数据科技职业学院通过教育部备案并收到办学许可证的自愿性信息披露公告,其他,2025-03-19,https://data.eastmoney.com/notices/detail/003032/AN202503181644483454.html
003012,东鹏控股,东鹏控股:关于取得发明专利证书的公告,获得认证,2025-03-19,https://data.eastmoney.com/notices/detail/003012/AN202503181644483449.html
001338,永顺泰,永顺泰:董事会提名委员会关于第二届董事会第十三次会议相关事项的审查意见,专项说明/独立意见,2025-03-19,https://data.eastmoney.com/notices/detail/001338/AN202503181644483448.html
001338,永顺泰,永顺泰:第二届董事会第十三次会议决议公告,高管人员任职变动,2025-03-19,https://data.eastmoney.com/notices/detail/001338/AN202503181644483458.html
001308,康冠科技,康冠科技:关于2023年股票期权激励计划部分股票期权注销完成的公告,股权激励进展公告,2025-03-19,https://data.eastmoney.com/notices/detail/001308/AN202503181644483455.html
000929,兰州黄河,兰州黄河:关于回购股份事项前十名股东及前十名无限售条件股东持股情况的公告,回购进展情况,2025-03-19,https://data.eastmoney.com/notices/detail/000929/AN202503181644483451.html
600166,福田汽车,福田汽车:2025年第三次临时股东大会会议资料,股东大会资料,2025-03-19,https://data.eastmoney.com/notices/detail/600166/AN202503181644483423.html
600033,福建高速,福建高速:福建高速关于控股股东增持公司股份计划实施完毕暨增持结果的公告,股东/实际控制人股份增持,2025-03-19,https://data.eastmoney.com/notices/detail/600033/AN202503181644483421.html
600033,福建高速,福建高速:国浩律师(福州)事务所关于福建发展高速公路股份有限公司控股股东增持公司股份之法律意见书,法律意见书,2025-03-19,https://data.eastmoney.com/notices/detail/600033/AN202503181644483422.html
000698,ST沈化,沈阳化工:沈阳化工股份有限公司关于孙公司东大泉州24万吨/年聚醚多元醇项目试生产成功的公告,其他,2025-03-19,https://data.eastmoney.com/notices/detail/000698/AN202503181644483420.html
688638,誉辰智能,誉辰智能:深圳市誉辰智能装备股份有限公司关于以集中竞价交易方式回购公司股份比例达到1%暨回购进展公告,回购进展情况,2025-03-19,https://data.eastmoney.com/notices/detail/688638/AN202503181644482692.html
688613,奥精医疗,奥精医疗:自愿披露关于公司产品在越南获得注册证的公告,其他,2025-03-19,https://data.eastmoney.com/notices/detail/688613/AN202503181644482693.html
600867,通化东宝,通化东宝:通化东宝关于德谷胰岛素利拉鲁肽注射液III期临床试验完成首例患者给药的公告,其他,2025-03-19,https://data.eastmoney.com/notices/detail/600867/AN202503181644482383.html
600206,有研新材,有研新材:有研新材料股份有限公司关于独立董事任期届满辞职的公告,高管人员任职变动,2025-03-19,https://data.eastmoney.com/notices/detail/600206/AN202503181644482379.html
600282,南钢股份,南钢股份:南京钢铁股份有限公司关于召开2024年度业绩说明会的预告公告,其他,2025-03-19,https://data.eastmoney.com/notices/detail/600282/AN202503181644482385.html
601969,海南矿业,海南矿业:海南矿业股份有限公司关于召开2024年度业绩说明会的公告,其他,2025-03-19,https://data.eastmoney.com/notices/detail/601969/AN202503181644482386.html
603329,上海雅仕,上海雅仕:关于独立董事任期届满辞任的公告,高管人员任职变动,2025-03-19,https://data.eastmoney.com/notices/detail/603329/AN202503181644482381.html
600372,中航机载,中航机载:中航机载关于董事辞职的公告,高管人员任职变动,2025-03-19,https://data.eastmoney.com/notices/detail/600372/AN202503181644482380.html
603755,日辰股份,日辰股份:青岛日辰食品股份有限公司关于控制股东、实际控制人股份解除质押及控股股东部分股份再质押的公告,股份质押、冻结,2025-03-19,https://data.eastmoney.com/notices/detail/603755/AN202503181644482388.html
600803,新奥股份,新奥股份:新奥股份关于反担保事项的进展公告,其他担保公告,2025-03-19,https://data.eastmoney.com/notices/detail/600803/AN202503181644482387.html
603280,南方路机,南方路机:南方路机关于使用闲置募集资金进行现金管理到期赎回的公告,投资理财,2025-03-19,https://data.eastmoney.com/notices/detail/603280/AN202503181644482382.html
603929,亚翔集成,亚翔集成:亚翔集成-关于召开2024年度业绩说明会的公告,其他,2025-03-19,https://data.eastmoney.com/notices/detail/603929/AN202503181644482384.html
603283,赛腾股份,赛腾股份:苏州赛腾精密电子股份有限公司关于完成工商变更登记的公告,公司注册资本变更,2025-03-19,https://data.eastmoney.com/notices/detail/603283/AN202503181644482389.html
