代码,名称,公告标题,公告类型,公告日期,网址
300093,金刚光伏,金刚光伏:关于公司重整及预重整事项的进展公告,重组进展公告,2025-01-24,https://data.eastmoney.com/notices/detail/300093/AN202501241642528990.html
000908,石药景峰,*ST景峰:关于公司担保事项的进展公告,其他担保公告,2025-01-24,https://data.eastmoney.com/notices/detail/000908/AN202501231642490857.html
600530,ST交昂,交大昂立:上海交大昂立股份有限公司董事会关于上海饰杰装饰设计工程有限公司要约收购事宜致全体股东的报告书,要约收购报告书,2025-01-24,https://data.eastmoney.com/notices/detail/600530/AN202501231642483433.html
002047,宝鹰股份,宝鹰股份:关于非公开发行股票解除限售上市流通的提示性公告,限售股份上市流通,2025-01-24,https://data.eastmoney.com/notices/detail/002047/AN202501231642490754.html
300268,佳沃食品,ST佳沃:2024年年度业绩预告,业绩预告,2025-01-24,https://data.eastmoney.com/notices/detail/300268/AN202501241642520251.html
300682,朗新科技,朗新集团:300682朗新集团投资者关系管理信息20250124,调研活动,2025-01-24,https://data.eastmoney.com/notices/detail/300682/AN202501241642531930.html
920047,诺思兰德,诺思兰德:2024年年度业绩预告公告,业绩预告,2025-01-24,https://data.eastmoney.com/notices/detail/920047/AN202501241642519488.html
600289,ST信通,*ST信通:亿阳信通关于公司股票可能被终止上市的风险提示公告,终止上市风险提示,2025-01-24,https://data.eastmoney.com/notices/detail/600289/AN202501231642487161.html
301067,显盈科技,显盈科技:关于公司2025年度日常关联交易预计的公告,关联交易,2025-01-24,https://data.eastmoney.com/notices/detail/301067/AN202505281680638250.html
A22382,新纳科技,关于浙江新纳材料科技股份有限公司首次公开发行股票并上市辅导备案报告,辅导企业基本情况,2025-01-24,https://data.eastmoney.com/notices/detail/A22382/AN202502071642852751.html
603079,圣达生物,关于同意浙江圣达生物药业股份有限公司向特定对象发行股票注册的批复,沪主板再融资审核注册结果通知,2025-01-24,https://data.eastmoney.com/notices/detail/603079/AN202502061642843883.html
600113,浙江东日,关于同意浙江东日股份有限公司向特定对象发行股票注册的批复,沪主板再融资审核注册结果通知,2025-01-24,https://data.eastmoney.com/notices/detail/600113/AN202502061642843759.html
603628,清源股份,关于同意清源科技股份有限公司向不特定对象发行可转换公司债券注册的批复,沪主板再融资审核注册结果通知,2025-01-24,https://data.eastmoney.com/notices/detail/603628/AN202502051642810186.html
603120,肯特催化,关于同意肯特催化材料股份有限公司首次公开发行股票注册的批复,沪主板发行上市审核注册结果通知,2025-01-24,https://data.eastmoney.com/notices/detail/603120/AN202501271642600397.html
300782,卓胜微,卓胜微:关于提请召开2025年第一次临时股东大会的通知,召开股东大会通知,2025-01-24,https://data.eastmoney.com/notices/detail/300782/AN202501271642590258.html
600898,*ST美讯,关于国美通讯设备股份有限公司股票终止上市的公告,终止上市,2025-01-24,https://data.eastmoney.com/notices/detail/600898/AN202501271642588911.html
688411,海博思创,关于北京海博思创科技股份有限公司人民币普通股股票科创板上市交易的公告,首发提示性公告,2025-01-24,https://data.eastmoney.com/notices/detail/688411/AN202501271642588861.html
000002,万科A,万科A:万科企业股份有限公司关于行使“20万科02”公司债券发行人赎回选择权的第一次提示性公告,其他,2025-01-24,https://data.eastmoney.com/notices/detail/000002/AN202501241642533012.html
000002,万科A,万科A:万科企业股份有限公司关于行使“20万科02”公司债券发行人赎回选择权的公告,其他,2025-01-24,https://data.eastmoney.com/notices/detail/000002/AN202501241642533013.html
300424,航新科技,航新科技:关于指定董事、副总经理代行董事会秘书职责的公告,高管人员任职变动,2025-01-24,https://data.eastmoney.com/notices/detail/300424/AN202501241642532718.html
300424,航新科技,航新科技:关于选举第六届监事会职工代表监事的公告,高管人员任职变动,2025-01-24,https://data.eastmoney.com/notices/detail/300424/AN202501241642532721.html
300424,航新科技,航新科技:新世纪评级关于广州航新航空科技股份有限公司及相关人员收到广东证监局警示函的关注公告,警示函公告,2025-01-24,https://data.eastmoney.com/notices/detail/300424/AN202501241642532713.html
300424,航新科技,航新科技:第六届监事会第一次会议决议公告,高管人员任职变动,2025-01-24,https://data.eastmoney.com/notices/detail/300424/AN202501241642532716.html
300424,航新科技,航新科技:关于2025年第一次临时股东大会决议的公告,股东大会决议公告,2025-01-24,https://data.eastmoney.com/notices/detail/300424/AN202501241642532719.html
300424,航新科技,航新科技:关于选举董事长、副董事长、专门委员会成员及聘任高级管理人员、证券事务代表暨部分独立董事届满离任的公告,高管人员任职变动,2025-01-24,https://data.eastmoney.com/notices/detail/300424/AN202501241642532722.html
301321,翰博高新,翰博高新:2024年度业绩预告,业绩预告,2025-01-24,https://data.eastmoney.com/notices/detail/301321/AN202501241642532715.html
300424,航新科技,航新科技:第六届董事会第一次会议决议公告,高管人员任职变动,2025-01-24,https://data.eastmoney.com/notices/detail/300424/AN202501241642532714.html
301321,翰博高新,翰博高新:关于第二期员工持股计划预留份额分配的公告,员工持股计划,2025-01-24,https://data.eastmoney.com/notices/detail/301321/AN202501241642532717.html
300424,航新科技,航新科技:关于航新科技2025年第一次临时股东大会的法律意见,法律意见书,2025-01-24,https://data.eastmoney.com/notices/detail/300424/AN202501241642532720.html
300471,厚普股份,厚普股份:2024年度业绩预告,业绩预告,2025-01-24,https://data.eastmoney.com/notices/detail/300471/AN202501241642532687.html
300890,翔丰华,翔丰华:上海市翔丰华科技股份有限公司关于股东减持股份计划时间届满的公告,股东/实际控制人股份减持,2025-01-24,https://data.eastmoney.com/notices/detail/300890/AN202501241642532686.html
300020,ST银江,*ST银江:关于公司股票被实施其他风险警示相关事项的进展公告,风险提示性公告,2025-01-24,https://data.eastmoney.com/notices/detail/300020/AN202501241642532414.html
300020,ST银江,*ST银江:2024年度业绩预告,业绩预告,2025-01-24,https://data.eastmoney.com/notices/detail/300020/AN202501241642532415.html
920273,一致魔芋,一致魔芋:持股5%以上股东权益变动达到5%的提示性公告,权益变动报告书,2025-01-24,https://data.eastmoney.com/notices/detail/920273/AN202501241642531834.html
920273,一致魔芋,一致魔芋:简式权益变动报告书,权益变动报告书,2025-01-24,https://data.eastmoney.com/notices/detail/920273/AN202501241642531835.html
920273,一致魔芋,一致魔芋:持股5%以上股东权益变动达到1%的提示性公告,权益变动报告书,2025-01-24,https://data.eastmoney.com/notices/detail/920273/AN202501241642531833.html
300615,欣天科技,欣天科技:关于公司董事兼高级管理人员股份减持计划实施完毕的公告,股东/实际控制人股份减持,2025-01-24,https://data.eastmoney.com/notices/detail/300615/AN202501241642531820.html
920036,觅睿科技,觅睿科技:关于杭州觅睿科技股份有限公司公开发行股票并在北交所上市申请文件的审核问询函,问询函,2025-01-24,https://data.eastmoney.com/notices/detail/920036/AN202501241642531812.html
920187,通领科技,通领科技:关于上海通领汽车科技股份有限公司公开发行股票并在北交所上市申请文件的审核问询函,问询函,2025-01-24,https://data.eastmoney.com/notices/detail/920187/AN202501241642531795.html
A21079,大汉软件,关于终止对大汉软件首次公开发行股票并在创业板上市审核的决定,创业板发行上市审核终止审核通知,2025-01-24,https://data.eastmoney.com/notices/detail/A21079/AN202501241642531421.html
300782,卓胜微,卓胜微:关于2025年度向特定对象发行股票摊薄即期回报及填补措施及相关主体承诺事项的公告,其他,2025-01-24,https://data.eastmoney.com/notices/detail/300782/AN202501241642531412.html
300782,卓胜微,卓胜微:关于2025年度向特定对象发行A股股票预案披露的提示性公告,增发提示性公告,2025-01-24,https://data.eastmoney.com/notices/detail/300782/AN202501241642531396.html
300782,卓胜微,卓胜微:江苏卓胜微电子股份有限公司截至2024年12月31日止前次募集资金使用情况报告,募集资金使用情况报告,2025-01-24,https://data.eastmoney.com/notices/detail/300782/AN202501241642531395.html
300782,卓胜微,卓胜微:未来三年(2025年-2027年)股东分红回报规划,其他,2025-01-24,https://data.eastmoney.com/notices/detail/300782/AN202501241642531404.html
300782,卓胜微,卓胜微:江苏卓胜微电子股份有限公司2025年度向特定对象发行A股股票预案,增发预案,2025-01-24,https://data.eastmoney.com/notices/detail/300782/AN202501241642531408.html
300782,卓胜微,卓胜微:江苏卓胜微电子股份有限公司公司章程(审议稿),公司章程,2025-01-24,https://data.eastmoney.com/notices/detail/300782/AN202501241642531409.html
300782,卓胜微,卓胜微:关于变更公司注册资本及修订《公司章程》的公告,公司章程修订,2025-01-24,https://data.eastmoney.com/notices/detail/300782/AN202501241642531399.html
300782,卓胜微,卓胜微:第三届董事会第九次会议决议公告,增发预案,2025-01-24,https://data.eastmoney.com/notices/detail/300782/AN202501241642531401.html
300782,卓胜微,卓胜微:关于本次向特定对象发行股票不存在直接或通过利益相关方向参与认购的投资者提供财务资助或补偿的公告,获得补贴（资助）,2025-01-24,https://data.eastmoney.com/notices/detail/300782/AN202501241642531398.html
300782,卓胜微,卓胜微:公司章程修订对照表,公司章程修订,2025-01-24,https://data.eastmoney.com/notices/detail/300782/AN202501241642531403.html
300782,卓胜微,卓胜微:第三届监事会第九次会议决议公告,监事会决议公告,2025-01-24,https://data.eastmoney.com/notices/detail/300782/AN202501241642531410.html
300782,卓胜微,卓胜微:监事会关于2025年度向特定对象发行A股股票相关事项的书面审核意见,专项说明/独立意见,2025-01-24,https://data.eastmoney.com/notices/detail/300782/AN202501241642531407.html
300782,卓胜微,卓胜微:江苏卓胜微电子股份有限公司2025年度向特定对象发行A股股票募集资金使用可行性分析报告,其他,2025-01-24,https://data.eastmoney.com/notices/detail/300782/AN202501241642531406.html
300782,卓胜微,卓胜微:关于最近五年不存在被证券监管部门和交易所采取监管措施或处罚情况的公告,处罚,2025-01-24,https://data.eastmoney.com/notices/detail/300782/AN202501241642531400.html
300782,卓胜微,卓胜微:关于江苏卓胜微电子股份有限公司截至2024年12月31日止前次募集资金使用情况报告的鉴证报告,保荐/核查意见,2025-01-24,https://data.eastmoney.com/notices/detail/300782/AN202501241642531397.html
300782,卓胜微,卓胜微:江苏卓胜微电子股份有限公司2025年度向特定对象发行A股股票方案论证分析报告,其他,2025-01-24,https://data.eastmoney.com/notices/detail/300782/AN202501241642531405.html
300075,数字政通,数字政通:2024年度业绩预告,业绩预告,2025-01-24,https://data.eastmoney.com/notices/detail/300075/AN202501241642531373.html
300811,铂科新材,铂科新材:关于2024年度以简易程序向特定对象发行股票申请获得中国证券监督管理委员会同意注册批复的公告,增发获准公告,2025-01-24,https://data.eastmoney.com/notices/detail/300811/AN202501241642531005.html
300486,东杰智能,东杰智能:中证鹏元关于关注东杰智能科技集团股份有限公司董事会和监事会完成换届选举的公告,高管人员任职变动,2025-01-24,https://data.eastmoney.com/notices/detail/300486/AN202501241642530825.html
300158,振东制药,振东制药:关于公司重大仲裁事项进展的公告,诉讼仲裁,2025-01-24,https://data.eastmoney.com/notices/detail/300158/AN202501241642530824.html
920118,太湖远大,太湖远大:关于核心员工退休离职的公告,高管人员任职变动,2025-01-24,https://data.eastmoney.com/notices/detail/920118/AN202501241642530810.html
920579,机科股份,机科股份:第八届董事会第七次会议决议公告,董事会决议公告,2025-01-24,https://data.eastmoney.com/notices/detail/920579/AN202501241642530771.html
920579,机科股份,机科股份:第八届监事会第七次会议决议公告,监事会决议公告,2025-01-24,https://data.eastmoney.com/notices/detail/920579/AN202501241642530764.html
920579,机科股份,机科股份:2025年第二次临时股东大会通知公告(提供网络投票),召开股东大会通知,2025-01-24,https://data.eastmoney.com/notices/detail/920579/AN202501241642530763.html
920579,机科股份,机科股份:对外投资设立全资子公司并拟新设募集资金专户的公告,投资设立公司,2025-01-24,https://data.eastmoney.com/notices/detail/920579/AN202501241642530762.html
920579,机科股份,机科股份:关于预计2025年日常性关联交易的公告,关联交易,2025-01-24,https://data.eastmoney.com/notices/detail/920579/AN202501241642530765.html
920579,机科股份,机科股份:关于使用部分闲置自有资金进行现金管理的公告,投资理财,2025-01-24,https://data.eastmoney.com/notices/detail/920579/AN202501241642530766.html
920579,机科股份,机科股份:关于向全资子公司提供借款的公告,借贷,2025-01-24,https://data.eastmoney.com/notices/detail/920579/AN202501241642530770.html
920579,机科股份,机科股份:中银国际证券股份有限公司关于机科发展科技股份有限公司预计2025年度日常性关联交易的核查意见,保荐/核查意见,2025-01-24,https://data.eastmoney.com/notices/detail/920579/AN202501241642530767.html
920579,机科股份,机科股份:使用闲置募集资金进行现金管理公告,投资理财,2025-01-24,https://data.eastmoney.com/notices/detail/920579/AN202501241642530769.html
920579,机科股份,机科股份:中银国际证券股份有限公司关于机科发展科技股份有限公司使用闲置募集资金进行现金管理的核查意见,保荐/核查意见,2025-01-24,https://data.eastmoney.com/notices/detail/920579/AN202501241642530768.html
920579,机科股份,机科股份:关于注销部分募集资金现金管理专用结算账户的公告,投资理财,2025-01-24,https://data.eastmoney.com/notices/detail/920579/AN202501241642530772.html
300061,旗天科技,旗天科技:关于2024年度向特定对象发行股票变更签字律师的专项说明,专项说明/独立意见,2025-01-24,https://data.eastmoney.com/notices/detail/300061/AN202501241642530623.html
300061,旗天科技,旗天科技:关于向特定对象发行股票审核问询函回复及募集说明书等申请文件更新的提示性公告,回复问询函公告,2025-01-24,https://data.eastmoney.com/notices/detail/300061/AN202501241642530615.html
300061,旗天科技,旗天科技:关于2024年度向特定对象发行股票变更签字律师的公告,其他,2025-01-24,https://data.eastmoney.com/notices/detail/300061/AN202501241642530617.html
300061,旗天科技,旗天科技:上海市锦天城律师事务所关于旗天科技集团股份有限公司2024年度向特定对象发行股票的补充法律意见书(一),法律意见书,2025-01-24,https://data.eastmoney.com/notices/detail/300061/AN202501241642530624.html
300061,旗天科技,旗天科技:关于旗天科技集团股份有限公司申请向特定对象发行股票的审核问询函之回复报告,回复问询函公告,2025-01-24,https://data.eastmoney.com/notices/detail/300061/AN202501241642530620.html
300061,旗天科技,旗天科技:上海市锦天城律师事务所关于变更签字律师的承诺函,其他,2025-01-24,https://data.eastmoney.com/notices/detail/300061/AN202501241642530619.html
300061,旗天科技,旗天科技:国泰君安证券股份有限公司关于旗天科技集团股份有限公司创业板向特定对象发行股票之上市保荐书,上市保荐书,2025-01-24,https://data.eastmoney.com/notices/detail/300061/AN202501241642530621.html
300061,旗天科技,旗天科技:立信会计师事务所(特殊普通合伙)关于旗天科技集团股份有限公司申请向特定对象发行股票的审核问询函的回复说明,会计师事务所问询函回复公告,2025-01-24,https://data.eastmoney.com/notices/detail/300061/AN202501241642530625.html
300061,旗天科技,旗天科技:国泰君安证券股份有限公司关于旗天科技集团股份有限公司创业板向特定对象发行股票之发行保荐书,发行保荐书,2025-01-24,https://data.eastmoney.com/notices/detail/300061/AN202501241642530618.html
300061,旗天科技,旗天科技:2024年度向特定对象发行股票募集说明书(修订稿),增发方案修订,2025-01-24,https://data.eastmoney.com/notices/detail/300061/AN202501241642530622.html
300061,旗天科技,旗天科技:国泰君安证券股份有限公司关于旗天科技集团股份有限公司向特定对象发行股票变更签字律师的专项说明,专项说明/独立意见,2025-01-24,https://data.eastmoney.com/notices/detail/300061/AN202501241642530616.html
920179,凯德石英,凯德石英:第四届监事会第四次会议决议公告,高管人员任职变动,2025-01-24,https://data.eastmoney.com/notices/detail/920179/AN202501241642530589.html
920179,凯德石英,凯德石英:舆情管理制度,管理办法/制度,2025-01-24,https://data.eastmoney.com/notices/detail/920179/AN202501241642530582.html
920179,凯德石英,凯德石英:关于召开2025年第一次临时股东大会通知公告(提供网络投票),召开股东大会通知,2025-01-24,https://data.eastmoney.com/notices/detail/920179/AN202501241642530586.html
920179,凯德石英,凯德石英:关于追加对外投资的公告,对外项目投资,2025-01-24,https://data.eastmoney.com/notices/detail/920179/AN202501241642530590.html
920179,凯德石英,凯德石英:高级管理人员辞职公告,高管人员任职变动,2025-01-24,https://data.eastmoney.com/notices/detail/920179/AN202501241642530583.html
920179,凯德石英,凯德石英:第四届董事会第四次会议决议公告,高管人员任职变动,2025-01-24,https://data.eastmoney.com/notices/detail/920179/AN202501241642530588.html
920179,凯德石英,凯德石英:董事任命公告,高管人员任职变动,2025-01-24,https://data.eastmoney.com/notices/detail/920179/AN202501241642530584.html
920179,凯德石英,凯德石英:董事辞职公告,高管人员任职变动,2025-01-24,https://data.eastmoney.com/notices/detail/920179/AN202501241642530585.html
920179,凯德石英,凯德石英:关于对拟认定核心员工进行公示并征求意见的公告,高管人员任职变动,2025-01-24,https://data.eastmoney.com/notices/detail/920179/AN202501241642530587.html
920876,慧为智能,慧为智能:2024年年度业绩预告公告,业绩预告,2025-01-24,https://data.eastmoney.com/notices/detail/920876/AN202501241642530449.html
300338,*ST开元,*ST开元:关于公司总经理所持部分股份可能被司法强制执行的提示性公告,其他,2025-01-24,https://data.eastmoney.com/notices/detail/300338/AN202501241642530445.html
920001,纬达光电,纬达光电:第三届监事会第五次会议决议公告,监事会决议公告,2025-01-24,https://data.eastmoney.com/notices/detail/920001/AN202501241642530439.html
920001,纬达光电,纬达光电:董事任命公告,高管人员任职变动,2025-01-24,https://data.eastmoney.com/notices/detail/920001/AN202501241642530442.html
920001,纬达光电,纬达光电:持股5%以上股东减持股份结果公告,股东/实际控制人股份减持,2025-01-24,https://data.eastmoney.com/notices/detail/920001/AN202501241642530441.html
920001,纬达光电,纬达光电:关于预计2025年日常性关联交易的公告,关联交易,2025-01-24,https://data.eastmoney.com/notices/detail/920001/AN202501241642530440.html
920001,纬达光电,纬达光电:关于使用信用证、外币、自有资金等方式支付募投项目所需资金并以募集资金等额置换的公告,募集资金使用情况报告,2025-01-24,https://data.eastmoney.com/notices/detail/920001/AN202501241642530444.html
920001,纬达光电,纬达光电:中信建投证券股份有限公司关于佛山纬达光电材料股份有限公司使用信用证、外币、自有资金等方式支付募投项目所需资金并以募集资金等额置换的专项核查意见,保荐/核查意见,2025-01-24,https://data.eastmoney.com/notices/detail/920001/AN202501241642530437.html
920001,纬达光电,纬达光电:中信建投证券股份有限公司关于佛山纬达光电材料股份有限公司预计2025年度日常性关联交易的专项核查意见,保荐/核查意见,2025-01-24,https://data.eastmoney.com/notices/detail/920001/AN202501241642530436.html
920001,纬达光电,纬达光电:第三届董事会第六次会议决议公告,高管人员任职变动,2025-01-24,https://data.eastmoney.com/notices/detail/920001/AN202501241642530438.html
920001,纬达光电,纬达光电:关于召开2025年第一次临时股东大会通知公告(提供网络投票),召开股东大会通知,2025-01-24,https://data.eastmoney.com/notices/detail/920001/AN202501241642530443.html
920015,锦华新材,锦华新材:关于浙江锦华新材料股份有限公司公开发行股票并在北交所上市申请文件的第二轮审核问询函,问询函,2025-01-24,https://data.eastmoney.com/notices/detail/920015/AN202501241642530400.html
300180,华峰超纤,华峰超纤:关于公司董事、高级管理人员股份减持计划预披露公告,股东/实际控制人股份减持,2025-01-24,https://data.eastmoney.com/notices/detail/300180/AN202501241642530397.html
300477,ST合纵,合纵科技:2024年年度业绩预告,业绩预告,2025-01-24,https://data.eastmoney.com/notices/detail/300477/AN202501241642530399.html
301298,东利机械,东利机械:关于持股5%以上股东减持时间届满暨减持股份结果公告,股东/实际控制人股份减持,2025-01-24,https://data.eastmoney.com/notices/detail/301298/AN202501241642530398.html
920128,胜业电气,胜业电气:申万宏源证券承销保荐有限责任公司关于胜业电气股份有限公司调整募集资金投资项目拟投入募集资金金额的核查意见,保荐/核查意见,2025-01-24,https://data.eastmoney.com/notices/detail/920128/AN202501241642530381.html
920128,胜业电气,胜业电气:申万宏源证券承销保荐有限责任公司关于胜业电气股份有限公司使用部分暂时闲置募集资金进行现金管理的核查意见,保荐/核查意见,2025-01-24,https://data.eastmoney.com/notices/detail/920128/AN202501241642530380.html
920077,吉林碳谷,吉林碳谷:2024年年度业绩预告公告,业绩预告,2025-01-24,https://data.eastmoney.com/notices/detail/920077/AN202501241642530379.html
920077,吉林碳谷,吉林碳谷:第三届董事会第二十六次会议决议公告,董事会决议公告,2025-01-24,https://data.eastmoney.com/notices/detail/920077/AN202501241642530383.html
920077,吉林碳谷,吉林碳谷:第三届监事会第二十次会议决议公告,监事会决议公告,2025-01-24,https://data.eastmoney.com/notices/detail/920077/AN202501241642530382.html
920077,吉林碳谷,吉林碳谷:关于召开2025年第二次临时股东大会通知公告(提供网络投票),召开股东大会通知,2025-01-24,https://data.eastmoney.com/notices/detail/920077/AN202501241642530386.html
920077,吉林碳谷,吉林碳谷:吉林碳谷碳纤维股份有限公司舆情管理制度,管理办法/制度,2025-01-24,https://data.eastmoney.com/notices/detail/920077/AN202501241642530385.html
920077,吉林碳谷,吉林碳谷:拟变更2024年度会计师事务所公告,审计机构变更,2025-01-24,https://data.eastmoney.com/notices/detail/920077/AN202501241642530384.html
300009,安科生物,安科生物:关于参股公司药品临床试验申请获受理的公告,其他,2025-01-24,https://data.eastmoney.com/notices/detail/300009/AN202501241642530255.html
301383,天键股份,天键股份:关于控股孙公司完成工商注册登记的公告,公司关联方基本资料变更,2025-01-24,https://data.eastmoney.com/notices/detail/301383/AN202501241642530249.html
301383,天键股份,天键股份:关于回购注销部分第一类限制性股票完成的公告,股本变动,2025-01-24,https://data.eastmoney.com/notices/detail/301383/AN202501241642530253.html
920575,*ST康乐,康乐卫士:2024年年度业绩预告公告,业绩预告,2025-01-24,https://data.eastmoney.com/notices/detail/920575/AN202501241642530233.html
920575,*ST康乐,康乐卫士:第五届董事会第五次会议决议公告,董事会决议公告,2025-01-24,https://data.eastmoney.com/notices/detail/920575/AN202501241642530237.html
920575,*ST康乐,康乐卫士:第五届监事会第五次会议决议公告,监事会决议公告,2025-01-24,https://data.eastmoney.com/notices/detail/920575/AN202501241642530229.html
920575,*ST康乐,康乐卫士:关于对外投资设立全资子公司的公告,投资设立公司,2025-01-24,https://data.eastmoney.com/notices/detail/920575/AN202501241642530238.html
920575,*ST康乐,康乐卫士:关于子公司申请银行授信暨公司及关联方提供担保的公告,提供/对外担保公告,2025-01-24,https://data.eastmoney.com/notices/detail/920575/AN202501241642530235.html
920575,*ST康乐,康乐卫士:高级管理人员任命公告,高管人员任职变动,2025-01-24,https://data.eastmoney.com/notices/detail/920575/AN202501241642530234.html
920575,*ST康乐,康乐卫士:关于调整公司内部管理机构的公告,其他,2025-01-24,https://data.eastmoney.com/notices/detail/920575/AN202501241642530236.html
920575,*ST康乐,康乐卫士:关于全资子公司增资扩股暨关联方提供担保的公告,提供/对外担保公告,2025-01-24,https://data.eastmoney.com/notices/detail/920575/AN202501241642530232.html
920575,*ST康乐,康乐卫士:中信证券股份有限公司关于北京康乐卫士生物技术股份有限公司关联方为公司全资子公司增资协议项下回购义务提供担保事项的核查意见,保荐/核查意见,2025-01-24,https://data.eastmoney.com/notices/detail/920575/AN202501241642530230.html
920575,*ST康乐,康乐卫士:中信证券股份有限公司关于北京康乐卫士生物技术股份有限公司子公司申请银行授信并接受公司及关联方担保事项的核查意见,保荐/核查意见,2025-01-24,https://data.eastmoney.com/notices/detail/920575/AN202501241642530231.html
920719,宁新新材,宁新新材:2024年年度业绩预告公告,业绩预告,2025-01-24,https://data.eastmoney.com/notices/detail/920719/AN202501241642530210.html
920267,鑫汇科,鑫汇科:关于持股5%以上股东及其一致行动人权益变动达到5%的提示性公告,权益变动报告书,2025-01-24,https://data.eastmoney.com/notices/detail/920267/AN202501241642530205.html
920267,鑫汇科,鑫汇科:简式权益变动报告书,权益变动报告书,2025-01-24,https://data.eastmoney.com/notices/detail/920267/AN202501241642530207.html
920267,鑫汇科,鑫汇科:关于持股5%以上股东及其一致行动人权益变动达到1%的提示性公告,权益变动报告书,2025-01-24,https://data.eastmoney.com/notices/detail/920267/AN202501241642530206.html
920242,建邦科技,建邦科技:第四届董事会第一次会议决议公告,高管人员任职变动,2025-01-24,https://data.eastmoney.com/notices/detail/920242/AN202501241642530056.html
920242,建邦科技,建邦科技:第四届监事会第一次会议决议公告,高管人员任职变动,2025-01-24,https://data.eastmoney.com/notices/detail/920242/AN202501241642530053.html
920242,建邦科技,建邦科技:2025年第一次临时股东大会决议公告,股东大会决议公告,2025-01-24,https://data.eastmoney.com/notices/detail/920242/AN202501241642530157.html
920242,建邦科技,建邦科技:董事长、监事会主席及高级管理人员换届公告,高管人员任职变动,2025-01-24,https://data.eastmoney.com/notices/detail/920242/AN202501241642530052.html
920242,建邦科技,建邦科技:上海市通力律师事务所关于建邦科技2025年第一次临时股东大会的法律意见书,法律意见书,2025-01-24,https://data.eastmoney.com/notices/detail/920242/AN202501241642530054.html
920242,建邦科技,建邦科技:关于选举公司第四届董事会审计委员会委员的公告,高管人员任职变动,2025-01-24,https://data.eastmoney.com/notices/detail/920242/AN202501241642530055.html
300719,安达维尔,安达维尔:北京观韬律师事务所关于北京安达维尔科技股份有限公司2024年度向特定对象发行人民币普通股(A股)股票的补充法律意见书(一),法律意见书,2025-01-24,https://data.eastmoney.com/notices/detail/300719/AN202501241642530029.html
300719,安达维尔,安达维尔:信永中和会计师事务所(特殊普通合伙)关于北京安达维尔科技股份有限公司申请向特定对象发行股票的审核问询函之回复报告,会计师事务所问询函回复公告,2025-01-24,https://data.eastmoney.com/notices/detail/300719/AN202501241642530022.html
300719,安达维尔,安达维尔:北京安达维尔科技股份有限公司2024年度向特定对象发行人民币普通股(A股)股票募集说明书(修订稿),增发方案修订,2025-01-24,https://data.eastmoney.com/notices/detail/300719/AN202501241642530027.html
300719,安达维尔,安达维尔:关于申请向特定对象发行股票的审核问询函回复及募集说明书等申请文件更新的提示性公告,回复问询函公告,2025-01-24,https://data.eastmoney.com/notices/detail/300719/AN202501241642530018.html
300719,安达维尔,安达维尔:中信证券股份有限公司关于北京安达维尔科技股份有限公司2024年度向特定对象发行人民币普通股(A股)股票之上市保荐书,上市保荐书,2025-01-24,https://data.eastmoney.com/notices/detail/300719/AN202501241642530024.html
300719,安达维尔,安达维尔:关于北京安达维尔科技股份有限公司申请向特定对象发行股票的审核问询函之回复报告,回复问询函公告,2025-01-24,https://data.eastmoney.com/notices/detail/300719/AN202501241642530033.html
300719,安达维尔,安达维尔:中信证券股份有限公司关于北京安达维尔科技股份有限公司2024年度向特定对象发行人民币普通股(A股)股票之发行保荐书,发行保荐书,2025-01-24,https://data.eastmoney.com/notices/detail/300719/AN202501241642530020.html
920809,安达科技,安达科技:第四届董事会第十五次会议决议公告,董事会决议公告,2025-01-24,https://data.eastmoney.com/notices/detail/920809/AN202501241642529997.html
920809,安达科技,安达科技:首次回购股份暨回购进展情况公告,回购进展情况,2025-01-24,https://data.eastmoney.com/notices/detail/920809/AN202501241642529996.html
920809,安达科技,安达科技:关于取得股份回购资金贷款支持暨增加股份回购资金来源的公告,借贷,2025-01-24,https://data.eastmoney.com/notices/detail/920809/AN202501241642529995.html
300027,ST华谊,华谊兄弟:2024年年度业绩预告,业绩预告,2025-01-24,https://data.eastmoney.com/notices/detail/300027/AN202501241642529981.html
301123,奕东电子,奕东电子:2024年度业绩预告,业绩预告,2025-01-24,https://data.eastmoney.com/notices/detail/301123/AN202501241642529984.html
920725,惠丰钻石,惠丰钻石:2024年年度业绩预告公告,业绩预告,2025-01-24,https://data.eastmoney.com/notices/detail/920725/AN202501241642529965.html
300212,*ST易录,易华录:300212易华录投资者关系管理信息20250124,调研活动,2025-01-24,https://data.eastmoney.com/notices/detail/300212/AN202501241642529798.html
920149,旭杰科技,旭杰科技:2024年年度业绩预告公告,业绩预告,2025-01-24,https://data.eastmoney.com/notices/detail/920149/AN202501241642529733.html
920149,旭杰科技,旭杰科技:关于为控股子公司提供担保的公告,提供/对外担保公告,2025-01-24,https://data.eastmoney.com/notices/detail/920149/AN202501241642529732.html
920149,旭杰科技,旭杰科技:关于控股子公司工厂停产的公告,其他,2025-01-24,https://data.eastmoney.com/notices/detail/920149/AN202501241642529734.html
000776,广发证券,广发证券:广发证券股份有限公司2025年面向专业投资者公开发行公司债券(第一期)在深圳证券交易所上市的公告,其他,2025-01-24,https://data.eastmoney.com/notices/detail/000776/AN202501241642529727.html
000100,TCL科技,TCL科技:中信证券股份有限公司关于“24TCLK1”回售结果及转售事项的受托管理事务临时报告,其他,2025-01-24,https://data.eastmoney.com/notices/detail/000100/AN202501241642529728.html
000100,TCL科技,TCL科技:2024年面向专业投资者公开发行科技创新公司债券(数字经济)(第一期)回售结果公告,其他,2025-01-24,https://data.eastmoney.com/notices/detail/000100/AN202501241642529726.html
000100,TCL科技,TCL科技:2024年面向专业投资者公开发行科技创新公司债券(数字经济)(第一期)2025年付息公告,其他,2025-01-24,https://data.eastmoney.com/notices/detail/000100/AN202501241642529730.html
000402,金融街,金融街:中信建投证券股份有限公司关于金融街控股股份有限公司2024年度业绩预告的临时受托管理事务报告,其他,2025-01-24,https://data.eastmoney.com/notices/detail/000402/AN202501241642529725.html
000402,金融街,金融街:平安证券股份有限公司关于金融街控股股份有限公司2024年度业绩预告的临时受托管理事务报告,其他,2025-01-24,https://data.eastmoney.com/notices/detail/000402/AN202501241642529724.html
920132,泰鹏智能,泰鹏智能:2024年年度业绩预告公告,业绩预告,2025-01-24,https://data.eastmoney.com/notices/detail/920132/AN202501241642529701.html
301067,显盈科技,显盈科技:深圳市显盈科技股份有限公司2024年度业绩预告,业绩预告,2025-01-24,https://data.eastmoney.com/notices/detail/301067/AN202501241642529691.html
300598,诚迈科技,诚迈科技:2024年度业绩预告,业绩预告,2025-01-24,https://data.eastmoney.com/notices/detail/300598/AN202501241642529686.html
300298,三诺生物,三诺生物:关于获得政府补助的公告,获得补贴（资助）,2025-01-24,https://data.eastmoney.com/notices/detail/300298/AN202501241642529690.html
000415,渤海租赁,渤海租赁:长城证券股份有限公司关于渤海租赁股份有限公司面向合格投资者公开发行公司债券临时受托管理事务报告,其他,2025-01-24,https://data.eastmoney.com/notices/detail/000415/AN202501241642529663.html
002736,国信证券,国信证券:2024年面向专业投资者公开发行公司债券(第二期)(品种一)2025年付息公告,其他,2025-01-24,https://data.eastmoney.com/notices/detail/002736/AN202501241642529662.html
002736,国信证券,国信证券:2024年面向专业投资者公开发行公司债券(第二期)(品种二)2025年付息公告,其他,2025-01-24,https://data.eastmoney.com/notices/detail/002736/AN202501241642529661.html
300831,ST派瑞,派瑞股份:关于聘任高级管理人员的公告,高管人员任职变动,2025-01-24,https://data.eastmoney.com/notices/detail/300831/AN202501241642529642.html
300831,ST派瑞,派瑞股份:第三届监事会第五次会议决议公告,监事会决议公告,2025-01-24,https://data.eastmoney.com/notices/detail/300831/AN202501241642529641.html
300831,ST派瑞,派瑞股份:关于使用部分闲置自有资金进行现金管理的公告,投资理财,2025-01-24,https://data.eastmoney.com/notices/detail/300831/AN202501241642529650.html
300831,ST派瑞,派瑞股份:2024年度业绩预告,业绩预告,2025-01-24,https://data.eastmoney.com/notices/detail/300831/AN202501241642529637.html
300869,康泰医学,康泰医学:关于公司完成医疗器械生产许可证变更登记的公告,其他,2025-01-24,https://data.eastmoney.com/notices/detail/300869/AN202501241642529629.html
300110,华仁药业,华仁药业:2024年度业绩预告,业绩预告,2025-01-24,https://data.eastmoney.com/notices/detail/300110/AN202501241642529644.html
300831,ST派瑞,派瑞股份:董事、监事、高级管理人员薪酬管理办法,管理办法/制度,2025-01-24,https://data.eastmoney.com/notices/detail/300831/AN202501241642529643.html
300831,ST派瑞,派瑞股份:关于修订董事、监事、高级管理人员薪酬管理办法的公告,管理办法/制度,2025-01-24,https://data.eastmoney.com/notices/detail/300831/AN202501241642529638.html
300630,普利退,*ST普利:关于公司股票可能被实施重大违法强制退市及可转换公司债券交易相关事项的第四次风险提示公告,其它风险提示公告,2025-01-24,https://data.eastmoney.com/notices/detail/300630/AN202501241642529621.html
300831,ST派瑞,派瑞股份:第三届董事会第六次会议决议公告,高管人员任职变动,2025-01-24,https://data.eastmoney.com/notices/detail/300831/AN202501241642529619.html
300831,ST派瑞,派瑞股份:关于使用部分闲置募集资金进行现金管理到期赎回并继续进行现金管理的进展公告,募集资金使用进展情况,2025-01-24,https://data.eastmoney.com/notices/detail/300831/AN202501241642529618.html
300630,普利退,*ST普利:关于可转换公司债券2025年付息的公告,其他,2025-01-24,https://data.eastmoney.com/notices/detail/300630/AN202501241642529617.html
920857,泓禧科技,泓禧科技:2024年年度业绩预告公告,业绩预告,2025-01-24,https://data.eastmoney.com/notices/detail/920857/AN202501241642529613.html
920971,天马新材,天马新材:持股5%以上股东权益变动达到1%的提示性公告,权益变动报告书,2025-01-24,https://data.eastmoney.com/notices/detail/920971/AN202501241642529612.html
920970,大禹生物,大禹生物:舆情管理制度,管理办法/制度,2025-01-24,https://data.eastmoney.com/notices/detail/920970/AN202501241642529434.html
920970,大禹生物,大禹生物:第三届董事会第十九次会议决议公告,董事会决议公告,2025-01-24,https://data.eastmoney.com/notices/detail/920970/AN202501241642529435.html
920021,流金科技,流金科技:2024年年度业绩预告公告,业绩预告,2025-01-24,https://data.eastmoney.com/notices/detail/920021/AN202501241642529371.html
920021,流金科技,流金科技:2024年年度业绩快报公告,业绩快报,2025-01-24,https://data.eastmoney.com/notices/detail/920021/AN202501241642529372.html
300476,胜宏科技,胜宏科技:君合律师事务所上海分所关于胜宏科技(惠州)股份有限公司2025年第一次临时股东会之法律意见书,法律意见书,2025-01-24,https://data.eastmoney.com/notices/detail/300476/AN202501241642529383.html
300476,胜宏科技,胜宏科技:关于完成补选非独立董事的公告,高管人员任职变动,2025-01-24,https://data.eastmoney.com/notices/detail/300476/AN202501241642529385.html
300476,胜宏科技,胜宏科技:2025年第一次临时股东会决议公告,股东大会决议公告,2025-01-24,https://data.eastmoney.com/notices/detail/300476/AN202501241642529384.html
300134,大富科技,大富科技:关于控股股东部分股份解除质押及质押的公告,股份质押、冻结,2025-01-24,https://data.eastmoney.com/notices/detail/300134/AN202501241642529386.html
300244,迪安诊断,迪安诊断:2024年度业绩预告,业绩预告,2025-01-24,https://data.eastmoney.com/notices/detail/300244/AN202501241642529336.html
300468,四方精创,四方精创:关于持股5%以上股东持股比例降至5%以下暨披露《简式权益变动报告书》提示性公告,权益变动报告书,2025-01-24,https://data.eastmoney.com/notices/detail/300468/AN202501241642529354.html
300666,江丰电子,江丰电子:2024年度业绩预告,业绩预告,2025-01-24,https://data.eastmoney.com/notices/detail/300666/AN202501241642529341.html
300561,汇金科技,汇金科技:2024年度业绩预告,业绩预告,2025-01-24,https://data.eastmoney.com/notices/detail/300561/AN202501241642529339.html
300468,四方精创,四方精创:简式权益变动报告书,权益变动报告书,2025-01-24,https://data.eastmoney.com/notices/detail/300468/AN202501241642529348.html
300800,力合科技,力合科技:关于使用部分闲置募集资金进行现金管理的进展公告,募集资金使用进展情况,2025-01-24,https://data.eastmoney.com/notices/detail/300800/AN202501241642529260.html
300222,科大智能,科大智能:第六届董事会第一次会议决议公告,高管人员任职变动,2025-01-24,https://data.eastmoney.com/notices/detail/300222/AN202501241642529126.html
300578,会畅科技,会畅通讯:2025-0012024年度业绩预告,业绩预告,2025-01-24,https://data.eastmoney.com/notices/detail/300578/AN202501241642529125.html
300222,科大智能,科大智能:关于全资子公司为公司提供担保的公告,提供/对外担保公告,2025-01-24,https://data.eastmoney.com/notices/detail/300222/AN202501241642529119.html
300222,科大智能,科大智能:北京海润天睿律师事务所关于科大智能科技股份有限公司2025年第一次临时股东大会的法律意见,法律意见书,2025-01-24,https://data.eastmoney.com/notices/detail/300222/AN202501241642529128.html
300222,科大智能,科大智能:关于董事会、监事会完成换届选举及聘任高级管理人员、证券事务代表的公告,高管人员任职变动,2025-01-24,https://data.eastmoney.com/notices/detail/300222/AN202501241642529114.html
301272,英华特,英华特:苏州英华特涡旋技术股份有限公司关于持股5%以上股东权益变动暨持股比例降至5%以下的提示性公告,权益变动报告书,2025-01-24,https://data.eastmoney.com/notices/detail/301272/AN202501241642529121.html
300222,科大智能,科大智能:2025年第一次临时股东大会决议公告,股东大会决议公告,2025-01-24,https://data.eastmoney.com/notices/detail/300222/AN202501241642529113.html
300424,航新科技,航新科技:2024年度业绩预告,业绩预告,2025-01-24,https://data.eastmoney.com/notices/detail/300424/AN202501241642529117.html
300222,科大智能,科大智能:第六届监事会第一次会议决议公告,高管人员任职变动,2025-01-24,https://data.eastmoney.com/notices/detail/300222/AN202501241642529110.html
301272,英华特,英华特:苏州英华特涡旋技术股份有限公司简式权益变动报告书,权益变动报告书,2025-01-24,https://data.eastmoney.com/notices/detail/301272/AN202501241642529109.html
300071,福石控股,福石控股:关于诉讼的进展公告,诉讼仲裁,2025-01-24,https://data.eastmoney.com/notices/detail/300071/AN202501241642529034.html
301236,软通动力,软通动力:关于股东股份质押的公告,股份质押、冻结,2025-01-24,https://data.eastmoney.com/notices/detail/301236/AN202501241642529036.html
301236,软通动力,软通动力:2024年度业绩预告,业绩预告,2025-01-24,https://data.eastmoney.com/notices/detail/301236/AN202501241642529035.html
920344,三元基因,三元基因:董事辞职公告,高管人员任职变动,2025-01-24,https://data.eastmoney.com/notices/detail/920344/AN202501241642529018.html
920344,三元基因,三元基因:董事任命公告,高管人员任职变动,2025-01-24,https://data.eastmoney.com/notices/detail/920344/AN202501241642529016.html
920344,三元基因,三元基因:持股5%以上股东减持股份结果公告,股东/实际控制人股份减持,2025-01-24,https://data.eastmoney.com/notices/detail/920344/AN202501241642529013.html
920344,三元基因,三元基因:第四届董事会第二次会议决议公告,高管人员任职变动,2025-01-24,https://data.eastmoney.com/notices/detail/920344/AN202501241642529014.html
920344,三元基因,三元基因:持股5%以上股东权益变动达到1%的提示性公告,权益变动报告书,2025-01-24,https://data.eastmoney.com/notices/detail/920344/AN202501241642529015.html
920344,三元基因,三元基因:关于召开2025年第一次临时股东大会通知公告(提供网络投票),召开股东大会通知,2025-01-24,https://data.eastmoney.com/notices/detail/920344/AN202501241642529017.html
920471,美邦科技,美邦科技:2024年年度业绩预告公告,业绩预告,2025-01-24,https://data.eastmoney.com/notices/detail/920471/AN202501241642529004.html
920471,美邦科技,美邦科技:第四届董事会第七次会议决议公告,董事会决议公告,2025-01-24,https://data.eastmoney.com/notices/detail/920471/AN202501241642529003.html
920471,美邦科技,美邦科技:关于召开2025年第一次临时股东大会通知公告(提供网络投票),召开股东大会通知,2025-01-24,https://data.eastmoney.com/notices/detail/920471/AN202501241642529007.html
920471,美邦科技,美邦科技:第四届监事会第六次会议决议公告,监事会决议公告,2025-01-24,https://data.eastmoney.com/notices/detail/920471/AN202501241642529006.html
920471,美邦科技,美邦科技:舆情管理制度,管理办法/制度,2025-01-24,https://data.eastmoney.com/notices/detail/920471/AN202501241642529008.html
920471,美邦科技,美邦科技:拟变更2024年度会计师事务所公告,审计机构变更,2025-01-24,https://data.eastmoney.com/notices/detail/920471/AN202501241642529005.html
300666,江丰电子,江丰电子:中信建投证券股份有限公司关于宁波江丰电子材料股份有限公司部分募集资金投资项目变更实施主体、实施方式及地点、调整投资金额及内部投资结构的核查意见,保荐/核查意见,2025-01-24,https://data.eastmoney.com/notices/detail/300666/AN202501241642528997.html
300666,江丰电子,江丰电子:关于第二期股权激励计划回购注销部分限制性股票的公告,回购进展情况,2025-01-24,https://data.eastmoney.com/notices/detail/300666/AN202501241642528983.html
300666,江丰电子,江丰电子:国浩律师(上海)事务所关于宁波江丰电子材料股份有限公司第二期股权激励计划回购限制性股票之法律意见书,法律意见书,2025-01-24,https://data.eastmoney.com/notices/detail/300666/AN202501241642528978.html
300666,江丰电子,江丰电子:关于部分募集资金投资项目变更实施主体、实施方式及地点、调整投资金额及内部投资结构的公告,变更募集资金投资项目,2025-01-24,https://data.eastmoney.com/notices/detail/300666/AN202501241642528976.html
300666,江丰电子,江丰电子:第四届监事会第十三次会议决议公告,监事会决议公告,2025-01-24,https://data.eastmoney.com/notices/detail/300666/AN202501241642528991.html
300666,江丰电子,江丰电子:宁波江丰电子材料股份有限公司舆情管理制度(2025年1月),管理办法/制度,2025-01-24,https://data.eastmoney.com/notices/detail/300666/AN202501241642528984.html
300666,江丰电子,江丰电子:第四届董事会第十三次会议决议公告,高管人员任职变动,2025-01-24,https://data.eastmoney.com/notices/detail/300666/AN202501241642528980.html
300666,江丰电子,江丰电子:关于择期召开股东会的公告,其他,2025-01-24,https://data.eastmoney.com/notices/detail/300666/AN202501241642528994.html
300093,金刚光伏,金刚光伏:关于公司股票交易可能被实施退市风险警示的提示性公告,其它风险提示公告,2025-01-24,https://data.eastmoney.com/notices/detail/300093/AN202501241642528992.html
300093,金刚光伏,金刚光伏:2024年度业绩预告,业绩预告,2025-01-24,https://data.eastmoney.com/notices/detail/300093/AN202501241642528987.html
300069,金利华电,金利华电:金利华电气股份有限公司2024年年度业绩预告,业绩预告,2025-01-24,https://data.eastmoney.com/notices/detail/300069/AN202501241642528975.html
300487,蓝晓科技,蓝晓科技:关于蓝晓转02预计触发转股价格向下修正条件的公告,其他,2025-01-24,https://data.eastmoney.com/notices/detail/300487/AN202501241642528986.html
300536,农尚环境,*ST农尚:关于变更电子信箱及全资子公司启用网站的公告,其他,2025-01-24,https://data.eastmoney.com/notices/detail/300536/AN202501241642528838.html
300122,智飞生物,智飞生物:2025-022024年度业绩预告,业绩预告,2025-01-24,https://data.eastmoney.com/notices/detail/300122/AN202501241642528840.html
300747,锐科激光,锐科激光:2025年第一次临时股东大会决议的公告,分配方案决议公告,2025-01-24,https://data.eastmoney.com/notices/detail/300747/AN202501241642528839.html
300536,农尚环境,*ST农尚:股票可能被终止上市的风险提示公告,终止上市风险提示,2025-01-24,https://data.eastmoney.com/notices/detail/300536/AN202501241642528833.html
301608,博实结,博实结:关于首次公开发行网下发行限售股份上市流通的提示性公告,限售股份上市流通,2025-01-24,https://data.eastmoney.com/notices/detail/301608/AN202501241642528837.html
301608,博实结,博实结:民生证券股份有限公司关于深圳市博实结科技股份有限公司首次公开发行网下发行限售股份上市流通的核查意见,保荐/核查意见,2025-01-24,https://data.eastmoney.com/notices/detail/301608/AN202501241642528834.html
300747,锐科激光,锐科激光:锐科激光2025年第一次临时股东大会法律意见书,法律意见书,2025-01-24,https://data.eastmoney.com/notices/detail/300747/AN202501241642528832.html
301182,凯旺科技,凯旺科技:河南凯旺电子科技股份有限公司2024年年度业绩预告,业绩预告,2025-01-24,https://data.eastmoney.com/notices/detail/301182/AN202501241642528836.html
300536,农尚环境,*ST农尚:2024年度业绩预告,业绩预告,2025-01-24,https://data.eastmoney.com/notices/detail/300536/AN202501241642528835.html
920964,润农节水,润农节水:关于公司股东协议转让股份完成过户登记的公告,股权转让,2025-01-24,https://data.eastmoney.com/notices/detail/920964/AN202501241642528829.html
300829,金丹科技,金丹科技:河南金丹乳酸科技股份有限公司关于首次回购公司股份的公告,回购实施公告,2025-01-24,https://data.eastmoney.com/notices/detail/300829/AN202501241642528790.html
300738,奥飞数据,奥飞数据:第四届董事会第十五次会议决议公告,董事会决议公告,2025-01-24,https://data.eastmoney.com/notices/detail/300738/AN202501241642528765.html
300497,富祥股份,富祥药业:关于公司为全资子公司提供担保进展的公告,提供/对外担保公告,2025-01-24,https://data.eastmoney.com/notices/detail/300497/AN202501241642528654.html
300738,奥飞数据,奥飞数据:关于全资子公司向控股股东采购设备暨关联交易的公告,关联交易,2025-01-24,https://data.eastmoney.com/notices/detail/300738/AN202501241642528763.html
300738,奥飞数据,奥飞数据:民生证券股份有限公司关于广东奥飞数据科技股份有限公司全资子公司向控股股东采购设备暨关联交易的核查意见,保荐/核查意见,2025-01-24,https://data.eastmoney.com/notices/detail/300738/AN202501241642528762.html
300497,富祥股份,富祥药业:关于公司控股股东部分股份质押的公告,股份质押、冻结,2025-01-24,https://data.eastmoney.com/notices/detail/300497/AN202501241642528760.html
300738,奥飞数据,奥飞数据:第四届监事会第十三次会议决议公告,监事会决议公告,2025-01-24,https://data.eastmoney.com/notices/detail/300738/AN202501241642528652.html
300497,富祥股份,富祥药业:关于公司旗下产品未冉蛋白通过美国SELF-GRAS认证的公告,获得认证,2025-01-24,https://data.eastmoney.com/notices/detail/300497/AN202501241642528653.html
301067,显盈科技,显盈科技:国金证券股份有限公司关于深圳市显盈科技股份有限公司2025年度日常关联交易预计的核查意见,保荐/核查意见,2025-01-24,https://data.eastmoney.com/notices/detail/301067/AN202501241642528623.html
301067,显盈科技,显盈科技:北京市中伦(深圳)律师事务所关于深圳市显盈科技股份有限公司2025年第一次临时股东大会的法律意见书,法律意见书,2025-01-24,https://data.eastmoney.com/notices/detail/301067/AN202501241642528613.html
300682,朗新科技,朗新集团:2024年年度业绩预告,业绩预告,2025-01-24,https://data.eastmoney.com/notices/detail/300682/AN202501241642528608.html
301511,德福科技,德福科技:国泰君安证券股份有限公司关于九江德福科技股份有限公司2024年度持续督导工作现场检查报告,保荐/核查意见,2025-01-24,https://data.eastmoney.com/notices/detail/301511/AN202501241642528615.html
300014,亿纬锂能,亿纬锂能:2025年第一次临时股东大会法律意见书,法律意见书,2025-01-24,https://data.eastmoney.com/notices/detail/300014/AN202501241642528610.html
301067,显盈科技,显盈科技:2025年第一次临时股东大会决议公告,股东大会决议公告,2025-01-24,https://data.eastmoney.com/notices/detail/301067/AN202501241642528617.html
301511,德福科技,德福科技:关于审计机构变更注册会计师及项目质量复核人员的公告,审计机构变更,2025-01-24,https://data.eastmoney.com/notices/detail/301511/AN202501241642528618.html
301511,德福科技,德福科技:公司2024年度业绩预告,业绩预告,2025-01-24,https://data.eastmoney.com/notices/detail/301511/AN202501241642528611.html
300497,富祥股份,富祥药业:2024年度业绩预告,业绩预告,2025-01-24,https://data.eastmoney.com/notices/detail/300497/AN202501241642528612.html
300014,亿纬锂能,亿纬锂能:2025年第一次临时股东大会决议公告,股东大会决议公告,2025-01-24,https://data.eastmoney.com/notices/detail/300014/AN202501241642528621.html
301067,显盈科技,显盈科技:第三届监事会第二十一次会议决议公告,监事会决议公告,2025-01-24,https://data.eastmoney.com/notices/detail/301067/AN202501241642528607.html
301067,显盈科技,显盈科技:第三届董事会第二十三次会议决议公告,董事会决议公告,2025-01-24,https://data.eastmoney.com/notices/detail/301067/AN202501241642528624.html
301152,天力锂能,天力锂能:天力锂能集团股份有限公司关于公司控股股东、实际控制人部分股份被冻结的公告,股份质押、冻结,2025-01-24,https://data.eastmoney.com/notices/detail/301152/AN202501241642528594.html
301152,天力锂能,天力锂能:天力锂能集团股份有限公司2024年度业绩预告,业绩预告,2025-01-24,https://data.eastmoney.com/notices/detail/301152/AN202501241642528597.html
300188,国投智能,国投智能:华泰联合证券有限责任公司关于国投智能(厦门)信息股份有限公司2024年现场检查报告,保荐/核查意见,2025-01-24,https://data.eastmoney.com/notices/detail/300188/AN202501241642528593.html
300188,国投智能,国投智能:华泰联合证券有限责任公司关于国投智能(厦门)信息股份有限公司持续督导期2024年培训情况报告,保荐/核查意见,2025-01-24,https://data.eastmoney.com/notices/detail/300188/AN202501241642528595.html
601718,ST际华,关于际华集团股份有限公司业绩预告相关事项的监管工作函,上交所股票监管工作函,2025-01-24,https://data.eastmoney.com/notices/detail/601718/AN202501241642528554.html
301098,金埔园林,金埔园林:2024年第四季度经营情况简报,月度经营情况,2025-01-24,https://data.eastmoney.com/notices/detail/301098/AN202501241642528562.html
300321,同大股份,同大股份:同大股份舆情管理制度,管理办法/制度,2025-01-24,https://data.eastmoney.com/notices/detail/300321/AN202501241642528480.html
300321,同大股份,同大股份:第六届董事会第十次会议决议公告,董事会决议公告,2025-01-24,https://data.eastmoney.com/notices/detail/300321/AN202501241642528478.html
300656,民德电子,民德电子:2025年第一次临时股东大会决议公告,股东大会决议公告,2025-01-24,https://data.eastmoney.com/notices/detail/300656/AN202501241642528479.html
300741,华宝股份,华宝股份:华宝香精股份有限公司2024年度业绩预告,业绩预告,2025-01-24,https://data.eastmoney.com/notices/detail/300741/AN202501241642528481.html
300656,民德电子,民德电子:广东华商律师事务所关于深圳市民德电子科技股份有限公司2025年第一次临时股东大会的法律意见书,法律意见书,2025-01-24,https://data.eastmoney.com/notices/detail/300656/AN202501241642528482.html
300321,同大股份,同大股份:2024年度业绩预告,业绩预告,2025-01-24,https://data.eastmoney.com/notices/detail/300321/AN202501241642528483.html
300167,ST迪威迅,*ST迪威:关于公司及子公司2025年度对外申请借款融资的公告,借贷,2025-01-24,https://data.eastmoney.com/notices/detail/300167/AN202501241642528244.html
300605,恒锋信息,恒锋信息:2024年度业绩预告,业绩预告,2025-01-24,https://data.eastmoney.com/notices/detail/300605/AN202501241642528241.html
301313,凡拓数创,凡拓数创:2024年度业绩预告,业绩预告,2025-01-24,https://data.eastmoney.com/notices/detail/301313/AN202501241642528240.html
300167,ST迪威迅,*ST迪威:第五届董事会第三十九次(临时)会议决议公告,董事会决议公告,2025-01-24,https://data.eastmoney.com/notices/detail/300167/AN202501241642528243.html
300299,富春股份,富春股份:2024年度业绩预告,业绩预告,2025-01-24,https://data.eastmoney.com/notices/detail/300299/AN202501241642528242.html
920016,中草香料,中草香料:2025年第一次临时股东大会决议公告,股东大会决议公告,2025-01-24,https://data.eastmoney.com/notices/detail/920016/AN202501241642528218.html
920016,中草香料,中草香料:关于安徽中草香料股份有限公司2025年第一次临时股东大会法律意见书,法律意见书,2025-01-24,https://data.eastmoney.com/notices/detail/920016/AN202501241642528217.html
300308,中际旭创,中际旭创:2024年度业绩预告,业绩预告,2025-01-24,https://data.eastmoney.com/notices/detail/300308/AN202501241642528171.html
920305,云创退,云创数据:2024年年度业绩预告公告,业绩预告,2025-01-24,https://data.eastmoney.com/notices/detail/920305/AN202501241642527852.html
300084,海默科技,海默科技:2024年度业绩预告,业绩预告,2025-01-24,https://data.eastmoney.com/notices/detail/300084/AN202501241642527848.html
300227,光韵达,光韵达:2024年度业绩预告,业绩预告,2025-01-24,https://data.eastmoney.com/notices/detail/300227/AN202501241642527850.html
920675,秉扬科技,秉扬科技:关于压裂用油田化学剂入围中标的提示性公告,重大合同,2025-01-24,https://data.eastmoney.com/notices/detail/920675/AN202501241642527842.html
300494,盛天网络,盛天网络:2024年度业绩预告,业绩预告,2025-01-24,https://data.eastmoney.com/notices/detail/300494/AN202501241642527820.html
300494,盛天网络,盛天网络:关于2024年度拟计提资产减值准备的公告,其他,2025-01-24,https://data.eastmoney.com/notices/detail/300494/AN202501241642527821.html
920478,峆一药业,峆一药业:第四届董事会第二十五次会议决议公告,董事会决议公告,2025-01-24,https://data.eastmoney.com/notices/detail/920478/AN202501241642527817.html
920478,峆一药业,峆一药业:第四届监事会第二十二次会议决议公告,监事会决议公告,2025-01-24,https://data.eastmoney.com/notices/detail/920478/AN202501241642527814.html
920478,峆一药业,峆一药业:舆情管理制度,管理办法/制度,2025-01-24,https://data.eastmoney.com/notices/detail/920478/AN202501241642527816.html
920478,峆一药业,峆一药业:关于安徽证监局对公司采取行政监管措施决定的整改报告,整改报告,2025-01-24,https://data.eastmoney.com/notices/detail/920478/AN202501241642527815.html
301515,港通医疗,港通医疗:舆情管理制度,管理办法/制度,2025-01-24,https://data.eastmoney.com/notices/detail/301515/AN202501241642527786.html
301515,港通医疗,港通医疗:中信建投证券股份有限公司关于对四川港通医疗设备集团股份有限公司2025年度持续督导的培训报告,保荐/核查意见,2025-01-24,https://data.eastmoney.com/notices/detail/301515/AN202501241642527787.html
301515,港通医疗,港通医疗:中信建投证券股份有限公司关于四川港通医疗设备集团股份有限公司募投项目延期的核查意见,保荐/核查意见,2025-01-24,https://data.eastmoney.com/notices/detail/301515/AN202501241642527789.html
301515,港通医疗,港通医疗:第四届监事会第十八次会议决议公告,监事会决议公告,2025-01-24,https://data.eastmoney.com/notices/detail/301515/AN202501241642527792.html
301515,港通医疗,港通医疗:中信建投证券股份有限公司关于四川港通医疗设备集团股份有限公司2024年度持续督导定期现场检查报告,保荐/核查意见,2025-01-24,https://data.eastmoney.com/notices/detail/301515/AN202501241642527793.html
301515,港通医疗,港通医疗:关于募投项目延期的公告,变更募集资金投资项目,2025-01-24,https://data.eastmoney.com/notices/detail/301515/AN202501241642527790.html
301515,港通医疗,港通医疗:第四届董事会第十八次会议决议公告,董事会决议公告,2025-01-24,https://data.eastmoney.com/notices/detail/301515/AN202501241642527791.html
300328,宜安科技,宜安科技:湖南启元律师事务所关于宜安科技2025年第一次临时股东大会的法律意见书,法律意见书,2025-01-24,https://data.eastmoney.com/notices/detail/300328/AN202501241642527795.html
300328,宜安科技,宜安科技:宜安科技关于公司及子公司向金融机构申请授信额度暨对子公司提供担保的进展公告,提供/对外担保公告,2025-01-24,https://data.eastmoney.com/notices/detail/300328/AN202501241642527794.html
300328,宜安科技,宜安科技:宜安科技2025年第一次临时股东大会决议公告,股东大会决议公告,2025-01-24,https://data.eastmoney.com/notices/detail/300328/AN202501241642527788.html
920370,新安洁,新安洁:2024年年度业绩预告公告,业绩预告,2025-01-24,https://data.eastmoney.com/notices/detail/920370/AN202501241642527749.html
301126,达嘉维康,达嘉维康:关于首次公开发行股票募投项目结项的公告,募集资金使用进展情况,2025-01-24,https://data.eastmoney.com/notices/detail/301126/AN202501241642527706.html
300928,华安鑫创,华安鑫创:2024年度业绩预告,业绩预告,2025-01-24,https://data.eastmoney.com/notices/detail/300928/AN202501241642527707.html
300003,乐普医疗,乐普医疗:2024年年度业绩预告,业绩预告,2025-01-24,https://data.eastmoney.com/notices/detail/300003/AN202501241642527710.html
300928,华安鑫创,华安鑫创:关于变更签字注册会计师的公告,公司关联方基本资料变更,2025-01-24,https://data.eastmoney.com/notices/detail/300928/AN202501241642527711.html
301596,瑞迪智驱,瑞迪智驱:2025年1月22日-1月24日投资者关系活动记录表,调研活动,2025-01-24,https://data.eastmoney.com/notices/detail/301596/AN202501241642527586.html
301229,纽泰格,纽泰格:关于年度审计机构变更项目质量控制复核人的公告,公司关联方基本资料变更,2025-01-24,https://data.eastmoney.com/notices/detail/301229/AN202501241642527670.html
300504,天邑股份,天邑股份:关于使用部分闲置自有资金进行现金管理的进展公告,投资理财,2025-01-24,https://data.eastmoney.com/notices/detail/300504/AN202501241642527668.html
300159,新研股份,新研股份:2025年第一次临时股东会决议公告,股东大会决议公告,2025-01-24,https://data.eastmoney.com/notices/detail/300159/AN202501241642527669.html
300159,新研股份,新研股份:2025年第一次临时股东会见证法律意见书,法律意见书,2025-01-24,https://data.eastmoney.com/notices/detail/300159/AN202501241642527671.html
920185,贝特瑞,贝特瑞:2024年年度业绩预告公告,业绩预告,2025-01-24,https://data.eastmoney.com/notices/detail/920185/AN202501241642527519.html
300958,建工修复,建工修复:建工修复2025-0042024年度业绩预告,业绩预告,2025-01-24,https://data.eastmoney.com/notices/detail/300958/AN202501241642527475.html
300612,宣亚国际,宣亚国际:关于使用部分暂时闲置募集资金进行现金管理进展的公告,募集资金使用进展情况,2025-01-24,https://data.eastmoney.com/notices/detail/300612/AN202501241642527474.html
300732,设研院,设研院:关于使用暂时闲置自有资金进行现金管理的进展公告,投资理财,2025-01-24,https://data.eastmoney.com/notices/detail/300732/AN202501241642527473.html
300532,今天国际,今天国际:2025年第一次临时股东大会决议公告,股东大会决议公告,2025-01-24,https://data.eastmoney.com/notices/detail/300532/AN202501241642527472.html
300532,今天国际,今天国际:北京市中伦(深圳)律师事务所关于深圳市今天国际物流技术股份有限公司2025年第一次临时股东大会的法律意见书,法律意见书,2025-01-24,https://data.eastmoney.com/notices/detail/300532/AN202501241642527476.html
300612,宣亚国际,宣亚国际:2024年度业绩预告,业绩预告,2025-01-24,https://data.eastmoney.com/notices/detail/300612/AN202501241642527471.html
920266,生物谷,生物谷:2024年年度业绩预告公告,业绩预告,2025-01-24,https://data.eastmoney.com/notices/detail/920266/AN202501241642527456.html
301213,观想科技,观想科技:2024年度业绩预告,业绩预告,2025-01-24,https://data.eastmoney.com/notices/detail/301213/AN202501241642527445.html
920284,灵鸽科技,灵鸽科技:2024年年度业绩预告公告,业绩预告,2025-01-24,https://data.eastmoney.com/notices/detail/920284/AN202501241642527404.html
300044,*ST赛为,赛为智能:2025年第一临时股东大会决议公告,股东大会决议公告,2025-01-24,https://data.eastmoney.com/notices/detail/300044/AN202501241642527365.html
300044,*ST赛为,赛为智能:关于深圳市赛为智能股份有限公司2025年第一次临时股东大会的法律意见书,法律意见书,2025-01-24,https://data.eastmoney.com/notices/detail/300044/AN202501241642527367.html
301193,家联科技,家联科技:兴业证券股份有限公司关于宁波家联科技股份有限公司2024年持续督导培训情况报告书,保荐/核查意见,2025-01-24,https://data.eastmoney.com/notices/detail/301193/AN202501241642527366.html
301193,家联科技,家联科技:兴业证券股份有限公司关于宁波家联科技股份有限公司2024年度定期现场检查报告,保荐/核查意见,2025-01-24,https://data.eastmoney.com/notices/detail/301193/AN202501241642527368.html
300594,ST朗进,朗进科技:山东朗进科技股份有限公司2024年度业绩预告,业绩预告,2025-01-24,https://data.eastmoney.com/notices/detail/300594/AN202501241642527364.html
920026,卓兆点胶,卓兆点胶:2024年年度业绩预告公告,业绩预告,2025-01-24,https://data.eastmoney.com/notices/detail/920026/AN202501241642527256.html
920026,卓兆点胶,卓兆点胶:股票解除限售公告,限售股份上市流通,2025-01-24,https://data.eastmoney.com/notices/detail/920026/AN202501241642527357.html
300941,创识科技,创识科技:北京市康达律师事务所关于福建创识科技股份有限公司2025年第一次临时股东大会的法律意见书,法律意见书,2025-01-24,https://data.eastmoney.com/notices/detail/300941/AN202501241642527236.html
300941,创识科技,创识科技:2025年第一次临时股东大会决议公告,股东大会决议公告,2025-01-24,https://data.eastmoney.com/notices/detail/300941/AN202501241642527240.html
300422,博世科,博世科:2024年度业绩预告,业绩预告,2025-01-24,https://data.eastmoney.com/notices/detail/300422/AN202501241642527202.html
920223,荣亿精密,荣亿精密:第三届董事会第九次会议决议公告,董事会决议公告,2025-01-24,https://data.eastmoney.com/notices/detail/920223/AN202501241642527009.html
920223,荣亿精密,荣亿精密:第三届监事会第六次会议决议公告,监事会决议公告,2025-01-24,https://data.eastmoney.com/notices/detail/920223/AN202501241642527010.html
920223,荣亿精密,荣亿精密:关于向股东借款暨关联交易的公告,借贷,2025-01-24,https://data.eastmoney.com/notices/detail/920223/AN202501241642527008.html
920223,荣亿精密,荣亿精密:《舆情管理制度》,管理办法/制度,2025-01-24,https://data.eastmoney.com/notices/detail/920223/AN202501241642527011.html
300587,天铁科技,天铁科技:浙江天铁科技股份有限公司2024年度业绩预告,业绩预告,2025-01-24,https://data.eastmoney.com/notices/detail/300587/AN202501241642527006.html
920367,新赣江,新赣江:2024年年度业绩预告,业绩预告,2025-01-24,https://data.eastmoney.com/notices/detail/920367/AN202501241642526986.html
300667,必创科技,必创科技:关于控股股东、实际控制人部分股份质押的公告,股份质押、冻结,2025-01-24,https://data.eastmoney.com/notices/detail/300667/AN202501241642526819.html
300667,必创科技,必创科技:关于控股股东、实际控制人部分股份解除质押的公告,股份质押、冻结,2025-01-24,https://data.eastmoney.com/notices/detail/300667/AN202501241642526824.html
300667,必创科技,必创科技:2024年度业绩预告,业绩预告,2025-01-24,https://data.eastmoney.com/notices/detail/300667/AN202501241642526822.html
920873,中设咨询,中设咨询:关于实际控制人自愿延长股份锁定期的公告,其他,2025-01-24,https://data.eastmoney.com/notices/detail/920873/AN202501241642526806.html
920873,中设咨询,中设咨询:业绩预告公告,业绩预告,2025-01-24,https://data.eastmoney.com/notices/detail/920873/AN202501241642526804.html
920873,中设咨询,中设咨询:关于公司使用部分闲置募集资金委托理财进展的公告,委托（受托）事项,2025-01-24,https://data.eastmoney.com/notices/detail/920873/AN202501241642526805.html
920693,阿为特,阿为特:购买资产公告,收购出售资产/股权,2025-01-24,https://data.eastmoney.com/notices/detail/920693/AN202501241642526777.html
920693,阿为特,阿为特:第三届董事会第九次会议决议公告,董事会决议公告,2025-01-24,https://data.eastmoney.com/notices/detail/920693/AN202501241642526776.html
920693,阿为特,阿为特:购买资产暨对其增资的公告,收购出售资产/股权,2025-01-24,https://data.eastmoney.com/notices/detail/920693/AN202501241642526775.html
920693,阿为特,阿为特:对全资子公司增资的公告,增资扩股,2025-01-24,https://data.eastmoney.com/notices/detail/920693/AN202501241642526778.html
300595,欧普康视,欧普康视:2024年度业绩预告,业绩预告,2025-01-24,https://data.eastmoney.com/notices/detail/300595/AN202501241642526773.html
300595,欧普康视,欧普康视:关于持股5%以上股东部分股份解除质押的公告,股份质押、冻结,2025-01-24,https://data.eastmoney.com/notices/detail/300595/AN202501241642526772.html
300973,立高食品,立高食品:关于股东减持计划实施完成的公告,股东/实际控制人股份减持,2025-01-24,https://data.eastmoney.com/notices/detail/300973/AN202501241642526642.html
301097,天益医疗,天益医疗:2024年度业绩预告,业绩预告,2025-01-24,https://data.eastmoney.com/notices/detail/301097/AN202501241642526639.html
300347,泰格医药,泰格医药:2024年度业绩预告,业绩预告,2025-01-24,https://data.eastmoney.com/notices/detail/300347/AN202501241642526637.html
300040,九洲集团,九洲集团:2025年第一次临时股东大会法律意见书的公告,法律意见书,2025-01-24,https://data.eastmoney.com/notices/detail/300040/AN202501241642526640.html
300040,九洲集团,九洲集团:2025年第一次临时股东大会决议公告,股东大会决议公告,2025-01-24,https://data.eastmoney.com/notices/detail/300040/AN202501241642526638.html
300564,筑博设计,筑博设计:关于使用闲置募集资金和闲置自有资金进行现金管理的进展公告,募集资金使用进展情况,2025-01-24,https://data.eastmoney.com/notices/detail/300564/AN202501241642526619.html
300663,科蓝软件,科蓝软件:2024年度业绩预告,业绩预告,2025-01-24,https://data.eastmoney.com/notices/detail/300663/AN202501241642526614.html
301387,光大同创,光大同创:关于为控股子公司提供担保的进展公告,提供/对外担保公告,2025-01-24,https://data.eastmoney.com/notices/detail/301387/AN202501241642526575.html
300072,海新能科,海新能科:2024年度业绩预告,业绩预告,2025-01-24,https://data.eastmoney.com/notices/detail/300072/AN202501241642526572.html
301387,光大同创,光大同创:2024年度业绩预告,业绩预告,2025-01-24,https://data.eastmoney.com/notices/detail/301387/AN202501241642526570.html
300302,同有科技,同有科技:2024年度业绩预告,业绩预告,2025-01-24,https://data.eastmoney.com/notices/detail/300302/AN202501241642526573.html
300302,同有科技,同有科技:关于持股5%以上股东部分股权质押的公告,股份质押、冻结,2025-01-24,https://data.eastmoney.com/notices/detail/300302/AN202501241642526571.html
002127,南极电商,南极电商:2025年1月24日投资者关系活动记录表,调研活动,2025-01-24,https://data.eastmoney.com/notices/detail/002127/AN202501241642526467.html
300063,天龙集团,天龙集团:关于为子公司提供担保及接受子公司担保的进展公告,提供/对外担保公告,2025-01-24,https://data.eastmoney.com/notices/detail/300063/AN202501241642526557.html
300792,壹网壹创,壹网壹创:关于公司全资子(孙)公司之间提供担保的进展公告,提供/对外担保公告,2025-01-24,https://data.eastmoney.com/notices/detail/300792/AN202501241642526334.html
920809,安达科技,安达科技:2024年年度业绩预告公告,业绩预告,2025-01-24,https://data.eastmoney.com/notices/detail/920809/AN202501241642526318.html
920662,方盛股份,方盛股份:关于变更签字注册会计师的公告,公司关联方基本资料变更,2025-01-24,https://data.eastmoney.com/notices/detail/920662/AN202501241642526288.html
920662,方盛股份,方盛股份:2024年年度业绩预告公告,业绩预告,2025-01-24,https://data.eastmoney.com/notices/detail/920662/AN202501241642526289.html
920662,方盛股份,方盛股份:关于使用自有资金购买理财产品的进展公告,投资理财,2025-01-24,https://data.eastmoney.com/notices/detail/920662/AN202501241642526290.html
688102,斯瑞新材,斯瑞新材:688102_投资者关系活动记录表-2025-003(2025年1月24日),调研活动,2025-01-24,https://data.eastmoney.com/notices/detail/688102/AN202501241642526061.html
920152,昆工科技,昆工科技:2024年年度业绩预告公告,业绩预告,2025-01-24,https://data.eastmoney.com/notices/detail/920152/AN202501241642526261.html
920414,欧普泰,欧普泰:2024年年度业绩预告公告,业绩预告,2025-01-24,https://data.eastmoney.com/notices/detail/920414/AN202501241642526039.html
920932,科达自控,科达自控:2025年第一次临时股东大会决议公告,增发预案,2025-01-24,https://data.eastmoney.com/notices/detail/920932/AN202501241642526016.html
920932,科达自控,科达自控:山西华炬律师事务所关于山西科达自控股份有限公司2025年第一次临时股东大会之法律意见书,法律意见书,2025-01-24,https://data.eastmoney.com/notices/detail/920932/AN202501241642526017.html
920130,立方控股,立方控股:2024年年度业绩预告公告,业绩预告,2025-01-24,https://data.eastmoney.com/notices/detail/920130/AN202501241642525991.html
000625,长安汽车,长安汽车:2025年01月24日投资者关系活动记录表,调研活动,2025-01-24,https://data.eastmoney.com/notices/detail/000625/AN202501241642525909.html
300963,中洲特材,中洲特材:关于股东减持计划期限届满暨实施情况的公告,股东/实际控制人股份减持,2025-01-24,https://data.eastmoney.com/notices/detail/300963/AN202501241642525957.html
300961,深水海纳,深水海纳:关于公司控股股东、实际控制人及其一致行动人向公司提供财务资助暨关联交易的公告,获得补贴（资助）,2025-01-24,https://data.eastmoney.com/notices/detail/300961/AN202501241642525845.html
300961,深水海纳,深水海纳:2024年度业绩预告,业绩预告,2025-01-24,https://data.eastmoney.com/notices/detail/300961/AN202501241642525856.html
300961,深水海纳,深水海纳:第三届董事会独立董事专门会议2025年第一次会议决议,董事会决议公告,2025-01-24,https://data.eastmoney.com/notices/detail/300961/AN202501241642525853.html
301235,华康洁净,华康医疗:关于项目预中标的提示性公告,重大合同,2025-01-24,https://data.eastmoney.com/notices/detail/301235/AN202501241642525960.html
300961,深水海纳,深水海纳:第三届董事会第十七次会议决议公告,董事会决议公告,2025-01-24,https://data.eastmoney.com/notices/detail/300961/AN202501241642525849.html
600702,舍得酒业,舍得酒业:2025年1月24日投资者关系活动记录表,调研活动,2025-01-24,https://data.eastmoney.com/notices/detail/600702/AN202501241642525756.html
920415,恒拓开源,恒拓开源:关于使用部分闲置募集资金进行现金管理的进展公告,募集资金使用进展情况,2025-01-24,https://data.eastmoney.com/notices/detail/920415/AN202501241642525814.html
300760,迈瑞医疗,迈瑞医疗:关于控股股东部分股份解除质押的公告,股份质押、冻结,2025-01-24,https://data.eastmoney.com/notices/detail/300760/AN202501241642525787.html
300521,爱司凯,爱司凯:2024年年度业绩预告,业绩预告,2025-01-24,https://data.eastmoney.com/notices/detail/300521/AN202501241642525789.html
300146,汤臣倍健,汤臣倍健:2024年年度业绩预告,业绩预告,2025-01-24,https://data.eastmoney.com/notices/detail/300146/AN202501241642525784.html
300868,杰美特,杰美特:2024年年度业绩预告,业绩预告,2025-01-24,https://data.eastmoney.com/notices/detail/300868/AN202501241642525786.html
300254,仟源医药,仟源医药:2024年度业绩预告,业绩预告,2025-01-24,https://data.eastmoney.com/notices/detail/300254/AN202501241642525790.html
688282,理工导航,*ST导航:北京理工导航控制科技股份有限公司投资者关系活动记录汇总表(2025-001),调研活动,2025-01-24,https://data.eastmoney.com/notices/detail/688282/AN202501241642525713.html
300551,古鳌科技,古鳌科技:2024年度业绩预告,业绩预告,2025-01-24,https://data.eastmoney.com/notices/detail/300551/AN202501241642525581.html
301061,匠心家居,匠心家居:2024年年度业绩预告,业绩预告,2025-01-24,https://data.eastmoney.com/notices/detail/301061/AN202501241642525583.html
300222,科大智能,科大智能:2024年度业绩预告,业绩预告,2025-01-24,https://data.eastmoney.com/notices/detail/300222/AN202501241642525586.html
300252,金信诺,金信诺:2024年度业绩预告,业绩预告,2025-01-24,https://data.eastmoney.com/notices/detail/300252/AN202501241642525584.html
300554,三超新材,三超新材:2024年度业绩预告,业绩预告,2025-01-24,https://data.eastmoney.com/notices/detail/300554/AN202501241642525587.html
300187,永清环保,永清环保:关于控股股东拟协议转让公司部分股份的进展暨签署补充协议的公告,签订协议,2025-01-24,https://data.eastmoney.com/notices/detail/300187/AN202501241642525582.html
300639,凯普生物,凯普生物:2024年度业绩预告,业绩预告,2025-01-24,https://data.eastmoney.com/notices/detail/300639/AN202501241642525585.html
300005,探路者,探路者:关于审计机构变更项目质量控制复核人的公告,审计机构变更,2025-01-24,https://data.eastmoney.com/notices/detail/300005/AN202501241642525549.html
300005,探路者,探路者:简式权益变动报告书,权益变动报告书,2025-01-24,https://data.eastmoney.com/notices/detail/300005/AN202501241642525552.html
300005,探路者,探路者:关于持股5%以上股东解除一致行动关系暨权益变动的提示性公告,权益变动报告书,2025-01-24,https://data.eastmoney.com/notices/detail/300005/AN202501241642525551.html
300769,德方纳米,德方纳米:关于持股5%以上股东部分股份解除质押的公告,股份质押、冻结,2025-01-24,https://data.eastmoney.com/notices/detail/300769/AN202501241642525250.html
300769,德方纳米,德方纳米:关于对外担保的进展公告,提供/对外担保公告,2025-01-24,https://data.eastmoney.com/notices/detail/300769/AN202501241642525251.html
300068,ST南都,南都电源:2024年年度业绩预告,业绩预告,2025-01-24,https://data.eastmoney.com/notices/detail/300068/AN202501241642525252.html
301009,可靠股份,可靠股份:2025年1月24日投资者关系活动记录表,调研活动,2025-01-24,https://data.eastmoney.com/notices/detail/301009/AN202501241642525330.html
300022,吉峰科技,吉峰科技:2024年度业绩预告修正公告,业绩预告,2025-01-24,https://data.eastmoney.com/notices/detail/300022/AN202501241642525221.html
920207,众诚科技,众诚科技:2024年年度业绩预告公告,业绩预告,2025-01-24,https://data.eastmoney.com/notices/detail/920207/AN202501241642525207.html
920508,殷图网联,殷图网联:2024年年度业绩预告公告,业绩预告,2025-01-24,https://data.eastmoney.com/notices/detail/920508/AN202501241642525208.html
300352,ST信源,北信源:关于控股股东部分股份解除质押的公告,股份质押、冻结,2025-01-24,https://data.eastmoney.com/notices/detail/300352/AN202501241642525030.html
300352,ST信源,北信源:关于签署战略合作协议的进展公告,签订协议,2025-01-24,https://data.eastmoney.com/notices/detail/300352/AN202501241642525027.html
300180,华峰超纤,华峰超纤:2024年度业绩预告,业绩预告,2025-01-24,https://data.eastmoney.com/notices/detail/300180/AN202501241642524994.html
920768,拾比佰,拾比佰:2024年年度业绩预告公告,业绩预告,2025-01-24,https://data.eastmoney.com/notices/detail/920768/AN202501241642524755.html
300430,*ST益通,诚益通:关于使用闲置自有资金进行委托理财的进展公告,委托（受托）事项,2025-01-24,https://data.eastmoney.com/notices/detail/300430/AN202501241642524713.html
300674,宇信科技,宇信科技:关于特定股东股份减持计划期限届满暨实施结果的公告,股东/实际控制人股份减持,2025-01-24,https://data.eastmoney.com/notices/detail/300674/AN202501241642524715.html
300243,瑞丰高材,瑞丰高材:2024年度业绩预告,业绩预告,2025-01-24,https://data.eastmoney.com/notices/detail/300243/AN202501241642524707.html
301022,海泰科,海泰科:关于使用暂时闲置募集资金进行现金管理到期赎回并继续进行现金管理的进展公告,募集资金使用进展情况,2025-01-24,https://data.eastmoney.com/notices/detail/301022/AN202501241642524710.html
688160,步科股份,步科股份:投资者关系活动记录表(2025年1月17日-24日),调研活动,2025-01-24,https://data.eastmoney.com/notices/detail/688160/AN202501241642524609.html
600163,中闽能源,中闽能源:【2025年1月23日】投资者关系活动记录表,调研活动,2025-01-24,https://data.eastmoney.com/notices/detail/600163/AN202501241642524610.html
920651,天罡股份,天罡股份:舆情管理制度,管理办法/制度,2025-01-24,https://data.eastmoney.com/notices/detail/920651/AN202501241642524685.html
920651,天罡股份,天罡股份:第五届董事会第四次会议决议公告,董事会决议公告,2025-01-24,https://data.eastmoney.com/notices/detail/920651/AN202501241642524686.html
920128,胜业电气,胜业电气:第三届董事会第五次会议决议公告,董事会决议公告,2025-01-24,https://data.eastmoney.com/notices/detail/920128/AN202501241642524670.html
920128,胜业电气,胜业电气:第三届监事会第三次会议决议公告,监事会决议公告,2025-01-24,https://data.eastmoney.com/notices/detail/920128/AN202501241642524672.html
920128,胜业电气,胜业电气:2025年第一次临时股东大会通知公告,召开股东大会通知,2025-01-24,https://data.eastmoney.com/notices/detail/920128/AN202501241642524671.html
920128,胜业电气,胜业电气:关于拟变更公司注册资本、公司类型及修订公司章程并办理工商变更登记的公告,公司注册资本变更,2025-01-24,https://data.eastmoney.com/notices/detail/920128/AN202501241642524674.html
920128,胜业电气,胜业电气:关于使用部分暂时闲置募集资金进行现金管理的公告,投资理财,2025-01-24,https://data.eastmoney.com/notices/detail/920128/AN202501241642524669.html
920128,胜业电气,胜业电气:关于调整募集资金投资项目拟投入募集资金金额的公告,变更募集资金投资项目,2025-01-24,https://data.eastmoney.com/notices/detail/920128/AN202501241642524673.html
300390,天华新能,天华新能:关于控股股东暨实际控制人部分股份质押及解除质押的公告,股份质押、冻结,2025-01-24,https://data.eastmoney.com/notices/detail/300390/AN202501241642524529.html
300546,雄帝科技,雄帝科技:2024年度业绩预告,业绩预告,2025-01-24,https://data.eastmoney.com/notices/detail/300546/AN202501241642524521.html
301587,中瑞股份,中瑞股份:关于审计机构变更质量控制复核人的公告,审计机构变更,2025-01-24,https://data.eastmoney.com/notices/detail/301587/AN202501241642524526.html
300049,福瑞医科,福瑞股份:300049福瑞股份投资者关系管理信息20250123,调研活动,2025-01-24,https://data.eastmoney.com/notices/detail/300049/AN202501241642524380.html
301357,北方长龙,北方长龙:关于签署共建校企联合研发中心合作协议的公告,签订协议,2025-01-24,https://data.eastmoney.com/notices/detail/301357/AN202501241642524469.html
301357,北方长龙,北方长龙:关于使用部分闲置募集资金进行现金管理的进展公告,募集资金使用进展情况,2025-01-24,https://data.eastmoney.com/notices/detail/301357/AN202501241642524466.html
301357,北方长龙,北方长龙:关于重大合同的进展公告,重大合同,2025-01-24,https://data.eastmoney.com/notices/detail/301357/AN202501241642524468.html
301357,北方长龙,北方长龙:2024年度业绩预告,业绩预告,2025-01-24,https://data.eastmoney.com/notices/detail/301357/AN202501241642524467.html
301027,华蓝集团,华蓝集团:2024年度业绩预告,业绩预告,2025-01-24,https://data.eastmoney.com/notices/detail/301027/AN202501241642524470.html
002432,九安医疗,深交所:九安医疗_监管函,深交所股票监管函,2025-01-24,https://data.eastmoney.com/notices/detail/002432/AN202501241642524243.html
000538,云南白药,云南白药:2025年1月23日调研活动附件之投资者调研会议记录,调研活动,2025-01-24,https://data.eastmoney.com/notices/detail/000538/AN202501241642524287.html
000538,云南白药,云南白药:2025年1月23日投资者关系活动记录表,调研活动,2025-01-24,https://data.eastmoney.com/notices/detail/000538/AN202501241642524286.html
300624,万兴科技,万兴科技:2024年度业绩预告,业绩预告,2025-01-24,https://data.eastmoney.com/notices/detail/300624/AN202501241642524188.html
300702,天宇股份,天宇股份:2024年度业绩预告,业绩预告,2025-01-24,https://data.eastmoney.com/notices/detail/300702/AN202501241642524194.html
300436,广生堂,广生堂:关于大股东部分股份提前解除质押的公告,股份质押、冻结,2025-01-24,https://data.eastmoney.com/notices/detail/300436/AN202501241642524193.html
300436,广生堂,广生堂:关于控股股东协议转让公司部分股份引入战略投资者过户登记完成的公告,股权转让,2025-01-24,https://data.eastmoney.com/notices/detail/300436/AN202501241642524179.html
601009,南京银行,南京银行:南京银行股份有限公司1月16日-1月24日投资者交流活动概览,调研活动,2025-01-24,https://data.eastmoney.com/notices/detail/601009/AN202501241642524043.html
688150,莱特光电,莱特光电:陕西莱特光电材料股份有限公司投资者关系活动记录表(2025年1月22日及1月23日),调研活动,2025-01-24,https://data.eastmoney.com/notices/detail/688150/AN202501241642524042.html
300133,华策影视,华策影视:关于财务总监辞职的公告,高管人员任职变动,2025-01-24,https://data.eastmoney.com/notices/detail/300133/AN202501241642524114.html
300239,东宝生物,东宝生物:关于2022年员工持股计划存续期即将届满的提示性公告,员工持股计划,2025-01-24,https://data.eastmoney.com/notices/detail/300239/AN202501241642524115.html
301268,铭利达,铭利达:关于不向下修正铭利转债转股价格的公告,其他,2025-01-24,https://data.eastmoney.com/notices/detail/301268/AN202501241642524110.html
300531,优博讯,优博讯:关于变更签字注册会计师的公告,公司关联方基本资料变更,2025-01-24,https://data.eastmoney.com/notices/detail/300531/AN202501241642524116.html
301268,铭利达,铭利达:关于回购股份事项股东大会股权登记日前十名股东及前十名无限售条件股东持股情况的公告,其他,2025-01-24,https://data.eastmoney.com/notices/detail/301268/AN202501241642524119.html
301268,铭利达,铭利达:第二届董事会第三十二次会议决议的公告,董事会决议公告,2025-01-24,https://data.eastmoney.com/notices/detail/301268/AN202501241642524122.html
301017,漱玉平民,漱玉平民:2024年度业绩预告,业绩预告,2025-01-24,https://data.eastmoney.com/notices/detail/301017/AN202501241642524124.html
301017,漱玉平民,漱玉平民:关于持股5%以上股东减持计划期限届满的公告,股东/实际控制人股份减持,2025-01-24,https://data.eastmoney.com/notices/detail/301017/AN202501241642524103.html
300238,冠昊生物,冠昊生物:关于原控股股东被司法拍卖部分股份完成过户登记的公告,诉讼仲裁,2025-01-24,https://data.eastmoney.com/notices/detail/300238/AN202501241642524099.html
300291,百纳千成,百纳千成:2024年度业绩预告,业绩预告,2025-01-24,https://data.eastmoney.com/notices/detail/300291/AN202501241642524097.html
300427,红相股份,红相股份:第六届监事会第六次会议决议公告,监事会决议公告,2025-01-24,https://data.eastmoney.com/notices/detail/300427/AN202501241642524123.html
300427,红相股份,红相股份:第六届董事会第一次独立董事专门会议审核意见,专项说明/独立意见,2025-01-24,https://data.eastmoney.com/notices/detail/300427/AN202501241642524100.html
300427,红相股份,红相股份:第六届董事会第六次会议决议公告,董事会决议公告,2025-01-24,https://data.eastmoney.com/notices/detail/300427/AN202501241642524095.html
300427,红相股份,红相股份:关于取得发明专利证书的公告,获得认证,2025-01-24,https://data.eastmoney.com/notices/detail/300427/AN202501241642524113.html
300427,红相股份,红相股份:关于确认实际控制人自愿承担上市公司一定民事赔偿额暨关联交易的公告,诉讼仲裁,2025-01-24,https://data.eastmoney.com/notices/detail/300427/AN202501241642524107.html
920786,骑士乳业,骑士乳业:2024年年度业绩预告公告,业绩预告,2025-01-24,https://data.eastmoney.com/notices/detail/920786/AN202501241642524084.html
920786,骑士乳业,骑士乳业:诉讼进展公告,诉讼仲裁,2025-01-24,https://data.eastmoney.com/notices/detail/920786/AN202501241642524083.html
920068,天工股份,天工股份:2024年中期财务报表审阅报告,保荐/核查意见,2025-01-24,https://data.eastmoney.com/notices/detail/920068/AN202501241642523954.html
920068,天工股份,天工股份:独立董事关于第四届董事会第六次会议相关事项的独立意见,专项说明/独立意见,2025-01-24,https://data.eastmoney.com/notices/detail/920068/AN202501241642523956.html
000030,富奥股份,富奥股份:000030富奥股份投资者关系管理信息20250124,调研活动,2025-01-24,https://data.eastmoney.com/notices/detail/000030/AN202501241642523839.html
920068,天工股份,天工股份:第四届董事会第六次会议决议公告,董事会决议公告,2025-01-24,https://data.eastmoney.com/notices/detail/920068/AN202501241642523924.html
920068,天工股份,天工股份:第四届监事会第四次会议决议公告,监事会决议公告,2025-01-24,https://data.eastmoney.com/notices/detail/920068/AN202501241642523925.html
603236,移远通信,移远通信:投资者关系活动记录表2025年1月,调研活动,2025-01-24,https://data.eastmoney.com/notices/detail/603236/AN202501241642523767.html
300805,电声股份,电声股份:2024年度业绩预告,业绩预告,2025-01-24,https://data.eastmoney.com/notices/detail/300805/AN202501241642523738.html
300097,智云股份,ST智云:2024年度业绩预告,业绩预告,2025-01-24,https://data.eastmoney.com/notices/detail/300097/AN202501241642523733.html
300466,赛摩智能,赛摩智能:2024年度业绩预告,业绩预告,2025-01-24,https://data.eastmoney.com/notices/detail/300466/AN202501241642523730.html
300095,华伍股份,华伍股份:关于回购股份事项前十名股东及前十名无限售条件股东持股情况的公告,回购进展情况,2025-01-24,https://data.eastmoney.com/notices/detail/300095/AN202501241642523736.html
300931,通用电梯,通用电梯:2024年度业绩预告,业绩预告,2025-01-24,https://data.eastmoney.com/notices/detail/300931/AN202501241642523742.html
300204,舒泰神,舒泰神:关于控股股东和一致行动人之间进行权益变动的进展暨签署补充协议的公告,权益变动报告书,2025-01-24,https://data.eastmoney.com/notices/detail/300204/AN202501241642523743.html
301587,中瑞股份,中瑞股份:关于对外投资的进展暨签订土地使用权出让合同的公告,重大合同,2025-01-24,https://data.eastmoney.com/notices/detail/301587/AN202501241642523739.html
300405,科隆股份,科隆股份:2024年度业绩预告,业绩预告,2025-01-24,https://data.eastmoney.com/notices/detail/300405/AN202501241642523744.html
920493,并行科技,并行科技:持股5%以上股东权益变动达到1%的提示性公告,权益变动报告书,2025-01-24,https://data.eastmoney.com/notices/detail/920493/AN202501241642523705.html
920885,星辰科技,星辰科技:股票解除限售公告,限售股份上市流通,2025-01-24,https://data.eastmoney.com/notices/detail/920885/AN202501241642523704.html
920885,星辰科技,星辰科技:股东减持股份结果公告,股东/实际控制人股份减持,2025-01-24,https://data.eastmoney.com/notices/detail/920885/AN202501241642523706.html
301047,义翘神州,义翘神州:2024年度业绩预告,业绩预告,2025-01-24,https://data.eastmoney.com/notices/detail/301047/AN202501241642523593.html
300903,科翔股份,科翔股份:关于职工代表监事辞职暨补选职工代表监事的公告,高管人员任职变动,2025-01-24,https://data.eastmoney.com/notices/detail/300903/AN202501241642523598.html
300903,科翔股份,科翔股份:关于董事、证券事务代表辞职的公告,高管人员任职变动,2025-01-24,https://data.eastmoney.com/notices/detail/300903/AN202501241642523604.html
002561,徐家汇,徐家汇:002561徐家汇投资者关系管理信息20250124,调研活动,2025-01-24,https://data.eastmoney.com/notices/detail/002561/AN202501241642523339.html
301378,通达海,通达海:2024年度业绩预告,业绩预告,2025-01-24,https://data.eastmoney.com/notices/detail/301378/AN202501241642523435.html
301270,汉仪股份,汉仪股份:关于向银行申请授信额度的公告,借贷,2025-01-24,https://data.eastmoney.com/notices/detail/301270/AN202501241642523436.html
301270,汉仪股份,汉仪股份:第二届董事会第二十二次会议决议公告,高管人员任职变动,2025-01-24,https://data.eastmoney.com/notices/detail/301270/AN202501241642523437.html
301611,珂玛科技,珂玛科技:2024年度业绩预告,业绩预告,2025-01-24,https://data.eastmoney.com/notices/detail/301611/AN202501241642523414.html
301308,江波龙,江波龙:2024年度业绩预告,业绩预告,2025-01-24,https://data.eastmoney.com/notices/detail/301308/AN202501241642523409.html
300070,碧水源,碧水源:2024年度业绩预告,业绩预告,2025-01-24,https://data.eastmoney.com/notices/detail/300070/AN202501241642523413.html
301205,联特科技,联特科技:2024年度业绩预告,业绩预告,2025-01-24,https://data.eastmoney.com/notices/detail/301205/AN202501241642523410.html
300241,瑞丰光电,瑞丰光电:2024年度业绩预告,业绩预告,2025-01-24,https://data.eastmoney.com/notices/detail/300241/AN202501241642523411.html
920950,迅安科技,迅安科技:关于境外控股子公司完成注册的公告,公司关联方基本资料变更,2025-01-24,https://data.eastmoney.com/notices/detail/920950/AN202501241642523388.html
300288,朗玛信息,朗玛信息:2024年度业绩预告,业绩预告,2025-01-24,https://data.eastmoney.com/notices/detail/300288/AN202501241642523365.html
300853,申昊科技,申昊科技:关于变更持续督导保荐代表人的公告,保荐代表人（机构）变更,2025-01-24,https://data.eastmoney.com/notices/detail/300853/AN202501241642523368.html
300740,水羊股份,水羊股份:关于公司为子公司提供担保的进展公告,提供/对外担保公告,2025-01-24,https://data.eastmoney.com/notices/detail/300740/AN202501241642523363.html
300740,水羊股份,水羊股份:关于公司实际控制人部分股份解除质押的公告,股份质押、冻结,2025-01-24,https://data.eastmoney.com/notices/detail/300740/AN202501241642523366.html
300740,水羊股份,水羊股份:2024年度业绩预告,业绩预告,2025-01-24,https://data.eastmoney.com/notices/detail/300740/AN202501241642523367.html
300258,精锻科技,精锻科技:关于控股股东可转换公司债券解除质押及质押的公告,股份质押、冻结,2025-01-24,https://data.eastmoney.com/notices/detail/300258/AN202501241642523364.html
920108,宏海科技,宏海科技:独立董事专门会议制度(北交所上市后适用),管理办法/制度,2025-01-24,https://data.eastmoney.com/notices/detail/920108/AN202501241642523241.html
920892,广咨国际,广咨国际:第三届董事会第十九次会议决议公告,董事会决议公告,2025-01-24,https://data.eastmoney.com/notices/detail/920892/AN202501241642523217.html
920892,广咨国际,广咨国际:舆情管理制度,管理办法/制度,2025-01-24,https://data.eastmoney.com/notices/detail/920892/AN202501241642523218.html
920108,宏海科技,宏海科技:关于公司股票在全国中小企业股份转让系统终止挂牌的提示性公告,终止上市提示公告,2025-01-24,https://data.eastmoney.com/notices/detail/920108/AN202501241642523194.html
920108,宏海科技,宏海科技:第六届董事会第二次会议决议公告,董事会决议公告,2025-01-24,https://data.eastmoney.com/notices/detail/920108/AN202501241642523192.html
688475,萤石网络,萤石网络:2024年12月1日-2025年1月24日投资者关系活动记录表,调研活动,2025-01-24,https://data.eastmoney.com/notices/detail/688475/AN202501241642523072.html
601012,隆基绿能,隆基绿能:投资者关系活动记录表(2025年1月2日-2025年1月24日),调研活动,2025-01-24,https://data.eastmoney.com/notices/detail/601012/AN202501241642523071.html
600976,健民集团,健民集团:2025年1月投资者关系活动记录表,调研活动,2025-01-24,https://data.eastmoney.com/notices/detail/600976/AN202501241642523060.html
920108,宏海科技,宏海科技:关于向不特定合格投资者公开发行股票并在北京证券交易所上市所涉代码变更相关事宜的提示性公告,其他,2025-01-24,https://data.eastmoney.com/notices/detail/920108/AN202501241642523004.html
301169,零点有数,零点有数:2024年度业绩预告,业绩预告,2025-01-24,https://data.eastmoney.com/notices/detail/301169/AN202501241642522996.html
300763,锦浪科技,锦浪科技:关于公司为全资子(孙)公司提供担保的进展公告及子公司为子公司提供担保的公告,提供/对外担保公告,2025-01-24,https://data.eastmoney.com/notices/detail/300763/AN202501241642523002.html
300793,佳禾智能,佳禾智能:2024年度业绩预告,业绩预告,2025-01-24,https://data.eastmoney.com/notices/detail/300793/AN202501241642522995.html
301062,上海艾录,上海艾录:2024年度业绩预告,业绩预告,2025-01-24,https://data.eastmoney.com/notices/detail/301062/AN202501241642522994.html
300763,锦浪科技,锦浪科技:关于变更公司注册资本暨完成工商变更登记的公告,公司注册资本变更,2025-01-24,https://data.eastmoney.com/notices/detail/300763/AN202501241642522998.html
600532,退市未来,关于对上海智汇未来医疗服务股份有限公司及其实际控制人俞倪荣和有关责任人予以纪律处分的决定,上交所股票公开谴责,2025-01-24,https://data.eastmoney.com/notices/detail/600532/AN202501241642522197.html
603555,ST贵人,关于对贵人鸟股份有限公司原控股股东贵人鸟集团(香港)有限公司予以公开谴责的决定,上交所股票公开谴责,2025-01-24,https://data.eastmoney.com/notices/detail/603555/AN202501241642522198.html
300036,超图软件,超图软件:2024年度业绩预告,业绩预告,2025-01-24,https://data.eastmoney.com/notices/detail/300036/AN202501241642522920.html
300777,中简科技,中简科技:2024年度业绩预告,业绩预告,2025-01-24,https://data.eastmoney.com/notices/detail/300777/AN202501241642522921.html
002376,新北洋,新北洋:2025年1月23日投资者关系活动记录表,调研活动,2025-01-24,https://data.eastmoney.com/notices/detail/002376/AN202501241642522778.html
301066,万事利,万事利:2024年度业绩预告,业绩预告,2025-01-24,https://data.eastmoney.com/notices/detail/301066/AN202501241642522864.html
301036,双乐股份,双乐股份:2024年度业绩预告,业绩预告,2025-01-24,https://data.eastmoney.com/notices/detail/301036/AN202501241642522863.html
300970,华绿生物,华绿生物:2024年度业绩预告,业绩预告,2025-01-24,https://data.eastmoney.com/notices/detail/300970/AN202501241642522860.html
300818,耐普矿机,耐普矿机:2024年年度业绩预告,业绩预告,2025-01-24,https://data.eastmoney.com/notices/detail/300818/AN202501241642522866.html
300234,开尔新材,开尔新材:2024年度业绩预告,业绩预告,2025-01-24,https://data.eastmoney.com/notices/detail/300234/AN202501241642522861.html
920961,创远信科,创远信科:2024年年度业绩预告公告,业绩预告,2025-01-24,https://data.eastmoney.com/notices/detail/920961/AN202501241642522746.html
600532,退市未来,关于对上海智汇未来医疗服务股份有限公司及其实际控制人俞倪荣和有关责任人予以纪律处分的决定,上交所股票公开认定,2025-01-24,https://data.eastmoney.com/notices/detail/600532/AN202501241642522200.html
920427,华维设计,华维设计:2024年年度业绩预告公告,业绩预告,2025-01-24,https://data.eastmoney.com/notices/detail/920427/AN202501241642522659.html
920427,华维设计,华维设计:关于变更项目合伙人、签字注册会计师的公告,公司关联方基本资料变更,2025-01-24,https://data.eastmoney.com/notices/detail/920427/AN202501241642522556.html
920427,华维设计,华维设计:关于购买资产进展公告,收购出售资产/股权,2025-01-24,https://data.eastmoney.com/notices/detail/920427/AN202501241642522555.html
920476,海能技术,海能技术:2024年年度业绩预告公告,业绩预告,2025-01-24,https://data.eastmoney.com/notices/detail/920476/AN202501241642522658.html
920476,海能技术,海能技术:关于控股子公司获得发明专利证书的公告,获得认证,2025-01-24,https://data.eastmoney.com/notices/detail/920476/AN202501241642522657.html
920006,晟楠科技,晟楠科技:2024年年度业绩预告公告,业绩预告,2025-01-24,https://data.eastmoney.com/notices/detail/920006/AN202501241642522498.html
300239,东宝生物,东宝生物:关于首次回购公司股份的公告,回购实施公告,2025-01-24,https://data.eastmoney.com/notices/detail/300239/AN202501241642522517.html
300016,北陆药业,北陆药业:2024年度业绩预告,业绩预告,2025-01-24,https://data.eastmoney.com/notices/detail/300016/AN202501241642522521.html
300603,立昂技术,立昂技术:2024年度业绩预告,业绩预告,2025-01-24,https://data.eastmoney.com/notices/detail/300603/AN202501241642522513.html
300080,易成新能,易成新能:300080易成新能投资者关系管理信息20250124,调研活动,2025-01-24,https://data.eastmoney.com/notices/detail/300080/AN202501241642522322.html
301370,国科恒泰,国科恒泰:长城证券股份有限公司关于国科恒泰(北京)医疗科技股份有限公司2024年度日常关联交易确认和2025年度日常关联交易额度预计的核查意见,保荐/核查意见,2025-01-24,https://data.eastmoney.com/notices/detail/301370/AN202501241642522472.html
301370,国科恒泰,国科恒泰:关于控股子公司部分股权转让暨放弃优先受让权的公告,股权转让,2025-01-24,https://data.eastmoney.com/notices/detail/301370/AN202501241642522445.html
301370,国科恒泰,国科恒泰:第三届监事会第十九次会议决议公告,监事会决议公告,2025-01-24,https://data.eastmoney.com/notices/detail/301370/AN202501241642522469.html
301370,国科恒泰,国科恒泰:关于2024年度日常关联交易确认和2025年度日常关联交易额度预计的公告,关联交易,2025-01-24,https://data.eastmoney.com/notices/detail/301370/AN202501241642522473.html
301370,国科恒泰,国科恒泰:第三届董事会第三十七次会议决议公告,董事会决议公告,2025-01-24,https://data.eastmoney.com/notices/detail/301370/AN202501241642522474.html
301045,天禄科技,天禄科技:关于控股股东、实际控制人部分股份质押及解除质押的公告,股份质押、冻结,2025-01-24,https://data.eastmoney.com/notices/detail/301045/AN202501241642522462.html
300949,奥雅股份,奥雅股份:2024年年度业绩预告,业绩预告,2025-01-24,https://data.eastmoney.com/notices/detail/300949/AN202501241642522456.html
300895,铜牛信息,铜牛信息:关于拟计提资产减值准备的公告,其他,2025-01-24,https://data.eastmoney.com/notices/detail/300895/AN202501241642522471.html
300895,铜牛信息,铜牛信息:2024年度业绩预告,业绩预告,2025-01-24,https://data.eastmoney.com/notices/detail/300895/AN202501241642522466.html
300417,南华仪器,南华仪器:2024年度业绩预告,业绩预告,2025-01-24,https://data.eastmoney.com/notices/detail/300417/AN202501241642522468.html
300246,宝莱特,宝莱特:中证鹏元关于关注广东宝莱特医用科技股份有限公司2024年业绩预告亏损的公告,业绩预告,2025-01-24,https://data.eastmoney.com/notices/detail/300246/AN202501241642522458.html
300169,天晟新材,天晟新材:2024年度业绩预告,业绩预告,2025-01-24,https://data.eastmoney.com/notices/detail/300169/AN202501241642522454.html
300117,*ST嘉寓,*ST嘉寓:关于公司股票存在可能因股价低于面值被终止上市的风险提示公告,终止上市风险提示,2025-01-24,https://data.eastmoney.com/notices/detail/300117/AN202501241642522455.html
300117,*ST嘉寓,*ST嘉寓:关于公司股票可能被终止上市的风险提示公告,终止上市风险提示,2025-01-24,https://data.eastmoney.com/notices/detail/300117/AN202501241642522453.html
300080,易成新能,易成新能:关于收到重大资产出售剩余交易价款的公告,收购出售资产/股权,2025-01-24,https://data.eastmoney.com/notices/detail/300080/AN202501241642522464.html
300955,嘉亨家化,嘉亨家化:2024年度业绩预告,业绩预告,2025-01-24,https://data.eastmoney.com/notices/detail/300955/AN202501241642522463.html
300857,协创数据,协创数据:2024年度业绩预告,业绩预告,2025-01-24,https://data.eastmoney.com/notices/detail/300857/AN202501241642522447.html
300428,立中集团,立中集团:关于召开2025年第一次临时股东大会的提示性公告,召开股东大会提示性公告,2025-01-24,https://data.eastmoney.com/notices/detail/300428/AN202501241642522476.html
300218,安利股份,安利股份:2024年度业绩预告,业绩预告,2025-01-24,https://data.eastmoney.com/notices/detail/300218/AN202501241642522449.html
920108,宏海科技,宏海科技:向不特定合格投资者公开发行股票并在北京证券交易所上市公告书,首发上市公告书,2025-01-24,https://data.eastmoney.com/notices/detail/920108/AN202501241642522427.html
920108,宏海科技,宏海科技:向不特定合格投资者公开发行股票并在北京证券交易所上市提示性公告,其他,2025-01-24,https://data.eastmoney.com/notices/detail/920108/AN202501241642522426.html
920092,汉鑫科技,汉鑫科技:2024年年度业绩预告公告,业绩预告,2025-01-24,https://data.eastmoney.com/notices/detail/920092/AN202501241642522415.html
920069,普昂医疗,普昂医疗:关于公司2024年股权激励计划(草案)修订说明公告,其他,2025-01-24,https://data.eastmoney.com/notices/detail/920069/AN202501241642522393.html
300271,华宇软件,华宇软件:关于2024年度拟计提减值准备的公告,其他,2025-01-24,https://data.eastmoney.com/notices/detail/300271/AN202501241642522385.html
300271,华宇软件,华宇软件:2024年年度业绩预告,业绩预告,2025-01-24,https://data.eastmoney.com/notices/detail/300271/AN202501241642522375.html
301110,青木科技,青木科技:关于控股股东、实际控制人的一致行动人部分股份质押的公告,股份质押、冻结,2025-01-24,https://data.eastmoney.com/notices/detail/301110/AN202501241642522363.html
300637,扬帆新材,扬帆新材:2024年年度业绩预告,业绩预告,2025-01-24,https://data.eastmoney.com/notices/detail/300637/AN202501241642522361.html
300530,领湃科技,领湃科技:关于公司副总经理辞职的公告,高管人员任职变动,2025-01-24,https://data.eastmoney.com/notices/detail/300530/AN202501241642522358.html
300348,长亮科技,长亮科技:第五届监事会第二十三次会议决议公告,监事会决议公告,2025-01-24,https://data.eastmoney.com/notices/detail/300348/AN202501241642522366.html
300348,长亮科技,长亮科技:第五届董事会第二十六次会议决议公告,董事会决议公告,2025-01-24,https://data.eastmoney.com/notices/detail/300348/AN202501241642522360.html
300348,长亮科技,长亮科技:关于深圳证监局对公司采取责令改正措施决定的整改报告,整改报告,2025-01-24,https://data.eastmoney.com/notices/detail/300348/AN202501241642522362.html
300319,麦捷科技,麦捷科技:董事会产品与技术委员会工作细则,议事规则/实施细则,2025-01-24,https://data.eastmoney.com/notices/detail/300319/AN202501241642522378.html
300319,麦捷科技,麦捷科技:关于“质量回报双提升”行动方案的公告,其他,2025-01-24,https://data.eastmoney.com/notices/detail/300319/AN202501241642522364.html
300319,麦捷科技,麦捷科技:第六届董事会第二十一次会议决议公告,董事会决议公告,2025-01-24,https://data.eastmoney.com/notices/detail/300319/AN202501241642522365.html
300029,天龙退,ST天龙:2024年度业绩预告,业绩预告,2025-01-24,https://data.eastmoney.com/notices/detail/300029/AN202501241642522380.html
300606,金太阳,金太阳:关于计提资产减值损失与信用减值损失的提示性公告,其他,2025-01-24,https://data.eastmoney.com/notices/detail/300606/AN202501241642522368.html
300606,金太阳,金太阳:2024年度业绩预告,业绩预告,2025-01-24,https://data.eastmoney.com/notices/detail/300606/AN202501241642522359.html
300364,中文在线,中文在线:2024年度业绩预告,业绩预告,2025-01-24,https://data.eastmoney.com/notices/detail/300364/AN202501241642522367.html
920069,普昂医疗,普昂医疗:股权激励计划(草案)(修订稿),股权激励计划,2025-01-24,https://data.eastmoney.com/notices/detail/920069/AN202501241642522242.html
603819,神力股份,关于对常州神力电机股份有限公司资产购买交易对方砺剑防务技术集团有限公司予以公开谴责的决定,上交所股票监管措施,2025-01-24,https://data.eastmoney.com/notices/detail/603819/AN202501241642522199.html
600008,首创环保,首创环保:投资者关系活动记录表(2025年1月),调研活动,2025-01-24,https://data.eastmoney.com/notices/detail/600008/AN202501241642522087.html
603071,物产环能,物产环能:浙江物产环保能源股份有限公司投资者关系活动记录表20250120,调研活动,2025-01-24,https://data.eastmoney.com/notices/detail/603071/AN202501241642522088.html
300331,苏大维格,苏大维格:关于使用部分闲置募集资金进行现金管理及到期赎回的公告,投资理财,2025-01-24,https://data.eastmoney.com/notices/detail/300331/AN202501241642522190.html
300331,苏大维格,苏大维格:2024年度业绩预告,业绩预告,2025-01-24,https://data.eastmoney.com/notices/detail/300331/AN202501241642522216.html
000736,中交发展,中交地产:联合资信评估股份有限公司关于中交地产股份有限公司相关事项的关注公告,其他,2025-01-24,https://data.eastmoney.com/notices/detail/000736/AN202501241642522188.html
000736,中交发展,中交地产:国新证券股份有限公司关于中交地产股份有限公司发生超过上年末净资产百分之十的临时受托管理事务报告,其他,2025-01-24,https://data.eastmoney.com/notices/detail/000736/AN202501241642522213.html
000736,中交发展,中交地产:国新证券股份有限公司关于中交地产股份有限公司发生筹划出售、转让资产的临时受托管理事务报告,收购出售资产/股权,2025-01-24,https://data.eastmoney.com/notices/detail/000736/AN202501241642522207.html
000783,长江证券,长江证券:长江证券股份有限公司2024年面向专业投资者公开发行公司债券(第一期)2025年付息公告,其他,2025-01-24,https://data.eastmoney.com/notices/detail/000783/AN202501241642522206.html
002926,华西证券,华西证券:华西证券股份有限公司2023年面向专业投资者公开发行公司债券(第一期)2025年付息公告,其他,2025-01-24,https://data.eastmoney.com/notices/detail/002926/AN202501241642522187.html
300539,横河精密,横河精密:2025年第一次临时股东大会见证法律意见书,法律意见书,2025-01-24,https://data.eastmoney.com/notices/detail/300539/AN202501241642522192.html
300539,横河精密,横河精密:2025年第一次临时股东大会决议公告,其他增发事项公告,2025-01-24,https://data.eastmoney.com/notices/detail/300539/AN202501241642522191.html
300285,国瓷材料,国瓷材料:关于回购公司股份实施完成暨股份变动的公告,股本变动,2025-01-24,https://data.eastmoney.com/notices/detail/300285/AN202501241642522193.html
300380,安硕信息,安硕信息:关于2024年度拟计提信用减值准备、资产减值准备的公告,其他,2025-01-24,https://data.eastmoney.com/notices/detail/300380/AN202501241642522194.html
600184,光电股份,光电股份:投资者活动记录表(2025年1月23日),调研活动,2025-01-24,https://data.eastmoney.com/notices/detail/600184/AN202501241642522076.html
603588,高能环境,高能环境:2025年1月26日投资者调研报告,其他投资者关系,2025-01-24,https://data.eastmoney.com/notices/detail/603588/AN202501241642522077.html
920090,*ST同辉,同辉信息:2024年年度业绩预告公告,业绩预告,2025-01-24,https://data.eastmoney.com/notices/detail/920090/AN202501241642522048.html
920906,舜宇精工,舜宇精工:2024年年度业绩预告公告,业绩预告,2025-01-24,https://data.eastmoney.com/notices/detail/920906/AN202501241642522047.html
300031,宝通科技,宝通科技:2024年度业绩预告,业绩预告,2025-01-24,https://data.eastmoney.com/notices/detail/300031/AN202501241642522033.html
301095,广立微,广立微:关于全资子公司向关联方转让合伙企业份额暨与关联方共同投资的进展公告,其他,2025-01-24,https://data.eastmoney.com/notices/detail/301095/AN202501241642521965.html
300892,品渥食品,品渥食品:2024年年度业绩预告,业绩预告,2025-01-24,https://data.eastmoney.com/notices/detail/300892/AN202501241642521970.html
300040,九洲集团,九洲集团:关于股份回购完成暨股份变动的公告,股本变动,2025-01-24,https://data.eastmoney.com/notices/detail/300040/AN202501241642521971.html
300652,雷迪克,雷迪克:关于全资子公司使用闲置募集资金购买理财产品的进展公告,其他,2025-01-24,https://data.eastmoney.com/notices/detail/300652/AN202501241642521910.html
301217,铜冠铜箔,铜冠铜箔:国泰君安证券股份有限公司关于安徽铜冠铜箔集团股份有限公司2024年持续督导工作现场检查报告,保荐/核查意见,2025-01-24,https://data.eastmoney.com/notices/detail/301217/AN202501241642521909.html
300258,精锻科技,精锻科技:关于控股股东股份质押的公告,股份质押、冻结,2025-01-24,https://data.eastmoney.com/notices/detail/300258/AN202501241642521905.html
301217,铜冠铜箔,铜冠铜箔:国泰君安证券股份有限公司关于安徽铜冠铜箔集团股份有限公司2024年持续督导培训情况报告,保荐/核查意见,2025-01-24,https://data.eastmoney.com/notices/detail/301217/AN202501241642521908.html
300811,铂科新材,关于同意铂科新材再融资注册的批复,创业板发行上市审核注册结果通知,2025-01-24,https://data.eastmoney.com/notices/detail/300811/AN202501241642521641.html
300996,普联软件,普联软件:关于股票交易异常波动的公告,股票交易异常波动,2025-01-24,https://data.eastmoney.com/notices/detail/300996/AN202501241642521610.html
300841,康华生物,康华生物:关于实际控制人及其一致行动人部分股份解除质押和质押的公告,股份质押、冻结,2025-01-24,https://data.eastmoney.com/notices/detail/300841/AN202501241642521620.html
300900,广联航空,广联航空:关于为全资子公司提供担保的公告,提供/对外担保公告,2025-01-24,https://data.eastmoney.com/notices/detail/300900/AN202501241642521626.html
920856,浩淼科技,浩淼科技:员工持股平台拟减持公司股份的预披露公告(再次披露),股东/实际控制人股份减持,2025-01-24,https://data.eastmoney.com/notices/detail/920856/AN202501241642521564.html
301519,舜禹股份,舜禹股份:华泰联合证券有限责任公司关于安徽舜禹水务股份有限公司2024年持续督导培训情况报告,保荐/核查意见,2025-01-24,https://data.eastmoney.com/notices/detail/301519/AN202501241642521563.html
002142,宁波银行,宁波银行:2025年1月24日投资者关系活动记录表,调研活动,2025-01-24,https://data.eastmoney.com/notices/detail/002142/AN202501241642521427.html
300355,蒙草生态,蒙草生态:2024年度业绩预告,业绩预告,2025-01-24,https://data.eastmoney.com/notices/detail/300355/AN202501241642521310.html
300972,万辰集团,万辰集团:福建万辰生物科技集团股份有限公司2024年度业绩预告,业绩预告,2025-01-24,https://data.eastmoney.com/notices/detail/300972/AN202501241642521274.html
301397,溯联股份,溯联股份:关于股份回购完成暨股份变动的公告,股本变动,2025-01-24,https://data.eastmoney.com/notices/detail/301397/AN202501241642521272.html
300480,光力科技,光力科技:光力科技股份有限公司2024年度业绩预告,业绩预告,2025-01-24,https://data.eastmoney.com/notices/detail/300480/AN202501241642521273.html
920368,连城数控,连城数控:2024年年度业绩预告公告,业绩预告,2025-01-24,https://data.eastmoney.com/notices/detail/920368/AN202501241642521239.html
300551,古鳌科技,古鳌科技:关于上海证监局行政监管措施决定书相关问题的整改报告,整改报告,2025-01-24,https://data.eastmoney.com/notices/detail/300551/AN202501241642521251.html
300551,古鳌科技,古鳌科技:中信建投证券股份有限公司关于对上海古鳌电子科技股份有限公司持续督导的培训报告,保荐/核查意见,2025-01-24,https://data.eastmoney.com/notices/detail/300551/AN202501241642521243.html
300382,斯莱克,斯莱克:2024年度业绩预告,业绩预告,2025-01-24,https://data.eastmoney.com/notices/detail/300382/AN202501241642521246.html
300470,中密控股,中密控股:2025年1月24日投资者关系活动记录表,调研活动,2025-01-24,https://data.eastmoney.com/notices/detail/300470/AN202501241642521106.html
920425,乐创技术,乐创技术:关于使用闲置募集资金购买理财产品到期赎回的公告,投资理财,2025-01-24,https://data.eastmoney.com/notices/detail/920425/AN202501241642521201.html
301130,西点药业,西点药业:关于使用部分闲置募集资金及自有资金进行现金管理和委托理财到期赎回并继续进行现金管理和委托理财的公告,委托（受托）事项,2025-01-24,https://data.eastmoney.com/notices/detail/301130/AN202501241642521184.html
920670,数字人,数字人:2024年年度业绩预告公告,业绩预告,2025-01-24,https://data.eastmoney.com/notices/detail/920670/AN202501241642521173.html
300601,康泰生物,康泰生物:关于终止新型冠状病毒灭活疫苗(Vero细胞)研发的公告,其他,2025-01-24,https://data.eastmoney.com/notices/detail/300601/AN202501241642520944.html
920092,汉鑫科技,汉鑫科技:中德证券有限责任公司关于山东汉鑫科技股份有限公司募集资金投资项目结项并将节余募集资金永久补充流动资金的核查意见,保荐/核查意见,2025-01-24,https://data.eastmoney.com/notices/detail/920092/AN202501241642520903.html
920092,汉鑫科技,汉鑫科技:第四届董事会第二次会议决议公告,董事会决议公告,2025-01-24,https://data.eastmoney.com/notices/detail/920092/AN202501241642520902.html
920092,汉鑫科技,汉鑫科技:关于召开2025年第一次临时股东大会通知公告(提供网络投票),召开股东大会通知,2025-01-24,https://data.eastmoney.com/notices/detail/920092/AN202501241642520905.html
920092,汉鑫科技,汉鑫科技:第四届监事会第二次会议决议公告,监事会决议公告,2025-01-24,https://data.eastmoney.com/notices/detail/920092/AN202501241642520906.html
920092,汉鑫科技,汉鑫科技:关于募集资金投资项目结项并将节余募集资金永久补充流动资金的公告,募集资金补充流动资金,2025-01-24,https://data.eastmoney.com/notices/detail/920092/AN202501241642520904.html
920436,大地电气,大地电气:2024年年度业绩预告公告,业绩预告,2025-01-24,https://data.eastmoney.com/notices/detail/920436/AN202501241642520720.html
301024,霍普股份,霍普股份:2024年度业绩预告,业绩预告,2025-01-24,https://data.eastmoney.com/notices/detail/301024/AN202501241642520729.html
300816,艾可蓝,艾可蓝:2024年年度业绩预告,业绩预告,2025-01-24,https://data.eastmoney.com/notices/detail/300816/AN202501241642520730.html
300608,思特奇,思特奇:2024年度业绩预告,业绩预告,2025-01-24,https://data.eastmoney.com/notices/detail/300608/AN202501241642520726.html
300787,海能实业,海能实业:关于控股股东、实际控制人部分股份解除质押的公告,股份质押、冻结,2025-01-24,https://data.eastmoney.com/notices/detail/300787/AN202501241642520735.html
300609,汇纳科技,汇纳科技:汇纳科技股份有限公司2024年度业绩预告,业绩预告,2025-01-24,https://data.eastmoney.com/notices/detail/300609/AN202501241642520728.html
300516,久之洋,久之洋:湖北久之洋红外系统股份有限公司2024年度业绩预告,业绩预告,2025-01-24,https://data.eastmoney.com/notices/detail/300516/AN202501241642520725.html
300380,安硕信息,安硕信息:2024年度业绩预告,业绩预告,2025-01-24,https://data.eastmoney.com/notices/detail/300380/AN202501241642520727.html
920599,同力股份,同力股份:回购进展情况公告,回购进展情况,2025-01-24,https://data.eastmoney.com/notices/detail/920599/AN202501241642520702.html
000898,鞍钢股份,鞍钢股份:2025年1月23日投资者关系活动记录表,调研活动,2025-01-24,https://data.eastmoney.com/notices/detail/000898/AN202501241642520525.html
300798,锦鸡股份,锦鸡股份:关于2024年度业绩预告的公告,业绩预告,2025-01-24,https://data.eastmoney.com/notices/detail/300798/AN202501241642520682.html
300120,经纬辉开,经纬辉开:2024年度业绩预告,业绩预告,2025-01-24,https://data.eastmoney.com/notices/detail/300120/AN202501241642520688.html
301339,通行宝,通行宝:关于控股子公司设立参股公司并取得营业执照的公告,投资设立公司,2025-01-24,https://data.eastmoney.com/notices/detail/301339/AN202501241642520678.html
301225,恒勃股份,恒勃股份:关于全资子公司恒勃株式会社购买土地及厂房的公告,其他,2025-01-24,https://data.eastmoney.com/notices/detail/301225/AN202501241642520679.html
300964,本川智能,本川智能:2024年年度业绩预告,业绩预告,2025-01-24,https://data.eastmoney.com/notices/detail/300964/AN202501241642520684.html
300882,万胜智能,万胜智能:2024年度业绩预告,业绩预告,2025-01-24,https://data.eastmoney.com/notices/detail/300882/AN202501241642520689.html
300879,大叶股份,大叶股份:2024年度业绩预告,业绩预告,2025-01-24,https://data.eastmoney.com/notices/detail/300879/AN202501241642520687.html
300692,中赋科技,中环环保:第四届董事会第五次会议决议公告,董事会决议公告,2025-01-24,https://data.eastmoney.com/notices/detail/300692/AN202501241642520683.html
300692,中赋科技,中环环保:关于不向下修正中环转2转股价格的公告,其他,2025-01-24,https://data.eastmoney.com/notices/detail/300692/AN202501241642520677.html
300440,运达科技,运达科技:2024年度业绩预告,业绩预告,2025-01-24,https://data.eastmoney.com/notices/detail/300440/AN202501241642520685.html
300144,宋城演艺,宋城演艺:2024年度业绩预告,业绩预告,2025-01-24,https://data.eastmoney.com/notices/detail/300144/AN202501241642520680.html
301221,光庭信息,光庭信息:关于2024年度拟计提资产减值准备的公告,其他,2025-01-24,https://data.eastmoney.com/notices/detail/301221/AN202501241642520681.html
301221,光庭信息,光庭信息:2024年度业绩预告,业绩预告,2025-01-24,https://data.eastmoney.com/notices/detail/301221/AN202501241642520690.html
920378,泰德股份,泰德股份:2024年年度业绩预告公告,业绩预告,2025-01-24,https://data.eastmoney.com/notices/detail/920378/AN202501241642520649.html
301216,万凯新材,万凯新材:2024年度业绩预告,业绩预告,2025-01-24,https://data.eastmoney.com/notices/detail/301216/AN202501241642520663.html
301216,万凯新材,万凯新材:第二届董事会第二十次会议决议公告,董事会决议公告,2025-01-24,https://data.eastmoney.com/notices/detail/301216/AN202501241642520660.html
301216,万凯新材,万凯新材:关于实施稳定股价方案的公告,其他,2025-01-24,https://data.eastmoney.com/notices/detail/301216/AN202501241642520662.html
300489,光智科技,光智科技:2024年度业绩预告,业绩预告,2025-01-24,https://data.eastmoney.com/notices/detail/300489/AN202501241642520661.html
300287,飞利信,飞利信:2024年度业绩预告,业绩预告,2025-01-24,https://data.eastmoney.com/notices/detail/300287/AN202501241642520659.html
300165,天瑞仪器,ST天瑞:2024年度业绩预告,业绩预告,2025-01-24,https://data.eastmoney.com/notices/detail/300165/AN202501241642520588.html
300101,振芯科技,振芯科技:关于使用暂时闲置自有资金进行委托理财的进展公告,委托（受托）事项,2025-01-24,https://data.eastmoney.com/notices/detail/300101/AN202501241642520590.html
300876,蒙泰高新,蒙泰高新:2024年年度业绩预告,业绩预告,2025-01-24,https://data.eastmoney.com/notices/detail/300876/AN202501241642520426.html
300125,聆达股份,ST聆达:关于控股股东经营期限届满未延期的提示性公告,其他,2025-01-24,https://data.eastmoney.com/notices/detail/300125/AN202501241642520425.html
300501,海顺新材,海顺新材:第五届董事会第三十四次会议决议公告,董事会决议公告,2025-01-24,https://data.eastmoney.com/notices/detail/300501/AN202501241642520423.html
300501,海顺新材,海顺新材:关于不向下修正海顺转债转股价格的公告,其他,2025-01-24,https://data.eastmoney.com/notices/detail/300501/AN202501241642520424.html
603121,华培动力,华培动力:投资者关系活动记录表(1月),调研活动,2025-01-24,https://data.eastmoney.com/notices/detail/603121/AN202501241642520324.html
301568,思泰克,思泰克:厦门思泰克智能科技股份有限公司章程(2025年1月更新版),公司章程,2025-01-24,https://data.eastmoney.com/notices/detail/301568/AN202501241642520372.html
301568,思泰克,思泰克:关于完成经营范围工商变更登记的公告,公司经营范围变更,2025-01-24,https://data.eastmoney.com/notices/detail/301568/AN202501241642520373.html
301093,华兰股份,华兰股份:关于使用部分闲置募集资金和自有资金进行现金管理到期赎回并使用部分闲置募集资金进行现金管理的公告,投资理财,2025-01-24,https://data.eastmoney.com/notices/detail/301093/AN202501241642520359.html
300055,万邦达,万邦达:2025-0022024年度业绩预告,业绩预告,2025-01-24,https://data.eastmoney.com/notices/detail/300055/AN202501241642520357.html
300224,正海磁材,正海磁材:2024年度业绩预告,业绩预告,2025-01-24,https://data.eastmoney.com/notices/detail/300224/AN202501241642520255.html
300171,东富龙,东富龙:2024年度业绩预告,业绩预告,2025-01-24,https://data.eastmoney.com/notices/detail/300171/AN202501241642520253.html
300268,佳沃食品,ST佳沃:关于公司股票交易可能被实施退市风险警示的风险提示公告,其它风险提示公告,2025-01-24,https://data.eastmoney.com/notices/detail/300268/AN202501241642520252.html
300162,雷曼光电,雷曼光电:2024年年度业绩预告,业绩预告,2025-01-24,https://data.eastmoney.com/notices/detail/300162/AN202501241642520254.html
300534,陇神戎发,陇神戎发:关于公司监事会主席变更的公告,高管人员任职变动,2025-01-24,https://data.eastmoney.com/notices/detail/300534/AN202501241642520218.html
300534,陇神戎发,陇神戎发:第五届监事会第七次会议决议公告,高管人员任职变动,2025-01-24,https://data.eastmoney.com/notices/detail/300534/AN202501241642520215.html
301259,艾布鲁,艾布鲁:关于控股股东及实际控制人为公司向银行申请融资贷款提供担保暨关联交易的进展公告,提供/对外担保公告,2025-01-24,https://data.eastmoney.com/notices/detail/301259/AN202501241642520181.html
300737,科顺股份,科顺股份:2024年度业绩预告,业绩预告,2025-01-24,https://data.eastmoney.com/notices/detail/300737/AN202501241642520180.html
300512,中亚股份,中亚股份:2024年度业绩预告,业绩预告,2025-01-24,https://data.eastmoney.com/notices/detail/300512/AN202501241642520178.html
601126,四方股份,四方股份:投资者关系活动记录表(2025年1月),调研活动,2025-01-24,https://data.eastmoney.com/notices/detail/601126/AN202501241642519844.html
920363,莱赛激光,莱赛激光:2024年年度业绩预告公告,业绩预告,2025-01-24,https://data.eastmoney.com/notices/detail/920363/AN202501241642519997.html
301361,众智科技,众智科技:关于继续使用部分闲置募集资金及超募资金进行现金管理的进展公告,募集资金使用进展情况,2025-01-24,https://data.eastmoney.com/notices/detail/301361/AN202501241642519983.html
300724,捷佳伟创,捷佳伟创:2024年度业绩预告,业绩预告,2025-01-24,https://data.eastmoney.com/notices/detail/300724/AN202501241642519985.html
300056,中创环保,中创环保:关于证券事务代表辞职的公告,高管人员任职变动,2025-01-24,https://data.eastmoney.com/notices/detail/300056/AN202501241642519986.html
920564,天润科技,天润科技:2024年年度业绩预告公告,业绩预告,2025-01-24,https://data.eastmoney.com/notices/detail/920564/AN202501241642519927.html
301057,汇隆新材,汇隆新材:关于公司获评国家级“绿色工厂”的公告,其他,2025-01-24,https://data.eastmoney.com/notices/detail/301057/AN202501241642519916.html
300205,*ST天喻,ST天喻:关于涉及诉讼及被申请财产保全的进展公告,诉讼仲裁,2025-01-24,https://data.eastmoney.com/notices/detail/300205/AN202501241642519915.html
300801,泰和科技,泰和科技:关于公司选举职工代表董事的公告,高管人员任职变动,2025-01-24,https://data.eastmoney.com/notices/detail/300801/AN202501241642519917.html
920080,奥美森,奥美森:关于延长公司申请公开发行股票并在北交所上市的股东会决议有效期及股东会授权有效期的公告,其他增发事项公告,2025-01-24,https://data.eastmoney.com/notices/detail/920080/AN202501241642519732.html
920080,奥美森,奥美森:关于拟变更注册地址并修订《公司章程》公告,公司注册地址变更,2025-01-24,https://data.eastmoney.com/notices/detail/920080/AN202501241642519672.html
301158,德石股份,德石股份:关于使用部分闲置募集资金和自有资金购买理财产品到期赎回并再次进行现金管理的进展公告,募集资金使用进展情况,2025-01-24,https://data.eastmoney.com/notices/detail/301158/AN202501241642519666.html
300967,晓鸣股份,晓鸣股份:华西证券股份有限公司关于宁夏晓鸣农牧股份有限公司持续督导专项培训情况的报告,保荐/核查意见,2025-01-24,https://data.eastmoney.com/notices/detail/300967/AN202501241642519664.html
300909,汇创达,汇创达:关于控股股东部分股份质押及解除质押的公告,股份质押、冻结,2025-01-24,https://data.eastmoney.com/notices/detail/300909/AN202501241642519665.html
300353,东土科技,东土科技:关于控股股东部分股份质押的公告,股份质押、冻结,2025-01-24,https://data.eastmoney.com/notices/detail/300353/AN202501241642519663.html
301631,壹连科技,壹连科技:关于完成工商变更登记并换发营业执照的公告,公司注册资本变更,2025-01-24,https://data.eastmoney.com/notices/detail/301631/AN202501241642519662.html
920080,奥美森,奥美森:内部控制鉴证报告,保荐/核查意见,2025-01-24,https://data.eastmoney.com/notices/detail/920080/AN202501241642519515.html
002595,豪迈科技,豪迈科技:2025年1月22日、1月23日和1月24日投资者关系活动记录表,调研活动,2025-01-24,https://data.eastmoney.com/notices/detail/002595/AN202501241642519417.html
920080,奥美森,奥美森:非经常性损益审核报告,保荐/核查意见,2025-01-24,https://data.eastmoney.com/notices/detail/920080/AN202501241642519352.html
600369,西南证券,西南证券:西南证券股份有限公司投资者关系活动记录表(接受中信建投证券股份有限公司现场调研),调研活动,2025-01-24,https://data.eastmoney.com/notices/detail/600369/AN202501241642519388.html
300409,道氏技术,道氏技术:民生证券股份有限公司关于广东道氏技术股份有限公司2024年年度持续督导定期现场检查报告,保荐/核查意见,2025-01-24,https://data.eastmoney.com/notices/detail/300409/AN202501241642519346.html
300409,道氏技术,道氏技术:民生证券股份有限公司关于广东道氏技术股份有限公司专项现场检查报告,保荐/核查意见,2025-01-24,https://data.eastmoney.com/notices/detail/300409/AN202501241642519344.html
300409,道氏技术,道氏技术:民生证券股份有限公司关于广东道氏技术股份有限公司2024年持续督导培训情况报告,保荐/核查意见,2025-01-24,https://data.eastmoney.com/notices/detail/300409/AN202501241642519342.html
300181,佐力药业,佐力药业:关于公司参与广东联盟金莲花胶囊等中成药集中带量采购拟中选的公告,其他,2025-01-24,https://data.eastmoney.com/notices/detail/300181/AN202501241642519345.html
301040,中环海陆,中环海陆:2024年度业绩预告,业绩预告,2025-01-24,https://data.eastmoney.com/notices/detail/301040/AN202501241642519341.html
301038,深水规院,深水规院:2024年度业绩预告,业绩预告,2025-01-24,https://data.eastmoney.com/notices/detail/301038/AN202501241642519340.html
301038,深水规院,深水规院:第二届董事会第十九次会议决议公告,董事会决议公告,2025-01-24,https://data.eastmoney.com/notices/detail/301038/AN202501241642519339.html
300933,中辰股份,中辰股份:关于公司获得高新技术企业证书的公告,获得认证,2025-01-24,https://data.eastmoney.com/notices/detail/300933/AN202501241642519343.html
920080,奥美森,奥美森:2021-2023年度非经常性损益审核报告,保荐/核查意见,2025-01-24,https://data.eastmoney.com/notices/detail/920080/AN202501241642519333.html
603120,肯特催化,关于同意肯特催化材料股份有限公司首次公开发行股票注册的批复,沪主板发行上市审核注册结果通知,2025-01-24,https://data.eastmoney.com/notices/detail/603120/AN202501241642518724.html
920080,奥美森,奥美森:内部控制鉴证报告,保荐/核查意见,2025-01-24,https://data.eastmoney.com/notices/detail/920080/AN202501241642519326.html
300266,兴源环境,兴源环境:2024年度业绩预告,业绩预告,2025-01-24,https://data.eastmoney.com/notices/detail/300266/AN202501241642519306.html
300242,佳云科技,佳云科技:2024年度业绩预告,业绩预告,2025-01-24,https://data.eastmoney.com/notices/detail/300242/AN202501241642519303.html
300983,尤安设计,尤安设计:2024年度业绩预告,业绩预告,2025-01-24,https://data.eastmoney.com/notices/detail/300983/AN202501241642519304.html
300485,赛升药业,赛升药业:2024年度业绩预告,业绩预告,2025-01-24,https://data.eastmoney.com/notices/detail/300485/AN202501241642519305.html
300266,兴源环境,兴源环境:关于全资子公司之间提供担保的公告,提供/对外担保公告,2025-01-24,https://data.eastmoney.com/notices/detail/300266/AN202501241642519307.html
603927,中科软,中科软:2025-001 中科软投资者关系活动记录表,调研活动,2025-01-24,https://data.eastmoney.com/notices/detail/603927/AN202501241642519214.html
300818,耐普矿机,耐普矿机:关于耐普转债可能满足赎回条件的提示性公告,其他,2025-01-24,https://data.eastmoney.com/notices/detail/300818/AN202501241642519147.html
301091,深城交,深城交:国信证券股份有限公司关于深圳市城市交通规划设计研究中心股份有限公司2024年度定期现场检查报告,保荐/核查意见,2025-01-24,https://data.eastmoney.com/notices/detail/301091/AN202501241642519257.html
300337,银邦股份,银邦股份:银邦股份第五届董事会第十五次会议决议公告,董事会决议公告,2025-01-24,https://data.eastmoney.com/notices/detail/300337/AN202501241642519148.html
300337,银邦股份,银邦股份:银邦股份第五届监事会第十四次会议决议公告,监事会决议公告,2025-01-24,https://data.eastmoney.com/notices/detail/300337/AN202501241642519264.html
300171,东富龙,东富龙:第六届董事会第十五次(临时)会议决议公告,董事会决议公告,2025-01-24,https://data.eastmoney.com/notices/detail/300171/AN202501241642519154.html
301091,深城交,深城交:国信证券股份有限公司关于深圳市城市交通规划设计研究中心股份有限公司2024年度持续督导培训情况的报告,保荐/核查意见,2025-01-24,https://data.eastmoney.com/notices/detail/301091/AN202501241642519276.html
301215,中汽股份,中汽股份:第二届监事会第十三次会议决议公告,监事会决议公告,2025-01-24,https://data.eastmoney.com/notices/detail/301215/AN202501241642519273.html
301277,新天地,新天地:关于获评国家级绿色工厂的公告,其他,2025-01-24,https://data.eastmoney.com/notices/detail/301277/AN202501241642519260.html
301215,中汽股份,中汽股份:中国银河证券股份有限公司关于中汽研汽车试验场股份有限公司使用部分闲置募集资金及自有资金进行现金管理的核查意见,保荐/核查意见,2025-01-24,https://data.eastmoney.com/notices/detail/301215/AN202501241642519268.html
300337,银邦股份,银邦股份:银邦股份关于签订募集资金监管协议的公告,签订协议,2025-01-24,https://data.eastmoney.com/notices/detail/300337/AN202501241642519266.html
301039,中集车辆,中集车辆:关于续聘部分高级管理人员的公告,高管人员任职变动,2025-01-24,https://data.eastmoney.com/notices/detail/301039/AN202501241642519262.html
300549,优德精密,优德精密:2024年度业绩预告,业绩预告,2025-01-24,https://data.eastmoney.com/notices/detail/300549/AN202501241642519261.html
301215,中汽股份,中汽股份:第二届董事会第十五次会议决议公告,高管人员任职变动,2025-01-24,https://data.eastmoney.com/notices/detail/301215/AN202501241642519269.html
300337,银邦股份,银邦股份:国盛证券有限责任公司关于银邦金属复合材料股份有限公司向全资子公司增资以实施募投项目的核查意见,保荐/核查意见,2025-01-24,https://data.eastmoney.com/notices/detail/300337/AN202501241642519267.html
300168,万达信息,万达信息:第八届监事会第七次会议决议公告,监事会决议公告,2025-01-24,https://data.eastmoney.com/notices/detail/300168/AN202501241642519265.html
300168,万达信息,万达信息:第八届董事会第十二次会议决议公告,董事会决议公告,2025-01-24,https://data.eastmoney.com/notices/detail/300168/AN202501241642519277.html
300337,银邦股份,银邦股份:银邦股份关于使用募集资金向全资子公司增资以实施募投项目的公告,增资扩股,2025-01-24,https://data.eastmoney.com/notices/detail/300337/AN202501241642519152.html
300359,全通教育,全通教育:2024年度业绩预告,业绩预告,2025-01-24,https://data.eastmoney.com/notices/detail/300359/AN202501241642519153.html
301039,中集车辆,中集车辆:关于开展汇率远期套期保值业务的可行性分析报告,其他,2025-01-24,https://data.eastmoney.com/notices/detail/301039/AN202501241642519146.html
300171,东富龙,东富龙:中信证券股份有限公司关于东富龙科技集团股份有限公司使用闲置募集资金及自有资金进行现金管理的核查意见,保荐/核查意见,2025-01-24,https://data.eastmoney.com/notices/detail/300171/AN202501241642519150.html
300171,东富龙,东富龙:第六届监事会第十三次(临时)会议决议公告,监事会决议公告,2025-01-24,https://data.eastmoney.com/notices/detail/300171/AN202501241642519271.html
301039,中集车辆,中集车辆:第三届董事会2025年第一次会议决议公告,高管人员任职变动,2025-01-24,https://data.eastmoney.com/notices/detail/301039/AN202501241642519270.html
300168,万达信息,万达信息:太平洋证券股份有限公司关于万达信息股份有限公司与中国人寿保险股份有限公司广西壮族自治区分公司签订项目合同暨关联交易的核查意见,保荐/核查意见,2025-01-24,https://data.eastmoney.com/notices/detail/300168/AN202501241642519145.html
300798,锦鸡股份,锦鸡股份:关于预计可转债转股价格触发向下修正条件的提示性公告,其他,2025-01-24,https://data.eastmoney.com/notices/detail/300798/AN202501241642519156.html
301039,中集车辆,中集车辆:第三届监事会2025年第一次会议决议公告,监事会决议公告,2025-01-24,https://data.eastmoney.com/notices/detail/301039/AN202501241642519258.html
301199,迈赫股份,迈赫股份:迈赫股份2024年度业绩预告,业绩预告,2025-01-24,https://data.eastmoney.com/notices/detail/301199/AN202501241642519151.html
300168,万达信息,万达信息:关于与中国人寿保险股份有限公司广西壮族自治区分公司签订项目合同暨关联交易的公告,关联交易,2025-01-24,https://data.eastmoney.com/notices/detail/300168/AN202501241642519259.html
301215,中汽股份,中汽股份:关于使用部分闲置募集资金及自有资金进行现金管理的公告,投资理财,2025-01-24,https://data.eastmoney.com/notices/detail/301215/AN202501241642519263.html
300798,锦鸡股份,锦鸡股份:关于使用闲置募集资金进行现金管理进展的公告,募集资金使用进展情况,2025-01-24,https://data.eastmoney.com/notices/detail/300798/AN202501241642519149.html
300854,中兰环保,中兰环保:中兰环保2024年度业绩预告,业绩预告,2025-01-24,https://data.eastmoney.com/notices/detail/300854/AN202501241642519272.html
300171,东富龙,东富龙:关于公司使用闲置募集资金及自有资金进行现金管理的公告,投资理财,2025-01-24,https://data.eastmoney.com/notices/detail/300171/AN202501241642519275.html
301039,中集车辆,中集车辆:关于2025年继续开展汇率远期套期保值业务的公告,其他,2025-01-24,https://data.eastmoney.com/notices/detail/301039/AN202501241642519155.html
300209,行云科技,*ST有树:关于公司股票可能被终止上市的风险提示公告,终止上市风险提示,2025-01-24,https://data.eastmoney.com/notices/detail/300209/AN202501241642519122.html
300569,天能重工,天能重工:2024年度业绩预告,业绩预告,2025-01-24,https://data.eastmoney.com/notices/detail/300569/AN202501241642519116.html
301279,金道科技,金道科技:关于使用闲置自有资金进行委托理财赎回的进展公告,委托（受托）事项,2025-01-24,https://data.eastmoney.com/notices/detail/301279/AN202501241642519114.html
301390,经纬股份,经纬股份:关于公司累计诉讼、仲裁案件情况的公告,诉讼仲裁,2025-01-24,https://data.eastmoney.com/notices/detail/301390/AN202501241642519123.html
301125,腾亚精工,腾亚精工:2024年度业绩预告,业绩预告,2025-01-24,https://data.eastmoney.com/notices/detail/301125/AN202501241642519115.html
300587,天铁科技,天铁科技:浙江天铁科技股份有限公司关于控股子公司签订重大合同的公告,其他,2025-01-24,https://data.eastmoney.com/notices/detail/300587/AN202501241642519128.html
301233,盛帮股份,盛帮股份:2024年年度业绩快报,业绩快报,2025-01-24,https://data.eastmoney.com/notices/detail/301233/AN202501241642519120.html
301198,喜悦智行,喜悦智行:2024年度业绩预告,业绩预告,2025-01-24,https://data.eastmoney.com/notices/detail/301198/AN202501241642519129.html
300614,百川畅银,百川畅银:中证鹏元关于关注河南百川畅银环保能源股份有限公司2024年度业绩预亏的公告,业绩预告,2025-01-24,https://data.eastmoney.com/notices/detail/300614/AN202501241642519113.html
300209,行云科技,*ST有树:2024年度业绩预告,业绩预告,2025-01-24,https://data.eastmoney.com/notices/detail/300209/AN202501241642519125.html
300967,晓鸣股份,晓鸣股份:2024年年度业绩预告,业绩预告,2025-01-24,https://data.eastmoney.com/notices/detail/300967/AN202501241642519112.html
300139,晓程科技,晓程科技:北京晓程科技股份有限公司2024年年度业绩预告,业绩预告,2025-01-24,https://data.eastmoney.com/notices/detail/300139/AN202501241642519127.html
300778,新城市,新城市:2024年度业绩预告,业绩预告,2025-01-24,https://data.eastmoney.com/notices/detail/300778/AN202501241642519132.html
300568,星源材质,星源材质:关于子公司提交《股份、持股、表决票或表决权行使等权限的取得或股份委托运用相关申报书》的公告,其他,2025-01-24,https://data.eastmoney.com/notices/detail/300568/AN202501241642519091.html
603676,卫信康,卫信康:投资者关系活动记录表(2025-01-24),调研活动,2025-01-24,https://data.eastmoney.com/notices/detail/603676/AN202501241642518991.html
301446,福事特,福事特:关于使用部分暂时闲置募集资金进行现金管理的进展公告,募集资金使用进展情况,2025-01-24,https://data.eastmoney.com/notices/detail/301446/AN202501241642518953.html
300648,星云股份,星云股份:2024年年度业绩预告,业绩预告,2025-01-24,https://data.eastmoney.com/notices/detail/300648/AN202501241642518942.html
300091,*ST金灵,金通灵:2024年年度业绩预告,业绩预告,2025-01-24,https://data.eastmoney.com/notices/detail/300091/AN202501241642518956.html
301128,强瑞技术,强瑞技术:2024年度业绩预告,业绩预告,2025-01-24,https://data.eastmoney.com/notices/detail/301128/AN202501241642518951.html
301105,鸿铭股份,鸿铭股份:2024年度业绩预告,业绩预告,2025-01-24,https://data.eastmoney.com/notices/detail/301105/AN202501241642519069.html
300940,南极光,南极光:关于控股股东、实际控制人之一部分股份质押的公告,股份质押、冻结,2025-01-24,https://data.eastmoney.com/notices/detail/300940/AN202501241642518950.html
300940,南极光,南极光:2024年度业绩预告,业绩预告,2025-01-24,https://data.eastmoney.com/notices/detail/300940/AN202501241642519057.html
300149,睿智医药,睿智医药:2024年度业绩预告,业绩预告,2025-01-24,https://data.eastmoney.com/notices/detail/300149/AN202501241642519061.html
688307,中润光学,中润光学:投资者活动关系记录表(2025年1月23日),调研活动,2025-01-24,https://data.eastmoney.com/notices/detail/688307/AN202501241642518983.html
920121,江天科技,江天科技:苏州江天包装科技股份有限公司关于申请公开发行股票并在北交所上市暨停牌进展公告,停牌公告,2025-01-24,https://data.eastmoney.com/notices/detail/920121/AN202501241642518895.html
300126,锐奇股份,锐奇股份:关于与关联方共同投资设立合资公司暨关联交易的进展公告,投资设立公司,2025-01-24,https://data.eastmoney.com/notices/detail/300126/AN202501241642518887.html
300893,松原安全,松原股份:关于公司为全资子公司提供担保的公告,提供/对外担保公告,2025-01-24,https://data.eastmoney.com/notices/detail/300893/AN202501241642518884.html
300733,西菱动力,西菱动力:关于使用暂时闲置募集资金进行现金管理的进展情况公告,募集资金使用进展情况,2025-01-24,https://data.eastmoney.com/notices/detail/300733/AN202501241642518886.html
300893,松原安全,松原股份:第三届监事会第二十九次会议决议公告,监事会决议公告,2025-01-24,https://data.eastmoney.com/notices/detail/300893/AN202501241642518885.html
300893,松原安全,松原股份:第三届董事会第三十二次会议决议公告,高管人员任职变动,2025-01-24,https://data.eastmoney.com/notices/detail/300893/AN202501241642518883.html
300893,松原安全,松原股份:关于聘任证券事务代表的公告,高管人员任职变动,2025-01-24,https://data.eastmoney.com/notices/detail/300893/AN202501241642518888.html
301413,安培龙,安培龙:301413安培龙投资者关系活动记录表20250124,调研活动,2025-01-24,https://data.eastmoney.com/notices/detail/301413/AN202501241642518668.html
300680,隆盛科技,隆盛科技:2024年度业绩预告,业绩预告,2025-01-24,https://data.eastmoney.com/notices/detail/300680/AN202501241642518779.html
300066,三川智慧,三川智慧:2024年度业绩预告,业绩预告,2025-01-24,https://data.eastmoney.com/notices/detail/300066/AN202501241642518772.html
300870,欧陆通,欧陆通:关于欧通转债可能满足赎回条件的提示性公告,其他,2025-01-24,https://data.eastmoney.com/notices/detail/300870/AN202501241642518769.html
300860,锋尚文化,锋尚文化:2024年度业绩预告,业绩预告,2025-01-24,https://data.eastmoney.com/notices/detail/300860/AN202501241642518783.html
300730,科创信息,科创信息:2024年度业绩预告,业绩预告,2025-01-24,https://data.eastmoney.com/notices/detail/300730/AN202501241642518781.html
300290,ST荣科,荣科科技:关于披露发行股份购买资产预案后的进展公告,其他增发事项公告,2025-01-24,https://data.eastmoney.com/notices/detail/300290/AN202501241642518780.html
300212,*ST易录,易华录:2024年度业绩预亏公告,业绩预告,2025-01-24,https://data.eastmoney.com/notices/detail/300212/AN202501241642518782.html
300189,神农种业,神农种业:2024年年度业绩预告,业绩预告,2025-01-24,https://data.eastmoney.com/notices/detail/300189/AN202501241642518774.html
300013,新宁物流,*ST新宁:关于公司股票可能被终止上市的风险提示公告,终止上市风险提示,2025-01-24,https://data.eastmoney.com/notices/detail/300013/AN202501241642518785.html
300013,新宁物流,*ST新宁:2024年度业绩预告,业绩预告,2025-01-24,https://data.eastmoney.com/notices/detail/300013/AN202501241642518775.html
301268,铭利达,铭利达:关于公司与安徽含山经济开发区管理委员会签署《投资协议书》之补充协议的进展公告,签订协议,2025-01-24,https://data.eastmoney.com/notices/detail/301268/AN202501241642518771.html
301081,严牌股份,严牌股份:关于为子公司提供担保的进展公告,提供/对外担保公告,2025-01-24,https://data.eastmoney.com/notices/detail/301081/AN202501241642518786.html
300024,机器人,机器人:2024年度业绩预告,业绩预告,2025-01-24,https://data.eastmoney.com/notices/detail/300024/AN202501241642518777.html
920121,江天科技,江天科技:苏州江天包装科技股份有限公司委托理财进展的公告,委托（受托）事项,2025-01-24,https://data.eastmoney.com/notices/detail/920121/AN202501241642518530.html
300783,三只松鼠,三只松鼠:关于签订《投资意向协议》的进展公告,签订协议,2025-01-24,https://data.eastmoney.com/notices/detail/300783/AN202501241642518507.html
300889,爱克股份,爱克股份:关于公司股东部分股份解除质押的公告,股份质押、冻结,2025-01-24,https://data.eastmoney.com/notices/detail/300889/AN202501241642518504.html
300473,德尔股份,德尔股份:2024年年度业绩预告,业绩预告,2025-01-24,https://data.eastmoney.com/notices/detail/300473/AN202501241642518518.html
300443,金雷股份,金雷股份:2024年度业绩预告,业绩预告,2025-01-24,https://data.eastmoney.com/notices/detail/300443/AN202501241642518510.html
300272,开能健康,开能健康:关于使用闲置自有资金进行委托理财赎回的公告,委托（受托）事项,2025-01-24,https://data.eastmoney.com/notices/detail/300272/AN202501241642518498.html
300651,金陵体育,金陵体育:关于公司获得高新技术企业证书的公告,获得认证,2025-01-24,https://data.eastmoney.com/notices/detail/300651/AN202501241642518491.html
300166,东方国信,东方国信:关于控股股东、实际控制人部分股份解除质押的公告,股份质押、冻结,2025-01-24,https://data.eastmoney.com/notices/detail/300166/AN202501241642518497.html
300812,易天股份,易天股份:关于完成工商变更登记的公告,公司注册资本变更,2025-01-24,https://data.eastmoney.com/notices/detail/300812/AN202501241642518496.html
301320,豪江智能,豪江智能:关于使用部分闲置募集资金购买理财产品的公告,投资理财,2025-01-24,https://data.eastmoney.com/notices/detail/301320/AN202501241642518493.html
301001,凯淳股份,凯淳股份:301001凯淳股份投资者关系活动记录表20250124,调研活动,2025-01-24,https://data.eastmoney.com/notices/detail/301001/AN202501241642518444.html
920080,奥美森,奥美森:2024年1-12月审阅报告,保荐/核查意见,2025-01-24,https://data.eastmoney.com/notices/detail/920080/AN202501241642518482.html
920080,奥美森,奥美森:2023年度审计报告,审计报告,2025-01-24,https://data.eastmoney.com/notices/detail/920080/AN202501241642518227.html
002457,青龙管业,青龙管业:2025年1月23日投资者关系活动记录表,调研活动,2025-01-24,https://data.eastmoney.com/notices/detail/002457/AN202501241642518349.html
920080,奥美森,奥美森:2021-2022年度审计报告,审计报告,2025-01-24,https://data.eastmoney.com/notices/detail/920080/AN202501241642518215.html
688433,华曙高科,华曙高科:湖南华曙高科技股份有限公司投资者关系活动记录表20250122,调研活动,2025-01-24,https://data.eastmoney.com/notices/detail/688433/AN202501241642517161.html
688257,新锐股份,新锐股份:投资者关系活动记录表(2025年1月20日-2025年1月21日),调研活动,2025-01-24,https://data.eastmoney.com/notices/detail/688257/AN202501241642517160.html
600803,新奥股份,新奥股份:投资者活动记录表(2025年1月),调研活动,2025-01-24,https://data.eastmoney.com/notices/detail/600803/AN202501241642517159.html
603009,北特科技,北特科技:603009:2025年1月投资者关系活动记录表,调研活动,2025-01-24,https://data.eastmoney.com/notices/detail/603009/AN202501241642517162.html
603004,鼎龙科技,鼎龙科技:投资者关系活动记录表2025-001,调研活动,2025-01-24,https://data.eastmoney.com/notices/detail/603004/AN202501241642517164.html
688777,中控技术,中控技术:中控技术股份有限公司投资者关系活动记录表 2025-001,调研活动,2025-01-24,https://data.eastmoney.com/notices/detail/688777/AN202501241642517163.html
920080,奥美森,奥美森:独立董事关于第四届董事会第九次会议相关审议事项的独立意见,专项说明/独立意见,2025-01-24,https://data.eastmoney.com/notices/detail/920080/AN202501241642517670.html
920050,爱舍伦,爱舍伦:关于公司向不特定合格投资者公开发行股票并在北京证券交易所上市后三年内稳定股价预案(修订稿),其他,2025-01-24,https://data.eastmoney.com/notices/detail/920050/AN202501241642517543.html
920050,爱舍伦,爱舍伦:第二届监事会第七次会议决议公告,监事会决议公告,2025-01-24,https://data.eastmoney.com/notices/detail/920050/AN202501241642517427.html
920080,奥美森,奥美森:第四届监事会第八次会议决议公告,监事会决议公告,2025-01-24,https://data.eastmoney.com/notices/detail/920080/AN202501241642517295.html
920050,爱舍伦,爱舍伦:独立董事关于第二届董事会第七次会议相关事项的独立意见,专项说明/独立意见,2025-01-24,https://data.eastmoney.com/notices/detail/920050/AN202501241642517365.html
920080,奥美森,奥美森:第四届董事会第九次会议决议公告,董事会决议公告,2025-01-24,https://data.eastmoney.com/notices/detail/920080/AN202501241642517507.html
920124,南特科技,南特科技:关于申请公开发行股票并在北交所上市暨停牌进展公告,停牌公告,2025-01-24,https://data.eastmoney.com/notices/detail/920124/AN202501241642517318.html
920080,奥美森,奥美森:2025年第一次临时股东会通知公告,召开股东大会通知,2025-01-24,https://data.eastmoney.com/notices/detail/920080/AN202501241642517442.html
920050,爱舍伦,爱舍伦:第二届董事会第七次会议决议公告,董事会决议公告,2025-01-24,https://data.eastmoney.com/notices/detail/920050/AN202501241642517470.html
920071,金钛股份,金钛股份:关于申请公开发行股票并在北京证券交易所上市暨停牌进展公告,停牌公告,2025-01-24,https://data.eastmoney.com/notices/detail/920071/AN202501241642517422.html
920158,长江能科,长江能科:关于申请公开发行股票并在北交所上市暨停牌进展公告,停牌公告,2025-01-24,https://data.eastmoney.com/notices/detail/920158/AN202501241642517411.html
001221,悍高集团,发行人及中介机构关于第二轮审核问询函的回复意见(悍高集团股份有限公司),深主板发行上市问询与回复,2025-01-24,https://data.eastmoney.com/notices/detail/001221/AN202501241642516367.html
000885,城发环境,城发环境:城发环境股份有限公司关于监事辞职及补选非职工代表监事的公告,高管人员任职变动,2025-01-24,https://data.eastmoney.com/notices/detail/000885/AN202501241642512676.html
000885,城发环境,城发环境:城发环境股份有限公司关于全资子公司河南沃克曼建设工程有限公司签署河南颐城科技生活服务有限公司投资大厦20层装修改造项目施工合同暨关联交易的公告,其他,2025-01-24,https://data.eastmoney.com/notices/detail/000885/AN202501241642512681.html
000885,城发环境,城发环境:2025年第一次临时股东大会材料,股东大会资料,2025-01-24,https://data.eastmoney.com/notices/detail/000885/AN202501241642512680.html
000885,城发环境,城发环境:城发环境股份有限公司关于召开公司2025年第一次临时股东大会的通知,召开股东大会通知,2025-01-24,https://data.eastmoney.com/notices/detail/000885/AN202501241642512679.html
000885,城发环境,城发环境:城发环境股份有限公司第七届监事会第二十九次会议决议公告,高管人员任职变动,2025-01-24,https://data.eastmoney.com/notices/detail/000885/AN202501241642512677.html
000885,城发环境,城发环境:城发环境股份有限公司关于办公场所迁址的公告,公司办公地址变更,2025-01-24,https://data.eastmoney.com/notices/detail/000885/AN202501241642512678.html
000885,城发环境,城发环境:城发环境股份有限公司第七届董事会第三十次会议决议公告,董事会决议公告,2025-01-24,https://data.eastmoney.com/notices/detail/000885/AN202501241642512675.html
000571,新大洲A,新大洲A:关于召开2025年第三次临时股东会的通知(更正后),召开股东大会通知,2025-01-24,https://data.eastmoney.com/notices/detail/000571/AN202501241642512672.html
000571,新大洲A,新大洲A:关于召开2025年第三次临时股东会通知的更正公告,股东大会通知更正公告,2025-01-24,https://data.eastmoney.com/notices/detail/000571/AN202501241642512671.html
002204,大连重工,大连重工:全资孙公司以未分配利润转增注册资本完成的公告,公司关联方基本资料变更,2025-01-24,https://data.eastmoney.com/notices/detail/002204/AN202501241642512670.html
002171,楚江新材,楚江新材:2025年1月23日投资者关系活动记录表,调研活动,2025-01-24,https://data.eastmoney.com/notices/detail/002171/AN202501241642512649.html
301010,晶雪节能,晶雪节能:关于召开2025年第一次临时股东大会的通知,召开股东大会通知,2025-01-24,https://data.eastmoney.com/notices/detail/301010/AN202501241642512658.html
002215,诺普信,诺普信:关于参股公司在创业板首次公开发行股票注册申请获中国证券监督管理委员会同意注册批复的公告,其他,2025-01-24,https://data.eastmoney.com/notices/detail/002215/AN202501241642512664.html
300054,鼎龙股份,鼎龙股份:关于公司向不特定对象发行可转换公司债券申请获得深圳证券交易所上市审核委员会审核通过的公告,其他,2025-01-24,https://data.eastmoney.com/notices/detail/300054/AN202501241642512662.html
301010,晶雪节能,晶雪节能:关于2025年度日常关联交易预计的公告,关联交易,2025-01-24,https://data.eastmoney.com/notices/detail/301010/AN202501241642512665.html
000965,天保基建,天保基建:九届十九次董事会决议公告,高管人员任职变动,2025-01-24,https://data.eastmoney.com/notices/detail/000965/AN202501241642512659.html
300610,晨化股份,晨化股份:关于使用自有闲置资金进行现金管理的进展公告,投资理财,2025-01-24,https://data.eastmoney.com/notices/detail/300610/AN202501241642512668.html
301010,晶雪节能,晶雪节能:关于2025年度申请银行授信额度的公告,借贷,2025-01-24,https://data.eastmoney.com/notices/detail/301010/AN202501241642512666.html
301010,晶雪节能,晶雪节能:2025年第一次独立董事专门会议决议,其他,2025-01-24,https://data.eastmoney.com/notices/detail/301010/AN202501241642512669.html
301010,晶雪节能,晶雪节能:第三届监事会第十一次会议决议公告,监事会决议公告,2025-01-24,https://data.eastmoney.com/notices/detail/301010/AN202501241642512663.html
301010,晶雪节能,晶雪节能:第三届董事会第十一次会议决议公告,董事会决议公告,2025-01-24,https://data.eastmoney.com/notices/detail/301010/AN202501241642512660.html
001356,富岭股份,富岭股份:关于签订募集资金三方监管协议的公告,签订协议,2025-01-24,https://data.eastmoney.com/notices/detail/001356/AN202501241642512667.html
002787,华源控股,华源控股:关于使用自有资金购买理财产品的进展公告,投资理财,2025-01-24,https://data.eastmoney.com/notices/detail/002787/AN202501241642512661.html
000543,皖能电力,皖能电力:000543皖能电力投资者关系管理信息2025-1,调研活动,2025-01-24,https://data.eastmoney.com/notices/detail/000543/AN202501241642512260.html
300902,国安达,国安达:300902国安达投资者关系管理信息20250124,调研活动,2025-01-24,https://data.eastmoney.com/notices/detail/300902/AN202501241642508946.html
000725,京东方A,京东方Ａ:003-2025年1月23日投资者关系活动记录表-1,调研活动,2025-01-24,https://data.eastmoney.com/notices/detail/000725/AN202501241642508428.html
000725,京东方A,京东方Ａ:004-2025年1月23日投资者关系活动记录表-2,调研活动,2025-01-24,https://data.eastmoney.com/notices/detail/000725/AN202501241642508427.html
001395,亚联机械,关于亚联机械股份有限公司股票上市交易的公告,首发提示性公告,2025-01-24,https://data.eastmoney.com/notices/detail/001395/AN202501241642506034.html
002755,奥赛康,奥赛康:关于子公司在2025年ASCOGI发布创新药ASKB589治疗一线晚期胃癌研究成果的公告,其他,2025-01-24,https://data.eastmoney.com/notices/detail/002755/AN202501241642504911.html
000513,丽珠集团,丽珠集团:H股公告:翌日披露报表-回购股份,其他,2025-01-24,https://data.eastmoney.com/notices/detail/000513/AN202501241642504882.html
A17141,创鑫激光,关于深圳市创鑫激光股份有限公司首次公开发行股票并上市辅导工作进展报告(第六期),辅导工作进展报告,2025-01-24,https://data.eastmoney.com/notices/detail/A17141/AN202501241642503225.html
A22197,惠科股份,关于惠科股份有限公司首次公开发行股票并上市辅导工作进展报告(第四期),辅导工作进展报告,2025-01-24,https://data.eastmoney.com/notices/detail/A22197/AN202501241642503212.html
A20180,港创建材,关于深圳港创建材股份有限公司首次公开发行股票并上市辅导工作进展报告(第六期),辅导工作进展报告,2025-01-24,https://data.eastmoney.com/notices/detail/A20180/AN202501241642503217.html
603025,大豪科技,大豪科技:大豪科技股东集中竞价减持股份计划公告,股东/实际控制人股份减持,2025-01-24,https://data.eastmoney.com/notices/detail/603025/AN202501231642496136.html
300340,科恒股份,科恒股份:江门市科恒实业股份有限公司2025年度向特定对象发行A股股票方案的论证分析报告,其他,2025-01-24,https://data.eastmoney.com/notices/detail/300340/AN202501231642496076.html
300340,科恒股份,科恒股份:江门市科恒实业股份有限公司未来三年(2025年-2027年)股东回报规划,其他,2025-01-24,https://data.eastmoney.com/notices/detail/300340/AN202501231642496070.html
300340,科恒股份,科恒股份:江门市科恒实业股份有限公司前次募集资金使用情况报告,募集资金使用情况报告,2025-01-24,https://data.eastmoney.com/notices/detail/300340/AN202501231642496077.html
300340,科恒股份,科恒股份:监事会关于公司2025年度向特定对象发行A股股票相关事项的书面审核意见,专项说明/独立意见,2025-01-24,https://data.eastmoney.com/notices/detail/300340/AN202501231642496069.html
300340,科恒股份,科恒股份:国投证券股份有限公司关于江门市科恒实业股份有限公司与认购对象签订附生效条件的股份认购协议暨关联交易的核查意见,保荐/核查意见,2025-01-24,https://data.eastmoney.com/notices/detail/300340/AN202501231642496075.html
300340,科恒股份,科恒股份:江门市科恒实业股份有限公司前次募集资金使用情况鉴证报告,保荐/核查意见,2025-01-24,https://data.eastmoney.com/notices/detail/300340/AN202501231642496072.html
300340,科恒股份,科恒股份:江门市科恒实业股份有限公司2025年度向特定对象发行A股股票募集资金使用的可行性分析报告,其他,2025-01-24,https://data.eastmoney.com/notices/detail/300340/AN202501231642496082.html
300340,科恒股份,科恒股份:江门市科恒实业股份有限公司2025年度向特定对象发行A股股票的预案,增发预案,2025-01-24,https://data.eastmoney.com/notices/detail/300340/AN202501231642496078.html
300340,科恒股份,科恒股份:第六届董事会第七次会议决议公告,增发预案,2025-01-24,https://data.eastmoney.com/notices/detail/300340/AN202501231642496068.html
300340,科恒股份,科恒股份:关于向特定对象发行A股股票预案披露的提示性公告,增发提示性公告,2025-01-24,https://data.eastmoney.com/notices/detail/300340/AN202501231642496073.html
300340,科恒股份,科恒股份:第六届监事会第七次会议决议公告,监事会决议公告,2025-01-24,https://data.eastmoney.com/notices/detail/300340/AN202501231642496085.html
300340,科恒股份,科恒股份:2025-011关于向特定对象发行A股股票导致股东权益变动的提示性公告,权益变动报告书,2025-01-24,https://data.eastmoney.com/notices/detail/300340/AN202501231642496071.html
300340,科恒股份,科恒股份:关于最近五年被证券监管部门和交易所采取监管措施或处罚情况的公告,处罚,2025-01-24,https://data.eastmoney.com/notices/detail/300340/AN202501231642496081.html
300340,科恒股份,科恒股份:关于暂不召开股东大会的公告,其他,2025-01-24,https://data.eastmoney.com/notices/detail/300340/AN202501231642496079.html
300340,科恒股份,科恒股份:2025-009关于2025年度向特定对象发行A股股票摊薄即期回报、填补措施及相关主体承诺的公告,其他,2025-01-24,https://data.eastmoney.com/notices/detail/300340/AN202501231642496083.html
300340,科恒股份,科恒股份:关于本次向特定对象发行A股股票不存在直接或通过利益相关方向参与认购的投资者提供财务资助或补偿的公告,增发预案,2025-01-24,https://data.eastmoney.com/notices/detail/300340/AN202501231642496080.html
300340,科恒股份,科恒股份:关于认购对象出具特定期间不存在减持情况或减持计划的公告,股东/实际控制人股份减持,2025-01-24,https://data.eastmoney.com/notices/detail/300340/AN202501231642496074.html
300340,科恒股份,科恒股份:关于提请股东大会审议同意认购对象免于发出收购要约的公告,其他,2025-01-24,https://data.eastmoney.com/notices/detail/300340/AN202501231642496084.html
300340,科恒股份,科恒股份:关于公司与认购对象签订附生效条件的股份认购协议暨关联交易的公告,签订协议,2025-01-24,https://data.eastmoney.com/notices/detail/300340/AN202501231642496067.html
300069,金利华电,金利华电:关于筹划发行股份及支付现金购买资产并募集配套资金事项的停牌公告,停牌公告,2025-01-24,https://data.eastmoney.com/notices/detail/300069/AN202501231642495527.html
300065,海兰信,海兰信:北京海兰信数据科技股份有限公司关于筹划发行股份及支付现金购买资产事项的停牌公告,停牌公告,2025-01-24,https://data.eastmoney.com/notices/detail/300065/AN202501231642495528.html
300065,海兰信,海兰信:2024年度业绩预告,业绩预告,2025-01-24,https://data.eastmoney.com/notices/detail/300065/AN202501231642495526.html
603398,*ST沐邦,沐邦高科:江西沐邦高科股份有限公司关于收到上海证券交易所《关于江西沐邦高科股份有限公司业绩预告相关事项的问询函》的公告,收到问询函公告,2025-01-24,https://data.eastmoney.com/notices/detail/603398/AN202501231642495512.html
603939,益丰药房,益丰药房:益丰药房高级管理人员集中竞价减持股份计划公告,高管人员持股变动,2025-01-24,https://data.eastmoney.com/notices/detail/603939/AN202501231642495109.html
000629,钒钛股份,钒钛股份:关于攀钢集团钒钛资源股份有限公司2025年第一次临时股东大会法律意见书,法律意见书,2025-01-24,https://data.eastmoney.com/notices/detail/000629/AN202501231642495089.html
000629,钒钛股份,钒钛股份:2025年第一次临时股东大会决议公告,股东大会决议公告,2025-01-24,https://data.eastmoney.com/notices/detail/000629/AN202501231642495086.html
000629,钒钛股份,钒钛股份:第九届董事会第二十次会议决议公告,高管人员任职变动,2025-01-24,https://data.eastmoney.com/notices/detail/000629/AN202501231642495087.html
000629,钒钛股份,钒钛股份:关于选举董事长暨高级管理人员变动的公告,高管人员任职变动,2025-01-24,https://data.eastmoney.com/notices/detail/000629/AN202501231642495088.html
000972,中基健康,中基健康:关于公司股票交易可能被实行退市风险警示的风险提示性公告,其它风险提示公告,2025-01-24,https://data.eastmoney.com/notices/detail/000972/AN202501231642495079.html
000972,中基健康,中基健康:2024年度业绩预告,业绩预告,2025-01-24,https://data.eastmoney.com/notices/detail/000972/AN202501231642495078.html
002717,*ST岭南,岭南股份:岭南生态文旅股份有限公司向不特定对象发行可转换公司债券2025年度第四次临时受托管理事务报告,其他,2025-01-24,https://data.eastmoney.com/notices/detail/002717/AN202501231642495068.html
002717,*ST岭南,岭南股份:关于岭南转债第一期偿付的公告,其他,2025-01-24,https://data.eastmoney.com/notices/detail/002717/AN202501231642495067.html
002646,天佑德酒,天佑德酒:关于部分董事、高级管理人员提前终止减持计划暨未实施减持公司股份的公告,股东/实际控制人股份减持,2025-01-24,https://data.eastmoney.com/notices/detail/002646/AN202501231642494752.html
002646,天佑德酒,天佑德酒:2024年度业绩预告,业绩预告,2025-01-24,https://data.eastmoney.com/notices/detail/002646/AN202501231642494751.html
002466,天齐锂业,天齐锂业:关于2024年度计提资产减值准备的公告,其他,2025-01-24,https://data.eastmoney.com/notices/detail/002466/AN202501231642494742.html
002466,天齐锂业,天齐锂业:关于终止投资建设第二期年产2.4万吨电池级单水氢氧化锂项目的公告,其他,2025-01-24,https://data.eastmoney.com/notices/detail/002466/AN202501231642494743.html
002466,天齐锂业,天齐锂业:第六届董事会第二十次会议决议公告,董事会决议公告,2025-01-24,https://data.eastmoney.com/notices/detail/002466/AN202501231642494744.html
002466,天齐锂业,天齐锂业:2024年度业绩预告,业绩预告,2025-01-24,https://data.eastmoney.com/notices/detail/002466/AN202501231642494741.html
002970,锐明技术,锐明技术:关于公司股东减持股份预披露公告,股东/实际控制人股份减持,2025-01-24,https://data.eastmoney.com/notices/detail/002970/AN202501231642494729.html
603214,爱婴室,爱婴室:关于持股5%以上股东减持股份计划公告,股东/实际控制人股份减持,2025-01-24,https://data.eastmoney.com/notices/detail/603214/AN202501231642494694.html
301030,*ST仕净,仕净科技:2024年年度业绩预告,业绩预告,2025-01-24,https://data.eastmoney.com/notices/detail/301030/AN202501231642494407.html
688613,奥精医疗,奥精医疗:奥精医疗科技股份有限公司股东减持股份计划公告,股东/实际控制人股份减持,2025-01-24,https://data.eastmoney.com/notices/detail/688613/AN202501231642494403.html
600892,大晟文化,大晟文化:2024年年度业绩预告,业绩预告,2025-01-24,https://data.eastmoney.com/notices/detail/600892/AN202501231642494393.html
600892,大晟文化,大晟文化:股票可能被实施退市风险警示的第一次风险提示公告,其它风险提示公告,2025-01-24,https://data.eastmoney.com/notices/detail/600892/AN202501231642494394.html
003027,同兴科技,同兴科技:第五届董事会第十三次会议决议公告,董事会决议公告,2025-01-24,https://data.eastmoney.com/notices/detail/003027/AN202501231642494165.html
003027,同兴科技,同兴科技:关于调整回购股份资金来源暨取得金融机构贷款承诺函的公告,借贷,2025-01-24,https://data.eastmoney.com/notices/detail/003027/AN202501231642494161.html
002647,仁东控股,*ST仁东:仁东控股股份有限公司重整计划(草案)之出资人权益调整方案,其他,2025-01-24,https://data.eastmoney.com/notices/detail/002647/AN202501231642494190.html
002647,仁东控股,*ST仁东:仁东控股股份有限公司重整计划(草案)之经营方案,其他,2025-01-24,https://data.eastmoney.com/notices/detail/002647/AN202501231642494179.html
002647,仁东控股,*ST仁东:仁东控股股份有限公司重整计划(草案),其他,2025-01-24,https://data.eastmoney.com/notices/detail/002647/AN202501231642494187.html
002647,仁东控股,*ST仁东:关于召开第一次债权人会议的提示性公告,资产重组债权人会议,2025-01-24,https://data.eastmoney.com/notices/detail/002647/AN202501231642494193.html
002647,仁东控股,*ST仁东:关于重大资产购买重组事项的实施进展公告,重组进展公告,2025-01-24,https://data.eastmoney.com/notices/detail/002647/AN202501231642494186.html
002647,仁东控股,*ST仁东:关于公司股票交易可能被叠加实施退市风险警示的提示性公告,其它风险提示公告,2025-01-24,https://data.eastmoney.com/notices/detail/002647/AN202501231642494191.html
002647,仁东控股,*ST仁东:第六届董事会第四次会议决议公告,董事会决议公告,2025-01-24,https://data.eastmoney.com/notices/detail/002647/AN202501231642494182.html
002647,仁东控股,*ST仁东:关于召开出资人组会议暨2025年第一次临时股东大会的通知,召开股东大会通知,2025-01-24,https://data.eastmoney.com/notices/detail/002647/AN202501231642494178.html
002647,仁东控股,*ST仁东:关于全资子公司减资的公告,公司关联方基本资料变更,2025-01-24,https://data.eastmoney.com/notices/detail/002647/AN202501231642494192.html
002647,仁东控股,*ST仁东:2024年度业绩预告,业绩预告,2025-01-24,https://data.eastmoney.com/notices/detail/002647/AN202501231642494195.html
002155,湖南黄金,湖南黄金:公司章程(2025年1月),公司章程,2025-01-24,https://data.eastmoney.com/notices/detail/002155/AN202501231642494194.html
002155,湖南黄金,湖南黄金:关于增加公司经营范围并修订《公司章程》的公告,公司经营范围变更,2025-01-24,https://data.eastmoney.com/notices/detail/002155/AN202501231642494184.html
002155,湖南黄金,湖南黄金:关于全资子公司以债转股方式对其子公司增资的进展公告,其他,2025-01-24,https://data.eastmoney.com/notices/detail/002155/AN202501231642494185.html
002155,湖南黄金,湖南黄金:关于全资子公司参与竞拍湖南黄金珠宝实业有限公司12%股权的公告,其他,2025-01-24,https://data.eastmoney.com/notices/detail/002155/AN202501231642494183.html
002155,湖南黄金,湖南黄金:关于预计2025年度日常关联交易的公告,关联交易,2025-01-24,https://data.eastmoney.com/notices/detail/002155/AN202501231642494189.html
002155,湖南黄金,湖南黄金:第七届监事会第六次会议决议公告,监事会决议公告,2025-01-24,https://data.eastmoney.com/notices/detail/002155/AN202501231642494188.html
002155,湖南黄金,湖南黄金:关于召开2025年第一次临时股东大会的通知,召开股东大会通知,2025-01-24,https://data.eastmoney.com/notices/detail/002155/AN202501231642494180.html
002155,湖南黄金,湖南黄金:第七届董事会第六次会议决议公告,董事会决议公告,2025-01-24,https://data.eastmoney.com/notices/detail/002155/AN202501231642494181.html
000656,金科股份,*ST金科:重庆金科房地产开发有限公司重整计划(草案)之经营方案,其他,2025-01-24,https://data.eastmoney.com/notices/detail/000656/AN202501231642494160.html
000656,金科股份,*ST金科:金科地产集团股份有限公司重整计划(草案)之出资人权益调整方案,其他,2025-01-24,https://data.eastmoney.com/notices/detail/000656/AN202501231642494158.html
000656,金科股份,*ST金科:金科地产集团股份有限公司重整计划(草案)之经营方案,其他,2025-01-24,https://data.eastmoney.com/notices/detail/000656/AN202501231642494166.html
000656,金科股份,*ST金科:关于召开出资人组会议的通知,召开股东大会通知,2025-01-24,https://data.eastmoney.com/notices/detail/000656/AN202501231642494163.html
000656,金科股份,*ST金科:关于公司及全资子公司召开第二次债权人会议的公告,资产重组债权人会议,2025-01-24,https://data.eastmoney.com/notices/detail/000656/AN202501231642494162.html
000656,金科股份,*ST金科:关于公司股票交易可能被叠加实施退市风险警示的提示性公告,其它风险提示公告,2025-01-24,https://data.eastmoney.com/notices/detail/000656/AN202501231642494164.html
000656,金科股份,*ST金科:2024年度业绩预告,业绩预告,2025-01-24,https://data.eastmoney.com/notices/detail/000656/AN202501231642494159.html
600716,凤凰股份,凤凰股份:凤凰股份2024年第四季度房地产经营情况简报,月度经营情况,2025-01-24,https://data.eastmoney.com/notices/detail/600716/AN202501231642493852.html
000923,河钢资源,河钢资源:中信建投证券股份有限公司关于河钢资源股份有限公司关于募投项目结项并将节余募集资金永久补充流动资金的核查意见,保荐/核查意见,2025-01-24,https://data.eastmoney.com/notices/detail/000923/AN202501231642493844.html
000923,河钢资源,河钢资源:关于募投项目结项并将节余募集资金永久补充流动资金的公告,募集资金补充流动资金,2025-01-24,https://data.eastmoney.com/notices/detail/000923/AN202501231642493845.html
000923,河钢资源,河钢资源:关于2025年日常关联交易预计的公告,关联交易,2025-01-24,https://data.eastmoney.com/notices/detail/000923/AN202501231642493846.html
000923,河钢资源,河钢资源:第八届监事会第三次会议决议公告,监事会决议公告,2025-01-24,https://data.eastmoney.com/notices/detail/000923/AN202501231642493842.html
000923,河钢资源,河钢资源:河钢资源关于召开2025年第一次临时股东大会的通知,召开股东大会通知,2025-01-24,https://data.eastmoney.com/notices/detail/000923/AN202501231642493841.html
000923,河钢资源,河钢资源:第八届董事会第三次会议决议公告,董事会决议公告,2025-01-24,https://data.eastmoney.com/notices/detail/000923/AN202501231642493843.html
000582,北部湾港,北部湾港:关于公司董事长逝世的公告,高管人员任职变动,2025-01-24,https://data.eastmoney.com/notices/detail/000582/AN202501231642493832.html
000582,北部湾港,北部湾港:关于副董事长代行董事长职责的公告,高管人员任职变动,2025-01-24,https://data.eastmoney.com/notices/detail/000582/AN202501231642493830.html
002178,延华智能,延华智能:关于高级管理人员辞职的公告,高管人员任职变动,2025-01-24,https://data.eastmoney.com/notices/detail/002178/AN202501231642493831.html
300657,弘信电子,弘信电子:关于股东减持计划届满的公告,股东/实际控制人股份减持,2025-01-24,https://data.eastmoney.com/notices/detail/300657/AN202501231642493803.html
002868,绿康生化,绿康生化:2024年度业绩预告,业绩预告,2025-01-24,https://data.eastmoney.com/notices/detail/002868/AN202501231642493801.html
600360,华微电子,ST华微:吉林华微电子股份有限公司关于公司股票被实施其他风险警示相关事项的进展公告,风险提示性公告,2025-01-24,https://data.eastmoney.com/notices/detail/600360/AN202501231642493777.html
600360,华微电子,ST华微:吉林华微电子股份有限公司2024年年度业绩预告,业绩预告,2025-01-24,https://data.eastmoney.com/notices/detail/600360/AN202501231642493778.html
688339,亿华通,亿华通:亿华通2024年年度业绩预告公告,业绩预告,2025-01-24,https://data.eastmoney.com/notices/detail/688339/AN202501231642493776.html
000931,中关村,中关村:《房地产抵押估价报告》【黑世华房估字【2025】J001号】,其他,2025-01-24,https://data.eastmoney.com/notices/detail/000931/AN202501231642493454.html
000931,中关村,中关村:《房地产抵押估价报告》【北京首佳(2025)估字第FC20250102049号】,其他,2025-01-24,https://data.eastmoney.com/notices/detail/000931/AN202501231642493452.html
000931,中关村,中关村:《房地产抵押估价报告》【黑世华房估字【2025】J002号】,其他,2025-01-24,https://data.eastmoney.com/notices/detail/000931/AN202501231642493450.html
000931,中关村,中关村:北京海润天睿律师事务所关于北京中关村科技发展(控股)股份有限公司2025年第一次临时股东会之法律意见书,法律意见书,2025-01-24,https://data.eastmoney.com/notices/detail/000931/AN202501231642493757.html
000931,中关村,中关村:关于董事会、监事会完成换届选举及聘任高级管理人员、证券事务代表的公告,高管人员任职变动,2025-01-24,https://data.eastmoney.com/notices/detail/000931/AN202501231642493449.html
000931,中关村,"中关村:关于下属公司为多多药业向佳木斯农信社申请2,000万元融资授信提供担保的公告",提供/对外担保公告,2025-01-24,https://data.eastmoney.com/notices/detail/000931/AN202501231642493455.html
000931,中关村,"中关村:关于公司为多多药业向哈尔滨银行申请5,000万元融资授信提供担保和反担保的公告",提供/对外担保公告,2025-01-24,https://data.eastmoney.com/notices/detail/000931/AN202501231642493451.html
000931,中关村,中关村:第九届监事会第一次会议决议公告,高管人员任职变动,2025-01-24,https://data.eastmoney.com/notices/detail/000931/AN202501231642493759.html
000931,中关村,中关村:关于召开2025年第二次临时股东会的通知,召开股东大会通知,2025-01-24,https://data.eastmoney.com/notices/detail/000931/AN202501231642493453.html
000931,中关村,中关村:2025年第一次临时股东会决议公告,股东大会决议公告,2025-01-24,https://data.eastmoney.com/notices/detail/000931/AN202501231642493758.html
000931,中关村,中关村:第九届董事会第一次会议决议公告,高管人员任职变动,2025-01-24,https://data.eastmoney.com/notices/detail/000931/AN202501231642493456.html
001395,亚联机械,亚联机械:上海市锦天城律师事务所关于公司首次公开发行股票并在主板上市的法律意见书,法律意见书,2025-01-24,https://data.eastmoney.com/notices/detail/001395/AN202501231642493446.html
001395,亚联机械,亚联机械:首次公开发行股票并在主板上市之上市公告书提示性公告,首发提示性公告,2025-01-24,https://data.eastmoney.com/notices/detail/001395/AN202501231642493447.html
001395,亚联机械,亚联机械:平安证券股份有限公司关于公司首次公开发行股票并在主板上市的上市保荐书,上市保荐书,2025-01-24,https://data.eastmoney.com/notices/detail/001395/AN202501231642493445.html
001395,亚联机械,亚联机械:首次公开发行股票并在主板上市之上市公告书,首发上市公告书,2025-01-24,https://data.eastmoney.com/notices/detail/001395/AN202501231642493448.html
002846,英联股份,英联股份:2024年度业绩预告,业绩预告,2025-01-24,https://data.eastmoney.com/notices/detail/002846/AN202501231642493443.html
002017,东信和平,东信和平:关于与中国电子科技财务有限公司签署金融服务协议暨关联交易的公告,签订协议,2025-01-24,https://data.eastmoney.com/notices/detail/002017/AN202501231642493425.html
002017,东信和平,东信和平:第八届董事会第九次会议决议公告,董事会决议公告,2025-01-24,https://data.eastmoney.com/notices/detail/002017/AN202501231642493423.html
300211,*ST亿通,亿通科技:第八届监事会第十四次会议决议公告,高管人员任职变动,2025-01-24,https://data.eastmoney.com/notices/detail/300211/AN202501231642493422.html
002017,东信和平,东信和平:第八届监事会第七次会议决议公告,监事会决议公告,2025-01-24,https://data.eastmoney.com/notices/detail/002017/AN202501231642493418.html
002017,东信和平,东信和平:关于中国电子科技财务有限公司的风险评估报告,其他,2025-01-24,https://data.eastmoney.com/notices/detail/002017/AN202501231642493419.html
300211,*ST亿通,亿通科技:第八届董事会第十四次会议决议公告,董事会决议公告,2025-01-24,https://data.eastmoney.com/notices/detail/300211/AN202501231642493421.html
002017,东信和平,东信和平:关于召开2025年第一次临时股东大会的通知,召开股东大会通知,2025-01-24,https://data.eastmoney.com/notices/detail/002017/AN202501231642493420.html
300211,*ST亿通,亿通科技:关于公司监事辞职暨补选监事的公告,高管人员任职变动,2025-01-24,https://data.eastmoney.com/notices/detail/300211/AN202501231642493424.html
300211,*ST亿通,亿通科技:关于公司子公司与关联方进行关联交易的公告,关联交易,2025-01-24,https://data.eastmoney.com/notices/detail/300211/AN202501231642493426.html
300211,*ST亿通,亿通科技:关于召开2025年第一次临时股东大会的通知,召开股东大会通知,2025-01-24,https://data.eastmoney.com/notices/detail/300211/AN202501231642493417.html
688584,上海合晶,上海合晶:上海合晶首次公开发行部分限售股及部分战略配售股上市流通公告,限售股份上市流通,2025-01-24,https://data.eastmoney.com/notices/detail/688584/AN202501231642493410.html
688584,上海合晶,上海合晶:中信证券股份有限公司关于上海合晶硅材料股份有限公司首次公开发行部分限售股及部分战略配售股上市流通的核查意见,保荐/核查意见,2025-01-24,https://data.eastmoney.com/notices/detail/688584/AN202501231642493412.html
688584,上海合晶,上海合晶:上海合晶2024年年度业绩预告,业绩预告,2025-01-24,https://data.eastmoney.com/notices/detail/688584/AN202501231642493411.html
001266,宏英智能,宏英智能:舆情管理制度,管理办法/制度,2025-01-24,https://data.eastmoney.com/notices/detail/001266/AN202501231642493394.html
001266,宏英智能,宏英智能:市值管理制度,管理办法/制度,2025-01-24,https://data.eastmoney.com/notices/detail/001266/AN202501231642493400.html
001266,宏英智能,宏英智能:中信证券股份有限公司关于上海宏英智能科技股份有限公司使用部分闲置募集资金进行现金管理的核查意见,保荐/核查意见,2025-01-24,https://data.eastmoney.com/notices/detail/001266/AN202501231642493392.html
001266,宏英智能,宏英智能:关于制定部分制度的公告,管理办法/制度,2025-01-24,https://data.eastmoney.com/notices/detail/001266/AN202501231642493401.html
001266,宏英智能,宏英智能:关于注销部分募集资金专户的公告,其他,2025-01-24,https://data.eastmoney.com/notices/detail/001266/AN202501231642493395.html
001266,宏英智能,宏英智能:关于2025年度对外担保预计额度的公告,担保年度额度预计,2025-01-24,https://data.eastmoney.com/notices/detail/001266/AN202501231642493398.html
001266,宏英智能,宏英智能:关于公司及子公司拟向银行及非银行金融机构申请综合授信额度的公告,借贷,2025-01-24,https://data.eastmoney.com/notices/detail/001266/AN202501231642493393.html
001266,宏英智能,宏英智能:关于使用部分闲置募集资金和闲置自有资金进行现金管理的公告,投资理财,2025-01-24,https://data.eastmoney.com/notices/detail/001266/AN202501231642493391.html
001266,宏英智能,宏英智能:第二届监事会第七次会议决议公告,监事会决议公告,2025-01-24,https://data.eastmoney.com/notices/detail/001266/AN202501231642493397.html
001266,宏英智能,宏英智能:关于召开2025年第一次临时股东大会的通知,召开股东大会通知,2025-01-24,https://data.eastmoney.com/notices/detail/001266/AN202501231642493399.html
001266,宏英智能,宏英智能:第二届董事会第八次会议决议公告,董事会决议公告,2025-01-24,https://data.eastmoney.com/notices/detail/001266/AN202501231642493396.html
002200,交投生态,ST交投:关于控股子公司被列入失信被执行人名单的公告,其他,2025-01-24,https://data.eastmoney.com/notices/detail/002200/AN202501231642493390.html
300379,东通退,东方通:第一创业证券承销保荐有限责任公司关于北京东方通科技股份有限公司使用自有资金支付募投项目部分款项并以募集资金等额置换的核查意见,保荐/核查意见,2025-01-24,https://data.eastmoney.com/notices/detail/300379/AN202501231642493256.html
300379,东通退,东方通:关于部分高级管理人员变更及调整董事会专门委员会成员的公告,高管人员任职变动,2025-01-24,https://data.eastmoney.com/notices/detail/300379/AN202501231642493250.html
300379,东通退,东方通:关于使用自有资金支付募投项目部分款项并以募集资金等额置换的公告,募集资金使用情况报告,2025-01-24,https://data.eastmoney.com/notices/detail/300379/AN202501231642493252.html
300379,东通退,东方通:第五届监事会第十九次会议决议公告,监事会决议公告,2025-01-24,https://data.eastmoney.com/notices/detail/300379/AN202501231642493253.html
300379,东通退,东方通:2025年股票期权激励计划(草案),股权激励计划,2025-01-24,https://data.eastmoney.com/notices/detail/300379/AN202501231642493255.html
300379,东通退,东方通:北京国枫律师事务所关于北京东方通科技股份有限公司2025年股票期权激励计划的法律意见书,法律意见书,2025-01-24,https://data.eastmoney.com/notices/detail/300379/AN202501231642493251.html
300379,东通退,东方通:关于召开2025年第一次临时股东会的通知,召开股东大会通知,2025-01-24,https://data.eastmoney.com/notices/detail/300379/AN202501231642493249.html
300379,东通退,东方通:第五届董事会第二十次会议决议公告,高管人员任职变动,2025-01-24,https://data.eastmoney.com/notices/detail/300379/AN202501231642493358.html
002366,融发核电,融发核电:关于部分理财产品到期赎回的公告,投资理财,2025-01-24,https://data.eastmoney.com/notices/detail/002366/AN202501231642493254.html
002366,融发核电,融发核电:关于一级全资子公司收到民事裁定书的公告,诉讼仲裁,2025-01-24,https://data.eastmoney.com/notices/detail/002366/AN202501231642493247.html
002366,融发核电,融发核电:2024年年度业绩预告,业绩预告,2025-01-24,https://data.eastmoney.com/notices/detail/002366/AN202501231642493357.html
601088,中国神华,中国神华:中国神华2024年度业绩预告,业绩预告,2025-01-24,https://data.eastmoney.com/notices/detail/601088/AN202501231642493240.html
301330,熵基科技,熵基科技:2025年员工持股计划管理办法,员工持股计划,2025-01-24,https://data.eastmoney.com/notices/detail/301330/AN202501231642493221.html
301330,熵基科技,熵基科技:董事会关于2025年员工持股计划(草案)合规性说明,员工持股计划,2025-01-24,https://data.eastmoney.com/notices/detail/301330/AN202501231642493223.html
301330,熵基科技,熵基科技:2025年员工持股计划(草案),员工持股计划,2025-01-24,https://data.eastmoney.com/notices/detail/301330/AN202501231642493238.html
301330,熵基科技,熵基科技:国浩律师(深圳)事务所关于熵基科技股份有限公司2025年员工持股计划(草案)之法律意见书,法律意见书,2025-01-24,https://data.eastmoney.com/notices/detail/301330/AN202501231642493234.html
301330,熵基科技,熵基科技:上海荣正企业咨询服务(集团)股份有限公司关于熵基科技股份有限公司2025年员工持股计划(草案)之独立财务顾问报告,保荐/核查意见,2025-01-24,https://data.eastmoney.com/notices/detail/301330/AN202501231642493229.html
301330,熵基科技,熵基科技:2025年员工持股计划(草案)摘要,员工持股计划,2025-01-24,https://data.eastmoney.com/notices/detail/301330/AN202501231642493215.html
301330,熵基科技,熵基科技:2025年限制性股票激励计划自查表,股权激励计划,2025-01-24,https://data.eastmoney.com/notices/detail/301330/AN202501231642493218.html
301330,熵基科技,熵基科技:2025年限制性股票激励计划(草案),股权激励计划,2025-01-24,https://data.eastmoney.com/notices/detail/301330/AN202501231642493227.html
301330,熵基科技,熵基科技:关于独立董事公开征集表决权的公告,其他,2025-01-24,https://data.eastmoney.com/notices/detail/301330/AN202501231642493237.html
301330,熵基科技,熵基科技:监事会关于公司2025年限制性股票激励计划(草案)的核查意见,专项说明/独立意见,2025-01-24,https://data.eastmoney.com/notices/detail/301330/AN202501231642493231.html
301330,熵基科技,熵基科技:2025年限制性股票激励计划(草案)摘要,股权激励计划摘要,2025-01-24,https://data.eastmoney.com/notices/detail/301330/AN202501231642493230.html
301330,熵基科技,熵基科技:国浩律师(深圳)事务所关于熵基科技股份有限公司2025年限制性股票激励计划(草案)之法律意见书,法律意见书,2025-01-24,https://data.eastmoney.com/notices/detail/301330/AN202501231642493222.html
301330,熵基科技,熵基科技:2025年限制性股票激励计划激励对象名单,股权激励对象名单,2025-01-24,https://data.eastmoney.com/notices/detail/301330/AN202501231642493224.html
301330,熵基科技,熵基科技:第三届监事会第十四次会议决议公告,监事会决议公告,2025-01-24,https://data.eastmoney.com/notices/detail/301330/AN202501231642493233.html
301330,熵基科技,熵基科技:2025年限制性股票激励计划实施考核管理办法,管理办法/制度,2025-01-24,https://data.eastmoney.com/notices/detail/301330/AN202501231642493226.html
301330,熵基科技,熵基科技:上海荣正企业咨询服务(集团)股份有限公司关于熵基科技股份有限公司2025年限制性股票激励计划(草案)之独立财务顾问报告,保荐/核查意见,2025-01-24,https://data.eastmoney.com/notices/detail/301330/AN202501231642493236.html
301330,熵基科技,熵基科技:监事会关于公司2025年员工持股计划相关事项的审核意见,专项说明/独立意见,2025-01-24,https://data.eastmoney.com/notices/detail/301330/AN202501231642493225.html
301330,熵基科技,熵基科技:第三届董事会第十五次会议决议公告,董事会决议公告,2025-01-24,https://data.eastmoney.com/notices/detail/301330/AN202501231642493217.html
301330,熵基科技,熵基科技:关于召开2025年第一次临时股东大会的通知,召开股东大会通知,2025-01-24,https://data.eastmoney.com/notices/detail/301330/AN202501231642493216.html
300379,东通退,东方通:2025年股票期权激励计划考核管理办法,管理办法/制度,2025-01-24,https://data.eastmoney.com/notices/detail/300379/AN202501231642493239.html
300379,东通退,东方通:2025年股票期权激励计划激励对象名单,股权激励对象名单,2025-01-24,https://data.eastmoney.com/notices/detail/300379/AN202501231642493220.html
300379,东通退,东方通:监事会关于2025年股票期权激励计划有关事项的核查意见,专项说明/独立意见,2025-01-24,https://data.eastmoney.com/notices/detail/300379/AN202501231642493235.html
300379,东通退,东方通:创业板上市公司股权激励计划自查表,股权激励其他事项公告,2025-01-24,https://data.eastmoney.com/notices/detail/300379/AN202501231642493219.html
300379,东通退,东方通:独立董事关于公开征集表决权的公告,其他,2025-01-24,https://data.eastmoney.com/notices/detail/300379/AN202501231642493214.html
300379,东通退,东方通:2025年股票期权激励计划(草案)摘要,股权激励计划摘要,2025-01-24,https://data.eastmoney.com/notices/detail/300379/AN202501231642493228.html
002146,荣盛发展,荣盛发展:2024年度业绩预告,业绩预告,2025-01-24,https://data.eastmoney.com/notices/detail/002146/AN202501231642493232.html
002581,*ST未名,未名医药:关于2024年股票期权激励计划授予完成的公告,股权激励进展公告,2025-01-24,https://data.eastmoney.com/notices/detail/002581/AN202501231642493187.html
002581,*ST未名,未名医药:第五届董事会第三十三次会议决议公告,董事会决议公告,2025-01-24,https://data.eastmoney.com/notices/detail/002581/AN202501231642493186.html
603032,德新科技,德新科技:上海市锦天城律师事务所关于德力西新能源科技股份有限公司回购注销部分限制性股票之法律意见书,法律意见书,2025-01-24,https://data.eastmoney.com/notices/detail/603032/AN202501231642493177.html
603032,德新科技,德新科技:德力西新能源科技股份有限公司关于部分限制性股票回购注销实施公告,回购实施公告,2025-01-24,https://data.eastmoney.com/notices/detail/603032/AN202501231642493178.html
002654,万润科技,万润科技:2024年度业绩预告,业绩预告,2025-01-24,https://data.eastmoney.com/notices/detail/002654/AN202501231642493170.html
002581,*ST未名,未名医药:关于拟签署《建设项目工程总承包合同》的公告,签订协议,2025-01-24,https://data.eastmoney.com/notices/detail/002581/AN202501231642493172.html
600636,退市国化,国新文化:中国文化产业发展集团有限公司关于国新文化控股股份有限公司股票交易异常波动的回复函,股票交易异常波动,2025-01-24,https://data.eastmoney.com/notices/detail/600636/AN202501231642493161.html
600636,退市国化,国新文化:国新文化控股股份有限公司股票交易异常波动公告,股票交易异常波动,2025-01-24,https://data.eastmoney.com/notices/detail/600636/AN202501231642493162.html
688625,呈和科技,呈和科技:持股5%以上股东减持股份计划公告,股东/实际控制人股份减持,2025-01-24,https://data.eastmoney.com/notices/detail/688625/AN202501231642492989.html
300174,元力股份,元力股份:关于持股5%以上股东减持股份触及1%的整数倍的公告,股东/实际控制人股份减持,2025-01-24,https://data.eastmoney.com/notices/detail/300174/AN202501231642492982.html
300174,元力股份,元力股份:关于持股5%以上股东减持计划实施完成的公告,股东/实际控制人股份减持,2025-01-24,https://data.eastmoney.com/notices/detail/300174/AN202501231642492983.html
300391,长药退,长药控股:2024年度业绩预告,业绩预告,2025-01-24,https://data.eastmoney.com/notices/detail/300391/AN202501231642492729.html
300391,长药退,长药控股:关于公司股票交易可能被实施退市风险警示的提示性公告,其它风险提示公告,2025-01-24,https://data.eastmoney.com/notices/detail/300391/AN202501231642492728.html
000900,现代投资,现代投资:关于向专业投资者公开发行公司债券注册申请获得中国证监会批复的公告,其他,2025-01-24,https://data.eastmoney.com/notices/detail/000900/AN202501231642492723.html
600358,国旅联合,国旅联合:国旅文化投资集团股份有限公司关于股东权益变动的提示性公告,权益变动报告书,2025-01-24,https://data.eastmoney.com/notices/detail/600358/AN202501231642492652.html
603398,*ST沐邦,沐邦高科:江西沐邦高科股份有限公司2024年年度业绩预亏公告,业绩预告,2025-01-24,https://data.eastmoney.com/notices/detail/603398/AN202501231642492628.html
603398,*ST沐邦,沐邦高科:江西沐邦高科股份有限公司关于聘任高级管理人员的公告,高管人员任职变动,2025-01-24,https://data.eastmoney.com/notices/detail/603398/AN202501231642492627.html
000703,恒逸石化,恒逸石化:关于“恒逸转债”回售期间暂停转股的提示性公告,其他,2025-01-24,https://data.eastmoney.com/notices/detail/000703/AN202501231642492611.html
000703,恒逸石化,恒逸石化:关于“恒逸转债”回售的第四次提示性公告,其他,2025-01-24,https://data.eastmoney.com/notices/detail/000703/AN202501231642492610.html
000703,恒逸石化,恒逸石化:关于“恒逸转2”预计触发转股价格向下修正的提示性公告,其他,2025-01-24,https://data.eastmoney.com/notices/detail/000703/AN202501231642492609.html
002134,天津普林,天津普林:关于召开2025年第一次临时股东大会的通知,召开股东大会通知,2025-01-24,https://data.eastmoney.com/notices/detail/002134/AN202501231642492590.html
002134,天津普林,天津普林:关于2025年度日常关联交易预计的公告,关联交易,2025-01-24,https://data.eastmoney.com/notices/detail/002134/AN202501231642492585.html
002134,天津普林,天津普林:第七届监事会第二次会议决议公告,监事会决议公告,2025-01-24,https://data.eastmoney.com/notices/detail/002134/AN202501231642492588.html
002134,天津普林,天津普林:第七届董事会第二次会议决议公告,董事会决议公告,2025-01-24,https://data.eastmoney.com/notices/detail/002134/AN202501231642492586.html
002569,*ST步森,ST步森:关于股票交易异常波动公告,股票交易异常波动,2025-01-24,https://data.eastmoney.com/notices/detail/002569/AN202501231642492589.html
688618,三旺通信,三旺通信:2025年第一次临时股东大会决议公告,股东大会决议公告,2025-01-24,https://data.eastmoney.com/notices/detail/688618/AN202501231642492575.html
688618,三旺通信,三旺通信:北京国枫(深圳)律师事务所关于深圳市三旺通信股份有限公司2025年第一次临时股东大会的法律意见书,法律意见书,2025-01-24,https://data.eastmoney.com/notices/detail/688618/AN202501231642492573.html
688618,三旺通信,三旺通信:第三届监事会第一次会议决议公告,高管人员任职变动,2025-01-24,https://data.eastmoney.com/notices/detail/688618/AN202501231642492574.html
688618,三旺通信,三旺通信:第三届董事会第一次会议决议公告,高管人员任职变动,2025-01-24,https://data.eastmoney.com/notices/detail/688618/AN202501231642492572.html
688618,三旺通信,三旺通信:关于完成董事会、监事会换届选举及聘任高级管理人员、证券事务代表的公告,高管人员任职变动,2025-01-24,https://data.eastmoney.com/notices/detail/688618/AN202501231642492576.html
600684,珠江股份,珠江股份:2024年年度业绩预盈公告,业绩预告,2025-01-24,https://data.eastmoney.com/notices/detail/600684/AN202501231642492569.html
600684,珠江股份,珠江股份:2024年第四季度经营情况简报,月度经营情况,2025-01-24,https://data.eastmoney.com/notices/detail/600684/AN202501231642492570.html
600684,珠江股份,珠江股份:关于资金拆借的进展公告,其他,2025-01-24,https://data.eastmoney.com/notices/detail/600684/AN202501231642492571.html
002724,海洋王,海洋王:关于收到董事长提议公司2024年度利润分配预案的公告,分配预案,2025-01-24,https://data.eastmoney.com/notices/detail/002724/AN202501231642492450.html
002724,海洋王,海洋王:2024年度业绩预告,业绩预告,2025-01-24,https://data.eastmoney.com/notices/detail/002724/AN202501231642492436.html
002167,东方锆业,东方锆业:关于公司部分董事、高级管理人员减持股份预披露公告,高管人员持股变动,2025-01-24,https://data.eastmoney.com/notices/detail/002167/AN202501231642492443.html
000737,北方铜业,北方铜业:北方铜业2025年第一次临时股东大会法律意见书,法律意见书,2025-01-24,https://data.eastmoney.com/notices/detail/000737/AN202501231642492442.html
000737,北方铜业,北方铜业:关于董事会、监事会换届完成及聘任高级管理人员、证券事务代表的公告,高管人员任职变动,2025-01-24,https://data.eastmoney.com/notices/detail/000737/AN202501231642492430.html
000737,北方铜业,北方铜业:第十届监事会第一次会议决议公告,高管人员任职变动,2025-01-24,https://data.eastmoney.com/notices/detail/000737/AN202501231642492438.html
000737,北方铜业,北方铜业:第十届董事会第一次会议决议公告,高管人员任职变动,2025-01-24,https://data.eastmoney.com/notices/detail/000737/AN202501231642492448.html
000737,北方铜业,北方铜业:2025年第一次临时股东大会决议公告,股东大会决议公告,2025-01-24,https://data.eastmoney.com/notices/detail/000737/AN202501231642492428.html
601636,旗滨集团,旗滨集团:董事会关于本次交易符合《上市公司监管指引第9号——上市公司筹划和实施重大资产重组的监管要求》第四条规定的说明,专项说明/独立意见,2025-01-24,https://data.eastmoney.com/notices/detail/601636/AN202501231642492387.html
601636,旗滨集团,旗滨集团:独立董事关于发行股份购买资产暨关联交易的独立意见,专项说明/独立意见,2025-01-24,https://data.eastmoney.com/notices/detail/601636/AN202501231642492402.html
601636,旗滨集团,旗滨集团:株洲旗滨集团股份有限公司发行股份购买资产暨关联交易报告书(草案)摘要,其他增发事项公告,2025-01-24,https://data.eastmoney.com/notices/detail/601636/AN202501231642492379.html
601636,旗滨集团,旗滨集团:董事会关于本次交易履行法定程序的完备性、合规性及提交法律文件有效性的说明,专项说明/独立意见,2025-01-24,https://data.eastmoney.com/notices/detail/601636/AN202501231642492396.html
601636,旗滨集团,旗滨集团:甬兴证券有限公司关于本次交易符合《关于加强证券公司在投资银行类业务中聘请第三方等廉洁从业风险防控的意见》相关规定的核查意见,保荐/核查意见,2025-01-24,https://data.eastmoney.com/notices/detail/601636/AN202501231642492392.html
601636,旗滨集团,旗滨集团:董事会关于本次交易符合《上市公司重大资产重组管理办法》第十一条和第四十三条规定的说明,管理办法/制度,2025-01-24,https://data.eastmoney.com/notices/detail/601636/AN202501231642492401.html
601636,旗滨集团,旗滨集团:株洲旗滨集团股份有限公司2023年度及2024年1-10月备考合并财务报表审阅报告[致同审字(2025)第441A000017号],保荐/核查意见,2025-01-24,https://data.eastmoney.com/notices/detail/601636/AN202501231642492378.html
601636,旗滨集团,旗滨集团:旗滨集团关于本次重组摊薄即期回报及采取填补相关措施的公告,其他,2025-01-24,https://data.eastmoney.com/notices/detail/601636/AN202501231642492383.html
601636,旗滨集团,旗滨集团:株洲旗滨集团股份有限公司发行股份购买资产暨关联交易报告书(草案),其他增发事项公告,2025-01-24,https://data.eastmoney.com/notices/detail/601636/AN202501231642492372.html
601636,旗滨集团,旗滨集团:甬兴证券有限公司关于公司本次交易前十二个月内购买、出售资产情况的核查意见,保荐/核查意见,2025-01-24,https://data.eastmoney.com/notices/detail/601636/AN202501231642492397.html
601636,旗滨集团,旗滨集团:旗滨集团关于召开2025年第一次临时股东会的通知,召开股东大会通知,2025-01-24,https://data.eastmoney.com/notices/detail/601636/AN202501231642492376.html
601636,旗滨集团,旗滨集团:旗滨集团关于披露发行股份购买资产暨关联交易报告书(草案)暨一般风险提示性公告,风险提示性公告,2025-01-24,https://data.eastmoney.com/notices/detail/601636/AN202501231642492405.html
601636,旗滨集团,旗滨集团:甬兴证券有限公司关于本次交易摊薄即期回报情况及填补措施的核查意见,保荐/核查意见,2025-01-24,https://data.eastmoney.com/notices/detail/601636/AN202501231642492399.html
601636,旗滨集团,旗滨集团:甬兴证券有限公司关于本次重组信息公布前股票价格波动情况的核查意见,保荐/核查意见,2025-01-24,https://data.eastmoney.com/notices/detail/601636/AN202501231642492407.html
601636,旗滨集团,旗滨集团:旗滨集团第五届监事会第三十六次会议决议公告,监事会决议公告,2025-01-24,https://data.eastmoney.com/notices/detail/601636/AN202501231642492386.html
601636,旗滨集团,旗滨集团:董事会关于本次交易中直接或间接有偿聘请其他第三方机构或个人的说明,专项说明/独立意见,2025-01-24,https://data.eastmoney.com/notices/detail/601636/AN202501231642492393.html
601636,旗滨集团,旗滨集团:董事会关于本次交易采取的保密措施及保密制度的说明,专项说明/独立意见,2025-01-24,https://data.eastmoney.com/notices/detail/601636/AN202501231642492388.html
601636,旗滨集团,旗滨集团:北京大成律师事务所关于株洲旗滨集团股份有限公司发行股份购买资产暨关联交易之法律意见书,法律意见书,2025-01-24,https://data.eastmoney.com/notices/detail/601636/AN202501231642492390.html
601636,旗滨集团,旗滨集团:董事会关于本次交易信息公布前股票价格波动情况的说明,专项说明/独立意见,2025-01-24,https://data.eastmoney.com/notices/detail/601636/AN202501231642492382.html
601636,旗滨集团,旗滨集团:监事会关于发行股份购买资产暨关联交易的审核意见,专项说明/独立意见,2025-01-24,https://data.eastmoney.com/notices/detail/601636/AN202501231642492380.html
601636,旗滨集团,旗滨集团:董事会关于本次交易前十二个月内购买、出售资产情况的说明,专项说明/独立意见,2025-01-24,https://data.eastmoney.com/notices/detail/601636/AN202501231642492395.html
601636,旗滨集团,旗滨集团:株洲旗滨集团股份有限公司拟以发行股份方式收购股权涉及的湖南旗滨光能科技有限公司的股东全部权益价值资产评估报告[同致信德评报字(2025)第100002号],其他,2025-01-24,https://data.eastmoney.com/notices/detail/601636/AN202501231642492373.html
601636,旗滨集团,旗滨集团:旗滨集团关于本次交易方案调整不构成重大调整的公告,其他,2025-01-24,https://data.eastmoney.com/notices/detail/601636/AN202501231642492371.html
601636,旗滨集团,旗滨集团:甬兴证券有限公司关于本次交易方案调整不构成重大调整的核查意见,保荐/核查意见,2025-01-24,https://data.eastmoney.com/notices/detail/601636/AN202501231642492374.html
601636,旗滨集团,旗滨集团:甬兴证券有限公司关于株洲旗滨集团股份有限公司内幕信息知情人登记管理制度的制定和执行情况的核查意见,保荐/核查意见,2025-01-24,https://data.eastmoney.com/notices/detail/601636/AN202501231642492394.html
601636,旗滨集团,旗滨集团:甬兴证券有限公司关于株洲旗滨集团股份有限公司发行股份购买资产暨关联交易之独立财务顾问报告,保荐/核查意见,2025-01-24,https://data.eastmoney.com/notices/detail/601636/AN202501231642492398.html
601636,旗滨集团,旗滨集团:董事会关于评估机构的独立性、评估假设前提的合理性、评估方法与评估目的的相关性及评估定价的公允性的说明,专项说明/独立意见,2025-01-24,https://data.eastmoney.com/notices/detail/601636/AN202501231642492404.html
601636,旗滨集团,旗滨集团:甬兴证券有限公司关于本次交易不构成《上市公司重大资产重组管理办法》第十三条规定的重组上市情形的核查意见,保荐/核查意见,2025-01-24,https://data.eastmoney.com/notices/detail/601636/AN202501231642492384.html
601636,旗滨集团,旗滨集团:湖南旗滨光能科技有限公司2022年度、2023年度及2024年1-10月审计报告[致同审字(2025)第441A000016号],审计报告,2025-01-24,https://data.eastmoney.com/notices/detail/601636/AN202501231642492375.html
601636,旗滨集团,旗滨集团:甬兴证券有限公司关于本次交易相关主体不存在《上市公司监管指引第7号——上市公司重大资产重组相关股票异常交易监管》第十二条情形的核查意见,保荐/核查意见,2025-01-24,https://data.eastmoney.com/notices/detail/601636/AN202501231642492406.html
601636,旗滨集团,旗滨集团:甬兴证券有限公司关于株洲旗滨集团股份有限公司发行股份购买资产暨关联交易产业政策和交易类型之核查意见,保荐/核查意见,2025-01-24,https://data.eastmoney.com/notices/detail/601636/AN202501231642492385.html
601636,旗滨集团,旗滨集团:甬兴证券有限公司关于担任株洲旗滨集团股份有限公司发行股份购买资产暨关联交易独立财务顾问的承诺函,其他,2025-01-24,https://data.eastmoney.com/notices/detail/601636/AN202501231642492400.html
601636,旗滨集团,旗滨集团:旗滨集团关于股东权益变动的提示性公告,权益变动报告书,2025-01-24,https://data.eastmoney.com/notices/detail/601636/AN202501231642492403.html
601636,旗滨集团,旗滨集团:株洲旗滨集团股份有限公司发行股份购买资产暨关联交易报告书(草案)与预案差异情况对比表,关联交易,2025-01-24,https://data.eastmoney.com/notices/detail/601636/AN202501231642492381.html
601636,旗滨集团,旗滨集团:旗滨集团第五届董事会第三十七次会议决议公告,董事会决议公告,2025-01-24,https://data.eastmoney.com/notices/detail/601636/AN202501231642492389.html
601636,旗滨集团,旗滨集团:董事会关于本次交易是否构成重大资产重组、关联交易及重组上市的说明,关联交易,2025-01-24,https://data.eastmoney.com/notices/detail/601636/AN202501231642492391.html
601636,旗滨集团,旗滨集团:董事会关于本次交易相关主体不存在《上市公司监管指引第7号——上市公司重大资产重组相关股票异常交易监管》第十二条情形的说明,专项说明/独立意见,2025-01-24,https://data.eastmoney.com/notices/detail/601636/AN202501231642492377.html
300425,中建环能,中建环能:关于持股5%以上股东拟减持公司股份的预披露公告,股东/实际控制人股份减持,2025-01-24,https://data.eastmoney.com/notices/detail/300425/AN202501231642492366.html
301315,威士顿,威士顿:关于持股5%以上股东减持股份预披露公告,股东/实际控制人股份减持,2025-01-24,https://data.eastmoney.com/notices/detail/301315/AN202501231642492367.html
002936,郑州银行,郑州银行:郑州银行股份有限公司第八届董事会2025年第一次临时会议决议公告,董事会决议公告,2025-01-24,https://data.eastmoney.com/notices/detail/002936/AN202501231642492223.html
688589,力合微,力合微:关于董事减持股份计划公告,股东/实际控制人股份减持,2025-01-24,https://data.eastmoney.com/notices/detail/688589/AN202501231642492207.html
601288,农业银行,农业银行:农业银行关于副行长任职的公告,高管人员任职变动,2025-01-24,https://data.eastmoney.com/notices/detail/601288/AN202501231642492190.html
600804,退市鹏博,*ST鹏博:鹏博士关于公司股票被实施退市风险警示及其他风险警示相关事项的进展公告,实施退市风险警示,2025-01-24,https://data.eastmoney.com/notices/detail/600804/AN202501231642492191.html
603421,鼎信通讯,鼎信通讯:鼎信通讯关于控股股东权益变动触及1%的提示性公告,权益变动报告书,2025-01-24,https://data.eastmoney.com/notices/detail/603421/AN202501231642492185.html
603421,鼎信通讯,鼎信通讯:鼎信通讯关于控股股东及部分董监高增持计划实施结果公告,股东/实际控制人股份增持,2025-01-24,https://data.eastmoney.com/notices/detail/603421/AN202501231642492186.html
603421,鼎信通讯,鼎信通讯:北京德和衡律师事务所关于鼎信通讯控股股东、实际控制人增持公司股份之法律意见书,法律意见书,2025-01-24,https://data.eastmoney.com/notices/detail/603421/AN202501231642492187.html
600603,广汇物流,ST广物:广汇物流股份有限公司关于控股股东部分股份解除质押的公告,股份质押、冻结,2025-01-24,https://data.eastmoney.com/notices/detail/600603/AN202501231642492176.html
600610,中毅达,中毅达:贵州中毅达股份有限公司2024年年度业绩预亏公告,业绩预告,2025-01-24,https://data.eastmoney.com/notices/detail/600610/AN202501231642491856.html
300249,依米康,依米康:2024年度业绩预告,业绩预告,2025-01-24,https://data.eastmoney.com/notices/detail/300249/AN202501231642492169.html
600569,安阳钢铁,安阳钢铁:安阳钢铁股份有限公司2024年度业绩预告,业绩预告,2025-01-24,https://data.eastmoney.com/notices/detail/600569/AN202501231642491837.html
601608,中信重工,中信重工:中信重工关于召开2025年第一次临时股东会的通知,召开股东大会通知,2025-01-24,https://data.eastmoney.com/notices/detail/601608/AN202501231642491821.html
601608,中信重工,中信重工:中信重工关于预计2025年日常关联交易的公告,关联交易,2025-01-24,https://data.eastmoney.com/notices/detail/601608/AN202501231642491827.html
601608,中信重工,中信重工:中信重工关于对外担保涉诉进展的公告,提供/对外担保公告,2025-01-24,https://data.eastmoney.com/notices/detail/601608/AN202501231642491825.html
601608,中信重工,中信重工:中信重工第六届董事会第八次会议决议公告,高管人员任职变动,2025-01-24,https://data.eastmoney.com/notices/detail/601608/AN202501231642491824.html
601608,中信重工,中信重工:中信重工第六届监事会第八次会议决议公告,监事会决议公告,2025-01-24,https://data.eastmoney.com/notices/detail/601608/AN202501231642491823.html
601608,中信重工,中信重工:中信重工关于2025年向全资子公司提供担保预计的公告,担保年度额度预计,2025-01-24,https://data.eastmoney.com/notices/detail/601608/AN202501231642491826.html
601608,中信重工,中信重工:中信重工关于董事辞任及增补董事的公告,高管人员任职变动,2025-01-24,https://data.eastmoney.com/notices/detail/601608/AN202501231642491822.html
688361,中科飞测,中科飞测:深圳中科飞测科技股份有限公司关于获得政府补助的公告,获得补贴（资助）,2025-01-24,https://data.eastmoney.com/notices/detail/688361/AN202501231642491812.html
688361,中科飞测,中科飞测:深圳中科飞测科技股份有限公司2024年年度业绩预告,业绩预告,2025-01-24,https://data.eastmoney.com/notices/detail/688361/AN202501231642491811.html
002682,龙洲股份,龙洲股份:2025-008关于累计诉讼、仲裁情况的公告,诉讼仲裁,2025-01-24,https://data.eastmoney.com/notices/detail/002682/AN202501231642491650.html
002166,莱茵生物,莱茵生物:关于终止工业大麻雾化项目合作协议的公告,其他,2025-01-24,https://data.eastmoney.com/notices/detail/002166/AN202501231642491624.html
002166,莱茵生物,莱茵生物:关于回购股份完成暨股份变动的公告,股本变动,2025-01-24,https://data.eastmoney.com/notices/detail/002166/AN202501231642491625.html
001203,大中矿业,大中矿业:关于控股股东部分股份解除质押的公告,股份质押、冻结,2025-01-24,https://data.eastmoney.com/notices/detail/001203/AN202501231642491626.html
002925,盈趣科技,盈趣科技:关于取得金融机构股票回购贷款承诺函的公告,借贷,2025-01-24,https://data.eastmoney.com/notices/detail/002925/AN202501231642491575.html
300676,华大基因,华大基因:关于2025年度日常关联交易预计的公告,关联交易,2025-01-24,https://data.eastmoney.com/notices/detail/300676/AN202501231642491455.html
300676,华大基因,华大基因:第四届董事会第四次会议决议公告,董事会决议公告,2025-01-24,https://data.eastmoney.com/notices/detail/300676/AN202501231642491451.html
300676,华大基因,华大基因:关于使用暂时闲置自有资金进行现金管理的公告,投资理财,2025-01-24,https://data.eastmoney.com/notices/detail/300676/AN202501231642491454.html
300676,华大基因,华大基因:关于召开2025年第一次临时股东会的通知,召开股东大会通知,2025-01-24,https://data.eastmoney.com/notices/detail/300676/AN202501231642491453.html
300676,华大基因,华大基因:第四届监事会第四次会议决议公告,监事会决议公告,2025-01-24,https://data.eastmoney.com/notices/detail/300676/AN202501231642491452.html
300676,华大基因,华大基因:关于放弃参股公司增资优先认购权暨关联交易的公告,关联交易,2025-01-24,https://data.eastmoney.com/notices/detail/300676/AN202501231642491456.html
600406,国电南瑞,国电南瑞:国电南瑞2025年第一次临时股东大会的法律意见书,法律意见书,2025-01-24,https://data.eastmoney.com/notices/detail/600406/AN202501231642491446.html
600406,国电南瑞,国电南瑞:国电南瑞关于选举公司第九届监事会职工监事的公告,高管人员任职变动,2025-01-24,https://data.eastmoney.com/notices/detail/600406/AN202501231642491442.html
600406,国电南瑞,国电南瑞:国电南瑞第九届监事会第一次会议决议公告,高管人员任职变动,2025-01-24,https://data.eastmoney.com/notices/detail/600406/AN202501231642491447.html
600406,国电南瑞,国电南瑞:国电南瑞关于完成董事会、监事会换届选举及聘任高级管理人员的公告,高管人员任职变动,2025-01-24,https://data.eastmoney.com/notices/detail/600406/AN202501231642491444.html
600406,国电南瑞,国电南瑞:国电南瑞2025年第一次临时股东大会决议公告,股东大会决议公告,2025-01-24,https://data.eastmoney.com/notices/detail/600406/AN202501231642491445.html
600406,国电南瑞,国电南瑞:国电南瑞第九届董事会第一次会议决议公告,高管人员任职变动,2025-01-24,https://data.eastmoney.com/notices/detail/600406/AN202501231642491443.html
603097,江苏华辰,江苏华辰:天健会计师事务所(特殊普通合伙)关于江苏华辰向不特定对象发行可转换公司债券的审核中心意见落实函有关财务事项的说明,其他,2025-01-24,https://data.eastmoney.com/notices/detail/603097/AN202501231642491421.html
603363,傲农生物,*ST傲农:福建傲农生物科技集团股份有限公司2025年第一次临时股东大会决议公告,股东大会决议公告,2025-01-24,https://data.eastmoney.com/notices/detail/603363/AN202501231642491420.html
603363,傲农生物,*ST傲农:北京市中伦律师事务所关于福建傲农生物科技集团股份有限公司2025年第一次临时股东大会的法律意见书,法律意见书,2025-01-24,https://data.eastmoney.com/notices/detail/603363/AN202501231642491419.html
603097,江苏华辰,江苏华辰:关于江苏华辰变压器股份有限公司向不特定对象发行可转换公司债券的审核中心意见落实函的回复,其他,2025-01-24,https://data.eastmoney.com/notices/detail/603097/AN202501231642491418.html
002310,东方新能,*ST东园:2024年度业绩预告,业绩预告,2025-01-24,https://data.eastmoney.com/notices/detail/002310/AN202501231642491414.html
002841,视源股份,视源股份:2024年度业绩快报,业绩快报,2025-01-24,https://data.eastmoney.com/notices/detail/002841/AN202501231642491415.html
002310,东方新能,*ST东园:关于公司股票可能被终止上市的风险提示公告,终止上市风险提示,2025-01-24,https://data.eastmoney.com/notices/detail/002310/AN202501231642491413.html
603733,仙鹤股份,仙鹤股份:仙鹤股份第三届董事会第二十六次会议决议公告,董事会决议公告,2025-01-24,https://data.eastmoney.com/notices/detail/603733/AN202501231642491402.html
603733,仙鹤股份,仙鹤股份:仙鹤股份关于2025年度向银行申请综合授信额度的公告,借贷,2025-01-24,https://data.eastmoney.com/notices/detail/603733/AN202501231642491400.html
603733,仙鹤股份,仙鹤股份:仙鹤股份关于2025年度对外担保额度预计的公告,担保年度额度预计,2025-01-24,https://data.eastmoney.com/notices/detail/603733/AN202501231642491403.html
603733,仙鹤股份,仙鹤股份:仙鹤股份2024年年度业绩预增公告,业绩预告,2025-01-24,https://data.eastmoney.com/notices/detail/603733/AN202501231642491405.html
603733,仙鹤股份,仙鹤股份:仙鹤股份关于召开2025年第一次临时股东大会的通知,召开股东大会通知,2025-01-24,https://data.eastmoney.com/notices/detail/603733/AN202501231642491401.html
603733,仙鹤股份,仙鹤股份:仙鹤股份关于2024年度日常关联交易情况及2025年度日常关联交易预计的公告,关联交易,2025-01-24,https://data.eastmoney.com/notices/detail/603733/AN202501231642491404.html
603733,仙鹤股份,仙鹤股份:仙鹤股份第三届监事会第十七次会议决议公告,监事会决议公告,2025-01-24,https://data.eastmoney.com/notices/detail/603733/AN202501231642491406.html
600326,西藏天路,西藏天路:关于西藏天路股份有限公司2025年第一次临时股东大会的法律意见书,法律意见书,2025-01-24,https://data.eastmoney.com/notices/detail/600326/AN202501231642491387.html
600326,西藏天路,西藏天路:西藏天路第七届董事会第八次会议决议公告,董事会决议公告,2025-01-24,https://data.eastmoney.com/notices/detail/600326/AN202501231642491390.html
600326,西藏天路,西藏天路:西藏天路关于2025年度日常关联交易预计的公告,关联交易,2025-01-24,https://data.eastmoney.com/notices/detail/600326/AN202501231642491389.html
600326,西藏天路,西藏天路:西藏天路2025年第一次临时股东大会决议公告,股东大会决议公告,2025-01-24,https://data.eastmoney.com/notices/detail/600326/AN202501231642491388.html
688085,三友医疗,三友医疗:上海三友医疗器械股份有限公司发行股份及支付现金购买资产并募集配套资金暨关联交易报告书,其他增发事项公告,2025-01-24,https://data.eastmoney.com/notices/detail/688085/AN202501231642491359.html
688085,三友医疗,三友医疗:东方证券股份有限公司关于上海三友医疗器械股份有限公司发行股份及支付现金购买资产并募集配套资金暨关联交易之独立财务顾问报告,保荐/核查意见,2025-01-24,https://data.eastmoney.com/notices/detail/688085/AN202501231642491357.html
688085,三友医疗,三友医疗:关于发行股份及支付现金购买资产并募集配套资金暨关联交易报告书修订说明的公告,其他,2025-01-24,https://data.eastmoney.com/notices/detail/688085/AN202501231642491360.html
688085,三友医疗,三友医疗:关于发行股份及支付现金购买资产并募集配套资金暨关联交易事项获得中国证券监督管理委员会同意注册批复的公告,其他增发事项公告,2025-01-24,https://data.eastmoney.com/notices/detail/688085/AN202501231642491358.html
688085,三友医疗,三友医疗:上海三友医疗器械股份有限公司发行股份及支付现金购买资产并募集配套资金暨关联交易报告书摘要,其他增发事项公告,2025-01-24,https://data.eastmoney.com/notices/detail/688085/AN202501231642491356.html
688767,博拓生物,博拓生物:博拓生物2025年第一次临时股东大会决议公告,股东大会决议公告,2025-01-24,https://data.eastmoney.com/notices/detail/688767/AN202501231642491345.html
688767,博拓生物,博拓生物:浙江天册律师事务所关于杭州博拓生物科技股份有限公司2025年第一次临时股东大会法律意见书,法律意见书,2025-01-24,https://data.eastmoney.com/notices/detail/688767/AN202501231642491346.html
300702,天宇股份,天宇股份:2025-005:关于为全资子公司申请增加银行综合授信并提供担保的公告,提供/对外担保公告,2025-01-24,https://data.eastmoney.com/notices/detail/300702/AN202501231642491334.html
300702,天宇股份,天宇股份:关于召开2025年第一次临时股东大会的通知,召开股东大会通知,2025-01-24,https://data.eastmoney.com/notices/detail/300702/AN202501231642491333.html
300702,天宇股份,天宇股份:第五届董事会第十一次会议决议公告,董事会决议公告,2025-01-24,https://data.eastmoney.com/notices/detail/300702/AN202501231642491335.html
000488,ST晨鸣,晨鸣纸业:关于部分生产基地临时停机检修进展及累计诉讼等情况的公告,诉讼仲裁,2025-01-24,https://data.eastmoney.com/notices/detail/000488/AN202501231642491339.html
000488,ST晨鸣,晨鸣纸业:关于股东部分股份解除质押及股份质押、被冻结的公告,股份质押、冻结,2025-01-24,https://data.eastmoney.com/notices/detail/000488/AN202501231642491337.html
000488,ST晨鸣,晨鸣纸业:2024年度业绩预告,业绩预告,2025-01-24,https://data.eastmoney.com/notices/detail/000488/AN202501231642491338.html
601908,京运通,京运通:关于为子公司提供担保的进展公告,提供/对外担保公告,2025-01-24,https://data.eastmoney.com/notices/detail/601908/AN202501231642491312.html
688326,经纬恒润,经纬恒润:2024年年度业绩预亏公告,业绩预告,2025-01-24,https://data.eastmoney.com/notices/detail/688326/AN202501231642491277.html
300699,光威复材,光威复材:2024年度业绩快报,业绩快报,2025-01-24,https://data.eastmoney.com/notices/detail/300699/AN202501231642491268.html
300586,美联新材,美联新材:关于计提资产减值准备的公告,其他,2025-01-24,https://data.eastmoney.com/notices/detail/300586/AN202501231642491265.html
300586,美联新材,美联新材:2024年度业绩预告,业绩预告,2025-01-24,https://data.eastmoney.com/notices/detail/300586/AN202501231642491271.html
002987,京北方,京北方:独立董事提名人声明与承诺(王敦平),独立董事提名人声明,2025-01-24,https://data.eastmoney.com/notices/detail/002987/AN202501231642491263.html
002987,京北方,京北方:独立董事候选人声明与承诺(王敦平),独立董事候选人声明,2025-01-24,https://data.eastmoney.com/notices/detail/002987/AN202501231642491272.html
002987,京北方,京北方:关于独立董事辞职暨补选独立董事和调整董事会专门委员会的公告,高管人员任职变动,2025-01-24,https://data.eastmoney.com/notices/detail/002987/AN202501231642491274.html
688411,海博思创,海博思创:海博思创首次公开发行股票科创板上市公告书,首发上市公告书,2025-01-24,https://data.eastmoney.com/notices/detail/688411/AN202501231642491155.html
002987,京北方,京北方:第四届董事会第八次会议决议公告,高管人员任职变动,2025-01-24,https://data.eastmoney.com/notices/detail/002987/AN202501231642491270.html
688411,海博思创,海博思创:海博思创公司章程,公司章程,2025-01-24,https://data.eastmoney.com/notices/detail/688411/AN202501231642491154.html
688411,海博思创,海博思创:海博思创首次公开发行股票科创板上市公告书提示性公告,首发提示性公告,2025-01-24,https://data.eastmoney.com/notices/detail/688411/AN202501231642491156.html
002987,京北方,京北方:关于召开2025年第一次临时股东大会的通知,召开股东大会通知,2025-01-24,https://data.eastmoney.com/notices/detail/002987/AN202501231642491259.html
002298,中电鑫龙,中电兴发:关于控股股东部分股份解除冻结的公告,股份质押、冻结,2025-01-24,https://data.eastmoney.com/notices/detail/002298/AN202501231642491261.html
601992,金隅集团,金隅集团:北京金隅集团股份有限公司2024年度业绩预亏公告,业绩预告,2025-01-24,https://data.eastmoney.com/notices/detail/601992/AN202501231642491151.html
002892,科力尔,科力尔:平安证券股份有限公司关于科力尔电机集团股份有限公司使用部分暂时闲置募集资金进行现金管理的核查意见,保荐/核查意见,2025-01-24,https://data.eastmoney.com/notices/detail/002892/AN202501231642491138.html
002892,科力尔,科力尔:关于使用部分暂时闲置募集资金进行现金管理的公告,投资理财,2025-01-24,https://data.eastmoney.com/notices/detail/002892/AN202501231642491137.html
002789,*ST建艺,建艺集团:第四届董事会第五十四次会议决议公告,董事会决议公告,2025-01-24,https://data.eastmoney.com/notices/detail/002789/AN202501231642491135.html
002326,永太科技,永太科技:关于公司诉讼事项的进展及部分银行账户解除冻结的公告,诉讼仲裁,2025-01-24,https://data.eastmoney.com/notices/detail/002326/AN202501231642491136.html
002892,科力尔,科力尔:第四届董事会第三次会议决议公告,董事会决议公告,2025-01-24,https://data.eastmoney.com/notices/detail/002892/AN202501231642491133.html
002789,*ST建艺,建艺集团:股票交易异常波动公告,股票交易异常波动,2025-01-24,https://data.eastmoney.com/notices/detail/002789/AN202501231642491131.html
002892,科力尔,科力尔:第四届监事会第三次会议决议公告,监事会决议公告,2025-01-24,https://data.eastmoney.com/notices/detail/002892/AN202501231642491132.html
002789,*ST建艺,建艺集团:关于签署《房屋买卖意向协议》暨关联交易的提示性公告,签订协议,2025-01-24,https://data.eastmoney.com/notices/detail/002789/AN202501231642491134.html
600143,金发科技,金发科技:金发科技2024年年度业绩预告,业绩预告,2025-01-24,https://data.eastmoney.com/notices/detail/600143/AN202501231642491123.html
600143,金发科技,金发科技:金发科技关于拟计提资产减值损失及确认公允价值变动损失的提示性公告,其他,2025-01-24,https://data.eastmoney.com/notices/detail/600143/AN202501231642491124.html
600706,曲江文旅,曲江文旅:西安曲江文化旅游股份有限公司关于控股股东所持部分股份撤回拍卖的公告,其他,2025-01-24,https://data.eastmoney.com/notices/detail/600706/AN202501231642491122.html
000401,金隅冀东,冀东水泥:公司章程(2025年1月),公司章程,2025-01-24,https://data.eastmoney.com/notices/detail/000401/AN202501231642491113.html
000401,金隅冀东,冀东水泥:2025年第一次临时股东大会的法律意见书,法律意见书,2025-01-24,https://data.eastmoney.com/notices/detail/000401/AN202501231642491118.html
000401,金隅冀东,冀东水泥:关于不向下修正冀东转债转股价格的公告,其他,2025-01-24,https://data.eastmoney.com/notices/detail/000401/AN202501231642491115.html
000401,金隅冀东,冀东水泥:第十届董事会第十二次会议决议公告,高管人员任职变动,2025-01-24,https://data.eastmoney.com/notices/detail/000401/AN202501231642491117.html
000401,金隅冀东,冀东水泥:2025年第一次临时股东大会决议公告,股东大会决议公告,2025-01-24,https://data.eastmoney.com/notices/detail/000401/AN202501231642491114.html
000401,金隅冀东,冀东水泥:2024年度业绩预告,业绩预告,2025-01-24,https://data.eastmoney.com/notices/detail/000401/AN202501231642491116.html
603379,三美股份,三美股份:浙江三美化工股份有限公司2024年年度业绩预增公告,业绩预告,2025-01-24,https://data.eastmoney.com/notices/detail/603379/AN202501231642491107.html
001330,博纳影业,博纳影业:第三届董事会第十四次会议决议公告,董事会决议公告,2025-01-24,https://data.eastmoney.com/notices/detail/001330/AN202501231642491097.html
002961,瑞达期货,瑞达期货:2024年度业绩预告,业绩预告,2025-01-24,https://data.eastmoney.com/notices/detail/002961/AN202501231642491101.html
001330,博纳影业,博纳影业:关于关联方向公司子公司提供借款暨关联交易的公告,借贷,2025-01-24,https://data.eastmoney.com/notices/detail/001330/AN202501231642491098.html
001330,博纳影业,博纳影业:第三届监事会第十次会议决议公告,监事会决议公告,2025-01-24,https://data.eastmoney.com/notices/detail/001330/AN202501231642491100.html
001330,博纳影业,博纳影业:关于2025年度日常关联交易预计的公告,关联交易,2025-01-24,https://data.eastmoney.com/notices/detail/001330/AN202501231642491099.html
600662,外服控股,外服控股:外服控股2024年年度业绩预增公告,业绩预告,2025-01-24,https://data.eastmoney.com/notices/detail/600662/AN202501231642491096.html
603681,永冠新材,永冠新材:上海永冠众诚新材料科技(集团)股份有限公司2024年年度业绩预告,业绩预告,2025-01-24,https://data.eastmoney.com/notices/detail/603681/AN202501231642491086.html
300350,华鹏飞,华鹏飞:2024年度业绩预告,业绩预告,2025-01-24,https://data.eastmoney.com/notices/detail/300350/AN202501231642491092.html
000851,*ST高鸿,ST高鸿:关于累计诉讼、仲裁情况的进展公告,诉讼仲裁,2025-01-24,https://data.eastmoney.com/notices/detail/000851/AN202501231642491089.html
601801,皖新传媒,皖新传媒:皖新传媒关于收到控股股东2024年度利润分配预案提议暨响应“提质增效重回报”倡议的公告,分配预案,2025-01-24,https://data.eastmoney.com/notices/detail/601801/AN202501231642491075.html
600935,华塑股份,华塑股份:安徽华塑股份有限公司2024年年度业绩预告,业绩预告,2025-01-24,https://data.eastmoney.com/notices/detail/600935/AN202501231642491074.html
600367,红星发展,红星发展:红星发展2024年度业绩预增公告,业绩预告,2025-01-24,https://data.eastmoney.com/notices/detail/600367/AN202501231642491077.html
600360,华微电子,ST华微:吉林华微电子股份有限公司2025年第一次临时股东大会会议资料,股东大会资料,2025-01-24,https://data.eastmoney.com/notices/detail/600360/AN202501231642491076.html
603477,巨星农牧,巨星农牧:北京国枫律师事务所关于乐山巨星农牧股份有限公司申请向特定对象发行股票的补充法律意见书之一(豁免版),法律意见书,2025-01-24,https://data.eastmoney.com/notices/detail/603477/AN202501231642491070.html
603477,巨星农牧,巨星农牧:四川华信(集团)会计师事务所(特殊普通合伙)《关于乐山巨星农牧股份有限公司向特定对象发行股票申请文件的审核问询函》之回复(豁免版),会计师事务所问询函回复公告,2025-01-24,https://data.eastmoney.com/notices/detail/603477/AN202501231642491069.html
603477,巨星农牧,巨星农牧:关于乐山巨星农牧股份有限公司向特定对象发行股票申请文件的审核问询函的回复(豁免版),回复问询函公告,2025-01-24,https://data.eastmoney.com/notices/detail/603477/AN202501231642491072.html
603477,巨星农牧,巨星农牧:乐山巨星农牧股份有限公司关于向特定对象发行股票申请文件的审核问询函回复的提示性公告,回复问询函公告,2025-01-24,https://data.eastmoney.com/notices/detail/603477/AN202501231642491071.html
688131,皓元医药,皓元医药:上海皓元医药股份有限公司第四届监事会第一次会议决议公告,高管人员任职变动,2025-01-24,https://data.eastmoney.com/notices/detail/688131/AN202501231642490935.html
688151,华强科技,华强科技:湖北华强科技股份有限公司2024年度业绩预增公告,业绩预告,2025-01-24,https://data.eastmoney.com/notices/detail/688151/AN202501231642490938.html
688131,皓元医药,皓元医药:上海皓元医药股份有限公司2025年第一次临时股东大会决议公告,股东大会决议公告,2025-01-24,https://data.eastmoney.com/notices/detail/688131/AN202501231642490934.html
688131,皓元医药,皓元医药:上海皓元医药股份有限公司关于完成董事会、监事会换届选举及聘任高级管理人员、证券事务代表的公告,高管人员任职变动,2025-01-24,https://data.eastmoney.com/notices/detail/688131/AN202501231642490937.html
688131,皓元医药,皓元医药:上海皓元医药股份有限公司关于选举第四届监事会职工代表监事的公告,高管人员任职变动,2025-01-24,https://data.eastmoney.com/notices/detail/688131/AN202501231642490936.html
688131,皓元医药,皓元医药:上海市广发律师事务所关于上海皓元医药股份有限公司2025年第一次临时股东大会的法律意见书,法律意见书,2025-01-24,https://data.eastmoney.com/notices/detail/688131/AN202501231642490933.html
688155,先惠技术,先惠技术:东兴证券股份有限公司关于上海先惠自动化技术股份有限公司2025年度日常关联交易预计的核查意见,保荐/核查意见,2025-01-24,https://data.eastmoney.com/notices/detail/688155/AN202501231642490926.html
688155,先惠技术,先惠技术:东兴证券股份有限公司关于上海先惠自动化技术股份有限公司副总经理兼核心技术人员离职的核查意见,保荐/核查意见,2025-01-24,https://data.eastmoney.com/notices/detail/688155/AN202501231642490923.html
688155,先惠技术,先惠技术:上海先惠自动化技术股份有限公司关于2025年度日常关联交易预计的公告,关联交易,2025-01-24,https://data.eastmoney.com/notices/detail/688155/AN202501231642490931.html
688155,先惠技术,先惠技术:上海先惠自动化技术股份有限公司第三届监事会第二十七次会议决议公告,监事会决议公告,2025-01-24,https://data.eastmoney.com/notices/detail/688155/AN202501231642490928.html
688155,先惠技术,先惠技术:关于召开2025年第一次临时股东大会的通知,召开股东大会通知,2025-01-24,https://data.eastmoney.com/notices/detail/688155/AN202501231642490929.html
688155,先惠技术,先惠技术:上海先惠自动化技术股份有限公司2024年年度业绩预告,业绩预告,2025-01-24,https://data.eastmoney.com/notices/detail/688155/AN202501231642490924.html
688155,先惠技术,先惠技术:上海先惠自动化技术股份有限公司关于部分募投项目结项并将节余募集资金永久补充流动资金的公告,募集资金补充流动资金,2025-01-24,https://data.eastmoney.com/notices/detail/688155/AN202501231642490930.html
688155,先惠技术,先惠技术:上海先惠自动化技术股份有限公司第三届董事会独立董事专门会议第四次会议决议,董事会决议公告,2025-01-24,https://data.eastmoney.com/notices/detail/688155/AN202501231642490927.html
688155,先惠技术,先惠技术:上海先惠自动化技术股份有限公司关于公司副总经理兼核心技术人员离职的公告,高管人员任职变动,2025-01-24,https://data.eastmoney.com/notices/detail/688155/AN202501231642490922.html
688155,先惠技术,先惠技术:东兴证券股份有限公司关于上海先惠自动化技术股份有限公司部分募投项目结项并将节余募集资金永久补充流动资金的核查意见,保荐/核查意见,2025-01-24,https://data.eastmoney.com/notices/detail/688155/AN202501231642490925.html
600884,杉杉股份,杉杉股份:杉杉股份关于控股股东一致行动人部分股份被标记和冻结的公告,股份质押、冻结,2025-01-24,https://data.eastmoney.com/notices/detail/600884/AN202501231642490916.html
002865,钧达股份,钧达股份:关于持股5%以上股东权益变动触及1%整数倍的公告,权益变动报告书,2025-01-24,https://data.eastmoney.com/notices/detail/002865/AN202501231642490897.html
002639,雪人集团,雪人股份:外汇套期保值业务管理制度(2025年1月),管理办法/制度,2025-01-24,https://data.eastmoney.com/notices/detail/002639/AN202501231642490915.html
002639,雪人集团,雪人股份:董事会提名委员会关于第六届董事会候选人任职资格的审查意见,专项说明/独立意见,2025-01-24,https://data.eastmoney.com/notices/detail/002639/AN202501231642490894.html
002639,雪人集团,雪人股份:关于开展外汇套期保值业务的可行性分析报告,其他,2025-01-24,https://data.eastmoney.com/notices/detail/002639/AN202501231642490893.html
002639,雪人集团,雪人股份:独立董事候选人声明与承诺(张白),独立董事候选人声明,2025-01-24,https://data.eastmoney.com/notices/detail/002639/AN202501231642490911.html
002639,雪人集团,雪人股份:独立董事候选人声明与承诺(郭睿峥),独立董事候选人声明,2025-01-24,https://data.eastmoney.com/notices/detail/002639/AN202501231642490912.html
002639,雪人集团,雪人股份:独立董事提名人声明与承诺(郑守光),独立董事提名人声明,2025-01-24,https://data.eastmoney.com/notices/detail/002639/AN202501231642490901.html
002639,雪人集团,雪人股份:独立董事候选人声明与承诺(郑守光),独立董事候选人声明,2025-01-24,https://data.eastmoney.com/notices/detail/002639/AN202501231642490882.html
002639,雪人集团,雪人股份:独立董事提名人声明与承诺(郭睿峥),独立董事提名人声明,2025-01-24,https://data.eastmoney.com/notices/detail/002639/AN202501231642490913.html
002639,雪人集团,雪人股份:独立董事提名人声明与承诺(张白),独立董事提名人声明,2025-01-24,https://data.eastmoney.com/notices/detail/002639/AN202501231642490889.html
002639,雪人集团,雪人股份:第五届监事会第十七次会议决议公告,高管人员任职变动,2025-01-24,https://data.eastmoney.com/notices/detail/002639/AN202501231642490898.html
002639,雪人集团,雪人股份:关于开展外汇套期保值业务的公告,其他,2025-01-24,https://data.eastmoney.com/notices/detail/002639/AN202501231642490914.html
002639,雪人集团,雪人股份:关于召开2025年第二次临时股东大会的通知,召开股东大会通知,2025-01-24,https://data.eastmoney.com/notices/detail/002639/AN202501231642490902.html
002639,雪人集团,雪人股份:第五届董事会第二十五次会议决议公告,高管人员任职变动,2025-01-24,https://data.eastmoney.com/notices/detail/002639/AN202501231642490906.html
002629,仁智股份,仁智股份:2024年度业绩预告,业绩预告,2025-01-24,https://data.eastmoney.com/notices/detail/002629/AN202501231642490884.html
002098,浔兴股份,浔兴股份:独立董事提名人声明与承诺(邱海辉),独立董事提名人声明,2025-01-24,https://data.eastmoney.com/notices/detail/002098/AN202501231642490883.html
002098,浔兴股份,浔兴股份:独立董事候选人声明与承诺(李岩松),独立董事候选人声明,2025-01-24,https://data.eastmoney.com/notices/detail/002098/AN202501231642490910.html
002098,浔兴股份,浔兴股份:独立董事提名人声明与承诺(李岩松),独立董事提名人声明,2025-01-24,https://data.eastmoney.com/notices/detail/002098/AN202501231642490881.html
002098,浔兴股份,浔兴股份:独立董事候选人声明与承诺(林迎星),独立董事候选人声明,2025-01-24,https://data.eastmoney.com/notices/detail/002098/AN202501231642490909.html
002098,浔兴股份,浔兴股份:独立董事候选人声明与承诺(邱海辉),独立董事候选人声明,2025-01-24,https://data.eastmoney.com/notices/detail/002098/AN202501231642490903.html
002098,浔兴股份,浔兴股份:独立董事提名人声明与承诺(林迎星),独立董事提名人声明,2025-01-24,https://data.eastmoney.com/notices/detail/002098/AN202501231642490907.html
002098,浔兴股份,浔兴股份:第七届监事会第十二次会议决议公告,高管人员任职变动,2025-01-24,https://data.eastmoney.com/notices/detail/002098/AN202501231642490904.html
002098,浔兴股份,浔兴股份:关于对境外子公司增资的公告,增资扩股,2025-01-24,https://data.eastmoney.com/notices/detail/002098/AN202501231642490905.html
002098,浔兴股份,浔兴股份:关于召开2025年第一次临时股东大会的通知,召开股东大会通知,2025-01-24,https://data.eastmoney.com/notices/detail/002098/AN202501231642490890.html
002098,浔兴股份,浔兴股份:第七届董事会第十五次会议决议公告,高管人员任职变动,2025-01-24,https://data.eastmoney.com/notices/detail/002098/AN202501231642490887.html
000789,万年青,万年青:关于收到股份回购专项贷款承诺函的公告,其他,2025-01-24,https://data.eastmoney.com/notices/detail/000789/AN202501231642490892.html
000723,美锦能源,美锦能源:关于不向下修正美锦转债转股价格的公告,其他,2025-01-24,https://data.eastmoney.com/notices/detail/000723/AN202501231642490908.html
000723,美锦能源,美锦能源:十届二十九次董事会会议决议公告,董事会决议公告,2025-01-24,https://data.eastmoney.com/notices/detail/000723/AN202501231642490886.html
600075,新疆天业,新疆天业:新疆天业股份有限公司2024年度业绩预盈公告,业绩预告,2025-01-24,https://data.eastmoney.com/notices/detail/600075/AN202501231642490872.html
688530,欧莱新材,欧莱新材:中国国际金融股份有限公司关于广东欧莱高新材料股份有限公司2024年度持续督导工作现场检查报告,保荐/核查意见,2025-01-24,https://data.eastmoney.com/notices/detail/688530/AN202501231642490865.html
301112,信邦智能,信邦智能:2024年度业绩预告,业绩预告,2025-01-24,https://data.eastmoney.com/notices/detail/301112/AN202501231642490741.html
002950,奥美医疗,奥美医疗:关于以集中竞价交易方式回购公司股份的回购报告书,回购报告书,2025-01-24,https://data.eastmoney.com/notices/detail/002950/AN202501231642490753.html
002950,奥美医疗,奥美医疗:关于回购股份事项前十名股东及前十名无限售条件股东持股情况的公告,其他,2025-01-24,https://data.eastmoney.com/notices/detail/002950/AN202501231642490748.html
002769,普路通,普路通:关于股份回购完成暨股份变动的公告,股本变动,2025-01-24,https://data.eastmoney.com/notices/detail/002769/AN202501231642490750.html
002367,康力电梯,康力电梯:关于2024年度计提各项资产减值准备及核销资产的公告,其他,2025-01-24,https://data.eastmoney.com/notices/detail/002367/AN202501231642490752.html
002047,宝鹰股份,宝鹰股份:招商证券股份有限公司关于宝鹰股份2020年非公开发行A股股票限售股解禁上市流通的核查意见,保荐/核查意见,2025-01-24,https://data.eastmoney.com/notices/detail/002047/AN202501231642490755.html
002005,德豪润达,ST德豪:关于聘任高级管理人员的公告,高管人员任职变动,2025-01-24,https://data.eastmoney.com/notices/detail/002005/AN202501231642490743.html
002005,德豪润达,ST德豪:关于对外投资的进展公告,对外项目投资,2025-01-24,https://data.eastmoney.com/notices/detail/002005/AN202501231642490746.html
002005,德豪润达,ST德豪:第八届董事会第三次会议决议公告,高管人员任职变动,2025-01-24,https://data.eastmoney.com/notices/detail/002005/AN202501231642490859.html
002005,德豪润达,ST德豪:2024年度业绩预告,业绩预告,2025-01-24,https://data.eastmoney.com/notices/detail/002005/AN202501231642490747.html
000402,金融街,金融街:公司2024年度业绩预告,业绩预告,2025-01-24,https://data.eastmoney.com/notices/detail/000402/AN202501231642490744.html
688002,睿创微纳,睿创微纳:北京金诚同达(沈阳)律师事务所关于烟台睿创微纳技术股份有限公司2025年第一次临时股东大会的法律意见书,法律意见书,2025-01-24,https://data.eastmoney.com/notices/detail/688002/AN202501231642490739.html
688002,睿创微纳,睿创微纳:2025年第一次临时股东大会决议公告,股东大会决议公告,2025-01-24,https://data.eastmoney.com/notices/detail/688002/AN202501231642490738.html
688002,睿创微纳,睿创微纳:关于向不特定对象发行可转换公司债券部分募投项目结项并注销募集资金专户的公告,其他,2025-01-24,https://data.eastmoney.com/notices/detail/688002/AN202501231642490740.html
002796,世嘉科技,世嘉科技:关于回购股份实施完毕的公告,回购实施公告,2025-01-24,https://data.eastmoney.com/notices/detail/002796/AN202501231642490704.html
002107,沃华医药,沃华医药:公司舆情管理制度(2025年1月),管理办法/制度,2025-01-24,https://data.eastmoney.com/notices/detail/002107/AN202501231642490706.html
002107,沃华医药,沃华医药:独立董事候选人声明与承诺-王跃生,独立董事候选人声明,2025-01-24,https://data.eastmoney.com/notices/detail/002107/AN202501231642490696.html
002107,沃华医药,沃华医药:独立董事候选人声明与承诺-高明芹,独立董事候选人声明,2025-01-24,https://data.eastmoney.com/notices/detail/002107/AN202501231642490707.html
002107,沃华医药,沃华医药:独立董事提名人声明与承诺-俞俊利,独立董事提名人声明,2025-01-24,https://data.eastmoney.com/notices/detail/002107/AN202501231642490710.html
002107,沃华医药,沃华医药:独立董事提名人声明与承诺-王跃生,独立董事提名人声明,2025-01-24,https://data.eastmoney.com/notices/detail/002107/AN202501231642490703.html
002107,沃华医药,沃华医药:独立董事候选人声明与承诺-俞俊利,独立董事候选人声明,2025-01-24,https://data.eastmoney.com/notices/detail/002107/AN202501231642490701.html
002107,沃华医药,沃华医药:独立董事提名人声明与承诺-高明芹,独立董事提名人声明,2025-01-24,https://data.eastmoney.com/notices/detail/002107/AN202501231642490713.html
002107,沃华医药,沃华医药:关于拟任独立董事的公告,高管人员任职变动,2025-01-24,https://data.eastmoney.com/notices/detail/002107/AN202501231642490708.html
002107,沃华医药,沃华医药:关于选举职工代表监事的公告,高管人员任职变动,2025-01-24,https://data.eastmoney.com/notices/detail/002107/AN202501231642490705.html
002107,沃华医药,沃华医药:第七届监事会第十三次会议决议公告,高管人员任职变动,2025-01-24,https://data.eastmoney.com/notices/detail/002107/AN202501231642490702.html
002107,沃华医药,沃华医药:关于召开2025年第一次临时股东会的通知,召开股东大会通知,2025-01-24,https://data.eastmoney.com/notices/detail/002107/AN202501231642490712.html
002107,沃华医药,沃华医药:第七届董事会第十四次会议决议公告,高管人员任职变动,2025-01-24,https://data.eastmoney.com/notices/detail/002107/AN202501231642490709.html
000856,冀东装备,冀东装备:股票异常波动公告,股票交易异常波动,2025-01-24,https://data.eastmoney.com/notices/detail/000856/AN202501231642490697.html
000669,ST金鸿,ST金鸿:2025-016关于调整公司组织架构的公告,其他,2025-01-24,https://data.eastmoney.com/notices/detail/000669/AN202501231642490714.html
000669,ST金鸿,ST金鸿:关于召开2025年第二次临时股东大会的通知,召开股东大会通知,2025-01-24,https://data.eastmoney.com/notices/detail/000669/AN202501231642490711.html
000669,ST金鸿,ST金鸿:第十一届董事会2025年第二次会议决议公告,高管人员任职变动,2025-01-24,https://data.eastmoney.com/notices/detail/000669/AN202501231642490699.html
688550,瑞联新材,瑞联新材:2024年年度业绩预增公告,业绩预告,2025-01-24,https://data.eastmoney.com/notices/detail/688550/AN202501231642490683.html
000906,浙商中拓,浙商中拓:关于前期会计差错更正及追溯调整的公告,会计差错更正公告,2025-01-24,https://data.eastmoney.com/notices/detail/000906/AN202501231642490657.html
000906,浙商中拓,浙商中拓:关于预计公司2025年度日常关联交易的公告,关联交易,2025-01-24,https://data.eastmoney.com/notices/detail/000906/AN202501231642490662.html
300984,金沃股份,金沃股份:关于金沃转债摘牌的公告,其他,2025-01-24,https://data.eastmoney.com/notices/detail/300984/AN202501231642490661.html
000906,浙商中拓,浙商中拓:2024年度业绩预告,业绩预告,2025-01-24,https://data.eastmoney.com/notices/detail/000906/AN202501231642490668.html
000906,浙商中拓,浙商中拓:第八届监事会2025年第一次临时会议决议公告,监事会决议公告,2025-01-24,https://data.eastmoney.com/notices/detail/000906/AN202501231642490665.html
300984,金沃股份,金沃股份:关于金沃转债赎回结果的公告,其他,2025-01-24,https://data.eastmoney.com/notices/detail/300984/AN202501231642490659.html
300153,科泰电源,科泰电源:第六届董事会第八次会议决议公告,董事会决议公告,2025-01-24,https://data.eastmoney.com/notices/detail/300153/AN202501231642490663.html
000906,浙商中拓,浙商中拓:关于召开公司2025年第一次临时股东大会的通知,召开股东大会通知,2025-01-24,https://data.eastmoney.com/notices/detail/000906/AN202501231642490553.html
300796,贝斯美,贝斯美:2024年年度业绩预告,业绩预告,2025-01-24,https://data.eastmoney.com/notices/detail/300796/AN202501231642490555.html
300153,科泰电源,科泰电源:第六届监事会第八次会议决议公告,监事会决议公告,2025-01-24,https://data.eastmoney.com/notices/detail/300153/AN202501231642490667.html
300153,科泰电源,科泰电源:关于监管措施中相关问题的整改报告,整改报告,2025-01-24,https://data.eastmoney.com/notices/detail/300153/AN202501231642490664.html
300153,科泰电源,科泰电源:关于追认关联交易的公告,关联交易,2025-01-24,https://data.eastmoney.com/notices/detail/300153/AN202501231642490670.html
002395,双象股份,双象股份:关于收到第四笔征收补偿款的公告,其他,2025-01-24,https://data.eastmoney.com/notices/detail/002395/AN202501231642490556.html
002395,双象股份,双象股份:2024年度业绩预告,业绩预告,2025-01-24,https://data.eastmoney.com/notices/detail/002395/AN202501231642490666.html
000906,浙商中拓,浙商中拓:前期差错更正情况的鉴证报告,保荐/核查意见,2025-01-24,https://data.eastmoney.com/notices/detail/000906/AN202501231642490660.html
000906,浙商中拓,浙商中拓:关于前期会计差错更正后的财务报表及相关财务信息,会计差错更正公告,2025-01-24,https://data.eastmoney.com/notices/detail/000906/AN202501231642490672.html
000906,浙商中拓,浙商中拓:关于2024年度计提资产减值准备的公告,其他,2025-01-24,https://data.eastmoney.com/notices/detail/000906/AN202501231642490658.html
000906,浙商中拓,浙商中拓:第八届董事会2025年第一次临时会议决议公告,董事会决议公告,2025-01-24,https://data.eastmoney.com/notices/detail/000906/AN202501231642490671.html
688512,慧智微,慧智微:2024年年度业绩预告,业绩预告,2025-01-24,https://data.eastmoney.com/notices/detail/688512/AN202501231642490543.html
601827,三峰环境,三峰环境:重庆三峰城市环境服务有限公司财务专项审计报告(鹏盛专审字[2024]01592号),保荐/核查意见,2025-01-24,https://data.eastmoney.com/notices/detail/601827/AN202501231642490528.html
601827,三峰环境,三峰环境:第二届董事会第三十四次会议决议公告,高管人员任职变动,2025-01-24,https://data.eastmoney.com/notices/detail/601827/AN202501231642490531.html
601827,三峰环境,三峰环境:关于聘任高级管理人员的公告,高管人员任职变动,2025-01-24,https://data.eastmoney.com/notices/detail/601827/AN202501231642490529.html
601827,三峰环境,三峰环境:关于转让子公司控股权暨关联交易的公告,股权转让,2025-01-24,https://data.eastmoney.com/notices/detail/601827/AN202501231642490530.html
601827,三峰环境,三峰环境:三峰环境、环卫集团拟股权转让所涉及的城服公司股东全部权益市场价值评估项目资产评估报告(渝金汇评报字[2024]0148号),其他,2025-01-24,https://data.eastmoney.com/notices/detail/601827/AN202501231642490527.html
601827,三峰环境,三峰环境:第二届监事会第十七次会议决议公告,监事会决议公告,2025-01-24,https://data.eastmoney.com/notices/detail/601827/AN202501231642490532.html
600376,首开股份,首开股份:首开股份关于召开2025年第一次临时股东会的提示性公告,召开股东大会提示性公告,2025-01-24,https://data.eastmoney.com/notices/detail/600376/AN202501231642490521.html
002025,航天电器,航天电器:贵州航天电器股份有限公司内部审计工作规定,其他,2025-01-24,https://data.eastmoney.com/notices/detail/002025/AN202501231642490509.html
002025,航天电器,航天电器:贵州航天电器股份有限公司第八届董事会2025年第三次临时会议决议公告,董事会决议公告,2025-01-24,https://data.eastmoney.com/notices/detail/002025/AN202501231642490516.html
002728,特一药业,特一药业:国浩律师(深圳)事务所关于特一药业集团股份有限公司2025年第一次临时股东会的法律意见书,法律意见书,2025-01-24,https://data.eastmoney.com/notices/detail/002728/AN202501231642490508.html
301380,挖金客,挖金客:关于使用暂时闲置募集资金和自有资金进行现金管理的进展公告,募集资金使用进展情况,2025-01-24,https://data.eastmoney.com/notices/detail/301380/AN202501231642490510.html
002025,航天电器,航天电器:贵州航天电器股份有限公司关于2025年度日常关联交易预计的公告,关联交易,2025-01-24,https://data.eastmoney.com/notices/detail/002025/AN202501231642490517.html
301273,瑞晨环保,瑞晨环保:2024年度业绩预告,业绩预告,2025-01-24,https://data.eastmoney.com/notices/detail/301273/AN202501231642490512.html
002728,特一药业,特一药业:2025年第一次临时股东会决议公告,股东大会决议公告,2025-01-24,https://data.eastmoney.com/notices/detail/002728/AN202501231642490515.html
002728,特一药业,特一药业:关于完成第五届董事会独立董事补选的公告,高管人员任职变动,2025-01-24,https://data.eastmoney.com/notices/detail/002728/AN202501231642490511.html
301380,挖金客,挖金客:东吴证券股份有限公司关于北京挖金客信息科技股份有限公司2024年度持续督导定期现场检查报告,保荐/核查意见,2025-01-24,https://data.eastmoney.com/notices/detail/301380/AN202501231642490513.html
688378,奥来德,奥来德:关于回购事项前十大股东和前十大无限售条件股东持股情况的公告,其他,2025-01-24,https://data.eastmoney.com/notices/detail/688378/AN202501231642490505.html
600702,舍得酒业,舍得酒业:舍得酒业2024年年度业绩预减公告,业绩预告,2025-01-24,https://data.eastmoney.com/notices/detail/600702/AN202501231642490500.html
600599,退市熊猫,ST熊猫:ST熊猫关于公司及全资子公司涉及诉讼及相关银行账户资金被冻结的进展公告,诉讼仲裁,2025-01-24,https://data.eastmoney.com/notices/detail/600599/AN202501231642490493.html
603665,康隆达,康隆达:康隆达关于出售控股子公司的进展公告,收购出售资产/股权,2025-01-24,https://data.eastmoney.com/notices/detail/603665/AN202501231642490495.html
600599,退市熊猫,ST熊猫:ST熊猫关于股东公开征集投票权的公告,其他,2025-01-24,https://data.eastmoney.com/notices/detail/600599/AN202501231642490494.html
688153,唯捷创芯,唯捷创芯:关于独立董事辞职的公告,高管人员任职变动,2025-01-24,https://data.eastmoney.com/notices/detail/688153/AN202501231642490490.html
600053,*ST九鼎,九鼎投资:九鼎投资2024年第四季度建筑业务经营情况简报,月度经营情况,2025-01-24,https://data.eastmoney.com/notices/detail/600053/AN202501231642490479.html
600053,*ST九鼎,九鼎投资:九鼎投资2024年第四季度房地产业务经营情况简报,月度经营情况,2025-01-24,https://data.eastmoney.com/notices/detail/600053/AN202501231642490480.html
600053,*ST九鼎,九鼎投资:九鼎投资2024年第四季度私募股权投资管理业务经营情况简报,月度经营情况,2025-01-24,https://data.eastmoney.com/notices/detail/600053/AN202501231642490482.html
600053,*ST九鼎,九鼎投资:九鼎投资2024年年度业绩预亏公告,业绩预告,2025-01-24,https://data.eastmoney.com/notices/detail/600053/AN202501231642490481.html
603220,中贝通信,中贝通信:被担保人最近一期财务报表(贝通信沙特有限公司),其他,2025-01-24,https://data.eastmoney.com/notices/detail/603220/AN202501231642490471.html
603220,中贝通信,中贝通信:关于控股子公司贝通信国际收购PT.SemestaEnergiServices55%股权的公告,收购出售资产/股权,2025-01-24,https://data.eastmoney.com/notices/detail/603220/AN202501231642490470.html
603220,中贝通信,中贝通信:关于为子公司提供担保的公告,提供/对外担保公告,2025-01-24,https://data.eastmoney.com/notices/detail/603220/AN202501231642490472.html
603220,中贝通信,中贝通信:被担保人最近一期财务报表(天津市邮电设计院有限责任公司),其他,2025-01-24,https://data.eastmoney.com/notices/detail/603220/AN202501231642490469.html
688238,和元生物,和元生物:2025年第一次临时股东大会决议公告,股东大会决议公告,2025-01-24,https://data.eastmoney.com/notices/detail/688238/AN202501231642490468.html
688238,和元生物,和元生物:关于公司控股股东、实际控制人、董事长、总经理提议回购公司股份的提示性公告,其他,2025-01-24,https://data.eastmoney.com/notices/detail/688238/AN202501231642490467.html
688238,和元生物,和元生物:2025年第一次临时股东大会之法律意见书,法律意见书,2025-01-24,https://data.eastmoney.com/notices/detail/688238/AN202501231642490464.html
688525,佰维存储,佰维存储:2024年年度业绩预告,业绩预告,2025-01-24,https://data.eastmoney.com/notices/detail/688525/AN202501231642490461.html
000799,酒鬼酒,酒鬼酒:2024年度业绩预告,业绩预告,2025-01-24,https://data.eastmoney.com/notices/detail/000799/AN202501231642490354.html
301418,协昌科技,协昌科技:2024年年度业绩预告,业绩预告,2025-01-24,https://data.eastmoney.com/notices/detail/301418/AN202501231642490457.html
301180,万祥科技,万祥科技:2024年度业绩预告,业绩预告,2025-01-24,https://data.eastmoney.com/notices/detail/301180/AN202501231642490347.html
603300,海南华铁,海南华铁:浙江海控南科华铁数智科技股份有限公司对外担保进展公告,提供/对外担保公告,2025-01-24,https://data.eastmoney.com/notices/detail/603300/AN202501231642490341.html
688265,南模生物,南模生物:第三届董事会第十八次会议决议公告,董事会决议公告,2025-01-24,https://data.eastmoney.com/notices/detail/688265/AN202501231642490328.html
688265,南模生物,南模生物:2025年限制性股票激励计划首次授予激励对象名单,股权激励对象名单,2025-01-24,https://data.eastmoney.com/notices/detail/688265/AN202501231642490333.html
688265,南模生物,南模生物:上海信公轶禾企业管理咨询有限公司关于上海南方模式生物科技股份有限公司2025年限制性股票激励计划(草案)之独立财务顾问报告,保荐/核查意见,2025-01-24,https://data.eastmoney.com/notices/detail/688265/AN202501231642490330.html
688265,南模生物,南模生物:上海市锦天城律师事务所关于上海南方模式生物科技股份有限公司2025年限制性股票激励计划(草案)的法律意见书,法律意见书,2025-01-24,https://data.eastmoney.com/notices/detail/688265/AN202501231642490331.html
688265,南模生物,南模生物:关于独立董事公开征集委托投票权的公告,其他,2025-01-24,https://data.eastmoney.com/notices/detail/688265/AN202501231642490336.html
688265,南模生物,南模生物:2025年限制性股票激励计划(草案),股权激励计划,2025-01-24,https://data.eastmoney.com/notices/detail/688265/AN202501231642490329.html
688265,南模生物,南模生物:监事会关于公司2025年限制性股票激励计划(草案)的核查意见,专项说明/独立意见,2025-01-24,https://data.eastmoney.com/notices/detail/688265/AN202501231642490334.html
688265,南模生物,南模生物:关于召开2025年第一次临时股东大会的通知,召开股东大会通知,2025-01-24,https://data.eastmoney.com/notices/detail/688265/AN202501231642490332.html
688265,南模生物,南模生物:2025年限制性股票激励计划(草案)摘要公告,股权激励计划摘要,2025-01-24,https://data.eastmoney.com/notices/detail/688265/AN202501231642490337.html
688265,南模生物,南模生物:2025年限制性股票激励计划实施考核管理办法,管理办法/制度,2025-01-24,https://data.eastmoney.com/notices/detail/688265/AN202501231642490335.html
688726,拉普拉斯,拉普拉斯:2024年年度业绩预告,业绩预告,2025-01-24,https://data.eastmoney.com/notices/detail/688726/AN202501231642490338.html
688265,南模生物,南模生物:第三届监事会第十四次会议决议公告,监事会决议公告,2025-01-24,https://data.eastmoney.com/notices/detail/688265/AN202501231642490339.html
003015,日久光电,日久光电:2024年年度业绩预告,业绩预告,2025-01-24,https://data.eastmoney.com/notices/detail/003015/AN202501231642490317.html
002990,盛视科技,盛视科技:关于向2024年限制性股票激励计划激励对象首次授予限制性股票的公告,股权激励进展公告,2025-01-24,https://data.eastmoney.com/notices/detail/002990/AN202501231642490325.html
002926,华西证券,华西证券:2024年度业绩预告,业绩预告,2025-01-24,https://data.eastmoney.com/notices/detail/002926/AN202501231642490312.html
000688,国城矿业,国城矿业:联合资信评估股份有限公司关于国城矿业股份有限公司收到四川证监局行政监管措施决定书的关注公告,其他,2025-01-24,https://data.eastmoney.com/notices/detail/000688/AN202501231642490314.html
002990,盛视科技,盛视科技:第三届监事会第十八次会议决议公告,监事会决议公告,2025-01-24,https://data.eastmoney.com/notices/detail/002990/AN202501231642490315.html
002990,盛视科技,盛视科技:关于变更持续督导保荐代表人的公告,保荐代表人（机构）变更,2025-01-24,https://data.eastmoney.com/notices/detail/002990/AN202501231642490323.html
002990,盛视科技,盛视科技:2024年限制性股票激励计划首次授予激励对象名单(授予日),股权激励对象名单,2025-01-24,https://data.eastmoney.com/notices/detail/002990/AN202501231642490324.html
000923,河钢资源,河钢资源:关于“质量回报双提升”行动方案的公告,其他,2025-01-24,https://data.eastmoney.com/notices/detail/000923/AN202501231642490316.html
002990,盛视科技,盛视科技:关于调整2024年限制性股票激励计划相关事项的公告,股权激励进展公告,2025-01-24,https://data.eastmoney.com/notices/detail/002990/AN202501231642490318.html
002990,盛视科技,盛视科技:监事会关于2024年限制性股票激励计划首次授予激励对象名单(授予日)的核查意见,专项说明/独立意见,2025-01-24,https://data.eastmoney.com/notices/detail/002990/AN202501231642490321.html
000652,泰达股份,"泰达股份:关于控股子公司泰达环保为二级子公司天津雍泰提供3,000万元担保的公告",提供/对外担保公告,2025-01-24,https://data.eastmoney.com/notices/detail/000652/AN202501231642490320.html
002990,盛视科技,盛视科技:第三届董事会第二十五次会议决议公告,董事会决议公告,2025-01-24,https://data.eastmoney.com/notices/detail/002990/AN202501231642490313.html
002990,盛视科技,盛视科技:国浩律师(深圳)事务所关于盛视科技股份有限公司2024年限制性股票激励计划调整及首次授予事项之法律意见书,法律意见书,2025-01-24,https://data.eastmoney.com/notices/detail/002990/AN202501231642490322.html
688061,灿瑞科技,灿瑞科技:关于以集中竞价方式回购股份的回购报告书,回购报告书,2025-01-24,https://data.eastmoney.com/notices/detail/688061/AN202501231642490310.html
688562,航天软件,航天软件:北京神舟航天软件技术股份有限公司2024年年度业绩预告的公告,业绩预告,2025-01-24,https://data.eastmoney.com/notices/detail/688562/AN202501231642490304.html
300391,长药退,长药控股:重大诉讼公告,诉讼仲裁,2025-01-24,https://data.eastmoney.com/notices/detail/300391/AN202501231642490287.html
300301,ST长方,*ST长方:关于公司股票交易被实施其他风险警示相关事项的进展公告,风险提示性公告,2025-01-24,https://data.eastmoney.com/notices/detail/300301/AN202501231642490298.html
002442,龙星科技,龙星化工:龙星化工关于变更公司名称、证券简称、增加经营范围及修改公司章程暨完成工商登记变更的公告,证券简称变更,2025-01-24,https://data.eastmoney.com/notices/detail/002442/AN202501231642490288.html
002378,章源钨业,章源钨业:简式权益变动报告书,权益变动报告书,2025-01-24,https://data.eastmoney.com/notices/detail/002378/AN202501231642490285.html
002378,章源钨业,章源钨业:关于控股股东权益变动的提示性公告,权益变动报告书,2025-01-24,https://data.eastmoney.com/notices/detail/002378/AN202501231642490299.html
002140,东华科技,东华科技:东华科技关于2019年限制性股票激励计划第四个解除限售期解除限售股份上市流通的提示性公告,限售股份上市流通,2025-01-24,https://data.eastmoney.com/notices/detail/002140/AN202501231642490295.html
000829,天音控股,天音控股:2024年度业绩预告,业绩预告,2025-01-24,https://data.eastmoney.com/notices/detail/000829/AN202501231642490292.html
000605,渤海股份,渤海股份:关于调整公司组织架构的公告,其他,2025-01-24,https://data.eastmoney.com/notices/detail/000605/AN202501231642490289.html
000605,渤海股份,渤海股份:独立董事专门会议2025年第一次会议决议,其他,2025-01-24,https://data.eastmoney.com/notices/detail/000605/AN202501231642490302.html
000605,渤海股份,渤海股份:独立董事提名人声明与承诺(段咏),独立董事提名人声明,2025-01-24,https://data.eastmoney.com/notices/detail/000605/AN202501231642490286.html
000605,渤海股份,渤海股份:独立董事候选人声明与承诺(段咏),独立董事候选人声明,2025-01-24,https://data.eastmoney.com/notices/detail/000605/AN202501231642490294.html
000605,渤海股份,渤海股份:关于公司及子公司担保额度预计的公告,提供/对外担保公告,2025-01-24,https://data.eastmoney.com/notices/detail/000605/AN202501231642490290.html
000605,渤海股份,渤海股份:关于日常关联交易预计的公告,关联交易,2025-01-24,https://data.eastmoney.com/notices/detail/000605/AN202501231642490296.html
000605,渤海股份,渤海股份:关于召开2025年第一次临时股东大会通知,召开股东大会通知,2025-01-24,https://data.eastmoney.com/notices/detail/000605/AN202501231642490301.html
000605,渤海股份,渤海股份:关于第八届董事会第二十次会议决议公告,高管人员任职变动,2025-01-24,https://data.eastmoney.com/notices/detail/000605/AN202501231642490293.html
000155,川能动力,川能动力:关于控股股东增持公司股份计划进展暨权益变动达到1%的公告,权益变动报告书,2025-01-24,https://data.eastmoney.com/notices/detail/000155/AN202501231642490284.html
600256,广汇能源,广汇能源:广汇能源股份有限公司关于控股股东解除部分股权质押及再质押的公告,股份质押、冻结,2025-01-24,https://data.eastmoney.com/notices/detail/600256/AN202501231642490274.html
600256,广汇能源,广汇能源:北京国枫律师事务所关于广汇能源股份有限公司2025年第一次临时股东大会的法律意见书国枫律股字[2025]A0036号,法律意见书,2025-01-24,https://data.eastmoney.com/notices/detail/600256/AN202501231642490275.html
600256,广汇能源,广汇能源:广汇能源股份有限公司2025年第一次临时股东大会决议公告,股东大会决议公告,2025-01-24,https://data.eastmoney.com/notices/detail/600256/AN202501231642490273.html
600256,广汇能源,广汇能源:广汇能源股份有限公司关于2024年12月担保实施进展的公告,其他担保公告,2025-01-24,https://data.eastmoney.com/notices/detail/600256/AN202501231642490276.html
688207,格灵深瞳,格灵深瞳:格灵深瞳第二届监事会第九次会议决议公告,高管人员任职变动,2025-01-24,https://data.eastmoney.com/notices/detail/688207/AN202501231642490265.html
688207,格灵深瞳,格灵深瞳:格灵深瞳关于选举监事会主席的公告,高管人员任职变动,2025-01-24,https://data.eastmoney.com/notices/detail/688207/AN202501231642490266.html
688207,格灵深瞳,格灵深瞳:格灵深瞳2025年第一次临时股东大会决议公告,股东大会决议公告,2025-01-24,https://data.eastmoney.com/notices/detail/688207/AN202501231642490264.html
688207,格灵深瞳,格灵深瞳:北京国枫律师事务所关于北京格灵深瞳信息技术股份有限公司2025年第一次临时股东大会的法律意见书,法律意见书,2025-01-24,https://data.eastmoney.com/notices/detail/688207/AN202501231642490267.html
002615,哈尔斯,哈尔斯:北京市竞天公诚律师事务所关于浙江哈尔斯真空器皿股份有限公司2025年第二次临时股东大会的法律意见书,法律意见书,2025-01-24,https://data.eastmoney.com/notices/detail/002615/AN202501231642490260.html
001368,通达创智,通达创智:通达创智2025年第一次临时股东会法律意见书,法律意见书,2025-01-24,https://data.eastmoney.com/notices/detail/001368/AN202501231642490253.html
002615,哈尔斯,哈尔斯:2025年第二次临时股东大会决议公告,分配方案决议公告,2025-01-24,https://data.eastmoney.com/notices/detail/002615/AN202501231642490255.html
001368,通达创智,通达创智:2025年第一次临时股东会决议公告,股东大会决议公告,2025-01-24,https://data.eastmoney.com/notices/detail/001368/AN202501231642490257.html
000561,烽火电子,烽火电子:烽火电子2024年度业绩预告,业绩预告,2025-01-24,https://data.eastmoney.com/notices/detail/000561/AN202501231642490252.html
600301,华锡有色,华锡有色:广西华锡有色金属股份有限公司2024年年度业绩预告,业绩预告,2025-01-24,https://data.eastmoney.com/notices/detail/600301/AN202501231642490249.html
688787,海天瑞声,海天瑞声:海天瑞声第三届监事会第二次会议决议公告,监事会决议公告,2025-01-24,https://data.eastmoney.com/notices/detail/688787/AN202501231642490214.html
688327,云从科技,云从科技:监事会关于公司2025年限制性股票激励计划首次授予部分激励对象名单的公示情况说明及核查意见,专项说明/独立意见,2025-01-24,https://data.eastmoney.com/notices/detail/688327/AN202501231642490215.html
688787,海天瑞声,海天瑞声:海天瑞声关于使用部分暂时闲置自有资金进行现金管理的公告,投资理财,2025-01-24,https://data.eastmoney.com/notices/detail/688787/AN202501231642490213.html
002709,天赐材料,天赐材料:北京国枫律师事务所关于广州天赐高新材料股份有限公司2025年第一次临时股东大会的法律意见书,法律意见书,2025-01-24,https://data.eastmoney.com/notices/detail/002709/AN202501231642490237.html
002709,天赐材料,天赐材料:关于完成工商变更登记及章程备案的公告,公司经营范围变更,2025-01-24,https://data.eastmoney.com/notices/detail/002709/AN202501231642490231.html
002709,天赐材料,天赐材料:第六届董事会第二十八次会议决议的公告,高管人员任职变动,2025-01-24,https://data.eastmoney.com/notices/detail/002709/AN202501231642490240.html
002709,天赐材料,天赐材料:2025年第一次临时股东大会决议公告,股东大会决议公告,2025-01-24,https://data.eastmoney.com/notices/detail/002709/AN202501231642490222.html
002709,天赐材料,天赐材料:关于回购注销部分限制性股票减少注册资本暨通知债权人的公告,公司注册资本变更,2025-01-24,https://data.eastmoney.com/notices/detail/002709/AN202501231642490244.html
000726,鲁泰A,鲁泰Ａ:鲁泰纺织股份有限公司舆情管理制度(2025年1月制订),管理办法/制度,2025-01-24,https://data.eastmoney.com/notices/detail/000726/AN202501231642490192.html
000726,鲁泰A,鲁泰Ａ:鲁泰纺织股份有限公司日常关联交易预计公告,关联交易,2025-01-24,https://data.eastmoney.com/notices/detail/000726/AN202501231642490206.html
000726,鲁泰A,鲁泰Ａ:第十届董事会第二十八次会议决议公告,董事会决议公告,2025-01-24,https://data.eastmoney.com/notices/detail/000726/AN202501231642490187.html
300995,奇德新材,奇德新材:董事会战略与可持续发展委员会工作细则,议事规则/实施细则,2025-01-24,https://data.eastmoney.com/notices/detail/300995/AN202501231642490234.html
300995,奇德新材,奇德新材:独立董事候选人声明与承诺,独立董事候选人声明,2025-01-24,https://data.eastmoney.com/notices/detail/300995/AN202501231642490241.html
300995,奇德新材,奇德新材:对外投资管理制度,管理办法/制度,2025-01-24,https://data.eastmoney.com/notices/detail/300995/AN202501231642490239.html
300995,奇德新材,奇德新材:独立董事专门会议制度,管理办法/制度,2025-01-24,https://data.eastmoney.com/notices/detail/300995/AN202501231642490228.html
300995,奇德新材,奇德新材:第四届董事会第十八次会议决议公告,高管人员任职变动,2025-01-24,https://data.eastmoney.com/notices/detail/300995/AN202501231642490217.html
300995,奇德新材,奇德新材:关于使用部分自有资金进行现金管理的公告,投资理财,2025-01-24,https://data.eastmoney.com/notices/detail/300995/AN202501231642490229.html
600872,中炬高新,中炬高新:中炬高新2024年年度业绩预减公告,业绩预告,2025-01-24,https://data.eastmoney.com/notices/detail/600872/AN202501231642490209.html
300995,奇德新材,奇德新材:董事、监事、高级管理人员所持本公司股份及其变动管理制度,管理办法/制度,2025-01-24,https://data.eastmoney.com/notices/detail/300995/AN202501231642490226.html
300995,奇德新材,奇德新材:董事会提名委员会关于第四届董事会独立董事候选人任职资格的审查意见,专项说明/独立意见,2025-01-24,https://data.eastmoney.com/notices/detail/300995/AN202501231642490216.html
300995,奇德新材,奇德新材:第四届监事会第十六次会议决议公告,监事会决议公告,2025-01-24,https://data.eastmoney.com/notices/detail/300995/AN202501231642490227.html
300995,奇德新材,奇德新材:关于修订《公司章程》的公告,公司章程修订,2025-01-24,https://data.eastmoney.com/notices/detail/300995/AN202501231642490242.html
300995,奇德新材,奇德新材:关于补选第四届董事会独立董事的公告,高管人员任职变动,2025-01-24,https://data.eastmoney.com/notices/detail/300995/AN202501231642490238.html
300995,奇德新材,奇德新材:关于董事会战略委员会调整为董事会战略与可持续发展委员会并修订其工作细则的公告,议事规则/实施细则,2025-01-24,https://data.eastmoney.com/notices/detail/300995/AN202501231642490219.html
300995,奇德新材,奇德新材:关于修订及制定公司部分治理制度的公告,管理办法/制度,2025-01-24,https://data.eastmoney.com/notices/detail/300995/AN202501231642490224.html
300995,奇德新材,奇德新材:董事会议事规则,议事规则/实施细则,2025-01-24,https://data.eastmoney.com/notices/detail/300995/AN202501231642490232.html
300995,奇德新材,奇德新材:会计师事务所选聘制度,管理办法/制度,2025-01-24,https://data.eastmoney.com/notices/detail/300995/AN202501231642490221.html
300995,奇德新材,奇德新材:章程,公司章程,2025-01-24,https://data.eastmoney.com/notices/detail/300995/AN202501231642490230.html
300995,奇德新材,奇德新材:关于终止与专业投资机构共同投资暨关联交易的公告,关联交易,2025-01-24,https://data.eastmoney.com/notices/detail/300995/AN202501231642490225.html
300995,奇德新材,奇德新材:控股子公司管理制度,管理办法/制度,2025-01-24,https://data.eastmoney.com/notices/detail/300995/AN202501231642490218.html
300995,奇德新材,奇德新材:独立董事工作制度,管理办法/制度,2025-01-24,https://data.eastmoney.com/notices/detail/300995/AN202501231642490223.html
300995,奇德新材,奇德新材:市值管理制度,管理办法/制度,2025-01-24,https://data.eastmoney.com/notices/detail/300995/AN202501231642490220.html
300995,奇德新材,奇德新材:独立董事提名人声明与承诺,独立董事提名人声明,2025-01-24,https://data.eastmoney.com/notices/detail/300995/AN202501231642490243.html
300995,奇德新材,奇德新材:关于召开2025年第一次临时股东大会的通知,召开股东大会通知,2025-01-24,https://data.eastmoney.com/notices/detail/300995/AN202501231642490233.html
003040,楚天龙,楚天龙:关于控股股东部分股份解除质押及再质押的公告,股份质押、冻结,2025-01-24,https://data.eastmoney.com/notices/detail/003040/AN202501231642490193.html
300758,七彩化学,七彩化学:关于预计2025年度日常关联交易的公告,关联交易,2025-01-24,https://data.eastmoney.com/notices/detail/300758/AN202501231642490188.html
300758,七彩化学,七彩化学:第七届监事会第五次会议决议公告,监事会决议公告,2025-01-24,https://data.eastmoney.com/notices/detail/300758/AN202501231642490170.html
002572,索菲亚,索菲亚:2024年度业绩预告,业绩预告,2025-01-24,https://data.eastmoney.com/notices/detail/002572/AN202501231642490197.html
300758,七彩化学,七彩化学:关于公司控股子公司向银行申请综合授信贷款并由公司提供担保的公告,提供/对外担保公告,2025-01-24,https://data.eastmoney.com/notices/detail/300758/AN202501231642490202.html
002782,可立克,可立克:2024年度业绩预告,业绩预告,2025-01-24,https://data.eastmoney.com/notices/detail/002782/AN202501231642490181.html
301015,百洋医药,百洋医药:第三届监事会第二十四次会议决议公告,监事会决议公告,2025-01-24,https://data.eastmoney.com/notices/detail/301015/AN202501231642490190.html
002123,梦网科技,梦网科技:2024年年度业绩预告,业绩预告,2025-01-24,https://data.eastmoney.com/notices/detail/002123/AN202501231642490191.html
300758,七彩化学,七彩化学:关于收到控股子公司分红款的公告,其他,2025-01-24,https://data.eastmoney.com/notices/detail/300758/AN202501231642490168.html
301015,百洋医药,百洋医药:东兴证券股份有限公司关于青岛百洋医药股份有限公司全资子公司认购投资基金份额暨关联交易事项的核查意见,保荐/核查意见,2025-01-24,https://data.eastmoney.com/notices/detail/301015/AN202501231642490172.html
002966,苏州银行,苏州银行:关于苏行转债赎回实施的第二次提示性公告,其他,2025-01-24,https://data.eastmoney.com/notices/detail/002966/AN202501231642490203.html
002984,森麒麟,森麒麟:2024年度业绩预告,业绩预告,2025-01-24,https://data.eastmoney.com/notices/detail/002984/AN202501231642490196.html
002041,登海种业,登海种业:2024年度业绩预告,业绩预告,2025-01-24,https://data.eastmoney.com/notices/detail/002041/AN202501231642490184.html
301015,百洋医药,百洋医药:2024年度关联交易确认及2025年度日常关联交易预计公告,关联交易,2025-01-24,https://data.eastmoney.com/notices/detail/301015/AN202501231642490164.html
301015,百洋医药,百洋医药:内部控制管理制度,管理办法/制度,2025-01-24,https://data.eastmoney.com/notices/detail/301015/AN202501231642490208.html
002240,盛新锂能,盛新锂能:2024年度业绩预告,业绩预告,2025-01-24,https://data.eastmoney.com/notices/detail/002240/AN202501231642490180.html
003012,东鹏控股,东鹏控股:关于首次回购公司股份的公告,回购实施公告,2025-01-24,https://data.eastmoney.com/notices/detail/003012/AN202501231642490171.html
301015,百洋医药,百洋医药:东兴证券股份有限公司关于青岛百洋医药股份有限公司全资子公司签订制造服务协议暨日常关联交易事项的核查意见,保荐/核查意见,2025-01-24,https://data.eastmoney.com/notices/detail/301015/AN202501231642490205.html
002144,宏达高科,宏达高科:2024年度业绩预告,业绩预告,2025-01-24,https://data.eastmoney.com/notices/detail/002144/AN202501231642490167.html
301015,百洋医药,百洋医药:第三届董事会第二十九次会议决议公告,董事会决议公告,2025-01-24,https://data.eastmoney.com/notices/detail/301015/AN202501231642490185.html
301015,百洋医药,百洋医药:关于召开2025年第二次临时股东大会的通知,召开股东大会通知,2025-01-24,https://data.eastmoney.com/notices/detail/301015/AN202501231642490194.html
002153,石基信息,石基信息:2024年度业绩预告,业绩预告,2025-01-24,https://data.eastmoney.com/notices/detail/002153/AN202501231642490169.html
300758,七彩化学,七彩化学:关于公司申请银行授信额度并提供抵押担保和接受关联方担保的公告,提供/对外担保公告,2025-01-24,https://data.eastmoney.com/notices/detail/300758/AN202501231642490175.html
300758,七彩化学,七彩化学:关于召开2025年第一次临时股东大会的通知,召开股东大会通知,2025-01-24,https://data.eastmoney.com/notices/detail/300758/AN202501231642490163.html
002137,实益达,实益达:2024年度业绩预告,业绩预告,2025-01-24,https://data.eastmoney.com/notices/detail/002137/AN202501231642490207.html
301015,百洋医药,百洋医药:东兴证券股份有限公司关于青岛百洋医药股份有限公司2024年度关联交易确认及2025年度日常关联交易预计事项的核查意见,保荐/核查意见,2025-01-24,https://data.eastmoney.com/notices/detail/301015/AN202501231642490182.html
300758,七彩化学,七彩化学:第七届董事会第五次会议决议公告,董事会决议公告,2025-01-24,https://data.eastmoney.com/notices/detail/300758/AN202501231642490183.html
000850,华茂股份,华茂股份:2024年度业绩预告,业绩预告,2025-01-24,https://data.eastmoney.com/notices/detail/000850/AN202501231642490177.html
002144,宏达高科,宏达高科:关于2024年度拟计提减值准备的公告,其他,2025-01-24,https://data.eastmoney.com/notices/detail/002144/AN202501231642490162.html
301015,百洋医药,百洋医药:关于全资子公司认购投资基金份额暨关联交易的公告,关联交易,2025-01-24,https://data.eastmoney.com/notices/detail/301015/AN202501231642490165.html
301015,百洋医药,百洋医药:关于全资子公司签订制造服务协议暨日常关联交易的公告,签订协议,2025-01-24,https://data.eastmoney.com/notices/detail/301015/AN202501231642490201.html
300173,ST福能,福能东方:2024年度业绩预告,业绩预告,2025-01-24,https://data.eastmoney.com/notices/detail/300173/AN202501231642489847.html
300780,德恩精工,德恩精工:2024年度业绩预告,业绩预告,2025-01-24,https://data.eastmoney.com/notices/detail/300780/AN202501231642489844.html
688793,倍轻松,倍轻松:关于诉讼结果的公告,诉讼仲裁,2025-01-24,https://data.eastmoney.com/notices/detail/688793/AN202501231642489840.html
688793,倍轻松,倍轻松:2024年员工持股计划第一次持有人会议决议公告,员工持股计划,2025-01-24,https://data.eastmoney.com/notices/detail/688793/AN202501231642489841.html
300543,朗科智能,朗科智能:关于注销部分募集资金专项账户的公告,其他,2025-01-24,https://data.eastmoney.com/notices/detail/300543/AN202501231642489824.html
300543,朗科智能,朗科智能:关于可转换公司债券付息的公告,其他,2025-01-24,https://data.eastmoney.com/notices/detail/300543/AN202501231642489801.html
300543,朗科智能,朗科智能:2024年年度业绩预告,业绩预告,2025-01-24,https://data.eastmoney.com/notices/detail/300543/AN202501231642489823.html
002723,小崧股份,小崧股份:广东小崧科技股份有限公司舆情管理制度(2025年1月),管理办法/制度,2025-01-24,https://data.eastmoney.com/notices/detail/002723/AN202501231642489806.html
002723,小崧股份,小崧股份:关于2024年第四季度工程施工业务经营情况的公告,月度经营情况,2025-01-24,https://data.eastmoney.com/notices/detail/002723/AN202501231642489813.html
002723,小崧股份,小崧股份:关于2024年度拟计提减值准备的公告,其他,2025-01-24,https://data.eastmoney.com/notices/detail/002723/AN202501231642489817.html
002723,小崧股份,小崧股份:关于第六届董事会第十七次会议决议的公告,董事会决议公告,2025-01-24,https://data.eastmoney.com/notices/detail/002723/AN202501231642489820.html
002723,小崧股份,小崧股份:2024年度业绩预告,业绩预告,2025-01-24,https://data.eastmoney.com/notices/detail/002723/AN202501231642489807.html
001296,长江材料,长江材料:关于回购股份完成暨股份变动公告,股本变动,2025-01-24,https://data.eastmoney.com/notices/detail/001296/AN202501231642489814.html
000977,浪潮信息,浪潮信息:独立董事候选人关于参加最近一期独立董事培训并取得独立董事资格证书的承诺,高管人员任职变动,2025-01-24,https://data.eastmoney.com/notices/detail/000977/AN202501231642489816.html
000977,浪潮信息,浪潮信息:董事会提名委员会关于第九届董事会独立董事候选人任职资格的审查意见,专项说明/独立意见,2025-01-24,https://data.eastmoney.com/notices/detail/000977/AN202501231642489811.html
000977,浪潮信息,浪潮信息:独立董事提名人声明与承诺(关鑫),独立董事提名人声明,2025-01-24,https://data.eastmoney.com/notices/detail/000977/AN202501231642489819.html
000977,浪潮信息,浪潮信息:独立董事候选人声明与承诺(关鑫),独立董事候选人声明,2025-01-24,https://data.eastmoney.com/notices/detail/000977/AN202501231642489802.html
000977,浪潮信息,浪潮信息:关于监事辞职暨补选非职工代表监事的公告,高管人员任职变动,2025-01-24,https://data.eastmoney.com/notices/detail/000977/AN202501231642489812.html
000977,浪潮信息,浪潮信息:关于改选公司独立董事及调整董事会专门委员会成员的公告,高管人员任职变动,2025-01-24,https://data.eastmoney.com/notices/detail/000977/AN202501231642489822.html
000977,浪潮信息,浪潮信息:第九届监事会第九次会议决议公告,高管人员任职变动,2025-01-24,https://data.eastmoney.com/notices/detail/000977/AN202501231642489818.html
000977,浪潮信息,浪潮信息:第九届董事会第十一次会议决议公告,高管人员任职变动,2025-01-24,https://data.eastmoney.com/notices/detail/000977/AN202501231642489810.html
000977,浪潮信息,浪潮信息:关于召开2025年第一次临时股东大会的通知,召开股东大会通知,2025-01-24,https://data.eastmoney.com/notices/detail/000977/AN202501231642489808.html
000936,华西股份,华西股份:2024年度业绩预告,业绩预告,2025-01-24,https://data.eastmoney.com/notices/detail/000936/AN202501231642489821.html
000860,顺鑫农业,顺鑫农业:2024年度业绩预告,业绩预告,2025-01-24,https://data.eastmoney.com/notices/detail/000860/AN202501231642489804.html
000428,华天酒店,华天酒店:2024年度业绩预告,业绩预告,2025-01-24,https://data.eastmoney.com/notices/detail/000428/AN202501231642489803.html
603609,禾丰股份,禾丰股份:禾丰股份2024年度业绩预告,业绩预告,2025-01-24,https://data.eastmoney.com/notices/detail/603609/AN202501231642489794.html
603609,禾丰股份,禾丰股份:禾丰股份关于拟计提资产减值损失的提示性公告,其他,2025-01-24,https://data.eastmoney.com/notices/detail/603609/AN202501231642489792.html
002453,华软科技,华软科技:股票交易异常波动的公告,股票交易异常波动,2025-01-24,https://data.eastmoney.com/notices/detail/002453/AN202501231642489785.html
603127,昭衍新药,昭衍新药:北京昭衍新药研究中心股份有限公司第四届董事会第十二次会议决议公告,高管人员任职变动,2025-01-24,https://data.eastmoney.com/notices/detail/603127/AN202501231642489771.html
688350,富淼科技,富淼科技:江苏富淼科技股份有限公司关于控股股东筹划控制权变更事项的停牌公告,停牌公告,2025-01-24,https://data.eastmoney.com/notices/detail/688350/AN202501231642489769.html
000042,中洲控股,中洲控股:关于公司股东股份冻结情况的公告,股份质押、冻结,2025-01-24,https://data.eastmoney.com/notices/detail/000042/AN202501231642489770.html
600196,复星医药,复星医药:复星医药H股公告-翌日披露报表,其他,2025-01-24,https://data.eastmoney.com/notices/detail/600196/AN202501231642489654.html
600456,宝钛股份,宝钛股份:宝鸡钛业股份有限公司2025年第一次临时股东大会决议公告,股东大会决议公告,2025-01-24,https://data.eastmoney.com/notices/detail/600456/AN202501231642489761.html
600456,宝钛股份,宝钛股份:北京观韬(西安)律师事务所关于宝鸡钛业股份有限公司2025年第一次临时股东大会的法律意见书,法律意见书,2025-01-24,https://data.eastmoney.com/notices/detail/600456/AN202501231642489762.html
000042,中洲控股,中洲控股:关于公司及子公司为子公司融资提供担保的公告,提供/对外担保公告,2025-01-24,https://data.eastmoney.com/notices/detail/000042/AN202501231642489763.html
688656,浩欧博,浩欧博:江苏浩欧博生物医药股份有限公司关于双润正安信息咨询(北京)有限公司要约收购结果暨股票复牌的公告,复牌公告,2025-01-24,https://data.eastmoney.com/notices/detail/688656/AN202501231642489630.html
603323,苏农银行,苏农银行:苏农银行第七届监事会第六次会议决议公告,监事会决议公告,2025-01-24,https://data.eastmoney.com/notices/detail/603323/AN202501231642489628.html
688656,浩欧博,浩欧博:江苏浩欧博生物医药股份有限公司关于双润正安信息咨询(北京)有限公司要约收购公司股份的清算公告,其他,2025-01-24,https://data.eastmoney.com/notices/detail/688656/AN202501231642489629.html
603323,苏农银行,苏农银行:苏农银行第七届董事会第六次会议决议公告,董事会决议公告,2025-01-24,https://data.eastmoney.com/notices/detail/603323/AN202501231642489627.html
002550,千红制药,千红制药:2024年度业绩预告,业绩预告,2025-01-24,https://data.eastmoney.com/notices/detail/002550/AN202501231642489637.html
688651,盛邦安全,盛邦安全:2024年年度业绩预告,业绩预告,2025-01-24,https://data.eastmoney.com/notices/detail/688651/AN202501231642489625.html
600488,津药药业,津药药业:津药药业股份有限公司2025年第一次临时股东大会决议公告,股东大会决议公告,2025-01-24,https://data.eastmoney.com/notices/detail/600488/AN202501231642489598.html
600488,津药药业,津药药业:津药药业股份有限公司关于计提资产减值准备的公告,其他,2025-01-24,https://data.eastmoney.com/notices/detail/600488/AN202501231642489595.html
600488,津药药业,津药药业:津药药业股份有限公司第九届监事会第十次会议决议公告,监事会决议公告,2025-01-24,https://data.eastmoney.com/notices/detail/600488/AN202501231642489600.html
600488,津药药业,津药药业:天津长实律师事务所关于津药药业2025年第一次临时股东大会的法律意见书,法律意见书,2025-01-24,https://data.eastmoney.com/notices/detail/600488/AN202501231642489596.html
600488,津药药业,津药药业:津药药业股份有限公司反舞弊制度(2025年1月),管理办法/制度,2025-01-24,https://data.eastmoney.com/notices/detail/600488/AN202501231642489594.html
600488,津药药业,津药药业:津药药业股份有限公司第九届董事会第十四次会议决议公告,董事会决议公告,2025-01-24,https://data.eastmoney.com/notices/detail/600488/AN202501231642489597.html
600488,津药药业,津药药业:津药药业股份有限公司可持续发展管理制度(2025年1月),管理办法/制度,2025-01-24,https://data.eastmoney.com/notices/detail/600488/AN202501231642489599.html
600705,中航产融,中航产融:中航产融2025年第一次临时股东大会会议文件,股东大会资料,2025-01-24,https://data.eastmoney.com/notices/detail/600705/AN202501231642489499.html
600129,太极集团,太极集团:太极集团2024年年度业绩预减公告,业绩预告,2025-01-24,https://data.eastmoney.com/notices/detail/600129/AN202501231642489494.html
003043,华亚智能,华亚智能:上海市锦天城律师事务所关于华亚智能2025年第一次临时股东大会的法律意见书,法律意见书,2025-01-24,https://data.eastmoney.com/notices/detail/003043/AN202501231642489611.html
003043,华亚智能,华亚智能:2025年第一次临时股东大会决议公告,股东大会决议公告,2025-01-24,https://data.eastmoney.com/notices/detail/003043/AN202501231642489609.html
000627,*ST天茂,天茂集团:天茂实业集团股份有限公司股票交易异常波动公告,股票交易异常波动,2025-01-24,https://data.eastmoney.com/notices/detail/000627/AN202501231642489620.html
000680,山推股份,山推股份:中泰证券股份有限公司关于山推工程机械股份有限公司募投项目结项并将节余募集资金永久补充流动资金及注销募集资金专户的核查意见,保荐/核查意见,2025-01-24,https://data.eastmoney.com/notices/detail/000680/AN202501231642489605.html
003013,地铁设计,地铁设计:公司章程(2025年1月修订),公司章程修订,2025-01-24,https://data.eastmoney.com/notices/detail/003013/AN202501231642489601.html
003013,地铁设计,地铁设计:监事会议事规则,议事规则/实施细则,2025-01-24,https://data.eastmoney.com/notices/detail/003013/AN202501231642489607.html
003013,地铁设计,地铁设计:董事会议事规则,议事规则/实施细则,2025-01-24,https://data.eastmoney.com/notices/detail/003013/AN202501231642489606.html
003013,地铁设计,地铁设计:股东会议事规则,议事规则/实施细则,2025-01-24,https://data.eastmoney.com/notices/detail/003013/AN202501231642489604.html
003013,地铁设计,地铁设计:关于变更公司注册地址、注册资本并修订《公司章程》的公告,公司注册地址变更,2025-01-24,https://data.eastmoney.com/notices/detail/003013/AN202501231642489616.html
003013,地铁设计,地铁设计:第三届监事会第三次会议决议公告,监事会决议公告,2025-01-24,https://data.eastmoney.com/notices/detail/003013/AN202501231642489614.html
003013,地铁设计,地铁设计:第三届董事会第三次会议决议公告,董事会决议公告,2025-01-24,https://data.eastmoney.com/notices/detail/003013/AN202501231642489619.html
002810,山东赫达,山东赫达:北京市齐致(济南)律师事务所关于山东赫达集团股份有限公司2025年第一次临时股东大会的法律意见书,法律意见书,2025-01-24,https://data.eastmoney.com/notices/detail/002810/AN202501231642489615.html
002810,山东赫达,山东赫达:关于公司2025年第一次临时股东大会决议的公告,股东大会决议公告,2025-01-24,https://data.eastmoney.com/notices/detail/002810/AN202501231642489613.html
000733,振华科技,振华科技:关于控股股东增持公司股份计划进展的公告,股东/实际控制人股份增持,2025-01-24,https://data.eastmoney.com/notices/detail/000733/AN202501231642489617.html
301090,华润材料,华润材料:第二届董事会第十八次会议决议公告,高管人员任职变动,2025-01-24,https://data.eastmoney.com/notices/detail/301090/AN202501231642489602.html
301090,华润材料,华润材料:关于召开2025年第一次临时股东大会通知的公告,召开股东大会通知,2025-01-24,https://data.eastmoney.com/notices/detail/301090/AN202501231642489608.html
301090,华润材料,华润材料:关于聘任公司总经理、补选非独立董事暨调整董事会专门委员会成员的公告,高管人员任职变动,2025-01-24,https://data.eastmoney.com/notices/detail/301090/AN202501231642489603.html
301090,华润材料,华润材料:第二届监事会第十六次会议决议公告,监事会决议公告,2025-01-24,https://data.eastmoney.com/notices/detail/301090/AN202501231642489612.html
301090,华润材料,华润材料:关于公司全资子公司与江阴澄高包装材料有限公司2025年度日常交易预计的公告,其他,2025-01-24,https://data.eastmoney.com/notices/detail/301090/AN202501231642489618.html
301090,华润材料,华润材料:2024年度业绩预告,业绩预告,2025-01-24,https://data.eastmoney.com/notices/detail/301090/AN202501231642489610.html
601881,中国银河,中国银河:第五届董事会第二次会议(临时)决议公告,董事会决议公告,2025-01-24,https://data.eastmoney.com/notices/detail/601881/AN202501231642489028.html
600851,海欣股份,海欣股份:上海海欣集团股份有限公司2025年第一次临时股东大会决议公告,股东大会决议公告,2025-01-24,https://data.eastmoney.com/notices/detail/600851/AN202501231642489035.html
601881,中国银河,中国银河:2025年第一次临时股东大会会议资料,股东大会资料,2025-01-24,https://data.eastmoney.com/notices/detail/601881/AN202501231642489031.html
600851,海欣股份,海欣股份:上海海欣集团股份有限公司第十一届董事会第七次会议决议公告,高管人员任职变动,2025-01-24,https://data.eastmoney.com/notices/detail/600851/AN202501231642489032.html
601881,中国银河,中国银河:2024年度业绩快报公告,业绩快报,2025-01-24,https://data.eastmoney.com/notices/detail/601881/AN202501231642489023.html
601881,中国银河,中国银河:关于召开2025年第一次临时股东大会的通知,召开股东大会通知,2025-01-24,https://data.eastmoney.com/notices/detail/601881/AN202501231642489037.html
600851,海欣股份,海欣股份:关于上海海欣集团股份有限公司2025年第一次临时股东大会的法律意见书,法律意见书,2025-01-24,https://data.eastmoney.com/notices/detail/600851/AN202501231642489030.html
688590,新致软件,新致软件:2024年年度业绩预告,业绩预告,2025-01-24,https://data.eastmoney.com/notices/detail/688590/AN202501231642489045.html
600728,佳都科技,佳都科技:佳都科技关于独立董事辞职暨提名独立董事候选人的公告,高管人员任职变动,2025-01-24,https://data.eastmoney.com/notices/detail/600728/AN202501231642489026.html
600728,佳都科技,佳都科技:佳都科技关于使用部分闲置募集资金暂时补充流动资金的公告,募集资金补充流动资金,2025-01-24,https://data.eastmoney.com/notices/detail/600728/AN202501231642489025.html
600728,佳都科技,佳都科技:佳都科技第十届董事会2025年第二次临时会议决议公告,高管人员任职变动,2025-01-24,https://data.eastmoney.com/notices/detail/600728/AN202501231642489038.html
600728,佳都科技,佳都科技:佳都科技第十届监事会2025年第二次临时会议决议公告,监事会决议公告,2025-01-24,https://data.eastmoney.com/notices/detail/600728/AN202501231642489027.html
600728,佳都科技,佳都科技:独立董事候选人声明与承诺(王涛),独立董事候选人声明,2025-01-24,https://data.eastmoney.com/notices/detail/600728/AN202501231642489034.html
600728,佳都科技,佳都科技:佳都科技关于公司全资子公司放弃参股公司股权优先购买权暨关联交易的公告,关联交易,2025-01-24,https://data.eastmoney.com/notices/detail/600728/AN202501231642489033.html
600728,佳都科技,佳都科技:独立董事提名人声明与承诺(王涛),独立董事提名人声明,2025-01-24,https://data.eastmoney.com/notices/detail/600728/AN202501231642489036.html
600728,佳都科技,佳都科技:佳都科技2025年第二次临时股东大会通知,召开股东大会通知,2025-01-24,https://data.eastmoney.com/notices/detail/600728/AN202501231642489029.html
600728,佳都科技,佳都科技:广发证券股份有限公司关于佳都科技集团股份有限公司使用部分闲置募集资金暂时补充流动资金的核查意见,保荐/核查意见,2025-01-24,https://data.eastmoney.com/notices/detail/600728/AN202501231642489024.html
688767,博拓生物,博拓生物:博拓生物2024年年度业绩预告,业绩预告,2025-01-24,https://data.eastmoney.com/notices/detail/688767/AN202501231642489022.html
000680,山推股份,山推股份:山推工程机械股份有限公司关于募投项目结项并将节余募集资金永久补充流动资金及注销募集资金专户的公告,募集资金补充流动资金,2025-01-24,https://data.eastmoney.com/notices/detail/000680/AN202501231642489048.html
603779,威龙股份,威龙股份:威龙葡萄酒股份有限公司2024年年度业绩预告,业绩预告,2025-01-24,https://data.eastmoney.com/notices/detail/603779/AN202501231642488975.html
000751,锌业股份,锌业股份:葫芦岛锌业股份有限公司关于审计机构变更项目合伙人及质量控制复核人的公告,审计机构变更,2025-01-24,https://data.eastmoney.com/notices/detail/000751/AN202501231642489013.html
000751,锌业股份,锌业股份:葫芦岛锌业股份有限公司2024年度业绩预告,业绩预告,2025-01-24,https://data.eastmoney.com/notices/detail/000751/AN202501231642488990.html
000526,学大教育,学大教育:关于股东股份质押的公告,股份质押、冻结,2025-01-24,https://data.eastmoney.com/notices/detail/000526/AN202501231642488989.html
001332,锡装股份,锡装股份:兴业证券股份有限公司关于无锡化工装备股份有限公司2024年度定期现场检查报告,保荐/核查意见,2025-01-24,https://data.eastmoney.com/notices/detail/001332/AN202501231642488985.html
000586,汇源通信,汇源通信:四川汇源光通信股份有限公司股票交易异常波动公告,股票交易异常波动,2025-01-24,https://data.eastmoney.com/notices/detail/000586/AN202501231642488996.html
600753,ST海钦,庚星股份:庚星股份2024年度业绩预亏公告,业绩预告,2025-01-24,https://data.eastmoney.com/notices/detail/600753/AN202501231642488965.html
301390,经纬股份,经纬股份:独立董事提名人声明与承诺(王凤祥),独立董事提名人声明,2025-01-24,https://data.eastmoney.com/notices/detail/301390/AN202501231642488982.html
301390,经纬股份,经纬股份:独立董事提名人声明与承诺(杨隽萍),独立董事提名人声明,2025-01-24,https://data.eastmoney.com/notices/detail/301390/AN202501231642488987.html
301390,经纬股份,经纬股份:关于召开2025年第一次临时股东大会的通知,召开股东大会通知,2025-01-24,https://data.eastmoney.com/notices/detail/301390/AN202501231642488991.html
301390,经纬股份,经纬股份:海通证券股份有限公司关于杭州经纬信息技术股份有限公司部分募集资金投资项目增加实施主体的核查意见,保荐/核查意见,2025-01-24,https://data.eastmoney.com/notices/detail/301390/AN202501231642488981.html
301390,经纬股份,经纬股份:关于部分募集资金投资项目增加实施主体的公告,变更募集资金投资项目,2025-01-24,https://data.eastmoney.com/notices/detail/301390/AN202501231642489004.html
301390,经纬股份,经纬股份:独立董事候选人声明与承诺(王凤祥),独立董事候选人声明,2025-01-24,https://data.eastmoney.com/notices/detail/301390/AN202501231642488993.html
301390,经纬股份,经纬股份:舆情管理制度(2025年1月制定),管理办法/制度,2025-01-24,https://data.eastmoney.com/notices/detail/301390/AN202501231642488992.html
301390,经纬股份,经纬股份:关于董事会、监事会换届选举的公告,高管人员任职变动,2025-01-24,https://data.eastmoney.com/notices/detail/301390/AN202501231642489012.html
301390,经纬股份,经纬股份:第三届监事会第十八次会议决议公告,高管人员任职变动,2025-01-24,https://data.eastmoney.com/notices/detail/301390/AN202501231642488999.html
301390,经纬股份,经纬股份:公司章程(2025年1月),公司章程,2025-01-24,https://data.eastmoney.com/notices/detail/301390/AN202501231642489003.html
301390,经纬股份,经纬股份:关于选举第四届监事会职工代表监事的公告,高管人员任职变动,2025-01-24,https://data.eastmoney.com/notices/detail/301390/AN202501231642488988.html
301390,经纬股份,经纬股份:独立董事候选人声明与承诺(杨隽萍),独立董事候选人声明,2025-01-24,https://data.eastmoney.com/notices/detail/301390/AN202501231642489007.html
301390,经纬股份,经纬股份:关于修订《公司章程》的公告,公司章程修订,2025-01-24,https://data.eastmoney.com/notices/detail/301390/AN202501231642489010.html
301390,经纬股份,经纬股份:第三届董事会提名委员会关于第四届董事会董事候选人任职资格的审查意见,专项说明/独立意见,2025-01-24,https://data.eastmoney.com/notices/detail/301390/AN202501231642488994.html
301390,经纬股份,经纬股份:第三届董事会第十九次会议决议公告,高管人员任职变动,2025-01-24,https://data.eastmoney.com/notices/detail/301390/AN202501231642488998.html
301189,奥尼电子,奥尼电子:2025年限制性股票激励计划激励对象名单,股权激励对象名单,2025-01-24,https://data.eastmoney.com/notices/detail/301189/AN202501231642488980.html
301189,奥尼电子,奥尼电子:2025年限制性股票激励计划(草案),股权激励计划,2025-01-24,https://data.eastmoney.com/notices/detail/301189/AN202501231642489009.html
301189,奥尼电子,奥尼电子:2025年限制性股票激励计划实施考核管理办法,管理办法/制度,2025-01-24,https://data.eastmoney.com/notices/detail/301189/AN202501231642489001.html
301189,奥尼电子,奥尼电子:关于召开2025年第一次临时股东大会的通知,召开股东大会通知,2025-01-24,https://data.eastmoney.com/notices/detail/301189/AN202501231642488984.html
301189,奥尼电子,奥尼电子:关于公司监事辞职暨补选非职工代表监事的公告,高管人员任职变动,2025-01-24,https://data.eastmoney.com/notices/detail/301189/AN202501231642489006.html
301189,奥尼电子,奥尼电子:独立董事关于公开征集表决权的公告,其他,2025-01-24,https://data.eastmoney.com/notices/detail/301189/AN202501231642489002.html
301189,奥尼电子,奥尼电子:浙江天册(深圳)律师事务所关于深圳奥尼电子股份有限公司2025年限制性股票激励计划(草案)的法律意见书,法律意见书,2025-01-24,https://data.eastmoney.com/notices/detail/301189/AN202501231642489011.html
301189,奥尼电子,奥尼电子:2025年限制性股票激励计划(草案)摘要,股权激励计划摘要,2025-01-24,https://data.eastmoney.com/notices/detail/301189/AN202501231642489014.html
301189,奥尼电子,奥尼电子:第三届监事会第十三次会议决议公告,高管人员任职变动,2025-01-24,https://data.eastmoney.com/notices/detail/301189/AN202501231642488979.html
301189,奥尼电子,奥尼电子:2025年限制性股票激励计划自查表,股权激励计划,2025-01-24,https://data.eastmoney.com/notices/detail/301189/AN202501231642488997.html
301189,奥尼电子,奥尼电子:第三届董事会第十三次会议决议公告,董事会决议公告,2025-01-24,https://data.eastmoney.com/notices/detail/301189/AN202501231642489008.html
300348,长亮科技,长亮科技:海通证券股份有限公司关于深圳市长亮科技股份有限公司向特定对象发行股票限售股解除限售并上市流通之核查意见,保荐/核查意见,2025-01-24,https://data.eastmoney.com/notices/detail/300348/AN202501231642488986.html
300348,长亮科技,长亮科技:关于向特定对象发行股票限售股解除限售并上市流通的提示性公告,限售股份上市流通,2025-01-24,https://data.eastmoney.com/notices/detail/300348/AN202501231642488995.html
300264,佳创视讯,佳创视讯:2025年第一次临时股东大会的法律意见书,法律意见书,2025-01-24,https://data.eastmoney.com/notices/detail/300264/AN202501231642489005.html
300264,佳创视讯,佳创视讯:2025年第一次临时股东大会决议公告,股东大会决议公告,2025-01-24,https://data.eastmoney.com/notices/detail/300264/AN202501231642488978.html
300201,海伦哲,海伦哲:关于徐州海伦哲专用车辆股份有限公司2025年第二次临时股东会的法律意见书,法律意见书,2025-01-24,https://data.eastmoney.com/notices/detail/300201/AN202501231642489000.html
300201,海伦哲,海伦哲:2025年第二次临时股东会决议公告,股东大会决议公告,2025-01-24,https://data.eastmoney.com/notices/detail/300201/AN202501231642488983.html
600753,ST海钦,庚星股份:庚星股份关于公司股票可能被实施退市风险警示的提示性公告,其它风险提示公告,2025-01-24,https://data.eastmoney.com/notices/detail/600753/AN202501231642488963.html
600753,ST海钦,庚星股份:庚星股份2025年第一次临时股东大会法律意见书,法律意见书,2025-01-24,https://data.eastmoney.com/notices/detail/600753/AN202501231642488964.html
600753,ST海钦,庚星股份:庚星股份关于拟计提资产减值准备及终止确认部分递延所得税资产的提示性公告,其他,2025-01-24,https://data.eastmoney.com/notices/detail/600753/AN202501231642488962.html
600753,ST海钦,庚星股份:庚星股份2025年第一次临时股东大会决议公告,股东大会决议公告,2025-01-24,https://data.eastmoney.com/notices/detail/600753/AN202501231642488961.html
688296,和达科技,和达科技:和达科技2024年年度业绩预告,业绩预告,2025-01-24,https://data.eastmoney.com/notices/detail/688296/AN202501231642488960.html
603929,亚翔集成,亚翔集成:亚翔集成-关于2024年度业绩预增公告,业绩预告,2025-01-24,https://data.eastmoney.com/notices/detail/603929/AN202501231642488853.html
688562,航天软件,航天软件:国信证券股份有限公司关于北京神舟航天软件技术股份有限公司2024年度持续督导工作现场检查报告,保荐/核查意见,2025-01-24,https://data.eastmoney.com/notices/detail/688562/AN202501231642488850.html
688225,亚信安全,亚信安全:关于制定《外汇套期保值业务管理制度》的公告,管理办法/制度,2025-01-24,https://data.eastmoney.com/notices/detail/688225/AN202501231642488834.html
688225,亚信安全,亚信安全:中国国际金融股份有限公司关于亚信安全科技股份有限公司预计2025年度日常关联交易的核查意见,保荐/核查意见,2025-01-24,https://data.eastmoney.com/notices/detail/688225/AN202501231642488830.html
688225,亚信安全,亚信安全:2024年年度业绩预告,业绩预告,2025-01-24,https://data.eastmoney.com/notices/detail/688225/AN202501231642488835.html
688225,亚信安全,亚信安全:关于2024年度日常关联交易执行情况及2025年年度日常关联交易预计的公告,关联交易,2025-01-24,https://data.eastmoney.com/notices/detail/688225/AN202501231642488842.html
688225,亚信安全,亚信安全:中国国际金融股份有限公司关于亚信安全科技股份有限公司与子公司向银行申请授信额度并提供担保的核查意见,保荐/核查意见,2025-01-24,https://data.eastmoney.com/notices/detail/688225/AN202501231642488833.html
688225,亚信安全,亚信安全:关于使用部分闲置自有资金购买理财产品的公告,投资理财,2025-01-24,https://data.eastmoney.com/notices/detail/688225/AN202501231642488840.html
688225,亚信安全,亚信安全:中国国际金融股份有限公司关于亚信安全科技股份有限公司使用部分暂时闲置募集资金进行现金管理的核查意见,保荐/核查意见,2025-01-24,https://data.eastmoney.com/notices/detail/688225/AN202501231642488839.html
688225,亚信安全,亚信安全:关于2025年度控股子公司开展外汇套期保值业务的公告,其他,2025-01-24,https://data.eastmoney.com/notices/detail/688225/AN202501231642488832.html
688225,亚信安全,亚信安全:亚信安全2025年第一次临时股东大会会议资料,股东大会资料,2025-01-24,https://data.eastmoney.com/notices/detail/688225/AN202501231642488836.html
688225,亚信安全,亚信安全:中国国际金融股份有限公司关于亚信安全科技股份有限公司控股子公司开展外汇套期保值业务的核查意见,保荐/核查意见,2025-01-24,https://data.eastmoney.com/notices/detail/688225/AN202501231642488841.html
688225,亚信安全,亚信安全:关于使用部分暂时闲置募集资金进行现金管理的公告,投资理财,2025-01-24,https://data.eastmoney.com/notices/detail/688225/AN202501231642488837.html
688225,亚信安全,亚信安全:关于2025年度控股子公司开展外汇套期保值业务的可行性分析报告,其他,2025-01-24,https://data.eastmoney.com/notices/detail/688225/AN202501231642488843.html
688225,亚信安全,亚信安全:关于召开2025年第一次临时股东大会的通知,召开股东大会通知,2025-01-24,https://data.eastmoney.com/notices/detail/688225/AN202501231642488844.html
688225,亚信安全,亚信安全:第二届监事会第十五次会议决议的公告,监事会决议公告,2025-01-24,https://data.eastmoney.com/notices/detail/688225/AN202501231642488838.html
688225,亚信安全,亚信安全:关于2025年度公司及子公司申请授信额度及担保的公告,其他担保公告,2025-01-24,https://data.eastmoney.com/notices/detail/688225/AN202501231642488831.html
002460,赣锋锂业,赣锋锂业:关于赣锋锂电为全资子公司提供担保的进展公告,提供/对外担保公告,2025-01-24,https://data.eastmoney.com/notices/detail/002460/AN202501231642488800.html
001289,龙源电力,龙源电力:龙源电力集团股份有限公司关于变更职工代表监事的公告,高管人员任职变动,2025-01-24,https://data.eastmoney.com/notices/detail/001289/AN202501231642488806.html
000555,神州信息,神州信息:关于为公司及其控股子公司提供担保的进展公告,提供/对外担保公告,2025-01-24,https://data.eastmoney.com/notices/detail/000555/AN202501231642488795.html
000608,阳光股份,阳光股份:关于公司及子公司对外提供担保的公告,提供/对外担保公告,2025-01-24,https://data.eastmoney.com/notices/detail/000608/AN202501231642488815.html
001301,尚太科技,尚太科技:石家庄尚太科技股份有限公司关于变更保荐代表人的公告,保荐代表人（机构）变更,2025-01-24,https://data.eastmoney.com/notices/detail/001301/AN202501231642488810.html
002967,广电计量,广电计量:关于2025年技术改造计划的公告,其他,2025-01-24,https://data.eastmoney.com/notices/detail/002967/AN202501231642488812.html
300129,泰胜风能,泰胜风能:华泰联合证券有限责任公司关于上海泰胜风能装备股份有限公司2024年现场检查报告,保荐/核查意见,2025-01-24,https://data.eastmoney.com/notices/detail/300129/AN202501231642488807.html
000608,阳光股份,阳光股份:关于全资子公司向控股股东申请1.7亿元借款展期暨关联交易的公告,其他,2025-01-24,https://data.eastmoney.com/notices/detail/000608/AN202501231642488814.html
000752,*ST西发,ST西发:关于预重整事项进展暨收到法院对预重整延期决定书的公告,重组进展公告,2025-01-24,https://data.eastmoney.com/notices/detail/000752/AN202501231642488813.html
002782,可立克,可立克:第五届董事会第七次会议决议公告,董事会决议公告,2025-01-24,https://data.eastmoney.com/notices/detail/002782/AN202501231642488802.html
000608,阳光股份,阳光股份:关于全资子公司向控股股东申请借款余额展期暨关联交易的公告,其他,2025-01-24,https://data.eastmoney.com/notices/detail/000608/AN202501231642488803.html
002782,可立克,可立克:第五届监事会第七次会议决议公告,监事会决议公告,2025-01-24,https://data.eastmoney.com/notices/detail/002782/AN202501231642488799.html
000636,风华高科,风华高科:公司2024年度业绩预告,业绩预告,2025-01-24,https://data.eastmoney.com/notices/detail/000636/AN202501231642488801.html
300129,泰胜风能,泰胜风能:粤开证券股份有限公司关于上海泰胜风能装备股份有限公司持续督导期2024年培训情况报告,保荐/核查意见,2025-01-24,https://data.eastmoney.com/notices/detail/300129/AN202501231642488811.html
300129,泰胜风能,泰胜风能:粤开证券股份有限公司关于上海泰胜风能装备股份有限公司2024年现场检查报告,保荐/核查意见,2025-01-24,https://data.eastmoney.com/notices/detail/300129/AN202501231642488791.html
002703,浙江世宝,浙江世宝:二零二四年度业绩预告,业绩预告,2025-01-24,https://data.eastmoney.com/notices/detail/002703/AN202501231642488789.html
000608,阳光股份,阳光股份:第九届董事会2025年第一次临时会议决议公告,董事会决议公告,2025-01-24,https://data.eastmoney.com/notices/detail/000608/AN202501231642488797.html
002782,可立克,可立克:关于使用部分闲置自有资金购买理财产品的实施公告,投资理财,2025-01-24,https://data.eastmoney.com/notices/detail/002782/AN202501231642488792.html
002967,广电计量,广电计量:第五届董事会第十七次会议决议公告,董事会决议公告,2025-01-24,https://data.eastmoney.com/notices/detail/002967/AN202501231642488790.html
300129,泰胜风能,泰胜风能:华泰联合证券有限责任公司关于上海泰胜风能装备股份有限公司持续督导期2024年培训情况报告,保荐/核查意见,2025-01-24,https://data.eastmoney.com/notices/detail/300129/AN202501231642488796.html
000498,山东路桥,山东路桥:关于2024年第四季度经营情况的公告,月度经营情况,2025-01-24,https://data.eastmoney.com/notices/detail/000498/AN202501231642488805.html
002782,可立克,可立克:招商证券股份有限公司关于深圳可立克科技股份有限公司使用部分闲置募集资金购买理财产品的核查意见,保荐/核查意见,2025-01-24,https://data.eastmoney.com/notices/detail/002782/AN202501231642488808.html
000608,阳光股份,阳光股份:关于召开2025年第一次临时股东大会的通知,召开股东大会通知,2025-01-24,https://data.eastmoney.com/notices/detail/000608/AN202501231642488793.html
002967,广电计量,广电计量:关于投资收购曼哈格(上海)生物科技有限公司51%股权的公告,收购出售资产/股权,2025-01-24,https://data.eastmoney.com/notices/detail/002967/AN202501231642488809.html
002782,可立克,可立克:关于公司及子公司使用部分闲置募集资金购买理财产品的公告,投资理财,2025-01-24,https://data.eastmoney.com/notices/detail/002782/AN202501231642488794.html
601211,国泰海通,国泰君安:国泰君安证券股份有限公司2024年度第四期短期融资券兑付完成的公告,其他,2025-01-24,https://data.eastmoney.com/notices/detail/601211/AN202501231642488788.html
600839,四川长虹,四川长虹:四川长虹电器股份有限公司股权分置改革2024年年度保荐工作报告书,保荐/核查意见,2025-01-24,https://data.eastmoney.com/notices/detail/600839/AN202501231642488777.html
603116,红蜻蜓,红蜻蜓:2024年年度业绩预告,业绩预告,2025-01-24,https://data.eastmoney.com/notices/detail/603116/AN202501231642488653.html
603556,海兴电力,海兴电力:国浩律师(上海)事务所关于杭州海兴电力科技股份有限公司2025年第一次临时股东大会的法律意见书,法律意见书,2025-01-24,https://data.eastmoney.com/notices/detail/603556/AN202501231642488652.html
603556,海兴电力,海兴电力:杭州海兴电力科技股份有限公司2025年第一次临时股东大会决议公告,股东大会决议公告,2025-01-24,https://data.eastmoney.com/notices/detail/603556/AN202501231642488654.html
600839,四川长虹,四川长虹:四川长虹关于转让资产暨关联交易的公告,关联交易,2025-01-24,https://data.eastmoney.com/notices/detail/600839/AN202501231642488646.html
600839,四川长虹,四川长虹:四川长虹关于2024年度“提质增效重回报”行动方案的半年度评估报告,其他,2025-01-24,https://data.eastmoney.com/notices/detail/600839/AN202501231642488647.html
600839,四川长虹,四川长虹:四川长虹第十一届监事会第九次会议决议公告,监事会决议公告,2025-01-24,https://data.eastmoney.com/notices/detail/600839/AN202501231642488649.html
600839,四川长虹,四川长虹:四川长虹第十二届董事会第二十次会议决议公告,董事会决议公告,2025-01-24,https://data.eastmoney.com/notices/detail/600839/AN202501231642488648.html
600839,四川长虹,四川长虹:四川长虹关于参与投资设立的四川虹云创业投资合伙企业(有限合伙)清算的公告,其他,2025-01-24,https://data.eastmoney.com/notices/detail/600839/AN202501231642488645.html
688629,华丰科技,华丰科技:第二届监事会第六次会议决议公告,监事会决议公告,2025-01-24,https://data.eastmoney.com/notices/detail/688629/AN202501231642488635.html
688629,华丰科技,华丰科技:关于召开2025年第一次临时股东大会的通知,召开股东大会通知,2025-01-24,https://data.eastmoney.com/notices/detail/688629/AN202501231642488640.html
688629,华丰科技,华丰科技:申万宏源证券承销保荐有限责任公司关于四川华丰科技股份有限公司拟购买土地使用权暨关联交易的核查意见,保荐/核查意见,2025-01-24,https://data.eastmoney.com/notices/detail/688629/AN202501231642488637.html
688629,华丰科技,华丰科技:关于拟购买土地使用权暨关联交易的公告,收购出售资产/股权,2025-01-24,https://data.eastmoney.com/notices/detail/688629/AN202501231642488638.html
688629,华丰科技,华丰科技:四川长虹拟向华丰科技转让土地事宜涉及绵阳市1宗工业用途土地使用权的市场价值评估项目资产评估报告,其他,2025-01-24,https://data.eastmoney.com/notices/detail/688629/AN202501231642488639.html
688629,华丰科技,华丰科技:关于变更审计签字项目合伙人和项目质量控制复核人员的公告,高管人员任职变动,2025-01-24,https://data.eastmoney.com/notices/detail/688629/AN202501231642488636.html
603360,百傲化学,百傲化学:大连百傲化学股份有限公司关于子公司拟对外投资暨增资并参股芯慧联新(苏州)科技有限公司的公告,其他,2025-01-24,https://data.eastmoney.com/notices/detail/603360/AN202501231642488609.html
000533,顺钠股份,顺钠股份:股票交易异常波动公告,股票交易异常波动,2025-01-24,https://data.eastmoney.com/notices/detail/000533/AN202501231642488616.html
600604,市北高新,市北高新:市北高新独立董事候选人声明(任新建),独立董事候选人声明,2025-01-24,https://data.eastmoney.com/notices/detail/600604/AN202501231642488413.html
600604,市北高新,市北高新:市北高新独立董事提名人声明,独立董事提名人声明,2025-01-24,https://data.eastmoney.com/notices/detail/600604/AN202501231642488415.html
601628,中国人寿,中国人寿:中国人寿第八届监事会第五次会议决议公告,监事会决议公告,2025-01-24,https://data.eastmoney.com/notices/detail/601628/AN202501231642488453.html
688720,艾森股份,艾森股份:关于筹划发行股份及支付现金购买资产事项的停牌公告,停牌公告,2025-01-24,https://data.eastmoney.com/notices/detail/688720/AN202501231642488599.html
601628,中国人寿,中国人寿:中国人寿第八届董事会第十一次会议决议公告,董事会决议公告,2025-01-24,https://data.eastmoney.com/notices/detail/601628/AN202501231642488454.html
603127,昭衍新药,昭衍新药:2025年第一次临时股东大会、2025年第一次A股类别股东会议及2025年第一次H股类别股东会议决议公告,股东大会决议公告,2025-01-24,https://data.eastmoney.com/notices/detail/603127/AN202501231642488448.html
603127,昭衍新药,昭衍新药:昭衍新药2025年第一次临时股东大会、2025年第一次A股类别股东会议及2025年第一次H股类别股东会议决议公告,股东大会决议公告,2025-01-24,https://data.eastmoney.com/notices/detail/603127/AN202501231642488447.html
603127,昭衍新药,昭衍新药:北京市天元律师事务所关于昭衍新药2025年第一次临时股东大会、2025年第一次A股类别股东会议及2025年第一次H股类别股东会议的法律意见,法律意见书,2025-01-24,https://data.eastmoney.com/notices/detail/603127/AN202501231642488449.html
600604,市北高新,市北高新:市北高新关于第十届董事会第十七次会议决议公告,高管人员任职变动,2025-01-24,https://data.eastmoney.com/notices/detail/600604/AN202501231642488418.html
601186,中国铁建,中国铁建:中国铁建2024年第四季度主要经营数据公告,月度经营情况,2025-01-24,https://data.eastmoney.com/notices/detail/601186/AN202501231642488414.html
600604,市北高新,市北高新:市北高新2024年年度业绩预盈公告,业绩预告,2025-01-24,https://data.eastmoney.com/notices/detail/600604/AN202501231642488416.html
600604,市北高新,市北高新:市北高新关于召开2025年第一次临时股东大会的通知,召开股东大会通知,2025-01-24,https://data.eastmoney.com/notices/detail/600604/AN202501231642488412.html
600604,市北高新,市北高新:市北高新关于独立董事任期届满辞职暨补选独立董事的公告,高管人员任职变动,2025-01-24,https://data.eastmoney.com/notices/detail/600604/AN202501231642488417.html
601390,中国中铁,中国中铁:中国中铁2024年第四季度主要经营数据公告,月度经营情况,2025-01-24,https://data.eastmoney.com/notices/detail/601390/AN202501231642488402.html
601919,中远海控,中远海控:中远海控H股公告:翌日披露报表,其他,2025-01-24,https://data.eastmoney.com/notices/detail/601919/AN202501231642488425.html
003004,声迅股份,声迅股份:关于回购公司股份比例达到1%的进展公告,回购进展情况,2025-01-24,https://data.eastmoney.com/notices/detail/003004/AN202501231642488406.html
600249,两面针,两面针:两面针2024年年度业绩预告,业绩预告,2025-01-24,https://data.eastmoney.com/notices/detail/600249/AN202501231642488373.html
600249,两面针,两面针:两面针简式权益变动报告书(柳州市经发投资有限责任公司),权益变动报告书,2025-01-24,https://data.eastmoney.com/notices/detail/600249/AN202501231642488372.html
600249,两面针,两面针:两面针关于持股5%以上股东减持至5%的权益变动提示性公告,权益变动报告书,2025-01-24,https://data.eastmoney.com/notices/detail/600249/AN202501231642488374.html
600157,永泰能源,永泰能源:永泰能源集团股份有限公司关于召开2025年第一次临时股东大会的通知,召开股东大会通知,2025-01-24,https://data.eastmoney.com/notices/detail/600157/AN202501231642488254.html
600157,永泰能源,永泰能源:永泰能源集团股份有限公司关于公司董事、常务副总经理到龄退休辞职的公告,高管人员任职变动,2025-01-24,https://data.eastmoney.com/notices/detail/600157/AN202501231642488255.html
600157,永泰能源,永泰能源:永泰能源集团股份有限公司2024年第四季度担保情况公告,其他担保公告,2025-01-24,https://data.eastmoney.com/notices/detail/600157/AN202501231642488358.html
600739,辽宁成大,辽宁成大:辽宁成大股份有限公司关于股东股份质押延期购回的公告,股份质押、冻结,2025-01-24,https://data.eastmoney.com/notices/detail/600739/AN202501231642488357.html
600157,永泰能源,永泰能源:永泰能源集团股份有限公司第十二届董事会第十八次会议决议公告,高管人员任职变动,2025-01-24,https://data.eastmoney.com/notices/detail/600157/AN202501231642488253.html
600739,辽宁成大,辽宁成大:辽宁成大股份有限公司关于为控股子公司融资提供担保的进展公告,提供/对外担保公告,2025-01-24,https://data.eastmoney.com/notices/detail/600739/AN202501231642488256.html
002032,苏泊尔,苏泊尔:关于公司总经理辞职的公告,高管人员任职变动,2025-01-24,https://data.eastmoney.com/notices/detail/002032/AN202501231642488250.html
600759,ST洲际,洲际油气:洲际油气股份有限公司第十三届董事会第十九次会议决议公告,高管人员任职变动,2025-01-24,https://data.eastmoney.com/notices/detail/600759/AN202501231642488243.html
600759,ST洲际,洲际油气:洲际油气股份有限公司2025年第二次临时股东大会的法律意见书,法律意见书,2025-01-24,https://data.eastmoney.com/notices/detail/600759/AN202501231642488242.html
600759,ST洲际,洲际油气:洲际油气股份有限公司2025年第二次临时股东大会决议公告,股东大会决议公告,2025-01-24,https://data.eastmoney.com/notices/detail/600759/AN202501231642488241.html
600827,百联股份,百联股份:百联股份关于开展保函池业务的进展公告,其他,2025-01-24,https://data.eastmoney.com/notices/detail/600827/AN202501231642488225.html
600827,百联股份,百联股份:百联股份2024年年度业绩预增公告,业绩预告,2025-01-24,https://data.eastmoney.com/notices/detail/600827/AN202501231642488224.html
603068,博通集成,博通集成:博通集成电路(上海)股份有限公司关于转让非专利技术的公告,股权转让,2025-01-24,https://data.eastmoney.com/notices/detail/603068/AN202501231642488233.html
603173,福斯达,福斯达:2024年年度业绩预告,业绩预告,2025-01-24,https://data.eastmoney.com/notices/detail/603173/AN202501231642488232.html
603068,博通集成,博通集成:博通集成第三届董事会第八次会议决议公告,董事会决议公告,2025-01-24,https://data.eastmoney.com/notices/detail/603068/AN202501231642488231.html
603797,联泰环保,联泰环保:关于“联泰转债”到期兑付结果暨股份变动公告,股本变动,2025-01-24,https://data.eastmoney.com/notices/detail/603797/AN202501231642488223.html
600233,圆通速递,圆通速递:北京市金杜(南京)律师事务所关于圆通速递股份有限公司2025年第一次临时股东大会之法律意见书,法律意见书,2025-01-24,https://data.eastmoney.com/notices/detail/600233/AN202501231642488209.html
600233,圆通速递,圆通速递:圆通速递股份有限公司2025年第一次临时股东大会决议公告,股东大会决议公告,2025-01-24,https://data.eastmoney.com/notices/detail/600233/AN202501231642488208.html
300190,维尔利,维尔利:2024年度业绩预告,业绩预告,2025-01-24,https://data.eastmoney.com/notices/detail/300190/AN202501231642488190.html
002560,通达股份,通达股份:关于使用部分暂时闲置募集资金进行现金管理的进展公告,募集资金使用进展情况,2025-01-24,https://data.eastmoney.com/notices/detail/002560/AN202501231642488191.html
002183,怡亚通,怡亚通:关于第七届董事会第三十八次会议的担保公告,其他担保公告,2025-01-24,https://data.eastmoney.com/notices/detail/002183/AN202501231642488188.html
002183,怡亚通,怡亚通:第七届监事会第三十二次会议决议公告,监事会决议公告,2025-01-24,https://data.eastmoney.com/notices/detail/002183/AN202501231642488196.html
002183,怡亚通,怡亚通:关于公司及子公司与深圳市盐田港怡亚通供应链有限公司2025年度日常关联交易额度预计的公告,关联交易,2025-01-24,https://data.eastmoney.com/notices/detail/002183/AN202501231642488189.html
002183,怡亚通,怡亚通:关于公司及子公司与山东交运怡亚通供应链管理有限公司2025年度日常关联交易额度预计的公告,关联交易,2025-01-24,https://data.eastmoney.com/notices/detail/002183/AN202501231642488195.html
002183,怡亚通,怡亚通:关于召开2025年第二次临时股东大会通知的公告,召开股东大会通知,2025-01-24,https://data.eastmoney.com/notices/detail/002183/AN202501231642488186.html
002183,怡亚通,怡亚通:第七届董事会第三十八次会议决议公告,董事会决议公告,2025-01-24,https://data.eastmoney.com/notices/detail/002183/AN202501231642488187.html
002085,万丰奥威,万丰奥威:关于2023年员工持股计划第一个锁定期及额外锁定期届满暨解锁条件成就的提示性公告,员工持股计划,2025-01-24,https://data.eastmoney.com/notices/detail/002085/AN202501231642488197.html
000632,ST三木,三木集团:关于拟为子公司开展保理业务提供担保的公告,提供/对外担保公告,2025-01-24,https://data.eastmoney.com/notices/detail/000632/AN202501231642488185.html
603169,兰石重装,兰石重装:兰石重装关于控股股东部分股份解除质押的公告,股份质押、冻结,2025-01-24,https://data.eastmoney.com/notices/detail/603169/AN202501231642488184.html
002065,东华软件,东华软件:关于变更部分募投项目实施主体后签订《募集资金四方监管协议》的公告,签订协议,2025-01-24,https://data.eastmoney.com/notices/detail/002065/AN202501231642488158.html
688293,奥浦迈,奥浦迈:关于筹划重大资产重组事项进展并继续停牌的公告,停牌公告,2025-01-24,https://data.eastmoney.com/notices/detail/688293/AN202501231642487919.html
688293,奥浦迈,奥浦迈:关于完成工商变更登记并换发营业执照的公告,公司注册资本变更,2025-01-24,https://data.eastmoney.com/notices/detail/688293/AN202501231642487920.html
688629,华丰科技,华丰科技:2025年第一次临时股东大会会议资料,股东大会资料,2025-01-24,https://data.eastmoney.com/notices/detail/688629/AN202501231642487898.html
002733,雄韬股份,雄韬股份:关于为下属子公司提供连带责任担保的公告,提供/对外担保公告,2025-01-24,https://data.eastmoney.com/notices/detail/002733/AN202501231642487881.html
002733,雄韬股份,雄韬股份:关于2025年度向银行申请综合授信额度的公告,借贷,2025-01-24,https://data.eastmoney.com/notices/detail/002733/AN202501231642487878.html
002733,雄韬股份,雄韬股份:关于召开2025年第一次临时股东大会的通知,召开股东大会通知,2025-01-24,https://data.eastmoney.com/notices/detail/002733/AN202501231642487873.html
002463,沪电股份,沪电股份:第八届董事会第二次会议决议公告,董事会决议公告,2025-01-24,https://data.eastmoney.com/notices/detail/002463/AN202501231642487877.html
002463,沪电股份,沪电股份:2024年度业绩快报,业绩快报,2025-01-24,https://data.eastmoney.com/notices/detail/002463/AN202501231642487888.html
002463,沪电股份,沪电股份:关于2025年度与SchweizerElectronicAG.及其相关公司日常关联交易预计情况的公告,关联交易,2025-01-24,https://data.eastmoney.com/notices/detail/002463/AN202501231642487884.html
002256,兆新股份,兆新股份:关于证券事务代表离职的公告,高管人员任职变动,2025-01-24,https://data.eastmoney.com/notices/detail/002256/AN202501231642487876.html
002733,雄韬股份,雄韬股份:第五届监事会2025年第一次会议决议公告,监事会决议公告,2025-01-24,https://data.eastmoney.com/notices/detail/002733/AN202501231642487886.html
002463,沪电股份,沪电股份:第八届监事会第二次会议决议公告,监事会决议公告,2025-01-24,https://data.eastmoney.com/notices/detail/002463/AN202501231642487880.html
002733,雄韬股份,雄韬股份:第五届董事会2025年第一次会议决议公告,董事会决议公告,2025-01-24,https://data.eastmoney.com/notices/detail/002733/AN202501231642487889.html
002463,沪电股份,沪电股份:关于2024年度计提资产减值准备的公告,其他,2025-01-24,https://data.eastmoney.com/notices/detail/002463/AN202501231642487883.html
002463,沪电股份,沪电股份:关于为控股子公司提供担保的进展公告,提供/对外担保公告,2025-01-24,https://data.eastmoney.com/notices/detail/002463/AN202501231642487885.html
002733,雄韬股份,雄韬股份:关于开展外汇衍生品套期保值业务的公告,其他,2025-01-24,https://data.eastmoney.com/notices/detail/002733/AN202501231642487887.html
002733,雄韬股份,雄韬股份:开展外汇衍生品套期保值业务可行性分析报告,其他,2025-01-24,https://data.eastmoney.com/notices/detail/002733/AN202501231642487875.html
002463,沪电股份,沪电股份:关于2025年度与楠梓电子股份有限公司及其相关公司日常关联交易预计情况的公告,关联交易,2025-01-24,https://data.eastmoney.com/notices/detail/002463/AN202501231642487874.html
600510,黑牡丹,黑牡丹:关于与专业投资机构合作参与投资设立基金暨关联交易的公告,关联交易,2025-01-24,https://data.eastmoney.com/notices/detail/600510/AN202501231642487863.html
603856,东宏股份,东宏股份:山东东宏管业股份有限公司向特定对象发行A股股票之上市公告书,增发上市公告书,2025-01-24,https://data.eastmoney.com/notices/detail/603856/AN202501231642487752.html
603856,东宏股份,东宏股份:华福证券有限责任公司关于山东东宏管业股份有限公司向特定对象发行A股股票之上市保荐书,上市保荐书,2025-01-24,https://data.eastmoney.com/notices/detail/603856/AN202501231642487750.html
603856,东宏股份,东宏股份:东宏股份关于向特定对象发行股票结果暨股本变动公告,增发发行结果公告,2025-01-24,https://data.eastmoney.com/notices/detail/603856/AN202501231642487751.html
600070,*ST富润,*ST富润:关于股票交易异常波动的公告,股票交易异常波动,2025-01-24,https://data.eastmoney.com/notices/detail/600070/AN202501231642487747.html
002463,沪电股份,沪电股份:关于变更会计政策的公告,其他,2025-01-24,https://data.eastmoney.com/notices/detail/002463/AN202501231642487737.html
600396,华电辽能,华电辽能:2024年年度业绩预告,业绩预告,2025-01-24,https://data.eastmoney.com/notices/detail/600396/AN202501231642487734.html
688266,泽璟制药,泽璟制药:泽璟制药简式权益变动报告书(ZELINSHENG(盛泽林)、陆惠萍),权益变动报告书,2025-01-24,https://data.eastmoney.com/notices/detail/688266/AN202501231642487727.html
688266,泽璟制药,泽璟制药:泽璟制药简式权益变动报告书(昆山璟奥),权益变动报告书,2025-01-24,https://data.eastmoney.com/notices/detail/688266/AN202501231642487729.html
688266,泽璟制药,泽璟制药:泽璟制药简式权益变动报告书(宁波璟晨),权益变动报告书,2025-01-24,https://data.eastmoney.com/notices/detail/688266/AN202501231642487725.html
688266,泽璟制药,泽璟制药:泽璟制药关于实际控制人续签一致行动协议暨权益变动的提示性公告,权益变动报告书,2025-01-24,https://data.eastmoney.com/notices/detail/688266/AN202501231642487726.html
688266,泽璟制药,泽璟制药:泽璟制药简式权益变动报告书(宁波泽奥、高青平),权益变动报告书,2025-01-24,https://data.eastmoney.com/notices/detail/688266/AN202501231642487728.html
600227,赤天化,赤天化:北京植德律师事务所关于贵州赤天化股份有限公司2025年第一次临时股东大会的法律意见书,法律意见书,2025-01-24,https://data.eastmoney.com/notices/detail/600227/AN202501231642487714.html
600227,赤天化,赤天化:贵州赤天化股份有限公司关于提供担保的进展公告,提供/对外担保公告,2025-01-24,https://data.eastmoney.com/notices/detail/600227/AN202501231642487716.html
600227,赤天化,赤天化:贵州赤天化股份有限公司2025年第一次临时股东大会决议公告,股东大会决议公告,2025-01-24,https://data.eastmoney.com/notices/detail/600227/AN202501231642487715.html
688253,英诺特,英诺特:2024年年度业绩预告的自愿性披露公告,业绩预告,2025-01-24,https://data.eastmoney.com/notices/detail/688253/AN202501231642487712.html
688120,华海清科,华海清科:2024年年度业绩预增的自愿性披露公告,业绩预告,2025-01-24,https://data.eastmoney.com/notices/detail/688120/AN202501231642487697.html
002582,好想你,好想你:股票交易异常波动公告,股票交易异常波动,2025-01-24,https://data.eastmoney.com/notices/detail/002582/AN202501231642487703.html
002375,亚厦股份,亚厦股份:关于注销全资子公司的公告,公司关联方基本资料变更,2025-01-24,https://data.eastmoney.com/notices/detail/002375/AN202501231642487701.html
002032,苏泊尔,苏泊尔:2024年度业绩预告,业绩预告,2025-01-24,https://data.eastmoney.com/notices/detail/002032/AN202501231642487710.html
000521,长虹美菱,长虹美菱:关于参与投资设立的四川虹云创业投资合伙企业(有限合伙)清算的公告,公司关联方基本资料变更,2025-01-24,https://data.eastmoney.com/notices/detail/000521/AN202501231642487708.html
300759,康龙化成,康龙化成:关于2021年A股限制性股票激励计划第三个归属期归属结果暨股份上市的公告,限售股份上市流通,2025-01-24,https://data.eastmoney.com/notices/detail/300759/AN202501231642487706.html
300255,常山药业,常山药业:2024年度业绩预告,业绩预告,2025-01-24,https://data.eastmoney.com/notices/detail/300255/AN202501231642487702.html
300422,博世科,博世科:第六届监事会第十八次会议决议公告,监事会决议公告,2025-01-24,https://data.eastmoney.com/notices/detail/300422/AN202501231642487704.html
300422,博世科,博世科:关于调整关联借款相关事项暨关联交易的公告,借贷,2025-01-24,https://data.eastmoney.com/notices/detail/300422/AN202501231642487707.html
300422,博世科,博世科:关于召开2025年第一次临时股东大会的通知,召开股东大会通知,2025-01-24,https://data.eastmoney.com/notices/detail/300422/AN202501231642487709.html
300422,博世科,博世科:第六届董事会第二十八次会议决议公告,董事会决议公告,2025-01-24,https://data.eastmoney.com/notices/detail/300422/AN202501231642487700.html
600008,首创环保,首创环保:首创环保关于向专业投资者公开发行公司债券获中国证监会同意注册批复的公告,其他,2025-01-24,https://data.eastmoney.com/notices/detail/600008/AN202501231642487681.html
600008,首创环保,首创环保:首创环保关于召开2025年第一次临时股东会的通知,召开股东大会通知,2025-01-24,https://data.eastmoney.com/notices/detail/600008/AN202501231642487682.html
600518,康美药业,康美药业:康美药业2025年第一次临时股东大会会议资料,股东大会资料,2025-01-24,https://data.eastmoney.com/notices/detail/600518/AN202501231642487680.html
601096,宏盛华源,宏盛华源:宏盛华源第二届董事会第八次会议决议公告,董事会决议公告,2025-01-24,https://data.eastmoney.com/notices/detail/601096/AN202501231642487666.html
601096,宏盛华源,宏盛华源:宏盛华源关于购买资产暨关联交易的公告,收购出售资产/股权,2025-01-24,https://data.eastmoney.com/notices/detail/601096/AN202501231642487667.html
601096,宏盛华源,宏盛华源:中银证券关于宏盛华源购买资产暨关联交易的核查意见,保荐/核查意见,2025-01-24,https://data.eastmoney.com/notices/detail/601096/AN202501231642487665.html
601096,宏盛华源,宏盛华源:宏盛华源第二届监事会第八次会议决议公告,监事会决议公告,2025-01-24,https://data.eastmoney.com/notices/detail/601096/AN202501231642487664.html
688355,明志科技,明志科技:苏州明志科技股份有限公司2024年年度业绩预增公告,业绩预告,2025-01-24,https://data.eastmoney.com/notices/detail/688355/AN202501231642487660.html
688428,诺诚健华,诺诚健华:港股公告:翌日披露报表,其他,2025-01-24,https://data.eastmoney.com/notices/detail/688428/AN202501231642487522.html
600518,康美药业,康美药业:独立董事提名人声明与承诺,独立董事提名人声明,2025-01-24,https://data.eastmoney.com/notices/detail/600518/AN202501231642487529.html
600518,康美药业,康美药业:独立董事候选人声明与承诺(赖小平),独立董事候选人声明,2025-01-24,https://data.eastmoney.com/notices/detail/600518/AN202501231642487527.html
603255,鼎际得,鼎际得:辽宁鼎际得石化股份有限公司关于完成工商变更登记并换发营业执照的公告,公司注册资本变更,2025-01-24,https://data.eastmoney.com/notices/detail/603255/AN202501231642487532.html
600518,康美药业,康美药业:康美药业关于召开2025年第一次临时股东大会的通知,召开股东大会通知,2025-01-24,https://data.eastmoney.com/notices/detail/600518/AN202501231642487534.html
600518,康美药业,康美药业:独立董事候选人声明与承诺(骆涛),独立董事候选人声明,2025-01-24,https://data.eastmoney.com/notices/detail/600518/AN202501231642487530.html
600518,康美药业,康美药业:康美药业关于推选职工代表监事的公告,高管人员任职变动,2025-01-24,https://data.eastmoney.com/notices/detail/600518/AN202501231642487528.html
600518,康美药业,康美药业:康美药业第九届董事会2025年度第一次临时会议决议公告,高管人员任职变动,2025-01-24,https://data.eastmoney.com/notices/detail/600518/AN202501231642487535.html
600518,康美药业,康美药业:康美药业第九届监事会2025年度第一次临时会议决议公告,高管人员任职变动,2025-01-24,https://data.eastmoney.com/notices/detail/600518/AN202501231642487526.html
600518,康美药业,康美药业:独立董事候选人声明与承诺(林辉),独立董事候选人声明,2025-01-24,https://data.eastmoney.com/notices/detail/600518/AN202501231642487531.html
600518,康美药业,康美药业:康美药业关于董事会、监事会换届选举的公告,高管人员任职变动,2025-01-24,https://data.eastmoney.com/notices/detail/600518/AN202501231642487533.html
002785,万里石,万里石:2024年度业绩预告,业绩预告,2025-01-24,https://data.eastmoney.com/notices/detail/002785/AN202501231642487525.html
603799,华友钴业,华友钴业:2024年限制性股票激励计划首次授予激励对象名单(截至首次授予日),股权激励对象名单,2025-01-24,https://data.eastmoney.com/notices/detail/603799/AN202501231642487509.html
603799,华友钴业,华友钴业:国浩律师(杭州)事务所关于浙江华友钴业股份有限公司2024年限制性股票激励计划首次授予相关事项的法律意见书,法律意见书,2025-01-24,https://data.eastmoney.com/notices/detail/603799/AN202501231642487506.html
603799,华友钴业,华友钴业:华友钴业第六届监事会第十七次会议决议公告,监事会决议公告,2025-01-24,https://data.eastmoney.com/notices/detail/603799/AN202501231642487507.html
603799,华友钴业,华友钴业:华友钴业第六届董事会第二十六次会议决议公告,董事会决议公告,2025-01-24,https://data.eastmoney.com/notices/detail/603799/AN202501231642487505.html
603799,华友钴业,华友钴业:华友钴业关于调整2024年限制性股票激励计划首次授予相关事项的公告,股权激励进展公告,2025-01-24,https://data.eastmoney.com/notices/detail/603799/AN202501231642487510.html
603799,华友钴业,华友钴业:监事会关于公司2024年限制性股票激励计划首次授予相关事项的核查意见,专项说明/独立意见,2025-01-24,https://data.eastmoney.com/notices/detail/603799/AN202501231642487511.html
603799,华友钴业,华友钴业:华友钴业关于向激励对象首次授予限制性股票的公告,股权激励进展公告,2025-01-24,https://data.eastmoney.com/notices/detail/603799/AN202501231642487508.html
688631,莱斯信息,莱斯信息:莱斯信息股东集中竞价减持股份结果公告,股东/实际控制人股份减持,2025-01-24,https://data.eastmoney.com/notices/detail/688631/AN202501231642487504.html
002795,永和智控,永和智控:关于公司与全资子公司相互提供担保的进展公告,提供/对外担保公告,2025-01-24,https://data.eastmoney.com/notices/detail/002795/AN202501231642487483.html
002726,ST龙大,龙大美食:关于为子公司提供担保的进展公告,提供/对外担保公告,2025-01-24,https://data.eastmoney.com/notices/detail/002726/AN202501231642487481.html
002544,普天科技,普天科技:2024年度业绩预告,业绩预告,2025-01-24,https://data.eastmoney.com/notices/detail/002544/AN202501231642487480.html
002162,悦心健康,悦心健康:2024年度业绩预告,业绩预告,2025-01-24,https://data.eastmoney.com/notices/detail/002162/AN202501231642487485.html
001326,联域股份,联域股份:关于独立董事取得独立董事培训证明的公告,其他,2025-01-24,https://data.eastmoney.com/notices/detail/001326/AN202501231642487478.html
001255,博菲电气,博菲电气:关于股份回购实施结果暨股份变动的公告,股本变动,2025-01-24,https://data.eastmoney.com/notices/detail/001255/AN202501231642487482.html
000812,陕西金叶,陕西金叶:关于公司向银行等金融机构申请综合授信敞口额度及担保事项的进展公告,其他担保公告,2025-01-24,https://data.eastmoney.com/notices/detail/000812/AN202501231642487479.html
000600,建投能源,建投能源:关于向参股公司中核华电河北核电有限公司提供委托贷款的公告,委托（受托）事项,2025-01-24,https://data.eastmoney.com/notices/detail/000600/AN202501231642487486.html
000600,建投能源,建投能源:2025年第一次临时股东大会通知,召开股东大会通知,2025-01-24,https://data.eastmoney.com/notices/detail/000600/AN202501231642487487.html
603959,ST百利,ST百利:百利科技2024年年度业绩预亏公告,业绩预告,2025-01-24,https://data.eastmoney.com/notices/detail/603959/AN202501231642487464.html
000600,建投能源,建投能源:第十届董事会第十八次临时会议决议公告,董事会决议公告,2025-01-24,https://data.eastmoney.com/notices/detail/000600/AN202501231642487460.html
300603,立昂技术,立昂技术:关于召开2025年第一次临时股东大会的通知,召开股东大会通知,2025-01-24,https://data.eastmoney.com/notices/detail/300603/AN202501231642487462.html
600819,耀皮玻璃,耀皮玻璃:耀皮玻璃独立董事2025年第一次专门会议,其他,2025-01-24,https://data.eastmoney.com/notices/detail/600819/AN202501231642487229.html
601238,广汽集团,广汽集团:H股公告-翌日披露报表,其他,2025-01-24,https://data.eastmoney.com/notices/detail/601238/AN202501231642487334.html
603021,*ST华鹏,山东华鹏:山东华鹏关于副总经理兼董事会秘书辞职的公告,高管人员任职变动,2025-01-24,https://data.eastmoney.com/notices/detail/603021/AN202501231642487338.html
600819,耀皮玻璃,耀皮玻璃:耀皮玻璃第十一届董事会第四次会议决议公告,董事会决议公告,2025-01-24,https://data.eastmoney.com/notices/detail/600819/AN202501231642487224.html
600819,耀皮玻璃,耀皮玻璃:耀皮玻璃关于开展外汇衍生品交易业务的可行性分析报告,其他,2025-01-24,https://data.eastmoney.com/notices/detail/600819/AN202501231642487226.html
603989,艾华集团,艾华集团:湖南艾华集团股份有限公司关于公司使用部分闲置募集资金购买理财产品到期收回的公告,投资理财,2025-01-24,https://data.eastmoney.com/notices/detail/603989/AN202501231642487254.html
600819,耀皮玻璃,耀皮玻璃:耀皮玻璃第十一届监事会第四次会议决议公告,监事会决议公告,2025-01-24,https://data.eastmoney.com/notices/detail/600819/AN202501231642487225.html
600819,耀皮玻璃,耀皮玻璃:耀皮玻璃关于2025年度使用暂时闲置自有资金进行现金管理的公告,投资理财,2025-01-24,https://data.eastmoney.com/notices/detail/600819/AN202501231642487222.html
600819,耀皮玻璃,耀皮玻璃:上海耀皮玻璃集团股份有限公司2024年度业绩预盈公告,业绩预告,2025-01-24,https://data.eastmoney.com/notices/detail/600819/AN202501231642487227.html
600819,耀皮玻璃,耀皮玻璃:耀皮玻璃关于2025年度开展外汇衍生品交易业务的公告,其他,2025-01-24,https://data.eastmoney.com/notices/detail/600819/AN202501231642487228.html
300749,顶固集创,顶固集创:关于全资子公司完成工商变更登记的公告,公司关联方基本资料变更,2025-01-24,https://data.eastmoney.com/notices/detail/300749/AN202501231642487238.html
300479,神思电子,神思电子:2024年度业绩预告,业绩预告,2025-01-24,https://data.eastmoney.com/notices/detail/300479/AN202501231642487240.html
002642,荣联科技,荣联科技:2024年度业绩预告,业绩预告,2025-01-24,https://data.eastmoney.com/notices/detail/002642/AN202501231642487239.html
002421,达实智能,达实智能:关于联影医疗武汉总部基地二期项目签约的公告,签订协议,2025-01-24,https://data.eastmoney.com/notices/detail/002421/AN202501231642487237.html
000532,华金资本,华金资本:2024年度业绩预告,业绩预告,2025-01-24,https://data.eastmoney.com/notices/detail/000532/AN202501231642487242.html
605388,均瑶健康,均瑶健康:湖北均瑶大健康饮品股份有限公司部分董监高集中竞价减持股份结果公告,股东/实际控制人股份减持,2025-01-24,https://data.eastmoney.com/notices/detail/605388/AN202501231642487223.html
688681,科汇股份,科汇股份:2024年年度业绩预增公告,业绩预告,2025-01-24,https://data.eastmoney.com/notices/detail/688681/AN202501231642487215.html
688681,科汇股份,科汇股份:第四届董事会第二十四次会议决议公告,董事会决议公告,2025-01-24,https://data.eastmoney.com/notices/detail/688681/AN202501231642487214.html
688681,科汇股份,科汇股份:山东科汇电力自动化股份有限公司舆情管理制度,管理办法/制度,2025-01-24,https://data.eastmoney.com/notices/detail/688681/AN202501231642487213.html
002459,晶澳科技,晶澳科技:2024年度业绩预告,业绩预告,2025-01-24,https://data.eastmoney.com/notices/detail/002459/AN202501231642487210.html
002019,亿帆医药,亿帆医药:2024年度业绩预告,业绩预告,2025-01-24,https://data.eastmoney.com/notices/detail/002019/AN202501231642487211.html
000928,中钢国际,中钢国际:2024年年度业绩快报,业绩快报,2025-01-24,https://data.eastmoney.com/notices/detail/000928/AN202501231642487212.html
688209,英集芯,英集芯:英集芯2024年年度业绩预告,业绩预告,2025-01-24,https://data.eastmoney.com/notices/detail/688209/AN202501231642487196.html
688661,和林微纳,和林微纳:2024年年度业绩预告,业绩预告,2025-01-24,https://data.eastmoney.com/notices/detail/688661/AN202501231642487184.html
688661,和林微纳,和林微纳:关于2024年度计提减值准备的公告,其他,2025-01-24,https://data.eastmoney.com/notices/detail/688661/AN202501231642487185.html
688691,灿芯股份,灿芯股份:2024年年度业绩预告,业绩预告,2025-01-24,https://data.eastmoney.com/notices/detail/688691/AN202501231642487181.html
688702,盛科通信,盛科通信:盛科通信2024年年度业绩预告,业绩预告,2025-01-24,https://data.eastmoney.com/notices/detail/688702/AN202501231642487043.html
603032,德新科技,德新科技:德力西新能源科技股份有限公司第四届董事会第三十次临时会议决议公告,董事会决议公告,2025-01-24,https://data.eastmoney.com/notices/detail/603032/AN202501231642487044.html
688023,安恒信息,安恒信息:2025年第一次临时股东大会决议公告,股东大会决议公告,2025-01-24,https://data.eastmoney.com/notices/detail/688023/AN202501231642487036.html
688023,安恒信息,安恒信息:上海君澜律师事务所关于杭州安恒信息技术股份有限公司2025年第一次临时股东大会的法律意见书,法律意见书,2025-01-24,https://data.eastmoney.com/notices/detail/688023/AN202501231642487037.html
300758,七彩化学,七彩化学:2024年度业绩预告,业绩预告,2025-01-24,https://data.eastmoney.com/notices/detail/300758/AN202501231642487033.html
002273,水晶光电,水晶光电:关于董事、高级管理人员股份减持计划实施完成的公告,股东/实际控制人股份减持,2025-01-24,https://data.eastmoney.com/notices/detail/002273/AN202501231642487032.html
000008,神州高铁,神州高铁:关于为子公司提供担保事项的进展公告,提供/对外担保公告,2025-01-24,https://data.eastmoney.com/notices/detail/000008/AN202501231642487034.html
688611,杭州柯林,杭州柯林:杭州柯林电气股份有限公司2024年年度业绩预告,业绩预告,2025-01-24,https://data.eastmoney.com/notices/detail/688611/AN202501231642486992.html
603685,晨丰科技,晨丰科技:晨丰科技关于为全资孙公司提供担保的进展公告,提供/对外担保公告,2025-01-24,https://data.eastmoney.com/notices/detail/603685/AN202501231642486981.html
688016,心脉医疗,心脉医疗:中国国际金融股份有限公司关于上海微创心脉医疗科技(集团)股份有限公司2024年度持续督导工作现场检查报告,保荐/核查意见,2025-01-24,https://data.eastmoney.com/notices/detail/688016/AN202501231642486982.html
600359,新农开发,新农开发:新疆塔里木农业综合开发股份有限公司2024年年度业绩预减公告,业绩预告,2025-01-24,https://data.eastmoney.com/notices/detail/600359/AN202501231642486855.html
300463,迈克生物,迈克生物:2024年度业绩预告,业绩预告,2025-01-24,https://data.eastmoney.com/notices/detail/300463/AN202501231642486842.html
002978,安宁股份,安宁股份:第六届董事会第十八次会议决议公告,董事会决议公告,2025-01-24,https://data.eastmoney.com/notices/detail/002978/AN202501231642486845.html
000523,红棉股份,红棉股份:关于首次回购公司股份的公告,回购实施公告,2025-01-24,https://data.eastmoney.com/notices/detail/000523/AN202501231642486840.html
600626,申达股份,申达股份:申达股份2024年度业绩预盈公告,业绩预告,2025-01-24,https://data.eastmoney.com/notices/detail/600626/AN202501231642486823.html
601838,成都银行,成都银行:成都银行股份有限公司关于实施“成银转债”赎回暨摘牌的第二十次提示性公告,其他,2025-01-24,https://data.eastmoney.com/notices/detail/601838/AN202501231642486824.html
603718,*ST海利,海利生物:海利生物关于回购注销部分限制性股票减少注册资本暨通知债权人的公告,公司注册资本变更,2025-01-24,https://data.eastmoney.com/notices/detail/603718/AN202501231642486811.html
603718,*ST海利,海利生物:海利生物2024年年度业绩预增公告,业绩预告,2025-01-24,https://data.eastmoney.com/notices/detail/603718/AN202501231642486812.html
603718,*ST海利,海利生物:海利生物关于变更注册资本并修订《公司章程》的公告,公司章程修订,2025-01-24,https://data.eastmoney.com/notices/detail/603718/AN202501231642486807.html
603718,*ST海利,海利生物:上海海利生物技术股份有限公司章程(2025年1月修订),公司章程修订,2025-01-24,https://data.eastmoney.com/notices/detail/603718/AN202501231642486816.html
603718,*ST海利,海利生物:海利生物第五届监事会第六次会议决议公告,监事会决议公告,2025-01-24,https://data.eastmoney.com/notices/detail/603718/AN202501231642486810.html
603718,*ST海利,海利生物:海利生物关于2023年限制性股票与股票期权激励计划部分限制性股票回购注销与部分股票期权注销的公告,股权激励进展公告,2025-01-24,https://data.eastmoney.com/notices/detail/603718/AN202501231642486815.html
603718,*ST海利,海利生物:海利生物关于调整2023年限制性股票与股票期权激励计划相关价格的公告,股权激励行权价（数量）调整,2025-01-24,https://data.eastmoney.com/notices/detail/603718/AN202501231642486813.html
603718,*ST海利,海利生物:海利生物关于2023年限制性股票与股票期权激励计划限制性股票第一个解除限售期解除限售条件成就的公告,限售股份上市流通,2025-01-24,https://data.eastmoney.com/notices/detail/603718/AN202501231642486809.html
603718,*ST海利,海利生物:海利生物第五届董事会第十二次会议决议公告,董事会决议公告,2025-01-24,https://data.eastmoney.com/notices/detail/603718/AN202501231642486808.html
603718,*ST海利,海利生物:上海市通力律师事务所关于上海海利生物技术股份有限公司2023年限制性股票与股票期权激励计划限制性股票第一个解除限售期解除限售条件成就暨调整回购价格、行权价格及回购注销、注销事项的法律意见书,法律意见书,2025-01-24,https://data.eastmoney.com/notices/detail/603718/AN202501231642486814.html
603577,汇金通,汇金通:汇金通关于股东权益变动触及1%的提示性公告,权益变动报告书,2025-01-24,https://data.eastmoney.com/notices/detail/603577/AN202501231642486800.html
600325,华发股份,华发股份:国金证券股份有限公司关于珠海华发实业股份有限公司2024年度持续督导现场检查报告,保荐/核查意见,2025-01-24,https://data.eastmoney.com/notices/detail/600325/AN202501231642486799.html
600609,金杯汽车,金杯汽车:关于子公司签订《车辆购销合同》暨关联交易的公告,关联交易,2025-01-24,https://data.eastmoney.com/notices/detail/600609/AN202501231642486782.html
600609,金杯汽车,金杯汽车:金杯汽车2024年度业绩预增公告,业绩预告,2025-01-24,https://data.eastmoney.com/notices/detail/600609/AN202501231642486783.html
002978,安宁股份,安宁股份:关于公司及子公司向银行申请授信额度的公告,借贷,2025-01-24,https://data.eastmoney.com/notices/detail/002978/AN202501231642486796.html
002777,久远银海,久远银海:2024年度业绩预告,业绩预告,2025-01-24,https://data.eastmoney.com/notices/detail/002777/AN202501231642486794.html
002582,好想你,好想你:2024年度业绩预告,业绩预告,2025-01-24,https://data.eastmoney.com/notices/detail/002582/AN202501231642486793.html
002567,唐人神,唐人神:关于控股股东股份被质押的公告,股份质押、冻结,2025-01-24,https://data.eastmoney.com/notices/detail/002567/AN202501231642486790.html
002208,合肥城建,合肥城建:2024年度业绩预告,业绩预告,2025-01-24,https://data.eastmoney.com/notices/detail/002208/AN202501231642486791.html
002141,贤丰控股,*ST贤丰:关于变更办公地址的公告,公司办公地址变更,2025-01-24,https://data.eastmoney.com/notices/detail/002141/AN202501231642486795.html
600624,ST复华,复旦复华:上海复旦复华科技股份有限公司2024年年度业绩预告,业绩预告,2025-01-24,https://data.eastmoney.com/notices/detail/600624/AN202501231642486777.html
601778,晶科科技,晶科科技:2025年第一次临时股东大会决议公告,股东大会决议公告,2025-01-24,https://data.eastmoney.com/notices/detail/601778/AN202501231642486653.html
601778,晶科科技,晶科科技:君合律师事务所上海分所关于晶科电力科技股份有限公司2025年第一次临时股东大会的法律意见书,法律意见书,2025-01-24,https://data.eastmoney.com/notices/detail/601778/AN202501231642486652.html
603003,退市龙宇,*ST龙宇:上海龙宇数据股份有限公司关于转让控股子公司股权的公告,股权转让,2025-01-24,https://data.eastmoney.com/notices/detail/603003/AN202501231642486636.html
688292,浩瀚深度,浩瀚深度:北京浩瀚深度信息技术股份有限公司关于向不特定对象发行可转换公司债券获得中国证券监督管理委员会同意注册批复的公告,其他,2025-01-24,https://data.eastmoney.com/notices/detail/688292/AN202501231642486635.html
601866,中远海发,中远海发:H股公告:翌日披露报表,其他,2025-01-24,https://data.eastmoney.com/notices/detail/601866/AN202501231642486623.html
600810,神马股份,神马股份:平顶山神马工程塑料科技发展有限公司拟资产出售所涉及的相关资产资产评估报告,其他,2025-01-24,https://data.eastmoney.com/notices/detail/600810/AN202501231642486622.html
600810,神马股份,神马股份:神马股份关于全资子公司平顶山神马工程塑料科技发展有限公司公开挂牌转让部分资产的提示性公告,收购出售资产/股权,2025-01-24,https://data.eastmoney.com/notices/detail/600810/AN202501231642486621.html
688108,赛诺医疗,赛诺医疗:2025-001:赛诺医疗科学技术股份有限公司关于公司产品在秘鲁获得注册证的自愿性披露公告,其他,2025-01-24,https://data.eastmoney.com/notices/detail/688108/AN202501231642486609.html
600583,海油工程,海油工程:海油工程关于为青岛子公司提供母公司担保的公告,提供/对外担保公告,2025-01-24,https://data.eastmoney.com/notices/detail/600583/AN202501231642486608.html
600583,海油工程,海油工程:海油工程关于高管变更、增补董事会专门委员会委员的公告,高管人员任职变动,2025-01-24,https://data.eastmoney.com/notices/detail/600583/AN202501231642486607.html
600583,海油工程,海油工程:海油工程第八届董事会第八次会议决议公告,高管人员任职变动,2025-01-24,https://data.eastmoney.com/notices/detail/600583/AN202501231642486606.html
601133,柏诚股份,柏诚股份:中信证券股份有限公司关于柏诚系统科技股份有限公司部分募投项目调整内部投资结构和延长实施期限的核查意见,保荐/核查意见,2025-01-24,https://data.eastmoney.com/notices/detail/601133/AN202501231642486599.html
601133,柏诚股份,柏诚股份:关于董事会战略委员会调整为董事会战略与可持续发展委员会并修订其工作细则的公告,议事规则/实施细则,2025-01-24,https://data.eastmoney.com/notices/detail/601133/AN202501231642486598.html
601133,柏诚股份,柏诚股份:董事会战略与可持续发展委员会工作细则,议事规则/实施细则,2025-01-24,https://data.eastmoney.com/notices/detail/601133/AN202501231642486602.html
601133,柏诚股份,柏诚股份:第七届监事会第七次会议决议公告,监事会决议公告,2025-01-24,https://data.eastmoney.com/notices/detail/601133/AN202501231642486600.html
601133,柏诚股份,柏诚股份:关于部分募投项目调整内部投资结构和延长实施期限的公告,变更募集资金投资项目,2025-01-24,https://data.eastmoney.com/notices/detail/601133/AN202501231642486603.html
601133,柏诚股份,柏诚股份:第七届董事会第八次会议决议公告,董事会决议公告,2025-01-24,https://data.eastmoney.com/notices/detail/601133/AN202501231642486601.html
002856,*ST美芝,美芝股份:2024年第四季度装修装饰业务主要经营情况简报,月度经营情况,2025-01-24,https://data.eastmoney.com/notices/detail/002856/AN202501231642486575.html
002043,兔宝宝,兔宝宝:关于变更持续督导保荐代表人的公告,保荐代表人（机构）变更,2025-01-24,https://data.eastmoney.com/notices/detail/002043/AN202501231642486573.html
002612,朗姿股份,朗姿股份:关于公司控股股东股份质押的公告,股份质押、冻结,2025-01-24,https://data.eastmoney.com/notices/detail/002612/AN202501231642486576.html
002597,金禾实业,金禾实业:关于与专业投资机构合作投资暨关联交易的进展公告,关联交易,2025-01-24,https://data.eastmoney.com/notices/detail/002597/AN202501231642486574.html
002520,日发精机,日发精机:2024年度业绩预告,业绩预告,2025-01-24,https://data.eastmoney.com/notices/detail/002520/AN202501231642486583.html
002213,大为股份,大为股份:2024年度业绩预告,业绩预告,2025-01-24,https://data.eastmoney.com/notices/detail/002213/AN202501231642486580.html
002150,正泰电源,通润装备:2024年年度业绩预告,业绩预告,2025-01-24,https://data.eastmoney.com/notices/detail/002150/AN202501231642486586.html
000876,新希望,新希望:关于控股股东非公开发行可交换公司债券调整换股价格的提示性公告,其他,2025-01-24,https://data.eastmoney.com/notices/detail/000876/AN202501231642486581.html
000876,新希望,新希望:2024年度业绩预告,业绩预告,2025-01-24,https://data.eastmoney.com/notices/detail/000876/AN202501231642486582.html
002555,三七互娱,三七互娱:关于回购股份注销完成暨股份变动的公告,股本变动,2025-01-24,https://data.eastmoney.com/notices/detail/002555/AN202501231642486579.html
301063,海锅股份,海锅股份:2024年度业绩预告,业绩预告,2025-01-24,https://data.eastmoney.com/notices/detail/301063/AN202501231642486578.html
603949,雪龙集团,雪龙集团:雪龙集团股份有限公司关于最近五年被证券监管部门和证券交易所采取监管措施或处罚及相应整改情况的公告,处罚,2025-01-24,https://data.eastmoney.com/notices/detail/603949/AN202501231642486456.html
603949,雪龙集团,雪龙集团:雪龙集团股份有限公司关于2025年度以简易程序向特定对象发行股票预案的提示性公告,增发提示性公告,2025-01-24,https://data.eastmoney.com/notices/detail/603949/AN202501231642486454.html
603949,雪龙集团,雪龙集团:雪龙集团股份有限公司关于本次以简易程序向特定对象发行股票不存在直接或通过利益相关方向参与认购的投资者提供财务资助或补偿的公告,获得补贴（资助）,2025-01-24,https://data.eastmoney.com/notices/detail/603949/AN202501231642486449.html
603949,雪龙集团,雪龙集团:前次募集资金使用情况鉴证报告,保荐/核查意见,2025-01-24,https://data.eastmoney.com/notices/detail/603949/AN202501231642486450.html
603949,雪龙集团,雪龙集团:雪龙集团股份有限公司前次募集资金使用情况的专项报告,募集资金使用情况报告,2025-01-24,https://data.eastmoney.com/notices/detail/603949/AN202501231642486559.html
603949,雪龙集团,雪龙集团:雪龙集团股份有限公司第四届监事会第十七次会议决议公告,监事会决议公告,2025-01-24,https://data.eastmoney.com/notices/detail/603949/AN202501231642486451.html
603949,雪龙集团,雪龙集团:雪龙集团股份有限公司关于股东部分股份质押续期的公告,股份质押、冻结,2025-01-24,https://data.eastmoney.com/notices/detail/603949/AN202501231642486455.html
603949,雪龙集团,雪龙集团:雪龙集团股份有限公司2025年度以简易程序向特定对象发行股票预案,增发预案,2025-01-24,https://data.eastmoney.com/notices/detail/603949/AN202501231642486453.html
603949,雪龙集团,雪龙集团:雪龙集团股份有限公司关于2025年度以简易程序向特定对象发行股票摊薄即期回报的风险提示及填补回报措施和相关主体承诺的公告,其他,2025-01-24,https://data.eastmoney.com/notices/detail/603949/AN202501231642486558.html
603949,雪龙集团,雪龙集团:雪龙集团股份有限公司2025年度以简易程序向特定对象发行股票方案论证分析报告,其他,2025-01-24,https://data.eastmoney.com/notices/detail/603949/AN202501231642486560.html
603949,雪龙集团,雪龙集团:雪龙集团股份有限公司第四届董事会第十八次会议决议公告,增发预案,2025-01-24,https://data.eastmoney.com/notices/detail/603949/AN202501231642486452.html
603949,雪龙集团,雪龙集团:雪龙集团股份有限公司2025年度以简易程序向特定对象发行股票募集资金使用可行性分析报告,其他,2025-01-24,https://data.eastmoney.com/notices/detail/603949/AN202501231642486557.html
688652,京仪装备,京仪装备:关于北京京仪自动化装备技术股份有限公司2025年第一次临时股东大会的法律意见,法律意见书,2025-01-24,https://data.eastmoney.com/notices/detail/688652/AN202501231642486448.html
688652,京仪装备,京仪装备:北京京仪自动化装备技术股份有限公司2025年第一次临时股东大会决议公告,股东大会决议公告,2025-01-24,https://data.eastmoney.com/notices/detail/688652/AN202501231642486447.html
601006,大秦铁路,大秦铁路:大秦铁路关于实施“大秦转债”赎回暨摘牌的第十三次提示性公告,其他,2025-01-24,https://data.eastmoney.com/notices/detail/601006/AN202501231642486442.html
600323,瀚蓝环境,瀚蓝环境:关于重大资产重组进展的公告,重组进展公告,2025-01-24,https://data.eastmoney.com/notices/detail/600323/AN202501231642486443.html
603885,吉祥航空,吉祥航空:上海吉祥航空股份有限公司关于控股股东及其一致行动人股份解除质押及质押的公告,股份质押、冻结,2025-01-24,https://data.eastmoney.com/notices/detail/603885/AN202501231642486444.html
600444,国机通用,国机通用:国机通用关于公开挂牌转让全资子公司100%股权完成工商变更登记的进展公告,公司关联方基本资料变更,2025-01-24,https://data.eastmoney.com/notices/detail/600444/AN202501231642486438.html
600433,冠豪高新,冠豪高新:冠豪高新关于回购注销部分限制性股票的公告,回购进展情况,2025-01-24,https://data.eastmoney.com/notices/detail/600433/AN202501231642486430.html
600433,冠豪高新,冠豪高新:冠豪高新第九届监事会第二次会议决议公告,监事会决议公告,2025-01-24,https://data.eastmoney.com/notices/detail/600433/AN202501231642486429.html
600433,冠豪高新,冠豪高新:冠豪高新关于回购注销部分限制性股票通知债权人的公告,通知债权人公告,2025-01-24,https://data.eastmoney.com/notices/detail/600433/AN202501231642486433.html
600433,冠豪高新,冠豪高新:北京市康达律师事务所关于冠豪高新2021年限制性股票激励计划回购注销部分已授予限制性股票事项的法律意见书,法律意见书,2025-01-24,https://data.eastmoney.com/notices/detail/600433/AN202501231642486432.html
600433,冠豪高新,冠豪高新:冠豪高新第九届董事会第二次会议决议公告,高管人员任职变动,2025-01-24,https://data.eastmoney.com/notices/detail/600433/AN202501231642486431.html
600033,福建高速,福建高速:关于福建发展高速公路股份有限公司2025年第一次临时股东大会的法律意见书,法律意见书,2025-01-24,https://data.eastmoney.com/notices/detail/600033/AN202501231642486421.html
603700,宁水集团,宁水集团:独立董事候选人声明与承诺(唐绍祥),独立董事候选人声明,2025-01-24,https://data.eastmoney.com/notices/detail/603700/AN202501231642486414.html
605398,新炬网络,新炬网络:实际控制人《关于上海新炬网络信息技术股份有限公司股票交易异常波动的问询函》的回函,回复问询函公告,2025-01-24,https://data.eastmoney.com/notices/detail/605398/AN202501231642486408.html
605398,新炬网络,新炬网络:上海新炬网络信息技术股份有限公司股票交易异常波动公告,股票交易异常波动,2025-01-24,https://data.eastmoney.com/notices/detail/605398/AN202501231642486422.html
603700,宁水集团,宁水集团:独立董事候选人声明与承诺(包建亚),独立董事候选人声明,2025-01-24,https://data.eastmoney.com/notices/detail/603700/AN202501231642486420.html
603700,宁水集团,宁水集团:独立董事候选人声明与承诺(马思甜),独立董事候选人声明,2025-01-24,https://data.eastmoney.com/notices/detail/603700/AN202501231642486409.html
603700,宁水集团,宁水集团:第八届董事会第十八次会议决议公告,高管人员任职变动,2025-01-24,https://data.eastmoney.com/notices/detail/603700/AN202501231642486423.html
603700,宁水集团,宁水集团:关于召开2025年第一次临时股东大会的通知,召开股东大会通知,2025-01-24,https://data.eastmoney.com/notices/detail/603700/AN202501231642486412.html
603700,宁水集团,宁水集团:关于董事会、监事会换届选举的公告,高管人员任职变动,2025-01-24,https://data.eastmoney.com/notices/detail/603700/AN202501231642486413.html
600033,福建高速,福建高速:福建高速2025年第一次临时股东大会决议公告,股东大会决议公告,2025-01-24,https://data.eastmoney.com/notices/detail/600033/AN202501231642486418.html
603700,宁水集团,宁水集团:关于修订《公司章程》及《董事会议事规则》的公告,议事规则/实施细则,2025-01-24,https://data.eastmoney.com/notices/detail/603700/AN202501231642486417.html
603700,宁水集团,宁水集团:关于将部分已回购股份用途变更为注销并减少注册资本的公告,公司注册资本变更,2025-01-24,https://data.eastmoney.com/notices/detail/603700/AN202501231642486410.html
603700,宁水集团,宁水集团:《公司章程》(2025年1月),公司章程,2025-01-24,https://data.eastmoney.com/notices/detail/603700/AN202501231642486416.html
603700,宁水集团,宁水集团:关于拟转让子公司股权的公告,股权转让,2025-01-24,https://data.eastmoney.com/notices/detail/603700/AN202501231642486411.html
603700,宁水集团,宁水集团:《董事会议事规则》(2025年1月),议事规则/实施细则,2025-01-24,https://data.eastmoney.com/notices/detail/603700/AN202501231642486419.html
603700,宁水集团,宁水集团:独立董事提名人声明与承诺,独立董事提名人声明,2025-01-24,https://data.eastmoney.com/notices/detail/603700/AN202501231642486415.html
603700,宁水集团,宁水集团:第八届监事会第十七次会议决议公告,高管人员任职变动,2025-01-24,https://data.eastmoney.com/notices/detail/603700/AN202501231642486407.html
600099,林海股份,林海股份:林海股份有限公司关于获得政府补助的公告,获得补贴（资助）,2025-01-24,https://data.eastmoney.com/notices/detail/600099/AN202501231642486385.html
600370,*ST三房,三房巷:江苏三房巷聚材股份有限公司关于全资下属公司之间提供抵押担保的公告,提供/对外担保公告,2025-01-24,https://data.eastmoney.com/notices/detail/600370/AN202501231642486386.html
688261,东微半导,东微半导:苏州东微半导体股份有限公司关于首次公开发行部分限售股上市流通的公告,限售股份上市流通,2025-01-24,https://data.eastmoney.com/notices/detail/688261/AN202501231642486382.html
688261,东微半导,东微半导:中国国际金融股份有限公司关于苏州东微半导体股份有限公司首次公开发行部分限售股上市流通的核查意见,保荐/核查意见,2025-01-24,https://data.eastmoney.com/notices/detail/688261/AN202501231642486381.html
688798,艾为电子,艾为电子:艾为电子关于开设募集资金专户并签署募集资金专户存储监管协议的公告,签订协议,2025-01-24,https://data.eastmoney.com/notices/detail/688798/AN202501231642486378.html
688798,艾为电子,艾为电子:艾为电子2024年年度业绩预告,业绩预告,2025-01-24,https://data.eastmoney.com/notices/detail/688798/AN202501231642486379.html
600963,岳阳林纸,岳阳林纸:岳阳林纸股份有限公司2024年年度业绩预盈公告,业绩预告,2025-01-24,https://data.eastmoney.com/notices/detail/600963/AN202501231642486361.html
688125,安达智能,安达智能:关于审计机构变更项目质量控制复核人的公告,审计机构变更,2025-01-24,https://data.eastmoney.com/notices/detail/688125/AN202501231642486360.html
002079,苏州固锝,苏州固锝:2024年度业绩预告,业绩预告,2025-01-24,https://data.eastmoney.com/notices/detail/002079/AN202501231642486356.html
002115,三维通信,三维通信:关于公司2024年度计提资产减值准备的公告,其他,2025-01-24,https://data.eastmoney.com/notices/detail/002115/AN202501231642486357.html
002115,三维通信,三维通信:2024年度业绩预告,业绩预告,2025-01-24,https://data.eastmoney.com/notices/detail/002115/AN202501231642486355.html
002537,海联金汇,海联金汇:关于控股股东一致行动人部分股份解除质押的公告,股份质押、冻结,2025-01-24,https://data.eastmoney.com/notices/detail/002537/AN202501231642486351.html
002443,金洲管道,金洲管道:关于控股股东部分股份解除质押并再质押的公告,股份质押、冻结,2025-01-24,https://data.eastmoney.com/notices/detail/002443/AN202501231642486358.html
000560,我爱我家,我爱我家:2024年度业绩预告,业绩预告,2025-01-24,https://data.eastmoney.com/notices/detail/000560/AN202501231642486352.html
002402,和而泰,和而泰:关于实际控制人部分股份解除质押及质押的公告,股份质押、冻结,2025-01-24,https://data.eastmoney.com/notices/detail/002402/AN202501231642486354.html
002696,百洋股份,百洋股份:2024年度业绩预告,业绩预告,2025-01-24,https://data.eastmoney.com/notices/detail/002696/AN202501231642486353.html
000948,南天信息,南天信息:关于2021年限制性股票激励计划第二个解除限售期解除限售股份上市流通的提示性公告,限售股份上市流通,2025-01-24,https://data.eastmoney.com/notices/detail/000948/AN202501231642486349.html
000758,中色股份,中色股份:2024年第四季度经营合同情况的公告,月度经营情况,2025-01-24,https://data.eastmoney.com/notices/detail/000758/AN202501231642486359.html
002171,楚江新材,楚江新材:关于为子公司向银行申请授信额度提供担保的进展公告,提供/对外担保公告,2025-01-24,https://data.eastmoney.com/notices/detail/002171/AN202501231642486350.html
002653,海思科,海思科:关于签署募集资金三方监管协议的公告,签订协议,2025-01-24,https://data.eastmoney.com/notices/detail/002653/AN202501231642486346.html
000584,工智退,*ST工智:股票交易异常波动公告,股票交易异常波动,2025-01-24,https://data.eastmoney.com/notices/detail/000584/AN202501231642486348.html
605080,浙江自然,浙江自然:浙江自然2024年年度业绩预告,业绩预告,2025-01-24,https://data.eastmoney.com/notices/detail/605080/AN202501231642486335.html
688184,ST帕瓦,帕瓦股份:浙江帕瓦新能源股份有限公司关于第四期以集中竞价交易方式首次回购公司股份的公告,回购实施公告,2025-01-24,https://data.eastmoney.com/notices/detail/688184/AN202501231642486334.html
603511,爱慕股份,爱慕股份:关于爱慕股份有限公司股票交易异常波动的问询函的回函,回复问询函公告,2025-01-24,https://data.eastmoney.com/notices/detail/603511/AN202501231642486321.html
603511,爱慕股份,爱慕股份:股票交易异常波动公告,股票交易异常波动,2025-01-24,https://data.eastmoney.com/notices/detail/603511/AN202501231642486322.html
600588,用友网络,用友网络:用友网络关于以集中竞价方式回购公司股份的进展公告,回购进展情况,2025-01-24,https://data.eastmoney.com/notices/detail/600588/AN202501231642486309.html
600588,用友网络,用友网络:用友网络2024年年度业绩预告,业绩预告,2025-01-24,https://data.eastmoney.com/notices/detail/600588/AN202501231642486308.html
688695,中创股份,中创股份:山东中创软件商用中间件股份有限公司关于2025年度日常关联交易预计的公告,关联交易,2025-01-24,https://data.eastmoney.com/notices/detail/688695/AN202501231642486297.html
600127,金健米业,金健米业:金健米业关于变更托管控股股东部分股权资产签订《股权托管协议之补充协议》暨关联交易的公告,签订协议,2025-01-24,https://data.eastmoney.com/notices/detail/600127/AN202501231642486292.html
600127,金健米业,金健米业:金健米业关于2025年度日常关联交易预计的公告,关联交易,2025-01-24,https://data.eastmoney.com/notices/detail/600127/AN202501231642486296.html
600330,天通股份,天通股份:天通股份关于股份回购实施结果暨股份变动公告,股本变动,2025-01-24,https://data.eastmoney.com/notices/detail/600330/AN202501231642486291.html
600127,金健米业,金健米业:金健米业第九届董事会第三十六次会议决议公告,董事会决议公告,2025-01-24,https://data.eastmoney.com/notices/detail/600127/AN202501231642486295.html
600127,金健米业,金健米业:金健米业关于召开2025年第一次临时股东大会的通知,召开股东大会通知,2025-01-24,https://data.eastmoney.com/notices/detail/600127/AN202501231642486294.html
600127,金健米业,金健米业:金健米业股份有限公司贯彻落实“三重一大”事项集体决策制度的实施办法(2025年修订),管理办法/制度,2025-01-24,https://data.eastmoney.com/notices/detail/600127/AN202501231642486293.html
688695,中创股份,中创股份:山东中创软件商用中间件股份有限公司第七届监事会第九次会议决议公告,监事会决议公告,2025-01-24,https://data.eastmoney.com/notices/detail/688695/AN202501231642486289.html
688695,中创股份,中创股份:开源证券股份有限公司、民生证券股份有限公司关于山东中创软件商用中间件股份有限公司预计2025年度日常关联交易的核查意见,保荐/核查意见,2025-01-24,https://data.eastmoney.com/notices/detail/688695/AN202501231642486290.html
605338,巴比食品,巴比食品:2024年年度业绩快报公告,业绩快报,2025-01-24,https://data.eastmoney.com/notices/detail/605338/AN202501231642486283.html
603025,大豪科技,大豪科技:北京大豪科技股份有限公司2024年年度业绩预增公告,业绩预告,2025-01-24,https://data.eastmoney.com/notices/detail/603025/AN202501231642486272.html
688276,百克生物,百克生物:长春百克生物科技股份公司关于签订投资协议暨对外投资进展的公告,签订协议,2025-01-24,https://data.eastmoney.com/notices/detail/688276/AN202501231642486266.html
688234,天岳先进,天岳先进:2024年年度业绩预告,业绩预告,2025-01-24,https://data.eastmoney.com/notices/detail/688234/AN202501231642486265.html
688276,百克生物,百克生物:长春百克生物科技股份公司2024年年度业绩预告的公告,业绩预告,2025-01-24,https://data.eastmoney.com/notices/detail/688276/AN202501231642486264.html
600183,生益科技,生益科技:生益科技2024年年度业绩预增公告,业绩预告,2025-01-24,https://data.eastmoney.com/notices/detail/600183/AN202501231642486147.html
688525,佰维存储,佰维存储:关于会计政策变更的公告,其他,2025-01-24,https://data.eastmoney.com/notices/detail/688525/AN202501231642486130.html
605128,上海沿浦,上海沿浦:上海沿浦金属制品股份有限公司2024年年度业绩预增的公告,业绩预告,2025-01-24,https://data.eastmoney.com/notices/detail/605128/AN202501231642486127.html
600903,贵州燃气,贵州燃气:贵州燃气集团股份有限公司关于股东权益变动的提示性公告,权益变动报告书,2025-01-24,https://data.eastmoney.com/notices/detail/600903/AN202501231642486129.html
603129,春风动力,春风动力:春风动力2024年年度业绩预增公告,业绩预告,2025-01-24,https://data.eastmoney.com/notices/detail/603129/AN202501231642486125.html
603516,淳中科技,淳中科技:北京淳中科技股份有限公司2024年年度业绩预告,业绩预告,2025-01-24,https://data.eastmoney.com/notices/detail/603516/AN202501231642486126.html
600903,贵州燃气,贵州燃气:贵州燃气集团股份有限公司简式权益变动报告书,权益变动报告书,2025-01-24,https://data.eastmoney.com/notices/detail/600903/AN202501231642486128.html
605366,宏柏新材,宏柏新材:江西宏柏新材料股份有限公司关于对部分闲置可转换公司债券募集资金进行现金管理的进展公告,募集资金使用进展情况,2025-01-24,https://data.eastmoney.com/notices/detail/605366/AN202501231642486117.html
601600,中国铝业,中国铝业:中国铝业2024年度业绩预增公告,业绩预告,2025-01-24,https://data.eastmoney.com/notices/detail/601600/AN202501231642486111.html
603789,ST星农,星光农机:星光农机2024年年度业绩预亏公告,业绩预告,2025-01-24,https://data.eastmoney.com/notices/detail/603789/AN202501231642486103.html
603789,ST星农,星光农机:星光农机股票可能被实施退市风险警示的风险提示公告,其它风险提示公告,2025-01-24,https://data.eastmoney.com/notices/detail/603789/AN202501231642486102.html
688182,灿勤科技,灿勤科技:江苏灿勤科技股份有限公司2024年年度业绩预告,业绩预告,2025-01-24,https://data.eastmoney.com/notices/detail/688182/AN202501231642486089.html
600658,电子城,电子城:电子城2025年第二次临时股东大会决议公告,股东大会决议公告,2025-01-24,https://data.eastmoney.com/notices/detail/600658/AN202501231642486088.html
603161,科华控股,科华控股:科华控股股份有限公司关于持股5%以上股东部分股份质押的公告,股份质押、冻结,2025-01-24,https://data.eastmoney.com/notices/detail/603161/AN202501231642486087.html
600658,电子城,电子城:北京市竞天公诚律师事务所关于电子城高科2025年第二次临时股东大会的法律意见书,法律意见书,2025-01-24,https://data.eastmoney.com/notices/detail/600658/AN202501231642486086.html
300556,丝路视觉,丝路视觉:2024年年度业绩预告,业绩预告,2025-01-24,https://data.eastmoney.com/notices/detail/300556/AN202501231642486074.html
002630,*ST华西,华西能源:北京康达(成都)律师事务所关于公司2025年第一次临时股东大会的法律意见书,法律意见书,2025-01-24,https://data.eastmoney.com/notices/detail/002630/AN202501231642486072.html
002630,*ST华西,华西能源:2025年第一次临时股东大会决议公告,股东大会决议公告,2025-01-24,https://data.eastmoney.com/notices/detail/002630/AN202501231642486073.html
002296,辉煌科技,辉煌科技:关于2022年员工持股计划出售完毕暨终止的公告,员工持股计划,2025-01-24,https://data.eastmoney.com/notices/detail/002296/AN202501231642486071.html
601998,中信银行,中信银行:中信银行股份有限公司关于收到上海证券交易所恢复审核通知的公告,其他,2025-01-24,https://data.eastmoney.com/notices/detail/601998/AN202501231642485927.html
603836,海程邦达,海程邦达:第三届董事会第五次会议决议公告,董事会决议公告,2025-01-24,https://data.eastmoney.com/notices/detail/603836/AN202501231642485947.html
603836,海程邦达,海程邦达:海程邦达供应链管理股份有限公司关于开展外汇衍生品交易的可行性分析报告,其他,2025-01-24,https://data.eastmoney.com/notices/detail/603836/AN202501231642485949.html
603836,海程邦达,海程邦达:关于使用部分闲置自有资金进行现金管理的公告,投资理财,2025-01-24,https://data.eastmoney.com/notices/detail/603836/AN202501231642485944.html
603836,海程邦达,海程邦达:关于开展外汇衍生品交易的公告,其他,2025-01-24,https://data.eastmoney.com/notices/detail/603836/AN202501231642485946.html
603836,海程邦达,海程邦达:关于2025年度日常关联交易预计的公告,关联交易,2025-01-24,https://data.eastmoney.com/notices/detail/603836/AN202501231642485945.html
603836,海程邦达,海程邦达:第三届监事会第四次会议决议公告,监事会决议公告,2025-01-24,https://data.eastmoney.com/notices/detail/603836/AN202501231642485948.html
600096,云天化,云天化:云天化第九届董事会第三十九次(临时)会议决议公告,董事会决议公告,2025-01-24,https://data.eastmoney.com/notices/detail/600096/AN202501231642485928.html
600096,云天化,云天化:云天化第九届监事会第三十四次会议决议公告,监事会决议公告,2025-01-24,https://data.eastmoney.com/notices/detail/600096/AN202501231642485929.html
600096,云天化,云天化:云南云天化股份有限公司未来三年(2024-2026年度)现金分红规划,其他,2025-01-24,https://data.eastmoney.com/notices/detail/600096/AN202501231642485930.html
688226,威腾电气,威腾电气:威腾电气集团股份有限公司关于使用闲置募集资金进行现金管理的公告,投资理财,2025-01-24,https://data.eastmoney.com/notices/detail/688226/AN202501231642485898.html
688226,威腾电气,威腾电气:威腾电气集团股份有限公司关于签署募集资金专户存储三方监管协议的公告,签订协议,2025-01-24,https://data.eastmoney.com/notices/detail/688226/AN202501231642485904.html
688226,威腾电气,威腾电气:威腾电气集团股份有限公司关于修订《公司章程》及制定《市值管理制度》的公告,公司章程修订,2025-01-24,https://data.eastmoney.com/notices/detail/688226/AN202501231642485899.html
688226,威腾电气,威腾电气:中审众环会计师事务所(特殊普通合伙)关于威腾电气集团股份有限公司以募集资金置换预先投入募投项目及已支付发行费用的自筹资金的专项说明的鉴证报告,保荐/核查意见,2025-01-24,https://data.eastmoney.com/notices/detail/688226/AN202501231642485897.html
688226,威腾电气,威腾电气:中信证券股份有限公司关于威腾电气集团股份有限公司使用募集资金向全资子公司增资以实施募投项目的核查意见,保荐/核查意见,2025-01-24,https://data.eastmoney.com/notices/detail/688226/AN202501231642485895.html
688226,威腾电气,威腾电气:威腾电气集团股份有限公司第四届监事会第四次会议决议公告,监事会决议公告,2025-01-24,https://data.eastmoney.com/notices/detail/688226/AN202501231642485896.html
688226,威腾电气,威腾电气:威腾电气集团股份有限公司章程,公司章程,2025-01-24,https://data.eastmoney.com/notices/detail/688226/AN202501231642485908.html
688226,威腾电气,威腾电气:中信证券股份有限公司关于威腾电气集团股份有限公司使用募集资金置换预先投入募投项目及已支付发行费用的自筹资金的核查意见,保荐/核查意见,2025-01-24,https://data.eastmoney.com/notices/detail/688226/AN202501231642485903.html
688226,威腾电气,威腾电气:威腾电气集团股份有限公司关于调整募集资金投资项目拟投入募集资金金额并取消通过使用募集资金投资建设部分募投项目的公告,募集资金使用情况报告,2025-01-24,https://data.eastmoney.com/notices/detail/688226/AN202501231642485905.html
688226,威腾电气,威腾电气:威腾电气集团股份有限公司关于使用募集资金置换预先投入募投项目及已支付发行费用的自筹资金的公告,募集资金使用情况报告,2025-01-24,https://data.eastmoney.com/notices/detail/688226/AN202501231642485907.html
688226,威腾电气,威腾电气:威腾电气集团股份有限公司关于使用募集资金向全资子公司增资和提供借款以实施募投项目的公告,增资扩股,2025-01-24,https://data.eastmoney.com/notices/detail/688226/AN202501231642485909.html
688226,威腾电气,威腾电气:中信证券股份有限公司关于威腾电气集团股份有限公司使用闲置募集资金进行现金管理的核查意见,保荐/核查意见,2025-01-24,https://data.eastmoney.com/notices/detail/688226/AN202501231642485906.html
688226,威腾电气,威腾电气:威腾电气集团股份有限公司关于限制性股票激励计划归属结果暨股份上市公告的更正公告,限售股份上市流通,2025-01-24,https://data.eastmoney.com/notices/detail/688226/AN202501231642485900.html
688226,威腾电气,威腾电气:中信证券股份有限公司关于威腾电气集团股份有限公司调整募集资金投资项目拟投入募集资金金额并取消通过使用募集资金投资建设部分募投项目的核查意见,保荐/核查意见,2025-01-24,https://data.eastmoney.com/notices/detail/688226/AN202501231642485902.html
688226,威腾电气,威腾电气:威腾电气集团股份有限公司关于召开2025年第一次临时股东大会的通知,召开股东大会通知,2025-01-24,https://data.eastmoney.com/notices/detail/688226/AN202501231642485901.html
603296,华勤技术,华勤技术:华勤技术关于对外担保的进展公告,提供/对外担保公告,2025-01-24,https://data.eastmoney.com/notices/detail/603296/AN202501231642485883.html
688187,时代电气,时代电气:H股公告(翌日披露报表),其他,2025-01-24,https://data.eastmoney.com/notices/detail/688187/AN202501231642485873.html
600894,广日股份,广日股份:广州广日股份有限公司2025年第一次临时股东大会会议资料,股东大会资料,2025-01-24,https://data.eastmoney.com/notices/detail/600894/AN202501231642485872.html
300626,华瑞股份,华瑞股份:2024年度业绩预告,业绩预告,2025-01-24,https://data.eastmoney.com/notices/detail/300626/AN202501231642485866.html
600276,恒瑞医药,恒瑞医药:恒瑞医药关于药品上市许可申请获受理的提示性公告,其他,2025-01-24,https://data.eastmoney.com/notices/detail/600276/AN202501231642485651.html
688239,航宇科技,航宇科技:中证鹏元关于关注贵州航宇科技发展股份有限公司变更募集资金投资项目实施主体、实施地点、实施方式并调整投资金额的公告,变更募集资金投资项目,2025-01-24,https://data.eastmoney.com/notices/detail/688239/AN202501231642485646.html
688239,航宇科技,航宇科技:航宇科技2025年第一次临时股东大会之见证法律意见书,法律意见书,2025-01-24,https://data.eastmoney.com/notices/detail/688239/AN202501231642485647.html
688239,航宇科技,航宇科技:航宇科技2025年第一次临时股东大会决议公告,股东大会决议公告,2025-01-24,https://data.eastmoney.com/notices/detail/688239/AN202501231642485648.html
688179,阿拉丁,阿拉丁:阿拉丁2025年第一次临时股东大会决议公告,分配方案决议公告,2025-01-24,https://data.eastmoney.com/notices/detail/688179/AN202501231642485644.html
688179,阿拉丁,阿拉丁:上海市锦天城律师事务所关于上海阿拉丁生化科技股份有限公司2025年第一次临时股东大会的法律意见书,法律意见书,2025-01-24,https://data.eastmoney.com/notices/detail/688179/AN202501231642485643.html
603928,兴业股份,兴业股份:兴业股份股票交易风险提示公告,风险提示性公告,2025-01-24,https://data.eastmoney.com/notices/detail/603928/AN202501231642485640.html
603590,康辰药业,康辰药业:康辰药业2024年年度业绩预告,业绩预告,2025-01-24,https://data.eastmoney.com/notices/detail/603590/AN202501231642485631.html
600436,片仔癀,片仔癀:漳州片仔癀药业股份有限公司关于2024年年度业绩快报的公告,业绩快报,2025-01-24,https://data.eastmoney.com/notices/detail/600436/AN202501231642485622.html
002340,格林美,格林美:关于回购股份事项前十名股东和前十名无限售条件股东持股情况的公告,其他,2025-01-24,https://data.eastmoney.com/notices/detail/002340/AN202501231642485614.html
002057,中钢天源,中钢天源:中钢天源股份有限公司关于安徽证监局对公司采取责令改正措施的决定的整改报告,整改报告,2025-01-24,https://data.eastmoney.com/notices/detail/002057/AN202501231642485616.html
688357,建龙微纳,建龙微纳:关于变更公司经营范围暨修订《公司章程》并办理工商变更登记的公告,公司经营范围变更,2025-01-24,https://data.eastmoney.com/notices/detail/688357/AN202501231642485609.html
002057,中钢天源,中钢天源:关于中央国有资本经营预算资金委托贷款展期暨关联交易的进展公告,委托（受托）事项,2025-01-24,https://data.eastmoney.com/notices/detail/002057/AN202501231642485617.html
688357,建龙微纳,建龙微纳:公司章程,公司章程,2025-01-24,https://data.eastmoney.com/notices/detail/688357/AN202501231642485610.html
688357,建龙微纳,建龙微纳:关于召开2025年第一次临时股东大会的通知,召开股东大会通知,2025-01-24,https://data.eastmoney.com/notices/detail/688357/AN202501231642485607.html
002057,中钢天源,中钢天源:第八届董事会第四次(临时)会议决议公告,董事会决议公告,2025-01-24,https://data.eastmoney.com/notices/detail/002057/AN202501231642485619.html
688357,建龙微纳,建龙微纳:关于变更签字注册会计师的公告,公司关联方基本资料变更,2025-01-24,https://data.eastmoney.com/notices/detail/688357/AN202501231642485608.html
000709,河钢股份,河钢股份:关于职工董事辞职及补选职工董事的公告,高管人员任职变动,2025-01-24,https://data.eastmoney.com/notices/detail/000709/AN202501231642485618.html
601865,福莱特,福莱特:福莱特H股公告(盈利警告),其他,2025-01-24,https://data.eastmoney.com/notices/detail/601865/AN202501231642485601.html
601865,福莱特,福莱特:福莱特H股公告(建議修訂公司章程),其他,2025-01-24,https://data.eastmoney.com/notices/detail/601865/AN202501231642485600.html
603700,宁水集团,宁水集团:宁水集团2025年第一次临时股东大会会议资料,股东大会资料,2025-01-24,https://data.eastmoney.com/notices/detail/603700/AN202501231642485593.html
601865,福莱特,福莱特:福莱特玻璃集团股份有限公司关于以集中竞价交易方式回购公司A股股份的进展公告,回购进展情况,2025-01-24,https://data.eastmoney.com/notices/detail/601865/AN202501231642485589.html
600537,*ST亿晶,亿晶光电:亿晶光电科技股份有限公司关于终止实施2022年股票期权与限制性股票激励计划暨完成注销股票期权的公告,股本变动,2025-01-24,https://data.eastmoney.com/notices/detail/600537/AN202501231642485590.html
601858,中国科传,中国科传:中国科技出版传媒股份有限公司关于使用部分闲置募集资金进行现金管理到期赎回并继续进行现金管理的公告,投资理财,2025-01-24,https://data.eastmoney.com/notices/detail/601858/AN202501231642485583.html
601020,华钰矿业,华钰矿业:华钰矿业2024年年度业绩预增公告,业绩预告,2025-01-24,https://data.eastmoney.com/notices/detail/601020/AN202501231642485584.html
002340,格林美,格林美:关于签署推进高等教育谅解备忘录的公告,签订协议,2025-01-24,https://data.eastmoney.com/notices/detail/002340/AN202501231642485582.html
688360,德马科技,德马科技:德马科技2024年年度业绩预增公告,业绩预告,2025-01-24,https://data.eastmoney.com/notices/detail/688360/AN202501231642485562.html
688772,珠海冠宇,珠海冠宇:关于收到客户定点通知的自愿性披露公告,其他,2025-01-24,https://data.eastmoney.com/notices/detail/688772/AN202501231642485558.html
600983,惠而浦,惠而浦:惠而浦关于职工代表监事辞职的公告,高管人员任职变动,2025-01-24,https://data.eastmoney.com/notices/detail/600983/AN202501231642485432.html
600791,京能置业,京能置业:京能置业股份有限公司关于控股子公司大连京能阳光房地产开发有限公司诉讼事项进展情况的公告,其他,2025-01-24,https://data.eastmoney.com/notices/detail/600791/AN202501231642485431.html
300485,赛升药业,赛升药业:关于子公司药品生产许可证变更的公告,其他,2025-01-24,https://data.eastmoney.com/notices/detail/300485/AN202501231642485439.html
002976,瑞玛精密,瑞玛精密:国金证券股份有限公司关于公司向特定对象发行股票之发行保荐书(修订稿),发行保荐书,2025-01-24,https://data.eastmoney.com/notices/detail/002976/AN202501231642485437.html
002976,瑞玛精密,瑞玛精密:国金证券股份有限公司关于公司向特定对象发行股票之上市保荐书(修订稿),上市保荐书,2025-01-24,https://data.eastmoney.com/notices/detail/002976/AN202501231642485448.html
002976,瑞玛精密,瑞玛精密:北京金诚同达律师事务所关于公司向特定对象发行股票的补充法律意见书(一)(修订稿),法律意见书,2025-01-24,https://data.eastmoney.com/notices/detail/002976/AN202501231642485440.html
002976,瑞玛精密,瑞玛精密:容诚会计师事务所(特殊普通合伙)关于公司申请向特定对象发行股票的审核问询函的回复,会计师事务所问询函回复公告,2025-01-24,https://data.eastmoney.com/notices/detail/002976/AN202501231642485435.html
002976,瑞玛精密,瑞玛精密:关于公司申请向特定对象发行股票的审核问询函的回复(修订稿),回复问询函公告,2025-01-24,https://data.eastmoney.com/notices/detail/002976/AN202501231642485449.html
002976,瑞玛精密,瑞玛精密:向特定对象发行股票募集说明书(申报稿)(修订稿),增发方案修订,2025-01-24,https://data.eastmoney.com/notices/detail/002976/AN202501231642485443.html
002976,瑞玛精密,瑞玛精密:公司关于向特定对象发行股票的审核问询函回复及募集说明书等申请文件修订的提示性公告,回复问询函公告,2025-01-24,https://data.eastmoney.com/notices/detail/002976/AN202501231642485441.html
688079,美迪凯,美迪凯:杭州美迪凯光电科技股份有限公司2024年年度业绩预亏公告,业绩预告,2025-01-24,https://data.eastmoney.com/notices/detail/688079/AN202501231642485414.html
605162,新中港,新中港:中证鹏元关于关注浙江新中港热电股份有限公司变更部分募投项目并触发债券回售条款事项的公告,变更募集资金投资项目,2025-01-24,https://data.eastmoney.com/notices/detail/605162/AN202501231642485410.html
300756,金马游乐,金马游乐:关于2024年度拟计提资产减值准备的公告,其他,2025-01-24,https://data.eastmoney.com/notices/detail/300756/AN202501231642485409.html
300756,金马游乐,金马游乐:关于使用部分闲置募集资金进行现金管理的进展公告,募集资金使用进展情况,2025-01-24,https://data.eastmoney.com/notices/detail/300756/AN202501231642485408.html
300756,金马游乐,金马游乐:2024年度业绩预告,业绩预告,2025-01-24,https://data.eastmoney.com/notices/detail/300756/AN202501231642485407.html
601811,新华文轩,新华文轩:新华文轩关于董事会、监事会延期换届的公告,高管人员任职变动,2025-01-24,https://data.eastmoney.com/notices/detail/601811/AN202501231642485391.html
601678,滨化股份,滨化股份:滨化股份关于为子公司提供担保的公告,提供/对外担保公告,2025-01-24,https://data.eastmoney.com/notices/detail/601678/AN202501231642485396.html
603153,上海建科,上海建科:上海建科咨询集团股份有限公司关于职工董事辞职的公告,高管人员任职变动,2025-01-24,https://data.eastmoney.com/notices/detail/603153/AN202501231642485392.html
603153,上海建科,上海建科:上海建科咨询集团股份有限公司关于总裁变动的公告,高管人员任职变动,2025-01-24,https://data.eastmoney.com/notices/detail/603153/AN202501231642485390.html
001260,坤泰股份,坤泰股份:关于使用部分闲置募集资金进行现金管理的公告,投资理财,2025-01-24,https://data.eastmoney.com/notices/detail/001260/AN202501231642485363.html
002403,爱仕达,爱仕达:2024年年度业绩预告,业绩预告,2025-01-24,https://data.eastmoney.com/notices/detail/002403/AN202501231642485379.html
000609,*ST中迪,*ST中迪:中迪投资2024年度业绩预告,业绩预告,2025-01-24,https://data.eastmoney.com/notices/detail/000609/AN202501231642485360.html
002534,西子洁能,西子洁能:关于对公司全资子公司减资的公告,公司关联方基本资料变更,2025-01-24,https://data.eastmoney.com/notices/detail/002534/AN202501231642485375.html
002534,西子洁能,西子洁能:关于会计政策变更的公告,其他,2025-01-24,https://data.eastmoney.com/notices/detail/002534/AN202501231642485373.html
001260,坤泰股份,坤泰股份:第二届董事会第十四次会议决议公告,董事会决议公告,2025-01-24,https://data.eastmoney.com/notices/detail/001260/AN202501231642485358.html
001260,坤泰股份,坤泰股份:国信证券股份有限公司关于山东坤泰新材料科技股份有限公司使用部分闲置募集资金进行现金管理的核查意见,保荐/核查意见,2025-01-24,https://data.eastmoney.com/notices/detail/001260/AN202501231642485368.html
002877,智能自控,智能自控:第五届监事会第六次会议决议公告,监事会决议公告,2025-01-24,https://data.eastmoney.com/notices/detail/002877/AN202501231642485370.html
002877,智能自控,智能自控:关于使用暂时闲置的自有资金进行国债逆回购的公告,投资理财,2025-01-24,https://data.eastmoney.com/notices/detail/002877/AN202501231642485361.html
002534,西子洁能,西子洁能:关于变更公司内审负责人的公告,高管人员任职变动,2025-01-24,https://data.eastmoney.com/notices/detail/002534/AN202501231642485367.html
001965,招商公路,招商公路:关于以集中竞价方式首次回购股份的公告,回购实施公告,2025-01-24,https://data.eastmoney.com/notices/detail/001965/AN202501231642485359.html
002124,天邦食品,ST天邦:关于控股股东股权解除质押的公告,股份质押、冻结,2025-01-24,https://data.eastmoney.com/notices/detail/002124/AN202501231642485362.html
001260,坤泰股份,坤泰股份:第二届监事会第十四次会议决议公告,监事会决议公告,2025-01-24,https://data.eastmoney.com/notices/detail/001260/AN202501231642485374.html
002877,智能自控,智能自控:第五届董事会第十二次会议决议公告,董事会决议公告,2025-01-24,https://data.eastmoney.com/notices/detail/002877/AN202501231642485156.html
002534,西子洁能,西子洁能:第六届董事会第十九次临时会议决议公告,高管人员任职变动,2025-01-24,https://data.eastmoney.com/notices/detail/002534/AN202501231642485376.html
001311,多利科技,多利科技:关于收到安徽证监局对公司及相关人员采取出具警示函措施决定的公告,其他,2025-01-24,https://data.eastmoney.com/notices/detail/001311/AN202501231642485364.html
002534,西子洁能,西子洁能:战略投资与ESG委员会工作细则(2025年1月22日修订),议事规则/实施细则,2025-01-24,https://data.eastmoney.com/notices/detail/002534/AN202501231642485381.html
300184,力源信息,力源信息:关于2024年度计提存货及应收账款等减值准备的公告,其他,2025-01-24,https://data.eastmoney.com/notices/detail/300184/AN202501231642485357.html
300184,力源信息,力源信息:2024年度业绩预告,业绩预告,2025-01-24,https://data.eastmoney.com/notices/detail/300184/AN202501231642485365.html
300968,格林精密,格林精密:2024年度业绩预告,业绩预告,2025-01-24,https://data.eastmoney.com/notices/detail/300968/AN202501231642485377.html
600633,浙数文化,浙数文化:浙数文化关于公司注册资本变更完成工商登记的公告,公司注册资本变更,2025-01-24,https://data.eastmoney.com/notices/detail/600633/AN202501231642485148.html
603225,新凤鸣,新凤鸣:2025年第一次临时股东大会会议资料,股东大会资料,2025-01-24,https://data.eastmoney.com/notices/detail/603225/AN202501231642485139.html
603020,爱普股份,爱普股份:爱普香料集团股份有限公司2024年年度业绩预告,业绩预告,2025-01-24,https://data.eastmoney.com/notices/detail/603020/AN202501231642485123.html
600830,香溢融通,香溢融通:香溢融通控股集团股份有限公司关于典当业务诉讼事项进展的公告,诉讼仲裁,2025-01-24,https://data.eastmoney.com/notices/detail/600830/AN202501231642485112.html
688535,华海诚科,华海诚科:江苏华海诚科新材料股份有限公司首次回购股份进展实施公告,回购进展情况,2025-01-24,https://data.eastmoney.com/notices/detail/688535/AN202501231642485111.html
688551,科威尔,科威尔:关于新增签字注册会计师及变更项目质量控制复核人的公告,公司关联方基本资料变更,2025-01-24,https://data.eastmoney.com/notices/detail/688551/AN202501231642485109.html
688551,科威尔,科威尔:2024年年度业绩预减公告,业绩预告,2025-01-24,https://data.eastmoney.com/notices/detail/688551/AN202501231642485110.html
603676,卫信康,卫信康:西藏卫信康医药股份有限公司关于全资子公司完成工商变更登记的公告,公司关联方基本资料变更,2025-01-24,https://data.eastmoney.com/notices/detail/603676/AN202501231642485106.html
000838,*ST发展,财信发展:关于子公司融资担保方案调整的公告,其他担保公告,2025-01-24,https://data.eastmoney.com/notices/detail/000838/AN202501231642485089.html
002245,蔚蓝锂芯,蔚蓝锂芯:关于使用部分闲置募集资金进行现金管理的进展公告,募集资金使用进展情况,2025-01-24,https://data.eastmoney.com/notices/detail/002245/AN202501231642485096.html
301202,朗威股份,朗威股份:第四届监事会第四次会议决议公告,监事会决议公告,2025-01-24,https://data.eastmoney.com/notices/detail/301202/AN202501231642485095.html
301202,朗威股份,朗威股份:关于召开公司2025年第一次临时股东大会的通知,召开股东大会通知,2025-01-24,https://data.eastmoney.com/notices/detail/301202/AN202501231642485094.html
301202,朗威股份,朗威股份:关于公司及子公司向金融机构申请综合授信额度及项目贷款额度的公告,借贷,2025-01-24,https://data.eastmoney.com/notices/detail/301202/AN202501231642485091.html
301202,朗威股份,朗威股份:第四届董事会第五次会议决议公告,董事会决议公告,2025-01-24,https://data.eastmoney.com/notices/detail/301202/AN202501231642485098.html
601880,辽港股份,辽港股份:辽宁港口股份有限公司关于以集中竞价交易方式回购公司股份比例达到总股本1%暨股份回购进展公告,回购进展情况,2025-01-24,https://data.eastmoney.com/notices/detail/601880/AN202501231642485070.html
601865,福莱特,福莱特:福莱特玻璃集团股份有限公司2024年年度业绩预减的公告,业绩预告,2025-01-24,https://data.eastmoney.com/notices/detail/601865/AN202501231642485084.html
601865,福莱特,福莱特:福莱特玻璃集团股份有限公司第七届监事会第二次会议决议的公告,监事会决议公告,2025-01-24,https://data.eastmoney.com/notices/detail/601865/AN202501231642485079.html
601865,福莱特,福莱特:福莱特玻璃集团股份有限公司第七届董事会第三次会议决议的公告,董事会决议公告,2025-01-24,https://data.eastmoney.com/notices/detail/601865/AN202501231642485081.html
601865,福莱特,福莱特:国泰君安证券股份有限公司关于福莱特玻璃集团股份有限公司2024年度日常关联交易执行情况及2025年度日常关联交易预计的核查意见,保荐/核查意见,2025-01-24,https://data.eastmoney.com/notices/detail/601865/AN202501231642485085.html
601865,福莱特,福莱特:福莱特玻璃集团股份有限公司关于公司及控股子公司提供担保的进展公告,提供/对外担保公告,2025-01-24,https://data.eastmoney.com/notices/detail/601865/AN202501231642485083.html
601865,福莱特,福莱特:福莱特玻璃集团股份有限公司关于变更公司注册资本并修订公司章程的公告,公司注册资本变更,2025-01-24,https://data.eastmoney.com/notices/detail/601865/AN202501231642485080.html
601865,福莱特,福莱特:福莱特玻璃集团股份有限公司关于2024年日常关联交易执行情况及2025年度日常关联交易预计的公告,关联交易,2025-01-24,https://data.eastmoney.com/notices/detail/601865/AN202501231642485082.html
600805,悦达投资,悦达投资:悦达投资关于控股股东的一致行动人完成增持计划的公告,股东/实际控制人股份增持,2025-01-24,https://data.eastmoney.com/notices/detail/600805/AN202501231642485073.html
600805,悦达投资,悦达投资:上海市锦天城律师事务所关于江苏悦达投资股份有限公司控股股东的一致行动人增持公司股份的法律意见书,法律意见书,2025-01-24,https://data.eastmoney.com/notices/detail/600805/AN202501231642485074.html
601106,中国一重,中国一重:中国第一重型机械股份公司2025年第二次临时股东大会会议议案,其他,2025-01-24,https://data.eastmoney.com/notices/detail/601106/AN202501231642485072.html
603317,天味食品,天味食品:第五届监事会第三十七次会议决议公告,监事会决议公告,2025-01-24,https://data.eastmoney.com/notices/detail/603317/AN202501231642484956.html
603317,天味食品,天味食品:国浩律师(成都)事务所关于四川天味食品集团股份有限公司2022年限制性股票激励计划调整回购价格暨回购注销部分限制性股票之法律意见书,法律意见书,2025-01-24,https://data.eastmoney.com/notices/detail/603317/AN202501231642484954.html
603317,天味食品,天味食品:第五届董事会第三十八次会议决议公告,董事会决议公告,2025-01-24,https://data.eastmoney.com/notices/detail/603317/AN202501231642484952.html
603317,天味食品,天味食品:关于2022年限制性股票激励计划暂缓授予部分第二期解除限售条件成就暨上市公告,限售股份上市流通,2025-01-24,https://data.eastmoney.com/notices/detail/603317/AN202501231642484948.html
603317,天味食品,天味食品:国浩律师(成都)事务所关于四川天味食品集团股份有限公司2022年限制性股票激励计划暂缓授予部分第二期解除限售条件成就暨上市之法律意见书,法律意见书,2025-01-24,https://data.eastmoney.com/notices/detail/603317/AN202501231642484951.html
603317,天味食品,天味食品:监事会关于2022年限制性股票激励计划暂缓授予部分第二期解除限售条件成就的核查意见,专项说明/独立意见,2025-01-24,https://data.eastmoney.com/notices/detail/603317/AN202501231642484950.html
603317,天味食品,天味食品:关于调整2022年限制性股票激励计划限制性股票回购价格暨回购注销部分限制性股票的公告,股权激励行权价（数量）调整,2025-01-24,https://data.eastmoney.com/notices/detail/603317/AN202501231642484949.html
603317,天味食品,天味食品:关于回购注销部分限制性股票减资暨通知债权人的公告,公司注册资本变更,2025-01-24,https://data.eastmoney.com/notices/detail/603317/AN202501231642484953.html
688084,晶品特装,晶品特装:关于股份回购实施结果暨股份变动的公告,股本变动,2025-01-24,https://data.eastmoney.com/notices/detail/688084/AN202501231642484944.html
600787,中储股份,中储股份:中储发展股份有限公司九届三十一次董事会决议公告,董事会决议公告,2025-01-24,https://data.eastmoney.com/notices/detail/600787/AN202501231642484941.html
600787,中储股份,中储股份:中储发展股份有限公司关于预计2025年一季度日常关联交易金额的公告,关联交易,2025-01-24,https://data.eastmoney.com/notices/detail/600787/AN202501231642484943.html
600787,中储股份,中储股份:中储发展股份有限公司总经理工作细则(2025年1月修订),议事规则/实施细则,2025-01-24,https://data.eastmoney.com/notices/detail/600787/AN202501231642484942.html
601106,中国一重,中国一重:公告2025-007(中国第一重型机械股份公司关于吸收合并全资子公司的公告),吸收合并进展公告,2025-01-24,https://data.eastmoney.com/notices/detail/601106/AN202501231642484912.html
600303,曙光股份,ST曙光:ST曙光关于控股子公司收到政府补助的公告,其他,2025-01-24,https://data.eastmoney.com/notices/detail/600303/AN202501231642484916.html
601106,中国一重,中国一重:公告2025-006(中国第一重型机械股份公司第四届董事会第五十二次会议决议公告),高管人员任职变动,2025-01-24,https://data.eastmoney.com/notices/detail/601106/AN202501231642484913.html
600303,曙光股份,ST曙光:ST曙光关于公司股票被继续实施其他风险警示的进展公告,风险提示性公告,2025-01-24,https://data.eastmoney.com/notices/detail/600303/AN202501231642484915.html
601106,中国一重,中国一重:公告2025-008(中国第一重型机械股份公司关于召开2025年第二次临时股东大会的公告),召开股东大会通知,2025-01-24,https://data.eastmoney.com/notices/detail/601106/AN202501231642484917.html
600100,同方股份,同方股份:同方股份有限公司关于2024年度公司及下属公司相互提供担保的进展公告,提供/对外担保公告,2025-01-24,https://data.eastmoney.com/notices/detail/600100/AN202501231642484914.html
002987,京北方,京北方:关于部分限制性股票回购注销完成的公告,股本变动,2025-01-24,https://data.eastmoney.com/notices/detail/002987/AN202501231642484902.html
002495,佳隆股份,佳隆股份:2024年度业绩预告,业绩预告,2025-01-24,https://data.eastmoney.com/notices/detail/002495/AN202501231642484904.html
002094,青岛金王,青岛金王:2024年度业绩预告,业绩预告,2025-01-24,https://data.eastmoney.com/notices/detail/002094/AN202501231642484901.html
001324,长青科技,长青科技:关于股东股份减持计划时间届满暨减持结果的公告,股东/实际控制人股份减持,2025-01-24,https://data.eastmoney.com/notices/detail/001324/AN202501231642484900.html
603211,晋拓股份,晋拓股份:晋拓股份股票交易风险提示性公告,风险提示性公告,2025-01-24,https://data.eastmoney.com/notices/detail/603211/AN202501231642484893.html
688410,山外山,山外山:关于尚未完成选聘2024年度审计机构的风险提示公告,审计机构变更,2025-01-24,https://data.eastmoney.com/notices/detail/688410/AN202501231642484890.html
688410,山外山,山外山:关于2025年度日常关联交易预计的公告,关联交易,2025-01-24,https://data.eastmoney.com/notices/detail/688410/AN202501231642484887.html
688410,山外山,山外山:西部证券股份有限公司关于重庆山外山血液净化技术股份有限公司2025年度日常关联交易预计的核查意见,保荐/核查意见,2025-01-24,https://data.eastmoney.com/notices/detail/688410/AN202501231642484888.html
688410,山外山,山外山:第三届监事会第十三次会议决议公告,监事会决议公告,2025-01-24,https://data.eastmoney.com/notices/detail/688410/AN202501231642484889.html
600919,江苏银行,江苏银行:江苏银行2024年度业绩快报公告,业绩快报,2025-01-24,https://data.eastmoney.com/notices/detail/600919/AN202501231642484753.html
605277,新亚电子,新亚电子:关于对新亚电子股份有限公司股票交易异常波动的询问函的回复函,股票交易异常波动,2025-01-24,https://data.eastmoney.com/notices/detail/605277/AN202501231642484745.html
605277,新亚电子,新亚电子:新亚电子股份有限公司关于股票交易异常波动的公告,股票交易异常波动,2025-01-24,https://data.eastmoney.com/notices/detail/605277/AN202501231642484746.html
600879,航天电子,航天电子:航天时代电子技术股份有限公司关于2025年度第一期超短期融资券完成发行及2024年度第十期、第十一期超短期融资券完成兑付的公告,其他,2025-01-24,https://data.eastmoney.com/notices/detail/600879/AN202501231642484735.html
300854,中兰环保,中兰环保:关于拟中标项目的提示性公告,重大合同,2025-01-24,https://data.eastmoney.com/notices/detail/300854/AN202501231642484730.html
300365,恒华科技,恒华科技:2024年度业绩预告,业绩预告,2025-01-24,https://data.eastmoney.com/notices/detail/300365/AN202501231642484734.html
300032,金龙机电,金龙机电:2024年度业绩预告,业绩预告,2025-01-24,https://data.eastmoney.com/notices/detail/300032/AN202501231642484729.html
002907,华森制药,华森制药:2024年度业绩预告,业绩预告,2025-01-24,https://data.eastmoney.com/notices/detail/002907/AN202501231642484733.html
600352,浙江龙盛,浙江龙盛:浙江龙盛关于为全资子公司提供担保的公告,提供/对外担保公告,2025-01-24,https://data.eastmoney.com/notices/detail/600352/AN202501231642484646.html
688379,华光新材,华光新材:华光新材关于房屋征收补偿事项的进展公告,其他,2025-01-24,https://data.eastmoney.com/notices/detail/688379/AN202501231642484645.html
605196,华通线缆,华通线缆:华通线缆关于实际控制人部分股份解除质押的公告,股份质押、冻结,2025-01-24,https://data.eastmoney.com/notices/detail/605196/AN202501231642484630.html
600382,广东明珠,广东明珠:广东明珠集团股份有限公司关于控股股东部分股份解除质押的公告,股份质押、冻结,2025-01-24,https://data.eastmoney.com/notices/detail/600382/AN202501231642484624.html
600382,广东明珠,广东明珠:广东明珠集团股份有限公司关于2024年年度业绩预告的公告,业绩预告,2025-01-24,https://data.eastmoney.com/notices/detail/600382/AN202501231642484625.html
002785,万里石,万里石:2024年第四季度装修装饰业务主要经营情况简报,月度经营情况,2025-01-24,https://data.eastmoney.com/notices/detail/002785/AN202501231642484616.html
000953,中哲精化,河化股份:独立董事候选人声明与承诺,独立董事候选人声明,2025-01-24,https://data.eastmoney.com/notices/detail/000953/AN202501231642484621.html
000953,中哲精化,河化股份:独立董事提名人声明与承诺,独立董事提名人声明,2025-01-24,https://data.eastmoney.com/notices/detail/000953/AN202501231642484617.html
000953,中哲精化,河化股份:关于董事会秘书辞职暨聘任董事会秘书的公告,高管人员任职变动,2025-01-24,https://data.eastmoney.com/notices/detail/000953/AN202501231642484620.html
000953,中哲精化,河化股份:关于独立董事辞职暨补选独立董事的公告,高管人员任职变动,2025-01-24,https://data.eastmoney.com/notices/detail/000953/AN202501231642484622.html
000953,中哲精化,河化股份:第十届董事会第二十次会议决议公告,高管人员任职变动,2025-01-24,https://data.eastmoney.com/notices/detail/000953/AN202501231642484619.html
000953,中哲精化,河化股份:关于召开2025年第一次临时股东大会的通知,召开股东大会通知,2025-01-24,https://data.eastmoney.com/notices/detail/000953/AN202501231642484618.html
000541,佛山照明,佛山照明:2024年度业绩预告,业绩预告,2025-01-24,https://data.eastmoney.com/notices/detail/000541/AN202501231642484623.html
688175,高凌信息,高凌信息:关于变更签字会计师的公告,高管人员任职变动,2025-01-24,https://data.eastmoney.com/notices/detail/688175/AN202501231642484600.html
688175,高凌信息,高凌信息:关于完成注册资本变更登记及《公司章程》备案的公告,公司注册资本变更,2025-01-24,https://data.eastmoney.com/notices/detail/688175/AN202501231642484601.html
601969,海南矿业,海南矿业:海南矿业股份有限公司关于向2024年限制性股票激励计划激励对象首次授予限制性股票的公告,股权激励进展公告,2025-01-24,https://data.eastmoney.com/notices/detail/601969/AN202501231642484581.html
601969,海南矿业,海南矿业:海南矿业股份有限公司关于调整2024年限制性股票激励计划相关事项的公告,股权激励其他事项公告,2025-01-24,https://data.eastmoney.com/notices/detail/601969/AN202501231642484582.html
601969,海南矿业,海南矿业:海南矿业股份有限公司2024年限制性股票激励计划首次授予激励对象名单,股权激励对象名单,2025-01-24,https://data.eastmoney.com/notices/detail/601969/AN202501231642484578.html
601969,海南矿业,海南矿业:上海市通力律师事务所关于海南矿业股份有限公司2024年限制性股票激励计划调整及首次授予事项的法律意见书,法律意见书,2025-01-24,https://data.eastmoney.com/notices/detail/601969/AN202501231642484583.html
601969,海南矿业,海南矿业:上海信公轶禾企业管理咨询有限公司关于海南矿业股份有限公司2024年限制性股票激励计划首次授予相关事项之独立财务顾问报告,保荐/核查意见,2025-01-24,https://data.eastmoney.com/notices/detail/601969/AN202501231642484584.html
601969,海南矿业,海南矿业:海南矿业股份有限公司第五届监事会第十七次会议决议公告,监事会决议公告,2025-01-24,https://data.eastmoney.com/notices/detail/601969/AN202501231642484580.html
601969,海南矿业,海南矿业:海南矿业股份有限公司第五届董事会第二十八次会议决议公告,董事会决议公告,2025-01-24,https://data.eastmoney.com/notices/detail/601969/AN202501231642484579.html
603877,太平鸟,太平鸟:关于董事兼副总经理辞职的公告,高管人员任职变动,2025-01-24,https://data.eastmoney.com/notices/detail/603877/AN202501231642484560.html
603877,太平鸟,太平鸟:关于控股股东增持进展暨权益变动触及1%的提示性公告,权益变动报告书,2025-01-24,https://data.eastmoney.com/notices/detail/603877/AN202501231642484561.html
605077,华康股份,华康股份:华康股份关于不向下修正“华康转债”转股价格的公告,其他,2025-01-24,https://data.eastmoney.com/notices/detail/605077/AN202501231642484559.html
300313,天山生物,ST天山:关于民事诉讼事项的进展公告,诉讼仲裁,2025-01-24,https://data.eastmoney.com/notices/detail/300313/AN202501231642484569.html
300057,万顺新材,万顺新材:新世纪评级关于汕头万顺新材集团股份有限公司2024年度业绩预告的关注公告,业绩预告,2025-01-24,https://data.eastmoney.com/notices/detail/300057/AN202501231642484570.html
002931,锋龙股份,锋龙股份:2024年年度业绩预告,业绩预告,2025-01-24,https://data.eastmoney.com/notices/detail/002931/AN202501231642484573.html
002471,中超控股,中超控股:2024年度业绩预告,业绩预告,2025-01-24,https://data.eastmoney.com/notices/detail/002471/AN202501231642484576.html
688030,山石网科,山石网科:关于召开2025年第一次临时股东大会的通知,召开股东大会通知,2025-01-24,https://data.eastmoney.com/notices/detail/688030/AN202501231642484430.html
688030,山石网科,山石网科:关于选举职工代表监事的公告,高管人员任职变动,2025-01-24,https://data.eastmoney.com/notices/detail/688030/AN202501231642484436.html
688030,山石网科,山石网科:第二届董事会提名与薪酬委员会关于公司第三届董事会独立董事候选人任职资格的审查意见,专项说明/独立意见,2025-01-24,https://data.eastmoney.com/notices/detail/688030/AN202501231642484427.html
688030,山石网科,山石网科:独立董事候选人声明与承诺(张小军),独立董事候选人声明,2025-01-24,https://data.eastmoney.com/notices/detail/688030/AN202501231642484429.html
688030,山石网科,山石网科:独立董事提名人声明与承诺(张小军),独立董事提名人声明,2025-01-24,https://data.eastmoney.com/notices/detail/688030/AN202501231642484438.html
688030,山石网科,山石网科:关于公司董事会、监事会换届选举的公告,高管人员任职变动,2025-01-24,https://data.eastmoney.com/notices/detail/688030/AN202501231642484435.html
688030,山石网科,山石网科:独立董事候选人声明与承诺(张毅强),独立董事候选人声明,2025-01-24,https://data.eastmoney.com/notices/detail/688030/AN202501231642484431.html
688030,山石网科,山石网科:独立董事提名人声明与承诺(左晓栋),独立董事提名人声明,2025-01-24,https://data.eastmoney.com/notices/detail/688030/AN202501231642484432.html
688030,山石网科,山石网科:独立董事提名人声明与承诺(张毅强),独立董事提名人声明,2025-01-24,https://data.eastmoney.com/notices/detail/688030/AN202501231642484434.html
688030,山石网科,山石网科:独立董事候选人声明与承诺(左晓栋),独立董事候选人声明,2025-01-24,https://data.eastmoney.com/notices/detail/688030/AN202501231642484428.html
688030,山石网科,山石网科:2025年第一次临时股东大会会议资料,股东大会资料,2025-01-24,https://data.eastmoney.com/notices/detail/688030/AN202501231642484433.html
688030,山石网科,山石网科:第二届监事会第二十次会议决议公告,高管人员任职变动,2025-01-24,https://data.eastmoney.com/notices/detail/688030/AN202501231642484437.html
603269,海鸥股份,海鸥股份:江苏海鸥冷却塔股份有限公司关于子公司完成对子公司增资的公告,其他,2025-01-24,https://data.eastmoney.com/notices/detail/603269/AN202501231642484404.html
688692,达梦数据,达梦数据:关于更换持续督导保荐代表人的公告,保荐代表人（机构）变更,2025-01-24,https://data.eastmoney.com/notices/detail/688692/AN202501231642484403.html
600421,退市华嵘,华嵘控股:华嵘控股第八届监事会第十七次会议决议公告,高管人员任职变动,2025-01-24,https://data.eastmoney.com/notices/detail/600421/AN202501231642484397.html
600421,退市华嵘,华嵘控股:独立董事候选人声明与承诺(吕灿林),独立董事候选人声明,2025-01-24,https://data.eastmoney.com/notices/detail/600421/AN202501231642484396.html
600421,退市华嵘,华嵘控股:华嵘控股关于选举职工监事的公告,高管人员任职变动,2025-01-24,https://data.eastmoney.com/notices/detail/600421/AN202501231642484395.html
600421,退市华嵘,华嵘控股:独立董事提名人声明与承诺(新一代科技),独立董事提名人声明,2025-01-24,https://data.eastmoney.com/notices/detail/600421/AN202501231642484392.html
600421,退市华嵘,华嵘控股:独立董事候选人声明与承诺(蔡瑜代军勋),独立董事候选人声明,2025-01-24,https://data.eastmoney.com/notices/detail/600421/AN202501231642484391.html
600421,退市华嵘,华嵘控股:华嵘控股第八届董事会第二十四次会议决议公告,高管人员任职变动,2025-01-24,https://data.eastmoney.com/notices/detail/600421/AN202501231642484398.html
600421,退市华嵘,华嵘控股:华嵘控股关于召开2025年第一次临时股东大会的通知,召开股东大会通知,2025-01-24,https://data.eastmoney.com/notices/detail/600421/AN202501231642484394.html
600421,退市华嵘,华嵘控股:独立董事提名人声明与承诺(浙江恒顺投资),独立董事提名人声明,2025-01-24,https://data.eastmoney.com/notices/detail/600421/AN202501231642484393.html
603858,步长制药,步长制药:山东步长制药股份有限公司关于拟放弃优先受让控股子公司股权的进展公告,股权转让,2025-01-24,https://data.eastmoney.com/notices/detail/603858/AN202501231642484378.html
603858,步长制药,步长制药:山东步长制药股份有限公司第五届董事会第十五次会议决议公告,董事会决议公告,2025-01-24,https://data.eastmoney.com/notices/detail/603858/AN202501231642484377.html
603858,步长制药,步长制药:山东步长制药股份有限公司关于公司拟投资设立控股子公司的进展公告,投资设立公司,2025-01-24,https://data.eastmoney.com/notices/detail/603858/AN202501231642484376.html
603858,步长制药,步长制药:山东步长制药股份有限公司舆情管理制度,管理办法/制度,2025-01-24,https://data.eastmoney.com/notices/detail/603858/AN202501231642484380.html
603858,步长制药,步长制药:山东步长制药股份有限公司关于全资子公司药品生产许可证变更的公告,其他,2025-01-24,https://data.eastmoney.com/notices/detail/603858/AN202501231642484379.html
003017,大洋生物,大洋生物:关于使用部分闲置募集资金进行现金管理到期赎回并继续进行现金管理的进展公告,募集资金使用进展情况,2025-01-24,https://data.eastmoney.com/notices/detail/003017/AN202501231642484371.html
002718,友邦吊顶,友邦吊顶:股票交易异常波动公告,股票交易异常波动,2025-01-24,https://data.eastmoney.com/notices/detail/002718/AN202501231642484369.html
002708,光洋股份,光洋股份:关于2024年度计提资产减值准备的公告,其他,2025-01-24,https://data.eastmoney.com/notices/detail/002708/AN202501231642484366.html
002708,光洋股份,光洋股份:2024年度业绩预告,业绩预告,2025-01-24,https://data.eastmoney.com/notices/detail/002708/AN202501231642484364.html
002683,广东宏大,广东宏大:2024年度业绩预告,业绩预告,2025-01-24,https://data.eastmoney.com/notices/detail/002683/AN202501231642484368.html
002574,明牌珠宝,明牌珠宝:2024年度业绩预告,业绩预告,2025-01-24,https://data.eastmoney.com/notices/detail/002574/AN202501231642484365.html
002494,华斯股份,华斯股份:2024年度业绩预告,业绩预告,2025-01-24,https://data.eastmoney.com/notices/detail/002494/AN202501231642484367.html
000928,中钢国际,中钢国际:关于2024年第四季度工程业务经营情况的自愿性信息披露公告,月度经营情况,2025-01-24,https://data.eastmoney.com/notices/detail/000928/AN202501231642484370.html
000554,泰山石油,泰山石油:2024年年度业绩预告,业绩预告,2025-01-24,https://data.eastmoney.com/notices/detail/000554/AN202501231642484360.html
600363,联创光电,联创光电:第八届董事会第十九次临时会议决议公告,董事会决议公告,2025-01-24,https://data.eastmoney.com/notices/detail/600363/AN202501231642484211.html
600363,联创光电,联创光电:关于召开2025年第一次临时股东大会的通知,召开股东大会通知,2025-01-24,https://data.eastmoney.com/notices/detail/600363/AN202501231642484212.html
600363,联创光电,联创光电:关于以集中竞价交易方式回购股份方案的公告,回购预案,2025-01-24,https://data.eastmoney.com/notices/detail/600363/AN202501231642484210.html
600039,四川路桥,四川路桥:四川路桥第八届监事会第三十九次会议决议的公告,监事会决议公告,2025-01-24,https://data.eastmoney.com/notices/detail/600039/AN202501231642484206.html
600039,四川路桥,四川路桥:四川路桥关于下属施工企业参股投资炉霍至康定新都桥高速公路项目暨关联交易的公告,关联交易,2025-01-24,https://data.eastmoney.com/notices/detail/600039/AN202501231642484204.html
600039,四川路桥,四川路桥:四川路桥第八届董事会第五十一次会议决议的公告,董事会决议公告,2025-01-24,https://data.eastmoney.com/notices/detail/600039/AN202501231642484203.html
600039,四川路桥,四川路桥:四川路桥第八届董事会独立董事2025年第一次专门会议的审查意见,专项说明/独立意见,2025-01-24,https://data.eastmoney.com/notices/detail/600039/AN202501231642484205.html
600039,四川路桥,四川路桥:四川路桥投资管理办法(2025年1月修订),管理办法/制度,2025-01-24,https://data.eastmoney.com/notices/detail/600039/AN202501231642484207.html
002335,科华数据,科华数据:关于“质量回报双提升”行动方案的公告,其他,2025-01-24,https://data.eastmoney.com/notices/detail/002335/AN202501231642484202.html
603963,*ST大药,*ST大药:大理药业股份有限公司关于公司股票可能存在因市值低于5亿元而终止上市的第七次风险提示公告,终止上市风险提示,2025-01-24,https://data.eastmoney.com/notices/detail/603963/AN202501231642484201.html
600332,白云山,白云山:广州白云山医药集团股份有限公司关于分公司药品通过仿制药一致性评价的公告,其他,2025-01-24,https://data.eastmoney.com/notices/detail/600332/AN202501231642484161.html
603679,华体科技,华体科技:四川华体照明科技股份有限公司股东集中竞价减持股份结果公告,股东/实际控制人股份减持,2025-01-24,https://data.eastmoney.com/notices/detail/603679/AN202501231642484164.html
600548,深高速,深高速:关于董事变动及董事会专门委员会成员变动的公告,高管人员任职变动,2025-01-24,https://data.eastmoney.com/notices/detail/600548/AN202501231642484128.html
600379,宝光股份,宝光股份:宝光股份2024年年度业绩预增公告,业绩预告,2025-01-24,https://data.eastmoney.com/notices/detail/600379/AN202501231642484127.html
002637,赞宇科技,赞宇科技:2024年度业绩预告,业绩预告,2025-01-24,https://data.eastmoney.com/notices/detail/002637/AN202501231642484132.html
002108,沧州明珠,沧州明珠:沧州明珠关于控股股东部分股份解除质押及质押的公告,股份质押、冻结,2025-01-24,https://data.eastmoney.com/notices/detail/002108/AN202501231642484135.html
001308,康冠科技,康冠科技:关于为全资子公司提供担保的进展公告,提供/对外担保公告,2025-01-24,https://data.eastmoney.com/notices/detail/001308/AN202501231642484134.html
000995,皇台酒业,皇台酒业:2024年度业绩预告,业绩预告,2025-01-24,https://data.eastmoney.com/notices/detail/000995/AN202501231642484133.html
002185,华天科技,华天科技:2024年度业绩预告,业绩预告,2025-01-24,https://data.eastmoney.com/notices/detail/002185/AN202501231642483953.html
001322,箭牌家居,箭牌家居:关于公司及全资子公司向银行申请综合授信并提供担保的进展公告,提供/对外担保公告,2025-01-24,https://data.eastmoney.com/notices/detail/001322/AN202501231642484061.html
002373,千方科技,千方科技:2024年度业绩预告,业绩预告,2025-01-24,https://data.eastmoney.com/notices/detail/002373/AN202501231642484059.html
002373,千方科技,千方科技:关于股东股份质押及解除质押的公告,股份质押、冻结,2025-01-24,https://data.eastmoney.com/notices/detail/002373/AN202501231642483952.html
002084,海鸥住工,海鸥住工:关于回购股份比例达到1%暨回购完成的公告,回购实施公告,2025-01-24,https://data.eastmoney.com/notices/detail/002084/AN202501231642483955.html
002099,海翔药业,海翔药业:关于参投合伙企业投资复宏汉霖的进展公告,投资设立公司,2025-01-24,https://data.eastmoney.com/notices/detail/002099/AN202501231642483956.html
003029,吉大正元,吉大正元:2024年度业绩预告,业绩预告,2025-01-24,https://data.eastmoney.com/notices/detail/003029/AN202501231642484060.html
002678,珠江钢琴,珠江钢琴:2024年度业绩预告,业绩预告,2025-01-24,https://data.eastmoney.com/notices/detail/002678/AN202501231642483954.html
002231,*ST奥维,奥维通信:2024年度业绩预告,业绩预告,2025-01-24,https://data.eastmoney.com/notices/detail/002231/AN202501231642484057.html
600667,太极实业,太极实业:2025年第一次临时股东大会会议资料,股东大会资料,2025-01-24,https://data.eastmoney.com/notices/detail/600667/AN202501231642483947.html
601616,广电电气,广电电气:上海广电电气(集团)股份有限公司2024年年度业绩预增公告,业绩预告,2025-01-24,https://data.eastmoney.com/notices/detail/601616/AN202501231642483877.html
000409,云鼎科技,云鼎科技:2024年度业绩预告,业绩预告,2025-01-24,https://data.eastmoney.com/notices/detail/000409/AN202501231642483870.html
301296,新巨丰,新巨丰:中信证券股份有限公司关于山东新巨丰科技包装股份有限公司开展金融衍生品交易业务的核查意见,保荐/核查意见,2025-01-24,https://data.eastmoney.com/notices/detail/301296/AN202501231642483866.html
301296,新巨丰,新巨丰:金融衍生品交易业务管理制度,管理办法/制度,2025-01-24,https://data.eastmoney.com/notices/detail/301296/AN202501231642483868.html
301296,新巨丰,新巨丰:关于首次公开发行股票部分募投项目变更的公告,变更募集资金投资项目,2025-01-24,https://data.eastmoney.com/notices/detail/301296/AN202501231642483871.html
301296,新巨丰,新巨丰:第三届监事会第十九次会议决议公告,监事会决议公告,2025-01-24,https://data.eastmoney.com/notices/detail/301296/AN202501231642483874.html
301296,新巨丰,新巨丰:第三届董事会第二十二次会议决议公告,董事会决议公告,2025-01-24,https://data.eastmoney.com/notices/detail/301296/AN202501231642483864.html
301296,新巨丰,新巨丰:关于开展金融衍生品交易业务的可行性分析报告,其他,2025-01-24,https://data.eastmoney.com/notices/detail/301296/AN202501231642483867.html
301296,新巨丰,新巨丰:中信证券股份有限公司关于山东新巨丰科技包装股份有限公司首次公开发行股票部分募投项目变更的核查意见,保荐/核查意见,2025-01-24,https://data.eastmoney.com/notices/detail/301296/AN202501231642483872.html
301296,新巨丰,新巨丰:关于召开2025年第一次临时股东大会的通知,召开股东大会通知,2025-01-24,https://data.eastmoney.com/notices/detail/301296/AN202501231642483865.html
300177,中海达,中海达:2024年度业绩预告,业绩预告,2025-01-24,https://data.eastmoney.com/notices/detail/300177/AN202501231642483873.html
301296,新巨丰,新巨丰:关于开展金融衍生品交易业务的公告,其他,2025-01-24,https://data.eastmoney.com/notices/detail/301296/AN202501231642483876.html
002058,威尔泰,威尔泰:关于公司股票可能被实施退市风险警示的风险提示公告,其它风险提示公告,2025-01-24,https://data.eastmoney.com/notices/detail/002058/AN202501231642483857.html
002058,威尔泰,威尔泰:2024年度业绩预告,业绩预告,2025-01-24,https://data.eastmoney.com/notices/detail/002058/AN202501231642483860.html
000822,山东海化,山东海化:山东海化2024年度业绩预告,业绩预告,2025-01-24,https://data.eastmoney.com/notices/detail/000822/AN202501231642483858.html
000581,威孚高科,威孚高科:关于控股股东增持公司股份计划实施期限过半的进展公告,股东/实际控制人股份增持,2025-01-24,https://data.eastmoney.com/notices/detail/000581/AN202501231642483859.html
000007,全新好,全新好:深圳市全新好股份有限公司2024年年度业绩预告,业绩预告,2025-01-24,https://data.eastmoney.com/notices/detail/000007/AN202501231642483756.html
688516,奥特维,奥特维:无锡奥特维科技股份有限公司向不特定对象发行可转换公司债券第一次临时受托管理事务报告(2025年度),其他,2025-01-24,https://data.eastmoney.com/notices/detail/688516/AN202501231642483722.html
603612,索通发展,索通发展:索通发展股份有限公司关于投资建设年产30万吨铝用预焙阳极项目的进展公告,对外项目投资,2025-01-24,https://data.eastmoney.com/notices/detail/603612/AN202501231642483721.html
300877,金春股份,金春股份:第四届监事会第二次会议决议公告,监事会决议公告,2025-01-24,https://data.eastmoney.com/notices/detail/300877/AN202501231642483718.html
300877,金春股份,金春股份:舆情管理制度(2025年1月),管理办法/制度,2025-01-24,https://data.eastmoney.com/notices/detail/300877/AN202501231642483720.html
300877,金春股份,金春股份:中信建投证券股份有限公司关于安徽金春无纺布股份有限公司部分募投项目延期的核查意见,保荐/核查意见,2025-01-24,https://data.eastmoney.com/notices/detail/300877/AN202501231642483716.html
300877,金春股份,金春股份:第四届董事会第二次会议决议公告,董事会决议公告,2025-01-24,https://data.eastmoney.com/notices/detail/300877/AN202501231642483717.html
300877,金春股份,金春股份:关于部分募投项目延期的公告,变更募集资金投资项目,2025-01-24,https://data.eastmoney.com/notices/detail/300877/AN202501231642483719.html
003023,彩虹集团,彩虹集团:关于使用部分闲置募集资金进行现金管理的进展公告,募集资金使用进展情况,2025-01-24,https://data.eastmoney.com/notices/detail/003023/AN202501231642483715.html
600843,上工申贝,上工申贝:关于现金管理的进展公告,投资理财,2025-01-24,https://data.eastmoney.com/notices/detail/600843/AN202501231642483711.html
603305,旭升集团,旭升集团:宁波旭升集团股份有限公司关于财务总监辞职暨董事长代行财务总监职责的公告,高管人员任职变动,2025-01-24,https://data.eastmoney.com/notices/detail/603305/AN202501231642483451.html
603305,旭升集团,旭升集团:宁波旭升集团股份有限公司关于境外新增设立子公司、孙公司暨调整对外投资事项的公告,投资设立公司,2025-01-24,https://data.eastmoney.com/notices/detail/603305/AN202501231642483452.html
603305,旭升集团,旭升集团:宁波旭升集团股份有限公司第四届董事会第五次会议决议公告,高管人员任职变动,2025-01-24,https://data.eastmoney.com/notices/detail/603305/AN202501231642483450.html
603320,迪贝电气,迪贝电气:关于实施“迪贝转债”赎回暨摘牌的第五次提示性公告,其他,2025-01-24,https://data.eastmoney.com/notices/detail/603320/AN202501231642483449.html
603388,*ST元成,ST元成:元成环境股份有限公司关于公司股票被实施其他风险警示相关事项的进展公告,风险提示性公告,2025-01-24,https://data.eastmoney.com/notices/detail/603388/AN202501231642483443.html
600530,ST交昂,交大昂立:第九届董事会第八次会议决议公告,董事会决议公告,2025-01-24,https://data.eastmoney.com/notices/detail/600530/AN202501231642483432.html
600530,ST交昂,交大昂立:北京博星证券投资顾问有限公司关于上海饰杰装饰设计工程有限公司要约收购上海交大昂立股份有限公司之独立财务顾问报告,保荐/核查意见,2025-01-24,https://data.eastmoney.com/notices/detail/600530/AN202501231642483431.html
688686,奥普特,奥普特:关于变更持续督导保荐代表人的公告,保荐代表人（机构）变更,2025-01-24,https://data.eastmoney.com/notices/detail/688686/AN202501231642483429.html
600869,远东股份,远东股份:关于为子公司、孙公司提供担保的公告,提供/对外担保公告,2025-01-24,https://data.eastmoney.com/notices/detail/600869/AN202501231642483417.html
688060,云涌科技,云涌科技:北京市金杜(南京)律师事务所关于云涌科技2021年限制性股票激励计划部分限制性股票作废事项之法律意见书,法律意见书,2025-01-24,https://data.eastmoney.com/notices/detail/688060/AN202501231642483415.html
688060,云涌科技,云涌科技:云涌科技第四届监事会第三次会议决议公告,监事会决议公告,2025-01-24,https://data.eastmoney.com/notices/detail/688060/AN202501231642483407.html
688060,云涌科技,云涌科技:关于作废2021年限制性股票激励计划部分已授予尚未归属的限制性股票的公告,股权激励进展公告,2025-01-24,https://data.eastmoney.com/notices/detail/688060/AN202501231642483408.html
688060,云涌科技,云涌科技:云涌科技关于2025年度日常关联交易预计的公告,关联交易,2025-01-24,https://data.eastmoney.com/notices/detail/688060/AN202501231642483406.html
300254,仟源医药,仟源医药:公司章程(2025年1月),公司章程,2025-01-24,https://data.eastmoney.com/notices/detail/300254/AN202501231642483416.html
300254,仟源医药,仟源医药:太平洋证券股份有限公司关于山西仟源医药集团股份有限公司2024年度持续督导培训情况报告,保荐/核查意见,2025-01-24,https://data.eastmoney.com/notices/detail/300254/AN202501231642483411.html
300254,仟源医药,仟源医药:太平洋证券股份有限公司关于山西仟源医药集团股份有限公司2024年度持续督导定期现场检查报告,保荐/核查意见,2025-01-24,https://data.eastmoney.com/notices/detail/300254/AN202501231642483412.html
300254,仟源医药,仟源医药:关于修订《公司章程》并办理工商变更登记的公告,公司章程修订,2025-01-24,https://data.eastmoney.com/notices/detail/300254/AN202501231642483414.html
300254,仟源医药,仟源医药:关于召开2025年第一次临时股东大会的通知,召开股东大会通知,2025-01-24,https://data.eastmoney.com/notices/detail/300254/AN202501231642483410.html
300254,仟源医药,仟源医药:第五届董事会第二十五次会议决议公告,董事会决议公告,2025-01-24,https://data.eastmoney.com/notices/detail/300254/AN202501231642483409.html
002952,亚世光电,亚世光电:关于计提资产减值准备的公告,其他,2025-01-24,https://data.eastmoney.com/notices/detail/002952/AN202501231642483413.html
600516,方大炭素,方大炭素:方大炭素2024年年度业绩预告,业绩预告,2025-01-24,https://data.eastmoney.com/notices/detail/600516/AN202501231642483405.html
600997,开滦股份,开滦股份:开滦能源化工股份有限公司提供财务资助公告,获得补贴（资助）,2025-01-24,https://data.eastmoney.com/notices/detail/600997/AN202501231642483404.html
605178,时空科技,时空科技:关于收到中标通知书的公告,重大合同,2025-01-24,https://data.eastmoney.com/notices/detail/605178/AN202501231642483403.html
688183,生益电子,生益电子:生益电子2024年年度业绩预告,业绩预告,2025-01-24,https://data.eastmoney.com/notices/detail/688183/AN202501231642483379.html
300254,仟源医药,仟源医药:关于放弃嘉逸医药优先购买权并拟与新股东签署股东协议的公告,签订协议,2025-01-24,https://data.eastmoney.com/notices/detail/300254/AN202501231642483366.html
600114,东睦股份,东睦股份:东睦股份关于股东提议2024年度利润分配预案的公告,分配预案,2025-01-24,https://data.eastmoney.com/notices/detail/600114/AN202501231642483363.html
600655,豫园股份,豫园股份:上海豫园旅游商城(集团)股份有限公司关于以集中竞价交易方式首次回购公司A股股份的公告,回购实施公告,2025-01-24,https://data.eastmoney.com/notices/detail/600655/AN202501231642483245.html
600054,黄山旅游,黄山旅游:黄山旅游关于参与司法拍卖竞买酒店在建工程的进展公告,诉讼仲裁,2025-01-24,https://data.eastmoney.com/notices/detail/600054/AN202501231642483244.html
301119,正强股份,正强股份:《舆情管理制度》(2025年1月),管理办法/制度,2025-01-24,https://data.eastmoney.com/notices/detail/301119/AN202501231642483359.html
301119,正强股份,正强股份:关于使用部分闲置自有资金进行风险投资的可行性分析报告,其他,2025-01-24,https://data.eastmoney.com/notices/detail/301119/AN202501231642483250.html
301119,正强股份,正强股份:关于使用部分闲置自有资金进行风险投资的公告,投资理财,2025-01-24,https://data.eastmoney.com/notices/detail/301119/AN202501231642483255.html
301119,正强股份,正强股份:第二届监事会第十九次会议决议公告,监事会决议公告,2025-01-24,https://data.eastmoney.com/notices/detail/301119/AN202501231642483357.html
301119,正强股份,正强股份:第二届董事会第十九次会议决议公告,董事会决议公告,2025-01-24,https://data.eastmoney.com/notices/detail/301119/AN202501231642483248.html
301043,绿岛风,绿岛风:申万宏源证券承销保荐有限责任公司关于广东绿岛风空气系统股份有限公司使用剩余超募资金及变更部分募集资金用途投资建设年产空气处理机组6万台建设项目的核查意见,保荐/核查意见,2025-01-24,https://data.eastmoney.com/notices/detail/301043/AN202501231642483246.html
301043,绿岛风,绿岛风:第三届监事会第五次会议决议公告,监事会决议公告,2025-01-24,https://data.eastmoney.com/notices/detail/301043/AN202501231642483253.html
301043,绿岛风,绿岛风:关于使用剩余超募资金及变更部分募集资金用途投资建设年产空气处理机组6万台建设项目的公告,募集资金使用情况报告,2025-01-24,https://data.eastmoney.com/notices/detail/301043/AN202501231642483252.html
301043,绿岛风,绿岛风:关于召开2025年第二次临时股东会的通知,召开股东大会通知,2025-01-24,https://data.eastmoney.com/notices/detail/301043/AN202501231642483249.html
301043,绿岛风,绿岛风:第三届董事会第五次会议决议公告,董事会决议公告,2025-01-24,https://data.eastmoney.com/notices/detail/301043/AN202501231642483256.html
000930,中粮科技,中粮科技:关于召开公司2025年第1次临时股东大会的提示性公告,召开股东大会提示性公告,2025-01-24,https://data.eastmoney.com/notices/detail/000930/AN202501231642483251.html
688129,东来技术,东来技术:2024年年度业绩预告,业绩预告,2025-01-24,https://data.eastmoney.com/notices/detail/688129/AN202501231642483242.html
605208,永茂泰,永茂泰:关于全资子公司担保进展公告,其他担保公告,2025-01-24,https://data.eastmoney.com/notices/detail/605208/AN202501231642483238.html
603180,金牌家居,金牌家居:金牌家居关于股份回购实施结果暨股份变动的公告,股本变动,2025-01-24,https://data.eastmoney.com/notices/detail/603180/AN202501231642483215.html
300305,裕兴股份,裕兴股份:中诚信国际关于关注江苏裕兴薄膜科技股份有限公司2024年度业绩预亏的公告,业绩预告,2025-01-24,https://data.eastmoney.com/notices/detail/300305/AN202501231642483231.html
300275,梅安森,梅安森:总经理工作细则(2025年1月修订),议事规则/实施细则,2025-01-24,https://data.eastmoney.com/notices/detail/300275/AN202501231642483224.html
300275,梅安森,梅安森:公司章程(2025年1月修订),公司章程修订,2025-01-24,https://data.eastmoney.com/notices/detail/300275/AN202501231642483221.html
300275,梅安森,梅安森:第六届董事会独立董事候选人关于参加独立董事培训并取得独立董事资格证书的承诺,高管人员任职变动,2025-01-24,https://data.eastmoney.com/notices/detail/300275/AN202501231642483219.html
300275,梅安森,梅安森:独立董事提名人声明(杨安富),独立董事提名人声明,2025-01-24,https://data.eastmoney.com/notices/detail/300275/AN202501231642483229.html
300275,梅安森,梅安森:独立董事提名人声明(程源伟),独立董事提名人声明,2025-01-24,https://data.eastmoney.com/notices/detail/300275/AN202501231642483233.html
300275,梅安森,梅安森:独立董事候选人声明(杨安富),独立董事候选人声明,2025-01-24,https://data.eastmoney.com/notices/detail/300275/AN202501231642483226.html
300275,梅安森,梅安森:关于董事会换届选举的公告,高管人员任职变动,2025-01-24,https://data.eastmoney.com/notices/detail/300275/AN202501231642483220.html
300275,梅安森,梅安森:关于监事会换届选举的公告,高管人员任职变动,2025-01-24,https://data.eastmoney.com/notices/detail/300275/AN202501231642483218.html
300275,梅安森,梅安森:关于修订《公司章程》的公告,公司章程修订,2025-01-24,https://data.eastmoney.com/notices/detail/300275/AN202501231642483230.html
300275,梅安森,梅安森:独立董事提名人声明(曹龙汉),独立董事提名人声明,2025-01-24,https://data.eastmoney.com/notices/detail/300275/AN202501231642483227.html
300275,梅安森,梅安森:独立董事候选人声明(曹龙汉),独立董事候选人声明,2025-01-24,https://data.eastmoney.com/notices/detail/300275/AN202501231642483223.html
300275,梅安森,梅安森:独立董事候选人声明(程源伟),独立董事候选人声明,2025-01-24,https://data.eastmoney.com/notices/detail/300275/AN202501231642483228.html
300275,梅安森,梅安森:第五届监事会第二十九次会议决议公告,高管人员任职变动,2025-01-24,https://data.eastmoney.com/notices/detail/300275/AN202501231642483232.html
300275,梅安森,梅安森:第五届董事会第三十五次会议决议公告,高管人员任职变动,2025-01-24,https://data.eastmoney.com/notices/detail/300275/AN202501231642483222.html
300275,梅安森,梅安森:关于召开2025年第一次临时股东大会的通知,召开股东大会通知,2025-01-24,https://data.eastmoney.com/notices/detail/300275/AN202501231642483225.html
600262,北方股份,北方股份:内蒙古北方重型汽车股份有限公司关于变更审计机构质量控制复核人的公告,审计机构变更,2025-01-24,https://data.eastmoney.com/notices/detail/600262/AN202501231642483209.html
600780,通宝能源,通宝能源:山西通宝能源股份有限公司2024年第四季度经营数据公告,月度经营情况,2025-01-24,https://data.eastmoney.com/notices/detail/600780/AN202501231642483206.html
688272,富吉瑞,富吉瑞:舆情管理制度,管理办法/制度,2025-01-24,https://data.eastmoney.com/notices/detail/688272/AN202501231642483201.html
688272,富吉瑞,富吉瑞:关于聘任董事会秘书的公告,高管人员任职变动,2025-01-24,https://data.eastmoney.com/notices/detail/688272/AN202501231642483200.html
688272,富吉瑞,富吉瑞:2024年年度业绩预盈公告,业绩预告,2025-01-24,https://data.eastmoney.com/notices/detail/688272/AN202501231642483199.html
600098,广州发展,广州发展:广州发展集团股份有限公司投资者关系活动记录表(编号:2025-001),调研活动,2025-01-24,https://data.eastmoney.com/notices/detail/600098/AN202501231642483178.html
600578,京能电力,京能电力:2024年年度业绩预增公告,业绩预告,2025-01-24,https://data.eastmoney.com/notices/detail/600578/AN202501231642483180.html
603956,威派格,威派格:威派格关于控股股东部分股份解除质押和质押的公告,股份质押、冻结,2025-01-24,https://data.eastmoney.com/notices/detail/603956/AN202501231642483179.html
603538,美诺华,美诺华:宁波美诺华药业股份有限公司关于收到公司实际控制人、董事长2024年年度分红提议的公告,其他,2025-01-24,https://data.eastmoney.com/notices/detail/603538/AN202501231642483175.html
603310,巍华新材,巍华新材:第四届董事会第十九次会议决议公告,董事会决议公告,2025-01-24,https://data.eastmoney.com/notices/detail/603310/AN202501231642483164.html
601168,西部矿业,西部矿业:西部矿业关于更换第八届监事会职工代表监事的公告,高管人员任职变动,2025-01-24,https://data.eastmoney.com/notices/detail/601168/AN202501231642483166.html
603310,巍华新材,巍华新材:关于拟投资设立全资子公司的公告,投资设立公司,2025-01-24,https://data.eastmoney.com/notices/detail/603310/AN202501231642483165.html
688383,新益昌,新益昌:深圳新益昌科技股份有限公司股东提前终止减持计划暨减持股份结果公告,股东/实际控制人股份减持,2025-01-24,https://data.eastmoney.com/notices/detail/688383/AN202501231642482951.html
603291,联合水务,联合水务:华泰联合证券有限责任公司关于江苏联合水务科技股份有限公司2024年度现场检查报告,保荐/核查意见,2025-01-24,https://data.eastmoney.com/notices/detail/603291/AN202501231642482945.html
301031,中熔电气,中熔电气:关于获得客户项目定点通知书的公告,其他,2025-01-24,https://data.eastmoney.com/notices/detail/301031/AN202501231642482943.html
300195,长荣股份,长荣股份:2024年度业绩预告,业绩预告,2025-01-24,https://data.eastmoney.com/notices/detail/300195/AN202501231642482939.html
300150,世纪瑞尔,世纪瑞尔:2024年度业绩预告,业绩预告,2025-01-24,https://data.eastmoney.com/notices/detail/300150/AN202501231642482938.html
002093,国脉科技,国脉科技:关于全资子公司之间吸收合并的公告,其他,2025-01-24,https://data.eastmoney.com/notices/detail/002093/AN202501231642482941.html
002093,国脉科技,国脉科技:第九届董事会第二次会议决议公告,董事会决议公告,2025-01-24,https://data.eastmoney.com/notices/detail/002093/AN202501231642482937.html
601860,紫金银行,紫金银行:江苏紫金农村商业银行股份有限公司关于董事任职资格获监管机构核准的公告,其他,2025-01-24,https://data.eastmoney.com/notices/detail/601860/AN202501231642482918.html
600098,广州发展,广州发展:广州发展集团股份有限公司关于2025年度第一期中期票据发行情况公告,其他,2025-01-24,https://data.eastmoney.com/notices/detail/600098/AN202501231642482908.html
600098,广州发展,广州发展:广州发展集团股份有限公司关于2025年度第一期超短期融资券发行情况公告,其他,2025-01-24,https://data.eastmoney.com/notices/detail/600098/AN202501231642482906.html
603226,菲林格尔,菲林格尔:菲林格尔家居科技股份有限公司2024年年度业绩预亏公告,业绩预告,2025-01-24,https://data.eastmoney.com/notices/detail/603226/AN202501231642482899.html
603689,皖天然气,皖天然气:上海荣正企业咨询服务(集团)股份有限公司关于安徽省天然气开发股份有限公司2022年限制性股票激励计划回购注销部分限制性股票相关事项之独立财务顾问报告,保荐/核查意见,2025-01-24,https://data.eastmoney.com/notices/detail/603689/AN202501231642482886.html
603689,皖天然气,皖天然气:调整2022年限制性股票激励计划回购价格的公告,股权激励行权价（数量）调整,2025-01-24,https://data.eastmoney.com/notices/detail/603689/AN202501231642482893.html
603689,皖天然气,皖天然气:回购注销部分限制性股票的公告,回购进展情况,2025-01-24,https://data.eastmoney.com/notices/detail/603689/AN202501231642482887.html
603689,皖天然气,皖天然气:安徽天禾律师事务所关于安徽省天然气开发股份有限公司2022年限制性股票激励计划调整回购价格、回购注销部分限制性股票及第一个解除限售期解除限售条件成就相关事项的法律意见书,法律意见书,2025-01-24,https://data.eastmoney.com/notices/detail/603689/AN202501231642482891.html
603689,皖天然气,皖天然气:上海荣正企业咨询服务(集团)股份有限公司关于安徽省天然气开发股份有限公司2022年限制性股票激励计划第一个解除限售期解除限售条件成就之独立财务顾问报告,保荐/核查意见,2025-01-24,https://data.eastmoney.com/notices/detail/603689/AN202501231642482890.html
603689,皖天然气,皖天然气:第四届监事会第二十一次会议决议的公告,监事会决议公告,2025-01-24,https://data.eastmoney.com/notices/detail/603689/AN202501231642482889.html
603689,皖天然气,皖天然气:2022年限制性股票激励计划第一个解除限售期解除限售条件成就的公告,限售股份上市流通,2025-01-24,https://data.eastmoney.com/notices/detail/603689/AN202501231642482888.html
603689,皖天然气,皖天然气:第四届董事会第二十六次会议决议的公告,董事会决议公告,2025-01-24,https://data.eastmoney.com/notices/detail/603689/AN202501231642482895.html
603689,皖天然气,皖天然气:回购注销部分限制性股票通知债权人的公告,通知债权人公告,2025-01-24,https://data.eastmoney.com/notices/detail/603689/AN202501231642482894.html
601218,吉鑫科技,吉鑫科技:江苏吉鑫风能科技股份有限公司关于变更签字注册会计师的公告,高管人员任职变动,2025-01-24,https://data.eastmoney.com/notices/detail/601218/AN202501231642482881.html
002091,江苏国泰,江苏国泰:关于使用暂时闲置的公开发行可转换公司债券募集资金进行现金管理的进展公告,募集资金使用进展情况,2025-01-24,https://data.eastmoney.com/notices/detail/002091/AN202501231642482866.html
002091,江苏国泰,江苏国泰:关于使用暂时闲置募集资金进行现金管理的进展公告,募集资金使用进展情况,2025-01-24,https://data.eastmoney.com/notices/detail/002091/AN202501231642482860.html
002469,三维化学,三维化学:2024年第四季度土木工程建筑业务经营情况简报,月度经营情况,2025-01-24,https://data.eastmoney.com/notices/detail/002469/AN202501231642482861.html
600638,新黄浦,新黄浦:新黄浦关于转让福建闽中有机食品有限公司债权的公告,其他,2025-01-24,https://data.eastmoney.com/notices/detail/600638/AN202501231642482656.html
000922,佳电股份,佳电股份:关于使用暂时闲置自有资金购买理财产品到期赎回的公告,投资理财,2025-01-24,https://data.eastmoney.com/notices/detail/000922/AN202501231642482649.html
603696,安记食品,安记食品:国投证券关于安记食品首次公开发行股票募集资金使用完毕及注销募集资金专户的核查意见,保荐/核查意见,2025-01-24,https://data.eastmoney.com/notices/detail/603696/AN202501231642482624.html
600815,厦工股份,厦工股份:厦工股份2024年年度业绩预告,业绩预告,2025-01-24,https://data.eastmoney.com/notices/detail/600815/AN202501231642482625.html
603696,安记食品,安记食品:安记食品关于首次公开发行股票募集资金使用完毕及注销募集资金专户,募集资金使用情况报告,2025-01-24,https://data.eastmoney.com/notices/detail/603696/AN202501231642482626.html
603396,金辰股份,金辰股份:营口金辰机械股份有限公司关于使用部分闲置募集资金购买理财产品到期赎回的公告,投资理财,2025-01-24,https://data.eastmoney.com/notices/detail/603396/AN202501231642482575.html
688082,盛美上海,盛美上海:2025年第一次临时股东大会会议资料,股东大会资料,2025-01-24,https://data.eastmoney.com/notices/detail/688082/AN202501231642482566.html
601369,陕鼓动力,陕鼓动力:西安陕鼓动力股份有限公司关于控股孙公司呼和浩特气体开展融资租赁业务的公告,其他,2025-01-24,https://data.eastmoney.com/notices/detail/601369/AN202501231642482567.html
603232,格尔软件,格尔软件:格尔软件股份有限公司关于签订募集资金专户存储四方监管协议的公告,签订协议,2025-01-24,https://data.eastmoney.com/notices/detail/603232/AN202501231642482456.html
688262,国芯科技,国芯科技:关于变更办公地址的公告,公司办公地址变更,2025-01-24,https://data.eastmoney.com/notices/detail/688262/AN202501231642482441.html
688279,峰岹科技,峰岹科技:关于自愿披露签订合作框架协议的公告,签订协议,2025-01-24,https://data.eastmoney.com/notices/detail/688279/AN202501231642482440.html
600775,南京熊猫,南京熊猫:南京熊猫为子公司提供担保的公告,提供/对外担保公告,2025-01-24,https://data.eastmoney.com/notices/detail/600775/AN202501231642482174.html
603966,法兰泰克,法兰泰克:关于为全资子公司提供担保的进展公告,提供/对外担保公告,2025-01-24,https://data.eastmoney.com/notices/detail/603966/AN202501231642482194.html
603557,*ST起步,ST起步:关于股票被实施其他风险警示相关事项的进展公告,风险提示性公告,2025-01-24,https://data.eastmoney.com/notices/detail/603557/AN202501231642482195.html
603557,*ST起步,ST起步:2024年年度业绩预亏公告,业绩预告,2025-01-24,https://data.eastmoney.com/notices/detail/603557/AN202501231642482197.html
603235,天新药业,天新药业:第三届董事会第七次会议决议公告,董事会决议公告,2025-01-24,https://data.eastmoney.com/notices/detail/603235/AN202501231642482196.html
600461,洪城环境,洪城环境:江西洪城环境股份有限公司关于变更持续督导独立财务顾问主办人的公告,高管人员任职变动,2025-01-24,https://data.eastmoney.com/notices/detail/600461/AN202501231642482172.html
603235,天新药业,天新药业:关于2025年度日常关联交易预计的公告,关联交易,2025-01-24,https://data.eastmoney.com/notices/detail/603235/AN202501231642482179.html
605255,天普股份,天普股份:天普股份关于全资子公司通过高新技术企业重新认定的公告,其他,2025-01-24,https://data.eastmoney.com/notices/detail/605255/AN202501231642482176.html
601890,亚星锚链,亚星锚链:亚星锚链关于使用自有资金购买理财产品的公告,投资理财,2025-01-24,https://data.eastmoney.com/notices/detail/601890/AN202501231642482177.html
600859,王府井,王府井:王府井关于长沙市内免税店经营主体招商项目成交的公告,其他,2025-01-24,https://data.eastmoney.com/notices/detail/600859/AN202501231642482171.html
605151,西上海,西上海:西上海关于使用部分暂时闲置募集资金进行现金管理的进展公告,募集资金使用进展情况,2025-01-24,https://data.eastmoney.com/notices/detail/605151/AN202501231642482182.html
603520,司太立,司太立:司太立关于完成工商变更登记并取得营业执照的公告,公司其他基本信息变更,2025-01-24,https://data.eastmoney.com/notices/detail/603520/AN202501231642482181.html
600463,空港股份,空港股份:空港股份2025年第二次临时股东大会会议资料,股东大会资料,2025-01-24,https://data.eastmoney.com/notices/detail/600463/AN202501231642482175.html
601890,亚星锚链,亚星锚链:亚星锚链关于副总经理退休离职的公告,高管人员任职变动,2025-01-24,https://data.eastmoney.com/notices/detail/601890/AN202501231642482188.html
600714,金瑞矿业,金瑞矿业:青海金瑞矿业发展股份有限公司关于涉及诉讼的公告,诉讼仲裁,2025-01-24,https://data.eastmoney.com/notices/detail/600714/AN202501231642482186.html
603331,百达精工,百达精工:百达精工关于通过高新技术企业重新认定的公告,获得认证,2025-01-24,https://data.eastmoney.com/notices/detail/603331/AN202501231642482191.html
600398,海澜之家,海澜之家:海澜之家集团股份有限公司第九届第十一次董事会决议公告,董事会决议公告,2025-01-24,https://data.eastmoney.com/notices/detail/600398/AN202501231642482173.html
603527,众源新材,众源新材:众源新材关于2025年1月提供担保的进展公告,提供/对外担保公告,2025-01-24,https://data.eastmoney.com/notices/detail/603527/AN202501231642482169.html
603677,奇精机械,奇精机械:关于完成工商变更登记的公告,公司注册资本变更,2025-01-24,https://data.eastmoney.com/notices/detail/603677/AN202501231642482178.html
600859,王府井,王府井:王府井关于哈尔滨机场王府井免税店对外营业的公告,其他,2025-01-24,https://data.eastmoney.com/notices/detail/600859/AN202501231642482193.html
600727,鲁北化工,鲁北化工:鲁北化工2025年第一次临时股东大会材料,股东大会资料,2025-01-24,https://data.eastmoney.com/notices/detail/600727/AN202501231642482184.html
603345,安井食品,安井食品:安井食品关于发行境外上市股份(H股)备案申请材料获中国证监会接收的公告,其他,2025-01-24,https://data.eastmoney.com/notices/detail/603345/AN202501231642482190.html
600376,首开股份,首开股份:首开股份2025年第一次临时股东会会议资料,股东大会资料,2025-01-24,https://data.eastmoney.com/notices/detail/600376/AN202501231642482170.html
600019,宝钢股份,宝钢股份:宝钢股份关于公司副总经理辞职的公告,高管人员任职变动,2025-01-24,https://data.eastmoney.com/notices/detail/600019/AN202501231642482187.html
600861,北京人力,北京人力:北京人力关于职工代表监事辞职的公告,高管人员任职变动,2025-01-24,https://data.eastmoney.com/notices/detail/600861/AN202501231642482192.html
603235,天新药业,天新药业:第三届监事会第七次会议决议公告,监事会决议公告,2025-01-24,https://data.eastmoney.com/notices/detail/603235/AN202501231642482189.html
603076,乐惠国际,乐惠国际:关于使用暂时闲置募集资金进行现金管理的进展公告,募集资金使用进展情况,2025-01-24,https://data.eastmoney.com/notices/detail/603076/AN202501231642482180.html
603309,维力医疗,维力医疗:维力医疗关于全资子公司通过高新技术企业重新认定的公告,其他,2025-01-24,https://data.eastmoney.com/notices/detail/603309/AN202501231642482183.html
600496,精工钢构,精工钢构:精工钢构关于控股股东股权解押暨质押的公告,股份质押、冻结,2025-01-24,https://data.eastmoney.com/notices/detail/600496/AN202501231642482185.html
603788,宁波高发,宁波高发:关于审计机构变更公司签字注册会计师的公告,审计机构变更,2025-01-24,https://data.eastmoney.com/notices/detail/603788/AN202501231642482168.html
