代码,名称,公告标题,公告类型,公告日期,网址
300268,佳沃食品,ST佳沃:2024年度内部控制评价报告,内部控制报告,2025-03-13,https://data.eastmoney.com/notices/detail/300268/AN202503121644313212.html
300268,佳沃食品,ST佳沃:关于未弥补亏损达到实收股本总额三分之一的公告,其他,2025-03-13,https://data.eastmoney.com/notices/detail/300268/AN202503121644313219.html
600729,重百集团,重庆百货:重庆百货大楼股份有限公司监事会对第八届六次监事会会议相关事项的核查意见,专项说明/独立意见,2025-03-13,https://data.eastmoney.com/notices/detail/600729/AN202503121644302806.html
688288,鸿泉技术,鸿泉物联:关于股票交易异常波动的公告,股票交易异常波动,2025-03-13,https://data.eastmoney.com/notices/detail/688288/AN202503121644302972.html
603088,宁波精达,上海证券交易所并购重组审核委员会2025年第4次审议会议结果公告,上交所并购重组委会议结果公告,2025-03-13,https://data.eastmoney.com/notices/detail/603088/AN202503261647775769.html
688729,屹唐股份,关于同意北京屹唐半导体科技股份有限公司首次公开发行股票注册的批复,科创板发行上市审核注册结果通知,2025-03-13,https://data.eastmoney.com/notices/detail/688729/AN202503261647773800.html
000968,蓝焰控股,蓝焰控股:山西蓝焰控股股份有限公司2025年面向专业投资者公开发行科技创新公司债券(第一期)票面利率公告,其他,2025-03-13,https://data.eastmoney.com/notices/detail/000968/AN202503131644348786.html
002916,深南电路,深南电路:2025年3月13日投资者关系活动记录表,调研活动,2025-03-13,https://data.eastmoney.com/notices/detail/002916/AN202503131644348306.html
300630,普利退,*ST普利:关于普利转债转股数额累计达到转股前公司已发行股份总额10%及公司控股股东权益变动触及5%整数倍的公告,权益变动报告书,2025-03-13,https://data.eastmoney.com/notices/detail/300630/AN202503131644347175.html
002939,长城证券,长城证券:2025年3月13日投资者关系活动记录表,调研活动,2025-03-13,https://data.eastmoney.com/notices/detail/002939/AN202503131644347078.html
300518,新迅达,新迅达:第五届董事会第二十六次会议决议公告,董事会决议公告,2025-03-13,https://data.eastmoney.com/notices/detail/300518/AN202503131644346041.html
300518,新迅达,新迅达:关于出售全资子公司100%股权的公告,收购出售资产/股权,2025-03-13,https://data.eastmoney.com/notices/detail/300518/AN202503131644346039.html
000725,京东方A,京东方Ａ:008-2025年3月13日投资者关系活动记录表,调研活动,2025-03-13,https://data.eastmoney.com/notices/detail/000725/AN202503131644345891.html
300652,雷迪克,雷迪克:300652雷迪克投资者关系管理信息20250313,调研活动,2025-03-13,https://data.eastmoney.com/notices/detail/300652/AN202503131644345716.html
688729,屹唐股份,3-1-2发行保荐书,科创板发行上市发行保荐书,2025-03-13,https://data.eastmoney.com/notices/detail/688729/AN202503131644345557.html
688729,屹唐股份,3-1-3上市保荐书,科创板发行上市上市保荐书,2025-03-13,https://data.eastmoney.com/notices/detail/688729/AN202503131644345445.html
688729,屹唐股份,毕马威华振会计师事务所(特殊普通合伙)关于北京屹唐半导体科技股份有限公司首次公开发行股票并在科创板上市的财务报告及审计报告,科创板发行上市审计报告,2025-03-13,https://data.eastmoney.com/notices/detail/688729/AN202503131644345432.html
688729,屹唐股份,北京市金杜律师事务所关于北京屹唐半导体科技股份有限公司首次公开发行股票并在科创板上市之法律意见书,科创板发行上市法律意见书,2025-03-13,https://data.eastmoney.com/notices/detail/688729/AN202503131644345455.html
688729,屹唐股份,8-1发行人及保荐机构关于发行注册环节反馈意见落实函的回复意见(2024年半年度财务数据更新版)(北京屹唐半导体科技股份有限公司),科创板发行上市问询与回复,2025-03-13,https://data.eastmoney.com/notices/detail/688729/AN202503131644345423.html
688729,屹唐股份,8-2会计师关于发行注册环节反馈意见落实函的回复意见(2024年半年年度财务数据更新版)(北京屹唐半导体科技股份有限公司),科创板发行上市问询与回复,2025-03-13,https://data.eastmoney.com/notices/detail/688729/AN202503131644345422.html
688729,屹唐股份,北京屹唐半导体科技股份有限公司科创板首次公开发行股票招股说明书(注册稿),科创板发行上市招股说明书注册稿,2025-03-13,https://data.eastmoney.com/notices/detail/688729/AN202503131644345421.html
688729,屹唐股份,8-3补充法律意见书(九)(北京屹唐半导体科技股份有限公司),科创板发行上市问询与回复,2025-03-13,https://data.eastmoney.com/notices/detail/688729/AN202503131644345418.html
300113,顺网科技,顺网科技:2025年03月11日-03月13日投资者关系活动记录表,调研活动,2025-03-13,https://data.eastmoney.com/notices/detail/300113/AN202503131644345288.html
002693,双成药业,双成药业:002693双成药业投资者关系管理信息20250313,调研活动,2025-03-13,https://data.eastmoney.com/notices/detail/002693/AN202503131644345277.html
002053,云南能投,云南能投:2025年3月13日投资者关系活动记录表,调研活动,2025-03-13,https://data.eastmoney.com/notices/detail/002053/AN202503131644345104.html
300436,广生堂,广生堂:300436广生堂投资者关系管理信息20250313,调研活动,2025-03-13,https://data.eastmoney.com/notices/detail/300436/AN202503131644345103.html
300531,优博讯,优博讯:关于控股股东减持计划实施完毕的公告,股东/实际控制人股份减持,2025-03-13,https://data.eastmoney.com/notices/detail/300531/AN202503131644345206.html
300670,大烨智能,大烨智能:关于提供担保的进展公告,提供/对外担保公告,2025-03-13,https://data.eastmoney.com/notices/detail/300670/AN202503131644344858.html
000790,华神科技,华神科技:000790华神科技投资者关系管理信息20250313,调研活动,2025-03-13,https://data.eastmoney.com/notices/detail/000790/AN202503131644344701.html
300942,易瑞生物,易瑞生物:2025年3月13日投资者关系活动记录表,调研活动,2025-03-13,https://data.eastmoney.com/notices/detail/300942/AN202503131644344700.html
300386,飞天诚信,飞天诚信:关于获得政府补助的公告(一),获得补贴（资助）,2025-03-13,https://data.eastmoney.com/notices/detail/300386/AN202503131644344227.html
000561,烽火电子,烽火电子:000561烽火电子投资者关系管理信息20250313,调研活动,2025-03-13,https://data.eastmoney.com/notices/detail/000561/AN202503131644344491.html
300125,聆达股份,ST聆达:关于控股股东所持部分公司股份被拍卖的进展暨被司法划转的提示性公告,股权转让,2025-03-13,https://data.eastmoney.com/notices/detail/300125/AN202503131644344205.html
300873,海晨股份,海晨股份:海晨股份2025年第一次临时股东大会之法律意见书,法律意见书,2025-03-13,https://data.eastmoney.com/notices/detail/300873/AN202503131644344178.html
300873,海晨股份,海晨股份:2025年第一次临时股东大会决议的公告,股东大会决议公告,2025-03-13,https://data.eastmoney.com/notices/detail/300873/AN202503131644344177.html
920693,阿为特,阿为特:关于公司再次通过高新技术企业认定的公告,获得认证,2025-03-13,https://data.eastmoney.com/notices/detail/920693/AN202503131644344159.html
002497,雅化集团,雅化集团:002497雅化集团投资者关系管理信息20250312,调研活动,2025-03-13,https://data.eastmoney.com/notices/detail/002497/AN202503131644344068.html
002930,宏川智慧,宏川智慧:2025年3月13日投资者关系活动记录表,调研活动,2025-03-13,https://data.eastmoney.com/notices/detail/002930/AN202503131644343675.html
300348,长亮科技,长亮科技:2025年3月12日投资者关系活动记录表,调研活动,2025-03-13,https://data.eastmoney.com/notices/detail/300348/AN202503131644343381.html
000776,广发证券,广发证券:东方证券股份有限公司关于广发证券股份有限公司2025年第一次债券持有人会议结果的公告,其他,2025-03-13,https://data.eastmoney.com/notices/detail/000776/AN202503131644343473.html
000776,广发证券,广发证券:招商证券股份有限公司关于广发证券股份有限公司2025年第一次债券持有人会议结果的公告,其他,2025-03-13,https://data.eastmoney.com/notices/detail/000776/AN202503131644343471.html
000776,广发证券,广发证券:平安证券股份有限公司关于广发证券股份有限公司2025年第一次债券持有人会议结果的公告,其他,2025-03-13,https://data.eastmoney.com/notices/detail/000776/AN202503131644343472.html
000776,广发证券,广发证券:北京市嘉源律师事务所关于广发证券股份有限公司2025年第一次债券持有人会议之见证法律意见书,其他,2025-03-13,https://data.eastmoney.com/notices/detail/000776/AN202503131644343470.html
300322,硕贝德,硕贝德:2025年第一次临时股东大会法律意见书,法律意见书,2025-03-13,https://data.eastmoney.com/notices/detail/300322/AN202503131644343236.html
300322,硕贝德,硕贝德:2025年第一次临时股东大会决议公告,股东大会决议公告,2025-03-13,https://data.eastmoney.com/notices/detail/300322/AN202503131644343235.html
300992,泰福泵业,泰福泵业:关于股东减持计划期限届满的公告,股东/实际控制人股份减持,2025-03-13,https://data.eastmoney.com/notices/detail/300992/AN202503131644343226.html
300424,航新科技,航新科技:关于控股股东的有限合伙人所持合伙份额被司法冻结的公告,股份质押、冻结,2025-03-13,https://data.eastmoney.com/notices/detail/300424/AN202503131644343187.html
920245,威博液压,威博液压:第三届董事会第九次会议决议公告,董事会决议公告,2025-03-13,https://data.eastmoney.com/notices/detail/920245/AN202503131644343004.html
920245,威博液压,威博液压:第三届监事会第九次会议决议公告,高管人员任职变动,2025-03-13,https://data.eastmoney.com/notices/detail/920245/AN202503131644343010.html
920245,威博液压,威博液压:2025年第一次临时股东大会通知公告,召开股东大会通知,2025-03-13,https://data.eastmoney.com/notices/detail/920245/AN202503131644343002.html
920245,威博液压,威博液压:关于拟修订《公司章程》公告,公司章程修订,2025-03-13,https://data.eastmoney.com/notices/detail/920245/AN202503131644343011.html
920245,威博液压,威博液压:监事辞职公告,高管人员任职变动,2025-03-13,https://data.eastmoney.com/notices/detail/920245/AN202503131644343006.html
920245,威博液压,威博液压:监事任命公告,高管人员任职变动,2025-03-13,https://data.eastmoney.com/notices/detail/920245/AN202503131644343007.html
920245,威博液压,威博液压:关于预计2025年日常性关联交易的公告,关联交易,2025-03-13,https://data.eastmoney.com/notices/detail/920245/AN202503131644343008.html
920245,威博液压,威博液压:关于预计2025年度向金融机构申请综合授信额度的公告,借贷,2025-03-13,https://data.eastmoney.com/notices/detail/920245/AN202503131644343009.html
920245,威博液压,威博液压:东吴证券股份有限公司关于江苏威博液压股份有限公司预计2025年度日常性关联交易的核查意见,保荐/核查意见,2025-03-13,https://data.eastmoney.com/notices/detail/920245/AN202503131644343003.html
920245,威博液压,威博液压:关于募集资金使用完毕并注销募集资金账户的公告,募集资金使用进展情况,2025-03-13,https://data.eastmoney.com/notices/detail/920245/AN202503131644343005.html
301197,工大科雅,工大科雅:公司章程(2025年3月),公司章程,2025-03-13,https://data.eastmoney.com/notices/detail/301197/AN202503131644342828.html
301197,工大科雅,工大科雅:河北工大科雅能源科技股份有限公司关于完成工商变更登记并换发营业执照的公告,公司名称变更,2025-03-13,https://data.eastmoney.com/notices/detail/301197/AN202503131644342825.html
301319,唯特偶,唯特偶:深圳市唯特偶新材料股份有限公司外汇衍生品交易业务管理制度,管理办法/制度,2025-03-13,https://data.eastmoney.com/notices/detail/301319/AN202503131644342796.html
301319,唯特偶,唯特偶:国金证券股份有限公司关于深圳市唯特偶新材料股份有限公司2025年度日常关联交易预计的核查意见,保荐/核查意见,2025-03-13,https://data.eastmoney.com/notices/detail/301319/AN202503131644342797.html
301319,唯特偶,唯特偶:国金证券股份有限公司关于深圳市唯特偶新材料股份有限公司开展外汇套期保值业务的核查意见,保荐/核查意见,2025-03-13,https://data.eastmoney.com/notices/detail/301319/AN202503131644342799.html
301319,唯特偶,唯特偶:关于开展外汇套期保值业务的可行性分析报告,其他,2025-03-13,https://data.eastmoney.com/notices/detail/301319/AN202503131644342801.html
301319,唯特偶,唯特偶:关于拟设立全资子公司的公告,投资设立公司,2025-03-13,https://data.eastmoney.com/notices/detail/301319/AN202503131644342804.html
301319,唯特偶,唯特偶:关于开展外汇套期保值业务的公告,其他,2025-03-13,https://data.eastmoney.com/notices/detail/301319/AN202503131644342794.html
301319,唯特偶,唯特偶:关于2025年度日常关联交易预计的公告,关联交易,2025-03-13,https://data.eastmoney.com/notices/detail/301319/AN202503131644342805.html
301319,唯特偶,唯特偶:第六届监事会第二次会议决议公告,监事会决议公告,2025-03-13,https://data.eastmoney.com/notices/detail/301319/AN202503131644342798.html
301319,唯特偶,唯特偶:关于向2024年股票期权激励计划激励对象授予预留股票期权的公告,股权激励进展公告,2025-03-13,https://data.eastmoney.com/notices/detail/301319/AN202503131644342806.html
301319,唯特偶,唯特偶:广东华商律师事务所关于深圳市唯特偶新材料股份有限公司2024年股票期权激励计划调整及预留授予相关事项的法律意见书,法律意见书,2025-03-13,https://data.eastmoney.com/notices/detail/301319/AN202503131644342795.html
301319,唯特偶,唯特偶:关于调整2024年股票期权激励计划行权价格及授予数量的公告,股权激励行权价（数量）调整,2025-03-13,https://data.eastmoney.com/notices/detail/301319/AN202503131644342802.html
301319,唯特偶,唯特偶:上海信公轶禾企业管理咨询有限公司关于深圳市唯特偶新材料股份有限公司2024年股票期权激励计划预留授予相关事项之独立财务顾问报告,保荐/核查意见,2025-03-13,https://data.eastmoney.com/notices/detail/301319/AN202503131644342800.html
301319,唯特偶,唯特偶:第六届董事会第二次会议决议公告,董事会决议公告,2025-03-13,https://data.eastmoney.com/notices/detail/301319/AN202503131644342803.html
300084,海默科技,海默科技:关于部分限制性股票回购注销完成的公告,股本变动,2025-03-13,https://data.eastmoney.com/notices/detail/300084/AN202503131644342356.html
300596,利安隆,利安隆:北京市中伦律师事务所关于天津利安隆新材料股份有限公司2025年第一次临时股东大会的法律意见书,法律意见书,2025-03-13,https://data.eastmoney.com/notices/detail/300596/AN202503131644342479.html
300596,利安隆,利安隆:2025年第一次临时股东大会决议公告,股东大会决议公告,2025-03-13,https://data.eastmoney.com/notices/detail/300596/AN202503131644342458.html
002138,顺络电子,顺络电子:2025年3月12日-3月13日投资者关系活动记录表,调研活动,2025-03-13,https://data.eastmoney.com/notices/detail/002138/AN202503131644342238.html
301032,新柴股份,新柴股份:关于董事长减持计划完成的公告,股东/实际控制人股份减持,2025-03-13,https://data.eastmoney.com/notices/detail/301032/AN202503131644342278.html
301032,新柴股份,新柴股份:关于公司股价异动的公告,股票交易异常波动,2025-03-13,https://data.eastmoney.com/notices/detail/301032/AN202503131644342280.html
300187,永清环保,永清环保:关于控股股东协议转让公司部分股份完成过户登记的公告,股权转让,2025-03-13,https://data.eastmoney.com/notices/detail/300187/AN202503131644342283.html
300464,星徽股份,星徽股份:关于控股股东及其一致行动人部分股份质押的公告,股份质押、冻结,2025-03-13,https://data.eastmoney.com/notices/detail/300464/AN202503131644342284.html
301042,安联锐视,安联锐视:公司董事、监事及高级管理人员减持股份预披露公告,高管人员持股变动,2025-03-13,https://data.eastmoney.com/notices/detail/301042/AN202503131644342281.html
000598,兴蓉环境,兴蓉环境:2025年3月13日投资者关系活动记录表,调研活动,2025-03-13,https://data.eastmoney.com/notices/detail/000598/AN202503131644342162.html
000970,中科三环,中科三环:2025年3月13日投资者关系活动记录表,调研活动,2025-03-13,https://data.eastmoney.com/notices/detail/000970/AN202503131644342161.html
300428,立中集团,立中集团:关于签署战略合作研究意向书的公告,签订协议,2025-03-13,https://data.eastmoney.com/notices/detail/300428/AN202503131644342096.html
300659,中孚信息,中孚信息:中孚信息关于变更签字注册会计师及项目质量复核人的公告,公司关联方基本资料变更,2025-03-13,https://data.eastmoney.com/notices/detail/300659/AN202503131644341956.html
920833,美心翼申,美心翼申:股票交易异常波动公告,股票交易异常波动,2025-03-13,https://data.eastmoney.com/notices/detail/920833/AN202503131644341927.html
301383,天键股份,天键股份:关于持股5%以上股东权益变动触及1%整数倍的公告,权益变动报告书,2025-03-13,https://data.eastmoney.com/notices/detail/301383/AN202503131644341873.html
920427,华维设计,华维设计:持股5%以上股东权益变动达到1%的提示性公告,权益变动报告书,2025-03-13,https://data.eastmoney.com/notices/detail/920427/AN202503131644341842.html
300959,线上线下,线上线下:北京国枫律师事务所关于无锡线上线下通讯信息技术股份有限公司2025年第一次临时股东大会的法律意见书,法律意见书,2025-03-13,https://data.eastmoney.com/notices/detail/300959/AN202503131644341763.html
300959,线上线下,线上线下:2025年第一次临时股东大会决议公告,股东大会决议公告,2025-03-13,https://data.eastmoney.com/notices/detail/300959/AN202503131644341786.html
300350,华鹏飞,华鹏飞:2025年第一次临时股东大会法律意见书,法律意见书,2025-03-13,https://data.eastmoney.com/notices/detail/300350/AN202503131644341793.html
300350,华鹏飞,华鹏飞:2025年第一次临时股东大会决议公告,股东大会决议公告,2025-03-13,https://data.eastmoney.com/notices/detail/300350/AN202503131644341762.html
300140,节能环境,节能环境:关于被冻结银行账户解冻的公告,其他,2025-03-13,https://data.eastmoney.com/notices/detail/300140/AN202503131644341757.html
301148,嘉戎技术,嘉戎技术:关于公司使用暂时闲置募集资金进行现金管理的进展公告,募集资金使用进展情况,2025-03-13,https://data.eastmoney.com/notices/detail/301148/AN202503131644341758.html
301148,嘉戎技术,嘉戎技术:福建天衡联合律师事务所关于厦门嘉戎技术股份有限公司2025年第二次临时股东大会法律意见书,法律意见书,2025-03-13,https://data.eastmoney.com/notices/detail/301148/AN202503131644341780.html
301148,嘉戎技术,嘉戎技术:2025年第二次临时股东大会决议公告,股东大会决议公告,2025-03-13,https://data.eastmoney.com/notices/detail/301148/AN202503131644341773.html
301120,新特电气,新特电气:2025年第一次临时股东大会决议公告(更正后),股东大会决议公告,2025-03-13,https://data.eastmoney.com/notices/detail/301120/AN202503131644341772.html
301120,新特电气,新特电气:关于2025年第一次临时股东大会决议的更正公告,其他,2025-03-13,https://data.eastmoney.com/notices/detail/301120/AN202503131644341761.html
300951,博硕科技,博硕科技:深圳市博硕科技股份有限公司关于公司实际控制人、董事长提议回购公司股份的公告,回购预案,2025-03-13,https://data.eastmoney.com/notices/detail/300951/AN202503131644341520.html
300176,鸿特科技,鸿特科技:鸿特科技2025年第一次临时股东会法律意见书,法律意见书,2025-03-13,https://data.eastmoney.com/notices/detail/300176/AN202503131644341525.html
300176,鸿特科技,鸿特科技:关于董事会、监事会换届完成暨聘任高级管理人员及证券事务代表的公告,高管人员任职变动,2025-03-13,https://data.eastmoney.com/notices/detail/300176/AN202503131644341517.html
300951,博硕科技,博硕科技:深圳市博硕科技股份有限公司关于回购公司股份方案的公告,回购预案,2025-03-13,https://data.eastmoney.com/notices/detail/300951/AN202503131644341521.html
300176,鸿特科技,鸿特科技:第六届董事会第一次会议决议公告,高管人员任职变动,2025-03-13,https://data.eastmoney.com/notices/detail/300176/AN202503131644341527.html
300176,鸿特科技,鸿特科技:2025年第一次临时股东会决议公告,股东大会决议公告,2025-03-13,https://data.eastmoney.com/notices/detail/300176/AN202503131644341530.html
300907,康平科技,康平科技:关于股票交易异常波动的公告,股票交易异常波动,2025-03-13,https://data.eastmoney.com/notices/detail/300907/AN202503131644341529.html
300176,鸿特科技,鸿特科技:第六届监事会第一次会议决议公告,高管人员任职变动,2025-03-13,https://data.eastmoney.com/notices/detail/300176/AN202503131644341515.html
300078,思创智联,思创医惠:北京天元(杭州)律师事务所关于思创医惠科技股份有限公司2025年第二次临时股东会的法律意见,法律意见书,2025-03-13,https://data.eastmoney.com/notices/detail/300078/AN202503131644341528.html
300951,博硕科技,博硕科技:深圳市博硕科技股份有限公司第二届董事会第十八次会议决议公告,董事会决议公告,2025-03-13,https://data.eastmoney.com/notices/detail/300951/AN202503131644341518.html
300078,思创智联,思创医惠:2025年第二次临时股东会决议公告,股东大会决议公告,2025-03-13,https://data.eastmoney.com/notices/detail/300078/AN202503131644341513.html
301396,宏景科技,宏景科技:301396宏景科技投资者关系管理信息20250313,调研活动,2025-03-13,https://data.eastmoney.com/notices/detail/301396/AN202503131644341585.html
301289,国缆检测,国缆检测:上海国缆检测股份有限公司关于回购股份事项前十名股东及前十名无限售条件股东持股情况的公告-09,回购进展情况,2025-03-13,https://data.eastmoney.com/notices/detail/301289/AN202503131644341478.html
300582,英飞特,英飞特:关于控股股东部分股份质押及解除质押的公告,股份质押、冻结,2025-03-13,https://data.eastmoney.com/notices/detail/300582/AN202503131644341487.html
300339,润和软件,润和软件:关于控股股东部分股份解除质押及再质押的公告,股份质押、冻结,2025-03-13,https://data.eastmoney.com/notices/detail/300339/AN202503131644341484.html
300128,锦富技术,锦富技术:海通证券股份有限公司关于苏州锦富技术股份有限公司2025年度对外担保预计的核查意见,保荐/核查意见,2025-03-13,https://data.eastmoney.com/notices/detail/300128/AN202503131644341338.html
300128,锦富技术,锦富技术:海通证券股份有限公司关于苏州锦富技术股份有限公司2025年度日常关联交易预计的核查意见,保荐/核查意见,2025-03-13,https://data.eastmoney.com/notices/detail/300128/AN202503131644341323.html
300947,德必集团,德必集团:2025年第一次临时股东大会决议公告,股东大会决议公告,2025-03-13,https://data.eastmoney.com/notices/detail/300947/AN202503131644341263.html
300134,大富科技,大富科技:关于召开2025年第一次临时股东大会的提示性公告,召开股东大会提示性公告,2025-03-13,https://data.eastmoney.com/notices/detail/300134/AN202503131644341155.html
300947,德必集团,德必集团:国浩律师(上海)事务所关于上海德必文化创意产业发展(集团)股份有限公司2025年第一次临时股东大会的法律意见书,法律意见书,2025-03-13,https://data.eastmoney.com/notices/detail/300947/AN202503131644341266.html
301195,北路智控,北路智控:2025年第一次临时股东会决议公告,股东大会决议公告,2025-03-13,https://data.eastmoney.com/notices/detail/301195/AN202503131644341259.html
300490,华自科技,华自科技:湖南启元律师事务所关于公司2025年第一次临时股东大会的法律意见书,法律意见书,2025-03-13,https://data.eastmoney.com/notices/detail/300490/AN202503131644341265.html
300930,屹通新材,屹通新材:2025年第一次临时股东大会决议公告,股东大会决议公告,2025-03-13,https://data.eastmoney.com/notices/detail/300930/AN202503131644341268.html
301101,明月镜片,明月镜片:关于明月镜片股份有限公司2024年持续督导现场检查报告,保荐/核查意见,2025-03-13,https://data.eastmoney.com/notices/detail/301101/AN202503131644341264.html
300490,华自科技,华自科技:2025年第一次临时股东大会决议公告,股东大会决议公告,2025-03-13,https://data.eastmoney.com/notices/detail/300490/AN202503131644341260.html
301101,明月镜片,明月镜片:关于明月镜片股份有限公司持续督导现场培训报告,保荐/核查意见,2025-03-13,https://data.eastmoney.com/notices/detail/301101/AN202503131644341262.html
300382,斯莱克,斯莱克:关于提前赎回斯莱转债的第十次提示性公告,其他,2025-03-13,https://data.eastmoney.com/notices/detail/300382/AN202503131644341261.html
300930,屹通新材,屹通新材:屹通新材2025年第一次临时股东大会法律意见书,法律意见书,2025-03-13,https://data.eastmoney.com/notices/detail/300930/AN202503131644341269.html
300134,大富科技,大富科技:关于2022年员工持股计划第三批股份锁定期届满的提示性公告,员工持股计划,2025-03-13,https://data.eastmoney.com/notices/detail/300134/AN202503131644341156.html
301195,北路智控,北路智控:江苏世纪同仁律师事务所关于南京北路智控科技股份有限公司2025年第一次临时股东会的法律意见书,法律意见书,2025-03-13,https://data.eastmoney.com/notices/detail/301195/AN202503131644341257.html
301157,华塑科技,华塑科技:中信证券股份有限公司关于杭州华塑科技股份有限公司使用部分暂时闲置募集资金进行现金管理的核查意见,保荐/核查意见,2025-03-13,https://data.eastmoney.com/notices/detail/301157/AN202503131644341116.html
301157,华塑科技,华塑科技:关于使用部分暂时闲置募集资金进行现金管理的公告,投资理财,2025-03-13,https://data.eastmoney.com/notices/detail/301157/AN202503131644341118.html
301157,华塑科技,华塑科技:第二届监事会第八次会议决议公告,监事会决议公告,2025-03-13,https://data.eastmoney.com/notices/detail/301157/AN202503131644341119.html
301157,华塑科技,华塑科技:第二届董事会第八次会议决议公告,董事会决议公告,2025-03-13,https://data.eastmoney.com/notices/detail/301157/AN202503131644341117.html
002867,周大生,周大生:2025年3月13日投资者关系活动记录表,调研活动,2025-03-13,https://data.eastmoney.com/notices/detail/002867/AN202503131644340987.html
301281,科源制药,科源制药:关于控股股东部分股份解除质押及再质押的公告,股份质押、冻结,2025-03-13,https://data.eastmoney.com/notices/detail/301281/AN202503131644340837.html
300832,新产业,新产业:关于公司获得发明专利证书的公告,获得认证,2025-03-13,https://data.eastmoney.com/notices/detail/300832/AN202503131644340767.html
300558,贝达药业,贝达药业:关于股东股份质押变动的公告,股份质押、冻结,2025-03-13,https://data.eastmoney.com/notices/detail/300558/AN202503131644340769.html
300248,新开普,新开普:股价异动公告,股票交易异常波动,2025-03-13,https://data.eastmoney.com/notices/detail/300248/AN202503131644340608.html
300430,*ST益通,诚益通:关于控股股东部分股权质押的公告,股份质押、冻结,2025-03-13,https://data.eastmoney.com/notices/detail/300430/AN202503131644340199.html
300921,南凌科技,南凌科技:关于使用部分闲置募集资金和自有资金进行现金管理进展公告,募集资金使用进展情况,2025-03-13,https://data.eastmoney.com/notices/detail/300921/AN202503131644340198.html
301489,思泉新材,思泉新材:关于持股5%以上股东、董事、高级管理人员减持股份权益变动触及1%整数倍的公告,权益变动报告书,2025-03-13,https://data.eastmoney.com/notices/detail/301489/AN202503131644340161.html
300853,申昊科技,申昊科技:关于全资子公司取得发明专利证书的公告,其他,2025-03-13,https://data.eastmoney.com/notices/detail/300853/AN202503131644340162.html
300506,名家汇,*ST名家:关于延期披露2024年年度报告的公告,延期披露定报公告,2025-03-13,https://data.eastmoney.com/notices/detail/300506/AN202503131644340163.html
300506,名家汇,*ST名家:关于累计及重大诉讼、仲裁情况的进展公告(十),诉讼仲裁,2025-03-13,https://data.eastmoney.com/notices/detail/300506/AN202503131644340164.html
300506,名家汇,*ST名家:关于新增累计诉讼、仲裁情况的公告,诉讼仲裁,2025-03-13,https://data.eastmoney.com/notices/detail/300506/AN202503131644340165.html
688662,富信科技,富信科技:广东富信科技股份有限公司投资者关系活动记录表2025002,调研活动,2025-03-13,https://data.eastmoney.com/notices/detail/688662/AN202503131644340048.html
601162,天风证券,4-1北京市君泽君律师事务所关于天风证券股份有限公司向特定对象发行A股股票的法律意见书,沪主板再融资法律意见书,2025-03-13,https://data.eastmoney.com/notices/detail/601162/AN202503131644339873.html
601162,天风证券,3-2国泰君安证券股份有限公司关于天风证券股份有限公司向特定对象发行A股股票之上市保荐书,沪主板再融资上市保荐书,2025-03-13,https://data.eastmoney.com/notices/detail/601162/AN202503131644339872.html
601162,天风证券,3-1国泰君安证券股份有限公司关于天风证券股份有限公司向特定对象发行A股股票之发行保荐书,沪主板再融资发行保荐书,2025-03-13,https://data.eastmoney.com/notices/detail/601162/AN202503131644339869.html
601162,天风证券,6-1大信会计师事务所(特殊普通合伙)关于天风证券股份有限公司向特定对象发行股票的财务报告及审计报告,沪主板再融资审计报告,2025-03-13,https://data.eastmoney.com/notices/detail/601162/AN202503131644339870.html
601162,天风证券,1-1天风证券股份有限公司向特定对象发行A股股票证券募集说明书(申报稿),沪主板再融资募集说明书申报稿,2025-03-13,https://data.eastmoney.com/notices/detail/601162/AN202503131644339871.html
920028,新恒泰,新恒泰:关于补发公告的声明公告,其他,2025-03-13,https://data.eastmoney.com/notices/detail/920028/AN202503131644339860.html
920028,新恒泰,新恒泰:关于召开2025年第一次临时股东大会通知公告(提供网络投票),召开股东大会通知,2025-03-13,https://data.eastmoney.com/notices/detail/920028/AN202503131644339858.html
002183,怡亚通,怡 亚 通:002183怡亚通调研活动信息20250313,调研活动,2025-03-13,https://data.eastmoney.com/notices/detail/002183/AN202503131644339554.html
300274,阳光电源,阳光电源:关于使用闲置募集资金购买理财产品的进展公告(四十六),募集资金使用进展情况,2025-03-13,https://data.eastmoney.com/notices/detail/300274/AN202503131644339862.html
300274,阳光电源,阳光电源:监事会关于公司2025年限制性股票激励计划激励对象名单的审核意见及公示情况说明,专项说明/独立意见,2025-03-13,https://data.eastmoney.com/notices/detail/300274/AN202503131644339632.html
920028,新恒泰,新恒泰:关于招股说明书及其他信息披露资料真实性、准确性、完整性的承诺及相应约束措施的公告,其他,2025-03-13,https://data.eastmoney.com/notices/detail/920028/AN202503131644339629.html
920028,新恒泰,新恒泰:关于公司向不特定合格投资者公开发行股票并在北京证券交易所上市前滚存利润的分配方案的公告,其他,2025-03-13,https://data.eastmoney.com/notices/detail/920028/AN202503131644339250.html
300752,隆利科技,隆利科技:投资者关系活动记录表（2025年3月11日-2025年3月12日）,调研活动,2025-03-13,https://data.eastmoney.com/notices/detail/300752/AN202503131644339272.html
002345,潮宏基,潮宏基:002345潮宏基投资者关系管理信息20250313,调研活动,2025-03-13,https://data.eastmoney.com/notices/detail/002345/AN202503131644339273.html
300895,铜牛信息,铜牛信息:关于部分高级管理人员减持股份计划实施完毕的公告,高管人员持股变动,2025-03-13,https://data.eastmoney.com/notices/detail/300895/AN202503131644339177.html
000968,蓝焰控股,蓝焰控股:关于延长山西蓝焰控股股份有限公司2025年面向专业投资者公开发行科技创新公司债券(第一期)簿记建档时间的公告,其他,2025-03-13,https://data.eastmoney.com/notices/detail/000968/AN202503131644339174.html
300782,卓胜微,卓胜微:关于完成工商变更登记的公告,公司注册资本变更,2025-03-13,https://data.eastmoney.com/notices/detail/300782/AN202503131644339162.html
300489,光智科技,光智科技:关于重大资产重组的进展公告,重组进展公告,2025-03-13,https://data.eastmoney.com/notices/detail/300489/AN202503131644339160.html
300895,铜牛信息,铜牛信息:关于股票交易异常波动的公告,股票交易异常波动,2025-03-13,https://data.eastmoney.com/notices/detail/300895/AN202503131644339161.html
688626,翔宇医疗,翔宇医疗:2025年3月投资者关系活动记录表(编号:2025-003),调研活动,2025-03-13,https://data.eastmoney.com/notices/detail/688626/AN202503131644339086.html
605018,长华集团,长华集团:2025年3月投资者活动关系记录表(2),调研活动,2025-03-13,https://data.eastmoney.com/notices/detail/605018/AN202503131644339026.html
301335,天元宠物,天元宠物:301335天元宠物投资者关系管理信息20250313,调研活动,2025-03-13,https://data.eastmoney.com/notices/detail/301335/AN202503131644339031.html
301371,敷尔佳,敷尔佳:2025年3月13日投资者关系活动记录表,调研活动,2025-03-13,https://data.eastmoney.com/notices/detail/301371/AN202503131644338276.html
301328,维峰电子,维峰电子:投资者关系活动记录表（2025年3月11日-3月13日）,调研活动,2025-03-13,https://data.eastmoney.com/notices/detail/301328/AN202503131644338222.html
300986,志特新材,志特新材:关于为子公司提供担保的进展公告,提供/对外担保公告,2025-03-13,https://data.eastmoney.com/notices/detail/300986/AN202503131644338128.html
301187,欧圣电气,欧圣电气:关于全资子公司收购境外公司进展暨收购完成的公告,其他,2025-03-13,https://data.eastmoney.com/notices/detail/301187/AN202503131644338124.html
300986,志特新材,志特新材:关于控股股东、实际控制人及其一致行动人持股比例被动稀释的权益变动提示性公告,权益变动报告书,2025-03-13,https://data.eastmoney.com/notices/detail/300986/AN202503131644338125.html
300065,海兰信,海兰信:关于发行股份及支付现金购买资产并募集配套资金暨关联交易的进展公告,关联交易,2025-03-13,https://data.eastmoney.com/notices/detail/300065/AN202503131644338126.html
300790,宇瞳光学,宇瞳光学:关于董事及其配偶增持公司股份计划期限届满的公告,股东/实际控制人股份增持,2025-03-13,https://data.eastmoney.com/notices/detail/300790/AN202503131644338066.html
300315,掌趣科技,掌趣科技:关于回购股份注销完成暨股份变动的公告,股本变动,2025-03-13,https://data.eastmoney.com/notices/detail/300315/AN202503131644338067.html
301302,华如科技,华如科技:301302华如科技投资者关系管理信息20250313,调研活动,2025-03-13,https://data.eastmoney.com/notices/detail/301302/AN202503131644337916.html
688729,屹唐股份,关于同意北京屹唐半导体科技股份有限公司首次公开发行股票注册的批复,科创板发行上市审核注册结果通知,2025-03-13,https://data.eastmoney.com/notices/detail/688729/AN202503131644336362.html
600178,东安动力,东安动力:投资者关系活动记录表(2025-002),调研活动,2025-03-13,https://data.eastmoney.com/notices/detail/600178/AN202503131644337735.html
300611,美力科技,美力科技:股票交易异常波动公告,股票交易异常波动,2025-03-13,https://data.eastmoney.com/notices/detail/300611/AN202503131644337655.html
300236,上海新阳,上海新阳:关于持股5%以上股东部分股份解除质押的公告,股份质押、冻结,2025-03-13,https://data.eastmoney.com/notices/detail/300236/AN202503131644337653.html
300964,本川智能,本川智能:关于控股股东、实际控制人部分股份解除质押的公告,股份质押、冻结,2025-03-13,https://data.eastmoney.com/notices/detail/300964/AN202503131644337757.html
601568,北元化工,北元集团:陕西北元化工集团股份有限公司投资者关系活动记录表,调研活动,2025-03-13,https://data.eastmoney.com/notices/detail/601568/AN202503131644337492.html
688380,中微半导,中微半导:投资者关系活动记录表(2025年3月13日),调研活动,2025-03-13,https://data.eastmoney.com/notices/detail/688380/AN202503131644337360.html
688265,南模生物,南模生物:投资者关系活动记录表2025-002,调研活动,2025-03-13,https://data.eastmoney.com/notices/detail/688265/AN202503131644337216.html
301028,鼎熔岩,东亚机械:301028东亚机械投资者关系管理信息20250313,调研活动,2025-03-13,https://data.eastmoney.com/notices/detail/301028/AN202503131644337091.html
920866,绿亨科技,绿亨科技:持股5%以上股东减持股份结果公告,股东/实际控制人股份减持,2025-03-13,https://data.eastmoney.com/notices/detail/920866/AN202503131644336847.html
920943,优机股份,优机股份:关于更换保荐机构及保荐代表人的公告,保荐代表人（机构）变更,2025-03-13,https://data.eastmoney.com/notices/detail/920943/AN202503131644336848.html
000970,中科三环,中科三环:年度股东大会通知,召开股东大会通知,2025-03-13,https://data.eastmoney.com/notices/detail/000970/AN202503131644336831.html
000568,泸州老窖,泸州老窖:泸州老窖股份有限公司2020年面向合格投资者公开发行公司债券(第一期)2025年本息兑付暨摘牌公告,其他,2025-03-13,https://data.eastmoney.com/notices/detail/000568/AN202503131644336830.html
000002,万科A,万科A:万科企业股份有限公司关于“20万科02”公司债券付息、赎回结果暨摘牌公告,其他,2025-03-13,https://data.eastmoney.com/notices/detail/000002/AN202503131644336827.html
300903,科翔股份,科翔股份:关于公司为全资子公司提供担保的进展公告,提供/对外担保公告,2025-03-13,https://data.eastmoney.com/notices/detail/300903/AN202503131644336829.html
600184,光电股份,7-3律师补充法律意见书(北方光电股份有限公司),沪主板再融资问询与回复,2025-03-13,https://data.eastmoney.com/notices/detail/600184/AN202503131644336553.html
600184,光电股份,7-1发行人及保荐机构回复意见(修订稿)(北方光电股份有限公司),沪主板再融资问询与回复,2025-03-13,https://data.eastmoney.com/notices/detail/600184/AN202503131644336549.html
600184,光电股份,7-2会计师关于审核问询函的回复(修订稿)(北方光电股份有限公司),沪主板再融资问询与回复,2025-03-13,https://data.eastmoney.com/notices/detail/600184/AN202503131644336552.html
300118,东方日升,东方日升:关于为下属公司提供担保的进展公告,提供/对外担保公告,2025-03-13,https://data.eastmoney.com/notices/detail/300118/AN202503131644336760.html
300587,天铁科技,天铁科技:浙江天铁科技股份有限公司关于使用部分闲置募集资金购买理财产品到期赎回的公告,投资理财,2025-03-13,https://data.eastmoney.com/notices/detail/300587/AN202503131644336527.html
920346,威贸电子,威贸电子:股票解除限售公告,限售股份上市流通,2025-03-13,https://data.eastmoney.com/notices/detail/920346/AN202503131644336488.html
300814,中富电路,中富电路:关于中富转债赎回实施的第十次提示性公告,其他,2025-03-13,https://data.eastmoney.com/notices/detail/300814/AN202503131644336481.html
300180,华峰超纤,华峰超纤:关于控股股东为公司及子公司向银行申请综合授信提供担保暨关联交易的公告,提供/对外担保公告,2025-03-13,https://data.eastmoney.com/notices/detail/300180/AN202503131644336480.html
300180,华峰超纤,华峰超纤:第五届监事会第十四次会议决议公告,监事会决议公告,2025-03-13,https://data.eastmoney.com/notices/detail/300180/AN202503131644336478.html
920357,雅葆轩,雅葆轩:关于取得发明专利证书的公告,获得认证,2025-03-13,https://data.eastmoney.com/notices/detail/920357/AN202503131644336246.html
920357,雅葆轩,雅葆轩:2025年第一次临时股东大会决议公告,股东大会决议公告,2025-03-13,https://data.eastmoney.com/notices/detail/920357/AN202503131644336247.html
920357,雅葆轩,雅葆轩:北京市天元律师事务所关于芜湖雅葆轩电子科技股份有限公司2025年第一次临时股东大会的法律意见,法律意见书,2025-03-13,https://data.eastmoney.com/notices/detail/920357/AN202503131644336248.html
300180,华峰超纤,华峰超纤:第五届董事会第十七次会议决议公告,董事会决议公告,2025-03-13,https://data.eastmoney.com/notices/detail/300180/AN202503131644336256.html
300915,海融科技,海融科技:关于使用闲置自有资金进行现金管理到期赎回的公告,投资理财,2025-03-13,https://data.eastmoney.com/notices/detail/300915/AN202503131644336237.html
920566,梓橦宫,梓橦宫:第四届董事会第十一次会议决议公告,董事会决议公告,2025-03-13,https://data.eastmoney.com/notices/detail/920566/AN202503131644336201.html
920566,梓橦宫,梓橦宫:第四届监事会第十次会议决议公告,监事会决议公告,2025-03-13,https://data.eastmoney.com/notices/detail/920566/AN202503131644336199.html
920566,梓橦宫,梓橦宫:关于使用自有闲置资金委托理财的进展公告,委托（受托）事项,2025-03-13,https://data.eastmoney.com/notices/detail/920566/AN202503131644336200.html
002891,中宠股份,中宠股份:002891中宠股份投资者关系管理信息20250313,调研活动,2025-03-13,https://data.eastmoney.com/notices/detail/002891/AN202503131644336276.html
300298,三诺生物,三诺生物:关于副董事长增持公司股份的公告,股东/实际控制人股份增持,2025-03-13,https://data.eastmoney.com/notices/detail/300298/AN202503131644336163.html
301022,海泰科,海泰科:2025年3月13日投资者关系活动记录表,调研活动,2025-03-13,https://data.eastmoney.com/notices/detail/301022/AN202503131644335960.html
300491,通合科技,通合科技:关于召开2025年第一次临时股东大会的提示性公告,召开股东大会提示性公告,2025-03-13,https://data.eastmoney.com/notices/detail/300491/AN202503131644335935.html
300310,宜通世纪,宜通世纪:关于控股股东、实际控制人被司法拍卖股份部分完成过户的公告,诉讼仲裁,2025-03-13,https://data.eastmoney.com/notices/detail/300310/AN202503131644335936.html
920593,鼎智科技,鼎智科技:对外投资设立境外控股子公司取得投资证书和备案的公告,获得认证,2025-03-13,https://data.eastmoney.com/notices/detail/920593/AN202503131644335919.html
920924,广脉科技,广脉科技:关于控股子公司完成工商登记并取得营业执照的公告,公司关联方基本资料变更,2025-03-13,https://data.eastmoney.com/notices/detail/920924/AN202503131644335920.html
300346,南大光电,南大光电:关于现金收购全椒南大光电材料有限公司16.5398%股权暨关联交易的进展公告,收购出售资产/股权,2025-03-13,https://data.eastmoney.com/notices/detail/300346/AN202503131644335918.html
920553,凯腾精工,凯腾精工:关于控股子公司完成工商变更登记及公司章程备案并取得营业执照的公告,公司章程修订,2025-03-13,https://data.eastmoney.com/notices/detail/920553/AN202503131644335747.html
300945,曼卡龙,曼卡龙:2025年3月13日投资者关系活动记录表,调研活动,2025-03-13,https://data.eastmoney.com/notices/detail/300945/AN202503131644335582.html
300900,广联航空,广联航空:关于召开2025年第二次临时股东大会的提示性公告,召开股东大会提示性公告,2025-03-13,https://data.eastmoney.com/notices/detail/300900/AN202503131644335552.html
300668,杰恩股份,杰恩设计:关于独立董事取得独立董事培训证明的公告,其他,2025-03-13,https://data.eastmoney.com/notices/detail/300668/AN202503131644335551.html
920092,汉鑫科技,汉鑫科技:投资者关系活动记录表,调研活动,2025-03-13,https://data.eastmoney.com/notices/detail/920092/AN202503131644335469.html
920006,晟楠科技,晟楠科技:持股5%以上股东权益变动达到1%的提示性公告,权益变动报告书,2025-03-13,https://data.eastmoney.com/notices/detail/920006/AN202503131644335193.html
300233,金城医药,金城医药:关于子公司收到药物临床试验批准通知书的公告,其他,2025-03-13,https://data.eastmoney.com/notices/detail/300233/AN202503131644335043.html
301226,祥明智能,祥明智能:民生证券股份有限公司关于常州祥明智能动力股份有限公司使用部分闲置募集资金进行现金管理的核查意见(1),保荐/核查意见,2025-03-13,https://data.eastmoney.com/notices/detail/301226/AN202503131644334978.html
301226,祥明智能,祥明智能:第三届监事会第十三次会议决议公告,监事会决议公告,2025-03-13,https://data.eastmoney.com/notices/detail/301226/AN202503131644334974.html
301226,祥明智能,祥明智能:第三届董事会第十三次会议决议公告,董事会决议公告,2025-03-13,https://data.eastmoney.com/notices/detail/301226/AN202503131644334975.html
301226,祥明智能,祥明智能:关于使用部分闲置募集资金进行现金管理的公告,投资理财,2025-03-13,https://data.eastmoney.com/notices/detail/301226/AN202503131644334973.html
301279,金道科技,金道科技:关于使用闲置自有资金进行委托理财赎回并继续进行委托理财的进展公告,委托（受托）事项,2025-03-13,https://data.eastmoney.com/notices/detail/301279/AN202503131644334634.html
920061,西磁科技,西磁科技:委托理财进展公告,委托（受托）事项,2025-03-13,https://data.eastmoney.com/notices/detail/920061/AN202503131644334620.html
000429,粤高速A,粤高速Ａ:000429粤高速Ａ投资者关系管理信息20250313,调研活动,2025-03-13,https://data.eastmoney.com/notices/detail/000429/AN202503131644334529.html
688456,有研粉材,有研粉材:投资者关系活动记录表(2025年3月4日、3月6日),调研活动,2025-03-13,https://data.eastmoney.com/notices/detail/688456/AN202503131644334528.html
002276,万马股份,万马股份:002276万马股份投资者关系管理信息20250313,调研活动,2025-03-13,https://data.eastmoney.com/notices/detail/002276/AN202503131644334343.html
300563,神宇股份,神宇股份:关于通过高新技术企业重新认定的公告,获得认证,2025-03-13,https://data.eastmoney.com/notices/detail/300563/AN202503131644334390.html
300478,杭州高新,杭州高新:关于控股子公司完成注册登记的公告,公司关联方基本资料变更,2025-03-13,https://data.eastmoney.com/notices/detail/300478/AN202503131644334391.html
002115,三维通信,三维通信:2025年3月13日投资者关系活动记录表,调研活动,2025-03-13,https://data.eastmoney.com/notices/detail/002115/AN202503131644334311.html
300733,西菱动力,西菱动力:关于内部审计负责人辞任的公告,高管人员任职变动,2025-03-13,https://data.eastmoney.com/notices/detail/300733/AN202503131644334151.html
688213,思特威,关于中国银河证券股份有限公司对科创板股票思特威开展做市交易业务的公告,科创板做市商信息,2025-03-13,https://data.eastmoney.com/notices/detail/688213/AN202503131644334129.html
688278,特宝生物,关于中国银河证券股份有限公司对科创板股票特宝生物开展做市交易业务的公告,科创板做市商信息,2025-03-13,https://data.eastmoney.com/notices/detail/688278/AN202503131644334128.html
920418,苏轴股份,苏轴股份:第四届董事会第十八次会议决议公告,高管人员任职变动,2025-03-13,https://data.eastmoney.com/notices/detail/920418/AN202503131644334133.html
920418,苏轴股份,苏轴股份:高级管理人员任命公告,高管人员任职变动,2025-03-13,https://data.eastmoney.com/notices/detail/920418/AN202503131644334132.html
300393,中来股份,中来股份:关于为控股子公司提供担保的进展公告,提供/对外担保公告,2025-03-13,https://data.eastmoney.com/notices/detail/300393/AN202503131644333948.html
301203,国泰环保,国泰环保:关于持股5%以上股东部分股份解除质押的公告,股份质押、冻结,2025-03-13,https://data.eastmoney.com/notices/detail/301203/AN202503131644333947.html
300677,英科医疗,英科医疗:关于公司董事会、监事会延期换届选举的提示性公告,高管人员任职变动,2025-03-13,https://data.eastmoney.com/notices/detail/300677/AN202503131644333946.html
920066,科拜尔,科拜尔:关于使用部分闲置募集资金进行现金管理的进展公告,募集资金使用进展情况,2025-03-13,https://data.eastmoney.com/notices/detail/920066/AN202503131644333900.html
920221,易实精密,易实精密:股票解除限售公告,限售股份上市流通,2025-03-13,https://data.eastmoney.com/notices/detail/920221/AN202503131644333269.html
688262,国芯科技,国芯科技:2025年3月12日投资者关系活动记录表,调研活动,2025-03-13,https://data.eastmoney.com/notices/detail/688262/AN202503131644333157.html
688165,埃夫特,埃夫特:投资者关系活动记录表-2025年3月11日、3月12日,调研活动,2025-03-13,https://data.eastmoney.com/notices/detail/688165/AN202503131644333055.html
688251,井松智能,井松智能:投资者关系活动记录表2025-001-3月,调研活动,2025-03-13,https://data.eastmoney.com/notices/detail/688251/AN202503131644333056.html
688158,优刻得,优刻得:2025年3月9-10日投资者关系活动记录表,调研活动,2025-03-13,https://data.eastmoney.com/notices/detail/688158/AN202503131644333054.html
002907,华森制药,华森制药:2025年3月12日投资者关系活动记录表,调研活动,2025-03-13,https://data.eastmoney.com/notices/detail/002907/AN202503131644332868.html
002079,苏州固锝,苏州固锝:002079苏州固锝投资者关系管理信息20250313,调研活动,2025-03-13,https://data.eastmoney.com/notices/detail/002079/AN202503131644332348.html
001400,江顺科技,3-2-1财务报告及审计报告(注册稿)(江苏江顺精密科技集团股份有限公司),深主板发行上市审计报告,2025-03-13,https://data.eastmoney.com/notices/detail/001400/AN202503131644330904.html
001400,江顺科技,1-1招股说明书(注册稿)(江苏江顺精密科技集团股份有限公司),深主板发行上市招股说明书注册稿,2025-03-13,https://data.eastmoney.com/notices/detail/001400/AN202503131644330903.html
001400,江顺科技,3-3-1法律意见书(注册稿)(江苏江顺精密科技集团股份有限公司),深主板发行上市法律意见书,2025-03-13,https://data.eastmoney.com/notices/detail/001400/AN202503131644330902.html
001400,江顺科技,3-1-3上市保荐书(注册稿)(江苏江顺精密科技集团股份有限公司),深主板发行上市上市保荐书,2025-03-13,https://data.eastmoney.com/notices/detail/001400/AN202503131644330901.html
001400,江顺科技,3-1-2发行保荐书(注册稿)(江苏江顺精密科技集团股份有限公司),深主板发行上市发行保荐书,2025-03-13,https://data.eastmoney.com/notices/detail/001400/AN202503131644330900.html
300373,扬杰科技,扬杰科技:关于筹划发行股份及支付现金购买资产并募集配套资金事项的停牌公告,停牌公告,2025-03-13,https://data.eastmoney.com/notices/detail/300373/AN202503131644327898.html
300272,开能健康,开能健康:国浩律师(上海)事务所关于开能健康2025年第一次临时股东大会法律意见书,法律意见书,2025-03-13,https://data.eastmoney.com/notices/detail/300272/AN202503131644327899.html
002329,皇氏集团,皇氏集团:关于部分业绩承诺补偿股份过户完成暨诉讼事项的进展公告,诉讼仲裁,2025-03-13,https://data.eastmoney.com/notices/detail/002329/AN202503131644327894.html
002056,横店东磁,横店东磁:002056横店东磁投资者关系管理信息20250313,调研活动,2025-03-13,https://data.eastmoney.com/notices/detail/002056/AN202503131644325392.html
300902,国安达,国安达:300902国安达投资者关系管理信息20250313,调研活动,2025-03-13,https://data.eastmoney.com/notices/detail/300902/AN202503131644325227.html
002080,中材科技,中材科技:公开发行公司债券取消发行公告,其他,2025-03-13,https://data.eastmoney.com/notices/detail/002080/AN202503131644324842.html
002867,周大生,周大生:2025年3月12日投资者关系活动记录表,调研活动,2025-03-13,https://data.eastmoney.com/notices/detail/002867/AN202503131644324226.html
300373,扬杰科技,关于扬州扬杰电子科技股份有限公司股票临时停牌的公告,交易所停复牌公告,2025-03-13,https://data.eastmoney.com/notices/detail/300373/AN202503131644323879.html
300328,宜安科技,宜安科技:300328宜安科技投资者关系管理信息20250313,调研活动,2025-03-13,https://data.eastmoney.com/notices/detail/300328/AN202503131644323665.html
002698,博实股份,博实股份:2025年3月12日投资者关系活动记录表,调研活动,2025-03-13,https://data.eastmoney.com/notices/detail/002698/AN202503131644323479.html
002271,东方雨虹,东方雨虹:2025年3月12日投资者关系活动记录表,调研活动,2025-03-13,https://data.eastmoney.com/notices/detail/002271/AN202503131644314603.html
002271,东方雨虹,东方雨虹:关于获得政府补助的公告,获得补贴（资助）,2025-03-13,https://data.eastmoney.com/notices/detail/002271/AN202503121644313243.html
002271,东方雨虹,东方雨虹:第八届监事会第十七次会议决议公告,监事会决议公告,2025-03-13,https://data.eastmoney.com/notices/detail/002271/AN202503121644313247.html
002271,东方雨虹,东方雨虹:关于取消2024年年度股东大会部分提案并增加临时提案暨股东大会补充通知的公告,增加股东大会议案,2025-03-13,https://data.eastmoney.com/notices/detail/002271/AN202503121644313242.html
002271,东方雨虹,东方雨虹:第八届董事会第二十九次会议决议公告,分配方案调整,2025-03-13,https://data.eastmoney.com/notices/detail/002271/AN202503121644313244.html
002271,东方雨虹,东方雨虹:关于2024年度利润分配预案的公告(调整后),分配预案,2025-03-13,https://data.eastmoney.com/notices/detail/002271/AN202503121644313246.html
002271,东方雨虹,东方雨虹:关于调整2024年度利润分配预案的公告,分配预案,2025-03-13,https://data.eastmoney.com/notices/detail/002271/AN202503121644313245.html
300268,佳沃食品,ST佳沃:关于召开2024年年度股东大会的通知,召开股东大会通知,2025-03-13,https://data.eastmoney.com/notices/detail/300268/AN202503121644313232.html
300268,佳沃食品,ST佳沃:关于使用闲置自有资金开展理财业务的公告,投资理财,2025-03-13,https://data.eastmoney.com/notices/detail/300268/AN202503121644313202.html
300268,佳沃食品,ST佳沃:关于佳沃食品股份有限公司2024年度非经营性资金占用及其他关联资金往来的专项说明,专项说明/独立意见,2025-03-13,https://data.eastmoney.com/notices/detail/300268/AN202503121644313221.html
300268,佳沃食品,ST佳沃:2024年商誉减值测试报告,其他,2025-03-13,https://data.eastmoney.com/notices/detail/300268/AN202503121644313226.html
300268,佳沃食品,ST佳沃:董事会对独董独立性评估的专项意见,专项说明/独立意见,2025-03-13,https://data.eastmoney.com/notices/detail/300268/AN202503121644313230.html
300268,佳沃食品,ST佳沃:2024年度监事会工作报告,其他,2025-03-13,https://data.eastmoney.com/notices/detail/300268/AN202503121644313203.html
300268,佳沃食品,ST佳沃:关于2025年度申请综合授信、融资额度及提供担保的公告,提供/对外担保公告,2025-03-13,https://data.eastmoney.com/notices/detail/300268/AN202503121644313222.html
300268,佳沃食品,ST佳沃:关于2024年度拟不进行利润分配的公告,其他,2025-03-13,https://data.eastmoney.com/notices/detail/300268/AN202503121644313228.html
300268,佳沃食品,ST佳沃:董事会关于带持续经营重大不确定性段落的无保留意见审计报告涉及事项的专项说明,专项说明/独立意见,2025-03-13,https://data.eastmoney.com/notices/detail/300268/AN202503121644313215.html
300268,佳沃食品,ST佳沃:2024年年度报告,年度报告全文,2025-03-13,https://data.eastmoney.com/notices/detail/300268/AN202503121644313229.html
300268,佳沃食品,ST佳沃:独立董事对《董事会关于带持续经营重大不确定性段落的无保留意见审计报告涉及事项的专项说明》的专项意见,专项说明/独立意见,2025-03-13,https://data.eastmoney.com/notices/detail/300268/AN202503121644313216.html
300268,佳沃食品,ST佳沃:关于公司股票交易将被实施退市风险警示并继续被实施其他风险警示暨股票停牌的公告,实施退市风险警示,2025-03-13,https://data.eastmoney.com/notices/detail/300268/AN202503121644313210.html
300268,佳沃食品,ST佳沃:关于会计政策变更的公告,其他,2025-03-13,https://data.eastmoney.com/notices/detail/300268/AN202503121644313227.html
300268,佳沃食品,ST佳沃:董事会决议公告,分配预案,2025-03-13,https://data.eastmoney.com/notices/detail/300268/AN202503121644313234.html
300268,佳沃食品,ST佳沃:关于预计2025年度日常关联交易额度的公告,关联交易,2025-03-13,https://data.eastmoney.com/notices/detail/300268/AN202503121644313209.html
300268,佳沃食品,ST佳沃:关于2024年度计提信用减值准备和资产减值准备的公告,其他,2025-03-13,https://data.eastmoney.com/notices/detail/300268/AN202503121644313213.html
300268,佳沃食品,ST佳沃:监事会决议公告,监事会决议公告,2025-03-13,https://data.eastmoney.com/notices/detail/300268/AN202503121644313218.html
300268,佳沃食品,ST佳沃:2024年年度报告披露提示性公告,其他,2025-03-13,https://data.eastmoney.com/notices/detail/300268/AN202503121644313204.html
300268,佳沃食品,ST佳沃:关于佳沃食品股份有限公司2024年度营业收入扣除情况的专项说明,专项说明/独立意见,2025-03-13,https://data.eastmoney.com/notices/detail/300268/AN202503121644313211.html
300268,佳沃食品,ST佳沃:关于预计2025年度日常关联交易额度的公告,关联交易,2025-03-13,https://data.eastmoney.com/notices/detail/300268/AN202503121644313223.html
300268,佳沃食品,ST佳沃:2024年度董事会工作报告,其他,2025-03-13,https://data.eastmoney.com/notices/detail/300268/AN202503121644313225.html
300268,佳沃食品,ST佳沃:董事会审计委员会对会计师事务所2024年度履职情况评估及履行监督职责情况的报告,其他,2025-03-13,https://data.eastmoney.com/notices/detail/300268/AN202503121644313207.html
300268,佳沃食品,ST佳沃:独立董事2024年度述职报告(郭祥云),独立董事述职报告,2025-03-13,https://data.eastmoney.com/notices/detail/300268/AN202503121644313233.html
300268,佳沃食品,ST佳沃:2024年年度审计报告,审计报告,2025-03-13,https://data.eastmoney.com/notices/detail/300268/AN202503121644313206.html
300268,佳沃食品,ST佳沃:2024年年度报告摘要,年度报告摘要,2025-03-13,https://data.eastmoney.com/notices/detail/300268/AN202503121644313214.html
300268,佳沃食品,ST佳沃:关于公司及子公司开展外汇套期保值业务的公告,其他,2025-03-13,https://data.eastmoney.com/notices/detail/300268/AN202503121644313201.html
300268,佳沃食品,ST佳沃:监事会对《董事会关于带持续经营重大不确定性段落的无保留意见审计报告涉及事项的专项说明》的意见,专项说明/独立意见,2025-03-13,https://data.eastmoney.com/notices/detail/300268/AN202503121644313231.html
300268,佳沃食品,ST佳沃:独立董事2024年度述职报告(唐春林),独立董事述职报告,2025-03-13,https://data.eastmoney.com/notices/detail/300268/AN202503121644313217.html
300268,佳沃食品,ST佳沃:内部控制审计报告,审计报告,2025-03-13,https://data.eastmoney.com/notices/detail/300268/AN202503121644313220.html
300268,佳沃食品,ST佳沃:2024年度财务决算报告,年度财务报告,2025-03-13,https://data.eastmoney.com/notices/detail/300268/AN202503121644313224.html
300268,佳沃食品,ST佳沃:关于公司及子公司开展外汇套期保值业务的可行性分析报告,其他,2025-03-13,https://data.eastmoney.com/notices/detail/300268/AN202503121644313205.html
300268,佳沃食品,ST佳沃:独立董事2024年度述职报告(王全喜),独立董事述职报告,2025-03-13,https://data.eastmoney.com/notices/detail/300268/AN202503121644313208.html
300268,佳沃食品,ST佳沃:关于对佳沃食品股份有限公司2024年度财务报表发表非标准审计意见的专项说明,专项说明/独立意见,2025-03-13,https://data.eastmoney.com/notices/detail/300268/AN202503121644313235.html
300511,雪榕生物,雪榕生物:北京博星证券投资顾问有限公司关于上海雪榕生物科技股份有限公司详式权益变动报告书之财务顾问核查意见,保荐/核查意见,2025-03-13,https://data.eastmoney.com/notices/detail/300511/AN202503121644311934.html
300511,雪榕生物,雪榕生物:上海雪榕生物科技股份有限公司未来三年(2025-2027年)股东回报规划,其他,2025-03-13,https://data.eastmoney.com/notices/detail/300511/AN202503121644311914.html
300511,雪榕生物,雪榕生物:上海雪榕生物科技股份有限公司关于最近五年被证券监管部门和证券交易所采取监管措施或处罚及整改情况的公告,其他,2025-03-13,https://data.eastmoney.com/notices/detail/300511/AN202503121644311925.html
300511,雪榕生物,雪榕生物:上海雪榕生物科技股份有限公司前次募集资金使用情况鉴证报告(2024年9月30日),保荐/核查意见,2025-03-13,https://data.eastmoney.com/notices/detail/300511/AN202503121644311935.html
300511,雪榕生物,雪榕生物:上海雪榕生物科技股份有限公司前次募集资金使用情况专项报告(2024年9月30日),募集资金使用情况报告,2025-03-13,https://data.eastmoney.com/notices/detail/300511/AN202503121644311922.html
300511,雪榕生物,雪榕生物:上海雪榕生物科技股份有限公司第五届监事会第十三次会议决议公告,监事会决议公告,2025-03-13,https://data.eastmoney.com/notices/detail/300511/AN202503121644311919.html
300511,雪榕生物,雪榕生物:上海雪榕生物科技股份有限公司关于向特定对象发行股票预案披露的提示性公告,增发提示性公告,2025-03-13,https://data.eastmoney.com/notices/detail/300511/AN202503121644311924.html
300511,雪榕生物,雪榕生物:上海雪榕生物科技股份有限公司2025年度向特定对象发行股票募集资金使用可行性分析报告,其他,2025-03-13,https://data.eastmoney.com/notices/detail/300511/AN202503121644311923.html
300511,雪榕生物,雪榕生物:上海雪榕生物科技股份有限公司关于向特定对象发行股票摊薄即期回报的风险提示、填补措施及相关主体的承诺的公告,其他,2025-03-13,https://data.eastmoney.com/notices/detail/300511/AN202503121644311916.html
300511,雪榕生物,雪榕生物:上海雪榕生物科技股份有限公司关于公司2025年度向特定对象发行股票不存在直接或通过利益相关方向参与认购的投资者提供财务资助或补偿的公告,获得补贴（资助）,2025-03-13,https://data.eastmoney.com/notices/detail/300511/AN202503121644311929.html
300511,雪榕生物,雪榕生物:上海雪榕生物科技股份有限公司监事会关于2025年度向特定对象发行股票相关事项的书面审核意见,专项说明/独立意见,2025-03-13,https://data.eastmoney.com/notices/detail/300511/AN202503121644311918.html
300511,雪榕生物,雪榕生物:上海雪榕生物科技股份有限公司2025年度向特定对象发行股票方案的论证分析报告,其他,2025-03-13,https://data.eastmoney.com/notices/detail/300511/AN202503121644311930.html
300511,雪榕生物,雪榕生物:上海雪榕生物科技股份有限公司2025年度向特定对象发行股票预案,增发预案,2025-03-13,https://data.eastmoney.com/notices/detail/300511/AN202503121644311927.html
300511,雪榕生物,雪榕生物:上海雪榕生物科技股份有限公司关于拟为子公司成都雪榕向金都村镇银行申请综合授信提供担保的公告,提供/对外担保公告,2025-03-13,https://data.eastmoney.com/notices/detail/300511/AN202503121644311936.html
300511,雪榕生物,雪榕生物:上海雪榕生物科技股份有限公司关于公司与特定对象签署附条件生效的股份认购协议暨关联交易的公告,签订协议,2025-03-13,https://data.eastmoney.com/notices/detail/300511/AN202503121644311926.html
300511,雪榕生物,雪榕生物:上海雪榕生物科技股份有限公司关于雪榕转债恢复转股的公告,其他,2025-03-13,https://data.eastmoney.com/notices/detail/300511/AN202503121644311932.html
300511,雪榕生物,雪榕生物:上海雪榕生物科技股份有限公司关于择期召开股东大会的公告,召开股东大会通知,2025-03-13,https://data.eastmoney.com/notices/detail/300511/AN202503121644311931.html
300511,雪榕生物,雪榕生物:上海雪榕生物科技股份有限公司关于向特定对象发行股票导致股东权益变动的提示性公告,权益变动报告书,2025-03-13,https://data.eastmoney.com/notices/detail/300511/AN202503121644311915.html
300511,雪榕生物,雪榕生物:上海雪榕生物科技股份有限公司关于控股股东、实际控制人拟发生变更的提示性公告,股东/实际控制人变更,2025-03-13,https://data.eastmoney.com/notices/detail/300511/AN202503121644311928.html
300511,雪榕生物,雪榕生物:上海雪榕生物科技股份有限公司简式权益变动报告书(杨勇萍及银万华奕1号),权益变动报告书,2025-03-13,https://data.eastmoney.com/notices/detail/300511/AN202503121644311933.html
300511,雪榕生物,雪榕生物:上海雪榕生物科技股份有限公司第五届董事会第二十次会议决议公告,增发预案,2025-03-13,https://data.eastmoney.com/notices/detail/300511/AN202503121644311917.html
300511,雪榕生物,雪榕生物:上海雪榕生物科技股份有限公司详式权益变动报告书,权益变动报告书,2025-03-13,https://data.eastmoney.com/notices/detail/300511/AN202503121644311920.html
300511,雪榕生物,雪榕生物:上海雪榕生物科技股份有限公司关于筹划控制权变更进展暨复牌的公告,复牌公告,2025-03-13,https://data.eastmoney.com/notices/detail/300511/AN202503121644311921.html
688165,埃夫特,埃夫特:埃夫特关于持股5%以上股东权益变动提示性公告,权益变动报告书,2025-03-13,https://data.eastmoney.com/notices/detail/688165/AN202503121644311703.html
600233,圆通速递,圆通速递:圆通速递股份有限公司关于5%以上股东大宗交易减持股份计划的公告,股东/实际控制人股份减持,2025-03-13,https://data.eastmoney.com/notices/detail/600233/AN202503121644311692.html
688525,佰维存储,佰维存储:可持续发展(ESG)管理制度,管理办法/制度,2025-03-13,https://data.eastmoney.com/notices/detail/688525/AN202503121644311658.html
688525,佰维存储,佰维存储:战略与可持续发展委员会议事规则,议事规则/实施细则,2025-03-13,https://data.eastmoney.com/notices/detail/688525/AN202503121644311456.html
688525,佰维存储,佰维存储:第三届董事会第二十六次会议决议公告,其他增发事项公告,2025-03-13,https://data.eastmoney.com/notices/detail/688525/AN202503121644311657.html
688131,皓元医药,皓元医药:深圳价值在线咨询顾问有限公司关于上海皓元医药股份有限公司2025年限制性股票激励计划首次授予相关事项之独立财务顾问报告,保荐/核查意见,2025-03-13,https://data.eastmoney.com/notices/detail/688131/AN202503121644311409.html
688131,皓元医药,皓元医药:上海皓元医药股份有限公司第四届董事会第三次会议决议公告,董事会决议公告,2025-03-13,https://data.eastmoney.com/notices/detail/688131/AN202503121644311408.html
688131,皓元医药,皓元医药:上海市广发律师事务所关于上海皓元医药股份有限公司2025年第二次临时股东大会的法律意见书,法律意见书,2025-03-13,https://data.eastmoney.com/notices/detail/688131/AN202503121644311410.html
688131,皓元医药,皓元医药:德恒上海律师事务所关于上海皓元医药股份有限公司2025年限制性股票激励计划首次授予事项的法律意见书,法律意见书,2025-03-13,https://data.eastmoney.com/notices/detail/688131/AN202503121644311406.html
688131,皓元医药,皓元医药:上海皓元医药股份有限公司监事会关于公司2025年限制性股票激励计划首次授予激励对象名单的核查意见(截至授予日),股权激励进展公告,2025-03-13,https://data.eastmoney.com/notices/detail/688131/AN202503121644311411.html
688131,皓元医药,皓元医药:上海皓元医药股份有限公司关于向2025年限制性股票激励计划激励对象首次授予限制性股票的公告,股权激励进展公告,2025-03-13,https://data.eastmoney.com/notices/detail/688131/AN202503121644311402.html
688131,皓元医药,皓元医药:上海皓元医药股份有限公司2025年第二次临时股东大会决议公告,股东大会决议公告,2025-03-13,https://data.eastmoney.com/notices/detail/688131/AN202503121644311404.html
688131,皓元医药,皓元医药:上海皓元医药股份有限公司关于2025年限制性股票激励计划内幕信息知情人买卖公司股票情况的自查报告,自查报告,2025-03-13,https://data.eastmoney.com/notices/detail/688131/AN202503121644311403.html
688131,皓元医药,皓元医药:上海皓元医药股份有限公司2025年限制性股票激励计划首次授予激励对象名单(截至授予日),股权激励对象名单,2025-03-13,https://data.eastmoney.com/notices/detail/688131/AN202503121644311407.html
688131,皓元医药,皓元医药:上海皓元医药股份有限公司第四届监事会第三次会议决议公告,监事会决议公告,2025-03-13,https://data.eastmoney.com/notices/detail/688131/AN202503121644311405.html
688339,亿华通,亿华通:董事会关于本次交易符合《上海证券交易所科创板股票上市规则》第11.2条、《科创板上市公司持续监管办法(试行)》第二十条和《上海证券交易所上市公司重大资产重组审核规则》第八条的说明,专项说明/独立意见,2025-03-13,https://data.eastmoney.com/notices/detail/688339/AN202503121644311388.html
688339,亿华通,亿华通:亿华通关于豁免公司实际控制人维持上市公司控制权自愿性承诺的公告,其他,2025-03-13,https://data.eastmoney.com/notices/detail/688339/AN202503121644311390.html
688339,亿华通,亿华通:亿华通关于调整组织架构的公告,其他,2025-03-13,https://data.eastmoney.com/notices/detail/688339/AN202503121644311393.html
688339,亿华通,亿华通:北京亿华通科技股份有限公司发行股份购买资产并募集配套资金暨关联交易预案摘要,其他增发事项公告,2025-03-13,https://data.eastmoney.com/notices/detail/688339/AN202503121644311389.html
688339,亿华通,亿华通:北京亿华通科技股份有限公司发行股份购买资产并募集配套资金暨关联交易预案,其他增发事项公告,2025-03-13,https://data.eastmoney.com/notices/detail/688339/AN202503121644311392.html
688339,亿华通,亿华通:董事会关于本次重大资产重组事宜采取的保密措施及保密制度说明,专项说明/独立意见,2025-03-13,https://data.eastmoney.com/notices/detail/688339/AN202503121644311394.html
688339,亿华通,亿华通:董事会关于本次交易是否构成重大资产重组、关联交易及重组上市的说明,关联交易,2025-03-13,https://data.eastmoney.com/notices/detail/688339/AN202503121644311396.html
688339,亿华通,亿华通:亿华通第三届监事会第十七次会议决议公告,监事会决议公告,2025-03-13,https://data.eastmoney.com/notices/detail/688339/AN202503121644311395.html
688339,亿华通,亿华通:董事会关于本次交易前十二个月内购买、出售资产的说明,专项说明/独立意见,2025-03-13,https://data.eastmoney.com/notices/detail/688339/AN202503121644311391.html
688339,亿华通,亿华通:亿华通关于预计2025年度公司及子公司申请综合授信、提供担保额度的公告,担保年度额度预计,2025-03-13,https://data.eastmoney.com/notices/detail/688339/AN202503121644311383.html
688339,亿华通,亿华通:董事会关于本次交易符合《上市公司重大资产重组管理办法》第十一条和第四十三条规定的说明,管理办法/制度,2025-03-13,https://data.eastmoney.com/notices/detail/688339/AN202503121644311377.html
688339,亿华通,亿华通:亿华通关于暂不召开股东大会审议本次发行股份购买资产并募集配套资金事项的公告,其他增发事项公告,2025-03-13,https://data.eastmoney.com/notices/detail/688339/AN202503121644311375.html
688339,亿华通,亿华通:董事会关于本次交易不存在《上市公司证券发行注册管理办法》第十一条规定的不得向特定对象发行股票的情形的说明,管理办法/制度,2025-03-13,https://data.eastmoney.com/notices/detail/688339/AN202503121644311386.html
688339,亿华通,亿华通:关于本次交易相关主体不存在《上市公司监管指引第7号——上市公司重大资产重组相关股票异常交易监管》第十二条规定情形的说明或《上海证券交易所上市公司自律监管指引第6号——重大资产重组》第三十条情形的说明,专项说明/独立意见,2025-03-13,https://data.eastmoney.com/notices/detail/688339/AN202503121644311379.html
688339,亿华通,亿华通:董事会关于公司股票价格在本次交易首次公告日前20个交易日内波动情况的说明,专项说明/独立意见,2025-03-13,https://data.eastmoney.com/notices/detail/688339/AN202503121644311385.html
688339,亿华通,亿华通:亿华通第三届董事会第二十一次会议决议公告,董事会决议公告,2025-03-13,https://data.eastmoney.com/notices/detail/688339/AN202503121644311380.html
688339,亿华通,亿华通:董事会关于本次交易履行法定程序的完备性合规性及提交法律文件的有效性的说明,专项说明/独立意见,2025-03-13,https://data.eastmoney.com/notices/detail/688339/AN202503121644311387.html
688339,亿华通,亿华通:亿华通关于预计2025年度日常关联交易额度的公告,关联交易,2025-03-13,https://data.eastmoney.com/notices/detail/688339/AN202503121644311382.html
688339,亿华通,亿华通:亿华通关于发行股份购买资产并募集配套资金暨关联交易停牌前一个交易日前十大股东和前十大流通股股东持股情况的公告,停牌公告,2025-03-13,https://data.eastmoney.com/notices/detail/688339/AN202503121644311384.html
688339,亿华通,亿华通:董事会关于本次交易符合《上市公司监管指引第9号——上市公司筹划和实施重大资产重组的监管要求》第四条规定的说明,专项说明/独立意见,2025-03-13,https://data.eastmoney.com/notices/detail/688339/AN202503121644311381.html
688339,亿华通,亿华通:亿华通关于披露发行股份购买资产并募集配套资金暨关联交易预案的一般风险提示暨公司股票复牌的公告,复牌公告,2025-03-13,https://data.eastmoney.com/notices/detail/688339/AN202503121644311374.html
688339,亿华通,亿华通:亿华通关于本次发行股份购买资产并募集配套资金事项的风险提示公告,风险提示性公告,2025-03-13,https://data.eastmoney.com/notices/detail/688339/AN202503121644311378.html
688339,亿华通,亿华通:亿华通关于召开2025年第一次临时股东大会的通知,召开股东大会通知,2025-03-13,https://data.eastmoney.com/notices/detail/688339/AN202503121644311376.html
600052,东望时代,东望时代:浙江东望时代科技股份有限公司关于公司提起诉讼的进展公告,诉讼仲裁,2025-03-13,https://data.eastmoney.com/notices/detail/600052/AN202503121644311051.html
300630,普利退,*ST普利:2025-033关于普利转债转股数额累计达到转股前公司已发行股份总额10%及公司控股股东权益变动的公告,权益变动报告书,2025-03-13,https://data.eastmoney.com/notices/detail/300630/AN202503121644311001.html
001207,联科科技,联科科技:山东联科科技股份有限公司关于公司股东、部分董事减持计划实施完成的公告,股东/实际控制人股份减持,2025-03-13,https://data.eastmoney.com/notices/detail/001207/AN202503121644310980.html
688195,腾景科技,腾景科技:腾景科技关于本次交易采取的保密措施及保密制度的说明,专项说明/独立意见,2025-03-13,https://data.eastmoney.com/notices/detail/688195/AN202503121644310698.html
688195,腾景科技,腾景科技:腾景科技关于本次交易相关主体不存在《上市公司监管指引第7号——上市公司重大资产重组相关股票异常交易监管》第十二条及《上海证券交易所上市公司自律监管指引第6号——重大资产重组》第三十条规定情形的说明,专项说明/独立意见,2025-03-13,https://data.eastmoney.com/notices/detail/688195/AN202503121644310694.html
688195,腾景科技,腾景科技:腾景科技关于本次交易符合《上市公司监管指引第9号——上市公司筹划和实施重大资产重组的监管要求》第四条规定的说明,专项说明/独立意见,2025-03-13,https://data.eastmoney.com/notices/detail/688195/AN202503121644310708.html
688195,腾景科技,腾景科技:腾景科技关于本次交易预计构成重大资产重组但不构成重组上市的说明,专项说明/独立意见,2025-03-13,https://data.eastmoney.com/notices/detail/688195/AN202503121644310702.html
688195,腾景科技,腾景科技:腾景科技关于本次交易符合《上市公司证券发行注册管理办法》第十一条规定的说明,管理办法/制度,2025-03-13,https://data.eastmoney.com/notices/detail/688195/AN202503121644310703.html
688195,腾景科技,腾景科技:腾景科技第二届董事会议第二十次会议决议公告,董事会决议公告,2025-03-13,https://data.eastmoney.com/notices/detail/688195/AN202503121644310707.html
688195,腾景科技,腾景科技:腾景科技关于本次交易前12个月内购买、出售资产情况的说明,专项说明/独立意见,2025-03-13,https://data.eastmoney.com/notices/detail/688195/AN202503121644310701.html
688195,腾景科技,腾景科技:腾景科技关于本次交易事项停牌前一个交易日前十大股东、前十大流通股东持股情况的公告,停牌公告,2025-03-13,https://data.eastmoney.com/notices/detail/688195/AN202503121644310695.html
688195,腾景科技,腾景科技:腾景科技关于暂不召开股东大会审议本次交易相关事项的公告,其他,2025-03-13,https://data.eastmoney.com/notices/detail/688195/AN202503121644310710.html
688195,腾景科技,腾景科技:腾景科技关于本次交易预计构成关联交易的说明,关联交易,2025-03-13,https://data.eastmoney.com/notices/detail/688195/AN202503121644310697.html
688195,腾景科技,腾景科技:腾景科技关于本次交易信息公布前20个交易日公司股票价格波动情况的说明,专项说明/独立意见,2025-03-13,https://data.eastmoney.com/notices/detail/688195/AN202503121644310706.html
688195,腾景科技,腾景科技:腾景科技发行股份及支付现金购买资产并募集配套资金暨关联交易预案,增发预案,2025-03-13,https://data.eastmoney.com/notices/detail/688195/AN202503121644310700.html
688195,腾景科技,腾景科技:腾景科技关于本次交易符合《上海证券交易所科创板股票上市规则》第11.2条、《科创板上市公司持续监管办法(试行)》第二十条及《上海证券交易所上市公司重大资产重组审核规则》第八条规定的说明,专项说明/独立意见,2025-03-13,https://data.eastmoney.com/notices/detail/688195/AN202503121644310699.html
688195,腾景科技,腾景科技:腾景科技第二届监事会第十四次会议决议公告,监事会决议公告,2025-03-13,https://data.eastmoney.com/notices/detail/688195/AN202503121644310696.html
688195,腾景科技,腾景科技:腾景科技关于本次交易履行法定程序的完备性、合规性及提交法律文件的有效性的说明,专项说明/独立意见,2025-03-13,https://data.eastmoney.com/notices/detail/688195/AN202503121644310693.html
688195,腾景科技,腾景科技:腾景科技关于本次交易符合《上市公司重大资产重组管理办法》第十一条及第四十三条规定的说明,管理办法/制度,2025-03-13,https://data.eastmoney.com/notices/detail/688195/AN202503121644310709.html
688195,腾景科技,腾景科技:腾景科技发行股份及支付现金购买资产并募集配套资金暨关联交易预案(摘要),增发预案,2025-03-13,https://data.eastmoney.com/notices/detail/688195/AN202503121644310704.html
688195,腾景科技,腾景科技:腾景科技关于披露发行股份及支付现金购买资产并募集配套资金暨关联交易预案的一般风险提示暨公司股票复牌公告,复牌公告,2025-03-13,https://data.eastmoney.com/notices/detail/688195/AN202503121644310705.html
688018,乐鑫科技,乐鑫科技:乐鑫科技2025年第一次临时股东大会决议公告,股东大会决议公告,2025-03-13,https://data.eastmoney.com/notices/detail/688018/AN202503121644310679.html
688018,乐鑫科技,乐鑫科技:上海市锦天城律师事务所关于乐鑫信息科技(上海)股份有限公司2025年第一次临时股东大会之法律意见书,法律意见书,2025-03-13,https://data.eastmoney.com/notices/detail/688018/AN202503121644310678.html
002252,上海莱士,上海莱士:关于控股股东增持公司股份进展暨权益变动触及1%的公告,权益变动报告书,2025-03-13,https://data.eastmoney.com/notices/detail/002252/AN202503121644310435.html
300280,紫天退,紫天科技:关于收到独立董事督促函的公告,其他,2025-03-13,https://data.eastmoney.com/notices/detail/300280/AN202503121644310424.html
300280,紫天退,紫天科技:关于收到中证中小投资者服务中心《股东质询建议函》的公告,其他,2025-03-13,https://data.eastmoney.com/notices/detail/300280/AN202503121644310423.html
300280,紫天退,紫天科技:关于收到福建证监局行政监管措施决定书责令整改进展暨公司股票可能触及停牌和规范类强制退市风险的提示性公告,停牌公告,2025-03-13,https://data.eastmoney.com/notices/detail/300280/AN202503121644310425.html
300918,南山智尚,南山智尚:民生证券股份有限公司关于山东南山智尚科技股份有限公司金融服务协议及相关风险控制措施执行情况的专项核查意见,保荐/核查意见,2025-03-13,https://data.eastmoney.com/notices/detail/300918/AN202503121644310384.html
300918,南山智尚,南山智尚:董事会对独董独立性评估的专项意见,专项说明/独立意见,2025-03-13,https://data.eastmoney.com/notices/detail/300918/AN202503121644310395.html
300918,南山智尚,南山智尚:2024年年度财务报告,年度财务报告,2025-03-13,https://data.eastmoney.com/notices/detail/300918/AN202503121644310369.html
300918,南山智尚,南山智尚:2024年度内部控制评价报告,内部控制报告,2025-03-13,https://data.eastmoney.com/notices/detail/300918/AN202503121644310390.html
300918,南山智尚,南山智尚:2024年度董事会工作报告,其他,2025-03-13,https://data.eastmoney.com/notices/detail/300918/AN202503121644310363.html
300918,南山智尚,南山智尚:关于会计政策变更的公告,其他,2025-03-13,https://data.eastmoney.com/notices/detail/300918/AN202503121644310376.html
300918,南山智尚,南山智尚:山东南山智尚科技股份有限公司内部控制审计报告,审计报告,2025-03-13,https://data.eastmoney.com/notices/detail/300918/AN202503121644310381.html
300918,南山智尚,南山智尚:董事会决议公告,分配预案,2025-03-13,https://data.eastmoney.com/notices/detail/300918/AN202503121644310398.html
300918,南山智尚,南山智尚:关于在南山集团财务有限公司办理金融业务的风险持续评估报告,其他,2025-03-13,https://data.eastmoney.com/notices/detail/300918/AN202503121644310377.html
300918,南山智尚,南山智尚:关于召开2024年年度股东大会的通知,召开股东大会通知,2025-03-13,https://data.eastmoney.com/notices/detail/300918/AN202503121644310156.html
300918,南山智尚,南山智尚:关于提前赎回“智尚转债”的第七次提示性公告,其他,2025-03-13,https://data.eastmoney.com/notices/detail/300918/AN202503121644310380.html
300918,南山智尚,南山智尚:关于山东南山智尚科技股份有限公司涉及财务公司关联交易的存款、贷款等金融业务的专项说明,专项说明/独立意见,2025-03-13,https://data.eastmoney.com/notices/detail/300918/AN202503121644310155.html
300918,南山智尚,南山智尚:2024年度独立董事述职报告(杨金纯),独立董事述职报告,2025-03-13,https://data.eastmoney.com/notices/detail/300918/AN202503121644310389.html
300918,南山智尚,南山智尚:关于拟设立印度尼西亚子公司并投资建设生产基地的公告,投资设立公司,2025-03-13,https://data.eastmoney.com/notices/detail/300918/AN202503121644310366.html
300918,南山智尚,南山智尚:2024年年审会计师事务所履职情况评估报告,其他,2025-03-13,https://data.eastmoney.com/notices/detail/300918/AN202503121644310373.html
300918,南山智尚,南山智尚:2024年年度审计报告,审计报告,2025-03-13,https://data.eastmoney.com/notices/detail/300918/AN202503121644310374.html
300918,南山智尚,南山智尚:监事会决议公告,监事会决议公告,2025-03-13,https://data.eastmoney.com/notices/detail/300918/AN202503121644310370.html
300918,南山智尚,南山智尚:2024年度独立董事述职报告(姚金波-已离任),独立董事述职报告,2025-03-13,https://data.eastmoney.com/notices/detail/300918/AN202503121644310372.html
300918,南山智尚,南山智尚:董事会审计委员会对2024年年审会计师事务所履行监督职责情况报告,其他,2025-03-13,https://data.eastmoney.com/notices/detail/300918/AN202503121644310382.html
300918,南山智尚,南山智尚:关于向银行申请授信额度并授权董事长签署相关业务文件的公告,借贷,2025-03-13,https://data.eastmoney.com/notices/detail/300918/AN202503121644310392.html
300918,南山智尚,南山智尚:2024年年度报告摘要,年度报告摘要,2025-03-13,https://data.eastmoney.com/notices/detail/300918/AN202503121644310362.html
300918,南山智尚,南山智尚:民生证券股份有限公司关于山东南山智尚科技股份有限公司2024年度内部控制评价报告的核查意见,保荐/核查意见,2025-03-13,https://data.eastmoney.com/notices/detail/300918/AN202503121644310371.html
300918,南山智尚,南山智尚:关于山东南山智尚科技股份有限公司2024年度募集资金存放与使用情况鉴证报告,保荐/核查意见,2025-03-13,https://data.eastmoney.com/notices/detail/300918/AN202503121644310393.html
300918,南山智尚,南山智尚:2024年度独立董事述职报告(朱德胜-已离任),独立董事述职报告,2025-03-13,https://data.eastmoney.com/notices/detail/300918/AN202503121644310397.html
300918,南山智尚,南山智尚:关于使用闲置募集资金进行现金管理的公告,投资理财,2025-03-13,https://data.eastmoney.com/notices/detail/300918/AN202503121644310383.html
300918,南山智尚,南山智尚:2024年度独立董事述职报告(赵雅彬-已离任),独立董事述职报告,2025-03-13,https://data.eastmoney.com/notices/detail/300918/AN202503121644310388.html
300918,南山智尚,南山智尚:民生证券股份有限公司关于山东南山智尚科技股份有限公司2024年度募集资金存放与使用情况的核查意见,保荐/核查意见,2025-03-13,https://data.eastmoney.com/notices/detail/300918/AN202503121644310365.html
300918,南山智尚,南山智尚:2024年度监事会工作报告,其他,2025-03-13,https://data.eastmoney.com/notices/detail/300918/AN202503121644310358.html
300918,南山智尚,南山智尚:2024年度独立董事述职报告(刘嘉厚),独立董事述职报告,2025-03-13,https://data.eastmoney.com/notices/detail/300918/AN202503121644310378.html
300918,南山智尚,南山智尚:2024年年度报告,年度报告全文,2025-03-13,https://data.eastmoney.com/notices/detail/300918/AN202503121644310368.html
300918,南山智尚,南山智尚:2024年度非经营性资金占用及其他关联方资金往来情况汇总表,资金占用,2025-03-13,https://data.eastmoney.com/notices/detail/300918/AN202503121644310359.html
300918,南山智尚,南山智尚:关于“质量回报双提升”行动方案的公告,其他,2025-03-13,https://data.eastmoney.com/notices/detail/300918/AN202503121644310364.html
300918,南山智尚,南山智尚:关于续聘2025年度审计机构并支付2024年度审计费的公告,审计机构变更,2025-03-13,https://data.eastmoney.com/notices/detail/300918/AN202503121644310387.html
300918,南山智尚,南山智尚:2024年度募集资金存放与使用情况专项报告,募集资金使用情况报告,2025-03-13,https://data.eastmoney.com/notices/detail/300918/AN202503121644310367.html
300918,南山智尚,南山智尚:关于变更证券事务代表的公告,高管人员任职变动,2025-03-13,https://data.eastmoney.com/notices/detail/300918/AN202503121644310360.html
300918,南山智尚,南山智尚:关于2024年度利润分配预案的公告,分配预案,2025-03-13,https://data.eastmoney.com/notices/detail/300918/AN202503121644310394.html
300918,南山智尚,南山智尚:2024年年度报告披露提示性公告,其他,2025-03-13,https://data.eastmoney.com/notices/detail/300918/AN202503121644310361.html
300918,南山智尚,南山智尚:民生证券股份有限公司关于山东南山智尚科技股份有限公司2024年年度持续督导跟踪报告,保荐/核查意见,2025-03-13,https://data.eastmoney.com/notices/detail/300918/AN202503121644310391.html
300918,南山智尚,南山智尚:2024年度独立董事述职报告(石建高),独立董事述职报告,2025-03-13,https://data.eastmoney.com/notices/detail/300918/AN202503121644310357.html
300918,南山智尚,南山智尚:舆情管理制度,管理办法/制度,2025-03-13,https://data.eastmoney.com/notices/detail/300918/AN202503121644310386.html
300918,南山智尚,南山智尚:2024年度财务决算报告,年度财务报告,2025-03-13,https://data.eastmoney.com/notices/detail/300918/AN202503121644310396.html
300918,南山智尚,南山智尚:关于山东南山智尚科技股份有限公司非经营性资金占用及其他关联方资金往来情况的专项说明,专项说明/独立意见,2025-03-13,https://data.eastmoney.com/notices/detail/300918/AN202503121644310375.html
300918,南山智尚,南山智尚:民生证券股份有限公司关于山东南山智尚科技股份有限公司使用闲置募集资金进行现金管理的核查意见,保荐/核查意见,2025-03-13,https://data.eastmoney.com/notices/detail/300918/AN202503121644310379.html
000534,万泽股份,万泽股份:万泽股份关于控股股东非公开发行可交换公司债券换股进展暨持股比例变动达到1%的公告,其他,2025-03-13,https://data.eastmoney.com/notices/detail/000534/AN202503121644310148.html
603619,中曼石油,中曼石油:中曼石油关于公司董事长调整增持计划暨控股股东取得股票增持专项贷款承诺函并调整增持资金来源的公告,借贷,2025-03-13,https://data.eastmoney.com/notices/detail/603619/AN202503121644310145.html
301616,浙江华业,浙江华业:股东大会有关本次发行并上市的决议,首发提示性公告,2025-03-13,https://data.eastmoney.com/notices/detail/301616/AN202503121644310023.html
301616,浙江华业,浙江华业:董事会有关本次发行并上市的决议,首发提示性公告,2025-03-13,https://data.eastmoney.com/notices/detail/301616/AN202503121644310016.html
301616,浙江华业,浙江华业:中国证监会关于同意公司首次公开发行股票注册的批复,首发获准公告,2025-03-13,https://data.eastmoney.com/notices/detail/301616/AN202503121644310007.html
301616,浙江华业,浙江华业:募集资金具体运用情况,其他,2025-03-13,https://data.eastmoney.com/notices/detail/301616/AN202503121644310025.html
301616,浙江华业,浙江华业:审计委员会及其他专门委员会的设置情况说明,其他,2025-03-13,https://data.eastmoney.com/notices/detail/301616/AN202503121644310005.html
301616,浙江华业,浙江华业:子公司、参股公司简要情况,其他,2025-03-13,https://data.eastmoney.com/notices/detail/301616/AN202503121644310014.html
301616,浙江华业,浙江华业:首次公开发行股票并在创业板上市提示公告,首发提示性公告,2025-03-13,https://data.eastmoney.com/notices/detail/301616/AN202503121644310013.html
301616,浙江华业,浙江华业:落实投资者关系管理相关规定的安排、股利分配决策程序、股东投票机制建立情况,其他,2025-03-13,https://data.eastmoney.com/notices/detail/301616/AN202503121644310022.html
301616,浙江华业,浙江华业:首次公开发行股票并在创业板上市网上路演公告,首发网上路演公告,2025-03-13,https://data.eastmoney.com/notices/detail/301616/AN202503121644310017.html
301616,浙江华业,浙江华业:股东大会、董事会、监事会、独立董事、董事会秘书制度的建立健全及运行情况说明,其他,2025-03-13,https://data.eastmoney.com/notices/detail/301616/AN202503121644310003.html
600166,福田汽车,福田汽车:关于2025年度拟为非关联方提供关联担保计划的公告,提供/对外担保公告,2025-03-13,https://data.eastmoney.com/notices/detail/600166/AN202503121644310078.html
600166,福田汽车,福田汽车:关于2025年度拟为关联方按股比提供关联担保的公告,提供/对外担保公告,2025-03-13,https://data.eastmoney.com/notices/detail/600166/AN202503121644310076.html
600166,福田汽车,福田汽车:董事会决议公告,董事会决议公告,2025-03-13,https://data.eastmoney.com/notices/detail/600166/AN202503121644310077.html
600166,福田汽车,福田汽车:关于召开2025年第三次临时股东大会的通知,召开股东大会通知,2025-03-13,https://data.eastmoney.com/notices/detail/600166/AN202503121644310075.html
600166,福田汽车,福田汽车:监事会决议公告,监事会决议公告,2025-03-13,https://data.eastmoney.com/notices/detail/600166/AN202503121644310074.html
601988,中国银行,中国银行:H股公告-董事名单与其角色和职能,其他,2025-03-13,https://data.eastmoney.com/notices/detail/601988/AN202503121644310067.html
601988,中国银行,中国银行:中国银行股份有限公司关于非执行董事李子民先生任职的公告,高管人员任职变动,2025-03-13,https://data.eastmoney.com/notices/detail/601988/AN202503121644310064.html
301616,浙江华业,浙江华业:盈利预测报告及审核报告,保荐/核查意见,2025-03-13,https://data.eastmoney.com/notices/detail/301616/AN202503121644310020.html
301616,浙江华业,浙江华业:与投资者保护相关的承诺,其他,2025-03-13,https://data.eastmoney.com/notices/detail/301616/AN202503121644310004.html
301616,浙江华业,浙江华业:内部控制鉴证报告,保荐/核查意见,2025-03-13,https://data.eastmoney.com/notices/detail/301616/AN202503121644310006.html
301616,浙江华业,浙江华业:经注册会计师鉴证的非经常性损益明细表,保荐/核查意见,2025-03-13,https://data.eastmoney.com/notices/detail/301616/AN202503121644310010.html
301616,浙江华业,浙江华业:发行人及其他责任主体作出的与发行人本次发行上市相关的其他承诺事项,其他,2025-03-13,https://data.eastmoney.com/notices/detail/301616/AN202503121644310012.html
301616,浙江华业,浙江华业:广东南天明律师事务所关于公司首次公开发行股票并在创业板上市的法律意见书及补充法律意见书,法律意见书,2025-03-13,https://data.eastmoney.com/notices/detail/301616/AN202503121644310009.html
301616,浙江华业,浙江华业:首次公开发行股票并在创业板上市招股说明书,首发招股说明书,2025-03-13,https://data.eastmoney.com/notices/detail/301616/AN202503121644310000.html
301616,浙江华业,浙江华业:海通证券股份有限公司关于公司首次公开发行股票并在创业板上市的发行保荐书,发行保荐书,2025-03-13,https://data.eastmoney.com/notices/detail/301616/AN202503121644310001.html
300433,蓝思科技,蓝思科技:蓝思科技股份有限公司董事会议事规则(草案),议事规则/实施细则,2025-03-13,https://data.eastmoney.com/notices/detail/300433/AN202503121644310043.html
300433,蓝思科技,蓝思科技:关于召开2025年第二次临时股东大会的通知,召开股东大会通知,2025-03-13,https://data.eastmoney.com/notices/detail/300433/AN202503121644310037.html
300433,蓝思科技,蓝思科技:蓝思科技股份有限公司董事会薪酬与考核委员会工作细则(草案),议事规则/实施细则,2025-03-13,https://data.eastmoney.com/notices/detail/300433/AN202503121644310058.html
300433,蓝思科技,蓝思科技:蓝思科技股份有限公司董事会战略委员会工作细则(草案),议事规则/实施细则,2025-03-13,https://data.eastmoney.com/notices/detail/300433/AN202503121644310053.html
300433,蓝思科技,蓝思科技:蓝思科技股份有限公司董事会提名委员会工作细则(草案),议事规则/实施细则,2025-03-13,https://data.eastmoney.com/notices/detail/300433/AN202503121644310041.html
300433,蓝思科技,蓝思科技:蓝思科技股份有限公司章程(草案),公司章程,2025-03-13,https://data.eastmoney.com/notices/detail/300433/AN202503121644310059.html
300433,蓝思科技,蓝思科技:关于筹划发行H股股票并在香港联合交易所有限公司上市的提示性公告,其他,2025-03-13,https://data.eastmoney.com/notices/detail/300433/AN202503121644310044.html
300433,蓝思科技,蓝思科技:蓝思科技股份有限公司董事会审计委员会工作细则(草案),议事规则/实施细则,2025-03-13,https://data.eastmoney.com/notices/detail/300433/AN202503121644310040.html
300433,蓝思科技,蓝思科技:蓝思科技股份有限公司前次募集资金使用情况报告,募集资金使用情况报告,2025-03-13,https://data.eastmoney.com/notices/detail/300433/AN202503121644310051.html
300433,蓝思科技,蓝思科技:蓝思科技股份有限公司关联交易管理制度(草案),管理办法/制度,2025-03-13,https://data.eastmoney.com/notices/detail/300433/AN202503121644310039.html
300433,蓝思科技,蓝思科技:关于变更公司工商登记类型的公告,公司其他基本信息变更,2025-03-13,https://data.eastmoney.com/notices/detail/300433/AN202503121644310038.html
300433,蓝思科技,蓝思科技:蓝思科技股份有限公司境外发行证券与上市相关保密和档案管理工作制度,管理办法/制度,2025-03-13,https://data.eastmoney.com/notices/detail/300433/AN202503121644310050.html
300433,蓝思科技,蓝思科技:关于聘请H股发行及上市审计机构的公告,审计机构变更,2025-03-13,https://data.eastmoney.com/notices/detail/300433/AN202503121644310048.html
300433,蓝思科技,蓝思科技:关于制定公司于H股发行上市后适用的《公司章程(草案)》及相关议事规则(草案)的公告,公司章程,2025-03-13,https://data.eastmoney.com/notices/detail/300433/AN202503121644310047.html
300433,蓝思科技,蓝思科技:前次募集资金使用情况鉴证报告,保荐/核查意见,2025-03-13,https://data.eastmoney.com/notices/detail/300433/AN202503121644310045.html
300433,蓝思科技,蓝思科技:蓝思科技股份有限公司信息披露管理制度(草案),管理办法/制度,2025-03-13,https://data.eastmoney.com/notices/detail/300433/AN202503121644310042.html
300433,蓝思科技,蓝思科技:第五届监事会第二次会议决议公告,监事会决议公告,2025-03-13,https://data.eastmoney.com/notices/detail/300433/AN202503121644310056.html
300433,蓝思科技,蓝思科技:第五届董事会第二次会议决议公告,高管人员任职变动,2025-03-13,https://data.eastmoney.com/notices/detail/300433/AN202503121644310052.html
300433,蓝思科技,蓝思科技:蓝思科技股份有限公司独立董事工作制度(草案),管理办法/制度,2025-03-13,https://data.eastmoney.com/notices/detail/300433/AN202503121644310046.html
300433,蓝思科技,蓝思科技:蓝思科技股份有限公司股东会议事规则(草案),议事规则/实施细则,2025-03-13,https://data.eastmoney.com/notices/detail/300433/AN202503121644310057.html
300433,蓝思科技,蓝思科技:蓝思科技股份有限公司对外投资管理制度(草案),管理办法/制度,2025-03-13,https://data.eastmoney.com/notices/detail/300433/AN202503121644310049.html
300433,蓝思科技,蓝思科技:蓝思科技股份有限公司内幕信息知情人登记管理制度(草案),管理办法/制度,2025-03-13,https://data.eastmoney.com/notices/detail/300433/AN202503121644310055.html
300433,蓝思科技,蓝思科技:蓝思科技股份有限公司监事会议事规则(草案),议事规则/实施细则,2025-03-13,https://data.eastmoney.com/notices/detail/300433/AN202503121644310054.html
301616,浙江华业,浙江华业:海通证券股份有限公司关于公司首次公开发行股票并在创业板上市的上市保荐书,上市保荐书,2025-03-13,https://data.eastmoney.com/notices/detail/301616/AN202503121644310021.html
301616,浙江华业,浙江华业:公司财务报表及审阅报告(2024年1月-12月),保荐/核查意见,2025-03-13,https://data.eastmoney.com/notices/detail/301616/AN202503121644310002.html
301616,浙江华业,浙江华业:公司章程(草案),公司章程,2025-03-13,https://data.eastmoney.com/notices/detail/301616/AN202503121644310008.html
002931,锋龙股份,锋龙股份:关于“锋龙转债”摘牌的公告,其他,2025-03-13,https://data.eastmoney.com/notices/detail/002931/AN202503121644309987.html
002931,锋龙股份,锋龙股份:关于“锋龙转债”赎回结果的公告,其他,2025-03-13,https://data.eastmoney.com/notices/detail/002931/AN202503121644309988.html
301535,浙江华远,浙江华远:首次公开发行股票并在创业板上市投资风险特别公告,首发投资风险特别公告,2025-03-13,https://data.eastmoney.com/notices/detail/301535/AN202503121644310018.html
301535,浙江华远,浙江华远:首次公开发行股票并在创业板上市发行公告,网下发行公告,2025-03-13,https://data.eastmoney.com/notices/detail/301535/AN202503121644310024.html
301629,矽电股份,矽电股份:首次公开发行股票并在创业板上市网上摇号中签结果公告,网上摇号中签结果公告,2025-03-13,https://data.eastmoney.com/notices/detail/301629/AN202503121644310019.html
301501,恒鑫生活,恒鑫生活:首次公开发行股票并在创业板上市招股说明书,首发招股说明书,2025-03-13,https://data.eastmoney.com/notices/detail/301501/AN202503121644310027.html
301501,恒鑫生活,恒鑫生活:首次公开发行股票并在创业板上市发行结果公告,首发发行结果公告,2025-03-13,https://data.eastmoney.com/notices/detail/301501/AN202503121644310026.html
001382,新亚电缆,新亚电缆:首次公开发行股票并在主板上市网上摇号中签结果公告,网上摇号中签结果公告,2025-03-13,https://data.eastmoney.com/notices/detail/001382/AN202503121644310015.html
001382,新亚电缆,新亚电缆:首次公开发行股票并在主板上市网下发行初步配售结果公告,网下中签及配售结果公告,2025-03-13,https://data.eastmoney.com/notices/detail/001382/AN202503121644310028.html
000970,中科三环,中科三环:中科三环2024年度监事会工作报告,其他,2025-03-13,https://data.eastmoney.com/notices/detail/000970/AN202503121644309980.html
000970,中科三环,中科三环:2024年年度报告,年度报告全文,2025-03-13,https://data.eastmoney.com/notices/detail/000970/AN202503121644309746.html
000970,中科三环,中科三环:中科三环独立董事候选人声明与承诺,独立董事候选人声明,2025-03-13,https://data.eastmoney.com/notices/detail/000970/AN202503121644309753.html
000970,中科三环,中科三环:董事会决议公告,分配预案,2025-03-13,https://data.eastmoney.com/notices/detail/000970/AN202503121644309973.html
000970,中科三环,中科三环:2024年年度审计报告,审计报告,2025-03-13,https://data.eastmoney.com/notices/detail/000970/AN202503121644309966.html
000970,中科三环,中科三环:年度募集资金使用情况专项说明,募集资金使用情况报告,2025-03-13,https://data.eastmoney.com/notices/detail/000970/AN202503121644309975.html
000970,中科三环,中科三环:中科三环公司购买理财产品情况概述表,投资理财,2025-03-13,https://data.eastmoney.com/notices/detail/000970/AN202503121644309971.html
000970,中科三环,中科三环:独立董事2024年度述职报告-王彦超,独立董事述职报告,2025-03-13,https://data.eastmoney.com/notices/detail/000970/AN202503121644309977.html
000970,中科三环,中科三环:中科三环关于为控股子公司提供担保额度的公告,提供/对外担保公告,2025-03-13,https://data.eastmoney.com/notices/detail/000970/AN202503121644309959.html
000970,中科三环,中科三环:中科三环2025年度日常关联交易预计公告,关联交易,2025-03-13,https://data.eastmoney.com/notices/detail/000970/AN202503121644309967.html
002533,金杯电工,金杯电工:关于公司拟设立欧洲生产基地的公告,投资设立公司,2025-03-13,https://data.eastmoney.com/notices/detail/002533/AN202503121644309970.html
000970,中科三环,中科三环:中科三环关于2024年度会计师事务所履职情况的评估报告,其他,2025-03-13,https://data.eastmoney.com/notices/detail/000970/AN202503121644309964.html
000970,中科三环,中科三环:2024年年度财务报告,年度财务报告,2025-03-13,https://data.eastmoney.com/notices/detail/000970/AN202503121644309749.html
000970,中科三环,中科三环:中科三环关于使用自有资金购买银行结构性存款的公告,投资理财,2025-03-13,https://data.eastmoney.com/notices/detail/000970/AN202503121644309963.html
000970,中科三环,中科三环:独立董事2024年度述职报告-刘东进,独立董事述职报告,2025-03-13,https://data.eastmoney.com/notices/detail/000970/AN202503121644309978.html
000970,中科三环,中科三环:独立董事2024年度述职报告-沈保根,独立董事述职报告,2025-03-13,https://data.eastmoney.com/notices/detail/000970/AN202503121644309962.html
000970,中科三环,中科三环:董事会对独立董事独立性评估的专项意见,专项说明/独立意见,2025-03-13,https://data.eastmoney.com/notices/detail/000970/AN202503121644309968.html
000970,中科三环,中科三环:中科三环关于补选独立董事的公告,高管人员任职变动,2025-03-13,https://data.eastmoney.com/notices/detail/000970/AN202503121644309972.html
000970,中科三环,中科三环:监事会决议公告,监事会决议公告,2025-03-13,https://data.eastmoney.com/notices/detail/000970/AN202503121644309747.html
000970,中科三环,中科三环:内部控制审计报告,审计报告,2025-03-13,https://data.eastmoney.com/notices/detail/000970/AN202503121644309974.html
002229,鸿博股份,鸿博股份:关于全资子公司日常经营重大合同的进展公告,其他,2025-03-13,https://data.eastmoney.com/notices/detail/002229/AN202503121644309969.html
000970,中科三环,中科三环:内部控制自我评价报告,内部控制报告,2025-03-13,https://data.eastmoney.com/notices/detail/000970/AN202503121644309957.html
000970,中科三环,中科三环:中科三环关于2024年度计提资产减值准备的公告,其他,2025-03-13,https://data.eastmoney.com/notices/detail/000970/AN202503121644309754.html
000970,中科三环,中科三环:中科三环独立董事提名人声明与承诺,独立董事提名人声明,2025-03-13,https://data.eastmoney.com/notices/detail/000970/AN202503121644309751.html
000970,中科三环,中科三环:年度关联方资金占用专项审计报告,保荐/核查意见,2025-03-13,https://data.eastmoney.com/notices/detail/000970/AN202503121644309965.html
000970,中科三环,中科三环:年度募集资金使用鉴证报告,保荐/核查意见,2025-03-13,https://data.eastmoney.com/notices/detail/000970/AN202503121644309748.html
000970,中科三环,中科三环:中科三环2024度营业收入扣除情况表的鉴证报告,保荐/核查意见,2025-03-13,https://data.eastmoney.com/notices/detail/000970/AN202503121644309960.html
000970,中科三环,中科三环:2024年年度报告摘要,年度报告摘要,2025-03-13,https://data.eastmoney.com/notices/detail/000970/AN202503121644309756.html
002229,鸿博股份,鸿博股份:关于全资子公司日常经营重大合同解除的公告,其他,2025-03-13,https://data.eastmoney.com/notices/detail/002229/AN202503121644309961.html
000970,中科三环,中科三环:2024年社会责任报告,社会责任报告,2025-03-13,https://data.eastmoney.com/notices/detail/000970/AN202503121644309979.html
002533,金杯电工,金杯电工:第七届董事会第九次临时会议决议公告,董事会决议公告,2025-03-13,https://data.eastmoney.com/notices/detail/002533/AN202503121644309958.html
000970,中科三环,中科三环:中科三环关于开展远期结售汇和外汇期权业务的公告,其他,2025-03-13,https://data.eastmoney.com/notices/detail/000970/AN202503121644309976.html
000970,中科三环,中科三环:国金证券股份有限公司关于中科三环2024年度募集资金存放与使用情况的核查意见,保荐/核查意见,2025-03-13,https://data.eastmoney.com/notices/detail/000970/AN202503121644309752.html
600200,退市苏吴,江苏吴中:江苏吴中医药发展股份有限公司关于立案调查进展暨风险提示公告,违法违规,2025-03-13,https://data.eastmoney.com/notices/detail/600200/AN202503121644309719.html
600215,派斯林,派斯林:派斯林关于控股股东取得增持股份专项贷款承诺函的公告,借贷,2025-03-13,https://data.eastmoney.com/notices/detail/600215/AN202503121644309711.html
688620,安凯微,安凯微:中信证券股份有限公司关于广州安凯微电子股份有限公司股东向特定机构投资者询价转让股份相关资格的核查意见,询价转让核查报告/意见,2025-03-13,https://data.eastmoney.com/notices/detail/688620/AN202503121644309706.html
688620,安凯微,安凯微:广州安凯微电子股份有限公司股东询价转让计划书,询价转让计划书,2025-03-13,https://data.eastmoney.com/notices/detail/688620/AN202503121644309707.html
000420,吉林化纤,吉林化纤:吉林化纤股份有限公司关于承诺延期履行的公告,其他,2025-03-13,https://data.eastmoney.com/notices/detail/000420/AN202503121644309699.html
000420,吉林化纤,吉林化纤:十届十二次监事会决议公告,监事会决议公告,2025-03-13,https://data.eastmoney.com/notices/detail/000420/AN202503121644309697.html
000420,吉林化纤,吉林化纤:十届十五次董事会决议公告,董事会决议公告,2025-03-13,https://data.eastmoney.com/notices/detail/000420/AN202503121644309698.html
000420,吉林化纤,吉林化纤:关于提请召开2025年第二次临时股东大会通知,召开股东大会通知,2025-03-13,https://data.eastmoney.com/notices/detail/000420/AN202503121644309700.html
002966,苏州银行,苏州银行:关于董事辞任的公告,高管人员任职变动,2025-03-13,https://data.eastmoney.com/notices/detail/002966/AN202503121644309665.html
002966,苏州银行,苏州银行:2025年第一次临时股东会会议材料,其他,2025-03-13,https://data.eastmoney.com/notices/detail/002966/AN202503121644309666.html
002966,苏州银行,苏州银行:第五届董事会第二十三次会议决议公告,高管人员任职变动,2025-03-13,https://data.eastmoney.com/notices/detail/002966/AN202503121644309668.html
002966,苏州银行,苏州银行:关于召开2025年第一次临时股东会的通知,召开股东大会通知,2025-03-13,https://data.eastmoney.com/notices/detail/002966/AN202503121644309667.html
600289,ST信通,*ST信通:亿阳信通2025年第一次临时股东大会法律意见书,法律意见书,2025-03-13,https://data.eastmoney.com/notices/detail/600289/AN202503121644309454.html
600289,ST信通,*ST信通:亿阳信通2025年第一次临时股东大会决议公告,股东大会决议公告,2025-03-13,https://data.eastmoney.com/notices/detail/600289/AN202503121644309455.html
600338,西藏珠峰,西藏珠峰:关于控股股东所持公司部分股份被拍卖完成过户暨权益变动触及1%整数倍的提示性公告,权益变动报告书,2025-03-13,https://data.eastmoney.com/notices/detail/600338/AN202503121644309437.html
688213,思特威,思特威:股东减持股份计划公告,股东/实际控制人股份减持,2025-03-13,https://data.eastmoney.com/notices/detail/688213/AN202503121644309435.html
002145,钛能化学,中核钛白:关于回购公司股份方案的公告,回购预案,2025-03-13,https://data.eastmoney.com/notices/detail/002145/AN202503121644309410.html
002145,钛能化学,中核钛白:第七届董事会第三十五次(临时)会议决议公告,董事会决议公告,2025-03-13,https://data.eastmoney.com/notices/detail/002145/AN202503121644309408.html
002145,钛能化学,中核钛白:第七届董事会独立董事专门会议第二次会议会议决议,董事会决议公告,2025-03-13,https://data.eastmoney.com/notices/detail/002145/AN202503121644309411.html
002145,钛能化学,中核钛白:关于变更部分回购股份用途并注销暨通知债权人的公告,通知债权人公告,2025-03-13,https://data.eastmoney.com/notices/detail/002145/AN202503121644309409.html
002145,钛能化学,中核钛白:第七届监事会第二十一次(临时)会议决议公告,监事会决议公告,2025-03-13,https://data.eastmoney.com/notices/detail/002145/AN202503121644309413.html
002145,钛能化学,中核钛白:中信证券股份有限公司关于中核华原钛白股份有限公司2024年度持续督导培训情况的报告,保荐/核查意见,2025-03-13,https://data.eastmoney.com/notices/detail/002145/AN202503121644309407.html
002145,钛能化学,中核钛白:关于补充2025年度日常关联交易预计的公告,关联交易,2025-03-13,https://data.eastmoney.com/notices/detail/002145/AN202503121644309414.html
002145,钛能化学,中核钛白:2025年第一次临时股东大会决议公告,股东大会决议公告,2025-03-13,https://data.eastmoney.com/notices/detail/002145/AN202503121644309412.html
688535,华海诚科,华海诚科:华海诚科董事会关于本次交易符合《上市公司重大资产重组管理办法》第十一条、第四十三条规定的说明,专项说明/独立意见,2025-03-13,https://data.eastmoney.com/notices/detail/688535/AN202503121644309398.html
688535,华海诚科,华海诚科:江苏华海诚科新材料股份有限公司前次募集资金使用情况鉴证报告,保荐/核查意见,2025-03-13,https://data.eastmoney.com/notices/detail/688535/AN202503121644309392.html
688535,华海诚科,华海诚科:江苏华海诚科新材料股份有限公司关于召开2025年第二次临时股东大会的通知公告,召开股东大会通知,2025-03-13,https://data.eastmoney.com/notices/detail/688535/AN202503121644309376.html
688535,华海诚科,华海诚科:江苏华海诚科新材料股份有限公司发行股份、可转换公司债券及支付现金购买资产并募集配套资金报告书(草案)(摘要),其他增发事项公告,2025-03-13,https://data.eastmoney.com/notices/detail/688535/AN202503121644309372.html
688535,华海诚科,华海诚科:华海诚科董事会关于本次交易相关主体不存在《上市公司监管指引第7号——上市公司重大资产重组相关股票异常交易监管》第十二条或《上海证券交易所上市公司自律监管指引第6号——重大资产重组》第三十条规定的不得参与上市公司重大资产重组情形的说明,专项说明/独立意见,2025-03-13,https://data.eastmoney.com/notices/detail/688535/AN202503121644309385.html
688535,华海诚科,华海诚科:华海诚科董事会关于评估机构独立性、假设前提合理性、评估方法与评估目的的相关性、评估定价公允性的说明,专项说明/独立意见,2025-03-13,https://data.eastmoney.com/notices/detail/688535/AN202503121644309388.html
688535,华海诚科,华海诚科:衡所华威电子有限公司审计报告,其他,2025-03-13,https://data.eastmoney.com/notices/detail/688535/AN202503121644309402.html
688535,华海诚科,华海诚科:华海诚科董事会关于本次交易履行法定程序的完备性、合规性及提交法律文件的有效性的说明,专项说明/独立意见,2025-03-13,https://data.eastmoney.com/notices/detail/688535/AN202503121644309382.html
688535,华海诚科,华海诚科:江苏世纪同仁律师事务所关于江苏华海诚科新材料股份有限公司发行股份、可转换公司债券及支付现金购买资产并募集配套资金的法律意见书,法律意见书,2025-03-13,https://data.eastmoney.com/notices/detail/688535/AN202503121644309381.html
688535,华海诚科,华海诚科:中信建投证券股份有限公司关于江苏华海诚科新材料股份有限公司本次交易信息发布前股票价格波动情况的核查意见,保荐/核查意见,2025-03-13,https://data.eastmoney.com/notices/detail/688535/AN202503121644309386.html
688535,华海诚科,华海诚科:华海诚科董事会关于本次交易符合《上市公司证券发行注册管理办法》第十一条、第十三条和第十四条规定的说明,专项说明/独立意见,2025-03-13,https://data.eastmoney.com/notices/detail/688535/AN202503121644309399.html
688535,华海诚科,华海诚科:关于江苏华海诚科新材料股份有限公司披露重组报告书暨一般风险的提示性报告,风险提示性公告,2025-03-13,https://data.eastmoney.com/notices/detail/688535/AN202503121644309383.html
688535,华海诚科,华海诚科:江苏华海诚科新材料股份有限公司第三届监事会第二十次会议决议公告,监事会决议公告,2025-03-13,https://data.eastmoney.com/notices/detail/688535/AN202503121644309380.html
688535,华海诚科,华海诚科:华海诚科董事会关于本次交易采取的保密措施及保密制度的说明,专项说明/独立意见,2025-03-13,https://data.eastmoney.com/notices/detail/688535/AN202503121644309368.html
688535,华海诚科,华海诚科:中信建投证券股份有限公司关于江苏华海诚科新材料股份有限公司本次重大资产重组摊薄即期回报情况及填补措施之专项核查意见,保荐/核查意见,2025-03-13,https://data.eastmoney.com/notices/detail/688535/AN202503121644309393.html
688535,华海诚科,华海诚科:江苏华海诚科新材料股份有限公司发行股份、可转换公司债券及支付现金购买资产并募集配套资金报告书(草案),其他增发事项公告,2025-03-13,https://data.eastmoney.com/notices/detail/688535/AN202503121644309374.html
688535,华海诚科,华海诚科:中信建投证券股份有限公司在充分尽职调查和内核的基础上出具的承诺函,其他,2025-03-13,https://data.eastmoney.com/notices/detail/688535/AN202503121644309400.html
688535,华海诚科,华海诚科:华海诚科董事会关于本次交易信息发布前公司股票价格波动情况的说明,专项说明/独立意见,2025-03-13,https://data.eastmoney.com/notices/detail/688535/AN202503121644309369.html
688535,华海诚科,华海诚科:华海诚科董事会关于本次交易符合《上海证券交易所科创板股票上市规则》第11.2条、《科创板上市公司持续监管办法(试行)》第二十条、《上海证券交易所上市公司重大资产重组审核规则》第八条规定的说明,专项说明/独立意见,2025-03-13,https://data.eastmoney.com/notices/detail/688535/AN202503121644309370.html
688535,华海诚科,华海诚科:江苏世纪同仁律师事务所关于江苏华海诚科新材料股份有限公司内幕信息知情人登记制度制定和执行情况的专项核查意见,保荐/核查意见,2025-03-13,https://data.eastmoney.com/notices/detail/688535/AN202503121644309387.html
688535,华海诚科,华海诚科:中信建投证券股份有限公司关于江苏华海诚科新材料股份有限公司本次交易前十二个月购买、出售资产的核查意见,保荐/核查意见,2025-03-13,https://data.eastmoney.com/notices/detail/688535/AN202503121644309384.html
688535,华海诚科,华海诚科:华海诚科董事会关于公司本次交易前十二个月内购买、出售资产情况的说明,专项说明/独立意见,2025-03-13,https://data.eastmoney.com/notices/detail/688535/AN202503121644309390.html
688535,华海诚科,华海诚科:中信建投证券股份有限公司关于公司内幕信息知情人登记制度的制定和执行情况的核查意见,保荐/核查意见,2025-03-13,https://data.eastmoney.com/notices/detail/688535/AN202503121644309379.html
688535,华海诚科,华海诚科:华海诚科董事会关于本次交易摊薄即期回报及填补措施的说明,专项说明/独立意见,2025-03-13,https://data.eastmoney.com/notices/detail/688535/AN202503121644309373.html
688535,华海诚科,华海诚科:江苏华海诚科新材料股份有限公司前次募集资金使用情况报告,募集资金使用情况报告,2025-03-13,https://data.eastmoney.com/notices/detail/688535/AN202503121644309375.html
688535,华海诚科,华海诚科:华海诚科董事会关于本次交易不构成《上市公司重大资产重组管理办法》第十三条规定的重组上市情形的说明,专项说明/独立意见,2025-03-13,https://data.eastmoney.com/notices/detail/688535/AN202503121644309366.html
688535,华海诚科,华海诚科:衡所华威电子有限公司评估报告,其他,2025-03-13,https://data.eastmoney.com/notices/detail/688535/AN202503121644309401.html
688535,华海诚科,华海诚科:华海诚科董事会关于本次交易符合《上市公司监管指引第9号——上市公司筹划和实施重大资产重组的监管要求》第四条规定的说明,专项说明/独立意见,2025-03-13,https://data.eastmoney.com/notices/detail/688535/AN202503121644309389.html
688535,华海诚科,华海诚科:独立董事关于评估机构的独立性、评估假设前提的合理性、评估方法与评估目的的相关性以及评估定价的公允性的独立意见,专项说明/独立意见,2025-03-13,https://data.eastmoney.com/notices/detail/688535/AN202503121644309378.html
688535,华海诚科,华海诚科:中信建投证券股份有限公司关于本次交易符合《关于加强证券公司在投资银行类业务中聘请第三方等廉洁从业风险防控的意见》的相关规定之核查意见,保荐/核查意见,2025-03-13,https://data.eastmoney.com/notices/detail/688535/AN202503121644309391.html
688535,华海诚科,华海诚科:江苏华海诚科新材料股份有限公司第三届董事会第二十二次会议决议公告,董事会决议公告,2025-03-13,https://data.eastmoney.com/notices/detail/688535/AN202503121644309371.html
688535,华海诚科,华海诚科:江苏华海诚科新材料股份有限公司可转换公司债券持有人会议规则,其他,2025-03-13,https://data.eastmoney.com/notices/detail/688535/AN202503121644309377.html
688535,华海诚科,华海诚科:中信建投证券股份有限公司关于关于本次交易相关主体是否存在依据《上市公司监管指引第7号——上市公司重大资产重组相关股票异常交易监管》第十二条不得参与任何上市公司重大资产重组情形的核查意见,保荐/核查意见,2025-03-13,https://data.eastmoney.com/notices/detail/688535/AN202503121644309397.html
688535,华海诚科,华海诚科:上市公司发行股份、可转换公司债券及支付现金购买资产并募集配套资金报告书(草案)与预案差异对比表,其他,2025-03-13,https://data.eastmoney.com/notices/detail/688535/AN202503121644309394.html
688535,华海诚科,华海诚科:中信建投证券股份有限公司关于江苏华海诚科新材料股份有限公司本次交易产业政策和交易类型之独立财务顾问核查意见,保荐/核查意见,2025-03-13,https://data.eastmoney.com/notices/detail/688535/AN202503121644309396.html
688535,华海诚科,华海诚科:中信建投证券股份有限公司关于本次交易不构成《上市公司重大资产重组管理办法》第十三条规定的重组上市情形的核查意见,保荐/核查意见,2025-03-13,https://data.eastmoney.com/notices/detail/688535/AN202503121644309395.html
688535,华海诚科,华海诚科:华海诚科董事会关于本次交易中是否存在直接或间接有偿聘请其他第三方机构或个人的说明,专项说明/独立意见,2025-03-13,https://data.eastmoney.com/notices/detail/688535/AN202503121644309365.html
688535,华海诚科,华海诚科:中信建投证券股份有限公司关于江苏华海诚科新材料股份有限公司发行股份、可转换公司债券及支付现金购买资产之独立财务顾问报告,保荐/核查意见,2025-03-13,https://data.eastmoney.com/notices/detail/688535/AN202503121644309367.html
688535,华海诚科,华海诚科:江苏华海诚科新材料股份有限公司审阅报告,保荐/核查意见,2025-03-13,https://data.eastmoney.com/notices/detail/688535/AN202503121644309364.html
002145,钛能化学,中核钛白:北京市嘉源律师事务所关于中核华原钛白股份有限公司2025第一次临时股东大会的法律意见书,法律意见书,2025-03-13,https://data.eastmoney.com/notices/detail/002145/AN202503121644309362.html
000652,泰达股份,泰达股份:关于为控股子公司提供担保的公告,提供/对外担保公告,2025-03-13,https://data.eastmoney.com/notices/detail/000652/AN202503121644309363.html
603050,科林电气,科林电气:科林电气高级管理人员减持股份计划的公告,高管人员持股变动,2025-03-13,https://data.eastmoney.com/notices/detail/603050/AN202503121644309361.html
600376,首开股份,首开股份:首开股份关于2024年度“提质增效重回报”行动方案进展的公告,其他,2025-03-13,https://data.eastmoney.com/notices/detail/600376/AN202503121644309357.html
600376,首开股份,首开股份:首开股份第十届董事会第三十九次会议决议公告,董事会决议公告,2025-03-13,https://data.eastmoney.com/notices/detail/600376/AN202503121644309358.html
000701,厦门信达,厦门信达:厦门信达股份有限公司董事会决议公告,董事会决议公告,2025-03-13,https://data.eastmoney.com/notices/detail/000701/AN202503121644309151.html
000701,厦门信达,厦门信达:厦门国贸数字科技有限公司2024年1-9月财务报表审计报告,其他,2025-03-13,https://data.eastmoney.com/notices/detail/000701/AN202503121644309150.html
000701,厦门信达,厦门信达:厦门信达股份有限公司关于收购厦门国贸数字科技有限公司100%股权暨关联交易的公告,收购出售资产/股权,2025-03-13,https://data.eastmoney.com/notices/detail/000701/AN202503121644309152.html
688299,长阳科技,长阳科技:宁波长阳科技股份有限公司2025年第二次临时股东大会会议资料,股东大会资料,2025-03-13,https://data.eastmoney.com/notices/detail/688299/AN202503121644309144.html
000701,厦门信达,厦门信达:厦门信达股份有限公司非公开协议受让厦门国贸集团股份有限公司持有股权所涉及的厦门国贸数字科技有限公司股东全部权益价值资产评估报告,其他,2025-03-13,https://data.eastmoney.com/notices/detail/000701/AN202503121644309141.html
002034,旺能环境,旺能环境:关于控股股东增持公司股份计划暨获得增持专项贷款承诺函的公告,其他,2025-03-13,https://data.eastmoney.com/notices/detail/002034/AN202503121644309101.html
000898,鞍钢股份,鞍钢股份:北京市金杜律师事务所关于鞍钢股份有限公司2025年第一次临时股东大会的法律意见书,法律意见书,2025-03-13,https://data.eastmoney.com/notices/detail/000898/AN202503121644309100.html
000898,鞍钢股份,鞍钢股份:鞍钢股份2025年第一次临时股东大会决议公告,股东大会决议公告,2025-03-13,https://data.eastmoney.com/notices/detail/000898/AN202503121644309102.html
002194,武汉凡谷,武汉凡谷:第八届监事会第八次(临时)会议决议公告,监事会决议公告,2025-03-13,https://data.eastmoney.com/notices/detail/002194/AN202503121644308945.html
002194,武汉凡谷,武汉凡谷:关于对外投资暨关联交易的公告,对外项目投资,2025-03-13,https://data.eastmoney.com/notices/detail/002194/AN202503121644308946.html
002194,武汉凡谷,武汉凡谷:第八届董事会第八次(临时)会议决议公告,董事会决议公告,2025-03-13,https://data.eastmoney.com/notices/detail/002194/AN202503121644308947.html
003004,声迅股份,声迅股份:关于债券持有人可转债持有比例变动达10%的公告,其他,2025-03-13,https://data.eastmoney.com/notices/detail/003004/AN202503121644308940.html
001316,润贝航科,润贝航科:润贝航空科技股份有限公司关于公司董事、高级管理人员减持股份的预披露公告,高管人员持股变动,2025-03-13,https://data.eastmoney.com/notices/detail/001316/AN202503121644308939.html
301389,隆扬电子,隆扬电子:董事会决议公告,分配预案,2025-03-13,https://data.eastmoney.com/notices/detail/301389/AN202503121644308899.html
301389,隆扬电子,隆扬电子:关于调整2023年限制性股票激励计划授予价格的公告,股权激励行权价（数量）调整,2025-03-13,https://data.eastmoney.com/notices/detail/301389/AN202503121644308909.html
301389,隆扬电子,隆扬电子:关于公司2024年度利润分配方案及2025年中期现金分红规划的公告,分配预案,2025-03-13,https://data.eastmoney.com/notices/detail/301389/AN202503121644308921.html
301389,隆扬电子,隆扬电子:2024年年度财务报告,年度财务报告,2025-03-13,https://data.eastmoney.com/notices/detail/301389/AN202503121644308922.html
301389,隆扬电子,隆扬电子:关于2024年度计提减值损失的公告,其他,2025-03-13,https://data.eastmoney.com/notices/detail/301389/AN202503121644308894.html
301389,隆扬电子,隆扬电子:非经营性资金占用及其他关联资金往来情况专项说明,专项说明/独立意见,2025-03-13,https://data.eastmoney.com/notices/detail/301389/AN202503121644308914.html
301389,隆扬电子,隆扬电子:关于召开2024年年度股东大会通知的公告,召开股东大会通知,2025-03-13,https://data.eastmoney.com/notices/detail/301389/AN202503121644308926.html
301389,隆扬电子,隆扬电子:东吴证券股份有限公司关于隆扬电子(昆山)股份有限公司确认2024年度日常关联交易和预计2025年度日常关联交易的核查意见,保荐/核查意见,2025-03-13,https://data.eastmoney.com/notices/detail/301389/AN202503121644308928.html
301389,隆扬电子,隆扬电子:关于部分募集资金投资项目增加实施主体和实施地点的公告,募集资金使用进展情况,2025-03-13,https://data.eastmoney.com/notices/detail/301389/AN202503121644308918.html
301389,隆扬电子,隆扬电子:2024年年度审计报告,审计报告,2025-03-13,https://data.eastmoney.com/notices/detail/301389/AN202503121644308915.html
301389,隆扬电子,隆扬电子:关于使用部分自有资金及闲置募集资金进行现金管理的公告,投资理财,2025-03-13,https://data.eastmoney.com/notices/detail/301389/AN202503121644308906.html
301389,隆扬电子,隆扬电子:2024年度监事会工作报告,其他,2025-03-13,https://data.eastmoney.com/notices/detail/301389/AN202503121644308931.html
301389,隆扬电子,隆扬电子:董事会审计委员会对会计师事务所2024年度履职情况评估及履行监督职责情况的报告,其他,2025-03-13,https://data.eastmoney.com/notices/detail/301389/AN202503121644308900.html
301389,隆扬电子,隆扬电子:东吴证券股份有限公司关于隆扬电子(昆山)股份有限公司2024年度募集资金存放与使用情况的专项核查报告,保荐/核查意见,2025-03-13,https://data.eastmoney.com/notices/detail/301389/AN202503121644308908.html
301389,隆扬电子,隆扬电子:监事会决议公告,监事会决议公告,2025-03-13,https://data.eastmoney.com/notices/detail/301389/AN202503121644308919.html
301389,隆扬电子,隆扬电子:董事会对独董独立性评估的专项意见,专项说明/独立意见,2025-03-13,https://data.eastmoney.com/notices/detail/301389/AN202503121644308924.html
301389,隆扬电子,隆扬电子:2024年度财务决算报告,年度财务报告,2025-03-13,https://data.eastmoney.com/notices/detail/301389/AN202503121644308896.html
301389,隆扬电子,隆扬电子:独立董事2024年度述职报告(孙琪华),独立董事述职报告,2025-03-13,https://data.eastmoney.com/notices/detail/301389/AN202503121644308893.html
301389,隆扬电子,隆扬电子:2024年年度报告,年度报告全文,2025-03-13,https://data.eastmoney.com/notices/detail/301389/AN202503121644308923.html
301389,隆扬电子,隆扬电子:2024年度内部控制自我评价报告,内部控制报告,2025-03-13,https://data.eastmoney.com/notices/detail/301389/AN202503121644308913.html
301389,隆扬电子,隆扬电子:关于举行2024年度网上业绩说明会的公告,其他,2025-03-13,https://data.eastmoney.com/notices/detail/301389/AN202503121644308905.html
301389,隆扬电子,隆扬电子:东吴证券股份有限公司关于隆扬电子(昆山)股份有限公司控股股东为全资子公司和孙公司提供无偿担保暨关联交易的核查意见,保荐/核查意见,2025-03-13,https://data.eastmoney.com/notices/detail/301389/AN202503121644308897.html
301389,隆扬电子,隆扬电子:关于公司及子公司2025年度向银行申请综合授信额度的公告,借贷,2025-03-13,https://data.eastmoney.com/notices/detail/301389/AN202503121644308929.html
301389,隆扬电子,隆扬电子:关于确认2024年度日常关联交易和预计2025年度日常关联交易的公告,关联交易,2025-03-13,https://data.eastmoney.com/notices/detail/301389/AN202503121644308920.html
301389,隆扬电子,隆扬电子:关于会计政策变更的公告,其他,2025-03-13,https://data.eastmoney.com/notices/detail/301389/AN202503121644308910.html
301389,隆扬电子,隆扬电子:东吴证券股份有限公司关于隆扬电子(昆山)股份有限公司部分募投项目增加实施主体和实施地点的核查意见,保荐/核查意见,2025-03-13,https://data.eastmoney.com/notices/detail/301389/AN202503121644308902.html
301389,隆扬电子,隆扬电子:东吴证券股份有限公司关于隆扬电子(昆山)股份有限公司2024年度内部控制自我评价报告的核查意见,保荐/核查意见,2025-03-13,https://data.eastmoney.com/notices/detail/301389/AN202503121644308911.html
301389,隆扬电子,隆扬电子:2024年度募集资金年度存放与使用情况专项报告,募集资金使用情况报告,2025-03-13,https://data.eastmoney.com/notices/detail/301389/AN202503121644308912.html
301389,隆扬电子,隆扬电子:江苏益友天元律师事务所关于隆扬电子(昆山)股份有限公司调整2023年限制性股票激励计划授予价格并作废部分已授予但尚未归属的限制性股票相关事项的法律意见书,法律意见书,2025-03-13,https://data.eastmoney.com/notices/detail/301389/AN202503121644308901.html
301389,隆扬电子,隆扬电子:关于董事、监事、高级管理人员薪酬方案的公告,其他,2025-03-13,https://data.eastmoney.com/notices/detail/301389/AN202503121644308907.html
301389,隆扬电子,隆扬电子:募集资金年度存放与使用情况鉴证报告,保荐/核查意见,2025-03-13,https://data.eastmoney.com/notices/detail/301389/AN202503121644308917.html
301389,隆扬电子,隆扬电子:2024年度董事会工作报告,其他,2025-03-13,https://data.eastmoney.com/notices/detail/301389/AN202503121644308930.html
301389,隆扬电子,隆扬电子:内部控制审计报告,审计报告,2025-03-13,https://data.eastmoney.com/notices/detail/301389/AN202503121644308925.html
301389,隆扬电子,隆扬电子:关于续聘2025年度会计师事务所的公告,审计机构变更,2025-03-13,https://data.eastmoney.com/notices/detail/301389/AN202503121644308916.html
301389,隆扬电子,隆扬电子:东吴证券股份有限公司关于隆扬电子(昆山)股份有限公司使用部分自有资金及闲置募集资金进行现金管理的核查意见,保荐/核查意见,2025-03-13,https://data.eastmoney.com/notices/detail/301389/AN202503121644308903.html
301389,隆扬电子,隆扬电子:关于控股股东为全资子公司和孙公司提供无偿担保暨关联交易的公告,提供/对外担保公告,2025-03-13,https://data.eastmoney.com/notices/detail/301389/AN202503121644308895.html
301389,隆扬电子,隆扬电子:独立董事2024年度述职报告(刘铁华),独立董事述职报告,2025-03-13,https://data.eastmoney.com/notices/detail/301389/AN202503121644308898.html
301389,隆扬电子,隆扬电子:关于作废2023年限制性股票激励计划部分已授予但尚未归属的限制性股票的公告,股权激励进展公告,2025-03-13,https://data.eastmoney.com/notices/detail/301389/AN202503121644308927.html
301389,隆扬电子,隆扬电子:2024年年度报告摘要,年度报告摘要,2025-03-13,https://data.eastmoney.com/notices/detail/301389/AN202503121644308904.html
600936,北投科技,广西广电:广西广电2025年第一次临时股东大会会议材料,股东大会资料,2025-03-13,https://data.eastmoney.com/notices/detail/600936/AN202503121644308886.html
600936,北投科技,广西广电:广西广电股票交易异常波动公告,股票交易异常波动,2025-03-13,https://data.eastmoney.com/notices/detail/600936/AN202503121644308861.html
600936,北投科技,广西广电:广西北部湾投资集团有限公司关于广西广播电视信息网络股份有限公司股票交易异常波动有关事项的复函,股票交易异常波动,2025-03-13,https://data.eastmoney.com/notices/detail/600936/AN202503121644308862.html
603281,江瀚新材,江瀚新材:股东及董监高集中竞价减持股份计划公告,股东/实际控制人股份减持,2025-03-13,https://data.eastmoney.com/notices/detail/603281/AN202503121644308483.html
001387,雪祺电气,雪祺电气:关于5%以上股东持股比例被动稀释触及1%整数倍的公告,其他,2025-03-13,https://data.eastmoney.com/notices/detail/001387/AN202503121644308486.html
603800,洪田股份,洪田股份:关于全资子公司参与认购股权投资基金的公告,其他,2025-03-13,https://data.eastmoney.com/notices/detail/603800/AN202503121644308457.html
600853,龙建股份,龙建股份:龙建股份部分高级管理人员集中竞价减持股份计划公告,高管人员持股变动,2025-03-13,https://data.eastmoney.com/notices/detail/600853/AN202503121644308458.html
603517,ST绝味,绝味食品:绝味食品关于董事会完成换届选举及聘任高级管理人员、证券事务代表的公告,高管人员任职变动,2025-03-13,https://data.eastmoney.com/notices/detail/603517/AN202503121644308234.html
603517,ST绝味,绝味食品:绝味食品2025年第一次临时股东大会决议公告,股东大会决议公告,2025-03-13,https://data.eastmoney.com/notices/detail/603517/AN202503121644308232.html
603517,ST绝味,绝味食品:绝味食品第六届董事会第一次会议决议公告,高管人员任职变动,2025-03-13,https://data.eastmoney.com/notices/detail/603517/AN202503121644308233.html
603517,ST绝味,绝味食品:湖南启元律师事务所关于绝味食品股份有限公司2025年第一次临时股东大会法律意见书,法律意见书,2025-03-13,https://data.eastmoney.com/notices/detail/603517/AN202503121644308231.html
300061,旗天科技,旗天科技:关于为子公司提供担保的公告,提供/对外担保公告,2025-03-13,https://data.eastmoney.com/notices/detail/300061/AN202503121644308229.html
300021,大禹节水,大禹节水:关于联合体预中标湖南省常德市临澧县青山灌区现代化改造及融合发展项目的公告,重大合同,2025-03-13,https://data.eastmoney.com/notices/detail/300021/AN202503121644308228.html
000404,长虹华意,长虹华意:关于公司高级管理人员增持公司股份的公告,股东/实际控制人股份增持,2025-03-13,https://data.eastmoney.com/notices/detail/000404/AN202503121644308227.html
601216,君正集团,君正集团:君正集团持股5％以上股东减持计划时间届满未减持股份的结果公告,股东/实际控制人股份减持,2025-03-13,https://data.eastmoney.com/notices/detail/601216/AN202503121644308226.html
688349,三一重能,三一重能:三一重能第二届董事会独立董事专门会议第九次会议决议,董事会决议公告,2025-03-13,https://data.eastmoney.com/notices/detail/688349/AN202503121644308217.html
688349,三一重能,三一重能:中信证券股份有限公司关于三一重能股份有限公司为子公司提供担保的核查意见,保荐/核查意见,2025-03-13,https://data.eastmoney.com/notices/detail/688349/AN202503121644308212.html
688349,三一重能,三一重能:三一重能第二届监事会第十三次会议决议公告,监事会决议公告,2025-03-13,https://data.eastmoney.com/notices/detail/688349/AN202503121644308209.html
688349,三一重能,三一重能:三一重能监事会关于公司2025年员工持股计划相关事项的核查意见,专项说明/独立意见,2025-03-13,https://data.eastmoney.com/notices/detail/688349/AN202503121644308205.html
688349,三一重能,三一重能:三一重能2025年员工持股计划管理办法,员工持股计划,2025-03-13,https://data.eastmoney.com/notices/detail/688349/AN202503121644308216.html
688349,三一重能,三一重能:三一重能关于召开2025年第二次临时股东大会的通知,召开股东大会通知,2025-03-13,https://data.eastmoney.com/notices/detail/688349/AN202503121644308215.html
688349,三一重能,三一重能:三一重能关于全资子公司购买资产暨关联交易的公告,其他,2025-03-13,https://data.eastmoney.com/notices/detail/688349/AN202503121644308214.html
688349,三一重能,三一重能:三一重能第一届第五次职工代表大会决议公告,高管人员任职变动,2025-03-13,https://data.eastmoney.com/notices/detail/688349/AN202503121644308213.html
688349,三一重能,三一重能:三一重能2025年员工持股计划(草案)摘要,员工持股计划,2025-03-13,https://data.eastmoney.com/notices/detail/688349/AN202503121644308208.html
688349,三一重能,三一重能:中信证券股份有限公司关于三一重能股份有限公司全资子公司购买资产暨关联交易的核查意见,保荐/核查意见,2025-03-13,https://data.eastmoney.com/notices/detail/688349/AN202503121644308211.html
688349,三一重能,三一重能:三一重能2025年员工持股计划(草案),员工持股计划,2025-03-13,https://data.eastmoney.com/notices/detail/688349/AN202503121644308206.html
688349,三一重能,三一重能:三一重能第二届董事会第十五次会议决议公告,董事会决议公告,2025-03-13,https://data.eastmoney.com/notices/detail/688349/AN202503121644308218.html
688349,三一重能,三一重能:湖南启元律师事务所关于三一重能股份有限公司2025年员工持股计划的法律意见书,员工持股计划,2025-03-13,https://data.eastmoney.com/notices/detail/688349/AN202503121644308204.html
688349,三一重能,三一重能:三一重能关于为子公司提供担保的公告,提供/对外担保公告,2025-03-13,https://data.eastmoney.com/notices/detail/688349/AN202503121644308207.html
600715,文投控股,*ST文投:北京市金杜律师事务所关于文投控股股份有限公司2025年第一次临时股东会之法律意见书,法律意见书,2025-03-13,https://data.eastmoney.com/notices/detail/600715/AN202503121644308200.html
600715,文投控股,*ST文投:文投控股股份有限公司2025年第一次临时股东会决议公告,股东大会决议公告,2025-03-13,https://data.eastmoney.com/notices/detail/600715/AN202503121644308201.html
688779,五矿新能,五矿新能:五矿新能源材料(湖南)股份有限公司2025年第一次临时股东大会决议公告,股东大会决议公告,2025-03-13,https://data.eastmoney.com/notices/detail/688779/AN202503121644308189.html
688779,五矿新能,五矿新能:北京市嘉源律师事务所关于五矿新能源材料(湖南)股份有限公司2025年第一次临时股东大会的法律意见书,法律意见书,2025-03-13,https://data.eastmoney.com/notices/detail/688779/AN202503121644308190.html
688779,五矿新能,五矿新能:五矿新能源材料(湖南)股份有限公司第二届监事会第二十次会议决议暨选举监事会主席的公告,高管人员任职变动,2025-03-13,https://data.eastmoney.com/notices/detail/688779/AN202503121644308191.html
301173,毓恬冠佳,毓恬冠佳:国泰君安证券股份有限公司关于上海毓恬冠佳科技股份有限公司使用部分闲置募集资金及自有资金进行现金管理的核查意见,保荐/核查意见,2025-03-13,https://data.eastmoney.com/notices/detail/301173/AN202503121644308185.html
301173,毓恬冠佳,毓恬冠佳:国泰君安证券股份有限公司关于上海毓恬冠佳科技股份有限公司调整募集资金投资项目拟投入募集资金金额的核查意见,保荐/核查意见,2025-03-13,https://data.eastmoney.com/notices/detail/301173/AN202503121644308180.html
301173,毓恬冠佳,毓恬冠佳:关于公司及子公司签订募集资金三方及四方监管协议的公告,签订协议,2025-03-13,https://data.eastmoney.com/notices/detail/301173/AN202503121644308178.html
301173,毓恬冠佳,毓恬冠佳:关于使用部分闲置募集资金及自有资金进行现金管理的公告,投资理财,2025-03-13,https://data.eastmoney.com/notices/detail/301173/AN202503121644308187.html
301173,毓恬冠佳,毓恬冠佳:第二届监事会第三次会议决议公告,监事会决议公告,2025-03-13,https://data.eastmoney.com/notices/detail/301173/AN202503121644308184.html
301173,毓恬冠佳,毓恬冠佳:关于调整募集资金投资项目拟投入募集资金金额的公告,变更募集资金投资项目,2025-03-13,https://data.eastmoney.com/notices/detail/301173/AN202503121644308177.html
301173,毓恬冠佳,毓恬冠佳:第二届董事会第七次会议决议公告,董事会决议公告,2025-03-13,https://data.eastmoney.com/notices/detail/301173/AN202503121644308182.html
002688,金河生物,金河生物:第六届监事会第十九次会议决议公告,监事会决议公告,2025-03-13,https://data.eastmoney.com/notices/detail/002688/AN202503121644308183.html
002688,金河生物,金河生物:关于放弃控股子公司部分少数股东股权优先受让权及向其增资的公告,其他,2025-03-13,https://data.eastmoney.com/notices/detail/002688/AN202503121644308181.html
002688,金河生物,金河生物:第六届董事会第二十三次会议决议公告,董事会决议公告,2025-03-13,https://data.eastmoney.com/notices/detail/002688/AN202503121644308186.html
000999,华润三九,华润三九:独立董事2024年度述职情况报告(刘俊勇),独立董事述职报告,2025-03-13,https://data.eastmoney.com/notices/detail/000999/AN202503121644308179.html
000999,华润三九,华润三九:董事会审计委员会对2024年度年审会计师事务所履行监督职责情况报告,其他,2025-03-13,https://data.eastmoney.com/notices/detail/000999/AN202503121644307930.html
000999,华润三九,华润三九:年度关联方资金占用专项审计报告,保荐/核查意见,2025-03-13,https://data.eastmoney.com/notices/detail/000999/AN202503121644307933.html
000999,华润三九,华润三九:董事会2024年度工作报告,其他,2025-03-13,https://data.eastmoney.com/notices/detail/000999/AN202503121644307942.html
000999,华润三九,华润三九:内部控制自我评价报告,内部控制报告,2025-03-13,https://data.eastmoney.com/notices/detail/000999/AN202503121644307934.html
000999,华润三九,华润三九:投资者关系管理制度(2025年3月修订),管理办法/制度,2025-03-13,https://data.eastmoney.com/notices/detail/000999/AN202503121644307940.html
000999,华润三九,华润三九:独立董事2024年度述职情况报告(李梦涓),独立董事述职报告,2025-03-13,https://data.eastmoney.com/notices/detail/000999/AN202503121644307917.html
000999,华润三九,华润三九:2024年年度报告摘要,年度报告摘要,2025-03-13,https://data.eastmoney.com/notices/detail/000999/AN202503121644307915.html
000999,华润三九,华润三九:上市公司2024年度非经营性资金占用及其他关联资金往来情况汇总表,资金占用,2025-03-13,https://data.eastmoney.com/notices/detail/000999/AN202503121644307911.html
000999,华润三九,华润三九:董事会决议公告,分配预案,2025-03-13,https://data.eastmoney.com/notices/detail/000999/AN202503121644307921.html
000999,华润三九,华润三九:董事会对独立董事独立性评估的专项意见,专项说明/独立意见,2025-03-13,https://data.eastmoney.com/notices/detail/000999/AN202503121644307908.html
000999,华润三九,华润三九:独立董事2024年度述职情况报告(张强),独立董事述职报告,2025-03-13,https://data.eastmoney.com/notices/detail/000999/AN202503121644307923.html
000999,华润三九,华润三九:2024年年度审计报告,审计报告,2025-03-13,https://data.eastmoney.com/notices/detail/000999/AN202503121644307914.html
000999,华润三九,华润三九:独立董事2024年度述职情况报告(贺震旦),独立董事述职报告,2025-03-13,https://data.eastmoney.com/notices/detail/000999/AN202503121644307928.html
000999,华润三九,华润三九:2024年可持续发展暨ESG报告,ESG公告,2025-03-13,https://data.eastmoney.com/notices/detail/000999/AN202503121644307937.html
000999,华润三九,华润三九:2024年度年审会计师履职情况评估报告,其他,2025-03-13,https://data.eastmoney.com/notices/detail/000999/AN202503121644307925.html
000999,华润三九,华润三九:独立董事2024年度述职情况报告(王轶),独立董事述职报告,2025-03-13,https://data.eastmoney.com/notices/detail/000999/AN202503121644307929.html
000999,华润三九,华润三九:2024年度投资者保护工作报告,其他,2025-03-13,https://data.eastmoney.com/notices/detail/000999/AN202503121644307913.html
000999,华润三九,华润三九:2024年可持续发展暨ESG报告(英文),ESG公告,2025-03-13,https://data.eastmoney.com/notices/detail/000999/AN202503121644307920.html
000999,华润三九,华润三九:独立董事2024年度述职情况报告(孙健),独立董事述职报告,2025-03-13,https://data.eastmoney.com/notices/detail/000999/AN202503121644307932.html
000999,华润三九,华润三九:独立董事2024年度述职情况报告(姚兴田),独立董事述职报告,2025-03-13,https://data.eastmoney.com/notices/detail/000999/AN202503121644307935.html
000999,华润三九,华润三九:关于2024年度计提各项资产减值准备的公告,其他,2025-03-13,https://data.eastmoney.com/notices/detail/000999/AN202503121644307941.html
000999,华润三九,华润三九:内部控制审计报告,审计报告,2025-03-13,https://data.eastmoney.com/notices/detail/000999/AN202503121644307916.html
000999,华润三九,华润三九:2024年年度报告,年度报告全文,2025-03-13,https://data.eastmoney.com/notices/detail/000999/AN202503121644307927.html
000999,华润三九,华润三九:监事会决议公告,监事会决议公告,2025-03-13,https://data.eastmoney.com/notices/detail/000999/AN202503121644307924.html
000999,华润三九,华润三九:市值管理制度(2025年3月制定),管理办法/制度,2025-03-13,https://data.eastmoney.com/notices/detail/000999/AN202503121644307939.html
000999,华润三九,华润三九:关于“质量回报双提升”行动方案的进展公告,其他,2025-03-13,https://data.eastmoney.com/notices/detail/000999/AN202503121644307918.html
000999,华润三九,华润三九:独立董事2024年度述职情况报告(许芳),独立董事述职报告,2025-03-13,https://data.eastmoney.com/notices/detail/000999/AN202503121644307909.html
000999,华润三九,华润三九:关于公司2024年度权益分派预案的公告,分配预案,2025-03-13,https://data.eastmoney.com/notices/detail/000999/AN202503121644307919.html
300945,曼卡龙,曼卡龙:《公司章程》修订对照表,公司章程修订,2025-03-13,https://data.eastmoney.com/notices/detail/300945/AN202503121644307910.html
300945,曼卡龙,曼卡龙:关于召开2025年第一次临时股东大会的通知,召开股东大会通知,2025-03-13,https://data.eastmoney.com/notices/detail/300945/AN202503121644307931.html
300945,曼卡龙,曼卡龙:《舆情管理制度》,管理办法/制度,2025-03-13,https://data.eastmoney.com/notices/detail/300945/AN202503121644307938.html
300945,曼卡龙,曼卡龙:第六届董事会第二次会议决议公告,董事会决议公告,2025-03-13,https://data.eastmoney.com/notices/detail/300945/AN202503121644307926.html
688201,ST信安,信安世纪:股东减持股份计划公告,股东/实际控制人股份减持,2025-03-13,https://data.eastmoney.com/notices/detail/688201/AN202503121644307905.html
600967,内蒙一机,内蒙一机:内蒙古第一机械集团股份有限公司关于公司股票交易异常波动的公告,股票交易异常波动,2025-03-13,https://data.eastmoney.com/notices/detail/600967/AN202503121644307897.html
600967,内蒙一机,内蒙一机:兵器工业集团关于内蒙一机股票交易异常波动情况的复函,股票交易异常波动,2025-03-13,https://data.eastmoney.com/notices/detail/600967/AN202503121644307899.html
600967,内蒙一机,内蒙一机:一机集团关于内蒙一机股票交易异常波动情况的复函,股票交易异常波动,2025-03-13,https://data.eastmoney.com/notices/detail/600967/AN202503121644307898.html
002581,*ST未名,未名医药:关于拟签署《买卖合同》的公告,签订协议,2025-03-13,https://data.eastmoney.com/notices/detail/002581/AN202503121644307892.html
002581,*ST未名,未名医药:第五届董事会第三十四次会议决议公告,董事会决议公告,2025-03-13,https://data.eastmoney.com/notices/detail/002581/AN202503121644307893.html
001317,三羊马,三羊马:部分公司董事、高级管理人员减持股份预披露公告,高管人员持股变动,2025-03-13,https://data.eastmoney.com/notices/detail/001317/AN202503121644307882.html
300128,锦富技术,锦富技术:关于变更董事会秘书的公告,高管人员任职变动,2025-03-13,https://data.eastmoney.com/notices/detail/300128/AN202503121644307868.html
300128,锦富技术,锦富技术:关于公司2025年度对外担保预计的公告,担保年度额度预计,2025-03-13,https://data.eastmoney.com/notices/detail/300128/AN202503121644307865.html
300128,锦富技术,锦富技术:关于为子公司提供担保的进展公告,提供/对外担保公告,2025-03-13,https://data.eastmoney.com/notices/detail/300128/AN202503121644307863.html
300128,锦富技术,锦富技术:第六届监事会第十六次(临时)会议决议公告,监事会决议公告,2025-03-13,https://data.eastmoney.com/notices/detail/300128/AN202503121644307867.html
300128,锦富技术,锦富技术:关于2025年度日常关联交易预计的公告,关联交易,2025-03-13,https://data.eastmoney.com/notices/detail/300128/AN202503121644307870.html
300128,锦富技术,锦富技术:第六届董事会第十八次(临时)会议决议公告,高管人员任职变动,2025-03-13,https://data.eastmoney.com/notices/detail/300128/AN202503121644307869.html
603297,永新光学,永新光学:宁波永新光学股份有限公司关于参与设立产业基金的公告,投资设立公司,2025-03-13,https://data.eastmoney.com/notices/detail/603297/AN202503121644307435.html
605303,园林股份,园林股份:关于股票交易异常波动的公告,股票交易异常波动,2025-03-13,https://data.eastmoney.com/notices/detail/605303/AN202503121644307430.html
605303,园林股份,园林股份:关于杭州市园林绿化股份有限公司股票交易异常波动问询函的回函,回复问询函公告,2025-03-13,https://data.eastmoney.com/notices/detail/605303/AN202503121644307429.html
603257,中国瑞林,中国瑞林首次公开发行股票并在主板上市发行安排及初步询价公告,初步询价及推介公告,2025-03-13,https://data.eastmoney.com/notices/detail/603257/AN202503121644307144.html
603257,中国瑞林,中国瑞林:中国瑞林首次公开发行股票并在主板上市招股意向书提示性公告,首发提示性公告,2025-03-13,https://data.eastmoney.com/notices/detail/603257/AN202503121644307257.html
603257,中国瑞林,中国瑞林:中国瑞林首次公开发行股票并在主板上市招股意向书,首发招股意向书,2025-03-13,https://data.eastmoney.com/notices/detail/603257/AN202503121644307258.html
603257,中国瑞林,中国瑞林:中国瑞林首次公开发行股票并在主板上市招股意向书附录,发行保荐书,2025-03-13,https://data.eastmoney.com/notices/detail/603257/AN202503121644307259.html
603326,我乐家居,我乐家居:控股股东及实际控制人关于股票交易异常波动问询函的回函,回复问询函公告,2025-03-13,https://data.eastmoney.com/notices/detail/603326/AN202503121644307391.html
603326,我乐家居,我乐家居:关于股票交易异常波动的公告,股票交易异常波动,2025-03-13,https://data.eastmoney.com/notices/detail/603326/AN202503121644307392.html
605069,正和生态,正和生态:关于《北京正和恒基滨水生态环境治理股份有限公司股票交易异常波动的问询函》的回函,回复问询函公告,2025-03-13,https://data.eastmoney.com/notices/detail/605069/AN202503121644307379.html
605069,正和生态,正和生态:股票交易异常波动公告,股票交易异常波动,2025-03-13,https://data.eastmoney.com/notices/detail/605069/AN202503121644307378.html
600310,广西能源,广西能源:广西能源股份有限公司关于唐丹众先生辞去公司董事、董事长职务的公告,高管人员任职变动,2025-03-13,https://data.eastmoney.com/notices/detail/600310/AN202503121644307369.html
002916,深南电路,深南电路:2024年度董事会工作报告,其他,2025-03-13,https://data.eastmoney.com/notices/detail/002916/AN202503121644307305.html
002916,深南电路,深南电路:董事会决议公告,分配预案,2025-03-13,https://data.eastmoney.com/notices/detail/002916/AN202503121644307321.html
002916,深南电路,深南电路:年度关联方资金占用专项审计报告,保荐/核查意见,2025-03-13,https://data.eastmoney.com/notices/detail/002916/AN202503121644307306.html
002916,深南电路,深南电路:2024年度独立董事述职报告(于洪宇),独立董事述职报告,2025-03-13,https://data.eastmoney.com/notices/detail/002916/AN202503121644307296.html
002916,深南电路,深南电路:2024年度内部控制自我评价报告,内部控制报告,2025-03-13,https://data.eastmoney.com/notices/detail/002916/AN202503121644307347.html
002916,深南电路,深南电路:审计委员会对会计师事务所2024年度履职情况评估及履行监督职责情况报告,其他,2025-03-13,https://data.eastmoney.com/notices/detail/002916/AN202503121644307329.html
002916,深南电路,深南电路:会计政策变更公告,其他,2025-03-13,https://data.eastmoney.com/notices/detail/002916/AN202503121644307333.html
002916,深南电路,深南电路:2024年度独立董事述职报告(张汉斌),独立董事述职报告,2025-03-13,https://data.eastmoney.com/notices/detail/002916/AN202503121644307318.html
002916,深南电路,深南电路:2024年年度审计报告,审计报告,2025-03-13,https://data.eastmoney.com/notices/detail/002916/AN202503121644307311.html
002916,深南电路,深南电路:关于召开2024年年度股东大会的通知,召开股东大会通知,2025-03-13,https://data.eastmoney.com/notices/detail/002916/AN202503121644307328.html
002916,深南电路,深南电路:关于开展外汇衍生品套期保值业务的公告,其他,2025-03-13,https://data.eastmoney.com/notices/detail/002916/AN202503121644307343.html
002916,深南电路,深南电路:2024年度非经营性资金占用及其他关联资金往来情况汇总表,资金占用,2025-03-13,https://data.eastmoney.com/notices/detail/002916/AN202503121644307290.html
002916,深南电路,深南电路:涉及财务公司关联交易的存款、贷款等金融业务的专项说明,专项说明/独立意见,2025-03-13,https://data.eastmoney.com/notices/detail/002916/AN202503121644307310.html
002916,深南电路,深南电路:2024年度监事会工作报告,其他,2025-03-13,https://data.eastmoney.com/notices/detail/002916/AN202503121644307336.html
002916,深南电路,深南电路:关于举办2024年度网上业绩说明会并征集相关问题的公告,其他,2025-03-13,https://data.eastmoney.com/notices/detail/002916/AN202503121644307355.html
002916,深南电路,深南电路:2024年可持续发展(暨ESG)报告,ESG公告,2025-03-13,https://data.eastmoney.com/notices/detail/002916/AN202503121644307299.html
002916,深南电路,深南电路:2025年度财务预算报告,其他,2025-03-13,https://data.eastmoney.com/notices/detail/002916/AN202503121644307352.html
002916,深南电路,深南电路:募集资金年度存放与使用情况专项报告的鉴证报告,保荐/核查意见,2025-03-13,https://data.eastmoney.com/notices/detail/002916/AN202503121644307338.html
002916,深南电路,深南电路:国泰君安证券股份有限公司、中航证券有限公司关于公司2024年度募集资金存放与使用的核查意见,保荐/核查意见,2025-03-13,https://data.eastmoney.com/notices/detail/002916/AN202503121644307292.html
002916,深南电路,深南电路:监事会决议公告,监事会决议公告,2025-03-13,https://data.eastmoney.com/notices/detail/002916/AN202503121644307325.html
002916,深南电路,深南电路:2024年度独立董事述职报告(黄亚英),独立董事述职报告,2025-03-13,https://data.eastmoney.com/notices/detail/002916/AN202503121644307313.html
002916,深南电路,深南电路:内部控制审计报告,审计报告,2025-03-13,https://data.eastmoney.com/notices/detail/002916/AN202503121644307316.html
002916,深南电路,深南电路:关于开展外汇衍生品套期保值业务的可行性分析报告,其他,2025-03-13,https://data.eastmoney.com/notices/detail/002916/AN202503121644307332.html
002916,深南电路,深南电路:关于增加2025年度日常关联交易预计额度的公告,关联交易,2025-03-13,https://data.eastmoney.com/notices/detail/002916/AN202503121644307350.html
002916,深南电路,深南电路:董事会对独立董事独立性评估的专项意见,专项说明/独立意见,2025-03-13,https://data.eastmoney.com/notices/detail/002916/AN202503121644307344.html
002916,深南电路,深南电路:2024年度募集资金存放与使用情况的专项报告,募集资金使用情况报告,2025-03-13,https://data.eastmoney.com/notices/detail/002916/AN202503121644307288.html
002916,深南电路,深南电路:2024年度财务决算报告,年度财务报告,2025-03-13,https://data.eastmoney.com/notices/detail/002916/AN202503121644307308.html
002916,深南电路,深南电路:关于使用节余募集资金永久补充流动资金的公告,募集资金补充流动资金,2025-03-13,https://data.eastmoney.com/notices/detail/002916/AN202503121644307323.html
002916,深南电路,深南电路:2024年度利润分配和资本公积金转增股本方案,分配预案,2025-03-13,https://data.eastmoney.com/notices/detail/002916/AN202503121644307303.html
002916,深南电路,深南电路:国泰君安证券股份有限公司、中航证券有限公司关于公司使用节余募集资金永久补充流动资金的核查意见,保荐/核查意见,2025-03-13,https://data.eastmoney.com/notices/detail/002916/AN202503121644307357.html
002916,深南电路,深南电路:关于与中航工业集团财务有限责任公司关联存贷款的风险持续评估报告,其他,2025-03-13,https://data.eastmoney.com/notices/detail/002916/AN202503121644307331.html
002916,深南电路,深南电路:2024年年度报告摘要,年度报告摘要,2025-03-13,https://data.eastmoney.com/notices/detail/002916/AN202503121644307320.html
002692,远程股份,远程股份:《董事会秘书工作制度》(2025年3月),管理办法/制度,2025-03-13,https://data.eastmoney.com/notices/detail/002692/AN202503121644307345.html
002692,远程股份,远程股份:内部控制审计报告,审计报告,2025-03-13,https://data.eastmoney.com/notices/detail/002692/AN202503121644307289.html
002692,远程股份,远程股份:2024年度监事会工作报告,其他,2025-03-13,https://data.eastmoney.com/notices/detail/002692/AN202503121644307322.html
002692,远程股份,远程股份:2024年年度报告,年度报告全文,2025-03-13,https://data.eastmoney.com/notices/detail/002692/AN202503121644307304.html
002692,远程股份,远程股份:年度关联方资金占用专项审计报告,保荐/核查意见,2025-03-13,https://data.eastmoney.com/notices/detail/002692/AN202503121644307356.html
002692,远程股份,远程股份:独立董事述职报告(吴长顺),独立董事述职报告,2025-03-13,https://data.eastmoney.com/notices/detail/002692/AN202503121644307330.html
002692,远程股份,远程股份:2024年年度审计报告,审计报告,2025-03-13,https://data.eastmoney.com/notices/detail/002692/AN202503121644307309.html
002692,远程股份,远程股份:涉及财务公司关联交易的存款、贷款等金融业务的专项说明,专项说明/独立意见,2025-03-13,https://data.eastmoney.com/notices/detail/002692/AN202503121644307354.html
002692,远程股份,远程股份:《信息披露事务管理制度》(2025年3月),管理办法/制度,2025-03-13,https://data.eastmoney.com/notices/detail/002692/AN202503121644307300.html
002692,远程股份,远程股份:独立董事述职报告(丁嘉宏),独立董事述职报告,2025-03-13,https://data.eastmoney.com/notices/detail/002692/AN202503121644307298.html
002692,远程股份,远程股份:内部控制自我评价报告,内部控制报告,2025-03-13,https://data.eastmoney.com/notices/detail/002692/AN202503121644307314.html
002692,远程股份,远程股份:关于对会计师事务所2024年度履职情况评估暨审计委员会履行监督职责情况的报告,其他,2025-03-13,https://data.eastmoney.com/notices/detail/002692/AN202503121644307334.html
002692,远程股份,远程股份:控股股东、其他关联方及前实际控制人非经营性资金占用及清偿情况的专项审核意见,保荐/核查意见,2025-03-13,https://data.eastmoney.com/notices/detail/002692/AN202503121644307335.html
002692,远程股份,远程股份:非经常性损益审核报告书,保荐/核查意见,2025-03-13,https://data.eastmoney.com/notices/detail/002692/AN202503121644307297.html
002692,远程股份,远程股份:国联财务有限责任财务公司2024年年度风险评估审核报告,保荐/核查意见,2025-03-13,https://data.eastmoney.com/notices/detail/002692/AN202503121644307327.html
002692,远程股份,远程股份:2024年度董事会工作报告,其他,2025-03-13,https://data.eastmoney.com/notices/detail/002692/AN202503121644307307.html
002692,远程股份,远程股份:独立董事述职报告(冯凯燕),独立董事述职报告,2025-03-13,https://data.eastmoney.com/notices/detail/002692/AN202503121644307293.html
002692,远程股份,远程股份:董事会对独立董事独立性评估的专项意见,专项说明/独立意见,2025-03-13,https://data.eastmoney.com/notices/detail/002692/AN202503121644307317.html
002692,远程股份,远程股份:董事会决议公告,分配预案,2025-03-13,https://data.eastmoney.com/notices/detail/002692/AN202503121644307324.html
002692,远程股份,远程股份:监事会决议公告,监事会决议公告,2025-03-13,https://data.eastmoney.com/notices/detail/002692/AN202503121644307291.html
002692,远程股份,远程股份:关于2024年度利润分配方案的公告,分配预案,2025-03-13,https://data.eastmoney.com/notices/detail/002692/AN202503121644307339.html
002692,远程股份,远程股份:关于2024年度计提资产减值准备的公告,其他,2025-03-13,https://data.eastmoney.com/notices/detail/002692/AN202503121644307351.html
002692,远程股份,远程股份:关于拟续聘会计师事务所的公告,审计机构变更,2025-03-13,https://data.eastmoney.com/notices/detail/002692/AN202503121644307315.html
002692,远程股份,远程股份:2024年年度报告摘要,年度报告摘要,2025-03-13,https://data.eastmoney.com/notices/detail/002692/AN202503121644307348.html
002692,远程股份,远程股份:年度股东大会通知,召开股东大会通知,2025-03-13,https://data.eastmoney.com/notices/detail/002692/AN202503121644307353.html
002692,远程股份,远程股份:关于2025年度为全资子公司提供担保额度预计的公告,担保年度额度预计,2025-03-13,https://data.eastmoney.com/notices/detail/002692/AN202503121644307340.html
301297,富乐德,富乐德:上海市锦天城律师事务所关于安徽富乐德科技发展股份有限公司发行股份及可转换公司债券购买资产并募集配套资金暨关联交易之补充法律意见书(二),法律意见书,2025-03-13,https://data.eastmoney.com/notices/detail/301297/AN202503121644307302.html
301297,富乐德,富乐德:天健会计师事务所关于安徽富乐德科技发展股份有限公司发行股份、发行可转换为股票的公司债券购买资产并募集配套资金申请的审核问询函中有关财务事项的说明,其他,2025-03-13,https://data.eastmoney.com/notices/detail/301297/AN202503121644307341.html
301297,富乐德,富乐德:安徽富乐德科技发展股份有限公司发行股份、可转换公司债券购买资产并募集配套资金暨关联交易报告书(草案)摘要(修订稿),其他增发事项公告,2025-03-13,https://data.eastmoney.com/notices/detail/301297/AN202503121644307349.html
301297,富乐德,富乐德:安徽富乐德科技发展股份有限公司关于发行股份、可转换公司债券购买资产并募集配套资金暨关联交易报告书(草案)(修订稿)修订说明的公告,其他,2025-03-13,https://data.eastmoney.com/notices/detail/301297/AN202503121644307301.html
301297,富乐德,富乐德:东方证券股份有限公司、国泰君安证券股份有限公司关于深圳证券交易所《关于安徽富乐德科技发展股份有限公司发行股份、发行可转换为股票的公司债券购买资产并募集配套资金申请的审核问询函》回复之核查意见,回复问询函公告,2025-03-13,https://data.eastmoney.com/notices/detail/301297/AN202503121644307312.html
301297,富乐德,富乐德:安徽富乐德科技发展股份有限公司关于深圳证券交易所《关于安徽富乐德科技发展股份有限公司发行股份、发行可转换为股票的公司债券购买资产并募集配套资金申请的审核问询函》之回复,回复问询函公告,2025-03-13,https://data.eastmoney.com/notices/detail/301297/AN202503121644307342.html
301297,富乐德,富乐德:东方证券股份有限公司国泰君安证券股份有限公司关于安徽富乐德科技发展股份有限公司发行股份、可转换公司债券购买资产并募集配套资金暨关联交易之独立财务顾问报告(修订稿),保荐/核查意见,2025-03-13,https://data.eastmoney.com/notices/detail/301297/AN202503121644307295.html
301297,富乐德,富乐德:金证(上海)资产评估有限公司关于安徽富乐德科技发展股份有限公司发行股份、发行可转换为股票的公司债券购买资产并募集配套资金申请的审核问询函之回复,问询函其他公告,2025-03-13,https://data.eastmoney.com/notices/detail/301297/AN202503121644307337.html
301297,富乐德,富乐德:安徽富乐德科技发展股份有限公司关于发行股份、可转换公司债券购买资产并募集配套资金暨关联交易的审核问询函回复的提示性公告,回复问询函公告,2025-03-13,https://data.eastmoney.com/notices/detail/301297/AN202503121644307319.html
301297,富乐德,富乐德:安徽富乐德科技发展股份有限公司发行股份、可转换公司债券购买资产并募集配套资金暨关联交易报告书(草案)(修订稿),其他增发事项公告,2025-03-13,https://data.eastmoney.com/notices/detail/301297/AN202503121644307326.html
688260,昀冢科技,昀冢科技:董事、监事减持股份计划公告,股东/实际控制人股份减持,2025-03-13,https://data.eastmoney.com/notices/detail/688260/AN202503121644307267.html
600165,ST宁科,*ST宁科:*ST宁科股票交易风险提示公告,风险提示性公告,2025-03-13,https://data.eastmoney.com/notices/detail/600165/AN202503121644307078.html
301221,光庭信息,光庭信息:第四届监事会第二次会议决议公告,监事会决议公告,2025-03-13,https://data.eastmoney.com/notices/detail/301221/AN202503121644307096.html
301221,光庭信息,光庭信息:2025年限制性股票激励计划(草案)摘要,股权激励计划摘要,2025-03-13,https://data.eastmoney.com/notices/detail/301221/AN202503121644307099.html
301221,光庭信息,光庭信息:2025年限制性股票激励计划首次授予激励对象名单,股权激励对象名单,2025-03-13,https://data.eastmoney.com/notices/detail/301221/AN202503121644307091.html
301221,光庭信息,光庭信息:创业板上市公司股权激励计划自查表,股权激励计划,2025-03-13,https://data.eastmoney.com/notices/detail/301221/AN202503121644307104.html
301221,光庭信息,光庭信息:独立董事关于公开征集表决权的公告,其他,2025-03-13,https://data.eastmoney.com/notices/detail/301221/AN202503121644307101.html
301221,光庭信息,光庭信息:国金证券股份有限公司关于武汉光庭信息技术股份有限公司2025年限制性股票激励计划(草案)之独立财务顾问报告,保荐/核查意见,2025-03-13,https://data.eastmoney.com/notices/detail/301221/AN202503121644307095.html
301221,光庭信息,光庭信息:2025年限制性股票激励计划实施考核管理办法,管理办法/制度,2025-03-13,https://data.eastmoney.com/notices/detail/301221/AN202503121644307105.html
301221,光庭信息,光庭信息:监事会关于公司2025年限制性股票激励计划相关事项的核查意见,专项说明/独立意见,2025-03-13,https://data.eastmoney.com/notices/detail/301221/AN202503121644307129.html
301221,光庭信息,光庭信息:上海市锦天城律师事务所关于武汉光庭信息技术股份有限公司2025年限制性股票激励计划的法律意见书,法律意见书,2025-03-13,https://data.eastmoney.com/notices/detail/301221/AN202503121644307108.html
301221,光庭信息,光庭信息:第四届董事会第二次会议决议公告,董事会决议公告,2025-03-13,https://data.eastmoney.com/notices/detail/301221/AN202503121644307117.html
301221,光庭信息,光庭信息:关于召开2025年第二次临时股东大会的通知,召开股东大会通知,2025-03-13,https://data.eastmoney.com/notices/detail/301221/AN202503121644307086.html
301221,光庭信息,光庭信息:2025年限制性股票激励计划(草案),股权激励计划,2025-03-13,https://data.eastmoney.com/notices/detail/301221/AN202503121644307110.html
301141,中科磁业,中科磁业:天风证券股份有限公司关于浙江中科磁业股份有限公司2024年定期现场检查报告,保荐/核查意见,2025-03-13,https://data.eastmoney.com/notices/detail/301141/AN202503121644307085.html
300505,川金诺,川金诺:昆明川金诺化工股份有限公司独立董事述职报告(刘海兰),独立董事述职报告,2025-03-13,https://data.eastmoney.com/notices/detail/300505/AN202503121644307090.html
300505,川金诺,川金诺:昆明川金诺化工股份有限公司独立董事述职报告(朱锦余),独立董事述职报告,2025-03-13,https://data.eastmoney.com/notices/detail/300505/AN202503121644307100.html
300505,川金诺,川金诺:独立董事关于第五届董事会第十三次会议相关事项的独立意见,专项说明/独立意见,2025-03-13,https://data.eastmoney.com/notices/detail/300505/AN202503121644307111.html
300505,川金诺,川金诺:昆明川金诺化工股份有限公司独立董事述职报告(田俊),独立董事述职报告,2025-03-13,https://data.eastmoney.com/notices/detail/300505/AN202503121644307116.html
300505,川金诺,川金诺:第五届董事会独立董事第二次专门会议审核意见,专项说明/独立意见,2025-03-13,https://data.eastmoney.com/notices/detail/300505/AN202503121644307097.html
300505,川金诺,川金诺:昆明川金诺化工股份有限公司独立董事述职报告(和国忠),独立董事述职报告,2025-03-13,https://data.eastmoney.com/notices/detail/300505/AN202503121644307119.html
300505,川金诺,川金诺:世纪证券有限责任公司关于昆明川金诺化工股份有限公司2025年开展远期结售汇业务的核查意见,保荐/核查意见,2025-03-13,https://data.eastmoney.com/notices/detail/300505/AN202503121644307087.html
300505,川金诺,川金诺:世纪证券有限责任公司关于昆明川金诺化工股份有限公司2024年度募集资金存放与使用情况的核查意见,保荐/核查意见,2025-03-13,https://data.eastmoney.com/notices/detail/300505/AN202503121644307106.html
300505,川金诺,川金诺:2024年度内控审计报告,审计报告,2025-03-13,https://data.eastmoney.com/notices/detail/300505/AN202503121644307113.html
300505,川金诺,川金诺:2024年年度审计报告,审计报告,2025-03-13,https://data.eastmoney.com/notices/detail/300505/AN202503121644307118.html
300505,川金诺,川金诺:关于举行2024年度网上业绩说明会的公告,其他,2025-03-13,https://data.eastmoney.com/notices/detail/300505/AN202503121644307109.html
300505,川金诺,川金诺:董事会审计委员会对会计师事务所2024年度履职情况评估及履行监督职责情况的报告,其他,2025-03-13,https://data.eastmoney.com/notices/detail/300505/AN202503121644307088.html
300505,川金诺,川金诺:2024年度董事会工作报告,其他,2025-03-13,https://data.eastmoney.com/notices/detail/300505/AN202503121644307107.html
300505,川金诺,川金诺:公司未来三年(2025年-2027年)股东分红回报规划,其他,2025-03-13,https://data.eastmoney.com/notices/detail/300505/AN202503121644307098.html
300505,川金诺,川金诺:董事会对独董独立性评估的专项意见,专项说明/独立意见,2025-03-13,https://data.eastmoney.com/notices/detail/300505/AN202503121644307122.html
300505,川金诺,川金诺:信永中和关于2024年度非经营性资金占用及其他关联资金往来的关联方资金占用专项说明,专项说明/独立意见,2025-03-13,https://data.eastmoney.com/notices/detail/300505/AN202503121644307115.html
300505,川金诺,川金诺:2024年度监事会工作报告,其他,2025-03-13,https://data.eastmoney.com/notices/detail/300505/AN202503121644307103.html
300505,川金诺,川金诺:2024年度内部控制自我评价报告,内部控制报告,2025-03-13,https://data.eastmoney.com/notices/detail/300505/AN202503121644307121.html
300505,川金诺,川金诺:关于2024年度计提资产减值准备的公告,其他,2025-03-13,https://data.eastmoney.com/notices/detail/300505/AN202503121644307127.html
300505,川金诺,川金诺:明川金诺化工股份有限公司2024年度非经营性资金占用及其他关联资金往来情况汇总表,资金占用,2025-03-13,https://data.eastmoney.com/notices/detail/300505/AN202503121644307093.html
300505,川金诺,川金诺:世纪证券有限责任公司关于昆明川金诺化工股份有限公司2024年度内部控制自我评价报告的核查意见,保荐/核查意见,2025-03-13,https://data.eastmoney.com/notices/detail/300505/AN202503121644307128.html
300505,川金诺,川金诺:2024年度财务决算报告,年度财务报告,2025-03-13,https://data.eastmoney.com/notices/detail/300505/AN202503121644307089.html
300505,川金诺,川金诺:关于募集资金2024年度存放与使用情况的专项报告(1),募集资金使用情况报告,2025-03-13,https://data.eastmoney.com/notices/detail/300505/AN202503121644307092.html
300505,川金诺,川金诺:信永中和关于2024年度募集资金年度存放与使用情况鉴证报告,保荐/核查意见,2025-03-13,https://data.eastmoney.com/notices/detail/300505/AN202503121644307114.html
300505,川金诺,川金诺:关于公司及子公司2025年度向银行申请综合授信额度暨公司为子公司申请综合授信额度提供担保的公告,提供/对外担保公告,2025-03-13,https://data.eastmoney.com/notices/detail/300505/AN202503121644307112.html
300505,川金诺,川金诺:关于2025年开展远期结售汇业务的公告,其他,2025-03-13,https://data.eastmoney.com/notices/detail/300505/AN202503121644307102.html
300505,川金诺,川金诺:监事会决议公告,监事会决议公告,2025-03-13,https://data.eastmoney.com/notices/detail/300505/AN202503121644307126.html
300505,川金诺,川金诺:董事会决议公告,董事会决议公告,2025-03-13,https://data.eastmoney.com/notices/detail/300505/AN202503121644307094.html
300505,川金诺,川金诺:关于召开2024年年度股东大会通知的公告,召开股东大会通知,2025-03-13,https://data.eastmoney.com/notices/detail/300505/AN202503121644307120.html
300505,川金诺,川金诺:关于2024年度利润分配预案的公告,分配预案,2025-03-13,https://data.eastmoney.com/notices/detail/300505/AN202503121644307124.html
300505,川金诺,川金诺:2024年年度报告,年度报告全文,2025-03-13,https://data.eastmoney.com/notices/detail/300505/AN202503121644307123.html
300505,川金诺,川金诺:2024年年度报告摘要,年度报告摘要,2025-03-13,https://data.eastmoney.com/notices/detail/300505/AN202503121644307125.html
603759,海天股份,海天股份:海天股份关于上海证券交易所《关于对海天水务集团股份公司重大资产购买草案的问询函》的公告,收到问询函公告,2025-03-13,https://data.eastmoney.com/notices/detail/603759/AN202503121644306955.html
002249,大洋电机,大洋电机:关于对外提供财务资助展期的公告,获得补贴（资助）,2025-03-13,https://data.eastmoney.com/notices/detail/002249/AN202503121644306951.html
002249,大洋电机,大洋电机:第六届监事会第二十二次会议决议公告,监事会决议公告,2025-03-13,https://data.eastmoney.com/notices/detail/002249/AN202503121644306950.html
002249,大洋电机,大洋电机:关于开展2027年度商品期货套期保值业务的公告,其他,2025-03-13,https://data.eastmoney.com/notices/detail/002249/AN202503121644306927.html
002249,大洋电机,大洋电机:关于开展远期外汇套期保值业务的公告,其他,2025-03-13,https://data.eastmoney.com/notices/detail/002249/AN202503121644306929.html
002249,大洋电机,大洋电机:关于使用闲置自有资金购买理财产品的公告,投资理财,2025-03-13,https://data.eastmoney.com/notices/detail/002249/AN202503121644306928.html
002249,大洋电机,大洋电机:第六届董事会第二十六次会议决议公告,董事会决议公告,2025-03-13,https://data.eastmoney.com/notices/detail/002249/AN202503121644306930.html
688050,爱博医疗,爱博医疗:688050爱博医疗关于2024年度以简易程序向特定对象发行股票申请获得上海证券交易所审核通过的公告,增发获准公告,2025-03-13,https://data.eastmoney.com/notices/detail/688050/AN202503121644306896.html
688757,胜科纳米,胜科纳米:华泰联合证券有限责任公司关于胜科纳米(苏州)股份有限公司参与战略配售的投资者专项核查报告,保荐/核查意见,2025-03-13,https://data.eastmoney.com/notices/detail/688757/AN202503121644306895.html
688757,胜科纳米,胜科纳米:胜科纳米首次公开发行股票并在科创板上市投资风险特别公告,首发投资风险特别公告,2025-03-13,https://data.eastmoney.com/notices/detail/688757/AN202503121644306898.html
688757,胜科纳米,胜科纳米:胜科纳米首次公开发行股票并在科创板上市发行公告,网下发行公告,2025-03-13,https://data.eastmoney.com/notices/detail/688757/AN202503121644306897.html
688757,胜科纳米,胜科纳米:广东华商律师事务所关于胜科纳米(苏州)股份有限公司首次公开发行股票并在科创板上市之参与战略配售的投资者专项核查之法律意见书,法律意见书,2025-03-13,https://data.eastmoney.com/notices/detail/688757/AN202503121644306899.html
600198,大唐电信,大唐电信:大唐电信科技股份有限公司2025年第一次临时股东大会决议公告,股东大会决议公告,2025-03-13,https://data.eastmoney.com/notices/detail/600198/AN202503121644306888.html
600198,大唐电信,大唐电信:北京大成律师事务所关于大唐电信科技股份有限公司2025年第一次临时股东大会的法律意见书,法律意见书,2025-03-13,https://data.eastmoney.com/notices/detail/600198/AN202503121644306889.html
600098,广州发展,广州发展:广州发展集团股份有限公司关于控股股东及其一致行动人增持公司股份进展的公告,股东/实际控制人股份增持,2025-03-13,https://data.eastmoney.com/notices/detail/600098/AN202503121644306870.html
688343,云天励飞,云天励飞:北京市金杜(深圳)律师事务所关于深圳云天励飞技术股份有限公司2025年第一次临时股东大会之法律意见书,法律意见书,2025-03-13,https://data.eastmoney.com/notices/detail/688343/AN202503121644306872.html
688343,云天励飞,云天励飞:2025年第一次临时股东大会决议公告,股东大会决议公告,2025-03-13,https://data.eastmoney.com/notices/detail/688343/AN202503121644306871.html
300746,汉嘉数智,汉嘉设计:第六届董事会提名委员会关于第七届董事会候选人任职资格的审查意见,其他,2025-03-13,https://data.eastmoney.com/notices/detail/300746/AN202503121644306882.html
300746,汉嘉数智,汉嘉设计:关于第七届董事会独立董事津贴标准的公告,其他,2025-03-13,https://data.eastmoney.com/notices/detail/300746/AN202503121644306879.html
300746,汉嘉数智,汉嘉设计:汉嘉设计集团股份有限公司独立董事候选人关于参加最近一次独立董事培训的书面承诺,其他,2025-03-13,https://data.eastmoney.com/notices/detail/300746/AN202503121644306884.html
300746,汉嘉数智,汉嘉设计:独立董事候选人声明与承诺(张陶勇),独立董事候选人声明,2025-03-13,https://data.eastmoney.com/notices/detail/300746/AN202503121644306886.html
300746,汉嘉数智,汉嘉设计:关于公司董事会、监事会换届选举的公告,高管人员任职变动,2025-03-13,https://data.eastmoney.com/notices/detail/300746/AN202503121644306875.html
300746,汉嘉数智,汉嘉设计:独立董事提名人声明(葛素云),独立董事提名人声明,2025-03-13,https://data.eastmoney.com/notices/detail/300746/AN202503121644306883.html
300746,汉嘉数智,汉嘉设计:独立董事候选人声明与承诺(葛素云),独立董事候选人声明,2025-03-13,https://data.eastmoney.com/notices/detail/300746/AN202503121644306878.html
300746,汉嘉数智,汉嘉设计:独立董事提名人声明(张陶勇),独立董事提名人声明,2025-03-13,https://data.eastmoney.com/notices/detail/300746/AN202503121644306876.html
300746,汉嘉数智,汉嘉设计:独立董事候选人声明与承诺(张旭鸿),独立董事候选人声明,2025-03-13,https://data.eastmoney.com/notices/detail/300746/AN202503121644306881.html
300746,汉嘉数智,汉嘉设计:独立董事提名人声明(张旭鸿),独立董事提名人声明,2025-03-13,https://data.eastmoney.com/notices/detail/300746/AN202503121644306885.html
300746,汉嘉数智,汉嘉设计:第六届监事会第十六次会议决议公告,高管人员任职变动,2025-03-13,https://data.eastmoney.com/notices/detail/300746/AN202503121644306880.html
300746,汉嘉数智,汉嘉设计:关于召开2025年第一次临时股东大会的通知,召开股东大会通知,2025-03-13,https://data.eastmoney.com/notices/detail/300746/AN202503121644306877.html
300746,汉嘉数智,汉嘉设计:第六届董事会第十七次会议决议公告,高管人员任职变动,2025-03-13,https://data.eastmoney.com/notices/detail/300746/AN202503121644306887.html
600956,新天绿能,新天绿能:新天绿能2025年第一次临时股东大会的法律意见书,法律意见书,2025-03-13,https://data.eastmoney.com/notices/detail/600956/AN202503121644306753.html
603081,大丰实业,大丰实业:浙江大丰实业股份有限公司关于股份回购实施结果暨股份变动的公告,股本变动,2025-03-13,https://data.eastmoney.com/notices/detail/603081/AN202503121644306751.html
603081,大丰实业,大丰实业:浙江大丰实业股份有限公司关于“大丰转债”到期赎回暨摘牌的第四次提示性公告,其他,2025-03-13,https://data.eastmoney.com/notices/detail/603081/AN202503121644306752.html
600956,新天绿能,新天绿能:新天绿能2025年第一次临时股东大会决议公告,股东大会决议公告,2025-03-13,https://data.eastmoney.com/notices/detail/600956/AN202503121644306754.html
000034,神州数码,神州数码:关于“神码转债”赎回实施的第九次提示性公告,其他,2025-03-13,https://data.eastmoney.com/notices/detail/000034/AN202503121644306735.html
002052,同洲电子,*ST同洲:股票交易异常波动公告,股票交易异常波动,2025-03-13,https://data.eastmoney.com/notices/detail/002052/AN202503121644306736.html
600886,国投电力,国投电力:国投电力控股股份有限公司关于签署募集资金专户存储四方、五方、六方监管协议的公告,签订协议,2025-03-13,https://data.eastmoney.com/notices/detail/600886/AN202503121644306734.html
688159,有方科技,有方科技:财通证券股份有限公司关于深圳市有方科技股份有限公司使用部分闲置募集资金暂时补充流动资金的核查意见,保荐/核查意见,2025-03-13,https://data.eastmoney.com/notices/detail/688159/AN202503121644306728.html
688159,有方科技,有方科技:第四届董事会第四次会议决议公告,董事会决议公告,2025-03-13,https://data.eastmoney.com/notices/detail/688159/AN202503121644306727.html
688159,有方科技,有方科技:第四届监事会第三次会议决议公告,监事会决议公告,2025-03-13,https://data.eastmoney.com/notices/detail/688159/AN202503121644306729.html
688159,有方科技,有方科技:关于使用部分闲置募集资金暂时补充流动资金的公告,募集资金补充流动资金,2025-03-13,https://data.eastmoney.com/notices/detail/688159/AN202503121644306730.html
600115,中国东航,中国东航:中国国际金融股份有限公司关于中国东方航空股份有限公司2024年持续督导现场检查报告,保荐/核查意见,2025-03-13,https://data.eastmoney.com/notices/detail/600115/AN202503121644306696.html
600956,新天绿能,新天绿能:新天绿能H股公告(董事会召开日期),其他,2025-03-13,https://data.eastmoney.com/notices/detail/600956/AN202503121644306675.html
600998,九州通,九州通:九州通关于控股股东及其一致行动人解除股份质押及质押的公告,股份质押、冻结,2025-03-13,https://data.eastmoney.com/notices/detail/600998/AN202503121644306453.html
601456,国联民生,国联民生:H股公告(董事会会议通知),其他,2025-03-13,https://data.eastmoney.com/notices/detail/601456/AN202503121644306421.html
000833,粤桂股份,粤桂股份:第九届董事会第三十二次会议决议公告,高管人员任职变动,2025-03-13,https://data.eastmoney.com/notices/detail/000833/AN202503121644306426.html
001979,招商蛇口,招商蛇口:关于召开2024年度业绩说明会暨投资者交流会并征集问题的公告,其他,2025-03-13,https://data.eastmoney.com/notices/detail/001979/AN202503121644306425.html
600901,江苏金租,江苏金租:关于为项目公司提供担保的公告,提供/对外担保公告,2025-03-13,https://data.eastmoney.com/notices/detail/600901/AN202503121644306424.html
000833,粤桂股份,粤桂股份:2025年第一次临时股东会决议公告,股东大会决议公告,2025-03-13,https://data.eastmoney.com/notices/detail/000833/AN202503121644306405.html
000833,粤桂股份,粤桂股份:粤桂2025年第一次临时股东大会法律意见书,法律意见书,2025-03-13,https://data.eastmoney.com/notices/detail/000833/AN202503121644306406.html
688334,西高院,西高院:北京市嘉源律师事务所关于西安高压电器研究院股份有限公司2025年第一次临时股东大会的法律意见书,法律意见书,2025-03-13,https://data.eastmoney.com/notices/detail/688334/AN202503121644306399.html
688334,西高院,西高院:2025年第一次临时股东大会决议公告,股东大会决议公告,2025-03-13,https://data.eastmoney.com/notices/detail/688334/AN202503121644306400.html
300690,双一科技,双一科技:境外投资管理制度,管理办法/制度,2025-03-13,https://data.eastmoney.com/notices/detail/300690/AN202503121644306387.html
300690,双一科技,双一科技:关于开展境外投资的公告,对外项目投资,2025-03-13,https://data.eastmoney.com/notices/detail/300690/AN202503121644306389.html
300690,双一科技,双一科技:关于公司拟对外投资设立澳大利亚全资子公司的公告,投资设立公司,2025-03-13,https://data.eastmoney.com/notices/detail/300690/AN202503121644306390.html
002105,信隆健康,信隆健康:股票交易异常波动公告,股票交易异常波动,2025-03-13,https://data.eastmoney.com/notices/detail/002105/AN202503121644306391.html
000851,*ST高鸿,ST高鸿:关于累计诉讼、仲裁情况的进展公告,诉讼仲裁,2025-03-13,https://data.eastmoney.com/notices/detail/000851/AN202503121644306388.html
301099,雅创电子,雅创电子:2025-019关于控股股东、实际控制人及其一致行动人持股比例被动稀释触及1%的公告,股东/实际控制人股份减持,2025-03-13,https://data.eastmoney.com/notices/detail/301099/AN202503121644306040.html
301099,雅创电子,雅创电子:关于提前赎回雅创转债的第二次提示性公告,其他,2025-03-13,https://data.eastmoney.com/notices/detail/301099/AN202503121644306041.html
000851,*ST高鸿,ST高鸿:风险提示性公告,风险提示性公告,2025-03-13,https://data.eastmoney.com/notices/detail/000851/AN202503121644306042.html
000011,深物业A,深物业A:第十届董事会第33次会议决议公告,高管人员任职变动,2025-03-13,https://data.eastmoney.com/notices/detail/000011/AN202503121644306043.html
002647,仁东控股,*ST仁东:关于资本公积金转增股本实施后首个交易日开盘参考价调整的提示公告,其他,2025-03-13,https://data.eastmoney.com/notices/detail/002647/AN202503121644306028.html
002647,仁东控股,*ST仁东:中信证券股份有限公司关于对仁东控股股份有限公司调整资本公积转增股本除权参考价格的计算结果的专项意见,保荐/核查意见,2025-03-13,https://data.eastmoney.com/notices/detail/002647/AN202503121644306031.html
002851,麦格米特,麦格米特:关于审计机构变更项目合伙人及签字注册会计师的公告,审计机构变更,2025-03-13,https://data.eastmoney.com/notices/detail/002851/AN202503121644306030.html
000880,潍柴重机,潍柴重机:潍柴重机股份有限公司股票交易异常波动公告,股票交易异常波动,2025-03-13,https://data.eastmoney.com/notices/detail/000880/AN202503121644306032.html
002647,仁东控股,*ST仁东:关于重整计划资本公积金转增股本事项进展暨公司股票复牌的提示性公告,复牌公告,2025-03-13,https://data.eastmoney.com/notices/detail/002647/AN202503121644306029.html
300690,双一科技,双一科技:第四届董事会第四次临时会议决议公告,董事会决议公告,2025-03-13,https://data.eastmoney.com/notices/detail/300690/AN202503121644306027.html
002647,仁东控股,*ST仁东:关于公司股票可能被终止上市的风险提示公告,终止上市风险提示,2025-03-13,https://data.eastmoney.com/notices/detail/002647/AN202503121644306024.html
000813,德展健康,德展健康:关于公司签署《战略合作框架协议》的公告,签订协议,2025-03-13,https://data.eastmoney.com/notices/detail/000813/AN202503121644306006.html
601318,中国平安,中国平安:中国平安关于召开2024年度业绩发布会的公告,其他,2025-03-13,https://data.eastmoney.com/notices/detail/601318/AN202503121644305992.html
600525,ST长园,长园集团:关于股东大会开设网络投票提示服务的公告,其他,2025-03-13,https://data.eastmoney.com/notices/detail/600525/AN202503121644305993.html
600525,ST长园,长园集团:关于涉及诉讼事项及进展的公告,诉讼仲裁,2025-03-13,https://data.eastmoney.com/notices/detail/600525/AN202503121644305991.html
300594,ST朗进,朗进科技:山东朗进科技股份有限公司关于董事辞职暨补选非独立董事的公告,高管人员任职变动,2025-03-13,https://data.eastmoney.com/notices/detail/300594/AN202503121644305979.html
300594,ST朗进,朗进科技:山东朗进科技股份有限公司关于召开2025年第一次临时股东大会通知的公告,召开股东大会通知,2025-03-13,https://data.eastmoney.com/notices/detail/300594/AN202503121644305985.html
300594,ST朗进,朗进科技:山东朗进科技股份有限公司第六届董事会第七次会议决议的公告,高管人员任职变动,2025-03-13,https://data.eastmoney.com/notices/detail/300594/AN202503121644305982.html
002289,宇顺电子,ST宇顺:关于持股5%以上股东部分股份新增被轮候冻结的公告,股份质押、冻结,2025-03-13,https://data.eastmoney.com/notices/detail/002289/AN202503121644305981.html
000620,盈新发展,新华联:关于公司部分股份被解除质押及再质押的公告,股份质押、冻结,2025-03-13,https://data.eastmoney.com/notices/detail/000620/AN202503121644305984.html
000528,柳工,柳工:华泰联合证券有限责任公司关于广西柳工机械股份有限公司持续督导期2024年培训情况报告,保荐/核查意见,2025-03-13,https://data.eastmoney.com/notices/detail/000528/AN202503121644305974.html
000528,柳工,柳工:华泰联合证券有限责任公司关于广西柳工机械股份有限公司2024年持续督导定期现场检查报告,保荐/核查意见,2025-03-13,https://data.eastmoney.com/notices/detail/000528/AN202503121644305977.html
600496,精工钢构,精工钢构:精工钢构关于控股股东增持权益变动达到1%暨增持进展的公告,权益变动报告书,2025-03-13,https://data.eastmoney.com/notices/detail/600496/AN202503121644305971.html
603377,ST东时,ST东时:东方时尚投资有限公司关于对东方时尚驾驶学校股份有限公司股票异常波动问询函的回复,回复问询函公告,2025-03-13,https://data.eastmoney.com/notices/detail/603377/AN202503121644305965.html
603377,ST东时,ST东时:关于股票交易异常波动公告,股票交易异常波动,2025-03-13,https://data.eastmoney.com/notices/detail/603377/AN202503121644305966.html
002460,赣锋锂业,赣锋锂业:2025年第三次独立董事专门会议决议,其他,2025-03-13,https://data.eastmoney.com/notices/detail/002460/AN202503121644305655.html
002460,赣锋锂业,赣锋锂业:关于控股子公司赣锋锂电向其部分股东实施定向减资回购股份的公告,其他,2025-03-13,https://data.eastmoney.com/notices/detail/002460/AN202503121644305959.html
002460,赣锋锂业,赣锋锂业:关于公司向深圳易储增资涉及关联交易的公告,关联交易,2025-03-13,https://data.eastmoney.com/notices/detail/002460/AN202503121644305656.html
002460,赣锋锂业,赣锋锂业:第五届监事会第六十二次会议决议公告,监事会决议公告,2025-03-13,https://data.eastmoney.com/notices/detail/002460/AN202503121644305654.html
002460,赣锋锂业,赣锋锂业:关于公司为控股子公司提供担保的公告,提供/对外担保公告,2025-03-13,https://data.eastmoney.com/notices/detail/002460/AN202503121644305653.html
002460,赣锋锂业,赣锋锂业:关于公司对深圳易储提供财务资助的公告,获得补贴（资助）,2025-03-13,https://data.eastmoney.com/notices/detail/002460/AN202503121644305958.html
002460,赣锋锂业,赣锋锂业:第五届董事会第九十次会议决议公告,董事会决议公告,2025-03-13,https://data.eastmoney.com/notices/detail/002460/AN202503121644305957.html
600184,光电股份,光电股份:北方光电股份有限公司关于向特定对象发行A股股票的审核问询函回复及募集说明书等申请文件更新的提示性公告,回复问询函公告,2025-03-13,https://data.eastmoney.com/notices/detail/600184/AN202503121644305643.html
600184,光电股份,光电股份:北方光电股份有限公司向特定对象发行股票募集说明书(申报稿)(修订稿),增发方案修订,2025-03-13,https://data.eastmoney.com/notices/detail/600184/AN202503121644305647.html
600184,光电股份,光电股份:关于北方光电股份有限公司向特定对象发行股票申请文件的审核问询函的回复报告(修订稿),回复问询函公告,2025-03-13,https://data.eastmoney.com/notices/detail/600184/AN202503121644305640.html
600184,光电股份,光电股份:中信证券股份有限公司关于北方光电股份有限公司向特定对象发行A股股票之发行保荐书,发行保荐书,2025-03-13,https://data.eastmoney.com/notices/detail/600184/AN202503121644305642.html
600184,光电股份,光电股份:北京金杜(成都)律师事务所关于北方光电股份有限公司向特定对象发行A股股票之补充法律意见书(二),法律意见书,2025-03-13,https://data.eastmoney.com/notices/detail/600184/AN202503121644305646.html
600184,光电股份,光电股份:中信证券股份有限公司关于北方光电股份有限公司向特定对象发行A股股票之上市保荐书,上市保荐书,2025-03-13,https://data.eastmoney.com/notices/detail/600184/AN202503121644305644.html
600184,光电股份,光电股份:北京金杜(成都)律师事务所关于北方光电股份有限公司向特定对象发行A股股票之补充法律意见书(三),法律意见书,2025-03-13,https://data.eastmoney.com/notices/detail/600184/AN202503121644305645.html
600184,光电股份,光电股份:立信会计师事务所(特殊普通合伙)关于《北方光电股份有限公司2023年度向特定对象发行股票申请文件的审核问询函》的回复(修订稿),会计师事务所问询函回复公告,2025-03-13,https://data.eastmoney.com/notices/detail/600184/AN202503121644305641.html
003007,直真科技,直真科技:关于召开公司2025年第二次临时股东大会的通知,召开股东大会通知,2025-03-13,https://data.eastmoney.com/notices/detail/003007/AN202503121644305636.html
000970,中科三环,中科三环:中科三环关于拟续聘会计师事务所的公告,审计机构变更,2025-03-13,https://data.eastmoney.com/notices/detail/000970/AN202503121644305632.html
002279,久其软件,久其软件:关于使用闲置自有资金进行委托理财的进展公告,委托（受托）事项,2025-03-13,https://data.eastmoney.com/notices/detail/002279/AN202503121644305633.html
003007,直真科技,直真科技:第五届董事会第十八次会议决议公告,董事会决议公告,2025-03-13,https://data.eastmoney.com/notices/detail/003007/AN202503121644305637.html
000970,中科三环,中科三环:中科三环2024年度利润分配方案公告,分配预案,2025-03-13,https://data.eastmoney.com/notices/detail/000970/AN202503121644305634.html
003007,直真科技,直真科技:关于公司2025年度对外担保额度预计的公告,担保年度额度预计,2025-03-13,https://data.eastmoney.com/notices/detail/003007/AN202503121644305635.html
300749,顶固集创,顶固集创:回购报告书,回购报告书,2025-03-13,https://data.eastmoney.com/notices/detail/300749/AN202503121644305608.html
002204,大连重工,大连重工:2025年第一次临时股东大会法律意见书,法律意见书,2025-03-13,https://data.eastmoney.com/notices/detail/002204/AN202503121644305606.html
002204,大连重工,大连重工:2025年第一次临时股东大会决议公告,股东大会决议公告,2025-03-13,https://data.eastmoney.com/notices/detail/002204/AN202503121644305611.html
001269,欧晶科技,欧晶科技:关于欧晶转债预计触发转股价格向下修正条件的提示性公告,其他,2025-03-13,https://data.eastmoney.com/notices/detail/001269/AN202503121644305607.html
000065,北方国际,北方国际:关于北方转债赎回实施的第四次提示性公告,其他,2025-03-13,https://data.eastmoney.com/notices/detail/000065/AN202503121644305609.html
000065,北方国际,北方国际:关于控股股东及其一致行动人持股比例因可转换公司债券转股被动稀释的提示性公告,其他,2025-03-13,https://data.eastmoney.com/notices/detail/000065/AN202503121644305610.html
601969,海南矿业,海南矿业:海南矿业股份有限公司2025年第二次临时股东大会决议公告,股东大会决议公告,2025-03-13,https://data.eastmoney.com/notices/detail/601969/AN202503121644305592.html
601969,海南矿业,海南矿业:上海市锦天城律师事务所关于海南矿业股份有限公司2025年第二次临时股东大会的法律意见书,法律意见书,2025-03-13,https://data.eastmoney.com/notices/detail/601969/AN202503121644305590.html
601969,海南矿业,海南矿业:海南矿业股份有限公司关于回购股份用于注销并减少注册资本暨通知债权人的公告,公司注册资本变更,2025-03-13,https://data.eastmoney.com/notices/detail/601969/AN202503121644305591.html
603223,恒通股份,恒通股份:恒通物流股份有限公司股东减持股份结果公告,股东/实际控制人股份减持,2025-03-13,https://data.eastmoney.com/notices/detail/603223/AN202503121644305589.html
600392,盛和资源,盛和资源:盛和资源控股股份有限公司关于子公司收购江阴加华、淄博加华股权的进展公告,其他,2025-03-13,https://data.eastmoney.com/notices/detail/600392/AN202503121644305585.html
600392,盛和资源,盛和资源:盛和资源控股股份有限公司关于董事会换届选举等相关事项的提示性公告,高管人员任职变动,2025-03-13,https://data.eastmoney.com/notices/detail/600392/AN202503121644305584.html
300749,顶固集创,顶固集创:关于取得发明专利证书的公告,获得认证,2025-03-13,https://data.eastmoney.com/notices/detail/300749/AN202503121644305580.html
300484,蓝海华腾,蓝海华腾:关于选举产生第五届监事会职工代表监事的公告,高管人员任职变动,2025-03-13,https://data.eastmoney.com/notices/detail/300484/AN202503121644305581.html
300484,蓝海华腾,蓝海华腾:关于董事会、监事会换届选举完成的公告,高管人员任职变动,2025-03-13,https://data.eastmoney.com/notices/detail/300484/AN202503121644305582.html
300484,蓝海华腾,蓝海华腾:浙江天册(深圳)律师事务所关于深圳市蓝海华腾技术股份有限公司2025年第一次临时股东大会的法律意见书,法律意见书,2025-03-13,https://data.eastmoney.com/notices/detail/300484/AN202503121644305577.html
300484,蓝海华腾,蓝海华腾:第五届监事会第一次会议决议公告,高管人员任职变动,2025-03-13,https://data.eastmoney.com/notices/detail/300484/AN202503121644305576.html
300484,蓝海华腾,蓝海华腾:第五届董事会第一次会议决议公告,高管人员任职变动,2025-03-13,https://data.eastmoney.com/notices/detail/300484/AN202503121644305578.html
300484,蓝海华腾,蓝海华腾:关于回购注销部分限制性股票减少注册资本暨通知债权人的公告,公司注册资本变更,2025-03-13,https://data.eastmoney.com/notices/detail/300484/AN202503121644305583.html
002238,天威视讯,天威视讯:天威视讯关于股票交易异常波动公告,股票交易异常波动,2025-03-13,https://data.eastmoney.com/notices/detail/002238/AN202503121644305579.html
300484,蓝海华腾,蓝海华腾:关于选举公司董事长及聘任高级管理人员、内审部负责人、证券事务代表的公告,高管人员任职变动,2025-03-13,https://data.eastmoney.com/notices/detail/300484/AN202503121644305560.html
300484,蓝海华腾,蓝海华腾:2025年第一次临时股东大会决议公告,股东大会决议公告,2025-03-13,https://data.eastmoney.com/notices/detail/300484/AN202503121644305559.html
000665,湖北广电,湖北广电:关于公司股票交易异常波动的公告,股票交易异常波动,2025-03-13,https://data.eastmoney.com/notices/detail/000665/AN202503121644305444.html
003028,振邦智能,振邦智能:广东信达律师事务所关于深圳市振邦智能科技股份有限公司2025年第一次临时股东大会法律意见书,法律意见书,2025-03-13,https://data.eastmoney.com/notices/detail/003028/AN202503121644305438.html
003028,振邦智能,振邦智能:2025年第一次临时股东大会决议公告,股东大会决议公告,2025-03-13,https://data.eastmoney.com/notices/detail/003028/AN202503121644305439.html
003005,竞业达,竞业达:国金证券股份有限公司关于北京竞业达数码科技股份有限公司使用自有资金、银行承兑汇票等方式支付募投项目款项并以募集资金等额置换的核查意见,保荐/核查意见,2025-03-13,https://data.eastmoney.com/notices/detail/003005/AN202503121644305428.html
003005,竞业达,竞业达:关于使用自有资金、银行承兑汇票等方式支付募投项目款项并以募集资金等额置换的公告,募集资金使用情况报告,2025-03-13,https://data.eastmoney.com/notices/detail/003005/AN202503121644305435.html
003005,竞业达,竞业达:关于向全资子公司增资的公告,增资扩股,2025-03-13,https://data.eastmoney.com/notices/detail/003005/AN202503121644305430.html
003005,竞业达,竞业达:第三届监事会第十二次会议决议公告,监事会决议公告,2025-03-13,https://data.eastmoney.com/notices/detail/003005/AN202503121644305431.html
003005,竞业达,竞业达:第三届董事会第十四次会议决议公告,董事会决议公告,2025-03-13,https://data.eastmoney.com/notices/detail/003005/AN202503121644305436.html
002739,儒意电影,万达电影:关于持股5%以上股东权益变动触及1%的公告,权益变动报告书,2025-03-13,https://data.eastmoney.com/notices/detail/002739/AN202503121644305427.html
002382,蓝帆医疗,蓝帆医疗:关于暂不向下修正蓝帆转债转股价格的公告,其他,2025-03-13,https://data.eastmoney.com/notices/detail/002382/AN202503121644305429.html
002382,蓝帆医疗,蓝帆医疗:第六届董事会第二十次会议决议公告,董事会决议公告,2025-03-13,https://data.eastmoney.com/notices/detail/002382/AN202503121644305434.html
688699,明微电子,明微电子:关于使用剩余超募资金永久补充流动资金的公告,募集资金补充流动资金,2025-03-13,https://data.eastmoney.com/notices/detail/688699/AN202503121644305390.html
688699,明微电子,明微电子:中信建投证券股份有限公司关于深圳市明微电子股份有限公司使用剩余超募资金永久补充流动资金的核查意见,保荐/核查意见,2025-03-13,https://data.eastmoney.com/notices/detail/688699/AN202503121644305393.html
688699,明微电子,明微电子:关于召开2025年第一次临时股东大会的通知,召开股东大会通知,2025-03-13,https://data.eastmoney.com/notices/detail/688699/AN202503121644305391.html
688699,明微电子,明微电子:第六届监事会第十三次会议决议公告,监事会决议公告,2025-03-13,https://data.eastmoney.com/notices/detail/688699/AN202503121644305392.html
605300,佳禾食品,佳禾食品:佳禾食品工业股份有限公司验资报告,保荐/核查意见,2025-03-13,https://data.eastmoney.com/notices/detail/605300/AN202503121644305247.html
605300,佳禾食品,佳禾食品:北京国枫律师事务所关于佳禾食品工业股份有限公司向特定对象发行股票发行过程和认购对象合规性的专项法律意见书,法律意见书,2025-03-13,https://data.eastmoney.com/notices/detail/605300/AN202503121644305249.html
605300,佳禾食品,佳禾食品:佳禾食品工业股份有限公司向特定对象发行股票认购资金到位情况验资报告,保荐/核查意见,2025-03-13,https://data.eastmoney.com/notices/detail/605300/AN202503121644305246.html
605300,佳禾食品,佳禾食品:佳禾食品工业股份有限公司关于向特定对象发行A股股票发行情况的提示性公告,增发提示性公告,2025-03-13,https://data.eastmoney.com/notices/detail/605300/AN202503121644305248.html
605300,佳禾食品,佳禾食品:中信证券股份有限公司关于佳禾食品工业股份有限公司2023年度向特定对象发行A股股票发行过程和认购对象合规性的报告,保荐/核查意见,2025-03-13,https://data.eastmoney.com/notices/detail/605300/AN202503121644305244.html
605300,佳禾食品,佳禾食品:佳禾食品工业股份有限公司2023年度向特定对象发行A股股票发行情况报告书,其他增发事项公告,2025-03-13,https://data.eastmoney.com/notices/detail/605300/AN202503121644305245.html
301550,斯菱智驱,斯菱股份:财通证券股份有限公司关于浙江斯菱汽车轴承股份有限公司部分首次公开发行前已发行股份上市流通的核查意见,保荐/核查意见,2025-03-13,https://data.eastmoney.com/notices/detail/301550/AN202503121644305359.html
301550,斯菱智驱,斯菱股份:关于部分首次公开发行前已发行股份上市流通的提示性公告,限售股份上市流通,2025-03-13,https://data.eastmoney.com/notices/detail/301550/AN202503121644305373.html
300121,阳谷华泰,阳谷华泰:中泰证券股份有限公司关于山东阳谷华泰化工股份有限公司使用部分闲置募集资金暂时补充流动资金的核查意见,保荐/核查意见,2025-03-13,https://data.eastmoney.com/notices/detail/300121/AN202503121644305362.html
300121,阳谷华泰,阳谷华泰:关于使用闲置募集资金暂时补充流动资金的公告,募集资金补充流动资金,2025-03-13,https://data.eastmoney.com/notices/detail/300121/AN202503121644305365.html
300121,阳谷华泰,阳谷华泰:第六届监事会第三次会议决议公告,监事会决议公告,2025-03-13,https://data.eastmoney.com/notices/detail/300121/AN202503121644305371.html
300121,阳谷华泰,阳谷华泰:第六届董事会第五次会议决议公告,董事会决议公告,2025-03-13,https://data.eastmoney.com/notices/detail/300121/AN202503121644305361.html
002734,利民股份,利民股份:公司关于控股股东、实际控制人部分股份质押展期的公告,股份质押、冻结,2025-03-13,https://data.eastmoney.com/notices/detail/002734/AN202503121644305364.html
002544,普天科技,普天科技:中信证券股份有限公司关于中电科普天科技股份有限公司使用闲置募集资金进行现金管理的核查意见,保荐/核查意见,2025-03-13,https://data.eastmoney.com/notices/detail/002544/AN202503121644305357.html
002544,普天科技,普天科技:关于使用部分闲置募集资金进行现金管理的公告,投资理财,2025-03-13,https://data.eastmoney.com/notices/detail/002544/AN202503121644305363.html
002544,普天科技,普天科技:第七届监事会第六次会议决议公告,监事会决议公告,2025-03-13,https://data.eastmoney.com/notices/detail/002544/AN202503121644305369.html
002544,普天科技,普天科技:第七届董事会第六次会议决议公告,董事会决议公告,2025-03-13,https://data.eastmoney.com/notices/detail/002544/AN202503121644305376.html
000915,华特达因,华特达因:董事会决议公告,高管人员任职变动,2025-03-13,https://data.eastmoney.com/notices/detail/000915/AN202503121644305360.html
000779,甘咨询,甘咨询:甘肃工程咨询集团股份有限公司章程,公司章程,2025-03-13,https://data.eastmoney.com/notices/detail/000779/AN202503121644305358.html
000779,甘咨询,甘咨询:甘肃工程咨询集团股份有限公司关于修订《公司章程》的公告,公司章程修订,2025-03-13,https://data.eastmoney.com/notices/detail/000779/AN202503121644305370.html
000779,甘咨询,甘咨询:甘肃工程咨询集团股份有限公司2025年度日常关联交易预计的公告,关联交易,2025-03-13,https://data.eastmoney.com/notices/detail/000779/AN202503121644305366.html
000779,甘咨询,甘咨询:甘肃工程咨询集团股份有限公司第八届监事会第八次会议决议公告,监事会决议公告,2025-03-13,https://data.eastmoney.com/notices/detail/000779/AN202503121644305256.html
000779,甘咨询,甘咨询:甘肃工程咨询集团股份有限公司关于召开2025年第二次临时股东大会的通知,召开股东大会通知,2025-03-13,https://data.eastmoney.com/notices/detail/000779/AN202503121644305255.html
000779,甘咨询,甘咨询:甘肃工程咨询集团股份有限公司第八届董事会第十一次会议决议公告,董事会决议公告,2025-03-13,https://data.eastmoney.com/notices/detail/000779/AN202503121644305372.html
688486,龙迅股份,龙迅股份:龙迅股份2024年年度股东大会会议资料,股东大会资料,2025-03-13,https://data.eastmoney.com/notices/detail/688486/AN202503121644305238.html
688500,慧辰股份,慧辰股份:股东减持股份结果公告,股东/实际控制人股份减持,2025-03-13,https://data.eastmoney.com/notices/detail/688500/AN202503121644305233.html
000513,丽珠集团,丽珠集团:H股公告:董事会会议召开日期,其他,2025-03-13,https://data.eastmoney.com/notices/detail/000513/AN202503121644305225.html
601598,中国外运,中国外运:关于关联交易进展的公告,关联交易,2025-03-13,https://data.eastmoney.com/notices/detail/601598/AN202503121644305185.html
300567,精测电子,精测电子:武汉精测电子集团股份有限公司关于精测转债即将到期及停止交易的第五次提示性公告,其他,2025-03-13,https://data.eastmoney.com/notices/detail/300567/AN202503121644305214.html
002847,盐津铺子,盐津铺子:湖南启元律师事务所关于公司2025年第一次临时股东大会法律意见书,法律意见书,2025-03-13,https://data.eastmoney.com/notices/detail/002847/AN202503121644305223.html
002847,盐津铺子,盐津铺子:关于回购注销部分限制性股票通知债权人的公告,通知债权人公告,2025-03-13,https://data.eastmoney.com/notices/detail/002847/AN202503121644305228.html
002847,盐津铺子,盐津铺子:2025年第一次临时股东大会决议公告,股东大会决议公告,2025-03-13,https://data.eastmoney.com/notices/detail/002847/AN202503121644305217.html
002653,海思科,海思科:关于获得创新药HSK44459片两项新适应症《药物临床试验批准通知书》的公告,其他,2025-03-13,https://data.eastmoney.com/notices/detail/002653/AN202503121644305204.html
002639,雪人集团,雪人股份:监事会关于公司2025年股票期权激励计划首次授予激励对象名单的核查意见,专项说明/独立意见,2025-03-13,https://data.eastmoney.com/notices/detail/002639/AN202503121644305216.html
002639,雪人集团,雪人股份:国浩律师(福州)事务所关于福建雪人集团股份有限公司2025年股票期权激励计划首次授予事项之法律意见书,法律意见书,2025-03-13,https://data.eastmoney.com/notices/detail/002639/AN202503121644305227.html
002639,雪人集团,雪人股份:关于向激励对象首次授予股票期权的公告,股权激励进展公告,2025-03-13,https://data.eastmoney.com/notices/detail/002639/AN202503121644305220.html
002639,雪人集团,雪人股份:第六届监事会第二次(临时)会议决议公告,监事会决议公告,2025-03-13,https://data.eastmoney.com/notices/detail/002639/AN202503121644305226.html
002639,雪人集团,雪人股份:第六届董事会第三次(临时)会议决议公告,董事会决议公告,2025-03-13,https://data.eastmoney.com/notices/detail/002639/AN202503121644305218.html
603270,金帝股份,金帝股份:山东金帝精密机械科技股份有限公司关于使用暂时闲置募集资金进行现金管理到期赎回并继续进行现金管理的进展公告,募集资金使用进展情况,2025-03-13,https://data.eastmoney.com/notices/detail/603270/AN202503121644305184.html
603976,正川股份,正川股份:关于使用闲置自有资金进行现金管理的进展公告,投资理财,2025-03-13,https://data.eastmoney.com/notices/detail/603976/AN202503121644305186.html
300687,赛意信息,赛意信息:独立董事提名人声明-江奇,独立董事提名人声明,2025-03-13,https://data.eastmoney.com/notices/detail/300687/AN202503121644305164.html
300687,赛意信息,赛意信息:独立董事候选人声明-张振刚,独立董事候选人声明,2025-03-13,https://data.eastmoney.com/notices/detail/300687/AN202503121644305162.html
300687,赛意信息,赛意信息:独立董事提名人声明-张振刚,独立董事提名人声明,2025-03-13,https://data.eastmoney.com/notices/detail/300687/AN202503121644305170.html
300687,赛意信息,赛意信息:独立董事候选人声明-江奇,独立董事候选人声明,2025-03-13,https://data.eastmoney.com/notices/detail/300687/AN202503121644305160.html
300687,赛意信息,赛意信息:独立董事候选人声明-韩玲,独立董事候选人声明,2025-03-13,https://data.eastmoney.com/notices/detail/300687/AN202503121644305161.html
300687,赛意信息,赛意信息:独立董事提名人声明-韩玲,独立董事提名人声明,2025-03-13,https://data.eastmoney.com/notices/detail/300687/AN202503121644305167.html
300687,赛意信息,赛意信息:关于监事会换届选举的公告,高管人员任职变动,2025-03-13,https://data.eastmoney.com/notices/detail/300687/AN202503121644305165.html
300687,赛意信息,赛意信息:关于董事会换届选举的公告,高管人员任职变动,2025-03-13,https://data.eastmoney.com/notices/detail/300687/AN202503121644305163.html
300687,赛意信息,赛意信息:第三届监事会第二十九次会议决议公告,高管人员任职变动,2025-03-13,https://data.eastmoney.com/notices/detail/300687/AN202503121644305168.html
300687,赛意信息,赛意信息:关于召开2025年第一次临时股东大会的通知,召开股东大会通知,2025-03-13,https://data.eastmoney.com/notices/detail/300687/AN202503121644305166.html
300687,赛意信息,赛意信息:第三届董事会第三十二次会议决议公告,高管人员任职变动,2025-03-13,https://data.eastmoney.com/notices/detail/300687/AN202503121644305158.html
300313,天山生物,ST天山:公司2025年2月活畜销售情况简报,月度经营情况,2025-03-13,https://data.eastmoney.com/notices/detail/300313/AN202503121644305035.html
301219,腾远钴业,腾远钴业:东兴证券股份有限公司关于赣州腾远钴业新材料股份有限公司部分首次公开发行前已发行股份解除限售并上市流通的核查意见,保荐/核查意见,2025-03-13,https://data.eastmoney.com/notices/detail/301219/AN202503121644305036.html
301219,腾远钴业,腾远钴业:赣州腾远钴业新材料股份有限公司部分首次公开发行前已发行股份解除限售并上市流通提示性公告,限售股份上市流通,2025-03-13,https://data.eastmoney.com/notices/detail/301219/AN202503121644305037.html
601828,美凯龙,美凯龙:2025年第二次临时股东大会会议资料,股东大会资料,2025-03-13,https://data.eastmoney.com/notices/detail/601828/AN202503121644305013.html
601828,美凯龙,美凯龙:关于召开2025年第二次临时股东大会的通知,召开股东大会通知,2025-03-13,https://data.eastmoney.com/notices/detail/601828/AN202503121644305012.html
601717,中创智领,郑煤机:郑州煤矿机械集团股份有限公司关于以集中竞价交易方式回购A股股份的回购报告书,回购报告书,2025-03-13,https://data.eastmoney.com/notices/detail/601717/AN202503121644304966.html
601717,中创智领,郑煤机:郑州煤矿机械集团股份有限公司日常关联交易公告,关联交易,2025-03-13,https://data.eastmoney.com/notices/detail/601717/AN202503121644304968.html
601717,中创智领,郑煤机:郑州煤矿机械集团股份有限公司第六届监事会第十一次会议决议公告,监事会决议公告,2025-03-13,https://data.eastmoney.com/notices/detail/601717/AN202503121644304965.html
601717,中创智领,郑煤机:郑州煤矿机械集团股份有限公司第六届董事会第十二次会议决议公告,董事会决议公告,2025-03-13,https://data.eastmoney.com/notices/detail/601717/AN202503121644304967.html
002155,湖南黄金,湖南黄金:关于董事辞职的公告,高管人员任职变动,2025-03-13,https://data.eastmoney.com/notices/detail/002155/AN202503121644305014.html
300313,天山生物,ST天山:关于公司股票交易可能被实施退市风险警示的第二次风险提示性公告,其它风险提示公告,2025-03-13,https://data.eastmoney.com/notices/detail/300313/AN202503121644304985.html
605016,百龙创园,百龙创园:关于召开2025年第一次临时股东大会的通知,召开股东大会通知,2025-03-13,https://data.eastmoney.com/notices/detail/605016/AN202503121644304842.html
605016,百龙创园,百龙创园:山东百龙创园生物科技股份有限公司舆情管理制度,管理办法/制度,2025-03-13,https://data.eastmoney.com/notices/detail/605016/AN202503121644304840.html
605016,百龙创园,百龙创园:第三届董事会第十四次会议决议公告,董事会决议公告,2025-03-13,https://data.eastmoney.com/notices/detail/605016/AN202503121644304841.html
605016,百龙创园,百龙创园:山东百龙创园生物科技股份有限公司关联交易管理制度,管理办法/制度,2025-03-13,https://data.eastmoney.com/notices/detail/605016/AN202503121644304838.html
605016,百龙创园,百龙创园:山东百龙创园生物科技股份有限公司环境、社会及治理(ESG)管理制度,管理办法/制度,2025-03-13,https://data.eastmoney.com/notices/detail/605016/AN202503121644304839.html
605016,百龙创园,百龙创园:2025年第一次临时股东大会会议资料,股东大会资料,2025-03-13,https://data.eastmoney.com/notices/detail/605016/AN202503121644304837.html
605016,百龙创园,百龙创园:公司副总经理退休离职的公告,高管人员任职变动,2025-03-13,https://data.eastmoney.com/notices/detail/605016/AN202503121644304836.html
605016,百龙创园,百龙创园:山东百龙创园生物科技股份有限公司会计师事务所选聘制度,管理办法/制度,2025-03-13,https://data.eastmoney.com/notices/detail/605016/AN202503121644304835.html
002863,今飞凯达,今飞凯达:关于控股股东增持公司股份计划实施进展暨增持时间过半的公告,股东/实际控制人股份增持,2025-03-13,https://data.eastmoney.com/notices/detail/002863/AN202503121644304805.html
003003,天元股份,天元股份:关于实际控制人之一致行动人部分股票质押展期的公告,股份质押、冻结,2025-03-13,https://data.eastmoney.com/notices/detail/003003/AN202503121644304801.html
002592,ST八菱,ST八菱:关于控股股东股份解除司法冻结的公告,股份质押、冻结,2025-03-13,https://data.eastmoney.com/notices/detail/002592/AN202503121644304804.html
601601,中国太保,中国太保:中国太保H股公告(董事會會議通知),其他,2025-03-13,https://data.eastmoney.com/notices/detail/601601/AN202503121644304784.html
601933,永辉超市,永辉超市:永辉超市股份有限公司关于股东大会开设网络投票提示服务的公告,其他,2025-03-13,https://data.eastmoney.com/notices/detail/601933/AN202503121644304757.html
688772,珠海冠宇,珠海冠宇:关于控股子公司增资暨关联交易的进展公告,关联交易,2025-03-13,https://data.eastmoney.com/notices/detail/688772/AN202503121644304747.html
603535,嘉诚国际,嘉诚国际:嘉诚国际2024年年度股东会法律意见书,法律意见书,2025-03-13,https://data.eastmoney.com/notices/detail/603535/AN202503121644304746.html
603535,嘉诚国际,嘉诚国际:2024年年度股东会决议公告,分配方案决议公告,2025-03-13,https://data.eastmoney.com/notices/detail/603535/AN202503121644304745.html
600812,华北制药,华北制药:关于全资子公司取得西班牙AEMPSGMP符合性证书的公告,其他,2025-03-13,https://data.eastmoney.com/notices/detail/600812/AN202503121644304741.html
600928,西安银行,西安银行:西安银行股份有限公司第六届董事会第二十六次会议决议公告,董事会决议公告,2025-03-13,https://data.eastmoney.com/notices/detail/600928/AN202503121644304718.html
603588,高能环境,高能环境:高能环境关于为全资子公司及控股子公司提供担保的公告,提供/对外担保公告,2025-03-13,https://data.eastmoney.com/notices/detail/603588/AN202503121644304717.html
600928,西安银行,西安银行:西安银行股份有限公司第六届监事会第十六次会议决议公告,监事会决议公告,2025-03-13,https://data.eastmoney.com/notices/detail/600928/AN202503121644304719.html
002905,金逸影视,金逸影视:关于累计诉讼、仲裁案件情况的公告,诉讼仲裁,2025-03-13,https://data.eastmoney.com/notices/detail/002905/AN202503121644304722.html
600057,厦门象屿,厦门象屿:厦门象屿股份有限公司章程(2025年3月),公司章程,2025-03-13,https://data.eastmoney.com/notices/detail/600057/AN202503121644304694.html
600057,厦门象屿,厦门象屿:厦门象屿关于2025年度短期投资理财额度的公告,投资理财,2025-03-13,https://data.eastmoney.com/notices/detail/600057/AN202503121644304705.html
600057,厦门象屿,厦门象屿:厦门象屿关于回购注销部分限制性股票的公告,回购进展情况,2025-03-13,https://data.eastmoney.com/notices/detail/600057/AN202503121644304703.html
600057,厦门象屿,厦门象屿:厦门象屿关于2025年度开展外汇衍生品交易的公告,其他,2025-03-13,https://data.eastmoney.com/notices/detail/600057/AN202503121644304681.html
600057,厦门象屿,厦门象屿:厦门象屿关于2025年度为子公司和参股公司提供担保额度的公告,提供/对外担保公告,2025-03-13,https://data.eastmoney.com/notices/detail/600057/AN202503121644304677.html
600057,厦门象屿,厦门象屿:中国国际金融股份有限公司关于厦门象屿股份有限公司2025年度开展商品衍生品交易的核查意见,保荐/核查意见,2025-03-13,https://data.eastmoney.com/notices/detail/600057/AN202503121644304693.html
600057,厦门象屿,厦门象屿:厦门象屿关于使用募集资金置换已支付发行费用的自筹资金的公告,募集资金使用情况报告,2025-03-13,https://data.eastmoney.com/notices/detail/600057/AN202503121644304687.html
600057,厦门象屿,厦门象屿:厦门象屿第九届监事会第十八次会议决议公告,监事会决议公告,2025-03-13,https://data.eastmoney.com/notices/detail/600057/AN202503121644304676.html
600057,厦门象屿,厦门象屿:厦门象屿以自筹资金预先支付发行费用鉴证报告(容诚专字[2025]361Z0134号),保荐/核查意见,2025-03-13,https://data.eastmoney.com/notices/detail/600057/AN202503121644304678.html
600057,厦门象屿,厦门象屿:中国国际金融股份有限公司关于厦门象屿股份有限公司2025年度日常关联交易额度的核查意见,保荐/核查意见,2025-03-13,https://data.eastmoney.com/notices/detail/600057/AN202503121644304698.html
600057,厦门象屿,厦门象屿:中国国际金融股份有限公司关于厦门象屿股份有限公司使用募集资金置换已支付发行费用的自筹资金的核查意见,保荐/核查意见,2025-03-13,https://data.eastmoney.com/notices/detail/600057/AN202503121644304690.html
600057,厦门象屿,厦门象屿:厦门象屿关于2025年度日常关联交易额度的公告,关联交易,2025-03-13,https://data.eastmoney.com/notices/detail/600057/AN202503121644304685.html
600057,厦门象屿,厦门象屿:中国国际金融股份有限公司关于厦门象屿股份有限公司2025年度为子公司和参股公司提供担保额度的核查意见,保荐/核查意见,2025-03-13,https://data.eastmoney.com/notices/detail/600057/AN202503121644304697.html
600057,厦门象屿,厦门象屿:厦门象屿关于2025年度向控股股东及其关联公司借款额度的关联交易公告,借贷,2025-03-13,https://data.eastmoney.com/notices/detail/600057/AN202503121644304692.html
600057,厦门象屿,厦门象屿:厦门象屿关于增强股东回报暨提升2024年度现金分红比例的公告,其他,2025-03-13,https://data.eastmoney.com/notices/detail/600057/AN202503121644304700.html
600057,厦门象屿,厦门象屿:厦门象屿董事、监事和高级管理人员所持本公司股份及其变动管理制度(2025年3月),管理办法/制度,2025-03-13,https://data.eastmoney.com/notices/detail/600057/AN202503121644304682.html
600057,厦门象屿,厦门象屿:厦门象屿关于2025年度开展商品衍生品交易的公告,其他,2025-03-13,https://data.eastmoney.com/notices/detail/600057/AN202503121644304680.html
600057,厦门象屿,厦门象屿:厦门象屿关于聘任证券事务代表的公告,高管人员任职变动,2025-03-13,https://data.eastmoney.com/notices/detail/600057/AN202503121644304704.html
600057,厦门象屿,厦门象屿:厦门象屿关于2025年度与商业银行日常关联交易额度的公告,关联交易,2025-03-13,https://data.eastmoney.com/notices/detail/600057/AN202503121644304695.html
600057,厦门象屿,厦门象屿:中国国际金融股份有限公司关于厦门象屿股份有限公司2025年度短期投资理财额度的核查意见,保荐/核查意见,2025-03-13,https://data.eastmoney.com/notices/detail/600057/AN202503121644304683.html
600057,厦门象屿,厦门象屿:中国国际金融股份有限公司关于厦门象屿股份有限公司2025年度开展外汇衍生品交易的核查意见,保荐/核查意见,2025-03-13,https://data.eastmoney.com/notices/detail/600057/AN202503121644304702.html
600057,厦门象屿,厦门象屿:厦门象屿关于选举董事的公告,高管人员任职变动,2025-03-13,https://data.eastmoney.com/notices/detail/600057/AN202503121644304691.html
600057,厦门象屿,厦门象屿:厦门象屿关于变更注册资本及修订《公司章程》的公告,公司章程修订,2025-03-13,https://data.eastmoney.com/notices/detail/600057/AN202503121644304688.html
600057,厦门象屿,厦门象屿:中国国际金融股份有限公司关于厦门象屿股份有限公司2025年度向控股股东及其关联公司借款额度的核查意见,保荐/核查意见,2025-03-13,https://data.eastmoney.com/notices/detail/600057/AN202503121644304679.html
600057,厦门象屿,厦门象屿:上海荣正关于厦门象屿2020年股权激励计划及2022年限制性股票激励计划回购注销部分限制性股票相关事项之独立财务顾问报告,保荐/核查意见,2025-03-13,https://data.eastmoney.com/notices/detail/600057/AN202503121644304684.html
600057,厦门象屿,厦门象屿:厦门象屿关于召开2025年第一次临时股东大会的通知,召开股东大会通知,2025-03-13,https://data.eastmoney.com/notices/detail/600057/AN202503121644304686.html
600057,厦门象屿,厦门象屿:厦门象屿关于回购注销部分限制性股票通知债权人的公告,通知债权人公告,2025-03-13,https://data.eastmoney.com/notices/detail/600057/AN202503121644304701.html
600057,厦门象屿,厦门象屿:中国国际金融股份有限公司关于厦门象屿股份有限公司2025年度与商业银行日常关联交易额度的核查意见,保荐/核查意见,2025-03-13,https://data.eastmoney.com/notices/detail/600057/AN202503121644304689.html
600057,厦门象屿,厦门象屿:厦门象屿2020年股权激励计划与2022年股权激励计划之回购注销部分限制性股票的法律意见书,法律意见书,2025-03-13,https://data.eastmoney.com/notices/detail/600057/AN202503121644304696.html
600057,厦门象屿,厦门象屿:厦门象屿第九届董事会第二十九次会议决议公告,高管人员任职变动,2025-03-13,https://data.eastmoney.com/notices/detail/600057/AN202503121644304699.html
000166,申万宏源,申万宏源:关于申万宏源证券有限公司为境外子公司发行债券提供担保的进展公告,提供/对外担保公告,2025-03-13,https://data.eastmoney.com/notices/detail/000166/AN202503121644304661.html
688237,超卓航科,超卓航科:超卓航科关于召开2025年第一次临时股东大会的通知,召开股东大会通知,2025-03-13,https://data.eastmoney.com/notices/detail/688237/AN202503121644304346.html
688237,超卓航科,超卓航科:超卓航科关于变更董事、总经理的公告,高管人员任职变动,2025-03-13,https://data.eastmoney.com/notices/detail/688237/AN202503121644304347.html
601901,方正证券,方正证券:关于出售瑞信证券49%股权的进展公告,收购出售资产/股权,2025-03-13,https://data.eastmoney.com/notices/detail/601901/AN202503121644304341.html
600588,用友网络,用友网络:用友网络关于控股股东部分股份解除质押的公告,股份质押、冻结,2025-03-13,https://data.eastmoney.com/notices/detail/600588/AN202503121644304337.html
603058,永吉股份,永吉股份:贵州永吉印务股份有限公司第六届监事会第五次会议决议公告,监事会决议公告,2025-03-13,https://data.eastmoney.com/notices/detail/603058/AN202503121644304332.html
603058,永吉股份,永吉股份:贵州永吉印务股份有限公司关于本次向特定对象发行A股股票摊薄即期回报与填补措施及相关主体承诺的公告,其他,2025-03-13,https://data.eastmoney.com/notices/detail/603058/AN202503121644304328.html
603058,永吉股份,永吉股份:贵州永吉印务股份有限公司2025年度向特定对象发行A股股票预案,增发预案,2025-03-13,https://data.eastmoney.com/notices/detail/603058/AN202503121644304327.html
603058,永吉股份,永吉股份:贵州永吉印务股份有限公司前次募集资金使用情况鉴证报告,保荐/核查意见,2025-03-13,https://data.eastmoney.com/notices/detail/603058/AN202503121644304333.html
603058,永吉股份,永吉股份:贵州永吉印务股份有限公司关于暂不召开股东大会的公告,其他,2025-03-13,https://data.eastmoney.com/notices/detail/603058/AN202503121644304323.html
603058,永吉股份,永吉股份:贵州永吉印务股份有限公司2025年度向特定对象发行A股股票方案论证分析报告,其他,2025-03-13,https://data.eastmoney.com/notices/detail/603058/AN202503121644304320.html
603058,永吉股份,永吉股份:贵州永吉印务股份有限公司关于向特定对象发行股票预案披露的提示性公告,增发提示性公告,2025-03-13,https://data.eastmoney.com/notices/detail/603058/AN202503121644304324.html
603058,永吉股份,永吉股份:贵州永吉印务股份有限公司关于最近五年被证券监管部门和证券交易所采取监管措施或处罚及整改情况的公告,其他,2025-03-13,https://data.eastmoney.com/notices/detail/603058/AN202503121644304331.html
603058,永吉股份,永吉股份:贵州永吉印务股份有限公司2023年度审计报告,审计报告,2025-03-13,https://data.eastmoney.com/notices/detail/603058/AN202503121644304322.html
603058,永吉股份,永吉股份:贵州永吉印务股份有限公司关于向特定对象发行股票不存在直接或通过利益相关方向参与认购的投资者提供财务资助或补偿的公告,获得补贴（资助）,2025-03-13,https://data.eastmoney.com/notices/detail/603058/AN202503121644304319.html
603058,永吉股份,永吉股份:贵州永吉印务股份有限公司关于出售参股公司股权的进展公告,收购出售资产/股权,2025-03-13,https://data.eastmoney.com/notices/detail/603058/AN202503121644304325.html
603058,永吉股份,永吉股份:贵州永吉印务股份有限公司前次募集资金使用情况的专项报告,募集资金使用情况报告,2025-03-13,https://data.eastmoney.com/notices/detail/603058/AN202503121644304330.html
603058,永吉股份,永吉股份:贵州永吉印务股份有限公司2025年度向特定对象发行A股股票募集资金使用可行性分析报告,其他,2025-03-13,https://data.eastmoney.com/notices/detail/603058/AN202503121644304321.html
603058,永吉股份,永吉股份:贵州永吉印务股份有限公司未来三年(2025年-2027年)股东回报规划,其他,2025-03-13,https://data.eastmoney.com/notices/detail/603058/AN202503121644304326.html
603058,永吉股份,永吉股份:贵州永吉印务股份有限公司第六届董事会第九次会议决议公告	,增发预案,2025-03-13,https://data.eastmoney.com/notices/detail/603058/AN202503121644304329.html
000777,中核科技,中核科技:关于发行股份购买资产并募集配套资金暨关联交易的进展公告,关联交易,2025-03-13,https://data.eastmoney.com/notices/detail/000777/AN202503121644304310.html
600666,奥瑞德,奥瑞德:奥瑞德持股5%以上股东减持股份结果暨权益变动触及1%整数倍的提示性公告,权益变动报告书,2025-03-13,https://data.eastmoney.com/notices/detail/600666/AN202503121644304309.html
600390,五矿资本,五矿资本:五矿资本股份有限公司2025年第一次临时股东大会决议公告,股东大会决议公告,2025-03-13,https://data.eastmoney.com/notices/detail/600390/AN202503121644304306.html
600390,五矿资本,五矿资本:北京市嘉源律师事务所关于五矿资本股份有限公司2025年第一次临时股东大会的法律意见书,法律意见书,2025-03-13,https://data.eastmoney.com/notices/detail/600390/AN202503121644304307.html
600390,五矿资本,五矿资本:五矿资本股份有限公司第九届董事会第二十次会议决议公告,高管人员任职变动,2025-03-13,https://data.eastmoney.com/notices/detail/600390/AN202503121644304308.html
603282,亚光股份,亚光股份:国金证券股份有限公司关于浙江亚光科技股份有限公司首次公开发行股票部分募投项目结项及部分募投项目延期的核查意见,保荐/核查意见,2025-03-13,https://data.eastmoney.com/notices/detail/603282/AN202503121644304292.html
603282,亚光股份,亚光股份:关于部分募投项目结项及部分募投项目延期的公告,变更募集资金投资项目,2025-03-13,https://data.eastmoney.com/notices/detail/603282/AN202503121644304288.html
603282,亚光股份,亚光股份:关于注销参股公司的公告,公司关联方基本资料变更,2025-03-13,https://data.eastmoney.com/notices/detail/603282/AN202503121644304290.html
603282,亚光股份,亚光股份:公司第四届监事会第二次会议决议公告,监事会决议公告,2025-03-13,https://data.eastmoney.com/notices/detail/603282/AN202503121644304289.html
603282,亚光股份,亚光股份:公司第四届董事会第二次会议决议公告,董事会决议公告,2025-03-13,https://data.eastmoney.com/notices/detail/603282/AN202503121644304287.html
002093,国脉科技,国脉科技:股票交易异常波动公告,股票交易异常波动,2025-03-13,https://data.eastmoney.com/notices/detail/002093/AN202503121644304269.html
688070,纵横股份,纵横股份:2025年第一次临时股东大会决议公告,股东大会决议公告,2025-03-13,https://data.eastmoney.com/notices/detail/688070/AN202503121644304259.html
603995,甬金股份,甬金股份:关于为子公司提供担保的公告,提供/对外担保公告,2025-03-13,https://data.eastmoney.com/notices/detail/603995/AN202503121644304260.html
688070,纵横股份,纵横股份:北京金杜(成都)律师事务所关于成都纵横自动化技术股份有限公司2025年第一次临时股东大会之法律意见书,法律意见书,2025-03-13,https://data.eastmoney.com/notices/detail/688070/AN202503121644304258.html
600621,华鑫股份,华鑫股份:华鑫股份关于全资子公司华鑫证券有限责任公司2025年面向专业机构投资者公开发行公司债券(第一期)发行结果的公告,其他,2025-03-13,https://data.eastmoney.com/notices/detail/600621/AN202503121644304261.html
603278,大业股份,大业股份:大业股份部分董事及高级管理人员集中竞价减持股份结果公告,高管人员持股变动,2025-03-13,https://data.eastmoney.com/notices/detail/603278/AN202503121644304030.html
688219,会通股份,会通股份:会通新材料股份有限公司关于不提前赎回“会通转债”的公告,其他,2025-03-13,https://data.eastmoney.com/notices/detail/688219/AN202503121644304031.html
688219,会通股份,会通股份:中信证券股份有限公司关于会通新材料股份有限公司不提前赎回“会通转债”的核查意见,保荐/核查意见,2025-03-13,https://data.eastmoney.com/notices/detail/688219/AN202503121644304032.html
002015,协鑫能科,协鑫能科:关于与专业投资机构共同投资的公告,对外项目投资,2025-03-13,https://data.eastmoney.com/notices/detail/002015/AN202503121644304033.html
688239,航宇科技,航宇科技:中信证券股份有限公司关于贵州航宇科技发展股份有限公司向控股子公司提供借款暨关联交易的核查意见,保荐/核查意见,2025-03-13,https://data.eastmoney.com/notices/detail/688239/AN202503121644304018.html
688362,甬矽电子,甬矽电子:平安证券股份有限公司关于甬矽电子(宁波)股份有限公司向不特定对象发行可转换公司债券的审核中心意见落实函的回复(修订稿),其他,2025-03-13,https://data.eastmoney.com/notices/detail/688362/AN202503121644304019.html
688239,航宇科技,航宇科技:航宇科技关于向控股子公司提供借款暨关联交易的公告,借贷,2025-03-13,https://data.eastmoney.com/notices/detail/688239/AN202503121644304020.html
688362,甬矽电子,甬矽电子:关于甬矽电子(宁波)股份有限公司向不特定对象发行可转换公司债券的审核中心意见落实函有关财务事项的说明(修订稿),其他,2025-03-13,https://data.eastmoney.com/notices/detail/688362/AN202503121644304017.html
600505,西昌电力,西昌电力:关于公司及全资子公司诉讼结果的公告,诉讼仲裁,2025-03-13,https://data.eastmoney.com/notices/detail/600505/AN202503121644304016.html
600020,中原高速,中原高速:河南中原高速公路股份有限公司2025年2月份通行费收入和交通量数据公告,月度经营情况,2025-03-13,https://data.eastmoney.com/notices/detail/600020/AN202503121644304011.html
601869,长飞光纤,长飞光纤:长飞光纤光缆股份有限公司关于子公司参与设立投资基金的进展公告,其他,2025-03-13,https://data.eastmoney.com/notices/detail/601869/AN202503121644304004.html
600239,ST云城,云南城投:云南城投置业股份有限公司第十届董事会第二十六次会议决议公告,高管人员任职变动,2025-03-13,https://data.eastmoney.com/notices/detail/600239/AN202503121644304005.html
600239,ST云城,云南城投:云南城投置业股份有限公司关于撤销注销全资子公司并变更其公司名称和经营范围的公告,公司关联方基本资料变更,2025-03-13,https://data.eastmoney.com/notices/detail/600239/AN202503121644304003.html
600378,昊华科技,昊华科技:北京市通商律师事务所关于昊华化工科技集团股份有限公司2025年第一次临时股东大会的法律意见书,法律意见书,2025-03-13,https://data.eastmoney.com/notices/detail/600378/AN202503121644303996.html
600378,昊华科技,昊华科技:昊华科技2025年第一次临时股东大会决议公告,股东大会决议公告,2025-03-13,https://data.eastmoney.com/notices/detail/600378/AN202503121644303997.html
600378,昊华科技,昊华科技:昊华科技第八届监事会第二十二次会议决议公告,高管人员任职变动,2025-03-13,https://data.eastmoney.com/notices/detail/600378/AN202503121644303998.html
603075,热威股份,热威股份:关于使用部分暂时闲置募集资金进行现金管理赎回的公告,投资理财,2025-03-13,https://data.eastmoney.com/notices/detail/603075/AN202503121644303995.html
300340,科恒股份,科恒股份:第六届董事会第九次会议决议公告,董事会决议公告,2025-03-13,https://data.eastmoney.com/notices/detail/300340/AN202503121644303991.html
300340,科恒股份,科恒股份:2025年第二次临时股东大会通知,召开股东大会通知,2025-03-13,https://data.eastmoney.com/notices/detail/300340/AN202503121644303994.html
603958,哈森股份,哈森股份:股票交易异常波动公告,股票交易异常波动,2025-03-13,https://data.eastmoney.com/notices/detail/603958/AN202503121644303982.html
603958,哈森股份,哈森股份:控股股东、实际控制人关于公司股票交易异常波动的问询函的回复,回复问询函公告,2025-03-13,https://data.eastmoney.com/notices/detail/603958/AN202503121644303981.html
603313,梦百合,梦百合:关于涉及诉讼的公告,诉讼仲裁,2025-03-13,https://data.eastmoney.com/notices/detail/603313/AN202503121644303974.html
600761,安徽合力,安徽合力:安徽合力股份有限公司关于使用部分暂时闲置募集资金进行现金管理到期赎回的公告,投资理财,2025-03-13,https://data.eastmoney.com/notices/detail/600761/AN202503121644303973.html
300657,弘信电子,弘信电子:关于为子公司提供担保的进展公告,提供/对外担保公告,2025-03-13,https://data.eastmoney.com/notices/detail/300657/AN202503121644303552.html
002574,明牌珠宝,明牌珠宝:股票交易异常波动公告,股票交易异常波动,2025-03-13,https://data.eastmoney.com/notices/detail/002574/AN202503121644303958.html
000938,紫光股份,紫光股份:关于为子公司提供担保的进展公告,提供/对外担保公告,2025-03-13,https://data.eastmoney.com/notices/detail/000938/AN202503121644303959.html
000929,兰州黄河,兰州黄河:关于回购股份事项前十名股东及前十名无限售条件股东持股情况的公告,回购进展情况,2025-03-13,https://data.eastmoney.com/notices/detail/000929/AN202503121644303963.html
000908,石药景峰,*ST景峰:关于公司股票可能被终止上市的第四次风险提示公告,终止上市风险提示,2025-03-13,https://data.eastmoney.com/notices/detail/000908/AN202503121644303555.html
601866,中远海发,中远海发:H股公告:翌日披露报表,其他,2025-03-13,https://data.eastmoney.com/notices/detail/601866/AN202503121644303521.html
600030,中信证券,中信证券:中信证券股份有限公司关于为间接全资子公司发行欧洲商业票据提供担保及全资子公司为间接子公司发行中期票据提供担保的公告,提供/对外担保公告,2025-03-13,https://data.eastmoney.com/notices/detail/600030/AN202503121644303527.html
600129,太极集团,太极集团:太极集团2025年第一次临时股东大会资料,股东大会资料,2025-03-13,https://data.eastmoney.com/notices/detail/600129/AN202503121644303526.html
601881,中国银河,中国银河:2025年度第五期短期融资券发行结果公告,其他,2025-03-13,https://data.eastmoney.com/notices/detail/601881/AN202503121644303507.html
600129,太极集团,太极集团:太极集团关于股东大会开设网络投票提示服务的公告,其他,2025-03-13,https://data.eastmoney.com/notices/detail/600129/AN202503121644303502.html
002421,达实智能,达实智能:关于全资子公司为其子公司提供担保的进展公告,提供/对外担保公告,2025-03-13,https://data.eastmoney.com/notices/detail/002421/AN202503121644303495.html
688396,华润微,华润微:关于选举公司董事的公告,高管人员任职变动,2025-03-13,https://data.eastmoney.com/notices/detail/688396/AN202503121644303491.html
688396,华润微,华润微:华润微电子有限公司2025年第二次临时股东会会议资料,股东大会资料,2025-03-13,https://data.eastmoney.com/notices/detail/688396/AN202503121644303490.html
688396,华润微,华润微:关于召开2025年第二次临时股东会的通知,召开股东大会通知,2025-03-13,https://data.eastmoney.com/notices/detail/688396/AN202503121644303492.html
688208,道通科技,道通科技:道通科技2025年第一季度业绩预告的自愿性披露公告,业绩预告,2025-03-13,https://data.eastmoney.com/notices/detail/688208/AN202503121644303483.html
600639,浦东金桥,浦东金桥:浦东金桥2024年度业绩快报公告,业绩快报,2025-03-13,https://data.eastmoney.com/notices/detail/600639/AN202503121644303482.html
301456,盘古智能,盘古智能:关于与万通液压签署战略合作协议的自愿性披露公告,签订协议,2025-03-13,https://data.eastmoney.com/notices/detail/301456/AN202503121644303469.html
002939,长城证券,长城证券:2025年度第五期短期融资券发行结果公告,其他,2025-03-13,https://data.eastmoney.com/notices/detail/002939/AN202503121644303471.html
002939,长城证券,长城证券:2020年证券公司次级债券(第一期)兑付完成的公告,其他,2025-03-13,https://data.eastmoney.com/notices/detail/002939/AN202503121644303476.html
002765,蓝黛科技,蓝黛科技:关于设立泰国子公司并完成注册登记的公告,投资设立公司,2025-03-13,https://data.eastmoney.com/notices/detail/002765/AN202503121644303470.html
002124,天邦食品,ST天邦:关于2024年度对外担保的进展公告,提供/对外担保公告,2025-03-13,https://data.eastmoney.com/notices/detail/002124/AN202503121644303477.html
605266,健之佳,健之佳:关于为子公司提供担保的进展公告,提供/对外担保公告,2025-03-13,https://data.eastmoney.com/notices/detail/605266/AN202503121644303354.html
601179,中国西电,中国西电:中国西电第四届董事会第三十三次会议决议公告,董事会决议公告,2025-03-13,https://data.eastmoney.com/notices/detail/601179/AN202503121644303343.html
600362,江西铜业,江西铜业:江西铜业股份有限公司关于全资子公司收购SolGoldPlc约5.24%股权的公告,其他,2025-03-13,https://data.eastmoney.com/notices/detail/600362/AN202503121644303324.html
603822,ST嘉澳,嘉澳环保:2025年第一次临时股东大会决议公告,股东大会决议公告,2025-03-13,https://data.eastmoney.com/notices/detail/603822/AN202503121644303322.html
603822,ST嘉澳,嘉澳环保:嘉澳环保2025年第一次临时股东大会法律意见书,法律意见书,2025-03-13,https://data.eastmoney.com/notices/detail/603822/AN202503121644303320.html
300261,雅本化学,雅本化学:关于为子公司提供担保的进展公告,提供/对外担保公告,2025-03-13,https://data.eastmoney.com/notices/detail/300261/AN202503121644303329.html
002786,银宝山新,银宝山新:关于控股股东拟通过公开征集一次性转让公司部分股份的进展公告,股权转让,2025-03-13,https://data.eastmoney.com/notices/detail/002786/AN202503121644303325.html
002705,新宝股份,新宝股份:关于回购股份完成暨回购实施结果的公告,回购实施公告,2025-03-13,https://data.eastmoney.com/notices/detail/002705/AN202503121644303327.html
002111,威海广泰,威海广泰:关于董事会、监事会延期换届的提示性公告,高管人员任职变动,2025-03-13,https://data.eastmoney.com/notices/detail/002111/AN202503121644303326.html
000887,中鼎股份,中鼎股份:关于拟签订投资协议暨对外投资的公告,签订协议,2025-03-13,https://data.eastmoney.com/notices/detail/000887/AN202503121644303328.html
000887,中鼎股份,中鼎股份:第九届董事会第八次会议决议公告,董事会决议公告,2025-03-13,https://data.eastmoney.com/notices/detail/000887/AN202503121644303292.html
688685,迈信林,迈信林:江苏迈信林航空科技股份有限公司股东减持股份计划时间届满暨减持结果公告,股东/实际控制人股份减持,2025-03-13,https://data.eastmoney.com/notices/detail/688685/AN202503121644303011.html
601058,赛轮轮胎,赛轮轮胎:赛轮轮胎关于提供担保的进展公告,提供/对外担保公告,2025-03-13,https://data.eastmoney.com/notices/detail/601058/AN202503121644303010.html
603993,洛阳钼业,洛阳钼业:洛阳钼业关于对外担保计划的公告,提供/对外担保公告,2025-03-13,https://data.eastmoney.com/notices/detail/603993/AN202503121644303000.html
603392,万泰生物,万泰生物:万泰生物关于使用部分闲置募集资金进行现金管理到期赎回的公告,投资理财,2025-03-13,https://data.eastmoney.com/notices/detail/603392/AN202503121644303001.html
600585,海螺水泥,海螺水泥:董事會會議通告,其他,2025-03-13,https://data.eastmoney.com/notices/detail/600585/AN202503121644302974.html
600075,新疆天业,新疆天业:新疆天业股份有限公司关于2025年为子公司银行借款提供担保计划的公告,提供/对外担保公告,2025-03-13,https://data.eastmoney.com/notices/detail/600075/AN202503121644302985.html
600075,新疆天业,新疆天业:新疆天业股份有限公司关于使用闲置募集资金进行现金管理赎回的公告,投资理财,2025-03-13,https://data.eastmoney.com/notices/detail/600075/AN202503121644302984.html
600596,新安股份,新安股份:新安股份关于公司及控股子公司提供担保的进展公告,提供/对外担保公告,2025-03-13,https://data.eastmoney.com/notices/detail/600596/AN202503121644302990.html
600075,新疆天业,新疆天业:新疆天业股份有限公司2024年度日常关联交易执行情况及2025年日常关联交易预计公告,关联交易,2025-03-13,https://data.eastmoney.com/notices/detail/600075/AN202503121644302986.html
600075,新疆天业,新疆天业:新疆天业股份有限公司九届九次董事会会议决议公告,董事会决议公告,2025-03-13,https://data.eastmoney.com/notices/detail/600075/AN202503121644302989.html
600075,新疆天业,新疆天业:新疆天业股份有限公司关于为子公司银行借款提供担保的进展公告,提供/对外担保公告,2025-03-13,https://data.eastmoney.com/notices/detail/600075/AN202503121644302988.html
600075,新疆天业,新疆天业:新疆天业股份有限公司关于召开2025年第一次临时股东大会的通知,召开股东大会通知,2025-03-13,https://data.eastmoney.com/notices/detail/600075/AN202503121644302987.html
603810,丰山集团,丰山集团:江苏丰山集团股份有限公司投资者关系活动记录表(2025年3月11日至2025年3月12日),调研活动,2025-03-13,https://data.eastmoney.com/notices/detail/603810/AN202503121644302979.html
002244,滨江集团,滨江集团:第六届董事会第四十六次会议决议公告,董事会决议公告,2025-03-13,https://data.eastmoney.com/notices/detail/002244/AN202503121644302981.html
001872,招商港口,招商港口:关于控股子公司对外投资成立合资公司及出售资产暨关联交易的进展公告,其他,2025-03-13,https://data.eastmoney.com/notices/detail/001872/AN202503121644302982.html
688288,鸿泉技术,鸿泉物联:关于《杭州鸿泉物联网技术股份有限公司股票交易异常波动问询函》的回函,回复问询函公告,2025-03-13,https://data.eastmoney.com/notices/detail/688288/AN202503121644302973.html
603213,镇洋发展,镇洋发展:浙江镇洋发展股份有限公司2025年第一次临时股东会会议材料,股东大会资料,2025-03-13,https://data.eastmoney.com/notices/detail/603213/AN202503121644302848.html
002356,鹏飞绿能,赫美集团:关于预计委托理财额度的公告,委托（受托）事项,2025-03-13,https://data.eastmoney.com/notices/detail/002356/AN202503121644302832.html
002356,鹏飞绿能,赫美集团:第六届监事会第十二次(临时)会议决议的公告,监事会决议公告,2025-03-13,https://data.eastmoney.com/notices/detail/002356/AN202503121644302835.html
002356,鹏飞绿能,赫美集团:关于终止出售全资子公司股权的公告,收购出售资产/股权,2025-03-13,https://data.eastmoney.com/notices/detail/002356/AN202503121644302836.html
002356,鹏飞绿能,赫美集团:第六届董事会第二十四次(临时)会议决议的公告,董事会决议公告,2025-03-13,https://data.eastmoney.com/notices/detail/002356/AN202503121644302837.html
000506,招金黄金,*ST中润:关于公司股票可能被终止上市的风险提示公告,终止上市风险提示,2025-03-13,https://data.eastmoney.com/notices/detail/000506/AN202503121644302833.html
605222,起帆电缆,起帆电缆:起帆电缆关于对外担保的进展公告,提供/对外担保公告,2025-03-13,https://data.eastmoney.com/notices/detail/605222/AN202503121644302823.html
688698,伟创电气,伟创电气:关于自愿披露子公司通过高新技术企业认定的公告,获得认证,2025-03-13,https://data.eastmoney.com/notices/detail/688698/AN202503121644302805.html
688185,康希诺,康希诺:康希诺H股公告(董事會會議通告),其他,2025-03-13,https://data.eastmoney.com/notices/detail/688185/AN202503121644302761.html
601916,浙商银行,浙商银行:浙商银行股份有限公司关于首席信息官辞任的公告,高管人员任职变动,2025-03-13,https://data.eastmoney.com/notices/detail/601916/AN202503121644302644.html
003010,若羽臣,若羽臣:关于股票交易异常波动公告,股票交易异常波动,2025-03-13,https://data.eastmoney.com/notices/detail/003010/AN202503121644302651.html
000828,东莞控股,东莞控股:第八届监事会第二十八次会议决议公告,监事会决议公告,2025-03-13,https://data.eastmoney.com/notices/detail/000828/AN202503121644302653.html
000828,东莞控股,东莞控股:关于调整融通租赁公司关联交易项目方案的公告,关联交易,2025-03-13,https://data.eastmoney.com/notices/detail/000828/AN202503121644302655.html
000828,东莞控股,东莞控股:第八届董事会第三十九次会议决议公告,董事会决议公告,2025-03-13,https://data.eastmoney.com/notices/detail/000828/AN202503121644302647.html
000828,东莞控股,东莞控股:关于召开2025年第一次临时股东大会的通知,召开股东大会通知,2025-03-13,https://data.eastmoney.com/notices/detail/000828/AN202503121644302650.html
603833,欧派家居,欧派家居:欧派家居2025年第一次临时股东大会决议公告,股东大会决议公告,2025-03-13,https://data.eastmoney.com/notices/detail/603833/AN202503121644302632.html
605090,九丰能源,九丰能源:关于海南商业航天发射场特燃特气配套项目的实施进展公告(二),对外项目投资,2025-03-13,https://data.eastmoney.com/notices/detail/605090/AN202503121644302633.html
603833,欧派家居,欧派家居:广东信达律师事务所关于欧派家居集团股份有限公司2025年第一次临时股东大会的法律意见书,法律意见书,2025-03-13,https://data.eastmoney.com/notices/detail/603833/AN202503121644302634.html
603267,鸿远电子,鸿远电子:鸿远电子股票交易异常波动公告,股票交易异常波动,2025-03-13,https://data.eastmoney.com/notices/detail/603267/AN202503121644302626.html
603267,鸿远电子,鸿远电子:《关于北京元六鸿远电子科技股份有限公司股票交易异常波动的问询函》之回复,回复问询函公告,2025-03-13,https://data.eastmoney.com/notices/detail/603267/AN202503121644302627.html
603877,太平鸟,太平鸟:关于控股股东增持进展暨权益变动的提示性公告,权益变动报告书,2025-03-13,https://data.eastmoney.com/notices/detail/603877/AN202503121644302625.html
603877,太平鸟,太平鸟:简式权益变动报告书(太平鸟集团),权益变动报告书,2025-03-13,https://data.eastmoney.com/notices/detail/603877/AN202503121644302628.html
601298,青岛港,青岛港:北京市嘉源律师事务所关于青岛港国际股份有限公司发行股份及支付现金购买资产并募集配套资金暨关联交易事项之相关人员买卖股票情况的专项核查意见,保荐/核查意见,2025-03-13,https://data.eastmoney.com/notices/detail/601298/AN202503121644302426.html
688455,科捷智能,科捷智能:关于2024年第三期以集中竞价交易方式回购公司股份比例达到总股本3%的进展公告,回购进展情况,2025-03-13,https://data.eastmoney.com/notices/detail/688455/AN202503121644302593.html
002961,瑞达期货,瑞达期货:关于全资子公司为全资子公司向银行申请综合授信额度提供担保的进展公告,提供/对外担保公告,2025-03-13,https://data.eastmoney.com/notices/detail/002961/AN202503121644302565.html
002945,华林证券,华林证券:关于控股股东部分股份解除质押的公告,股份质押、冻结,2025-03-13,https://data.eastmoney.com/notices/detail/002945/AN202503121644302561.html
300657,弘信电子,弘信电子:北京国枫律师事务所关于厦门弘信电子科技集团股份有限公司2025年第一次临时股东大会的法律意见书,法律意见书,2025-03-13,https://data.eastmoney.com/notices/detail/300657/AN202503121644302568.html
000561,烽火电子,烽火电子:关于收到中国证券监督管理委员会《关于同意陕西烽火电子股份有限公司发行股份购买资产并募集配套资金注册的批复》的公告,增发获准公告,2025-03-13,https://data.eastmoney.com/notices/detail/000561/AN202503121644302564.html
300657,弘信电子,弘信电子:2025年第一次临时股东大会决议公告,股东大会决议公告,2025-03-13,https://data.eastmoney.com/notices/detail/300657/AN202503121644302566.html
601298,青岛港,青岛港:中信证券股份有限公司关于青岛港国际股份有限公司发行股份及支付现金购买资产并募集配套资金暨关联交易内幕信息知情人买卖股票情况自查报告的核查意见,保荐/核查意见,2025-03-13,https://data.eastmoney.com/notices/detail/601298/AN202503121644302424.html
601298,青岛港,青岛港:青岛港国际股份有限公司发行股份及支付现金购买资产并募集配套资金暨关联交易内幕信息知情人买卖股票情况自查报告,自查报告,2025-03-13,https://data.eastmoney.com/notices/detail/601298/AN202503121644302425.html
603206,嘉环科技,嘉环科技:股票交易异常波动公告,股票交易异常波动,2025-03-13,https://data.eastmoney.com/notices/detail/603206/AN202503121644302394.html
603206,嘉环科技,嘉环科技:关于嘉环科技股份有限公司股票交易异常波动的询证函的回函,股票交易异常波动,2025-03-13,https://data.eastmoney.com/notices/detail/603206/AN202503121644302393.html
603717,天域生物,天域生物:关于公司2024年度对外担保预计的进展补充公告,提供/对外担保公告,2025-03-13,https://data.eastmoney.com/notices/detail/603717/AN202503121644302368.html
600774,汉商集团,汉商集团:汉商集团关于提供担保进展情况的公告,提供/对外担保公告,2025-03-13,https://data.eastmoney.com/notices/detail/600774/AN202503121644302367.html
600657,信达地产,信达地产:信达地产关于公司对外投资暨关联交易公告,对外项目投资,2025-03-13,https://data.eastmoney.com/notices/detail/600657/AN202503121644302230.html
688066,*ST航图,航天宏图:2025年第二次临时股东大会会议资料,股东大会资料,2025-03-13,https://data.eastmoney.com/notices/detail/688066/AN202503121644302215.html
600938,中国海油,中国海油:中国海洋石油有限公司2025年第二次董事会决议公告,董事会决议公告,2025-03-13,https://data.eastmoney.com/notices/detail/600938/AN202503121644302171.html
000723,美锦能源,美锦能源:关于为控股子公司提供担保的进展公告,提供/对外担保公告,2025-03-13,https://data.eastmoney.com/notices/detail/000723/AN202503121644302163.html
601336,新华保险,新华保险:新华保险保费收入公告,月度经营情况,2025-03-13,https://data.eastmoney.com/notices/detail/601336/AN202503121644302015.html
603858,步长制药,步长制药:山东步长制药股份有限公司关于控股子公司获得药物临床试验批准通知书的公告,其他,2025-03-13,https://data.eastmoney.com/notices/detail/603858/AN202503121644302036.html
603858,步长制药,步长制药:山东步长制药股份有限公司关于控股子公司药品临床试验取得受理通知书的公告,其他,2025-03-13,https://data.eastmoney.com/notices/detail/603858/AN202503121644302037.html
603787,新日股份,新日股份:关于控股股东部分股份解除质押的公告,股份质押、冻结,2025-03-13,https://data.eastmoney.com/notices/detail/603787/AN202503121644301990.html
600058,五矿发展,五矿发展:五矿发展股份有限公司2023年面向专业投资者公开发行可续期公司债券(第一期)2025年本息兑付及摘牌公告,其他,2025-03-13,https://data.eastmoney.com/notices/detail/600058/AN202503121644301989.html
002179,中航光电,中航光电:关于回购注销限制性股票完成的公告,股本变动,2025-03-13,https://data.eastmoney.com/notices/detail/002179/AN202503121644301988.html
688679,通源环境,通源环境:关于自愿披露联合体项目中标的公告,重大合同,2025-03-13,https://data.eastmoney.com/notices/detail/688679/AN202503121644301977.html
605366,宏柏新材,宏柏新材:江西宏柏新材料股份有限公司关于股东大会开设网络投票提示服务的公告,其他,2025-03-13,https://data.eastmoney.com/notices/detail/605366/AN202503121644301755.html
600269,赣粤高速,赣粤高速:赣粤高速2025年2月份车辆通行服务收入数据公告,月度经营情况,2025-03-13,https://data.eastmoney.com/notices/detail/600269/AN202503121644301756.html
688179,阿拉丁,阿拉丁:阿拉丁关于获得高新技术企业证书的公告,获得认证,2025-03-13,https://data.eastmoney.com/notices/detail/688179/AN202503121644301753.html
300320,海达股份,海达股份:关于获得专利证书的公告,获得认证,2025-03-13,https://data.eastmoney.com/notices/detail/300320/AN202503121644301754.html
600926,杭州银行,杭州银行:杭州银行关于独立董事辞职的公告,高管人员任职变动,2025-03-13,https://data.eastmoney.com/notices/detail/600926/AN202503121644301751.html
603538,美诺华,美诺华:宁波美诺华药业股份有限公司关于“美诺转债”可选择回售的第六次提示性公告,其他,2025-03-13,https://data.eastmoney.com/notices/detail/603538/AN202503121644301750.html
300919,中伟新材,中伟股份:关于回购股份比例达到1%暨回购进展情况的公告,回购进展情况,2025-03-13,https://data.eastmoney.com/notices/detail/300919/AN202503121644301736.html
300320,海达股份,海达股份:关于取得商标保护通知的公告,其他,2025-03-13,https://data.eastmoney.com/notices/detail/300320/AN202503121644301734.html
300320,海达股份,海达股份:关于获得高新技术企业证书的公告,获得认证,2025-03-13,https://data.eastmoney.com/notices/detail/300320/AN202503121644301735.html
000890,法尔胜,法尔胜:关于公司债权转让暨关联交易的公告,关联交易,2025-03-13,https://data.eastmoney.com/notices/detail/000890/AN202503121644301733.html
000890,法尔胜,法尔胜:第十一届董事会第十七次会议决议公告,董事会决议公告,2025-03-13,https://data.eastmoney.com/notices/detail/000890/AN202503121644301732.html
603960,克来机电,克来机电:克来机电关于通过高新技术企业重新认定的公告,获得认证,2025-03-13,https://data.eastmoney.com/notices/detail/603960/AN202503121644301721.html
600176,中国巨石,中国巨石:中国巨石关于举办2024年度网上业绩说明会的公告,其他,2025-03-13,https://data.eastmoney.com/notices/detail/600176/AN202503121644301700.html
600038,中直股份,中直股份:中航直升机股份有限公司关于股东权益变动完成过户登记的公告,权益变动报告书,2025-03-13,https://data.eastmoney.com/notices/detail/600038/AN202503121644301699.html
605287,德才股份,德才股份:德才股份持股5%以上股东集中竞价减持股份结果公告,股东/实际控制人股份减持,2025-03-13,https://data.eastmoney.com/notices/detail/605287/AN202503121644301698.html
603312,西典新能,西典新能:国浩律师(苏州)事务所关于苏州西典新能源电气股份有限公司2025年第一次临时股东大会之法律意见书,法律意见书,2025-03-13,https://data.eastmoney.com/notices/detail/603312/AN202503121644301697.html
603312,西典新能,西典新能:2025年第一次临时股东大会决议公告,股东大会决议公告,2025-03-13,https://data.eastmoney.com/notices/detail/603312/AN202503121644301696.html
688686,奥普特,奥普特:关于股份回购实施结果暨股份变动的公告,股本变动,2025-03-13,https://data.eastmoney.com/notices/detail/688686/AN202503121644301685.html
688489,三未信安,三未信安:2025年第二次临时股东大会会议资料,股东大会资料,2025-03-13,https://data.eastmoney.com/notices/detail/688489/AN202503121644301684.html
000063,中兴通讯,中兴通讯:关于按照《香港上市规则》公布关于召开2024年度股东大会的补充通告及经修订的表决代理委托书的公告,其他,2025-03-13,https://data.eastmoney.com/notices/detail/000063/AN202503121644301680.html
688716,中研股份,中研股份:吉林省中研高分子材料股份有限公司首次公开发行限售股上市流通公告,限售股份上市流通,2025-03-13,https://data.eastmoney.com/notices/detail/688716/AN202503121644301662.html
688716,中研股份,中研股份:海通证券股份有限公司关于吉林省中研高分子材料股份有限公司首次公开发行限售股上市流通的核查意见,保荐/核查意见,2025-03-13,https://data.eastmoney.com/notices/detail/688716/AN202503121644301661.html
002331,皖通科技,皖通科技:监事会关于公司2025年限制性股票激励计划首次授予激励对象名单(截至授予日)的核查意见,专项说明/独立意见,2025-03-13,https://data.eastmoney.com/notices/detail/002331/AN202503121644301672.html
002331,皖通科技,皖通科技:第六届监事会第十八次会议决议公告,监事会决议公告,2025-03-13,https://data.eastmoney.com/notices/detail/002331/AN202503121644301677.html
002331,皖通科技,皖通科技:北京市天元律师事务所关于公司2025年限制性股票激励计划调整及首次授予事项的法律意见,股权激励进展公告,2025-03-13,https://data.eastmoney.com/notices/detail/002331/AN202503121644301675.html
002331,皖通科技,皖通科技:关于调整2025年限制性股票激励计划相关事项的公告,股权激励其他事项公告,2025-03-13,https://data.eastmoney.com/notices/detail/002331/AN202503121644301681.html
002331,皖通科技,皖通科技:2025年限制性股票激励计划首次授予激励对象名单(截至授予日),股权激励对象名单,2025-03-13,https://data.eastmoney.com/notices/detail/002331/AN202503121644301671.html
002331,皖通科技,皖通科技:深圳价值在线咨询顾问有限公司关于安徽皖通科技股份有限公司2025年限制性股票激励计划调整及首次授予相关事项之独立财务顾问报告,保荐/核查意见,2025-03-13,https://data.eastmoney.com/notices/detail/002331/AN202503121644301667.html
002331,皖通科技,皖通科技:第六届董事会第三十一次会议决议公告,董事会决议公告,2025-03-13,https://data.eastmoney.com/notices/detail/002331/AN202503121644301670.html
002331,皖通科技,皖通科技:关于向2025年限制性股票激励计划激励对象首次授予限制性股票的公告,股权激励进展公告,2025-03-13,https://data.eastmoney.com/notices/detail/002331/AN202503121644301669.html
600941,中国移动,中国移动:关于召开2024年度业绩说明会的公告,其他,2025-03-13,https://data.eastmoney.com/notices/detail/600941/AN202503121644301432.html
603330,天洋新材,天洋新材:中信证券股份有限公司关于天洋新材(上海)科技股份有限公司使用闲置募集资金暂时补充流动资金的核查意见,保荐/核查意见,2025-03-13,https://data.eastmoney.com/notices/detail/603330/AN202503121644301451.html
603330,天洋新材,天洋新材:第四届监事会第二十三次会议决议公告,监事会决议公告,2025-03-13,https://data.eastmoney.com/notices/detail/603330/AN202503121644301448.html
603330,天洋新材,天洋新材:监事会关于第四届监事会第二十三次会议有关事项的意见,专项说明/独立意见,2025-03-13,https://data.eastmoney.com/notices/detail/603330/AN202503121644301449.html
603330,天洋新材,天洋新材:关于使用部分闲置募集资金暂时补充流动资金的公告,募集资金补充流动资金,2025-03-13,https://data.eastmoney.com/notices/detail/603330/AN202503121644301450.html
301272,英华特,英华特:苏州英华特涡旋技术股份有限公司关于子公司拟租赁厂房的公告,其他,2025-03-13,https://data.eastmoney.com/notices/detail/301272/AN202503121644301437.html
301272,英华特,英华特:苏州英华特涡旋技术股份有限公司第二届董事会第十五次会议决议公告,董事会决议公告,2025-03-13,https://data.eastmoney.com/notices/detail/301272/AN202503121644301438.html
600889,*ST京化,南京化纤:公司2025年第一次临时股东大会资料,股东大会资料,2025-03-13,https://data.eastmoney.com/notices/detail/600889/AN202503121644301430.html
603585,苏利股份,苏利股份:苏利股份关于使用部分闲置募集资金进行现金管理的进展公告,募集资金使用进展情况,2025-03-13,https://data.eastmoney.com/notices/detail/603585/AN202503121644301427.html
605333,沪光股份,沪光股份:关于解除部分为控股子公司担保的公告,提供/对外担保公告,2025-03-13,https://data.eastmoney.com/notices/detail/605333/AN202503121644301422.html
301272,英华特,英华特:苏州英华特涡旋技术股份有限公司第二届监事会第十五次会议决议公告,监事会决议公告,2025-03-13,https://data.eastmoney.com/notices/detail/301272/AN202503121644301416.html
002864,盘龙药业,盘龙药业:关于股份回购实施结果暨股份变动的公告,股本变动,2025-03-13,https://data.eastmoney.com/notices/detail/002864/AN202503121644301417.html
002039,黔源电力,黔源电力:关于控股子公司完成工商变更登记的公告,公司关联方基本资料变更,2025-03-13,https://data.eastmoney.com/notices/detail/002039/AN202503121644301419.html
688184,ST帕瓦,帕瓦股份:浙江帕瓦新能源股份有限公司关于召开2025年第二次临时股东大会的通知,召开股东大会通知,2025-03-13,https://data.eastmoney.com/notices/detail/688184/AN202503121644301403.html
688184,ST帕瓦,帕瓦股份:浙江帕瓦新能源股份有限公司第三届监事会第十八次会议决议的公告,监事会决议公告,2025-03-13,https://data.eastmoney.com/notices/detail/688184/AN202503121644301404.html
688184,ST帕瓦,帕瓦股份:浙江帕瓦新能源股份有限公司关于拟变更会计师事务所的公告,审计机构变更,2025-03-13,https://data.eastmoney.com/notices/detail/688184/AN202503121644301405.html
601377,兴业证券,兴业证券:兴业证券2024年度第一期短期融资券兑付完成公告,其他,2025-03-13,https://data.eastmoney.com/notices/detail/601377/AN202503121644301378.html
603036,如通股份,如通股份:如通股份董监高集中竞价减持股份结果公告,股东/实际控制人股份减持,2025-03-13,https://data.eastmoney.com/notices/detail/603036/AN202503121644301360.html
603617,君禾股份,君禾股份:君禾股份关于获得政府补助的公告,获得补贴（资助）,2025-03-13,https://data.eastmoney.com/notices/detail/603617/AN202503121644301359.html
002197,证通电子,ST证通:股票交易异常波动公告,股票交易异常波动,2025-03-13,https://data.eastmoney.com/notices/detail/002197/AN202503121644301221.html
603069,海汽集团,海汽集团:海汽集团关于全资子公司提起诉讼的公告,其他,2025-03-13,https://data.eastmoney.com/notices/detail/603069/AN202503121644301188.html
601618,中国中冶,中国中冶:中国中冶关于独立非执行董事辞职的公告,高管人员任职变动,2025-03-13,https://data.eastmoney.com/notices/detail/601618/AN202503121644301190.html
601618,中国中冶,中国中冶:中国中冶第三届董事会第六十九次会议决议公告,高管人员任职变动,2025-03-13,https://data.eastmoney.com/notices/detail/601618/AN202503121644301191.html
601618,中国中冶,中国中冶:中国中冶关于指定执行董事、副总裁代行财务负责人职责的公告,高管人员任职变动,2025-03-13,https://data.eastmoney.com/notices/detail/601618/AN202503121644301189.html
600793,宜宾纸业,宜宾纸业:关于监事会主席辞任的公告,高管人员任职变动,2025-03-13,https://data.eastmoney.com/notices/detail/600793/AN202503121644301175.html
601880,辽港股份,辽港股份:辽宁港口股份有限公司董事會會議通告,其他,2025-03-13,https://data.eastmoney.com/notices/detail/601880/AN202503121644301041.html
603190,亚通精工,亚通精工:关于使用暂时闲置募集资金进行现金管理的进展公告,募集资金使用进展情况,2025-03-13,https://data.eastmoney.com/notices/detail/603190/AN202503121644301049.html
002383,合众思壮,合众思壮:关于为全资子公司提供担保的进展公告,提供/对外担保公告,2025-03-13,https://data.eastmoney.com/notices/detail/002383/AN202503121644301047.html
001277,速达股份,速达股份:第四届董事会第七次会议决议公告,高管人员任职变动,2025-03-13,https://data.eastmoney.com/notices/detail/001277/AN202503121644301046.html
300040,九洲集团,九洲集团:第八届监事会第二十二次会议决议公告,监事会决议公告,2025-03-13,https://data.eastmoney.com/notices/detail/300040/AN202503121644300996.html
300040,九洲集团,九洲集团:关于增资全资子公司哈尔滨九洲能源投资有限责任公司的公告,增资扩股,2025-03-13,https://data.eastmoney.com/notices/detail/300040/AN202503121644301001.html
300040,九洲集团,九洲集团:关于为子公司申请综合授信提供担保的公告,提供/对外担保公告,2025-03-13,https://data.eastmoney.com/notices/detail/300040/AN202503121644300994.html
300040,九洲集团,九洲集团:关于召开2025年第二次临时股东大会的通知,召开股东大会通知,2025-03-13,https://data.eastmoney.com/notices/detail/300040/AN202503121644301002.html
002842,翔鹭钨业,翔鹭钨业:关于翔鹭转债可能满足赎回条件的提示性公告,其他,2025-03-13,https://data.eastmoney.com/notices/detail/002842/AN202503121644300999.html
002541,鸿路钢构,鸿路钢构:关于更换持续督导保荐代表人的公告,保荐代表人（机构）变更,2025-03-13,https://data.eastmoney.com/notices/detail/002541/AN202503121644300997.html
002539,云图控股,云图控股:关于监事会换届选举的提示性公告,高管人员任职变动,2025-03-13,https://data.eastmoney.com/notices/detail/002539/AN202503121644300987.html
002539,云图控股,云图控股:关于董事会换届选举的提示性公告,高管人员任职变动,2025-03-13,https://data.eastmoney.com/notices/detail/002539/AN202503121644301003.html
002250,联化科技,联化科技:关于首次回购公司股份的公告,回购实施公告,2025-03-13,https://data.eastmoney.com/notices/detail/002250/AN202503121644300995.html
001277,速达股份,速达股份:关于聘任公司高级管理人员的公告,高管人员任职变动,2025-03-13,https://data.eastmoney.com/notices/detail/001277/AN202503121644301000.html
603160,汇顶科技,汇顶科技:关于2020年第一期员工持股计划存续期届满的提示性公告,员工持股计划,2025-03-13,https://data.eastmoney.com/notices/detail/603160/AN202503121644300979.html
300767,震安科技,震安科技:震安科技股份有限公司关于收到中国证券监督管理委员会云南监管局行政监管措施决定书的公告,其他,2025-03-13,https://data.eastmoney.com/notices/detail/300767/AN202503121644300887.html
300040,九洲集团,九洲集团:第八届董事会第二十二次会议决议公告,董事会决议公告,2025-03-13,https://data.eastmoney.com/notices/detail/300040/AN202503121644300884.html
002843,泰嘉股份,泰嘉股份:关于控股股东部分股份解除融资融券业务的公告,其他,2025-03-13,https://data.eastmoney.com/notices/detail/002843/AN202503121644300888.html
002337,赛象科技,赛象科技:天津嘉德恒时律师事务所关于天津赛象科技股份有限公司2025员工持股计划的法律意见书,法律意见书,2025-03-13,https://data.eastmoney.com/notices/detail/002337/AN202503121644300886.html
002106,莱宝高科,莱宝高科:关于莱宝科技(泰国)有限公司完成注册登记的公告,投资设立公司,2025-03-13,https://data.eastmoney.com/notices/detail/002106/AN202503121644300889.html
002102,ST能特,能特科技:关于回购公司股份比例达到2%暨回购进展情况的公告,回购进展情况,2025-03-13,https://data.eastmoney.com/notices/detail/002102/AN202503121644300891.html
001229,魅视科技,魅视科技:关于香港全资孙公司完成工商注册登记的公告,公司关联方基本资料变更,2025-03-13,https://data.eastmoney.com/notices/detail/001229/AN202503121644300892.html
001207,联科科技,联科科技:中泰证券股份有限公司关于山东联科科技股份有限公司以简易程序向特定对象发行股票持续督导保荐总结报告书,保荐/核查意见,2025-03-13,https://data.eastmoney.com/notices/detail/001207/AN202503121644300885.html
603168,莎普爱思,莎普爱思:莎普爱思关于股东集中竞价减持股份结果公告,股东/实际控制人股份减持,2025-03-13,https://data.eastmoney.com/notices/detail/603168/AN202503121644300556.html
002378,章源钨业,章源钨业:关于控股股东部分股份解除质押的公告,股份质押、冻结,2025-03-13,https://data.eastmoney.com/notices/detail/002378/AN202503121644300538.html
002335,科华数据,科华数据:关于科数转债赎回实施的第五次提示性公告,其他,2025-03-13,https://data.eastmoney.com/notices/detail/002335/AN202503121644300537.html
001207,联科科技,联科科技:中泰证券股份有限公司关于山东联科科技股份有限公司2024年度保荐工作报告,保荐/核查意见,2025-03-13,https://data.eastmoney.com/notices/detail/001207/AN202503121644300540.html
000430,张家界,张家界:关于法院裁定批准全资子公司延期提交重整计划草案的公告,其他,2025-03-13,https://data.eastmoney.com/notices/detail/000430/AN202503121644300539.html
603360,百傲化学,百傲化学:大连百傲化学股份有限公司关于持股5%以上股东股份质押的公告,股份质押、冻结,2025-03-13,https://data.eastmoney.com/notices/detail/603360/AN202503121644300523.html
002694,*ST顾地,顾地科技:关于公司涉及诉讼事项的进展公告,诉讼仲裁,2025-03-13,https://data.eastmoney.com/notices/detail/002694/AN202503121644300512.html
300201,海伦哲,海伦哲:关于为全资子公司提供担保的进展公告,提供/对外担保公告,2025-03-13,https://data.eastmoney.com/notices/detail/300201/AN202503121644300502.html
300011,鼎汉技术,鼎汉技术:关于为下属全资公司提供担保的进展公告,提供/对外担保公告,2025-03-13,https://data.eastmoney.com/notices/detail/300011/AN202503121644300501.html
600100,同方股份,同方股份:同方股份有限公司关于控股股东国有股份无偿划转完成过户登记的公告,股权转让,2025-03-13,https://data.eastmoney.com/notices/detail/600100/AN202503121644300457.html
002878,元隆雅图,元隆雅图:关于2023-2025年员工持股计划之第二期员工持股计划的进展公告,员工持股计划,2025-03-13,https://data.eastmoney.com/notices/detail/002878/AN202503121644300267.html
002183,怡亚通,怡亚通:关于归还募集资金的公告,归还募集资金,2025-03-13,https://data.eastmoney.com/notices/detail/002183/AN202503121644300268.html
002695,煌上煌,煌上煌:关于召开2025年第一次临时股东大会的提示性公告,召开股东大会提示性公告,2025-03-13,https://data.eastmoney.com/notices/detail/002695/AN202503121644300035.html
600219,南山铝业,南山铝业:山东南山铝业股份有限公司关于收到参股公司南山集团财务有限公司分红款的公告,其他,2025-03-13,https://data.eastmoney.com/notices/detail/600219/AN202503121644300026.html
002750,龙津退,*ST龙津:关于公司股票可能被终止上市的风险提示公告,终止上市风险提示,2025-03-13,https://data.eastmoney.com/notices/detail/002750/AN202503121644300019.html
688069,德林海,德林海:德林海关于高级管理人员变更的公告,高管人员任职变动,2025-03-13,https://data.eastmoney.com/notices/detail/688069/AN202503121644300012.html
600375,汉马科技,*ST汉马:汉马科技集团股份有限公司关于公司2024年年报编制及最新审计进展的公告,其他,2025-03-13,https://data.eastmoney.com/notices/detail/600375/AN202503121644300010.html
603027,千禾味业,千禾味业:千禾味业食品股份有限公司关于使用闲置自有资金购买国债逆回购的公告,投资理财,2025-03-13,https://data.eastmoney.com/notices/detail/603027/AN202503121644300011.html
603558,健盛集团,健盛集团:2025年第一次临时股东大会会议材料,股东大会资料,2025-03-13,https://data.eastmoney.com/notices/detail/603558/AN202503121644300006.html
603059,倍加洁,倍加洁:关于股东权益变动触及1%的提示性公告,权益变动报告书,2025-03-13,https://data.eastmoney.com/notices/detail/603059/AN202503121644299301.html
603329,上海雅仕,上海雅仕:关于职工代表监事辞职及补选职工代表监事的公告,高管人员任职变动,2025-03-13,https://data.eastmoney.com/notices/detail/603329/AN202503121644299297.html
600616,金枫酒业,金枫酒业:金枫酒业关于变更签字注册会计师的公告,公司关联方基本资料变更,2025-03-13,https://data.eastmoney.com/notices/detail/600616/AN202503121644299281.html
003038,鑫铂股份,鑫铂股份:关于公司为子公司向银行申请授信额度提供最高额担保的公告,提供/对外担保公告,2025-03-13,https://data.eastmoney.com/notices/detail/003038/AN202503121644299280.html
002291,遥望科技,遥望科技:关于为控股孙公司提供担保的进展公告,提供/对外担保公告,2025-03-13,https://data.eastmoney.com/notices/detail/002291/AN202503121644299278.html
002291,遥望科技,遥望科技:关于公司为控股子公司提供担保的进展公告,提供/对外担保公告,2025-03-13,https://data.eastmoney.com/notices/detail/002291/AN202503121644299277.html
000422,湖北宜化,湖北宜化:关于重大资产购买暨关联交易的进展公告,关联交易,2025-03-13,https://data.eastmoney.com/notices/detail/000422/AN202503121644299279.html
600529,山东药玻,山东药玻:山东省药用玻璃股份有限公司关于使用部分闲置募集资金购买理财产品到期赎回并继续购买理财产品的进展公告,募集资金使用进展情况,2025-03-13,https://data.eastmoney.com/notices/detail/600529/AN202503121644299274.html
603458,勘设股份,勘设股份:勘设股份关于为全资子公司贵州宏信创达工程检测咨询有限公司提供担保的公告,提供/对外担保公告,2025-03-13,https://data.eastmoney.com/notices/detail/603458/AN202503121644299271.html
688292,浩瀚深度,浩瀚深度:北京浩瀚深度信息技术股份有限公司向不特定对象发行可转换公司债券发行提示性公告,其他,2025-03-13,https://data.eastmoney.com/notices/detail/688292/AN202503121644299272.html
001366,播恩集团,播恩集团:关于归还暂时用于补充流动资金的闲置募集资金的公告,归还募集资金,2025-03-13,https://data.eastmoney.com/notices/detail/001366/AN202503121644299257.html
603936,博敏电子,博敏电子:博敏电子关于全资子公司获得高新技术企业认定的公告,其他,2025-03-13,https://data.eastmoney.com/notices/detail/603936/AN202503121644298951.html
600820,隧道股份,隧道股份:上海隧道工程股份有限公司关于年审会计师事务所签字注册会计师变更公告,公司关联方基本资料变更,2025-03-13,https://data.eastmoney.com/notices/detail/600820/AN202503121644298923.html
603668,天马科技,天马科技:天马科技关于公司对外担保的进展公告,提供/对外担保公告,2025-03-13,https://data.eastmoney.com/notices/detail/603668/AN202503121644298913.html
603818,曲美家居,曲美家居:关于股东补充质押及质押延期的公告,股份质押、冻结,2025-03-13,https://data.eastmoney.com/notices/detail/603818/AN202503121644298912.html
603103,横店影视,横店影视:横店影视股份有限公司关于召开2024年度业绩说明会的公告,其他,2025-03-13,https://data.eastmoney.com/notices/detail/603103/AN202503121644298906.html
600488,津药药业,津药药业:津药药业股份有限公司通过美国FDA关于cGMP现场检查的公告,保荐/核查意见,2025-03-13,https://data.eastmoney.com/notices/detail/600488/AN202503121644298905.html
600278,东方创业,东方创业:东方创业2025年第一次临时股东会材料,股东大会资料,2025-03-13,https://data.eastmoney.com/notices/detail/600278/AN202503121644298893.html
300351,永贵电器,永贵电器:向不特定对象发行可转换公司债券发行提示性公告,其他,2025-03-13,https://data.eastmoney.com/notices/detail/300351/AN202503121644298883.html
002895,川恒股份,川恒股份:回购股份事项股东大会股权登记日前十名股东持股情况公告,回购进展情况,2025-03-13,https://data.eastmoney.com/notices/detail/002895/AN202503121644298881.html
002863,今飞凯达,今飞凯达:关于申请增加综合授信额度的公告,借贷,2025-03-13,https://data.eastmoney.com/notices/detail/002863/AN202503121644298882.html
002863,今飞凯达,今飞凯达:第五届董事会第二十次会议决议的公告,董事会决议公告,2025-03-13,https://data.eastmoney.com/notices/detail/002863/AN202503121644298889.html
002165,红宝丽,红宝丽:关于使用部分闲置募集资金进行现金管理的赎回公告,投资理财,2025-03-13,https://data.eastmoney.com/notices/detail/002165/AN202503121644298888.html
002031,巨轮智能,巨轮智能:关于控股股东股份质押的公告,股份质押、冻结,2025-03-13,https://data.eastmoney.com/notices/detail/002031/AN202503121644298880.html
001219,青岛食品,青岛食品:关于使用部分闲置募集资金进行现金管理的进展公告,募集资金使用进展情况,2025-03-13,https://data.eastmoney.com/notices/detail/001219/AN202503121644298879.html
000990,诚志股份,诚志股份:关于为控股子公司提供担保的进展公告,提供/对外担保公告,2025-03-13,https://data.eastmoney.com/notices/detail/000990/AN202503121644298884.html
601689,拓普集团,拓普集团:拓普集团关于实施“拓普转债”赎回暨摘牌的最后一次提示性公告,其他,2025-03-13,https://data.eastmoney.com/notices/detail/601689/AN202503121644298209.html
600583,海油工程,海油工程:海油工程关于召开2024年度业绩说明会公告,其他,2025-03-13,https://data.eastmoney.com/notices/detail/600583/AN202503121644298208.html
603768,常青股份,常青股份:常青股份关于投资设立全资子公司的公告,投资设立公司,2025-03-13,https://data.eastmoney.com/notices/detail/603768/AN202503121644298180.html
600037,歌华有线,歌华有线:歌华有线2024年度业绩快报公告,业绩快报,2025-03-13,https://data.eastmoney.com/notices/detail/600037/AN202503121644298170.html
600322,津投城开,津投城开:津投城开2025年第三次临时股东大会会议资料,股东大会资料,2025-03-13,https://data.eastmoney.com/notices/detail/600322/AN202503121644298171.html
600885,宏发股份,宏发股份:关于控股股东部分股份解质的公告,其他,2025-03-13,https://data.eastmoney.com/notices/detail/600885/AN202503121644298172.html
